name,st,min,near,use,year,floors,area,src,addr
THE TOWERS DAIBA,お台場海浜公園,5,お台場海浜公園:5,分譲,,,,とどまるマンション,港区台場2丁目
GENOVIAお花茶屋IIskygarden,お花茶屋,4,お花茶屋:4|堀切菖蒲園:11,分譲,2023,7,5884,建築物環境計画書,葛飾区宝町2丁目5番25
ALTERNA お花茶屋(オルタナ オハナジャヤ),お花茶屋,9,お花茶屋:9|堀切菖蒲園:13|四ツ木:14|京成立石:14,分譲,2023,5,3854,建築物環境計画書,葛飾区宝町1丁目24番1号
アーバンパークお花茶屋,お花茶屋,9,お花茶屋:9|堀切菖蒲園:13|四ツ木:14|京成立石:14,分譲,2024,14,3455,建築物環境計画書,葛飾区宝町1丁目1番7号
エクセレントシティお花茶屋レジデンス,お花茶屋,9,お花茶屋:9,分譲,2023,6,3821,建築物環境計画書,葛飾区白鳥三丁目26番9(住居表示)
テラス押上,とうきょうスカイツリー,4,とうきょうスカイツリー:4|本所吾妻橋:6|浅草:14,賃貸,2023,10,3733,建築物環境計画書,墨田区業平一丁目13番3
ミリアレジデンス押上,とうきょうスカイツリー,4,とうきょうスカイツリー:4|本所吾妻橋:9|曳舟:11|浅草:13|京成曳舟:14,賃貸,,,,とどまるマンション,墨田区向島3丁目
SEASON FLATS 押上 Terrace,とうきょうスカイツリー,6,とうきょうスカイツリー:6|本所吾妻橋:12|小村井:15,賃貸,2023,7,2150,建築物環境計画書,墨田区業平4丁目11番7号
グランハイツ錦糸町,とうきょうスカイツリー,10,とうきょうスカイツリー:10|錦糸町:11|本所吾妻橋:12,賃貸,,,,とどまるマンション,墨田区横川3丁目
藤和シティコープ錦糸町II,とうきょうスカイツリー,11,とうきょうスカイツリー:11|錦糸町:12|小村井:14|亀戸:14,分譲,,,,とどまるマンション,墨田区横川5丁目
GENOVIA板橋東山町skygarden,ときわ台,7,ときわ台:7|中板橋:9,賃貸,2021,4,2016,建築物環境計画書,板橋区東山町7番9
秀和めじろ台レジデンス,めじろ台,10,めじろ台:10,分譲,,,,とどまるマンション,八王子市椚田町
アルファグランデ一之江七番街,一之江,4,一之江:4,分譲,2026,14,3409,建築物環境計画書,江戸川区一之江七丁目189番4
コスモフェスタ一之江,一之江,6,一之江:6,分譲,,,,とどまるマンション,江戸川区一之江4丁目
アルファグランデ一之江弐番街,一之江,8,一之江:8|船堀:14,分譲,,,,とどまるマンション,江戸川区一之江6丁目
ザ・パークハウス 一之江,一之江,8,一之江:8|船堀:14,分譲,,,,とどまるマンション,江戸川区一之江6丁目
バウス一之江,一之江,10,一之江:10|瑞江:11,分譲,2025,5,7224,建築物環境計画書,江戸川区春江町3丁目22-35
リーデンススクエア瑞江,一之江,10,一之江:10|瑞江:11,分譲,,,,とどまるマンション,江戸川区春江町3丁目
ガーラ・レジデンス船堀ブライト,一之江,12,一之江:12|船堀:14,分譲,2026,13,2845,建築物環境計画書,江戸川区松江七丁目11-11
一橋学園サニーコート,一橋学園,7,一橋学園:7,分譲,,,,とどまるマンション,小平市学園東町2丁目
ネクステージ一橋学園,一橋学園,9,一橋学園:9,分譲,,,,とどまるマンション,小平市上水本町4丁目
ハイラーク一橋学園,一橋学園,12,一橋学園:12,分譲,,,,とどまるマンション,小平市喜平町1丁目
コスモグラシア三ノ輪,三ノ輪,4,三ノ輪:4|入谷:10|南千住:14,賃貸,2022,14,2586,建築物環境計画書,台東区竜泉二丁目367番6
ORSUS三ノ輪(オルサス三ノ輪),三ノ輪,6,三ノ輪:6|入谷:11|南千住:13,賃貸,2024,10,2949,建築物環境計画書,台東区竜泉3丁目31-11
ライオンズ南千住グランプレイス,三ノ輪,6,三ノ輪:6|南千住:9|千住大橋:14,分譲,2024,14,14652,建築物環境計画書,荒川区南千住1丁目85番1(地番)
TK花梨ビル,三ノ輪,7,三ノ輪:7|南千住:8,賃貸,,,,とどまるマンション,台東区日本堤2丁目
エクラ南千住,三ノ輪,7,三ノ輪:7|南千住:8,分譲,2022,14,2320,建築物環境計画書,"台東区日本堤二丁目110番1,4"
メインステージ三ノ輪III,三ノ輪,7,三ノ輪:7|南千住:8,分譲,2022,12,2057,建築物環境計画書,台東区日本堤2丁目12番13他
レーベンシティオ上野入谷タワーフォルム,三ノ輪,7,三ノ輪:7|入谷:8|鶯谷:12,分譲,,,,とどまるマンション,台東区下谷三丁目
ケルン浅草,三ノ輪,9,三ノ輪:9|入谷:13|南千住:13,分譲,,,,とどまるマンション,台東区千束4丁目
東京アルバタワー,三ノ輪,9,三ノ輪:9|三河島:11|町屋:13|南千住:14|新三河島:15,分譲,,,,とどまるマンション,荒川区荒川1丁目
プレサンスレイズ東京三ノ輪,三ノ輪,10,三ノ輪:10|南千住:10,分譲,2024,11,2360,建築物環境計画書,台東区日本堤一丁目222番1
プラウドフラット日暮里,三河島,3,三河島:3|日暮里:7|新三河島:9|西日暮里:11|鶯谷:13,賃貸,2022,14,2354,建築物環境計画書,荒川区東日暮里六丁目6番6号
モリス日暮里駅前,三河島,3,三河島:3|日暮里:7|新三河島:9|西日暮里:11|鶯谷:13,分譲,,,,とどまるマンション,荒川区東日暮里6丁目
星和日暮里ハイツ,三河島,3,三河島:3|日暮里:7|新三河島:9|西日暮里:11|鶯谷:13,分譲,,,,とどまるマンション,荒川区東日暮里6丁目
Brillia三河島 Station Front,三河島,4,三河島:4|新三河島:9|町屋:11|三ノ輪:13|日暮里:14,分譲,2024,15,4110,建築物環境計画書,荒川区荒川三丁目62-3
アルファグランデ日暮里,三河島,6,三河島:6|三ノ輪:11|日暮里:12|新三河島:12|鶯谷:13,分譲,2024,12,3341,建築物環境計画書,"荒川区東日暮里三丁目243-1,2"
Brillia日本橋三越前,三越前,4,三越前:4|新日本橋:5|人形町:6|小伝馬町:7|茅場町:8,,,,,中央区防災認定,中央区日本橋本町3-10-7
BLESS 三軒茶屋 EAST(ブレス三軒茶屋イースト),三軒茶屋,2,三軒茶屋:2|若林:10|松陰神社前:15,賃貸,2024,16,7255,建築物環境計画書,世田谷区 太子堂 4丁目 3番 16号
BLESS 三軒茶屋 WEST(ブレス三軒茶屋ウエスト),三軒茶屋,2,三軒茶屋:2|若林:10|松陰神社前:15,賃貸,2024,12,2512,建築物環境計画書,世田谷区 太子堂 4丁目 3番 10号
グランドメゾン三軒茶屋の杜,三軒茶屋,5,三軒茶屋:5|若林:9|松陰神社前:12|駒沢大学:13,分譲,,,,とどまるマンション,世田谷区三軒茶屋2丁目
プライムアーバン三軒茶屋,三軒茶屋,5,三軒茶屋:5|若林:9|松陰神社前:12|駒沢大学:13,賃貸,,,,とどまるマンション,世田谷区三軒茶屋2丁目
レグノ・スイート三軒茶屋,三軒茶屋,5,三軒茶屋:5|若林:9|松陰神社前:12|駒沢大学:13,分譲,,,,とどまるマンション,世田谷区三軒茶屋2丁目
グランドヒルズ三軒茶屋ヒルトップガーデン,三軒茶屋,8,三軒茶屋:8|若林:12,分譲,,,,とどまるマンション,世田谷区太子堂3丁目
プラウドフラット三軒茶屋,三軒茶屋,8,三軒茶屋:8|池尻大橋:14,賃貸,,,,とどまるマンション,世田谷区太子堂1丁目
プラウドフラット三軒茶屋II,三軒茶屋,8,三軒茶屋:8|池尻大橋:14,賃貸,,,,とどまるマンション,世田谷区太子堂一丁目
三軒茶屋GRAND,三軒茶屋,8,三軒茶屋:8|池尻大橋:14,賃貸,2023,8,2444,建築物環境計画書,世田谷区太子堂1丁目12番23号
RETERRACE SANGENJAYA NORTH,三軒茶屋,9,三軒茶屋:9|池尻大橋:11,賃貸,2024,5,3067,建築物環境計画書,世田谷区三宿一丁目14番12号
アジールコート三宿テラス,三軒茶屋,9,三軒茶屋:9|池尻大橋:11,分譲,2025,5,2310,建築物環境計画書,世田谷区 三宿 1丁目 314番 65、68
ガーデンヴィラ三軒茶屋,三軒茶屋,9,三軒茶屋:9,分譲,,,,とどまるマンション,世田谷区下馬2丁目
ザ・パークワンズ三軒茶屋,三軒茶屋,9,三軒茶屋:9,分譲,2024,5,3143,建築物環境計画書,世田谷区下馬2丁目259番164
ハウス・ソラーナ(ブロックA・ブロックB・ブロックC),三軒茶屋,11,三軒茶屋:11|駒沢大学:12,,,,,とどまるマンション,世田谷区野沢1丁目
パークホームズ三軒茶屋シエル・クール,三軒茶屋,11,三軒茶屋:11|駒沢大学:12,分譲,,,,とどまるマンション,世田谷区野沢1丁目
SYNCHRONICITY Musashino,三鷹,3,三鷹:3,賃貸,2024,5,2056,建築物環境計画書,武蔵野市中町一丁目3192番11
武蔵野タワーズ,三鷹,3,三鷹:3,分譲,,,,とどまるマンション,武蔵野市中町1丁目
武蔵野学生寮,三鷹,3,三鷹:3,賃貸,2024,14,4957,建築物環境計画書,武蔵野市中町2-2-1
ピアコート三鷹貳番館,三鷹,5,三鷹:5,分譲,,,,とどまるマンション,三鷹市下連雀3丁目
ブランズ三鷹,三鷹,5,三鷹:5|武蔵境:15,分譲,2022,12,2232,建築物環境計画書,三鷹市上連雀二丁目2番10号(住居表示)
パークホームズ吉祥寺ウエスト・コート,三鷹,7,三鷹:7,分譲,,,,とどまるマンション,武蔵野市中町2丁目
リストレジデンス武蔵野御殿山,三鷹,7,三鷹:7,分譲,2023,3,3920,建築物環境計画書,武蔵野市御殿山二丁目3181-5
ルフォン吉祥寺,三鷹,7,三鷹:7,分譲,,,,とどまるマンション,武蔵野市御殿山2丁目
ザ・パークハウス三鷹櫻邸,三鷹,9,三鷹:9|武蔵境:11,分譲,,,,とどまるマンション,三鷹市上連雀1丁目
ファインスクェア武蔵野テラス,三鷹,10,三鷹:10,分譲,2024,5,3187,とどまるマンション／建築物環境計画書,武蔵野市西久保二丁目443番2
プライマルD三鷹,三鷹,10,三鷹:10,賃貸,2023,6,2371,建築物環境計画書,"武蔵野市西久保2丁目146番10,24,54"
ザ・パークハウス武蔵野レジデンス,三鷹,11,三鷹:11,分譲,2024,5,4379,建築物環境計画書,武蔵野市中町三丁目1624番5
ブリリア三鷹下連雀,三鷹,11,三鷹:11,分譲,2022,8,4123,建築物環境計画書,三鷹市下連雀四丁目315-16、17
三鷹上連雀シティハイツ,三鷹,11,三鷹:11,分譲,,,,とどまるマンション,三鷹市上連雀4丁目
ファインスクェア武蔵野リアン,三鷹,12,三鷹:12,分譲,2023,5,2849,とどまるマンション／建築物環境計画書,"武蔵野市西久保三丁目395-2,6"
ジオ杉並松庵,三鷹台,7,三鷹台:7|久我山:12|西荻窪:14,分譲,2022,3,6447,建築物環境計画書,杉並区松庵一丁目12番1 (地名地番)
久我山ガーデンヒルズ一番館,三鷹台,12,三鷹台:12,分譲,,,,とどまるマンション,三鷹市牟礼2丁目
久我山ガーデンヒルズ二番館,三鷹台,12,三鷹台:12,分譲,,,,とどまるマンション,三鷹市牟礼2丁目
パークホームズ上板橋,上板橋,4,上板橋:4|東武練馬:13,分譲,2025,9,12317,建築物環境計画書,板橋区上板橋2丁目316番1(地番)
ライオンズマンション上板橋,上板橋,4,上板橋:4|東武練馬:13,分譲,,,,とどまるマンション,板橋区上板橋2丁目
パークホームズ城北中央公園,上板橋,7,上板橋:7|ときわ台:12,分譲,2025,7,2996,建築物環境計画書,板橋区桜川二丁目17番10号
パーク・エステート上板橋,上板橋,8,上板橋:8|東武練馬:11,分譲,,,,とどまるマンション,板橋区若木1丁目
プライムガーデン若木,上板橋,8,上板橋:8|東武練馬:11,賃貸,2024,5,7580,建築物環境計画書,板橋区若木一丁目27番38号
桜館,上町,7,上町:7|経堂:9|世田谷:11|豪徳寺:13,分譲,,,,とどまるマンション,世田谷区桜1丁目
Brillia City 石神井公園 ATLAS 1号棟,上石神井,3,上石神井:3|上井草:14,分譲,2023,8,8109,建築物環境計画書,練馬区上石神井3-19-1
Brillia City 石神井公園 ATLAS 2号棟,上石神井,3,上石神井:3|上井草:14,分譲,2023,8,8938,建築物環境計画書,練馬区上石神井3-19-2
Brillia City 石神井公園 ATLAS 3号棟,上石神井,3,上石神井:3|上井草:14,分譲,2023,8,9891,建築物環境計画書,練馬区上石神井3-19-3
Brillia City 石神井公園 ATLAS 4号棟,上石神井,3,上石神井:3|上井草:14,分譲,2023,8,9923,建築物環境計画書,練馬区上石神井3-19-4
Brillia City 石神井公園 ATLAS 5号棟,上石神井,3,上石神井:3|上井草:14,分譲,2023,8,9546,建築物環境計画書,練馬区上石神井3-19-5
Brillia City 石神井公園 ATLAS 6号棟,上石神井,3,上石神井:3|上井草:14,分譲,2023,8,8201,建築物環境計画書,練馬区上石神井3-19-6
Brillia City 石神井公園 ATLAS 7号棟,上石神井,3,上石神井:3|上井草:14,分譲,2023,8,9938,建築物環境計画書,練馬区上石神井3-19-7
Brillia City 石神井公園 ATLAS 8号棟,上石神井,3,上石神井:3|上井草:14,分譲,2023,7,3783,建築物環境計画書,練馬区上石神井3-19-8
ヴェレーナ上石神井,上石神井,3,上石神井:3|上井草:14,分譲,2025,6,2893,建築物環境計画書,練馬区上石神井一丁目347番1
ベル・ジュール上石神井,上石神井,4,上石神井:4|上井草:9,,,,,とどまるマンション,練馬区上石神井二丁目
グランコルサ,上石神井,5,上石神井:5|上井草:10,賃貸,2024,6,2579,建築物環境計画書,練馬区上石神井南町11-22
ザ・パークハウス上石神井レジデンス,上石神井,7,上石神井:7|武蔵関:11,分譲,,,,とどまるマンション,練馬区上石神井4丁目
コスモ上野パークサイドシティ,上野,5,上野:5|稲荷町:7|鶯谷:8|入谷:9|新御徒町:13,分譲,,,,とどまるマンション,台東区上野7丁目
JP noie 等々力,上野毛,6,上野毛:6|等々力:6|尾山台:13,賃貸,2024,8,6216,建築物環境計画書,世田谷区中町2丁目1番2
LIBR GRANT 世田谷等々力,上野毛,8,上野毛:8|等々力:11,賃貸,2022,3,3221,建築物環境計画書,世田谷区中町三丁目3番7号
ザ・パークハウス 上野毛テラス,上野毛,9,上野毛:9|等々力:14,分譲,2023,5,2213,建築物環境計画書,世田谷区中町4丁目37番8号
パークハウス多摩川北街区,下丸子,8,下丸子:8|鵜の木:9|千鳥町:15|武蔵新田:15,分譲,,,,とどまるマンション,大田区下丸子4丁目
パークハウス多摩川南街区 五番館,下丸子,8,下丸子:8|鵜の木:9|千鳥町:15|武蔵新田:15,分譲,,,,とどまるマンション,大田区下丸子4丁目
パークハウス多摩川南街区 参番館,下丸子,8,下丸子:8|鵜の木:9|千鳥町:15|武蔵新田:15,分譲,,,,とどまるマンション,大田区下丸子4丁目
パークハウス多摩川南街区 四番館,下丸子,8,下丸子:8|鵜の木:9|千鳥町:15|武蔵新田:15,分譲,,,,とどまるマンション,大田区下丸子4丁目
パークハウス多摩川南街区 壱番館,下丸子,8,下丸子:8|鵜の木:9|千鳥町:15|武蔵新田:15,分譲,,,,とどまるマンション,大田区下丸子4丁目
パークハウス多摩川南街区 弐番館,下丸子,8,下丸子:8|鵜の木:9|千鳥町:15|武蔵新田:15,分譲,,,,とどまるマンション,大田区下丸子4丁目
パレステージ鷺宮,下井草,4,下井草:4|鷺ノ宮:13|富士見台:15,分譲,2023,3,4234,建築物環境計画書,中野区 鷺宮六丁目 28番2号(住居表示)
菱和パレス下北沢駅前,下北沢,2,下北沢:2|池ノ上:6|東北沢:7|世田谷代田:9|東松原:14,分譲,,,,とどまるマンション,世田谷区北沢2丁目
シャールレーク大井桜通り,下神明,3,下神明:3|大井町:9|西大井:9|戸越公園:10,分譲,,,,とどまるマンション,品川区二葉1丁目
ZOOM高田馬場WEST,下落合,4,下落合:4|高田馬場:8|中井:13|落合:13|目白:15,分譲,2022,6,2093,建築物環境計画書,新宿区高田馬場三丁目518番1他
グランハイツ高田馬場,下落合,4,下落合:4|高田馬場:8|中井:13|落合:13|目白:15,賃貸,,,,とどまるマンション,新宿区高田馬場3丁目
ZOOM高田馬場,下落合,5,下落合:5|高田馬場:6|目白:11,分譲,2022,10,2999,建築物環境計画書,新宿区下落合1丁目11番6号
PRIME GARDEN 赤塚,下赤塚,5,下赤塚:5|地下鉄赤塚:6,賃貸,2025,6,3057,建築物環境計画書,板橋区赤塚一丁目6番6号
The Park Hive 板橋赤塚,下赤塚,7,下赤塚:7|地下鉄赤塚:7|成増:10|地下鉄成増:11,賃貸,2022,5,4835,建築物環境計画書,板橋区赤塚二丁目23番9号(住居表示)
エクセル徳丸,下赤塚,10,下赤塚:10|地下鉄赤塚:11|東武練馬:12,賃貸,,,,とどまるマンション,板橋区徳丸4丁目
プレミスト不動前,不動前,2,不動前:2|大崎広小路:10|戸越銀座:11|武蔵小山:12|五反田:12,分譲,,,,とどまるマンション,品川区西五反田5丁目
東急ドエル・アルス目黒不動前,不動前,2,不動前:2|大崎広小路:10|戸越銀座:11|武蔵小山:12|五反田:12,分譲,,,,とどまるマンション,品川区西五反田5丁目
グランドメゾン不動前,不動前,5,不動前:5|武蔵小山:7|戸越銀座:10|戸越:13|大崎広小路:13,分譲,,,,とどまるマンション,品川区小山一丁目
アンフォーラメグロ鈴木,不動前,6,不動前:6|目黒:6|五反田:8|大崎広小路:10,賃貸,,,,とどまるマンション,品川区西五反田3丁目
パークハビオ目黒リバーサイド,不動前,6,不動前:6|目黒:6|五反田:8|大崎広小路:10,賃貸,,,,とどまるマンション,品川区西五反田3丁目
プラウドタワー目黒MARC,不動前,6,不動前:6|目黒:6|五反田:8|大崎広小路:10,分譲,2023,32,36593,建築物環境計画書,品川区西五反田3丁目247番18
エクセル世田谷,世田谷,3,世田谷:3|上町:4|松陰神社前:8|若林:14|桜新町:14,賃貸,,,,とどまるマンション,世田谷区世田谷1丁目
欅ハウス,世田谷,3,世田谷:3|松陰神社前:4|上町:7|若林:9|豪徳寺:13,分譲,,,,とどまるマンション,世田谷区世田谷4丁目
パーク・ホームズ桜新町ガーデンズコート,世田谷,8,世田谷:8|松陰神社前:9|上町:9|桜新町:12|駒沢大学:12,分譲,,,,とどまるマンション,世田谷区弦巻1丁目
ステラメゾン下北沢,世田谷代田,3,世田谷代田:3|下北沢:5|東松原:8|池ノ上:12|東北沢:13,賃貸,,,,とどまるマンション,世田谷区代田5丁目
シティハウス世田谷代田,世田谷代田,7,世田谷代田:7|東松原:12|若林:12|豪徳寺:12|下北沢:14,分譲,,,,とどまるマンション,世田谷区代田3丁目
オープンレジデンシア下北沢コート,世田谷代田,8,世田谷代田:8|若林:10|下北沢:13|三軒茶屋:14|松陰神社前:15,分譲,2022,3,2025,建築物環境計画書,世田谷区代田5-959番4(地番)
クレヴィア両国 国技館通り,両国,3,両国:3|浅草橋:8|東日本橋:9|浜町:9|森下:10,分譲,2022,14,4334,建築物環境計画書,墨田区両国二丁目15番4号
プラウドフラット両国II,両国,3,両国:3|森下:9|浜町:10|浅草橋:10|東日本橋:11,賃貸,,,,とどまるマンション,墨田区両国三丁目
ミリアレジデンス両国II,両国,3,両国:3|森下:9|浜町:10|浅草橋:10|東日本橋:11,賃貸,,,,とどまるマンション,墨田区両国3丁目
アーバネックス両国,両国,4,両国:4|浅草橋:6|東日本橋:6|浜町:8|馬喰横山:8,賃貸,2022,14,2260,建築物環境計画書,墨田区両国一丁目16番3
ミリアレジデンス両国,両国,4,両国:4|浅草橋:6|東日本橋:6|浜町:8|馬喰横山:8,賃貸,,,,とどまるマンション,墨田区両国1丁目
オーベルアーバンツ両国,両国,7,両国:7|森下:9|菊川:11|浜町:15,分譲,2023,14,2284,建築物環境計画書,墨田区緑一丁目6番4
ジオエント錦糸町,両国,7,両国:7|蔵前:12|森下:13|浅草橋:14|菊川:15,賃貸,2021,7,2859,建築物環境計画書,墨田区亀沢4-20-10
パークアクシス両国スクエア,両国,7,両国:7|森下:9|菊川:11|浜町:15,賃貸,2022,13,3019,建築物環境計画書,墨田区緑一丁目16番4号(住居表示)
プラウドフラット両国,両国,7,両国:7|森下:9|菊川:11|浜町:15,賃貸,,,,とどまるマンション,墨田区緑一丁目
ルジェンテ両国,両国,10,両国:10|菊川:14|森下:14|蔵前:14,分譲,2024,7,3286,建築物環境計画書,墨田区亀沢2丁目19-4
GRAN PASEO両国IV,両国,11,両国:11|本所吾妻橋:12|蔵前:13,分譲,2025,7,2899,建築物環境計画書,墨田区石原二丁目21番3 他11筆
プラウド両国,両国,11,両国:11|本所吾妻橋:12|蔵前:13,分譲,,,,とどまるマンション,墨田区石原2丁目
クレヴィア新宿中落合 EAST,中井,5,中井:5|下落合:6|落合:10|落合南長崎:11|椎名町:14,分譲,2023,6,2912,建築物環境計画書,新宿区中落合1丁目1127番9号
クレヴィア新宿中落合 WEST,中井,5,中井:5|下落合:6|落合:10|落合南長崎:11|椎名町:14,分譲,2023,7,2532,建築物環境計画書,新宿区中落合1丁目1127番15号
パルテメゾン中落合,中井,5,中井:5|下落合:6|落合:10|落合南長崎:11|椎名町:14,賃貸,2023,9,4653,建築物環境計画書,新宿区中落合1丁目1番4
Bonneur,中央大学・明星大学,7,中央大学・明星大学:7,賃貸,,,,とどまるマンション,八王子市東中野
エクレール小林,中央大学・明星大学,7,中央大学・明星大学:7,賃貸,,,,とどまるマンション,八王子市東中野
ドラゴンマンション多摩学園都市伍番館,中央大学・明星大学,7,中央大学・明星大学:7,,,,,とどまるマンション,八王子市東中野
ルピナス1,中央大学・明星大学,7,中央大学・明星大学:7,賃貸,,,,とどまるマンション,八王子市東中野
ルピナス10,中央大学・明星大学,7,中央大学・明星大学:7,賃貸,,,,とどまるマンション,八王子市東中野
ルピナス5,中央大学・明星大学,7,中央大学・明星大学:7,賃貸,,,,とどまるマンション,八王子市東中野
ルピナス7,中央大学・明星大学,7,中央大学・明星大学:7,賃貸,,,,とどまるマンション,八王子市東中野
ルピナス8,中央大学・明星大学,7,中央大学・明星大学:7,賃貸,,,,とどまるマンション,八王子市東中野
オープンレジデンシア品川中延ステーションフロント,中延,2,中延:2|荏原中延:3|戸越公園:6|荏原町:8|戸越:10,分譲,2022,8,2984,建築物環境計画書,品川区東中延2丁目439番1 他
TOMORE品川中延,中延,4,中延:4|戸越公園:6|西大井:8|荏原中延:8|荏原町:9,賃貸,2025,11,2415,建築物環境計画書,"品川区豊町六丁目607番11,12,13,14,15,16"
ミリアレジデンス品川中延,中延,6,中延:6|西大井:7|戸越公園:9|荏原町:9|馬込:9,賃貸,,,,とどまるマンション,品川区二葉4丁目
クレヴィア練馬中村橋,中村橋,3,中村橋:3|富士見台:11|豊島園:13,分譲,,,,とどまるマンション,練馬区中村北3丁目
プラウド練馬中村橋マークス,中村橋,5,中村橋:5|富士見台:9|豊島園:14,分譲,2022,7,15324,建築物環境計画書,練馬区貫井2丁目239番1他(地名地番)
ベルメゾン中村橋ノース,中村橋,6,中村橋:6|豊島園:11|練馬:12,賃貸,2026,3,2096,建築物環境計画書,練馬区中村北2丁目20-8
アジールコート練馬中村橋,中村橋,7,中村橋:7|富士見台:11|鷺ノ宮:13|都立家政:15,賃貸,2025,4,6094,建築物環境計画書,練馬区中村三丁目39番14号
オーパスレジデンス中板橋,中板橋,4,中板橋:4|大山:11|板橋本町:11|ときわ台:11|板橋区役所前:15,分譲,2023,13,4651,建築物環境計画書,板橋区中板橋22番10号
ジオ板橋大山,中板橋,6,中板橋:6|大山:8|ときわ台:13|板橋区役所前:14|板橋本町:15,分譲,2025,10,22391,建築物環境計画書,板橋区仲町2番1
レーベン板橋大山ART BLANGE,中板橋,6,中板橋:6|大山:8|ときわ台:13|板橋区役所前:14|板橋本町:15,分譲,2024,6,2778,建築物環境計画書,板橋区仲町3番49(地名地番)
リヴェール府中・中河原,中河原,3,中河原:3|西府:14|分倍河原:15,分譲,,,,とどまるマンション,府中市住吉町1丁目
リーベスト府中多摩川,中河原,6,中河原:6,分譲,,,,とどまるマンション,府中市住吉町5丁目
ザ・パークハウス 聖蹟桜ヶ丘,中河原,14,中河原:14,分譲,2023,15,3689,建築物環境計画書,多摩市関戸2丁目69番8
ファインスクェア聖蹟桜ヶ丘,中河原,14,中河原:14,分譲,2023,14,2029,建築物環境計画書,多摩市関戸二丁目70番5(地番)
ブランズ上目黒諏訪山,中目黒,4,中目黒:4|祐天寺:10|代官山:11|池尻大橋:15,分譲,2022,3,4684,建築物環境計画書,目黒区上目黒三丁目31番6号
LIVSUS NM3319,中目黒,5,中目黒:5|代官山:6|恵比寿:8,賃貸,2021,3,195,建築物環境計画書,目黒区中目黒3-3-19
レガシス中目黒,中目黒,5,中目黒:5|祐天寺:8|代官山:12,賃貸,2024,14,7750,建築物環境計画書,目黒区上目黒二丁目9-3
グランドメゾン中目黒THECLASS,中目黒,6,中目黒:6|祐天寺:11|代官山:12|恵比寿:13,分譲,,,,とどまるマンション,目黒区中目黒3丁目
ジオ代官山,中目黒,6,中目黒:6|代官山:7|神泉:13|恵比寿:13|池尻大橋:14,分譲,,,,とどまるマンション,目黒区青葉台1丁目
オープンレジデンシア目黒東山,中目黒,7,中目黒:7|池尻大橋:11|代官山:12|祐天寺:13|神泉:15,分譲,2024,4,3063,建築物環境計画書,目黒区東山2-1115-2
サンロイヤル東山,中目黒,7,中目黒:7|池尻大橋:11|代官山:12|祐天寺:13|神泉:15,分譲,,,,とどまるマンション,目黒区東山一丁目
中目黒ウエスト,中目黒,7,中目黒:7|池尻大橋:11|代官山:12|祐天寺:13|神泉:15,分譲,,,,とどまるマンション,目黒区東山1丁目
プレイシア,中神,7,中神:7|昭島:13,分譲,,,,とどまるマンション,昭島市宮沢町
中野 則子 邸,中神,7,中神:7|東中神:9,賃貸,2023,3,22085,建築物環境計画書,昭島市玉川町五丁目833番、834番2の各一部
パークシティ中野 ザ タワー ブリーズ,中野,5,中野:5|高円寺:14|東高円寺:14,分譲,2025,20,29295,建築物環境計画書,中野区中野四丁目102番
中野M-SQUARE・パークシティ中野 ザ タワー エアーズ,中野,5,中野:5|高円寺:14|東高円寺:14,分譲,2026,25,91384,建築物環境計画書,中野区中野四丁目14番1号
ルフォンプログレ中野坂上,中野坂上,4,中野坂上:4|西新宿五丁目:6|西新宿:10|都庁前:11|中野新橋:12,賃貸,2023,6,2203,建築物環境計画書,中野区本町一丁目13-6
中野坂上パーク・ホームズ,中野坂上,5,中野坂上:5|西新宿:10|東中野:12|西新宿五丁目:13|大久保:13,分譲,,,,とどまるマンション,中野区中央1丁目
アコルト中野富士見町,中野富士見町,4,中野富士見町:4|中野新橋:10|方南町:12|新中野:13,賃貸,2023,14,7257,建築物環境計画書,中野区弥生町5丁目25番13号
クレストコート中野富士見町,中野富士見町,4,中野富士見町:4|中野新橋:10|方南町:12|新中野:13,賃貸,2025,9,4037,建築物環境計画書,中野区弥生町五丁目27番4号
マイネシュロッス中野コリドー,中野富士見町,4,中野富士見町:4|中野新橋:10|方南町:12|新中野:13,分譲,,,,とどまるマンション,中野区弥生町5丁目
メトロステージPLUS 中野弥生町,中野富士見町,4,中野富士見町:4|中野新橋:10|方南町:12|新中野:13,賃貸,2024,7,5541,建築物環境計画書,中野区弥生町5丁目9-11
ルフォンプログレ 中野富士見町 ザ・レジデンス,中野富士見町,4,中野富士見町:4|新中野:10|東高円寺:11|中野新橋:12|方南町:13,賃貸,2021,3,2568,建築物環境計画書,杉並区和田一丁目39番30号
グランドメゾン中野富士見町,中野富士見町,9,中野富士見町:9|方南町:9|中野新橋:14|笹塚:15,分譲,,,,とどまるマンション,中野区南台3丁目
ザ・パークハビオ中野富士見町ガーデン,中野新橋,1,中野新橋:1|中野富士見町:8|新中野:10|中野坂上:12|西新宿五丁目:12,賃貸,2023,14,4864,建築物環境計画書,中野区弥生町2丁目69-1、-8、-11、-12、-13
バウス新中野,中野新橋,4,中野新橋:4|中野富士見町:5|新中野:7|中野坂上:14,分譲,2022,13,2646,建築物環境計画書,中野区本町五丁目33番2
クレヴィア中野新橋,中野新橋,6,中野新橋:6|西新宿五丁目:7|中野坂上:10|中野富士見町:13,分譲,2024,9,2501,建築物環境計画書,中野区弥生町一丁目54番7号
ミリアレジデンス中野坂上,中野新橋,6,中野新橋:6|西新宿五丁目:7|中野坂上:10|中野富士見町:13,賃貸,,,,とどまるマンション,中野区弥生町1丁目
ミリアレジデンス中野弥生町,中野新橋,6,中野新橋:6|西新宿五丁目:7|中野坂上:10|中野富士見町:13,賃貸,,,,とどまるマンション,中野区弥生町1丁目
グランドメゾン中野南レジデンス,中野新橋,9,中野新橋:9|中野富士見町:11|西新宿五丁目:13|初台:15,分譲,,,,とどまるマンション,中野区南台1丁目
エス・テラス南青山,乃木坂,4,乃木坂:4|青山一丁目:5|外苑前:8|六本木:12|赤坂:13,分譲・賃貸,2022,14,2768,建築物環境計画書,港区南青山6-8-2
日興ロイヤルパレス西麻布,乃木坂,10,乃木坂:10|表参道:10|外苑前:12|六本木:13|広尾:14,分譲,,,,とどまるマンション,港区西麻布2丁目
パークホームズ杉並久我山,久我山,5,久我山:5|高井戸:14,分譲,2024,5,5289,建築物環境計画書,杉並区久我山五丁目289-1
烏山寺町コート,久我山,14,久我山:14,分譲,,,,とどまるマンション,世田谷区北烏山5丁目
サンプラザ田園調布,九品仏,3,九品仏:3|自由が丘:8|田園調布:11|奥沢:11|尾山台:12,分譲,,,,とどまるマンション,世田谷区奥沢6丁目
ピアース自由が丘レジデンス,九品仏,3,九品仏:3|自由が丘:8|尾山台:9|奥沢:14,分譲,2021,5,2610,建築物環境計画書,世田谷区奥沢七丁目8番5他、目黒区自由が丘三丁目73番1
東京レジデンス,九段下,5,九段下:5|水道橋:5|飯田橋:8|神保町:10|後楽園:11,分譲,,,,とどまるマンション,千代田区飯田橋2丁目
プライムアーバン番町,九段下,7,九段下:7|飯田橋:11|市ケ谷:12|半蔵門:12|神保町:14,賃貸,,,,とどまるマンション,千代田区九段南二丁目
ACP Residence 亀戸,亀戸,4,亀戸:4|亀戸水神:5|東あずま:11|西大島:14|大島:15,分譲,2024,11,2796,建築物環境計画書,江東区亀戸5丁目161番4他(地名地番)
ALTERNA亀戸III,亀戸,4,亀戸:4|亀戸水神:8|西大島:9|大島:11,分譲,2023,15,2497,建築物環境計画書,江東区亀戸6丁目28番10号
ARTESSIMO CLAIRTORTE(アルテシモ クレアトルテ),亀戸,4,亀戸:4|亀戸水神:8|西大島:9|大島:11,分譲,2022,13,2810,建築物環境計画書,江東区亀戸6丁目42番7号
アルファコート亀戸2,亀戸,4,亀戸:4|亀戸水神:5|東あずま:11|西大島:14|大島:15,賃貸,2024,5,3778,建築物環境計画書,江東区亀戸5丁目43番4
ドゥーエ亀戸,亀戸,4,亀戸:4|亀戸水神:8|西大島:9|大島:11,賃貸,2022,14,6280,建築物環境計画書,江東区亀戸6丁目28番3.4.6.7.8.10.11
プラウドタワー亀戸クロス ゲートタワー,亀戸,4,亀戸:4|亀戸水神:8|西大島:9|大島:11,分譲,,,,とどまるマンション,江東区亀戸6丁目
プラウドタワー亀戸クロス ブライトタワー,亀戸,4,亀戸:4|亀戸水神:8|西大島:9|大島:11,分譲,,,,とどまるマンション,江東区亀戸6丁目
プラウドフラット亀戸ステーションプレイス,亀戸,4,亀戸:4|亀戸水神:8|西大島:9|大島:11,賃貸,2023,14,3522,建築物環境計画書,江東区亀戸六丁目57番23
TRADIS 亀戸,亀戸,5,亀戸:5|錦糸町:9|西大島:10|住吉:12|亀戸水神:14,賃貸,2022,13,2428,建築物環境計画書,江東区亀戸一丁目31番6号(住居表示)
プライムアーバン亀戸,亀戸,6,亀戸:6|錦糸町:9|亀戸水神:13|西大島:15,賃貸,,,,とどまるマンション,江東区亀戸2丁目
レガリス亀戸,亀戸水神,6,亀戸水神:6|大島:10|亀戸:11|東大島:14|平井:15,分譲,2024,14,2276,建築物環境計画書,江東区亀戸七丁目30番19号(住居表示)
エクステ東大島,亀戸水神,10,亀戸水神:10|平井:12|東大島:12|大島:14,分譲,,,,とどまるマンション,江東区亀戸9丁目
ザ・パークハウス 亀戸九丁目,亀戸水神,10,亀戸水神:10|平井:12|東大島:12|大島:14,分譲,2025,13,7715,建築物環境計画書,江東区亀戸9丁目303
ラフィーネハイツ,亀戸水神,10,亀戸水神:10|平井:12|東大島:12|大島:14,分譲,,,,とどまるマンション,江東区亀戸9丁目
プライムアーバン亀有,亀有,3,亀有:3,賃貸,,,,とどまるマンション,葛飾区亀有三丁目
リビオ亀有ステーションプレミア,亀有,3,亀有:3,分譲,2026,15,2682,建築物環境計画書,葛飾区亀有3丁目27番2号
クリオ亀有ガーデンマークス,亀有,11,亀有:11|北綾瀬:12,分譲,2023,8,2939,建築物環境計画書,足立区東和4丁目67番91
リビオセゾン亀有,亀有,12,亀有:12,賃貸,2022,7,2472,建築物環境計画書,葛飾区西亀有3丁目27-22
ルフォンエチュード亀有,亀有,12,亀有:12,賃貸,2024,11,2203,建築物環境計画書,葛飾区亀有一丁目27番5
藤和シティコープ亀有,亀有,12,亀有:12,分譲,,,,とどまるマンション,葛飾区亀有1丁目
グランディ二子玉川園,二子玉川,4,二子玉川:4|上野毛:12,分譲,,,,とどまるマンション,世田谷区玉川2丁目
シティハウス二子玉川,二子玉川,4,二子玉川:4|上野毛:12,分譲,,,,とどまるマンション,世田谷区玉川2丁目
ディアナコート二子玉川翠景,二子玉川,4,二子玉川:4|上野毛:12,分譲,2024,5,3634,建築物環境計画書,世田谷区玉川二丁目1495番2
プラウドタワー二子玉川,二子玉川,4,二子玉川:4,分譲,,,,とどまるマンション,世田谷区玉川三丁目
プラウド二子玉川,二子玉川,5,二子玉川:5|上野毛:10,分譲,2024,12,11909,建築物環境計画書,世田谷区玉川一丁目1937-44(地番)
マイキャッスル瀬田,二子玉川,11,二子玉川:11|用賀:11|上野毛:12,分譲,,,,とどまるマンション,世田谷区瀬田2丁目
ザ・パークハビオ五反田,五反田,3,五反田:3|大崎広小路:6|不動前:9|目黒:10|大崎:13,賃貸,2022,14,2336,建築物環境計画書,品川区西五反田二丁目17番地12
プラウド五反田,五反田,3,五反田:3|大崎広小路:6|不動前:9|目黒:10|大崎:13,分譲,2023,18,11643,建築物環境計画書,品川区西五反田2丁目31番2号
グランドメゾン池田山,五反田,5,五反田:5|目黒:9|高輪台:9|大崎広小路:10|白金台:13,分譲,,,,とどまるマンション,品川区東五反田5丁目
ハピーディラ レジデンス,五反野,4,五反野:4|梅島:12,賃貸,2022,10,2703,建築物環境計画書,足立区足立4丁目1-1
イニシア東京五反野,五反野,10,五反野:10|北千住:14,分譲,2024,8,3290,建築物環境計画書,足立区足立2丁目1192-1他
オープンレジデンシア井荻ステーションサイド,井荻,4,井荻:4|下井草:12|上井草:14,分譲,2024,7,2695,建築物環境計画書,杉並区井草三丁目5番6他(地番)
パークホームズ杉並柿ノ木,井荻,5,井荻:5|上井草:11|下井草:15,分譲,,,,とどまるマンション,杉並区上井草1丁目
ル・サンクアイリスタワー,京急蒲田,3,京急蒲田:3|梅屋敷:7|蒲田:9|糀谷:14,分譲,,,,とどまるマンション,大田区蒲田3丁目
L ́axe 京急蒲田,京急蒲田,4,京急蒲田:4|糀谷:7|蒲田:12|梅屋敷:12,賃貸,2022,13,2531,建築物環境計画書,大田区南蒲田一丁目26-2(住居表示)
イニシア蒲田,京急蒲田,4,京急蒲田:4|蒲田:7|糀谷:12|梅屋敷:12,分譲,,,,とどまるマンション,大田区蒲田四丁目
プラウドフラット蒲田,京急蒲田,4,京急蒲田:4|蒲田:7|糀谷:12|梅屋敷:12,賃貸,,,,とどまるマンション,大田区蒲田4丁目
プラウドフラット蒲田II,京急蒲田,4,京急蒲田:4|蒲田:7|糀谷:12|梅屋敷:12,賃貸,,,,とどまるマンション,大田区蒲田4丁目
サンクレイドル 小岩II,京成小岩,4,京成小岩:4|小岩:10,分譲,2022,10,3904,建築物環境計画書,江戸川区北小岩2丁目816、817番
ランカ小岩,京成小岩,4,京成小岩:4|小岩:10,分譲,2024,11,3371,建築物環境計画書,江戸川区北小岩2丁目531番2
Fiona(フィオナ),京成小岩,5,京成小岩:5|小岩:8,賃貸,,,,とどまるマンション,江戸川区西小岩5丁目
Alphonse(アルフォンス),京成小岩,6,京成小岩:6|新柴又:12|小岩:14,賃貸,,,,とどまるマンション,葛飾区鎌倉1丁目
JOANA(ジョアンナ),京成小岩,6,京成小岩:6|新柴又:12|小岩:14,賃貸,,,,とどまるマンション,葛飾区鎌倉1丁目
Tiana(ティアナ),京成小岩,6,京成小岩:6|新柴又:12|小岩:14,賃貸,,,,とどまるマンション,葛飾区鎌倉1丁目
ルーベンス,京成小岩,6,京成小岩:6|新柴又:12|小岩:14,,,,,とどまるマンション,葛飾区鎌倉1丁目
ライオンズマンション墨田リバーサイド,京成曳舟,4,京成曳舟:4|東向島:7|曳舟:7|八広:12|小村井:15,分譲,,,,とどまるマンション,東京都墨田区八広
ルフォンプログレ押上EAST,京成曳舟,6,京成曳舟:6|曳舟:8|小村井:10|とうきょうスカイツリー:11|東向島:15,賃貸,2024,7,3796,建築物環境計画書,墨田区京島二丁目9-9
AZEST立石II,京成立石,9,京成立石:9|四ツ木:11|お花茶屋:12,賃貸,2023,7,2349,建築物環境計画書,葛飾区立石二丁目167番1、167番2(地名地番)
アーバンパーク立石,京成立石,9,京成立石:9|四ツ木:11|お花茶屋:12,賃貸,2023,13,3707,建築物環境計画書,葛飾区立石2丁目338-2
サングランデ立石,京成立石,9,京成立石:9|四ツ木:11|お花茶屋:12,分譲,2021,8,2479,建築物環境計画書,葛飾区立石二丁目11番15
シティウインズブライトゲート,京成立石,10,京成立石:10,分譲,,,,とどまるマンション,葛飾区東立石一丁目
イニシア千住曙町,京成関屋,4,京成関屋:4|牛田:4|北千住:15,分譲,,,,とどまるマンション,足立区千住曙町
シテヌーブ北千住30 A棟,京成関屋,4,京成関屋:4|牛田:4|北千住:15,分譲,,,,とどまるマンション,足立区千住曙町
シテヌーブ北千住30 B棟,京成関屋,4,京成関屋:4|牛田:4|北千住:15,分譲,,,,とどまるマンション,足立区千住曙町
シテヌーブ北千住30 C棟,京成関屋,4,京成関屋:4|牛田:4|北千住:15,分譲,,,,とどまるマンション,足立区千住曙町
けやき通り北弐番館,京成関屋,10,京成関屋:10|牛田:11|南千住:13,分譲,,,,とどまるマンション,荒川区南千住8丁目
はなみずき通り北六番館,京成関屋,10,京成関屋:10|牛田:11|南千住:13,分譲,,,,とどまるマンション,荒川区南千住八丁目
トキアス,京成関屋,10,京成関屋:10|牛田:11|南千住:13,分譲,,,,とどまるマンション,荒川区南千住8丁目
東京フロンティアシティ アーバンフォート,京成関屋,10,京成関屋:10|牛田:11|南千住:13,分譲,,,,とどまるマンション,荒川区南千住8丁目
東京フロンティアシティ パーク&パークス,京成関屋,10,京成関屋:10|牛田:11|南千住:13,分譲,,,,とどまるマンション,荒川区南千住8丁目
アーバンパーク高砂,京成高砂,8,京成高砂:8|青砥:12,分譲,2022,7,6872,建築物環境計画書,葛飾区高砂6丁目5番15号
ワコーレ高砂,京成高砂,13,京成高砂:13|柴又:13,分譲,,,,とどまるマンション,葛飾区新宿3丁目
MAXIV 八王子 TRE,京王八王子,3,京王八王子:3|八王子:8,分譲,2025,13,2888,建築物環境計画書,八王子市明神町四丁目1-2、-4
カームマンション明神町,京王八王子,3,京王八王子:3|八王子:8,賃貸,,,,とどまるマンション,八王子市明神町4丁目
SHOKEN Residence八王子,京王八王子,7,京王八王子:7|八王子:12,分譲,2025,10,4172,建築物環境計画書,"八王子市明神町一丁目120-2,-7,-8"
ル・アール八王子,京王八王子,12,京王八王子:12,分譲,,,,とどまるマンション,八王子市大和田町3丁目
エクセレントシティ八王子クラウズ,京王八王子,14,京王八王子:14,分譲,2022,5,5475,建築物環境計画書,八王子市大和田町五丁目228番9
サンクレイドル京王八王子,京王八王子,14,京王八王子:14,分譲,2025,6,2846,建築物環境計画書,八王子市大和田町五丁目15番5
長池公園せせらぎ通り南団地 1号棟、2号棟、3号棟,京王堀之内,12,京王堀之内:12,分譲,,,,とどまるマンション,八王子市別所2丁目
いずみビル,京王多摩センター,5,京王多摩センター:5|小田急多摩センター:5|松が谷:11,賃貸,,,,とどまるマンション,多摩市鶴牧1丁目
フォンテン24,京王多摩センター,5,京王多摩センター:5|小田急多摩センター:5|松が谷:11,賃貸,,,,とどまるマンション,多摩市鶴牧1丁目
リエス多摩センター,京王多摩センター,7,京王多摩センター:7|小田急多摩センター:7|松が谷:7,賃貸,,,,とどまるマンション,多摩市愛宕4丁目
インペリアル京王多摩川フラット,京王多摩川,3,京王多摩川:3,分譲,,,,とどまるマンション,調布市多摩川5丁目
エーリ・フローレンスB,京王永山,8,京王永山:8|小田急永山:8,賃貸,,,,とどまるマンション,多摩市馬引沢2丁目
馬引沢UNIT,京王永山,8,京王永山:8|小田急永山:9,賃貸,,,,とどまるマンション,多摩市馬引沢1丁目
プラウド日本橋人形町,人形町,1,人形町:1|小伝馬町:7|水天宮前:7|馬喰横山:8|浜町:8,分譲,,,,とどまるマンション／中央区防災認定,中央区日本橋人形町三丁目
プラウド日本橋人形町ディアージュ,人形町,1,人形町:1|小伝馬町:7|水天宮前:7|馬喰横山:8|浜町:8,分譲,,,,とどまるマンション／中央区防災認定,中央区日本橋人形町三丁目
プラウド日本橋人形町パサージュ,人形町,1,人形町:1|小伝馬町:7|水天宮前:7|馬喰横山:8|浜町:8,分譲,,,,とどまるマンション,中央区日本橋人形町3丁目
The Stage Ningyocho,人形町,2,人形町:2|水天宮前:5|茅場町:7|浜町:8|小伝馬町:9,賃貸,2024,9,2875,建築物環境計画書,中央区日本橋人形町3-104-1、-2
エクセルシオール日本橋人形町,人形町,2,人形町:2|水天宮前:5|茅場町:7|浜町:8|小伝馬町:9,,,,,中央区防災認定,中央区日本橋人形町1-6-5
パークホームズ日本橋人形町ザ レジデンス,人形町,2,人形町:2|水天宮前:5|茅場町:7|浜町:8|小伝馬町:9,,,,,中央区防災認定,中央区日本橋人形町2-26-8
リガーレ日本橋人形町,人形町,2,人形町:2|水天宮前:5|茅場町:7|浜町:8|小伝馬町:9,分譲,,,,とどまるマンション／中央区防災認定,中央区日本橋人形町1丁目
GREENPARK日本橋堀留町,人形町,3,人形町:3|小伝馬町:4|馬喰横山:5|東日本橋:6|馬喰町:7,分譲,,,,とどまるマンション,中央区日本橋堀留町2丁目
アスデュール日本橋人形町,人形町,3,人形町:3|小伝馬町:4|新日本橋:7|馬喰横山:7|馬喰町:8,,,,,中央区防災認定,中央区日本橋堀留町2-10-11
ザ・パークハビオ 日本橋三越前,人形町,3,人形町:3|小伝馬町:4|新日本橋:7|馬喰横山:7|馬喰町:8,賃貸,2025,10,2833,建築物環境計画書,中央区日本橋堀留町1丁目2番16、同17、同18計3筆
ステージグランデ日本橋人形町,人形町,3,人形町:3|浜町:5|水天宮前:5|東日本橋:8|馬喰横山:9,賃貸,2022,10,2461,建築物環境計画書,中央区日本橋人形町二丁目17番2
ファミール日本橋グランスイートプラザ,人形町,3,人形町:3|小伝馬町:4|馬喰横山:5|東日本橋:6|馬喰町:7,分譲,,,,とどまるマンション,中央区日本橋堀留町2丁目
プライムアーバン日本橋人形町,人形町,3,人形町:3|浜町:5|水天宮前:5|東日本橋:8|馬喰横山:9,賃貸,,,,とどまるマンション,中央区日本橋人形町二丁目
プラウド日本橋三越前,人形町,3,人形町:3|小伝馬町:4|新日本橋:7|馬喰横山:7|馬喰町:8,分譲,,,,中央区防災認定,中央区日本橋堀留町1-3-21
ミリアレジデンス日本橋人形町,人形町,3,人形町:3|浜町:5|水天宮前:5|東日本橋:8|馬喰横山:9,分譲,2024,13,5095,とどまるマンション／建築物環境計画書,中央区日本橋人形町2丁目35番15
ミリアレジデンス日本橋人形町II,人形町,3,人形町:3|浜町:5|水天宮前:5|東日本橋:8|馬喰横山:9,賃貸,,,,とどまるマンション,中央区日本橋人形町2丁目
リビオレゾン人形町,人形町,3,人形町:3|小伝馬町:4|馬喰横山:5|東日本橋:6|馬喰町:7,分譲,,,,とどまるマンション／中央区防災認定,中央区日本橋堀留町2丁目
ウィルローズ日本橋レジデンス,人形町,4,人形町:4|小伝馬町:5|新日本橋:5|三越前:6|馬喰横山:9,,,,,中央区防災認定,中央区日本橋小舟町15-6
プラウドフラット仙川,仙川,2,仙川:2,賃貸,,,,とどまるマンション,調布市仙川町一丁目
classy BASE つつじヶ丘,仙川,4,仙川:4,賃貸,2024,3,2590,建築物環境計画書,調布市仙川町2丁目2番地1、2、61、62、65、66、69、71
フレンシアエール仙川,仙川,4,仙川:4,賃貸,2024,7,2973,建築物環境計画書,調布市仙川町二丁目8番2、同番13
プラウドフラット仙川II,仙川,4,仙川:4,賃貸,,,,とどまるマンション,調布市仙川町二丁目
グランスイート世田谷仙川,仙川,8,仙川:8|千歳烏山:13,分譲,2023,4,6062,建築物環境計画書,世田谷区給田1丁目3番11号
パークスクエア武蔵野,仙川,8,仙川:8,分譲,,,,とどまるマンション,調布市若葉町2丁目
協栄メゾン代々木,代々木,4,代々木:4|新宿:10|都庁前:10|新宿三丁目:10|新宿西口:11,分譲,,,,とどまるマンション,渋谷区代々木2丁目
グランドゥールプレミアム 代々木大山,代々木上原,5,代々木上原:5|東北沢:7|笹塚:12|池ノ上:12|代々木八幡:15,賃貸,2023,3,3032,建築物環境計画書,渋谷区大山町1060番20
ザ・パークハウス 代々木大山レジデンス,代々木上原,5,代々木上原:5|東北沢:7|笹塚:12|池ノ上:12|代々木八幡:15,分譲,2026,4,11665,建築物環境計画書,"渋谷区大山町1083-1,1083-2の一部,1073-41の一部,1067-207の一部,1077-5の一部"
ザ・パークハウス代々木大山,代々木上原,5,代々木上原:5|東北沢:7|笹塚:12|池ノ上:12|代々木八幡:15,分譲,2023,9,7850,建築物環境計画書,渋谷区大山町1050番1
プラウド上原,代々木上原,5,代々木上原:5|代々木八幡:10|駒場東大前:10|東北沢:10|代々木公園:11,分譲,,,,とどまるマンション,渋谷区上原2丁目
プレミスト代々木大山,代々木上原,5,代々木上原:5|東北沢:7|笹塚:12|池ノ上:12|代々木八幡:15,分譲,2025,9,3278,建築物環境計画書,渋谷区大山町17番25
サンウッド元代々木町,代々木八幡,5,代々木八幡:5|代々木公園:7|代々木上原:8|初台:13|参宮橋:13,分譲,2023,3,2994,建築物環境計画書,渋谷区元代々木町39番10号(住居表示)
ピアース代々木上原,代々木八幡,5,代々木八幡:5|代々木公園:7|代々木上原:8|初台:13|参宮橋:13,分譲,2022,6,2792,建築物環境計画書,渋谷区元代々木町20-3
PARK FOREST 代々木,代々木八幡,6,代々木八幡:6|代々木公園:7|参宮橋:8|初台:11|代々木上原:13,分譲,2024,3,2544,建築物環境計画書,渋谷区代々木五丁目19番21号
ザ・パークハビオSOHO代々木公園,代々木八幡,6,代々木八幡:6|代々木公園:7|参宮橋:8|初台:11|代々木上原:13,賃貸,2022,7,3819,建築物環境計画書,渋谷区代々木五丁目57番2号
東急ドエル・アルス代々木参宮橋,代々木八幡,6,代々木八幡:6|代々木公園:7|参宮橋:8|初台:11|代々木上原:13,分譲,,,,とどまるマンション,渋谷区代々木5丁目
オーキッドレジデンス渋谷富ヶ谷,代々木八幡,8,代々木八幡:8|代々木公園:8|駒場東大前:9|代々木上原:9|神泉:14,賃貸,2024,13,4403,建築物環境計画書,渋谷区富ケ谷二丁目1461番3の一部ほか14筆の一部
Forestgate Daikanyama,代官山,4,代官山:4|恵比寿:7|渋谷:11|中目黒:11,賃貸,2023,10,21101,建築物環境計画書,渋谷区代官山町20-23
ウエリス代官山猿楽町テラス,代官山,4,代官山:4|中目黒:9|恵比寿:10|渋谷:11|神泉:13,分譲,2024,4,3982,建築物環境計画書,渋谷区猿楽町16番-1ほか4筆
センチュリーフォレスト テラス1,代官山,7,代官山:7|渋谷:7|神泉:11|恵比寿:11|中目黒:13,分譲,,,,とどまるマンション,渋谷区鶯谷町
センチュリーフォレスト テラス2,代官山,7,代官山:7|渋谷:7|神泉:11|恵比寿:11|中目黒:13,,,,,とどまるマンション,渋谷区鶯谷町
センチュリーフォレスト テラス3,代官山,7,代官山:7|渋谷:7|神泉:11|恵比寿:11|中目黒:13,分譲,,,,とどまるマンション,渋谷区鶯谷町
センチュリーフォレスト テラス4,代官山,7,代官山:7|渋谷:7|神泉:11|恵比寿:11|中目黒:13,分譲,,,,とどまるマンション,渋谷区鶯谷町
センチュリーフォレスト テラス5,代官山,7,代官山:7|渋谷:7|神泉:11|恵比寿:11|中目黒:13,分譲,,,,とどまるマンション,渋谷区鶯谷町
センチュリーフォレスト テラス6,代官山,7,代官山:7|渋谷:7|神泉:11|恵比寿:11|中目黒:13,分譲,,,,とどまるマンション,渋谷区鶯谷町
クレヴィア上野御徒町,仲御徒町,4,仲御徒町:4|新御徒町:5|御徒町:5|末広町:8|秋葉原:10,分譲,2021,12,2359,建築物環境計画書,台東区台東3丁目35-8
ルフォンプログレ上野御徒町,仲御徒町,4,仲御徒町:4|新御徒町:5|御徒町:5|末広町:8|秋葉原:10,賃貸,2025,15,2476,建築物環境計画書,台東区台東3丁目23番11号
TOPAZ新御徒町,仲御徒町,5,仲御徒町:5|新御徒町:7|御徒町:7|末広町:8|秋葉原:8,賃貸,2023,15,2141,建築物環境計画書,台東区台東二丁目20番1号
ルフォンプログレ秋葉原マークス,仲御徒町,5,仲御徒町:5|新御徒町:7|御徒町:7|末広町:8|秋葉原:8,賃貸,2025,14,4952,建築物環境計画書,台東区台東2丁目25番4号(住居表示)
キャッスルマンション住吉,住吉,3,住吉:3|菊川:7|錦糸町:11,分譲,,,,とどまるマンション,江東区住吉1丁目
プライムアーバン住吉II,住吉,3,住吉:3|菊川:7|錦糸町:11,賃貸,,,,とどまるマンション,江東区住吉一丁目
プラセール猿江恩賜公園,住吉,3,住吉:3|錦糸町:8|西大島:10|菊川:14|亀戸:14,分譲,,,,とどまるマンション,江東区毛利2丁目
ウエリスアーバン住吉EAST,住吉,6,住吉:6|菊川:7|錦糸町:15,賃貸,2026,10,3316,建築物環境計画書,江東区猿江一丁目22-16
ウエリスアーバン住吉WEST,住吉,6,住吉:6|菊川:7|錦糸町:15,賃貸,2026,10,2550,建築物環境計画書,江東区猿江一丁目22-10
ヴィスタガーデン住吉,住吉,6,住吉:6|菊川:7|錦糸町:15,賃貸,2022,9,2014,建築物環境計画書,江東区猿江1丁目2番16号
ガーラ・グランディ深川住吉,住吉,7,住吉:7|菊川:13|西大島:15,分譲,2022,12,2730,建築物環境計画書,江東区扇橋2丁目24番5
プライムアーバン住吉,住吉,7,住吉:7|菊川:13|西大島:15,賃貸,,,,とどまるマンション,江東区扇橋2丁目
コスモ住吉扇橋,住吉,9,住吉:9|西大島:12,分譲,,,,とどまるマンション,江東区扇橋3丁目
GRAN PASEO 清澄白河II,住吉,12,住吉:12|菊川:12,賃貸,2024,10,2205,建築物環境計画書,"江東区石島5番4,7, 25"
ダイアパレス南大泉,保谷,8,保谷:8|大泉学園:15,分譲,,,,とどまるマンション,練馬区南大泉4丁目
シティコープ光が丘,光が丘,3,光が丘:3|練馬春日町:14,分譲,,,,とどまるマンション,練馬区光が丘3丁目
光が丘パークタウンいちょう通り八番街団地 3-8-1号棟、3-8-2号棟、3-8-3号棟、3-8-4号棟、3-8-5号棟、3-8-6号棟、3-8-7号棟,光が丘,3,光が丘:3|練馬春日町:14,,,,,とどまるマンション,練馬区光が丘3丁目
センチュリー光が丘,光が丘,10,光が丘:10,分譲,2022,8,2639,建築物環境計画書,練馬区高松5丁目12番6号
プラウド光が丘四季の香公園,光が丘,10,光が丘:10,分譲,2024,8,4958,建築物環境計画書,練馬区高松5丁目 4800番地3(地名地番)
クレヴィア上野入谷,入谷,2,入谷:2|鶯谷:7|三ノ輪:13|上野:15|稲荷町:15,分譲,2025,14,4076,建築物環境計画書,台東区下谷二丁目4番1
ザ・パークハビオ入谷,入谷,2,入谷:2|鶯谷:7|三ノ輪:13|上野:15|稲荷町:15,賃貸,2023,14,3708,建築物環境計画書,台東区下谷2丁目6番14号
プライムメゾン入谷,入谷,2,入谷:2|鶯谷:9|稲荷町:13|三ノ輪:14|上野:15,賃貸,2024,14,3533,建築物環境計画書,台東区入谷一丁目18番7号
ルフォンプログレ上野入谷フロント,入谷,2,入谷:2|鶯谷:7|三ノ輪:13|上野:15|稲荷町:15,賃貸,2022,13,2199,建築物環境計画書,台東区下谷二丁目6番15号(住居表示)
Brillia ist 上野稲荷町,入谷,4,入谷:4|稲荷町:9|鶯谷:9|上野:11|田原町:13,賃貸,2024,15,2236,建築物環境計画書,台東区北上野二丁目3番1号
アーバネックス北上野,入谷,4,入谷:4|稲荷町:9|鶯谷:9|上野:11|田原町:13,賃貸,2025,13,2031,建築物環境計画書,台東区北上野二丁目108番1、108番7
オープンレジデンシア上野入谷,入谷,4,入谷:4|鶯谷:12|三ノ輪:13|稲荷町:14|田原町:15,分譲,2023,15,3263,建築物環境計画書,台東区入谷二丁目43番1
クレイシア・ヴァースクレイシアIDZ上野,入谷,4,入谷:4|稲荷町:9|鶯谷:9|上野:11|田原町:13,分譲・賃貸,2024,15,2173,建築物環境計画書,台東区 北上野2丁目16番3号(住居表示)            北上野2丁目124-2他(地名地番)
クレストコート上野,入谷,4,入谷:4|稲荷町:9|鶯谷:9|上野:11|田原町:13,賃貸,2024,14,2516,建築物環境計画書,"台東区北上野二丁目54番2,4 55番12,13,32(地名地番)"
コスモ入谷シティフォルム,入谷,4,入谷:4|鶯谷:12|三ノ輪:13|稲荷町:14|田原町:15,分譲,,,,とどまるマンション,台東区入谷2丁目
プラウドフラット上野松ケ谷,入谷,5,入谷:5|稲荷町:11|田原町:12|鶯谷:12|上野:14,賃貸,,,,とどまるマンション,台東区松が谷四丁目
ミリアレジデンス上野松が谷,入谷,5,入谷:5|稲荷町:11|田原町:12|鶯谷:12|上野:14,賃貸,,,,とどまるマンション,台東区松が谷四丁目
リビオレゾン上野根岸,入谷,7,入谷:7|鶯谷:9|三ノ輪:10|三河島:13,分譲,2022,15,4811,建築物環境計画書,台東区根岸四丁目83番1
ルフォン上野松が谷,入谷,7,入谷:7|稲荷町:8|田原町:10|上野:13|鶯谷:13,分譲,2024,13,2249,建築物環境計画書,台東区松が谷3丁目385番2
プラウドフラット浅草アベニュー,入谷,8,入谷:8|浅草:12|田原町:12|稲荷町:14,賃貸,2023,15,2503,建築物環境計画書,台東区千束一丁目15番8号
ベルファース八丁堀West,八丁堀,3,八丁堀:3|新富町:7|茅場町:8|築地:11|東銀座:12,賃貸,2024,12,3703,建築物環境計画書,中央区八丁堀3丁目8番1号(住居表示)
GREEN PARK 八丁堀,八丁堀,4,八丁堀:4|茅場町:5|新富町:10|三越前:11|水天宮前:12,,,,,中央区防災認定,中央区八丁堀2-2-7
ウィルローズ東京八丁堀,八丁堀,4,八丁堀:4|新富町:8|茅場町:10|築地:11|月島:13,,,,,中央区防災認定,中央区湊3-7-7
クイーンズパレス東京中央,八丁堀,4,八丁堀:4|茅場町:5|新富町:10|三越前:11|水天宮前:12,,,,,中央区防災認定,中央区八丁堀4-12-4
コンパートメント東京中央,八丁堀,4,八丁堀:4|茅場町:5|新富町:10|三越前:11|水天宮前:12,,,,,中央区防災認定,中央区八丁堀3-24-1
サンクタス東京スクエア,八丁堀,4,八丁堀:4|新富町:8|茅場町:10|築地:11|月島:13,,,,,中央区防災認定,中央区湊1-14-16
シティタワー銀座東,八丁堀,4,八丁堀:4|新富町:8|茅場町:10|築地:11|月島:13,,,,,中央区防災認定,中央区湊2-11-1
プラウド東京八丁堀,八丁堀,4,八丁堀:4|茅場町:5|新富町:10|三越前:11|水天宮前:12,,,,,中央区防災認定,中央区八丁堀2-17-1
プレサンスロジェ東京湊,八丁堀,4,八丁堀:4|新富町:8|茅場町:10|築地:11|月島:13,,,,,中央区防災認定,中央区湊3-12-10
ライオンズマンション八丁堀第二,八丁堀,4,八丁堀:4|茅場町:5|新富町:10|三越前:11|水天宮前:12,,,,,中央区防災認定,中央区八丁堀3-21-3
プレシス東京湊THE RESIDENCE,八丁堀,6,八丁堀:6|新富町:8|築地:10|月島:11|茅場町:13,分譲,,,,とどまるマンション／中央区防災認定,中央区湊2丁目
ザ・ライオンズ世田谷八幡山,八幡山,5,八幡山:5|上北沢:9|芦花公園:10,分譲,2025,3,4290,建築物環境計画書,世田谷区八幡山三丁目29番17号
メイゾン上北沢,八幡山,5,八幡山:5|上北沢:10|芦花公園:10|高井戸:14,分譲,,,,とどまるマンション,世田谷区上北沢5丁目
明治大学体育会サッカー部・競走部合宿所,八幡山,12,八幡山:12|上北沢:13,賃貸,2023,3,2330,建築物環境計画書,世田谷区八幡山二丁目760番、760番の2~5
ガーデンヴィラ芦花公園,八幡山,13,八幡山:13|芦花公園:14,分譲,,,,とどまるマンション,世田谷区粕谷1丁目
プラウド千歳烏山アベニュー,八幡山,13,八幡山:13|芦花公園:14,分譲,2022,7,4752,建築物環境計画書,世田谷区粕谷一丁目393番1、粕谷三丁目397番3(地名・地番)
メインステージ東向島II,八広,10,八広:10|四ツ木:13|東向島:13,分譲,2023,10,2928,建築物環境計画書,墨田区墨田4丁目48番14
オハナ八王子オークコート,八王子,6,八王子:6|京王八王子:8,分譲,,,,とどまるマンション,八王子市子安町1丁目
ウィルローズ八王子,八王子,7,八王子:7|京王八王子:7,分譲,2024,15,2341,建築物環境計画書,八王子市横山町1番1
プレシス八王子横山町,八王子,7,八王子:7|京王八王子:7,分譲,2025,15,2749,建築物環境計画書,八王子市横山町132番1他
LUXENA八王子寺町,八王子,8,八王子:8|京王八王子:12,賃貸,2025,15,5488,建築物環境計画書,八王子市寺町 46
リビオレゾン八王子レジデンス,八王子,8,八王子:8|京王八王子:12,分譲,2023,14,3257,建築物環境計画書,八王子市寺町1番2
VITA 八王子,八王子,12,八王子:12|京王八王子:15,分譲,2025,7,2380,建築物環境計画書,八王子市南新町22-21(地番)
グランド・ガーラ西麻布,六本木,7,六本木:7|乃木坂:8|広尾:13|麻布十番:14,分譲,,,,とどまるマンション,港区西麻布1丁目
リビオメゾン西麻布,六本木,7,六本木:7|乃木坂:8|広尾:13|麻布十番:14,賃貸,2025,11,2436,建築物環境計画書,港区西麻布一丁目14-5
グランスイート麻布六本木,六本木一丁目,3,六本木一丁目:3|六本木:6|神谷町:10|麻布十番:11|赤坂:11,分譲,2025,14,3188,建築物環境計画書,港区六本木3丁目111番18
クオリティス東京六町,六町,7,六町:7|青井:12|北綾瀬:14,分譲,2024,7,4712,建築物環境計画書,"足立区西加平二丁目5-12,5-41,5-73,5-74"
エクセルシオール保塚町,六町,10,六町:10,分譲,2022,5,3086,建築物環境計画書,"足立区保塚町17-4,17-60,17-62"
パークハイツ多摩川,六郷土手,1,六郷土手:1|雑色:15,分譲,,,,とどまるマンション,大田区仲六郷4丁目
フェア・コート多摩川,六郷土手,4,六郷土手:4|雑色:12,分譲,,,,とどまるマンション,大田区東六郷3丁目
ヴァースクレイシアIDZ太田南ザ・レジデンス,六郷土手,4,六郷土手:4|雑色:12,賃貸,2022,8,2540,建築物環境計画書,大田区東六郷三丁目19番19-101~801号
パークホームズ初台一丁目,初台,2,初台:2|参宮橋:8|西新宿五丁目:14|代々木八幡:14,分譲,2023,6,2401,建築物環境計画書,渋谷区初台一丁目6番5、6番12
プライムアーバン初台,初台,2,初台:2|参宮橋:8|西新宿五丁目:14|代々木八幡:14,賃貸,,,,とどまるマンション,渋谷区初台一丁目
ARKMARK渋谷初台,初台,3,初台:3|参宮橋:12|西新宿五丁目:12,分譲,2023,15,2085,建築物環境計画書,渋谷区本町1丁目12番4(住居表示12番1号)
パルテールアージュ,初台,7,初台:7|代々木八幡:9|参宮橋:10|代々木公園:11|代々木上原:12,分譲,,,,とどまるマンション,渋谷区初台2丁目
Brillia ist Tower 勝どき,勝どき,3,勝どき:3|月島:10|築地:11|新富町:14,賃貸,,,,とどまるマンション,中央区勝どき一丁目
GRAND MARINA TOKYO パークタワー勝どきサウス,勝どき,3,勝どき:3|月島:10|築地:11|新富町:14,,,,,中央区防災認定,中央区勝どき4-6-1
GRAND MARINA TOKYO パークタワー勝どきミッド,勝どき,3,勝どき:3|月島:10|築地:11|新富町:14,,,,,中央区防災認定,中央区勝どき4-6-2
クラリティ・アスール,勝どき,3,勝どき:3|月島:10|築地:11|新富町:14,,,,,中央区防災認定,中央区勝どき3-3-13
クレストシティレジデンス,勝どき,3,勝どき:3|月島:10|築地:11|新富町:14,,,,,中央区防災認定,中央区勝どき5-5-14
グレーシア勝どき,勝どき,3,勝どき:3|月島:10|築地:11|新富町:14,,,,,中央区防災認定,中央区勝どき4-1-11
コスモ東京ベイタワー,勝どき,3,勝どき:3|月島:10|築地:11|新富町:14,,,,,中央区防災認定,中央区勝どき5-12-4
サンステイト勝鬨橋リバーテラス,勝どき,3,勝どき:3|月島:10|築地:11|新富町:14,,,,,中央区防災認定,中央区勝どき3-1-7
スタジオデン勝どき,勝どき,3,勝どき:3|月島:10|築地:11|新富町:14,,,,,中央区防災認定,中央区勝どき3-3-5
プラザタワー勝どき,勝どき,3,勝どき:3|月島:10|築地:11|新富町:14,,,,,中央区防災認定,中央区勝どき1-13-6
ライオンズマンション勝どき,勝どき,3,勝どき:3|月島:10|築地:11|新富町:14,,,,,中央区防災認定,中央区勝どき2-5-8
勝どき ザ・タワー,勝どき,3,勝どき:3|月島:10|築地:11|新富町:14,,,,,中央区防災認定,中央区勝どき5-3-1
勝どきビュータワー,勝どき,3,勝どき:3|月島:10|築地:11|新富町:14,,,,,中央区防災認定,中央区勝どき1-8-1
勝どき一丁目アパート1号棟,勝どき,3,勝どき:3|月島:10|築地:11|新富町:14,,,,,中央区防災認定,中央区勝どき1-5-1
東京ミッドベイ勝どき,勝どき,3,勝どき:3|月島:10|築地:11|新富町:14,,,,,中央区防災認定,中央区勝どき5-10-10
アルス勝どきコモーネ,勝どき,4,勝どき:4|築地:12|月島:14,分譲,,,,とどまるマンション／中央区防災認定,中央区勝どき三丁目
DEUX TOURS,勝どき,6,勝どき:6|月島:14,分譲,,,,とどまるマンション／中央区防災認定,中央区晴海三丁目
THEパームス月島ルナガーデン,勝どき,6,勝どき:6|月島:6|築地:10|新富町:13,分譲,,,,とどまるマンション,中央区月島3丁目
プラウドフラット月島アベニュー,勝どき,6,勝どき:6|月島:6|築地:10|新富町:13,賃貸,2022,9,3003,建築物環境計画書,中央区月島三丁目6番7号(住居表示)
THE TOKYO TOWERS,勝どき,7,勝どき:7,分譲,,,,とどまるマンション／中央区防災認定,中央区勝どき6丁目
アトラス北千住,北千住,4,北千住:4|牛田:14|千住大橋:14|京成関屋:15,分譲,2025,14,12540,建築物環境計画書,足立区千住3丁目48番4号(地名地番)
ザ・パークハビオ 北千住,北千住,4,北千住:4|牛田:14|千住大橋:14|京成関屋:15,賃貸,2025,14,8134,建築物環境計画書,足立区千住三丁目32番地(地番)
HF 北千住 レジデンス,北千住,5,北千住:5|千住大橋:9|京成関屋:13|牛田:13,賃貸,2023,14,3866,建築物環境計画書,足立区千住一丁目1-7
フラッツ北千住,北千住,5,北千住:5|千住大橋:9|京成関屋:13|牛田:13,分譲,,,,とどまるマンション,足立区千住1丁目
イニシア北千住レジデンス,北千住,8,北千住:8,分譲,2023,15,4467,建築物環境計画書,足立区千住寿町2番16
プライムアーバン千住,北千住,8,北千住:8|千住大橋:10,賃貸,,,,とどまるマンション,足立区千住中居町
ミリアレジデンス洗足,北千束,1,北千束:1|洗足:5|大岡山:8|長原:9|洗足池:10,賃貸,,,,とどまるマンション,大田区北千束2丁目
ラ・トゥール御殿山,北品川,4,北品川:4|新馬場:8|大崎:9|品川:11,賃貸,2025,10,14749,建築物環境計画書,品川区北品川4丁目7番6号
ルフォン御殿山,北品川,4,北品川:4|新馬場:5|大崎:12|品川:12|天王洲アイル:14,分譲,,,,とどまるマンション,品川区北品川3丁目
ミリアレジデンス上池袋,北池袋,4,北池袋:4|板橋:6|下板橋:8|西巣鴨:10|新板橋:11,賃貸,,,,とどまるマンション,豊島区上池袋4丁目
ミリアレジデンス上池袋II,北池袋,4,北池袋:4|板橋:9|下板橋:10|西巣鴨:12|新板橋:14,賃貸,,,,とどまるマンション,豊島区上池袋3丁目
ジェノヴィア池袋本町,北池袋,8,北池袋:8|下板橋:8|板橋:12|大山:13|板橋区役所前:13,分譲,2023,7,2679,建築物環境計画書,豊島区池袋本町2丁目29番12
ルーブル池袋弐番館,北池袋,9,北池袋:9|下板橋:12|要町:14|池袋:14,賃貸,2022,11,3277,建築物環境計画書,豊島区池袋四丁目25番12
オープンレジデンシア北綾瀬コート,北綾瀬,2,北綾瀬:2,分譲,2025,8,4326,建築物環境計画書,足立区谷中二丁目20-5
オープンレジデンシア北綾瀬プレイス,北綾瀬,7,北綾瀬:7|六町:12,分譲,2024,8,4481,建築物環境計画書,足立区谷中四丁目15番14号
シエリア北綾瀬,北綾瀬,7,北綾瀬:7|六町:12,分譲,2025,8,2848,建築物環境計画書,足立区谷中四丁目6番10号(住居表示)
フュージョナル北綾瀬,北綾瀬,7,北綾瀬:7,賃貸,2021,10,2026,建築物環境計画書,足立区東和5丁目61-80(地名地番)
オープンレジデンシア北綾瀬,北綾瀬,8,北綾瀬:8|青井:8,分譲,2023,9,2131,建築物環境計画書,足立区綾瀬七丁目19番3
ヴェレーナグラン赤羽北ザ・マークス,北赤羽,3,北赤羽:3,分譲,2023,12,7454,建築物環境計画書,北区赤羽北2丁目33番4
アトラス北赤羽,北赤羽,5,北赤羽:5|浮間舟渡:13,分譲,2026,8,5764,建築物環境計画書,北区浮間三丁目5番13(地番)
ヴェレーナグラン北赤羽マスタープレイス,北赤羽,6,北赤羽:6,分譲,2025,19,22686,建築物環境計画書,北区浮間一丁目4番1
ヴェレーナグラン北赤羽マナープレイス,北赤羽,6,北赤羽:6,分譲,2024,15,5044,建築物環境計画書,北区浮間一丁目1番8
アリスティオ赤羽北,北赤羽,8,北赤羽:8|志村坂上:13,賃貸,2023,3,2238,建築物環境計画書,北区赤羽北3丁目21-11
東京メガシティ A・C・D棟,北赤羽,8,北赤羽:8|志村坂上:13,分譲,,,,とどまるマンション,北区赤羽北三丁目
東京メガシティ B棟・E棟,北赤羽,8,北赤羽:8|志村坂上:13,分譲,,,,とどまるマンション,北区赤羽北3丁目
リーフィアレジデンス八王子北野,北野,6,北野:6,分譲,2024,12,3770,とどまるマンション／建築物環境計画書,八王子市打越町2013番3
ネオコーポ八王子,北野,8,北野:8,分譲,,,,とどまるマンション,八王子市北野町
ザ・パークハウス十条,十条,2,十条:2|東十条:7,分譲,,,,とどまるマンション,北区上十条一丁目
ザ・タワー十条,十条,3,十条:3|東十条:10|新板橋:14,分譲,2024,39,81128,建築物環境計画書,北区上十条二丁目1001番
リビオメゾン十条,十条,7,十条:7|東十条:8,賃貸,2024,5,2599,建築物環境計画書,北区十条仲原二丁目14 番19 号
グランフィーネ加賀,十条,8,十条:8|新板橋:9|板橋区役所前:11|板橋:14|下板橋:14,分譲,,,,とどまるマンション,板橋区加賀1丁目
シティテラス加賀,十条,8,十条:8|新板橋:9|板橋区役所前:11|板橋:14|下板橋:14,分譲,,,,とどまるマンション,板橋区加賀1丁目
テラス加賀,十条,8,十条:8|新板橋:9|板橋区役所前:11|板橋:14|下板橋:14,分譲,,,,とどまるマンション,板橋区加賀1丁目
バウスクロス板橋加賀,十条,8,十条:8|新板橋:9|板橋区役所前:11|板橋:14|下板橋:14,賃貸,2023,5,2079,建築物環境計画書,板橋区加賀一丁目1番6号
プライマージュ加賀,十条,8,十条:8|新板橋:9|板橋区役所前:11|板橋:14|下板橋:14,分譲,,,,とどまるマンション,板橋区加賀1丁目
プラウドシティ加賀学園通り,十条,8,十条:8|新板橋:9|板橋区役所前:11|板橋:14|下板橋:14,分譲,,,,とどまるマンション,板橋区加賀1丁目
グランスイート加賀,十条,9,十条:9|板橋区役所前:11|板橋本町:12|新板橋:14,分譲,,,,とどまるマンション,板橋区加賀2丁目
AQUAVISTA,千住大橋,3,千住大橋:3|南千住:10,分譲,,,,とどまるマンション,足立区千住橋戸町
S-RESIDENCE 千住大橋,千住大橋,3,千住大橋:3|南千住:10,賃貸,2024,13,3746,建築物環境計画書,足立区千住橋戸町44-17外
シティタワー千住大橋,千住大橋,3,千住大橋:3|南千住:10,分譲,2025,42,48446,建築物環境計画書,足立区千住橋戸町1番5他(地番)
アクロシティCポート,千住大橋,8,千住大橋:8|南千住:9|三ノ輪:12,分譲,,,,とどまるマンション,荒川区南千住6丁目
アクロシティEポート,千住大橋,8,千住大橋:8|南千住:9|三ノ輪:12,分譲,,,,とどまるマンション,荒川区南千住6丁目
アクロシティFポート,千住大橋,8,千住大橋:8|南千住:9|三ノ輪:12,分譲,,,,とどまるマンション,荒川区南千住6丁目
アクロシティタワーズ,千住大橋,8,千住大橋:8|南千住:9|三ノ輪:12,分譲,,,,とどまるマンション,荒川区南千住6丁目
グレーシアタワー南千住,千住大橋,8,千住大橋:8|南千住:9|三ノ輪:12,分譲,2026,20,6746,建築物環境計画書,荒川区南千住6丁目223-1
ハイツ町屋,千住大橋,14,千住大橋:14|町屋:14,分譲,,,,とどまるマンション,荒川区町屋7丁目
カレッジコート千川駅前,千川,1,千川:1|小竹向原:12|東長崎:13|要町:13,賃貸,2026,9,2310,建築物環境計画書,豊島区要町三丁目48番41
オープンレジデンシア千川,千川,6,千川:6|要町:14|小竹向原:15,分譲,2022,3,3215,建築物環境計画書,豊島区千川2丁目16番1 他
フル―ヴベール烏山,千歳烏山,2,千歳烏山:2|芦花公園:9,分譲・賃貸,2023,6,2215,建築物環境計画書,世田谷区南烏山5丁目17-9
プライムアーバン南烏山,千歳烏山,2,千歳烏山:2|芦花公園:9,賃貸,,,,とどまるマンション,世田谷区南烏山五丁目
プライムアーバン烏山ガレリア,千歳烏山,4,千歳烏山:4|芦花公園:6|八幡山:14,賃貸,,,,とどまるマンション,世田谷区南烏山四丁目
アトラスシティ千歳烏山グランスイート 杜ノ棟,千歳烏山,10,千歳烏山:10|仙川:10,分譲,2025,4,10113,建築物環境計画書,世田谷区給田三丁目944番1
アトラスシティ千歳烏山グランスイート 風ノ棟,千歳烏山,10,千歳烏山:10|仙川:10,分譲,2025,4,10022,建築物環境計画書,世田谷区給田三丁目944番11
プライムアーバン千歳烏山,千歳烏山,12,千歳烏山:12|芦花公園:14,賃貸,,,,とどまるマンション,世田谷区粕谷三丁目
パーク・ハイム経堂四丁目,千歳船橋,4,千歳船橋:4|経堂:12,分譲,,,,とどまるマンション,世田谷区経堂4丁目
デュオフラッツ千歳船橋,千歳船橋,5,千歳船橋:5|経堂:15,賃貸,2026,4,2284,とどまるマンション／建築物環境計画書,世田谷区桜丘2丁目2940番1
レジデンスコート世田谷桜丘,千歳船橋,5,千歳船橋:5,分譲,2023,7,8058,建築物環境計画書,世田谷区 桜丘5 丁目3049 番1
ヴィークステージ世田谷・千歳船橋,千歳船橋,7,千歳船橋:7|経堂:15,分譲,,,,とどまるマンション,世田谷区船橋3丁目
サンヴェール千歳船橋,千歳船橋,11,千歳船橋:11,分譲,,,,とどまるマンション,世田谷区船橋四丁目
パークコート砧ウエスト,千歳船橋,14,千歳船橋:14,分譲,,,,とどまるマンション,世田谷区砧4丁目
ミリオンガーデン世田谷砧,千歳船橋,14,千歳船橋:14,分譲,,,,とどまるマンション,世田谷区砧4丁目
アトラスシティ世田谷船橋,千歳船橋,15,千歳船橋:15,分譲,2023,10,18516,建築物環境計画書,世田谷区船橋6丁目31番1
プラウド文京千石スクエア,千石,3,千石:3|白山:11|本駒込:11|巣鴨:12|茗荷谷:14,分譲,2023,10,4843,建築物環境計画書,文京区千石一丁目296番1
GREEN PARK 文京千石,千石,5,千石:5|巣鴨:6|駒込:13|新大塚:13|大塚:14,分譲,2024,10,2669,建築物環境計画書,文京区千石4丁目502-1
Briilia ist 文京六義園,千石,6,千石:6|巣鴨:7|駒込:7|本駒込:14,賃貸,2023,6,2485,建築物環境計画書,文京区本駒込6丁目3-9
クラッシィハウス谷中道灌山W棟,千駄木,3,千駄木:3|日暮里:7|西日暮里:7|根津:13|本駒込:14,分譲,,,,とどまるマンション,台東区谷中3丁目
グランドメゾン千駄木中央,千駄木,4,千駄木:4|東大前:9|根津:9|本駒込:10|白山:11,分譲,,,,とどまるマンション,文京区千駄木2丁目
プライムアーバン千駄木,千駄木,4,千駄木:4|東大前:9|根津:9|本駒込:10|白山:11,賃貸,,,,とどまるマンション,文京区千駄木二丁目
ディー・トリア アイリットスクエア,千鳥町,3,千鳥町:3|下丸子:4|武蔵新田:7|鵜の木:10|久が原:11,分譲,,,,とどまるマンション,大田区千鳥3丁目
ディー・トリア ソレイユハウス,千鳥町,3,千鳥町:3|下丸子:4|武蔵新田:7|鵜の木:10|久が原:11,分譲,,,,とどまるマンション,大田区千鳥3丁目
ディー・トリア フォレストハウス,千鳥町,3,千鳥町:3|下丸子:4|武蔵新田:7|鵜の木:10|久が原:11,分譲,,,,とどまるマンション,大田区千鳥三丁目
ジオ一番町,半蔵門,3,半蔵門:3|麹町:6|市ケ谷:9|永田町:13|四ツ谷:13,分譲,2022,11,2126,建築物環境計画書,千代田区一番町6番2
ザ・パークハウス グラン 三番町26,半蔵門,8,半蔵門:8|市ケ谷:9|麹町:11|九段下:11|飯田橋:14,分譲,2024,17,16666,建築物環境計画書,千代田区三番町26番1
nido南千住,南千住,3,南千住:3|千住大橋:10|三ノ輪:12,賃貸,2024,15,6223,建築物環境計画書,荒川区南千住七丁目17番2
コスモシティ東京イースト,南千住,3,南千住:3|千住大橋:10|三ノ輪:12,分譲,,,,とどまるマンション,荒川区南千住7丁目
ヴァースクレイシア IDZ 南千住,南千住,3,南千住:3|千住大橋:10|三ノ輪:12,分譲,2021,8,2384,建築物環境計画書,"荒川区南千住7丁目 150-2,3,4,6,10,13,14"
ガレリアレジデンス南千住,南千住,9,南千住:9|三ノ輪:13,分譲,2022,11,2290,建築物環境計画書,台東区清川二丁目9番4
グリーンパーク南千住,南千住,9,南千住:9,分譲,,,,とどまるマンション,荒川区南千住3丁目
アルボの丘,南多摩,9,南多摩:9|稲城長沼:12|稲城:14,分譲,,,,とどまるマンション,稲城市向陽台6丁目
ビスタリエ向陽台,南多摩,9,南多摩:9|稲城長沼:12|稲城:14,分譲,,,,とどまるマンション,稲城市向陽台6丁目
カレッジコート南大沢,南大沢,8,南大沢:8,賃貸,2024,5,2504,建築物環境計画書,八王子市南大沢1丁目22-22
フェリズ南大沢,南大沢,9,南大沢:9,分譲,,,,とどまるマンション,八王子市下柚木3丁目
レーベンスガルテン長池II,南大沢,10,南大沢:10,分譲,,,,とどまるマンション,八王子市別所1丁目
南大沢学園五番街,南大沢,10,南大沢:10,分譲,,,,とどまるマンション,八王子市上柚木3丁目
南大沢レジデンス,南大沢,11,南大沢:11|多摩境:14,分譲,,,,とどまるマンション,八王子市南大沢5丁目
プレジャーガーデン南大沢弐番館,南大沢,13,南大沢:13,分譲,,,,とどまるマンション,八王子市上柚木2丁目
ドレッセタワー南町田グランベリーパーク,南町田グランベリーパーク,3,南町田グランベリーパーク:3,分譲,2024,34,45392,建築物環境計画書,町田市鶴間三丁目3番地7
リビオシティ南砂町 ステーションサイト,南砂町,4,南砂町:4,分譲,2023,13,29284,建築物環境計画書,江東区南砂7丁目2013番29
シティテラス南砂,南砂町,8,南砂町:8|東陽町:15,分譲,2024,15,12920,建築物環境計画書,江東区南砂四丁目261番10外
ガーラ・レジデンス南砂町,南砂町,10,南砂町:10,分譲,2024,13,3293,建築物環境計画書,"江東区南砂五丁目855番2,855番3,855番9"
スカイシティ南砂,南砂町,10,南砂町:10,分譲,,,,とどまるマンション,江東区南砂5丁目
セントラルグリーンハイツ,南砂町,10,南砂町:10,分譲,,,,とどまるマンション,江東区東砂七丁目
吉野ハイツ,南砂町,10,南砂町:10,賃貸,,,,とどまるマンション,江東区東砂7丁目
東急ドエルアルス南砂サルーテ,南砂町,10,南砂町:10,分譲,,,,とどまるマンション,江東区東砂7丁目
コンドミニアム仙台堀パーク,南砂町,14,南砂町:14,分譲,,,,とどまるマンション,江東区北砂7丁目
コンフォリア・リヴ南砂町EAST,南砂町,14,南砂町:14,賃貸,2026,14,7042,建築物環境計画書,"江東区北砂7丁目1098-1,-5,1099-3,-5,-7,-8,-10"
ルーブル南砂町,南砂町,14,南砂町:14,分譲,2022,12,2502,建築物環境計画書,江東区北砂四丁目41番11
TEC Green Residence (テック グリーン レジデンス),南砂町,15,南砂町:15,賃貸,,,,とどまるマンション,江東区東砂6丁目
TEC Residence,南砂町,15,南砂町:15,賃貸,,,,とどまるマンション,江東区東砂6丁目
クレストフォルム東京アヴァンセ,南砂町,15,南砂町:15,分譲,,,,とどまるマンション,江東区新砂3丁目
グランエスタ,南砂町,15,南砂町:15,分譲,,,,とどまるマンション,江東区新砂3丁目
ドゥーエ南砂町II,南砂町,15,南砂町:15,賃貸,2024,9,2473,建築物環境計画書,江東区東砂6丁目8番1
ライオンズガーデン阿佐ヶ谷,南阿佐ケ谷,5,南阿佐ケ谷:5|阿佐ケ谷:7|新高円寺:11|高円寺:13,分譲,,,,とどまるマンション,杉並区阿佐谷南1丁目
op.St.M(オーパス.セイント.エム),原宿,4,原宿:4|北参道:10|表参道:12|外苑前:14,賃貸,2022,4,2123,建築物環境計画書,渋谷区神宮前6-34-23
プラウド神宮前,原宿,6,原宿:6|表参道:10|渋谷:11,分譲,2024,11,20514,建築物環境計画書,渋谷区神宮前六丁目34番1号(住居表示)
プラウド参宮橋,参宮橋,4,参宮橋:4|初台:5|代々木:13|都庁前:14|西新宿五丁目:15,分譲,2024,4,2891,建築物環境計画書,渋谷区代々木四丁目13番1
ライオンズヒルズ参宮橋,参宮橋,4,参宮橋:4|初台:5|代々木:13|都庁前:14|西新宿五丁目:15,分譲,,,,とどまるマンション,渋谷区代々木4丁目
リビオレゾン参宮橋,参宮橋,4,参宮橋:4|初台:5|代々木:13|都庁前:14|西新宿五丁目:15,分譲,2023,6,3323,建築物環境計画書,渋谷区代々木4丁目24番5号
グランハイツ代々木,参宮橋,6,参宮橋:6|初台:9|代々木:9|都庁前:10|西新宿五丁目:14,賃貸,,,,とどまるマンション,渋谷区代々木3丁目
ザ・パークハビオ代々木,参宮橋,6,参宮橋:6|初台:9|代々木:9|都庁前:10|西新宿五丁目:14,賃貸,2025,9,3207,建築物環境計画書,渋谷区代々木三丁目46番1
代々木ペアシティ,参宮橋,6,参宮橋:6|初台:9|代々木:9|都庁前:10|西新宿五丁目:14,分譲,,,,とどまるマンション,渋谷区代々木3丁目
グローリオ吉祥寺本町,吉祥寺,3,吉祥寺:3,分譲,,,,とどまるマンション,武蔵野市吉祥寺本町一丁目
プラウド吉祥寺本町,吉祥寺,3,吉祥寺:3,分譲,2026,5,2992,建築物環境計画書,武蔵野市吉祥寺本町一丁目34番6号
ルネ吉祥寺,吉祥寺,4,吉祥寺:4|三鷹台:15,分譲,,,,とどまるマンション,武蔵野市吉祥寺南町1丁目
吉祥寺パインクレスト,吉祥寺,4,吉祥寺:4|三鷹台:15,分譲,,,,とどまるマンション,武蔵野市吉祥寺南町1丁目
吉祥寺御殿山HOUSE,吉祥寺,10,吉祥寺:10|三鷹:13,分譲,,,,とどまるマンション,武蔵野市御殿山1丁目
ミリアレジデンス高輪,品川,4,品川:4|北品川:8|高輪台:8|大崎:12|五反田:12,賃貸,,,,とどまるマンション,港区高輪4丁目
シティウインズ品川ガーデンコート,品川シーサイド,7,品川シーサイド:7|新馬場:9|青物横丁:11|天王洲アイル:11|北品川:15,分譲,,,,とどまるマンション,品川区東品川3丁目
パークアクシス品川天王洲アイル,品川シーサイド,7,品川シーサイド:7|新馬場:9|青物横丁:11|天王洲アイル:11|北品川:15,賃貸,2025,14,14694,建築物環境計画書,品川区東品川3丁目32番27号
マーキープランドール,唐木田,7,唐木田:7|京王堀之内:11,賃貸,,,,とどまるマンション,多摩市中沢1丁目
世田谷喜多見ザ・テラス,喜多見,5,喜多見:5|成城学園前:13,分譲,,,,とどまるマンション,世田谷区喜多見9丁目
ガーラ・プレシャス四ツ木,四ツ木,7,四ツ木:7|京成立石:11,分譲,2026,7,2975,建築物環境計画書,葛飾区東四つ木四丁目2番16号
ザ・パークハウス 千代田六番町,四ツ谷,5,四ツ谷:5|市ケ谷:6|麹町:7|半蔵門:10|曙橋:14,分譲,2025,7,6376,建築物環境計画書,"千代田区六番町7-4,5,42"
グランカーサ四谷,四ツ谷,6,四ツ谷:6|四谷三丁目:6|信濃町:8|曙橋:11|麹町:15,賃貸,2023,8,2998,建築物環境計画書,新宿区若葉2丁目10-5
野村不動産四谷ビル,四ツ谷,6,四ツ谷:6|四谷三丁目:6|曙橋:8|信濃町:11|市ケ谷:13,賃貸,,,,とどまるマンション,新宿区四谷二丁目
Brillia 四谷三丁目,四谷三丁目,3,四谷三丁目:3|曙橋:4|新宿御苑前:12|四ツ谷:12|若松河田:13,分譲,2023,13,2999,建築物環境計画書,新宿区舟町3番1
ZOOM信濃町,四谷三丁目,3,四谷三丁目:3|信濃町:8|曙橋:9|四ツ谷:11|新宿御苑前:12,分譲,2025,13,3759,建築物環境計画書,新宿区左門町21-2
プライムアーバン四谷外苑東,四谷三丁目,3,四谷三丁目:3|信濃町:8|曙橋:9|四ツ谷:11|新宿御苑前:12,賃貸,,,,とどまるマンション,新宿区左門町
ラティエラ四谷,四谷三丁目,3,四谷三丁目:3|曙橋:5|新宿御苑前:10|若松河田:13|信濃町:14,賃貸,2025,13,2709,建築物環境計画書,新宿区愛住町6-1外
S-RESIDENCE 新宿御苑,四谷三丁目,5,四谷三丁目:5|新宿御苑前:6|曙橋:9|千駄ケ谷:12|信濃町:13,賃貸,2023,15,2436,建築物環境計画書,"新宿区四谷4丁目31番2,3,4,5,6"
ミリアレジデンス新宿御苑II,四谷三丁目,5,四谷三丁目:5|新宿御苑前:6|曙橋:9|千駄ケ谷:12|信濃町:13,賃貸,,,,とどまるマンション,新宿区四谷4丁目
La Perla Yotsuya,四谷三丁目,6,四谷三丁目:6|曙橋:6|四ツ谷:7|市ケ谷:12|信濃町:13,賃貸,2025,11,956,建築物環境計画書,新宿区四谷三栄町6番18号
コンチェルト国分寺,国分寺,3,国分寺:3|西国分寺:15,分譲,,,,とどまるマンション,国分寺市南町3丁目
国分寺女子ハイツ2,国分寺,5,国分寺:5|西国分寺:13,,,,,とどまるマンション,国分寺市本町四丁目
ベルジュール国立シエル,国立,4,国立:4,賃貸,2023,9,2335,建築物環境計画書,国立市東一丁目8番4
ベルジュール国立テーレ,国立,4,国立:4,賃貸,2023,9,2328,建築物環境計画書,"国立市東一丁目8番3,25"
朝日生命国立社宅建替え及び有料老人ホーム新築工事(社宅-南棟),国立,9,国立:9,賃貸,2024,3,2622,建築物環境計画書,国立市東二丁目27番1の一部、27番23の一部、27番24の一部、27番28の一部
アトラス国領 イーストタワー(I棟),国領,7,国領:7|柴崎:10|布田:14,分譲,,,,とどまるマンション,調布市国領町8丁目
アトラス国領 ウエストコート(F棟),国領,7,国領:7|柴崎:10|布田:14,分譲,,,,とどまるマンション,調布市国領町8丁目
アトラス国領 ウエストタワー(G棟),国領,7,国領:7|柴崎:10|布田:14,分譲,,,,とどまるマンション,調布市国領町8丁目
アトラス国領 ガーデンタワー(A・B棟),国領,7,国領:7|柴崎:10|布田:14,分譲,,,,とどまるマンション,調布市国領町8丁目
アトラス国領 サウスコート(J棟・K棟),国領,7,国領:7|柴崎:10|布田:14,分譲,,,,とどまるマンション,調布市国領町8丁目
アトラス国領 サウスタワー(H棟),国領,7,国領:7|柴崎:10|布田:14,分譲,,,,とどまるマンション,調布市国領町8丁目
アトラス国領 セントラルコート(C・D・E棟),国領,7,国領:7|柴崎:10|布田:14,分譲,,,,とどまるマンション,調布市国領町8丁目
コナ・ヴィレッジ調布国領,国領,7,国領:7|柴崎:10|布田:14,分譲,,,,とどまるマンション,調布市国領町八丁目
シティテラス多摩川 A棟,国領,15,国領:15,分譲,2025,6,3658,建築物環境計画書,調布市染地三丁目1-811他
シティテラス多摩川 B棟,国領,15,国領:15,分譲,2025,6,4266,建築物環境計画書,調布市染地三丁目1-811他
シティテラス多摩川 C棟,国領,15,国領:15,分譲,2025,12,8656,建築物環境計画書,調布市染地三丁目1-811他
シティテラス多摩川 D棟,国領,15,国領:15,分譲,2025,12,11699,建築物環境計画書,調布市染地三丁目1-811他
シティテラス多摩川 E棟,国領,15,国領:15,分譲,2025,12,8996,建築物環境計画書,調布市染地三丁目1-811他
シティテラス多摩川 F棟,国領,15,国領:15,分譲,2025,12,19582,建築物環境計画書,調布市染地三丁目1-811他
シティテラス多摩川 G棟,国領,15,国領:15,分譲,2025,12,14790,建築物環境計画書,調布市染地三丁目1-811他
ブリシア国領,国領,15,国領:15,分譲,2024,5,4364,建築物環境計画書,"狛江市中和泉五丁目93-8,-14,-34"
メインステージ成増II,地下鉄成増,2,地下鉄成増:2|成増:3,分譲,2023,5,2371,建築物環境計画書,板橋区成増二丁目94番3、94番4の各一部
成増大栄ビル,地下鉄成増,2,地下鉄成増:2|成増:3,賃貸,2024,14,5137,建築物環境計画書,板橋区成増二丁目21番6号
GENOVIA 綾瀬II,堀切菖蒲園,10,堀切菖蒲園:10|綾瀬:11,分譲,2023,15,3951,建築物環境計画書,葛飾区小菅三丁目19番16
パークコート北青山,外苑前,2,外苑前:2|青山一丁目:7|表参道:11|信濃町:12|乃木坂:12,分譲,2025,10,2999,建築物環境計画書,港区北青山二丁目12番40
THE COURT 神宮外苑,外苑前,8,外苑前:8|北参道:10|千駄ケ谷:10|原宿:12|表参道:12,分譲,,,,とどまるマンション,渋谷区神宮前2丁目
ジェントルエア神宮前,外苑前,8,外苑前:8|北参道:10|千駄ケ谷:10|原宿:12|表参道:12,分譲,,,,とどまるマンション,渋谷区神宮前2丁目
ゲートヒルズ多摩境パークフロント,多摩境,6,多摩境:6,分譲,,,,とどまるマンション,町田市小山ヶ丘4丁目
マイキャッスル多摩境フィール,多摩境,6,多摩境:6,分譲,,,,とどまるマンション,町田市小山ヶ丘4丁目
グランレガーロ,多摩境,10,多摩境:10,分譲,,,,とどまるマンション,町田市小山ヶ丘5丁目
ディアナコート田園調布,多摩川,3,多摩川:3|沼部:9|田園調布:11|雪が谷大塚:12|御嶽山:14,分譲,,,,とどまるマンション,大田区田園調布1丁目
プライムアーバン西新宿I,大久保,4,大久保:4|西新宿:7|新大久保:8|新宿西口:11|都庁前:12,賃貸,,,,とどまるマンション,新宿区北新宿一丁目
RELUXIA CITY 北新宿,大久保,8,大久保:8|東中野:10|新大久保:11|落合:11|西新宿:13,分譲,2024,6,2037,建築物環境計画書,"新宿区北新宿3丁目776番5,6"
日本銀行本店柏木寮,大久保,8,大久保:8|東中野:10|新大久保:11|落合:11|西新宿:13,賃貸,2025,5,3206,建築物環境計画書,新宿区北新宿三丁目19番10号
Brillia ist 大井町,大井町,3,大井町:3|下神明:8|鮫洲:11|立会川:12|青物横丁:13,賃貸,2023,14,3389,建築物環境計画書,品川区大井1丁目54番10号
シティタワー大井町,大井町,3,大井町:3|下神明:8|鮫洲:11|立会川:12|青物横丁:13,分譲,,,,とどまるマンション,品川区大井1丁目
ピアース大井仙台坂,大井町,3,大井町:3|鮫洲:6|青物横丁:8|立会川:11|下神明:13,分譲,2024,14,5358,建築物環境計画書,品川区東大井5丁目25番22号
プラウドフラット品川大井町,大井町,5,大井町:5|青物横丁:7|鮫洲:9|新馬場:10|下神明:13,賃貸,2022,5,5260,建築物環境計画書,品川区南品川6丁目2番3号(住居表示)
オーベルグランディオ 品川勝島,大井競馬場前,6,大井競馬場前:6|立会川:7|鮫洲:9|青物横丁:14,分譲,,,,とどまるマンション,品川区勝島1丁目
桜坂ハイツ,大塚,3,大塚:3|新大塚:11|巣鴨:13|西巣鴨:14|東池袋:15,賃貸,,,,とどまるマンション,豊島区北大塚二丁目
ZOOM大塚,大塚,4,大塚:4|巣鴨:8|新大塚:10,分譲,2022,9,3302,建築物環境計画書,豊島区北大塚1丁目34番9号
ザ・タワーレジデンス大塚,大塚,4,大塚:4|巣鴨:8|新大塚:10,分譲,,,,とどまるマンション,豊島区北大塚1丁目
すずかけ坂ハイツ,大塚,6,大塚:6|北池袋:12|東池袋:13|新大塚:13|西巣鴨:14,賃貸,,,,とどまるマンション,豊島区北大塚3丁目
桜坂第2ハイツ,大塚,6,大塚:6|北池袋:12|東池袋:13|新大塚:13|西巣鴨:14,,,,,とどまるマンション,豊島区北大塚3丁目
桜坂第3ハイツ,大塚,6,大塚:6|北池袋:12|東池袋:13|新大塚:13|西巣鴨:14,賃貸,,,,とどまるマンション,豊島区北大塚3丁目
コンフォリア・リヴ東池袋,大塚,7,大塚:7|東池袋:9|新大塚:12|池袋:14|北池袋:14,賃貸,2025,12,2036,建築物環境計画書,豊島区東池袋二丁目7番2号
コニファーコート・ロワジール,大塚,9,大塚:9|西巣鴨:9|北池袋:11|板橋:13,分譲,,,,とどまるマンション,豊島区西巣鴨1丁目
シャリエ西巣鴨,大塚,9,大塚:9|西巣鴨:9|北池袋:11|板橋:13,分譲,,,,とどまるマンション,豊島区西巣鴨1丁目
BELISTA板橋大山,大山,3,大山:3|板橋区役所前:6|下板橋:13,分譲,,,,とどまるマンション,板橋区大山東町
ザ・パークハウス板橋大山大楠ノ杜,大山,3,大山:3|板橋区役所前:12|中板橋:13,分譲,2023,14,19043,建築物環境計画書,板橋区大山町53番地1他4筆
ザ・パークハビオ 板橋区役所前,大山,3,大山:3|板橋区役所前:6|下板橋:13,賃貸,2023,18,6335,建築物環境計画書,板橋区大山東町33番5号
シティタワーズ板橋大山サウスタワー,大山,3,大山:3|板橋区役所前:12|中板橋:13,分譲,2024,26,27558,建築物環境計画書,板橋区大山町70番
シティタワーズ板橋大山ノースタワー,大山,3,大山:3|板橋区役所前:12|中板橋:13,分譲,2024,25,9874,建築物環境計画書,板橋区大山町73番
Mayfair Apartment,大山,5,大山:5|板橋区役所前:9|下板橋:12,賃貸,2023,5,2654,建築物環境計画書,板橋区大山金井町43-12
スプランディッド大山,大山,5,大山:5|板橋区役所前:9|下板橋:12,賃貸,2023,15,2794,建築物環境計画書,板橋区大山金井町15番10、-23、-24、-25、-26
デュオフラッツ板橋大山,大山,9,大山:9|下板橋:10|北池袋:12|板橋区役所前:12|板橋:15,賃貸,,,,とどまるマンション,板橋区熊野町
CAMPUS VILLAGE 要町,大山,10,大山:10|要町:13|下板橋:14|北池袋:14,賃貸,2022,15,5102,建築物環境計画書,板橋区中丸町2番7号
カテリーナ池袋西プラザタワー,大山,10,大山:10|要町:13|下板橋:14|北池袋:14,分譲,,,,とどまるマンション,板橋区中丸町
セザール池袋西,大山,10,大山:10|要町:13|下板橋:14|北池袋:14,分譲,,,,とどまるマンション,板橋区中丸町
ヒルトップ・スクエアー,大山,10,大山:10|要町:13|下板橋:14|北池袋:14,賃貸,,,,とどまるマンション,板橋区中丸町
ザ・ライオンズ大岡山,大岡山,2,大岡山:2|北千束:6|洗足:9|緑が丘:10|洗足池:10,分譲,2025,6,3765,建築物環境計画書,大田区北千束三丁目406番2
ミリアレジデンス大岡山,大岡山,2,大岡山:2|北千束:6|洗足:9|緑が丘:10|洗足池:10,賃貸,,,,とどまるマンション,大田区北千束3丁目
ディアナコート大岡山,大岡山,7,大岡山:7|緑が丘:7|都立大学:11|洗足:14|北千束:14,分譲,,,,とどまるマンション,目黒区大岡山1丁目
プラウド都立大学,大岡山,7,大岡山:7|緑が丘:7|都立大学:11|洗足:14|北千束:14,分譲,2024,5,13218,建築物環境計画書,目黒区大岡山一丁目36番28号
ピアースコード目黒洗足,大岡山,11,大岡山:11|都立大学:11|洗足:12|西小山:14|北千束:15,分譲,,,,とどまるマンション,目黒区南2丁目
アーバンハイツ北砂,大島,10,大島:10|西大島:12,分譲,,,,とどまるマンション,江東区北砂5丁目
ラ・エテルノ大島ドゥーエ,大島,10,大島:10|西大島:12,分譲,,,,とどまるマンション,江東区北砂5丁目
アルファスシティ大島,大島,11,大島:11|東大島:12,分譲,,,,とどまるマンション,江東区東砂1丁目
ウエストレジデンス大崎,大崎,3,大崎:3|大崎広小路:8|五反田:12|下神明:13|戸越:13,分譲,,,,とどまるマンション,品川区大崎2丁目
ル・サンク大崎ウィズタワー,大崎,3,大崎:3|大崎広小路:8|五反田:12|下神明:13|戸越:13,分譲,,,,とどまるマンション,品川区大崎2丁目
Lien御殿山,大崎,5,大崎:5|北品川:8|大崎広小路:11|品川:11|五反田:12,賃貸,2023,10,2843,建築物環境計画書,品川区北品川5丁目740番33
サンウッドウエリス品川御殿山,大崎,5,大崎:5|北品川:8|大崎広小路:11|品川:11|五反田:12,分譲,2022,3,3212,建築物環境計画書,品川区北品川5丁目718-14外
ミリアレジデンス大崎,大崎,5,大崎:5|下神明:10|大崎広小路:10|戸越:12|戸越銀座:13,賃貸,,,,とどまるマンション,品川区西品川3丁目
北品川ホームズ,大崎,5,大崎:5|北品川:8|大崎広小路:11|品川:11|五反田:12,分譲,,,,とどまるマンション,品川区北品川5丁目
イトーピア五反田マンション,大崎広小路,3,大崎広小路:3|五反田:8|戸越銀座:9|大崎:9|戸越:10,分譲,,,,とどまるマンション,品川区西五反田8丁目
オープンレジデンシア大崎,大崎広小路,3,大崎広小路:3|大崎:7|五反田:8|戸越銀座:10|戸越:10,分譲,2021,5,3313,とどまるマンション／建築物環境計画書,品川区大崎4丁目5番27号
ヴェール・クレール大崎,大崎広小路,3,大崎広小路:3|大崎:7|五反田:8|戸越銀座:10|戸越:10,賃貸,2023,9,9717,建築物環境計画書,品川区大崎4丁目12番22号(住居表示)
大崎広小路・志田マンション,大崎広小路,3,大崎広小路:3|大崎:7|五反田:8|戸越銀座:10|戸越:10,賃貸,2023,8,2247,建築物環境計画書,品川区大崎四丁目182-1
RJRプレシア大森北,大森,3,大森:3|大森海岸:7|平和島:13,賃貸,2024,7,5663,建築物環境計画書,大田区大森北5-4-17
ザ・パークハウス大森タワー,大森,3,大森:3|大森海岸:7|平和島:13,分譲,2024,24,8143,建築物環境計画書,大田区大森北1丁目11番9
ザ・パークハビオ 大森山王,大森,3,大森:3|大森海岸:12,賃貸,2025,17,5827,建築物環境計画書,大田区山王二丁目3番10号
パークタワー大森,大森,3,大森:3|大森海岸:7|平和島:13,分譲,2026,23,8272,建築物環境計画書,大田区大森北一丁目30番17
プライムアーバン大森,大森,3,大森:3|大森海岸:7|平和島:13,賃貸,,,,とどまるマンション,大田区大森北1丁目
プラウド山王二丁目,大森,3,大森:3|大森海岸:12,分譲,2022,9,2046,建築物環境計画書,大田区山王二丁目12番17
ベルファース大森サウス,大森,3,大森:3|大森海岸:7|平和島:13,賃貸,2023,13,3316,建築物環境計画書,大田区大森北一丁目34番9
プラウドフラット大森III,大森,5,大森:5|大森海岸:6|立会川:14,賃貸,,,,とどまるマンション,品川区南大井6丁目
ベルファース大森山王,大森,6,大森:6|大森海岸:13|西大井:14,賃貸,2023,3,2288,建築物環境計画書,大田区山王一丁目38番14号
オーベル山王,大森,7,大森:7,分譲,,,,とどまるマンション,大田区山王4丁目
ザ・グローベル大森山王,大森,8,大森:8,分譲,,,,とどまるマンション,大田区山王3丁目
ピアース大森山王3丁目,大森,8,大森:8,分譲,2022,13,2994,建築物環境計画書,大田区山王3丁目1475番1号他5筆
プラウド山王,大森,8,大森:8,分譲,,,,とどまるマンション,大田区山王3丁目
ガーラ・ステーション大森海岸,大森海岸,4,大森海岸:4|大森:8|立会川:13,賃貸,2023,15,2564,建築物環境計画書,品川区南大井3丁目31番9号
大森海岸パークハウス,大森海岸,5,大森海岸:5|平和島:9|大森:12,分譲,,,,とどまるマンション,大田区大森本町1丁目
東京マスタープレイス,大森海岸,5,大森海岸:5|平和島:9|大森:12,分譲,,,,とどまるマンション,大田区大森本町1丁目
エンゼルハイム大森町壱番館,大森町,2,大森町:2|梅屋敷:8|平和島:11,分譲,,,,とどまるマンション,大田区大森中1丁目
ザ・パークハビオ大森町,大森町,2,大森町:2|梅屋敷:8|平和島:11,賃貸,2025,15,3507,建築物環境計画書,大田区大森中1丁目2番26号
ASYL COURT 大森西,大森町,5,大森町:5|梅屋敷:5|平和島:14|京急蒲田:14,分譲,2022,8,2422,建築物環境計画書,大田区大森西5丁目89-1、-2
イニシア大森町N&#8217;sスクエア,大森町,5,大森町:5|梅屋敷:5|平和島:14|京急蒲田:14,,,,,とどまるマンション,大田区大森西五丁目
ARKMARK大森町ASYLCOURT,大森町,11,大森町:11|平和島:12,賃貸,2022,14,2057,建築物環境計画書,大田区大森西5-30-4
アールブラン大森レジデンス,大森町,11,大森町:11|平和島:12,分譲,2024,8,7219,建築物環境計画書,大田区大森西一丁目9番10号
オープンレジデンシア大泉学園,大泉学園,6,大泉学園:6,分譲,2025,8,2813,建築物環境計画書,"練馬区東大泉4丁目741番1,743番1,3"
ギャラリーコート大泉学園ヒルズ,大泉学園,6,大泉学園:6,分譲,,,,とどまるマンション,練馬区東大泉5丁目
クレヴィア大泉学園,大泉学園,6,大泉学園:6,分譲,2023,5,5218,建築物環境計画書,練馬区東大泉一丁目465番1他
プラウド大泉学園サウスフロント,大泉学園,6,大泉学園:6,分譲,2023,5,2647,建築物環境計画書,練馬区東大泉五丁目 30番 22号
ルーウェ東大泉,大泉学園,11,大泉学園:11,賃貸,2025,6,6431,建築物環境計画書,練馬区東大泉二丁目1番18号
グリーンブリーズ萩中公園パークウイング,大鳥居,3,大鳥居:3|糀谷:10|穴守稲荷:11,分譲,,,,とどまるマンション,大田区萩中3丁目
アルファコート西糀谷,大鳥居,4,大鳥居:4|糀谷:8|穴守稲荷:13,賃貸,2023,6,2154,建築物環境計画書,"大田区西糀谷三丁目674番1,674番2"
イニシア大田糀谷,大鳥居,4,大鳥居:4|糀谷:8|穴守稲荷:13,分譲,2026,8,4661,建築物環境計画書,大田区西糀谷三丁目5番19号
エクセルダイア西糀谷II,大鳥居,4,大鳥居:4|糀谷:8|穴守稲荷:13,分譲,,,,とどまるマンション,大田区西糀谷3丁目
ブランシエスタ大鳥居,大鳥居,4,大鳥居:4|穴守稲荷:10|糀谷:13,賃貸,2023,15,10951,建築物環境計画書,大田区東糀谷二丁目13-17
ルネ南大田,大鳥居,4,大鳥居:4|穴守稲荷:10|糀谷:13,分譲,,,,とどまるマンション,大田区東糀谷二丁目
ORSUS 大鳥居,大鳥居,9,大鳥居:9|糀谷:14|穴守稲荷:14,賃貸,2023,14,3876,建築物環境計画書,大田区東糀谷1丁目1番27号
イニシア多摩川,大鳥居,13,大鳥居:13|糀谷:13,分譲,,,,とどまるマンション,大田区本羽田2丁目
エルズ大森,大鳥居,15,大鳥居:15,分譲,,,,とどまるマンション,大田区大森南2丁目
品川イーストシティタワー,天王洲アイル,6,天王洲アイル:6,分譲,,,,とどまるマンション,品川区東品川5丁目
シティタワー品川,天王洲アイル,7,天王洲アイル:7|品川:13|北品川:14,分譲,,,,とどまるマンション,港区港南4丁目
東京海洋大学(品川)国際混住寮,天王洲アイル,7,天王洲アイル:7|品川:13|北品川:14,分譲,2026,10,12284,建築物環境計画書,港区港南4丁目29番1の一部
プライムアーバン学芸大学II,学芸大学,2,学芸大学:2|祐天寺:15,賃貸,,,,とどまるマンション,目黒区鷹番3丁目
ピアース学芸大学レジデンス,学芸大学,5,学芸大学:5,分譲,2025,8,3672,建築物環境計画書,目黒区鷹番一丁目64-1(地名地番)
The目黒 四季レジデンス,学芸大学,6,学芸大学:6|祐天寺:8,分譲,,,,とどまるマンション,目黒区中央町2丁目
東建マンション学芸大,学芸大学,6,学芸大学:6|祐天寺:8,分譲,,,,とどまるマンション,目黒区中央町2丁目
クリオ学芸大学ザ・クラシック,学芸大学,7,学芸大学:7,分譲,2023,10,1957,建築物環境計画書,世田谷区下馬六丁目79番-4の一部、-35、-36、-37
ブランシエスタ目黒中央町,学芸大学,8,学芸大学:8|祐天寺:12,賃貸,2025,7,7049,建築物環境計画書,目黒区中央町一丁目591番14
ピアース碑文谷五丁目,学芸大学,9,学芸大学:9|都立大学:10,分譲,2023,5,2454,建築物環境計画書,目黒区碑文谷5丁目66番2
アルス目黒学芸大学弐番館,学芸大学,10,学芸大学:10|西小山:15|武蔵小山:15,分譲,,,,とどまるマンション,目黒区目黒本町2丁目
プライムアーバン学芸大学パークフロント,学芸大学,10,学芸大学:10|西小山:15|武蔵小山:15,賃貸,,,,とどまるマンション,目黒区目黒本町二丁目
プラウドフラット学芸大学,学芸大学,10,学芸大学:10|西小山:15|武蔵小山:15,賃貸,,,,とどまるマンション,目黒区目黒本町二丁目
プラウドフラット学芸大学II,学芸大学,10,学芸大学:10|西小山:15|武蔵小山:15,賃貸,,,,とどまるマンション,目黒区目黒本町二丁目
ディアナコート学芸大学翠景,学芸大学,12,学芸大学:12,分譲,2025,6,3144,建築物環境計画書,世田谷区野沢3丁目142番3、142番10(地名地番)
パークホームズ練馬富士見台ステーションゲート,富士見台,4,富士見台:4|中村橋:11|練馬高野台:14,分譲,2022,7,5333,建築物環境計画書,練馬区貫井三丁目12-4
ルフォン中野上鷺宮壱番館,富士見台,8,富士見台:8|下井草:9|中村橋:15,分譲,,,,とどまるマンション,中野区上鷺宮5丁目
ルフォン中野上鷺宮弐番館,富士見台,8,富士見台:8|下井草:9|中村橋:15,分譲,,,,とどまるマンション,中野区上鷺宮5丁目
ラフィスタ鷺ノ宮,富士見台,10,富士見台:10|下井草:11|鷺ノ宮:12|中村橋:12,賃貸,2025,4,6068,建築物環境計画書,中野区上鷺宮2丁目393-11、394、395-9
BELISTA日本橋小伝馬町,小伝馬町,1,小伝馬町:1|馬喰横山:5|馬喰町:5|新日本橋:6|岩本町:7,,,,,中央区防災認定,中央区日本橋小伝馬町5-14
GREEN PARK 日本橋小伝馬町,小伝馬町,1,小伝馬町:1|馬喰横山:5|馬喰町:5|新日本橋:6|岩本町:7,,,,,中央区防災認定,中央区日本橋小伝馬町7-15
THEパームス日本橋小伝馬町ヴィサージュ,小伝馬町,1,小伝馬町:1|馬喰横山:5|馬喰町:5|新日本橋:6|岩本町:7,,,,,中央区防災認定,中央区日本橋小伝馬町16-4
ZOOM神田,小伝馬町,2,小伝馬町:2|岩本町:5|馬喰町:6|馬喰横山:6|新日本橋:6,賃貸,2025,14,2133,建築物環境計画書,"千代田区岩本町1丁目36番5,25"
エフローレ日本橋,小伝馬町,2,小伝馬町:2|馬喰横山:4|馬喰町:5|人形町:6|新日本橋:6,,,,,中央区防災認定,中央区日本橋大伝馬町13-5
プライムアーバン日本橋大伝馬町,小伝馬町,2,小伝馬町:2|馬喰横山:4|馬喰町:5|人形町:6|新日本橋:6,賃貸,,,,とどまるマンション,中央区日本橋大伝馬町
プラウド日本橋大伝馬町,小伝馬町,2,小伝馬町:2|馬喰横山:4|馬喰町:5|人形町:6|新日本橋:6,,,,,中央区防災認定,中央区日本橋大伝馬町9-11
サンクレイドル小作,小作,7,小作:7,分譲,2023,14,7118,建築物環境計画書,青梅市新町3丁目3-5
オープンレジデンシア小岩ステーションフロント,小岩,4,小岩:4|京成小岩:15,分譲,2023,14,7573,建築物環境計画書,江戸川区西小岩一丁目1945番1
プロシード小岩,小岩,5,小岩:5,賃貸,2025,10,3734,建築物環境計画書,江戸川区南小岩7丁目1884番、2341番2
プラウドタワー小岩フロント,小岩,6,小岩:6,分譲,2025,33,52781,建築物環境計画書,江戸川区南小岩六丁目2354番
プレディア小岩,小岩,9,小岩:9,分譲,2025,14,4678,建築物環境計画書,江戸川区西小岩2丁目1717-1
サンクレイドル小岩III,小岩,14,小岩:14,分譲,2023,8,3302,建築物環境計画書,葛飾区奥戸九丁目397-1、-3、-4 江戸川区西小岩二丁目716-4、-5
小平ガーデニア,小平,1,小平:1|萩山:14,分譲,,,,とどまるマンション,小平市美園町1丁目
ビューハイム武蔵野,小平,14,小平:14,分譲,,,,とどまるマンション,東久留米市柳窪2丁目
コスモグランプレイス,小村井,3,小村井:3|東あずま:9|京成曳舟:12|曳舟:14,分譲,,,,とどまるマンション,墨田区文花3丁目
ルネ・フロンティアマークス,小村井,3,小村井:3|東あずま:9|京成曳舟:12|曳舟:14,分譲,,,,とどまるマンション,墨田区文花3丁目
ジェノヴィア小村井,小村井,6,小村井:6|東あずま:8|京成曳舟:15,分譲,2025,10,2968,建築物環境計画書,墨田区立花五丁目1番28
ハーモニーレジデンス東京八広ザ・スプレッド,小村井,7,小村井:7|京成曳舟:9|曳舟:12|東あずま:13|東向島:15,分譲,2021,5,2073,建築物環境計画書,墨田区八広2丁目14番、14番13号、61番8号
レクシオ亀戸,小村井,7,小村井:7|京成曳舟:9|曳舟:12|東あずま:13|東向島:15,分譲,,,,とどまるマンション,墨田区八広2丁目
アトラス亀戸レジデンス,小村井,10,小村井:10|東あずま:11|亀戸:11|亀戸水神:14|錦糸町:14,分譲,2025,14,3999,建築物環境計画書,江東区亀戸三丁目187-3(地名地番)
ライオンズプラザ多摩センター,小田急多摩センター,3,小田急多摩センター:3|京王多摩センター:3|松が谷:11,分譲,,,,とどまるマンション,多摩市落合1丁目
THE GRAND CROSS多摩センター【ザ・グランクロス多摩センター】,小田急多摩センター,11,小田急多摩センター:11|唐木田:11|京王多摩センター:11,分譲,2024,20,22504,建築物環境計画書,多摩市鶴牧三丁目5番7
エステート落合5-8 1・2・4~14・16~20号棟,小田急多摩センター,15,小田急多摩センター:15,,,,,とどまるマンション,多摩市落合5丁目
エステート永山-3住宅 1号棟、2号棟、3号棟、4号棟、5号棟、6号棟、7号棟,小田急永山,9,小田急永山:9|京王永山:10,,,,,とどまるマンション,多摩市永山3丁目
コスモ小竹向原アーバンフォルム,小竹向原,4,小竹向原:4|江古田:14|新桜台:14,分譲,,,,とどまるマンション,板橋区小茂根1丁目
プラウドシティ小竹向原 グランドコート,小竹向原,4,小竹向原:4|江古田:14|新桜台:14,分譲,2024,12,34369,建築物環境計画書,板橋区小茂根1丁目1番地41
プラウドシティ小竹向原 フロントコート,小竹向原,4,小竹向原:4|江古田:14|新桜台:14,分譲,2024,7,5809,建築物環境計画書,板橋区小茂根1丁目1番地42
オープンレジデンシア小竹向原,小竹向原,6,小竹向原:6|千川:11,分譲,2022,5,3503,建築物環境計画書,板橋区向原3丁目10番15号
クレヴィア千川,小竹向原,7,小竹向原:7|千川:7,分譲,,,,とどまるマンション,板橋区向原1丁目
マイキャッスル千川,小竹向原,7,小竹向原:7|千川:7,分譲,,,,とどまるマンション,板橋区向原1丁目
キャンパスヴィレッジ小竹向原,小竹向原,10,小竹向原:10|ときわ台:14,賃貸,2022,7,2886,建築物環境計画書,板橋区小茂根2丁目91-1
コスモ小竹向原,小竹向原,10,小竹向原:10|ときわ台:15,分譲,,,,とどまるマンション,板橋区小茂根3丁目
プラウド小竹向原,小竹向原,10,小竹向原:10|ときわ台:14,分譲,2023,11,4255,建築物環境計画書,板橋区小茂根二丁目21番16
Alivis東京尾久,尾久,2,尾久:2|小台:10|西ケ原:13,分譲,2025,14,2425,建築物環境計画書,北区昭和町2丁目7番1号(住居表示)
昭和町グリーンハイツ,尾久,3,尾久:3|小台:9|田端:14,分譲,,,,とどまるマンション,北区昭和町1丁目
イニシア東京尾久,尾久,4,尾久:4|小台:7,分譲,2025,8,3272,建築物環境計画書,荒川区西尾久7丁目142番2(地名地番)
サンウッドテラス東京尾久,尾久,4,尾久:4|小台:7,分譲,2025,7,2366,建築物環境計画書,荒川区西尾久7丁目219番1
コスモデュオスクエア,尾久,7,尾久:7|小台:9,分譲,,,,とどまるマンション,荒川区西尾久8丁目
レクセルマンション田端,尾久,7,尾久:7|小台:8|赤土小学校前:11|田端:11|熊野前:12,分譲,,,,とどまるマンション,荒川区西尾久4丁目
ピア-ス尾山台レジデンス,尾山台,4,尾山台:4|九品仏:7|等々力:10,分譲,2022,5,2737,建築物環境計画書,世田谷区尾山台3丁目5番4
ディアナコート自由が丘翠景,尾山台,9,尾山台:9|九品仏:9|等々力:13|自由が丘:13,分譲,2025,6,2999,建築物環境計画書,世田谷区等々力六丁目37番3号
パーク・ハイム自由が丘弐番館,尾山台,9,尾山台:9|九品仏:9|等々力:13|自由が丘:13,分譲,,,,とどまるマンション,世田谷区等々力6丁目
ピアースコード等々力マンション,尾山台,11,尾山台:11|等々力:13|九品仏:14,分譲,,,,とどまるマンション,世田谷区等々力7丁目
アルファグランデ 千桜タワー,岩本町,3,岩本町:3|神田:5|秋葉原:6|淡路町:7|新日本橋:7,分譲,,,,とどまるマンション,千代田区神田東松下町
ガレリアドゥエル神田岩本町,岩本町,3,岩本町:3|小伝馬町:4|馬喰町:6|馬喰横山:7|新日本橋:7,分譲,2023,14,3172,建築物環境計画書,東京都千代田区岩本町二丁目2番11号
ライオンズフォーシア神田須田町,岩本町,3,岩本町:3|秋葉原:4|神田:6|淡路町:6|新御茶ノ水:9,賃貸,2023,15,2373,建築物環境計画書,千代田区神田須田町二丁目19-1他
nido SUGAMO,巣鴨,2,巣鴨:2|駒込:10|大塚:12|千石:12,分譲,2024,14,2771,建築物環境計画書,"豊島区巣鴨2丁目66-1,5,6,7"
プラウドフラット巣鴨II,巣鴨,2,巣鴨:2|千石:9|駒込:9|大塚:14,賃貸,,,,とどまるマンション,豊島区巣鴨一丁目
ミレーネ巣鴨駅前,巣鴨,5,巣鴨:5|大塚:8|新大塚:13|駒込:14|千石:15,賃貸,2023,14,3982,建築物環境計画書,豊島区巣鴨三丁目30番6号
藤和シティホームズ巣鴨,巣鴨,5,巣鴨:5|大塚:8|新大塚:13|駒込:14|千石:15,分譲,,,,とどまるマンション,豊島区巣鴨3丁目
ザ・パークハビオ 市ヶ谷イースト,市ケ谷,5,市ケ谷:5|牛込神楽坂:9|飯田橋:11|神楽坂:13|半蔵門:14,賃貸,2024,13,3680,建築物環境計画書,新宿区市谷田町二丁目4 番1
ザ・パークハビオ 市ヶ谷ウエスト,市ケ谷,5,市ケ谷:5|牛込神楽坂:9|飯田橋:11|神楽坂:13|半蔵門:14,賃貸,2024,13,2698,建築物環境計画書,新宿区市谷田町二丁目4番地2
シティタワー・ルフォン九段の杜,市ケ谷,5,市ケ谷:5|牛込神楽坂:11|半蔵門:11|飯田橋:12|麹町:13,分譲,,,,とどまるマンション,千代田区九段北4丁目
調布ハイツ,布田,4,布田:4|調布:5|国領:11,分譲,,,,とどまるマンション,調布市布田2丁目
フォルスコート調布染地公園,布田,13,布田:13,分譲,,,,とどまるマンション,調布市染地2丁目
ミオカステーロ調布緑地公園,布田,13,布田:13,分譲,,,,とどまるマンション,調布市染地2丁目
平井五丁目駅前地区第一種市街地再開発事業,平井,2,平井:2|東あずま:12|亀戸水神:15,分譲,2024,29,44149,建築物環境計画書,江戸川区平井五丁目65番
アルページュヒライ,平井,5,平井:5|東あずま:12,賃貸,,,,とどまるマンション,江戸川区平井6丁目
シティハウス平井 アクアレジデンス,平井,5,平井:5|東あずま:12,分譲,2023,8,5671,建築物環境計画書,江戸川区平井六丁目2375(地番)
シティーハウス平井 コンフォートレジデンス,平井,5,平井:5|東あずま:12,分譲,2023,12,6597,建築物環境計画書,江戸川区平井六丁目1729-3
シティーハウス平井 ブリーズレジデンス,平井,5,平井:5|東あずま:12,分譲,2023,12,15742,建築物環境計画書,江戸川区平井六丁目1745
プライムアーバン平井,平井,5,平井:5|東あずま:12,賃貸,,,,とどまるマンション,江戸川区平井6丁目
グランカーサ平井,平井,6,平井:6,賃貸,2025,11,3330,建築物環境計画書,江戸川区平井4丁目8-3
コスモ平井ガーデンフォルム,平井,6,平井:6,分譲,,,,とどまるマンション,江戸川区平井4丁目
コスモ平井メルベーユ,平井,6,平井:6,分譲,,,,とどまるマンション,江戸川区平井4丁目
シティハウス平井サウス,平井,6,平井:6,分譲,2023,15,4251,建築物環境計画書,江戸川区平井4丁目196番4(地番)
プラウド平和台ガーデン,平和台,3,平和台:3,分譲,2022,4,3702,建築物環境計画書,練馬区北町6丁目33番12号
平和台不二ハイツ,平和台,3,平和台:3,賃貸,,,,とどまるマンション,練馬区北町6丁目
NIIYA平和台,平和台,12,平和台:12|氷川台:12|東武練馬:14,賃貸,2026,4,5421,建築物環境計画書,"練馬区平和台1-1584-1,8"
レジディア平和台,平和台,12,平和台:12|氷川台:12|東武練馬:14,賃貸,2022,4,2707,建築物環境計画書,練馬区平和台4-1629-2.11.30(住居表示4-13-4)
ガーラ・グランディ大森西,平和島,5,平和島:5|大森町:7|梅屋敷:15,分譲,2022,9,2922,建築物環境計画書,大田区大森西2丁目3番4号
メイツ大森西,平和島,5,平和島:5|大森町:7|梅屋敷:15,分譲,,,,とどまるマンション,大田区大森西2丁目
ザ・パークハウス南麻布,広尾,3,広尾:3|麻布十番:14,分譲,2023,10,2136,建築物環境計画書,港区南麻布五丁目10番35号
南麻布レジデンス,広尾,3,広尾:3|麻布十番:14,賃貸,2023,11,3143,建築物環境計画書,港区南麻布五丁目61番4(地番)
ザ・パークハウス 広尾,広尾,4,広尾:4|恵比寿:13,分譲,2023,6,2864,建築物環境計画書,渋谷区広尾5丁目1番15号
ミリアレジデンス広尾,広尾,4,広尾:4|恵比寿:13,賃貸,,,,とどまるマンション,渋谷区広尾5丁目
広尾ガーデンヒルズ,広尾,4,広尾:4,分譲,,,,とどまるマンション,渋谷区広尾4丁目
広尾パークホームズ,広尾,4,広尾:4|恵比寿:13,分譲,,,,とどまるマンション,渋谷区広尾5丁目
ビバリーホームズ広尾,広尾,9,広尾:9|恵比寿:13|表参道:15,分譲,2021,5,2305,建築物環境計画書,渋谷区広尾三丁目4番18号
プライムアーバン麻布霞町,広尾,9,広尾:9|六本木:9|麻布十番:12|乃木坂:12,賃貸,,,,とどまるマンション,港区西麻布三丁目
ザ・パークハビオ SOHO 南青山,広尾,11,広尾:11|表参道:11,賃貸,2023,12,2226,建築物環境計画書,港区南青山七丁目115、117、118番(地番)
ソルティア府中宮町,府中,2,府中:2|府中本町:9|分倍河原:15,分譲,2026,13,2547,建築物環境計画書,府中市宮町一丁目28番20、28番21、29番2、29番20、29番24、 29番25
シティテラス府中,府中,3,府中:3|府中本町:8|分倍河原:11,分譲,2024,19,9922,建築物環境計画書,府中市宮西町一丁目18番1、20番1、22(地番)
ドゥーエ府中II,府中,3,府中:3|府中本町:8|分倍河原:11,賃貸,2026,13,2643,建築物環境計画書,府中市宮西町一丁目15番27
バウス府中,府中,3,府中:3|府中本町:8|分倍河原:11,分譲,2024,14,6997,建築物環境計画書,府中市宮西町一丁目24番7
プラウド府中グレイス,府中,3,府中:3|府中本町:8|分倍河原:11,分譲,2024,15,3911,建築物環境計画書,府中市宮西町一丁目15番20
ヴェルレージュ府中けやき通り,府中,4,府中:4|府中本町:13,分譲,,,,とどまるマンション,府中市府中町1丁目
府中宮町パーク・ホームズ,府中,5,府中:5|府中本町:7|分倍河原:14,分譲,,,,とどまるマンション,府中市宮町2丁目
プラウド府中八幡町,府中,7,府中:7|府中本町:10|東府中:12,分譲,2025,14,3370,建築物環境計画書,府中市八幡町一丁目4番23
東急ドエル・アルス府中緑町,府中,7,府中:7|東府中:12|府中本町:14,分譲,,,,とどまるマンション,府中市緑町1丁目
CREVIA RXE 文京後楽園,後楽園,2,後楽園:2|春日:5|水道橋:10|飯田橋:12|本郷三丁目:12,賃貸,2023,15,5684,建築物環境計画書,文京区春日一丁目11番13
アーバネックス小石川春日,後楽園,2,後楽園:2|春日:5|水道橋:10|飯田橋:12|本郷三丁目:12,賃貸,2022,10,2110,建築物環境計画書,文京区春日一丁目31-1(地名地番)
プライムアーバン雪谷,御嶽山,1,御嶽山:1|雪が谷大塚:8|久が原:10|沼部:11,賃貸,,,,とどまるマンション,大田区北嶺町
リビオメゾン御茶ノ水EAST,御茶ノ水,3,御茶ノ水:3|新御茶ノ水:6|末広町:8|本郷三丁目:9|淡路町:9,賃貸,2025,13,2211,建築物環境計画書,文京区湯島一丁目304番1、304番2の一部
クリオ千代田御茶ノ水,御茶ノ水,4,御茶ノ水:4|末広町:5|新御茶ノ水:6|秋葉原:7|淡路町:8,分譲,2022,10,2224,建築物環境計画書,千代田区外神田二丁目8番12号
プラウドフラット外神田,御茶ノ水,4,御茶ノ水:4|末広町:5|新御茶ノ水:6|秋葉原:7|淡路町:8,賃貸,,,,とどまるマンション,千代田区外神田2丁目
ルフォンプログレ志村坂上,志村三丁目,1,志村三丁目:1|蓮根:12|志村坂上:12,賃貸,2024,8,4095,建築物環境計画書,板橋区志村三丁目1番22号
ヴィオスガーデン城山,志村三丁目,4,志村三丁目:4|志村坂上:7,分譲,,,,とどまるマンション,板橋区志村二丁目
コンフォリア・リヴ志村三丁目,志村三丁目,8,志村三丁目:8|蓮根:10|西台:15,賃貸,2024,7,2603,建築物環境計画書,板橋区相生町2-5
クリオ上板橋グランヒルコート,志村三丁目,9,志村三丁目:9|上板橋:13,分譲,2025,7,4465,建築物環境計画書,板橋区中台2丁目668番2の一部、668番3、668番9、668番21、672番2、672番17、中台3丁目1133番12
パークホームズ上板橋ヒルトップレジデンス,志村三丁目,10,志村三丁目:10|上板橋:13,分譲,,,,とどまるマンション,板橋区中台3丁目
MAXIV板橋志村,志村三丁目,12,志村三丁目:12|蓮根:15,賃貸,2022,5,2424,建築物環境計画書,板橋区若木3丁目27番9
コスモ板橋志村プリオール,志村三丁目,12,志村三丁目:12|蓮根:15,分譲,,,,とどまるマンション,板橋区若木3丁目
ザ・ウインベル本蓮沼,志村坂上,3,志村坂上:3|本蓮沼:10|志村三丁目:13,分譲,,,,とどまるマンション,板橋区志村1丁目
パークホームズ志村坂上 ザ テラス,志村坂上,4,志村坂上:4|志村三丁目:11,分譲,2021,7,4607,建築物環境計画書,板橋区小豆沢三丁目1-5
スカイティアラ イースト,志村坂上,6,志村坂上:6|本蓮沼:8,分譲,,,,とどまるマンション,板橋区小豆沢1丁目
スカイティアラ ウエスト,志村坂上,6,志村坂上:6|本蓮沼:8,分譲,,,,とどまるマンション,板橋区小豆沢1丁目
ORSUS志村坂上,志村坂上,8,志村坂上:8|志村三丁目:10|本蓮沼:14,賃貸,2025,5,3228,建築物環境計画書,板橋区前野町4丁目33-1
シティハウス志村坂上,志村坂上,8,志村坂上:8|志村三丁目:10|本蓮沼:14,分譲,2022,8,6340,建築物環境計画書,板橋区前野町4丁目30-14
イニシア志村坂上,志村坂上,9,志村坂上:9|北赤羽:11,分譲,,,,とどまるマンション,板橋区小豆沢4丁目
グランスイート志村,志村坂上,9,志村坂上:9|志村三丁目:10|浮間舟渡:13,分譲,,,,とどまるマンション,板橋区東坂下1丁目
コスモ板橋小豆沢,志村坂上,9,志村坂上:9|北赤羽:11,分譲,,,,とどまるマンション,板橋区小豆沢4丁目
ザ・パークハウスオイコス赤羽志茂 サードスクエア,志茂,3,志茂:3,分譲,,,,とどまるマンション,北区志茂三丁目
オルサス赤羽イースト,志茂,5,志茂:5|赤羽:9|赤羽岩淵:9,賃貸,2022,10,2241,建築物環境計画書,北区志茂二丁目33番12号(住居表示)
ザ・パークハウスオイコス赤羽志茂 フォーススクエア,志茂,7,志茂:7|赤羽岩淵:14,分譲,,,,とどまるマンション,北区志茂四丁目
ロイヤルパークス赤羽サウス,志茂,8,志茂:8|王子神谷:10|東十条:13,賃貸,2025,7,2322,建築物環境計画書,北区神谷3丁目21番30の一部
東京消防庁赤羽消防署志茂出張所,志茂,8,志茂:8|王子神谷:10|東十条:13,賃貸,2023,6,2364,建築物環境計画書,北区神谷三丁目11番22号
クレアホームズ王子神谷TOKYO,志茂,9,志茂:9,分譲,2022,15,6968,建築物環境計画書,足立区新田一丁目3番23号
シティテラス赤羽THE EAST,志茂,9,志茂:9|赤羽:11|東十条:12|王子神谷:13,分譲,2023,15,25620,建築物環境計画書,北区神谷2丁目51番1
メインステージ王子神谷,志茂,12,志茂:12|王子神谷:12,分譲,2024,12,4376,建築物環境計画書,"足立区新田2丁目4番2,3,24,58"
パーク・コート恵比寿ヒルトップレジデンス,恵比寿,4,恵比寿:4|代官山:8|中目黒:11,分譲,,,,とどまるマンション,渋谷区恵比寿南2丁目
アーバンブリーズ恵比寿,恵比寿,5,恵比寿:5|代官山:8|広尾:14|渋谷:14,賃貸,2026,14,3307,建築物環境計画書,渋谷区東3丁目15-2
パークコート恵比寿,恵比寿,5,恵比寿:5|代官山:8|広尾:14|渋谷:14,分譲,2025,15,6804,建築物環境計画書,"渋谷区東3丁目1-1,3,12"
グランドヒルズ恵比寿,恵比寿,6,恵比寿:6|広尾:12|代官山:12,分譲,,,,とどまるマンション,渋谷区恵比寿一丁目
ディアナガーデン恵比寿 The House,恵比寿,6,恵比寿:6|代官山:12|広尾:14,分譲,2026,8,2223,建築物環境計画書,渋谷区恵比寿四丁目24番1(地名地番)
プライムアーバン恵比寿II,恵比寿,6,恵比寿:6|広尾:11|代官山:11,賃貸,,,,とどまるマンション,渋谷区広尾1丁目
ガーラ・アヴェニュー渋谷,恵比寿,9,恵比寿:9|代官山:10|渋谷:11|広尾:14,分譲,,,,とどまるマンション,渋谷区東2丁目
パークハウス恵比寿イーストヒル,恵比寿,9,恵比寿:9|代官山:10|渋谷:11|広尾:14,分譲,,,,とどまるマンション,渋谷区東2丁目
プラウド渋谷東,恵比寿,9,恵比寿:9|代官山:10|渋谷:11|広尾:14,分譲,2025,9,3416,建築物環境計画書,渋谷区東二丁目26番17号
レジディア中目黒III,恵比寿,9,恵比寿:9|中目黒:9|代官山:11,賃貸,2022,15,6345,建築物環境計画書,目黒区中目黒2丁目7番7号
プライムアーバン恵比寿,恵比寿,11,恵比寿:11|目黒:11|白金台:15,賃貸,,,,とどまるマンション,目黒区三田一丁目
プライムアーバン目黒三田,恵比寿,11,恵比寿:11|目黒:11|中目黒:14|代官山:14,賃貸,,,,とどまるマンション,目黒区三田二丁目
シティハウス恵比寿伊達坂,恵比寿,12,恵比寿:12|白金台:12|広尾:13,分譲,,,,とどまるマンション,渋谷区恵比寿3丁目
グランドメゾン成城レジデンス,成城学園前,6,成城学園前:6|喜多見:11,分譲,,,,とどまるマンション,世田谷区成城3丁目
ルネ成城,成城学園前,11,成城学園前:11,分譲,,,,とどまるマンション,世田谷区成城8丁目
プラウド世田谷砧ガーデンテラス,成城学園前,13,成城学園前:13,分譲,2024,7,9360,建築物環境計画書,世田谷区砧五丁目155番2(地番)
デュオフラッツ品川戸越,戸越,1,戸越:1|戸越銀座:2|荏原中延:8|戸越公園:9|中延:13,賃貸,,,,とどまるマンション,品川区平塚1丁目
コンフォリア・リヴ品川戸越,戸越,4,戸越:4|戸越公園:4|戸越銀座:7|荏原中延:8|下神明:10,分譲,2024,8,2325,建築物環境計画書,品川区戸越4丁目4番4号
ルフォンプログレ品川戸越,戸越,5,戸越:5|戸越銀座:5|大崎広小路:9|戸越公園:11|大崎:11,賃貸,2024,12,3771,建築物環境計画書,品川区戸越一丁目17番7号(住居表示)
ザ・パークハウス戸越公園タワー,戸越公園,2,戸越公園:2|荏原中延:6|戸越:7|中延:7|戸越銀座:9,分譲,2024,23,22286,建築物環境計画書,品川区戸越五丁目45-3(地名地番)
グリーンプリズムタワー,戸越銀座,5,戸越銀座:5|戸越:6|荏原中延:7|武蔵小山:11|戸越公園:11,分譲,,,,とどまるマンション,品川区平塚3丁目
ORSUS 戸越銀座,戸越銀座,6,戸越銀座:6|武蔵小山:7|戸越:9|不動前:10|荏原中延:12,賃貸,2023,6,3582,建築物環境計画書,品川区荏原2丁目3-1
アデニウム武蔵小山,戸越銀座,6,戸越銀座:6|武蔵小山:7|戸越:9|不動前:10|荏原中延:12,分譲,,,,とどまるマンション,品川区荏原2丁目
アルファスマート高野,扇大橋,10,扇大橋:10|江北:11|大師前:15,分譲,2024,9,6799,建築物環境計画書,足立区興野二丁目968番1
グランカミーユ江北,扇大橋,10,扇大橋:10|江北:11,分譲,2022,8,3578,建築物環境計画書,足立区江北二丁目28番2
東建ニューハイツ拝島,拝島,7,拝島:7,分譲,,,,とどまるマンション,昭島市松原町3丁目
レクセルプライム昭島,拝島,11,拝島:11|昭島:12,分譲,,,,とどまるマンション,昭島市松原町2丁目
ザ・ライオンズフォーシア町屋,新三河島,3,新三河島:3|町屋:7|三河島:8|赤土小学校前:9|西日暮里:14,賃貸,2025,14,2453,建築物環境計画書,荒川区荒川五丁目1番11
スプランディッド西日暮里,新三河島,5,新三河島:5|西日暮里:6|田端:9|赤土小学校前:9|三河島:10,賃貸,2023,14,6238,建築物環境計画書,荒川区西日暮里6丁目458-4他(地名地番)
ルジェンテ西日暮里,新三河島,5,新三河島:5|西日暮里:6|田端:9|赤土小学校前:9|三河島:10,賃貸,2025,13,2476,建築物環境計画書,荒川区西日暮里六丁目53-11
7th ALLEY(セブンスアレー),新中野,3,新中野:3|中野新橋:6|中野富士見町:8|中野坂上:13|東高円寺:15,賃貸,,,,とどまるマンション,中野区本町4丁目
ザ・パークハビオ新中野,新中野,3,新中野:3|中野新橋:6|中野富士見町:8|中野坂上:13|東高円寺:15,賃貸,2024,15,4087,建築物環境計画書,中野区本町四丁目30番24号
グランリビオマークスヒル,新中野,6,新中野:6|東高円寺:8|中野富士見町:8|中野新橋:12|中野:14,分譲,,,,とどまるマンション,中野区本町6丁目
コンフォリア・リヴ新中野SOUTH,新中野,6,新中野:6|東高円寺:8|中野富士見町:8|中野新橋:12|中野:14,賃貸,2025,10,2515,建築物環境計画書,中野区本町六丁目17番19
プレミスト中野通り,新井薬師前,4,新井薬師前:4|沼袋:8|中野:14,分譲,,,,とどまるマンション,中野区新井五丁目
ARKMARK新宿西落合,新井薬師前,8,新井薬師前:8|落合南長崎:9|沼袋:13|中井:14|東長崎:15,賃貸,2024,6,2336,建築物環境計画書,新宿区西落合二丁目7番24号(住居表示)
バウスステージ中野,新井薬師前,8,新井薬師前:8|中野:9|沼袋:10,賃貸,2023,14,4052,建築物環境計画書,中野区新井一丁目11番5号
ザ・グラヴィティ新宿,新大久保,2,新大久保:2|大久保:2|新宿西口:9|東新宿:10|西新宿:11,賃貸,2025,5,3622,建築物環境計画書,新宿区百人町一丁目37番2
PARK AXIS新宿百人町Campus terrace 新宿百人町,新大久保,7,新大久保:7|大久保:7|高田馬場:12|西早稲田:13|下落合:14,賃貸,2024,7,21964,建築物環境計画書,新宿区百人町3丁目26-1百人町3丁目26-2
THE パームス西戸山,新大久保,7,新大久保:7|大久保:7|高田馬場:12|西早稲田:13|下落合:14,分譲,,,,とどまるマンション,新宿区百人町3丁目
西戸山タワーホウムズ,新大久保,7,新大久保:7|大久保:7|高田馬場:12|西早稲田:13|下落合:14,分譲,,,,とどまるマンション,新宿区百人町3丁目
アーバンエスケイプ,新大塚,3,新大塚:3|大塚:6|巣鴨:12|護国寺:13|東池袋:14,賃貸,,,,とどまるマンション,豊島区南大塚2丁目
グリーンヒルズ南大塚,新大塚,3,新大塚:3|大塚:6|巣鴨:12|護国寺:13|東池袋:14,賃貸,2025,7,2999,建築物環境計画書,豊島区南大塚二丁目2番14号
サニーヒルズ南大塚,新大塚,3,新大塚:3|大塚:6|巣鴨:12|護国寺:13|東池袋:14,分譲,,,,とどまるマンション,豊島区南大塚2丁目
シーズンフラッツ新大塚,新大塚,3,新大塚:3|大塚:6|巣鴨:12|護国寺:13|東池袋:14,賃貸,2025,8,2911,建築物環境計画書,豊島区南大塚二丁目2番19号
パークアクシス大塚サウスレジデンス,新大塚,3,新大塚:3|大塚:6|巣鴨:12|護国寺:13|東池袋:14,賃貸,2022,10,2915,建築物環境計画書,豊島区南大塚2丁目31番2.3.13.15.20(住居表示2-31-2)
写研本社ビル,新大塚,3,新大塚:3|大塚:6|巣鴨:12|護国寺:13|東池袋:14,賃貸,2023,10,3527,建築物環境計画書,豊島区南大塚2丁目35番2
オアーゼ文京大塚,新大塚,5,新大塚:5|護国寺:10|茗荷谷:10|大塚:12|千石:14,賃貸,2024,7,5576,建築物環境計画書,文京区大塚4丁目4番8
新大塚寮,新大塚,5,新大塚:5|護国寺:10|茗荷谷:10|大塚:12|千石:14,賃貸,2023,14,3442,建築物環境計画書,文京区大塚四丁目45番12号
シティハウス南大塚テラス,新大塚,6,新大塚:6|大塚:8|巣鴨:9|千石:12,分譲,2023,16,4949,建築物環境計画書,豊島区南大塚一丁目48番10号
ピア-ス新宿三丁目,新宿三丁目,5,新宿三丁目:5|新宿御苑前:7|東新宿:8|新宿:8|新宿西口:10,分譲,2023,15,2884,建築物環境計画書,新宿区新宿5丁目31番24
ミリアレジデンス新宿御苑,新宿三丁目,5,新宿三丁目:5|新宿御苑前:7|東新宿:8|新宿:8|新宿西口:10,賃貸,,,,とどまるマンション,新宿区新宿五丁目
ルジェンテ新宿御苑前,新宿三丁目,5,新宿三丁目:5|新宿御苑前:7|東新宿:8|新宿:8|新宿西口:10,分譲,2022,15,3784,とどまるマンション／建築物環境計画書,新宿区新宿五丁目7番1
プライムアーバン新宿内藤町,新宿御苑前,4,新宿御苑前:4|千駄ケ谷:6|新宿三丁目:10|四谷三丁目:11|代々木:11,賃貸,,,,とどまるマンション,新宿区内藤町
GREEN PARK 新富町,新富町,3,新富町:3|八丁堀:5|築地:7|東銀座:9|茅場町:12,,,,,中央区防災認定,中央区新富2-12-8
京橋プラザ住宅,新富町,5,新富町:5|東銀座:7|築地:8|八丁堀:8|茅場町:14,,,,,中央区防災認定,中央区銀座1-25-1
オーガスタレジデンス新小岩,新小岩,5,新小岩:5,賃貸,2025,12,2079,建築物環境計画書,"葛飾区新小岩一丁目1432番2,3,9,10,11"
アデニウム新小岩,新小岩,6,新小岩:6,分譲,,,,とどまるマンション,葛飾区東新小岩1丁目
クレールカワノ,新小岩,6,新小岩:6,賃貸,,,,とどまるマンション,葛飾区東新小岩1丁目
ドミールカワノ,新小岩,6,新小岩:6,賃貸,,,,とどまるマンション,葛飾区東新小岩1丁目
新小岩学生レジデンス,新小岩,7,新小岩:7,賃貸,2024,14,3669,建築物環境計画書,葛飾区東新小岩五丁目1番1
コスモ新小岩サウスコート,新小岩,8,新小岩:8,分譲,,,,とどまるマンション,江戸川区松島4丁目
THE PASEO 新小岩II,新小岩,9,新小岩:9,賃貸,2023,8,2823,建築物環境計画書,葛飾区新小岩3丁目1097番1
パークホームズ新小岩三丁目,新小岩,9,新小岩:9,分譲,2022,9,3545,建築物環境計画書,葛飾区新小岩三丁目 1番5 (住居表示)
ザ・パークハウス アーバンス 御徒町,新御徒町,3,新御徒町:3|仲御徒町:4|御徒町:5|稲荷町:8|上野:10,分譲,,,,とどまるマンション,台東区台東4丁目
シーズンフラッツ新御徒町,新御徒町,3,新御徒町:3|仲御徒町:4|御徒町:5|稲荷町:8|上野:10,賃貸,2023,11,2665,建築物環境計画書,台東区台東四丁目26番6 (住居表示)
フレンシア御徒町,新御徒町,3,新御徒町:3|仲御徒町:4|御徒町:5|稲荷町:6|上野:8,賃貸,2023,13,3352,建築物環境計画書,台東区東上野一丁目20番4(住居表示)
プライムブリス上野元浅草,新御徒町,3,新御徒町:3|稲荷町:5|田原町:8|仲御徒町:9|蔵前:10,賃貸,2022,14,2793,建築物環境計画書,台東区元浅草3-17-12(住居表示)
Urbanex 新御徒町,新御徒町,4,新御徒町:4|仲御徒町:8|蔵前:9|稲荷町:10|御徒町:10,賃貸,2023,12,2054,建築物環境計画書,台東区小島一丁目15番7(住居表示)
Brillia ist 新御徒町,新御徒町,5,新御徒町:5|田原町:6|稲荷町:7|蔵前:8|仲御徒町:12,賃貸,2025,14,2128,とどまるマンション／建築物環境計画書,台東区元浅草3丁目17-7
クレヴィア新御徒町,新御徒町,6,新御徒町:6|浅草橋:9|蔵前:9|仲御徒町:9|御徒町:11,賃貸,2023,14,2999,建築物環境計画書,台東区鳥越一丁目30番8(住居表示)
クロスレジデンス日本橋本町,新日本橋,2,新日本橋:2|小伝馬町:4|神田:5|岩本町:8|三越前:8,賃貸,2023,15,2004,建築物環境計画書,中央区日本橋本町4丁目15-5
プラウドフラット三越前,新日本橋,2,新日本橋:2|小伝馬町:4|神田:5|岩本町:8|三越前:8,賃貸,,,,とどまるマンション,中央区日本橋本町四丁目
F l ü g e l 武蔵野音楽大学学生レジデンス,新桜台,3,新桜台:3|江古田:6|小竹向原:10|桜台:11|新江古田:13,賃貸,2024,5,3287,建築物環境計画書,練馬区羽沢1-22-23
パークホームズ江古田,新桜台,4,新桜台:4|江古田:4|桜台:8|新江古田:8|小竹向原:13,分譲,,,,とどまるマンション,練馬区栄町
アーバンパーク江古田の森,新江古田,4,新江古田:4|江古田:11|東長崎:15|桜台:15,分譲,2025,6,2395,建築物環境計画書,中野区江原町二丁目20番8号(住居表示)
オープンレジデンシア練馬桜台コート,新江古田,6,新江古田:6|桜台:7|江古田:10|新桜台:10|練馬:14,分譲,2024,6,3984,建築物環境計画書,練馬区豊玉北2丁目22番5 (地名地番)
ジオエント新江古田,新江古田,6,新江古田:6|桜台:7|江古田:10|新桜台:10|練馬:14,分譲,2021,5,2590,建築物環境計画書,練馬区豊玉北二丁目7番20号(住居表示)
グランドメゾン江古田の杜,新江古田,8,新江古田:8|沼袋:13|桜台:15|江古田:15,分譲,,,,とどまるマンション,中野区江古田3丁目
デュオセーヌ江古田の森公園,新江古田,9,新江古田:9|桜台:12|練馬:14,分譲,2022,6,5399,建築物環境計画書,練馬区豊玉中一丁目4番2
スカイズタワー&ガーデン,新豊洲,5,新豊洲:5|有明テニスの森:10|豊洲:14,分譲,,,,とどまるマンション,江東区豊洲6丁目
ザ・パークハウス晴海タワーズ ティアロレジデンス,新豊洲,10,新豊洲:10|勝どき:11|豊洲:11|月島:12,分譲,,,,とどまるマンション／中央区防災認定,中央区晴海二丁目
パークタワー晴海,新豊洲,10,新豊洲:10|勝どき:11|豊洲:11|月島:12,分譲,,,,とどまるマンション／中央区防災認定,中央区晴海2丁目
ALTERNA北品川,新馬場,3,新馬場:3|北品川:7|天王洲アイル:11|青物横丁:13|品川シーサイド:14,賃貸,2023,15,3558,建築物環境計画書,品川区北品川2丁目30番27号
ジオ品川天王洲,新馬場,7,新馬場:7|天王洲アイル:7|北品川:7|品川:13,分譲,2024,15,10351,建築物環境計画書,品川区東品川1丁目39番18号
ザ・パークハビオ 新高円寺,新高円寺,4,新高円寺:4|高円寺:8|東高円寺:8,賃貸,2021,6,2496,建築物環境計画書,杉並区高円寺南二丁目4-1
ミリアレジデンス高円寺,新高円寺,4,新高円寺:4|高円寺:8|東高円寺:8,賃貸,,,,とどまるマンション,杉並区高円寺南2丁目
リビオセゾン高円寺,新高円寺,4,新高円寺:4|高円寺:8|東高円寺:8,賃貸,2023,8,4253,建築物環境計画書,"杉並区高円寺南2丁目398番19,20,21"
ピアース杉並方南町レジデンス,方南町,9,方南町:9|新高円寺:14|東高円寺:15,分譲,2024,5,7595,建築物環境計画書,杉並区堀ノ内2丁目605番9
ティエラコート杉並方南町,方南町,11,方南町:11|永福町:15,分譲,,,,とどまるマンション,杉並区堀ノ内1丁目
テラス杉並方南町,方南町,11,方南町:11|永福町:15,賃貸,2024,5,4504,建築物環境計画書,杉並区堀ノ内2―11-6
プラウドシティ方南町,方南町,11,方南町:11|永福町:15,分譲,2024,14,29583,建築物環境計画書,杉並区堀ノ内1丁目8番3号
クレストコート旗の台,旗の台,3,旗の台:3|長原:4|荏原町:8|北千束:10|洗足池:12,賃貸,2025,5,2220,建築物環境計画書,品川区旗の台五丁目10-20(住戸表示)
コスモ旗の台駅前,旗の台,3,旗の台:3|長原:4|荏原町:8|北千束:10|洗足池:12,分譲,,,,とどまるマンション,品川区旗の台5丁目
ベイサイドステージ東京,日の出,1,日の出:1|浜松町:9|芝浦ふ頭:10|大門:12|三田:12,分譲,,,,とどまるマンション,港区海岸2丁目
GLOBAL FRONT TOWER,日の出,4,日の出:4|三田:8|浜松町:9|田町:10|芝公園:10,分譲,,,,とどまるマンション,港区芝浦1丁目
ナイスシティアリーナ西日暮里,日暮里,3,日暮里:3|西日暮里:6|三河島:8|新三河島:10|千駄木:11,分譲,,,,とどまるマンション,荒川区西日暮里二丁目
アトラス日暮里,日暮里,6,日暮里:6|鶯谷:7|三河島:9|入谷:13|西日暮里:13,分譲,,,,とどまるマンション,荒川区東日暮里5丁目
L'AFFINAGE (ラフィナージュ),日野,11,日野:11,賃貸,2024,6,3080,建築物環境計画書,日野市日野722-1
Brillia早稲田鶴巻町,早稲田,5,早稲田:5|江戸川橋:11|牛込柳町:12|神楽坂:12|若松河田:14,分譲,2025,10,2027,建築物環境計画書,新宿区早稲田鶴巻町566番1
S-RESIDENCE 新宿早稲田avelis,早稲田,5,早稲田:5|江戸川橋:11|牛込柳町:12|神楽坂:12|若松河田:14,賃貸,2025,12,2334,建築物環境計画書,新宿区早稲田鶴巻町569番
ア-バネックス早稲田テラス,早稲田,5,早稲田:5|江戸川橋:11|牛込柳町:12|神楽坂:12|若松河田:14,賃貸,2024,13,4245,建築物環境計画書,新宿区早稲田鶴巻町555番2外10筆
アクシルコート早稲田,早稲田,5,早稲田:5|江戸川橋:11|牛込柳町:12|神楽坂:12|若松河田:14,賃貸,2025,13,3978,建築物環境計画書,新宿区早稲田鶴巻町566番2他
プライムアーバン早稲田,早稲田,5,早稲田:5|江戸川橋:11|牛込柳町:12|神楽坂:12|若松河田:14,賃貸,,,,とどまるマンション,新宿区早稲田鶴巻町
プラウドフラット早稲田,早稲田,5,早稲田:5|江戸川橋:11|牛込柳町:12|神楽坂:12|若松河田:14,賃貸,,,,とどまるマンション,新宿区早稲田鶴巻町
ザ・パークハウス アーバンス 早稲田,早稲田,6,早稲田:6|西早稲田:12|若松河田:15,分譲,2022,13,2568,建築物環境計画書,新宿区西早稲田一丁目569番1
フジタ早稲田マンション,早稲田,6,早稲田:6|西早稲田:12|若松河田:15,分譲,,,,とどまるマンション,新宿区西早稲田1丁目
プラウドフラット神楽坂III,早稲田,7,早稲田:7|神楽坂:7|牛込柳町:8|江戸川橋:9|牛込神楽坂:11,賃貸,,,,とどまるマンション,新宿区榎町
ディアナコ-ト永福町,明大前,6,明大前:6|永福町:8|下高井戸:9|代田橋:14,分譲,2024,3,2548,建築物環境計画書,杉並区永福1丁目390番5
クレアホームズ永福町 耀の邸,明大前,8,明大前:8|代田橋:10|永福町:10|方南町:15,分譲,,,,とどまるマンション,杉並区和泉2丁目
Brillia 本郷 Station Front,春日,2,春日:2|後楽園:5|本郷三丁目:7|水道橋:10|東大前:11,分譲,2024,15,2290,建築物環境計画書,文京区本郷四丁目303番1
GREEN PARK 本郷,春日,2,春日:2|後楽園:5|本郷三丁目:7|水道橋:10|東大前:11,分譲,2025,14,3453,建築物環境計画書,文京区本郷四丁目37番60、37番1
グランドメゾン本郷菊坂,春日,2,春日:2|後楽園:5|本郷三丁目:7|水道橋:10|東大前:11,分譲,,,,とどまるマンション,文京区本郷4丁目
アトラスタワー小石川,春日,3,春日:3|後楽園:7|東大前:10|本郷三丁目:12|白山:13,分譲,,,,とどまるマンション,文京区小石川1丁目
エルアージュ小石川,春日,3,春日:3|後楽園:7|東大前:10|本郷三丁目:12|白山:13,分譲,,,,とどまるマンション,文京区小石川1丁目
パークコート文京小石川 ザ タワー・文京ガーデン ノーステラス,春日,3,春日:3|後楽園:7|東大前:10|本郷三丁目:12|白山:13,分譲,,,,とどまるマンション,文京区小石川1丁目
文京ガーデンゲートタワー・文京ガーデン センターテラス・文京ガーデンザサウス,春日,3,春日:3|後楽園:7|東大前:10|本郷三丁目:12|白山:13,,,,,とどまるマンション,文京区小石川1丁目
パークホームズ文京小石川ヒルテラス,春日,5,春日:5|後楽園:5|水道橋:13|本郷三丁目:14|東大前:14,分譲・賃貸,2023,11,13405,建築物環境計画書,文京区小石川二丁目11番2
La Perla Bunkyo-Koishikawa,春日,8,春日:8|後楽園:9|白山:13|東大前:13|茗荷谷:14,賃貸,2023,7,1277,建築物環境計画書,"文京区小石川三丁目84番119,121,127,128,129"
アトラス文京小石川,春日,8,春日:8|後楽園:9|白山:13|東大前:13|茗荷谷:14,分譲,2024,15,3340,建築物環境計画書,文京区小石川三丁目1番8
ヴェリテージ文京小石川,春日,8,春日:8|後楽園:9|白山:13|東大前:13|茗荷谷:14,賃貸,2023,14,2394,建築物環境計画書,文京区小石川三丁目14番5
リムザ,是政,5,是政:5|南多摩:10,分譲,,,,とどまるマンション,府中市是政4丁目
グランハイツ曙橋,曙橋,2,曙橋:2|四谷三丁目:7|若松河田:9|牛込柳町:10|新宿御苑前:14,賃貸,,,,とどまるマンション,新宿区住吉町
ジオ市谷仲之町,曙橋,3,曙橋:3|牛込柳町:7|若松河田:8|四谷三丁目:10,分譲,2025,5,3135,建築物環境計画書,新宿区市谷仲之町37番1 他11筆(地番)
プライムアーバン市谷仲之町,曙橋,3,曙橋:3|牛込柳町:7|若松河田:8|四谷三丁目:10,賃貸,,,,とどまるマンション,新宿区市谷仲之町
メゾンカルム市谷仲之町,曙橋,3,曙橋:3|牛込柳町:7|若松河田:8|四谷三丁目:10,賃貸,,,,とどまるマンション,新宿区市谷仲之町
曙寮,曙橋,3,曙橋:3|牛込柳町:7|若松河田:8|四谷三丁目:10,賃貸,2022,5,2901,建築物環境計画書,新宿区市谷仲之町2番31号
ザ・パークハウス市ヶ谷,曙橋,7,曙橋:7|市ケ谷:7|牛込柳町:10|四ツ谷:11|四谷三丁目:12,分譲,,,,とどまるマンション,新宿区市谷本村町
Brillia ist 墨田曳舟,曳舟,1,曳舟:1|京成曳舟:4|東向島:8|とうきょうスカイツリー:13,賃貸,2025,12,2518,建築物環境計画書,墨田区東向島二丁目74番
ザ・パークハウス曳舟,曳舟,1,曳舟:1|京成曳舟:4|東向島:8|とうきょうスカイツリー:13,分譲,2024,11,7314,建築物環境計画書,墨田区東向島2丁目125番2
LIME RESIDENCE HIKIFUNE,曳舟,5,曳舟:5|京成曳舟:8|東向島:8|とうきょうスカイツリー:15,賃貸,2024,5,6244,建築物環境計画書,墨田区東向島1丁目24番11号(住居表示)
SYFORME NEXT MUKOJIMA,曳舟,7,曳舟:7|京成曳舟:11|とうきょうスカイツリー:12|東向島:13,賃貸,2024,12,2275,建築物環境計画書,墨田区向島五丁目43番14
GENOVIA浅草VIskygarden,曳舟,14,曳舟:14|浅草:15,賃貸,2024,12,3792,建築物環境計画書,台東区今戸二丁目9番7
シンビエンス浅草,曳舟,14,曳舟:14|浅草:15,分譲,2023,9,2095,建築物環境計画書,台東区今戸2丁目16番1他(地名地番)
ブリシア浅草V,曳舟,14,曳舟:14|東向島:14,分譲,2024,10,2221,建築物環境計画書,台東区橋場一丁目311番1、11
ムーンアイランドタワー,月島,2,月島:2|勝どき:10|越中島:12,分譲,,,,とどまるマンション／中央区防災認定,中央区月島2丁目
Brillia WELLITH 月島,月島,3,月島:3|勝どき:10|築地:11|新富町:12|越中島:13,,,,,中央区防災認定,中央区月島1-15-10
アイ・マークタワー,月島,3,月島:3|勝どき:10|築地:11|新富町:12|越中島:13,分譲,,,,とどまるマンション／中央区防災認定,中央区月島1丁目
エムエー月島,月島,3,月島:3|越中島:8|勝どき:14|門前仲町:14,分譲,2023,11,3585,建築物環境計画書,中央区佃三丁目2番11号
オークプレイス月島,月島,3,月島:3|勝どき:10|築地:11|新富町:12|越中島:13,,,,,中央区防災認定,中央区月島3-26-3
クレイス月島キャナルフロント,月島,3,月島:3|勝どき:10|築地:11|新富町:12|越中島:13,,,,,中央区防災認定,中央区月島2-3-9
ザ・パークハウス月島ディアスタ,月島,3,月島:3|勝どき:10|築地:11|新富町:12|越中島:13,,,,,中央区防災認定,中央区月島2-2-8
セザール第二月島,月島,3,月島:3|勝どき:10|築地:11|新富町:12|越中島:13,,,,,中央区防災認定,中央区月島3-4-1
プライムアーバン月島,月島,3,月島:3|越中島:8|勝どき:14|門前仲町:14,賃貸,,,,とどまるマンション,中央区佃三丁目
ライオンズマンション月島第2,月島,3,月島:3|勝どき:10|築地:11|新富町:12|越中島:13,,,,,中央区防災認定,中央区月島3-3-13
月島パインマンション,月島,3,月島:3|勝どき:10|築地:11|新富町:12|越中島:13,,,,,中央区防災認定,中央区月島2-20-8
月島ホームズ,月島,3,月島:3|勝どき:10|築地:11|新富町:12|越中島:13,,,,,中央区防災認定,中央区月島1-14-13
月島リバーハウス,月島,3,月島:3|勝どき:10|築地:11|新富町:12|越中島:13,,,,,中央区防災認定,中央区月島3-1-1、2
Brillia 月島四丁目,月島,6,月島:6|勝どき:7,分譲,2024,8,5156,建築物環境計画書,中央区月島四丁目205番、206番
レガリス月島ベイサイドコート,月島,6,月島:6|勝どき:7,分譲,2023,9,2480,建築物環境計画書,"中央区月島四丁目4番地407,409,410,411,412,413,422-2,422-4,423-2"
HARUMI FLAG PARK VILLAGE (A棟~F棟),月島,7,月島:7|勝どき:10|豊洲:13|越中島:14,,,,,中央区防災認定,中央区晴海5-6
HARUMI FLAG SEA VILLAGE (A棟~E棟),月島,7,月島:7|勝どき:10|豊洲:13|越中島:14,,,,,中央区防災認定,中央区晴海5-4
HARUMI FLAG SUN VILLAGE (A棟~F棟),月島,7,月島:7|勝どき:10|豊洲:13|越中島:14,,,,,中央区防災認定,中央区晴海5-5
ザ・クレストタワー,月島,7,月島:7|八丁堀:10|越中島:11|新富町:11|築地:12,,,,,中央区防災認定,中央区佃2-11-6
ザ・パークハウス晴海タワーズ クロノレジデンス,月島,7,月島:7|勝どき:10|豊洲:13|越中島:14,,,,,中央区防災認定,中央区晴海2-3-30
シティフロントタワー,月島,7,月島:7|八丁堀:10|越中島:11|新富町:11|築地:12,分譲,,,,とどまるマンション／中央区防災認定,中央区佃1丁目
スカイライトタワー,月島,7,月島:7|八丁堀:10|越中島:11|新富町:11|築地:12,分譲,,,,とどまるマンション／中央区防災認定,中央区佃1丁目
センチュリーパーク タワー,月島,7,月島:7|越中島:7|門前仲町:11|八丁堀:13,分譲,,,,とどまるマンション／中央区防災認定,中央区佃2丁目
ソフトタウン晴海,月島,7,月島:7|勝どき:10|豊洲:13|越中島:14,,,,,中央区防災認定,中央区晴海2-5-16
ファミール月島グランスイートタワー,月島,7,月島:7|越中島:7|門前仲町:11|八丁堀:13,分譲,,,,とどまるマンション／中央区防災認定,中央区佃2丁目
ライオンズタワー月島,月島,7,月島:7|八丁堀:10|越中島:11|新富町:11|築地:12,,,,,中央区防災認定,中央区佃2-10-9
佃リバーシティ自治会 (イーストタワーズ2号棟、UR都市機構6~10号棟),月島,7,月島:7|八丁堀:10|越中島:11|新富町:11|築地:12,,,,,中央区防災認定,中央区佃2-1-2、佃2-2-6~10
佃二丁目五号棟,月島,7,月島:7|八丁堀:10|越中島:11|新富町:11|築地:12,,,,,中央区防災認定,中央区佃2-2-5
晴海アイランドトリトンスクエアビュータワー,月島,7,月島:7|勝どき:10|豊洲:13|越中島:14,分譲,,,,とどまるマンション,中央区晴海1丁目
晴海ガーデンコート,月島,7,月島:7|勝どき:10|豊洲:13|越中島:14,,,,,中央区防災認定,中央区晴海1-7-1
晴海ビュータワー,月島,7,月島:7|勝どき:10|豊洲:13|越中島:14,,,,,中央区防災認定,中央区晴海1-6-1
シティタワーズ東京ベイ イーストタワー,有明,4,有明:4|有明テニスの森:5,分譲,,,,とどまるマンション,江東区有明2丁目
シティタワーズ東京ベイ ウエストタワー,有明,4,有明:4|有明テニスの森:5,分譲,,,,とどまるマンション,江東区有明2丁目
シティタワーズ東京ベイ セントラルタワー,有明,4,有明:4|有明テニスの森:5,分譲,,,,とどまるマンション,江東区有明2丁目
Brillia Mare 有明 TOWER & GARDEN,有明テニスの森,1,有明テニスの森:1|有明:10|新豊洲:11,分譲,,,,とどまるマンション,江東区有明1丁目
シティタワー有明,有明テニスの森,1,有明テニスの森:1|有明:10|新豊洲:11,分譲,,,,とどまるマンション,江東区有明1丁目
ガラ・ステーション木場,木場,2,木場:2|東陽町:11|門前仲町:14,分譲,,,,とどまるマンション,江東区木場5丁目
コンフォリア・リヴ木場,木場,2,木場:2|東陽町:11|門前仲町:14,賃貸,2024,15,2092,建築物環境計画書,江東区木場5丁目4-7(住居表示)
木場公園リネアス,木場,2,木場:2|東陽町:11|門前仲町:14,分譲,,,,とどまるマンション,東京都江東区木場5丁目
ブランシエスタ木場,木場,3,木場:3|東陽町:12|門前仲町:15,賃貸,2025,11,7301,建築物環境計画書,江東区木場6丁目41番5
ザ・パークハウス 富岡門前仲町,木場,6,木場:6|門前仲町:7|越中島:11,分譲,2025,11,2914,建築物環境計画書,江東区富岡二丁目15番2(地名地番)
プラウドフラット門前仲町I,木場,6,木場:6|門前仲町:7|越中島:11,賃貸,,,,とどまるマンション,江東区富岡二丁目
東京タイムズタワー,末広町,2,末広町:2|秋葉原:4|御徒町:8|仲御徒町:8|湯島:9,分譲,,,,とどまるマンション,千代田区外神田四丁目
クレストコート本所吾妻橋,本所吾妻橋,2,本所吾妻橋:2|とうきょうスカイツリー:6|浅草:9,賃貸,2023,12,3246,建築物環境計画書,"墨田区吾妻橋三丁目4番4,19,21,25,28,29,31,36"
クレストコート本所吾妻橋North,本所吾妻橋,2,本所吾妻橋:2|浅草:6|とうきょうスカイツリー:9|田原町:14,賃貸,2025,11,3539,建築物環境計画書,墨田区吾妻橋2丁目7番11号
プライムアーバンとうきょうスカイツリー,本所吾妻橋,2,本所吾妻橋:2|とうきょうスカイツリー:6|浅草:9,賃貸,,,,とどまるマンション,墨田区吾妻橋三丁目
ヴィルヌーブ吾妻橋,本所吾妻橋,2,本所吾妻橋:2|とうきょうスカイツリー:6|浅草:9,分譲,,,,とどまるマンション,墨田区吾妻橋三丁目
プラウドフラット本所吾妻橋,本所吾妻橋,3,本所吾妻橋:3|とうきょうスカイツリー:8|浅草:11,賃貸,,,,とどまるマンション,墨田区東駒形四丁目
GENOVIA本所吾妻橋IIskygarden,本所吾妻橋,7,本所吾妻橋:7|とうきょうスカイツリー:11|錦糸町:14|浅草:14,賃貸,2022,7,2336,建築物環境計画書,墨田区本所四丁目9番1
プライムメゾン浅草イースト,本所吾妻橋,8,本所吾妻橋:8|蔵前:11|浅草:12|両国:14|田原町:15,賃貸,2022,7,2226,建築物環境計画書,墨田区本所2丁目16番2号
ライオンズシティ両国,本所吾妻橋,8,本所吾妻橋:8|蔵前:11|浅草:12|両国:14|田原町:15,分譲,,,,とどまるマンション,墨田区本所2丁目
GENOVIA本所吾妻橋skygarden,本所吾妻橋,11,本所吾妻橋:11|両国:14|錦糸町:14|蔵前:15,賃貸,2021,7,2691,建築物環境計画書,墨田区石原3丁目34番3
GENOVIA板橋本町III skygarden,本蓮沼,7,本蓮沼:7|板橋本町:7|中板橋:13,分譲,2021,5,2096,建築物環境計画書,板橋区宮本町35番10 (住居表示)
朝日シティパリオ板橋本町,本蓮沼,7,本蓮沼:7|板橋本町:7|中板橋:13,分譲,,,,とどまるマンション,板橋区宮本町
エクセルときわ台,本蓮沼,9,本蓮沼:9|ときわ台:12|中板橋:12|板橋本町:12|志村坂上:15,分譲,,,,とどまるマンション,板橋区前野町一丁目
ザ・ケンジントン・レジデンスときわ台,本蓮沼,9,本蓮沼:9|ときわ台:12|中板橋:12|板橋本町:12|志村坂上:15,賃貸,2025,5,10777,建築物環境計画書,板橋区前野町2-35-4
シンビエンスときわ台,本蓮沼,9,本蓮沼:9|ときわ台:12|中板橋:12|板橋本町:12|志村坂上:15,分譲,2023,6,2609,建築物環境計画書,"板橋区前野町一丁目44番42,43"
フレアサイトときわ台,本蓮沼,9,本蓮沼:9|ときわ台:12|中板橋:12|板橋本町:12|志村坂上:15,分譲,,,,とどまるマンション,板橋区前野町一丁目
La Perla Hongo-2chome,本郷三丁目,3,本郷三丁目:3|水道橋:8|御茶ノ水:9|後楽園:10|春日:11,賃貸,2024,11,917,建築物環境計画書,"文京区本郷二丁目213番7,8,9"
コート本郷,本郷三丁目,3,本郷三丁目:3|水道橋:8|御茶ノ水:9|後楽園:10|春日:11,賃貸,,,,とどまるマンション,文京区本郷2丁目
メゾンカルム本郷,本郷三丁目,3,本郷三丁目:3|水道橋:8|御茶ノ水:9|後楽園:10|春日:11,賃貸,,,,とどまるマンション,文京区本郷2丁目
BRANZ本郷,本郷三丁目,5,本郷三丁目:5|水道橋:5|後楽園:7|春日:8|御茶ノ水:12,分譲,2025,14,9676,建築物環境計画書,文京区本郷一丁目109 番1
パークアクシス文京本郷,本郷三丁目,5,本郷三丁目:5|春日:6|後楽園:9|東大前:10|水道橋:12,賃貸,2025,8,7942,建築物環境計画書,文京区本郷五丁目5番18号
プラウドフラット本郷三丁目,本郷三丁目,5,本郷三丁目:5|御茶ノ水:7|湯島:9|末広町:10|新御茶ノ水:10,賃貸,2024,15,2302,建築物環境計画書,文京区本郷三丁目25番7号
プラウド本郷ヒルトップ,本郷三丁目,5,本郷三丁目:5|水道橋:5|後楽園:7|春日:8|御茶ノ水:12,分譲,,,,とどまるマンション,文京区本郷1丁目
プラウド本郷一丁目ディアージュ,本郷三丁目,5,本郷三丁目:5|水道橋:5|後楽園:7|春日:8|御茶ノ水:12,分譲,,,,とどまるマンション,文京区本郷1丁目
プラウド本郷壱岐坂,本郷三丁目,5,本郷三丁目:5|水道橋:5|後楽園:7|春日:8|御茶ノ水:12,分譲,,,,とどまるマンション,文京区本郷1丁目
ルフォンプログレ本郷三丁目,本郷三丁目,5,本郷三丁目:5|御茶ノ水:7|湯島:9|末広町:10|新御茶ノ水:10,賃貸,2025,14,2936,とどまるマンション／建築物環境計画書,文京区本郷三丁目18番1号他
カレッジコート白山駅前,本駒込,3,本駒込:3|白山:6|千石:8|千駄木:13|東大前:14,賃貸,2023,14,2561,建築物環境計画書,文京区本駒込1
プライムアーバン本駒込,本駒込,3,本駒込:3|白山:6|千石:8|千駄木:13|東大前:14,賃貸,,,,とどまるマンション,文京区本駒込一丁目
シュトラーレ本駒込,本駒込,4,本駒込:4|白山:9|千駄木:10|千石:11|駒込:15,賃貸,2023,14,2909,建築物環境計画書,文京区本駒込3丁目56-1、56-3、56-4
ラグゼナ平井ノース,東あずま,7,東あずま:7|平井:9|小村井:10,賃貸,2025,5,3512,建築物環境計画書,墨田区立花六丁目21番5号
コンフォール東中神 1号棟,東中神,4,東中神:4|西立川:11|中神:12,賃貸,2024,9,6154,建築物環境計画書,昭島市もくせいの杜一丁目4番1号(住居表示)
コンフォール東中神 2号棟,東中神,4,東中神:4|西立川:11|中神:12,賃貸,2024,11,10909,建築物環境計画書,昭島市もくせいの杜一丁目4番2号(住居表示)
グランハイツ東中野,東中野,5,東中野:5|落合:10|中野坂上:10|大久保:15,賃貸,,,,とどまるマンション,中野区東中野1丁目
パークホームズ東中野,東中野,5,東中野:5|落合:10|中野坂上:10|大久保:15,分譲,2022,6,2865,建築物環境計画書,中野区東中野一丁目17番7号
東中野テラス,東中野,5,東中野:5|落合:10|中野坂上:10|大久保:15,分譲,,,,とどまるマンション,中野区東中野一丁目
PLUME NAKANOSAKAUE,東中野,6,東中野:6|中野坂上:9|落合:12,賃貸,2022,10,2136,建築物環境計画書,中野区東中野2丁目6-14(住居表示)
GENOVIA 落合,東中野,7,東中野:7|落合:9|新井薬師前:10|中井:11,賃貸,2023,6,2354,建築物環境計画書,中野区上高田1丁目13番8
ライオンズガーデン武蔵関公園壱番館,東伏見,4,東伏見:4|西武柳沢:14|武蔵関:14,分譲,,,,とどまるマンション,西東京市東伏見3丁目
レーベンハイム東伏見壱番館,東伏見,8,東伏見:8|西武柳沢:14,分譲,,,,とどまるマンション,西東京市東伏見4丁目
スカーラ代々木上原,東北沢,5,東北沢:5|代々木上原:5|池ノ上:9|下北沢:13|駒場東大前:13,分譲,,,,とどまるマンション,渋谷区上原3丁目
RJRプレシア東十条ガーデン,東十条,3,東十条:3|王子神谷:8|十条:10,賃貸,2025,14,15910,建築物環境計画書,北区東十条三丁目3番1号
パールマンション東十条,東十条,3,東十条:3|十条:7|王子神谷:13,分譲,,,,とどまるマンション,北区中十条3丁目
コンシェリア東京 <HIGASHIJUJO RESIDENCE>,東十条,4,東十条:4|王子神谷:9|十条:11,分譲,2025,15,2702,建築物環境計画書,北区東十条4丁目8番12号
ライオンズマンション東十条,東十条,4,東十条:4|王子神谷:9|十条:11,分譲,,,,とどまるマンション,北区東十条4丁目
ザ・パークハウス東十条フレシア,東十条,6,東十条:6|王子神谷:8|十条:10|王子:14,分譲,,,,とどまるマンション,北区東十条1丁目
パークホームズ十条,東十条,7,東十条:7|十条:7|王子神谷:12|王子:15,分譲,2024,14,2193,建築物環境計画書,北区中十条一丁目19番7(地番)
デュオヴェール東京東向島,東向島,3,東向島:3|八広:8|京成曳舟:9|曳舟:11,分譲,,,,とどまるマンション,墨田区東向島6丁目
セジョリ墨田イーストIII,東向島,5,東向島:5|曳舟:8|京成曳舟:10,分譲,2023,9,3546,建築物環境計画書,墨田区東向島三丁目9番6号
ジェノヴィア鐘ヶ淵,東向島,10,東向島:10|八広:14,賃貸,2023,9,4326,建築物環境計画書,墨田区墨田2丁目9番11号(住居表示)
オープンレジデンシア西片,東大前,3,東大前:3|白山:8|春日:9|根津:11|本駒込:12,分譲,2022,3,2168,建築物環境計画書,文京区西片二丁目10番530(地名地番)
パークホームズ文京白山ヒルテラス,東大前,4,東大前:4|白山:5|本駒込:8|根津:12|千駄木:12,分譲,2025,10,2426,建築物環境計画書,文京区向丘一丁目9番22号
シティ本郷菊坂,東大前,5,東大前:5|春日:8|本郷三丁目:10|根津:10|後楽園:12,分譲,,,,とどまるマンション,文京区本郷6丁目
グランド・ガーラ大島,東大島,6,東大島:6|大島:8,分譲,,,,とどまるマンション,江東区大島8丁目
ライオンズステージ大島ウエストアクエア,東大島,6,東大島:6|大島:8,分譲,,,,とどまるマンション,江東区大島8丁目
Brillia 大島 Parkside,東大島,7,東大島:7|大島:7|亀戸水神:13,分譲,2022,5,5904,建築物環境計画書,江東区大島七丁目329番2(地番)
ガーラ・アヴェニュー東大島,東大島,9,東大島:9|大島:13,分譲,2024,15,4017,とどまるマンション／建築物環境計画書,江東区東砂2丁目11番11号
チェリーガーデン,東大島,11,東大島:11,分譲,,,,とどまるマンション,江戸川区小松川2丁目
リバーウエストA館,東大島,11,東大島:11|平井:14,分譲,,,,とどまるマンション,江戸川区小松川3丁目
リバーウエストD館,東大島,11,東大島:11|平井:14,分譲,,,,とどまるマンション,江戸川区小松川3丁目
グランド・ガーラ東大島,東大島,15,東大島:15,分譲,,,,とどまるマンション,江東区東砂3丁目
グローベル東京府中サンクチュアリ,東府中,6,東府中:6|武蔵野台:14,分譲,2023,10,2997,建築物環境計画書,府中市若松町一丁目6番9
シティハウス府中八幡町,東府中,8,東府中:8|府中:10|府中本町:13,分譲,2023,15,5055,建築物環境計画書,府中市八幡町2丁目29-4
ファインスクェア府中緑町,東府中,10,東府中:10|府中:11,分譲,2024,6,2742,建築物環境計画書,府中市緑町二丁目14番2
ベルジュール東府中カルム,東府中,13,東府中:13,分譲,2023,8,4440,建築物環境計画書,府中市浅間町4-6-1(地番)
新宿セントラルハイツ,東新宿,3,東新宿:3|新大久保:6|大久保:9|新宿西口:11|新宿:11,分譲,,,,とどまるマンション,新宿区大久保1丁目
グランハイツ東新宿,東新宿,4,東新宿:4|若松河田:9|西早稲田:12|新大久保:12|新宿三丁目:14,賃貸,,,,とどまるマンション,新宿区新宿7丁目
コンフォリア東新宿,東新宿,5,東新宿:5|新宿三丁目:9|新宿御苑前:9|若松河田:11|新宿:11,賃貸,2023,14,10876,建築物環境計画書,新宿区新宿六丁目27番48号
シティコア新宿,東新宿,6,東新宿:6|新大久保:6|西早稲田:8|大久保:10|高田馬場:14,,,,,とどまるマンション,新宿区大久保2丁目
アスコットパーク日本橋,東日本橋,3,東日本橋:3|浜町:5|馬喰横山:5|馬喰町:6|浅草橋:8,,,,,中央区防災認定,中央区東日本橋3-9-3
アスコットパーク東日本橋,東日本橋,3,東日本橋:3|浜町:5|馬喰横山:5|馬喰町:6|浅草橋:8,,,,,中央区防災認定,中央区東日本橋2-5-9
ガレリア・マーレ日本橋,東日本橋,3,東日本橋:3|浜町:5|馬喰横山:5|馬喰町:6|浅草橋:8,,,,,中央区防災認定,中央区東日本橋1-1-3
グランドメゾン東日本橋,東日本橋,3,東日本橋:3|浜町:5|馬喰横山:5|馬喰町:6|浅草橋:8,,,,,中央区防災認定,中央区東日本橋3-7-7
リノア東日本橋,東日本橋,3,東日本橋:3|馬喰横山:5|馬喰町:5|浅草橋:5|浜町:7,分譲,,,,とどまるマンション／中央区防災認定,中央区東日本橋二丁目
東日本橋デュープレックスポーション,東日本橋,3,東日本橋:3|馬喰横山:5|馬喰町:5|浅草橋:5|浜町:7,分譲,,,,とどまるマンション,中央区東日本橋2丁目
ザ・パークハビオ 人形町レジデンス,東日本橋,4,東日本橋:4|馬喰横山:4|浜町:5|人形町:5|馬喰町:6,賃貸,2023,12,4981,建築物環境計画書,中央区日本橋久松町2番12
プラウド日本橋久松町,東日本橋,4,東日本橋:4|馬喰横山:4|浜町:5|人形町:5|馬喰町:6,,,,,中央区防災認定,中央区日本橋久松町5-11
日本橋久松町NKビル,東日本橋,4,東日本橋:4|馬喰横山:4|浜町:5|人形町:5|馬喰町:6,賃貸,2024,11,7406,建築物環境計画書,中央区日本橋久松町6番2-(301~1110号)
クレストコート世田谷松原,東松原,4,東松原:4|明大前:8|世田谷代田:12|下高井戸:13|代田橋:14,賃貸,2024,7,2095,建築物環境計画書,"世田谷区松原五丁目161番1,7 162番8,9"
ソフィア東松原,東松原,4,東松原:4|明大前:8|世田谷代田:12|下高井戸:13|代田橋:14,分譲,,,,とどまるマンション,世田谷区松原5丁目
羽根木マンション,東松原,5,東松原:5|代田橋:8|世田谷代田:10|下北沢:11|明大前:11,分譲,,,,とどまるマンション,世田谷区羽根木1丁目
INPEX梅ヶ丘寮,東松原,8,東松原:8|豪徳寺:9|世田谷代田:11|明大前:14,賃貸,2021,3,6818,建築物環境計画書,世田谷区松原六丁目8番12号
ソフィア西台,東武練馬,6,東武練馬:6|上板橋:13,分譲,,,,とどまるマンション,板橋区西台4丁目
イニシア練馬北町アベニュー,東武練馬,7,東武練馬:7|上板橋:11,分譲,2023,6,4663,建築物環境計画書,練馬区北町一丁目394番5(地名地番)
イニシア練馬北町レジデンス,東武練馬,7,東武練馬:7|上板橋:11,分譲,2022,6,2405,建築物環境計画書,練馬区北町2-29-4
マナーズフォート,東武練馬,8,東武練馬:8|下赤塚:14|地下鉄赤塚:15,分譲,,,,とどまるマンション,板橋区徳丸三丁目
エクセレントシティ練馬北町,東武練馬,10,東武練馬:10|下赤塚:11|地下鉄赤塚:11|平和台:14,分譲,,,,とどまるマンション,練馬区北町3丁目
コアシティ西台,東武練馬,11,東武練馬:11,分譲,,,,とどまるマンション,板橋区西台3丁目
ピアチェーレ板橋徳丸,東武練馬,13,東武練馬:13,分譲,,,,とどまるマンション,板橋区徳丸6丁目
アウルタワー,東池袋,4,東池袋:4|大塚:9|新大塚:9|池袋:13|雑司が谷:13,分譲,,,,とどまるマンション,豊島区東池袋4丁目
ミミリアレジデンス東池袋,東池袋,4,東池袋:4|大塚:9|新大塚:9|池袋:13|雑司が谷:13,,,,,とどまるマンション,豊島区東池袋4丁目
パークアクシス池袋イースト,東池袋,7,東池袋:7|池袋:10|大塚:10|新大塚:14|北池袋:15,賃貸,2026,12,4405,建築物環境計画書,豊島区東池袋3丁目13番5
アビタシオン南長崎,東長崎,3,東長崎:3|落合南長崎:11|新江古田:11|江古田:13,分譲,,,,とどまるマンション,豊島区南長崎6丁目
ザ・パークハビオ 東長崎,東長崎,3,東長崎:3|落合南長崎:7|椎名町:14|新江古田:15,賃貸,2023,10,2293,建築物環境計画書,豊島区南長崎5丁目28番8
ドーミー南長崎アネックス,東長崎,3,東長崎:3|落合南長崎:11|新江古田:11|江古田:13,賃貸,2022,5,4179,建築物環境計画書,豊島区南長崎六丁目4006番2、4006番3
ファミリータウン東陽 A棟,東陽町,4,東陽町:4|潮見:11|木場:12,分譲,,,,とどまるマンション,江東区東陽2丁目
ファミリータウン東陽 B棟,東陽町,4,東陽町:4|潮見:11|木場:12,分譲,,,,とどまるマンション,江東区東陽2丁目
ファミリータウン東陽 C棟,東陽町,4,東陽町:4|潮見:11|木場:12,分譲,,,,とどまるマンション,江東区東陽2丁目
ファミリータウン東陽 E棟,東陽町,4,東陽町:4|潮見:11|木場:12,分譲,,,,とどまるマンション,江東区東陽2丁目
ファミリータウン東陽 F棟,東陽町,4,東陽町:4|潮見:11|木場:12,分譲,,,,とどまるマンション,江東区東陽2丁目
ファミリータウン東陽 J棟,東陽町,4,東陽町:4|潮見:11|木場:12,分譲,,,,とどまるマンション,江東区東陽2丁目
ファミリータウン東陽 N棟,東陽町,4,東陽町:4|潮見:11|木場:12,分譲,,,,とどまるマンション,江東区東陽2丁目
パークアクシス東陽町レジデンス,東陽町,6,東陽町:6|木場:8,賃貸,2022,12,9126,建築物環境計画書,江東区東陽五丁目31番12
パークホームズ東陽町,東陽町,6,東陽町:6|木場:8,分譲,2024,11,5391,建築物環境計画書,江東区東陽五丁目5番57番(地番)
ベルファース東陽町,東陽町,6,東陽町:6|木場:8,賃貸,2022,9,3065,建築物環境計画書,江東区東陽五丁目20番7
オーベル東陽町,東陽町,8,東陽町:8|南砂町:12,分譲,,,,とどまるマンション,江東区南砂2丁目
メインステージ南砂町II,東陽町,8,東陽町:8|南砂町:12,賃貸,2025,14,3775,建築物環境計画書,江東区南砂二丁目37番9
ガーラ・グランディ木場公園,東陽町,9,東陽町:9|木場:11,分譲,2023,11,2594,建築物環境計画書,江東区東陽6丁目1番12 他 (地名地番)
MJR深川住吉,東陽町,13,東陽町:13|木場:14,分譲,2024,14,13430,建築物環境計画書,江東区千石一丁目9番31
メインステージ南砂町,東陽町,14,東陽町:14,賃貸,2024,10,6024,建築物環境計画書,江東区南砂1丁目24番3号(住居表示)
ハイホーム東青梅,東青梅,2,東青梅:2|河辺:14,分譲,,,,とどまるマンション,青梅市東青梅一丁目
ライオンズマンション東青梅,東青梅,6,東青梅:6|河辺:11,分譲,,,,とどまるマンション,青梅市東青梅3丁目
グリーンコーポ東高円寺,東高円寺,3,東高円寺:3|新高円寺:10|新中野:13|中野富士見町:13,分譲,,,,とどまるマンション,杉並区和田3丁目
ジュネス鹿島,松が谷,4,松が谷:4|京王多摩センター:11|小田急多摩センター:11,賃貸,,,,とどまるマンション,八王子市鹿島
よしみハウジングビル,松が谷,11,松が谷:11|中央大学・明星大学:12,賃貸,,,,とどまるマンション,八王子市大塚
ピュアレジデンス,松が谷,11,松が谷:11|中央大学・明星大学:12,賃貸,,,,とどまるマンション,八王子市大塚
帝京大学 国際学生寮 八王子大塚,松が谷,11,松が谷:11|中央大学・明星大学:12,賃貸,2022,4,2529,建築物環境計画書,八王子市大塚525-1
西河マンション,松が谷,11,松が谷:11|中央大学・明星大学:12,賃貸,,,,とどまるマンション,八王子市大塚
The Grand Terrace Wakabayashi,松陰神社前,3,松陰神社前:3|若林:3|世田谷:8|三軒茶屋:12|上町:13,賃貸,2024,4,2862,建築物環境計画書,世田谷区若林三丁目5番10号
ドレッセ世田谷松陰神社,松陰神社前,3,松陰神社前:3|若林:3|世田谷:8|三軒茶屋:12|上町:13,分譲,2023,3,3020,建築物環境計画書,世田谷区若林3丁目167番1  (地名地番)
コンフォリア・リヴ 板橋,板橋,3,板橋:3|新板橋:3|下板橋:4|北池袋:9|板橋区役所前:11,賃貸,2025,14,5572,建築物環境計画書,板橋区板橋一丁目51番5番
プライムアーバン板橋,板橋,3,板橋:3|新板橋:3|下板橋:4|北池袋:9|板橋区役所前:11,賃貸,,,,とどまるマンション,板橋区板橋一丁目
N-flats 板橋,板橋区役所前,5,板橋区役所前:5|下板橋:6|大山:10|新板橋:10|板橋:10,賃貸,2023,16,5101,建築物環境計画書,板橋区板橋二丁目65番12、65番13、65番14
藤和シティホームズ板橋区役所前,板橋区役所前,5,板橋区役所前:5|下板橋:6|大山:10|新板橋:10|板橋:10,分譲,,,,とどまるマンション,板橋区板橋2丁目
ウェスタ板橋仲宿,板橋区役所前,6,板橋区役所前:6|板橋本町:10|大山:13|新板橋:15,賃貸,2024,14,2987,建築物環境計画書,板橋区仲宿54-20
板橋ハイタウン,板橋区役所前,6,板橋区役所前:6|板橋本町:10|大山:13|新板橋:15,分譲,,,,とどまるマンション,板橋区仲宿
板橋仲宿パーク・ホームズ,板橋区役所前,6,板橋区役所前:6|板橋本町:10|大山:13|新板橋:15,分譲,,,,とどまるマンション,板橋区仲宿
クレイシア・ヴァースクレイシア IDZ 板橋本町ステーションコート,板橋本町,4,板橋本町:4|板橋区役所前:12|中板橋:12|本蓮沼:14|大山:14,分譲,2022,14,4072,建築物環境計画書,板橋区大和町13番6(地名地番)
プライムアーバン板橋区役所前,板橋本町,4,板橋本町:4|板橋区役所前:12|本蓮沼:14,賃貸,,,,とどまるマンション,板橋区本町
プラウドフラット板橋本町,板橋本町,4,板橋本町:4|板橋区役所前:12|本蓮沼:14,賃貸,,,,とどまるマンション,板橋区本町
パークアクシス板橋本町ステーションゲート,板橋本町,5,板橋本町:5|本蓮沼:7,賃貸,2024,12,4219,建築物環境計画書,板橋区清水町36番4号
CREVISTA 柴又,柴又,6,柴又:6|金町:13|京成高砂:14|新柴又:15,分譲,2024,5,3238,建築物環境計画書,葛飾区柴又3丁目22番13号
グランドメゾンつつじヶ丘,柴崎,6,柴崎:6|国領:11,分譲,,,,とどまるマンション,調布市柴崎1丁目
ライオンズヒルズ調布つつじヶ丘 壱番館,柴崎,11,柴崎:11,分譲,,,,とどまるマンション,調布市柴崎2丁目
ライオンズヒルズ調布つつじヶ丘 弐番館,柴崎,11,柴崎:11,分譲,,,,とどまるマンション,調布市柴崎2丁目
クレヴィア上野池之端,根津,4,根津:4|東大前:10|上野:11|湯島:11|本郷三丁目:14,分譲,,,,とどまるマンション,台東区池之端2丁目
D-PLACE 下高井戸,桜上水,3,桜上水:3|下高井戸:8|上北沢:13|永福町:15|西永福:15,賃貸,2024,9,2197,建築物環境計画書,"杉並区下高井戸1丁目193-1,-2,-3,194-1"
ザ・パークハビオ 上北沢,桜上水,3,桜上水:3|下高井戸:8|上北沢:13|永福町:15|西永福:15,賃貸,2023,14,3436,建築物環境計画書,杉並区下高井戸一丁目41番7号(住居表示)
桜上水ガーデンズ A棟,桜上水,3,桜上水:3|下高井戸:10|上北沢:12,分譲,,,,とどまるマンション,世田谷区桜上水4丁目
桜上水ガーデンズ B棟,桜上水,3,桜上水:3|下高井戸:10|上北沢:12,分譲,,,,とどまるマンション,世田谷区桜上水4丁目
桜上水ガーデンズ C棟,桜上水,3,桜上水:3|下高井戸:10|上北沢:12,分譲,,,,とどまるマンション,世田谷区桜上水4丁目
桜上水ガーデンズ D棟,桜上水,3,桜上水:3|下高井戸:10|上北沢:12,分譲,,,,とどまるマンション,世田谷区桜上水4丁目
桜上水ガーデンズ E棟,桜上水,3,桜上水:3|下高井戸:10|上北沢:12,分譲,,,,とどまるマンション,世田谷区桜上水4丁目
桜上水ガーデンズ F・G棟,桜上水,3,桜上水:3|下高井戸:10|上北沢:12,分譲,,,,とどまるマンション,世田谷区桜上水4丁目
桜上水ガーデンズ H棟,桜上水,3,桜上水:3|下高井戸:10|上北沢:12,分譲,,,,とどまるマンション,世田谷区桜上水4丁目
桜上水ガーデンズ I棟,桜上水,3,桜上水:3|下高井戸:10|上北沢:12,分譲,,,,とどまるマンション,世田谷区桜上水4丁目
イトーピア南砂町マンション,桜台,6,桜台:6|新江古田:10|練馬:10|新桜台:12|江古田:13,分譲,,,,とどまるマンション,練馬区豊玉北3丁目
ガーラ・プレシャス練馬,桜台,6,桜台:6|新江古田:10|練馬:10|新桜台:12|江古田:13,賃貸,,,,とどまるマンション,練馬区豊玉北3丁目
グランドメゾン桜新町,桜新町,4,桜新町:4|用賀:12,分譲,,,,とどまるマンション,世田谷区桜新町2丁目
グランドメゾン桜新町レジデンス,桜新町,4,桜新町:4|用賀:12,分譲,,,,とどまるマンション,世田谷区桜新町2丁目
Brillia深沢八丁目,桜新町,8,桜新町:8|用賀:12,分譲,2024,3,3412,建築物環境計画書,世田谷区深沢8丁目70番18
セレッソブローテ桜新町,桜新町,8,桜新町:8|上町:10|世田谷:13,賃貸,2023,6,2559,建築物環境計画書,世田谷区弦巻4丁目12番17号(住居表示)
ザ・パークハウス 駒沢レジデンス,桜新町,9,桜新町:9|駒沢大学:9,分譲,2021,5,6124,建築物環境計画書,世田谷区駒沢三丁目27番9号
パークシティ弦巻 コート・フロント・レジデンス、イースト・レジデンス、サウス・レジデンス,桜新町,9,桜新町:9|駒沢大学:10|世田谷:12|松陰神社前:13|上町:14,,,,,とどまるマンション,世田谷区弦巻2丁目
ベルファース駒沢三丁目,桜新町,9,桜新町:9|駒沢大学:9,賃貸,2023,3,3444,建築物環境計画書,世田谷区駒沢3丁目7-3(住居表示)
カーメスト桜新町 1号棟,桜新町,11,桜新町:11|上町:13|用賀:15,賃貸,2024,5,4348,建築物環境計画書,"世田谷区弦巻五丁目 629番2,5,6(東)(住居表示:弦巻五丁目10番1号)"
カーメスト桜新町 2号棟,桜新町,11,桜新町:11|上町:13|用賀:15,賃貸,2024,5,2620,建築物環境計画書,"世田谷区弦巻五丁目 611番1,7,8(西) (住居表示:弦巻五丁目9番2号)"
コンフォール弦巻,桜新町,11,桜新町:11|上町:13|用賀:15,賃貸,,,,とどまるマンション,世田谷区弦巻5丁目
プラウド弦巻,桜新町,11,桜新町:11|上町:13|用賀:15,分譲,,,,とどまるマンション,世田谷区弦巻五丁目
パークホームズ深沢七丁目,桜新町,13,桜新町:13,分譲,2023,3,3340,建築物環境計画書,世田谷区深沢七丁目127番3
サンクレイドル桜街道レジデンス,桜街道,8,桜街道:8|玉川上水:12|上北台:12,分譲,2023,7,8701,建築物環境計画書,東大和市立野三丁目636番1
スカイコート北糀谷,梅屋敷,8,梅屋敷:8|京急蒲田:10|糀谷:11|大森町:14,賃貸,2022,6,4529,建築物環境計画書,大田区北糀谷2丁目8番3号
プラウド京急蒲田,梅屋敷,8,梅屋敷:8|京急蒲田:10|糀谷:11|大森町:14,分譲,2024,9,6693,建築物環境計画書,大田区北糀谷二丁目367番
コンフォリア・リヴ大森西,梅屋敷,10,梅屋敷:10|大森町:11,賃貸,2025,8,6199,建築物環境計画書,大田区大森西四丁目5番3(住居表示)
ガーラ・レジデンス梅島ベルモント公園,梅島,6,梅島:6|西新井:11,分譲,2026,8,5076,建築物環境計画書,"足立区梅島2丁目17番3,17番4"
藤和シティホームズ梅島,梅島,6,梅島:6|五反野:14|西新井:15,分譲,,,,とどまるマンション,足立区梅田6丁目
プラウドフラット森下ウエスト,森下,1,森下:1|清澄白河:9|浜町:9|両国:11|菊川:12,賃貸,,,,とどまるマンション,江東区新大橋三丁目
ベルファース森下フォレスト,森下,1,森下:1|清澄白河:8|菊川:10|浜町:11|両国:13,賃貸,2023,15,2238,建築物環境計画書,江東区森下一丁目16番4号
TRADIS 森下II,森下,3,森下:3|浜町:7|清澄白河:10|両国:10|東日本橋:12,賃貸,2026,15,2999,建築物環境計画書,江東区新大橋2丁目1番地2、他4筆
ル・サンク東京森下,森下,3,森下:3|両国:9|浜町:10|菊川:11|清澄白河:12,分譲,,,,とどまるマンション,墨田区千歳3丁目
シャリエ椎名町,椎名町,3,椎名町:3|落合南長崎:11|下落合:13|要町:14|東長崎:14,分譲,2025,15,5007,建築物環境計画書,豊島区南長崎一丁目17番18号
ザ・パークハビオ 目白タワー,椎名町,4,椎名町:4|下落合:11|目白:13|要町:13|落合南長崎:14,賃貸,2024,19,7245,建築物環境計画書,豊島区目白五丁目19番10-0000号
プラウド椎名町ガーデンテラス,椎名町,6,椎名町:6|落合南長崎:8|東長崎:11|下落合:14|中井:14,分譲,2022,5,2883,建築物環境計画書,豊島区南長崎二丁目2076-1
オープンレジデンス目白,椎名町,7,椎名町:7|目白:8|要町:13|下落合:13|池袋:13,分譲,,,,とどまるマンション,豊島区目白四丁目
KDXレジデンス武蔵境II,武蔵境,4,武蔵境:4,賃貸,2024,3,1996,建築物環境計画書,武蔵野市境一丁目7番16
トラープランド蒼麗館,武蔵境,5,武蔵境:5,賃貸,2025,7,8481,建築物環境計画書,武蔵野市境二丁目916番6ほか
ファインスクェア武蔵境,武蔵境,10,武蔵境:10|東小金井:13,分譲,2022,5,2559,建築物環境計画書,武蔵野市境五丁目1559番8
藤和学芸大学ホームズII,武蔵小山,6,武蔵小山:6|西小山:13|不動前:13,分譲,,,,とどまるマンション,品川区小山台2丁目
ライオンズプラザ武蔵小山,武蔵小山,7,武蔵小山:7|西小山:9|戸越銀座:9|荏原中延:10|戸越:11,分譲,,,,とどまるマンション,品川区荏原4丁目
カーメスト武蔵小金井 1号棟,武蔵小金井,9,武蔵小金井:9,賃貸,2025,7,14128,建築物環境計画書,小金井市本町四丁目7番33号(住居表示)
キャトルセゾン,武蔵小金井,13,武蔵小金井:13,賃貸,,,,とどまるマンション,小金井市貫井南町3丁目
小金井ヘルス・ケア・マンション,武蔵小金井,13,武蔵小金井:13,分譲,,,,とどまるマンション,小金井市桜町1丁目
ライオンズマンション武蔵小金井フォレスト ガーデン,武蔵小金井,14,武蔵小金井:14,分譲,,,,とどまるマンション,小金井市貫井南町2丁目
アジールコート武蔵新田,武蔵新田,7,武蔵新田:7|矢口渡:8|千鳥町:14|下丸子:14,分譲,2021,7,2397,建築物環境計画書,大田区矢口2丁目31-7
プライム大田矢口 イースト棟,武蔵新田,7,武蔵新田:7|矢口渡:8|千鳥町:14|下丸子:14,分譲,2022,9,2109,建築物環境計画書,大田区矢口二丁目1番20
プライム大田矢口 ウエスト棟,武蔵新田,7,武蔵新田:7|矢口渡:8|千鳥町:14|下丸子:14,分譲,2022,8,5225,建築物環境計画書,大田区矢口二丁目1番20
ガーラ・レジデンス府中武蔵野台,武蔵野台,2,武蔵野台:2,分譲,2024,7,4487,建築物環境計画書,府中市白糸台4丁目65-9他5筆
鹿島千惠子様共同住宅(フロレゾン),武蔵野台,5,武蔵野台:5,賃貸,2025,4,2027,建築物環境計画書,府中市白糸台2丁目4-7他
シュロス府中武蔵野台シルクハウス,武蔵野台,7,武蔵野台:7|飛田給:12,分譲,2023,10,4968,建築物環境計画書,府中市白糸台三丁目14番2
プラネスーペリア府中白糸台,武蔵野台,7,武蔵野台:7|東府中:14,分譲,2025,12,6640,建築物環境計画書,府中市白糸台一丁目33番1 他
アンビシャス府中武蔵野台,武蔵野台,11,武蔵野台:11,分譲,2021,6,2735,建築物環境計画書,府中市押立町三丁目32-1、32-44(地名地番)
Brillia関町北,武蔵関,4,武蔵関:4|東伏見:13,分譲,,,,とどまるマンション,練馬区関町北2丁目
グランドベイス練馬関町レジデンス,武蔵関,4,武蔵関:4,分譲,,,,とどまるマンション,練馬区関町北一丁目
BrilliaCity三鷹,武蔵関,10,武蔵関:10|東伏見:15,分譲,,,,とどまるマンション,練馬区関町南4丁目
エステムコートグラン 吉祥寺,武蔵関,10,武蔵関:10|上石神井:15,分譲,2024,5,5114,建築物環境計画書,練馬区関町南三丁目849-11
GREEN PARK 日本橋蛎殻町,水天宮前,2,水天宮前:2|人形町:5|茅場町:6|浜町:10|三越前:12,,,,,中央区防災認定,中央区日本橋蛎殻町1-32-4
アスコットパーク日本橋水天宮,水天宮前,2,水天宮前:2|人形町:5|茅場町:6|浜町:10|三越前:12,,,,,中央区防災認定,中央区日本橋蛎殻町1-31-3
ガーラ・レジデンス日本橋水天宮,水天宮前,2,水天宮前:2|人形町:5|茅場町:6|浜町:10|三越前:12,,,,,中央区防災認定,中央区日本橋蛎殻町1-19-2
ザ・パークハウス日本橋蛎殻町,水天宮前,2,水天宮前:2|人形町:5|茅場町:6|浜町:10|三越前:12,,,,,中央区防災認定,中央区日本橋蛎殻町1-8-5
ザ・パークハウス日本橋蛎殻町レジデンス,水天宮前,2,水天宮前:2|人形町:5|茅場町:6|浜町:10|三越前:12,分譲,,,,とどまるマンション／中央区防災認定,中央区日本橋蛎殻町1丁目
ザ・パークハウス水天宮前,水天宮前,2,水天宮前:2|人形町:6|浜町:7|茅場町:9|東日本橋:12,分譲,,,,とどまるマンション,中央区日本橋蛎殻町2丁目
プラハ日本橋人形町サウススクエア,水天宮前,2,水天宮前:2|人形町:5|茅場町:6|浜町:10|三越前:12,,,,,中央区防災認定,中央区日本橋蛎殻町1-19-8
プラハ日本橋人形町南,水天宮前,2,水天宮前:2|人形町:5|茅場町:6|浜町:10|三越前:12,,,,,中央区防災認定,中央区日本橋蛎殻町1-32-13
エコヴィレッジ日本橋水天宮前,水天宮前,4,水天宮前:4|茅場町:7|人形町:10|八丁堀:12|浜町:12,分譲,,,,とどまるマンション／中央区防災認定,中央区日本橋箱崎町
日本橋ニューシティダイヤモンドパレス,水天宮前,4,水天宮前:4|茅場町:7|人形町:10|八丁堀:12|浜町:12,,,,,中央区防災認定,中央区日本橋箱崎町44-5
グランシティ日本橋水天宮,水天宮前,6,水天宮前:6|浜町:8|清澄白河:9|森下:9|人形町:11,,,,,中央区防災認定,中央区日本橋中洲8-1
ニックハイム日本橋,水天宮前,6,水天宮前:6|浜町:8|清澄白河:9|森下:9|人形町:11,,,,,中央区防災認定,中央区日本橋中洲11-14
ハイツ日本橋中洲,水天宮前,6,水天宮前:6|浜町:8|清澄白河:9|森下:9|人形町:11,,,,,中央区防災認定,中央区日本橋中洲6-10
ヴェラハイツ日本橋浜町,水天宮前,6,水天宮前:6|浜町:8|清澄白河:9|森下:9|人形町:11,,,,,中央区防災認定,中央区日本橋中洲1-11
ウエリスアーバン水天宮前,水天宮前,8,水天宮前:8|清澄白河:9|門前仲町:11|浜町:13|森下:14,賃貸,2023,13,16154,建築物環境計画書,江東区佐賀二丁目8番6
レ・ジェイドクロス千代田神保町,水道橋,5,水道橋:5|九段下:6|神保町:6|御茶ノ水:11|新御茶ノ水:12,分譲・賃貸,2023,14,5096,建築物環境計画書,千代田区西神田二丁目2番7外
クリオ氷川台シーズンテラス,氷川台,4,氷川台:4|新桜台:9|桜台:12,分譲,2024,5,4798,建築物環境計画書,練馬区桜台三丁目44番5、他(地番)
リビオ練馬豊島園,氷川台,7,氷川台:7|平和台:10,分譲,2022,6,2950,建築物環境計画書,練馬区早宮4-19-15
氷川台南パーク・ホームズ,氷川台,8,氷川台:8|桜台:12|新桜台:14|練馬:14|豊島園:14,分譲,,,,とどまるマンション,練馬区桜台6丁目
D&#8217;クラディア氷川台,氷川台,10,氷川台:10|小竹向原:13,,,,,とどまるマンション,練馬区羽沢3丁目
クレヴィア氷川台,氷川台,10,氷川台:10|小竹向原:13,分譲,2024,5,3406,建築物環境計画書,練馬区羽沢三丁目2番4他
Lapis Concordia,永福町,4,永福町:4|西永福:9|下高井戸:11|桜上水:13|明大前:14,賃貸,2022,3,3119,建築物環境計画書,杉並区永福二丁目15-15
リビオセゾン杉並永福,永福町,4,永福町:4|西永福:7,賃貸,2024,5,2216,建築物環境計画書,杉並区永福4丁目21-12
グランドメゾン杉並永福町,永福町,5,永福町:5|西永福:12|明大前:15|方南町:15,分譲,2025,8,5306,建築物環境計画書,杉並区和泉三丁目913番9
東京ツインパークス,汐留,1,汐留:1|新橋:3|大門:11|御成門:11|東銀座:12,分譲,,,,とどまるマンション,港区東新橋一丁目
Yビル足立江北,江北,4,江北:4|西新井大師西:8|大師前:11,賃貸,,,,とどまるマンション,足立区西新井本町2丁目
Yビル足立江北ティアラ,江北,4,江北:4|西新井大師西:8|大師前:11,賃貸,,,,とどまるマンション,足立区西新井本町2丁目
Yビル江北oneタワー,江北,6,江北:6|扇大橋:9,賃貸,,,,とどまるマンション,足立区江北1丁目
イグジスタ高野,江北,6,江北:6|扇大橋:9,賃貸,2023,13,2390,建築物環境計画書,"足立区扇三丁目1169番1,3,1170番3(地名地番)"
カーメスト興野町 A号棟,江北,9,江北:9|大師前:9|扇大橋:15,賃貸,2022,8,7339,建築物環境計画書,足立区西新井本町4丁目17番
ザ・パークハビオ 江古田,江古田,6,江古田:6|新江古田:6|東長崎:10|新桜台:12|小竹向原:14,賃貸,2026,14,4339,建築物環境計画書,練馬区旭丘1丁目74-1
藤和シティコープ江古田,江古田,6,江古田:6|新江古田:6|東長崎:10|新桜台:12|小竹向原:14,分譲,,,,とどまるマンション,練馬区旭丘1丁目
オープンレジデンシア神楽坂プレイス,江戸川橋,3,江戸川橋:3|神楽坂:5|牛込神楽坂:9|飯田橋:14|茗荷谷:14,分譲,2025,5,4062,建築物環境計画書,新宿区改代町23番2 (地名地番)
ザ・パークハビオ文京江戸川橋,江戸川橋,4,江戸川橋:4|神楽坂:10|早稲田:11|護国寺:13|茗荷谷:13,賃貸,2023,10,3663,建築物環境計画書,文京区関口1丁目48番13号(住居表示)
クレヴィア山吹神楽坂,江戸川橋,5,江戸川橋:5|神楽坂:7|早稲田:10|牛込神楽坂:12|牛込柳町:13,分譲,2022,8,2509,建築物環境計画書,新宿区山吹町360-4
プライムアーバン神楽坂,江戸川橋,5,江戸川橋:5|神楽坂:7|早稲田:10|牛込神楽坂:12|牛込柳町:13,賃貸,,,,とどまるマンション,新宿区山吹町
プラウドフラット神楽坂II,江戸川橋,5,江戸川橋:5|神楽坂:7|早稲田:10|牛込神楽坂:12|牛込柳町:13,賃貸,,,,とどまるマンション,新宿区山吹町
ミリアレジデンス早稲田山吹町,江戸川橋,5,江戸川橋:5|神楽坂:7|早稲田:10|牛込神楽坂:12|牛込柳町:13,賃貸,,,,とどまるマンション,新宿区山吹町
La Perla Shimokitazawa,池ノ上,3,池ノ上:3|下北沢:7|東北沢:9|世田谷代田:12|駒場東大前:14,賃貸,2023,3,882,建築物環境計画書,世田谷区代沢二丁目23番6号
パークアクシス下北沢,池ノ上,3,池ノ上:3|下北沢:7|東北沢:9|世田谷代田:12|駒場東大前:14,賃貸,2025,7,3174,建築物環境計画書,世田谷区代沢二丁目29番11号 (住居表示)
グランドメゾン代沢三丁目,池ノ上,7,池ノ上:7|下北沢:9|世田谷代田:12|東北沢:13,分譲,,,,とどまるマンション,世田谷区代沢3丁目
クレストコート池上,池上,3,池上:3|蓮沼:9|矢口渡:11|武蔵新田:13|千鳥町:15,賃貸,2025,14,2170,建築物環境計画書,大田区池上六丁目72番8
スタイリオ池上-新参道-,池上,5,池上:5|蓮沼:14,賃貸,2023,10,2900,建築物環境計画書,大田区池上4丁目 30-6
ミリアレジデンス池上,池上,6,池上:6|蓮沼:12,賃貸,,,,とどまるマンション,大田区池上5丁目
東京工業大学(西蒲田)職員宿舎整備運営事業,池上,6,池上:6|蓮沼:9|矢口渡:14|蒲田:15,賃貸,2025,8,8553,建築物環境計画書,大田区西蒲田2丁目3番
プレサンスロジェ池尻大橋,池尻大橋,3,池尻大橋:3|駒場東大前:14|神泉:14,分譲,,,,とどまるマンション,目黒区東山3丁目
Brillia ist 池尻大橋,池尻大橋,4,池尻大橋:4|駒場東大前:8|神泉:10,賃貸,2025,7,11288,とどまるマンション／建築物環境計画書,目黒区大橋2丁目683番113
Brillia 目黒大橋,池尻大橋,4,池尻大橋:4|駒場東大前:8|神泉:10,分譲,2025,5,10041,建築物環境計画書,目黒区大橋2丁目683番114(地番)
デュオフラッツ池尻大橋,池尻大橋,4,池尻大橋:4|神泉:10|駒場東大前:11,賃貸,,,,とどまるマンション,目黒区大橋1丁目
デュオフラッツ池尻大橋ノリス,池尻大橋,4,池尻大橋:4|神泉:10|駒場東大前:11,賃貸,,,,とどまるマンション,目黒区大橋一丁目
プリズムタワー,池尻大橋,4,池尻大橋:4|神泉:10|駒場東大前:11,分譲,,,,とどまるマンション,目黒区大橋1丁目
クラッシィハウス世田谷公園,池尻大橋,5,池尻大橋:5,分譲,,,,とどまるマンション,世田谷区池尻2丁目
プライマルイプセ池尻大橋,池尻大橋,5,池尻大橋:5,賃貸,2022,13,3935,建築物環境計画書,世田谷区池尻二丁目414番1 他(地名地番)
La Perla 目黒東山,池尻大橋,7,池尻大橋:7|祐天寺:13|中目黒:13,賃貸,2024,4,852,建築物環境計画書,目黒区東山二丁目8番10号
グランハイツ池尻,池尻大橋,7,池尻大橋:7|駒場東大前:9|池ノ上:12,賃貸,,,,とどまるマンション,世田谷区池尻4丁目
ピア-ス中目黒WEST,池尻大橋,7,池尻大橋:7|祐天寺:13|中目黒:13,分譲,2023,6,2267,建築物環境計画書,目黒区東山2丁目1228番4
ビバリーホームズ青葉台,池尻大橋,8,池尻大橋:8|神泉:8|中目黒:13|駒場東大前:13|代官山:14,分譲,2021,3,1359,建築物環境計画書,目黒区青葉台三丁目3番3号
アークステージ目白,池袋,1,池袋:1|東池袋:10|目白:10|雑司が谷:11,分譲,,,,とどまるマンション,豊島区南池袋1丁目
パークホームズ南池袋,池袋,1,池袋:1|東池袋:10|目白:10|雑司が谷:11,分譲,2025,17,4789,建築物環境計画書,豊島区南池袋一丁目34番1
プライムアーバン南池袋,池袋,5,池袋:5|東池袋:5|雑司が谷:9|目白:12,賃貸,,,,とどまるマンション,豊島区南池袋二丁目
ザ・パークワンズ西池袋,池袋,6,池袋:6|目白:7|椎名町:12|要町:13|雑司が谷:13,賃貸,2024,5,2177,建築物環境計画書,豊島区西池袋2丁目21番20号
ウィルテラス池袋,池袋,9,池袋:9|要町:11|北池袋:14,賃貸,2025,14,2837,建築物環境計画書,豊島区池袋二丁目19番4号
第三ハルタビル,池袋,9,池袋:9|要町:11|北池袋:14,賃貸,,,,とどまるマンション,豊島区池袋2丁目
河辺ビューパレー多摩川,河辺,8,河辺:8|東青梅:10,,,,,とどまるマンション,青梅市千ヶ瀬町1丁目
セントヒルズ田園調布,沼部,4,沼部:4|鵜の木:10|御嶽山:12|久が原:13|多摩川:14,分譲,,,,とどまるマンション,大田区田園調布南
キャピタルマークタワー,泉岳寺,8,泉岳寺:8|田町:8|三田:11|芝浦ふ頭:12,分譲,,,,とどまるマンション,港区芝浦4丁目
ブランズ芝浦,泉岳寺,8,泉岳寺:8|田町:8|三田:11|芝浦ふ頭:12,分譲,2026,14,3983,建築物環境計画書,港区芝浦四丁目4-11
芝浦アイランド グローヴタワー,泉岳寺,8,泉岳寺:8|田町:8|三田:11|芝浦ふ頭:12,分譲,,,,とどまるマンション,港区芝浦4丁目
芝浦アイランド ケープタワー,泉岳寺,8,泉岳寺:8|田町:8|三田:11|芝浦ふ頭:12,分譲,,,,とどまるマンション,港区芝浦4丁目
プラウド目黒洗足ガーデンコート,洗足,1,洗足:1|北千束:6|西小山:9|大岡山:10|長原:13,分譲,2021,3,3483,建築物環境計画書,目黒区洗足二丁目8番6号
アデニウム洗足池南,洗足池,11,洗足池:11|長原:12|西馬込:14|石川台:14,分譲,,,,とどまるマンション,大田区上池台3丁目
グランドメゾン浅草花川戸,浅草,1,浅草:1|本所吾妻橋:8|田原町:10|とうきょうスカイツリー:13,分譲,,,,とどまるマンション,台東区花川戸1丁目
THE ASAKUSA RESIDENCE,浅草,4,浅草:4|田原町:6|本所吾妻橋:12|蔵前:13|稲荷町:14,分譲,2023,14,9479,建築物環境計画書,台東区浅草一丁目62番2号他(地名地番)
プレシス浅草雷門,浅草,4,浅草:4|田原町:6|本所吾妻橋:12|蔵前:13|稲荷町:14,分譲,,,,とどまるマンション,台東区浅草一丁目
クレスント,浅草,5,浅草:5|田原町:9|本所吾妻橋:13|入谷:15,賃貸,,,,とどまるマンション,台東区浅草2丁目
ルフォンプログレ浅草テラス,浅草,5,浅草:5|田原町:9|本所吾妻橋:13|入谷:15,分譲,2023,15,2979,建築物環境計画書,台東区浅草2丁目20番2号
J.GRAN Court 浅草,浅草,8,浅草:8|田原町:12|入谷:14,賃貸,2023,12,2720,建築物環境計画書,台東区浅草三丁目25-1
ザ・パークハウス浅草,浅草,8,浅草:8|田原町:12|入谷:14,分譲,,,,とどまるマンション,台東区浅草三丁目
シーズンフラッツ浅草言問通り,浅草,8,浅草:8|田原町:12|入谷:14,賃貸,2024,13,2226,建築物環境計画書,台東区浅草三丁目19番3、19番5の一部
クリオ浅草セントラルマークス,浅草,9,浅草:9|本所吾妻橋:14,分譲,2022,11,3148,建築物環境計画書,台東区浅草6丁目11-4(住居表示)
パークホームズ浅草六丁目,浅草,9,浅草:9|本所吾妻橋:14,分譲,2025,13,3347,建築物環境計画書,台東区浅草六丁目221番1(地番)
プラウドフラット浅草,浅草,9,浅草:9|本所吾妻橋:14,賃貸,,,,とどまるマンション,台東区浅草6丁目
プラウドフラット浅草ディアージュ,浅草,9,浅草:9|本所吾妻橋:14,賃貸,,,,とどまるマンション,台東区浅草6丁目
アーバンパーク浅草,浅草,13,浅草:13,賃貸,2022,11,2795,建築物環境計画書,台東区東浅草1丁目2番9号
サンクレイドル浅草レジデンス,浅草,13,浅草:13,分譲,2023,15,3635,建築物環境計画書,台東区東浅草1丁目31-4外
ジニア浅草,浅草,13,浅草:13,賃貸,2021,10,2491,建築物環境計画書,台東区東浅草一丁目4番4号
ライズ早川,浅草,13,浅草:13|三ノ輪:14|入谷:14,賃貸,,,,とどまるマンション,台東区浅草5丁目
テラス 浅草橋,浅草橋,2,浅草橋:2|両国:6|東日本橋:7|馬喰町:7|馬喰横山:8,賃貸,2023,13,3465,建築物環境計画書,台東区柳橋一丁目31番3号
パークホームズ浅草橋,浅草橋,2,浅草橋:2|馬喰町:6|東日本橋:7|馬喰横山:8|両国:10,分譲,2025,19,8046,建築物環境計画書,台東区浅草橋一丁目1番1(地番)
プラウドフラット浅草橋III,浅草橋,2,浅草橋:2|両国:6|東日本橋:7|馬喰町:7|馬喰横山:8,賃貸,,,,とどまるマンション,台東区柳橋1丁目
ミリアレジデンス浅草橋III,浅草橋,2,浅草橋:2|馬喰町:6|東日本橋:7|馬喰横山:8|両国:10,賃貸,,,,とどまるマンション,台東区浅草橋1丁目
PRARIE SKY RESIDENCE,浅草橋,4,浅草橋:4|両国:6|蔵前:6|東日本橋:10|馬喰町:11,賃貸,2025,12,2350,建築物環境計画書,台東区柳橋2丁目21-9
プラウドフラット浅草橋II,浅草橋,4,浅草橋:4|両国:6|蔵前:6|東日本橋:10|馬喰町:11,賃貸,,,,とどまるマンション,台東区柳橋二丁目
ミリアレジデンス浅草橋II,浅草橋,4,浅草橋:4|両国:6|蔵前:6|東日本橋:10|馬喰町:11,賃貸,2022,10,3265,とどまるマンション／建築物環境計画書,台東区柳橋2丁目11番32(地名・地番)
リージア浅草橋,浅草橋,4,浅草橋:4|両国:6|蔵前:6|東日本橋:10|馬喰町:11,賃貸,2023,13,2518,建築物環境計画書,台東区柳橋2丁目15番5号
プラウドフラット浅草橋,浅草橋,5,浅草橋:5|蔵前:6|新御徒町:10|両国:10|馬喰町:11,賃貸,,,,とどまるマンション,台東区浅草橋三丁目
ミリアレジデンス浅草橋,浅草橋,6,浅草橋:6|馬喰町:7|岩本町:8|秋葉原:8|馬喰横山:9,賃貸,,,,とどまるマンション,台東区浅草橋4丁目
ルフォンプログレ秋葉原EAST,浅草橋,6,浅草橋:6|新御徒町:9|秋葉原:9|馬喰町:10|岩本町:10,賃貸,2022,15,2614,建築物環境計画書,台東区浅草橋五丁目25番5
パークホームズ浜松町,浜松町,5,浜松町:5|大門:8|日の出:9|汐留:11|芝公園:13,分譲,2023,18,4857,建築物環境計画書,港区海岸1丁目20番6
サンウッド浜田山,浜田山,2,浜田山:2|西永福:9,分譲,2024,5,3417,建築物環境計画書,杉並区浜田山3丁目936番35(地番)
パストラルハイム浜田山,浜田山,4,浜田山:4|西永福:10|上北沢:14|高井戸:15,分譲,,,,とどまるマンション,杉並区浜田山2丁目
パーク・ハイム浜田山,浜田山,4,浜田山:4|西永福:10|上北沢:14|高井戸:15,分譲,,,,とどまるマンション,杉並区浜田山2丁目
グランリビオ浜田山,浜田山,6,浜田山:6|西永福:10,分譲,2023,3,7019,建築物環境計画書,杉並区浜田山4丁目 992番35、36
ライオンズガーデン浜田山,浜田山,9,浜田山:9|西永福:13,分譲,,,,とどまるマンション,杉並区成田西1丁目
Brillia日本橋浜町公園id,浜町,3,浜町:3|東日本橋:4|馬喰横山:6|馬喰町:7|人形町:8,,,,,中央区防災認定,中央区日本橋浜町2-44-6
アスコットパーク日本橋浜町公園,浜町,3,浜町:3|東日本橋:4|馬喰横山:6|馬喰町:7|人形町:8,,,,,中央区防災認定,中央区日本橋浜町2-27-1
コスモ日本橋浜町,浜町,3,浜町:3|東日本橋:4|馬喰横山:6|馬喰町:7|人形町:8,,,,,中央区防災認定,中央区日本橋浜町3-32-3
トルナーレ日本橋浜町,浜町,3,浜町:3|東日本橋:4|馬喰横山:6|馬喰町:7|人形町:8,,,,,中央区防災認定,中央区日本橋浜町3-3-1
ニューハウス浜町,浜町,3,浜町:3|東日本橋:4|馬喰横山:6|馬喰町:7|人形町:8,,,,,中央区防災認定,中央区日本橋浜町3-20-11
ビラ浜町,浜町,3,浜町:3|東日本橋:4|馬喰横山:6|馬喰町:7|人形町:8,,,,,中央区防災認定,中央区日本橋浜町2-15-5
ファミール日本橋浜町グランスイート,浜町,3,浜町:3|東日本橋:4|馬喰横山:6|馬喰町:7|人形町:8,,,,,中央区防災認定,中央区日本橋浜町1-4-14
プレミスト日本橋浜町公園,浜町,3,浜町:3|東日本橋:4|馬喰横山:6|馬喰町:7|人形町:8,,,,,中央区防災認定,中央区日本橋浜町2-62-5
ライオンズマンション日本橋浜町,浜町,3,浜町:3|東日本橋:4|馬喰横山:6|馬喰町:7|人形町:8,,,,,中央区防災認定,中央区日本橋浜町3-28-2
ヴィークコート人形町,浜町,3,浜町:3|東日本橋:4|馬喰横山:6|馬喰町:7|人形町:8,,,,,中央区防災認定,中央区日本橋浜町2-10-2
シーズンフラッツ両国サウス,浜町,5,浜町:5|両国:7|東日本橋:7|森下:8|馬喰横山:10,賃貸,2025,9,3923,建築物環境計画書,墨田区千歳一丁目1番2(地名地番)
プライムメゾン森下WEST,浜町,5,浜町:5|森下:5|東日本橋:10|両国:10|清澄白河:11,賃貸,2023,9,7061,建築物環境計画書,江東区新大橋一丁目3番11
プレディアコート森下テラス,浜町,5,浜町:5|両国:7|東日本橋:7|森下:8|馬喰横山:10,賃貸,2022,9,3313,建築物環境計画書,墨田区千歳1丁目2番6他3筆
ジオ板橋浮間舟渡,浮間舟渡,4,浮間舟渡:4|蓮根:14,分譲,2026,7,47886,建築物環境計画書,板橋区舟渡1丁目13-2、3、4、5、7、14 全6筆(地番)
プライムアーバン浮間公園,浮間舟渡,5,浮間舟渡:5|北赤羽:13,賃貸,,,,とどまるマンション,北区浮間四丁目
ロイジェント志村坂上,浮間舟渡,8,浮間舟渡:8|蓮根:10|志村三丁目:13,分譲,2022,7,7072,建築物環境計画書,"板橋区東坂下2丁目6-3,6-4,6-8"
アーバネックス千代田淡路町,淡路町,1,淡路町:1|新御茶ノ水:4|神田:7|御茶ノ水:7|神保町:9,賃貸,2022,13,2995,建築物環境計画書,千代田区神田小川町1丁目7番地4
GREEN PARK 神田司町,淡路町,2,淡路町:2|神田:4|新御茶ノ水:6|御茶ノ水:9|岩本町:9,分譲,2022,12,1729,建築物環境計画書,千代田区神田司町二丁目4番地9
GREEN PARK 淡路町,淡路町,3,淡路町:3|新御茶ノ水:5|秋葉原:6|岩本町:6|神田:6,分譲,2022,12,2764,建築物環境計画書,千代田区神田須田町一丁目6番地24
パークリュクス神田多町,淡路町,3,淡路町:3|神田:3|新御茶ノ水:6|岩本町:7|新日本橋:9,分譲,2024,11,2542,建築物環境計画書,千代田区神田多町二丁目11番17
ルフォンプログレ神田プレミア,淡路町,3,淡路町:3|新御茶ノ水:5|秋葉原:6|岩本町:6|神田:6,賃貸,2023,12,2979,建築物環境計画書,千代田区神田須田町1丁目20番1
パークハウス清澄白河 ステーションサイド棟,清澄白河,4,清澄白河:4|菊川:9|森下:10,分譲,,,,とどまるマンション,江東区白河2丁目
パークハウス清澄白河 リバーサイド棟,清澄白河,4,清澄白河:4|菊川:9|森下:10,分譲,,,,とどまるマンション,江東区白河2丁目
プラウドフラット清澄白河,清澄白河,4,清澄白河:4|森下:5|菊川:9|浜町:14,賃貸,,,,とどまるマンション,江東区高橋
プラウドフラット清澄白河II,清澄白河,5,清澄白河:5|菊川:12|森下:13|門前仲町:14,賃貸,,,,とどまるマンション,江東区三好二丁目
プライムメゾン清澄白河,清澄白河,8,清澄白河:8|門前仲町:11|木場:12,賃貸,2023,7,2999,建築物環境計画書,江東区平野二丁目2番29号
ピアース渋谷,渋谷,4,渋谷:4|神泉:8|代官山:11,分譲,2022,14,3178,建築物環境計画書,渋谷区桜丘町10番6号
ルピナス渋谷桜丘ガーデンコート,渋谷,4,渋谷:4|神泉:8|代官山:11,分譲,,,,とどまるマンション,渋谷区桜丘町
アトラス青山レジデンシャル,渋谷,5,渋谷:5|表参道:11|神泉:14,分譲,2023,14,4713,建築物環境計画書,渋谷区渋谷二丁目5番12号
パークコート渋谷 ザ タワー,渋谷,7,渋谷:7|神泉:8|原宿:13|代々木公園:13|代々木八幡:14,分譲,,,,とどまるマンション,渋谷区宇田川町
ルジェンテ上野黒門町,湯島,2,湯島:2|御徒町:4|末広町:5|仲御徒町:5|上野:11,分譲,2023,13,2992,建築物環境計画書,台東区上野一丁目4番
ザ・ライオンズフォーシア 文京湯島,湯島,3,湯島:3|末広町:5|御徒町:7|仲御徒町:8|御茶ノ水:10,賃貸,2025,14,2206,建築物環境計画書,文京区湯島3丁目340-2・3、341-2・3
シティハウス湯島ステーションコート,湯島,3,湯島:3|末広町:5|御徒町:7|仲御徒町:8|御茶ノ水:10,分譲,2025,16,6222,建築物環境計画書,文京区湯島三丁目47番9
ロータス上野池之端,湯島,3,湯島:3|御徒町:4|仲御徒町:6|上野:8|末広町:9,賃貸,2024,15,4156,建築物環境計画書,台東区上野二丁目11番16-(部屋番号)号
アルモニー御茶ノ水,湯島,5,湯島:5|本郷三丁目:7|末広町:7|御茶ノ水:8|御徒町:10,賃貸,,,,とどまるマンション,文京区湯島2丁目
パークホームズ本郷三丁目,湯島,5,湯島:5|本郷三丁目:7|末広町:7|御茶ノ水:8|御徒町:10,分譲,2023,13,3735,建築物環境計画書,文京区湯島二丁目47番2他
プラウド御茶ノ水,湯島,5,湯島:5|本郷三丁目:7|末広町:7|御茶ノ水:8|御徒町:10,分譲,2024,13,9153,建築物環境計画書,文京区湯島二丁目105‐13(地番)
ルジェンテ文京湯島,湯島,5,湯島:5|本郷三丁目:7|末広町:7|御茶ノ水:8|御徒町:10,分譲,2022,15,4144,建築物環境計画書,文京区 湯島2丁目205番3
ミリアレジデンス赤坂,溜池山王,3,溜池山王:3|赤坂:5|赤坂見附:8|六本木一丁目:9|永田町:10,賃貸,,,,とどまるマンション,港区赤坂2丁目
赤坂トラストタワー,溜池山王,3,溜池山王:3|赤坂:5|赤坂見附:8|六本木一丁目:9|永田町:10,賃貸,2025,43,209418,建築物環境計画書,港区赤坂二丁目17番22号
WORVE東京木場,潮見,8,潮見:8|木場:11|東陽町:11,賃貸,2022,12,4878,建築物環境計画書,東京都江東区塩浜二丁目4番31
ブルックサイドレジデンス木場,潮見,8,潮見:8|木場:11|東陽町:11,賃貸,2026,18,29698,建築物環境計画書,江東区塩浜二丁目8番1号
ラフィスタ東京イースト,潮見,8,潮見:8|木場:11|東陽町:11,分譲,,,,とどまるマンション,江東区塩浜2丁目
レーベン熊野前アインスゲート,熊野前,3,熊野前:3|赤土小学校前:5|町屋:12|足立小台:12|小台:12,分譲,,,,とどまるマンション,荒川区東尾久3丁目
HF東尾久レジデンス,熊野前,5,熊野前:5|足立小台:5|小台:8|赤土小学校前:12,賃貸,2022,6,2724,建築物環境計画書,荒川区東尾久8丁目32-5
サンクレイドル東尾久,熊野前,5,熊野前:5|足立小台:5|小台:8|赤土小学校前:12,分譲,,,,とどまるマンション,荒川区東尾久8丁目
ネオコーポ町屋,熊野前,5,熊野前:5|赤土小学校前:8|町屋:10|足立小台:11|新三河島:14,分譲,,,,とどまるマンション,荒川区東尾久6丁目
メインステージ北千住VII,牛田,4,牛田:4|京成関屋:4|北千住:13|堀切菖蒲園:14,分譲・賃貸,2022,13,3943,建築物環境計画書,足立区柳原1丁目14番4号
ソアールタワー市ヶ谷の丘,牛込柳町,3,牛込柳町:3|牛込神楽坂:9|神楽坂:10|曙橋:11|若松河田:11,分譲,,,,とどまるマンション,新宿区市谷甲良町
プライムアーバン新宿夏目坂タワーレジデンス,牛込柳町,3,牛込柳町:3|若松河田:5|早稲田:9|曙橋:10|神楽坂:14,賃貸,,,,とどまるマンション,新宿区原町三丁目
オアーゼ新宿市谷薬王寺,牛込柳町,4,牛込柳町:4|曙橋:7|若松河田:8|早稲田:13|四谷三丁目:13,賃貸,2022,6,9948,建築物環境計画書,新宿区市谷薬王寺80-1
Soleado早稲田,牛込柳町,5,牛込柳町:5|早稲田:7|神楽坂:8|若松河田:11|牛込神楽坂:11,分譲,2025,13,2568,建築物環境計画書,新宿区弁天町178-3、178-5
アピス神楽坂ハイセレサ,牛込柳町,5,牛込柳町:5|神楽坂:6|牛込神楽坂:8|早稲田:10|江戸川橋:12,分譲,,,,とどまるマンション,新宿区南榎町
グレンドール新宿牛込柳町,牛込柳町,5,牛込柳町:5|早稲田:7|神楽坂:8|若松河田:11|牛込神楽坂:11,分譲,2022,5,4798,建築物環境計画書,新宿区弁天町135番地1
ブランズ 牛込柳町,牛込柳町,5,牛込柳町:5|早稲田:7|神楽坂:8|若松河田:11|牛込神楽坂:11,分譲,2024,6,8278,建築物環境計画書,新宿区弁天町72-2他(地番)
グランドメゾン狛江,狛江,7,狛江:7|喜多見:11,分譲,,,,とどまるマンション,狛江市和泉本町1丁目
狛江セントラルハイツ,狛江,7,狛江:7|喜多見:11,分譲,,,,とどまるマンション,狛江市和泉本町1丁目
パーク・ハイム狛江,狛江,9,狛江:9,分譲,,,,とどまるマンション,狛江市東和泉3丁目
エステムコート八王子高尾,狭間,7,狭間:7|高尾:13,分譲,2025,10,11047,建築物環境計画書,八王子市東浅川町536番
オハナ高尾,狭間,7,狭間:7|高尾:13,分譲,2025,10,10823,建築物環境計画書,八王子市東浅川町534-1
ベルジュール八王子高尾,狭間,7,狭間:7|高尾:13,分譲,2024,6,2330,建築物環境計画書,八王子市東浅川町525番1
グランドメゾン玉川上水センタースクエア,玉川上水,7,玉川上水:7|桜街道:7|東大和市:15,分譲,,,,とどまるマンション,東大和市桜が丘2丁目
ライオンズマンション飛鳥山,王子,1,王子:1|西ケ原:10,分譲,,,,とどまるマンション,北区王子1丁目
王子ハイムやまわ,王子,1,王子:1|西ケ原:10,賃貸,,,,とどまるマンション,北区王子1丁目
ワコー王子マンション,王子,6,王子:6|西ケ原:10|尾久:14,分譲,,,,とどまるマンション,北区堀船1丁目
王子飛鳥山ザ・ファースト タワー&amp;レジデンス(タワー棟),王子,6,王子:6|西ケ原:10|尾久:14,,,,,とどまるマンション,北区堀船1丁目
王子飛鳥山ザ・ファースト タワー&レジデンス(レジデンス棟),王子,6,王子:6|西ケ原:10|尾久:14,分譲,,,,とどまるマンション,北区堀船1丁目
ミレーネ滝野川,王子,7,王子:7|西ケ原:8|西巣鴨:10,賃貸,2026,5,4681,建築物環境計画書,北区滝野川1丁目88番5号
コンフォリア王子,王子,8,王子:8|王子神谷:10|東十条:13,賃貸,2023,11,2876,建築物環境計画書,北区王子二丁目13番6号
ソルティア東京王子,王子,8,王子:8|王子神谷:10|東十条:13,分譲,2025,15,3106,建築物環境計画書,北区王子2丁目25-8、25-12、25-21、25-22、25-30(地番)
ロワールノイ王子,王子,8,王子:8|王子神谷:12,分譲,,,,とどまるマンション,北区豊島1丁目
シエリア王子,王子,11,王子:11|王子神谷:14,分譲,2025,11,2193,建築物環境計画書,北区豊島二丁目9番4号
センテニアル王子神谷,王子神谷,1,王子神谷:1|東十条:10,賃貸,,,,とどまるマンション,北区王子5丁目
プレミスト王子神谷,王子神谷,1,王子神谷:1|東十条:10,分譲,2022,10,17664,建築物環境計画書,北区王子五丁目11番40他
プラウド王子神谷,王子神谷,4,王子神谷:4|東十条:10|王子:14,分譲,2023,10,5921,建築物環境計画書,北区王子四丁目11番2 (地番)
パークタワー王子リバーグレイス,王子神谷,5,王子神谷:5,分譲,,,,とどまるマンション,北区豊島8丁目
レジデンシャル王子神谷,王子神谷,5,王子神谷:5,分譲,2024,8,6751,建築物環境計画書,北区豊島8丁目18番48
日神パレステージ王子神谷ウエストウィング,王子神谷,5,王子神谷:5|東十条:10|志茂:13,分譲,,,,とどまるマンション,北区神谷一丁目
グランカーサ王子II,王子神谷,6,王子神谷:6|王子:12|東十条:13,賃貸,2023,6,4657,建築物環境計画書,北区王子3丁目20番
ローレルコート瑞江パークフロント,瑞江,4,瑞江:4,分譲,2024,9,2209,建築物環境計画書,江戸川区南篠崎町三丁目231番6
プレディア瑞江,瑞江,5,瑞江:5,分譲,2024,10,2396,建築物環境計画書,江戸川区東瑞江1丁目147-9
グランカーサ瑞江,瑞江,6,瑞江:6,賃貸,2025,6,3209,建築物環境計画書,"江戸川区南篠崎町2丁目602番1,2"
ジオ瑞江,瑞江,6,瑞江:6,分譲,2024,10,3347,建築物環境計画書,江戸川区南篠崎町2丁目58番5号
ローレルコート瑞江カームステージ,瑞江,6,瑞江:6,分譲,2024,7,2274,建築物環境計画書,江戸川区南篠崎町二丁目654番4
エクセレントシティ瑞江ザ・テラス,瑞江,9,瑞江:9|篠崎:13,分譲,2026,10,5841,建築物環境計画書,江戸川区瑞江一丁目27番17、18
クレストフォルム東京アクアグランディオ,瑞江,12,瑞江:12,分譲,,,,とどまるマンション,江戸川区江戸川2丁目
ブランシエスタ用賀,用賀,5,用賀:5,賃貸,2025,4,2310,建築物環境計画書,"世田谷区玉川台1丁目207番1,2,3"
プライムアーバン用賀,用賀,5,用賀:5|桜新町:10,賃貸,,,,とどまるマンション,世田谷区用賀2丁目
クレヴィア用賀,用賀,6,用賀:6,分譲,2025,8,4224,建築物環境計画書,世田谷区玉川台二丁目13番8号
パークホームズ用賀三丁目,用賀,6,用賀:6|桜新町:10,分譲,2023,6,4455,建築物環境計画書,世田谷区用賀三丁目576-1
ピアース用賀レジデンス,用賀,6,用賀:6,分譲,2021,4,3600,建築物環境計画書,世田谷区玉川台2丁目 20-17
ミリアレジデンス桜新町,用賀,6,用賀:6|桜新町:10,賃貸,,,,とどまるマンション,世田谷区用賀3丁目
プライムメゾン用賀砧公園,用賀,11,用賀:11,賃貸,2023,10,6303,建築物環境計画書,世田谷区瀬田5丁目39番20号
カーメスト用賀馬事公苑 1号棟,用賀,15,用賀:15,賃貸,2025,4,5277,建築物環境計画書,世田谷区上用賀四丁目78番1ほか
カーメスト用賀馬事公苑 2号棟,用賀,15,用賀:15,賃貸,2025,4,6102,建築物環境計画書,世田谷区上用賀四丁目73番1ほか
パーク・ハイム上用賀,用賀,15,用賀:15,分譲,,,,とどまるマンション,世田谷区上用賀4丁目
パークホームズ浅草寿,田原町,1,田原町:1|稲荷町:8|蔵前:9|新御徒町:9|浅草:10,分譲,,,,とどまるマンション,台東区寿二丁目
ブランシエスタ浅草雷門,田原町,3,田原町:3|浅草:6|蔵前:10|稲荷町:12|本所吾妻橋:13,賃貸,2025,11,2186,建築物環境計画書,台東区雷門1丁目14番1号
プラウドフラット浅草雷門,田原町,3,田原町:3|浅草:6|蔵前:10|稲荷町:12|本所吾妻橋:13,賃貸,,,,とどまるマンション,台東区雷門一丁目
Brillia ist 浅草,田原町,4,田原町:4|稲荷町:8|浅草:10|新御徒町:12|入谷:12,賃貸,2025,15,3386,建築物環境計画書,台東区西浅草2丁目27-12
イニシア浅草,田原町,4,田原町:4|稲荷町:8|浅草:10|新御徒町:12|入谷:12,分譲,,,,とどまるマンション,台東区西浅草2丁目
パークアクシス浅草田原町ガーデン,田原町,4,田原町:4|蔵前:6|新御徒町:9|稲荷町:10|浅草:12,賃貸,2023,12,2687,建築物環境計画書,台東区寿一丁目14番5号
ルフォンプログレ浅草田原町,田原町,4,田原町:4|稲荷町:8|浅草:10|新御徒町:12|入谷:12,賃貸,2023,15,3369,建築物環境計画書,台東区西浅草二丁目12番4号
ルフォンリブレ浅草寿,田原町,4,田原町:4|蔵前:6|新御徒町:9|稲荷町:10|浅草:12,分譲,,,,とどまるマンション,台東区寿1丁目
ザ・パークハビオ 元浅草プレイス,田原町,5,田原町:5|稲荷町:5|新御徒町:7|蔵前:10|上野:12,賃貸,2022,14,2202,建築物環境計画書,台東区元浅草四丁目2番2号
プラウドフラット浅草駒形,田原町,6,田原町:6|蔵前:7|浅草:8|本所吾妻橋:12|新御徒町:14,賃貸,,,,とどまるマンション,台東区駒形1丁目
ミリアレジデンス浅草駒形,田原町,6,田原町:6|蔵前:7|浅草:8|本所吾妻橋:12|新御徒町:14,賃貸,2023,13,2796,とどまるマンション／建築物環境計画書,台東区駒形1丁目6-10
ライオンズミレス蔵前,田原町,6,田原町:6|蔵前:7|浅草:8|本所吾妻橋:12|新御徒町:14,分譲,2023,15,5085,建築物環境計画書,台東区駒形1丁目1番3号
アクシア浅草,田原町,9,田原町:9|入谷:10|浅草:10|稲荷町:11,分譲,,,,とどまるマンション,台東区西浅草3丁目
ウエリス浅草,田原町,9,田原町:9|入谷:10|浅草:10|稲荷町:11,分譲,,,,とどまるマンション,台東区西浅草3丁目
ライオンズシティ浅草,田原町,9,田原町:9|入谷:10|浅草:10|稲荷町:11,分譲,,,,とどまるマンション,台東区西浅草3丁目
本多ビル,田原町,9,田原町:9|入谷:10|浅草:10|稲荷町:11,賃貸,,,,とどまるマンション,台東区西浅草3丁目
浅草タワー,田原町,9,田原町:9|入谷:10|浅草:10|稲荷町:11,分譲,,,,とどまるマンション,台東区西浅草3丁目
Feeju 田園調布,田園調布,11,田園調布:11|多摩川:14,賃貸,2023,3,2095,建築物環境計画書,大田区田園調布5丁目39-2
グランドメゾン田園調布,田園調布,11,田園調布:11|多摩川:14,分譲,,,,とどまるマンション,大田区田園調布5丁目
プラネスーペリア西東京緑町EAST WING,田無,13,田無:13,分譲,2024,6,5884,建築物環境計画書,西東京市緑町一丁目2558番2他(地番)
プラネスーペリア西東京緑町WEST WING,田無,13,田無:13,分譲,2024,6,3584,建築物環境計画書,西東京市緑町一丁目2558番2他(地番)
The glow Mita,田町,6,田町:6|泉岳寺:8|三田:8|白金高輪:10,賃貸,2025,12,3120,建築物環境計画書,港区三田三丁目3番5号
TOMORE田端,田端,2,田端:2|西日暮里:8|赤土小学校前:10|新三河島:12,賃貸,2026,8,3210,建築物環境計画書,北区東田端1丁目4番2 他  (地名地番)
ASYL COURT 山手動坂,田端,5,田端:5|西日暮里:10|駒込:13|千駄木:14|本駒込:15,賃貸,2024,8,2348,建築物環境計画書,北区田端二丁目3番16号
ワコーレ田端,田端,7,田端:7|新三河島:7|赤土小学校前:7|西日暮里:8|三河島:12,分譲,,,,とどまるマンション,北区田端新町1丁目
ブリシア立川,甲州街道,14,甲州街道:14|立川:14|西国立:15,分譲,2023,5,2380,建築物環境計画書,立川市錦町五丁目18(以下未定)
イーストヒル町屋,町屋,3,町屋:3|新三河島:11|三河島:13|赤土小学校前:15,分譲,,,,とどまるマンション,荒川区荒川7丁目
レフィール オーブ 町屋駅前,町屋,3,町屋:3|新三河島:8|赤土小学校前:10|三河島:12|熊野前:12,賃貸,2022,15,4867,建築物環境計画書,荒川区荒川6丁目1-1
アヴァンカーサ町屋,町屋,6,町屋:6|新三河島:6|三河島:7|赤土小学校前:14,賃貸,2023,15,4320,建築物環境計画書,荒川区荒川4丁目39-6外4筆
プラウド町屋,町屋,6,町屋:6|新三河島:6|三河島:7|赤土小学校前:14,分譲,2023,18,7088,建築物環境計画書,荒川区荒川4丁目9番1
アジールコート町屋,町屋,7,町屋:7|千住大橋:13,賃貸,2025,15,2292,建築物環境計画書,荒川区町屋1丁目18-2
プレディア町屋,町屋,8,町屋:8|熊野前:9|赤土小学校前:12|足立小台:13|新三河島:15,分譲,2022,7,2918,建築物環境計画書,荒川区町屋四丁目253-1、-4、-8
ヴァ-スクレイシアIDZ町屋,町屋,14,町屋:14,分譲,2023,5,3328,建築物環境計画書,荒川区町屋6丁目17番12号(住居表示)
THEパームス町田,町田,7,町田:7,賃貸,2022,15,2774,建築物環境計画書,町田市原町田5丁目6番17号
サウスフロンテージ町田参宮橋,町田,8,町田:8,分譲,,,,とどまるマンション,町田市原町田1丁目
プライマル町田森野,町田,8,町田:8,分譲,2021,7,2053,建築物環境計画書,町田市森野2丁目30番14号
TOPAZ MACHIDA,町田,9,町田:9,賃貸,2024,14,2088,建築物環境計画書,町田市 原町田三丁目 8-7
ユニハイム町田,町田,9,町田:9,分譲,2025,12,3687,建築物環境計画書,町田市原町田三丁目8番3号
JMF Residence 町田,町田,11,町田:11,賃貸,2023,7,6177,建築物環境計画書,町田市原町田二丁目1411番1
イニシア町田,町田,11,町田:11,分譲,2023,15,8123,建築物環境計画書,町田市原町田二丁目1274-1
スカイコートプライム町田,町田,11,町田:11,分譲,2023,14,3266,建築物環境計画書,町田市原町田2丁目7番20号
セルアージュ町田中町,町田,11,町田:11,分譲,2023,12,3424,建築物環境計画書,町田市中町2丁目477-1外2筆
CLASSEUM文京白山,白山,7,白山:7|千石:9|本駒込:9|茗荷谷:12|東大前:15,賃貸,2025,10,1992,建築物環境計画書,文京区白山四丁目36番17号
サンテミリオン白山,白山,7,白山:7|東大前:11|春日:12|本駒込:12|茗荷谷:13,賃貸,,,,とどまるマンション,文京区白山2丁目
Latest白金台,白金台,2,白金台:2|白金高輪:11|高輪台:12|目黒:15,賃貸,2022,12,2981,建築物環境計画書,港区白金台四丁目37番1他
グランドヒルズ白金台四丁目,白金台,2,白金台:2|白金高輪:11|高輪台:12|目黒:15,分譲,2025,6,2467,建築物環境計画書,港区白金台4丁目273-70
ジオグランデ白金台,白金台,3,白金台:3|高輪台:8|目黒:12|五反田:14|白金高輪:14,分譲,2025,19,7481,建築物環境計画書,港区白金台三丁目16番4号
ピアース白金台三丁目,白金台,3,白金台:3|高輪台:8|目黒:12|五反田:14|白金高輪:14,分譲,2023,6,2286,建築物環境計画書,港区白金台三丁目2番31号 (住居表示)
朝日白金台マンション,白金台,3,白金台:3|高輪台:8|目黒:12|五反田:14|白金高輪:14,分譲,,,,とどまるマンション,港区白金台3丁目
グランドメゾン白金レジデンス,白金台,6,白金台:6|白金高輪:8|広尾:15,分譲,,,,とどまるマンション,港区白金四丁目
ミリアレジデンス白金台,白金台,7,白金台:7|高輪台:9|目黒:9|五反田:11,賃貸,,,,とどまるマンション,品川区上大崎1丁目
グランドメゾン白金の杜 ザ・タワー,白金台,8,白金台:8|白金高輪:12|広尾:13,分譲,,,,とどまるマンション,港区白金六丁目
ブランズ白金台五丁目,白金台,8,白金台:8|目黒:10,分譲,2026,11,3760,建築物環境計画書,港区白金台5丁目253-5
アトラスタワー白金レジデンシャル,白金高輪,3,白金高輪:3|泉岳寺:12|白金台:12,分譲,,,,とどまるマンション,港区白金1丁目
白金タワー,白金高輪,3,白金高輪:3|泉岳寺:12|白金台:12,分譲,,,,とどまるマンション,港区白金1丁目
THE UPPERHOUSE SHIROKANE,白金高輪,4,白金高輪:4|白金台:7|泉岳寺:11|高輪台:13,賃貸,2026,4,3923,建築物環境計画書,港区白金二丁目1番31
グランドメゾン白金高輪パークフロント,白金高輪,4,白金高輪:4|泉岳寺:6|白金台:10|高輪台:13,分譲,2023,13,4998,とどまるマンション／建築物環境計画書,港区高輪1丁目218番
グランド・ガーラ白金高輪,白金高輪,4,白金高輪:4|泉岳寺:6|白金台:10|高輪台:13,分譲,,,,とどまるマンション,港区高輪1丁目
ザ・パークハウス高輪松ヶ丘,白金高輪,4,白金高輪:4|泉岳寺:6|白金台:10|高輪台:13,分譲,2023,7,9416,建築物環境計画書,港区高輪1丁目4番26号
シティタワー高輪,白金高輪,4,白金高輪:4|泉岳寺:6|白金台:10|高輪台:13,分譲,,,,とどまるマンション,港区高輪1丁目
三光坂ホームズ,白金高輪,4,白金高輪:4|白金台:7|泉岳寺:11|高輪台:13,分譲,,,,とどまるマンション,港区白金2丁目
高輪ザ・レジデンス,白金高輪,4,白金高輪:4|泉岳寺:6|白金台:10|高輪台:13,分譲,,,,とどまるマンション,港区高輪1丁目
シャンボール三田,白金高輪,6,白金高輪:6|泉岳寺:11|田町:11|三田:12|赤羽橋:14,分譲,,,,とどまるマンション,港区三田5丁目
三田シティハウス,白金高輪,6,白金高輪:6|泉岳寺:11|田町:11|三田:12|赤羽橋:14,分譲,,,,とどまるマンション,港区三田5丁目
ザ・パークハビオ 目黒桜邸,目黒,2,目黒:2|不動前:8|五反田:11|大崎広小路:14,賃貸,2022,7,4792,建築物環境計画書,品川区上大崎4丁目5番37号
プラウドフラット目黒行人坂,目黒,3,目黒:3|不動前:9|五反田:14,賃貸,,,,とどまるマンション,目黒区下目黒一丁目
グランドメゾン目黒プレイス,目黒,5,目黒:5|不動前:8,分譲,,,,とどまるマンション,目黒区下目黒2丁目
ザ・パークハウス白金長者丸,目黒,5,目黒:5|白金台:13,分譲,,,,とどまるマンション,品川区上大崎2丁目
プライムアーバン目黒リバーサイド,目黒,5,目黒:5|不動前:8,賃貸,,,,とどまるマンション,目黒区下目黒2丁目
サンクタスガーデン目黒,目黒,10,目黒:10,,,,,とどまるマンション,目黒区目黒2丁目
プライムアーバン目黒リバーフロント,目黒,10,目黒:10,賃貸,,,,とどまるマンション,目黒区目黒二丁目
ジェイパーク多摩川リバージュ,矢口渡,10,矢口渡:10|武蔵新田:12,分譲,,,,とどまるマンション,大田区矢口3丁目
東急ドエルアルス 多摩川,矢口渡,10,矢口渡:10|武蔵新田:12,分譲,,,,とどまるマンション,大田区矢口三丁目
グランソシエ国立イーストウイング,矢川,5,矢川:5|西国立:10,分譲,,,,とどまるマンション,国立市富士見台四丁目
グランソシエ国立ウエストウイング,矢川,5,矢川:5|西国立:10,分譲,,,,とどまるマンション,国立市富士見台四丁目
サンマンションアトレ東雪谷,石川台,1,石川台:1|洗足池:7|雪が谷大塚:9|大岡山:15,分譲,,,,とどまるマンション,大田区東雪谷2丁目
カーメスト石川台 A号棟,石川台,4,石川台:4|雪が谷大塚:8|洗足池:10|緑が丘:13|大岡山:14,賃貸,2023,4,4248,建築物環境計画書,大田区石川町二丁目13番1
ザ・パークハウス 石神井公園テラス,石神井公園,4,石神井公園:4|練馬高野台:12,分譲,2022,3,7930,建築物環境計画書,練馬区石神井町二丁目34番17号
石神井公園ピアレスA棟,石神井公園,4,石神井公園:4|練馬高野台:12,分譲,,,,とどまるマンション,練馬区石神井町2丁目
グランドメゾン石神井公園パークフロント,石神井公園,7,石神井公園:7,分譲,,,,とどまるマンション,練馬区石神井町6丁目
ジオ石神井公園,石神井公園,8,石神井公園:8|練馬高野台:11,分譲,2024,6,5252,建築物環境計画書,練馬区高野台5丁目22番3号
プラウド石神井公園,石神井公園,9,石神井公園:9|大泉学園:15,分譲,,,,とどまるマンション,練馬区石神井町8丁目
ザ・パークハビオ SOHO 祐天寺,祐天寺,2,祐天寺:2|中目黒:12|学芸大学:14,賃貸,2023,7,2545,建築物環境計画書,目黒区祐天寺二丁目1138番6、同番7、同番10
ディアナコート祐天寺レジデンス,祐天寺,2,祐天寺:2|中目黒:12|学芸大学:14,分譲,2024,6,4898,建築物環境計画書,目黒区祐天寺2丁目1084番1
アルス目黒祐天寺,祐天寺,7,祐天寺:7|学芸大学:12,分譲,,,,とどまるマンション,目黒区中町2丁目
ライオンズマンション祐天寺,祐天寺,8,祐天寺:8|中目黒:11,分譲,,,,とどまるマンション,目黒区中目黒5丁目
アジュールテラス目黒祐天寺,祐天寺,11,祐天寺:11|学芸大学:14,賃貸,2023,5,2234,建築物環境計画書,目黒区中町1丁目1495番21(地名地番)
イニシアイオ目黒学芸大学,祐天寺,11,祐天寺:11|学芸大学:14,分譲,,,,とどまるマンション,目黒区中町1丁目
イニシアイオ目黒学芸大学II,祐天寺,11,祐天寺:11|学芸大学:14,分譲,,,,とどまるマンション,目黒区中町1丁目
パークアクシス神保町,神保町,2,神保町:2|新御茶ノ水:7|御茶ノ水:8|九段下:9|淡路町:10,賃貸,2024,14,4257,建築物環境計画書,千代田区神田神保町一丁目56 番地2
ベルファース神田神保町,神保町,2,神保町:2|新御茶ノ水:7|御茶ノ水:8|九段下:9|淡路町:10,賃貸,2023,13,2579,建築物環境計画書,千代田区神田神保町一丁目46-5
グランドメゾン神楽坂,神楽坂,4,神楽坂:4|江戸川橋:7|牛込神楽坂:9|牛込柳町:10|早稲田:11,分譲,,,,とどまるマンション,新宿区天神町
パークアクシス神楽坂・早稲田通り,神楽坂,5,神楽坂:5|江戸川橋:8|牛込柳町:9|牛込神楽坂:9|早稲田:9,賃貸,2022,13,3033,建築物環境計画書,新宿区東榎町7番1
ピアース神楽坂テラス,神楽坂,6,神楽坂:6|江戸川橋:6|牛込神楽坂:9|飯田橋:11|茗荷谷:14,分譲,2024,7,2612,建築物環境計画書,新宿区西五軒町33-6 外6筆
ザ・パークハビオ神楽坂レジデンスSouth,神楽坂,7,神楽坂:7|江戸川橋:8|牛込神楽坂:9|飯田橋:10|後楽園:13,賃貸,2025,10,25939,建築物環境計画書,新宿区東五軒町53-1
プラウドフラット神楽坂,神楽坂,7,神楽坂:7|江戸川橋:8|牛込神楽坂:9|飯田橋:10|後楽園:13,賃貸,,,,とどまるマンション,新宿区東五軒町
プレミスト南平台,神泉,5,神泉:5|渋谷:9|代官山:11|池尻大橋:13|中目黒:14,分譲,2024,4,4984,建築物環境計画書,渋谷区南平台町6番1
パークホームズ渋谷松濤,神泉,6,神泉:6|駒場東大前:6|代々木公園:13|代々木八幡:13|渋谷:14,分譲,2023,13,4679,建築物環境計画書,"渋谷区松濤二丁目1451-20,1454-7"
プライムアーバン松濤,神泉,6,神泉:6|駒場東大前:6|代々木公園:13|代々木八幡:13|渋谷:14,賃貸,,,,とどまるマンション,渋谷区松濤二丁目
クローバー神田紺屋町,神田,4,神田:4|新日本橋:4|小伝馬町:5|岩本町:5|淡路町:9,賃貸,2022,13,2980,建築物環境計画書,千代田区神田紺屋町34-3他
クラッシィハウス大手町ザ・スイート,神田,6,神田:6|淡路町:7|大手町:8|新御茶ノ水:9|新日本橋:10,分譲,2023,13,3608,建築物環境計画書,"千代田区内神田1丁目28番7,他"
ザ・パークハビオSOHO大手町,神田,6,神田:6|淡路町:7|大手町:8|新御茶ノ水:9|新日本橋:10,賃貸,2022,13,2287,建築物環境計画書,千代田区内神田一丁目15番16号
ガーデンプラザA,神谷町,2,神谷町:2|六本木一丁目:6|御成門:9|赤羽橋:10|麻布十番:12,分譲,2023,3,10586,建築物環境計画書,港区虎ノ門五丁目8番1号
ガーデンプラザB,神谷町,2,神谷町:2|六本木一丁目:6|御成門:9|赤羽橋:10|麻布十番:12,賃貸,2023,8,31536,建築物環境計画書,港区虎ノ門五丁目9番1号
シティタワー虎ノ門,神谷町,3,神谷町:3|御成門:7|六本木一丁目:9|赤羽橋:13|大門:13,分譲,2024,28,16966,建築物環境計画書,港区虎ノ門三丁目209番1他
ハイホーム福生,福生,10,福生:10,分譲,,,,とどまるマンション,福生市武蔵野台1丁目
シエリア秋葉原EAST,秋葉原,6,秋葉原:6|仲御徒町:7|末広町:8|御徒町:9|岩本町:9,分譲,2023,15,2056,建築物環境計画書,台東区台東一丁目188番1(地名地番)
T&#8217;sgarden稲城,稲城,5,稲城:5|稲城長沼:14,,,,,とどまるマンション,東京都稲城市東長沼
ビューパレー向陽台,稲城,10,稲城:10|稲城長沼:13|南多摩:14,分譲,,,,とどまるマンション,稲城市向陽台2丁目
ルフォンプログレ元浅草マークス,稲荷町,2,稲荷町:2|新御徒町:5|田原町:8|上野:9|仲御徒町:10,賃貸,2022,15,2978,建築物環境計画書,台東区元浅草二丁目1番2号
Brillia 東上野,稲荷町,3,稲荷町:3|新御徒町:5|上野:6|仲御徒町:7|御徒町:8,分譲,2025,14,2396,建築物環境計画書,台東区東上野3丁目35-22の一部
LaSante Ueno,稲荷町,3,稲荷町:3|上野:9|田原町:9|新御徒町:9|入谷:10,賃貸,2022,15,2318,建築物環境計画書,台東区東上野6丁目10番4号
WISTERIA S UENO,稲荷町,3,稲荷町:3|上野:6|新御徒町:9|入谷:10|田原町:11,賃貸,2025,12,2218,建築物環境計画書,台東区東上野五丁目24-12
コンフォリア東上野,稲荷町,3,稲荷町:3|上野:9|田原町:9|新御徒町:9|入谷:10,賃貸,2024,15,9906,建築物環境計画書,台東区東上野六丁目1番14号
メイクス上野,稲荷町,3,稲荷町:3|上野:9|田原町:9|新御徒町:9|入谷:10,賃貸,2023,14,2427,建築物環境計画書,台東区東上野6丁目30-5
ルフォンプログレ上野マークス,稲荷町,3,稲荷町:3|上野:6|新御徒町:9|入谷:10|田原町:11,賃貸,2023,13,2293,建築物環境計画書,台東区東上野5丁目12番3号 (住居表示)
ロイジェントパークス上野,稲荷町,3,稲荷町:3|新御徒町:5|上野:6|仲御徒町:7|御徒町:8,分譲,2025,14,2803,建築物環境計画書,台東区東上野3丁目24-2
ZOOM 浅草 WEST,稲荷町,6,稲荷町:6|田原町:7|入谷:10|新御徒町:11|上野:11,賃貸,2023,12,2024,建築物環境計画書,台東区松が谷2丁目48番1号
パークアクシス上野イースト,稲荷町,6,稲荷町:6|田原町:7|入谷:10|新御徒町:11|上野:11,賃貸,2022,14,3179,建築物環境計画書,台東区松が谷二丁目4番2号(住居表示)
リーブルグラント羽田,穴守稲荷,6,穴守稲荷:6|大鳥居:11,賃貸,2021,6,2559,建築物環境計画書,大田区羽田3丁目3-20
ARKMARK東大井,立会川,4,立会川:4|鮫洲:7|大井町:9|青物横丁:11|大井競馬場前:14,分譲,2025,5,2250,建築物環境計画書,品川区東大井3丁目830番1
コンフォリア東大井II,立会川,4,立会川:4|鮫洲:7|大井町:9|青物横丁:11|大井競馬場前:14,賃貸,2024,15,2080,建築物環境計画書,品川区東大井3丁目16番4号
パークアクシス品川南大井パークフロント,立会川,4,立会川:4|大井競馬場前:10|大森海岸:12|鮫洲:13,賃貸,2024,8,14162,建築物環境計画書,品川区南大井1丁目7-10(住居表示)
Brillia品川大井町,立会川,8,立会川:8|大井町:9|鮫洲:12|西大井:12|下神明:13,分譲,,,,とどまるマンション,品川区大井4丁目
ベルファース大井町グランデ,立会川,8,立会川:8|大井町:9|鮫洲:12|西大井:12|下神明:13,賃貸,2022,14,2929,建築物環境計画書,品川区大井四丁目4番2号
ダイアパレス立川,立川,4,立川:4|西国立:14,分譲,,,,とどまるマンション,立川市曙町2丁目
プラウドタワー立川,立川,4,立川:4|西国立:14,分譲,,,,とどまるマンション,立川市曙町2丁目
ウィルローズ立川,立川,5,立川:5,分譲,2024,11,5234,建築物環境計画書,立川市曙町一丁目22番23号
デュオステージ立川曙町,立川,5,立川:5,分譲,2025,9,2236,建築物環境計画書,立川市曙町一丁目17番9号
プラウド立川錦町,立川,6,立川:6|西国立:10,分譲,2023,15,4513,建築物環境計画書,立川市錦町2丁目2番5号
ZOOM立川NORTH,立川,8,立川:8,賃貸,2022,8,2091,建築物環境計画書,立川市高松町3丁目102番23
グランツレジデンス立川柴崎,立川,11,立川:11,分譲,2022,5,2928,建築物環境計画書,"立川市柴崎町1丁目140-1,-4"
アネシア立川,立川,14,立川:14,分譲,2022,8,8625,建築物環境計画書,立川市高松町2丁目39番14号(住居表示)
アクシルコート竹の塚,竹ノ塚,3,竹ノ塚:3,分譲,,,,とどまるマンション,足立区竹の塚6丁目
コンフォリア竹ノ塚イースト,竹ノ塚,3,竹ノ塚:3,賃貸,2025,10,3141,建築物環境計画書,足立区竹の塚六丁目16番11
シティテラス竹ノ塚,竹ノ塚,3,竹ノ塚:3,分譲,2022,6,7088,建築物環境計画書,足立区竹の塚6丁目18番1号
シティハウス竹ノ塚,竹ノ塚,3,竹ノ塚:3,分譲,,,,とどまるマンション,足立区竹の塚6丁目
ステージグランデ竹ノ塚,竹ノ塚,5,竹ノ塚:5,賃貸,2025,7,2095,建築物環境計画書,足立区竹の塚4-13-12
パークサイド竹ノ塚,竹ノ塚,6,竹ノ塚:6,賃貸,,,,とどまるマンション,足立区竹の塚5丁目
ガーラ・レジデンス西新井パークサイド,竹ノ塚,10,竹ノ塚:10|西新井:14,分譲,2024,9,3599,建築物環境計画書,足立区六月3丁目6番9号
ヴェレーナ パレ・ド・クラッセ,竹ノ塚,13,竹ノ塚:13,分譲,2025,12,5682,建築物環境計画書,足立区西保木間二丁目9番5号
竹の塚ガーデンハウス,竹ノ塚,13,竹ノ塚:13,分譲,,,,とどまるマンション,足立区西保木間2丁目
オープンレジデンシア笹塚,笹塚,2,笹塚:2|代田橋:11,分譲,2025,15,2009,建築物環境計画書,渋谷区笹塚2丁目22番17(住居表示)
ZOOM渋谷笹塚Second,笹塚,6,笹塚:6|代田橋:14|方南町:14,分譲,2023,12,2784,建築物環境計画書,渋谷区 笹塚三丁目43番9号
プライムアーバン笹塚,笹塚,6,笹塚:6|代田橋:14|方南町:14,賃貸,,,,とどまるマンション,渋谷区笹塚三丁目
クラスタ笹塚,笹塚,8,笹塚:8|代田橋:8|方南町:11,分譲,,,,とどまるマンション,杉並区方南1丁目
グランドメゾン等々力,等々力,4,等々力:4|尾山台:7|上野毛:12,分譲,,,,とどまるマンション,世田谷区等々力3丁目
クレヴィア等々力,等々力,5,等々力:5|上野毛:8|尾山台:11,分譲,2025,3,2071,建築物環境計画書,世田谷区中町一丁目64番16
ザ・パークハウス 等々力,等々力,5,等々力:5|上野毛:8|尾山台:11,分譲,2025,3,5431,建築物環境計画書,世田谷区中町一丁目40番3、40番6(地番)
ピアース等々力レジデンス,等々力,10,等々力:10|尾山台:11|上野毛:14,分譲,2024,6,3142,建築物環境計画書,世田谷区等々力八丁目12番4号
GREEN PARK 築地,築地,3,築地:3|新富町:4|東銀座:4|八丁堀:11|新橋:13,,,,,中央区防災認定,中央区築地7-14-12
GREEN PARK 銀座デ・プレ,築地,3,築地:3|新富町:4|東銀座:4|八丁堀:11|新橋:13,,,,,中央区防災認定,中央区築地2-11-12
パークホームズ築地グリーンサイド,築地,3,築地:3|新富町:4|東銀座:4|八丁堀:11|新橋:13,,,,,中央区防災認定,中央区築地7-3-10
ル・リアン 築地,築地,3,築地:3|新富町:4|東銀座:4|八丁堀:11|新橋:13,分譲・賃貸,2023,12,3356,建築物環境計画書,中央区築地2-12-11
レフィール築地レジデンス,築地,3,築地:3|新富町:4|東銀座:4|八丁堀:11|新橋:13,,,,,中央区防災認定,中央区築地2-15-10
レフィール銀座フロント,築地,3,築地:3|新富町:4|東銀座:4|八丁堀:11|新橋:13,,,,,中央区防災認定,中央区築地4-4-1
GRAN PASEO 銀座築地,築地,6,築地:6|勝どき:8|新富町:10|東銀座:11|月島:13,賃貸,2024,12,3298,建築物環境計画書,中央区築地六丁目2306番地9、2306番地10、2306番地16
オーベル明石町レジデンス,築地,6,築地:6|新富町:7|月島:9|八丁堀:11|勝どき:11,,,,,中央区防災認定,中央区明石町2-19
グランスイート明石町,築地,6,築地:6|新富町:7|月島:9|八丁堀:11|勝どき:11,,,,,中央区防災認定,中央区明石町5-12
オーベルグランディオ萩中,糀谷,6,糀谷:6|雑色:13|京急蒲田:14|大鳥居:15,分譲,,,,とどまるマンション,大田区萩中1丁目
ステージグランデ京急蒲田,糀谷,6,糀谷:6|京急蒲田:8|梅屋敷:12|大鳥居:13,賃貸,2023,8,2326,建築物環境計画書,大田区西糀谷1丁目2697番1
山田興業株式会社 共同住宅,糀谷,6,糀谷:6|雑色:13|京急蒲田:14|大鳥居:15,分譲・賃貸,2025,7,2997,建築物環境計画書,大田区萩中一丁目133-21の一部、-23の一部、135-3の一部、133-15、134
プライムアーバン経堂,経堂,5,経堂:5|豪徳寺:13,賃貸,,,,とどまるマンション,世田谷区宮坂三丁目
プラウドジェム 世田谷経堂,経堂,5,経堂:5|豪徳寺:13,分譲,,,,とどまるマンション,世田谷区宮坂三丁目
ザ・パークハウス経堂レジデンス,経堂,7,経堂:7|千歳船橋:10,分譲,,,,とどまるマンション,世田谷区経堂5丁目
経堂パーク・マンション,経堂,7,経堂:7|千歳船橋:10,分譲,,,,とどまるマンション,世田谷区経堂5丁目
パーク・ハイム赤堤,経堂,10,経堂:10|下高井戸:11|豪徳寺:11|桜上水:15,分譲,,,,とどまるマンション,世田谷区赤堤3丁目
シティハウス綾瀬,綾瀬,5,綾瀬:5,分譲,2023,14,5138,建築物環境計画書,足立区綾瀬二丁目17番3
リビオレゾン綾瀬ステーションプレミア,綾瀬,5,綾瀬:5|青井:9|五反野:14,分譲,2023,13,3324,建築物環境計画書,足立区綾瀬四丁目502番7(地番)
アドグランデ綾瀬,綾瀬,6,綾瀬:6,分譲,2022,9,2157,建築物環境計画書,足立区綾瀬6-29-10
ブリシア綾瀬,綾瀬,9,綾瀬:9,分譲,2022,6,3568,建築物環境計画書,足立区東綾瀬一丁目17番22号
センチュリー東綾瀬,綾瀬,11,綾瀬:11|北綾瀬:13|青井:14,分譲,2023,7,2855,建築物環境計画書,足立区東綾瀬二丁目17番17号
パークホームズ自由が丘,緑が丘,4,緑が丘:4|奥沢:9|大岡山:9|自由が丘:10|都立大学:12,分譲,,,,とどまるマンション,目黒区緑が丘1丁目
ピアース都立大学,緑が丘,4,緑が丘:4|奥沢:9|大岡山:9|自由が丘:10|都立大学:12,分譲,2022,3,4253,建築物環境計画書,目黒区緑が丘1丁目2272番
カーメスト石川台 B号棟,緑が丘,7,緑が丘:7|大岡山:7|石川台:8|洗足池:11|奥沢:11,賃貸,2023,3,2403,建築物環境計画書,大田区石川町一丁目8番1
ピアース練馬レジデンス,練馬,5,練馬:5|豊島園:11|桜台:13,分譲,2025,8,5480,建築物環境計画書,練馬区豊玉北6丁目10番2(地名地番)
プラウドタワー練馬,練馬,8,練馬:8|豊島園:9|中村橋:11,分譲,,,,とどまるマンション,練馬区中村北1丁目
オーベル練馬センティア,練馬,9,練馬:9|都立家政:15|豊島園:15,分譲,,,,とどまるマンション,練馬区豊玉中4丁目
バウスステージ練馬豊玉,練馬,9,練馬:9|桜台:13,賃貸,2024,5,2432,建築物環境計画書,練馬区豊玉中3丁目 1 番 10号
Brillia練馬春日町,練馬春日町,3,練馬春日町:3|豊島園:12,分譲,2023,8,6063,建築物環境計画書,練馬区春日町3丁目35番7号
オーベル練馬春日町ヒルズ,練馬春日町,3,練馬春日町:3|豊島園:12,分譲,2025,3,2530,建築物環境計画書,練馬区春日町三丁目2016番1
レーベン練馬春日町 GRAN WARD TERRACE,練馬春日町,8,練馬春日町:8|豊島園:9,分譲,2022,3,3760,建築物環境計画書,練馬区春日町一丁目2315番1 他
D&#8217;レスティア石神井公園,練馬高野台,6,練馬高野台:6|石神井公園:9,,,,,とどまるマンション,練馬区高野台3丁目
ZOOM練馬高野台,練馬高野台,9,練馬高野台:9|石神井公園:13,賃貸,2026,8,2368,建築物環境計画書,練馬区高野台4丁目2561番50
エンゼルハイム石神井公園 壱番館,練馬高野台,9,練馬高野台:9|石神井公園:13,分譲,,,,とどまるマンション,練馬区高野台4丁目
エンゼルハイム石神井公園 弐番館,練馬高野台,9,練馬高野台:9|石神井公園:13,分譲,,,,とどまるマンション,練馬区高野台4丁目
Brillia 自由が丘,自由が丘,4,自由が丘:4|奥沢:5|九品仏:9|田園調布:11|緑が丘:12,分譲,2024,7,5583,建築物環境計画書,世田谷区奥沢五丁目27番19号
ザ・パークハウス 自由が丘フロント,自由が丘,4,自由が丘:4|奥沢:5|九品仏:9|田園調布:11|緑が丘:12,分譲,2023,7,2685,建築物環境計画書,世田谷区奥沢五丁目23番15号
La Perla Jiyugaoka,自由が丘,7,自由が丘:7|緑が丘:8|奥沢:9|都立大学:11|大岡山:14,賃貸,2025,3,1401,建築物環境計画書,目黒区緑が丘二丁目1番9号
ディアナコート自由が丘テラス,自由が丘,7,自由が丘:7|緑が丘:8|奥沢:9|都立大学:11|大岡山:14,分譲,2025,3,2227,建築物環境計画書,目黒区緑が丘二丁目8番17号
グランディア ラフィーネ,船堀,3,船堀:3,賃貸,2026,10,2662,建築物環境計画書,江戸川区船堀四丁目844番1の一部、846番1の一部
サンヴェール船堀,船堀,3,船堀:3,分譲,,,,とどまるマンション,江戸川区船堀4丁目
ライオンズ ガーデンテラス船堀,船堀,3,船堀:3,分譲,,,,とどまるマンション,江戸川区船堀3丁目
ルフォン船堀 ザ・タワーレジデンス,船堀,3,船堀:3,分譲,2025,20,12101,建築物環境計画書,江戸川区船堀3丁目5番27
アーバンパーク船堀,船堀,7,船堀:7,賃貸,2024,7,4434,建築物環境計画書,江戸川区松江五丁目6番8号
ローレルコート船堀 ブリーズステージ,船堀,7,船堀:7,分譲,2025,8,5016,建築物環境計画書,江戸川区松江五丁目21番2号
ローレルコート船堀エアリーステージ,船堀,7,船堀:7,分譲,2024,11,4050,建築物環境計画書,江戸川区松江五丁目19番14号
ガーラ・レジデンス船堀プロムナード,船堀,14,船堀:14,分譲,2023,11,2297,建築物環境計画書,江戸川区松江4丁目13番8号
サンクレイドル船堀III,船堀,14,船堀:14,分譲,2024,14,4261,建築物環境計画書,江戸川区松江4丁目430-8他
シルクボーテ,船堀,14,船堀:14,賃貸,2024,10,5036,建築物環境計画書,江戸川区松江4丁目14-6
アーバイルスパシエ芝浦BAY-SIDE,芝浦ふ頭,2,芝浦ふ頭:2|日の出:12|田町:12|三田:14,分譲,,,,とどまるマンション,港区海岸3丁目
パークアクシス芝浦キャナル,芝浦ふ頭,2,芝浦ふ頭:2|日の出:12|田町:12|三田:14,賃貸,2022,10,4255,建築物環境計画書,港区海岸三丁目2番3号
ボヌールコート芝浦,芝浦ふ頭,2,芝浦ふ頭:2|日の出:12|田町:12|三田:14,賃貸,2021,12,5138,建築物環境計画書,港区海岸3丁目12-4
インプレストタワー芝浦エアレジデンス,芝浦ふ頭,6,芝浦ふ頭:6|田町:7|三田:8|日の出:9|芝公園:14,分譲,,,,とどまるマンション,港区芝浦2丁目
オアーゼ芝浦レジデンス,芝浦ふ頭,6,芝浦ふ頭:6|田町:7|三田:8|日の出:9|芝公園:14,賃貸,,,,とどまるマンション,港区芝浦2丁目
プラウド八幡山,芦花公園,4,芦花公園:4|八幡山:5|千歳烏山:12|上北沢:14,分譲,2025,14,6945,建築物環境計画書,世田谷区南烏山一丁目178番2
シティテラス小金井公園,花小金井,6,花小金井:6,分譲,,,,とどまるマンション,小平市花小金井南町一丁目
ルピアコート花小金井,花小金井,6,花小金井:6,分譲,2026,5,3757,建築物環境計画書,小平市花小金井六丁目127番1
シェグラン花小金井ハイライズ,花小金井,12,花小金井:12,分譲,,,,とどまるマンション,小平市花小金井7丁目
武蔵野スカイハイツ,花小金井,12,花小金井:12,分譲,,,,とどまるマンション,西東京市芝久保町4丁目
AIFLAT若松河田,若松河田,2,若松河田:2|早稲田:9|牛込柳町:9|東新宿:11|曙橋:12,賃貸,2023,13,2641,建築物環境計画書,新宿区若松町28-36(住居表示)
プラウドフラット新宿河田町,若松河田,4,若松河田:4|曙橋:7|牛込柳町:8|四谷三丁目:12|早稲田:13,賃貸,,,,とどまるマンション,新宿区河田町
若林コンド,若林,3,若林:3|松陰神社前:4|世田谷:8|上町:12|三軒茶屋:14,分譲,,,,とどまるマンション,世田谷区若林4丁目
クレヴィア三軒茶屋,若林,4,若林:4|三軒茶屋:7|松陰神社前:9|世田谷:14,分譲,2023,5,4595,建築物環境計画書,世田谷区若林一丁目13番3号
ピアース若林レジデンス,若林,5,若林:5|松陰神社前:7|世田谷:11|豪徳寺:13|世田谷代田:14,分譲,2022,4,3600,建築物環境計画書,世田谷区若林五丁目32番7号
プレミスト世田谷梅丘,若林,8,若林:8|松陰神社前:10|世田谷代田:11|豪徳寺:11|世田谷:13,分譲,2024,4,2792,建築物環境計画書,世田谷区梅丘三丁目1398番130
ブランズ日本橋茅場町,茅場町,1,茅場町:1|水天宮前:7|人形町:8|八丁堀:9|三越前:10,,,,,中央区防災認定,中央区日本橋茅場町3-6-4
パークアクシス日本橋茅場町ステーションゲート,茅場町,2,茅場町:2|八丁堀:6|水天宮前:9|人形町:11|三越前:11,賃貸,2023,12,2055,建築物環境計画書,中央区日本橋茅場町二丁目5-9(住居表示)
東京アムフラット,茅場町,2,茅場町:2|三越前:7|人形町:9|八丁堀:9|水天宮前:9,,,,,中央区防災認定,中央区日本橋兜町19-7
グラウス日本橋小網町,茅場町,4,茅場町:4|人形町:5|水天宮前:6|三越前:9|新日本橋:11,,,,,中央区防災認定,中央区日本橋小網町15-7
パークハウスリヴレーヌ,茅場町,8,茅場町:8|水天宮前:8|八丁堀:8|門前仲町:13|人形町:14,,,,,中央区防災認定,中央区新川2-30-10
プラウドフラット隅田リバーサイド,茅場町,8,茅場町:8|水天宮前:8|八丁堀:8|門前仲町:13|人形町:14,賃貸,,,,とどまるマンション,中央区新川1丁目
中銀東京日本橋マンシオン,茅場町,8,茅場町:8|水天宮前:8|八丁堀:8|門前仲町:13|人形町:14,,,,,中央区防災認定,中央区新川2-14-2
秀和新川レジデンス,茅場町,8,茅場町:8|水天宮前:8|八丁堀:8|門前仲町:13|人形町:14,,,,,中央区防災認定,中央区新川2-31-11
アヴァン文京小日向,茗荷谷,3,茗荷谷:3|江戸川橋:10|護国寺:13,分譲,,,,とどまるマンション,文京区小日向4丁目
オープンレジデンシア小石川ヒルズ,茗荷谷,4,茗荷谷:4|江戸川橋:14|護国寺:14|千石:15|白山:15,分譲,2023,7,2597,建築物環境計画書,文京区小石川五丁目27番1
ミリアレジデンス茗荷谷,茗荷谷,5,茗荷谷:5|新大塚:10|護国寺:10|千石:14,賃貸,,,,とどまるマンション,文京区大塚3丁目
シティテラス文京小石川,茗荷谷,8,茗荷谷:8|江戸川橋:12|春日:13|後楽園:14|白山:15,分譲,2023,7,10627,建築物環境計画書,文京区小石川4丁目14番31号
ユーカリハイツ小石川,茗荷谷,8,茗荷谷:8|江戸川橋:12|春日:13|後楽園:14|白山:15,分譲,,,,とどまるマンション,文京区小石川4丁目
アトラス品川中延,荏原中延,2,荏原中延:2|中延:7|戸越:8|戸越公園:9|戸越銀座:9,分譲,,,,とどまるマンション,品川区中延2丁目
ザ・パークハビオ 荏原中延プレイス,荏原中延,3,荏原中延:3|戸越:6|戸越公園:6|中延:7|戸越銀座:7,賃貸,2023,14,2395,建築物環境計画書,品川区東中延1丁目12番11号
ザ・パークハビオ 荏原中延駅前,荏原中延,3,荏原中延:3|戸越:6|戸越公園:6|中延:7|戸越銀座:7,賃貸,2023,13,4987,建築物環境計画書,品川区東中延1丁目9番13号
東中延一丁目 11 番地区防災街区整備事業に係る防災施設建築物,荏原中延,3,荏原中延:3|戸越:6|戸越公園:6|中延:7|戸越銀座:7,賃貸,2026,14,4170,建築物環境計画書,品川区東中延一丁目 382 番 7、382番 17、382 番20、382 番21、382 番 22、387 番 4
Brillia品川中延,荏原町,5,荏原町:5|中延:5|馬込:8|荏原中延:11|旗の台:11,分譲,,,,とどまるマンション,品川区中延6丁目
アジールコート品川中延サウス,荏原町,5,荏原町:5|中延:5|馬込:8|荏原中延:11|旗の台:11,分譲,2023,8,2223,建築物環境計画書,品川区中延6丁目4番2号
クレヴィア荏原町GARDEN,荏原町,6,荏原町:6|旗の台:8|馬込:9|長原:9|中延:12,分譲,2025,7,5091,建築物環境計画書,大田区北馬込一丁目30番7号(住居表示)
プライム荏原町,荏原町,6,荏原町:6|旗の台:8|馬込:9|長原:9|中延:12,分譲,2026,7,2976,建築物環境計画書,大田区北馬込1丁目17番15号
cordelia荻窪,荻窪,4,荻窪:4,賃貸,2023,8,2832,建築物環境計画書,東京都杉並区上荻一丁目14番12号
ピアース西荻窪レジデンス,荻窪,4,荻窪:4,分譲,2022,8,2178,建築物環境計画書,杉並区上荻10番9号
ルジェンテ荻窪,荻窪,4,荻窪:4,分譲,,,,とどまるマンション,杉並区上荻1丁目
ルピナス荻窪カワヨマンション,荻窪,4,荻窪:4,分譲,,,,とどまるマンション,杉並区荻窪5丁目
プラウドフラット荻窪II,荻窪,5,荻窪:5,賃貸,,,,とどまるマンション,杉並区荻窪四丁目
マンション荻窪台,荻窪,5,荻窪:5,分譲,,,,とどまるマンション,杉並区天沼3丁目
クレヴィア荻窪,荻窪,7,荻窪:7|阿佐ケ谷:13,分譲,2024,8,2996,建築物環境計画書,杉並区天沼2丁目73-18
パークグレイス荻窪,荻窪,10,荻窪:10,賃貸,2025,3,3014,建築物環境計画書,杉並区荻窪二丁目43-25
ブランシエスタ荻窪,荻窪,10,荻窪:10,賃貸,2025,9,2599,建築物環境計画書,杉並区荻窪2丁目67、68-1
ボヌール荻窪,荻窪,10,荻窪:10|南阿佐ケ谷:11|阿佐ケ谷:13,分譲,,,,とどまるマンション,杉並区荻窪3丁目
リビオ荻窪レジデンス,荻窪,13,荻窪:13,分譲,,,,とどまるマンション,杉並区南荻窪一丁目
ガーラ・ステーション菊川,菊川,1,菊川:1|森下:9|住吉:12|清澄白河:12,分譲,,,,とどまるマンション,墨田区菊川2丁目
リビオメゾン森下,菊川,3,菊川:3|清澄白河:9|森下:9|住吉:13,賃貸,2023,8,2450,建築物環境計画書,江東区森下四丁目21番7
ソーシャルコート錦糸町,菊川,6,菊川:6|住吉:6|錦糸町:9,賃貸,,,,とどまるマンション,墨田区江東橋5丁目
パークアクシス錦糸町スタイルズ,菊川,6,菊川:6|住吉:6|錦糸町:9,賃貸,2022,7,2484,建築物環境計画書,墨田区江東橋五丁目12番13号(住居表示)
プライムアーバン錦糸町,菊川,6,菊川:6|住吉:6|錦糸町:9,賃貸,,,,とどまるマンション,墨田区江東橋5丁目
パークハウス清澄白河タワー,菊川,8,菊川:8|清澄白河:11|住吉:12|森下:14,分譲,,,,とどまるマンション,江東区白河4丁目
プラザ元加賀,菊川,8,菊川:8|清澄白河:11|住吉:12|森下:14,分譲,,,,とどまるマンション,江東区白河4丁目
GENOVIA両国VI green veil,菊川,9,菊川:9|森下:12|錦糸町:12|両国:13,分譲,2022,12,4268,建築物環境計画書,墨田区緑3丁目17番11号
LA BELJOUR錦糸町,菊川,9,菊川:9|錦糸町:9|住吉:12|森下:15,賃貸,2021,9,2521,建築物環境計画書,墨田区緑四丁目2番8
グランカーサ両国ヴェルデ,菊川,9,菊川:9|森下:12|錦糸町:12|両国:13,分譲,2023,9,2413,建築物環境計画書,墨田区緑三丁目21番2号(住居表示)
プラウドフラット錦糸町II,菊川,9,菊川:9|錦糸町:9|住吉:12|森下:15,賃貸,,,,とどまるマンション,墨田区緑4丁目
プラウドフラット錦糸町ウエスト,菊川,9,菊川:9|錦糸町:9|住吉:12|森下:15,賃貸,2025,13,3390,建築物環境計画書,墨田区緑四丁目1番1
ザ・パークハウス 東中野プレイス,落合,5,落合:5|東中野:7|中井:9|下落合:12|大久保:14,分譲,2026,19,6057,建築物環境計画書,中野区東中野5丁目36番5、36番6(地番)
パークタワー東中野グランドエア,落合,5,落合:5|東中野:7|中井:9|下落合:12|大久保:14,分譲,2024,25,13502,建築物環境計画書,中野区東中野5丁目55-7
プラウドフラット東中野,落合,5,落合:5|東中野:7|中井:9|下落合:12|大久保:14,賃貸,,,,とどまるマンション,中野区東中野五丁目
プレディア東中野,落合,5,落合:5|東中野:7|中井:9|下落合:12|大久保:14,分譲,2023,5,3081,とどまるマンション／建築物環境計画書,中野区東中野5丁目17番27号
バウスクロス 北新宿,落合,8,落合:8|東中野:9|大久保:11|新大久保:13|中井:13,賃貸,2022,10,2712,建築物環境計画書,新宿区北新宿4丁目10番3
ミリアレジデンス北新宿,落合,8,落合:8|東中野:9|大久保:11|新大久保:13|中井:13,賃貸,,,,とどまるマンション,新宿区北新宿4丁目
ハイコーポ長島,葛西,4,葛西:4|西葛西:13,分譲,,,,とどまるマンション,江戸川区中葛西3丁目
コンフォリア中葛西,葛西,5,葛西:5|西葛西:11,分譲・賃貸,2026,7,2149,建築物環境計画書,江戸川区中葛西五丁目20番5
オープンレジデンシア葛西,葛西,6,葛西:6,分譲,2025,9,2479,建築物環境計画書,江戸川区東葛西六丁目24番3(地番)
デュオフラッツ葛西,葛西,6,葛西:6,賃貸,2024,15,2731,とどまるマンション／建築物環境計画書,江戸川区東葛西6丁目9番6号(住居表示)
プラウド葛西,葛西,6,葛西:6,分譲,,,,とどまるマンション,江戸川区東葛西6丁目
プレシス葛西プロスタイル,葛西,6,葛西:6,分譲,2023,8,3068,建築物環境計画書,江戸川区東葛西5丁目1845-1外
東葛西ビル,葛西,6,葛西:6,賃貸,,,,とどまるマンション,江戸川区東葛西5丁目
ヌーベルメゾン ヤマヤII,葛西,8,葛西:8|西葛西:9,賃貸,2024,8,2279,建築物環境計画書,江戸川区中葛西4丁目16-7、-8
ダイアパレス葛西,葛西,9,葛西:9,分譲,,,,とどまるマンション,江戸川区東葛西7丁目
アルファグランデ葛西,葛西,11,葛西:11|西葛西:15,分譲,,,,とどまるマンション,江戸川区中葛西1丁目
ポレスター葛西,葛西,12,葛西:12|西葛西:14,分譲,2025,10,2762,建築物環境計画書,江戸川区中葛西7丁目8番12
三生・エンゼルハイム中葛西,葛西,12,葛西:12|西葛西:14,分譲,,,,とどまるマンション,江戸川区中葛西7丁目
ガーラ・レジデンス葛西,葛西,14,葛西:14,分譲,2022,12,2549,建築物環境計画書,江戸川区南葛西一丁目13番13号
アリーナコースト,葛西臨海公園,9,葛西臨海公園:9,分譲,,,,とどまるマンション,江戸川区臨海町5丁目
ザ・パークハウス葛西臨海公園,葛西臨海公園,9,葛西臨海公園:9,分譲,,,,とどまるマンション,江戸川区臨海町五丁目
コスモ葛西臨海公園ロイヤルコート,葛西臨海公園,13,葛西臨海公園:13,分譲,,,,とどまるマンション,江戸川区南葛西5丁目
ヴィルヌーブ葛西臨海公園,葛西臨海公園,13,葛西臨海公園:13,分譲,,,,とどまるマンション,江戸川区南葛西5丁目
スタイリオ蒲田II,蒲田,4,蒲田:4|蓮沼:5|京急蒲田:13|矢口渡:14,賃貸,,,,とどまるマンション,大田区西蒲田七丁目
リテラス蒲田,蒲田,4,蒲田:4|蓮沼:5|京急蒲田:13|矢口渡:14,賃貸,2023,14,2837,建築物環境計画書,大田区西蒲田七丁目43番10号
ザ・ライオンズフォーシア蒲田,蒲田,5,蒲田:5|蓮沼:7|矢口渡:14|京急蒲田:14,賃貸,2026,15,2621,建築物環境計画書,大田区西蒲田八丁目21番3、4
プライムメゾン蒲田,蒲田,5,蒲田:5|蓮沼:7|矢口渡:14|京急蒲田:14,賃貸,2023,14,5789,建築物環境計画書,大田区西蒲田八丁目21番3
プラウド板橋蓮根,蓮根,4,蓮根:4|西台:6|志村三丁目:13,分譲,,,,とどまるマンション,板橋区蓮根二丁目
レスピール蓮根,蓮根,4,蓮根:4|志村三丁目:9|西台:10,賃貸,2024,7,2227,建築物環境計画書,板橋区坂下二丁目22番11号
WELL SQUARE 西蒲田,蓮沼,3,蓮沼:3|蒲田:8|池上:12|矢口渡:12,賃貸,2024,14,2649,建築物環境計画書,大田区西蒲田六丁目34番4
ミリアレジデンス西蒲田,蓮沼,3,蓮沼:3|蒲田:8|池上:12|矢口渡:12,賃貸,,,,とどまるマンション,大田区西蒲田6丁目
オアーゼ池上テラス,蓮沼,4,蓮沼:4|矢口渡:7|池上:9|蒲田:13|武蔵新田:15,賃貸,2025,9,5517,建築物環境計画書,大田区東矢口1-4-18(住居表示)
クレストコート蔵前ステーションフロント,蔵前,2,蔵前:2|田原町:10|両国:10|浅草橋:10|新御徒町:13,賃貸,2024,15,2189,建築物環境計画書,台東区蔵前二丁目3番6、10、11(地名地番)
コスモグラシア蔵前テラス,蔵前,2,蔵前:2|田原町:10|両国:10|浅草橋:10|新御徒町:13,賃貸,2024,13,2678,建築物環境計画書,台東区蔵前2丁目10-8
Brillia ist 蔵前 Residence,蔵前,3,蔵前:3|田原町:8|新御徒町:9|浅草橋:10|稲荷町:12,賃貸,2023,15,3218,建築物環境計画書,台東区蔵前4丁目12番地10
アーバネックス蔵前レジデンス,蔵前,3,蔵前:3|田原町:8|新御徒町:9|浅草橋:10|稲荷町:12,賃貸,2023,15,2972,建築物環境計画書,台東区蔵前4丁目3番2号
デュオフラッツ浅草蔵前,蔵前,3,蔵前:3|田原町:8|新御徒町:9|浅草橋:10|稲荷町:12,賃貸,,,,とどまるマンション,台東区蔵前四丁目
バウスフラッツ蔵前,蔵前,3,蔵前:3|田原町:8|新御徒町:9|浅草橋:10|稲荷町:12,賃貸,2025,14,2141,建築物環境計画書,台東区蔵前4丁目5番9号
蔵前JPテラス,蔵前,4,蔵前:4|浅草橋:6|両国:7|東日本橋:13|馬喰町:13,賃貸,2023,23,99599,建築物環境計画書,台東区蔵前1丁目3-16、3-17、3-18、3-25、3-26、3-27、3-28
コスモ蔵前アーバンフォルム,蔵前,6,蔵前:6|新御徒町:6|浅草橋:9|田原町:10|稲荷町:11,分譲,,,,とどまるマンション,台東区三筋一丁目
ミリアレジデンス蔵前,蔵前,6,蔵前:6|浅草橋:7|新御徒町:8|田原町:12|両国:12,賃貸,,,,とどまるマンション,台東区鳥越2丁目
ライオンズフォーシア蔵前オアシス,蔵前,6,蔵前:6|新御徒町:6|浅草橋:9|田原町:10|稲荷町:11,賃貸,2023,13,3718,建築物環境計画書,"台東区三筋一丁目1番11,1番12 他6筆(地名地番)"
ライオンズフォーシア隅田川テラス,蔵前,7,蔵前:7|本所吾妻橋:10|田原町:11|浅草:11|両国:12,賃貸,2022,11,2447,建築物環境計画書,墨田区本所一丁目4-10、14、15、16、17、18、20、21
青朋ビル(北青山三丁目)業務施設等建設その他,表参道,2,表参道:2|外苑前:9|原宿:12,賃貸,2024,13,17904,建築物環境計画書,港区北青山三丁目108番外
PARKAXIS PREMIER 南青山五丁目,表参道,4,表参道:4|外苑前:12|渋谷:14,賃貸,2024,6,7586,建築物環境計画書,港区南青山5丁目4番22号
パークコート南青山三丁目,表参道,4,表参道:4|外苑前:6|乃木坂:12|青山一丁目:13,分譲,2023,9,2128,建築物環境計画書,港区南青山三丁目13番11号(住居表示)
表参道 Grid Tower,表参道,4,表参道:4|外苑前:6|乃木坂:12|青山一丁目:13,賃貸,2026,38,45965,建築物環境計画書,港区南青山三丁目8番35号
インペリアル表参道,表参道,6,表参道:6|原宿:8|外苑前:10,分譲,,,,とどまるマンション,渋谷区神宮前4丁目
グランドメゾン表参道,表参道,7,表参道:7|渋谷:11,分譲,,,,とどまるマンション,渋谷区渋谷4丁目
駒込ペアシティ,西ケ原,3,西ケ原:3|王子:11|西巣鴨:13|駒込:14,分譲,,,,とどまるマンション,北区西ケ原3丁目
グランシャトレ駒込,西ケ原,9,西ケ原:9|巣鴨:10|駒込:11|西巣鴨:12,分譲,,,,とどまるマンション,豊島区駒込7丁目
レーベン西八王子NOVERIA,西八王子,5,西八王子:5,分譲,2024,15,3392,建築物環境計画書,八王子市千人町一丁目2-4、24、25、26の一部
朝日八王子マンション,西八王子,9,西八王子:9,分譲,,,,とどまるマンション,八王子市追分町
センチュリー西八王子パークヒルズ,西八王子,13,西八王子:13,分譲,2022,7,4500,建築物環境計画書,八王子市台町二丁目25番22号(住居表示)
パークホームズ西台の杜,西台,4,西台:4|蓮根:6,分譲,,,,とどまるマンション,板橋区蓮根3丁目
Weave Place Nishidai,西台,7,西台:7|高島平:9|蓮根:13,賃貸,2024,10,1904,建築物環境計画書,板橋区高島平九丁目6番5号
高島平ハイツ,西台,7,西台:7|高島平:9|蓮根:13,分譲,,,,とどまるマンション,板橋区高島平9丁目
ローレルコート西国分寺,西国分寺,3,西国分寺:3,分譲,2024,10,3328,建築物環境計画書,国分寺市泉町三丁目690番1
西国分寺メゾン・レガ 西棟・南棟,西国分寺,3,西国分寺:3,分譲,,,,とどまるマンション,国分寺市泉町3丁目
パレステージ西国分寺,西国分寺,8,西国分寺:8|国立:15,分譲,2023,5,2345,建築物環境計画書,国分寺市 日吉町一丁目 24番13
エクセレントシティ立川 THE GRAN,西国立,5,西国立:5|立川:8,分譲,2024,13,10760,建築物環境計画書,立川市錦町一丁目379番
サンクレイドル立川ステーションウィズ,西国立,5,西国立:5|立川:8,分譲,2025,14,3931,建築物環境計画書,立川市錦町1丁目420
プレシス立川パークフロント,西国立,6,西国立:6|立川:9,分譲,2026,10,3145,建築物環境計画書,立川市錦町3丁目3番1、4番1
ローレルコート立川錦町,西国立,12,西国立:12|甲州街道:15,分譲,2025,5,6225,建築物環境計画書,立川市錦町六丁目43番1(地番)
ジェイグラン国立,西国立,13,西国立:13,分譲,2025,9,5043,建築物環境計画書,国立市北三丁目40番1
Jタワー西大井,西大井,3,西大井:3|下神明:9|戸越公園:12|大井町:13|中延:14,分譲,,,,とどまるマンション,品川区西大井一丁目
ベルジュ西大井,西大井,3,西大井:3|下神明:9|戸越公園:12|大井町:13|中延:14,,,,,とどまるマンション,品川区西大井1丁目
ラビ・マイキャッスル西大井,西大井,3,西大井:3|下神明:9|戸越公園:12|大井町:13|中延:14,分譲,,,,とどまるマンション,品川区西大井1丁目
ルフォンプログレ西大井プレミア,西大井,3,西大井:3|下神明:9|戸越公園:12|大井町:13|中延:14,賃貸,2024,14,5998,建築物環境計画書,品川区西大井1丁目9番19号
J.GRAN Court 品川西大井 EAST,西大井,4,西大井:4|馬込:13|下神明:14|戸越公園:15|中延:15,賃貸,2023,9,6099,建築物環境計画書,品川区西大井2丁目5213番1
J.GRAN Court 品川西大井 WEST,西大井,4,西大井:4|馬込:13|下神明:14|戸越公園:15|中延:15,賃貸,2023,5,5688,建築物環境計画書,品川区西大井2丁目5210番1
ラティエラ品川西大井,西大井,4,西大井:4|馬込:13|下神明:14|戸越公園:15|中延:15,賃貸,2024,4,2389,建築物環境計画書,品川区西大井二丁目5308番21の一部
コンフォリア二葉,西大井,5,西大井:5|下神明:6|戸越公園:10|大井町:12|中延:13,分譲,2023,6,2899,建築物環境計画書,品川区二葉二丁目8番17号(住居表示)
グリーンプラザ大井町中央,西大井,9,西大井:9|大井町:10|下神明:10|立会川:12,分譲,,,,とどまるマンション,品川区大井3丁目
THE MIDLAND AVENUE,西大島,4,西大島:4|大島:7|亀戸:8|亀戸水神:13,分譲,,,,とどまるマンション,江東区大島3丁目
パークアクシス西大島コンフォートスクエア,西大島,4,西大島:4|大島:7|亀戸:14,賃貸,2025,14,24770,建築物環境計画書,江東区大島四丁目6番17号
日神デュオステージ 大島,西大島,4,西大島:4|大島:7|亀戸:8|亀戸水神:13,分譲,,,,とどまるマンション,江東区大島三丁目
SYFORME SUMIYOSHI,西大島,5,西大島:5|住吉:9|大島:14|亀戸:15,分譲,2021,10,2554,建築物環境計画書,江東区大島1丁目5番9号
コスモ西大島 ロイヤルフォルム,西大島,5,西大島:5|住吉:9|大島:14|亀戸:15,分譲,,,,とどまるマンション,江東区大島1丁目
パークハウス猿江恩賜公園,西大島,5,西大島:5|住吉:9|大島:14|亀戸:15,分譲,,,,とどまるマンション,江東区大島1丁目
パレステージ大島,西大島,6,西大島:6|住吉:8|亀戸:9|錦糸町:10|大島:15,分譲,,,,とどまるマンション,江東区大島二丁目
猿江恩賜公園レジデンス,西大島,6,西大島:6|住吉:8|亀戸:9|錦糸町:10|大島:15,分譲,2023,14,16693,建築物環境計画書,江東区大島2丁目20-2
コンフォリア・リヴ西大島SOUTH,西大島,10,西大島:10|大島:12,賃貸,2025,8,2461,建築物環境計画書,江東区北砂三丁目549-1他
ルーブル南砂町弐番館,西大島,11,西大島:11,分譲,2026,11,1857,建築物環境計画書,江東区北砂二丁目1番31号
シティテラス住吉,西大島,12,西大島:12|住吉:14,分譲,2023,14,12419,建築物環境計画書,江東区北砂1丁目229-3
パークホームズ西小山,西小山,3,西小山:3|洗足:9|武蔵小山:11|北千束:14,分譲,2024,9,9971,建築物環境計画書,目黒区原町一丁目8番4号(住居表示)
ACP Residence 西巣鴨,西巣鴨,2,西巣鴨:2|板橋:11|北池袋:13|新板橋:14|大塚:14,分譲,2024,11,2611,建築物環境計画書,豊島区西巣鴨三丁目374番地11・388番地1・388番地13
ザ・パークハビオ 滝野川,西巣鴨,5,西巣鴨:5|板橋:5|新板橋:7|下板橋:10|北池袋:10,賃貸,2023,14,8023,建築物環境計画書,北区滝野川六丁目1番1号
日神パレステージ板橋滝野川,西巣鴨,5,西巣鴨:5|板橋:5|新板橋:7|下板橋:10|北池袋:10,分譲,,,,とどまるマンション,北区滝野川六丁目
レヂオンス巣鴨,西巣鴨,8,西巣鴨:8|巣鴨:11|西ケ原:12|大塚:13,分譲,,,,とどまるマンション,豊島区巣鴨5丁目
ハウス折戸通り,西巣鴨,9,西巣鴨:9|大塚:9|巣鴨:11,賃貸,,,,とどまるマンション,豊島区巣鴨4丁目
パークハウスサンセジュール,西巣鴨,9,西巣鴨:9|大塚:9|巣鴨:11,分譲,,,,とどまるマンション,豊島区巣鴨4丁目
パークホームズ巣鴨セントラルアヴェニュー,西巣鴨,9,西巣鴨:9|大塚:9|巣鴨:11,分譲,,,,とどまるマンション,豊島区巣鴨4丁目
サンクレイドル府中西府,西府,8,西府:8|分倍河原:9|中河原:11,分譲,2022,6,2604,建築物環境計画書,府中市分梅町3丁目51-1
プラネソシエ西新井,西新井,3,西新井:3|大師前:8|梅島:13,分譲,2021,12,2823,建築物環境計画書,足立区西新井栄町2丁目8番22号
アルファコート西新井,西新井,5,西新井:5|梅島:11|大師前:11,賃貸,2023,7,2340,建築物環境計画書,足立区西新井栄町一丁目366番1
ヴェレーナ 西新井,西新井,5,西新井:5|大師前:9|梅島:15,分譲,2025,10,4777,建築物環境計画書,"足立区栗原一丁目19-2,19-3,19-10, 19-13"
ロイジェント西新井,西新井大師西,7,西新井大師西:7|谷在家:9|大師前:10,賃貸,2025,6,3080,建築物環境計画書,足立区西新井5丁目24-7
シティコープ柏木,西新宿,7,西新宿:7|中野坂上:9|大久保:9|都庁前:12|新大久保:13,分譲,,,,とどまるマンション,新宿区北新宿2丁目
ドーミー西新宿,西新宿,7,西新宿:7|中野坂上:9|大久保:9|都庁前:12|新大久保:13,賃貸,2022,5,3293,建築物環境計画書,新宿区北新宿二丁目3番23
パークタワー西新宿,西新宿五丁目,4,西新宿五丁目:4|中野坂上:7|西新宿:8|都庁前:9|中野新橋:13,分譲,2024,40,54039,建築物環境計画書,新宿区西新宿五丁目817番
メゾンカルム西新宿,西新宿五丁目,5,西新宿五丁目:5|都庁前:7|初台:9|西新宿:11|参宮橋:14,賃貸,,,,とどまるマンション,新宿区西新宿4丁目
Brillia ist 渋谷本町,西新宿五丁目,7,西新宿五丁目:7|中野新橋:10|初台:11|中野坂上:14,賃貸,2022,6,2333,建築物環境計画書,渋谷区本町四丁目4番13号
ピアース渋谷本町レジデンス,西新宿五丁目,7,西新宿五丁目:7|中野新橋:10|初台:11|中野坂上:14,分譲,2023,6,2993,建築物環境計画書,渋谷区本町四丁目2番11号
オープンレジデンシア西日暮里ステーションフロント,西日暮里,2,西日暮里:2|日暮里:7|新三河島:9|田端:10|三河島:10,分譲,2022,14,2297,建築物環境計画書,荒川区西日暮里5丁目10-10  他2筆
ハイツ西日暮里,西日暮里,2,西日暮里:2|日暮里:7|新三河島:9|田端:10|三河島:10,分譲,,,,とどまるマンション,荒川区西日暮里5丁目
ワンルーフレジデンス西日暮里,西日暮里,2,西日暮里:2|日暮里:7|新三河島:9|田端:10|三河島:10,賃貸,2024,15,6542,建築物環境計画書,荒川区西日暮里5丁目9番12号
ヴィルヌーブ西日暮里,西日暮里,2,西日暮里:2|日暮里:7|新三河島:9|田端:10|三河島:10,分譲,,,,とどまるマンション,荒川区西日暮里5丁目
オープンレジデンシア西日暮里道灌山,西日暮里,3,西日暮里:3|田端:7|千駄木:10|日暮里:10|新三河島:13,分譲,2023,5,3277,建築物環境計画書,"荒川区西日暮里4丁目1035-18,北区田端1丁目370-41"
CROSS RESIDENCE高田馬場,西早稲田,8,西早稲田:8|高田馬場:11|雑司が谷:11|早稲田:12,賃貸,2024,14,7913,建築物環境計画書,新宿区西早稲田3丁目29番9号
プライムメゾン西早稲田,西早稲田,8,西早稲田:8|高田馬場:11|雑司が谷:11|早稲田:12,賃貸,2022,5,2248,建築物環境計画書,新宿区西早稲田3丁目191-2
プラウド田無サウスアベニュー,西武柳沢,5,西武柳沢:5|田無:11,分譲,2025,5,4781,建築物環境計画書,西東京市保谷町四丁目1368-74(地番)
ザ・ガーデンハウス 武蔵野,西武柳沢,7,西武柳沢:7|東伏見:13,分譲,,,,とどまるマンション,西東京市柳沢2丁目
カーメスト新高円寺 A号棟,西永福,14,西永福:14,賃貸,2023,4,5714,建築物環境計画書,杉並区松ノ木一丁目12番35号
カーメスト新高円寺 B号棟,西永福,14,西永福:14,賃貸,2023,4,4480,建築物環境計画書,杉並区松ノ木一丁目12番35号
カーメスト新高円寺 C号棟,西永福,14,西永福:14,賃貸,2023,4,1974,建築物環境計画書,杉並区松ノ木一丁目12番35号
オープンレジデンシア西荻窪,西荻窪,3,西荻窪:3,分譲,2021,3,2203,建築物環境計画書,"杉並区西荻北3丁目92番10,11(地名地番)"
ブランズ西荻南三丁目,西荻窪,4,西荻窪:4,分譲,2025,14,3256,建築物環境計画書,杉並区西荻南三丁目14番2号
メゾン西荻,西荻窪,4,西荻窪:4,分譲,,,,とどまるマンション,杉並区西荻南3丁目
Nishiogi comichi terrace,西荻窪,6,西荻窪:6,賃貸,2025,2,1609,建築物環境計画書,杉並区西荻北二丁目19番9号
パークホームズ西荻窪アベニュー,西荻窪,10,西荻窪:10,分譲,2025,13,3337,建築物環境計画書,杉並区上荻4丁目25番13号
パークホームズ杉並上荻,西荻窪,12,西荻窪:12|荻窪:13,分譲,2023,14,9765,建築物環境計画書,杉並区上荻三丁目27番19号
カルミネ西葛西,西葛西,2,西葛西:2|葛西:14,分譲,2024,12,2553,建築物環境計画書,江戸川区西葛西6丁目9番2号
クレヴィア西葛西,西葛西,2,西葛西:2|葛西:14,分譲,2024,12,3859,建築物環境計画書,江戸川区西葛西六丁目20番10、11、14、15、17
プレディアコート西葛西,西葛西,4,西葛西:4,賃貸,,,,とどまるマンション,江戸川区西葛西三丁目
コンドミニアム葛西,西葛西,6,西葛西:6|葛西:12,分譲,,,,とどまるマンション,江戸川区西葛西4丁目
コンフォリア・リヴ西葛西,西葛西,6,西葛西:6|葛西:14,賃貸,2024,9,3119,建築物環境計画書,江戸川区西葛西7丁目21番10(地名地番)
プレディア西葛西,西葛西,6,西葛西:6|葛西:14,分譲,2023,10,2633,建築物環境計画書,江戸川区西葛西七丁目7番2(地名地番)
オープンレジデンシア西葛西,西葛西,10,西葛西:10,分譲,2023,7,2495,建築物環境計画書,江戸川区西葛西二丁目2番3
グランカーサ西葛西,西葛西,10,西葛西:10,賃貸,2025,7,2162,建築物環境計画書,江戸川区西葛西2丁目4-25
グランヒルズ西葛西,西葛西,10,西葛西:10,分譲,,,,とどまるマンション,江戸川区西葛西二丁目
西葛西ハイツ,西葛西,11,西葛西:11,分譲,,,,とどまるマンション,江戸川区北葛西4丁目
THE PALMS 西調布,西調布,3,西調布:3|飛田給:8,賃貸,2023,6,2319,建築物環境計画書,調布市上石原二丁目11番地3
調布 ザ・センチュリー,西調布,10,西調布:10|京王多摩川:12,分譲,2023,8,18589,建築物環境計画書,調布市多摩川1丁目29-15他(地名地番)
ライオンズマンション馬込,西馬込,4,西馬込:4|馬込:12,分譲,,,,とどまるマンション,大田区南馬込5丁目
ロイジェントパークス西馬込,西馬込,5,西馬込:5|馬込:11,賃貸,2025,5,2222,建築物環境計画書,大田区西馬込1丁目7番5
ミリアレジデンス南馬込,西馬込,6,西馬込:6,賃貸,,,,とどまるマンション,大田区南馬込6丁目
センチュリーハイツ西馬込,西馬込,9,西馬込:9,分譲,,,,とどまるマンション,大田区仲池上2丁目
クレヴィアリグゼ西馬込,西馬込,10,西馬込:10,賃貸,2025,8,3468,建築物環境計画書,大田区仲池上一丁目15番23号(住居表示)
ザ・ケンジントンレジデンス上池台,西馬込,11,西馬込:11|長原:13|馬込:13|洗足池:14,分譲,2023,5,3759,建築物環境計画書,大田区上池台5丁目35番14号
グランファセット久が原ヒルズ,西馬込,13,西馬込:13|久が原:13|千鳥町:14,分譲,,,,とどまるマンション,大田区久が原二丁目
東急ドエルアルス久が原(A棟),西馬込,13,西馬込:13|久が原:13|千鳥町:14,分譲,,,,とどまるマンション,大田区久が原2丁目
Yビル西高島平,西高島平,4,西高島平:4|新高島平:10,賃貸,,,,とどまるマンション,板橋区高島平5丁目
ジェノヴィア西高島平スカイガーデン,西高島平,7,西高島平:7,分譲,2021,10,2286,建築物環境計画書,板橋区三園一丁目48番20
TRADIS 赤塚,西高島平,12,西高島平:12|成増:12|地下鉄成増:15,賃貸,2025,5,2990,建築物環境計画書,板橋区赤塚4丁目14-7
ザ・タワー・グランディア,要町,5,要町:5|池袋:11|椎名町:11,分譲,,,,とどまるマンション,豊島区西池袋5丁目
Brillia Tower 池袋 West,要町,8,要町:8|池袋:13,分譲,2024,30,20778,建築物環境計画書,豊島区池袋三丁目1631番1
ステージファースト池袋アジールコート,要町,8,要町:8|池袋:13,分譲,,,,とどまるマンション,豊島区池袋3丁目
パークホームズ西池袋,要町,8,要町:8|池袋:8|椎名町:11|目白:11,分譲,2023,5,3792,建築物環境計画書,豊島区西池袋3丁目1354-2
グランデージ要町,要町,10,要町:10|大山:12|千川:14,分譲,,,,とどまるマンション,板橋区南町
ライオンズマンション調布駅前,調布,2,調布:2|布田:8,,,,,とどまるマンション,調布市布田1丁目
ライオンズヴィアーレ調布第2,調布,3,調布:3|布田:8|京王多摩川:11,,,,,とどまるマンション,調布市布田4丁目
ランドコート調布駅前,調布,3,調布:3|布田:8|京王多摩川:11,分譲,,,,とどまるマンション,調布市布田4丁目
アルソスリブレ調布,調布,5,調布:5|布田:13|西調布:13|京王多摩川:14,分譲,2023,10,2861,建築物環境計画書,調布市小島町一丁目14番2、6、13(地番)
ガーラ・アヴェニュー調布,調布,5,調布:5|布田:13|西調布:13|京王多摩川:14,分譲,2022,11,2200,建築物環境計画書,調布市小島町一丁目4番1
シティハウス調布,調布,5,調布:5|布田:13|西調布:13|京王多摩川:14,分譲,2022,10,5140,建築物環境計画書,調布市小島町一丁目30番地2
プレミスト調布,調布,5,調布:5|布田:13|西調布:13|京王多摩川:14,分譲,,,,とどまるマンション,調布市小島町1丁目
プレミスト調布クロス,調布,5,調布:5|布田:13|西調布:13|京王多摩川:14,分譲,2021,5,3560,建築物環境計画書,調布市小島町1丁目2-2他 (地番)
ベルス調布,調布,8,調布:8|布田:13,分譲,,,,とどまるマンション,調布市調布ケ丘1丁目
ガーラ・グランディ調布,調布,11,調布:11|布田:13,分譲,2023,6,2952,建築物環境計画書,調布市調布ケ丘三丁目33番2
アベニュー音羽,護国寺,1,護国寺:1|新大塚:10|茗荷谷:11|東池袋:14|江戸川橋:14,分譲,,,,とどまるマンション,文京区音羽二丁目
Tonowa Garden 目白台,護国寺,4,護国寺:4|雑司が谷:13|新大塚:13|茗荷谷:13|東池袋:13,賃貸,2025,5,9657,建築物環境計画書,文京区目白台三丁目28番10
お茶の水女子大学新学生宿舎 整備・運営事業,護国寺,4,護国寺:4|茗荷谷:7|新大塚:9|江戸川橋:14,賃貸,2022,7,10148,建築物環境計画書,文京区大塚2丁目1番1
コンフォリア・リヴ 文京護国寺,護国寺,4,護国寺:4|雑司が谷:13|新大塚:13|茗荷谷:13|東池袋:13,賃貸,2025,4,4008,建築物環境計画書,文京区目白台三丁目1-16
ザ・パークハビオ 文京目白台プレイス,護国寺,7,護国寺:7|雑司が谷:8|東池袋:11,賃貸,2024,10,2573,建築物環境計画書,"文京区目白台二丁目51番1,49番9"
テラスカレッジ文京護国寺,護国寺,7,護国寺:7|雑司が谷:8|東池袋:11,賃貸,2025,5,3154,建築物環境計画書,"文京区目白台2丁目83番4,5,7"
サンクレイドル国立II,谷保,6,谷保:6|矢川:14,分譲,2024,6,4351,建築物環境計画書,国立市富士見台二丁目45番4
ローレルコート国立,谷保,6,谷保:6|矢川:14,分譲,2021,7,2776,建築物環境計画書,国立市富士見台2丁目33-1
ローレルコート国立さくら通り,谷保,6,谷保:6|矢川:14,分譲,2024,6,3815,建築物環境計画書,国立市富士見台二丁目35-9
国立パーク・ホームズ,谷保,11,谷保:11,分譲,,,,とどまるマンション,国立市東4丁目
アルファスマート谷在家,谷在家,5,谷在家:5|西新井大師西:14,分譲,2025,15,2961,建築物環境計画書,足立区皿沼2丁目1-4
GRAN PASEO 谷在家,谷在家,9,谷在家:9,賃貸,2025,8,3561,建築物環境計画書,足立区皿沼三丁目6番3
パークプレミアムメイツ西新井 ケヤキテラス,谷在家,13,谷在家:13|大師前:13|竹ノ塚:14,分譲,,,,とどまるマンション,足立区西新井3丁目
パークプレミアムメイツ西新井 サクラテラス,谷在家,13,谷在家:13|大師前:13|竹ノ塚:14,分譲,,,,とどまるマンション,足立区西新井3丁目
メトロコープ第一豊洲,豊洲,4,豊洲:4|新豊洲:8,分譲,,,,とどまるマンション,江東区豊洲5丁目
豊洲シエルタワー,豊洲,4,豊洲:4|新豊洲:8,分譲,,,,とどまるマンション,江東区豊洲5丁目
豊洲セイルパークビル,豊洲,4,豊洲:4|新豊洲:9,賃貸,2025,15,89018,建築物環境計画書,江東区豊洲二丁目1番9号
オークプレイス豊洲,豊洲,6,豊洲:6|新豊洲:14,分譲,,,,とどまるマンション,江東区豊洲4丁目
スターコート豊洲,豊洲,6,豊洲:6|新豊洲:14,分譲,,,,とどまるマンション,江東区豊洲四丁目
プライヴブルー東京,豊洲,6,豊洲:6|新豊洲:14,分譲,,,,とどまるマンション,江東区豊洲4丁目
東京フロントコート,豊洲,6,豊洲:6|新豊洲:14,分譲,,,,とどまるマンション,江東区豊洲4丁目
THE TOYOSU TOWER,豊洲,7,豊洲:7|越中島:13,分譲,,,,とどまるマンション,江東区豊洲3丁目
BEACON Tower Residence,豊洲,10,豊洲:10|辰巳:11|東雲:11|新豊洲:13,分譲,,,,とどまるマンション,江東区東雲1丁目
Brillia ist 東雲キャナルコート,豊洲,10,豊洲:10|辰巳:11|東雲:11|新豊洲:13,賃貸,,,,とどまるマンション,江東区東雲一丁目
W Comfort Towers(EAST),豊洲,10,豊洲:10|辰巳:11|東雲:11|新豊洲:13,分譲,,,,とどまるマンション,江東区東雲1丁目
アップルタワー東京キャナルコート,豊洲,10,豊洲:10|辰巳:11|東雲:11|新豊洲:13,分譲,,,,とどまるマンション,江東区東雲1丁目
キャナルファーストタワー,豊洲,10,豊洲:10|辰巳:11|東雲:11|新豊洲:13,分譲,,,,とどまるマンション,江東区東雲1丁目
ニュートンプレイス サウスコート,豊洲,12,豊洲:12|越中島:12|木場:14,分譲,,,,とどまるマンション,江東区塩浜1丁目
ニュートンプレイス ノースコート,豊洲,12,豊洲:12|越中島:12|木場:14,分譲,,,,とどまるマンション,江東区塩浜1丁目
グランループ,豊田,4,豊田:4,分譲,,,,とどまるマンション,日野市多摩平1丁目
アトラス豊田,豊田,5,豊田:5,分譲,2023,12,5864,建築物環境計画書,日野市豊田四丁目35番6ほか
カンパーニャ 豊田,豊田,8,豊田:8,賃貸,2024,5,2429,建築物環境計画書,日野市豊田2丁目43-1
プレシス豊田レジデンス,豊田,14,豊田:14,分譲,2023,8,4381,建築物環境計画書,日野市旭が丘3丁目2-1外
アルシオン豪徳寺,豪徳寺,7,豪徳寺:7|世田谷:10|松陰神社前:10|若林:11|上町:11,分譲,,,,とどまるマンション,世田谷区梅丘2丁目
パークホームズ世田谷梅丘,豪徳寺,7,豪徳寺:7|世田谷:10|松陰神社前:10|若林:11|上町:11,分譲,,,,とどまるマンション,世田谷区梅丘2丁目
プレディアコート西日暮里,赤土小学校前,3,赤土小学校前:3|熊野前:9|田端:9|新三河島:11|小台:12,賃貸,2026,14,2945,建築物環境計画書,荒川区東尾久四丁目11番15号
SYFORME TABATA,赤土小学校前,5,赤土小学校前:5|田端:6|新三河島:10|西日暮里:11|熊野前:12,分譲,2023,14,2098,建築物環境計画書,北区田端新町二丁目24番4(住居表示)
パレステージ西日暮里II,赤土小学校前,5,赤土小学校前:5|新三河島:5|町屋:10|田端:11|三河島:11,分譲,2023,7,2029,建築物環境計画書,荒川区東尾久2-680-1、9、10、12、681-7
クレヴィア田端,赤土小学校前,7,赤土小学校前:7|田端:7|熊野前:11|小台:11|尾久:13,分譲,,,,とどまるマンション,北区田端新町3丁目
コスモ田端ロイヤルフォルム,赤土小学校前,7,赤土小学校前:7|田端:7|熊野前:11|小台:11|尾久:13,分譲,,,,とどまるマンション,北区田端新町3丁目
Akasaka Penthouse,赤坂,5,赤坂:5|赤坂見附:5|溜池山王:9|永田町:10|青山一丁目:11,賃貸,2026,6,2995,建築物環境計画書,港区赤坂4丁目5番17号
グリーンレジデンス赤坂,赤坂,6,赤坂:6|青山一丁目:8|乃木坂:9|赤坂見附:10|溜池山王:12,賃貸,2023,5,5460,建築物環境計画書,港区赤坂七丁目5番43号
ザ・パークハウス赤羽フロント,赤羽,2,赤羽:2|赤羽岩淵:9,分譲,2023,14,3815,建築物環境計画書,北区赤羽西1-569-1
ディアシティ赤羽,赤羽,2,赤羽:2|赤羽岩淵:9,分譲,,,,とどまるマンション,北区赤羽西1丁目
ネベル赤羽,赤羽,4,赤羽:4|赤羽岩淵:4|志茂:14,分譲,2022,15,3509,建築物環境計画書,北区赤羽一丁目30-11
フルハウス赤羽,赤羽,4,赤羽:4|赤羽岩淵:4|志茂:14,賃貸,2022,13,2486,建築物環境計画書,北区赤羽1丁目35番
プラウドシティ赤羽,赤羽,5,赤羽:5|赤羽岩淵:6|志茂:9,分譲,,,,とどまるマンション,北区赤羽2丁目
ヌーヴェル赤羽台 14号棟,赤羽,6,赤羽:6|赤羽岩淵:10,賃貸,2023,8,10103,建築物環境計画書,北区赤羽台1丁目4番14(住居表示)
東洋大学AI-HOUSE HUB-4,赤羽,6,赤羽:6|赤羽岩淵:10,賃貸,2022,4,9340,建築物環境計画書,北区赤羽台1丁目7番37号
コート赤羽,赤羽,7,赤羽:7|赤羽岩淵:15,分譲,,,,とどまるマンション,北区赤羽西2丁目
シティテラス赤羽 THE WEST,赤羽,7,赤羽:7|志茂:11|赤羽岩淵:14|東十条:14,分譲,2026,13,11593,建築物環境計画書,北区赤羽南二丁目199番他
パークアクシス赤羽南,赤羽,7,赤羽:7|志茂:11|赤羽岩淵:14|東十条:14,賃貸,2022,13,10399,建築物環境計画書,北区赤羽南二丁目4番9号
ヌーヴェル赤羽台 15号棟,赤羽,9,赤羽:9|赤羽岩淵:14,賃貸,2024,10,5412,建築物環境計画書,北区赤羽台二丁目1番15(住居表示)
ヌーヴェル赤羽台 16号棟,赤羽,9,赤羽:9|赤羽岩淵:14,賃貸,2024,12,11538,建築物環境計画書,北区赤羽台二丁目1番16(住居表示)
ヌーヴェル赤羽台 17号棟,赤羽,9,赤羽:9|赤羽岩淵:14,賃貸,2024,12,5015,建築物環境計画書,北区赤羽台二丁目1番17(住居表示)
ヌーヴェル赤羽台18号棟,赤羽,9,赤羽:9|赤羽岩淵:14,賃貸,2024,10,5042,建築物環境計画書,北区赤羽台二丁目1番18 (住居表示)
ヌーヴェル赤羽台19号棟,赤羽,9,赤羽:9|赤羽岩淵:14,賃貸,2024,12,7079,建築物環境計画書,北区赤羽台二丁目1番19
カルム赤羽,赤羽岩淵,3,赤羽岩淵:3|赤羽:11|志茂:15,分譲,,,,とどまるマンション,北区岩淵町
ジェノヴィア赤羽,赤羽岩淵,6,赤羽岩淵:6|赤羽:12|北赤羽:14,賃貸,2024,7,3306,建築物環境計画書,北区赤羽3丁目28番18号
アーバンパーク志茂,赤羽岩淵,10,赤羽岩淵:10|志茂:11,賃貸,2021,8,3667,建築物環境計画書,北区志茂5丁目24番1号
三田ガーデンヒルズ,赤羽橋,3,赤羽橋:3|麻布十番:7|芝公園:10|三田:12|田町:13,分譲,2025,14,126251,建築物環境計画書,港区三田一丁目102番1
ピアース麻布EAST,赤羽橋,4,赤羽橋:4|麻布十番:5|神谷町:10|芝公園:11|六本木一丁目:12,分譲,2024,15,2682,建築物環境計画書,港区東麻布2丁目4-4
プライムアーバン麻布十番,赤羽橋,4,赤羽橋:4|麻布十番:5|神谷町:10|芝公園:11|六本木一丁目:12,賃貸,,,,とどまるマンション,港区東麻布二丁目
パークアクシス門前仲町テラス,越中島,7,越中島:7|門前仲町:8|木場:9,賃貸,2022,7,7120,建築物環境計画書,江東区古石場二丁目16-4
フォレストハウス,越中島,7,越中島:7|門前仲町:8|木場:9,,,,,とどまるマンション,江東区古石場二丁目
プラウドフラット門前仲町II,越中島,7,越中島:7|門前仲町:8|木場:9,賃貸,,,,とどまるマンション,江東区古石場2丁目
キャナルワーフタワーズ,越中島,8,越中島:8|月島:9|豊洲:12|門前仲町:15,分譲,,,,とどまるマンション,江東区豊洲1丁目
コスモ東京ベイフォート,辰巳,4,辰巳:4|東雲:12,分譲,,,,とどまるマンション,江東区辰巳1丁目
アジールコート都立大学,都立大学,4,都立大学:4|自由が丘:13|緑が丘:15,賃貸,2025,3,2686,建築物環境計画書,"目黒区中根1丁目201-1, 10, 11, 22, 34, 202-1"
オープンレジデンシア目黒柿の木坂,都立大学,5,都立大学:5|学芸大学:14,分譲,,,,とどまるマンション,目黒区柿の木坂1丁目
チェスナットヒルズ,都立大学,11,都立大学:11|自由が丘:14,賃貸,,,,とどまるマンション,目黒区八雲3丁目
アネシア練馬中村南,都立家政,8,都立家政:8|鷺ノ宮:8|中村橋:14,分譲,2025,4,9784,建築物環境計画書,練馬区中村南二丁目7番27
ブランズ練馬中村南,都立家政,8,都立家政:8|鷺ノ宮:8|中村橋:14,分譲,2025,6,6690,建築物環境計画書,練馬区中村南二丁目5番2(地番)
ローレルコート練馬豊玉,都立家政,12,都立家政:12|野方:12|練馬:13,分譲,2022,5,4459,建築物環境計画書,練馬区豊玉南三丁目21番8
野方レジデンス,野方,8,野方:8|沼袋:11|高円寺:15,分譲,2025,8,2561,建築物環境計画書,中野区野方二丁目63番14号
GRAN PASEO 金町,金町,3,金町:3,分譲,2023,13,2252,建築物環境計画書,葛飾区金町六丁目13-1
プレミスト金町,金町,5,金町:5,分譲,2022,15,9001,建築物環境計画書,葛飾区東金町3丁目2814番6
TOP金町,金町,8,金町:8|柴又:12,分譲,,,,とどまるマンション,葛飾区金町2丁目
ヒルズ金町,金町,8,金町:8|柴又:12,分譲,,,,とどまるマンション,葛飾区金町二丁目
ARCOBALENO KANAMACHI I,金町,9,金町:9,分譲,2025,15,2268,建築物環境計画書,葛飾区金町4丁目16-14
ルフォンエチュード金町,金町,9,金町:9,賃貸,2024,14,2719,建築物環境計画書,葛飾区金町四丁目15番25
ジェノヴィア金町,金町,10,金町:10,分譲,2024,15,4302,建築物環境計画書,葛飾区東金町6丁目13番2号
ウィザースレジデンス金町テラス,金町,11,金町:11|柴又:13,分譲,2022,7,5137,建築物環境計画書,"葛飾区金町一丁目155-1,155-2"
バウス金町,金町,11,金町:11|柴又:13,分譲,2023,12,7243,建築物環境計画書,葛飾区金町一丁目15番1
ラフィスタ金町,金町,11,金町:11|柴又:13,分譲,2023,9,2222,建築物環境計画書,葛飾区金町3-5-5
藤和シティホームズ金町ラフィーネ,金町,11,金町:11|柴又:13,分譲,,,,とどまるマンション,葛飾区金町1丁目
ウエリスアーバン錦糸町,錦糸町,3,錦糸町:3|住吉:9|亀戸:11|西大島:13,賃貸,2023,15,2785,建築物環境計画書,東京都墨田区江東橋4丁目3番1、2(地番)
オープンレジデンシア錦糸町フロント,錦糸町,3,錦糸町:3|住吉:9|亀戸:11|西大島:13,分譲,2024,15,2449,建築物環境計画書,墨田区江東橋4丁目10番6
プライムメゾン錦糸町,錦糸町,3,錦糸町:3|住吉:9|亀戸:11|西大島:13,賃貸,2025,13,3851,建築物環境計画書,墨田区江東橋四丁目8番12(住居表示)
パークアクシス錦糸公園,錦糸町,4,錦糸町:4|亀戸:11|住吉:13,賃貸,2023,14,4797,建築物環境計画書,墨田区錦糸四丁目10番4
フェリーチェ錦糸町,錦糸町,4,錦糸町:4|住吉:9|菊川:11,分譲,2022,15,2199,建築物環境計画書,墨田区江東橋2丁目1-8
CREVIA RXE 錦糸町,錦糸町,6,錦糸町:6|菊川:10|住吉:10,賃貸,2023,15,2229,建築物環境計画書,墨田区江東橋1丁目4番5
プラウドフラット錦糸町,錦糸町,6,錦糸町:6|菊川:10|住吉:10,賃貸,,,,とどまるマンション,墨田区江東橋1丁目
ベルファース錦糸町South,錦糸町,6,錦糸町:6|菊川:10|住吉:10,賃貸,2023,14,2240,建築物環境計画書,墨田区江東橋一丁目5番8号(住居表示)
Brilliaタワー東京,錦糸町,7,錦糸町:7|亀戸:12|とうきょうスカイツリー:14,分譲,,,,とどまるマンション,墨田区太平4丁目
クレストコート錦糸町,錦糸町,9,錦糸町:9|菊川:13,賃貸,2024,7,2937,建築物環境計画書,"墨田区亀沢四丁目11番3,27"
ベルファース錦糸町,錦糸町,9,錦糸町:9|菊川:13,賃貸,2022,7,3357,建築物環境計画書,墨田区亀沢4丁目7番7号
ミリアレジデンス長原,長原,2,長原:2|洗足池:8|旗の台:8|北千束:10|荏原町:12,賃貸,,,,とどまるマンション,大田区上池1丁目
ファミール洗足池公園,長原,4,長原:4|北千束:5|洗足池:6|旗の台:10|洗足:10,分譲,,,,とどまるマンション,大田区南千束1丁目
プライムアーバン門前仲町,門前仲町,2,門前仲町:2|越中島:8|清澄白河:13|木場:15,賃貸,,,,とどまるマンション,江東区門前仲町1丁目
ガーラ・シティ門前仲町,門前仲町,3,門前仲町:3|越中島:4|月島:14|木場:14,分譲,,,,とどまるマンション,江東区牡丹1丁目
ヴェレーナグラン門前仲町,門前仲町,3,門前仲町:3|越中島:5|木場:12,分譲,2023,12,5874,建築物環境計画書,江東区牡丹2丁目17番1・2
プラウドフラット清澄通り,門前仲町,6,門前仲町:6|清澄白河:9|越中島:12|木場:13,賃貸,2024,12,5750,建築物環境計画書,"江東区深川二丁目29番1,2,6(地名地番)"
プラウドフラット門前仲町IV,門前仲町,6,門前仲町:6|清澄白河:8|越中島:12|水天宮前:14,賃貸,,,,とどまるマンション,江東区深川一丁目
クレイシア・ヴァースクレイシア門前仲町 ザ・レジデンス,門前仲町,8,門前仲町:8|木場:9|清澄白河:11|越中島:14,賃貸,2025,9,2950,建築物環境計画書,江東区  冬木 21番10号
ザ・パークワンズ 深川門前仲町,門前仲町,8,門前仲町:8|木場:9|清澄白河:11|越中島:14,分譲,2024,8,2620,建築物環境計画書,江東区冬木12番1
プラウドフラット門前仲町V,門前仲町,8,門前仲町:8|木場:9|清澄白河:11|越中島:14,賃貸,,,,とどまるマンション,江東区冬木
ルフォンプログレ門前仲町プレミア,門前仲町,8,門前仲町:8|越中島:10|水天宮前:12|八丁堀:13|茅場町:13,賃貸,2025,15,3282,建築物環境計画書,江東区永代一丁目1番6号
プラウド阿佐谷南二丁目,阿佐ケ谷,7,阿佐ケ谷:7|南阿佐ケ谷:9|高円寺:10|新高円寺:11,分譲,2024,13,2998,建築物環境計画書,杉並区阿佐谷南2丁目836番4(地名地番)
東京音楽大学 池袋キャンパス学生寮建設事業,雑司が谷,1,雑司が谷:1|目白:9|東池袋:9|池袋:11,賃貸,2022,5,2292,建築物環境計画書,豊島区雑司が谷3丁目512
桜プレイス,雑司が谷,6,雑司が谷:6|目白:11|高田馬場:12|西早稲田:12|東池袋:15,分譲,,,,とどまるマンション,豊島区高田2丁目
朝日第2目白台マンション,雑司が谷,7,雑司が谷:7|西早稲田:13|目白:14|護国寺:14|早稲田:14,,,,,とどまるマンション,豊島区高田1丁目
アヴォルト フェリーチェ蒲田サウス,雑色,7,雑色:7|糀谷:11|京急蒲田:13|蒲田:14,賃貸,2023,6,3419,建築物環境計画書,大田区東六郷一丁目27番8
アーバンパーク蒲田南II,雑色,7,雑色:7|糀谷:11|京急蒲田:13|蒲田:14,賃貸,2023,6,2323,建築物環境計画書,大田区東六郷1丁目11番6号(住居表示)
ライオンズマンション蒲田南,雑色,7,雑色:7|糀谷:11|京急蒲田:13|蒲田:14,分譲,,,,とどまるマンション,大田区東六郷1丁目
多摩川グリーンスクエア,雑色,9,雑色:9,分譲,,,,とどまるマンション,大田区南六郷2丁目
グランハイツ南雪谷,雪が谷大塚,6,雪が谷大塚:6|石川台:8|御嶽山:10|洗足池:13,賃貸,,,,とどまるマンション,大田区南雪谷3丁目
ミリアレジデンス乃木坂,青山一丁目,5,青山一丁目:5|乃木坂:6|赤坂:9|六本木:12|外苑前:12,賃貸,,,,とどまるマンション,港区赤坂8丁目
Brillia大井仙台坂,青物横丁,3,青物横丁:3|鮫洲:7|大井町:8|新馬場:9|品川シーサイド:10,分譲,,,,とどまるマンション,品川区南品川5丁目
プラウドフラット南品川,青物横丁,5,青物横丁:5|新馬場:6|品川シーサイド:8|鮫洲:10|大井町:12,賃貸,,,,とどまるマンション,品川区南品川二丁目
イニシア青砥レジデンス,青砥,5,青砥:5|京成立石:12|お花茶屋:14,分譲,2022,14,3224,建築物環境計画書,葛飾区青戸3丁目27番13
"グリーンタウン青戸一番街6,7,8号棟",青砥,5,青砥:5|京成立石:12|お花茶屋:14,分譲,,,,とどまるマンション,葛飾区青戸3丁目
オーベル青砥レジデンス,青砥,6,青砥:6|京成高砂:15,分譲,2024,7,3406,建築物環境計画書,葛飾区青戸五丁目28番4
GENOVIA青砥skygarden,青砥,7,青砥:7|京成高砂:10,賃貸,2022,14,5444,建築物環境計画書,葛飾区青戸六丁目5番4
WISTERIA AOTO,青砥,7,青砥:7|京成高砂:10,分譲,2024,14,2703,建築物環境計画書,葛飾区青戸6丁目20-15
ライオンズ青砥レジデンス,青砥,9,青砥:9|お花茶屋:12,分譲,2023,8,4203,建築物環境計画書,葛飾区青戸四丁目2304番1
ライオンズマンション府中白糸台第2,飛田給,6,飛田給:6|武蔵野台:9,,,,,とどまるマンション,府中市白糸台6丁目
パークコート千代田富士見ザ タワー,飯田橋,4,飯田橋:4|牛込神楽坂:9|九段下:10|市ケ谷:13|神楽坂:13,分譲,,,,とどまるマンション,千代田区富士見二丁目
ブランズ千代田富士見,飯田橋,5,飯田橋:5|九段下:6|水道橋:9|牛込神楽坂:13|神保町:13,分譲,2025,18,10993,建築物環境計画書,千代田区富士見一丁目1番8号
クラシアム飯田橋,飯田橋,8,飯田橋:8|神楽坂:10|牛込神楽坂:10|後楽園:10|江戸川橋:11,賃貸,2022,8,3147,建築物環境計画書,新宿区新小川町9-8
パークアクシス東日本橋,馬喰横山,1,馬喰横山:1|東日本橋:2|馬喰町:3|小伝馬町:6|浜町:7,賃貸,2024,12,6646,建築物環境計画書,中央区東日本橋三丁目4-17(住居表示)
Brun Pilier 日本橋,馬喰町,1,馬喰町:1|馬喰横山:2|東日本橋:2|小伝馬町:7|浅草橋:7,賃貸,2025,8,2001,建築物環境計画書,中央区日本橋横山町9番17号
Nifit 日本橋横山町,馬喰町,1,馬喰町:1|馬喰横山:2|東日本橋:2|小伝馬町:7|浅草橋:7,賃貸,2023,10,2430,建築物環境計画書,中央区日本橋横山町6-10
Oriental Yokoyamacho,馬喰町,1,馬喰町:1|馬喰横山:2|東日本橋:2|小伝馬町:7|浅草橋:7,賃貸,2023,11,2266,建築物環境計画書,東京都中央区日本橋横山町6番
S-RESIDENCE日本橋馬喰町Aere,馬喰町,1,馬喰町:1|馬喰横山:2|東日本橋:4|小伝馬町:6|浅草橋:7,賃貸,2024,14,3250,建築物環境計画書,中央区日本橋馬喰町一丁目6番5
アーバネックス日本橋横山町,馬喰町,1,馬喰町:1|馬喰横山:2|東日本橋:2|小伝馬町:7|浅草橋:7,賃貸,2024,12,2570,建築物環境計画書,中央区日本橋横山町7番13号
オープンレジデンシア日本橋横山町,馬喰町,1,馬喰町:1|馬喰横山:2|東日本橋:2|小伝馬町:7|浅草橋:7,,,,,中央区防災認定,中央区日本橋横山町10-4
カスタリア東日本橋,馬喰町,1,馬喰町:1|馬喰横山:2|東日本橋:2|小伝馬町:7|浅草橋:7,賃貸,,,,とどまるマンション,中央区日本橋横山町
プラウドフラット日本橋馬喰町,馬喰町,1,馬喰町:1|馬喰横山:2|東日本橋:4|小伝馬町:6|浅草橋:7,賃貸,2025,15,3459,建築物環境計画書,中央区日本橋馬喰町一丁目202番9他 (地名地番)
メゾンカルム日本橋馬喰町,馬喰町,1,馬喰町:1|馬喰横山:2|東日本橋:4|小伝馬町:6|浅草橋:7,賃貸,,,,とどまるマンション,中央区日本橋馬喰町1丁目
日本橋横山町スクエア,馬喰町,1,馬喰町:1|馬喰横山:2|東日本橋:2|小伝馬町:7|浅草橋:7,賃貸,2022,11,10894,建築物環境計画書,中央区日本橋横山町4番15号
プラウドフラット東神田,馬喰町,3,馬喰町:3|馬喰横山:4|小伝馬町:5|東日本橋:6|岩本町:6,賃貸,,,,とどまるマンション,千代田区東神田一丁目
プライムメゾン日本橋馬喰町,馬喰町,4,馬喰町:4|浅草橋:4|馬喰横山:5|東日本橋:5|小伝馬町:9,賃貸,2023,10,2076,建築物環境計画書,中央区日本橋馬喰町2丁目4番3号
ベルファース馬込,馬込,2,馬込:2|荏原町:11|西大井:11|中延:12,賃貸,2021,9,2925,建築物環境計画書,大田区東馬込1丁目22番15
ミリアレジデンス馬込,馬込,2,馬込:2|荏原町:11|西大井:11|中延:12,賃貸,,,,とどまるマンション,大田区東馬込1丁目
ジオ馬込,馬込,11,馬込:11|西馬込:12|大森:13,分譲,2021,4,3400,建築物環境計画書,大田区南馬込二丁目905番1他
菱和パレス駒沢大学駅前,駒沢大学,3,駒沢大学:3,分譲,,,,とどまるマンション,世田谷区上馬3丁目
グレーシアフィット三軒茶屋,駒沢大学,7,駒沢大学:7|三軒茶屋:10|若林:13|松陰神社前:14,賃貸,2025,14,2496,建築物環境計画書,世田谷区上馬2丁目627-8、628-2、628-4
デュオ駒込,駒込,2,駒込:2|巣鴨:11|西ケ原:13|尾久:14|千石:14,分譲,,,,とどまるマンション,豊島区駒込2丁目
アーバネックス駒込,駒込,3,駒込:3|千石:11|巣鴨:12|田端:14,賃貸,2024,14,2273,建築物環境計画書,豊島区駒込2-7-11
パークハウス駒込六義園,駒込,3,駒込:3|千石:11|巣鴨:12|田端:14,分譲,,,,とどまるマンション,豊島区駒込1丁目
ルジェンテ駒込六義園リビオレゾン,駒込,3,駒込:3|千石:11|巣鴨:12|田端:14,分譲,2022,14,2979,建築物環境計画書,豊島区 駒込一丁目 1番1号
駒込パークハウス,駒込,3,駒込:3|千石:11|巣鴨:12|田端:14,分譲,,,,とどまるマンション,豊島区駒込1丁目
ウィステリアガーデン,駒込,5,駒込:5|尾久:12|西ケ原:13|田端:13|巣鴨:14,賃貸,,,,とどまるマンション,北区中里2丁目
パークホームズ文京本駒込,駒込,7,駒込:7|千石:10|本駒込:11|田端:13|巣鴨:14,分譲,2024,14,8056,建築物環境計画書,文京区本駒込五丁目70番-2号
ミリアレジデンス駒込,駒込,7,駒込:7|西ケ原:7|尾久:11|巣鴨:14,賃貸,,,,とどまるマンション,北区西ケ原1丁目
高井戸第2ハイホーム,高井戸,5,高井戸:5|久我山:14,,,,,とどまるマンション,杉並区高井戸西2丁目
シャリエ高井戸ソルパティオ,高井戸,6,高井戸:6|芦花公園:15,分譲,,,,とどまるマンション,杉並区高井戸西1丁目
ファミールグラン高井戸デュープレックス,高井戸,7,高井戸:7|浜田山:10,分譲,,,,とどまるマンション,杉並区高井戸東3丁目
アーバンパーク高井戸,高井戸,9,高井戸:9|芦花公園:10|八幡山:13,分譲,2024,10,3431,建築物環境計画書,杉並区上高井戸2丁目2番43
クレストコート杉並宮前,高井戸,11,高井戸:11|久我山:14,分譲,,,,とどまるマンション,杉並区宮前1丁目
ブライズ高円寺,高円寺,4,高円寺:4|新高円寺:14|阿佐ケ谷:15,分譲,2022,9,3182,建築物環境計画書,"杉並区高円寺北3丁目550番1,2,3,10,16,19,20"
ブリリアンクラス高円寺,高円寺,4,高円寺:4|新高円寺:14|東高円寺:15,賃貸,2023,13,3268,建築物環境計画書,杉並区高円寺北二丁目19番2
RESIDENCE KOENJI,高円寺,8,高円寺:8|阿佐ケ谷:11,賃貸,2023,5,4924,建築物環境計画書,杉並区高円寺北4丁目1番12号
Koenji Crossover,高円寺,9,高円寺:9|野方:11,賃貸,2022,8,4121,建築物環境計画書,中野区大和町1丁目67番8号
ニュー藤ハイツ,高島平,5,高島平:5|新高島平:12|西台:13,賃貸,,,,とどまるマンション,板橋区高島平2丁目
クレアホームズ高幡不動,高幡不動,11,高幡不動:11|甲州街道:15,分譲,,,,とどまるマンション,日野市万願寺6丁目
コンフィール目白,高田馬場,6,高田馬場:6|目白:8|雑司が谷:10|西早稲田:10|下落合:15,分譲,,,,とどまるマンション,豊島区高田三丁目
パークシティ高田馬場,高田馬場,6,高田馬場:6|下落合:8|西早稲田:12|新大久保:13|大久保:14,分譲,2025,12,29645,建築物環境計画書,新宿区高田馬場四丁目844-4外
ミュプレ高田馬場,高田馬場,6,高田馬場:6|目白:8|雑司が谷:10|西早稲田:10|下落合:15,賃貸,2022,12,2968,建築物環境計画書,豊島区高田三丁目780-1
小田急コアロード目白,高田馬場,6,高田馬場:6|目白:8|雑司が谷:10|西早稲田:10|下落合:15,分譲,,,,とどまるマンション,豊島区高田三丁目
グランドメゾン白金台,高輪台,3,高輪台:3|白金台:7|五反田:12|品川:13|白金高輪:14,分譲,,,,とどまるマンション,港区白金台二丁目
グランハイツ白金,高輪台,3,高輪台:3|白金台:7|五反田:12|品川:13|白金高輪:14,賃貸,,,,とどまるマンション,港区白金台2丁目
ミリアレジデンス白金台ヒルズ,高輪台,3,高輪台:3|白金台:7|五反田:12|品川:13|白金高輪:14,賃貸,,,,とどまるマンション,港区白金台2丁目
ルフォン白金台ザ・タワーレジデンス,高輪台,3,高輪台:3|白金台:7|五反田:12|品川:13|白金高輪:14,分譲,,,,とどまるマンション,港区白金台2丁目
La Perla Takanawa,高輪台,4,高輪台:4|品川:7|泉岳寺:12|白金台:12|五反田:14,賃貸,2023,11,871,建築物環境計画書,港区高輪三丁目14番29号
オープンレジデンシア高輪ザ・ハウス,高輪台,4,高輪台:4|品川:7|泉岳寺:12|白金台:12|五反田:14,分譲,2022,8,3070,建築物環境計画書,港区高輪3丁目159番11(地番)
オープンレジデンシア島津山コート,高輪台,5,高輪台:5|五反田:7|品川:10|大崎広小路:11|大崎:12,分譲,2023,3,4794,建築物環境計画書,品川区東五反田3丁目475番1 207番2 (地名地番)
グランドステージ鵜の木,鵜の木,4,鵜の木:4|沼部:9|久が原:10|御嶽山:12|下丸子:12,分譲,,,,とどまるマンション,大田区鵜の木三丁目
テラス鵜の木ノース,鵜の木,4,鵜の木:4|沼部:9|久が原:10|御嶽山:12|下丸子:12,賃貸,2025,5,3306,建築物環境計画書,大田区鵜の木三丁目31番7号
ブランシエスタ台東根岸,鶯谷,4,鶯谷:4|入谷:5|日暮里:14|上野:14|三ノ輪:15,賃貸,2024,7,2956,建築物環境計画書,台東区根岸3丁目7番7
ミリアレジデンス根岸柳通り,鶯谷,4,鶯谷:4|入谷:5|日暮里:14|上野:14|三ノ輪:15,賃貸,,,,とどまるマンション,台東区根岸三丁目
ルネ・上野桜木,鶯谷,4,鶯谷:4|日暮里:11|入谷:11|上野:11|根津:12,分譲,,,,とどまるマンション,台東区上野桜木1丁目
コンフォリア・リヴ根岸二丁目,鶯谷,5,鶯谷:5|日暮里:7|入谷:11|三河島:12|千駄木:14,賃貸,2022,13,3333,建築物環境計画書,台東区根岸2丁目67-1
クレストコート東日暮里,鶯谷,8,鶯谷:8|入谷:9|三河島:10|日暮里:11|三ノ輪:12,賃貸,2024,10,2983,建築物環境計画書,荒川区東日暮里四丁目35番16号
レクセル鶴川,鶴川,15,鶴川:15,分譲,,,,とどまるマンション,町田市鶴川6丁目
グラン・ハレレア中野白鷺,鷺ノ宮,7,鷺ノ宮:7|下井草:12|都立家政:13,賃貸,,,,とどまるマンション,中野区白鷺二丁目
リーフィアレジデンス練馬中村橋,鷺ノ宮,8,鷺ノ宮:8|都立家政:10|中村橋:12,分譲,2024,6,5220,建築物環境計画書,練馬区中村南三丁目3番22号(住居表示)
ザ・パークハウス 麹町テラス,麹町,1,麹町:1|半蔵門:4|四ツ谷:10|永田町:10|市ケ谷:10,分譲,2022,9,2435,建築物環境計画書,千代田区麹町3丁目6番1(地名地番)
ザ・パークハウス 麹町レジデンス,麹町,1,麹町:1|半蔵門:4|四ツ谷:10|永田町:10|市ケ谷:10,分譲,2023,13,7578,建築物環境計画書,千代田区麹町3丁目10番12
アクシア麻布,麻布十番,2,麻布十番:2|赤羽橋:9|六本木:12|六本木一丁目:14,分譲,,,,とどまるマンション,港区麻布十番二丁目
プライムアーバン麻布十番II,麻布十番,2,麻布十番:2|赤羽橋:9|六本木:12|六本木一丁目:14,賃貸,,,,とどまるマンション,港区麻布十番二丁目
ROPPONGI PLACID,麻布十番,5,麻布十番:5|六本木:5|六本木一丁目:8|神谷町:12|赤羽橋:13,賃貸,,,,とどまるマンション,港区六本木5丁目
パークマンション鳥居坂,麻布十番,5,麻布十番:5|六本木:5|六本木一丁目:8|神谷町:12|赤羽橋:13,分譲,2022,6,6699,建築物環境計画書,港区六本木五丁目14番31
ストーク南麻布,麻布十番,8,麻布十番:8|白金高輪:11|赤羽橋:12|広尾:14,分譲,,,,とどまるマンション,港区南麻布1丁目
ミリアレジデンス南麻布,麻布十番,8,麻布十番:8|白金高輪:11|赤羽橋:12|広尾:14,賃貸,,,,とどまるマンション,港区南麻布1丁目
南麻布・大東建設株式会社マンション,麻布十番,8,麻布十番:8|白金高輪:11|赤羽橋:12|広尾:14,賃貸,2023,14,4880,建築物環境計画書,港区南麻布一丁目36番8
