address,lat,lon,level,source
①東京都中央区佃一丁目11番６号 ②東京都中央区佃一丁目11番３号 ③東京都中央区佃一丁目11番２号 ④東京都中央区佃一丁目50番１,,,見つからない,国土地理院
三重県四日市市元町二丁目２番４号,34.970539,136.623505,三重県四日市市元町２番,国土地理院
三重県四日市市元町１番14号,34.970524,136.624313,三重県四日市市元町１番１４号,国土地理院
三重県四日市市元町１番17号,34.970135,136.624161,三重県四日市市元町１番１７号,国土地理院
三重県四日市市元町２番13号,34.970505,136.623718,三重県四日市市元町２番１３号,国土地理院
三重県四日市市西新地17番６号,34.969711,136.623047,三重県四日市市西新地１７番６号,国土地理院
三重県志摩市浜島町浜島1035番地,34.302658,136.755432,三重県志摩市浜島町浜島１０３５番地,国土地理院
三重県津市新町一丁目１番５号,34.714348,136.499237,三重県津市新町一丁目１番５号,国土地理院
三重県津市江戸橋一丁目131番地,34.742462,136.519318,三重県津市江戸橋一丁目１３１番地,国土地理院
三重県鈴鹿市西條町361番７号,34.876537,136.565796,三重県鈴鹿市西條町３６１番地,国土地理院
京都府京都市上京区上御霊前通烏丸東入上御霊前町411番地１,,,見つからない,国土地理院
京都府京都市下京区七条御所ノ内南町100番地１,34.983639,135.732956,京都府京都市下京区七条御所ノ内南町１００番地,国土地理院
京都府京都市下京区塩小路通堀川東入南不動堂町801番地,34.9867658310256,135.754387378692,公式座標,https://www.nre-mf.co.jp/ja/portfolio/
京都府京都市下京区寺町通五条上る西橋詰町758番地６,34.987606,135.755478,京都府京都市下京区,国土地理院
京都府京都市下京区寺町通綾小路下る中之町560番地,34.987606,135.755478,京都府京都市下京区,国土地理院
京都府京都市下京区西七条中野町29番地１,34.989517,135.735291,京都府京都市下京区西七条中野町２９番地,国土地理院
京都府京都市下京区西七条御領町67-2,34.991138,135.738541,京都府京都市下京区西七条御領町６７番地,国土地理院
京都府京都市中京区壬生相合町79番地,35.000919,135.745056,京都府京都市中京区壬生相合町７９番地,国土地理院
京都府京都市中京区寺町通二条下る榎木町 84番地,35.009998,135.751389,京都府京都市中京区,国土地理院
京都府京都市南区西九条横町29番地１,34.983929,135.750427,京都府京都市南区西九条横町２９番地,国土地理院
京都府京都市右京区西京極堤下町５番地,34.983692,135.715851,京都府京都市右京区西京極堤下町５番地,国土地理院
京都府京都市左京区下鴨西本町48番地２,35.043739,135.769363,京都府京都市左京区下鴨西本町４８番地,国土地理院
京都府京都市左京区新堺町通仁王門下る和国町407番地6,35.01001600000001,135.7759313,公式座標,https://www.nre-mf.co.jp/ja/portfolio/
佐賀県佐賀市本庄町本庄一本松1167番地３,33.247810,130.288177,佐賀県佐賀市本庄町本庄１番地,国土地理院
佐賀県佐賀市鍋島四丁目３番４号,33.283997,130.268890,佐賀県佐賀市鍋島四丁目３番,国土地理院
兵庫県宝塚市小林五丁目5-47,34.7882256311394,135.355749428272,公式座標,https://www.nre-mf.co.jp/ja/portfolio/
兵庫県尼崎市御園町27番地３,34.718582,135.416275,兵庫県尼崎市御園町２７番地,国土地理院
兵庫県尼崎市潮江一丁目３番34号,34.734997,135.430862,兵庫県尼崎市潮江一丁目３番３４号,国土地理院
兵庫県明石市魚住町西岡111番１号,34.688786,134.900009,兵庫県明石市魚住町西岡１１１番地,国土地理院
兵庫県神戸市中央区日暮通六丁目１番24号,34.698719,135.202621,兵庫県神戸市中央区日暮通六丁目１番２４号,国土地理院
兵庫県神戸市中央区栄町通三丁目5番2号,34.687038,135.186584,兵庫県神戸市中央区栄町通三丁目５番２号,国土地理院
兵庫県神戸市中央区栄町通四丁目３番３号,34.686222,135.184372,兵庫県神戸市中央区栄町通四丁目３番３号,国土地理院
兵庫県神戸市中央区港島一丁目１番16号、17号,34.672279,135.203583,兵庫県神戸市中央区港島一丁目１番地,国土地理院
兵庫県神戸市中央区相生町一丁目２番15号,34.682396,135.179565,兵庫県神戸市中央区相生町一丁目２番１５号,国土地理院
兵庫県神戸市中央区磯上通三丁目１番20号,34.693043,135.201050,兵庫県神戸市中央区磯上通三丁目１番２０号,国土地理院
兵庫県神戸市中央区磯上通三丁目２番20号,34.693703,135.200775,兵庫県神戸市中央区磯上通三丁目２番２０号,国土地理院
兵庫県神戸市中央区磯上通四丁目２番16号,34.693485,135.200256,兵庫県神戸市中央区磯上通四丁目２番１６号,国土地理院
兵庫県神戸市中央区磯辺通三丁目２番31号,34.689770,135.199112,兵庫県神戸市中央区磯辺通三丁目２番３１号,国土地理院
兵庫県神戸市兵庫区小河通二丁目１番８号,34.665371,135.169312,兵庫県神戸市兵庫区小河通二丁目１番８号,国土地理院
兵庫県神戸市兵庫区浜崎通２番31号,34.667576,135.167038,兵庫県神戸市兵庫区浜崎通２番３１号,国土地理院
兵庫県神戸市垂水区名谷町字阿弥陀坊1941番地３,34.665493,135.070343,兵庫県神戸市垂水区名谷町阿弥陀坊１９４１番地,国土地理院
兵庫県神戸市東灘区向洋町中七丁目1番地6,34.686131,135.268738,兵庫県神戸市東灘区向洋町中七丁目１番地,国土地理院
兵庫県神戸市東灘区御影中町三丁目２番３号,34.716091,135.254868,兵庫県神戸市東灘区御影中町三丁目２番,国土地理院
兵庫県神戸市長田区神楽町五丁目３番25号,34.659760,135.146149,兵庫県神戸市長田区神楽町五丁目３番２５号,国土地理院
兵庫県神戸市須磨区西落合一丁目1番11号,34.677516,135.092093,公式座標,https://www.nre-mf.co.jp/ja/portfolio/
兵庫県西宮市上ヶ原六番町２番43号,34.763981,135.344620,兵庫県西宮市上ケ原六番町２番４３号,国土地理院
兵庫県西宮市段上町二丁目15番８号,34.770058,135.362991,兵庫県西宮市段上町二丁目１５番８号,国土地理院
兵庫県西宮市甲子園高潮町７番８号,34.724674,135.358719,兵庫県西宮市甲子園高潮町７番８号,国土地理院
北海道函館市若松町12番8号,41.7741299,140.7272214,公式座標,https://www.nre-mf.co.jp/ja/portfolio/
北海道旭川市四条通九丁目1704番18他,43.767948,142.363068,北海道旭川市四条通九丁目１７０４番地,国土地理院
北海道札幌市中央区北一条東九丁目13番地４,43.065071,141.369614,北海道札幌市中央区北一条東九丁目１３番地,国土地理院
北海道札幌市中央区北一条西二十一丁目２番15,43.058418,141.324097,北海道札幌市中央区北一条西二十一丁目２番１５号,国土地理院
北海道札幌市中央区北一条西四丁目2番地2,43.0623018640704,141.351073980331,公式座標,https://www.nre-mf.co.jp/ja/portfolio/
北海道札幌市中央区北三条東三丁目１番地15,43.066254,141.360428,北海道札幌市中央区北三条東三丁目１番地,国土地理院
北海道札幌市中央区北三条東三丁目１番地９,43.066254,141.360428,北海道札幌市中央区北三条東三丁目１番地,国土地理院
北海道札幌市中央区北三条東二丁目2番地2,43.0662953766336,141.357905566692,公式座標,https://www.nre-mf.co.jp/ja/portfolio/
北海道札幌市中央区北三条東二丁目２番地51,43.065941,141.358124,北海道札幌市中央区北三条東二丁目２番地,国土地理院
北海道札幌市中央区北三条西十六丁目１番地１,43.062225,141.331100,北海道札幌市中央区北三条西十六丁目１番地,国土地理院
北海道札幌市中央区北二条東一丁目３番地４他,43.064598,141.357285,北海道札幌市中央区北二条東一丁目３番地,国土地理院
北海道札幌市中央区北二条東二丁目１番地27,43.064751,141.358414,北海道札幌市中央区北二条東二丁目１番地,国土地理院
北海道札幌市中央区北二条東二丁目１番地３他,43.064751,141.358414,北海道札幌市中央区北二条東二丁目１番地,国土地理院
北海道札幌市中央区北二条西十丁目１番地６,43.062328,141.341171,北海道札幌市中央区北二条西十丁目１番地,国土地理院
北海道札幌市中央区北五条東二丁目１番地６,43.068153,141.357559,北海道札幌市中央区北五条東二丁目１番地,国土地理院
北海道札幌市中央区北五条西二十四丁目１番８号,43.062622,141.319107,北海道札幌市中央区北五条西二十四丁目１番８号,国土地理院
北海道札幌市中央区北五条西十一丁目11番地１,43.065453,141.338760,北海道札幌市中央区北五条西十一丁目１１番地,国土地理院
北海道札幌市中央区北五条西十五丁目１番地38,43.064831,141.332047,北海道札幌市中央区北五条西十五丁目１番地,国土地理院
北海道札幌市中央区北八条西十九丁目35番地10,43.067741,141.325272,北海道札幌市中央区北八条西十九丁目３５番地,国土地理院
北海道札幌市中央区北四条西二十丁目２番20,43.063114,141.324631,北海道札幌市中央区北四条西二十丁目２番２０号,国土地理院
北海道札幌市中央区北５条西十六丁目２番地８,43.064674,141.330887,北海道札幌市中央区北五条西十六丁目２番地,国土地理院
北海道札幌市中央区北７条西十一丁目３番地,43.067654,141.337936,北海道札幌市中央区北七条西十一丁目３番地,国土地理院
北海道札幌市中央区南一条東二丁目１番地２,43.060478,141.358704,北海道札幌市中央区南一条東二丁目１番地,国土地理院
北海道札幌市中央区南一条東六丁目１番地10,43.061214,141.364944,北海道札幌市中央区南一条東六丁目１番地,国土地理院
北海道札幌市中央区南一条西九丁目12番地(住居表示未実施),43.0582873176376,141.344144493341,公式座標,https://www.nre-mf.co.jp/ja/portfolio/
北海道札幌市中央区南一条西九丁目12番地1(住居表示未実施),43.0581089772564,141.344312131404,公式座標,https://www.nre-mf.co.jp/ja/portfolio/
北海道札幌市中央区南一条西二十一丁目１番16号,43.055912,141.325333,北海道札幌市中央区南一条西二十一丁目１番１６号,国土地理院
北海道札幌市中央区南七条西一丁目6番地1,43.052845,141.357574,北海道札幌市中央区南七条西一丁目６番地,国土地理院
北海道札幌市中央区南三条西五丁目16番地,43.0568435,141.35037980000004,公式座標,https://www.nre-mf.co.jp/ja/portfolio/
北海道札幌市中央区南三条西五丁目1番1(住居表示未実施),43.0560881,141.3509242,公式座標,https://www.nre-mf.co.jp/ja/portfolio/
北海道札幌市中央区南九条西一丁目1番1号,43.049845892151,141.358636468648,公式座標,https://www.nre-mf.co.jp/ja/portfolio/
北海道札幌市中央区南二条西九丁目1番地1,43.056969,141.344116,北海道札幌市中央区南二条西九丁目１番地,国土地理院
北海道札幌市中央区南八条西一丁目13番地139,43.050491,141.358505,北海道札幌市中央区南八条西一丁目１３番地,国土地理院
北海道札幌市中央区南六条西七丁目１番地15,43.052242,141.348526,北海道札幌市中央区南六条西七丁目１番地,国土地理院
北海道札幌市中央区南六条西二十五丁目２番21,43.048759,141.320801,北海道札幌市中央区南六条西二十五丁目２番２１号,国土地理院
北海道札幌市中央区南十一条西七丁目１番１号,43.046165,141.349991,北海道札幌市中央区南十一条西七丁目１番１号,国土地理院
北海道札幌市中央区南四条東三丁目17番地３,43.057339,141.361908,北海道札幌市中央区南四条東三丁目１７番地,国土地理院
北海道札幌市中央区南四条東二丁目18番地１,43.057159,141.360336,北海道札幌市中央区南四条東二丁目１８番地,国土地理院
北海道札幌市中央区南四条西十三丁目1番20号,43.0534797850247,141.338078677654,公式座標,https://www.nre-mf.co.jp/ja/portfolio/
北海道札幌市中央区大通東七丁目12番地63(住居表示未実施),43.0632179297815,141.367325484752,公式座標,https://www.nre-mf.co.jp/ja/portfolio/
北海道札幌市中央区大通西八丁目２番地30,43.060242,141.344910,北海道札幌市中央区大通西八丁目２番地,国土地理院
北海道札幌市中央区大通西六丁目5番地2,43.059322,141.348358,北海道札幌市中央区大通西六丁目５番地,国土地理院
北海道札幌市中央区大通西十三丁目４番地102,43.058502,141.337219,北海道札幌市中央区大通西十三丁目４番地,国土地理院
北海道札幌市中央区大通西十八丁目１番地10,43.058113,141.329330,北海道札幌市中央区大通西十八丁目１番地,国土地理院
北海道札幌市中央区宮の森三条十丁目２番７,43.059013,141.302063,北海道札幌市中央区宮の森三条十丁目２番７号,国土地理院
北海道札幌市北区北七条西二丁目15番地1,43.0702545355559,141.35189205408,公式座標,https://www.nre-mf.co.jp/ja/portfolio/
北海道札幌市北区北三十四条西五丁目１番20号,43.101337,141.338913,北海道札幌市北区北三十四条西五丁目１番２０号,国土地理院
北海道札幌市北区北十五条西三丁目２番14号,43.078953,141.347534,北海道札幌市北区北十五条西三丁目２番１４号,国土地理院
北海道札幌市北区北十八条西五丁目２番38,43.082371,141.344162,北海道札幌市北区北十八条西五丁目２番,国土地理院
北海道札幌市北区北十条西三丁目４番地１他,43.072865,141.349792,北海道札幌市北区北十条西三丁目４番地,国土地理院
北海道札幌市厚別区厚別中央二条五丁目３番５号,43.039890,141.470154,北海道札幌市厚別区厚別中央二条五丁目３番５号,国土地理院
北海道札幌市東区北23条東十七丁目３番11,43.094284,141.374649,北海道札幌市東区北二十三条東十七丁目３番１１号,国土地理院
北海道札幌市東区北十一条東一丁目1番3号,43.0747404807755,141.354110240936,公式座標,https://www.nre-mf.co.jp/ja/portfolio/
北海道札幌市東区北十五条東五丁目１番31,43.079990,141.359695,北海道札幌市東区北十五条東五丁目１番３１号,国土地理院
北海道札幌市東区北十四条東一丁目2番1号,43.0779047275346,141.353273391723,公式座標,https://www.nre-mf.co.jp/ja/portfolio/
北海道札幌市白石区南郷通二十丁目南２番41,43.028606,141.437378,北海道札幌市白石区南郷通二十丁目南２番４１号,国土地理院
北海道札幌市白石区東札幌五条三丁目２番35号,43.051899,141.391174,北海道札幌市白石区東札幌五条三丁目２番３５号,国土地理院
北海道札幌市白石区菊水七条四丁目１番10,43.055981,141.381866,北海道札幌市白石区菊水七条四丁目１番１０号,国土地理院
北海道札幌市西区発寒六条九丁目10番20号,43.090369428542,141.279507279396,公式座標,https://www.nre-mf.co.jp/ja/portfolio/
北海道札幌市西区西町北十一丁目１番１,43.081326,141.285324,北海道札幌市西区西町北十一丁目１番１号,国土地理院
北海道札幌市豊平区月寒中央通五丁目１番１,43.033310,141.393631,北海道札幌市豊平区月寒中央通五丁目１番１号,国土地理院
北海道札幌市豊平区月寒東一条十四丁目４番６,43.021114,141.406113,北海道札幌市豊平区月寒東一条十四丁目４番６号,国土地理院
北海道札幌市豊平区豊平三条二丁目３番１,43.054295,141.369019,北海道札幌市豊平区豊平三条二丁目３番１号,国土地理院
千葉県千葉市中央区中央港一丁目15番８号,35.604748,140.103882,千葉県千葉市中央区中央港一丁目１５番８号,国土地理院
千葉県千葉市中央区中央港一丁目18番28号,35.602066,140.098755,千葉県千葉市中央区中央港一丁目１８番２８号,国土地理院
千葉県千葉市中央区弁天一丁目７番８号,35.616119,140.110535,千葉県千葉市中央区弁天一丁目７番８号,国土地理院
千葉県千葉市中央区新田町38番6号,35.607018,140.110306,千葉県千葉市中央区新田町３８番６号,国土地理院
千葉県千葉市中央区新町24番1,35.610054,140.111084,千葉県千葉市中央区新町２４番地,国土地理院
千葉県千葉市美浜区幕張西四丁目1-15,35.6611788724145,140.04413545131604,公式座標,https://www.nre-mf.co.jp/ja/portfolio/
千葉県千葉市美浜区幸町一丁目21番20号,35.616867,140.098816,千葉県千葉市美浜区幸町一丁目２１番２０号,国土地理院
千葉県千葉市花見川区幕張本郷六丁目2番15号,35.676514,140.041138,千葉県千葉市花見川区幕張本郷六丁目２番１５号,国土地理院
千葉県千葉市花見川区幕張町五丁目417番地231,35.655151,140.050842,千葉県千葉市花見川区幕張町五丁目４１７番地,国土地理院
千葉県市川市八幡一丁目16番９号,35.720798,139.931168,千葉県市川市八幡一丁目１６番９号,国土地理院
千葉県市川市南八幡五丁目７番16号,35.721703,139.922943,千葉県市川市南八幡五丁目７番１６号,国土地理院
千葉県市川市塩焼二丁目14番15号,35.686848,139.929184,千葉県市川市塩焼二丁目１４番１５号,国土地理院
千葉県市川市塩焼二丁目14番20号,35.686523,139.929062,千葉県市川市塩焼二丁目１４番２０号,国土地理院
千葉県市川市妙典五丁目4番26号,35.691822,139.928421,千葉県市川市妙典五丁目４番２６号,国土地理院
千葉県市川市市川一丁目21番８号,35.731396,139.909851,千葉県市川市市川一丁目２１番８号,国土地理院
千葉県市川市市川一丁目24番３号,35.729992,139.910187,千葉県市川市市川一丁目２４番３号,国土地理院
千葉県市川市市川三丁目29番９号,35.736912,139.902817,千葉県市川市市川三丁目２９番９号,国土地理院
千葉県市川市市川南一丁目9番27号,35.728848,139.905792,千葉県市川市市川南一丁目９番２７号,国土地理院
千葉県市川市新田二丁目33番17号,35.725166,139.910477,千葉県市川市新田二丁目３３番１７号,国土地理院
千葉県市川市相之川三丁目11番11号,35.674774,139.899124,千葉県市川市相之川三丁目１１番１１号,国土地理院
千葉県市川市相之川二丁目７番18号,35.677082,139.897049,千葉県市川市相之川二丁目７番１８号,国土地理院
千葉県市川市福栄一丁目6番6号,35.677616,139.910416,千葉県市川市福栄一丁目６番６号,国土地理院
千葉県市川市福栄三丁目12番10号,35.673321,139.909088,千葉県市川市福栄三丁目１２番１０号,国土地理院
千葉県市川市福栄三丁目3番20号,35.673389,139.912048,千葉県市川市福栄三丁目３番２０号,国土地理院
千葉県市川市行徳駅前三丁目15番17号,35.680260,139.920654,千葉県市川市行徳駅前三丁目１５番１７号,国土地理院
千葉県市川市行徳駅前二丁目1番18号,35.683887,139.913254,千葉県市川市行徳駅前二丁目１番１８号,国土地理院
千葉県市川市行徳駅前二丁目１番13号,35.683357,139.913773,千葉県市川市行徳駅前二丁目１番１３号,国土地理院
千葉県市川市行徳駅前四丁目13番22号,35.677700,139.917450,千葉県市川市行徳駅前四丁目１３番２２号,国土地理院
千葉県市川市行徳駅前四丁目22番22号,35.679054,139.914291,千葉県市川市行徳駅前四丁目２２番２２号,国土地理院
千葉県成田市公津の杜四丁目12番,35.760185,140.292664,千葉県成田市公津の杜四丁目１２番,国土地理院
千葉県成田市公津の杜四丁目1番1号,35.760872,140.293045,千葉県成田市公津の杜四丁目１番,国土地理院
千葉県松戸市上本郷字三斗蒔904番地３他,35.794506,139.918793,千葉県松戸市上本郷３番地,国土地理院
千葉県松戸市上本郷字二丁目3936番地,35.798832,139.920105,千葉県松戸市上本郷２番地,国土地理院
千葉県松戸市新松戸四丁目29番2号,35.827637,139.919159,千葉県松戸市新松戸四丁目２９番地,国土地理院
千葉県松戸市本町19番3,35.785419,139.899658,千葉県松戸市本町１９番,国土地理院
千葉県松戸市本町５番地の７,35.784172,139.898224,千葉県松戸市本町５番地,国土地理院
千葉県松戸市東松戸二丁目６番地の１,35.771351,139.946930,千葉県松戸市東松戸二丁目６番,国土地理院
千葉県柏市大島田二丁目18番7号、同9号,35.8362062,140.02181329999996,公式座標,https://www.nre-mf.co.jp/ja/portfolio/
千葉県柏市柏1023番1,35.863682,139.984589,千葉県柏市柏１０２３番地,国土地理院
千葉県柏市柏三丁目8番19号,35.860283,139.975937,千葉県柏市柏三丁目８番１９号,国土地理院
千葉県柏市柏三丁目9番3号,35.860996,139.975510,千葉県柏市柏三丁目９番３号,国土地理院
千葉県柏市柏三丁目４番17号,35.860004,139.975937,千葉県柏市柏三丁目４番１７号,国土地理院
千葉県柏市柏五丁目8番17号,35.867016,139.978073,千葉県柏市柏五丁目８番１７号,国土地理院
千葉県柏市柏六丁目8番37号,35.865334,139.976471,千葉県柏市柏六丁目８番３７号,国土地理院
千葉県柏市柏六丁目8番38号,35.865250,139.976349,千葉県柏市柏六丁目８番３８号,国土地理院
千葉県柏市豊四季字庚塚229番地1,35.859928,139.949814,千葉県柏市豊四季,国土地理院
千葉県柏市鷲野谷1027番地15,35.830585,140.01850530000001,公式座標,https://www.nre-mf.co.jp/ja/portfolio/
千葉県流山市おおたかの森北一丁目2番3号,35.872948,139.924988,千葉県流山市おおたかの森北一丁目２番地,国土地理院
千葉県流山市おおたかの森南一丁目25番地４,35.869091,139.923248,千葉県流山市おおたかの森南一丁目２５番地,国土地理院
千葉県流山市おおたかの森南二丁目１番地１,35.866966,139.924072,千葉県流山市おおたかの森南二丁目１番地,国土地理院
千葉県流山市おおたかの森西1-3-2,35.872078,139.923401,千葉県流山市おおたかの森西一丁目３番地,国土地理院
千葉県流山市前平井177番地1　運B139街区3-2、9-3,35.854660,139.916046,千葉県流山市前平井１７７番地,国土地理院
千葉県浦安市北栄三丁目26番２号,35.662838,139.898285,千葉県浦安市北栄三丁目２６番２号,国土地理院
千葉県浦安市北栄二丁目13番２号,35.668663,139.897049,千葉県浦安市北栄二丁目１３番２号,国土地理院
千葉県浦安市北栄二丁目22番７号,35.669350,139.896973,千葉県浦安市北栄二丁目２２番７号,国土地理院
千葉県浦安市千鳥11-4,35.6235302078513,139.900803565979,公式座標,https://www.nre-mf.co.jp/ja/portfolio/
千葉県浦安市富士見一丁目2番1号,35.652466,139.893784,千葉県浦安市富士見一丁目２番１号,国土地理院
千葉県浦安市富士見五丁目18番８号,35.641312,139.889069,千葉県浦安市富士見五丁目１８番８号,国土地理院
千葉県浦安市富士見四丁目14番13号,35.645721,139.889130,千葉県浦安市富士見四丁目１４番１３号,国土地理院
千葉県浦安市当代島一丁目７番28号,35.667641,139.891312,千葉県浦安市当代島一丁目７番２８号,国土地理院
千葉県浦安市当代島三丁目2番13号,35.6705815844149,139.892872273921,公式座標,https://www.nre-mf.co.jp/ja/portfolio/
千葉県浦安市明海五丁目8番1号,35.6383772,139.92621299999996,公式座標,https://www.nre-mf.co.jp/ja/portfolio/
千葉県浦安市東野三丁目2番11号,35.6456896,139.8952621,公式座標,https://www.nre-mf.co.jp/ja/portfolio/
千葉県習志野市東習志野七丁目3番1号,35.7018458,140.0757388,公式座標,https://www.nre-mf.co.jp/ja/portfolio/
千葉県船橋市北本町二丁目39番１号,35.718334,139.981934,千葉県船橋市北本町二丁目３９番１号,国土地理院
千葉県船橋市印内町640番地,35.705112,139.958664,千葉県船橋市印内町６４０番地,国土地理院
千葉県船橋市宮本一丁目22番13号,35.696976,139.990677,千葉県船橋市宮本一丁目２２番１３号,国土地理院
千葉県船橋市本町三丁目９番27号,35.696972,139.989182,千葉県船橋市本町三丁目９番２７号,国土地理院
千葉県船橋市本町二丁目３番21号,35.696278,139.984451,千葉県船橋市本町二丁目３番２１号,国土地理院
千葉県船橋市本町六丁目10番１号,35.706108,139.985168,千葉県船橋市本町六丁目１０番１号,国土地理院
千葉県船橋市本町六丁目19番18号,35.703922,139.989670,千葉県船橋市本町六丁目１９番１８号,国土地理院
千葉県船橋市本町四丁目４番８号,35.701138,139.987808,千葉県船橋市本町四丁目４番８号,国土地理院
千葉県船橋市本郷町627番地1,35.707401,139.952545,千葉県船橋市本郷町６２７番地,国土地理院
千葉県船橋市東中山二丁目６番５号,35.714893,139.951416,千葉県船橋市東中山二丁目６番５号,国土地理院
千葉県船橋市海神三丁目８番８,35.702927,139.975327,千葉県船橋市海神三丁目８番８号,国土地理院
千葉県船橋市海神町南一丁目1441番１号,35.700714,139.966980,千葉県船橋市海神町南一丁目,国土地理院
千葉県船橋市湊町一丁目１番21号,35.694920,139.984634,千葉県船橋市湊町一丁目１番,国土地理院
千葉県船橋市湊町二丁目12番28号,35.694633,139.983444,千葉県船橋市湊町二丁目１２番２８号,国土地理院
千葉県船橋市西船三丁目２番25号,35.712086,139.962601,千葉県船橋市西船三丁目２番２５号,国土地理院
千葉県船橋市西船三丁目４番６号,35.711430,139.959991,千葉県船橋市西船三丁目４番６号,国土地理院
千葉県船橋市西船四丁目19番16号,35.709366,139.957458,千葉県船橋市西船四丁目１９番１６号,国土地理院
千葉県船橋市西船四丁目30番27,35.707577,139.960800,千葉県船橋市西船四丁目３０番,国土地理院
埼玉県さいたま市北区土呂町一丁目41番２号,35.935455,139.630600,埼玉県さいたま市北区土呂町一丁目４１番,国土地理院
埼玉県さいたま市南区別所七丁目3番1号,35.84718775925749,139.64817123439332,公式座標,https://www.nre-mf.co.jp/ja/portfolio/
埼玉県さいたま市南区南浦和三丁目８番４号,35.850780,139.673523,埼玉県さいたま市南区南浦和三丁目８番４号,国土地理院
埼玉県さいたま市大宮区仲町三丁目36番地１,35.904991,139.628983,埼玉県さいたま市大宮区仲町三丁目３６番地,国土地理院
埼玉県さいたま市大宮区吉敷町二丁目88番１号,35.899719,139.630127,埼玉県さいたま市大宮区吉敷町二丁目８８番地,国土地理院
埼玉県さいたま市大宮区吉敷町四丁目38番２号,35.895111,139.633240,埼玉県さいたま市大宮区吉敷町四丁目３８番地,国土地理院
埼玉県さいたま市岩槻区上野五丁目2番地9,35.9765019,139.69361030000005,公式座標,https://www.nre-mf.co.jp/ja/portfolio/
埼玉県さいたま市岩槻区西町二丁目5-1,35.9521757919572,139.691435694694,公式座標,https://www.nre-mf.co.jp/ja/portfolio/
埼玉県さいたま市浦和区仲町一丁目16番7号,35.861534,139.653030,埼玉県さいたま市浦和区仲町一丁目１６番７号,国土地理院
埼玉県さいたま市浦和区北浦和三丁目19番21号,35.876236,139.643478,埼玉県さいたま市浦和区北浦和三丁目１９番２１号,国土地理院
埼玉県さいたま市浦和区常盤一丁目5番23号,35.862667,139.652435,埼玉県さいたま市浦和区常盤一丁目５番２３号,国土地理院
埼玉県さいたま市浦和区常盤十丁目17番16号,35.872223,139.640228,埼玉県さいたま市浦和区常盤十丁目１７番１６号,国土地理院
埼玉県八潮市茜町一丁目11番14,35.806038,139.841049,埼玉県八潮市茜町一丁目,国土地理院
埼玉県和光市白子 二丁目12番22号,35.779575,139.620865,埼玉県和光市白子二丁目１２番,国土地理院
埼玉県川口市並木二丁目 16 番 14 号,35.815895,139.707489,埼玉県川口市並木二丁目１６番１４号,国土地理院
埼玉県川口市並木四丁目４番５号,35.819328,139.707458,埼玉県川口市並木四丁目４番５号,国土地理院
埼玉県川口市本町二丁目11番１号,35.797169,139.727570,埼玉県川口市本町二丁目１１番１号,国土地理院
埼玉県川口市本町二丁目11番２号,35.797215,139.727432,埼玉県川口市本町二丁目１１番２号,国土地理院
埼玉県川口市本町四丁目7番24,35.800354,139.719238,埼玉県川口市本町四丁目７番２４号,国土地理院
埼玉県川口市栄町三丁目1番11号,35.803621470547,139.716955572366,公式座標,https://www.nre-mf.co.jp/ja/portfolio/
埼玉県川口市栄町三丁目２番24号,35.804001,139.717453,埼玉県川口市栄町三丁目２番２４号,国土地理院
埼玉県川口市領家五丁目1番57号,35.790534541273,139.737564325332,公式座標,https://www.nre-mf.co.jp/ja/portfolio/
埼玉県川口市領家五丁目3-1,35.7905119139174,139.74217236042,公式座標,https://www.nre-mf.co.jp/ja/portfolio/
埼玉県川口市飯塚二丁目８番16号,35.798641,139.713470,埼玉県川口市飯塚二丁目８番１６号,国土地理院
埼玉県川越市中原町一丁目5番地6,35.916924,139.482330,埼玉県川越市中原町一丁目５番,国土地理院
埼玉県川越市南台一丁目10-15,35.8810478141819,139.446539282798,公式座標,https://www.nre-mf.co.jp/ja/portfolio/
埼玉県川越市神明町12番5,35.9318527170892,139.480466544628,公式座標,https://www.nre-mf.co.jp/ja/portfolio/
埼玉県志木市本町五丁目18番25号,35.825127,139.576218,埼玉県志木市本町五丁目１８番２５号,国土地理院
埼玉県戸田市上戸田2-8-7,35.812481,139.681351,埼玉県戸田市上戸田二丁目８番７号,国土地理院
埼玉県戸田市下前二丁目11番13号,35.807823,139.683243,埼玉県戸田市下前二丁目１１番１３号,国土地理院
埼玉県戸田市本町1-10-14,35.812195,139.681442,埼玉県戸田市本町一丁目１０番１４号,国土地理院
埼玉県春日部市南栄町3,35.9774800358619,139.734780192375,公式座標,https://www.nre-mf.co.jp/ja/portfolio/
埼玉県狭山市笹井三丁目1-25,35.853505708493,139.377083480358,公式座標,https://www.nre-mf.co.jp/ja/portfolio/
埼玉県羽生市川崎一丁目216-10,36.1421722474792,139.551236629486,公式座標,https://www.nre-mf.co.jp/ja/portfolio/
埼玉県草加市瀬崎三丁目38番３号,35.811058,139.803650,埼玉県草加市瀬崎三丁目３８番３号,国土地理院
埼玉県草加市草加四丁目２番21号,35.838345,139.801407,埼玉県草加市草加四丁目２番２１号,国土地理院
埼玉県蓮田市山ノ内２番地41,35.986881,139.644165,埼玉県蓮田市山ノ内２番,国土地理院
埼玉県越谷市千間台西五丁目7番6号,35.929916,139.765213,埼玉県越谷市千間台西五丁目７番,国土地理院
大分県大分市大手町一丁目４番９号,33.236355,131.613327,大分県大分市大手町一丁目４番９号,国土地理院
大分県大分市寿町11番18号,33.242275,131.601959,大分県大分市寿町１１番１８号,国土地理院
大分県大分市岩田町三丁目26番２号,33.234840,131.629044,大分県大分市岩田町三丁目２６番２号,国土地理院
大分県大分市長浜町三丁目６番８号,33.236671,131.620529,大分県大分市長浜町三丁目６番８号,国土地理院
大分県大分市高砂町１番30号,33.237476,131.602371,大分県大分市高砂町１番３０号,国土地理院
大阪府八尾市沼一丁目1番地,34.5885865858882,135.602990090847,公式座標,https://www.nre-mf.co.jp/ja/portfolio/
大阪府吹田市千里丘西15番20号,34.795456,135.542267,大阪府吹田市千里丘西１５番,国土地理院
大阪府吹田市千里山竹園一丁目50番5号,34.783062,135.498184,大阪府吹田市千里山竹園一丁目５０番５号,国土地理院
大阪府吹田市南吹田五丁目15番28号,34.752388,135.502518,大阪府吹田市南吹田五丁目１５番２８号,国土地理院
大阪府吹田市垂水町三丁目22番16号,34.760311,135.502609,大阪府吹田市垂水町三丁目２２番１６号,国土地理院
大阪府吹田市垂水町三丁目５番13号,34.763157,135.501297,大阪府吹田市垂水町三丁目５番１３号,国土地理院
大阪府吹田市山田北８番28号,34.807632,135.519806,大阪府吹田市山田北８番２８号,国土地理院
大阪府吹田市山田南1-1,34.7886811706194,135.538442730903,公式座標,https://www.nre-mf.co.jp/ja/portfolio/
大阪府吹田市山田西三丁目22番２号,34.798603,135.518311,大阪府吹田市山田西三丁目２２番,国土地理院
大阪府吹田市広芝町12番31号,34.755405,135.497955,大阪府吹田市広芝町１２番３１号,国土地理院
大阪府吹田市広芝町18番31号,34.754471,135.497910,大阪府吹田市広芝町１８番３１号,国土地理院
大阪府吹田市江坂町一丁目14番25号,34.761555,135.498428,大阪府吹田市江坂町一丁目１４番２５号,国土地理院
大阪府吹田市江坂町二丁目３番26号,34.763531,135.494995,大阪府吹田市江坂町二丁目３番２６号,国土地理院
大阪府吹田市藤白台一丁目１番15号,34.813286,135.516190,大阪府吹田市藤白台一丁目１番,国土地理院
大阪府堺市北区金岡町1423番地77,34.553493,135.513275,大阪府堺市北区金岡町１４２３番地,国土地理院
大阪府堺市南区高倉台三丁目２番２号,34.493942,135.526016,大阪府堺市南区高倉台三丁,国土地理院
大阪府堺市堺区出島海岸通1-4-9,34.572929,135.459335,大阪府堺市堺区出島海岸通一丁４番９号,国土地理院
大阪府堺市堺区山本町一丁20番地2,34.586811,135.475021,大阪府堺市堺区山本町一丁２０番地,国土地理院
大阪府大阪市中央区上本町西一丁目1番16,34.674309,135.520386,大阪府大阪市中央区上本町西一丁目１番１６号,国土地理院
大阪府大阪市中央区上本町西四丁目１番12号,34.670509,135.519958,大阪府大阪市中央区上本町西四丁目１番１２号,国土地理院
大阪府大阪市中央区久太郎町一丁目5番10号,34.6809302997443,135.509067177772,公式座標,https://www.nre-mf.co.jp/ja/portfolio/
大阪府大阪市中央区久太郎町一丁目３番７号,34.680656,135.509781,大阪府大阪市中央区久太郎町一丁目３番７号,国土地理院
大阪府大阪市中央区今橋二丁目１番14号,34.690788,135.505676,大阪府大阪市中央区今橋二丁目１番１４号,国土地理院
大阪府大阪市中央区内久宝寺町四丁目4番12号,34.679329,135.512161,大阪府大阪市中央区内久宝寺町四丁目４番１２号,国土地理院
大阪府大阪市中央区南船場二丁目7番6号,34.676966,135.505196,公式座標,https://www.nre-mf.co.jp/ja/portfolio/
大阪府大阪市中央区博労町一丁目３番10号,34.678284,135.509995,大阪府大阪市中央区博労町一丁目３番１０号,国土地理院
大阪府大阪市中央区博労町二丁目６番８号,34.678333,135.503891,大阪府大阪市中央区博労町二丁目６番８号,国土地理院
大阪府大阪市中央区安土町一丁目8番15号,34.6846798542564,135.506899952888,公式座標,https://www.nre-mf.co.jp/ja/portfolio/
大阪府大阪市中央区島之内一丁目15番25号,34.674313,135.507401,大阪府大阪市中央区島之内一丁目１５番２５号,国土地理院
大阪府大阪市中央区島町一丁目２番12号,34.688560,135.516678,大阪府大阪市中央区島町一丁目２番１２号,国土地理院
大阪府大阪市中央区日本橋1-22-7,34.665604,135.507751,大阪府大阪市中央区日本橋一丁目２２番７号,国土地理院
大阪府大阪市中央区日本橋二丁目20番11号,34.662643,135.509430,大阪府大阪市中央区日本橋二丁目２０番１１号,国土地理院
大阪府大阪市中央区松屋町住吉１番１号,34.677933,135.512253,大阪府大阪市中央区松屋町住吉１番１号,国土地理院
大阪府大阪市中央区谷町七丁目６番11号,34.672787,135.515167,大阪府大阪市中央区谷町七丁目６番１１号,国土地理院
大阪府大阪市中央区道頓堀一丁目7番21,34.6685155,135.50255189999996,公式座標,https://www.nre-mf.co.jp/ja/portfolio/
大阪府大阪市中央区釣鐘町二丁目1番5号,34.688175,135.514145,大阪府大阪市中央区釣鐘町二丁目１番５号,国土地理院
大阪府大阪市中央区難波三丁目7番19号,34.666196,135.500660,公式座標,https://www.nre-mf.co.jp/ja/portfolio/
大阪府大阪市住吉区南住吉二丁目9番19号,34.609116,135.503860,大阪府大阪市住吉区南住吉二丁目９番１９号,国土地理院
大阪府大阪市北区中之島四丁目２番40号,34.691242,135.490555,大阪府大阪市北区中之島四丁目２番４０号,国土地理院
大阪府大阪市北区中津六丁目８番21号,34.709484,135.488541,大阪府大阪市北区中津六丁目８番２１号,国土地理院
大阪府大阪市北区同心二丁目１番28号,34.702126,135.517746,大阪府大阪市北区同心二丁目１番２８号,国土地理院
大阪府大阪市北区大淀南一丁目10番5号,34.701801,135.487457,大阪府大阪市北区大淀南一丁目１０番５号,国土地理院
大阪府大阪市北区大淀南三丁目11番15号,34.701260,135.480362,大阪府大阪市北区大淀南三丁目１１番１５号,国土地理院
大阪府大阪市北区天神橋三丁目10番18号,34.702621,135.512466,大阪府大阪市北区天神橋三丁目１０番１８号,国土地理院
大阪府大阪市北区梅田二丁目1番22,34.698971892644,135.495226979255,公式座標,https://www.nre-mf.co.jp/ja/portfolio/
大阪府大阪市北区茶屋町5番8号,34.70654972699638,135.49977190856362,公式座標,https://www.nre-mf.co.jp/ja/portfolio/
大阪府大阪市北区西天満三丁目7番3号,34.695522,135.507751,大阪府大阪市北区西天満三丁目７番３号,国土地理院
大阪府大阪市北区西天満三丁目２番13号,34.695267,135.508087,大阪府大阪市北区西天満三丁目２番１３号,国土地理院
大阪府大阪市北区西天満三丁目３番21,34.695610,135.508820,大阪府大阪市北区西天満三丁目３番２１号,国土地理院
大阪府大阪市北区西天満三丁目９番１号,34.695354,135.507095,大阪府大阪市北区西天満三丁目９番１号,国土地理院
大阪府大阪市北区西天満五丁目15番12号,34.698826,135.506577,大阪府大阪市北区西天満五丁目１５番１２号,国土地理院
大阪府大阪市北区西天満五丁目15番3,34.698456,135.506592,大阪府大阪市北区西天満五丁目１５番３号,国土地理院
大阪府大阪市北区西天満五丁目８番２号,34.697899,135.508118,大阪府大阪市北区西天満五丁目８番２号,国土地理院
大阪府大阪市北区西天満五丁目８番５号,34.697914,135.507782,大阪府大阪市北区西天満五丁目８番５号,国土地理院
大阪府大阪市北区豊崎五丁目１番７号,34.711662,135.499512,大阪府大阪市北区豊崎五丁目１番７号,国土地理院
大阪府大阪市北区長柄中一丁目4番8,34.711388,135.513931,大阪府大阪市北区長柄中一丁目４番８号,国土地理院
大阪府大阪市城東区今福西五丁目１番８号,34.703568,135.546478,大阪府大阪市城東区今福西五丁目１番８号,国土地理院
大阪府大阪市大正区三軒家西三丁目１番５号,34.665829,135.473755,大阪府大阪市大正区三軒家西三丁目１番５号,国土地理院
大阪府大阪市大正区平尾三丁目14番8号,34.639648,135.473984,大阪府大阪市大正区平尾三丁目１４番８号,国土地理院
大阪府大阪市天王寺区上汐五丁目4番13,34.659718,135.515869,大阪府大阪市天王寺区上汐五丁目４番１３号,国土地理院
大阪府大阪市天王寺区上汐五丁目４番８号,34.659588,135.516327,大阪府大阪市天王寺区上汐五丁目４番８号,国土地理院
大阪府大阪市天王寺区国分町12番19号,34.652260,135.525452,大阪府大阪市天王寺区国分町１２番１９号,国土地理院
大阪府大阪市旭区赤川二丁目５番13号,34.726437,135.532959,大阪府大阪市旭区赤川二丁目５番１３号,国土地理院
大阪府大阪市東住吉区北田辺四丁目9番17,34.633152,135.527618,大阪府大阪市東住吉区北田辺四丁目９番１７号,国土地理院
大阪府大阪市東成区中本二丁目13番３号,34.680698,135.543335,大阪府大阪市東成区中本二丁目１３番３号,国土地理院
大阪府大阪市東成区大今里西一丁目24番18号,34.671124,135.541718,大阪府大阪市東成区大今里西一丁目２４番１８号,国土地理院
大阪府大阪市東成区深江北二丁目1番2号,34.678776,135.558365,大阪府大阪市東成区深江北二丁目１番２号,国土地理院
大阪府大阪市東成区玉津一丁目４番21号,34.673347,135.537888,大阪府大阪市東成区玉津一丁目４番２１号,国土地理院
大阪府大阪市東淀川区東中島一丁目13番36号,34.731636,135.503830,大阪府大阪市東淀川区東中島一丁目１３番３６号,国土地理院
大阪府大阪市東淀川区東中島一丁目18番31号,34.732666,135.502945,大阪府大阪市東淀川区東中島一丁目１８番３１号,国土地理院
大阪府大阪市東淀川区西淡路三丁目9番10号,34.740498,135.506439,大阪府大阪市東淀川区西淡路三丁目９番１０号,国土地理院
大阪府大阪市此花区島屋六丁目2-61,34.6684673251639,135.437650680541,公式座標,https://www.nre-mf.co.jp/ja/portfolio/
大阪府大阪市此花区西九条三丁目４番66,34.685455,135.468033,大阪府大阪市此花区西九条三丁目４番６６号,国土地理院
大阪府大阪市浪速区元町一丁目10番７号,34.663708,135.497772,大阪府大阪市浪速区元町一丁目１０番７号,国土地理院
大阪府大阪市浪速区元町二丁目３番14号,34.662254,135.495956,大阪府大阪市浪速区元町二丁目３番１４号,国土地理院
大阪府大阪市浪速区元町二丁目８番15号,34.661015,135.497330,大阪府大阪市浪速区元町二丁目８番１５号,国土地理院
大阪府大阪市浪速区塩草三丁目11番３号,34.660275,135.489914,大阪府大阪市浪速区塩草三丁目１１番３号,国土地理院
大阪府大阪市浪速区塩草三丁目６番26号,34.662453,135.489670,大阪府大阪市浪速区塩草三丁目６番２６号,国土地理院
大阪府大阪市浪速区塩草三丁目９番27号,34.661465,135.488266,大阪府大阪市浪速区塩草三丁目９番２７号,国土地理院
大阪府大阪市浪速区幸町三丁目２番10号,34.669491,135.485428,大阪府大阪市浪速区幸町三丁目２番１０号,国土地理院
大阪府大阪市浪速区日本橋五丁目４番６,34.655762,135.506500,大阪府大阪市浪速区日本橋五丁目４番６号,国土地理院
大阪府大阪市浪速区日本橋五丁目７番12号,34.656403,135.505905,大阪府大阪市浪速区日本橋五丁目７番１２号,国土地理院
大阪府大阪市浪速区日本橋東一丁目６番７号,34.661556,135.509476,大阪府大阪市浪速区日本橋東一丁目６番７号,国土地理院
大阪府大阪市浪速区日本橋東一丁目７番３号,34.661228,135.509491,大阪府大阪市浪速区日本橋東一丁目７番３号,国土地理院
大阪府大阪市浪速区日本橋東二丁目２番３号,34.660252,135.508545,大阪府大阪市浪速区日本橋東二丁目２番３号,国土地理院
大阪府大阪市浪速区湊町二丁目２番40号,34.663910,135.493515,大阪府大阪市浪速区湊町二丁目２番４０号,国土地理院
大阪府大阪市浪速区芦原一丁目２番10,34.662491,135.487457,大阪府大阪市浪速区芦原一丁目２番１０号,国土地理院
大阪府大阪市淀川区宮原一丁目13番９号,34.736519,135.501175,大阪府大阪市淀川区宮原一丁目１３番９号,国土地理院
大阪府大阪市淀川区宮原一丁目３番14号,34.736073,135.501770,大阪府大阪市淀川区宮原一丁目３番１４号,国土地理院
大阪府大阪市淀川区宮原五丁目４番８号,34.738174,135.496628,大阪府大阪市淀川区宮原五丁目４番８号,国土地理院
大阪府大阪市淀川区木川東四丁目11番１号,34.727440,135.492584,大阪府大阪市淀川区木川東四丁目１１番１号,国土地理院
大阪府大阪市淀川区西中島六丁目11番7号,34.7288147783918,135.494749546051,公式座標,https://www.nre-mf.co.jp/ja/portfolio/
大阪府大阪市淀川区西宮原一丁目4番28号,34.7324665,135.4935424,公式座標,https://www.nre-mf.co.jp/ja/portfolio/
大阪府大阪市淀川区西宮原三丁目２番25号,34.738907,135.493576,大阪府大阪市淀川区西宮原三丁目２番２５号,国土地理院
大阪府大阪市淀川区西宮原二丁目1番3号,34.7347070604217,135.494036078453,公式座標,https://www.nre-mf.co.jp/ja/portfolio/
大阪府大阪市淀川区西宮原二丁目５番34号,34.736794,135.490799,大阪府大阪市淀川区西宮原二丁目５番３４号,国土地理院
大阪府大阪市港区市岡二丁目６番２号,34.662746,135.457687,大阪府大阪市港区市岡二丁目６番２号,国土地理院
大阪府大阪市港区市岡元町二丁目11番５号,34.667248,135.467926,大阪府大阪市港区市岡元町二丁目１１番５号,国土地理院
大阪府大阪市港区市岡元町二丁目5番12号,34.670128,135.466965,大阪府大阪市港区市岡元町二丁目５番１２号,国土地理院
大阪府大阪市港区弁天一丁目３番３号,34.668346,135.461075,大阪府大阪市港区弁天一丁目３番３号,国土地理院
大阪府大阪市福島区海老江三丁目24番44号,34.702564,135.476410,大阪府大阪市福島区海老江三丁目２４番４４号,国土地理院
大阪府大阪市福島区海老江五丁目5番18,34.696651,135.472641,大阪府大阪市福島区海老江五丁目５番１８号,国土地理院
大阪府大阪市福島区海老江五丁目６番20号,34.697155,135.472580,大阪府大阪市福島区海老江五丁目６番２０号,国土地理院
大阪府大阪市福島区海老江八丁目14番２号,34.695000,135.468155,大阪府大阪市福島区海老江八丁目１４番２号,国土地理院
大阪府大阪市福島区玉川三丁目1番20号,34.686943,135.481689,大阪府大阪市福島区玉川三丁目１番２０号,国土地理院
大阪府大阪市西区九条三丁目28番21号,34.678600,135.468842,大阪府大阪市西区九条三丁目２８番２１号,国土地理院
大阪府大阪市西区京町堀一丁目16番14号,34.686554,135.493057,大阪府大阪市西区京町堀一丁目１６番１４号,国土地理院
大阪府大阪市西区京町堀二丁目２番６号,34.686516,135.492126,大阪府大阪市西区京町堀二丁目２番６号,国土地理院
大阪府大阪市西区南堀江二丁目12番10,34.672100,135.491074,大阪府大阪市西区南堀江二丁目１２番１０号,国土地理院
大阪府大阪市西区土佐堀一丁目２番24号,34.691715,135.494492,大阪府大阪市西区土佐堀一丁目２番２４号,国土地理院
大阪府大阪市西区新町三丁目11番７号,34.677670,135.488617,大阪府大阪市西区新町三丁目１１番７号,国土地理院
大阪府大阪市西区江之子島一丁目５番５号,34.683643,135.485336,大阪府大阪市西区江之子島一丁目５番５号,国土地理院
大阪府大阪市西区江戸堀二丁目２番５号,34.687386,135.491837,大阪府大阪市西区江戸堀二丁目２番５号,国土地理院
大阪府大阪市西区立売堀4-4-5,34.679310,135.488754,大阪府大阪市西区立売堀四丁目４番５号,国土地理院
大阪府大阪市西区立売堀一丁目４番22号,34.679630,135.496201,大阪府大阪市西区立売堀一丁目４番２２号,国土地理院
大阪府大阪市西区阿波座一丁目4番4号,34.6806944397686,135.496535897254,公式座標,https://www.nre-mf.co.jp/ja/portfolio/
大阪府大阪市西区靭本町三丁目１番７号,34.683853,135.489120,大阪府大阪市西区靱本町三丁目１番７号,国土地理院
大阪府大阪市西淀川区花川二丁目11番18号,34.708656,135.465546,大阪府大阪市西淀川区花川二丁目１１番１８号,国土地理院
大阪府大阪市都島区中野町三丁目11番14号,34.703888,135.524857,大阪府大阪市都島区中野町三丁目１１番１４号,国土地理院
大阪府大阪市都島区中野町五丁目12番8号,34.706249,135.519531,大阪府大阪市都島区中野町五丁目１２番８号,国土地理院
大阪府大阪市都島区中野町四丁目８番15号,34.703270,135.522827,大阪府大阪市都島区中野町四丁目８番１５号,国土地理院
大阪府大阪市都島区毛馬町二丁目３番８号,34.721500,135.525574,大阪府大阪市都島区毛馬町二丁目３番８号,国土地理院
大阪府大阪市都島区都島本通三丁目17番17号,34.707680,135.527466,大阪府大阪市都島区都島本通三丁目１７番１７号,国土地理院
大阪府大阪市都島区都島本通四丁目22番10号,34.708607,135.531311,大阪府大阪市都島区都島本通四丁目２２番１０号,国土地理院
大阪府大阪市阿倍野区西田辺二丁目８番４号,34.619938,135.515976,大阪府大阪市阿倍野区西田辺町,国土地理院
大阪府大阪市阿倍野区西田辺町一丁目１番21号,34.620953,135.515274,大阪府大阪市阿倍野区西田辺町一丁目１番２１号,国土地理院
大阪府大阪市阿倍野区阿倍野筋二丁目４番37号,34.642769,135.512222,大阪府大阪市阿倍野区阿倍野筋二丁目４番３７号,国土地理院
大阪府大阪市鶴見区鶴見四丁目３番19号,34.704845,135.560898,大阪府大阪市鶴見区鶴見四丁目３番１９号,国土地理院
大阪府摂津市千里丘一丁目14番20号,34.792648,135.550369,大阪府摂津市千里丘一丁目１４番２０号,国土地理院
大阪府東大阪市友井五丁目１番48号,34.644852,135.590088,大阪府東大阪市友井五丁目１番４８号,国土地理院
大阪府東大阪市西堤二丁目３番13号,34.678776,135.579605,大阪府東大阪市西堤二丁目３番１３号,国土地理院
大阪府東大阪市高井田本通7-5-28,34.678471,135.569260,大阪府東大阪市高井田本通七丁目５番２８号,国土地理院
大阪府東大阪市高井田西六丁目２番 31 号,34.679134,135.564972,大阪府東大阪市高井田西六丁目２番３１号,国土地理院
大阪府枚方市招提田近一丁目7番地,34.8407825,135.69223999999997,公式座標,https://www.nre-mf.co.jp/ja/portfolio/
大阪府枚方市香里ケ丘三丁目８番地52,34.790970,135.655914,大阪府枚方市香里ケ丘三丁目８番地,国土地理院
大阪府池田市緑丘一丁目４番23号,34.820690,135.441086,大阪府池田市緑丘一丁目４番２３号,国土地理院
大阪府豊中市服部元町二丁目２番18号,34.765762,135.475494,大阪府豊中市服部元町二丁目２番,国土地理院
大阪府豊中市東寺内町１番１号,34.776360,135.499146,大阪府豊中市東寺内町１番,国土地理院
大阪府豊中市西泉丘三丁目２番21号,34.783176,135.490219,大阪府豊中市西泉丘三丁目２番,国土地理院
大阪府門真市元町6-2,34.737831,135.580887,大阪府門真市元町６番２号,国土地理院
奈良県奈良市大宮町一丁目５番35号,34.683636,135.818954,奈良県奈良市大宮町一丁目５番３５号,国土地理院
宮城県仙台市太白区長町三丁目４番20号,38.229256,140.885025,宮城県仙台市太白区長町三丁目４番２０号,国土地理院
宮城県仙台市宮城野区 榴岡三丁目2番1号,38.260601,140.886475,宮城県仙台市宮城野区榴岡三丁目２番１号,国土地理院
宮城県仙台市宮城野区元寺小路306番地11,38.263962,140.885452,宮城県仙台市宮城野区元寺小路,国土地理院
宮城県仙台市宮城野区原町一丁目３番66号,38.263527,140.899567,宮城県仙台市宮城野区原町一丁目３番６６号,国土地理院
宮城県仙台市宮城野区原町三丁目１番37号,38.266121,140.908020,宮城県仙台市宮城野区原町三丁目１番３７号,国土地理院
宮城県仙台市宮城野区小田原一丁目３番３号,38.265575,140.887939,宮城県仙台市宮城野区小田原一丁目３番,国土地理院
宮城県仙台市宮城野区新田東三丁目13番3号,38.273052,140.934830,宮城県仙台市宮城野区新田東三丁目１３番,国土地理院
宮城県仙台市若林区五橋三丁目１番２号,38.254929,140.882278,宮城県仙台市若林区五橋三丁目１番,国土地理院
宮城県仙台市若林区南小泉字八軒小路2番地10他2筆(住居表示未実施),38.2402005830795,140.892110466957,公式座標,https://www.nre-mf.co.jp/ja/portfolio/
宮城県仙台市若林区土樋260番地１,38.245811,140.883865,宮城県仙台市若林区土樋２６０番地,国土地理院
宮城県仙台市若林区新寺一丁目８番２号,38.254066,140.884460,宮城県仙台市若林区新寺一丁目８番,国土地理院
宮城県仙台市若林区新寺四丁目２番35号,38.254147,140.890839,宮城県仙台市若林区新寺四丁目２番３５号,国土地理院
宮城県仙台市青葉区一番町一丁目16番８号,38.255978,140.870834,宮城県仙台市青葉区一番町一丁目１６番８号,国土地理院
宮城県仙台市青葉区一番町一丁目６番27号、30号,38.257420,140.873413,宮城県仙台市青葉区一番町一丁目６番２７号,国土地理院
宮城県仙台市青葉区一番町一丁目７番６号,38.257477,140.876114,宮城県仙台市青葉区一番町一丁目７番６号,国土地理院
宮城県仙台市青葉区一番町二丁目1番2号,38.2597551358668,140.874533951282,公式座標,https://www.nre-mf.co.jp/ja/portfolio/
宮城県仙台市青葉区一番町二丁目１番７号,38.259361,140.874496,宮城県仙台市青葉区一番町二丁目１番,国土地理院
宮城県仙台市青葉区上杉一丁目16番28号,38.271812,140.870651,宮城県仙台市青葉区上杉一丁目１６番２８号,国土地理院
宮城県仙台市青葉区上杉三丁目３番28号,38.270439,140.875214,宮城県仙台市青葉区上杉三丁目３番,国土地理院
宮城県仙台市青葉区上杉二丁目4番30号,38.274754,140.869019,宮城県仙台市青葉区上杉二丁目４番３０号,国土地理院
宮城県仙台市青葉区上杉六丁目２番53号,38.276619,140.874146,宮城県仙台市青葉区上杉六丁目２番５３号,国土地理院
宮城県仙台市青葉区中央三丁目1-22,38.2604591319096,140.878680646419,公式座標,https://www.nre-mf.co.jp/ja/portfolio/
宮城県仙台市青葉区中央二丁目7番28号,38.2621714,140.8765859,公式座標,https://www.nre-mf.co.jp/ja/portfolio/
宮城県仙台市青葉区二日町４番 14 号,38.268742,140.865891,宮城県仙台市青葉区二日町４番１４号,国土地理院
宮城県仙台市青葉区五橋二丁目5番2号,38.2528712278856,140.877224206924,公式座標,https://www.nre-mf.co.jp/ja/portfolio/
宮城県仙台市青葉区五橋二丁目４番19号,38.252953,140.877853,宮城県仙台市青葉区五橋二丁目４番１９号,国土地理院
宮城県仙台市青葉区国分町一丁目３番16号,38.260811,140.868622,宮城県仙台市青葉区国分町一丁目３番１６号,国土地理院
宮城県仙台市青葉区国分町三丁目10番24号,38.268162,140.867462,宮城県仙台市青葉区国分町三丁目１０番２４号,国土地理院
宮城県仙台市青葉区堤通雨宮町4番37号,38.2775337912562,140.868584811687,公式座標,https://www.nre-mf.co.jp/ja/portfolio/
宮城県仙台市青葉区大町二丁目13番12号,38.261265,140.867325,宮城県仙台市青葉区大町二丁目１３番１２号,国土地理院
宮城県仙台市青葉区大町二丁目５番８号,38.259583,140.866837,宮城県仙台市青葉区大町二丁目５番８号,国土地理院
宮城県仙台市青葉区宮町四丁目３番26号,38.276268,140.881149,宮城県仙台市青葉区宮町四丁目３番２６号,国土地理院
宮城県仙台市青葉区木町通一丁目４番45号,38.269241,140.862823,宮城県仙台市青葉区木町通一丁目４番,国土地理院
宮城県仙台市青葉区木町通二丁目６番62号,38.274158,140.868393,宮城県仙台市青葉区木町通二丁目６番６２号,国土地理院
宮城県仙台市青葉区本町一丁目９番32号,38.264854,140.877609,宮城県仙台市青葉区本町一丁目９番３２号,国土地理院
宮城県仙台市青葉区本町二丁目９番26号,38.264774,140.876175,宮城県仙台市青葉区本町二丁目９番２６号,国土地理院
宮城県仙台市青葉区立町2番14号,38.261780,140.865784,宮城県仙台市青葉区立町２番１４号,国土地理院
宮城県仙台市青葉区立町７番18号,38.262363,140.864609,宮城県仙台市青葉区立町７番１８号,国土地理院
宮城県仙台市青葉区花京院二丁目１番６号,38.266705,140.879761,宮城県仙台市青葉区花京院二丁目１番６号,国土地理院
岡山県岡山市北区中央町６番２号,34.657452,133.923279,岡山県岡山市北区中央町６番２号,国土地理院
岡山県岡山市北区表町三丁目10番21号,34.657860,133.930328,岡山県岡山市北区表町三丁目１０番２１号,国土地理院
広島県広島市南区段原一丁目２番２号,34.390839,132.475693,広島県広島市南区段原一丁目２番２号,国土地理院
広島県広島市東区光が丘２番40号,34.404495,132.478409,広島県広島市東区光が丘２番４０号,国土地理院
広島県広島市西区中広町二丁目20番１号,34.403423,132.442398,広島県広島市西区中広町二丁目２０番１号,国土地理院
愛知県一宮市本町四丁目４番14号,35.301113,136.801712,愛知県一宮市本町四丁目４番１４号,国土地理院
愛知県一宮市栄二丁目７番９号,35.305458,136.797089,愛知県一宮市栄二丁目７番９号,国土地理院
愛知県半田市乙川町12番地他,34.904152,136.939896,愛知県半田市乙川町１２番地,国土地理院
愛知県名古屋市中区丸の内三丁目23番23号,35.173599,136.902191,愛知県名古屋市中区丸の内三丁目２３番２３号,国土地理院
愛知県名古屋市中区丸の内三丁目４番22号,35.176922,136.905411,愛知県名古屋市中区丸の内三丁目４番２２号,国土地理院
愛知県名古屋市中区丸の内二丁目19番３号,35.174141,136.899628,愛知県名古屋市中区丸の内二丁目１９番３号,国土地理院
愛知県名古屋市中区千代田三丁目32番33号,35.153923,136.911789,愛知県名古屋市中区千代田三丁目３２番３３号,国土地理院
愛知県名古屋市中区千代田三丁目33番19号,35.153728,136.911163,愛知県名古屋市中区千代田三丁目３３番１９号,国土地理院
愛知県名古屋市中区千代田三丁目33番20号,35.153786,136.911087,愛知県名古屋市中区千代田三丁目３３番２０号,国土地理院
愛知県名古屋市中区千代田三丁目34番15号,35.154079,136.910629,愛知県名古屋市中区千代田三丁目３４番１５号,国土地理院
愛知県名古屋市中区千代田三丁目３番８号,35.156242,136.911575,愛知県名古屋市中区千代田三丁目３番８号,国土地理院
愛知県名古屋市中区千代田二丁目10番16号,35.157871,136.915009,愛知県名古屋市中区千代田二丁目１０番１６号,国土地理院
愛知県名古屋市中区千代田二丁目20番1号,35.157162,136.911926,愛知県名古屋市中区千代田二丁目２０番１号,国土地理院
愛知県名古屋市中区千代田二丁目２番27号,35.158722,136.910538,愛知県名古屋市中区千代田二丁目２番２７号,国土地理院
愛知県名古屋市中区大須一丁目29番32号,35.159283,136.894440,愛知県名古屋市中区大須一丁目２９番３２号,国土地理院
愛知県名古屋市中区富士見町５番７号,35.153786,136.908295,愛知県名古屋市中区富士見町５番７号,国土地理院
愛知県名古屋市中区新栄一丁目28番21号,35.164722,136.915436,愛知県名古屋市中区新栄一丁目２８番２１号,国土地理院
愛知県名古屋市中区新栄一丁目29番21号,35.163807,136.915543,愛知県名古屋市中区新栄一丁目２９番２１号,国土地理院
愛知県名古屋市中区松原二丁目10番12号,35.155998,136.898026,愛知県名古屋市中区松原二丁目１０番１２号,国土地理院
愛知県名古屋市中区栄一丁目25番23号,35.162796,136.896469,愛知県名古屋市中区栄一丁目２５番２３号,国土地理院
愛知県名古屋市中区栄四丁目16番10号,35.166653,136.910553,愛知県名古屋市中区栄四丁目１６番１０号,国土地理院
愛知県名古屋市中区正木二丁目4番26号,35.148037,136.894577,愛知県名古屋市中区正木二丁目４番２６号,国土地理院
愛知県名古屋市中区正木二丁目４番３号,35.148529,136.894791,愛知県名古屋市中区正木二丁目４番３号,国土地理院
愛知県名古屋市中区正木四丁目２番14号,35.143803,136.896194,愛知県名古屋市中区正木四丁目２番１４号,国土地理院
愛知県名古屋市中区金山三丁目11番9号,35.145260,136.906494,愛知県名古屋市中区金山三丁目１１番９号,国土地理院
愛知県名古屋市中区金山二丁目1番22号,35.146435,136.903152,愛知県名古屋市中区金山二丁目１番２２号,国土地理院
愛知県名古屋市中区錦一丁目８番49号,35.170502,136.892853,愛知県名古屋市中区錦一丁目８番４９号,国土地理院
愛知県名古屋市中区錦二丁目9番27号,35.1705536191433,136.897684335708,公式座標,https://www.nre-mf.co.jp/ja/portfolio/
愛知県名古屋市中川区八熊一丁目５番20号,35.141647,136.894928,愛知県名古屋市中川区八熊一丁目５番２０号,国土地理院
愛知県名古屋市中川区西日置二丁目20番22号,35.156048,136.887939,愛知県名古屋市中川区西日置二丁目２０番２２号,国土地理院
愛知県名古屋市中村区名駅南三丁目15番６号,35.162064,136.888840,愛知県名古屋市中村区名駅南三丁目１５番６号,国土地理院
愛知県名古屋市中村区名駅南三丁目3番16号,35.160145,136.892380,愛知県名古屋市中村区名駅南三丁目３番１６号,国土地理院
愛知県名古屋市中村区名駅南二丁目７番67号,35.164619,136.889175,愛知県名古屋市中村区名駅南二丁目７番６７号,国土地理院
愛知県名古屋市中村区名駅南五丁目６番20号,35.159237,136.889374,愛知県名古屋市中村区名駅南五丁目６番２０号,国土地理院
愛知県名古屋市中村区太閤通四丁目31番地,35.167957,136.869400,愛知県名古屋市中村区太閤通四丁目３１番地,国土地理院
愛知県名古屋市中村区那古野一丁目38番11号,35.173485,136.892654,愛知県名古屋市中村区那古野一丁目３８番１１号,国土地理院
愛知県名古屋市中村区那古野一丁目39番３号,35.173496,136.892609,愛知県名古屋市中村区那古野一丁目３９番３号,国土地理院
愛知県名古屋市北区上飯田西町一丁目29番１他,35.202827,136.928986,愛知県名古屋市北区上飯田西町一丁目２９番地,国土地理院
愛知県名古屋市北区志賀南通二丁目７番地,35.196995,136.913010,愛知県名古屋市北区志賀南通二丁目７番地,国土地理院
愛知県名古屋市北区志賀本通一丁目43番地,35.196678,136.918579,愛知県名古屋市北区志賀本通一丁目４３番地,国土地理院
愛知県名古屋市北区若葉通一丁目15番地２,35.196518,136.922119,愛知県名古屋市北区若葉通一丁目１５番地,国土地理院
愛知県名古屋市千種区内山三丁目14番14号,35.171101,136.933594,愛知県名古屋市千種区内山三丁目１４番１４号,国土地理院
愛知県名古屋市千種区北千種一丁目１番11号,35.181629,136.943344,愛知県名古屋市千種区北千種一丁目１番１１号,国土地理院
愛知県名古屋市千種区古出来三丁目３番５号,35.181412,136.941330,愛知県名古屋市千種区古出来三丁目３番５号,国土地理院
愛知県名古屋市千種区富士見台一丁目25番地,35.181934,136.967957,愛知県名古屋市千種区富士見台一丁目２５番地,国土地理院
愛知県名古屋市千種区穂波町三丁目55番地,35.163166,136.959152,愛知県名古屋市千種区穂波町三丁目５５番地,国土地理院
愛知県名古屋市千種区萱場二丁目16番17号,35.184780,136.948090,愛知県名古屋市千種区萱場二丁目１６番１７号,国土地理院
愛知県名古屋市千種区萱場二丁目7番13号,35.183723,136.946915,愛知県名古屋市千種区萱場二丁目７番１３号,国土地理院
愛知県名古屋市千種区高見二丁目6番7号,35.170025,136.946304,愛知県名古屋市千種区高見二丁目６番７号,国土地理院
愛知県名古屋市名東区上社四丁目17番１,35.170631,137.005814,愛知県名古屋市名東区上社四丁目１７番地,国土地理院
愛知県名古屋市昭和区車田町二丁目22番1号,35.158001,136.933945,愛知県名古屋市昭和区車田町二丁目２２番地,国土地理院
愛知県名古屋市昭和区阿由知通二丁目17番地2,35.153133,136.934570,愛知県名古屋市昭和区阿由知通二丁目１７番地,国土地理院
愛知県名古屋市昭和区鶴舞二丁目９番３号,35.151897,136.916687,愛知県名古屋市昭和区鶴舞二丁目９番３号,国土地理院
愛知県名古屋市東区徳川二丁目８番５号,35.185635,136.927277,愛知県名古屋市東区徳川二丁目８番５号,国土地理院
愛知県名古屋市東区東桜二丁目17番17号,35.171387,136.919098,愛知県名古屋市東区東桜二丁目１７番１７号,国土地理院
愛知県名古屋市東区東桜二丁目17番25号,35.170853,136.918839,愛知県名古屋市東区東桜二丁目１７番２５号,国土地理院
愛知県名古屋市東区橦木町三丁目70番,35.179874,136.919312,愛知県名古屋市東区橦木町三丁目７０番地,国土地理院
愛知県名古屋市東区泉一丁目10番18号,35.176022,136.911377,愛知県名古屋市東区泉一丁目１０番１８号,国土地理院
愛知県名古屋市東区泉一丁目12番１号,35.177006,136.908524,愛知県名古屋市東区泉一丁目１２番１号,国土地理院
愛知県名古屋市東区泉一丁目３番43号,35.177876,136.909897,愛知県名古屋市東区泉一丁目３番４３号,国土地理院
愛知県名古屋市東区泉二丁目28番18号,35.174423,136.916061,愛知県名古屋市東区泉二丁目２８番１８号,国土地理院
愛知県名古屋市東区白壁二丁目14番27号,35.185089,136.912277,愛知県名古屋市東区白壁二丁目１４番２７号,国土地理院
愛知県名古屋市東区矢田南三丁目11番7号,35.185360,136.944626,愛知県名古屋市東区矢田南三丁目１１番７号,国土地理院
愛知県名古屋市東区葵三丁目11番22号,35.172768,136.930756,愛知県名古屋市東区葵三丁目１１番２２号,国土地理院
愛知県名古屋市東区葵二丁目12番27号,35.170551,136.924377,愛知県名古屋市東区葵二丁目１２番２７号,国土地理院
愛知県名古屋市港区高木町四丁目34番１号,35.099384,136.848648,愛知県名古屋市港区高木町四丁目３４番地,国土地理院
愛知県名古屋市熱田区一番一丁目20番23号,35.125183,136.897537,愛知県名古屋市熱田区一番一丁目２０番２３号,国土地理院
愛知県名古屋市熱田区伝馬一丁目１番14号,35.121147,136.907578,愛知県名古屋市熱田区伝馬一丁目１番１４号,国土地理院
愛知県名古屋市熱田区六番三丁目５番３号,35.123005,136.887787,愛知県名古屋市熱田区六番三丁目５番３号,国土地理院
愛知県名古屋市熱田区六番二丁目８番30号,35.121212,136.887985,愛知県名古屋市熱田区六番二丁目８番３０号,国土地理院
愛知県名古屋市熱田区四番一丁目２番24号,35.126667,136.890289,愛知県名古屋市熱田区四番一丁目２番２４号,国土地理院
愛知県名古屋市熱田区横田一丁目７番８号,35.131786,136.908295,愛知県名古屋市熱田区横田一丁目７番８号,国土地理院
愛知県名古屋市瑞穂区堀田通七丁目14番１号,35.124275,136.920731,愛知県名古屋市瑞穂区堀田通七丁目１４番地,国土地理院
愛知県名古屋市瑞穂区大喜新町一丁目４番２号,35.126785,136.921280,愛知県名古屋市瑞穂区大喜新町一丁目４番地,国土地理院
愛知県名古屋市瑞穂区瑞穂通二丁目43番,35.134804,136.934250,愛知県名古屋市瑞穂区瑞穂通二丁目４３番地,国土地理院
愛知県名古屋市瑞穂区瑞穂通八丁目17番2号,35.117290,136.936874,愛知県名古屋市瑞穂区瑞穂通八丁目１７番地,国土地理院
愛知県名古屋市瑞穂区駒場町二丁目６番地１ 他,35.138477,136.932251,愛知県名古屋市瑞穂区駒場町二丁目６番地,国土地理院
愛知県名古屋市西区上名古屋二丁目16番２号,35.193470,136.894470,愛知県名古屋市西区上名古屋二丁目１６番２号,国土地理院
愛知県名古屋市西区上名古屋二丁目２番３号,35.192520,136.894318,愛知県名古屋市西区上名古屋二丁目２番３号,国土地理院
愛知県名古屋市西区城西4-20-3,35.191193,136.891708,愛知県名古屋市西区城西四丁目２０番３号,国土地理院
愛知県名古屋市西区幅下二丁目11番21号,35.178596,136.891602,愛知県名古屋市西区幅下二丁目１１番２１号,国土地理院
愛知県名古屋市西区浅間一丁目５番６号,35.184940,136.890686,愛知県名古屋市西区浅間一丁目５番６号,国土地理院
愛知県名古屋市西区那古野二丁目22番19号,35.175087,136.888657,愛知県名古屋市西区那古野二丁目２２番１９号,国土地理院
愛知県名古屋市西区那古野二丁目25番12号,35.174885,136.887360,愛知県名古屋市西区那古野二丁目２５番１２号,国土地理院
愛知県安城市今池町一丁目22番14号,34.988354,137.082626,愛知県安城市今池町一丁目２２番１４号,国土地理院
愛知県春日井市勝川町六丁目69番地　他,35.228306,136.954132,愛知県春日井市勝川町六丁目６９番地,国土地理院
愛知県春日井市如意申町七丁目２番７号,35.244427,136.949203,愛知県春日井市如意申町七丁目２番,国土地理院
愛知県春日井市旭町一丁目２番地１,35.231857,136.955475,愛知県春日井市旭町一丁目２番地,国土地理院
愛知県豊田市神明町三丁目51番,35.085640,137.162292,愛知県豊田市神明町三丁目５１番地,国土地理院
新潟県新潟市中央区上大川前通一番町154番地,37.914833,139.042725,新潟県新潟市中央区上大川前通一番町,国土地理院
新潟県新潟市中央区笹口二丁目８番４号,37.910248,139.065430,新潟県新潟市中央区笹口二丁目８番,国土地理院
新潟県新潟市中央区米山一丁目10番24号,37.908710,139.059998,新潟県新潟市中央区米山一丁目１０番,国土地理院
東京都三鷹市下連雀三丁目16番3号,35.700615,139.562775,東京都三鷹市下連雀三丁目１６番３号,国土地理院
東京都世田谷区三宿二丁目11番17号,35.652725,139.675705,東京都世田谷区三宿二丁目１１番１７号,国土地理院
東京都世田谷区三軒茶屋一丁目41番８号,35.643742,139.672134,東京都世田谷区三軒茶屋一丁目４１番８号,国土地理院
東京都世田谷区三軒茶屋二丁目19番７号,35.642879,139.665329,東京都世田谷区三軒茶屋二丁目１９番７号,国土地理院
東京都世田谷区三軒茶屋二丁目41番1号,35.640041,139.664871,東京都世田谷区三軒茶屋二丁目４１番１号,国土地理院
東京都世田谷区三軒茶屋二丁目41番3号,35.6400716189009,139.664383605122,公式座標,https://www.nre-mf.co.jp/ja/portfolio/
東京都世田谷区三軒茶屋二丁目46番３号,35.640057,139.661942,東京都世田谷区三軒茶屋二丁目４６番３号,国土地理院
東京都世田谷区上北沢四丁目28番６号,35.670231,139.618759,東京都世田谷区上北沢四丁目２８番６号,国土地理院
東京都世田谷区上用賀一丁目22番23号,35.635380,139.635056,東京都世田谷区上用賀一丁目２２番２３号,国土地理院
東京都世田谷区上用賀六丁目5−2,35.6328537846074,139.624682888388,公式座標,https://www.nre-mf.co.jp/ja/portfolio/
東京都世田谷区上祖師谷二丁目38番30号,35.664524,139.596863,東京都世田谷区上祖師谷二丁目３８番３０号,国土地理院
東京都世田谷区上馬三丁目６番11号,35.635208,139.664490,東京都世田谷区上馬三丁目６番１１号,国土地理院
東京都世田谷区上馬二丁目３番４号,35.636311,139.663971,東京都世田谷区上馬二丁目３番４号,国土地理院
東京都世田谷区上馬四丁目40番３号,35.639004,139.659943,東京都世田谷区上馬四丁目４０番３号,国土地理院
東京都世田谷区下馬三丁目11番6,35.635033,139.674255,東京都世田谷区下馬三丁目１１番６号,国土地理院
東京都世田谷区下馬二丁目27番13号,35.642189,139.680740,東京都世田谷区下馬二丁目２７番１３号,国土地理院
東京都世田谷区下馬六丁目46番６号,35.631813,139.680023,東京都世田谷区下馬六丁目４６番６号,国土地理院
東京都世田谷区世田谷一丁目45番９号,35.641613,139.644562,東京都世田谷区世田谷一丁目４５番９号,国土地理院
東京都世田谷区代沢二丁目39番13,35.659447,139.673950,東京都世田谷区代沢二丁目３９番１３号,国土地理院
東京都世田谷区代沢五丁目4番18号,35.655964,139.666168,東京都世田谷区代沢五丁目４番１８号,国土地理院
東京都世田谷区北沢一丁目15番５号,35.662357,139.674973,東京都世田谷区北沢一丁目１５番５号,国土地理院
東京都世田谷区北沢一丁目42番３号,35.661617,139.671371,東京都世田谷区北沢一丁目４２番３号,国土地理院
東京都世田谷区北沢一丁目506番　他４筆,35.662769,139.672836,東京都世田谷区北沢一丁目,国土地理院
東京都世田谷区北沢二丁目20-17,35.6608790087897,139.66711878776505,公式座標,https://www.nre-mf.co.jp/ja/portfolio/
東京都世田谷区南烏山三丁目21番15号,35.672684,139.606552,東京都世田谷区南烏山三丁目２１番１５号,国土地理院
東京都世田谷区南烏山五丁目19番11号,35.6669519,139.6022437,公式座標,https://www.nre-mf.co.jp/ja/portfolio/
東京都世田谷区南烏山五丁目7番4号,35.6683568137006,139.603744894266,公式座標,https://www.nre-mf.co.jp/ja/portfolio/
東京都世田谷区南烏山四丁目10番24号,35.6690705193624,139.601825773715,公式座標,https://www.nre-mf.co.jp/ja/portfolio/
東京都世田谷区南烏山四丁目1番11号,35.6706643856541,139.605268388986,公式座標,https://www.nre-mf.co.jp/ja/portfolio/
東京都世田谷区南烏山四丁目４番９号,35.669170,139.603790,東京都世田谷区南烏山四丁目４番９号,国土地理院
東京都世田谷区太子堂一丁目15番31号,35.64212839757851,139.674725982209,公式座標,https://www.nre-mf.co.jp/ja/portfolio/
東京都世田谷区太子堂一丁目4番25号,35.645982618972,139.676342904567,公式座標,https://www.nre-mf.co.jp/ja/portfolio/
東京都世田谷区太子堂一丁目３番39号,35.646236,139.678391,東京都世田谷区太子堂一丁目３番３９号,国土地理院
東京都世田谷区太子堂二丁目37番２号,35.648296,139.672821,東京都世田谷区太子堂二丁目３７番２号,国土地理院
東京都世田谷区太子堂四丁目23番11号,35.6443493,139.6706341,公式座標,https://www.nre-mf.co.jp/ja/portfolio/
東京都世田谷区尾山台三丁目９番10号,35.604336,139.652313,東京都世田谷区尾山台三丁目９番１０号,国土地理院
東京都世田谷区弦巻二丁目10番９号,35.636181,139.653488,東京都世田谷区弦巻二丁目１０番９号,国土地理院
東京都世田谷区弦巻四丁目12番17号,35.634430,139.640350,東京都世田谷区弦巻四丁目１２番１７号,国土地理院
東京都世田谷区桜上水五丁目23番９号,35.667019,139.631912,東京都世田谷区桜上水五丁目２３番９号,国土地理院
東京都世田谷区桜丘五丁目40番4号,35.6466571458749,139.619103223085,公式座標,https://www.nre-mf.co.jp/ja/portfolio/
東京都世田谷区池尻三丁目23番２号,35.648411,139.679855,東京都世田谷区池尻三丁目２３番２号,国土地理院
東京都世田谷区池尻三丁目24番20号,35.648438,139.678940,東京都世田谷区池尻三丁目２４番,国土地理院
東京都世田谷区池尻二丁目31番18号,35.649826,139.683395,東京都世田谷区池尻二丁目３１番１８号,国土地理院
東京都世田谷区池尻四丁目８番25号,35.653435,139.680359,東京都世田谷区池尻四丁目８番２５号,国土地理院
東京都世田谷区深沢一丁目７番１号,35.613998,139.662277,東京都世田谷区深沢一丁目７番１号,国土地理院
東京都世田谷区深沢二丁目1番2号,35.620161525109836,139.6647182539673,公式座標,https://www.nre-mf.co.jp/ja/portfolio/
東京都世田谷区瀬田五丁目39番20号,35.626678,139.626465,東京都世田谷区瀬田五丁目３９番２０号,国土地理院
東京都世田谷区玉川台一丁目14番12号,35.62469229651024,139.63410307116396,公式座標,https://www.nre-mf.co.jp/ja/portfolio/
東京都世田谷区玉川台一丁目３番12号,35.622017,139.632553,東京都世田谷区玉川台一丁目３番１２号,国土地理院
東京都世田谷区用賀三丁目24番３号,35.630909,139.636902,東京都世田谷区用賀三丁目２４番３号,国土地理院
東京都世田谷区用賀三丁目3番20号,35.632206,139.638672,東京都世田谷区用賀三丁目３番２０号,国土地理院
東京都世田谷区用賀三丁目6番3号,35.6300495,139.6372373,公式座標,https://www.nre-mf.co.jp/ja/portfolio/
東京都世田谷区用賀二丁目27番5号,35.6246844317496,139.637794196605,公式座標,https://www.nre-mf.co.jp/ja/portfolio/
東京都世田谷区用賀二丁目32番８号,35.624928,139.634583,東京都世田谷区用賀二丁目３２番８号,国土地理院
東京都世田谷区等々力七丁目14番13号,35.614136,139.656754,東京都世田谷区等々力七丁目１４番１３号,国土地理院
東京都世田谷区粕谷三丁目32番16号,35.6626159942235,139.606758356094,公式座標,https://www.nre-mf.co.jp/ja/portfolio/
東京都世田谷区羽根木一丁目27番７号,35.665833,139.657791,東京都世田谷区羽根木一丁目２７番７号,国土地理院
東京都世田谷区羽根木一丁目９番14号,35.665936,139.660736,東京都世田谷区羽根木一丁目９番１４号,国土地理院
東京都世田谷区若林三丁目７番13,35.643486,139.658829,東京都世田谷区若林三丁目７番１３号,国土地理院
東京都世田谷区若林四丁目33番14号,35.648499,139.655670,東京都世田谷区若林四丁目３３番１４号,国土地理院
東京都世田谷区若林四丁目39番４号,35.648438,139.656158,東京都世田谷区若林四丁目３９番４号,国土地理院
東京都世田谷区野沢三丁目9番13号,35.629086,139.677353,東京都世田谷区野沢三丁目９番１３号,国土地理院
東京都世田谷区野沢三丁目５番16号,35.629559,139.673706,東京都世田谷区野沢三丁目５番１６号,国土地理院
東京都世田谷区駒沢三丁目２番21号,35.631458,139.655899,東京都世田谷区駒沢三丁目２番２１号,国土地理院
東京都世田谷区駒沢二丁目１番５号,35.633053,139.660507,東京都世田谷区駒沢二丁目１番５号,国土地理院
東京都世田谷区駒沢二丁目７番１号,35.632721,139.660065,東京都世田谷区駒沢二丁目７番１号,国土地理院
東京都世田谷区駒沢四丁目11番２号,35.626404,139.655487,東京都世田谷区駒沢四丁目１１番２号,国土地理院
東京都中央区佃二丁目11番14号,35.666824,139.784912,東京都中央区佃二丁目１１番１４号,国土地理院
東京都中央区入船一丁目３番１号,35.672894,139.776398,東京都中央区入船一丁目３番１号,国土地理院
東京都中央区入船三丁目10番10号,35.669891,139.776733,東京都中央区入船三丁目１０番１０号,国土地理院
東京都中央区入船三丁目10番８号,35.669815,139.777039,東京都中央区入船三丁目１０番８号,国土地理院
東京都中央区入船二丁目６番４号,35.672222,139.777374,東京都中央区入船二丁目６番４号,国土地理院
東京都中央区入船二丁目８番８号,35.671719,139.777603,東京都中央区入船二丁目８番８号,国土地理院
東京都中央区八丁堀一丁目8番5号,35.6775721,139.77751920000003,公式座標,https://www.nre-mf.co.jp/ja/portfolio/
東京都中央区八丁堀三丁目18番6号,35.674808,139.776283,公式座標,https://www.nre-mf.co.jp/ja/portfolio/
東京都中央区八丁堀三丁目22番13号,35.6751038589435,139.777454137802,公式座標,https://www.nre-mf.co.jp/ja/portfolio/
東京都中央区八丁堀三丁目27番５号,35.675018,139.779358,東京都中央区八丁堀三丁目２７番５号,国土地理院
東京都中央区八丁堀二丁目21番6号,35.6759373402873,139.777283817529,公式座標,https://www.nre-mf.co.jp/ja/portfolio/
東京都中央区八丁堀四丁目11番9,35.674080,139.778244,東京都中央区八丁堀四丁目１１番９号,国土地理院
東京都中央区八丁堀四丁目８番７号,35.674244,139.776505,東京都中央区八丁堀四丁目８番７号,国土地理院
東京都中央区勝どき三丁目16-2,35.658009,139.773636,東京都中央区勝どき三丁目１６番２号,国土地理院
東京都中央区勝どき三丁目５番５号,35.658539,139.776215,東京都中央区勝どき三丁目５番５号,国土地理院
東京都中央区勝どき六丁目5番6号,35.6548251247369,139.77285683155,公式座標,https://www.nre-mf.co.jp/ja/portfolio/
東京都中央区勝どき四丁目２番11号,35.657833,139.775803,東京都中央区勝どき四丁目２番１１号,国土地理院
東京都中央区新富一丁目６番10号,35.672150,139.773239,東京都中央区新富一丁目６番１０号,国土地理院
東京都中央区新川一丁目17番24号,35.67836774522679,139.7835873558197,公式座標,https://www.nre-mf.co.jp/ja/portfolio/
東京都中央区新川一丁目1番7号,35.679378,139.782159,公式座標,https://www.nre-mf.co.jp/ja/portfolio/
東京都中央区新川一丁目25番14号,35.676361,139.784286,東京都中央区新川一丁目２５番１４号,国土地理院
東京都中央区新川一丁目26番６号,35.676193,139.784424,東京都中央区新川一丁目２６番６号,国土地理院
東京都中央区新川一丁目31番7号,35.6760397454617,139.786175340414,公式座標,https://www.nre-mf.co.jp/ja/portfolio/
東京都中央区新川二丁目12番６号,35.675381,139.781876,東京都中央区新川二丁目１２番６号,国土地理院
東京都中央区新川二丁目15番５号,35.675053,139.783646,東京都中央区新川二丁目１５番５号,国土地理院
東京都中央区新川二丁目16番10号,35.6751323293761,139.782579839229,公式座標,https://www.nre-mf.co.jp/ja/portfolio/
東京都中央区新川二丁目17番10号,35.674732,139.781860,東京都中央区新川二丁目１７番１０号,国土地理院
東京都中央区新川二丁目24番３号,35.674583,139.782974,東京都中央区新川二丁目２４番３号,国土地理院
東京都中央区新川二丁目9番11号,35.675039,139.780187,公式座標,https://www.nre-mf.co.jp/ja/portfolio/
東京都中央区新川二丁目７番11号,35.675930,139.780243,東京都中央区新川二丁目７番１１号,国土地理院
東京都中央区日本橋中洲12番10号,35.684174,139.791245,東京都中央区日本橋中洲１２番１０号,国土地理院
東京都中央区日本橋人形町一丁目11番７号,35.684299,139.783218,東京都中央区日本橋人形町一丁目１１番７号,国土地理院
東京都中央区日本橋人形町一丁目２番３号,35.685143,139.780487,東京都中央区日本橋人形町一丁目２番３号,国土地理院
東京都中央区日本橋人形町三丁目４番15号,35.685955,139.781250,東京都中央区日本橋人形町三丁目４番１５号,国土地理院
東京都中央区日本橋人形町三丁目５番10号,35.686539,139.780975,東京都中央区日本橋人形町三丁目５番１０号,国土地理院
東京都中央区日本橋人形町三丁目６番３号,35.687012,139.781036,東京都中央区日本橋人形町三丁目６番３号,国土地理院
東京都中央区日本橋兜町11番２号,35.680866,139.776947,東京都中央区日本橋兜町１１番２号,国土地理院
東京都中央区日本橋堀留町一丁目１番６号,35.687454,139.779373,東京都中央区日本橋堀留町一丁目１番６号,国土地理院
東京都中央区日本橋堀留町二丁目4番8号,35.689800,139.779892,東京都中央区日本橋堀留町二丁目４番８号,国土地理院
東京都中央区日本橋大伝馬町6番8号,35.6897487960808,139.779117107391,公式座標,https://www.nre-mf.co.jp/ja/portfolio/
東京都中央区日本橋富沢町12番11号,35.690601,139.782013,東京都中央区日本橋富沢町１２番１１号,国土地理院
東京都中央区日本橋富沢町７番15号,35.688587,139.783310,東京都中央区日本橋富沢町７番１５号,国土地理院
東京都中央区日本橋富沢町８番12号,35.689323,139.783157,東京都中央区日本橋富沢町８番１２号,国土地理院
東京都中央区日本橋小網町17番17号,35.684315,139.780212,東京都中央区日本橋小網町１７番１７号,国土地理院
東京都中央区日本橋小網町２番１号,35.680370,139.782883,東京都中央区日本橋小網町２番１号,国土地理院
東京都中央区日本橋小網町９番５号,35.683098,139.780350,東京都中央区日本橋小網町９番５号,国土地理院
東京都中央区日本橋小舟町8番6号,35.68577544985585,139.77834508035656,公式座標,https://www.nre-mf.co.jp/ja/portfolio/
東京都中央区日本橋本町三丁目4番5号,35.688911470775054,139.7746335362251,公式座標,https://www.nre-mf.co.jp/ja/portfolio/
東京都中央区日本橋本町三丁目６番７号,35.689003,139.776825,東京都中央区日本橋本町三丁目６番７号,国土地理院
東京都中央区日本橋本町四丁目10番5号,35.690479,139.775986,東京都中央区日本橋本町四丁目１０番５号,国土地理院
東京都中央区日本橋本町四丁目12番20号,35.6909481006919,139.775529652833,公式座標,https://www.nre-mf.co.jp/ja/portfolio/
東京都中央区日本橋本町四丁目3番6号,35.6900899,139.77375789999996,公式座標,https://www.nre-mf.co.jp/ja/portfolio/
東京都中央区日本橋本町四丁目６番８号,35.690514,139.774857,東京都中央区日本橋本町四丁目６番８号,国土地理院
東京都中央区日本橋本町四丁目６番９号,35.690495,139.775009,東京都中央区日本橋本町四丁目６番９号,国土地理院
東京都中央区日本橋横山町3番4号,35.6919436347064,139.781717509031,公式座標,https://www.nre-mf.co.jp/ja/portfolio/
東京都中央区日本橋横山町９番14号,35.693466,139.784897,東京都中央区日本橋横山町９番１４号,国土地理院
東京都中央区日本橋浜町一丁目３番13号,35.689754,139.786163,東京都中央区日本橋浜町一丁目３番１３号,国土地理院
東京都中央区日本橋浜町一丁目９番４号,35.690384,139.787399,東京都中央区日本橋浜町一丁目９番４号,国土地理院
東京都中央区日本橋浜町二丁目50番8号,35.686226152104,139.788979589939,公式座標,https://www.nre-mf.co.jp/ja/portfolio/
東京都中央区日本橋箱崎町33番４号,35.681263,139.787445,東京都中央区日本橋箱崎町３３番４号,国土地理院
東京都中央区日本橋箱崎町１番11号,35.678528,139.785202,東京都中央区日本橋箱崎町１番１１号,国土地理院
東京都中央区日本橋茅場町三丁目11番10号,35.677692299857,139.779106378555,公式座標,https://www.nre-mf.co.jp/ja/portfolio/
東京都中央区日本橋茅場町三丁目4番1号,35.67833462335289,139.7775864404755,公式座標,https://www.nre-mf.co.jp/ja/portfolio/
東京都中央区日本橋茅場町三丁目１番８号,35.678383,139.777222,東京都中央区日本橋茅場町三丁目１番８号,国土地理院
東京都中央区日本橋蛎殻町一丁目37番12号,35.682156,139.785278,東京都中央区日本橋蛎殻町一丁目３７番１２号,国土地理院
東京都中央区日本橋蛎殻町一丁目38番16号,35.682568,139.784912,東京都中央区日本橋蛎殻町一丁目３８番１６号,国土地理院
東京都中央区日本橋蛎殻町二丁目８番13号,35.682808,139.786530,東京都中央区日本橋蛎殻町二丁目８番１３号,国土地理院
東京都中央区日本橋馬喰町一丁目２番２号,35.692806,139.780487,東京都中央区日本橋馬喰町一丁目２番２号,国土地理院
東京都中央区日本橋馬喰町一丁目４番14号,35.692783,139.781464,東京都中央区日本橋馬喰町一丁目４番１４号,国土地理院
東京都中央区日本橋馬喰町二丁目4番3,35.695805,139.782150,東京都中央区日本橋馬喰町二丁目４番３号,国土地理院
東京都中央区日本橋馬喰町二丁目４番11号,35.696171,139.782181,東京都中央区日本橋馬喰町二丁目４番１１号,国土地理院
東京都中央区日本橋馬喰町二丁目６番14号,35.695541,139.784775,東京都中央区日本橋馬喰町二丁目６番１４号,国土地理院
東京都中央区月島三丁目12番４号,35.662277,139.781555,東京都中央区月島三丁目１２番４号,国土地理院
東京都中央区月島三丁目９番２号,35.663353,139.781616,東京都中央区月島三丁目９番２号,国土地理院
東京都中央区月島二丁目13番12号,35.663197,139.783447,東京都中央区月島二丁目１３番１２号,国土地理院
東京都中央区東日本橋一丁目２番11号,35.691151,139.785736,東京都中央区東日本橋一丁目２番１１号,国土地理院
東京都中央区東日本橋三丁目５番６号,35.690884,139.783096,東京都中央区東日本橋三丁目５番６号,国土地理院
東京都中央区東日本橋三丁目６番４号,35.690403,139.783096,東京都中央区東日本橋三丁目６番４号,国土地理院
東京都中央区東日本橋三丁目６番８号,35.690758,139.783600,東京都中央区東日本橋三丁目６番８号,国土地理院
東京都中央区東日本橋二丁目15番4号,35.6936655669625,139.785350561141,公式座標,https://www.nre-mf.co.jp/ja/portfolio/
東京都中央区湊三丁目１番３号,35.670925,139.778259,東京都中央区湊三丁目１番３号,国土地理院
東京都中央区湊三丁目２番８号,35.670288,139.777985,東京都中央区湊三丁目２番８号,国土地理院
東京都中央区湊三丁目４番10号,35.669712,139.777451,東京都中央区湊三丁目４番１０号,国土地理院
東京都中央区築地一丁目2番1号,35.670662,139.772644,東京都中央区築地一丁目２番１号,国土地理院
東京都中央区築地一丁目９番13号,35.669426,139.771439,東京都中央区築地一丁目９番１３号,国土地理院
東京都中央区築地七丁目７番８号,35.666195,139.774170,東京都中央区築地七丁目７番８号,国土地理院
東京都中央区銀座一丁目14番13号,35.673199,139.769455,東京都中央区銀座一丁目１４番１３号,国土地理院
東京都中央区銀座一丁目20番６号,35.672695,139.770676,東京都中央区銀座一丁目２０番６号,国土地理院
東京都中央区銀座一丁目23番４号,35.671982,139.771683,東京都中央区銀座一丁目２３番４号,国土地理院
東京都中央区銀座三丁目11番19号,35.671230,139.768845,東京都中央区銀座三丁目１１番１９号,国土地理院
東京都中央区銀座八丁目12番8号,35.6675478,139.7628287,公式座標,https://www.nre-mf.co.jp/ja/portfolio/
東京都中央区銀座八丁目18番２号,35.666336,139.764908,東京都中央区銀座八丁目１８番２号,国土地理院
東京都中央区銀座四丁目9番8号,35.670410052902,139.7668458601189,公式座標,https://www.nre-mf.co.jp/ja/portfolio/
東京都中野区上高田二丁目40番12号,35.710857,139.669785,東京都中野区上高田二丁目４０番１２号,国土地理院
東京都中野区上高田四丁目43番3号,35.7152752182519,139.676199406385,公式座標,https://www.nre-mf.co.jp/ja/portfolio/
東京都中野区上鷺宮四丁目16番13号,35.735287,139.629990,東京都中野区上鷺宮四丁目１６番１３号,国土地理院
東京都中野区上鷺宮四丁目６番13号,35.733685,139.628845,東京都中野区上鷺宮四丁目６番１３号,国土地理院
東京都中野区中央一丁目29番17号,35.698833,139.686005,東京都中野区中央一丁目２９番１７号,国土地理院
東京都中野区中央二丁目8番22号,35.698250,139.682770,東京都中野区中央二丁目８番２２号,国土地理院
東京都中野区中央五丁目48番2,35.701454,139.665054,東京都中野区中央五丁目４８番２号,国土地理院
東京都中野区中野三丁目36番11号,35.705379,139.664719,東京都中野区中野三丁目３６番１１号,国土地理院
東京都中野区南台五丁目25番６号,35.684265,139.660995,東京都中野区南台五丁目２５番６号,国土地理院
東京都中野区弥生町五丁目13番1,35.688416,139.668167,東京都中野区弥生町五丁目１３番１号,国土地理院
東京都中野区弥生町六丁目10番12号,35.684326,139.660675,東京都中野区弥生町六丁目１０番１２号,国土地理院
東京都中野区新井二丁目12番13号,35.713772,139.665955,東京都中野区新井二丁目１２番１３号,国土地理院
東京都中野区本町五丁目35番12号,35.693378,139.668503,東京都中野区本町五丁目３５番１２号,国土地理院
東京都中野区本町六丁目10番7,35.695740,139.666397,東京都中野区本町六丁目１０番７号,国土地理院
東京都中野区本町四丁目38番17号,35.695812,139.669174,東京都中野区本町四丁目３８番１７号,国土地理院
東京都中野区東中野一丁目45番７号,35.705173,139.685974,東京都中野区東中野一丁目４５番７号,国土地理院
東京都中野区東中野二丁目19番４号,35.703308,139.681732,東京都中野区東中野二丁目１９番４号,国土地理院
東京都中野区東中野四丁目２番19号,35.707088,139.685669,東京都中野区東中野四丁目２番１９号,国土地理院
東京都中野区松が丘二丁目12番15,35.721233,139.671585,東京都中野区松が丘二丁目１２番１５号,国土地理院
東京都八王子市 南町6番10号,35.659130,139.332504,東京都八王子市南町６番１０号,国土地理院
東京都八王子市上野町18番18号,35.654922,139.329285,東京都八王子市上野町１８番地,国土地理院
東京都八王子市中町８番７号,35.658955,139.335556,東京都八王子市中町８番７号,国土地理院
東京都八王子市千人町二丁目３番10号,35.657852,139.312943,東京都八王子市千人町二丁目３番１０号,国土地理院
東京都八王子市堀之内三丁目30番５号,35.626633,139.400620,東京都八王子市堀之内三丁目３０番,国土地理院
東京都八王子市新町1番1号,35.659714,139.341583,東京都八王子市新町１番１号,国土地理院
東京都八王子市明神町二丁目21番８号,35.658810,139.344696,東京都八王子市明神町二丁目２１番８号,国土地理院
東京都八王子市石川町2969-16,35.673843597674,139.367757439613,公式座標,https://www.nre-mf.co.jp/ja/portfolio/
東京都八王子市石川町2970番地3,35.67411116018743,139.3708795759186,公式座標,https://www.nre-mf.co.jp/ja/portfolio/
東京都八王子市鑓水二丁目108番地4,35.6095474,139.3537702,公式座標,https://www.nre-mf.co.jp/ja/portfolio/
東京都北区上十条四丁目9番17号,35.763947,139.715729,東京都北区上十条四丁目９番１７号,国土地理院
東京都北区堀船一丁目26番14号,35.752041,139.744614,東京都北区堀船一丁目２６番１４号,国土地理院
東京都北区岩淵町24番16号,35.786346,139.722397,東京都北区岩淵町２４番１６号,国土地理院
東京都北区岩淵町37番４号,35.784561,139.721283,東京都北区岩淵町３７番４号,国土地理院
東京都北区志茂一丁目4番13号,35.775864,139.730347,東京都北区志茂一丁目４番１３号,国土地理院
東京都北区東十条二丁目14番13号,35.764133,139.729492,東京都北区東十条二丁目１４番１３号,国土地理院
東京都北区東十条二丁目５番９号,35.763317,139.729736,東京都北区東十条二丁目５番９号,国土地理院
東京都北区滝野川七丁目20番２号,35.742367,139.720413,東京都北区滝野川七丁目２０番２号,国土地理院
東京都北区滝野川七丁目24番１号,35.744076,139.722656,東京都北区滝野川七丁目２４番１号,国土地理院
東京都北区滝野川七丁目46番２号,35.741898,139.725830,東京都北区滝野川七丁目４６番２号,国土地理院
東京都北区滝野川七丁目48番２号,35.741154,139.724976,東京都北区滝野川七丁目４８番２号,国土地理院
東京都北区滝野川三丁目37番４号,35.747837,139.728149,東京都北区滝野川三丁目３７番４号,国土地理院
東京都北区滝野川三丁目37番６号,35.748096,139.728119,東京都北区滝野川三丁目３７番６号,国土地理院
東京都北区滝野川三丁目48番11号,35.749344,139.727570,東京都北区滝野川三丁目４８番１１号,国土地理院
東京都北区滝野川五丁目６番５号,35.745930,139.726212,東京都北区滝野川五丁目６番５号,国土地理院
東京都北区王子一丁目21番３号,35.755497,139.738647,東京都北区王子一丁目２１番３号,国土地理院
東京都北区王子三丁目15番９号,35.760632,139.737122,東京都北区王子三丁目１５番９号,国土地理院
東京都北区王子三丁目６番15号,35.759804,139.735703,東京都北区王子三丁目６番１５号,国土地理院
東京都北区王子二丁目25番8,35.757740,139.738571,東京都北区王子二丁目２５番８号,国土地理院
東京都北区王子五丁目10番３号,35.765156,139.735916,東京都北区王子五丁目１０番３号,国土地理院
東京都北区田端一丁目24番２号,35.735455,139.761871,東京都北区田端一丁目２４番２号,国土地理院
東京都北区田端新町二丁目24番１号,35.740379,139.766968,東京都北区田端新町二丁目２４番１号,国土地理院
東京都北区西ヶ原二丁目45番10号,35.745831,139.742264,東京都北区西ケ原二丁目４５番１０号,国土地理院
東京都北区西ヶ原四丁目51番35号他,35.743191,139.734879,東京都北区西ケ原四丁目５１番３５号,国土地理院
東京都北区赤羽一丁目28番8,35.781204,139.721832,東京都北区赤羽一丁目２８番８号,国土地理院
東京都北区赤羽二丁目39番5,35.781174,139.724319,東京都北区赤羽二丁目３９番５号,国土地理院
東京都千代田区九段南二丁目9番1号,35.6924397269516,139.744085446,公式座標,https://www.nre-mf.co.jp/ja/portfolio/
東京都千代田区九段南二丁目６番12号,35.693192,139.745010,東京都千代田区九段南二丁目６番１２号,国土地理院
東京都千代田区二番町7番地7,35.6851500844579,139.734621942043,公式座標,https://www.nre-mf.co.jp/ja/portfolio/
東京都千代田区六番町4番地3(住居表示未実施),35.68916660000001,139.73526049999998,公式座標,https://www.nre-mf.co.jp/ja/portfolio/
東京都千代田区内神田一丁目16番１号,35.691475,139.766327,東京都千代田区内神田一丁目１６番１号,国土地理院
東京都千代田区外神田二丁目5番9号,35.700667437918575,139.76901142638928,公式座標,https://www.nre-mf.co.jp/ja/portfolio/
東京都千代田区外神田二丁目５番６号,35.700672,139.768707,東京都千代田区外神田二丁目５番６号,国土地理院
東京都千代田区外神田二丁目９番５号,35.701286,139.768829,東京都千代田区外神田二丁目９番５号,国土地理院
東京都千代田区富士見二丁目1番9号,35.6995246070642,139.745893254876,公式座標,https://www.nre-mf.co.jp/ja/portfolio/
東京都千代田区岩本町一丁目２番１号,35.691349,139.775146,東京都千代田区岩本町一丁目２番１号,国土地理院
東京都千代田区岩本町三丁目11番6号,35.696641138623,139.77740317583,公式座標,https://www.nre-mf.co.jp/ja/portfolio/
東京都千代田区岩本町三丁目1番2号,35.6946251973368,139.77555245161,公式座標,https://www.nre-mf.co.jp/ja/portfolio/
東京都千代田区岩本町三丁目8番16号,35.6957557397771,139.777326732873,公式座標,https://www.nre-mf.co.jp/ja/portfolio/
東京都千代田区岩本町二丁目12番１号,35.694061,139.776657,東京都千代田区岩本町二丁目１２番１号,国土地理院
東京都千代田区岩本町二丁目12番６号,35.694546,139.776657,東京都千代田区岩本町二丁目１２番６号,国土地理院
東京都千代田区平河町二丁目7番3号,35.6790724,139.74017490000006,公式座標,https://www.nre-mf.co.jp/ja/portfolio/
東京都千代田区東神田三丁目１番９号,35.696991,139.781448,東京都千代田区東神田三丁目１番９号,国土地理院
東京都千代田区東神田二丁目９番19号,35.695942,139.780716,東京都千代田区東神田二丁目９番１９号,国土地理院
東京都千代田区神田三崎町三丁目２番６号,35.699558,139.752579,東京都千代田区神田三崎町三丁目２番,国土地理院
東京都千代田区神田佐久間河岸50番地6,35.697060,139.777130,東京都千代田区神田佐久間河岸５０番地,国土地理院
東京都千代田区神田佐久間町三丁目16番１,35.697334,139.778488,東京都千代田区神田佐久間町三丁目１６番地,国土地理院
東京都千代田区神田多町二丁目3番4号,35.692982,139.769012,東京都千代田区神田多町二丁目３番地,国土地理院
東京都千代田区神田多町二丁目４番地２,35.693874,139.769577,東京都千代田区神田多町二丁目４番地,国土地理院
東京都千代田区神田小川町三丁目24番地１,35.695763,139.762543,東京都千代田区神田小川町三丁目２４番,国土地理院
東京都千代田区神田小川町三丁目２番地66他,35.694798,139.762939,東京都千代田区神田小川町三丁目２番地,国土地理院
東京都千代田区神田小川町二丁目４番地,35.694618,139.763977,東京都千代田区神田小川町二丁目４番地,国土地理院
東京都千代田区神田東松下町25番地,35.694954,139.774261,東京都千代田区神田東松下町２５番地,国土地理院
東京都千代田区神田淡路町二丁目３番地,35.696606,139.767410,東京都千代田区神田淡路町二丁目３番,国土地理院
東京都千代田区神田淡路町二丁目３番地３,35.696606,139.767410,東京都千代田区神田淡路町二丁目３番,国土地理院
東京都千代田区神田神保町一丁目42番地２,35.697716,139.757797,東京都千代田区神田神保町一丁目４２番,国土地理院
東京都千代田区神田神保町一丁目50番地9,35.698486,139.758286,東京都千代田区神田神保町一丁目５０番,国土地理院
東京都千代田区神田神保町三丁目７番地,35.695450,139.753296,東京都千代田区神田神保町三丁目７番,国土地理院
東京都千代田区神田神保町二丁目23番地,35.695049,139.756042,東京都千代田区神田神保町二丁目２３番,国土地理院
東京都千代田区神田神保町二丁目40番地８,35.697754,139.755508,東京都千代田区神田神保町二丁目４０番,国土地理院
東京都千代田区神田須田町二丁目２番１,35.695381,139.772079,東京都千代田区神田須田町二丁目２番,国土地理院
東京都千代田区神田駿河台二丁目5番12号,35.7005151694627,139.760514646768,公式座標,https://www.nre-mf.co.jp/ja/portfolio/
東京都千代田区神田駿河台四丁目4番地1(住居表示未実施),35.698109,139.766349,公式座標,https://www.nre-mf.co.jp/ja/portfolio/
東京都千代田区鍛冶町一丁目9番19号,35.6904759,139.77256910000005,公式座標,https://www.nre-mf.co.jp/ja/portfolio/
東京都千代田区麹町四丁目4番地30,35.6845333977174,139.734849929809,公式座標,https://www.nre-mf.co.jp/ja/portfolio/
東京都台東区三ノ輪一丁目28番９号,35.729378,139.791412,東京都台東区三ノ輪一丁目２８番９号,国土地理院
東京都台東区三筋二丁目18番８号,35.706154,139.786240,東京都台東区三筋二丁目１８番８号,国土地理院
東京都台東区三筋二丁目21番10号,35.706516,139.785965,東京都台東区三筋二丁目２１番１０号,国土地理院
東京都台東区上野三丁目17番４号,35.705883,139.772324,東京都台東区上野三丁目１７番４号,国土地理院
東京都台東区上野三丁目4番2,35.703423,139.773560,東京都台東区上野三丁目４番２号,国土地理院
東京都台東区上野五丁目３番６号,35.703465,139.774445,東京都台東区上野五丁目３番６号,国土地理院
東京都台東区上野桜木一丁目15番５号,35.723072,139.774963,東京都台東区上野桜木一丁目１５番５号,国土地理院
東京都台東区下谷一丁目13番７号,35.720417,139.781311,東京都台東区下谷一丁目１３番７号,国土地理院
東京都台東区下谷三丁目20番19号,35.727158,139.789108,東京都台東区下谷三丁目２０番１９号,国土地理院
東京都台東区下谷三丁目１番28号,35.723362,139.786331,東京都台東区下谷三丁目１番２８号,国土地理院
東京都台東区下谷二丁目１番８号,35.720379,139.783920,東京都台東区下谷二丁目１番８号,国土地理院
東京都台東区元浅草一丁目21番５号,35.709316,139.782928,東京都台東区元浅草一丁目２１番５号,国土地理院
東京都台東区入谷一丁目12番１号,35.720058,139.787338,東京都台東区入谷一丁目１２番１号,国土地理院
東京都台東区入谷一丁目18番7,35.721218,139.785446,東京都台東区入谷一丁目１８番７号,国土地理院
東京都台東区北上野一丁目12番８号,35.718025,139.783249,東京都台東区北上野一丁目１２番８号,国土地理院
東京都台東区北上野一丁目15番５号,35.718884,139.783386,東京都台東区北上野一丁目１５番５号,国土地理院
東京都台東区北上野二丁目７番９号,35.716419,139.783600,東京都台東区北上野二丁目７番９号,国土地理院
東京都台東区台東2-13-10,35.703186,139.779099,東京都台東区台東二丁目１３番１０号,国土地理院
東京都台東区台東一丁目31番7号,35.7023774,139.776564,公式座標,https://www.nre-mf.co.jp/ja/portfolio/
東京都台東区台東一丁目１番13号,35.700729,139.780533,東京都台東区台東一丁目１番１３号,国土地理院
東京都台東区台東二丁目20番３号,35.703217,139.780350,東京都台東区台東二丁目２０番３号,国土地理院
東京都台東区台東四丁目７番２号,35.705830,139.777176,東京都台東区台東四丁目７番２号,国土地理院
東京都台東区寿三丁目13番６号,35.706783,139.792374,東京都台東区寿三丁目１３番６号,国土地理院
東京都台東区寿三丁目19番７号,35.708076,139.791245,東京都台東区寿三丁目１９番７号,国土地理院
東京都台東区小島二丁目８番７号,35.706032,139.784378,東京都台東区小島二丁目８番７号,国土地理院
東京都台東区日本堤二丁目18番３号,35.727280,139.795044,東京都台東区日本堤二丁目１８番３号,国土地理院
東京都台東区日本堤二丁目18番４号,35.727394,139.794952,東京都台東区日本堤二丁目１８番４号,国土地理院
東京都台東区東上野三丁目14番５号,35.710728,139.778854,東京都台東区東上野三丁目１４番５号,国土地理院
東京都台東区東上野二丁目６番２号,35.708748,139.780716,東京都台東区東上野二丁目６番２号,国土地理院
東京都台東区東上野五丁目4番15号,35.712322,139.782410,東京都台東区東上野五丁目４番１５号,国土地理院
東京都台東区東上野六丁目27番３号,35.715004,139.784393,東京都台東区東上野六丁目２７番３号,国土地理院
東京都台東区松が谷一丁目11番５号,35.712261,139.787811,東京都台東区松が谷一丁目１１番５号,国土地理院
東京都台東区柳橋一丁目25番2号,35.6974976,139.78773090000004,公式座標,https://www.nre-mf.co.jp/ja/portfolio/
東京都台東区柳橋二丁目15番２号,35.699760,139.788071,東京都台東区柳橋二丁目１５番２号,国土地理院
東京都台東区柳橋二丁目16番21号,35.699333,139.788589,東京都台東区柳橋二丁目１６番２１号,国土地理院
東京都台東区柳橋二丁目19番７号,35.698990,139.790253,東京都台東区柳橋二丁目１９番７号,国土地理院
東京都台東区柳橋二丁目20番10号,35.699368,139.790100,東京都台東区柳橋二丁目２０番１０号,国土地理院
東京都台東区柳橋二丁目21番8号,35.699627,139.789551,東京都台東区柳橋二丁目２１番８号,国土地理院
東京都台東区柳橋二丁目６番２号,35.698463,139.787308,東京都台東区柳橋二丁目６番２号,国土地理院
東京都台東区根岸三丁目18番15号,35.724342,139.783142,東京都台東区根岸三丁目１８番１５号,国土地理院
東京都台東区根岸五丁目10番10号,35.727692,139.787827,東京都台東区根岸五丁目１０番１０号,国土地理院
東京都台東区根岸五丁目24番４号,35.730915,139.791672,東京都台東区根岸五丁目２４番４号,国土地理院
東京都台東区根岸五丁目２番１号,35.725616,139.785873,東京都台東区根岸五丁目２番１号,国土地理院
東京都台東区池之端三丁目１番24号,35.715691,139.768753,東京都台東区池之端三丁目１番２４号,国土地理院
東京都台東区池之端二丁目１番43号,35.713249,139.768158,東京都台東区池之端二丁目１番４３号,国土地理院
東京都台東区浅草六丁目18番9号,35.7169816,139.8006996,公式座標,https://www.nre-mf.co.jp/ja/portfolio/
東京都台東区浅草六丁目24番4号,35.7176696,139.8011528,公式座標,https://www.nre-mf.co.jp/ja/portfolio/
東京都台東区浅草六丁目25番11号,35.7177409,139.8007595,公式座標,https://www.nre-mf.co.jp/ja/portfolio/
東京都台東区浅草橋三丁目9番3号,35.701115,139.784058,東京都台東区浅草橋三丁目９番３号,国土地理院
東京都台東区浅草橋二丁目27番８号,35.700165,139.786316,東京都台東区浅草橋二丁目２７番８号,国土地理院
東京都台東区浅草橋五丁目24番10号,35.701653,139.782364,東京都台東区浅草橋五丁目２４番１０号,国土地理院
東京都台東区浅草橋五丁目５番９号,35.700027,139.780899,東京都台東区浅草橋五丁目５番９号,国土地理院
東京都台東区竜泉二丁目６番８号,35.724773,139.787872,東京都台東区竜泉二丁目６番８号,国土地理院
東京都台東区花川戸一丁目10番13号,35.712975999593375,139.79945875459632,公式座標,https://www.nre-mf.co.jp/ja/portfolio/
東京都台東区花川戸一丁目７番５号,35.713032,139.798035,東京都台東区花川戸一丁目７番５号,国土地理院
東京都台東区蔵前一丁目５番５号,35.700478,139.788559,東京都台東区蔵前一丁目５番５号,国土地理院
東京都台東区蔵前一丁目７番６号,35.701431,139.789551,東京都台東区蔵前一丁目７番６号,国土地理院
東京都台東区蔵前三丁目９番４号,35.704834,139.790619,東京都台東区蔵前三丁目９番４号,国土地理院
東京都台東区蔵前二丁目10番8号,35.703621,139.793350,東京都台東区蔵前二丁目１０番８号,国土地理院
東京都台東区蔵前四丁目18番18,35.704189,139.788895,東京都台東区蔵前四丁目１８番１８号,国土地理院
東京都台東区谷中一丁目1番26号,35.720073881864764,139.76872751777364,公式座標,https://www.nre-mf.co.jp/ja/portfolio/
東京都台東区谷中三丁目７番９号,35.726192,139.764450,東京都台東区谷中三丁目７番９号,国土地理院
東京都台東区駒形一丁目10番6号,35.7087982956479,139.794385582208,公式座標,https://www.nre-mf.co.jp/ja/portfolio/
東京都台東区駒形一丁目10番9号,35.708874,139.794769,東京都台東区駒形一丁目１０番９号,国土地理院
東京都台東区駒形二丁目４番７号,35.705879,139.794174,東京都台東区駒形二丁目４番７号,国土地理院
東京都台東区鳥越二丁目2番2号,35.701870,139.787247,東京都台東区鳥越二丁目２番２号,国土地理院
東京都品川区上大崎一丁目1番17号,35.634468,139.720047,東京都品川区上大崎一丁目１番１７号,国土地理院
東京都品川区上大崎一丁目1番4,35.634560,139.720947,東京都品川区上大崎一丁目１番４号,国土地理院
東京都品川区上大崎二丁目18番３号,35.637188,139.714294,東京都品川区上大崎二丁目１８番３号,国土地理院
東京都品川区上大崎二丁目６番25号,35.638561,139.714645,東京都品川区上大崎二丁目６番２５号,国土地理院
東京都品川区上大崎二丁目８番１号,35.638409,139.714798,東京都品川区上大崎二丁目８番１号,国土地理院
東京都品川区中延六丁目３番10号,35.603054,139.713058,東京都品川区中延六丁目３番１０号,国土地理院
東京都品川区中延四丁目７番11号,35.604385,139.713318,東京都品川区中延四丁目７番１１号,国土地理院
東京都品川区北品川一丁目13番２号,35.624577,139.743011,東京都品川区北品川一丁目１３番２号,国土地理院
東京都品川区北品川一丁目20番８号,35.623402,139.741913,東京都品川区北品川一丁目２０番８号,国土地理院
東京都品川区北品川一丁目3番16号,35.622570,139.739944,東京都品川区北品川一丁目３番１６号,国土地理院
東京都品川区北品川二丁目24番7号,35.617977,139.743652,東京都品川区北品川二丁目２４番７号,国土地理院
東京都品川区北品川五丁目15番９号,35.621902,139.734467,東京都品川区北品川五丁目１５番９号,国土地理院
東京都品川区北品川六丁目5番8号,35.625034,139.732956,東京都品川区北品川六丁目５番８号,国土地理院
東京都品川区北品川六丁目6番33,35.624714,139.733032,東京都品川区北品川六丁目６番３３号,国土地理院
東京都品川区南品川三丁目６番53号,35.609985,139.744247,東京都品川区南品川三丁目６番５３号,国土地理院
東京都品川区南品川二丁目15番10号,35.613510,139.744751,東京都品川区南品川二丁目１５番１０号,国土地理院
東京都品川区南大井五丁目21番11号,35.594326,139.733124,東京都品川区南大井五丁目２１番１１号,国土地理院
東京都品川区南大井六丁目17番７号,35.589973,139.730042,東京都品川区南大井六丁目１７番７号,国土地理院
東京都品川区南大井六丁目5番14号,35.5921726,139.731137,公式座標,https://www.nre-mf.co.jp/ja/portfolio/
東京都品川区南大井四丁目20番７号,35.592716,139.735641,東京都品川区南大井四丁目２０番７号,国土地理院
東京都品川区大井一丁目20番12号,35.607067,139.731216,東京都品川区大井一丁目２０番１２号,国土地理院
東京都品川区大井一丁目22番16号,35.606705,139.731964,東京都品川区大井一丁目２２番１６号,国土地理院
東京都品川区大井一丁目22番３号,35.606758,139.732422,東京都品川区大井一丁目２２番３号,国土地理院
東京都品川区大井一丁目26番２号,35.605988,139.731796,東京都品川区大井一丁目２６番２号,国土地理院
東京都品川区大井六丁目20番10号,35.594204,139.731049,東京都品川区大井六丁目２０番１０号,国土地理院
東京都品川区大井町四丁目２番11号,35.605854,139.732559,東京都品川区大井,国土地理院
東京都品川区大崎五丁目8番10号,35.6216932410809,139.725239574909,公式座標,https://www.nre-mf.co.jp/ja/portfolio/
東京都品川区小山三丁目11番4,35.619724,139.706635,東京都品川区小山三丁目１１番４号,国土地理院
東京都品川区小山四丁目８番６号,35.618172,139.703888,東京都品川区小山四丁目８番６号,国土地理院
東京都品川区平塚一丁目７番16号,35.614895,139.715729,東京都品川区平塚一丁目７番１６号,国土地理院
東京都品川区平塚二丁目11番1号,35.6175243,139.713706,公式座標,https://www.nre-mf.co.jp/ja/portfolio/
東京都品川区戸越一丁目25番5,35.617401,139.720444,東京都品川区戸越一丁目２５番５号,国土地理院
東京都品川区戸越五丁目２番１号,35.611206,139.716125,東京都品川区戸越五丁目２番１号,国土地理院
東京都品川区戸越六丁目8番4号,35.6076587,139.7180252,公式座標,https://www.nre-mf.co.jp/ja/portfolio/
東京都品川区東中延二丁目９番６号,35.606838,139.713821,東京都品川区東中延二丁目９番６号,国土地理院
東京都品川区東五反田一丁目２番42号,35.629551,139.727493,東京都品川区東五反田一丁目２番４２号,国土地理院
東京都品川区東五反田二丁目20番4号,35.62474126,139.7306737,公式座標,https://www.nre-mf.co.jp/ja/portfolio/
東京都品川区東品川一丁目６番９号,35.622364,139.743256,東京都品川区東品川一丁目６番９号,国土地理院
東京都品川区東品川三丁目11番５号,35.615864,139.749481,東京都品川区東品川三丁目１１番５号,国土地理院
東京都品川区東品川三丁目22番11号,35.613716,139.746658,東京都品川区東品川三丁目２２番１１号,国土地理院
東京都品川区東品川二丁目4番11号,35.6200033338159,139.7512114048,公式座標,https://www.nre-mf.co.jp/ja/portfolio/
東京都品川区東品川四丁目10番18号,35.607285,139.746948,東京都品川区東品川四丁目１０番１８号,国土地理院
東京都品川区東品川四丁目３番１号,35.611141,139.746429,東京都品川区東品川四丁目３番１号,国土地理院
東京都品川区東大井三丁目16番３号,35.601784,139.739517,東京都品川区東大井三丁目１６番３号,国土地理院
東京都品川区東大井三丁目16番４号,35.601650,139.739456,東京都品川区東大井三丁目１６番４号,国土地理院
東京都品川区東大井五丁目10番10号,35.6070630077507,139.738516509532,公式座標,https://www.nre-mf.co.jp/ja/portfolio/
東京都品川区東大井五丁目8番9号,35.607269,139.738312,東京都品川区東大井五丁目８番９号,国土地理院
東京都品川区東大井五丁目9番10号,35.606991,139.739166,東京都品川区東大井五丁目９番１０号,国土地理院
東京都品川区荏原三丁目1番7号,35.618870,139.708145,東京都品川区荏原三丁目１番７号,国土地理院
東京都品川区西五反田一丁目1番8号,35.6259075332814,139.723096489906,公式座標,https://www.nre-mf.co.jp/ja/portfolio/
東京都品川区西五反田七丁目7番2号,35.624035,139.720215,東京都品川区西五反田七丁目７番２号,国土地理院
東京都品川区西五反田三丁目７番６号,35.625965,139.718658,東京都品川区西五反田三丁目７番６号,国土地理院
東京都品川区西五反田五丁目１番12号,35.625675,139.715164,東京都品川区西五反田五丁目１番１２号,国土地理院
東京都品川区西五反田四丁目31番23号,35.627083,139.713638,東京都品川区西五反田四丁目３１番２３号,国土地理院
東京都品川区西大井四丁目22番20号,35.593273,139.718857,東京都品川区西大井四丁目２２番２０号,国土地理院
東京都品川区豊町一丁目８番３号,35.613129,139.723160,東京都品川区豊町一丁目８番３号,国土地理院
東京都国分寺市南町三丁目18番７号,35.698708,139.479324,東京都国分寺市南町三丁目１８番７号,国土地理院
東京都国分寺市本町四丁目１番16号,35.700569,139.479263,東京都国分寺市本町四丁目１番１６号,国土地理院
東京都国立市東一丁目14番地の10,35.697254,139.449097,東京都国立市東一丁目１４番,国土地理院
東京都国立市東一丁目７番地の10,35.697933,139.448196,東京都国立市東一丁目７番,国土地理院
東京都墨田区亀沢一丁目10番９号,35.697071,139.798370,東京都墨田区亀沢一丁目１０番９号,国土地理院
東京都墨田区亀沢一丁目５番15号,35.696171,139.798843,東京都墨田区亀沢一丁目５番１５号,国土地理院
東京都墨田区亀沢三丁目18番７号,35.697948,139.803940,東京都墨田区亀沢三丁目１８番７号,国土地理院
東京都墨田区亀沢二丁目14番8号,35.697849,139.801331,東京都墨田区亀沢二丁目１４番８号,国土地理院
東京都墨田区亀沢四丁目22番８号,35.699120,139.806824,東京都墨田区亀沢四丁目２２番８号,国土地理院
東京都墨田区京島一丁目51番19号,35.717083,139.821762,東京都墨田区京島一丁目５１番１９号,国土地理院
東京都墨田区京島三丁目20番15号,35.715206,139.824661,東京都墨田区京島三丁目２０番１５号,国土地理院
東京都墨田区八広二丁目47番12号,35.714359,139.826279,東京都墨田区八広二丁目４７番１２号,国土地理院
東京都墨田区八広五丁目30番10号,35.725506,139.827805,東京都墨田区八広五丁目３０番１０号,国土地理院
東京都墨田区八広四丁目50番１号,35.721764,139.830338,東京都墨田区八広四丁目５０番１号,国土地理院
東京都墨田区千歳一丁目２番10号,35.691051,139.790802,東京都墨田区千歳一丁目２番１０号,国土地理院
東京都墨田区千歳二丁目14番８号,35.691700,139.794418,東京都墨田区千歳二丁目１４番８号,国土地理院
東京都墨田区向島一丁目11番３号,35.712559,139.805557,東京都墨田区向島一丁目１１番３号,国土地理院
東京都墨田区向島三丁目11番14号,35.712948,139.807281,東京都墨田区向島三丁目１１番１４号,国土地理院
東京都墨田区向島三丁目39番12号,35.713654,139.812546,東京都墨田区向島三丁目３９番１２号,国土地理院
東京都墨田区向島三丁目５番２号,35.714901,139.808945,東京都墨田区向島三丁目５番２号,国土地理院
東京都墨田区向島五丁目25番３号,35.716896,139.808990,東京都墨田区向島五丁目２５番３号,国土地理院
東京都墨田区吾妻橋一丁目７番６号,35.708836,139.801376,東京都墨田区吾妻橋一丁目７番６号,国土地理院
東京都墨田区太平一丁目６番９号,35.699722,139.811676,東京都墨田区太平一丁目６番９号,国土地理院
東京都墨田区太平三丁目８番６号,35.700710,139.814529,東京都墨田区太平三丁目８番６号,国土地理院
東京都墨田区太平四丁目7番12号,35.7014790736871,139.816045761108,公式座標,https://www.nre-mf.co.jp/ja/portfolio/
東京都墨田区押上一丁目18番８号,35.711811,139.815659,東京都墨田区押上一丁目１８番８号,国土地理院
東京都墨田区押上二丁目33番7号,35.716366,139.816071,東京都墨田区押上二丁目３３番７号,国土地理院
東京都墨田区押上二丁目33番５号,35.716167,139.815857,東京都墨田区押上二丁目３３番５号,国土地理院
東京都墨田区本所三丁目７番11号,35.702679,139.804688,東京都墨田区本所三丁目７番１１号,国土地理院
東京都墨田区本所二丁目10番４号,35.703671,139.801819,東京都墨田区本所二丁目１０番４号,国土地理院
東京都墨田区本所二丁目11番12号,35.703876,139.802109,東京都墨田区本所二丁目１１番１２号,国土地理院
東京都墨田区本所二丁目16番2号,35.704670,139.800049,東京都墨田区本所二丁目１６番２号,国土地理院
東京都墨田区本所四丁目19番４号,35.704399,139.804810,東京都墨田区本所四丁目１９番４号,国土地理院
東京都墨田区東駒形四丁目15番13号,35.708168,139.807404,東京都墨田区東駒形四丁目１５番１３号,国土地理院
東京都墨田区業平五丁目11番5,35.708317,139.815964,東京都墨田区業平五丁目１１番５号,国土地理院
東京都墨田区業平四丁目７番２号,35.706875,139.814270,東京都墨田区業平四丁目７番２号,国土地理院
東京都墨田区横川四丁目１番２号,35.703060,139.814636,東京都墨田区横川四丁目１番２号,国土地理院
東京都墨田区江東橋一丁目12番9号,35.6956063,139.8106881,公式座標,https://www.nre-mf.co.jp/ja/portfolio/
東京都墨田区江東橋一丁目２番６号,35.693153,139.811066,東京都墨田区江東橋一丁目２番６号,国土地理院
東京都墨田区江東橋三丁目5番19,35.693825,139.813522,東京都墨田区江東橋三丁目５番１９号,国土地理院
東京都墨田区江東橋二丁目10番２号,35.694736,139.812027,東京都墨田区江東橋二丁目１０番２号,国土地理院
東京都墨田区江東橋二丁目２番８号,35.693665,139.813141,東京都墨田区江東橋二丁目２番８号,国土地理院
東京都墨田区江東橋五丁目14番11号,35.692493,139.812515,東京都墨田区江東橋五丁目１４番１１号,国土地理院
東京都墨田区江東橋五丁目16番14号,35.6926179186087,139.81097638607,公式座標,https://www.nre-mf.co.jp/ja/portfolio/
東京都墨田区江東橋五丁目５番７号,35.690224,139.810913,東京都墨田区江東橋五丁目５番７号,国土地理院
東京都墨田区石原1-1-2,35.698895,139.797409,東京都墨田区石原一丁目１番２号,国土地理院
東京都墨田区石原一丁目36番１号,35.700951,139.797211,東京都墨田区石原一丁目３６番１号,国土地理院
東京都墨田区石原三丁目６番３号,35.699703,139.803909,東京都墨田区石原三丁目６番３号,国土地理院
東京都墨田区石原三丁目７番６号,35.699814,139.803787,東京都墨田区石原三丁目７番６号,国土地理院
東京都墨田区石原四丁目14番10号,35.700417,139.807953,東京都墨田区石原四丁目１４番１０号,国土地理院
東京都墨田区立川四丁目5番10号,35.69077559999999,139.8073729,公式座標,https://www.nre-mf.co.jp/ja/portfolio/
東京都墨田区立花五丁目18番５号,35.713013,139.830383,東京都墨田区立花五丁目１８番５号,国土地理院
東京都墨田区緑一丁目20番4号,35.695114,139.799149,東京都墨田区緑一丁目２０番４号,国土地理院
東京都墨田区緑一丁目９番３号,35.693340,139.797913,東京都墨田区緑一丁目９番３号,国土地理院
東京都墨田区緑三丁目21番２号,35.695614,139.802948,東京都墨田区緑三丁目２１番２号,国土地理院
東京都墨田区緑三丁目２番11号,35.692886,139.803604,東京都墨田区緑三丁目２番１１号,国土地理院
東京都墨田区緑四丁目10番11号,35.6943505,139.8083534,公式座標,https://www.nre-mf.co.jp/ja/portfolio/
東京都墨田区緑四丁目24番５号,35.695854,139.807877,東京都墨田区緑四丁目２４番５号,国土地理院
東京都墨田区緑四丁目４番16号,35.693073,139.807068,東京都墨田区緑四丁目４番１６号,国土地理院
東京都墨田区菊川一丁目13番11,35.688847,139.801987,東京都墨田区菊川一丁目１３番１１号,国土地理院
東京都墨田区菊川三丁目14番24号,35.688808,139.808868,東京都墨田区菊川三丁目１４番２４号,国土地理院
東京都墨田区菊川三丁目１番３号,35.687107,139.806259,東京都墨田区菊川三丁目１番３号,国土地理院
東京都墨田区菊川二丁目１番12号,35.686871,139.805496,東京都墨田区菊川二丁目１番１２号,国土地理院
東京都墨田区錦糸一丁目５番16号,35.697716,139.810196,東京都墨田区錦糸一丁目５番１６号,国土地理院
東京都大田区上池台一丁目20番18号,35.6020231469647,139.695717841386,公式座標,https://www.nre-mf.co.jp/ja/portfolio/
東京都大田区上池台一丁目４番15号,35.602333,139.700027,東京都大田区上池台一丁目４番１５号,国土地理院
東京都大田区上池台五丁目７番22号,35.594563,139.701813,東京都大田区上池台五丁目７番２２号,国土地理院
東京都大田区上池台四丁目２番13号,35.598820,139.703537,東京都大田区上池台四丁目２番１３号,国土地理院
東京都大田区中馬込三丁目29番11号,35.593166,139.710190,東京都大田区中馬込三丁目２９番１１号,国土地理院
東京都大田区中馬込三丁目29番２号,35.593380,139.710419,東京都大田区中馬込三丁目２９番２号,国土地理院
東京都大田区仲池上二丁目14番５号,35.583572,139.700790,東京都大田区仲池上二丁目１４番５号,国土地理院
東京都大田区千鳥二丁目９番20号,35.570850,139.694611,東京都大田区千鳥二丁目９番２０号,国土地理院
東京都大田区南蒲田二丁目７番３号,35.556961,139.725006,東京都大田区南蒲田二丁目７番３号,国土地理院
東京都大田区南雪谷一丁目15番20号,35.594505,139.682968,東京都大田区南雪谷一丁目１５番２０号,国土地理院
東京都大田区南雪谷一丁目２番５号,35.595669,139.682190,東京都大田区南雪谷一丁目２番５号,国土地理院
東京都大田区南雪谷三丁目11番９号,35.591618,139.687714,東京都大田区南雪谷三丁目１１番９号,国土地理院
東京都大田区南馬込一丁目５番16号,35.594090,139.712402,東京都大田区南馬込一丁目５番１６号,国土地理院
東京都大田区大森中一丁目13番８号,35.569206,139.733383,東京都大田区大森中一丁目１３番８号,国土地理院
東京都大田区大森北一丁目13番10号,35.585690,139.728806,東京都大田区大森北一丁目１３番１０号,国土地理院
東京都大田区大森北一丁目15番1号,35.5861777684001,139.729570001363,公式座標,https://www.nre-mf.co.jp/ja/portfolio/
東京都大田区大森北一丁目15番6,35.585796,139.729691,東京都大田区大森北一丁目１５番６号,国土地理院
東京都大田区大森北一丁目19番20号,35.586681,139.731262,東京都大田区大森北一丁目１９番２０号,国土地理院
東京都大田区大森北一丁目８番13号,35.586689,139.727280,東京都大田区大森北一丁目８番１３号,国土地理院
東京都大田区大森北一丁目８番１号,35.587017,139.727325,東京都大田区大森北一丁目８番１号,国土地理院
東京都大田区大森北三丁目36番７号,35.582043,139.734863,東京都大田区大森北三丁目３６番７号,国土地理院
東京都大田区大森北三丁目４番２号,35.584572,139.731979,東京都大田区大森北三丁目４番２号,国土地理院
東京都大田区大森北二丁目12番３号,35.585361,139.735016,東京都大田区大森北二丁目１２番３号,国土地理院
東京都大田区大森北二丁目４番12号,35.584797,139.731567,東京都大田区大森北二丁目４番１２号,国土地理院
東京都大田区大森東 一丁目1番18号,35.576897,139.735138,東京都大田区大森東一丁目１番１８号,国土地理院
東京都大田区大森東一丁目７番27号,35.577385,139.736145,東京都大田区大森東一丁目７番２７号,国土地理院
東京都大田区大森西七丁目6番30号,35.569344,139.721736,公式座標,https://www.nre-mf.co.jp/ja/portfolio/
東京都大田区大森西二丁目32番11号,35.576042,139.734360,東京都大田区大森西二丁目３２番１１号,国土地理院
東京都大田区大森西四丁目11番５号,35.573170,139.724701,東京都大田区大森西四丁目１１番５号,国土地理院
東京都大田区山王三丁目23番２号,35.583366,139.723236,東京都大田区山王三丁目２３番２号,国土地理院
東京都大田区東雪谷二丁目13番３号,35.595573,139.685379,東京都大田区東雪谷二丁目１３番３号,国土地理院
東京都大田区東雪谷二丁目24番7号,35.597187,139.686188,東京都大田区東雪谷二丁目２４番７号,国土地理院
東京都大田区東馬込一丁目38番８号,35.595642,139.715424,東京都大田区東馬込一丁目３８番８号,国土地理院
東京都大田区池上七丁目17番８号,35.570065,139.700333,東京都大田区池上七丁目１７番８号,国土地理院
東京都大田区池上五丁目４番２号,35.574009,139.708572,東京都大田区池上五丁目４番２号,国土地理院
東京都大田区池上八丁目８番６－１号,35.570736,139.698441,東京都大田区池上八丁目８番６号,国土地理院
東京都大田区田園調布南12番5号,35.5807277205874,139.673703610897,公式座標,https://www.nre-mf.co.jp/ja/portfolio/
東京都大田区田園調布本町25番10号,35.583107,139.674454,東京都大田区田園調布本町２５番１０号,国土地理院
東京都大田区矢口一丁目26番23号,35.564678,139.693832,東京都大田区矢口一丁目２６番２３号,国土地理院
東京都大田区萩中3-2-14,35.552235,139.734985,東京都大田区萩中三丁目２番１４号,国土地理院
東京都大田区蒲田五丁目21番５号,35.562168,139.719604,東京都大田区蒲田五丁目２１番５号,国土地理院
東京都大田区蒲田五丁目45番11号,35.559952,139.716064,東京都大田区蒲田五丁目４５番１１号,国土地理院
東京都大田区蒲田四丁目18番23号,35.560680,139.721970,東京都大田区蒲田四丁目１８番２３号,国土地理院
東京都大田区蒲田四丁目21番4号,35.5610956331884,139.721271246671,公式座標,https://www.nre-mf.co.jp/ja/portfolio/
東京都大田区蒲田四丁目21番２号,35.561382,139.721161,東京都大田区蒲田四丁目２１番２号,国土地理院
東京都大田区蒲田四丁目25番5号,35.5600744666525,139.721751362085,公式座標,https://www.nre-mf.co.jp/ja/portfolio/
東京都大田区蒲田四丁目44番10号,35.558380,139.721069,東京都大田区蒲田四丁目４４番１０号,国土地理院
東京都大田区蒲田本町二丁目11番６号,35.557072,139.720093,東京都大田区蒲田本町二丁目１１番６号,国土地理院
東京都大田区西糀谷一丁目13番９号,35.558971,139.729965,東京都大田区西糀谷一丁目１３番９号,国土地理院
東京都大田区西蒲田七丁目13番12号,35.564175,139.709412,東京都大田区西蒲田七丁目１３番１２号,国土地理院
東京都大田区西蒲田八丁目21番3,35.560543,139.713303,東京都大田区西蒲田八丁目２１番３号,国土地理院
東京都大田区西蒲田八丁目23番１号,35.560574,139.714096,東京都大田区西蒲田八丁目２３番１号,国土地理院
東京都大田区西蒲田六丁目37番３号,35.564976,139.713379,東京都大田区西蒲田六丁目３７番３号,国土地理院
東京都大田区西馬込一丁目30番８号,35.588299,139.704666,東京都大田区西馬込一丁目３０番８号,国土地理院
東京都大田区西馬込一丁目１番４号,35.592442,139.710022,東京都大田区西馬込一丁目１番４号,国土地理院
東京都大田区鵜の木二丁目43番7号,35.572609,139.677902,東京都大田区鵜の木二丁目４３番７号,国土地理院
東京都小平市上水本町五丁目15番3号,35.711285,139.475708,東京都小平市上水本町五丁目１５番３号,国土地理院
東京都小平市花小金井一丁目８番２号,35.727486,139.513535,東京都小平市花小金井一丁目８番,国土地理院
東京都小金井市中町二丁目11番26号,35.6955522869331,139.516029953956,公式座標,https://www.nre-mf.co.jp/ja/portfolio/
東京都小金井市中町四丁目14番18号,35.69836259345627,139.50691950740963,公式座標,https://www.nre-mf.co.jp/ja/portfolio/
東京都小金井市本町二丁目6番5,35.702538,139.507416,東京都小金井市本町二丁目６番５号,国土地理院
東京都小金井市本町四丁目14番25号,35.7076101493369,139.507798254489,公式座標,https://www.nre-mf.co.jp/ja/portfolio/
東京都小金井市梶野町二丁目1番2号、同番36号,35.7054411523192,139.531758427619,公式座標,https://www.nre-mf.co.jp/ja/portfolio/
東京都小金井市貫井北町二丁目11番7号,35.706158,139.499100,東京都小金井市貫井北町二丁目１１番７号,国土地理院
東京都府中市宮西町一丁目27-1,35.6712376002294,139.47678387165,公式座標,https://www.nre-mf.co.jp/ja/portfolio/
東京都府中市宮西町四丁目16番16号,35.670124,139.474380,東京都府中市宮西町四丁目１６番,国土地理院
東京都文京区千石四丁目45番15号,35.729607,139.742599,東京都文京区千石四丁目４５番１５号,国土地理院
東京都文京区千石四丁目6番17,35.728809,139.739929,東京都文京区千石四丁目６番１７号,国土地理院
東京都文京区千石四丁目１番18号,35.726833,139.741669,東京都文京区千石四丁目１番１８号,国土地理院
東京都文京区千石四丁目２番16号,35.727238,139.741959,東京都文京区千石四丁目２番１６号,国土地理院
東京都文京区千石四丁目３番20号,35.727257,139.740570,東京都文京区千石四丁目３番２０号,国土地理院
東京都文京区千駄木三丁目49番1,35.730122,139.762299,東京都文京区千駄木三丁目４９番１号,国土地理院
東京都文京区千駄木二丁目23番３号,35.724125,139.762558,東京都文京区千駄木二丁目２３番３号,国土地理院
東京都文京区千駄木二丁目６番６号,35.721745,139.762054,東京都文京区千駄木二丁目６番６号,国土地理院
東京都文京区向丘一丁目7番9号,35.7193780132203,139.754616469144,公式座標,https://www.nre-mf.co.jp/ja/portfolio/
東京都文京区大塚三丁目41番12号,35.722382,139.738403,東京都文京区大塚三丁目４１番１２号,国土地理院
東京都文京区大塚五丁目40番17号,35.719856,139.725388,東京都文京区大塚五丁目４０番１７号,国土地理院
東京都文京区小石川一丁目10番12号,35.711826,139.752319,東京都文京区小石川一丁目１０番１２号,国土地理院
東京都文京区小石川一丁目28番14号,35.715290,139.751221,東京都文京区小石川一丁目２８番１４号,国土地理院
東京都文京区小石川三丁目26番３号,35.712391,139.750244,東京都文京区小石川三丁目２６番３号,国土地理院
東京都文京区春日一丁目11番18号,35.709877,139.747421,東京都文京区春日一丁目１１番１８号,国土地理院
東京都文京区春日二丁目２番６号,35.708794,139.745819,東京都文京区春日二丁目２番６号,国土地理院
東京都文京区本郷一丁目24番４号,35.705311,139.755386,東京都文京区本郷一丁目２４番４号,国土地理院
東京都文京区本郷一丁目32番14号,35.706062,139.756027,東京都文京区本郷一丁目３２番１４号,国土地理院
東京都文京区本郷七丁目２番11号,35.707706,139.761124,東京都文京区本郷七丁目２番１１号,国土地理院
東京都文京区本郷七丁目２番２号,35.707630,139.762573,東京都文京区本郷七丁目２番２号,国土地理院
東京都文京区本郷三丁目14番7号,35.7050226791662,139.762369394302,公式座標,https://www.nre-mf.co.jp/ja/portfolio/
東京都文京区本郷三丁目17番６号,35.705696,139.761398,東京都文京区本郷三丁目１７番６号,国土地理院
東京都文京区本郷三丁目５番８号,35.704403,139.762299,東京都文京区本郷三丁目５番８号,国土地理院
東京都文京区本郷二丁目16番3号,35.7040284700767,139.758677333593,公式座標,https://www.nre-mf.co.jp/ja/portfolio/
東京都文京区本郷四丁目14番10,35.707920,139.755875,東京都文京区本郷四丁目１４番１０号,国土地理院
東京都文京区本駒込一丁目３番２号,35.723305,139.752411,東京都文京区本駒込一丁目３番２号,国土地理院
東京都文京区本駒込一丁目６番７号,35.724598,139.752853,東京都文京区本駒込一丁目６番７号,国土地理院
東京都文京区本駒込三丁目29番１号,35.728775,139.752060,東京都文京区本駒込三丁目２９番１号,国土地理院
東京都文京区本駒込三丁目30番３号,35.729855,139.751511,東京都文京区本駒込三丁目３０番３号,国土地理院
東京都文京区本駒込二丁目29番24号,35.728565,139.744293,東京都文京区本駒込二丁目２９番２４号,国土地理院
東京都文京区本駒込六丁目21番２号,35.734234,139.742905,東京都文京区本駒込六丁目２１番,国土地理院
東京都文京区水道二丁目10番12号,35.710888,139.732986,東京都文京区水道二丁目１０番１２号,国土地理院
東京都文京区水道二丁目４番12号,35.709702,139.737503,東京都文京区水道二丁目４番１２号,国土地理院
東京都文京区湯島三丁目10番３号,35.703972,139.769272,東京都文京区湯島三丁目１０番３号,国土地理院
東京都文京区湯島三丁目20番12号,35.705963,139.767685,東京都文京区湯島三丁目２０番１２号,国土地理院
東京都文京区湯島三丁目33番８号,35.707684,139.769836,東京都文京区湯島三丁目３３番８号,国土地理院
東京都文京区湯島三丁目１番４号,35.702965,139.767471,東京都文京区湯島三丁目１番４号,国土地理院
東京都文京区湯島三丁目２番14号,35.703838,139.767441,東京都文京区湯島三丁目２番１４号,国土地理院
東京都文京区湯島二丁目18番２号,35.705399,139.765015,東京都文京区湯島二丁目１８番２号,国土地理院
東京都文京区西片一丁目15番12号,35.711697,139.752914,東京都文京区西片一丁目１５番１２号,国土地理院
東京都文京区関口一丁目39番13号,35.711720,139.723114,東京都文京区関口一丁目３９番１３号,国土地理院
東京都文京区音羽二丁目11番15号,35.719654,139.726486,東京都文京区音羽二丁目１１番１５号,国土地理院
東京都新宿区上落合三丁目６番14号,35.712574,139.684723,東京都新宿区上落合三丁目６番１４号,国土地理院
東京都新宿区下落合三丁目22番21号,35.722344931147,139.699273109436,公式座標,https://www.nre-mf.co.jp/ja/portfolio/
東京都新宿区下落合四丁目４番24号,35.717941,139.695633,東京都新宿区下落合四丁目４番２４号,国土地理院
東京都新宿区中落合一丁目6番16号,35.71690501955539,139.6908469,公式座標,https://www.nre-mf.co.jp/ja/portfolio/
東京都新宿区中落合一丁目５番５号,35.716564,139.691177,東京都新宿区中落合一丁目５番５号,国土地理院
東京都新宿区中落合二丁目16番29号,35.719067,139.693390,東京都新宿区中落合二丁目１６番２９号,国土地理院
東京都新宿区中落合二丁目７番10号,35.717285,139.694626,東京都新宿区中落合二丁目７番１０号,国土地理院
東京都新宿区余丁町９番４号,35.697983,139.715271,東京都新宿区余丁町９番４号,国土地理院
東京都新宿区内藤町1番地55(住居表示未実施),35.6866455952729,139.714933186769,公式座標,https://www.nre-mf.co.jp/ja/portfolio/
東京都新宿区北新宿一丁目19番3号,35.6976878628768,139.694518893957,公式座標,https://www.nre-mf.co.jp/ja/portfolio/
東京都新宿区北新宿一丁目20番12号,35.697323,139.692703,東京都新宿区北新宿一丁目２０番１２号,国土地理院
東京都新宿区北新宿一丁目28番17号,35.701843,139.692688,東京都新宿区北新宿一丁目２８番１７号,国土地理院
東京都新宿区北新宿一丁目30番32号,35.700935,139.692642,東京都新宿区北新宿一丁目３０番３２号,国土地理院
東京都新宿区北新宿一丁目２番６号,35.698036,139.696259,東京都新宿区北新宿一丁目２番６号,国土地理院
東京都新宿区北新宿四丁目10番9号,35.7083844864709,139.692263156175,公式座標,https://www.nre-mf.co.jp/ja/portfolio/
東京都新宿区北新宿四丁目34番２号,35.707546,139.690140,東京都新宿区北新宿四丁目３４番２号,国土地理院
東京都新宿区北新宿四丁目9番12号,35.7087694,139.6917471,公式座標,https://www.nre-mf.co.jp/ja/portfolio/
東京都新宿区喜久井町10番地１,35.704681,139.721512,東京都新宿区喜久井町１０番地,国土地理院
東京都新宿区四谷四丁目17番地35,35.688969,139.716141,東京都新宿区四谷四丁目１７番地,国土地理院
東京都新宿区富久町10番5,35.6918629,139.71563700000002,公式座標,https://www.nre-mf.co.jp/ja/portfolio/
東京都新宿区山吹町336番地,35.707584,139.728622,東京都新宿区山吹町３３６番地,国土地理院
東京都新宿区山吹町346番地3(住居表示未実施),35.7080805894356,139.731068015098,公式座標,https://www.nre-mf.co.jp/ja/portfolio/
東京都新宿区左門町14番地62(住居表示未実施),35.6855117284737,139.719853699207,公式座標,https://www.nre-mf.co.jp/ja/portfolio/
東京都新宿区市谷山伏町2番5,35.699524,139.727478,東京都新宿区市谷山伏町２番５号,国土地理院
東京都新宿区市谷本村町２番７号,35.690235,139.732056,東京都新宿区市谷本村町２番７号,国土地理院
東京都新宿区市谷本村町３番17号,35.690922,139.730652,東京都新宿区市谷本村町３番１７号,国土地理院
東京都新宿区市谷砂土原町三丁目19番地,35.697609,139.738174,東京都新宿区市谷砂土原町三丁目１９番地,国土地理院
東京都新宿区市谷砂土原町二丁目５番地,35.695576,139.735580,東京都新宿区市谷砂土原町二丁目５番地,国土地理院
東京都新宿区市谷薬王寺町16番24号,35.696808,139.725204,東京都新宿区市谷薬王寺町,国土地理院
東京都新宿区市谷薬王寺町４番８号,35.696808,139.725204,東京都新宿区市谷薬王寺町,国土地理院
東京都新宿区弁天町157番９号,35.703079,139.725769,東京都新宿区弁天町１５７番地,国土地理院
東京都新宿区弁天町23番地10,35.704208,139.726547,東京都新宿区弁天町２３番地,国土地理院
東京都新宿区弁天町23番地９,35.704208,139.726547,東京都新宿区弁天町２３番地,国土地理院
東京都新宿区新宿一丁目10番４号,35.688126,139.713409,東京都新宿区新宿一丁目１０番４号,国土地理院
東京都新宿区新宿一丁目13番３号,35.688938,139.711487,東京都新宿区新宿一丁目１３番３号,国土地理院
東京都新宿区新宿一丁目29番15号,35.690495,139.713562,東京都新宿区新宿一丁目２９番１５号,国土地理院
東京都新宿区新宿一丁目29番３号,35.690308,139.713074,東京都新宿区新宿一丁目２９番３号,国土地理院
東京都新宿区新宿一丁目31番５号,35.690128,139.711533,東京都新宿区新宿一丁目３１番５号,国土地理院
東京都新宿区新宿一丁目33番10号,35.691269,139.711533,東京都新宿区新宿一丁目３３番１０号,国土地理院
東京都新宿区新宿一丁目36番15号,35.690483,139.710678,東京都新宿区新宿一丁目３６番１５号,国土地理院
東京都新宿区新宿七丁目17番16号,35.700638,139.711578,東京都新宿区新宿七丁目１７番１６号,国土地理院
東京都新宿区新宿七丁目27番12号,35.699108,139.707932,東京都新宿区新宿七丁目２７番１２号,国土地理院
東京都新宿区新宿二丁目14番４号,35.690521,139.708954,東京都新宿区新宿二丁目１４番４号,国土地理院
東京都新宿区新宿二丁目６番11号,35.689957,139.707733,東京都新宿区新宿二丁目６番１１号,国土地理院
東京都新宿区新宿五丁目７番10号,35.693054,139.709305,東京都新宿区新宿五丁目７番１０号,国土地理院
東京都新宿区新宿五丁目７番９号,35.692921,139.709320,東京都新宿区新宿五丁目７番９号,国土地理院
東京都新宿区新宿五丁目８番18号,35.693008,139.709259,東京都新宿区新宿五丁目８番１８号,国土地理院
東京都新宿区新宿五丁目８番20号,35.692741,139.709274,東京都新宿区新宿五丁目８番２０号,国土地理院
東京都新宿区新宿六丁目22番5,35.696377,139.710281,東京都新宿区新宿六丁目２２番５号,国土地理院
東京都新宿区新小川町８番９号,35.706070,139.740570,東京都新宿区新小川町８番９号,国土地理院
東京都新宿区早稲田町79番2,35.705635,139.724808,東京都新宿区早稲田町７９番地,国土地理院
東京都新宿区早稲田鶴巻町521番地9(住居表示未実施),35.7074958784525,139.724964648485,公式座標,https://www.nre-mf.co.jp/ja/portfolio/
東京都新宿区早稲田鶴巻町544番地11,35.707630,139.727386,東京都新宿区早稲田鶴巻町５４４番地,国土地理院
東京都新宿区東五軒町1番11号,35.7051600408356,139.73814100027,公式座標,https://www.nre-mf.co.jp/ja/portfolio/
東京都新宿区歌舞伎町一丁目1-17,35.6931588809472,139.704158753156,公式座標,https://www.nre-mf.co.jp/ja/portfolio/
東京都新宿区水道町１番19号,35.707672,139.736191,東京都新宿区水道町１番１９号,国土地理院
東京都新宿区河田町3番29号,35.6965650444029,139.72150593996,公式座標,https://www.nre-mf.co.jp/ja/portfolio/
東京都新宿区若葉二丁目10番地５,35.684727,139.724243,東京都新宿区若葉二丁目１０番地,国土地理院
東京都新宿区荒木町17番地,35.691582,139.724258,東京都新宿区荒木町１７番地,国土地理院
東京都新宿区荒木町22番地２他,35.691090,139.722229,東京都新宿区荒木町２２番地,国土地理院
東京都新宿区西新宿一丁目13番12号,35.6898262039244,139.69669550657204,公式座標,https://www.nre-mf.co.jp/ja/portfolio/
東京都新宿区西新宿一丁目26番2号,35.6932298956156,139.695346355438,公式座標,https://www.nre-mf.co.jp/ja/portfolio/
東京都新宿区西新宿三丁目7番23号,35.684479,139.690735,東京都新宿区西新宿三丁目７番２３号,国土地理院
東京都新宿区西新宿四丁目24番18号,35.687248,139.685654,東京都新宿区西新宿四丁目２４番１８号,国土地理院
東京都新宿区西早稲田一丁目13番11号,35.7117113062805,139.721173346042,公式座標,https://www.nre-mf.co.jp/ja/portfolio/
東京都新宿区西早稲田三丁目26番14号,35.712437,139.711746,東京都新宿区西早稲田三丁目２６番１４号,国土地理院
東京都新宿区高田馬場一丁目５番19号,35.711643,139.708664,東京都新宿区高田馬場一丁目５番１９号,国土地理院
東京都新宿区高田馬場三丁目43番18号,35.714550,139.696365,東京都新宿区高田馬場三丁目４３番１８号,国土地理院
東京都新宿区高田馬場四丁目40番29号,35.709564,139.695679,東京都新宿区高田馬場四丁目４０番２９号,国土地理院
東京都日野市新町一丁目19番地3,35.680019,139.393539,東京都日野市新町一丁目１９番,国土地理院
東京都杉並区上荻一丁目23番17,35.706909,139.616776,東京都杉並区上荻一丁目２３番１７号,国土地理院
東京都杉並区上高井戸一丁目15番１号,35.670612,139.612442,東京都杉並区上高井戸一丁目１５番１号,国土地理院
東京都杉並区上高井戸一丁目15番２号,35.670738,139.612442,東京都杉並区上高井戸一丁目１５番２号,国土地理院
東京都杉並区下高井戸四丁目６番４号,35.670258,139.627579,東京都杉並区下高井戸四丁目６番４号,国土地理院
東京都杉並区堀ノ内一丁目６番２号,35.683121,139.654266,東京都杉並区堀ノ内一丁目６番２号,国土地理院
東京都杉並区堀ノ内三丁目10番21号,35.692188,139.651062,東京都杉並区堀ノ内三丁目１０番２１号,国土地理院
東京都杉並区堀ノ内三丁目50番１号,35.692722,139.654190,東京都杉並区堀ノ内三丁目５０番１号,国土地理院
東京都杉並区宮前一丁目15番12号,35.692230,139.609573,東京都杉並区宮前一丁目１５番１２号,国土地理院
東京都杉並区成田東一丁目35番12,35.6927442,139.6393074,公式座標,https://www.nre-mf.co.jp/ja/portfolio/
東京都杉並区成田東五丁目15番10号,35.701698,139.628159,東京都杉並区成田東五丁目１５番１０号,国土地理院
東京都杉並区方南一丁目１番１号,35.672920,139.661346,東京都杉並区方南一丁目１番１号,国土地理院
東京都杉並区方南一丁目１番６号,35.672897,139.660583,東京都杉並区方南一丁目１番６号,国土地理院
東京都杉並区本天沼二丁目42番11号,35.716306,139.627324,公式座標,https://www.nre-mf.co.jp/ja/portfolio/
東京都杉並区荻窪一丁目26番６号,35.692833,139.616989,東京都杉並区荻窪一丁目２６番６号,国土地理院
東京都杉並区荻窪五丁目９番７号,35.702282,139.617859,東京都杉並区荻窪五丁目９番７号,国土地理院
東京都杉並区西荻北一丁目８番13号,35.705486,139.607559,東京都杉並区西荻北一丁目８番１３号,国土地理院
東京都杉並区西荻北三丁目6番9号,35.7040970065621,139.597384035587,公式座標,https://www.nre-mf.co.jp/ja/portfolio/
東京都杉並区西荻北四丁目５番16号,35.707497,139.594452,東京都杉並区西荻北四丁目５番１６号,国土地理院
東京都杉並区高井戸東四丁目1-6,35.6862466304953,139.623569101095,公式座標,https://www.nre-mf.co.jp/ja/portfolio/
東京都杉並区高円寺南1-4-41,35.697842,139.660889,東京都杉並区高円寺南一丁目４番４１号,国土地理院
東京都杉並区高円寺南五丁目25番26,35.703243,139.659134,東京都杉並区高円寺南五丁目２５番２６号,国土地理院
東京都杉並区高円寺南五丁目2番9号,35.701584,139.660217,東京都杉並区高円寺南五丁目２番９号,国土地理院
東京都杉並区高円寺南五丁目７番５号,35.702114,139.654999,東京都杉並区高円寺南五丁目７番５号,国土地理院
東京都東久留米市前沢五丁目32番22,35.7391592011349,139.508555978536,公式座標,https://www.nre-mf.co.jp/ja/portfolio/
東京都東久留米市新川町一丁目４番24号,35.761482,139.534851,東京都東久留米市新川町一丁目４番２４号,国土地理院
東京都東大和市狭山五丁目1624-2,35.747057355411,139.438958019018,公式座標,https://www.nre-mf.co.jp/ja/portfolio/
東京都東村山市栄町一丁目5番地6(住居表示未実施),35.7496164679681,139.473500847816,公式座標,https://www.nre-mf.co.jp/ja/portfolio/
東京都板橋区中丸町３番６号,35.740177,139.706177,東京都板橋区中丸町３番６号,国土地理院
東京都板橋区仲町34番７号,35.754356,139.697540,東京都板橋区仲町３４番７号,国土地理院
東京都板橋区南常盤台一丁目２番８号,35.756458,139.690414,東京都板橋区南常盤台一丁目２番８号,国土地理院
東京都板橋区坂下一丁目25番19号,35.780903,139.689957,東京都板橋区坂下一丁目２５番１９号,国土地理院
東京都板橋区大和町13番６号,35.759605,139.705643,東京都板橋区大和町１３番６号,国土地理院
東京都板橋区大和町18番６号,35.762192,139.704926,東京都板橋区大和町１８番６号,国土地理院
東京都板橋区大山東町32番16,35.750404,139.708221,東京都板橋区大山東町３２番１６号,国土地理院
東京都板橋区宮本町12番11号,35.763618,139.704437,東京都板橋区宮本町１２番１１号,国土地理院
東京都板橋区小茂根一丁目32番16号,35.745773,139.675339,東京都板橋区小茂根一丁目３２番１６号,国土地理院
東京都板橋区小豆沢一丁目23番11号,35.775928,139.704300,東京都板橋区小豆沢一丁目２３番１１号,国土地理院
東京都板橋区小豆沢四丁目１番７号,35.779713,139.702362,東京都板橋区小豆沢四丁目１番７号,国土地理院
東京都板橋区弥生町72番６号,35.751938,139.692978,東京都板橋区弥生町７２番６号,国土地理院
東京都板橋区徳丸一丁目32番８号,35.771343,139.662918,東京都板橋区徳丸一丁目３２番８号,国土地理院
東京都板橋区徳丸一丁目3番11号,35.769020,139.667297,東京都板橋区徳丸一丁目３番１１号,国土地理院
東京都板橋区徳丸三丁目５番21号,35.769772,139.657944,東京都板橋区徳丸三丁目５番２１号,国土地理院
東京都板橋区志村二丁目３番８号,35.776955,139.693512,東京都板橋区志村二丁目３番８号,国土地理院
東京都板橋区新河岸二丁目１番40号,35.794563,139.663879,東京都板橋区新河岸二丁目１番４０号,国土地理院
東京都板橋区本町27番13号,35.7577878365044,139.708870053291,公式座標,https://www.nre-mf.co.jp/ja/portfolio/
東京都板橋区本町32番9号,35.7592721,139.70707140000002,公式座標,https://www.nre-mf.co.jp/ja/portfolio/
東京都板橋区板橋一丁目44番10号,35.748867,139.717911,東京都板橋区板橋一丁目４４番１０号,国土地理院
東京都板橋区板橋一丁目５番６号,35.746353,139.715240,東京都板橋区板橋一丁目５番６号,国土地理院
東京都板橋区板橋三丁目1番8号,35.750027,139.713470,東京都板橋区板橋三丁目１番８号,国土地理院
東京都板橋区板橋三丁目30番１号,35.750740,139.715195,東京都板橋区板橋三丁目３０番１号,国土地理院
東京都板橋区板橋四丁目26番13号,35.749954,139.718750,東京都板橋区板橋四丁目２６番１３号,国土地理院
東京都板橋区清水町74番１号,35.765007,139.704636,東京都板橋区清水町７４番１号,国土地理院
東京都板橋区熊野町５番11号,35.743282,139.708405,東京都板橋区熊野町５番１１号,国土地理院
東京都板橋区舟渡四丁目8-1,35.7957247260727,139.672424197196,公式座標,https://www.nre-mf.co.jp/ja/portfolio/
東京都板橋区赤塚二丁目２番18号,35.770985,139.645599,東京都板橋区赤塚二丁目２番１８号,国土地理院
東京都板橋区赤塚新町二丁目10番８号,35.772682,139.638763,東京都板橋区赤塚新町二丁目１０番８号,国土地理院
東京都板橋区高島平九丁目18番12号,35.788712,139.665359,東京都板橋区高島平九丁目１８番１２号,国土地理院
東京都板橋区高島平九丁目33番１号,35.790913,139.672958,東京都板橋区高島平九丁目３３番１号,国土地理院
東京都武蔵野市吉祥寺本町一丁目10番31号,35.7056304953938,139.579362273216,公式座標,https://www.nre-mf.co.jp/ja/portfolio/
東京都武蔵野市吉祥寺本町二丁目2番17号,35.7036834,139.57727920000002,公式座標,https://www.nre-mf.co.jp/ja/portfolio/
東京都武蔵野市吉祥寺東町一丁目15番３号,35.707474,139.584625,東京都武蔵野市吉祥寺東町一丁目１５番３号,国土地理院
東京都武蔵野市御殿山一丁目1番3号,35.702749934083,139.576834291219,公式座標,https://www.nre-mf.co.jp/ja/portfolio/
東京都江戸川区中央二丁目21-6,35.7085347,139.87426200000004,公式座標,https://www.nre-mf.co.jp/ja/portfolio/
東京都江戸川区中葛西五丁目22番17号,35.661674,139.868118,東京都江戸川区中葛西五丁目２２番１７号,国土地理院
東京都江戸川区中葛西五丁目41番6号,35.661961,139.872040,東京都江戸川区中葛西五丁目４１番６号,国土地理院
東京都江戸川区中葛西六丁目18番5号,35.6606546914571,139.868713617324,公式座標,https://www.nre-mf.co.jp/ja/portfolio/
東京都江戸川区南篠崎町三丁目24番10号,35.694645,139.900772,東京都江戸川区南篠崎町三丁目２４番１０号,国土地理院
東京都江戸川区南葛西三丁目９番16号,35.652042,139.869415,東京都江戸川区南葛西三丁目９番１６号,国土地理院
東京都江戸川区南葛西六丁目2番26号,35.644024,139.876846,東京都江戸川区南葛西六丁目２番２６号,国土地理院
東京都江戸川区平井七丁目32番12号,35.714962,139.841095,東京都江戸川区平井七丁目３２番１２号,国土地理院
東京都江戸川区平井六丁目23番12号,35.708227674011,139.840266108512,公式座標,https://www.nre-mf.co.jp/ja/portfolio/
東京都江戸川区東葛西七丁目10番６号,35.659714,139.875793,東京都江戸川区東葛西七丁目１０番６号,国土地理院
東京都江戸川区東葛西七丁目15番7号,35.659290,139.878586,東京都江戸川区東葛西七丁目１５番７号,国土地理院
東京都江戸川区東葛西六丁目16番9号,35.6627182711781,139.876191616058,公式座標,https://www.nre-mf.co.jp/ja/portfolio/
東京都江戸川区篠崎七丁目21番13号,35.710030,139.908432,東京都江戸川区篠崎町,国土地理院
東京都江戸川区篠崎町七丁目20番19号,35.705116,139.902893,東京都江戸川区篠崎町七丁目２０番１９号,国土地理院
東京都江戸川区篠崎町五丁目９番１号,35.702068,139.907516,東京都江戸川区篠崎町五丁目９番１号,国土地理院
東京都江戸川区船堀五丁目5番16号,35.683109,139.870590,東京都江戸川区船堀五丁目５番１６号,国土地理院
東京都江戸川区船堀四丁目8番10号,35.683048,139.867096,東京都江戸川区船堀四丁目８番１０号,国土地理院
東京都江戸川区西小岩一丁目３番11号,35.731682,139.875458,東京都江戸川区西小岩一丁目３番１１号,国土地理院
東京都江東区三好三丁目２番13号,35.680145,139.805573,東京都江東区三好三丁目２番１３号,国土地理院
東京都江東区亀戸一丁目８番６号,35.696243,139.822281,東京都江東区亀戸一丁目８番６号,国土地理院
東京都江東区亀戸九丁目34番１－137号,35.700199,139.841461,東京都江東区亀戸九丁目３４番１号,国土地理院
東京都江東区亀戸九丁目5番13号,35.696785,139.841583,東京都江東区亀戸九丁目５番１３号,国土地理院
東京都江東区亀戸九丁目６番13号,35.697197,139.842621,東京都江東区亀戸九丁目６番１３号,国土地理院
東京都江東区亀戸二丁目36番13号,35.699997,139.825348,東京都江東区亀戸二丁目３６番１３号,国土地理院
東京都江東区亀戸二丁目36番９号,35.700535,139.825317,東京都江東区亀戸二丁目３６番９号,国土地理院
東京都江東区亀戸二丁目38番2号,35.7007765486762,139.82446655631,公式座標,https://www.nre-mf.co.jp/ja/portfolio/
東京都江東区亀戸五丁目14番８号,35.699528,139.826004,東京都江東区亀戸五丁目１４番８号,国土地理院
東京都江東区亀戸六丁目25番５号,35.695965,139.826172,東京都江東区亀戸六丁目２５番５号,国土地理院
東京都江東区亀戸六丁目57番11号,35.697220,139.829910,東京都江東区亀戸六丁目５７番１１号,国土地理院
東京都江東区住吉一丁目16番１号,35.688992,139.812607,東京都江東区住吉一丁目１６番１号,国土地理院
東京都江東区住吉二丁目８番11号,35.689449,139.815552,東京都江東区住吉二丁目８番１１号,国土地理院
東京都江東区佐賀二丁目10番13号,35.679714,139.792236,東京都江東区佐賀二丁目１０番１３号,国土地理院
東京都江東区千田６番15号,35.680965,139.815903,東京都江東区千田６番１５号,国土地理院
東京都江東区南砂七丁目４番９号,35.670906,139.834534,東京都江東区南砂七丁目４番９号,国土地理院
東京都江東区南砂三丁目４番３号,35.672943,139.826553,東京都江東区南砂三丁目４番３号,国土地理院
東京都江東区南砂二丁目1番7号,35.669579,139.820435,東京都江東区南砂二丁目１番７号,国土地理院
東京都江東区南砂二丁目26番11号,35.674988,139.824417,東京都江東区南砂二丁目２６番１１号,国土地理院
東京都江東区南砂二丁目34番４号,35.674805,139.826385,東京都江東区南砂二丁目３４番４号,国土地理院
東京都江東区南砂五丁目12番5号,35.676449,139.831528,東京都江東区南砂五丁目１２番５号,国土地理院
東京都江東区南砂四丁目４番20号,35.674755,139.827621,東京都江東区南砂四丁目４番２０号,国土地理院
東京都江東区古石場二丁目6番9号,35.6676062029087,139.798099100589,公式座標,https://www.nre-mf.co.jp/ja/portfolio/
東京都江東区塩浜二丁目29番10号,35.664867,139.818253,東京都江東区塩浜二丁目２９番１０号,国土地理院
東京都江東区塩浜二丁目４番33号,35.662319,139.804016,東京都江東区塩浜二丁目４番３３号,国土地理院
東京都江東区塩浜二丁目４番35号,35.662186,139.803665,東京都江東区塩浜二丁目４番３５号,国土地理院
東京都江東区大島一丁目５番１号,35.688400,139.821579,東京都江東区大島一丁目５番１号,国土地理院
東京都江東区大島五丁目32番5,35.689102,139.835770,東京都江東区大島五丁目３２番５号,国土地理院
東京都江東区大島五丁目41番６号,35.687855,139.837021,東京都江東区大島五丁目４１番６号,国土地理院
東京都江東区大島八丁目５番３号,35.690006,139.838211,東京都江東区大島八丁目５番３号,国土地理院
東京都江東区大島四丁目８番10号,35.689400,139.831726,東京都江東区大島四丁目８番１０号,国土地理院
東京都江東区大島四丁目８番11号,35.689415,139.831894,東京都江東区大島四丁目８番１１号,国土地理院
東京都江東区富岡二丁目3番1号,35.6704726352851,139.800632447004,公式座標,https://www.nre-mf.co.jp/ja/portfolio/
東京都江東区富岡二丁目9番9,35.672268,139.802277,東京都江東区富岡二丁目９番９号,国土地理院
東京都江東区富岡二丁目２番９号,35.670624,139.801132,東京都江東区富岡二丁目２番９号,国土地理院
東京都江東区平野二丁目2番29,35.676315,139.802490,東京都江東区平野二丁目２番２９号,国土地理院
東京都江東区平野二丁目２番３号,35.677471,139.800720,東京都江東区平野二丁目２番３号,国土地理院
東京都江東区扇橋一丁目18番４号,35.683319,139.810638,東京都江東区扇橋一丁目１８番４号,国土地理院
東京都江東区扇橋二丁目23番3号,35.6828766277087,139.816535264253,公式座標,https://www.nre-mf.co.jp/ja/portfolio/
東京都江東区新大橋一丁目3番11号,35.687527,139.794159,東京都江東区新大橋一丁目３番１１号,国土地理院
東京都江東区新大橋一丁目３番５号,35.687870,139.793549,東京都江東区新大橋一丁目３番５号,国土地理院
東京都江東区新大橋三丁目６番８号,35.687538,139.795349,東京都江東区新大橋三丁目６番８号,国土地理院
東京都江東区新大橋二丁目12番11号,35.689034,139.795013,東京都江東区新大橋二丁目１２番１１号,国土地理院
東京都江東区新大橋二丁目２番８号,35.686333,139.795120,東京都江東区新大橋二丁目２番８号,国土地理院
東京都江東区木場三丁目11番13号,35.674355,139.805206,東京都江東区木場三丁目１１番１３号,国土地理院
東京都江東区木場二丁目17番７号,35.671741,139.806122,東京都江東区木場二丁目１７番７号,国土地理院
東京都江東区木場六丁目７番18号,35.667686,139.805771,東京都江東区木場六丁目７番１８号,国土地理院
東京都江東区東陽一丁目25番７号,35.667786,139.811295,東京都江東区東陽一丁目２５番７号,国土地理院
東京都江東区東雲一丁目１番７号,35.649261,139.800659,東京都江東区東雲一丁目１番７号,国土地理院
東京都江東区東雲二丁目13番35号,35.63715862680614,139.8046593084595,公式座標,https://www.nre-mf.co.jp/ja/portfolio/
東京都江東区枝川一丁目４番12号,35.658211,139.803131,東京都江東区枝川一丁目４番１２号,国土地理院
東京都江東区森下一丁目16番12号,35.688126,139.796921,東京都江東区森下一丁目１６番１２号,国土地理院
東京都江東区森下三丁目6番4,35.688068,139.801254,東京都江東区森下三丁目６番４号,国土地理院
東京都江東区森下二丁目16番10号,35.687511,139.798904,東京都江東区森下二丁目１６番１０号,国土地理院
東京都江東区毛利 一丁目18番4号,35.692230,139.814896,東京都江東区毛利一丁目１８番４号,国土地理院
東京都江東区毛利一丁目１番13号,35.690468,139.812042,東京都江東区毛利一丁目１番１３号,国土地理院
東京都江東区毛利一丁目６番14号,35.691540,139.813309,東京都江東区毛利一丁目６番１４号,国土地理院
東京都江東区毛利二丁目10番20号,35.692814,139.815735,東京都江東区毛利二丁目１０番２０号,国土地理院
東京都江東区毛利二丁目９番７号,35.692875,139.818024,東京都江東区毛利二丁目９番７号,国土地理院
東京都江東区永代二丁目33番９号,35.673882,139.793121,東京都江東区永代二丁目３３番９号,国土地理院
東京都江東区永代二丁目36番４号,35.674423,139.791962,東京都江東区永代二丁目３６番４号,国土地理院
東京都江東区海辺7-7,35.680084,139.819473,東京都江東区海辺７番７号,国土地理院
東京都江東区深川二丁目20番1号,35.6773649,139.7975856,公式座標,https://www.nre-mf.co.jp/ja/portfolio/
東京都江東区清澄一丁目２番24号,35.680103,139.794159,東京都江東区清澄一丁目２番２４号,国土地理院
東京都江東区清澄一丁目５番18号,35.681889,139.794342,東京都江東区清澄一丁目５番１８号,国土地理院
東京都江東区清澄二丁目15番4,35.683159,139.796631,東京都江東区清澄二丁目１５番４号,国土地理院
東京都江東区潮見一丁目21番７号,35.658302,139.814468,東京都江東区潮見一丁目２１番７号,国土地理院
東京都江東区牡丹一丁目13番６号,35.671070,139.794312,東京都江東区牡丹一丁目１３番６号,国土地理院
東京都江東区牡丹一丁目16番４号,35.671146,139.793335,東京都江東区牡丹一丁目１６番４号,国土地理院
東京都江東区白河三丁目５番14号,35.681908,139.804779,東京都江東区白河三丁目５番１４号,国土地理院
東京都江東区福住一丁目17番12号,35.674603,139.793747,東京都江東区福住一丁目１７番１２号,国土地理院
東京都江東区福住一丁目7番8号,35.676811,139.793198,東京都江東区福住一丁目７番８号,国土地理院
東京都江東区豊洲一丁目２番39号,35.660038,139.792831,東京都江東区豊洲一丁目２番３９号,国土地理院
東京都江東区豊洲三丁目５番21号,35.658382,139.795609,東京都江東区豊洲三丁目５番２１号,国土地理院
東京都江東区豊洲四丁目8番8号,35.65544370547951,139.79945889140163,公式座標,https://www.nre-mf.co.jp/ja/portfolio/
東京都江東区辰巳二丁目１番56号,35.646839,139.814789,東京都江東区辰巳二丁目１番５６号,国土地理院
東京都江東区門前仲町一丁目5番7号,35.6725655947046,139.793705642223,公式座標,https://www.nre-mf.co.jp/ja/portfolio/
東京都江東区門前仲町一丁目6番6号,35.673298,139.793854,東京都江東区門前仲町一丁目６番６号,国土地理院
東京都江東区門前仲町二丁目７番10号,35.672279,139.796295,東京都江東区門前仲町二丁目７番１０号,国土地理院
東京都江東区高橋2番3号,35.6844660063542,139.798780381679,公式座標,https://www.nre-mf.co.jp/ja/portfolio/
東京都渋谷区上原一丁目17番16号,35.669357,139.682846,東京都渋谷区上原一丁目１７番１６号,国土地理院
東京都渋谷区上原三丁目25番7号,35.664196042836,139.676629900932,公式座標,https://www.nre-mf.co.jp/ja/portfolio/
東京都渋谷区上原二丁目31番５号,35.664139,139.679337,東京都渋谷区上原二丁目３１番５号,国土地理院
東京都渋谷区上原二丁目33番２号,35.664219,139.678131,東京都渋谷区上原二丁目３３番２号,国土地理院
東京都渋谷区上原二丁目３番７号,35.667912,139.683640,東京都渋谷区上原二丁目３番７号,国土地理院
東京都渋谷区代々木三丁目15番７号,35.684727,139.694992,東京都渋谷区代々木三丁目１５番７号,国土地理院
東京都渋谷区代々木三丁目57番10号,35.680202,139.695816,東京都渋谷区代々木三丁目５７番１０号,国土地理院
東京都渋谷区代々木四丁目52番12号,35.677479,139.689835,東京都渋谷区代々木四丁目５２番１２号,国土地理院
東京都渋谷区代官山町１番４号,35.652958,139.705429,東京都渋谷区代官山町１番４号,国土地理院
東京都渋谷区円山町26番７号,35.655926,139.693756,東京都渋谷区円山町２６番７号,国土地理院
東京都渋谷区初台一丁目45番2号,35.681068,139.688385,東京都渋谷区初台一丁目４５番２号,国土地理院
東京都渋谷区初台二丁目19番15号,35.6777440823519,139.686208739876,公式座標,https://www.nre-mf.co.jp/ja/portfolio/
東京都渋谷区千駄ケ谷三丁目55番３号,35.675034,139.705566,東京都渋谷区千駄ケ谷三丁目５５番３号,国土地理院
東京都渋谷区千駄ケ谷三丁目61番３号,35.673363,139.704773,東京都渋谷区千駄ケ谷三丁目６１番３号,国土地理院
東京都渋谷区千駄ケ谷四丁目５番10号,35.680153,139.703949,東京都渋谷区千駄ケ谷四丁目５番１０号,国土地理院
東京都渋谷区千駄ヶ谷二丁目９番10号,35.676369,139.709625,東京都渋谷区千駄ケ谷二丁目９番１０号,国土地理院
東京都渋谷区宇田川町20番17号,35.6609814332831,139.70042645931198,公式座標,https://www.nre-mf.co.jp/ja/portfolio/
東京都渋谷区宇田川町37番16号,35.662617,139.694962,東京都渋谷区宇田川町３７番１６号,国土地理院
東京都渋谷区宇田川町42番15号,35.663185,139.695084,東京都渋谷区宇田川町４２番１５号,国土地理院
東京都渋谷区宇田川町６番20号,35.662846,139.697281,東京都渋谷区宇田川町６番２０号,国土地理院
東京都渋谷区富ヶ谷二丁目14番13号,35.663563,139.686661,東京都渋谷区富ケ谷二丁目１４番１３号,国土地理院
東京都渋谷区富ヶ谷二丁目16番11号,35.6636515,139.68576610000002,公式座標,https://www.nre-mf.co.jp/ja/portfolio/
東京都渋谷区富ヶ谷二丁目20番8号,35.6625251,139.6864997,公式座標,https://www.nre-mf.co.jp/ja/portfolio/
東京都渋谷区幡ケ谷三丁目80番12号,35.6804536,139.669943,公式座標,https://www.nre-mf.co.jp/ja/portfolio/
東京都渋谷区幡ヶ谷一丁目５番１号,35.676285,139.674423,東京都渋谷区幡ケ谷一丁目５番１号,国土地理院
東京都渋谷区広尾一丁目10番６号,35.648624,139.717102,東京都渋谷区広尾一丁目１０番６号,国土地理院
東京都渋谷区広尾一丁目13番3号,35.6481708146837,139.712949693202,公式座標,https://www.nre-mf.co.jp/ja/portfolio/
東京都渋谷区広尾五丁目19番17号,35.648609,139.719879,東京都渋谷区広尾五丁目１９番１７号,国土地理院
東京都渋谷区恵比寿一丁目22番19号,35.646042,139.714127,東京都渋谷区恵比寿一丁目２２番１９号,国土地理院
東京都渋谷区恵比寿三丁目15番６号,35.643574,139.718872,東京都渋谷区恵比寿三丁目１５番６号,国土地理院
東京都渋谷区恵比寿二丁目29番２号,35.645226,139.721603,東京都渋谷区恵比寿二丁目２９番２号,国土地理院
東京都渋谷区恵比寿二丁目38番１号,35.645554,139.722305,東京都渋谷区恵比寿二丁目３８番１号,国土地理院
東京都渋谷区恵比寿南二丁目28番８号,35.641766,139.710052,東京都渋谷区恵比寿南二丁目２８番８号,国土地理院
東京都渋谷区恵比寿四丁目３番１号,35.646194,139.711212,東京都渋谷区恵比寿四丁目３番１号,国土地理院
東京都渋谷区恵比寿西一丁目21番７号,35.646473,139.705643,東京都渋谷区恵比寿西一丁目２１番７号,国土地理院
東京都渋谷区本町一丁目10番３号,35.679867,139.683746,東京都渋谷区本町一丁目１０番３号,国土地理院
東京都渋谷区本町一丁目33番７号,35.680767,139.681381,東京都渋谷区本町一丁目３３番７号,国土地理院
東京都渋谷区本町一丁目５番17号,35.681767,139.684433,東京都渋谷区本町一丁目５番１７号,国土地理院
東京都渋谷区本町六丁目35番４号,35.679996,139.676926,東京都渋谷区本町六丁目３５番４号,国土地理院
東京都渋谷区東三丁目15番６号,35.650635,139.709351,東京都渋谷区東三丁目１５番６号,国土地理院
東京都渋谷区東三丁目６番20号,35.651974,139.710754,東京都渋谷区東三丁目６番２０号,国土地理院
東京都渋谷区東四丁目13番1号,35.654396,139.713577,東京都渋谷区東四丁目１３番１号,国土地理院
東京都渋谷区松涛一丁目27番７号,35.659428,139.693359,東京都渋谷区松濤一丁目２７番７号,国土地理院
東京都渋谷区松濤二丁目3番11号,35.660564,139.688797,東京都渋谷区松濤二丁目３番１１号,国土地理院
東京都渋谷区桜丘町21番8号,35.6544663928102,139.70047339797,公式座標,https://www.nre-mf.co.jp/ja/portfolio/
東京都渋谷区桜丘町29番21号,35.654018,139.698715,東京都渋谷区桜丘町２９番２１号,国土地理院
東京都渋谷区渋谷三丁目10番4号,35.657356,139.705933,東京都渋谷区渋谷三丁目１０番４号,国土地理院
東京都渋谷区渋谷三丁目27-11,35.6557040036939,139.704526215791,公式座標,https://www.nre-mf.co.jp/ja/portfolio/
東京都渋谷区神宮前三丁目18番６号,35.670921,139.710052,東京都渋谷区神宮前三丁目１８番６号,国土地理院
東京都渋谷区神宮前三丁目1番30号,35.669708973653876,139.71465779384846,公式座標,https://www.nre-mf.co.jp/ja/portfolio/
東京都渋谷区笹塚一丁目59番10号,35.673691,139.665466,東京都渋谷区笹塚一丁目５９番１０号,国土地理院
東京都渋谷区笹塚一丁目61番17,35.672447,139.663269,東京都渋谷区笹塚一丁目６１番１７号,国土地理院
東京都渋谷区笹塚二丁目25番６号,35.673450,139.662598,東京都渋谷区笹塚二丁目２５番６号,国土地理院
東京都渋谷区笹塚二丁目４番３号,35.675400,139.670044,東京都渋谷区笹塚二丁目４番３号,国土地理院
東京都渋谷区道玄坂一丁目17番６号,35.656815,139.697159,東京都渋谷区道玄坂一丁目１７番６号,国土地理院
東京都渋谷区道玄坂二丁目16番4号,35.6587488401302,139.696926176548,公式座標,https://www.nre-mf.co.jp/ja/portfolio/
東京都港区三田一丁目１番12号,35.655296,139.738907,東京都港区三田一丁目１番,国土地理院
東京都港区三田一丁目２番15号,35.655025,139.740524,東京都港区三田一丁目２番,国土地理院
東京都港区三田二丁目1番41号,35.651558,139.738571,東京都港区三田二丁目１番,国土地理院
東京都港区三田二丁目７番16号,35.651531,139.744034,東京都港区三田二丁目７番,国土地理院
東京都港区三田五丁目12番7号,35.6451084282318,139.73795056343,公式座標,https://www.nre-mf.co.jp/ja/portfolio/
東京都港区三田五丁目１番21号,35.647160,139.736877,東京都港区三田五丁目１番,国土地理院
東京都港区三田五丁目６番11号,35.646870,139.739563,東京都港区三田五丁目６番,国土地理院
東京都港区三田四丁目7番26,35.644016,139.737289,東京都港区三田四丁目７番,国土地理院
東京都港区元赤坂一丁目７番４号,35.677914,139.732300,東京都港区元赤坂一丁目７番,国土地理院
東京都港区元麻布三丁目6番6,35.656303,139.729202,東京都港区元麻布三丁目６番,国土地理院
東京都港区元麻布三丁目１番35号,35.657799,139.728485,東京都港区元麻布三丁目１番,国土地理院
東京都港区六本木三丁目16番５号,35.662346,139.736969,東京都港区六本木三丁目１６番,国土地理院
東京都港区六本木五丁目13番12号,35.658806,139.736023,東京都港区六本木五丁目１３番,国土地理院
東京都港区南青山一丁目24番15号,35.667244,139.726364,東京都港区南青山一丁目２４番,国土地理院
東京都港区南青山六丁目８番８号,35.659870,139.716507,東京都港区南青山六丁目８番,国土地理院
東京都港区南青山四丁目17番33号,35.664646,139.717575,東京都港区南青山四丁目１７番,国土地理院
東京都港区南青山四丁目１番12号,35.667164,139.719360,東京都港区南青山四丁目１番,国土地理院
東京都港区南麻布一丁目10番8号,35.650684,139.734787,東京都港区南麻布一丁目１０番,国土地理院
東京都港区南麻布一丁目３番９号,35.651836,139.733276,東京都港区南麻布一丁目３番,国土地理院
東京都港区南麻布一丁目５番11号,35.651787,139.735153,東京都港区南麻布一丁目５番,国土地理院
東京都港区南麻布二丁目13番20号,35.647083,139.735001,東京都港区南麻布二丁目１３番,国土地理院
東京都港区南麻布二丁目２番27号,35.649811,139.735474,東京都港区南麻布二丁目２番,国土地理院
東京都港区新橋二丁目12番8号,35.666974608812076,139.7549005515205,公式座標,https://www.nre-mf.co.jp/ja/portfolio/
東京都港区東新橋二丁目12番1号,35.6604735,139.7558904,公式座標,https://www.nre-mf.co.jp/ja/portfolio/
東京都港区東新橋二丁目４番８号,35.661800,139.757568,東京都港区東新橋二丁目４番,国土地理院
東京都港区東麻布一丁目５番１号,35.658134,139.743256,東京都港区東麻布一丁目５番,国土地理院
東京都港区東麻布二丁目29番１号,35.655670,139.741852,東京都港区東麻布二丁目２９番,国土地理院
東京都港区東麻布二丁目33番9号,35.6561199749949,139.739321842789,公式座標,https://www.nre-mf.co.jp/ja/portfolio/
東京都港区浜松町二丁目5番5号,35.6542017,139.7564009,公式座標,https://www.nre-mf.co.jp/ja/portfolio/
東京都港区海岸三丁目13番12号,35.640228,139.754593,東京都港区海岸三丁目１３番,国土地理院
東京都港区海岸三丁目15番５号,35.642414,139.755310,東京都港区海岸三丁目１５番,国土地理院
東京都港区海岸三丁目１番９号,35.645870,139.756424,東京都港区海岸三丁目１番,国土地理院
東京都港区港南五丁目５番35号,35.628567,139.756729,東京都港区港南五丁目５番,国土地理院
東京都港区白金台三丁目16番２号,35.636162,139.723221,東京都港区白金台三丁目１６番,国土地理院
東京都港区白金台五丁目18番８号,35.636890,139.723190,東京都港区白金台五丁目１８番,国土地理院
東京都港区芝一丁目６番４号,35.652000,139.754868,東京都港区芝一丁目６番,国土地理院
東京都港区芝三丁目32番10号,35.650909,139.747574,東京都港区芝三丁目３２番,国土地理院
東京都港区芝三丁目43番６号,35.650597,139.745285,東京都港区芝三丁目４３番,国土地理院
東京都港区芝三丁目5番5号,35.6523715,139.74912740000002,公式座標,https://www.nre-mf.co.jp/ja/portfolio/
東京都港区芝二丁目30番9号,35.649986,139.751938,東京都港区芝二丁目３０番,国土地理院
東京都港区芝五丁目12番16,35.649250,139.745499,東京都港区芝五丁目１２番,国土地理院
東京都港区芝五丁目31番17号,35.64664430000001,139.7459778,公式座標,https://www.nre-mf.co.jp/ja/portfolio/
東京都港区芝五丁目7番1号,35.6494996,139.7480276,公式座標,https://www.nre-mf.co.jp/ja/portfolio/
東京都港区芝五丁目２番２号,35.649975,139.745590,東京都港区芝五丁目２番,国土地理院
東京都港区芝公園一丁目2番1号,35.6604262,139.7524879,公式座標,https://www.nre-mf.co.jp/ja/portfolio/
東京都港区芝公園二丁目3番6号,35.6568663935574,139.7526206005943,公式座標,https://www.nre-mf.co.jp/ja/portfolio/
東京都港区芝公園二丁目２番15号,35.656609,139.751114,東京都港区芝公園二丁目２番,国土地理院
東京都港区芝四丁目13番3号,35.647730,139.749814,公式座標,https://www.nre-mf.co.jp/ja/portfolio/
東京都港区芝四丁目18番１号,35.648212,139.752533,東京都港区芝四丁目１８番,国土地理院
東京都港区芝四丁目2番3号,35.6495964009339,139.750570356845,公式座標,https://www.nre-mf.co.jp/ja/portfolio/
東京都港区芝大門1丁目10番18号,35.65885970000001,139.75270739999996,公式座標,https://www.nre-mf.co.jp/ja/portfolio/
東京都港区芝大門一丁目15番3号,35.65753681259093,139.7541286576027,公式座標,https://www.nre-mf.co.jp/ja/portfolio/
東京都港区芝大門一丁目１番34号,35.659733,139.753326,東京都港区芝大門一丁目１番,国土地理院
東京都港区芝浦三丁目6番13号,35.6429298847487,139.747572988271,公式座標,https://www.nre-mf.co.jp/ja/portfolio/
東京都港区芝浦二丁目３番33号,35.644085,139.754501,東京都港区芝浦二丁目３番,国土地理院
東京都港区芝浦二丁目６番11号,35.644333,139.753433,東京都港区芝浦二丁目６番,国土地理院
東京都港区芝浦二丁目８番11号,35.643322,139.753586,東京都港区芝浦二丁目８番,国土地理院
東京都港区芝浦二丁目８番３号,35.643322,139.753586,東京都港区芝浦二丁目８番,国土地理院
東京都港区芝浦四丁目18番30号,35.637943,139.749115,東京都港区芝浦四丁目１８番,国土地理院
東京都港区芝浦四丁目20番２号,35.639462,139.751404,東京都港区芝浦四丁目２０番,国土地理院
東京都港区芝浦四丁目5番17号,35.6401092570156,139.745231419801,公式座標,https://www.nre-mf.co.jp/ja/portfolio/
東京都港区芝浦四丁目５番13号,35.641178,139.745605,東京都港区芝浦四丁目５番,国土地理院
東京都港区虎ノ門三丁目23番７号,35.661873,139.746750,東京都港区虎ノ門三丁目２３番,国土地理院
東京都港区西新橋三丁目17番７号,35.663929,139.749756,東京都港区西新橋三丁目１７番,国土地理院
東京都港区西新橋二丁目12番１号,35.666943,139.752182,東京都港区西新橋二丁目１２番,国土地理院
東京都港区西麻布一丁目３番12号,35.661983,139.726700,東京都港区西麻布一丁目３番,国土地理院
東京都港区西麻布三丁目13番３号,35.657368,139.724091,東京都港区西麻布三丁目１３番,国土地理院
東京都港区西麻布四丁目15番２号,35.658615,139.720993,東京都港区西麻布四丁目１５番,国土地理院
東京都港区西麻布四丁目１番10号,35.659199,139.723282,東京都港区西麻布四丁目１番,国土地理院
東京都港区赤坂七丁目6番19号,35.6710871064312,139.73303809762,公式座標,https://www.nre-mf.co.jp/ja/portfolio/
東京都港区赤坂七丁目５番10号,35.672016,139.730377,東京都港区赤坂七丁目５番,国土地理院
東京都港区赤坂三丁目7番12号,35.674748,139.7378006,公式座標,https://www.nre-mf.co.jp/ja/portfolio/
東京都港区赤坂九丁目６番39号,35.667004,139.728485,東京都港区赤坂九丁目６番,国土地理院
東京都港区赤坂二丁目12番30号,35.671173,139.740219,東京都港区赤坂二丁目１２番,国土地理院
東京都港区赤坂二丁目17番63号,35.670219,139.738419,東京都港区赤坂二丁目１７番,国土地理院
東京都港区赤坂八丁目1番22号,35.6734766,139.72771750000004,公式座標,https://www.nre-mf.co.jp/ja/portfolio/
東京都港区赤坂六丁目19番41号,35.667645,139.734299,東京都港区赤坂六丁目１９番,国土地理院
東京都港区赤坂六丁目19番50号,35.667645,139.734299,東京都港区赤坂六丁目１９番,国土地理院
東京都港区高輪一丁目２番６号,35.644142,139.735092,東京都港区高輪一丁目２番,国土地理院
東京都港区高輪一丁目５番14号,35.641998,139.736771,東京都港区高輪一丁目５番,国土地理院
東京都港区高輪一丁目５番９号,35.641998,139.736771,東京都港区高輪一丁目５番,国土地理院
東京都港区高輪三丁目４番12号,35.634796,139.731705,東京都港区高輪三丁目４番,国土地理院
東京都港区高輪三丁目５番６号,35.633656,139.731461,東京都港区高輪三丁目５番,国土地理院
東京都港区高輪二丁目13番16号,35.634586,139.737762,東京都港区高輪二丁目１３番,国土地理院
東京都港区高輪二丁目17番12号,35.639320,139.739792,東京都港区高輪二丁目１７番,国土地理院
東京都港区麻布十番一丁目11番1号,35.655727,139.736496,東京都港区麻布十番一丁目１１番,国土地理院
東京都港区麻布十番二丁目10番１号,35.654533,139.734497,東京都港区麻布十番二丁目１０番,国土地理院
東京都港区麻布十番二丁目21番２号,35.654167,139.736572,東京都港区麻布十番二丁目２１番,国土地理院
東京都港区麻布十番二丁目７番５号,35.655701,139.733505,東京都港区麻布十番二丁目７番,国土地理院
東京都港区麻布台三丁目４番４号,35.659779,139.738678,東京都港区麻布台三丁目４番,国土地理院
東京都狛江市岩戸南一丁目7番1号,35.631229,139.584198,東京都狛江市岩戸南一丁目７番,国土地理院
東京都狛江市東野川一丁目32番５号,35.642181,139.582718,東京都狛江市東野川一丁目３２番５号,国土地理院
東京都町田市中町一丁目８番12号,35.549465,139.443405,東京都町田市中町一丁目８番１２号,国土地理院
東京都町田市原町田二丁目21番24,35.538746,139.455246,東京都町田市原町田二丁目２１番２４号,国土地理院
東京都町田市原町田六丁目9-19,35.5433278071707,139.446444064378,公式座標,https://www.nre-mf.co.jp/ja/portfolio/
東京都町田市玉川学園二丁目16番28号,35.564922,139.461349,東京都町田市玉川学園二丁目１６番２８号,国土地理院
東京都町田市玉川学園二丁目17番18号,35.565514,139.461426,東京都町田市玉川学園二丁目１７番１８号,国土地理院
東京都町田市鶴川二丁目19番４号,35.588085,139.475449,東京都町田市鶴川二丁目１９番,国土地理院
東京都目黒区三田一丁目11番11号,35.6406640900808,139.713142812252,公式座標,https://www.nre-mf.co.jp/ja/portfolio/
東京都目黒区三田二丁目10番12号,35.639519,139.710876,東京都目黒区三田二丁目１０番１２号,国土地理院
東京都目黒区三田二丁目10番39号,35.638283,139.712631,東京都目黒区三田二丁目１０番３９号,国土地理院
東京都目黒区上目黒三丁目1番3号,35.6452806224707,139.697580635547,公式座標,https://www.nre-mf.co.jp/ja/portfolio/
東京都目黒区上目黒三丁目28番24号,35.6441352695269,139.696031659841,公式座標,https://www.nre-mf.co.jp/ja/portfolio/
東京都目黒区上目黒二丁目15番１号,35.642849,139.697906,東京都目黒区上目黒二丁目１５番１号,国土地理院
東京都目黒区上目黒五丁目17番23号,35.643650,139.686905,東京都目黒区上目黒五丁目１７番２３号,国土地理院
東京都目黒区上目黒五丁目６番２号,35.644020,139.690582,東京都目黒区上目黒五丁目６番２号,国土地理院
東京都目黒区下目黒一丁目4番18号,35.6333245202304,139.71230328083,公式座標,https://www.nre-mf.co.jp/ja/portfolio/
東京都目黒区下目黒一丁目４番４号,35.633167,139.712906,東京都目黒区下目黒一丁目４番４号,国土地理院
東京都目黒区下目黒二丁目10番16号,35.6297687195457,139.712853133678,公式座標,https://www.nre-mf.co.jp/ja/portfolio/
東京都目黒区下目黒二丁目15番10号,35.629272,139.711334,東京都目黒区下目黒二丁目１５番１０号,国土地理院
東京都目黒区下目黒二丁目２番２号,35.632408,139.711884,東京都目黒区下目黒二丁目２番２号,国土地理院
東京都目黒区下目黒六丁目18番27号,35.628819,139.696335,東京都目黒区下目黒六丁目１８番２７号,国土地理院
東京都目黒区中央町一丁目3番14号,35.628765,139.695236,東京都目黒区中央町一丁目３番１４号,国土地理院
東京都目黒区中根一丁目25番17号,35.614166,139.667953,東京都目黒区中根一丁目２５番１７号,国土地理院
東京都目黒区中町一丁目40番７号,35.629383,139.695099,東京都目黒区中町一丁目４０番７号,国土地理院
東京都目黒区中目黒三丁目３番１号,35.641239,139.701721,東京都目黒区中目黒三丁目３番１号,国土地理院
東京都目黒区中目黒二丁目８番23号,35.639198,139.703751,東京都目黒区中目黒二丁目８番２３号,国土地理院
東京都目黒区中目黒二丁目９番11号,35.639439,139.703537,東京都目黒区中目黒二丁目９番１１号,国土地理院
東京都目黒区中目黒五丁目27番18号,35.635918,139.694550,東京都目黒区中目黒五丁目２７番１８号,国土地理院
東京都目黒区中目黒四丁目8番25号,35.636913,139.704926,東京都目黒区中目黒四丁目８番２５号,国土地理院
東京都目黒区五本木三丁目13番23号,35.632610,139.683014,東京都目黒区五本木三丁目１３番２３号,国土地理院
東京都目黒区八雲一丁目12番10号,35.616722,139.672623,東京都目黒区八雲一丁目１２番１０号,国土地理院
東京都目黒区八雲二丁目20番５号,35.620140,139.668213,東京都目黒区八雲二丁目２０番５号,国土地理院
東京都目黒区原町一丁目22番３号,35.616589,139.695602,東京都目黒区原町一丁目２２番３号,国土地理院
東京都目黒区大橋二丁目4番16号,35.6533178297193,139.688942581415,公式座標,https://www.nre-mf.co.jp/ja/portfolio/
東京都目黒区平町一丁目23番８号,35.616474,139.678101,東京都目黒区平町一丁目２３番８号,国土地理院
東京都目黒区平町一丁目2番3号,35.619221,139.681015,東京都目黒区平町一丁目２番３号,国土地理院
東京都目黒区平町二丁目7番17,35.614655,139.682251,東京都目黒区平町二丁目７番１７号,国土地理院
東京都目黒区目黒一丁目２番20号,35.636871,139.712601,東京都目黒区目黒一丁目２番２０号,国土地理院
東京都目黒区目黒二丁目10番18号,35.633678,139.708267,東京都目黒区目黒二丁目１０番１８号,国土地理院
東京都目黒区目黒二丁目12番16号,35.634884,139.707367,東京都目黒区目黒二丁目１２番１６号,国土地理院
東京都目黒区目黒二丁目１番13号,35.637276,139.706360,東京都目黒区目黒二丁目１番１３号,国土地理院
東京都目黒区目黒本町二丁目12番20号,35.624562,139.6920278,公式座標,https://www.nre-mf.co.jp/ja/portfolio/
東京都目黒区目黒本町二丁目14番21号,35.625877,139.692123,東京都目黒区目黒本町二丁目１４番２１号,国土地理院
東京都目黒区目黒本町二丁目21番20号,35.6243837043672,139.691180884838,公式座標,https://www.nre-mf.co.jp/ja/portfolio/
東京都目黒区碑文谷二丁目３番３号,35.623745,139.689514,東京都目黒区碑文谷二丁目３番３号,国土地理院
東京都目黒区碑文谷五丁目５番15号,35.623901,139.683960,東京都目黒区碑文谷五丁目５番１５号,国土地理院
東京都目黒区祐天寺二丁目14番21号,35.637199,139.690994,東京都目黒区祐天寺二丁目１４番２１号,国土地理院
東京都目黒区自由が丘一丁目20番１号,35.613579,139.669861,東京都目黒区自由が丘一丁目２０番１号,国土地理院
東京都目黒区青葉台一丁目18番７号,35.647312,139.697571,東京都目黒区青葉台一丁目１８番７号,国土地理院
東京都目黒区青葉台一丁目9番6号,35.648529,139.696915,東京都目黒区青葉台一丁目９番６号,国土地理院
東京都目黒区青葉台三丁目18番9号,35.6501302445004,139.690818786621,公式座標,https://www.nre-mf.co.jp/ja/portfolio/
東京都目黒区青葉台三丁目5番2号,35.653038,139.691864,東京都目黒区青葉台三丁目５番２号,国土地理院
東京都目黒区青葉台二丁目１番７号,35.652588,139.694321,東京都目黒区青葉台二丁目１番７号,国土地理院
東京都目黒区青葉台四丁目４番５号,35.654232,139.692917,東京都目黒区青葉台四丁目４番５号,国土地理院
東京都目黒区鷹番一丁目4-7,35.6262179931394,139.689806252717,公式座標,https://www.nre-mf.co.jp/ja/portfolio/
東京都目黒区鷹番一丁目６番19号,35.626194,139.688660,東京都目黒区鷹番一丁目６番１９号,国土地理院
東京都目黒区鷹番三丁目14番15号,35.6300443556749,139.683803468942,公式座標,https://www.nre-mf.co.jp/ja/portfolio/
東京都稲城市若葉台二丁目１番地１,35.620197,139.473724,東京都稲城市若葉台二丁目１番地,国土地理院
東京都立川市富士見町二丁目３番21号,35.699574,139.405670,東京都立川市富士見町二丁目３番２１号,国土地理院
東京都立川市曙町二丁目34番7号,35.7021269,139.41476510000007,公式座標,https://www.nre-mf.co.jp/ja/portfolio/
東京都立川市曙町二丁目36番2号,35.7021827541865,139.414111375808,公式座標,https://www.nre-mf.co.jp/ja/portfolio/
東京都立川市柴崎町三丁目6番9号,35.69643852476435,139.41381256260033,公式座標,https://www.nre-mf.co.jp/ja/portfolio/
東京都練馬区三原台一丁目29番15号,35.750786,139.603470,東京都練馬区三原台一丁目２９番１５号,国土地理院
東京都練馬区上石神井三丁目34番12号,35.730598,139.591385,東京都練馬区上石神井三丁目３４番１２号,国土地理院
東京都練馬区中村三丁目14番６号,35.733364,139.639038,東京都練馬区中村三丁目１４番６号,国土地理院
東京都練馬区北町三丁目15番11号,35.768738,139.651764,東京都練馬区北町三丁目１５番１１号,国土地理院
東京都練馬区北町三丁目15番14号,35.768631,139.652161,東京都練馬区北町三丁目１５番１４号,国土地理院
東京都練馬区平和台三丁目23番24号,35.756294,139.659866,東京都練馬区平和台三丁目２３番２４号,国土地理院
東京都練馬区平和台四丁目19-10,35.760189,139.657242,東京都練馬区平和台四丁目１９番１０号,国土地理院
東京都練馬区旭町三丁目18番13号,35.776333,139.626678,東京都練馬区旭町三丁目１８番１３号,国土地理院
東京都練馬区練馬一丁目６番２号,35.737179,139.652435,東京都練馬区練馬一丁目６番２号,国土地理院
東京都練馬区練馬三丁目１番12号,35.737305,139.649933,東京都練馬区練馬三丁目１番１２号,国土地理院
東京都練馬区谷原二丁目７番24号,35.749729,139.615112,東京都練馬区谷原二丁目７番２４号,国土地理院
東京都練馬区豊玉北二丁目4-8,35.7337865716756,139.666419401764,公式座標,https://www.nre-mf.co.jp/ja/portfolio/
東京都練馬区貫井三丁目8番4号,35.7355790850656,139.629959464073,公式座標,https://www.nre-mf.co.jp/ja/portfolio/
東京都練馬区関町南四丁目5-26,35.7228444634794,139.575807005167,公式座標,https://www.nre-mf.co.jp/ja/portfolio/
東京都荒川区南千住三丁目41番６号,35.733871,139.807129,東京都荒川区南千住三丁目４１番,国土地理院
東京都荒川区南千住三丁目４番７号,35.729946,139.800278,東京都荒川区南千住三丁目４番７号,国土地理院
東京都荒川区南千住二丁目26番７号,35.729019,139.797699,東京都荒川区南千住二丁目２６番７号,国土地理院
東京都荒川区南千住五丁目11番３号,35.734615,139.794693,東京都荒川区南千住五丁目１１番３号,国土地理院
東京都荒川区東尾久五丁目12番10号,35.749153,139.768951,東京都荒川区東尾久五丁目１２番１０号,国土地理院
東京都荒川区東尾久八丁目32番５号,35.749783,139.767609,東京都荒川区東尾久八丁目３２番５号,国土地理院
東京都荒川区東日暮里六丁目40番20号,35.731106,139.776077,東京都荒川区東日暮里六丁目４０番２０号,国土地理院
東京都荒川区東日暮里六丁目6番6号,35.7307911,139.7785131,公式座標,https://www.nre-mf.co.jp/ja/portfolio/
東京都荒川区町屋三丁目23番20号,35.749172,139.784683,東京都荒川区町屋三丁目２３番２０号,国土地理院
東京都荒川区町屋六丁目１番15号,35.749935,139.785217,東京都荒川区町屋六丁目１番１５号,国土地理院
東京都荒川区荒川三丁目73番5号,35.7360341196949,139.779240489006,公式座標,https://www.nre-mf.co.jp/ja/portfolio/
東京都荒川区荒川二丁目３番１号,35.735260,139.783142,東京都荒川区荒川二丁目３番１号,国土地理院
東京都荒川区荒川五丁目51番７号,35.740475,139.774048,東京都荒川区荒川五丁目５１番７号,国土地理院
東京都荒川区西尾久 二丁目4番14号,35.750130,139.764725,東京都荒川区西尾久二丁目４番１４号,国土地理院
東京都荒川区西尾久三丁目17番５号,35.751728,139.761978,東京都荒川区西尾久三丁目１７番５号,国土地理院
東京都荒川区西尾久二丁目30番13号,35.748444,139.762344,東京都荒川区西尾久二丁目３０番１３号,国土地理院
東京都荒川区西日暮里一丁目49番10号,35.734837,139.77308,公式座標,https://www.nre-mf.co.jp/ja/portfolio/
東京都荒川区西日暮里二丁目７番17号,35.731796,139.773407,東京都荒川区西日暮里二丁目７番１７号,国土地理院
東京都葛飾区亀有3-10-14,35.764542,139.847733,東京都葛飾区亀有三丁目１０番１４号,国土地理院
東京都葛飾区亀有二丁目48番６号,35.762226,139.851883,東京都葛飾区亀有二丁目４８番,国土地理院
東京都葛飾区小菅四丁目８番８,35.761250,139.825058,東京都葛飾区小菅四丁目８番８号,国土地理院
東京都葛飾区東新小岩三丁目４番16号,35.721561,139.859451,東京都葛飾区東新小岩三丁目４番１６号,国土地理院
東京都葛飾区東新小岩四丁目13番８号,35.724640,139.861969,東京都葛飾区東新小岩四丁目１３番８号,国土地理院
東京都葛飾区西新小岩四丁目41番22号,35.718773,139.855988,東京都葛飾区西新小岩四丁目４１番２２号,国土地理院
東京都葛飾区金町一丁目7-5,35.7626667489933,139.864169955253,公式座標,https://www.nre-mf.co.jp/ja/portfolio/
東京都西東京市向台町三丁目5番74号,35.7182109,139.53496540000003,公式座標,https://www.nre-mf.co.jp/ja/portfolio/
東京都西東京市東町二丁目６番５号,35.747177,139.558731,東京都西東京市東町二丁目６番５号,国土地理院
東京都西東京市田無町一丁目５番１号,35.730606,139.546890,東京都西東京市田無町一丁目５番１号,国土地理院
東京都西東京市田無町六丁目５番23号,35.730515,139.533737,東京都西東京市田無町六丁目５番２３号,国土地理院
東京都調布市八雲台一丁目８番地１,35.653198,139.554047,東京都調布市八雲台一丁目８番,国土地理院
東京都調布市富士見町二丁目12-2,35.656166032436,139.541793912649,公式座標,https://www.nre-mf.co.jp/ja/portfolio/
東京都調布市布田一丁目28番4号,35.653099,139.545441,東京都調布市布田一丁目２８番地,国土地理院
東京都豊島区上池袋一丁目37番22号,35.736488,139.723907,東京都豊島区上池袋一丁目３７番２２号,国土地理院
東京都豊島区北大塚一丁目15番1号,35.731445,139.730362,東京都豊島区北大塚一丁目１５番１号,国土地理院
東京都豊島区北大塚一丁目23番18号,35.733532,139.733185,東京都豊島区北大塚一丁目２３番１８号,国土地理院
東京都豊島区北大塚二丁目３番11号,35.732529,139.726425,東京都豊島区北大塚二丁目３番１１号,国土地理院
東京都豊島区南大塚三丁目12番10号,35.7284909500342,139.728317409753,公式座標,https://www.nre-mf.co.jp/ja/portfolio/
東京都豊島区南大塚三丁目17番４号,35.728069,139.726746,東京都豊島区南大塚三丁目１７番４号,国土地理院
東京都豊島区南池袋二丁目19番14号,35.726177,139.714462,東京都豊島区南池袋二丁目１９番１４号,国土地理院
東京都豊島区巣鴨四丁目14番15号,35.738018,139.731491,東京都豊島区巣鴨四丁目１４番１５号,国土地理院
東京都豊島区東池袋三丁目22番21号,35.730690,139.721100,東京都豊島区東池袋三丁目２２番２１号,国土地理院
東京都豊島区東池袋二丁目32番20号,35.732189,139.725632,東京都豊島区東池袋二丁目３２番２０号,国土地理院
東京都豊島区東池袋二丁目８番１号,35.730240,139.723190,東京都豊島区東池袋二丁目８番１号,国土地理院
東京都豊島区東池袋四丁目３番５号,35.726006,139.719559,東京都豊島区東池袋四丁目３番５号,国土地理院
東京都豊島区池袋一丁目16番15号,35.737255,139.711380,東京都豊島区池袋一丁目１６番１５号,国土地理院
東京都豊島区池袋二丁目24番20号,35.733681,139.703873,東京都豊島区池袋二丁目２４番２０号,国土地理院
東京都豊島区池袋二丁目50番4号,35.7341132680367,139.711005762219,公式座標,https://www.nre-mf.co.jp/ja/portfolio/
東京都豊島区池袋二丁目57番１号,35.734821,139.708298,東京都豊島区池袋二丁目５７番１号,国土地理院
東京都豊島区西巣鴨一丁目3番4号,35.736126,139.725281,東京都豊島区西巣鴨一丁目３番４号,国土地理院
東京都豊島区西池袋一丁目17番10,35.7310751905944,139.708683639764,公式座標,https://www.nre-mf.co.jp/ja/portfolio/
東京都豊島区西池袋三丁目１番12号,35.729023,139.706894,東京都豊島区西池袋三丁目１番１２号,国土地理院
東京都豊島区西池袋五丁目26番10号,35.732357,139.699280,東京都豊島区西池袋五丁目２６番１０号,国土地理院
東京都豊島区西池袋五丁目27番９号,35.731468,139.698868,東京都豊島区西池袋五丁目２７番９号,国土地理院
東京都豊島区要町一丁目13番４号,35.734474,139.699432,東京都豊島区要町一丁目１３番４号,国土地理院
東京都豊島区長崎三丁目２番19号,35.727943,139.688248,東京都豊島区長崎三丁目２番１９号,国土地理院
東京都豊島区駒込三丁目23番13号,35.738701,139.746155,東京都豊島区駒込三丁目２３番１３号,国土地理院
東京都豊島区高田一丁目10番22号,35.713940,139.719528,東京都豊島区高田一丁目１０番２２号,国土地理院
東京都豊島区高田三丁目28番６号,35.715927,139.706161,東京都豊島区高田三丁目２８番６号,国土地理院
東京都豊島区高田三丁目33番６号,35.715927,139.706924,東京都豊島区高田三丁目３３番６号,国土地理院
東京都豊島区高田二丁目７番２号,35.715385,139.712677,東京都豊島区高田二丁目７番２号,国土地理院
東京都豊島区高田二丁目８番16号,35.715908,139.713745,東京都豊島区高田二丁目８番１６号,国土地理院
東京都足立区入谷二丁目16番6号,35.808205,139.763168,東京都足立区入谷二丁目１６番６号,国土地理院
東京都足立区千住一丁目１番７号,35.747116,139.798920,東京都足立区千住一丁目１番７号,国土地理院
東京都足立区千住河原町17-6,35.744061,139.798279,東京都足立区千住河原町１７番６号,国土地理院
東京都足立区千住龍田町６番24号,35.751007,139.795441,東京都足立区千住龍田町６番２４号,国土地理院
東京都足立区東保木間一丁目16番17号,35.787827,139.814697,東京都足立区東保木間一丁目１６番１７号,国土地理院
東京都足立区東綾瀬一丁目23番６号,35.765083,139.829712,東京都足立区東綾瀬一丁目２３番６号,国土地理院
東京都足立区梅田五丁目25番33号,35.771275,139.794647,東京都足立区梅田五丁目２５番３３号,国土地理院
東京都足立区竹ノ塚三丁目５番18号,35.789696,139.798370,東京都足立区竹の塚三丁目５番１８号,国土地理院
東京都足立区西新井栄町一丁目16番２号,35.773499,139.789444,東京都足立区西新井栄町一丁目１６番,国土地理院
東京都青梅市末広町二丁目9番地1(住居表示未実施),35.780476,139.309450,公式座標,https://www.nre-mf.co.jp/ja/portfolio/
東京都青梅市末広町二丁目9番地13(住居表示未実施),35.7804864,139.3097023,公式座標,https://www.nre-mf.co.jp/ja/portfolio/
東京都青梅市末広町二丁目9番地14(住居表示未実施),35.7790085,139.308229,公式座標,https://www.nre-mf.co.jp/ja/portfolio/
栃木県宇都宮市南大通り三丁目１番１号,36.554874,139.895187,栃木県宇都宮市南大通り三丁目１番１号,国土地理院
栃木県宇都宮市東宿郷四丁目２番23号,36.558254,139.906158,栃木県宇都宮市東宿郷四丁目２番２３号,国土地理院
沖縄県那覇市前島三丁目1番4,26.221406,127.682742,公式座標,https://www.nre-mf.co.jp/ja/portfolio/
滋賀県湖南市梅影町４番１号,35.012535,136.125839,滋賀県湖南市梅影町４番地,国土地理院
熊本県熊本市中央区保田窪二丁目11番10号,32.806122,130.747559,熊本県熊本市中央区保田窪二丁目１１番１０号,国土地理院
熊本県熊本市中央区呉服町二丁目36番地６号,32.795597,130.696655,熊本県熊本市中央区呉服町二丁目３６番地,国土地理院
熊本県熊本市南区平田二丁目20番18号,32.771358,130.696060,熊本県熊本市南区平田二丁目２０番１８号,国土地理院
熊本県熊本市東区月出二丁目６番60号,32.804245,130.763519,熊本県熊本市東区月出二丁目６番６０号,国土地理院
石川県金沢市堀川新町8番13号,36.5805553,136.6504911,公式座標,https://www.nre-mf.co.jp/ja/portfolio/
神奈川県厚木市上落合字平川276-1,35.4119863075951,139.351189434528,公式座標,https://www.nre-mf.co.jp/ja/portfolio/
神奈川県厚木市上落合字平川276-11,35.411863890626,139.352294504642,公式座標,https://www.nre-mf.co.jp/ja/portfolio/
神奈川県厚木市旭町一丁目17番12号,35.435993,139.362656,神奈川県厚木市旭町一丁目１７番１２号,国土地理院
神奈川県厚木市水引一丁目1-5,35.443695,139.359924,神奈川県厚木市水引一丁目１番５号,国土地理院
神奈川県厚木市緑ヶ丘五丁目1-1,35.4500953248199,139.339835643768,公式座標,https://www.nre-mf.co.jp/ja/portfolio/
神奈川県大和市中央五丁目３番９号,35.467155,139.459549,神奈川県大和市中央五丁目３番９号,国土地理院
神奈川県大和市中央林間五丁目１番10号,35.509541,139.443192,神奈川県大和市中央林間五丁目１番１０号,国土地理院
神奈川県大和市桜森二丁目13番5号,35.470360,139.438354,神奈川県大和市桜森二丁目１３番５号,国土地理院
神奈川県小田原市栄町一丁目17番35号,35.253258,139.159836,神奈川県小田原市栄町一丁目１７番３５号,国土地理院
神奈川県小田原市栄町一丁目20番５号,35.253780,139.161331,神奈川県小田原市栄町一丁目２０番５号,国土地理院
神奈川県川崎市中原区上丸子山王町一丁目1406番地２,35.577660,139.666534,神奈川県川崎市中原区上丸子山王町一丁目１４０６番地,国土地理院
神奈川県川崎市中原区下新城一丁目３番10号,35.579868,139.633835,神奈川県川崎市中原区下新城一丁目３番,国土地理院
神奈川県川崎市中原区中丸子字新宿耕地13番地８,35.568520,139.668854,神奈川県川崎市中原区中丸子,国土地理院
神奈川県川崎市中原区今井上町２番21号,35.577324,139.652985,神奈川県川崎市中原区今井上町２番,国土地理院
神奈川県川崎市中原区市ノ坪399番１,35.566349,139.665985,神奈川県川崎市中原区市ノ坪３９９番地,国土地理院
神奈川県川崎市中原区新丸子東二丁目890番地６他,35.577827,139.663910,神奈川県川崎市中原区新丸子東二丁目８９０番地,国土地理院
神奈川県川崎市中原区新丸子東二丁目902番地1(住居表示未実施),35.5784185695805,139.661620259284,公式座標,https://www.nre-mf.co.jp/ja/portfolio/
神奈川県川崎市中原区木月伊勢町２番８号,35.570522,139.653442,神奈川県川崎市中原区木月伊勢町２番,国土地理院
神奈川県川崎市多摩区登戸字辛耕地3333番地1他2筆(住居表示未実施),35.619733327790165,139.57124753988114,公式座標,https://www.nre-mf.co.jp/ja/portfolio/
神奈川県川崎市多摩区登戸新町364番,35.622639,139.567108,神奈川県川崎市多摩区登戸新町３６４番地,国土地理院
神奈川県川崎市多摩区西生田三丁目17番７号,35.612179,139.530975,神奈川県川崎市多摩区西生田三丁目１７番,国土地理院
神奈川県川崎市宮前区宮崎二丁目8番1,35.5880447,139.59236340000007,公式座標,https://www.nre-mf.co.jp/ja/portfolio/
神奈川県川崎市宮前区宮崎字三ッ又129番地-2,35.591564,139.591248,神奈川県川崎市宮前区宮崎三丁目,国土地理院
神奈川県川崎市宮前区犬蔵二丁目24番８号,35.585934,139.561157,神奈川県川崎市宮前区犬蔵二丁目２４番,国土地理院
神奈川県川崎市宮前区鷺沼三丁目13番地2,35.579350,139.566086,神奈川県川崎市宮前区鷺沼三丁目１３番,国土地理院
神奈川県川崎市川崎区大師駅前1-1-3,35.533939,139.725464,神奈川県川崎市川崎区大師駅前一丁目１番,国土地理院
神奈川県川崎市川崎区宮前町８番10号,35.528931,139.705322,神奈川県川崎市川崎区宮前町８番,国土地理院
神奈川県川崎市川崎区小川町12番4号,35.527107,139.697739,神奈川県川崎市川崎区小川町１２番,国土地理院
神奈川県川崎市川崎区日進町23番地8,35.523445,139.694778,神奈川県川崎市川崎区日進町２３番,国土地理院
神奈川県川崎市川崎区本町一丁目4番15号(住居表示未実施),35.5337116491747,139.704114496707,公式座標,https://www.nre-mf.co.jp/ja/portfolio/
神奈川県川崎市川崎区本町一丁目６番地６,35.533028,139.702820,神奈川県川崎市川崎区本町一丁目６番,国土地理院
神奈川県川崎市川崎区本町二丁目10番10,35.534908,139.705704,神奈川県川崎市川崎区本町二丁目１０番,国土地理院
神奈川県川崎市川崎区駅前本町3番地1,35.5298743511819,139.698835909366,公式座標,https://www.nre-mf.co.jp/ja/portfolio/
神奈川県川崎市川崎区駅前本町7-1,35.530625818258,139.699517190456,公式座標,https://www.nre-mf.co.jp/ja/portfolio/
神奈川県川崎市幸区下平間329-1,35.5467825502565,139.684302359819,公式座標,https://www.nre-mf.co.jp/ja/portfolio/
神奈川県川崎市幸区南幸町二丁目60番地３,35.532120,139.689728,神奈川県川崎市幸区南幸町二丁目６０番地,国土地理院
神奈川県川崎市幸区古市場一丁目4番地1,35.554470,139.687469,神奈川県川崎市幸区古市場一丁目４番,国土地理院
神奈川県川崎市幸区柳町13番4,35.531269,139.687012,神奈川県川崎市幸区柳町１３番地,国土地理院
神奈川県川崎市幸区矢上15番８号,35.554390,139.659546,神奈川県川崎市幸区矢上１５番,国土地理院
神奈川県川崎市幸区神明町二丁目29番地８他,35.538292,139.689133,神奈川県川崎市幸区神明町二丁目２９番地,国土地理院
神奈川県川崎市高津区下作延四丁目27番44号,35.597786,139.600998,神奈川県川崎市高津区下作延四丁目２７番,国土地理院
神奈川県川崎市高津区明津10,35.569919599179,139.635369479656,公式座標,https://www.nre-mf.co.jp/ja/portfolio/
神奈川県川崎市高津区末長4-19-25,35.591473,139.626740,神奈川県川崎市高津区末長四丁目１９番,国土地理院
神奈川県川崎市麻生区万福寺三丁目1番17号,35.6066094180154,139.506580531597,公式座標,https://www.nre-mf.co.jp/ja/portfolio/
神奈川県平塚市代官町８番12号,35.326618,139.353485,神奈川県平塚市代官町８番１２号,国土地理院
神奈川県横浜市中区吉田町74番地,35.446938,139.631927,神奈川県横浜市中区吉田町７４番地,国土地理院
神奈川県横浜市中区日ノ出町一丁目８番地１,35.444881,139.626968,神奈川県横浜市中区日ノ出町一丁目,国土地理院
神奈川県横浜市中区本牧原19番１号,35.424713,139.666412,神奈川県横浜市中区本牧原１９番,国土地理院
神奈川県横浜市中区本町一丁目4番地他,35.447876,139.641083,神奈川県横浜市中区本町一丁目４番地,国土地理院
神奈川県横浜市中区相生町四丁目67番地他,35.447693,139.636612,神奈川県横浜市中区相生町四丁目６７番地,国土地理院
神奈川県横浜市中区石川町二丁目78番11号,35.437408,139.643219,神奈川県横浜市中区石川町二丁目７８番地,国土地理院
神奈川県横浜市中区長者町一丁目２番地１,35.437344,139.636597,神奈川県横浜市中区長者町一丁目２番,国土地理院
神奈川県横浜市南区中里一丁目4番12号,35.419594,139.598343,神奈川県横浜市南区中里一丁目４番１２号,国土地理院
神奈川県横浜市南区吉野町二丁目６番地１,35.435669,139.620117,神奈川県横浜市南区吉野町二丁目６番地,国土地理院
神奈川県横浜市南区宮元町一丁目12番２号,35.433281,139.614166,神奈川県横浜市南区宮元町一丁目１２番地,国土地理院
神奈川県横浜市南区永楽町一丁目16番地９,35.437550,139.631958,神奈川県横浜市南区永楽町一丁目１６番地,国土地理院
神奈川県横浜市南区真金町二丁目21番地14,35.438381,139.629532,神奈川県横浜市南区真金町二丁目２１番地,国土地理院
神奈川県横浜市南区高砂町一丁目10番地９,35.433899,139.621246,神奈川県横浜市南区高砂町一丁目１０番地,国土地理院
神奈川県横浜市旭区鶴ヶ峰二丁目9番6号,35.478085,139.548630,神奈川県横浜市旭区鶴ケ峰二丁目９番,国土地理院
神奈川県横浜市栄区笠間一丁目９番29号,35.355934,139.530853,神奈川県横浜市栄区笠間一丁目９番２９号,国土地理院
神奈川県横浜市栄区笠間三丁目15番22号,35.361454,139.540207,神奈川県横浜市栄区笠間三丁目１５番２２号,国土地理院
神奈川県横浜市港北区新横浜一丁目６番７号,35.505100,139.614105,神奈川県横浜市港北区新横浜一丁目６番,国土地理院
神奈川県横浜市港北区新横浜三丁目21番2号,35.511848,139.617264,神奈川県横浜市港北区新横浜三丁目２１番,国土地理院
神奈川県横浜市港北区新横浜二丁目15番地16,35.5103544049911,139.615159034729,公式座標,https://www.nre-mf.co.jp/ja/portfolio/
神奈川県横浜市港北区新横浜二丁目18番15号,35.507664,139.610825,神奈川県横浜市港北区新横浜二丁目１８番,国土地理院
神奈川県横浜市港北区新横浜二丁目5番地17(住居表示未実施),35.509096,139.615461,公式座標,https://www.nre-mf.co.jp/ja/portfolio/
神奈川県横浜市港北区新横浜二丁目７番６号,35.507401,139.612946,神奈川県横浜市港北区新横浜二丁目７番,国土地理院
神奈川県横浜市港北区日吉本町四丁目10番50号,35.546082,139.634018,神奈川県横浜市港北区日吉本町四丁目１０番,国土地理院
神奈川県横浜市港南区上大岡西三丁目4番6号,35.4020661302993,139.595935642719,公式座標,https://www.nre-mf.co.jp/ja/portfolio/
神奈川県横浜市磯子区森1-7-6,35.400433,139.617264,神奈川県横浜市磯子区森一丁目７番６号,国土地理院
神奈川県横浜市磯子区磯子三丁目４番４号,35.403427,139.619354,神奈川県横浜市磯子区磯子三丁目４番４号,国土地理院
神奈川県横浜市神奈川区入江一丁目31-11,35.4893734896766,139.6491882205,公式座標,https://www.nre-mf.co.jp/ja/portfolio/
神奈川県横浜市神奈川区六角橋一丁目18番19号,35.488724,139.625458,神奈川県横浜市神奈川区六角橋一丁目１８番１９号,国土地理院
神奈川県横浜市神奈川区反町一丁目11番４,35.475239,139.627823,神奈川県横浜市神奈川区反町一丁目１１番地,国土地理院
神奈川県横浜市神奈川区反町二丁目14番10号,35.475426,139.627045,神奈川県横浜市神奈川区反町二丁目１４番地,国土地理院
神奈川県横浜市神奈川区台町8番地18(住居表示未実施),35.4704241762007,139.624790847301,公式座標,https://www.nre-mf.co.jp/ja/portfolio/
神奈川県横浜市神奈川区子安通三丁目298番地１,35.486946,139.656525,神奈川県横浜市神奈川区子安通三丁目２９８番地,国土地理院
神奈川県横浜市緑区長津田みなみ台二丁目12番13号,35.521561,139.494431,神奈川県横浜市緑区長津田みなみ台二丁目１２番,国土地理院
神奈川県横浜市西区みなとみらい五丁目３番２号,35.462017,139.631989,神奈川県横浜市西区みなとみらい五丁目３番,国土地理院
神奈川県横浜市西区みなとみらい五丁目３番３号,35.462017,139.631989,神奈川県横浜市西区みなとみらい五丁目３番,国土地理院
神奈川県横浜市西区北幸一丁目11番11号,35.4675919377963,139.618645906448,公式座標,https://www.nre-mf.co.jp/ja/portfolio/
神奈川県横浜市西区南幸二丁目11番9,35.463150,139.616440,神奈川県横浜市西区南幸二丁目１１番９号,国土地理院
神奈川県横浜市西区南浅間町23番4,35.454185,139.606842,神奈川県横浜市西区南浅間町２３番,国土地理院
神奈川県横浜市都筑区大丸１番24号,35.538792,139.560547,神奈川県横浜市都筑区大丸１番,国土地理院
神奈川県横浜市都筑区茅ケ崎中央56番９号,35.548401,139.573837,神奈川県横浜市都筑区茅ケ崎中央５６番９号,国土地理院
神奈川県横浜市都筑区茅ヶ崎南二丁目18番７号,35.538280,139.580673,神奈川県横浜市都筑区茅ケ崎南二丁目１８番７号,国土地理院
神奈川県横浜市金沢区六浦三丁目９番１号,35.330433,139.611511,神奈川県横浜市金沢区六浦三丁目９番,国土地理院
神奈川県横浜市青葉区美しが丘二丁目12番地１,35.581646,139.560516,神奈川県横浜市青葉区美しが丘二丁目１２番,国土地理院
神奈川県横浜市青葉区青葉台一丁目6-14,35.5420968961364,139.516618698835,公式座標,https://www.nre-mf.co.jp/ja/portfolio/
神奈川県横浜市青葉区青葉台二丁目28番地1他,35.548431,139.515366,神奈川県横浜市青葉区青葉台二丁目２８番,国土地理院
神奈川県横浜市青葉区青葉台二丁目34番地１,35.547749,139.512482,神奈川県横浜市青葉区青葉台二丁目３４番,国土地理院
神奈川県横浜市鶴見区寺谷一丁目7番10号,35.5094504944665,139.670742452144,公式座標,https://www.nre-mf.co.jp/ja/portfolio/
神奈川県横浜市鶴見区豊岡町20番16号,35.5101075408734,139.675197601318,公式座標,https://www.nre-mf.co.jp/ja/portfolio/
神奈川県横浜市鶴見区鶴見中央三丁目25番６号,35.507355,139.683670,神奈川県横浜市鶴見区鶴見中央三丁目２５番６号,国土地理院
神奈川県横浜市鶴見区鶴見中央三丁目５番10号,35.511845,139.683243,神奈川県横浜市鶴見区鶴見中央三丁目５番１０号,国土地理院
神奈川県横須賀市小矢部四丁目８番15号,35.250244,139.664444,神奈川県横須賀市小矢部四丁目８番,国土地理院
神奈川県横須賀市日の出町三丁目14番地３,35.274693,139.679443,神奈川県横須賀市日の出町三丁目１４番,国土地理院
神奈川県横須賀市米が浜通一丁目５番地15,35.278336,139.675171,神奈川県横須賀市米が浜通一丁目５番地,国土地理院
神奈川県横須賀市若松町二丁目30,35.2783463279467,139.670148342847,公式座標,https://www.nre-mf.co.jp/ja/portfolio/
神奈川県相模原市中央区中央三丁目６番３号,35.571877,139.370636,神奈川県相模原市中央区中央三丁目６番３号,国土地理院
神奈川県相模原市中央区田名3700,35.5585842957159,139.343166947364,公式座標,https://www.nre-mf.co.jp/ja/portfolio/
神奈川県相模原市中央区相模原四丁目６番４号,35.578667,139.374664,神奈川県相模原市中央区相模原四丁目６番４号,国土地理院
神奈川県相模原市南区古淵三丁目13番33号,35.5530135,139.4186535,公式座標,https://www.nre-mf.co.jp/ja/portfolio/
神奈川県相模原市南区大野台二丁目32-1,35.5546827243295,139.408805966377,公式座標,https://www.nre-mf.co.jp/ja/portfolio/
神奈川県相模原市緑区橋本三丁目20番17号,35.596153,139.348587,神奈川県相模原市緑区橋本三丁目２０番１７号,国土地理院
神奈川県茅ケ崎市赤松町13番16号,35.3380285,139.4422152,公式座標,https://www.nre-mf.co.jp/ja/portfolio/
神奈川県茅ヶ崎市幸町22番８号,35.329407,139.407257,神奈川県茅ヶ崎市幸町２２番８号,国土地理院
神奈川県藤沢市川名一丁目1番28号,35.336563,139.494019,神奈川県藤沢市川名一丁目１番２８号,国土地理院
神奈川県藤沢市藤沢字大道東89番地６,35.347878,139.482986,神奈川県藤沢市藤沢,国土地理院
神奈川県藤沢市辻堂神台二丁目２番26号,35.343235,139.445923,神奈川県藤沢市辻堂神台二丁目２番２６号,国土地理院
神奈川県藤沢市辻堂西海岸二丁目12番2号,35.3240789,139.4422058,公式座標,https://www.nre-mf.co.jp/ja/portfolio/
神奈川県藤沢市鵠沼石上二丁目6番6号,35.334446,139.489227,神奈川県藤沢市鵠沼石上二丁目６番６号,国土地理院
福井県あわら市二面48番10号,36.230064,136.194824,福井県あわら市二面４８番地,国土地理院
福岡県北九州市八幡西区東鳴水五丁目７番６号,33.852383,130.772003,福岡県北九州市八幡西区東鳴水五丁目７番６号,国土地理院
福岡県北九州市小倉北区中津口一丁目10番30号,33.877762,130.887543,福岡県北九州市小倉北区中津口一丁目１０番３０号,国土地理院
福岡県福岡市中央区今泉二丁目３番13号,33.582436,130.396805,福岡県福岡市中央区今泉二丁目３番１３号,国土地理院
福岡県福岡市中央区六本松二丁目13番２号,33.577412,130.376526,福岡県福岡市中央区六本松二丁目１３番２号,国土地理院
福岡県福岡市中央区平尾一丁目13番8号,33.578167,130.401382,福岡県福岡市中央区平尾一丁目１３番８号,国土地理院
福岡県福岡市中央区清川二丁目６番４号,33.581120,130.410324,福岡県福岡市中央区清川二丁目６番４号,国土地理院
福岡県福岡市中央区渡辺通三丁目10番24号,33.586441,130.404938,福岡県福岡市中央区渡辺通三丁目１０番２４号,国土地理院
福岡県福岡市中央区白金一丁目14番10号,33.5787488961901,130.403872579336,公式座標,https://www.nre-mf.co.jp/ja/portfolio/
福岡県福岡市中央区舞鶴一丁目６番22号,33.594254,130.393600,福岡県福岡市中央区舞鶴一丁目６番２２号,国土地理院
福岡県福岡市中央区舞鶴一丁目８番26号,33.593075,130.393982,福岡県福岡市中央区舞鶴一丁目８番２６号,国土地理院
福岡県福岡市中央区薬院一丁目10番２号,33.581135,130.397888,福岡県福岡市中央区薬院一丁目１０番２号,国土地理院
福岡県福岡市中央区警固一丁目８番12号,33.583523,130.394485,福岡県福岡市中央区警固一丁目８番１２号,国土地理院
福岡県福岡市中央区警固二丁目13番17号,33.584274,130.391815,福岡県福岡市中央区警固二丁目１３番１７号,国土地理院
福岡県福岡市中央区長浜三丁目17番10号,33.595108,130.384140,福岡県福岡市中央区長浜三丁目１７番１０号,国土地理院
福岡県福岡市南区井尻四丁目3番13,33.550339,130.443069,福岡県福岡市南区井尻四丁目３番１３号,国土地理院
福岡県福岡市南区大楠一丁目26番1号,33.573147,130.415695,福岡県福岡市南区大楠一丁目２６番１号,国土地理院
福岡県福岡市南区那の川二丁目４番32号,33.575451,130.410583,福岡県福岡市南区那の川二丁目４番３２号,国土地理院
福岡県福岡市南区野間一丁目7番15号,33.563332,130.414749,福岡県福岡市南区野間一丁目７番１５号,国土地理院
福岡県福岡市博多区中洲五丁目５番16号,33.594578,130.403793,福岡県福岡市博多区中洲五丁目５番１６号,国土地理院
福岡県福岡市博多区冷泉町9番6号,33.5947355,130.4115379,公式座標,https://www.nre-mf.co.jp/ja/portfolio/
福岡県福岡市博多区博多駅前一丁目15番20号,33.5918248972231,130.419110208749,公式座標,https://www.nre-mf.co.jp/ja/portfolio/
福岡県福岡市博多区博多駅前四丁目22番25,33.584450,130.417938,福岡県福岡市博多区博多駅前四丁目２２番２５号,国土地理院
福岡県福岡市博多区博多駅南一丁目15番29号,33.584675,130.422165,福岡県福岡市博多区博多駅南一丁目１５番２９号,国土地理院
福岡県福岡市博多区博多駅南三丁目５番27号,33.582794,130.425735,福岡県福岡市博多区博多駅南三丁目５番２７号,国土地理院
福岡県福岡市博多区博多駅南四丁目３番29号,33.580513,130.430466,福岡県福岡市博多区博多駅南四丁目３番２９号,国土地理院
福岡県福岡市博多区博多駅南四丁目４番10号,33.579632,130.432388,福岡県福岡市博多区博多駅南四丁目４番１０号,国土地理院
福岡県福岡市博多区博多駅東三丁目10番７号,33.586201,130.426559,福岡県福岡市博多区博多駅東三丁目１０番７号,国土地理院
福岡県福岡市博多区吉塚七丁目2番80,33.606331,130.433228,福岡県福岡市博多区吉塚七丁目２番８０号,国土地理院
福岡県福岡市博多区吉塚六丁目4番23号,33.6055434807966,130.427855551242,公式座標,https://www.nre-mf.co.jp/ja/portfolio/
福岡県福岡市博多区吉塚六丁目５番21,33.605740,130.429657,福岡県福岡市博多区吉塚六丁目５番２１号,国土地理院
福岡県福岡市博多区東比恵三丁目27番７号,33.590401,130.435272,福岡県福岡市博多区東比恵三丁目２７番７号,国土地理院
福岡県福岡市博多区比恵町５番31号,33.587112,130.430344,福岡県福岡市博多区比恵町５番３１号,国土地理院
福岡県福岡市博多区神屋町５番９号,33.600491,130.402542,福岡県福岡市博多区神屋町５番９号,国土地理院
福岡県福岡市博多区美野島二丁目14番7号,33.5785142608509,130.41878029704,公式座標,https://www.nre-mf.co.jp/ja/portfolio/
福岡県福岡市博多区美野島二丁目２番６号,33.580601,130.419662,福岡県福岡市博多区美野島二丁目２番６号,国土地理院
福岡県福岡市博多区豊一丁目９番27号,33.595509,130.433121,福岡県福岡市博多区豊一丁目９番２７号,国土地理院
福岡県福岡市早良区南庄六丁目６番17号,33.577496,130.336777,福岡県福岡市早良区南庄六丁目６番１７号,国土地理院
福岡県福岡市早良区百道浜三丁目9番1,33.590904,130.353638,福岡県福岡市早良区百道浜三丁目９番１号,国土地理院
福岡県福岡市早良区西新四丁目６番12号,33.582287,130.360138,福岡県福岡市早良区西新四丁目６番１２号,国土地理院
福岡県福岡市東区二又瀬新町14番22号,33.611427,130.441025,福岡県福岡市東区二又瀬新町１４番２２号,国土地理院
福岡県福岡市東区千早五丁目4番25号,33.653053,130.440613,福岡県福岡市東区千早五丁目４番２５号,国土地理院
福岡県福岡市東区松島三丁目20番８号,33.627060,130.438416,福岡県福岡市東区松島三丁目２０番８号,国土地理院
福岡県福岡市東区松香台一丁目20番18号,33.667416,130.449570,福岡県福岡市東区松香台一丁目２０番１８号,国土地理院
福岡県福岡市東区香椎照葉一丁目3番7号,33.664715,130.424377,福岡県福岡市東区香椎照葉一丁目３番,国土地理院
福岡県福岡市東区香椎照葉四丁目2番5,33.667049,130.420944,福岡県福岡市東区香椎照葉四丁目２番,国土地理院
福岡県福岡市西区北原二丁目４番40号,33.579472,130.253906,福岡県福岡市西区北原二丁目４番４０号,国土地理院
福岡県福岡市西区西都一丁目11番28号,33.579216,130.262909,福岡県福岡市西区西都一丁目１１番２８号,国土地理院
群馬県渋川市伊香保町伊香保592番1号,36.492653,138.911392,群馬県渋川市伊香保町伊香保５９２番地,国土地理院
茨城県つくば市二の宮三丁目9番4号,36.067966,140.116257,茨城県つくば市二の宮三丁目９番,国土地理院
茨城県水戸市中央一丁目２番10号,36.367306,140.472229,茨城県水戸市中央一丁目２番１０号,国土地理院
茨城県水戸市南町三丁目1番41号,36.375572,140.468750,茨城県水戸市南町三丁目１番４１号,国土地理院
茨城県水戸市大町三丁目2番31号,36.380199,140.469971,茨城県水戸市大町三丁目２番３１号,国土地理院
茨城県水戸市大町三丁目4番14号,36.378345,140.467789,茨城県水戸市大町三丁目４番１４号,国土地理院
長崎県長崎市浜口町４番５号,32.769840,129.864777,長崎県長崎市浜口町４番５号,国土地理院
長崎県長崎市興善町２番22号,32.749439,129.876541,長崎県長崎市興善町２番２２号,国土地理院
静岡県伊豆市土肥2791番4,34.907955,138.790405,静岡県伊豆市土肥２７９１番地,国土地理院
静岡県熱海市咲見町8番3号,35.099358,139.075577,静岡県熱海市咲見町８番３号,国土地理院
香川県丸亀市綾歌町岡田上字国吉2312番22,34.215649,133.870163,香川県丸亀市綾歌町岡田上,国土地理院
香川県高松市中野町１番１号,34.334869,134.046524,香川県高松市中野町１番１号,国土地理院
香川県高松市中野町１番７号,34.334579,134.046204,香川県高松市中野町１番７号,国土地理院
香川県高松市百間町８番地11,34.345009,134.052460,香川県高松市百間町８番,国土地理院
香川県高松市西内町１番６号,34.348034,134.047546,香川県高松市西内町１番６号,国土地理院
鹿児島県鹿児島市南林寺町17番14号,31.582888,130.562256,鹿児島県鹿児島市南林寺町１７番１４号,国土地理院
鹿児島県鹿児島市鴨池一丁目14番５号,31.566904,130.550522,鹿児島県鹿児島市鴨池一丁目１４番５号,国土地理院
