station,rent_tsubo,rent_tsubo_low,rent_tsubo_high,yield_est,pop2050,pop_change,land_yoy,flood_pct,landslide_pct,land_trend_json,fudosan_muni,fudosan_updated,fudosan_source
東京駅,16564,14079,17392,2.93,79828,14.4,10.65,18.1,0.7,,千代田区,2026-09,FUDOSAN DB(国交省データ・推定/集計値) 標準条件:25㎡/1K/築10年/徒歩5分
新橋駅,16677,14175,17511,3.09,312556,15.92,16.63,17.6,2.0,,港区,2026-09,FUDOSAN DB(国交省データ・推定/集計値) 標準条件:25㎡/1K/築10年/徒歩5分
品川駅,16677,14175,17511,3.33,312556,15.92,16.63,17.6,2.0,,港区,2026-09,FUDOSAN DB(国交省データ・推定/集計値) 標準条件:25㎡/1K/築10年/徒歩5分
大崎駅,16851,14323,17693,3.07,465173,8.81,14.23,24.4,0.6,,品川区,2026-09,FUDOSAN DB(国交省データ・推定/集計値) 標準条件:25㎡/1K/築10年/徒歩5分
五反田駅,16851,14323,17693,3.99,465173,8.81,14.23,24.4,0.6,,品川区,2026-09,FUDOSAN DB(国交省データ・推定/集計値) 標準条件:25㎡/1K/築10年/徒歩5分
目黒駅,16851,14323,17693,3.52,465173,8.81,14.23,24.4,0.6,,品川区,2026-09,FUDOSAN DB(国交省データ・推定/集計値) 標準条件:25㎡/1K/築10年/徒歩5分
恵比寿駅,15818,13445,16609,2.67,267180,8.07,10.98,21.2,0.1,,渋谷区,2026-09,FUDOSAN DB(国交省データ・推定/集計値) 標準条件:25㎡/1K/築10年/徒歩5分
渋谷駅,15818,13445,16609,2.73,267180,8.07,10.98,21.2,0.1,,渋谷区,2026-09,FUDOSAN DB(国交省データ・推定/集計値) 標準条件:25㎡/1K/築10年/徒歩5分
原宿駅,15818,13445,16609,3.59,267180,8.07,10.98,21.2,0.1,,渋谷区,2026-09,FUDOSAN DB(国交省データ・推定/集計値) 標準条件:25㎡/1K/築10年/徒歩5分
代々木駅,15818,13445,16609,4.16,267180,8.07,10.98,21.2,0.1,,渋谷区,2026-09,FUDOSAN DB(国交省データ・推定/集計値) 標準条件:25㎡/1K/築10年/徒歩5分
新宿駅,16891,14358,17736,3.85,364110,1.74,11.88,27.6,0.5,,新宿区,2026-09,FUDOSAN DB(国交省データ・推定/集計値) 標準条件:25㎡/1K/築10年/徒歩5分
新大久保駅,16891,14358,17736,5.91,364110,1.74,11.88,27.6,0.5,,新宿区,2026-09,FUDOSAN DB(国交省データ・推定/集計値) 標準条件:25㎡/1K/築10年/徒歩5分
高田馬場駅,16891,14358,17736,4.67,364110,1.74,11.88,27.6,0.5,,新宿区,2026-09,FUDOSAN DB(国交省データ・推定/集計値) 標準条件:25㎡/1K/築10年/徒歩5分
目白駅,16204,13773,17014,4.13,329403,6.78,13.44,24.3,0.1,,豊島区,2026-09,FUDOSAN DB(国交省データ・推定/集計値) 標準条件:25㎡/1K/築10年/徒歩5分
池袋駅,16204,13773,17014,4.62,329403,6.78,13.44,24.3,0.1,,豊島区,2026-09,FUDOSAN DB(国交省データ・推定/集計値) 標準条件:25㎡/1K/築10年/徒歩5分
大塚駅,16204,13773,17014,4.93,329403,6.78,13.44,24.3,0.1,,豊島区,2026-09,FUDOSAN DB(国交省データ・推定/集計値) 標準条件:25㎡/1K/築10年/徒歩5分
巣鴨駅,16204,13773,17014,5.27,329403,6.78,13.44,24.3,0.1,,豊島区,2026-09,FUDOSAN DB(国交省データ・推定/集計値) 標準条件:25㎡/1K/築10年/徒歩5分
駒込駅,16204,13773,17014,4.9,329403,6.78,13.44,24.3,0.1,,豊島区,2026-09,FUDOSAN DB(国交省データ・推定/集計値) 標準条件:25㎡/1K/築10年/徒歩5分
田端駅,14331,12182,15048,5.09,358782,0.88,11.91,19.4,1.0,,北区,2026-09,FUDOSAN DB(国交省データ・推定/集計値) 標準条件:25㎡/1K/築10年/徒歩5分
西日暮里駅,13414,11402,14085,4.76,231170,6.25,12.21,53.8,0.1,,荒川区,2026-09,FUDOSAN DB(国交省データ・推定/集計値) 標準条件:25㎡/1K/築10年/徒歩5分
日暮里駅,13414,11402,14085,4.06,231170,6.25,12.21,53.8,0.1,,荒川区,2026-09,FUDOSAN DB(国交省データ・推定/集計値) 標準条件:25㎡/1K/築10年/徒歩5分
鶯谷駅,16650,14153,17483,6.04,244549,10.64,14.14,20.8,0.1,,台東区,2026-09,FUDOSAN DB(国交省データ・推定/集計値) 標準条件:25㎡/1K/築10年/徒歩5分
上野駅,16650,14153,17483,4.18,244549,10.64,14.14,20.8,0.1,,台東区,2026-09,FUDOSAN DB(国交省データ・推定/集計値) 標準条件:25㎡/1K/築10年/徒歩5分
御徒町駅,16650,14153,17483,5.54,244549,10.64,14.14,20.8,0.1,,台東区,2026-09,FUDOSAN DB(国交省データ・推定/集計値) 標準条件:25㎡/1K/築10年/徒歩5分
秋葉原駅,16564,14079,17392,3.72,79828,14.4,10.65,18.1,0.7,,千代田区,2026-09,FUDOSAN DB(国交省データ・推定/集計値) 標準条件:25㎡/1K/築10年/徒歩5分
神田駅,16564,14079,17392,4.15,79828,14.4,10.65,18.1,0.7,,千代田区,2026-09,FUDOSAN DB(国交省データ・推定/集計値) 標準条件:25㎡/1K/築10年/徒歩5分
有楽町駅,16564,14079,17392,,79828,14.4,10.65,18.1,0.7,,千代田区,2026-09,FUDOSAN DB(国交省データ・推定/集計値) 標準条件:25㎡/1K/築10年/徒歩5分
浜松町駅,16677,14175,17511,1.89,312556,15.92,16.63,17.6,2.0,,港区,2026-09,FUDOSAN DB(国交省データ・推定/集計値) 標準条件:25㎡/1K/築10年/徒歩5分
田町駅,16677,14175,17511,3.26,312556,15.92,16.63,17.6,2.0,,港区,2026-09,FUDOSAN DB(国交省データ・推定/集計値) 標準条件:25㎡/1K/築10年/徒歩5分
高輪ゲートウェイ駅,16677,14175,17511,4.61,312556,15.92,16.63,17.6,2.0,,港区,2026-09,FUDOSAN DB(国交省データ・推定/集計値) 標準条件:25㎡/1K/築10年/徒歩5分
矢野口駅,11287,9594,11851,10.74,101191,4.87,4.08,30.0,5.1,,稲城市,2026-09,FUDOSAN DB(国交省データ・推定/集計値) 標準条件:25㎡/1K/築10年/徒歩5分
稲城長沼駅,11287,9594,11851,12.68,101191,4.87,4.08,30.0,5.1,,稲城市,2026-09,FUDOSAN DB(国交省データ・推定/集計値) 標準条件:25㎡/1K/築10年/徒歩5分
南多摩駅,11287,9594,11851,13.02,101191,4.87,4.08,30.0,5.1,,稲城市,2026-09,FUDOSAN DB(国交省データ・推定/集計値) 標準条件:25㎡/1K/築10年/徒歩5分
府中本町駅,11481,9759,12055,5.57,260162,-2.05,4.33,38.0,0.2,,府中市,2026-09,FUDOSAN DB(国交省データ・推定/集計値) 標準条件:25㎡/1K/築10年/徒歩5分
分倍河原駅,11481,9759,12055,6.99,260162,-2.05,4.33,38.0,0.2,,府中市,2026-09,FUDOSAN DB(国交省データ・推定/集計値) 標準条件:25㎡/1K/築10年/徒歩5分
西府駅,11481,9759,12055,7.44,260162,-2.05,4.33,38.0,0.2,,府中市,2026-09,FUDOSAN DB(国交省データ・推定/集計値) 標準条件:25㎡/1K/築10年/徒歩5分
谷保駅,11233,9548,11794,6.71,74905,-3.47,7.08,23.5,0.5,,国立市,2026-09,FUDOSAN DB(国交省データ・推定/集計値) 標準条件:25㎡/1K/築10年/徒歩5分
矢川駅,11233,9548,11794,7.62,74905,-3.47,7.08,23.5,0.5,,国立市,2026-09,FUDOSAN DB(国交省データ・推定/集計値) 標準条件:25㎡/1K/築10年/徒歩5分
西国立駅,11285,9592,11849,7.03,178883,-3.53,7.0,32.3,0.3,,立川市,2026-09,FUDOSAN DB(国交省データ・推定/集計値) 標準条件:25㎡/1K/築10年/徒歩5分
立川駅,11285,9592,11849,5.49,178883,-3.53,7.0,32.3,0.3,,立川市,2026-09,FUDOSAN DB(国交省データ・推定/集計値) 標準条件:25㎡/1K/築10年/徒歩5分
北府中駅,11481,9759,12055,9.32,260162,-2.05,4.33,38.0,0.2,,府中市,2026-09,FUDOSAN DB(国交省データ・推定/集計値) 標準条件:25㎡/1K/築10年/徒歩5分
西国分寺駅,11182,9505,11741,5.92,130402,-1.39,7.15,22.9,0.1,,国分寺市,2026-09,FUDOSAN DB(国交省データ・推定/集計値) 標準条件:25㎡/1K/築10年/徒歩5分
新小平駅,11026,9372,11577,25.84,197822,-1.56,3.28,18.5,0.0,,小平市,2026-09,FUDOSAN DB(国交省データ・推定/集計値) 標準条件:25㎡/1K/築10年/徒歩5分
新秋津駅,10932,9292,11478,16.09,147601,-3.26,3.39,43.5,0.2,,東村山市,2026-09,FUDOSAN DB(国交省データ・推定/集計値) 標準条件:25㎡/1K/築10年/徒歩5分
成瀬駅,10935,9295,11481,8.18,406455,-5.72,3.07,14.8,4.6,,町田市,2026-09,FUDOSAN DB(国交省データ・推定/集計値) 標準条件:25㎡/1K/築10年/徒歩5分
町田駅,10935,9295,11481,7.9,406455,-5.72,3.07,14.8,4.6,,町田市,2026-09,FUDOSAN DB(国交省データ・推定/集計値) 標準条件:25㎡/1K/築10年/徒歩5分
相原駅,10935,9295,11481,18.13,406455,-5.72,3.07,14.8,4.6,,町田市,2026-09,FUDOSAN DB(国交省データ・推定/集計値) 標準条件:25㎡/1K/築10年/徒歩5分
八王子みなみ野駅,10371,8816,10890,7.87,532960,-7.7,3.98,17.3,8.8,,八王子市,2026-09,FUDOSAN DB(国交省データ・推定/集計値) 標準条件:25㎡/1K/築10年/徒歩5分
片倉駅,10371,8816,10890,11.87,532960,-7.7,3.98,17.3,8.8,,八王子市,2026-09,FUDOSAN DB(国交省データ・推定/集計値) 標準条件:25㎡/1K/築10年/徒歩5分
八王子駅,10371,8816,10890,6.82,532960,-7.7,3.98,17.3,8.8,,八王子市,2026-09,FUDOSAN DB(国交省データ・推定/集計値) 標準条件:25㎡/1K/築10年/徒歩5分
西大井駅,16851,14323,17693,4.76,465173,8.81,14.23,24.4,0.6,,品川区,2026-09,FUDOSAN DB(国交省データ・推定/集計値) 標準条件:25㎡/1K/築10年/徒歩5分
四ツ谷駅,16891,14358,17736,3.46,364110,1.74,11.88,27.6,0.5,,新宿区,2026-09,FUDOSAN DB(国交省データ・推定/集計値) 標準条件:25㎡/1K/築10年/徒歩5分
吉祥寺駅,12793,10874,13433,4.76,158922,3.08,5.62,29.2,0.0,,武蔵野市,2026-09,FUDOSAN DB(国交省データ・推定/集計値) 標準条件:25㎡/1K/築10年/徒歩5分
三鷹駅,11849,10072,12441,4.52,250572,1.87,5.15,34.4,0.3,"[{""y"": 2012, ""v"": 358800}, {""y"": 2013, ""v"": 359095}, {""y"": 2014, ""v"": 369227}, {""y"": 2015, ""v"": 371292}, {""y"": 2016, ""v"": 376667}, {""y"": 2017, ""v"": 383321}, {""y"": 2018, ""v"": 394107}, {""y"": 2019, ""v"": 413414}, {""y"": 2020, ""v"": 422759}, {""y"": 2021, ""v"": 413387}, {""y"": 2022, ""v"": 417645}, {""y"": 2023, ""v"": 428065}, {""y"": 2024, ""v"": 444710}, {""y"": 2025, ""v"": 470733}, {""y"": 2026, ""v"": 492433}]",三鷹市,2026-09,FUDOSAN DB(国交省データ・推定/集計値) 標準条件:25㎡/1K/築10年/徒歩5分
国分寺駅,11182,9505,11741,4.22,130402,-1.39,7.15,22.9,0.1,,国分寺市,2026-09,FUDOSAN DB(国交省データ・推定/集計値) 標準条件:25㎡/1K/築10年/徒歩5分
日野駅,10787,9169,11326,10.43,185978,-3.15,5.45,16.6,1.8,,日野市,2026-09,FUDOSAN DB(国交省データ・推定/集計値) 標準条件:25㎡/1K/築10年/徒歩5分
豊田駅,10787,9169,11326,7.85,185978,-3.15,5.45,16.6,1.8,,日野市,2026-09,FUDOSAN DB(国交省データ・推定/集計値) 標準条件:25㎡/1K/築10年/徒歩5分
西八王子駅,10371,8816,10890,11.7,532960,-7.7,3.98,17.3,8.8,,八王子市,2026-09,FUDOSAN DB(国交省データ・推定/集計値) 標準条件:25㎡/1K/築10年/徒歩5分
高尾駅,10371,8816,10890,9.34,532960,-7.7,3.98,17.3,8.8,,八王子市,2026-09,FUDOSAN DB(国交省データ・推定/集計値) 標準条件:25㎡/1K/築10年/徒歩5分
御茶ノ水駅,16564,14079,17392,3.96,79828,14.4,10.65,18.1,0.7,,千代田区,2026-09,FUDOSAN DB(国交省データ・推定/集計値) 標準条件:25㎡/1K/築10年/徒歩5分
中野駅,16307,13861,17122,4.48,361659,2.48,9.44,34.3,0.2,,中野区,2026-09,FUDOSAN DB(国交省データ・推定/集計値) 標準条件:25㎡/1K/築10年/徒歩5分
高円寺駅,15400,13090,16170,5.53,618596,4.93,8.31,28.8,0.0,,杉並区,2026-09,FUDOSAN DB(国交省データ・推定/集計値) 標準条件:25㎡/1K/築10年/徒歩5分
阿佐ケ谷駅,15400,13090,16170,5.09,618596,4.93,8.31,28.8,0.0,,杉並区,2026-09,FUDOSAN DB(国交省データ・推定/集計値) 標準条件:25㎡/1K/築10年/徒歩5分
荻窪駅,15400,13090,16170,5.38,618596,4.93,8.31,28.8,0.0,,杉並区,2026-09,FUDOSAN DB(国交省データ・推定/集計値) 標準条件:25㎡/1K/築10年/徒歩5分
西荻窪駅,15400,13090,16170,5.83,618596,4.93,8.31,28.8,0.0,,杉並区,2026-09,FUDOSAN DB(国交省データ・推定/集計値) 標準条件:25㎡/1K/築10年/徒歩5分
武蔵境駅,12793,10874,13433,5.32,158922,3.08,5.62,29.2,0.0,,武蔵野市,2026-09,FUDOSAN DB(国交省データ・推定/集計値) 標準条件:25㎡/1K/築10年/徒歩5分
東小金井駅,11187,9509,11746,5.5,128944,0.44,4.82,36.0,0.1,,小金井市,2026-09,FUDOSAN DB(国交省データ・推定/集計値) 標準条件:25㎡/1K/築10年/徒歩5分
武蔵小金井駅,11187,9509,11746,5.7,128944,0.44,4.82,36.0,0.1,,小金井市,2026-09,FUDOSAN DB(国交省データ・推定/集計値) 標準条件:25㎡/1K/築10年/徒歩5分
国立駅,11233,9548,11794,5.74,74905,-3.47,7.08,23.5,0.5,,国立市,2026-09,FUDOSAN DB(国交省データ・推定/集計値) 標準条件:25㎡/1K/築10年/徒歩5分
東中野駅,16307,13861,17122,4.46,361659,2.48,9.44,34.3,0.2,,中野区,2026-09,FUDOSAN DB(国交省データ・推定/集計値) 標準条件:25㎡/1K/築10年/徒歩5分
大久保駅,16891,14358,17736,5.62,364110,1.74,11.88,27.6,0.5,,新宿区,2026-09,FUDOSAN DB(国交省データ・推定/集計値) 標準条件:25㎡/1K/築10年/徒歩5分
千駄ケ谷駅,15818,13445,16609,4.57,267180,8.07,10.98,21.2,0.1,,渋谷区,2026-09,FUDOSAN DB(国交省データ・推定/集計値) 標準条件:25㎡/1K/築10年/徒歩5分
信濃町駅,16891,14358,17736,3.46,364110,1.74,11.88,27.6,0.5,,新宿区,2026-09,FUDOSAN DB(国交省データ・推定/集計値) 標準条件:25㎡/1K/築10年/徒歩5分
市ケ谷駅,16564,14079,17392,3.04,79828,14.4,10.65,18.1,0.7,,千代田区,2026-09,FUDOSAN DB(国交省データ・推定/集計値) 標準条件:25㎡/1K/築10年/徒歩5分
飯田橋駅,16564,14079,17392,3.67,79828,14.4,10.65,18.1,0.7,,千代田区,2026-09,FUDOSAN DB(国交省データ・推定/集計値) 標準条件:25㎡/1K/築10年/徒歩5分
水道橋駅,16564,14079,17392,3.42,79828,14.4,10.65,18.1,0.7,,千代田区,2026-09,FUDOSAN DB(国交省データ・推定/集計値) 標準条件:25㎡/1K/築10年/徒歩5分
浅草橋駅,16650,14153,17483,5.03,244549,10.64,14.14,20.8,0.1,,台東区,2026-09,FUDOSAN DB(国交省データ・推定/集計値) 標準条件:25㎡/1K/築10年/徒歩5分
両国駅,15048,12791,15800,5.09,297077,5.94,13.19,51.7,0.0,,墨田区,2026-09,FUDOSAN DB(国交省データ・推定/集計値) 標準条件:25㎡/1K/築10年/徒歩5分
錦糸町駅,15048,12791,15800,4.77,297077,5.94,13.19,51.7,0.0,,墨田区,2026-09,FUDOSAN DB(国交省データ・推定/集計値) 標準条件:25㎡/1K/築10年/徒歩5分
亀戸駅,15309,13013,16075,5.71,592670,8.23,12.08,34.0,0.0,,江東区,2026-09,FUDOSAN DB(国交省データ・推定/集計値) 標準条件:25㎡/1K/築10年/徒歩5分
平井駅,12472,10601,13095,5.68,679003,-1.97,5.86,29.6,0.0,,江戸川区,2026-09,FUDOSAN DB(国交省データ・推定/集計値) 標準条件:25㎡/1K/築10年/徒歩5分
新小岩駅,11401,9691,11971,5.57,451039,-1.32,5.58,30.9,0.0,,葛飾区,2026-09,FUDOSAN DB(国交省データ・推定/集計値) 標準条件:25㎡/1K/築10年/徒歩5分
小岩駅,12472,10601,13095,5.68,679003,-1.97,5.86,29.6,0.0,,江戸川区,2026-09,FUDOSAN DB(国交省データ・推定/集計値) 標準条件:25㎡/1K/築10年/徒歩5分
新日本橋駅,16407,13946,17227,2.75,210897,16.59,15.56,5.9,0.0,"[{""y"": 2012, ""v"": 803286}, {""y"": 2013, ""v"": 857000}, {""y"": 2014, ""v"": 949875}, {""y"": 2015, ""v"": 1013875}, {""y"": 2016, ""v"": 1108667}, {""y"": 2017, ""v"": 1159100}, {""y"": 2018, ""v"": 1195700}, {""y"": 2019, ""v"": 1252000}, {""y"": 2020, ""v"": 1300500}, {""y"": 2021, ""v"": 1289200}, {""y"": 2022, ""v"": 1332222}, {""y"": 2023, ""v"": 1386444}, {""y"": 2024, ""v"": 1490778}, {""y"": 2025, ""v"": 1701250}, {""y"": 2026, ""v"": 1930000}]",中央区,2026-09,FUDOSAN DB(国交省データ・推定/集計値) 標準条件:25㎡/1K/築10年/徒歩5分
馬喰町駅,16407,13946,17227,4.18,210897,16.59,15.56,5.9,0.0,"[{""y"": 2012, ""v"": 803286}, {""y"": 2013, ""v"": 857000}, {""y"": 2014, ""v"": 949875}, {""y"": 2015, ""v"": 1013875}, {""y"": 2016, ""v"": 1108667}, {""y"": 2017, ""v"": 1159100}, {""y"": 2018, ""v"": 1195700}, {""y"": 2019, ""v"": 1252000}, {""y"": 2020, ""v"": 1300500}, {""y"": 2021, ""v"": 1289200}, {""y"": 2022, ""v"": 1332222}, {""y"": 2023, ""v"": 1386444}, {""y"": 2024, ""v"": 1490778}, {""y"": 2025, ""v"": 1701250}, {""y"": 2026, ""v"": 1930000}]",中央区,2026-09,FUDOSAN DB(国交省データ・推定/集計値) 標準条件:25㎡/1K/築10年/徒歩5分
西立川駅,11285,9592,11849,15.93,178883,-3.53,7.0,32.3,0.3,,立川市,2026-09,FUDOSAN DB(国交省データ・推定/集計値) 標準条件:25㎡/1K/築10年/徒歩5分
東中神駅,10655,9057,11188,8.4,107561,-6.54,4.09,28.1,0.4,,昭島市,2026-09,FUDOSAN DB(国交省データ・推定/集計値) 標準条件:25㎡/1K/築10年/徒歩5分
中神駅,10655,9057,11188,8.28,107561,-6.54,4.09,28.1,0.4,,昭島市,2026-09,FUDOSAN DB(国交省データ・推定/集計値) 標準条件:25㎡/1K/築10年/徒歩5分
昭島駅,10655,9057,11188,10.18,107561,-6.54,4.09,28.1,0.4,,昭島市,2026-09,FUDOSAN DB(国交省データ・推定/集計値) 標準条件:25㎡/1K/築10年/徒歩5分
拝島駅,10655,9057,11188,13.02,107561,-6.54,4.09,28.1,0.4,,昭島市,2026-09,FUDOSAN DB(国交省データ・推定/集計値) 標準条件:25㎡/1K/築10年/徒歩5分
牛浜駅,10262,8723,10775,14.84,44669,-18.54,1.41,13.2,1.3,,福生市,2026-09,FUDOSAN DB(国交省データ・推定/集計値) 標準条件:25㎡/1K/築10年/徒歩5分
福生駅,10262,8723,10775,13.4,44669,-18.54,1.41,13.2,1.3,,福生市,2026-09,FUDOSAN DB(国交省データ・推定/集計値) 標準条件:25㎡/1K/築10年/徒歩5分
羽村駅,9973,8477,10471,15.03,42473,-19.49,1.3,6.9,1.6,,羽村市,2026-09,FUDOSAN DB(国交省データ・推定/集計値) 標準条件:25㎡/1K/築10年/徒歩5分
小作駅,9973,8477,10471,15.31,42473,-19.49,1.3,6.9,1.6,,羽村市,2026-09,FUDOSAN DB(国交省データ・推定/集計値) 標準条件:25㎡/1K/築10年/徒歩5分
河辺駅,8297,7053,8712,14.94,100203,-22.48,0.66,10.1,24.2,,青梅市,2026-09,FUDOSAN DB(国交省データ・推定/集計値) 標準条件:25㎡/1K/築10年/徒歩5分
東青梅駅,8297,7053,8712,15.47,100203,-22.48,0.66,10.1,24.2,,青梅市,2026-09,FUDOSAN DB(国交省データ・推定/集計値) 標準条件:25㎡/1K/築10年/徒歩5分
青梅駅,8297,7053,8712,18.8,100203,-22.48,0.66,10.1,24.2,,青梅市,2026-09,FUDOSAN DB(国交省データ・推定/集計値) 標準条件:25㎡/1K/築10年/徒歩5分
宮ノ平駅,8297,7053,8712,,100203,-22.48,0.66,10.1,24.2,,青梅市,2026-09,FUDOSAN DB(国交省データ・推定/集計値) 標準条件:25㎡/1K/築10年/徒歩5分
日向和田駅,8297,7053,8712,,100203,-22.48,0.66,10.1,24.2,,青梅市,2026-09,FUDOSAN DB(国交省データ・推定/集計値) 標準条件:25㎡/1K/築10年/徒歩5分
石神前駅,8297,7053,8712,,100203,-22.48,0.66,10.1,24.2,,青梅市,2026-09,FUDOSAN DB(国交省データ・推定/集計値) 標準条件:25㎡/1K/築10年/徒歩5分
二俣尾駅,8297,7053,8712,,100203,-22.48,0.66,10.1,24.2,,青梅市,2026-09,FUDOSAN DB(国交省データ・推定/集計値) 標準条件:25㎡/1K/築10年/徒歩5分
軍畑駅,8297,7053,8712,,100203,-22.48,0.66,10.1,24.2,,青梅市,2026-09,FUDOSAN DB(国交省データ・推定/集計値) 標準条件:25㎡/1K/築10年/徒歩5分
沢井駅,8297,7053,8712,,100203,-22.48,0.66,10.1,24.2,,青梅市,2026-09,FUDOSAN DB(国交省データ・推定/集計値) 標準条件:25㎡/1K/築10年/徒歩5分
御嶽駅,8297,7053,8712,,100203,-22.48,0.66,10.1,24.2,,青梅市,2026-09,FUDOSAN DB(国交省データ・推定/集計値) 標準条件:25㎡/1K/築10年/徒歩5分
川井駅,7281,6189,7645,,2659,-39.66,-4.49,0.0,72.6,,西多摩郡奥多摩町,2026-09,FUDOSAN DB(国交省データ・推定/集計値) 標準条件:25㎡/1K/築10年/徒歩5分
古里駅,7281,6189,7645,,2659,-39.66,-4.49,0.0,72.6,,西多摩郡奥多摩町,2026-09,FUDOSAN DB(国交省データ・推定/集計値) 標準条件:25㎡/1K/築10年/徒歩5分
鳩ノ巣駅,7281,6189,7645,,2659,-39.66,-4.49,0.0,72.6,,西多摩郡奥多摩町,2026-09,FUDOSAN DB(国交省データ・推定/集計値) 標準条件:25㎡/1K/築10年/徒歩5分
白丸駅,7281,6189,7645,,2659,-39.66,-4.49,0.0,72.6,,西多摩郡奥多摩町,2026-09,FUDOSAN DB(国交省データ・推定/集計値) 標準条件:25㎡/1K/築10年/徒歩5分
奥多摩駅,7281,6189,7645,,2659,-39.66,-4.49,0.0,72.6,,西多摩郡奥多摩町,2026-09,FUDOSAN DB(国交省データ・推定/集計値) 標準条件:25㎡/1K/築10年/徒歩5分
熊川駅,10262,8723,10775,,44669,-18.54,1.41,13.2,1.3,,福生市,2026-09,FUDOSAN DB(国交省データ・推定/集計値) 標準条件:25㎡/1K/築10年/徒歩5分
東秋留駅,9649,8202,10131,23.23,85858,-14.88,0.35,13.2,17.2,"[{""y"": 2012, ""v"": 99900}, {""y"": 2013, ""v"": 98718}, {""y"": 2014, ""v"": 99041}, {""y"": 2015, ""v"": 99782}, {""y"": 2016, ""v"": 97542}, {""y"": 2017, ""v"": 97929}, {""y"": 2018, ""v"": 97895}, {""y"": 2019, ""v"": 98930}, {""y"": 2020, ""v"": 98617}, {""y"": 2021, ""v"": 95909}, {""y"": 2022, ""v"": 95765}, {""y"": 2023, ""v"": 96613}, {""y"": 2024, ""v"": 97961}, {""y"": 2025, ""v"": 100395}, {""y"": 2026, ""v"": 99357}]",あきる野市,2026-09,FUDOSAN DB(国交省データ・推定/集計値) 標準条件:25㎡/1K/築10年/徒歩5分
秋川駅,9649,8202,10131,12.83,85858,-14.88,0.35,13.2,17.2,"[{""y"": 2012, ""v"": 99900}, {""y"": 2013, ""v"": 98718}, {""y"": 2014, ""v"": 99041}, {""y"": 2015, ""v"": 99782}, {""y"": 2016, ""v"": 97542}, {""y"": 2017, ""v"": 97929}, {""y"": 2018, ""v"": 97895}, {""y"": 2019, ""v"": 98930}, {""y"": 2020, ""v"": 98617}, {""y"": 2021, ""v"": 95909}, {""y"": 2022, ""v"": 95765}, {""y"": 2023, ""v"": 96613}, {""y"": 2024, ""v"": 97961}, {""y"": 2025, ""v"": 100395}, {""y"": 2026, ""v"": 99357}]",あきる野市,2026-09,FUDOSAN DB(国交省データ・推定/集計値) 標準条件:25㎡/1K/築10年/徒歩5分
武蔵引田駅,9649,8202,10131,,85858,-14.88,0.35,13.2,17.2,"[{""y"": 2012, ""v"": 99900}, {""y"": 2013, ""v"": 98718}, {""y"": 2014, ""v"": 99041}, {""y"": 2015, ""v"": 99782}, {""y"": 2016, ""v"": 97542}, {""y"": 2017, ""v"": 97929}, {""y"": 2018, ""v"": 97895}, {""y"": 2019, ""v"": 98930}, {""y"": 2020, ""v"": 98617}, {""y"": 2021, ""v"": 95909}, {""y"": 2022, ""v"": 95765}, {""y"": 2023, ""v"": 96613}, {""y"": 2024, ""v"": 97961}, {""y"": 2025, ""v"": 100395}, {""y"": 2026, ""v"": 99357}]",あきる野市,2026-09,FUDOSAN DB(国交省データ・推定/集計値) 標準条件:25㎡/1K/築10年/徒歩5分
武蔵増戸駅,9649,8202,10131,,85858,-14.88,0.35,13.2,17.2,"[{""y"": 2012, ""v"": 99900}, {""y"": 2013, ""v"": 98718}, {""y"": 2014, ""v"": 99041}, {""y"": 2015, ""v"": 99782}, {""y"": 2016, ""v"": 97542}, {""y"": 2017, ""v"": 97929}, {""y"": 2018, ""v"": 97895}, {""y"": 2019, ""v"": 98930}, {""y"": 2020, ""v"": 98617}, {""y"": 2021, ""v"": 95909}, {""y"": 2022, ""v"": 95765}, {""y"": 2023, ""v"": 96613}, {""y"": 2024, ""v"": 97961}, {""y"": 2025, ""v"": 100395}, {""y"": 2026, ""v"": 99357}]",あきる野市,2026-09,FUDOSAN DB(国交省データ・推定/集計値) 標準条件:25㎡/1K/築10年/徒歩5分
武蔵五日市駅,9649,8202,10131,,85858,-14.88,0.35,13.2,17.2,"[{""y"": 2012, ""v"": 99900}, {""y"": 2013, ""v"": 98718}, {""y"": 2014, ""v"": 99041}, {""y"": 2015, ""v"": 99782}, {""y"": 2016, ""v"": 97542}, {""y"": 2017, ""v"": 97929}, {""y"": 2018, ""v"": 97895}, {""y"": 2019, ""v"": 98930}, {""y"": 2020, ""v"": 98617}, {""y"": 2021, ""v"": 95909}, {""y"": 2022, ""v"": 95765}, {""y"": 2023, ""v"": 96613}, {""y"": 2024, ""v"": 97961}, {""y"": 2025, ""v"": 100395}, {""y"": 2026, ""v"": 99357}]",あきる野市,2026-09,FUDOSAN DB(国交省データ・推定/集計値) 標準条件:25㎡/1K/築10年/徒歩5分
北八王子駅,10371,8816,10890,10.73,532960,-7.7,3.98,17.3,8.8,,八王子市,2026-09,FUDOSAN DB(国交省データ・推定/集計値) 標準条件:25㎡/1K/築10年/徒歩5分
小宮駅,10371,8816,10890,18.03,532960,-7.7,3.98,17.3,8.8,,八王子市,2026-09,FUDOSAN DB(国交省データ・推定/集計値) 標準条件:25㎡/1K/築10年/徒歩5分
東福生駅,10262,8723,10775,18.15,44669,-18.54,1.41,13.2,1.3,,福生市,2026-09,FUDOSAN DB(国交省データ・推定/集計値) 標準条件:25㎡/1K/築10年/徒歩5分
箱根ケ崎駅,9562,8127,10040,28.77,22873,-25.19,1.78,59.5,1.7,,西多摩郡瑞穂町,2026-09,FUDOSAN DB(国交省データ・推定/集計値) 標準条件:25㎡/1K/築10年/徒歩5分
尾久駅,14331,12182,15048,6.75,358782,0.88,11.91,19.4,1.0,,北区,2026-09,FUDOSAN DB(国交省データ・推定/集計値) 標準条件:25㎡/1K/築10年/徒歩5分
赤羽駅,14331,12182,15048,5.03,358782,0.88,11.91,19.4,1.0,,北区,2026-09,FUDOSAN DB(国交省データ・推定/集計値) 標準条件:25㎡/1K/築10年/徒歩5分
三河島駅,13414,11402,14085,4.86,231170,6.25,12.21,53.8,0.1,,荒川区,2026-09,FUDOSAN DB(国交省データ・推定/集計値) 標準条件:25㎡/1K/築10年/徒歩5分
南千住駅,13414,11402,14085,5.57,231170,6.25,12.21,53.8,0.1,,荒川区,2026-09,FUDOSAN DB(国交省データ・推定/集計値) 標準条件:25㎡/1K/築10年/徒歩5分
北千住駅,11320,9622,11886,4.27,711214,1.56,6.48,27.2,0.0,,足立区,2026-09,FUDOSAN DB(国交省データ・推定/集計値) 標準条件:25㎡/1K/築10年/徒歩5分
綾瀬駅,11320,9622,11886,4.99,711214,1.56,6.48,27.2,0.0,,足立区,2026-09,FUDOSAN DB(国交省データ・推定/集計値) 標準条件:25㎡/1K/築10年/徒歩5分
亀有駅,11401,9691,11971,5.45,451039,-1.32,5.58,30.9,0.0,,葛飾区,2026-09,FUDOSAN DB(国交省データ・推定/集計値) 標準条件:25㎡/1K/築10年/徒歩5分
金町駅,11401,9691,11971,5.31,451039,-1.32,5.58,30.9,0.0,,葛飾区,2026-09,FUDOSAN DB(国交省データ・推定/集計値) 標準条件:25㎡/1K/築10年/徒歩5分
板橋駅,13203,11223,13863,4.41,605109,2.26,8.57,11.0,0.8,,板橋区,2026-09,FUDOSAN DB(国交省データ・推定/集計値) 標準条件:25㎡/1K/築10年/徒歩5分
十条駅,14331,12182,15048,4.02,358782,0.88,11.91,19.4,1.0,,北区,2026-09,FUDOSAN DB(国交省データ・推定/集計値) 標準条件:25㎡/1K/築10年/徒歩5分
北赤羽駅,14331,12182,15048,6.23,358782,0.88,11.91,19.4,1.0,,北区,2026-09,FUDOSAN DB(国交省データ・推定/集計値) 標準条件:25㎡/1K/築10年/徒歩5分
浮間舟渡駅,14331,12182,15048,7.22,358782,0.88,11.91,19.4,1.0,,北区,2026-09,FUDOSAN DB(国交省データ・推定/集計値) 標準条件:25㎡/1K/築10年/徒歩5分
八丁堀駅,16407,13946,17227,3.31,210897,16.59,15.56,5.9,0.0,"[{""y"": 2012, ""v"": 803286}, {""y"": 2013, ""v"": 857000}, {""y"": 2014, ""v"": 949875}, {""y"": 2015, ""v"": 1013875}, {""y"": 2016, ""v"": 1108667}, {""y"": 2017, ""v"": 1159100}, {""y"": 2018, ""v"": 1195700}, {""y"": 2019, ""v"": 1252000}, {""y"": 2020, ""v"": 1300500}, {""y"": 2021, ""v"": 1289200}, {""y"": 2022, ""v"": 1332222}, {""y"": 2023, ""v"": 1386444}, {""y"": 2024, ""v"": 1490778}, {""y"": 2025, ""v"": 1701250}, {""y"": 2026, ""v"": 1930000}]",中央区,2026-09,FUDOSAN DB(国交省データ・推定/集計値) 標準条件:25㎡/1K/築10年/徒歩5分
越中島駅,15309,13013,16075,4.55,592670,8.23,12.08,34.0,0.0,,江東区,2026-09,FUDOSAN DB(国交省データ・推定/集計値) 標準条件:25㎡/1K/築10年/徒歩5分
潮見駅,15309,13013,16075,5.75,592670,8.23,12.08,34.0,0.0,,江東区,2026-09,FUDOSAN DB(国交省データ・推定/集計値) 標準条件:25㎡/1K/築10年/徒歩5分
新木場駅,15309,13013,16075,,592670,8.23,12.08,34.0,0.0,,江東区,2026-09,FUDOSAN DB(国交省データ・推定/集計値) 標準条件:25㎡/1K/築10年/徒歩5分
葛西臨海公園駅,12472,10601,13095,7.2,679003,-1.97,5.86,29.6,0.0,,江戸川区,2026-09,FUDOSAN DB(国交省データ・推定/集計値) 標準条件:25㎡/1K/築10年/徒歩5分
東十条駅,14331,12182,15048,5.47,358782,0.88,11.91,19.4,1.0,,北区,2026-09,FUDOSAN DB(国交省データ・推定/集計値) 標準条件:25㎡/1K/築10年/徒歩5分
王子駅,14331,12182,15048,5.5,358782,0.88,11.91,19.4,1.0,,北区,2026-09,FUDOSAN DB(国交省データ・推定/集計値) 標準条件:25㎡/1K/築10年/徒歩5分
上中里駅,14331,12182,15048,5.83,358782,0.88,11.91,19.4,1.0,,北区,2026-09,FUDOSAN DB(国交省データ・推定/集計値) 標準条件:25㎡/1K/築10年/徒歩5分
大井町駅,16851,14323,17693,3.83,465173,8.81,14.23,24.4,0.6,,品川区,2026-09,FUDOSAN DB(国交省データ・推定/集計値) 標準条件:25㎡/1K/築10年/徒歩5分
大森駅,13476,11455,14150,4.85,768130,2.51,8.0,60.9,0.4,,大田区,2026-09,FUDOSAN DB(国交省データ・推定/集計値) 標準条件:25㎡/1K/築10年/徒歩5分
蒲田駅,13476,11455,14150,5.07,768130,2.51,8.0,60.9,0.4,,大田区,2026-09,FUDOSAN DB(国交省データ・推定/集計値) 標準条件:25㎡/1K/築10年/徒歩5分
北池袋駅,16204,13773,17014,6.0,329403,6.78,13.44,24.3,0.1,,豊島区,2026-09,FUDOSAN DB(国交省データ・推定/集計値) 標準条件:25㎡/1K/築10年/徒歩5分
下板橋駅,16204,13773,17014,6.25,329403,6.78,13.44,24.3,0.1,,豊島区,2026-09,FUDOSAN DB(国交省データ・推定/集計値) 標準条件:25㎡/1K/築10年/徒歩5分
大山駅,13203,11223,13863,5.11,605109,2.26,8.57,11.0,0.8,,板橋区,2026-09,FUDOSAN DB(国交省データ・推定/集計値) 標準条件:25㎡/1K/築10年/徒歩5分
中板橋駅,13203,11223,13863,6.14,605109,2.26,8.57,11.0,0.8,,板橋区,2026-09,FUDOSAN DB(国交省データ・推定/集計値) 標準条件:25㎡/1K/築10年/徒歩5分
ときわ台駅,13203,11223,13863,5.6,605109,2.26,8.57,11.0,0.8,,板橋区,2026-09,FUDOSAN DB(国交省データ・推定/集計値) 標準条件:25㎡/1K/築10年/徒歩5分
上板橋駅,13203,11223,13863,7.34,605109,2.26,8.57,11.0,0.8,,板橋区,2026-09,FUDOSAN DB(国交省データ・推定/集計値) 標準条件:25㎡/1K/築10年/徒歩5分
東武練馬駅,13203,11223,13863,6.32,605109,2.26,8.57,11.0,0.8,,板橋区,2026-09,FUDOSAN DB(国交省データ・推定/集計値) 標準条件:25㎡/1K/築10年/徒歩5分
下赤塚駅,13203,11223,13863,7.86,605109,2.26,8.57,11.0,0.8,,板橋区,2026-09,FUDOSAN DB(国交省データ・推定/集計値) 標準条件:25㎡/1K/築10年/徒歩5分
成増駅,13203,11223,13863,5.9,605109,2.26,8.57,11.0,0.8,,板橋区,2026-09,FUDOSAN DB(国交省データ・推定/集計値) 標準条件:25㎡/1K/築10年/徒歩5分
浅草駅,16650,14153,17483,5.27,244549,10.64,14.14,20.8,0.1,,台東区,2026-09,FUDOSAN DB(国交省データ・推定/集計値) 標準条件:25㎡/1K/築10年/徒歩5分
とうきょうスカイツリー駅,15048,12791,15800,5.76,297077,5.94,13.19,51.7,0.0,,墨田区,2026-09,FUDOSAN DB(国交省データ・推定/集計値) 標準条件:25㎡/1K/築10年/徒歩5分
押上〈スカイツリー前〉駅,15048,12791,15800,,297077,5.94,13.19,51.7,0.0,,墨田区,2026-09,FUDOSAN DB(国交省データ・推定/集計値) 標準条件:25㎡/1K/築10年/徒歩5分
曳舟駅,15048,12791,15800,5.48,297077,5.94,13.19,51.7,0.0,,墨田区,2026-09,FUDOSAN DB(国交省データ・推定/集計値) 標準条件:25㎡/1K/築10年/徒歩5分
東向島駅,15048,12791,15800,5.81,297077,5.94,13.19,51.7,0.0,,墨田区,2026-09,FUDOSAN DB(国交省データ・推定/集計値) 標準条件:25㎡/1K/築10年/徒歩5分
鐘ヶ淵駅,15048,12791,15800,,297077,5.94,13.19,51.7,0.0,,墨田区,2026-09,FUDOSAN DB(国交省データ・推定/集計値) 標準条件:25㎡/1K/築10年/徒歩5分
堀切駅,11320,9622,11886,5.25,711214,1.56,6.48,27.2,0.0,,足立区,2026-09,FUDOSAN DB(国交省データ・推定/集計値) 標準条件:25㎡/1K/築10年/徒歩5分
牛田駅,11320,9622,11886,5.41,711214,1.56,6.48,27.2,0.0,,足立区,2026-09,FUDOSAN DB(国交省データ・推定/集計値) 標準条件:25㎡/1K/築10年/徒歩5分
小菅駅,11320,9622,11886,8.18,711214,1.56,6.48,27.2,0.0,,足立区,2026-09,FUDOSAN DB(国交省データ・推定/集計値) 標準条件:25㎡/1K/築10年/徒歩5分
五反野駅,11320,9622,11886,7.61,711214,1.56,6.48,27.2,0.0,,足立区,2026-09,FUDOSAN DB(国交省データ・推定/集計値) 標準条件:25㎡/1K/築10年/徒歩5分
梅島駅,11320,9622,11886,6.87,711214,1.56,6.48,27.2,0.0,,足立区,2026-09,FUDOSAN DB(国交省データ・推定/集計値) 標準条件:25㎡/1K/築10年/徒歩5分
西新井駅,11320,9622,11886,6.11,711214,1.56,6.48,27.2,0.0,,足立区,2026-09,FUDOSAN DB(国交省データ・推定/集計値) 標準条件:25㎡/1K/築10年/徒歩5分
竹ノ塚駅,11320,9622,11886,9.52,711214,1.56,6.48,27.2,0.0,,足立区,2026-09,FUDOSAN DB(国交省データ・推定/集計値) 標準条件:25㎡/1K/築10年/徒歩5分
小村井駅,15048,12791,15800,6.17,297077,5.94,13.19,51.7,0.0,,墨田区,2026-09,FUDOSAN DB(国交省データ・推定/集計値) 標準条件:25㎡/1K/築10年/徒歩5分
東あずま駅,15048,12791,15800,7.86,297077,5.94,13.19,51.7,0.0,,墨田区,2026-09,FUDOSAN DB(国交省データ・推定/集計値) 標準条件:25㎡/1K/築10年/徒歩5分
亀戸水神駅,15309,13013,16075,4.92,592670,8.23,12.08,34.0,0.0,,江東区,2026-09,FUDOSAN DB(国交省データ・推定/集計値) 標準条件:25㎡/1K/築10年/徒歩5分
大師前駅,11320,9622,11886,8.16,711214,1.56,6.48,27.2,0.0,,足立区,2026-09,FUDOSAN DB(国交省データ・推定/集計値) 標準条件:25㎡/1K/築10年/徒歩5分
椎名町駅,16204,13773,17014,5.38,329403,6.78,13.44,24.3,0.1,,豊島区,2026-09,FUDOSAN DB(国交省データ・推定/集計値) 標準条件:25㎡/1K/築10年/徒歩5分
東長崎駅,16204,13773,17014,8.09,329403,6.78,13.44,24.3,0.1,,豊島区,2026-09,FUDOSAN DB(国交省データ・推定/集計値) 標準条件:25㎡/1K/築10年/徒歩5分
江古田駅,12377,10520,12995,5.78,755008,-1.25,6.29,24.3,0.1,,練馬区,2026-09,FUDOSAN DB(国交省データ・推定/集計値) 標準条件:25㎡/1K/築10年/徒歩5分
桜台駅,12377,10520,12995,5.68,755008,-1.25,6.29,24.3,0.1,,練馬区,2026-09,FUDOSAN DB(国交省データ・推定/集計値) 標準条件:25㎡/1K/築10年/徒歩5分
練馬駅,12377,10520,12995,4.97,755008,-1.25,6.29,24.3,0.1,,練馬区,2026-09,FUDOSAN DB(国交省データ・推定/集計値) 標準条件:25㎡/1K/築10年/徒歩5分
中村橋駅,12377,10520,12995,5.37,755008,-1.25,6.29,24.3,0.1,,練馬区,2026-09,FUDOSAN DB(国交省データ・推定/集計値) 標準条件:25㎡/1K/築10年/徒歩5分
富士見台駅,12377,10520,12995,5.78,755008,-1.25,6.29,24.3,0.1,,練馬区,2026-09,FUDOSAN DB(国交省データ・推定/集計値) 標準条件:25㎡/1K/築10年/徒歩5分
練馬高野台駅,12377,10520,12995,5.79,755008,-1.25,6.29,24.3,0.1,,練馬区,2026-09,FUDOSAN DB(国交省データ・推定/集計値) 標準条件:25㎡/1K/築10年/徒歩5分
石神井公園駅,12377,10520,12995,4.76,755008,-1.25,6.29,24.3,0.1,,練馬区,2026-09,FUDOSAN DB(国交省データ・推定/集計値) 標準条件:25㎡/1K/築10年/徒歩5分
大泉学園駅,12377,10520,12995,6.05,755008,-1.25,6.29,24.3,0.1,,練馬区,2026-09,FUDOSAN DB(国交省データ・推定/集計値) 標準条件:25㎡/1K/築10年/徒歩5分
保谷駅,9792,8323,10282,5.86,212923,0.93,3.98,29.8,0.1,,西東京市,2026-09,FUDOSAN DB(国交省データ・推定/集計値) 標準条件:25㎡/1K/築10年/徒歩5分
ひばりヶ丘駅,9792,8323,10282,,212923,0.93,3.98,29.8,0.1,,西東京市,2026-09,FUDOSAN DB(国交省データ・推定/集計値) 標準条件:25㎡/1K/築10年/徒歩5分
東久留米駅,10883,9251,11427,7.43,105467,-7.2,3.18,41.3,0.1,,東久留米市,2026-09,FUDOSAN DB(国交省データ・推定/集計値) 標準条件:25㎡/1K/築10年/徒歩5分
清瀬駅,10507,8931,11033,9.78,72531,-4.52,2.87,45.4,0.4,,清瀬市,2026-09,FUDOSAN DB(国交省データ・推定/集計値) 標準条件:25㎡/1K/築10年/徒歩5分
秋津駅,10932,9292,11478,9.14,147601,-3.26,3.39,43.5,0.2,,東村山市,2026-09,FUDOSAN DB(国交省データ・推定/集計値) 標準条件:25㎡/1K/築10年/徒歩5分
小竹向原駅,12377,10520,12995,5.2,755008,-1.25,6.29,24.3,0.1,,練馬区,2026-09,FUDOSAN DB(国交省データ・推定/集計値) 標準条件:25㎡/1K/築10年/徒歩5分
新桜台駅,12377,10520,12995,5.06,755008,-1.25,6.29,24.3,0.1,,練馬区,2026-09,FUDOSAN DB(国交省データ・推定/集計値) 標準条件:25㎡/1K/築10年/徒歩5分
豊島園駅,12377,10520,12995,5.57,755008,-1.25,6.29,24.3,0.1,,練馬区,2026-09,FUDOSAN DB(国交省データ・推定/集計値) 標準条件:25㎡/1K/築10年/徒歩5分
多摩湖駅,10932,9292,11478,15.17,147601,-3.26,3.39,43.5,0.2,,東村山市,2026-09,FUDOSAN DB(国交省データ・推定/集計値) 標準条件:25㎡/1K/築10年/徒歩5分
西武新宿駅,16891,14358,17736,7.51,364110,1.74,11.88,27.6,0.5,,新宿区,2026-09,FUDOSAN DB(国交省データ・推定/集計値) 標準条件:25㎡/1K/築10年/徒歩5分
下落合駅,16891,14358,17736,5.67,364110,1.74,11.88,27.6,0.5,,新宿区,2026-09,FUDOSAN DB(国交省データ・推定/集計値) 標準条件:25㎡/1K/築10年/徒歩5分
中井駅,16891,14358,17736,6.28,364110,1.74,11.88,27.6,0.5,,新宿区,2026-09,FUDOSAN DB(国交省データ・推定/集計値) 標準条件:25㎡/1K/築10年/徒歩5分
新井薬師前駅,16307,13861,17122,6.46,361659,2.48,9.44,34.3,0.2,,中野区,2026-09,FUDOSAN DB(国交省データ・推定/集計値) 標準条件:25㎡/1K/築10年/徒歩5分
沼袋駅,16307,13861,17122,7.08,361659,2.48,9.44,34.3,0.2,,中野区,2026-09,FUDOSAN DB(国交省データ・推定/集計値) 標準条件:25㎡/1K/築10年/徒歩5分
野方駅,16307,13861,17122,7.63,361659,2.48,9.44,34.3,0.2,,中野区,2026-09,FUDOSAN DB(国交省データ・推定/集計値) 標準条件:25㎡/1K/築10年/徒歩5分
都立家政駅,16307,13861,17122,7.54,361659,2.48,9.44,34.3,0.2,,中野区,2026-09,FUDOSAN DB(国交省データ・推定/集計値) 標準条件:25㎡/1K/築10年/徒歩5分
鷺ノ宮駅,16307,13861,17122,6.44,361659,2.48,9.44,34.3,0.2,,中野区,2026-09,FUDOSAN DB(国交省データ・推定/集計値) 標準条件:25㎡/1K/築10年/徒歩5分
下井草駅,15400,13090,16170,7.03,618596,4.93,8.31,28.8,0.0,,杉並区,2026-09,FUDOSAN DB(国交省データ・推定/集計値) 標準条件:25㎡/1K/築10年/徒歩5分
井荻駅,15400,13090,16170,6.99,618596,4.93,8.31,28.8,0.0,,杉並区,2026-09,FUDOSAN DB(国交省データ・推定/集計値) 標準条件:25㎡/1K/築10年/徒歩5分
上井草駅,15400,13090,16170,6.83,618596,4.93,8.31,28.8,0.0,,杉並区,2026-09,FUDOSAN DB(国交省データ・推定/集計値) 標準条件:25㎡/1K/築10年/徒歩5分
上石神井駅,12377,10520,12995,5.84,755008,-1.25,6.29,24.3,0.1,,練馬区,2026-09,FUDOSAN DB(国交省データ・推定/集計値) 標準条件:25㎡/1K/築10年/徒歩5分
武蔵関駅,12377,10520,12995,6.27,755008,-1.25,6.29,24.3,0.1,,練馬区,2026-09,FUDOSAN DB(国交省データ・推定/集計値) 標準条件:25㎡/1K/築10年/徒歩5分
東伏見駅,9792,8323,10282,6.32,212923,0.93,3.98,29.8,0.1,,西東京市,2026-09,FUDOSAN DB(国交省データ・推定/集計値) 標準条件:25㎡/1K/築10年/徒歩5分
西武柳沢駅,9792,8323,10282,7.35,212923,0.93,3.98,29.8,0.1,,西東京市,2026-09,FUDOSAN DB(国交省データ・推定/集計値) 標準条件:25㎡/1K/築10年/徒歩5分
田無駅,9792,8323,10282,6.81,212923,0.93,3.98,29.8,0.1,,西東京市,2026-09,FUDOSAN DB(国交省データ・推定/集計値) 標準条件:25㎡/1K/築10年/徒歩5分
花小金井駅,11026,9372,11577,9.72,197822,-1.56,3.28,18.5,0.0,,小平市,2026-09,FUDOSAN DB(国交省データ・推定/集計値) 標準条件:25㎡/1K/築10年/徒歩5分
小平駅,11026,9372,11577,10.23,197822,-1.56,3.28,18.5,0.0,,小平市,2026-09,FUDOSAN DB(国交省データ・推定/集計値) 標準条件:25㎡/1K/築10年/徒歩5分
久米川駅,10932,9292,11478,10.42,147601,-3.26,3.39,43.5,0.2,,東村山市,2026-09,FUDOSAN DB(国交省データ・推定/集計値) 標準条件:25㎡/1K/築10年/徒歩5分
東村山駅,10932,9292,11478,11.12,147601,-3.26,3.39,43.5,0.2,,東村山市,2026-09,FUDOSAN DB(国交省データ・推定/集計値) 標準条件:25㎡/1K/築10年/徒歩5分
萩山駅,10932,9292,11478,8.72,147601,-3.26,3.39,43.5,0.2,,東村山市,2026-09,FUDOSAN DB(国交省データ・推定/集計値) 標準条件:25㎡/1K/築10年/徒歩5分
小川駅,11026,9372,11577,9.43,197822,-1.56,3.28,18.5,0.0,,小平市,2026-09,FUDOSAN DB(国交省データ・推定/集計値) 標準条件:25㎡/1K/築10年/徒歩5分
東大和市駅,10396,8836,10916,9.83,79711,-4.87,2.63,33.3,1.2,,東大和市,2026-09,FUDOSAN DB(国交省データ・推定/集計値) 標準条件:25㎡/1K/築10年/徒歩5分
玉川上水駅,11285,9592,11849,10.19,178883,-3.53,7.0,32.3,0.3,,立川市,2026-09,FUDOSAN DB(国交省データ・推定/集計値) 標準条件:25㎡/1K/築10年/徒歩5分
武蔵砂川駅,11285,9592,11849,16.38,178883,-3.53,7.0,32.3,0.3,,立川市,2026-09,FUDOSAN DB(国交省データ・推定/集計値) 標準条件:25㎡/1K/築10年/徒歩5分
西武立川駅,11285,9592,11849,14.21,178883,-3.53,7.0,32.3,0.3,,立川市,2026-09,FUDOSAN DB(国交省データ・推定/集計値) 標準条件:25㎡/1K/築10年/徒歩5分
西武園駅,10932,9292,11478,,147601,-3.26,3.39,43.5,0.2,,東村山市,2026-09,FUDOSAN DB(国交省データ・推定/集計値) 標準条件:25㎡/1K/築10年/徒歩5分
恋ヶ窪駅,11182,9505,11741,,130402,-1.39,7.15,22.9,0.1,,国分寺市,2026-09,FUDOSAN DB(国交省データ・推定/集計値) 標準条件:25㎡/1K/築10年/徒歩5分
鷹の台駅,11026,9372,11577,6.94,197822,-1.56,3.28,18.5,0.0,,小平市,2026-09,FUDOSAN DB(国交省データ・推定/集計値) 標準条件:25㎡/1K/築10年/徒歩5分
一橋学園駅,11026,9372,11577,7.72,197822,-1.56,3.28,18.5,0.0,,小平市,2026-09,FUDOSAN DB(国交省データ・推定/集計値) 標準条件:25㎡/1K/築10年/徒歩5分
青梅街道駅,11026,9372,11577,8.27,197822,-1.56,3.28,18.5,0.0,,小平市,2026-09,FUDOSAN DB(国交省データ・推定/集計値) 標準条件:25㎡/1K/築10年/徒歩5分
八坂駅,10932,9292,11478,9.4,147601,-3.26,3.39,43.5,0.2,,東村山市,2026-09,FUDOSAN DB(国交省データ・推定/集計値) 標準条件:25㎡/1K/築10年/徒歩5分
武蔵大和駅,10932,9292,11478,18.53,147601,-3.26,3.39,43.5,0.2,,東村山市,2026-09,FUDOSAN DB(国交省データ・推定/集計値) 標準条件:25㎡/1K/築10年/徒歩5分
新小金井駅,11187,9509,11746,15.23,128944,0.44,4.82,36.0,0.1,,小金井市,2026-09,FUDOSAN DB(国交省データ・推定/集計値) 標準条件:25㎡/1K/築10年/徒歩5分
多磨駅,11481,9759,12055,9.54,260162,-2.05,4.33,38.0,0.2,,府中市,2026-09,FUDOSAN DB(国交省データ・推定/集計値) 標準条件:25㎡/1K/築10年/徒歩5分
白糸台駅,11481,9759,12055,8.0,260162,-2.05,4.33,38.0,0.2,,府中市,2026-09,FUDOSAN DB(国交省データ・推定/集計値) 標準条件:25㎡/1K/築10年/徒歩5分
競艇場前駅,11481,9759,12055,9.95,260162,-2.05,4.33,38.0,0.2,,府中市,2026-09,FUDOSAN DB(国交省データ・推定/集計値) 標準条件:25㎡/1K/築10年/徒歩5分
是政駅,11481,9759,12055,8.65,260162,-2.05,4.33,38.0,0.2,,府中市,2026-09,FUDOSAN DB(国交省データ・推定/集計値) 標準条件:25㎡/1K/築10年/徒歩5分
京成上野駅,16650,14153,17483,,244549,10.64,14.14,20.8,0.1,,台東区,2026-09,FUDOSAN DB(国交省データ・推定/集計値) 標準条件:25㎡/1K/築10年/徒歩5分
新三河島駅,13414,11402,14085,5.64,231170,6.25,12.21,53.8,0.1,,荒川区,2026-09,FUDOSAN DB(国交省データ・推定/集計値) 標準条件:25㎡/1K/築10年/徒歩5分
町屋駅,13414,11402,14085,6.16,231170,6.25,12.21,53.8,0.1,,荒川区,2026-09,FUDOSAN DB(国交省データ・推定/集計値) 標準条件:25㎡/1K/築10年/徒歩5分
千住大橋駅,11320,9622,11886,4.33,711214,1.56,6.48,27.2,0.0,,足立区,2026-09,FUDOSAN DB(国交省データ・推定/集計値) 標準条件:25㎡/1K/築10年/徒歩5分
京成関屋駅,11320,9622,11886,5.41,711214,1.56,6.48,27.2,0.0,,足立区,2026-09,FUDOSAN DB(国交省データ・推定/集計値) 標準条件:25㎡/1K/築10年/徒歩5分
堀切菖蒲園駅,11401,9691,11971,6.82,451039,-1.32,5.58,30.9,0.0,,葛飾区,2026-09,FUDOSAN DB(国交省データ・推定/集計値) 標準条件:25㎡/1K/築10年/徒歩5分
お花茶屋駅,11401,9691,11971,7.67,451039,-1.32,5.58,30.9,0.0,,葛飾区,2026-09,FUDOSAN DB(国交省データ・推定/集計値) 標準条件:25㎡/1K/築10年/徒歩5分
青砥駅,11401,9691,11971,5.57,451039,-1.32,5.58,30.9,0.0,,葛飾区,2026-09,FUDOSAN DB(国交省データ・推定/集計値) 標準条件:25㎡/1K/築10年/徒歩5分
京成高砂駅,11401,9691,11971,7.83,451039,-1.32,5.58,30.9,0.0,,葛飾区,2026-09,FUDOSAN DB(国交省データ・推定/集計値) 標準条件:25㎡/1K/築10年/徒歩5分
京成小岩駅,12472,10601,13095,7.25,679003,-1.97,5.86,29.6,0.0,,江戸川区,2026-09,FUDOSAN DB(国交省データ・推定/集計値) 標準条件:25㎡/1K/築10年/徒歩5分
江戸川駅,12472,10601,13095,6.45,679003,-1.97,5.86,29.6,0.0,,江戸川区,2026-09,FUDOSAN DB(国交省データ・推定/集計値) 標準条件:25㎡/1K/築10年/徒歩5分
押上（スカイツリー前）駅,15048,12791,15800,,297077,5.94,13.19,51.7,0.0,,墨田区,2026-09,FUDOSAN DB(国交省データ・推定/集計値) 標準条件:25㎡/1K/築10年/徒歩5分
京成曳舟駅,15048,12791,15800,6.05,297077,5.94,13.19,51.7,0.0,,墨田区,2026-09,FUDOSAN DB(国交省データ・推定/集計値) 標準条件:25㎡/1K/築10年/徒歩5分
八広駅,15048,12791,15800,6.84,297077,5.94,13.19,51.7,0.0,,墨田区,2026-09,FUDOSAN DB(国交省データ・推定/集計値) 標準条件:25㎡/1K/築10年/徒歩5分
四ツ木駅,11401,9691,11971,7.05,451039,-1.32,5.58,30.9,0.0,,葛飾区,2026-09,FUDOSAN DB(国交省データ・推定/集計値) 標準条件:25㎡/1K/築10年/徒歩5分
京成立石駅,11401,9691,11971,6.99,451039,-1.32,5.58,30.9,0.0,,葛飾区,2026-09,FUDOSAN DB(国交省データ・推定/集計値) 標準条件:25㎡/1K/築10年/徒歩5分
柴又駅,11401,9691,11971,8.29,451039,-1.32,5.58,30.9,0.0,,葛飾区,2026-09,FUDOSAN DB(国交省データ・推定/集計値) 標準条件:25㎡/1K/築10年/徒歩5分
京成金町駅,11401,9691,11971,5.69,451039,-1.32,5.58,30.9,0.0,,葛飾区,2026-09,FUDOSAN DB(国交省データ・推定/集計値) 標準条件:25㎡/1K/築10年/徒歩5分
笹塚駅,15818,13445,16609,5.04,267180,8.07,10.98,21.2,0.1,,渋谷区,2026-09,FUDOSAN DB(国交省データ・推定/集計値) 標準条件:25㎡/1K/築10年/徒歩5分
代田橋駅,15695,13341,16480,5.99,1287242,4.68,7.24,23.0,0.3,"[{""y"": 2012, ""v"": 510111}, {""y"": 2013, ""v"": 512306}, {""y"": 2014, ""v"": 526474}, {""y"": 2015, ""v"": 534949}, {""y"": 2016, ""v"": 544112}, {""y"": 2017, ""v"": 565973}, {""y"": 2018, ""v"": 589252}, {""y"": 2019, ""v"": 614847}, {""y"": 2020, ""v"": 636189}, {""y"": 2021, ""v"": 633793}, {""y"": 2022, ""v"": 640649}, {""y"": 2023, ""v"": 655775}, {""y"": 2024, ""v"": 682694}, {""y"": 2025, ""v"": 724064}, {""y"": 2026, ""v"": 779853}]",世田谷区,2026-09,FUDOSAN DB(国交省データ・推定/集計値) 標準条件:25㎡/1K/築10年/徒歩5分
明大前駅,15695,13341,16480,5.7,1287242,4.68,7.24,23.0,0.3,"[{""y"": 2012, ""v"": 510111}, {""y"": 2013, ""v"": 512306}, {""y"": 2014, ""v"": 526474}, {""y"": 2015, ""v"": 534949}, {""y"": 2016, ""v"": 544112}, {""y"": 2017, ""v"": 565973}, {""y"": 2018, ""v"": 589252}, {""y"": 2019, ""v"": 614847}, {""y"": 2020, ""v"": 636189}, {""y"": 2021, ""v"": 633793}, {""y"": 2022, ""v"": 640649}, {""y"": 2023, ""v"": 655775}, {""y"": 2024, ""v"": 682694}, {""y"": 2025, ""v"": 724064}, {""y"": 2026, ""v"": 779853}]",世田谷区,2026-09,FUDOSAN DB(国交省データ・推定/集計値) 標準条件:25㎡/1K/築10年/徒歩5分
下高井戸駅,15695,13341,16480,4.79,1287242,4.68,7.24,23.0,0.3,"[{""y"": 2012, ""v"": 510111}, {""y"": 2013, ""v"": 512306}, {""y"": 2014, ""v"": 526474}, {""y"": 2015, ""v"": 534949}, {""y"": 2016, ""v"": 544112}, {""y"": 2017, ""v"": 565973}, {""y"": 2018, ""v"": 589252}, {""y"": 2019, ""v"": 614847}, {""y"": 2020, ""v"": 636189}, {""y"": 2021, ""v"": 633793}, {""y"": 2022, ""v"": 640649}, {""y"": 2023, ""v"": 655775}, {""y"": 2024, ""v"": 682694}, {""y"": 2025, ""v"": 724064}, {""y"": 2026, ""v"": 779853}]",世田谷区,2026-09,FUDOSAN DB(国交省データ・推定/集計値) 標準条件:25㎡/1K/築10年/徒歩5分
桜上水駅,15695,13341,16480,5.1,1287242,4.68,7.24,23.0,0.3,"[{""y"": 2012, ""v"": 510111}, {""y"": 2013, ""v"": 512306}, {""y"": 2014, ""v"": 526474}, {""y"": 2015, ""v"": 534949}, {""y"": 2016, ""v"": 544112}, {""y"": 2017, ""v"": 565973}, {""y"": 2018, ""v"": 589252}, {""y"": 2019, ""v"": 614847}, {""y"": 2020, ""v"": 636189}, {""y"": 2021, ""v"": 633793}, {""y"": 2022, ""v"": 640649}, {""y"": 2023, ""v"": 655775}, {""y"": 2024, ""v"": 682694}, {""y"": 2025, ""v"": 724064}, {""y"": 2026, ""v"": 779853}]",世田谷区,2026-09,FUDOSAN DB(国交省データ・推定/集計値) 標準条件:25㎡/1K/築10年/徒歩5分
上北沢駅,15695,13341,16480,6.34,1287242,4.68,7.24,23.0,0.3,"[{""y"": 2012, ""v"": 510111}, {""y"": 2013, ""v"": 512306}, {""y"": 2014, ""v"": 526474}, {""y"": 2015, ""v"": 534949}, {""y"": 2016, ""v"": 544112}, {""y"": 2017, ""v"": 565973}, {""y"": 2018, ""v"": 589252}, {""y"": 2019, ""v"": 614847}, {""y"": 2020, ""v"": 636189}, {""y"": 2021, ""v"": 633793}, {""y"": 2022, ""v"": 640649}, {""y"": 2023, ""v"": 655775}, {""y"": 2024, ""v"": 682694}, {""y"": 2025, ""v"": 724064}, {""y"": 2026, ""v"": 779853}]",世田谷区,2026-09,FUDOSAN DB(国交省データ・推定/集計値) 標準条件:25㎡/1K/築10年/徒歩5分
八幡山駅,15400,13090,16170,7.29,618596,4.93,8.31,28.8,0.0,,杉並区,2026-09,FUDOSAN DB(国交省データ・推定/集計値) 標準条件:25㎡/1K/築10年/徒歩5分
芦花公園駅,15695,13341,16480,6.12,1287242,4.68,7.24,23.0,0.3,"[{""y"": 2012, ""v"": 510111}, {""y"": 2013, ""v"": 512306}, {""y"": 2014, ""v"": 526474}, {""y"": 2015, ""v"": 534949}, {""y"": 2016, ""v"": 544112}, {""y"": 2017, ""v"": 565973}, {""y"": 2018, ""v"": 589252}, {""y"": 2019, ""v"": 614847}, {""y"": 2020, ""v"": 636189}, {""y"": 2021, ""v"": 633793}, {""y"": 2022, ""v"": 640649}, {""y"": 2023, ""v"": 655775}, {""y"": 2024, ""v"": 682694}, {""y"": 2025, ""v"": 724064}, {""y"": 2026, ""v"": 779853}]",世田谷区,2026-09,FUDOSAN DB(国交省データ・推定/集計値) 標準条件:25㎡/1K/築10年/徒歩5分
千歳烏山駅,15695,13341,16480,6.85,1287242,4.68,7.24,23.0,0.3,"[{""y"": 2012, ""v"": 510111}, {""y"": 2013, ""v"": 512306}, {""y"": 2014, ""v"": 526474}, {""y"": 2015, ""v"": 534949}, {""y"": 2016, ""v"": 544112}, {""y"": 2017, ""v"": 565973}, {""y"": 2018, ""v"": 589252}, {""y"": 2019, ""v"": 614847}, {""y"": 2020, ""v"": 636189}, {""y"": 2021, ""v"": 633793}, {""y"": 2022, ""v"": 640649}, {""y"": 2023, ""v"": 655775}, {""y"": 2024, ""v"": 682694}, {""y"": 2025, ""v"": 724064}, {""y"": 2026, ""v"": 779853}]",世田谷区,2026-09,FUDOSAN DB(国交省データ・推定/集計値) 標準条件:25㎡/1K/築10年/徒歩5分
仙川駅,11186,9508,11746,4.8,253359,2.16,5.99,42.8,0.4,,調布市,2026-09,FUDOSAN DB(国交省データ・推定/集計値) 標準条件:25㎡/1K/築10年/徒歩5分
つつじヶ丘駅,11186,9508,11746,,253359,2.16,5.99,42.8,0.4,,調布市,2026-09,FUDOSAN DB(国交省データ・推定/集計値) 標準条件:25㎡/1K/築10年/徒歩5分
柴崎駅,11186,9508,11746,5.94,253359,2.16,5.99,42.8,0.4,,調布市,2026-09,FUDOSAN DB(国交省データ・推定/集計値) 標準条件:25㎡/1K/築10年/徒歩5分
国領駅,11186,9508,11746,7.16,253359,2.16,5.99,42.8,0.4,,調布市,2026-09,FUDOSAN DB(国交省データ・推定/集計値) 標準条件:25㎡/1K/築10年/徒歩5分
布田駅,11186,9508,11746,7.0,253359,2.16,5.99,42.8,0.4,,調布市,2026-09,FUDOSAN DB(国交省データ・推定/集計値) 標準条件:25㎡/1K/築10年/徒歩5分
調布駅,11186,9508,11746,4.88,253359,2.16,5.99,42.8,0.4,,調布市,2026-09,FUDOSAN DB(国交省データ・推定/集計値) 標準条件:25㎡/1K/築10年/徒歩5分
西調布駅,11186,9508,11746,7.07,253359,2.16,5.99,42.8,0.4,,調布市,2026-09,FUDOSAN DB(国交省データ・推定/集計値) 標準条件:25㎡/1K/築10年/徒歩5分
飛田給駅,11186,9508,11746,5.77,253359,2.16,5.99,42.8,0.4,,調布市,2026-09,FUDOSAN DB(国交省データ・推定/集計値) 標準条件:25㎡/1K/築10年/徒歩5分
武蔵野台駅,11481,9759,12055,10.23,260162,-2.05,4.33,38.0,0.2,,府中市,2026-09,FUDOSAN DB(国交省データ・推定/集計値) 標準条件:25㎡/1K/築10年/徒歩5分
多磨霊園駅,11481,9759,12055,7.22,260162,-2.05,4.33,38.0,0.2,,府中市,2026-09,FUDOSAN DB(国交省データ・推定/集計値) 標準条件:25㎡/1K/築10年/徒歩5分
東府中駅,11481,9759,12055,6.34,260162,-2.05,4.33,38.0,0.2,,府中市,2026-09,FUDOSAN DB(国交省データ・推定/集計値) 標準条件:25㎡/1K/築10年/徒歩5分
府中駅,11481,9759,12055,5.15,260162,-2.05,4.33,38.0,0.2,,府中市,2026-09,FUDOSAN DB(国交省データ・推定/集計値) 標準条件:25㎡/1K/築10年/徒歩5分
中河原駅,11481,9759,12055,9.16,260162,-2.05,4.33,38.0,0.2,,府中市,2026-09,FUDOSAN DB(国交省データ・推定/集計値) 標準条件:25㎡/1K/築10年/徒歩5分
聖蹟桜ヶ丘駅,10927,9288,11473,,133806,-8.53,2.99,12.1,4.2,,多摩市,2026-09,FUDOSAN DB(国交省データ・推定/集計値) 標準条件:25㎡/1K/築10年/徒歩5分
百草園駅,10787,9169,11326,17.7,185978,-3.15,5.45,16.6,1.8,,日野市,2026-09,FUDOSAN DB(国交省データ・推定/集計値) 標準条件:25㎡/1K/築10年/徒歩5分
高幡不動駅,10787,9169,11326,12.03,185978,-3.15,5.45,16.6,1.8,,日野市,2026-09,FUDOSAN DB(国交省データ・推定/集計値) 標準条件:25㎡/1K/築10年/徒歩5分
南平駅,10787,9169,11326,11.19,185978,-3.15,5.45,16.6,1.8,,日野市,2026-09,FUDOSAN DB(国交省データ・推定/集計値) 標準条件:25㎡/1K/築10年/徒歩5分
平山城址公園駅,10787,9169,11326,24.73,185978,-3.15,5.45,16.6,1.8,,日野市,2026-09,FUDOSAN DB(国交省データ・推定/集計値) 標準条件:25㎡/1K/築10年/徒歩5分
長沼駅,10371,8816,10890,10.04,532960,-7.7,3.98,17.3,8.8,,八王子市,2026-09,FUDOSAN DB(国交省データ・推定/集計値) 標準条件:25㎡/1K/築10年/徒歩5分
北野駅,10371,8816,10890,10.41,532960,-7.7,3.98,17.3,8.8,,八王子市,2026-09,FUDOSAN DB(国交省データ・推定/集計値) 標準条件:25㎡/1K/築10年/徒歩5分
京王八王子駅,10371,8816,10890,9.69,532960,-7.7,3.98,17.3,8.8,,八王子市,2026-09,FUDOSAN DB(国交省データ・推定/集計値) 標準条件:25㎡/1K/築10年/徒歩5分
京王多摩川駅,11186,9508,11746,8.09,253359,2.16,5.99,42.8,0.4,,調布市,2026-09,FUDOSAN DB(国交省データ・推定/集計値) 標準条件:25㎡/1K/築10年/徒歩5分
京王よみうりランド駅,11287,9594,11851,7.26,101191,4.87,4.08,30.0,5.1,,稲城市,2026-09,FUDOSAN DB(国交省データ・推定/集計値) 標準条件:25㎡/1K/築10年/徒歩5分
稲城駅,11287,9594,11851,8.79,101191,4.87,4.08,30.0,5.1,,稲城市,2026-09,FUDOSAN DB(国交省データ・推定/集計値) 標準条件:25㎡/1K/築10年/徒歩5分
京王永山駅,10927,9288,11473,11.94,133806,-8.53,2.99,12.1,4.2,,多摩市,2026-09,FUDOSAN DB(国交省データ・推定/集計値) 標準条件:25㎡/1K/築10年/徒歩5分
京王多摩センター駅,10927,9288,11473,10.15,133806,-8.53,2.99,12.1,4.2,,多摩市,2026-09,FUDOSAN DB(国交省データ・推定/集計値) 標準条件:25㎡/1K/築10年/徒歩5分
京王堀之内駅,10371,8816,10890,10.06,532960,-7.7,3.98,17.3,8.8,,八王子市,2026-09,FUDOSAN DB(国交省データ・推定/集計値) 標準条件:25㎡/1K/築10年/徒歩5分
南大沢駅,10371,8816,10890,10.43,532960,-7.7,3.98,17.3,8.8,,八王子市,2026-09,FUDOSAN DB(国交省データ・推定/集計値) 標準条件:25㎡/1K/築10年/徒歩5分
多摩境駅,10935,9295,11481,9.22,406455,-5.72,3.07,14.8,4.6,,町田市,2026-09,FUDOSAN DB(国交省データ・推定/集計値) 標準条件:25㎡/1K/築10年/徒歩5分
京王片倉駅,10371,8816,10890,15.26,532960,-7.7,3.98,17.3,8.8,,八王子市,2026-09,FUDOSAN DB(国交省データ・推定/集計値) 標準条件:25㎡/1K/築10年/徒歩5分
山田駅,10371,8816,10890,29.08,532960,-7.7,3.98,17.3,8.8,,八王子市,2026-09,FUDOSAN DB(国交省データ・推定/集計値) 標準条件:25㎡/1K/築10年/徒歩5分
めじろ台駅,10371,8816,10890,14.89,532960,-7.7,3.98,17.3,8.8,,八王子市,2026-09,FUDOSAN DB(国交省データ・推定/集計値) 標準条件:25㎡/1K/築10年/徒歩5分
狭間駅,10371,8816,10890,13.28,532960,-7.7,3.98,17.3,8.8,,八王子市,2026-09,FUDOSAN DB(国交省データ・推定/集計値) 標準条件:25㎡/1K/築10年/徒歩5分
高尾山口駅,10371,8816,10890,,532960,-7.7,3.98,17.3,8.8,,八王子市,2026-09,FUDOSAN DB(国交省データ・推定/集計値) 標準条件:25㎡/1K/築10年/徒歩5分
府中競馬正門前駅,11481,9759,12055,5.29,260162,-2.05,4.33,38.0,0.2,,府中市,2026-09,FUDOSAN DB(国交省データ・推定/集計値) 標準条件:25㎡/1K/築10年/徒歩5分
多摩動物公園駅,10787,9169,11326,,185978,-3.15,5.45,16.6,1.8,,日野市,2026-09,FUDOSAN DB(国交省データ・推定/集計値) 標準条件:25㎡/1K/築10年/徒歩5分
神泉駅,15818,13445,16609,3.89,267180,8.07,10.98,21.2,0.1,,渋谷区,2026-09,FUDOSAN DB(国交省データ・推定/集計値) 標準条件:25㎡/1K/築10年/徒歩5分
駒場東大前駅,16614,14122,17445,3.8,298595,4.29,13.66,19.1,0.2,,目黒区,2026-09,FUDOSAN DB(国交省データ・推定/集計値) 標準条件:25㎡/1K/築10年/徒歩5分
池ノ上駅,15695,13341,16480,4.44,1287242,4.68,7.24,23.0,0.3,"[{""y"": 2012, ""v"": 510111}, {""y"": 2013, ""v"": 512306}, {""y"": 2014, ""v"": 526474}, {""y"": 2015, ""v"": 534949}, {""y"": 2016, ""v"": 544112}, {""y"": 2017, ""v"": 565973}, {""y"": 2018, ""v"": 589252}, {""y"": 2019, ""v"": 614847}, {""y"": 2020, ""v"": 636189}, {""y"": 2021, ""v"": 633793}, {""y"": 2022, ""v"": 640649}, {""y"": 2023, ""v"": 655775}, {""y"": 2024, ""v"": 682694}, {""y"": 2025, ""v"": 724064}, {""y"": 2026, ""v"": 779853}]",世田谷区,2026-09,FUDOSAN DB(国交省データ・推定/集計値) 標準条件:25㎡/1K/築10年/徒歩5分
下北沢駅,15695,13341,16480,3.69,1287242,4.68,7.24,23.0,0.3,"[{""y"": 2012, ""v"": 510111}, {""y"": 2013, ""v"": 512306}, {""y"": 2014, ""v"": 526474}, {""y"": 2015, ""v"": 534949}, {""y"": 2016, ""v"": 544112}, {""y"": 2017, ""v"": 565973}, {""y"": 2018, ""v"": 589252}, {""y"": 2019, ""v"": 614847}, {""y"": 2020, ""v"": 636189}, {""y"": 2021, ""v"": 633793}, {""y"": 2022, ""v"": 640649}, {""y"": 2023, ""v"": 655775}, {""y"": 2024, ""v"": 682694}, {""y"": 2025, ""v"": 724064}, {""y"": 2026, ""v"": 779853}]",世田谷区,2026-09,FUDOSAN DB(国交省データ・推定/集計値) 標準条件:25㎡/1K/築10年/徒歩5分
新代田駅,15695,13341,16480,5.75,1287242,4.68,7.24,23.0,0.3,"[{""y"": 2012, ""v"": 510111}, {""y"": 2013, ""v"": 512306}, {""y"": 2014, ""v"": 526474}, {""y"": 2015, ""v"": 534949}, {""y"": 2016, ""v"": 544112}, {""y"": 2017, ""v"": 565973}, {""y"": 2018, ""v"": 589252}, {""y"": 2019, ""v"": 614847}, {""y"": 2020, ""v"": 636189}, {""y"": 2021, ""v"": 633793}, {""y"": 2022, ""v"": 640649}, {""y"": 2023, ""v"": 655775}, {""y"": 2024, ""v"": 682694}, {""y"": 2025, ""v"": 724064}, {""y"": 2026, ""v"": 779853}]",世田谷区,2026-09,FUDOSAN DB(国交省データ・推定/集計値) 標準条件:25㎡/1K/築10年/徒歩5分
東松原駅,15695,13341,16480,5.7,1287242,4.68,7.24,23.0,0.3,"[{""y"": 2012, ""v"": 510111}, {""y"": 2013, ""v"": 512306}, {""y"": 2014, ""v"": 526474}, {""y"": 2015, ""v"": 534949}, {""y"": 2016, ""v"": 544112}, {""y"": 2017, ""v"": 565973}, {""y"": 2018, ""v"": 589252}, {""y"": 2019, ""v"": 614847}, {""y"": 2020, ""v"": 636189}, {""y"": 2021, ""v"": 633793}, {""y"": 2022, ""v"": 640649}, {""y"": 2023, ""v"": 655775}, {""y"": 2024, ""v"": 682694}, {""y"": 2025, ""v"": 724064}, {""y"": 2026, ""v"": 779853}]",世田谷区,2026-09,FUDOSAN DB(国交省データ・推定/集計値) 標準条件:25㎡/1K/築10年/徒歩5分
永福町駅,15400,13090,16170,5.26,618596,4.93,8.31,28.8,0.0,,杉並区,2026-09,FUDOSAN DB(国交省データ・推定/集計値) 標準条件:25㎡/1K/築10年/徒歩5分
西永福駅,15400,13090,16170,4.94,618596,4.93,8.31,28.8,0.0,,杉並区,2026-09,FUDOSAN DB(国交省データ・推定/集計値) 標準条件:25㎡/1K/築10年/徒歩5分
浜田山駅,15400,13090,16170,3.77,618596,4.93,8.31,28.8,0.0,,杉並区,2026-09,FUDOSAN DB(国交省データ・推定/集計値) 標準条件:25㎡/1K/築10年/徒歩5分
高井戸駅,15400,13090,16170,5.93,618596,4.93,8.31,28.8,0.0,,杉並区,2026-09,FUDOSAN DB(国交省データ・推定/集計値) 標準条件:25㎡/1K/築10年/徒歩5分
富士見ヶ丘駅,15400,13090,16170,,618596,4.93,8.31,28.8,0.0,,杉並区,2026-09,FUDOSAN DB(国交省データ・推定/集計値) 標準条件:25㎡/1K/築10年/徒歩5分
久我山駅,15400,13090,16170,6.17,618596,4.93,8.31,28.8,0.0,,杉並区,2026-09,FUDOSAN DB(国交省データ・推定/集計値) 標準条件:25㎡/1K/築10年/徒歩5分
三鷹台駅,11849,10072,12441,4.07,250572,1.87,5.15,34.4,0.3,"[{""y"": 2012, ""v"": 358800}, {""y"": 2013, ""v"": 359095}, {""y"": 2014, ""v"": 369227}, {""y"": 2015, ""v"": 371292}, {""y"": 2016, ""v"": 376667}, {""y"": 2017, ""v"": 383321}, {""y"": 2018, ""v"": 394107}, {""y"": 2019, ""v"": 413414}, {""y"": 2020, ""v"": 422759}, {""y"": 2021, ""v"": 413387}, {""y"": 2022, ""v"": 417645}, {""y"": 2023, ""v"": 428065}, {""y"": 2024, ""v"": 444710}, {""y"": 2025, ""v"": 470733}, {""y"": 2026, ""v"": 492433}]",三鷹市,2026-09,FUDOSAN DB(国交省データ・推定/集計値) 標準条件:25㎡/1K/築10年/徒歩5分
井の頭公園駅,11849,10072,12441,3.63,250572,1.87,5.15,34.4,0.3,"[{""y"": 2012, ""v"": 358800}, {""y"": 2013, ""v"": 359095}, {""y"": 2014, ""v"": 369227}, {""y"": 2015, ""v"": 371292}, {""y"": 2016, ""v"": 376667}, {""y"": 2017, ""v"": 383321}, {""y"": 2018, ""v"": 394107}, {""y"": 2019, ""v"": 413414}, {""y"": 2020, ""v"": 422759}, {""y"": 2021, ""v"": 413387}, {""y"": 2022, ""v"": 417645}, {""y"": 2023, ""v"": 428065}, {""y"": 2024, ""v"": 444710}, {""y"": 2025, ""v"": 470733}, {""y"": 2026, ""v"": 492433}]",三鷹市,2026-09,FUDOSAN DB(国交省データ・推定/集計値) 標準条件:25㎡/1K/築10年/徒歩5分
新線新宿駅,16891,14358,17736,,364110,1.74,11.88,27.6,0.5,,新宿区,2026-09,FUDOSAN DB(国交省データ・推定/集計値) 標準条件:25㎡/1K/築10年/徒歩5分
初台駅,15818,13445,16609,4.2,267180,8.07,10.98,21.2,0.1,,渋谷区,2026-09,FUDOSAN DB(国交省データ・推定/集計値) 標準条件:25㎡/1K/築10年/徒歩5分
幡ヶ谷駅,15818,13445,16609,,267180,8.07,10.98,21.2,0.1,,渋谷区,2026-09,FUDOSAN DB(国交省データ・推定/集計値) 標準条件:25㎡/1K/築10年/徒歩5分
南新宿駅,15818,13445,16609,4.46,267180,8.07,10.98,21.2,0.1,,渋谷区,2026-09,FUDOSAN DB(国交省データ・推定/集計値) 標準条件:25㎡/1K/築10年/徒歩5分
参宮橋駅,15818,13445,16609,3.4,267180,8.07,10.98,21.2,0.1,,渋谷区,2026-09,FUDOSAN DB(国交省データ・推定/集計値) 標準条件:25㎡/1K/築10年/徒歩5分
代々木八幡駅,15818,13445,16609,3.44,267180,8.07,10.98,21.2,0.1,,渋谷区,2026-09,FUDOSAN DB(国交省データ・推定/集計値) 標準条件:25㎡/1K/築10年/徒歩5分
代々木上原駅,15818,13445,16609,3.0,267180,8.07,10.98,21.2,0.1,,渋谷区,2026-09,FUDOSAN DB(国交省データ・推定/集計値) 標準条件:25㎡/1K/築10年/徒歩5分
東北沢駅,15695,13341,16480,4.21,1287242,4.68,7.24,23.0,0.3,"[{""y"": 2012, ""v"": 510111}, {""y"": 2013, ""v"": 512306}, {""y"": 2014, ""v"": 526474}, {""y"": 2015, ""v"": 534949}, {""y"": 2016, ""v"": 544112}, {""y"": 2017, ""v"": 565973}, {""y"": 2018, ""v"": 589252}, {""y"": 2019, ""v"": 614847}, {""y"": 2020, ""v"": 636189}, {""y"": 2021, ""v"": 633793}, {""y"": 2022, ""v"": 640649}, {""y"": 2023, ""v"": 655775}, {""y"": 2024, ""v"": 682694}, {""y"": 2025, ""v"": 724064}, {""y"": 2026, ""v"": 779853}]",世田谷区,2026-09,FUDOSAN DB(国交省データ・推定/集計値) 標準条件:25㎡/1K/築10年/徒歩5分
世田谷代田駅,15695,13341,16480,6.14,1287242,4.68,7.24,23.0,0.3,"[{""y"": 2012, ""v"": 510111}, {""y"": 2013, ""v"": 512306}, {""y"": 2014, ""v"": 526474}, {""y"": 2015, ""v"": 534949}, {""y"": 2016, ""v"": 544112}, {""y"": 2017, ""v"": 565973}, {""y"": 2018, ""v"": 589252}, {""y"": 2019, ""v"": 614847}, {""y"": 2020, ""v"": 636189}, {""y"": 2021, ""v"": 633793}, {""y"": 2022, ""v"": 640649}, {""y"": 2023, ""v"": 655775}, {""y"": 2024, ""v"": 682694}, {""y"": 2025, ""v"": 724064}, {""y"": 2026, ""v"": 779853}]",世田谷区,2026-09,FUDOSAN DB(国交省データ・推定/集計値) 標準条件:25㎡/1K/築10年/徒歩5分
梅ヶ丘駅,15695,13341,16480,,1287242,4.68,7.24,23.0,0.3,"[{""y"": 2012, ""v"": 510111}, {""y"": 2013, ""v"": 512306}, {""y"": 2014, ""v"": 526474}, {""y"": 2015, ""v"": 534949}, {""y"": 2016, ""v"": 544112}, {""y"": 2017, ""v"": 565973}, {""y"": 2018, ""v"": 589252}, {""y"": 2019, ""v"": 614847}, {""y"": 2020, ""v"": 636189}, {""y"": 2021, ""v"": 633793}, {""y"": 2022, ""v"": 640649}, {""y"": 2023, ""v"": 655775}, {""y"": 2024, ""v"": 682694}, {""y"": 2025, ""v"": 724064}, {""y"": 2026, ""v"": 779853}]",世田谷区,2026-09,FUDOSAN DB(国交省データ・推定/集計値) 標準条件:25㎡/1K/築10年/徒歩5分
豪徳寺駅,15695,13341,16480,6.84,1287242,4.68,7.24,23.0,0.3,"[{""y"": 2012, ""v"": 510111}, {""y"": 2013, ""v"": 512306}, {""y"": 2014, ""v"": 526474}, {""y"": 2015, ""v"": 534949}, {""y"": 2016, ""v"": 544112}, {""y"": 2017, ""v"": 565973}, {""y"": 2018, ""v"": 589252}, {""y"": 2019, ""v"": 614847}, {""y"": 2020, ""v"": 636189}, {""y"": 2021, ""v"": 633793}, {""y"": 2022, ""v"": 640649}, {""y"": 2023, ""v"": 655775}, {""y"": 2024, ""v"": 682694}, {""y"": 2025, ""v"": 724064}, {""y"": 2026, ""v"": 779853}]",世田谷区,2026-09,FUDOSAN DB(国交省データ・推定/集計値) 標準条件:25㎡/1K/築10年/徒歩5分
経堂駅,15695,13341,16480,6.24,1287242,4.68,7.24,23.0,0.3,"[{""y"": 2012, ""v"": 510111}, {""y"": 2013, ""v"": 512306}, {""y"": 2014, ""v"": 526474}, {""y"": 2015, ""v"": 534949}, {""y"": 2016, ""v"": 544112}, {""y"": 2017, ""v"": 565973}, {""y"": 2018, ""v"": 589252}, {""y"": 2019, ""v"": 614847}, {""y"": 2020, ""v"": 636189}, {""y"": 2021, ""v"": 633793}, {""y"": 2022, ""v"": 640649}, {""y"": 2023, ""v"": 655775}, {""y"": 2024, ""v"": 682694}, {""y"": 2025, ""v"": 724064}, {""y"": 2026, ""v"": 779853}]",世田谷区,2026-09,FUDOSAN DB(国交省データ・推定/集計値) 標準条件:25㎡/1K/築10年/徒歩5分
千歳船橋駅,15695,13341,16480,6.09,1287242,4.68,7.24,23.0,0.3,"[{""y"": 2012, ""v"": 510111}, {""y"": 2013, ""v"": 512306}, {""y"": 2014, ""v"": 526474}, {""y"": 2015, ""v"": 534949}, {""y"": 2016, ""v"": 544112}, {""y"": 2017, ""v"": 565973}, {""y"": 2018, ""v"": 589252}, {""y"": 2019, ""v"": 614847}, {""y"": 2020, ""v"": 636189}, {""y"": 2021, ""v"": 633793}, {""y"": 2022, ""v"": 640649}, {""y"": 2023, ""v"": 655775}, {""y"": 2024, ""v"": 682694}, {""y"": 2025, ""v"": 724064}, {""y"": 2026, ""v"": 779853}]",世田谷区,2026-09,FUDOSAN DB(国交省データ・推定/集計値) 標準条件:25㎡/1K/築10年/徒歩5分
祖師ヶ谷大蔵駅,15695,13341,16480,,1287242,4.68,7.24,23.0,0.3,"[{""y"": 2012, ""v"": 510111}, {""y"": 2013, ""v"": 512306}, {""y"": 2014, ""v"": 526474}, {""y"": 2015, ""v"": 534949}, {""y"": 2016, ""v"": 544112}, {""y"": 2017, ""v"": 565973}, {""y"": 2018, ""v"": 589252}, {""y"": 2019, ""v"": 614847}, {""y"": 2020, ""v"": 636189}, {""y"": 2021, ""v"": 633793}, {""y"": 2022, ""v"": 640649}, {""y"": 2023, ""v"": 655775}, {""y"": 2024, ""v"": 682694}, {""y"": 2025, ""v"": 724064}, {""y"": 2026, ""v"": 779853}]",世田谷区,2026-09,FUDOSAN DB(国交省データ・推定/集計値) 標準条件:25㎡/1K/築10年/徒歩5分
成城学園前駅,15695,13341,16480,6.13,1287242,4.68,7.24,23.0,0.3,"[{""y"": 2012, ""v"": 510111}, {""y"": 2013, ""v"": 512306}, {""y"": 2014, ""v"": 526474}, {""y"": 2015, ""v"": 534949}, {""y"": 2016, ""v"": 544112}, {""y"": 2017, ""v"": 565973}, {""y"": 2018, ""v"": 589252}, {""y"": 2019, ""v"": 614847}, {""y"": 2020, ""v"": 636189}, {""y"": 2021, ""v"": 633793}, {""y"": 2022, ""v"": 640649}, {""y"": 2023, ""v"": 655775}, {""y"": 2024, ""v"": 682694}, {""y"": 2025, ""v"": 724064}, {""y"": 2026, ""v"": 779853}]",世田谷区,2026-09,FUDOSAN DB(国交省データ・推定/集計値) 標準条件:25㎡/1K/築10年/徒歩5分
喜多見駅,15695,13341,16480,7.23,1287242,4.68,7.24,23.0,0.3,"[{""y"": 2012, ""v"": 510111}, {""y"": 2013, ""v"": 512306}, {""y"": 2014, ""v"": 526474}, {""y"": 2015, ""v"": 534949}, {""y"": 2016, ""v"": 544112}, {""y"": 2017, ""v"": 565973}, {""y"": 2018, ""v"": 589252}, {""y"": 2019, ""v"": 614847}, {""y"": 2020, ""v"": 636189}, {""y"": 2021, ""v"": 633793}, {""y"": 2022, ""v"": 640649}, {""y"": 2023, ""v"": 655775}, {""y"": 2024, ""v"": 682694}, {""y"": 2025, ""v"": 724064}, {""y"": 2026, ""v"": 779853}]",世田谷区,2026-09,FUDOSAN DB(国交省データ・推定/集計値) 標準条件:25㎡/1K/築10年/徒歩5分
狛江駅,11555,9822,12133,5.98,88698,2.55,5.84,25.4,0.0,,狛江市,2026-09,FUDOSAN DB(国交省データ・推定/集計値) 標準条件:25㎡/1K/築10年/徒歩5分
和泉多摩川駅,11555,9822,12133,6.54,88698,2.55,5.84,25.4,0.0,,狛江市,2026-09,FUDOSAN DB(国交省データ・推定/集計値) 標準条件:25㎡/1K/築10年/徒歩5分
鶴川駅,10935,9295,11481,18.14,406455,-5.72,3.07,14.8,4.6,,町田市,2026-09,FUDOSAN DB(国交省データ・推定/集計値) 標準条件:25㎡/1K/築10年/徒歩5分
玉川学園前駅,10935,9295,11481,10.2,406455,-5.72,3.07,14.8,4.6,,町田市,2026-09,FUDOSAN DB(国交省データ・推定/集計値) 標準条件:25㎡/1K/築10年/徒歩5分
小田急永山駅,10927,9288,11473,7.96,133806,-8.53,2.99,12.1,4.2,,多摩市,2026-09,FUDOSAN DB(国交省データ・推定/集計値) 標準条件:25㎡/1K/築10年/徒歩5分
小田急多摩センター駅,10927,9288,11473,11.03,133806,-8.53,2.99,12.1,4.2,,多摩市,2026-09,FUDOSAN DB(国交省データ・推定/集計値) 標準条件:25㎡/1K/築10年/徒歩5分
唐木田駅,10927,9288,11473,14.02,133806,-8.53,2.99,12.1,4.2,,多摩市,2026-09,FUDOSAN DB(国交省データ・推定/集計値) 標準条件:25㎡/1K/築10年/徒歩5分
代官山駅,15818,13445,16609,2.25,267180,8.07,10.98,21.2,0.1,,渋谷区,2026-09,FUDOSAN DB(国交省データ・推定/集計値) 標準条件:25㎡/1K/築10年/徒歩5分
中目黒駅,16614,14122,17445,3.61,298595,4.29,13.66,19.1,0.2,,目黒区,2026-09,FUDOSAN DB(国交省データ・推定/集計値) 標準条件:25㎡/1K/築10年/徒歩5分
祐天寺駅,16614,14122,17445,4.27,298595,4.29,13.66,19.1,0.2,,目黒区,2026-09,FUDOSAN DB(国交省データ・推定/集計値) 標準条件:25㎡/1K/築10年/徒歩5分
学芸大学駅,16614,14122,17445,4.54,298595,4.29,13.66,19.1,0.2,,目黒区,2026-09,FUDOSAN DB(国交省データ・推定/集計値) 標準条件:25㎡/1K/築10年/徒歩5分
都立大学駅,16614,14122,17445,4.8,298595,4.29,13.66,19.1,0.2,,目黒区,2026-09,FUDOSAN DB(国交省データ・推定/集計値) 標準条件:25㎡/1K/築10年/徒歩5分
自由が丘駅,16614,14122,17445,5.02,298595,4.29,13.66,19.1,0.2,,目黒区,2026-09,FUDOSAN DB(国交省データ・推定/集計値) 標準条件:25㎡/1K/築10年/徒歩5分
田園調布駅,13476,11455,14150,5.64,768130,2.51,8.0,60.9,0.4,,大田区,2026-09,FUDOSAN DB(国交省データ・推定/集計値) 標準条件:25㎡/1K/築10年/徒歩5分
多摩川駅,13476,11455,14150,5.55,768130,2.51,8.0,60.9,0.4,,大田区,2026-09,FUDOSAN DB(国交省データ・推定/集計値) 標準条件:25㎡/1K/築10年/徒歩5分
不動前駅,16851,14323,17693,3.92,465173,8.81,14.23,24.4,0.6,,品川区,2026-09,FUDOSAN DB(国交省データ・推定/集計値) 標準条件:25㎡/1K/築10年/徒歩5分
武蔵小山駅,16851,14323,17693,3.75,465173,8.81,14.23,24.4,0.6,,品川区,2026-09,FUDOSAN DB(国交省データ・推定/集計値) 標準条件:25㎡/1K/築10年/徒歩5分
西小山駅,16851,14323,17693,4.36,465173,8.81,14.23,24.4,0.6,,品川区,2026-09,FUDOSAN DB(国交省データ・推定/集計値) 標準条件:25㎡/1K/築10年/徒歩5分
洗足駅,16614,14122,17445,6.03,298595,4.29,13.66,19.1,0.2,,目黒区,2026-09,FUDOSAN DB(国交省データ・推定/集計値) 標準条件:25㎡/1K/築10年/徒歩5分
大岡山駅,13476,11455,14150,4.4,768130,2.51,8.0,60.9,0.4,,大田区,2026-09,FUDOSAN DB(国交省データ・推定/集計値) 標準条件:25㎡/1K/築10年/徒歩5分
奥沢駅,15695,13341,16480,4.16,1287242,4.68,7.24,23.0,0.3,"[{""y"": 2012, ""v"": 510111}, {""y"": 2013, ""v"": 512306}, {""y"": 2014, ""v"": 526474}, {""y"": 2015, ""v"": 534949}, {""y"": 2016, ""v"": 544112}, {""y"": 2017, ""v"": 565973}, {""y"": 2018, ""v"": 589252}, {""y"": 2019, ""v"": 614847}, {""y"": 2020, ""v"": 636189}, {""y"": 2021, ""v"": 633793}, {""y"": 2022, ""v"": 640649}, {""y"": 2023, ""v"": 655775}, {""y"": 2024, ""v"": 682694}, {""y"": 2025, ""v"": 724064}, {""y"": 2026, ""v"": 779853}]",世田谷区,2026-09,FUDOSAN DB(国交省データ・推定/集計値) 標準条件:25㎡/1K/築10年/徒歩5分
池尻大橋駅,15695,13341,16480,4.04,1287242,4.68,7.24,23.0,0.3,"[{""y"": 2012, ""v"": 510111}, {""y"": 2013, ""v"": 512306}, {""y"": 2014, ""v"": 526474}, {""y"": 2015, ""v"": 534949}, {""y"": 2016, ""v"": 544112}, {""y"": 2017, ""v"": 565973}, {""y"": 2018, ""v"": 589252}, {""y"": 2019, ""v"": 614847}, {""y"": 2020, ""v"": 636189}, {""y"": 2021, ""v"": 633793}, {""y"": 2022, ""v"": 640649}, {""y"": 2023, ""v"": 655775}, {""y"": 2024, ""v"": 682694}, {""y"": 2025, ""v"": 724064}, {""y"": 2026, ""v"": 779853}]",世田谷区,2026-09,FUDOSAN DB(国交省データ・推定/集計値) 標準条件:25㎡/1K/築10年/徒歩5分
三軒茶屋駅,15695,13341,16480,4.68,1287242,4.68,7.24,23.0,0.3,"[{""y"": 2012, ""v"": 510111}, {""y"": 2013, ""v"": 512306}, {""y"": 2014, ""v"": 526474}, {""y"": 2015, ""v"": 534949}, {""y"": 2016, ""v"": 544112}, {""y"": 2017, ""v"": 565973}, {""y"": 2018, ""v"": 589252}, {""y"": 2019, ""v"": 614847}, {""y"": 2020, ""v"": 636189}, {""y"": 2021, ""v"": 633793}, {""y"": 2022, ""v"": 640649}, {""y"": 2023, ""v"": 655775}, {""y"": 2024, ""v"": 682694}, {""y"": 2025, ""v"": 724064}, {""y"": 2026, ""v"": 779853}]",世田谷区,2026-09,FUDOSAN DB(国交省データ・推定/集計値) 標準条件:25㎡/1K/築10年/徒歩5分
駒沢大学駅,15695,13341,16480,4.4,1287242,4.68,7.24,23.0,0.3,"[{""y"": 2012, ""v"": 510111}, {""y"": 2013, ""v"": 512306}, {""y"": 2014, ""v"": 526474}, {""y"": 2015, ""v"": 534949}, {""y"": 2016, ""v"": 544112}, {""y"": 2017, ""v"": 565973}, {""y"": 2018, ""v"": 589252}, {""y"": 2019, ""v"": 614847}, {""y"": 2020, ""v"": 636189}, {""y"": 2021, ""v"": 633793}, {""y"": 2022, ""v"": 640649}, {""y"": 2023, ""v"": 655775}, {""y"": 2024, ""v"": 682694}, {""y"": 2025, ""v"": 724064}, {""y"": 2026, ""v"": 779853}]",世田谷区,2026-09,FUDOSAN DB(国交省データ・推定/集計値) 標準条件:25㎡/1K/築10年/徒歩5分
桜新町駅,15695,13341,16480,4.68,1287242,4.68,7.24,23.0,0.3,"[{""y"": 2012, ""v"": 510111}, {""y"": 2013, ""v"": 512306}, {""y"": 2014, ""v"": 526474}, {""y"": 2015, ""v"": 534949}, {""y"": 2016, ""v"": 544112}, {""y"": 2017, ""v"": 565973}, {""y"": 2018, ""v"": 589252}, {""y"": 2019, ""v"": 614847}, {""y"": 2020, ""v"": 636189}, {""y"": 2021, ""v"": 633793}, {""y"": 2022, ""v"": 640649}, {""y"": 2023, ""v"": 655775}, {""y"": 2024, ""v"": 682694}, {""y"": 2025, ""v"": 724064}, {""y"": 2026, ""v"": 779853}]",世田谷区,2026-09,FUDOSAN DB(国交省データ・推定/集計値) 標準条件:25㎡/1K/築10年/徒歩5分
用賀駅,15695,13341,16480,5.12,1287242,4.68,7.24,23.0,0.3,"[{""y"": 2012, ""v"": 510111}, {""y"": 2013, ""v"": 512306}, {""y"": 2014, ""v"": 526474}, {""y"": 2015, ""v"": 534949}, {""y"": 2016, ""v"": 544112}, {""y"": 2017, ""v"": 565973}, {""y"": 2018, ""v"": 589252}, {""y"": 2019, ""v"": 614847}, {""y"": 2020, ""v"": 636189}, {""y"": 2021, ""v"": 633793}, {""y"": 2022, ""v"": 640649}, {""y"": 2023, ""v"": 655775}, {""y"": 2024, ""v"": 682694}, {""y"": 2025, ""v"": 724064}, {""y"": 2026, ""v"": 779853}]",世田谷区,2026-09,FUDOSAN DB(国交省データ・推定/集計値) 標準条件:25㎡/1K/築10年/徒歩5分
二子玉川駅,15695,13341,16480,4.08,1287242,4.68,7.24,23.0,0.3,"[{""y"": 2012, ""v"": 510111}, {""y"": 2013, ""v"": 512306}, {""y"": 2014, ""v"": 526474}, {""y"": 2015, ""v"": 534949}, {""y"": 2016, ""v"": 544112}, {""y"": 2017, ""v"": 565973}, {""y"": 2018, ""v"": 589252}, {""y"": 2019, ""v"": 614847}, {""y"": 2020, ""v"": 636189}, {""y"": 2021, ""v"": 633793}, {""y"": 2022, ""v"": 640649}, {""y"": 2023, ""v"": 655775}, {""y"": 2024, ""v"": 682694}, {""y"": 2025, ""v"": 724064}, {""y"": 2026, ""v"": 779853}]",世田谷区,2026-09,FUDOSAN DB(国交省データ・推定/集計値) 標準条件:25㎡/1K/築10年/徒歩5分
つくし野駅,10935,9295,11481,9.01,406455,-5.72,3.07,14.8,4.6,,町田市,2026-09,FUDOSAN DB(国交省データ・推定/集計値) 標準条件:25㎡/1K/築10年/徒歩5分
すずかけ台駅,10935,9295,11481,8.1,406455,-5.72,3.07,14.8,4.6,,町田市,2026-09,FUDOSAN DB(国交省データ・推定/集計値) 標準条件:25㎡/1K/築10年/徒歩5分
南町田グランベリーパーク駅,10935,9295,11481,6.38,406455,-5.72,3.07,14.8,4.6,,町田市,2026-09,FUDOSAN DB(国交省データ・推定/集計値) 標準条件:25㎡/1K/築10年/徒歩5分
下神明駅,16851,14323,17693,4.52,465173,8.81,14.23,24.4,0.6,,品川区,2026-09,FUDOSAN DB(国交省データ・推定/集計値) 標準条件:25㎡/1K/築10年/徒歩5分
戸越公園駅,16851,14323,17693,3.78,465173,8.81,14.23,24.4,0.6,,品川区,2026-09,FUDOSAN DB(国交省データ・推定/集計値) 標準条件:25㎡/1K/築10年/徒歩5分
中延駅,16851,14323,17693,4.98,465173,8.81,14.23,24.4,0.6,,品川区,2026-09,FUDOSAN DB(国交省データ・推定/集計値) 標準条件:25㎡/1K/築10年/徒歩5分
荏原町駅,16851,14323,17693,4.83,465173,8.81,14.23,24.4,0.6,,品川区,2026-09,FUDOSAN DB(国交省データ・推定/集計値) 標準条件:25㎡/1K/築10年/徒歩5分
旗の台駅,16851,14323,17693,6.42,465173,8.81,14.23,24.4,0.6,,品川区,2026-09,FUDOSAN DB(国交省データ・推定/集計値) 標準条件:25㎡/1K/築10年/徒歩5分
北千束駅,13476,11455,14150,4.63,768130,2.51,8.0,60.9,0.4,,大田区,2026-09,FUDOSAN DB(国交省データ・推定/集計値) 標準条件:25㎡/1K/築10年/徒歩5分
緑が丘駅,16614,14122,17445,5.28,298595,4.29,13.66,19.1,0.2,,目黒区,2026-09,FUDOSAN DB(国交省データ・推定/集計値) 標準条件:25㎡/1K/築10年/徒歩5分
九品仏駅,15695,13341,16480,4.64,1287242,4.68,7.24,23.0,0.3,"[{""y"": 2012, ""v"": 510111}, {""y"": 2013, ""v"": 512306}, {""y"": 2014, ""v"": 526474}, {""y"": 2015, ""v"": 534949}, {""y"": 2016, ""v"": 544112}, {""y"": 2017, ""v"": 565973}, {""y"": 2018, ""v"": 589252}, {""y"": 2019, ""v"": 614847}, {""y"": 2020, ""v"": 636189}, {""y"": 2021, ""v"": 633793}, {""y"": 2022, ""v"": 640649}, {""y"": 2023, ""v"": 655775}, {""y"": 2024, ""v"": 682694}, {""y"": 2025, ""v"": 724064}, {""y"": 2026, ""v"": 779853}]",世田谷区,2026-09,FUDOSAN DB(国交省データ・推定/集計値) 標準条件:25㎡/1K/築10年/徒歩5分
尾山台駅,15695,13341,16480,5.08,1287242,4.68,7.24,23.0,0.3,"[{""y"": 2012, ""v"": 510111}, {""y"": 2013, ""v"": 512306}, {""y"": 2014, ""v"": 526474}, {""y"": 2015, ""v"": 534949}, {""y"": 2016, ""v"": 544112}, {""y"": 2017, ""v"": 565973}, {""y"": 2018, ""v"": 589252}, {""y"": 2019, ""v"": 614847}, {""y"": 2020, ""v"": 636189}, {""y"": 2021, ""v"": 633793}, {""y"": 2022, ""v"": 640649}, {""y"": 2023, ""v"": 655775}, {""y"": 2024, ""v"": 682694}, {""y"": 2025, ""v"": 724064}, {""y"": 2026, ""v"": 779853}]",世田谷区,2026-09,FUDOSAN DB(国交省データ・推定/集計値) 標準条件:25㎡/1K/築10年/徒歩5分
等々力駅,15695,13341,16480,5.33,1287242,4.68,7.24,23.0,0.3,"[{""y"": 2012, ""v"": 510111}, {""y"": 2013, ""v"": 512306}, {""y"": 2014, ""v"": 526474}, {""y"": 2015, ""v"": 534949}, {""y"": 2016, ""v"": 544112}, {""y"": 2017, ""v"": 565973}, {""y"": 2018, ""v"": 589252}, {""y"": 2019, ""v"": 614847}, {""y"": 2020, ""v"": 636189}, {""y"": 2021, ""v"": 633793}, {""y"": 2022, ""v"": 640649}, {""y"": 2023, ""v"": 655775}, {""y"": 2024, ""v"": 682694}, {""y"": 2025, ""v"": 724064}, {""y"": 2026, ""v"": 779853}]",世田谷区,2026-09,FUDOSAN DB(国交省データ・推定/集計値) 標準条件:25㎡/1K/築10年/徒歩5分
上野毛駅,15695,13341,16480,5.64,1287242,4.68,7.24,23.0,0.3,"[{""y"": 2012, ""v"": 510111}, {""y"": 2013, ""v"": 512306}, {""y"": 2014, ""v"": 526474}, {""y"": 2015, ""v"": 534949}, {""y"": 2016, ""v"": 544112}, {""y"": 2017, ""v"": 565973}, {""y"": 2018, ""v"": 589252}, {""y"": 2019, ""v"": 614847}, {""y"": 2020, ""v"": 636189}, {""y"": 2021, ""v"": 633793}, {""y"": 2022, ""v"": 640649}, {""y"": 2023, ""v"": 655775}, {""y"": 2024, ""v"": 682694}, {""y"": 2025, ""v"": 724064}, {""y"": 2026, ""v"": 779853}]",世田谷区,2026-09,FUDOSAN DB(国交省データ・推定/集計値) 標準条件:25㎡/1K/築10年/徒歩5分
大崎広小路駅,16851,14323,17693,5.19,465173,8.81,14.23,24.4,0.6,,品川区,2026-09,FUDOSAN DB(国交省データ・推定/集計値) 標準条件:25㎡/1K/築10年/徒歩5分
戸越銀座駅,16851,14323,17693,5.23,465173,8.81,14.23,24.4,0.6,,品川区,2026-09,FUDOSAN DB(国交省データ・推定/集計値) 標準条件:25㎡/1K/築10年/徒歩5分
荏原中延駅,16851,14323,17693,5.17,465173,8.81,14.23,24.4,0.6,,品川区,2026-09,FUDOSAN DB(国交省データ・推定/集計値) 標準条件:25㎡/1K/築10年/徒歩5分
長原駅,13476,11455,14150,6.01,768130,2.51,8.0,60.9,0.4,,大田区,2026-09,FUDOSAN DB(国交省データ・推定/集計値) 標準条件:25㎡/1K/築10年/徒歩5分
洗足池駅,13476,11455,14150,5.37,768130,2.51,8.0,60.9,0.4,,大田区,2026-09,FUDOSAN DB(国交省データ・推定/集計値) 標準条件:25㎡/1K/築10年/徒歩5分
石川台駅,13476,11455,14150,5.87,768130,2.51,8.0,60.9,0.4,,大田区,2026-09,FUDOSAN DB(国交省データ・推定/集計値) 標準条件:25㎡/1K/築10年/徒歩5分
雪が谷大塚駅,13476,11455,14150,4.67,768130,2.51,8.0,60.9,0.4,,大田区,2026-09,FUDOSAN DB(国交省データ・推定/集計値) 標準条件:25㎡/1K/築10年/徒歩5分
御嶽山駅,13476,11455,14150,5.08,768130,2.51,8.0,60.9,0.4,,大田区,2026-09,FUDOSAN DB(国交省データ・推定/集計値) 標準条件:25㎡/1K/築10年/徒歩5分
久が原駅,13476,11455,14150,5.87,768130,2.51,8.0,60.9,0.4,,大田区,2026-09,FUDOSAN DB(国交省データ・推定/集計値) 標準条件:25㎡/1K/築10年/徒歩5分
千鳥町駅,13476,11455,14150,5.23,768130,2.51,8.0,60.9,0.4,,大田区,2026-09,FUDOSAN DB(国交省データ・推定/集計値) 標準条件:25㎡/1K/築10年/徒歩5分
池上駅,13476,11455,14150,5.51,768130,2.51,8.0,60.9,0.4,,大田区,2026-09,FUDOSAN DB(国交省データ・推定/集計値) 標準条件:25㎡/1K/築10年/徒歩5分
蓮沼駅,13476,11455,14150,4.87,768130,2.51,8.0,60.9,0.4,,大田区,2026-09,FUDOSAN DB(国交省データ・推定/集計値) 標準条件:25㎡/1K/築10年/徒歩5分
沼部駅,13476,11455,14150,4.93,768130,2.51,8.0,60.9,0.4,,大田区,2026-09,FUDOSAN DB(国交省データ・推定/集計値) 標準条件:25㎡/1K/築10年/徒歩5分
鵜の木駅,13476,11455,14150,5.37,768130,2.51,8.0,60.9,0.4,,大田区,2026-09,FUDOSAN DB(国交省データ・推定/集計値) 標準条件:25㎡/1K/築10年/徒歩5分
下丸子駅,13476,11455,14150,5.48,768130,2.51,8.0,60.9,0.4,,大田区,2026-09,FUDOSAN DB(国交省データ・推定/集計値) 標準条件:25㎡/1K/築10年/徒歩5分
武蔵新田駅,13476,11455,14150,5.49,768130,2.51,8.0,60.9,0.4,,大田区,2026-09,FUDOSAN DB(国交省データ・推定/集計値) 標準条件:25㎡/1K/築10年/徒歩5分
矢口渡駅,13476,11455,14150,5.94,768130,2.51,8.0,60.9,0.4,,大田区,2026-09,FUDOSAN DB(国交省データ・推定/集計値) 標準条件:25㎡/1K/築10年/徒歩5分
西太子堂駅,15695,13341,16480,4.4,1287242,4.68,7.24,23.0,0.3,"[{""y"": 2012, ""v"": 510111}, {""y"": 2013, ""v"": 512306}, {""y"": 2014, ""v"": 526474}, {""y"": 2015, ""v"": 534949}, {""y"": 2016, ""v"": 544112}, {""y"": 2017, ""v"": 565973}, {""y"": 2018, ""v"": 589252}, {""y"": 2019, ""v"": 614847}, {""y"": 2020, ""v"": 636189}, {""y"": 2021, ""v"": 633793}, {""y"": 2022, ""v"": 640649}, {""y"": 2023, ""v"": 655775}, {""y"": 2024, ""v"": 682694}, {""y"": 2025, ""v"": 724064}, {""y"": 2026, ""v"": 779853}]",世田谷区,2026-09,FUDOSAN DB(国交省データ・推定/集計値) 標準条件:25㎡/1K/築10年/徒歩5分
若林駅,15695,13341,16480,4.83,1287242,4.68,7.24,23.0,0.3,"[{""y"": 2012, ""v"": 510111}, {""y"": 2013, ""v"": 512306}, {""y"": 2014, ""v"": 526474}, {""y"": 2015, ""v"": 534949}, {""y"": 2016, ""v"": 544112}, {""y"": 2017, ""v"": 565973}, {""y"": 2018, ""v"": 589252}, {""y"": 2019, ""v"": 614847}, {""y"": 2020, ""v"": 636189}, {""y"": 2021, ""v"": 633793}, {""y"": 2022, ""v"": 640649}, {""y"": 2023, ""v"": 655775}, {""y"": 2024, ""v"": 682694}, {""y"": 2025, ""v"": 724064}, {""y"": 2026, ""v"": 779853}]",世田谷区,2026-09,FUDOSAN DB(国交省データ・推定/集計値) 標準条件:25㎡/1K/築10年/徒歩5分
松陰神社前駅,15695,13341,16480,5.53,1287242,4.68,7.24,23.0,0.3,"[{""y"": 2012, ""v"": 510111}, {""y"": 2013, ""v"": 512306}, {""y"": 2014, ""v"": 526474}, {""y"": 2015, ""v"": 534949}, {""y"": 2016, ""v"": 544112}, {""y"": 2017, ""v"": 565973}, {""y"": 2018, ""v"": 589252}, {""y"": 2019, ""v"": 614847}, {""y"": 2020, ""v"": 636189}, {""y"": 2021, ""v"": 633793}, {""y"": 2022, ""v"": 640649}, {""y"": 2023, ""v"": 655775}, {""y"": 2024, ""v"": 682694}, {""y"": 2025, ""v"": 724064}, {""y"": 2026, ""v"": 779853}]",世田谷区,2026-09,FUDOSAN DB(国交省データ・推定/集計値) 標準条件:25㎡/1K/築10年/徒歩5分
世田谷駅,15695,13341,16480,6.2,1287242,4.68,7.24,23.0,0.3,"[{""y"": 2012, ""v"": 510111}, {""y"": 2013, ""v"": 512306}, {""y"": 2014, ""v"": 526474}, {""y"": 2015, ""v"": 534949}, {""y"": 2016, ""v"": 544112}, {""y"": 2017, ""v"": 565973}, {""y"": 2018, ""v"": 589252}, {""y"": 2019, ""v"": 614847}, {""y"": 2020, ""v"": 636189}, {""y"": 2021, ""v"": 633793}, {""y"": 2022, ""v"": 640649}, {""y"": 2023, ""v"": 655775}, {""y"": 2024, ""v"": 682694}, {""y"": 2025, ""v"": 724064}, {""y"": 2026, ""v"": 779853}]",世田谷区,2026-09,FUDOSAN DB(国交省データ・推定/集計値) 標準条件:25㎡/1K/築10年/徒歩5分
上町駅,15695,13341,16480,6.08,1287242,4.68,7.24,23.0,0.3,"[{""y"": 2012, ""v"": 510111}, {""y"": 2013, ""v"": 512306}, {""y"": 2014, ""v"": 526474}, {""y"": 2015, ""v"": 534949}, {""y"": 2016, ""v"": 544112}, {""y"": 2017, ""v"": 565973}, {""y"": 2018, ""v"": 589252}, {""y"": 2019, ""v"": 614847}, {""y"": 2020, ""v"": 636189}, {""y"": 2021, ""v"": 633793}, {""y"": 2022, ""v"": 640649}, {""y"": 2023, ""v"": 655775}, {""y"": 2024, ""v"": 682694}, {""y"": 2025, ""v"": 724064}, {""y"": 2026, ""v"": 779853}]",世田谷区,2026-09,FUDOSAN DB(国交省データ・推定/集計値) 標準条件:25㎡/1K/築10年/徒歩5分
宮の坂駅,15695,13341,16480,9.67,1287242,4.68,7.24,23.0,0.3,"[{""y"": 2012, ""v"": 510111}, {""y"": 2013, ""v"": 512306}, {""y"": 2014, ""v"": 526474}, {""y"": 2015, ""v"": 534949}, {""y"": 2016, ""v"": 544112}, {""y"": 2017, ""v"": 565973}, {""y"": 2018, ""v"": 589252}, {""y"": 2019, ""v"": 614847}, {""y"": 2020, ""v"": 636189}, {""y"": 2021, ""v"": 633793}, {""y"": 2022, ""v"": 640649}, {""y"": 2023, ""v"": 655775}, {""y"": 2024, ""v"": 682694}, {""y"": 2025, ""v"": 724064}, {""y"": 2026, ""v"": 779853}]",世田谷区,2026-09,FUDOSAN DB(国交省データ・推定/集計値) 標準条件:25㎡/1K/築10年/徒歩5分
山下駅,15695,13341,16480,12.21,1287242,4.68,7.24,23.0,0.3,"[{""y"": 2012, ""v"": 510111}, {""y"": 2013, ""v"": 512306}, {""y"": 2014, ""v"": 526474}, {""y"": 2015, ""v"": 534949}, {""y"": 2016, ""v"": 544112}, {""y"": 2017, ""v"": 565973}, {""y"": 2018, ""v"": 589252}, {""y"": 2019, ""v"": 614847}, {""y"": 2020, ""v"": 636189}, {""y"": 2021, ""v"": 633793}, {""y"": 2022, ""v"": 640649}, {""y"": 2023, ""v"": 655775}, {""y"": 2024, ""v"": 682694}, {""y"": 2025, ""v"": 724064}, {""y"": 2026, ""v"": 779853}]",世田谷区,2026-09,FUDOSAN DB(国交省データ・推定/集計値) 標準条件:25㎡/1K/築10年/徒歩5分
松原駅,15695,13341,16480,4.58,1287242,4.68,7.24,23.0,0.3,"[{""y"": 2012, ""v"": 510111}, {""y"": 2013, ""v"": 512306}, {""y"": 2014, ""v"": 526474}, {""y"": 2015, ""v"": 534949}, {""y"": 2016, ""v"": 544112}, {""y"": 2017, ""v"": 565973}, {""y"": 2018, ""v"": 589252}, {""y"": 2019, ""v"": 614847}, {""y"": 2020, ""v"": 636189}, {""y"": 2021, ""v"": 633793}, {""y"": 2022, ""v"": 640649}, {""y"": 2023, ""v"": 655775}, {""y"": 2024, ""v"": 682694}, {""y"": 2025, ""v"": 724064}, {""y"": 2026, ""v"": 779853}]",世田谷区,2026-09,FUDOSAN DB(国交省データ・推定/集計値) 標準条件:25㎡/1K/築10年/徒歩5分
泉岳寺駅,16677,14175,17511,4.64,312556,15.92,16.63,17.6,2.0,,港区,2026-09,FUDOSAN DB(国交省データ・推定/集計値) 標準条件:25㎡/1K/築10年/徒歩5分
北品川駅,16851,14323,17693,4.57,465173,8.81,14.23,24.4,0.6,,品川区,2026-09,FUDOSAN DB(国交省データ・推定/集計値) 標準条件:25㎡/1K/築10年/徒歩5分
新馬場駅,16851,14323,17693,5.3,465173,8.81,14.23,24.4,0.6,,品川区,2026-09,FUDOSAN DB(国交省データ・推定/集計値) 標準条件:25㎡/1K/築10年/徒歩5分
青物横丁駅,16851,14323,17693,5.93,465173,8.81,14.23,24.4,0.6,,品川区,2026-09,FUDOSAN DB(国交省データ・推定/集計値) 標準条件:25㎡/1K/築10年/徒歩5分
鮫洲駅,16851,14323,17693,4.71,465173,8.81,14.23,24.4,0.6,,品川区,2026-09,FUDOSAN DB(国交省データ・推定/集計値) 標準条件:25㎡/1K/築10年/徒歩5分
立会川駅,16851,14323,17693,6.31,465173,8.81,14.23,24.4,0.6,,品川区,2026-09,FUDOSAN DB(国交省データ・推定/集計値) 標準条件:25㎡/1K/築10年/徒歩5分
大森海岸駅,16851,14323,17693,5.93,465173,8.81,14.23,24.4,0.6,,品川区,2026-09,FUDOSAN DB(国交省データ・推定/集計値) 標準条件:25㎡/1K/築10年/徒歩5分
平和島駅,13476,11455,14150,5.53,768130,2.51,8.0,60.9,0.4,,大田区,2026-09,FUDOSAN DB(国交省データ・推定/集計値) 標準条件:25㎡/1K/築10年/徒歩5分
大森町駅,13476,11455,14150,5.46,768130,2.51,8.0,60.9,0.4,,大田区,2026-09,FUDOSAN DB(国交省データ・推定/集計値) 標準条件:25㎡/1K/築10年/徒歩5分
梅屋敷駅,13476,11455,14150,5.39,768130,2.51,8.0,60.9,0.4,,大田区,2026-09,FUDOSAN DB(国交省データ・推定/集計値) 標準条件:25㎡/1K/築10年/徒歩5分
京急蒲田駅,13476,11455,14150,3.95,768130,2.51,8.0,60.9,0.4,,大田区,2026-09,FUDOSAN DB(国交省データ・推定/集計値) 標準条件:25㎡/1K/築10年/徒歩5分
雑色駅,13476,11455,14150,6.58,768130,2.51,8.0,60.9,0.4,,大田区,2026-09,FUDOSAN DB(国交省データ・推定/集計値) 標準条件:25㎡/1K/築10年/徒歩5分
六郷土手駅,13476,11455,14150,6.11,768130,2.51,8.0,60.9,0.4,,大田区,2026-09,FUDOSAN DB(国交省データ・推定/集計値) 標準条件:25㎡/1K/築10年/徒歩5分
糀谷駅,13476,11455,14150,5.22,768130,2.51,8.0,60.9,0.4,,大田区,2026-09,FUDOSAN DB(国交省データ・推定/集計値) 標準条件:25㎡/1K/築10年/徒歩5分
大鳥居駅,13476,11455,14150,6.38,768130,2.51,8.0,60.9,0.4,,大田区,2026-09,FUDOSAN DB(国交省データ・推定/集計値) 標準条件:25㎡/1K/築10年/徒歩5分
穴守稲荷駅,13476,11455,14150,6.82,768130,2.51,8.0,60.9,0.4,,大田区,2026-09,FUDOSAN DB(国交省データ・推定/集計値) 標準条件:25㎡/1K/築10年/徒歩5分
天空橋駅,13476,11455,14150,3.86,768130,2.51,8.0,60.9,0.4,,大田区,2026-09,FUDOSAN DB(国交省データ・推定/集計値) 標準条件:25㎡/1K/築10年/徒歩5分
羽田空港第3ターミナル駅,13476,11455,14150,,768130,2.51,8.0,60.9,0.4,,大田区,2026-09,FUDOSAN DB(国交省データ・推定/集計値) 標準条件:25㎡/1K/築10年/徒歩5分
羽田空港第1・第2ターミナル駅,13476,11455,14150,,768130,2.51,8.0,60.9,0.4,,大田区,2026-09,FUDOSAN DB(国交省データ・推定/集計値) 標準条件:25㎡/1K/築10年/徒歩5分
田原町駅,16650,14153,17483,4.42,244549,10.64,14.14,20.8,0.1,,台東区,2026-09,FUDOSAN DB(国交省データ・推定/集計値) 標準条件:25㎡/1K/築10年/徒歩5分
稲荷町駅,16650,14153,17483,4.67,244549,10.64,14.14,20.8,0.1,,台東区,2026-09,FUDOSAN DB(国交省データ・推定/集計値) 標準条件:25㎡/1K/築10年/徒歩5分
上野広小路駅,16650,14153,17483,,244549,10.64,14.14,20.8,0.1,,台東区,2026-09,FUDOSAN DB(国交省データ・推定/集計値) 標準条件:25㎡/1K/築10年/徒歩5分
末広町駅,16564,14079,17392,5.27,79828,14.4,10.65,18.1,0.7,,千代田区,2026-09,FUDOSAN DB(国交省データ・推定/集計値) 標準条件:25㎡/1K/築10年/徒歩5分
三越前駅,16407,13946,17227,3.43,210897,16.59,15.56,5.9,0.0,"[{""y"": 2012, ""v"": 803286}, {""y"": 2013, ""v"": 857000}, {""y"": 2014, ""v"": 949875}, {""y"": 2015, ""v"": 1013875}, {""y"": 2016, ""v"": 1108667}, {""y"": 2017, ""v"": 1159100}, {""y"": 2018, ""v"": 1195700}, {""y"": 2019, ""v"": 1252000}, {""y"": 2020, ""v"": 1300500}, {""y"": 2021, ""v"": 1289200}, {""y"": 2022, ""v"": 1332222}, {""y"": 2023, ""v"": 1386444}, {""y"": 2024, ""v"": 1490778}, {""y"": 2025, ""v"": 1701250}, {""y"": 2026, ""v"": 1930000}]",中央区,2026-09,FUDOSAN DB(国交省データ・推定/集計値) 標準条件:25㎡/1K/築10年/徒歩5分
日本橋駅,16407,13946,17227,3.48,210897,16.59,15.56,5.9,0.0,"[{""y"": 2012, ""v"": 803286}, {""y"": 2013, ""v"": 857000}, {""y"": 2014, ""v"": 949875}, {""y"": 2015, ""v"": 1013875}, {""y"": 2016, ""v"": 1108667}, {""y"": 2017, ""v"": 1159100}, {""y"": 2018, ""v"": 1195700}, {""y"": 2019, ""v"": 1252000}, {""y"": 2020, ""v"": 1300500}, {""y"": 2021, ""v"": 1289200}, {""y"": 2022, ""v"": 1332222}, {""y"": 2023, ""v"": 1386444}, {""y"": 2024, ""v"": 1490778}, {""y"": 2025, ""v"": 1701250}, {""y"": 2026, ""v"": 1930000}]",中央区,2026-09,FUDOSAN DB(国交省データ・推定/集計値) 標準条件:25㎡/1K/築10年/徒歩5分
京橋駅,16407,13946,17227,2.05,210897,16.59,15.56,5.9,0.0,"[{""y"": 2012, ""v"": 803286}, {""y"": 2013, ""v"": 857000}, {""y"": 2014, ""v"": 949875}, {""y"": 2015, ""v"": 1013875}, {""y"": 2016, ""v"": 1108667}, {""y"": 2017, ""v"": 1159100}, {""y"": 2018, ""v"": 1195700}, {""y"": 2019, ""v"": 1252000}, {""y"": 2020, ""v"": 1300500}, {""y"": 2021, ""v"": 1289200}, {""y"": 2022, ""v"": 1332222}, {""y"": 2023, ""v"": 1386444}, {""y"": 2024, ""v"": 1490778}, {""y"": 2025, ""v"": 1701250}, {""y"": 2026, ""v"": 1930000}]",中央区,2026-09,FUDOSAN DB(国交省データ・推定/集計値) 標準条件:25㎡/1K/築10年/徒歩5分
銀座駅,16407,13946,17227,3.17,210897,16.59,15.56,5.9,0.0,"[{""y"": 2012, ""v"": 803286}, {""y"": 2013, ""v"": 857000}, {""y"": 2014, ""v"": 949875}, {""y"": 2015, ""v"": 1013875}, {""y"": 2016, ""v"": 1108667}, {""y"": 2017, ""v"": 1159100}, {""y"": 2018, ""v"": 1195700}, {""y"": 2019, ""v"": 1252000}, {""y"": 2020, ""v"": 1300500}, {""y"": 2021, ""v"": 1289200}, {""y"": 2022, ""v"": 1332222}, {""y"": 2023, ""v"": 1386444}, {""y"": 2024, ""v"": 1490778}, {""y"": 2025, ""v"": 1701250}, {""y"": 2026, ""v"": 1930000}]",中央区,2026-09,FUDOSAN DB(国交省データ・推定/集計値) 標準条件:25㎡/1K/築10年/徒歩5分
虎ノ門駅,16677,14175,17511,3.17,312556,15.92,16.63,17.6,2.0,,港区,2026-09,FUDOSAN DB(国交省データ・推定/集計値) 標準条件:25㎡/1K/築10年/徒歩5分
溜池山王駅,16564,14079,17392,2.06,79828,14.4,10.65,18.1,0.7,,千代田区,2026-09,FUDOSAN DB(国交省データ・推定/集計値) 標準条件:25㎡/1K/築10年/徒歩5分
赤坂見附駅,16677,14175,17511,3.31,312556,15.92,16.63,17.6,2.0,,港区,2026-09,FUDOSAN DB(国交省データ・推定/集計値) 標準条件:25㎡/1K/築10年/徒歩5分
青山一丁目駅,16677,14175,17511,2.65,312556,15.92,16.63,17.6,2.0,,港区,2026-09,FUDOSAN DB(国交省データ・推定/集計値) 標準条件:25㎡/1K/築10年/徒歩5分
外苑前駅,16677,14175,17511,2.67,312556,15.92,16.63,17.6,2.0,,港区,2026-09,FUDOSAN DB(国交省データ・推定/集計値) 標準条件:25㎡/1K/築10年/徒歩5分
表参道駅,16677,14175,17511,2.75,312556,15.92,16.63,17.6,2.0,,港区,2026-09,FUDOSAN DB(国交省データ・推定/集計値) 標準条件:25㎡/1K/築10年/徒歩5分
新大塚駅,16236,13800,17048,4.91,271626,8.32,14.32,21.5,1.5,,文京区,2026-09,FUDOSAN DB(国交省データ・推定/集計値) 標準条件:25㎡/1K/築10年/徒歩5分
茗荷谷駅,16236,13800,17048,4.32,271626,8.32,14.32,21.5,1.5,,文京区,2026-09,FUDOSAN DB(国交省データ・推定/集計値) 標準条件:25㎡/1K/築10年/徒歩5分
後楽園駅,16236,13800,17048,3.88,271626,8.32,14.32,21.5,1.5,,文京区,2026-09,FUDOSAN DB(国交省データ・推定/集計値) 標準条件:25㎡/1K/築10年/徒歩5分
本郷三丁目駅,16236,13800,17048,3.59,271626,8.32,14.32,21.5,1.5,,文京区,2026-09,FUDOSAN DB(国交省データ・推定/集計値) 標準条件:25㎡/1K/築10年/徒歩5分
淡路町駅,16564,14079,17392,2.54,79828,14.4,10.65,18.1,0.7,,千代田区,2026-09,FUDOSAN DB(国交省データ・推定/集計値) 標準条件:25㎡/1K/築10年/徒歩5分
大手町駅,16564,14079,17392,2.66,79828,14.4,10.65,18.1,0.7,,千代田区,2026-09,FUDOSAN DB(国交省データ・推定/集計値) 標準条件:25㎡/1K/築10年/徒歩5分
霞ケ関駅,16564,14079,17392,,79828,14.4,10.65,18.1,0.7,,千代田区,2026-09,FUDOSAN DB(国交省データ・推定/集計値) 標準条件:25㎡/1K/築10年/徒歩5分
国会議事堂前駅,16564,14079,17392,,79828,14.4,10.65,18.1,0.7,,千代田区,2026-09,FUDOSAN DB(国交省データ・推定/集計値) 標準条件:25㎡/1K/築10年/徒歩5分
四谷三丁目駅,16891,14358,17736,3.37,364110,1.74,11.88,27.6,0.5,,新宿区,2026-09,FUDOSAN DB(国交省データ・推定/集計値) 標準条件:25㎡/1K/築10年/徒歩5分
新宿御苑前駅,16891,14358,17736,3.18,364110,1.74,11.88,27.6,0.5,,新宿区,2026-09,FUDOSAN DB(国交省データ・推定/集計値) 標準条件:25㎡/1K/築10年/徒歩5分
新宿三丁目駅,16891,14358,17736,4.83,364110,1.74,11.88,27.6,0.5,,新宿区,2026-09,FUDOSAN DB(国交省データ・推定/集計値) 標準条件:25㎡/1K/築10年/徒歩5分
西新宿駅,16891,14358,17736,3.85,364110,1.74,11.88,27.6,0.5,,新宿区,2026-09,FUDOSAN DB(国交省データ・推定/集計値) 標準条件:25㎡/1K/築10年/徒歩5分
中野坂上駅,16307,13861,17122,5.12,361659,2.48,9.44,34.3,0.2,,中野区,2026-09,FUDOSAN DB(国交省データ・推定/集計値) 標準条件:25㎡/1K/築10年/徒歩5分
新中野駅,16307,13861,17122,5.4,361659,2.48,9.44,34.3,0.2,,中野区,2026-09,FUDOSAN DB(国交省データ・推定/集計値) 標準条件:25㎡/1K/築10年/徒歩5分
東高円寺駅,15400,13090,16170,5.53,618596,4.93,8.31,28.8,0.0,,杉並区,2026-09,FUDOSAN DB(国交省データ・推定/集計値) 標準条件:25㎡/1K/築10年/徒歩5分
新高円寺駅,15400,13090,16170,6.86,618596,4.93,8.31,28.8,0.0,,杉並区,2026-09,FUDOSAN DB(国交省データ・推定/集計値) 標準条件:25㎡/1K/築10年/徒歩5分
南阿佐ケ谷駅,15400,13090,16170,4.76,618596,4.93,8.31,28.8,0.0,,杉並区,2026-09,FUDOSAN DB(国交省データ・推定/集計値) 標準条件:25㎡/1K/築10年/徒歩5分
中野新橋駅,16307,13861,17122,5.53,361659,2.48,9.44,34.3,0.2,,中野区,2026-09,FUDOSAN DB(国交省データ・推定/集計値) 標準条件:25㎡/1K/築10年/徒歩5分
中野富士見町駅,16307,13861,17122,5.66,361659,2.48,9.44,34.3,0.2,,中野区,2026-09,FUDOSAN DB(国交省データ・推定/集計値) 標準条件:25㎡/1K/築10年/徒歩5分
方南町駅,15400,13090,16170,5.47,618596,4.93,8.31,28.8,0.0,,杉並区,2026-09,FUDOSAN DB(国交省データ・推定/集計値) 標準条件:25㎡/1K/築10年/徒歩5分
三ノ輪駅,16650,14153,17483,6.31,244549,10.64,14.14,20.8,0.1,,台東区,2026-09,FUDOSAN DB(国交省データ・推定/集計値) 標準条件:25㎡/1K/築10年/徒歩5分
入谷駅,16650,14153,17483,5.59,244549,10.64,14.14,20.8,0.1,,台東区,2026-09,FUDOSAN DB(国交省データ・推定/集計値) 標準条件:25㎡/1K/築10年/徒歩5分
仲御徒町駅,16650,14153,17483,5.49,244549,10.64,14.14,20.8,0.1,,台東区,2026-09,FUDOSAN DB(国交省データ・推定/集計値) 標準条件:25㎡/1K/築10年/徒歩5分
小伝馬町駅,16407,13946,17227,3.37,210897,16.59,15.56,5.9,0.0,"[{""y"": 2012, ""v"": 803286}, {""y"": 2013, ""v"": 857000}, {""y"": 2014, ""v"": 949875}, {""y"": 2015, ""v"": 1013875}, {""y"": 2016, ""v"": 1108667}, {""y"": 2017, ""v"": 1159100}, {""y"": 2018, ""v"": 1195700}, {""y"": 2019, ""v"": 1252000}, {""y"": 2020, ""v"": 1300500}, {""y"": 2021, ""v"": 1289200}, {""y"": 2022, ""v"": 1332222}, {""y"": 2023, ""v"": 1386444}, {""y"": 2024, ""v"": 1490778}, {""y"": 2025, ""v"": 1701250}, {""y"": 2026, ""v"": 1930000}]",中央区,2026-09,FUDOSAN DB(国交省データ・推定/集計値) 標準条件:25㎡/1K/築10年/徒歩5分
人形町駅,16407,13946,17227,3.38,210897,16.59,15.56,5.9,0.0,"[{""y"": 2012, ""v"": 803286}, {""y"": 2013, ""v"": 857000}, {""y"": 2014, ""v"": 949875}, {""y"": 2015, ""v"": 1013875}, {""y"": 2016, ""v"": 1108667}, {""y"": 2017, ""v"": 1159100}, {""y"": 2018, ""v"": 1195700}, {""y"": 2019, ""v"": 1252000}, {""y"": 2020, ""v"": 1300500}, {""y"": 2021, ""v"": 1289200}, {""y"": 2022, ""v"": 1332222}, {""y"": 2023, ""v"": 1386444}, {""y"": 2024, ""v"": 1490778}, {""y"": 2025, ""v"": 1701250}, {""y"": 2026, ""v"": 1930000}]",中央区,2026-09,FUDOSAN DB(国交省データ・推定/集計値) 標準条件:25㎡/1K/築10年/徒歩5分
茅場町駅,16407,13946,17227,4.37,210897,16.59,15.56,5.9,0.0,"[{""y"": 2012, ""v"": 803286}, {""y"": 2013, ""v"": 857000}, {""y"": 2014, ""v"": 949875}, {""y"": 2015, ""v"": 1013875}, {""y"": 2016, ""v"": 1108667}, {""y"": 2017, ""v"": 1159100}, {""y"": 2018, ""v"": 1195700}, {""y"": 2019, ""v"": 1252000}, {""y"": 2020, ""v"": 1300500}, {""y"": 2021, ""v"": 1289200}, {""y"": 2022, ""v"": 1332222}, {""y"": 2023, ""v"": 1386444}, {""y"": 2024, ""v"": 1490778}, {""y"": 2025, ""v"": 1701250}, {""y"": 2026, ""v"": 1930000}]",中央区,2026-09,FUDOSAN DB(国交省データ・推定/集計値) 標準条件:25㎡/1K/築10年/徒歩5分
築地駅,16407,13946,17227,3.64,210897,16.59,15.56,5.9,0.0,"[{""y"": 2012, ""v"": 803286}, {""y"": 2013, ""v"": 857000}, {""y"": 2014, ""v"": 949875}, {""y"": 2015, ""v"": 1013875}, {""y"": 2016, ""v"": 1108667}, {""y"": 2017, ""v"": 1159100}, {""y"": 2018, ""v"": 1195700}, {""y"": 2019, ""v"": 1252000}, {""y"": 2020, ""v"": 1300500}, {""y"": 2021, ""v"": 1289200}, {""y"": 2022, ""v"": 1332222}, {""y"": 2023, ""v"": 1386444}, {""y"": 2024, ""v"": 1490778}, {""y"": 2025, ""v"": 1701250}, {""y"": 2026, ""v"": 1930000}]",中央区,2026-09,FUDOSAN DB(国交省データ・推定/集計値) 標準条件:25㎡/1K/築10年/徒歩5分
東銀座駅,16407,13946,17227,3.3,210897,16.59,15.56,5.9,0.0,"[{""y"": 2012, ""v"": 803286}, {""y"": 2013, ""v"": 857000}, {""y"": 2014, ""v"": 949875}, {""y"": 2015, ""v"": 1013875}, {""y"": 2016, ""v"": 1108667}, {""y"": 2017, ""v"": 1159100}, {""y"": 2018, ""v"": 1195700}, {""y"": 2019, ""v"": 1252000}, {""y"": 2020, ""v"": 1300500}, {""y"": 2021, ""v"": 1289200}, {""y"": 2022, ""v"": 1332222}, {""y"": 2023, ""v"": 1386444}, {""y"": 2024, ""v"": 1490778}, {""y"": 2025, ""v"": 1701250}, {""y"": 2026, ""v"": 1930000}]",中央区,2026-09,FUDOSAN DB(国交省データ・推定/集計値) 標準条件:25㎡/1K/築10年/徒歩5分
日比谷駅,16564,14079,17392,1.52,79828,14.4,10.65,18.1,0.7,,千代田区,2026-09,FUDOSAN DB(国交省データ・推定/集計値) 標準条件:25㎡/1K/築10年/徒歩5分
虎ノ門ヒルズ駅,16677,14175,17511,2.21,312556,15.92,16.63,17.6,2.0,,港区,2026-09,FUDOSAN DB(国交省データ・推定/集計値) 標準条件:25㎡/1K/築10年/徒歩5分
神谷町駅,16677,14175,17511,2.01,312556,15.92,16.63,17.6,2.0,,港区,2026-09,FUDOSAN DB(国交省データ・推定/集計値) 標準条件:25㎡/1K/築10年/徒歩5分
六本木駅,16677,14175,17511,2.43,312556,15.92,16.63,17.6,2.0,,港区,2026-09,FUDOSAN DB(国交省データ・推定/集計値) 標準条件:25㎡/1K/築10年/徒歩5分
広尾駅,16677,14175,17511,2.4,312556,15.92,16.63,17.6,2.0,,港区,2026-09,FUDOSAN DB(国交省データ・推定/集計値) 標準条件:25㎡/1K/築10年/徒歩5分
落合駅,16891,14358,17736,5.9,364110,1.74,11.88,27.6,0.5,,新宿区,2026-09,FUDOSAN DB(国交省データ・推定/集計値) 標準条件:25㎡/1K/築10年/徒歩5分
早稲田駅,16891,14358,17736,4.9,364110,1.74,11.88,27.6,0.5,,新宿区,2026-09,FUDOSAN DB(国交省データ・推定/集計値) 標準条件:25㎡/1K/築10年/徒歩5分
神楽坂駅,16891,14358,17736,3.53,364110,1.74,11.88,27.6,0.5,,新宿区,2026-09,FUDOSAN DB(国交省データ・推定/集計値) 標準条件:25㎡/1K/築10年/徒歩5分
九段下駅,16564,14079,17392,2.64,79828,14.4,10.65,18.1,0.7,,千代田区,2026-09,FUDOSAN DB(国交省データ・推定/集計値) 標準条件:25㎡/1K/築10年/徒歩5分
竹橋駅,16564,14079,17392,5.57,79828,14.4,10.65,18.1,0.7,,千代田区,2026-09,FUDOSAN DB(国交省データ・推定/集計値) 標準条件:25㎡/1K/築10年/徒歩5分
門前仲町駅,15309,13013,16075,4.88,592670,8.23,12.08,34.0,0.0,,江東区,2026-09,FUDOSAN DB(国交省データ・推定/集計値) 標準条件:25㎡/1K/築10年/徒歩5分
木場駅,15309,13013,16075,5.14,592670,8.23,12.08,34.0,0.0,,江東区,2026-09,FUDOSAN DB(国交省データ・推定/集計値) 標準条件:25㎡/1K/築10年/徒歩5分
東陽町駅,15309,13013,16075,5.73,592670,8.23,12.08,34.0,0.0,,江東区,2026-09,FUDOSAN DB(国交省データ・推定/集計値) 標準条件:25㎡/1K/築10年/徒歩5分
南砂町駅,15309,13013,16075,6.62,592670,8.23,12.08,34.0,0.0,,江東区,2026-09,FUDOSAN DB(国交省データ・推定/集計値) 標準条件:25㎡/1K/築10年/徒歩5分
西葛西駅,12472,10601,13095,6.58,679003,-1.97,5.86,29.6,0.0,,江戸川区,2026-09,FUDOSAN DB(国交省データ・推定/集計値) 標準条件:25㎡/1K/築10年/徒歩5分
葛西駅,12472,10601,13095,7.02,679003,-1.97,5.86,29.6,0.0,,江戸川区,2026-09,FUDOSAN DB(国交省データ・推定/集計値) 標準条件:25㎡/1K/築10年/徒歩5分
北綾瀬駅,11320,9622,11886,6.9,711214,1.56,6.48,27.2,0.0,,足立区,2026-09,FUDOSAN DB(国交省データ・推定/集計値) 標準条件:25㎡/1K/築10年/徒歩5分
千駄木駅,16236,13800,17048,4.89,271626,8.32,14.32,21.5,1.5,,文京区,2026-09,FUDOSAN DB(国交省データ・推定/集計値) 標準条件:25㎡/1K/築10年/徒歩5分
根津駅,16236,13800,17048,4.06,271626,8.32,14.32,21.5,1.5,,文京区,2026-09,FUDOSAN DB(国交省データ・推定/集計値) 標準条件:25㎡/1K/築10年/徒歩5分
湯島駅,16236,13800,17048,3.72,271626,8.32,14.32,21.5,1.5,,文京区,2026-09,FUDOSAN DB(国交省データ・推定/集計値) 標準条件:25㎡/1K/築10年/徒歩5分
新御茶ノ水駅,16564,14079,17392,2.43,79828,14.4,10.65,18.1,0.7,,千代田区,2026-09,FUDOSAN DB(国交省データ・推定/集計値) 標準条件:25㎡/1K/築10年/徒歩5分
二重橋前駅,16564,14079,17392,,79828,14.4,10.65,18.1,0.7,,千代田区,2026-09,FUDOSAN DB(国交省データ・推定/集計値) 標準条件:25㎡/1K/築10年/徒歩5分
赤坂駅,16677,14175,17511,2.59,312556,15.92,16.63,17.6,2.0,,港区,2026-09,FUDOSAN DB(国交省データ・推定/集計値) 標準条件:25㎡/1K/築10年/徒歩5分
乃木坂駅,16677,14175,17511,3.51,312556,15.92,16.63,17.6,2.0,,港区,2026-09,FUDOSAN DB(国交省データ・推定/集計値) 標準条件:25㎡/1K/築10年/徒歩5分
明治神宮前〈原宿〉駅,15818,13445,16609,,267180,8.07,10.98,21.2,0.1,,渋谷区,2026-09,FUDOSAN DB(国交省データ・推定/集計値) 標準条件:25㎡/1K/築10年/徒歩5分
代々木公園駅,15818,13445,16609,2.99,267180,8.07,10.98,21.2,0.1,,渋谷区,2026-09,FUDOSAN DB(国交省データ・推定/集計値) 標準条件:25㎡/1K/築10年/徒歩5分
地下鉄成増駅,13203,11223,13863,5.84,605109,2.26,8.57,11.0,0.8,,板橋区,2026-09,FUDOSAN DB(国交省データ・推定/集計値) 標準条件:25㎡/1K/築10年/徒歩5分
地下鉄赤塚駅,12377,10520,12995,7.23,755008,-1.25,6.29,24.3,0.1,,練馬区,2026-09,FUDOSAN DB(国交省データ・推定/集計値) 標準条件:25㎡/1K/築10年/徒歩5分
平和台駅,12377,10520,12995,5.17,755008,-1.25,6.29,24.3,0.1,,練馬区,2026-09,FUDOSAN DB(国交省データ・推定/集計値) 標準条件:25㎡/1K/築10年/徒歩5分
氷川台駅,12377,10520,12995,5.43,755008,-1.25,6.29,24.3,0.1,,練馬区,2026-09,FUDOSAN DB(国交省データ・推定/集計値) 標準条件:25㎡/1K/築10年/徒歩5分
千川駅,16204,13773,17014,6.28,329403,6.78,13.44,24.3,0.1,,豊島区,2026-09,FUDOSAN DB(国交省データ・推定/集計値) 標準条件:25㎡/1K/築10年/徒歩5分
要町駅,16204,13773,17014,4.7,329403,6.78,13.44,24.3,0.1,,豊島区,2026-09,FUDOSAN DB(国交省データ・推定/集計値) 標準条件:25㎡/1K/築10年/徒歩5分
東池袋駅,16204,13773,17014,3.2,329403,6.78,13.44,24.3,0.1,,豊島区,2026-09,FUDOSAN DB(国交省データ・推定/集計値) 標準条件:25㎡/1K/築10年/徒歩5分
護国寺駅,16236,13800,17048,5.12,271626,8.32,14.32,21.5,1.5,,文京区,2026-09,FUDOSAN DB(国交省データ・推定/集計値) 標準条件:25㎡/1K/築10年/徒歩5分
江戸川橋駅,16236,13800,17048,4.41,271626,8.32,14.32,21.5,1.5,,文京区,2026-09,FUDOSAN DB(国交省データ・推定/集計値) 標準条件:25㎡/1K/築10年/徒歩5分
麹町駅,16564,14079,17392,2.74,79828,14.4,10.65,18.1,0.7,,千代田区,2026-09,FUDOSAN DB(国交省データ・推定/集計値) 標準条件:25㎡/1K/築10年/徒歩5分
永田町駅,16564,14079,17392,1.37,79828,14.4,10.65,18.1,0.7,,千代田区,2026-09,FUDOSAN DB(国交省データ・推定/集計値) 標準条件:25㎡/1K/築10年/徒歩5分
桜田門駅,16564,14079,17392,,79828,14.4,10.65,18.1,0.7,,千代田区,2026-09,FUDOSAN DB(国交省データ・推定/集計値) 標準条件:25㎡/1K/築10年/徒歩5分
銀座一丁目駅,16407,13946,17227,2.34,210897,16.59,15.56,5.9,0.0,"[{""y"": 2012, ""v"": 803286}, {""y"": 2013, ""v"": 857000}, {""y"": 2014, ""v"": 949875}, {""y"": 2015, ""v"": 1013875}, {""y"": 2016, ""v"": 1108667}, {""y"": 2017, ""v"": 1159100}, {""y"": 2018, ""v"": 1195700}, {""y"": 2019, ""v"": 1252000}, {""y"": 2020, ""v"": 1300500}, {""y"": 2021, ""v"": 1289200}, {""y"": 2022, ""v"": 1332222}, {""y"": 2023, ""v"": 1386444}, {""y"": 2024, ""v"": 1490778}, {""y"": 2025, ""v"": 1701250}, {""y"": 2026, ""v"": 1930000}]",中央区,2026-09,FUDOSAN DB(国交省データ・推定/集計値) 標準条件:25㎡/1K/築10年/徒歩5分
新富町駅,16407,13946,17227,3.81,210897,16.59,15.56,5.9,0.0,"[{""y"": 2012, ""v"": 803286}, {""y"": 2013, ""v"": 857000}, {""y"": 2014, ""v"": 949875}, {""y"": 2015, ""v"": 1013875}, {""y"": 2016, ""v"": 1108667}, {""y"": 2017, ""v"": 1159100}, {""y"": 2018, ""v"": 1195700}, {""y"": 2019, ""v"": 1252000}, {""y"": 2020, ""v"": 1300500}, {""y"": 2021, ""v"": 1289200}, {""y"": 2022, ""v"": 1332222}, {""y"": 2023, ""v"": 1386444}, {""y"": 2024, ""v"": 1490778}, {""y"": 2025, ""v"": 1701250}, {""y"": 2026, ""v"": 1930000}]",中央区,2026-09,FUDOSAN DB(国交省データ・推定/集計値) 標準条件:25㎡/1K/築10年/徒歩5分
月島駅,16407,13946,17227,3.25,210897,16.59,15.56,5.9,0.0,"[{""y"": 2012, ""v"": 803286}, {""y"": 2013, ""v"": 857000}, {""y"": 2014, ""v"": 949875}, {""y"": 2015, ""v"": 1013875}, {""y"": 2016, ""v"": 1108667}, {""y"": 2017, ""v"": 1159100}, {""y"": 2018, ""v"": 1195700}, {""y"": 2019, ""v"": 1252000}, {""y"": 2020, ""v"": 1300500}, {""y"": 2021, ""v"": 1289200}, {""y"": 2022, ""v"": 1332222}, {""y"": 2023, ""v"": 1386444}, {""y"": 2024, ""v"": 1490778}, {""y"": 2025, ""v"": 1701250}, {""y"": 2026, ""v"": 1930000}]",中央区,2026-09,FUDOSAN DB(国交省データ・推定/集計値) 標準条件:25㎡/1K/築10年/徒歩5分
豊洲駅,15309,13013,16075,3.26,592670,8.23,12.08,34.0,0.0,,江東区,2026-09,FUDOSAN DB(国交省データ・推定/集計値) 標準条件:25㎡/1K/築10年/徒歩5分
辰巳駅,15309,13013,16075,4.49,592670,8.23,12.08,34.0,0.0,,江東区,2026-09,FUDOSAN DB(国交省データ・推定/集計値) 標準条件:25㎡/1K/築10年/徒歩5分
半蔵門駅,16564,14079,17392,2.57,79828,14.4,10.65,18.1,0.7,,千代田区,2026-09,FUDOSAN DB(国交省データ・推定/集計値) 標準条件:25㎡/1K/築10年/徒歩5分
神保町駅,16564,14079,17392,3.07,79828,14.4,10.65,18.1,0.7,,千代田区,2026-09,FUDOSAN DB(国交省データ・推定/集計値) 標準条件:25㎡/1K/築10年/徒歩5分
水天宮前駅,16407,13946,17227,4.37,210897,16.59,15.56,5.9,0.0,"[{""y"": 2012, ""v"": 803286}, {""y"": 2013, ""v"": 857000}, {""y"": 2014, ""v"": 949875}, {""y"": 2015, ""v"": 1013875}, {""y"": 2016, ""v"": 1108667}, {""y"": 2017, ""v"": 1159100}, {""y"": 2018, ""v"": 1195700}, {""y"": 2019, ""v"": 1252000}, {""y"": 2020, ""v"": 1300500}, {""y"": 2021, ""v"": 1289200}, {""y"": 2022, ""v"": 1332222}, {""y"": 2023, ""v"": 1386444}, {""y"": 2024, ""v"": 1490778}, {""y"": 2025, ""v"": 1701250}, {""y"": 2026, ""v"": 1930000}]",中央区,2026-09,FUDOSAN DB(国交省データ・推定/集計値) 標準条件:25㎡/1K/築10年/徒歩5分
清澄白河駅,15309,13013,16075,4.18,592670,8.23,12.08,34.0,0.0,,江東区,2026-09,FUDOSAN DB(国交省データ・推定/集計値) 標準条件:25㎡/1K/築10年/徒歩5分
住吉駅,15309,13013,16075,4.74,592670,8.23,12.08,34.0,0.0,,江東区,2026-09,FUDOSAN DB(国交省データ・推定/集計値) 標準条件:25㎡/1K/築10年/徒歩5分
赤羽岩淵駅,14331,12182,15048,4.76,358782,0.88,11.91,19.4,1.0,,北区,2026-09,FUDOSAN DB(国交省データ・推定/集計値) 標準条件:25㎡/1K/築10年/徒歩5分
志茂駅,14331,12182,15048,5.51,358782,0.88,11.91,19.4,1.0,,北区,2026-09,FUDOSAN DB(国交省データ・推定/集計値) 標準条件:25㎡/1K/築10年/徒歩5分
王子神谷駅,14331,12182,15048,6.4,358782,0.88,11.91,19.4,1.0,,北区,2026-09,FUDOSAN DB(国交省データ・推定/集計値) 標準条件:25㎡/1K/築10年/徒歩5分
西ケ原駅,14331,12182,15048,5.12,358782,0.88,11.91,19.4,1.0,,北区,2026-09,FUDOSAN DB(国交省データ・推定/集計値) 標準条件:25㎡/1K/築10年/徒歩5分
本駒込駅,16236,13800,17048,4.57,271626,8.32,14.32,21.5,1.5,,文京区,2026-09,FUDOSAN DB(国交省データ・推定/集計値) 標準条件:25㎡/1K/築10年/徒歩5分
東大前駅,16236,13800,17048,4.49,271626,8.32,14.32,21.5,1.5,,文京区,2026-09,FUDOSAN DB(国交省データ・推定/集計値) 標準条件:25㎡/1K/築10年/徒歩5分
六本木一丁目駅,16677,14175,17511,1.63,312556,15.92,16.63,17.6,2.0,,港区,2026-09,FUDOSAN DB(国交省データ・推定/集計値) 標準条件:25㎡/1K/築10年/徒歩5分
麻布十番駅,16677,14175,17511,2.14,312556,15.92,16.63,17.6,2.0,,港区,2026-09,FUDOSAN DB(国交省データ・推定/集計値) 標準条件:25㎡/1K/築10年/徒歩5分
白金高輪駅,16677,14175,17511,2.55,312556,15.92,16.63,17.6,2.0,,港区,2026-09,FUDOSAN DB(国交省データ・推定/集計値) 標準条件:25㎡/1K/築10年/徒歩5分
白金台駅,16677,14175,17511,2.46,312556,15.92,16.63,17.6,2.0,,港区,2026-09,FUDOSAN DB(国交省データ・推定/集計値) 標準条件:25㎡/1K/築10年/徒歩5分
雑司が谷駅,16204,13773,17014,5.3,329403,6.78,13.44,24.3,0.1,,豊島区,2026-09,FUDOSAN DB(国交省データ・推定/集計値) 標準条件:25㎡/1K/築10年/徒歩5分
西早稲田駅,16891,14358,17736,4.86,364110,1.74,11.88,27.6,0.5,,新宿区,2026-09,FUDOSAN DB(国交省データ・推定/集計値) 標準条件:25㎡/1K/築10年/徒歩5分
東新宿駅,16891,14358,17736,5.19,364110,1.74,11.88,27.6,0.5,,新宿区,2026-09,FUDOSAN DB(国交省データ・推定/集計値) 標準条件:25㎡/1K/築10年/徒歩5分
北参道駅,15818,13445,16609,2.02,267180,8.07,10.98,21.2,0.1,,渋谷区,2026-09,FUDOSAN DB(国交省データ・推定/集計値) 標準条件:25㎡/1K/築10年/徒歩5分
都庁前駅,16891,14358,17736,6.37,364110,1.74,11.88,27.6,0.5,,新宿区,2026-09,FUDOSAN DB(国交省データ・推定/集計値) 標準条件:25㎡/1K/築10年/徒歩5分
新宿西口駅,16891,14358,17736,3.5,364110,1.74,11.88,27.6,0.5,,新宿区,2026-09,FUDOSAN DB(国交省データ・推定/集計値) 標準条件:25㎡/1K/築10年/徒歩5分
若松河田駅,16891,14358,17736,4.45,364110,1.74,11.88,27.6,0.5,,新宿区,2026-09,FUDOSAN DB(国交省データ・推定/集計値) 標準条件:25㎡/1K/築10年/徒歩5分
牛込柳町駅,16891,14358,17736,4.15,364110,1.74,11.88,27.6,0.5,,新宿区,2026-09,FUDOSAN DB(国交省データ・推定/集計値) 標準条件:25㎡/1K/築10年/徒歩5分
牛込神楽坂駅,16891,14358,17736,3.83,364110,1.74,11.88,27.6,0.5,,新宿区,2026-09,FUDOSAN DB(国交省データ・推定/集計値) 標準条件:25㎡/1K/築10年/徒歩5分
春日駅,16236,13800,17048,3.64,271626,8.32,14.32,21.5,1.5,,文京区,2026-09,FUDOSAN DB(国交省データ・推定/集計値) 標準条件:25㎡/1K/築10年/徒歩5分
上野御徒町駅,16650,14153,17483,5.29,244549,10.64,14.14,20.8,0.1,,台東区,2026-09,FUDOSAN DB(国交省データ・推定/集計値) 標準条件:25㎡/1K/築10年/徒歩5分
新御徒町駅,16650,14153,17483,4.95,244549,10.64,14.14,20.8,0.1,,台東区,2026-09,FUDOSAN DB(国交省データ・推定/集計値) 標準条件:25㎡/1K/築10年/徒歩5分
蔵前駅,16650,14153,17483,4.67,244549,10.64,14.14,20.8,0.1,,台東区,2026-09,FUDOSAN DB(国交省データ・推定/集計値) 標準条件:25㎡/1K/築10年/徒歩5分
森下駅,15309,13013,16075,4.72,592670,8.23,12.08,34.0,0.0,,江東区,2026-09,FUDOSAN DB(国交省データ・推定/集計値) 標準条件:25㎡/1K/築10年/徒歩5分
勝どき駅,16407,13946,17227,2.91,210897,16.59,15.56,5.9,0.0,"[{""y"": 2012, ""v"": 803286}, {""y"": 2013, ""v"": 857000}, {""y"": 2014, ""v"": 949875}, {""y"": 2015, ""v"": 1013875}, {""y"": 2016, ""v"": 1108667}, {""y"": 2017, ""v"": 1159100}, {""y"": 2018, ""v"": 1195700}, {""y"": 2019, ""v"": 1252000}, {""y"": 2020, ""v"": 1300500}, {""y"": 2021, ""v"": 1289200}, {""y"": 2022, ""v"": 1332222}, {""y"": 2023, ""v"": 1386444}, {""y"": 2024, ""v"": 1490778}, {""y"": 2025, ""v"": 1701250}, {""y"": 2026, ""v"": 1930000}]",中央区,2026-09,FUDOSAN DB(国交省データ・推定/集計値) 標準条件:25㎡/1K/築10年/徒歩5分
築地市場駅,16407,13946,17227,4.24,210897,16.59,15.56,5.9,0.0,"[{""y"": 2012, ""v"": 803286}, {""y"": 2013, ""v"": 857000}, {""y"": 2014, ""v"": 949875}, {""y"": 2015, ""v"": 1013875}, {""y"": 2016, ""v"": 1108667}, {""y"": 2017, ""v"": 1159100}, {""y"": 2018, ""v"": 1195700}, {""y"": 2019, ""v"": 1252000}, {""y"": 2020, ""v"": 1300500}, {""y"": 2021, ""v"": 1289200}, {""y"": 2022, ""v"": 1332222}, {""y"": 2023, ""v"": 1386444}, {""y"": 2024, ""v"": 1490778}, {""y"": 2025, ""v"": 1701250}, {""y"": 2026, ""v"": 1930000}]",中央区,2026-09,FUDOSAN DB(国交省データ・推定/集計値) 標準条件:25㎡/1K/築10年/徒歩5分
汐留駅,16677,14175,17511,1.73,312556,15.92,16.63,17.6,2.0,,港区,2026-09,FUDOSAN DB(国交省データ・推定/集計値) 標準条件:25㎡/1K/築10年/徒歩5分
大門駅,16677,14175,17511,3.55,312556,15.92,16.63,17.6,2.0,,港区,2026-09,FUDOSAN DB(国交省データ・推定/集計値) 標準条件:25㎡/1K/築10年/徒歩5分
赤羽橋駅,16677,14175,17511,2.63,312556,15.92,16.63,17.6,2.0,,港区,2026-09,FUDOSAN DB(国交省データ・推定/集計値) 標準条件:25㎡/1K/築10年/徒歩5分
国立競技場駅,16891,14358,17736,3.01,364110,1.74,11.88,27.6,0.5,,新宿区,2026-09,FUDOSAN DB(国交省データ・推定/集計値) 標準条件:25㎡/1K/築10年/徒歩5分
西新宿五丁目駅,16891,14358,17736,3.53,364110,1.74,11.88,27.6,0.5,,新宿区,2026-09,FUDOSAN DB(国交省データ・推定/集計値) 標準条件:25㎡/1K/築10年/徒歩5分
落合南長崎駅,16891,14358,17736,6.43,364110,1.74,11.88,27.6,0.5,,新宿区,2026-09,FUDOSAN DB(国交省データ・推定/集計値) 標準条件:25㎡/1K/築10年/徒歩5分
新江古田駅,16307,13861,17122,6.48,361659,2.48,9.44,34.3,0.2,,中野区,2026-09,FUDOSAN DB(国交省データ・推定/集計値) 標準条件:25㎡/1K/築10年/徒歩5分
練馬春日町駅,12377,10520,12995,5.15,755008,-1.25,6.29,24.3,0.1,,練馬区,2026-09,FUDOSAN DB(国交省データ・推定/集計値) 標準条件:25㎡/1K/築10年/徒歩5分
光が丘駅,12377,10520,12995,6.03,755008,-1.25,6.29,24.3,0.1,,練馬区,2026-09,FUDOSAN DB(国交省データ・推定/集計値) 標準条件:25㎡/1K/築10年/徒歩5分
西馬込駅,13476,11455,14150,5.55,768130,2.51,8.0,60.9,0.4,,大田区,2026-09,FUDOSAN DB(国交省データ・推定/集計値) 標準条件:25㎡/1K/築10年/徒歩5分
馬込駅,13476,11455,14150,5.27,768130,2.51,8.0,60.9,0.4,,大田区,2026-09,FUDOSAN DB(国交省データ・推定/集計値) 標準条件:25㎡/1K/築10年/徒歩5分
戸越駅,16851,14323,17693,5.32,465173,8.81,14.23,24.4,0.6,,品川区,2026-09,FUDOSAN DB(国交省データ・推定/集計値) 標準条件:25㎡/1K/築10年/徒歩5分
高輪台駅,16677,14175,17511,3.18,312556,15.92,16.63,17.6,2.0,,港区,2026-09,FUDOSAN DB(国交省データ・推定/集計値) 標準条件:25㎡/1K/築10年/徒歩5分
三田駅,16677,14175,17511,3.76,312556,15.92,16.63,17.6,2.0,,港区,2026-09,FUDOSAN DB(国交省データ・推定/集計値) 標準条件:25㎡/1K/築10年/徒歩5分
宝町駅,16407,13946,17227,5.12,210897,16.59,15.56,5.9,0.0,"[{""y"": 2012, ""v"": 803286}, {""y"": 2013, ""v"": 857000}, {""y"": 2014, ""v"": 949875}, {""y"": 2015, ""v"": 1013875}, {""y"": 2016, ""v"": 1108667}, {""y"": 2017, ""v"": 1159100}, {""y"": 2018, ""v"": 1195700}, {""y"": 2019, ""v"": 1252000}, {""y"": 2020, ""v"": 1300500}, {""y"": 2021, ""v"": 1289200}, {""y"": 2022, ""v"": 1332222}, {""y"": 2023, ""v"": 1386444}, {""y"": 2024, ""v"": 1490778}, {""y"": 2025, ""v"": 1701250}, {""y"": 2026, ""v"": 1930000}]",中央区,2026-09,FUDOSAN DB(国交省データ・推定/集計値) 標準条件:25㎡/1K/築10年/徒歩5分
東日本橋駅,16407,13946,17227,3.46,210897,16.59,15.56,5.9,0.0,"[{""y"": 2012, ""v"": 803286}, {""y"": 2013, ""v"": 857000}, {""y"": 2014, ""v"": 949875}, {""y"": 2015, ""v"": 1013875}, {""y"": 2016, ""v"": 1108667}, {""y"": 2017, ""v"": 1159100}, {""y"": 2018, ""v"": 1195700}, {""y"": 2019, ""v"": 1252000}, {""y"": 2020, ""v"": 1300500}, {""y"": 2021, ""v"": 1289200}, {""y"": 2022, ""v"": 1332222}, {""y"": 2023, ""v"": 1386444}, {""y"": 2024, ""v"": 1490778}, {""y"": 2025, ""v"": 1701250}, {""y"": 2026, ""v"": 1930000}]",中央区,2026-09,FUDOSAN DB(国交省データ・推定/集計値) 標準条件:25㎡/1K/築10年/徒歩5分
本所吾妻橋駅,15048,12791,15800,5.3,297077,5.94,13.19,51.7,0.0,,墨田区,2026-09,FUDOSAN DB(国交省データ・推定/集計値) 標準条件:25㎡/1K/築10年/徒歩5分
芝公園駅,16677,14175,17511,4.04,312556,15.92,16.63,17.6,2.0,,港区,2026-09,FUDOSAN DB(国交省データ・推定/集計値) 標準条件:25㎡/1K/築10年/徒歩5分
御成門駅,16677,14175,17511,3.75,312556,15.92,16.63,17.6,2.0,,港区,2026-09,FUDOSAN DB(国交省データ・推定/集計値) 標準条件:25㎡/1K/築10年/徒歩5分
内幸町駅,16564,14079,17392,2.46,79828,14.4,10.65,18.1,0.7,,千代田区,2026-09,FUDOSAN DB(国交省データ・推定/集計値) 標準条件:25㎡/1K/築10年/徒歩5分
白山駅,16236,13800,17048,4.75,271626,8.32,14.32,21.5,1.5,,文京区,2026-09,FUDOSAN DB(国交省データ・推定/集計値) 標準条件:25㎡/1K/築10年/徒歩5分
千石駅,16236,13800,17048,4.09,271626,8.32,14.32,21.5,1.5,,文京区,2026-09,FUDOSAN DB(国交省データ・推定/集計値) 標準条件:25㎡/1K/築10年/徒歩5分
西巣鴨駅,16204,13773,17014,5.93,329403,6.78,13.44,24.3,0.1,,豊島区,2026-09,FUDOSAN DB(国交省データ・推定/集計値) 標準条件:25㎡/1K/築10年/徒歩5分
新板橋駅,13203,11223,13863,4.75,605109,2.26,8.57,11.0,0.8,,板橋区,2026-09,FUDOSAN DB(国交省データ・推定/集計値) 標準条件:25㎡/1K/築10年/徒歩5分
板橋区役所前駅,13203,11223,13863,4.89,605109,2.26,8.57,11.0,0.8,,板橋区,2026-09,FUDOSAN DB(国交省データ・推定/集計値) 標準条件:25㎡/1K/築10年/徒歩5分
板橋本町駅,13203,11223,13863,5.6,605109,2.26,8.57,11.0,0.8,,板橋区,2026-09,FUDOSAN DB(国交省データ・推定/集計値) 標準条件:25㎡/1K/築10年/徒歩5分
本蓮沼駅,13203,11223,13863,5.77,605109,2.26,8.57,11.0,0.8,,板橋区,2026-09,FUDOSAN DB(国交省データ・推定/集計値) 標準条件:25㎡/1K/築10年/徒歩5分
志村坂上駅,13203,11223,13863,6.48,605109,2.26,8.57,11.0,0.8,,板橋区,2026-09,FUDOSAN DB(国交省データ・推定/集計値) 標準条件:25㎡/1K/築10年/徒歩5分
志村三丁目駅,13203,11223,13863,6.94,605109,2.26,8.57,11.0,0.8,,板橋区,2026-09,FUDOSAN DB(国交省データ・推定/集計値) 標準条件:25㎡/1K/築10年/徒歩5分
蓮根駅,13203,11223,13863,7.73,605109,2.26,8.57,11.0,0.8,,板橋区,2026-09,FUDOSAN DB(国交省データ・推定/集計値) 標準条件:25㎡/1K/築10年/徒歩5分
西台駅,13203,11223,13863,6.98,605109,2.26,8.57,11.0,0.8,,板橋区,2026-09,FUDOSAN DB(国交省データ・推定/集計値) 標準条件:25㎡/1K/築10年/徒歩5分
高島平駅,13203,11223,13863,7.91,605109,2.26,8.57,11.0,0.8,,板橋区,2026-09,FUDOSAN DB(国交省データ・推定/集計値) 標準条件:25㎡/1K/築10年/徒歩5分
新高島平駅,13203,11223,13863,13.42,605109,2.26,8.57,11.0,0.8,,板橋区,2026-09,FUDOSAN DB(国交省データ・推定/集計値) 標準条件:25㎡/1K/築10年/徒歩5分
西高島平駅,13203,11223,13863,9.62,605109,2.26,8.57,11.0,0.8,,板橋区,2026-09,FUDOSAN DB(国交省データ・推定/集計値) 標準条件:25㎡/1K/築10年/徒歩5分
曙橋駅,16891,14358,17736,4.49,364110,1.74,11.88,27.6,0.5,,新宿区,2026-09,FUDOSAN DB(国交省データ・推定/集計値) 標準条件:25㎡/1K/築10年/徒歩5分
市ヶ谷駅,16564,14079,17392,,79828,14.4,10.65,18.1,0.7,,千代田区,2026-09,FUDOSAN DB(国交省データ・推定/集計値) 標準条件:25㎡/1K/築10年/徒歩5分
小川町駅,16564,14079,17392,3.42,79828,14.4,10.65,18.1,0.7,,千代田区,2026-09,FUDOSAN DB(国交省データ・推定/集計値) 標準条件:25㎡/1K/築10年/徒歩5分
岩本町駅,16564,14079,17392,3.78,79828,14.4,10.65,18.1,0.7,,千代田区,2026-09,FUDOSAN DB(国交省データ・推定/集計値) 標準条件:25㎡/1K/築10年/徒歩5分
馬喰横山駅,16407,13946,17227,3.44,210897,16.59,15.56,5.9,0.0,"[{""y"": 2012, ""v"": 803286}, {""y"": 2013, ""v"": 857000}, {""y"": 2014, ""v"": 949875}, {""y"": 2015, ""v"": 1013875}, {""y"": 2016, ""v"": 1108667}, {""y"": 2017, ""v"": 1159100}, {""y"": 2018, ""v"": 1195700}, {""y"": 2019, ""v"": 1252000}, {""y"": 2020, ""v"": 1300500}, {""y"": 2021, ""v"": 1289200}, {""y"": 2022, ""v"": 1332222}, {""y"": 2023, ""v"": 1386444}, {""y"": 2024, ""v"": 1490778}, {""y"": 2025, ""v"": 1701250}, {""y"": 2026, ""v"": 1930000}]",中央区,2026-09,FUDOSAN DB(国交省データ・推定/集計値) 標準条件:25㎡/1K/築10年/徒歩5分
浜町駅,16407,13946,17227,3.62,210897,16.59,15.56,5.9,0.0,"[{""y"": 2012, ""v"": 803286}, {""y"": 2013, ""v"": 857000}, {""y"": 2014, ""v"": 949875}, {""y"": 2015, ""v"": 1013875}, {""y"": 2016, ""v"": 1108667}, {""y"": 2017, ""v"": 1159100}, {""y"": 2018, ""v"": 1195700}, {""y"": 2019, ""v"": 1252000}, {""y"": 2020, ""v"": 1300500}, {""y"": 2021, ""v"": 1289200}, {""y"": 2022, ""v"": 1332222}, {""y"": 2023, ""v"": 1386444}, {""y"": 2024, ""v"": 1490778}, {""y"": 2025, ""v"": 1701250}, {""y"": 2026, ""v"": 1930000}]",中央区,2026-09,FUDOSAN DB(国交省データ・推定/集計値) 標準条件:25㎡/1K/築10年/徒歩5分
菊川駅,15048,12791,15800,5.07,297077,5.94,13.19,51.7,0.0,,墨田区,2026-09,FUDOSAN DB(国交省データ・推定/集計値) 標準条件:25㎡/1K/築10年/徒歩5分
西大島駅,15309,13013,16075,5.93,592670,8.23,12.08,34.0,0.0,,江東区,2026-09,FUDOSAN DB(国交省データ・推定/集計値) 標準条件:25㎡/1K/築10年/徒歩5分
大島駅,15309,13013,16075,6.92,592670,8.23,12.08,34.0,0.0,,江東区,2026-09,FUDOSAN DB(国交省データ・推定/集計値) 標準条件:25㎡/1K/築10年/徒歩5分
東大島駅,15309,13013,16075,7.62,592670,8.23,12.08,34.0,0.0,,江東区,2026-09,FUDOSAN DB(国交省データ・推定/集計値) 標準条件:25㎡/1K/築10年/徒歩5分
船堀駅,12472,10601,13095,5.88,679003,-1.97,5.86,29.6,0.0,,江戸川区,2026-09,FUDOSAN DB(国交省データ・推定/集計値) 標準条件:25㎡/1K/築10年/徒歩5分
一之江駅,12472,10601,13095,7.12,679003,-1.97,5.86,29.6,0.0,,江戸川区,2026-09,FUDOSAN DB(国交省データ・推定/集計値) 標準条件:25㎡/1K/築10年/徒歩5分
瑞江駅,12472,10601,13095,6.59,679003,-1.97,5.86,29.6,0.0,,江戸川区,2026-09,FUDOSAN DB(国交省データ・推定/集計値) 標準条件:25㎡/1K/築10年/徒歩5分
篠崎駅,12472,10601,13095,7.02,679003,-1.97,5.86,29.6,0.0,,江戸川区,2026-09,FUDOSAN DB(国交省データ・推定/集計値) 標準条件:25㎡/1K/築10年/徒歩5分
三ノ輪橋駅,13414,11402,14085,8.23,231170,6.25,12.21,53.8,0.1,,荒川区,2026-09,FUDOSAN DB(国交省データ・推定/集計値) 標準条件:25㎡/1K/築10年/徒歩5分
荒川一中前駅,13414,11402,14085,4.48,231170,6.25,12.21,53.8,0.1,,荒川区,2026-09,FUDOSAN DB(国交省データ・推定/集計値) 標準条件:25㎡/1K/築10年/徒歩5分
荒川区役所前駅,13414,11402,14085,5.43,231170,6.25,12.21,53.8,0.1,,荒川区,2026-09,FUDOSAN DB(国交省データ・推定/集計値) 標準条件:25㎡/1K/築10年/徒歩5分
荒川二丁目駅,13414,11402,14085,7.61,231170,6.25,12.21,53.8,0.1,,荒川区,2026-09,FUDOSAN DB(国交省データ・推定/集計値) 標準条件:25㎡/1K/築10年/徒歩5分
荒川七丁目駅,13414,11402,14085,,231170,6.25,12.21,53.8,0.1,,荒川区,2026-09,FUDOSAN DB(国交省データ・推定/集計値) 標準条件:25㎡/1K/築10年/徒歩5分
町屋駅前駅,13414,11402,14085,4.97,231170,6.25,12.21,53.8,0.1,,荒川区,2026-09,FUDOSAN DB(国交省データ・推定/集計値) 標準条件:25㎡/1K/築10年/徒歩5分
町屋二丁目駅,13414,11402,14085,,231170,6.25,12.21,53.8,0.1,,荒川区,2026-09,FUDOSAN DB(国交省データ・推定/集計値) 標準条件:25㎡/1K/築10年/徒歩5分
東尾久三丁目駅,13414,11402,14085,5.46,231170,6.25,12.21,53.8,0.1,,荒川区,2026-09,FUDOSAN DB(国交省データ・推定/集計値) 標準条件:25㎡/1K/築10年/徒歩5分
熊野前駅,13414,11402,14085,6.95,231170,6.25,12.21,53.8,0.1,,荒川区,2026-09,FUDOSAN DB(国交省データ・推定/集計値) 標準条件:25㎡/1K/築10年/徒歩5分
宮ノ前駅,13414,11402,14085,,231170,6.25,12.21,53.8,0.1,,荒川区,2026-09,FUDOSAN DB(国交省データ・推定/集計値) 標準条件:25㎡/1K/築10年/徒歩5分
小台駅,13414,11402,14085,10.42,231170,6.25,12.21,53.8,0.1,,荒川区,2026-09,FUDOSAN DB(国交省データ・推定/集計値) 標準条件:25㎡/1K/築10年/徒歩5分
荒川遊園地前駅,13414,11402,14085,8.37,231170,6.25,12.21,53.8,0.1,,荒川区,2026-09,FUDOSAN DB(国交省データ・推定/集計値) 標準条件:25㎡/1K/築10年/徒歩5分
荒川車庫前駅,13414,11402,14085,6.6,231170,6.25,12.21,53.8,0.1,,荒川区,2026-09,FUDOSAN DB(国交省データ・推定/集計値) 標準条件:25㎡/1K/築10年/徒歩5分
梶原駅,14331,12182,15048,8.82,358782,0.88,11.91,19.4,1.0,,北区,2026-09,FUDOSAN DB(国交省データ・推定/集計値) 標準条件:25㎡/1K/築10年/徒歩5分
栄町駅,14331,12182,15048,,358782,0.88,11.91,19.4,1.0,,北区,2026-09,FUDOSAN DB(国交省データ・推定/集計値) 標準条件:25㎡/1K/築10年/徒歩5分
王子駅前駅,14331,12182,15048,,358782,0.88,11.91,19.4,1.0,,北区,2026-09,FUDOSAN DB(国交省データ・推定/集計値) 標準条件:25㎡/1K/築10年/徒歩5分
飛鳥山駅,14331,12182,15048,6.79,358782,0.88,11.91,19.4,1.0,,北区,2026-09,FUDOSAN DB(国交省データ・推定/集計値) 標準条件:25㎡/1K/築10年/徒歩5分
滝野川一丁目駅,14331,12182,15048,5.24,358782,0.88,11.91,19.4,1.0,,北区,2026-09,FUDOSAN DB(国交省データ・推定/集計値) 標準条件:25㎡/1K/築10年/徒歩5分
西ヶ原四丁目駅,14331,12182,15048,,358782,0.88,11.91,19.4,1.0,,北区,2026-09,FUDOSAN DB(国交省データ・推定/集計値) 標準条件:25㎡/1K/築10年/徒歩5分
新庚申塚駅,16204,13773,17014,10.8,329403,6.78,13.44,24.3,0.1,,豊島区,2026-09,FUDOSAN DB(国交省データ・推定/集計値) 標準条件:25㎡/1K/築10年/徒歩5分
庚申塚駅,16204,13773,17014,5.4,329403,6.78,13.44,24.3,0.1,,豊島区,2026-09,FUDOSAN DB(国交省データ・推定/集計値) 標準条件:25㎡/1K/築10年/徒歩5分
巣鴨新田駅,16204,13773,17014,5.57,329403,6.78,13.44,24.3,0.1,,豊島区,2026-09,FUDOSAN DB(国交省データ・推定/集計値) 標準条件:25㎡/1K/築10年/徒歩5分
大塚駅前駅,16204,13773,17014,,329403,6.78,13.44,24.3,0.1,,豊島区,2026-09,FUDOSAN DB(国交省データ・推定/集計値) 標準条件:25㎡/1K/築10年/徒歩5分
向原駅,16204,13773,17014,,329403,6.78,13.44,24.3,0.1,,豊島区,2026-09,FUDOSAN DB(国交省データ・推定/集計値) 標準条件:25㎡/1K/築10年/徒歩5分
東池袋四丁目駅,16204,13773,17014,,329403,6.78,13.44,24.3,0.1,,豊島区,2026-09,FUDOSAN DB(国交省データ・推定/集計値) 標準条件:25㎡/1K/築10年/徒歩5分
都電雑司ヶ谷駅,16204,13773,17014,,329403,6.78,13.44,24.3,0.1,,豊島区,2026-09,FUDOSAN DB(国交省データ・推定/集計値) 標準条件:25㎡/1K/築10年/徒歩5分
鬼子母神前駅,16204,13773,17014,,329403,6.78,13.44,24.3,0.1,,豊島区,2026-09,FUDOSAN DB(国交省データ・推定/集計値) 標準条件:25㎡/1K/築10年/徒歩5分
学習院下駅,16204,13773,17014,4.52,329403,6.78,13.44,24.3,0.1,,豊島区,2026-09,FUDOSAN DB(国交省データ・推定/集計値) 標準条件:25㎡/1K/築10年/徒歩5分
面影橋駅,16891,14358,17736,5.99,364110,1.74,11.88,27.6,0.5,,新宿区,2026-09,FUDOSAN DB(国交省データ・推定/集計値) 標準条件:25㎡/1K/築10年/徒歩5分
青井駅,11320,9622,11886,7.84,711214,1.56,6.48,27.2,0.0,,足立区,2026-09,FUDOSAN DB(国交省データ・推定/集計値) 標準条件:25㎡/1K/築10年/徒歩5分
六町駅,11320,9622,11886,9.25,711214,1.56,6.48,27.2,0.0,,足立区,2026-09,FUDOSAN DB(国交省データ・推定/集計値) 標準条件:25㎡/1K/築10年/徒歩5分
竹芝駅,16677,14175,17511,,312556,15.92,16.63,17.6,2.0,,港区,2026-09,FUDOSAN DB(国交省データ・推定/集計値) 標準条件:25㎡/1K/築10年/徒歩5分
日の出駅,16677,14175,17511,3.59,312556,15.92,16.63,17.6,2.0,,港区,2026-09,FUDOSAN DB(国交省データ・推定/集計値) 標準条件:25㎡/1K/築10年/徒歩5分
芝浦ふ頭駅,16677,14175,17511,5.0,312556,15.92,16.63,17.6,2.0,,港区,2026-09,FUDOSAN DB(国交省データ・推定/集計値) 標準条件:25㎡/1K/築10年/徒歩5分
お台場海浜公園駅,16677,14175,17511,3.47,312556,15.92,16.63,17.6,2.0,,港区,2026-09,FUDOSAN DB(国交省データ・推定/集計値) 標準条件:25㎡/1K/築10年/徒歩5分
台場駅,16677,14175,17511,,312556,15.92,16.63,17.6,2.0,,港区,2026-09,FUDOSAN DB(国交省データ・推定/集計値) 標準条件:25㎡/1K/築10年/徒歩5分
東京国際クルーズターミナル駅,15309,13013,16075,,592670,8.23,12.08,34.0,0.0,,江東区,2026-09,FUDOSAN DB(国交省データ・推定/集計値) 標準条件:25㎡/1K/築10年/徒歩5分
テレコムセンター駅,15309,13013,16075,,592670,8.23,12.08,34.0,0.0,,江東区,2026-09,FUDOSAN DB(国交省データ・推定/集計値) 標準条件:25㎡/1K/築10年/徒歩5分
青海駅,15309,13013,16075,,592670,8.23,12.08,34.0,0.0,,江東区,2026-09,FUDOSAN DB(国交省データ・推定/集計値) 標準条件:25㎡/1K/築10年/徒歩5分
東京ビッグサイト駅,15309,13013,16075,,592670,8.23,12.08,34.0,0.0,,江東区,2026-09,FUDOSAN DB(国交省データ・推定/集計値) 標準条件:25㎡/1K/築10年/徒歩5分
有明駅,15309,13013,16075,2.67,592670,8.23,12.08,34.0,0.0,,江東区,2026-09,FUDOSAN DB(国交省データ・推定/集計値) 標準条件:25㎡/1K/築10年/徒歩5分
有明テニスの森駅,15309,13013,16075,3.52,592670,8.23,12.08,34.0,0.0,,江東区,2026-09,FUDOSAN DB(国交省データ・推定/集計値) 標準条件:25㎡/1K/築10年/徒歩5分
市場前駅,15309,13013,16075,,592670,8.23,12.08,34.0,0.0,,江東区,2026-09,FUDOSAN DB(国交省データ・推定/集計値) 標準条件:25㎡/1K/築10年/徒歩5分
新豊洲駅,15309,13013,16075,2.75,592670,8.23,12.08,34.0,0.0,,江東区,2026-09,FUDOSAN DB(国交省データ・推定/集計値) 標準条件:25㎡/1K/築10年/徒歩5分
多摩センター駅,10927,9288,11473,6.4,133806,-8.53,2.99,12.1,4.2,,多摩市,2026-09,FUDOSAN DB(国交省データ・推定/集計値) 標準条件:25㎡/1K/築10年/徒歩5分
松が谷駅,10371,8816,10890,24.39,532960,-7.7,3.98,17.3,8.8,,八王子市,2026-09,FUDOSAN DB(国交省データ・推定/集計値) 標準条件:25㎡/1K/築10年/徒歩5分
大塚・帝京大学駅,10371,8816,10890,20.72,532960,-7.7,3.98,17.3,8.8,,八王子市,2026-09,FUDOSAN DB(国交省データ・推定/集計値) 標準条件:25㎡/1K/築10年/徒歩5分
中央大学・明星大学駅,10371,8816,10890,10.97,532960,-7.7,3.98,17.3,8.8,,八王子市,2026-09,FUDOSAN DB(国交省データ・推定/集計値) 標準条件:25㎡/1K/築10年/徒歩5分
程久保駅,10787,9169,11326,32.97,185978,-3.15,5.45,16.6,1.8,,日野市,2026-09,FUDOSAN DB(国交省データ・推定/集計値) 標準条件:25㎡/1K/築10年/徒歩5分
万願寺駅,10787,9169,11326,7.89,185978,-3.15,5.45,16.6,1.8,,日野市,2026-09,FUDOSAN DB(国交省データ・推定/集計値) 標準条件:25㎡/1K/築10年/徒歩5分
甲州街道駅,10787,9169,11326,9.03,185978,-3.15,5.45,16.6,1.8,,日野市,2026-09,FUDOSAN DB(国交省データ・推定/集計値) 標準条件:25㎡/1K/築10年/徒歩5分
柴崎体育館駅,11285,9592,11849,9.6,178883,-3.53,7.0,32.3,0.3,,立川市,2026-09,FUDOSAN DB(国交省データ・推定/集計値) 標準条件:25㎡/1K/築10年/徒歩5分
立川南駅,11285,9592,11849,,178883,-3.53,7.0,32.3,0.3,,立川市,2026-09,FUDOSAN DB(国交省データ・推定/集計値) 標準条件:25㎡/1K/築10年/徒歩5分
立川北駅,11285,9592,11849,,178883,-3.53,7.0,32.3,0.3,,立川市,2026-09,FUDOSAN DB(国交省データ・推定/集計値) 標準条件:25㎡/1K/築10年/徒歩5分
高松駅,11285,9592,11849,6.83,178883,-3.53,7.0,32.3,0.3,,立川市,2026-09,FUDOSAN DB(国交省データ・推定/集計値) 標準条件:25㎡/1K/築10年/徒歩5分
立飛駅,11285,9592,11849,,178883,-3.53,7.0,32.3,0.3,,立川市,2026-09,FUDOSAN DB(国交省データ・推定/集計値) 標準条件:25㎡/1K/築10年/徒歩5分
泉体育館駅,11285,9592,11849,19.36,178883,-3.53,7.0,32.3,0.3,,立川市,2026-09,FUDOSAN DB(国交省データ・推定/集計値) 標準条件:25㎡/1K/築10年/徒歩5分
砂川七番駅,11285,9592,11849,10.84,178883,-3.53,7.0,32.3,0.3,,立川市,2026-09,FUDOSAN DB(国交省データ・推定/集計値) 標準条件:25㎡/1K/築10年/徒歩5分
桜街道駅,10396,8836,10916,10.17,79711,-4.87,2.63,33.3,1.2,,東大和市,2026-09,FUDOSAN DB(国交省データ・推定/集計値) 標準条件:25㎡/1K/築10年/徒歩5分
上北台駅,10396,8836,10916,24.29,79711,-4.87,2.63,33.3,1.2,,東大和市,2026-09,FUDOSAN DB(国交省データ・推定/集計値) 標準条件:25㎡/1K/築10年/徒歩5分
モノレール浜松町駅,16677,14175,17511,,312556,15.92,16.63,17.6,2.0,,港区,2026-09,FUDOSAN DB(国交省データ・推定/集計値) 標準条件:25㎡/1K/築10年/徒歩5分
天王洲アイル駅,16851,14323,17693,3.68,465173,8.81,14.23,24.4,0.6,,品川区,2026-09,FUDOSAN DB(国交省データ・推定/集計値) 標準条件:25㎡/1K/築10年/徒歩5分
大井競馬場前駅,16851,14323,17693,11.26,465173,8.81,14.23,24.4,0.6,,品川区,2026-09,FUDOSAN DB(国交省データ・推定/集計値) 標準条件:25㎡/1K/築10年/徒歩5分
流通センター駅,13476,11455,14150,,768130,2.51,8.0,60.9,0.4,,大田区,2026-09,FUDOSAN DB(国交省データ・推定/集計値) 標準条件:25㎡/1K/築10年/徒歩5分
昭和島駅,13476,11455,14150,7.82,768130,2.51,8.0,60.9,0.4,,大田区,2026-09,FUDOSAN DB(国交省データ・推定/集計値) 標準条件:25㎡/1K/築10年/徒歩5分
整備場駅,13476,11455,14150,,768130,2.51,8.0,60.9,0.4,,大田区,2026-09,FUDOSAN DB(国交省データ・推定/集計値) 標準条件:25㎡/1K/築10年/徒歩5分
新整備場駅,13476,11455,14150,,768130,2.51,8.0,60.9,0.4,,大田区,2026-09,FUDOSAN DB(国交省データ・推定/集計値) 標準条件:25㎡/1K/築10年/徒歩5分
羽田空港第1ターミナル駅,13476,11455,14150,,768130,2.51,8.0,60.9,0.4,,大田区,2026-09,FUDOSAN DB(国交省データ・推定/集計値) 標準条件:25㎡/1K/築10年/徒歩5分
羽田空港第2ターミナル駅,13476,11455,14150,,768130,2.51,8.0,60.9,0.4,,大田区,2026-09,FUDOSAN DB(国交省データ・推定/集計値) 標準条件:25㎡/1K/築10年/徒歩5分
東雲駅,15309,13013,16075,3.77,592670,8.23,12.08,34.0,0.0,,江東区,2026-09,FUDOSAN DB(国交省データ・推定/集計値) 標準条件:25㎡/1K/築10年/徒歩5分
国際展示場駅,15309,13013,16075,2.53,592670,8.23,12.08,34.0,0.0,,江東区,2026-09,FUDOSAN DB(国交省データ・推定/集計値) 標準条件:25㎡/1K/築10年/徒歩5分
東京テレポート駅,15309,13013,16075,,592670,8.23,12.08,34.0,0.0,,江東区,2026-09,FUDOSAN DB(国交省データ・推定/集計値) 標準条件:25㎡/1K/築10年/徒歩5分
品川シーサイド駅,16851,14323,17693,4.02,465173,8.81,14.23,24.4,0.6,,品川区,2026-09,FUDOSAN DB(国交省データ・推定/集計値) 標準条件:25㎡/1K/築10年/徒歩5分
新柴又駅,11401,9691,11971,8.33,451039,-1.32,5.58,30.9,0.0,,葛飾区,2026-09,FUDOSAN DB(国交省データ・推定/集計値) 標準条件:25㎡/1K/築10年/徒歩5分
赤土小学校前駅,13414,11402,14085,6.16,231170,6.25,12.21,53.8,0.1,,荒川区,2026-09,FUDOSAN DB(国交省データ・推定/集計値) 標準条件:25㎡/1K/築10年/徒歩5分
足立小台駅,11320,9622,11886,8.08,711214,1.56,6.48,27.2,0.0,,足立区,2026-09,FUDOSAN DB(国交省データ・推定/集計値) 標準条件:25㎡/1K/築10年/徒歩5分
扇大橋駅,11320,9622,11886,8.18,711214,1.56,6.48,27.2,0.0,,足立区,2026-09,FUDOSAN DB(国交省データ・推定/集計値) 標準条件:25㎡/1K/築10年/徒歩5分
高野駅,11320,9622,11886,9.16,711214,1.56,6.48,27.2,0.0,,足立区,2026-09,FUDOSAN DB(国交省データ・推定/集計値) 標準条件:25㎡/1K/築10年/徒歩5分
江北駅,11320,9622,11886,7.77,711214,1.56,6.48,27.2,0.0,,足立区,2026-09,FUDOSAN DB(国交省データ・推定/集計値) 標準条件:25㎡/1K/築10年/徒歩5分
西新井大師西駅,11320,9622,11886,7.53,711214,1.56,6.48,27.2,0.0,,足立区,2026-09,FUDOSAN DB(国交省データ・推定/集計値) 標準条件:25㎡/1K/築10年/徒歩5分
谷在家駅,11320,9622,11886,7.48,711214,1.56,6.48,27.2,0.0,,足立区,2026-09,FUDOSAN DB(国交省データ・推定/集計値) 標準条件:25㎡/1K/築10年/徒歩5分
舎人公園駅,11320,9622,11886,7.15,711214,1.56,6.48,27.2,0.0,,足立区,2026-09,FUDOSAN DB(国交省データ・推定/集計値) 標準条件:25㎡/1K/築10年/徒歩5分
舎人駅,11320,9622,11886,7.23,711214,1.56,6.48,27.2,0.0,,足立区,2026-09,FUDOSAN DB(国交省データ・推定/集計値) 標準条件:25㎡/1K/築10年/徒歩5分
見沼代親水公園駅,11320,9622,11886,8.32,711214,1.56,6.48,27.2,0.0,,足立区,2026-09,FUDOSAN DB(国交省データ・推定/集計値) 標準条件:25㎡/1K/築10年/徒歩5分
