station,year,atype,count,price_median,price_trimmean,price_min,price_max,tsubo_median,tsubo_trimmean,area_median,built_median,dist_median
お台場海浜公園駅,2021,mansion,13,70000000,68454545,44000000,170000000,3655809.0,3462666.0,65,2006.0,2.0
お台場海浜公園駅,2022,mansion,15,78000000,78214286,53000000,130000000,4260790.0,4069447.0,65,2006.0,3.0
お台場海浜公園駅,2023,mansion,17,98000000,103529412,49000000,180000000,4523706.0,4354735.0,75,2006.0,3.0
お台場海浜公園駅,2024,mansion,21,97000000,99100000,59000000,300000000,4722550.0,4705103.0,75,2006.0,4.0
お台場海浜公園駅,2025,mansion,23,120000000,108650000,65000000,280000000,6060606.0,5787165.0,65,2006.0,4.0
お花茶屋駅,2021,house,59,39000000,33437736,3000000,480000000,1322314.0,1273904.0,70,2004.0,10.0
お花茶屋駅,2022,house,35,50000000,48571429,500000,2600000000,1644193.0,1565814.0,80,2022.0,10.0
お花茶屋駅,2023,house,41,42000000,36382353,9000000,320000000,1542700.0,1440607.0,60,2016.0,9.0
お花茶屋駅,2024,house,54,50500000,46372917,9900000,650000000,1652892.0,1625327.0,75,2014.0,10.0
お花茶屋駅,2025,house,62,49500000,48759259,3000000,540000000,1726354.0,1758304.0,65,2024.0,10.0
お花茶屋駅,2021,land,12,29000000,31150000,6500000,110000000,955000.0,904545.0,102,,9.0
お花茶屋駅,2022,land,10,52500000,78700000,29000000,200000000,1000000.0,1023750.0,178,,8.0
お花茶屋駅,2023,land,10,48000000,69250000,13000000,560000000,1400000.0,1385000.0,145,,9.0
お花茶屋駅,2024,land,11,32000000,28555556,9000000,180000000,1100000.0,1270909.0,65,,9.0
お花茶屋駅,2025,land,13,38000000,49615385,18000000,100000000,1500000.0,1504615.0,70,,10.0
お花茶屋駅,2021,mansion,117,25000000,24700855,5700000,44000000,1570248.0,1607320.0,55,1992.0,8.0
お花茶屋駅,2022,mansion,83,24000000,24427711,5000000,52000000,1516772.0,1529799.0,50,1990.0,9.0
お花茶屋駅,2023,mansion,102,24500000,24275490,6200000,47000000,1523204.0,1504974.0,52,1991.0,8.0
お花茶屋駅,2024,mansion,101,30000000,27568000,5200000,190000000,1678322.0,1662906.0,55,1993.0,8.0
お花茶屋駅,2025,mansion,128,28000000,28892126,5800000,110000000,1691532.0,1739795.0,55,1990.0,8.0
こどもの国駅,2021,house,21,39000000,39190476,25000000,50000000,1038961.0,1115684.0,200,1996.0,15.0
こどもの国駅,2022,house,19,42000000,41562500,20000000,55000000,1352367.0,1287301.0,135,2002.0,15.0
こどもの国駅,2023,house,18,40000000,39600000,13000000,71000000,1097137.0,1144917.0,192,1997.0,14.0
こどもの国駅,2024,house,14,43500000,44555556,28000000,57000000,947658.0,1175378.0,155,1992.0,16.0
こどもの国駅,2025,house,36,50000000,49750000,13000000,85000000,1511216.0,1507138.0,168,2024.0,15.0
こどもの国駅,2021,land,3,35000000,29666667,17000000,37000000,530000.0,530000.0,220,,15.0
こどもの国駅,2022,land,2,90500000,90500000,41000000,140000000,575000.0,575000.0,598,,17.0
こどもの国駅,2023,land,4,32000000,32250000,15000000,50000000,475000.0,404750.0,260,,14.0
こどもの国駅,2024,land,6,44500000,51400000,31000000,190000000,560000.0,506667.0,240,,14.0
こどもの国駅,2025,land,2,39000000,39000000,38000000,40000000,595000.0,595000.0,215,,16.0
すずかけ台駅,2021,house,24,48500000,47200000,20000000,83000000,1411660.0,1355970.0,178,2010.0,10.0
すずかけ台駅,2022,house,15,56000000,55000000,12000000,61000000,1560331.0,1605163.0,165,2022.0,10.0
すずかけ台駅,2023,house,18,52500000,49647059,10000000,140000000,1458640.0,1433515.0,172,1998.0,11.0
すずかけ台駅,2024,house,19,48000000,46666667,18000000,97000000,1438989.0,1401678.0,150,2014.0,9.0
すずかけ台駅,2025,house,26,59500000,61040000,36000000,110000000,1640929.0,1716534.0,172,2012.0,10.0
すずかけ台駅,2021,land,5,52000000,35250000,3000000,130000000,400000.0,376667.0,240,,10.0
すずかけ台駅,2022,land,9,96000000,101000000,45000000,170000000,870000.0,882222.0,340,,4.0
すずかけ台駅,2023,land,13,42000000,41181818,20000000,340000000,880000.0,904000.0,165,,8.0
すずかけ台駅,2024,land,10,41500000,43500000,27000000,240000000,825000.0,806000.0,200,,8.0
すずかけ台駅,2025,land,9,47000000,45000000,35000000,52000000,1000000.0,996667.0,165,,13.0
すずかけ台駅,2021,mansion,13,37000000,35230769,22000000,57000000,1496303.0,1417403.0,75,2003.0,14.0
すずかけ台駅,2022,mansion,12,42000000,40250000,28000000,57000000,1694871.0,1613453.0,82,2016.0,10.0
すずかけ台駅,2023,mansion,13,38000000,38000000,24000000,69000000,1674931.0,1596056.0,75,2003.0,14.0
すずかけ台駅,2024,mansion,10,40000000,42800000,32000000,58000000,1595500.0,1653195.0,85,2006.0,11.0
すずかけ台駅,2025,mansion,11,41000000,43600000,17000000,60000000,1694215.0,1592935.0,85,2003.0,12.0
つきみ野駅,2025,house,3,50000000,49000000,45000000,52000000,1652893.0,1619835.0,130,2025.0,25.0
つくし野駅,2021,house,20,55500000,51789474,34000000,210000000,1763085.0,1505459.0,185,2020.0,9.0
つくし野駅,2022,house,18,45000000,47000000,22000000,70000000,1314542.0,1234749.0,175,1998.0,10.0
つくし野駅,2023,house,19,55000000,58000000,10000000,100000000,1231120.0,1097487.0,205,1994.0,8.0
つくし野駅,2024,house,22,49000000,49150000,18000000,130000000,1432151.0,1387749.0,185,1996.0,10.0
つくし野駅,2025,house,35,58000000,56303030,17000000,360000000,1341760.0,1443994.0,185,1995.0,10.0
つくし野駅,2021,land,3,45000000,44000000,39000000,48000000,900000.0,760000.0,165,,9.0
つくし野駅,2022,land,9,47000000,44250000,22000000,240000000,710000.0,680000.0,230,,8.0
つくし野駅,2023,land,6,50000000,41400000,20000000,170000000,685000.0,673333.0,205,,8.0
つくし野駅,2024,land,2,79500000,79500000,64000000,95000000,805000.0,805000.0,325,,4.0
つくし野駅,2025,land,12,46500000,46727273,32000000,90000000,715000.0,759167.0,215,,8.0
つくし野駅,2021,mansion,11,33000000,33375000,12000000,44000000,1511216.0,1511765.0,70,2002.0,9.0
つくし野駅,2022,mansion,8,35500000,32750000,20000000,42000000,1513774.0,1395268.0,75,2002.0,10.0
つくし野駅,2023,mansion,2,22500000,22500000,9000000,36000000,1120532.0,1120532.0,62,1988.0,12.0
つくし野駅,2024,mansion,4,42500000,43500000,38000000,51000000,1704316.0,1722288.0,82,2002.0,10.0
つくし野駅,2025,mansion,6,37000000,38200000,17000000,41000000,1618457.0,1624858.0,75,2002.0,12.0
つつじケ丘駅,2021,house,110,52000000,52145833,4000000,160000000,1966072.0,1950706.0,110,2021.0,16.0
つつじケ丘駅,2022,house,39,53000000,50857143,6000000,110000000,1906336.0,1692249.0,110,2010.0,15.0
つつじケ丘駅,2023,house,59,56000000,56555556,10000000,140000000,2163787.0,2105666.0,105,2020.0,15.0
つつじケ丘駅,2024,house,73,54000000,53471429,15000000,150000000,2143899.0,1996546.0,105,2016.0,15.0
つつじケ丘駅,2025,house,83,58000000,54658228,10000000,180000000,2148127.0,2051820.0,110,2018.0,15.0
つつじケ丘駅,2021,land,17,49000000,51071429,36000000,270000000,1300000.0,1224375.0,140,,9.0
つつじケ丘駅,2022,land,13,46000000,51000000,22000000,90000000,1400000.0,1333077.0,110,,13.0
つつじケ丘駅,2023,land,13,55000000,69384615,38000000,140000000,1300000.0,1250000.0,120,,13.0
つつじケ丘駅,2024,land,15,49000000,44583333,7000000,370000000,1300000.0,1305385.0,115,,14.0
つつじケ丘駅,2025,land,12,46000000,44100000,9500000,120000000,1100000.0,1160000.0,128,,10.0
つつじケ丘駅,2021,mansion,52,40500000,39346154,16000000,61000000,1942149.0,1912871.0,72,2008.0,12.0
つつじケ丘駅,2022,mansion,53,45000000,41634615,15000000,270000000,2163787.0,2265411.0,65,2009.0,9.0
つつじケ丘駅,2023,mansion,48,45000000,44829167,9800000,73000000,2235340.0,2233134.0,70,2002.0,11.0
つつじケ丘駅,2024,mansion,45,53000000,50744186,14000000,83000000,2336088.0,2194925.0,75,2007.0,9.0
つつじケ丘駅,2025,mansion,63,40000000,41919048,7000000,90000000,2107438.0,2097645.0,70,1996.0,13.0
とうきょうスカイツリー駅,2021,house,1,940000000,940000000,940000000,940000000,2390337.0,2390337.0,340,2020.0,8.0
とうきょうスカイツリー駅,2022,house,6,125000000,91200000,24000000,230000000,1886978.0,1523776.0,130,1983.0,6.0
とうきょうスカイツリー駅,2023,house,8,68500000,90000000,24000000,200000000,2783156.0,2564370.0,75,1991.0,5.0
とうきょうスカイツリー駅,2024,house,5,150000000,142500000,85000000,460000000,2874596.0,2738682.0,95,2005.0,7.0
とうきょうスカイツリー駅,2025,house,4,310000000,224333333,53000000,2100000000,2164039.0,2325445.0,198,1971.0,7.0
とうきょうスカイツリー駅,2021,land,2,63500000,63500000,61000000,66000000,2300000.0,2300000.0,92,,6.0
とうきょうスカイツリー駅,2022,land,2,47000000,47000000,29000000,65000000,2850000.0,2850000.0,50,,10.0
とうきょうスカイツリー駅,2023,land,7,58000000,73166667,39000000,260000000,3400000.0,3233333.0,70,,5.0
とうきょうスカイツリー駅,2024,land,3,50000000,56000000,48000000,70000000,4600000.0,4466667.0,35,,4.0
とうきょうスカイツリー駅,2025,land,1,160000000,160000000,160000000,160000000,4600000.0,4600000.0,115,,8.0
とうきょうスカイツリー駅,2021,mansion,27,26000000,26920000,11000000,65000000,2909091.0,2762468.0,30,2008.0,5.0
とうきょうスカイツリー駅,2022,mansion,42,30000000,29905263,4400000,70000000,2776859.0,2735610.0,45,2001.0,5.0
とうきょうスカイツリー駅,2023,mansion,29,34000000,39275862,9000000,78000000,3173554.0,3072665.0,40,2011.0,4.0
とうきょうスカイツリー駅,2024,mansion,25,36000000,36875000,14000000,90000000,3438016.0,3409108.0,40,2002.0,6.0
とうきょうスカイツリー駅,2025,mansion,23,40000000,38304348,11000000,69000000,3415978.0,3031877.0,45,1999.0,7.0
ときわ台駅,2021,house,55,65000000,78551020,6000000,1400000000,2009917.0,1939412.0,85,2012.0,10.0
ときわ台駅,2022,house,31,62000000,57800000,37000000,560000000,2018269.0,1836884.0,70,2010.0,11.0
ときわ台駅,2023,house,22,70000000,68842105,36000000,320000000,2178022.0,2097279.0,85,2020.0,10.0
ときわ台駅,2024,house,27,62000000,60590909,7000000,720000000,2206480.0,2355228.0,85,2019.0,10.0
ときわ台駅,2025,house,47,74000000,76951220,31000000,530000000,2272727.0,2201649.0,100,2022.0,10.0
ときわ台駅,2021,land,14,52500000,76357143,19000000,180000000,1700000.0,1700000.0,105,,10.0
ときわ台駅,2022,land,7,40000000,41600000,4000000,150000000,1700000.0,1308333.0,95,,8.0
ときわ台駅,2023,land,8,71500000,74142857,10000000,250000000,1850000.0,1748750.0,142,,9.0
ときわ台駅,2024,land,18,61000000,73888889,3000000,230000000,1700000.0,1530000.0,125,,8.0
ときわ台駅,2025,land,13,86000000,81666667,12000000,380000000,2100000.0,1959231.0,150,,8.0
ときわ台駅,2021,mansion,123,29000000,30786777,4000000,78000000,2203857.0,2297274.0,50,2005.0,8.0
ときわ台駅,2022,mansion,125,28000000,31639837,7800000,110000000,2492053.0,2515423.0,50,2005.0,8.0
ときわ台駅,2023,mansion,128,32000000,32276800,5000000,97000000,2369146.0,2322109.0,55,2001.0,9.0
ときわ台駅,2024,mansion,115,33000000,37243860,6800000,120000000,2479339.0,2490742.0,50,2006.0,9.0
ときわ台駅,2025,mansion,135,35000000,38447368,3300000,110000000,2909091.0,2817948.0,45,2008.0,8.0
はるひ野駅,2025,house,1,42000000,42000000,42000000,42000000,1068023.0,1068023.0,230,1989.0,25.0
ひばりケ丘駅,2021,house,98,44000000,41712360,1500000,700000000,1602179.0,1519644.0,110,2019.0,13.0
ひばりケ丘駅,2022,house,90,49000000,49134831,8000000,210000000,1799816.0,1772202.0,110,2019.0,11.0
ひばりケ丘駅,2023,house,80,53000000,51986842,9000000,180000000,1799816.0,1779195.0,115,2017.0,14.0
ひばりケ丘駅,2024,house,98,45500000,44447826,6000000,2000000000,1598296.0,1556544.0,110,2012.0,15.0
ひばりケ丘駅,2025,house,136,50000000,51136364,3600000,750000000,1891167.0,1804215.0,110,2018.0,15.0
ひばりケ丘駅,2021,land,30,38500000,37074074,17000000,94000000,920000.0,927931.0,125,,11.0
ひばりケ丘駅,2022,land,20,40000000,37777778,24000000,150000000,1000000.0,1018824.0,112,,12.0
ひばりケ丘駅,2023,land,20,39500000,45415789,6500000,200000000,890000.0,936000.0,132,,17.0
ひばりケ丘駅,2024,land,26,40000000,40440000,4000000,100000000,940000.0,1042692.0,115,,12.0
ひばりケ丘駅,2025,land,16,41500000,44843750,5500000,110000000,770000.0,891250.0,140,,11.0
ひばりケ丘駅,2021,mansion,98,40000000,41437500,12000000,76000000,1834878.0,1819610.0,75,2009.0,11.0
ひばりケ丘駅,2022,mansion,105,43000000,43437500,6000000,90000000,1895317.0,1881497.0,75,2004.0,11.0
ひばりケ丘駅,2023,mansion,118,44000000,44118182,4800000,80000000,1965106.0,1924924.0,75,2003.0,11.0
ひばりケ丘駅,2024,mansion,116,47000000,47770642,5000000,90000000,2024793.0,2065238.0,72,2004.0,11.0
ひばりケ丘駅,2025,mansion,129,46000000,47477477,3000000,99000000,2077922.0,1994107.0,70,2008.0,12.0
めじろ台駅,2021,house,41,35000000,32307692,10000000,66000000,1043932.0,1002788.0,155,2013.0,11.0
めじろ台駅,2022,house,39,36000000,33973684,7000000,65000000,1071609.0,1030224.0,135,2014.0,11.0
めじろ台駅,2023,house,57,35000000,34792982,8600000,69000000,977961.0,1021934.0,160,2004.0,10.0
めじろ台駅,2024,house,53,37000000,35568627,14000000,72000000,1066382.0,1010464.0,175,2004.0,13.0
めじろ台駅,2025,house,68,35000000,35856716,5400000,90000000,997435.0,1051574.0,180,2004.0,10.0
めじろ台駅,2021,land,9,32000000,32125000,4700000,40000000,450000.0,468750.0,240,,8.0
めじろ台駅,2022,land,3,88000000,75666667,29000000,110000000,550000.0,546667.0,530,,13.0
めじろ台駅,2023,land,12,34000000,29700000,9000000,220000000,525000.0,519000.0,210,,9.0
めじろ台駅,2024,land,17,36000000,34642857,1200000,61000000,520000.0,515000.0,220,,8.0
めじろ台駅,2025,land,9,33000000,35777778,30000000,43000000,590000.0,590000.0,210,,8.0
めじろ台駅,2021,mansion,43,17000000,16497674,2200000,38000000,702479.0,712862.0,80,1992.0,13.0
めじろ台駅,2022,mansion,48,19000000,17462500,2500000,28000000,920110.0,831552.0,75,1996.0,6.0
めじろ台駅,2023,mansion,40,17500000,18320000,2800000,39000000,661157.0,848994.0,78,1996.0,5.0
めじろ台駅,2024,mansion,33,19000000,16906061,3800000,32000000,765550.0,781891.0,75,1988.0,10.0
めじろ台駅,2025,mansion,48,18000000,17860417,3000000,33000000,913682.0,870222.0,70,1994.0,11.0
一之江駅,2021,house,78,43500000,42447143,6000000,150000000,1515962.0,1471217.0,85,2012.0,14.0
一之江駅,2022,house,85,45000000,41001250,1400000,1800000000,1532682.0,1497728.0,80,2006.0,15.0
一之江駅,2023,house,56,43000000,39561224,4500000,540000000,1536900.0,1455260.0,80,2006.0,14.0
一之江駅,2024,house,81,39000000,36788000,4000000,510000000,1373737.0,1341124.0,75,2006.0,15.0
一之江駅,2025,house,129,46000000,43627642,5000000,760000000,1617998.0,1603337.0,75,2017.0,15.0
一之江駅,2021,land,15,31000000,25407143,7500000,130000000,890000.0,906154.0,70,,10.0
一之江駅,2022,land,23,33000000,34130000,4000000,170000000,990000.0,969545.0,100,,14.0
一之江駅,2023,land,13,24000000,28766667,7200000,630000000,1100000.0,1046154.0,70,,14.0
一之江駅,2024,land,21,32000000,30816667,700000,720000000,1200000.0,1264706.0,75,,13.0
一之江駅,2025,land,23,52000000,45263158,13000000,300000000,1300000.0,1355217.0,100,,12.0
一之江駅,2021,mansion,46,37000000,35695652,18000000,49000000,1738262.0,1723021.0,70,2006.0,10.0
一之江駅,2022,mansion,43,39000000,39395349,23000000,50000000,1827905.0,1860254.0,70,2004.0,10.0
一之江駅,2023,mansion,48,41000000,39208333,18000000,52000000,1983471.0,1892198.0,70,2005.0,10.0
一之江駅,2024,mansion,54,37500000,38777778,23000000,59000000,1843893.0,1854977.0,70,2003.0,10.0
一之江駅,2025,mansion,42,44500000,44000000,19000000,62000000,2111570.0,2129636.0,70,2007.0,9.0
一橋学園駅,2021,house,74,44000000,44388060,200000,120000000,1565898.0,1488277.0,115,2018.0,13.0
一橋学園駅,2022,house,61,45000000,44113208,3000000,220000000,1692562.0,1619494.0,105,2017.0,10.0
一橋学園駅,2023,house,58,47000000,46038462,3600000,120000000,1719008.0,1697539.0,105,2023.0,11.0
一橋学園駅,2024,house,58,46000000,45557692,13000000,490000000,1809482.0,1710117.0,108,2024.0,12.0
一橋学園駅,2025,house,104,50000000,47838710,7800000,170000000,1752066.0,1653444.0,102,2024.0,12.0
一橋学園駅,2021,land,21,36000000,36388889,16000000,400000000,880000.0,847619.0,140,,9.0
一橋学園駅,2022,land,18,39000000,38437500,12000000,120000000,925000.0,958333.0,130,,11.0
一橋学園駅,2023,land,12,31500000,28700000,2000000,66000000,825000.0,918182.0,108,,10.0
一橋学園駅,2024,land,18,39000000,37764706,14000000,76000000,1200000.0,1047778.0,120,,14.0
一橋学園駅,2025,land,19,42000000,36750000,23000000,170000000,920000.0,943684.0,120,,13.0
一橋学園駅,2021,mansion,47,30000000,29234043,8000000,45000000,1454545.0,1421531.0,70,2005.0,10.0
一橋学園駅,2022,mansion,54,34500000,34557692,11000000,50000000,1572609.0,1564660.0,75,2004.0,10.0
一橋学園駅,2023,mansion,46,30000000,29917778,5300000,65000000,1542700.0,1482782.0,70,2002.0,11.0
一橋学園駅,2024,mansion,51,34000000,31076471,5400000,51000000,1630854.0,1621559.0,70,2004.0,10.0
一橋学園駅,2025,mansion,55,33000000,32514545,3300000,57000000,1652892.0,1579083.0,70,2005.0,9.0
万願寺駅,2021,house,17,39000000,40500000,29000000,240000000,1183123.0,1222127.0,125,2005.0,6.0
万願寺駅,2022,house,9,44000000,42571429,33000000,110000000,1322314.0,1344288.0,125,2018.0,5.0
万願寺駅,2023,house,14,44000000,45769231,36000000,100000000,1424097.0,1449215.0,130,2014.0,6.0
万願寺駅,2024,house,9,42000000,44555556,24000000,67000000,1135834.0,1083977.0,135,2006.0,8.0
万願寺駅,2025,house,15,48000000,45466667,27000000,58000000,1622840.0,1548925.0,130,2025.0,10.0
万願寺駅,2021,land,1,33000000,33000000,33000000,33000000,890000.0,890000.0,120,,6.0
万願寺駅,2022,land,4,29000000,30500000,24000000,40000000,715000.0,720000.0,145,,8.0
万願寺駅,2023,land,1,28000000,28000000,28000000,28000000,710000.0,710000.0,130,,14.0
万願寺駅,2024,land,4,38500000,39333333,23000000,41000000,1050000.0,1066667.0,120,,8.0
万願寺駅,2025,land,5,42000000,43666667,28000000,55000000,800000.0,778000.0,165,,6.0
万願寺駅,2021,mansion,6,29000000,29500000,27000000,32000000,1345927.0,1331315.0,75,2013.0,2.0
万願寺駅,2022,mansion,2,25500000,25500000,24000000,27000000,1247843.0,1247843.0,68,1996.0,3.0
万願寺駅,2023,mansion,3,35000000,30333333,17000000,39000000,1652892.0,1552717.0,65,1996.0,10.0
万願寺駅,2024,mansion,4,29000000,28500000,26000000,30000000,1369540.0,1406032.0,70,1998.0,4.0
万願寺駅,2025,mansion,6,31500000,30666667,21000000,38000000,1491236.0,1516183.0,68,2000.0,3.0
三ノ輪橋駅,2024,house,1,48000000,48000000,48000000,48000000,1175390.0,1175390.0,135,1991.0,3.0
三ノ輪橋駅,2024,land,1,1600000000,1600000000,1600000000,1600000000,3000000.0,3000000.0,1700,,7.0
三ノ輪橋駅,2025,land,1,12000000,12000000,12000000,12000000,1200000.0,1200000.0,35,,3.0
三ノ輪橋駅,2021,mansion,1,62000000,62000000,62000000,62000000,3415978.0,3415978.0,60,2017.0,1.0
三ノ輪橋駅,2022,mansion,2,39500000,39500000,30000000,49000000,3452709.0,3452709.0,38,2017.0,1.0
三ノ輪橋駅,2025,mansion,3,31000000,39000000,23000000,63000000,2172373.0,2332940.0,50,1982.0,2.0
三ノ輪駅,2021,house,32,42500000,49578125,4000000,120000000,1695467.0,1569864.0,48,2007.0,8.0
三ノ輪駅,2022,house,19,62000000,55266667,25000000,1400000000,1953418.0,1793707.0,80,1986.0,7.0
三ノ輪駅,2023,house,39,69000000,70343750,9000000,2000000000,2203857.0,2089464.0,70,2009.0,7.0
三ノ輪駅,2024,house,32,60000000,57214286,17000000,840000000,2082645.0,2028126.0,62,1998.0,8.0
三ノ輪駅,2025,house,23,54000000,61052632,11000000,1800000000,2049587.0,2158971.0,70,2002.0,7.0
三ノ輪駅,2021,land,11,130000000,163909091,42000000,410000000,2900000.0,2670000.0,130,,7.0
三ノ輪駅,2022,land,19,65000000,60687500,11000000,640000000,2500000.0,2171333.0,75,,6.0
三ノ輪駅,2023,land,11,56000000,49666667,17000000,570000000,2700000.0,2709091.0,60,,8.0
三ノ輪駅,2024,land,15,60000000,65642857,27000000,150000000,2900000.0,2860000.0,80,,7.0
三ノ輪駅,2025,land,14,52500000,56750000,28000000,480000000,2150000.0,2209231.0,90,,7.0
三ノ輪駅,2021,mansion,174,30000000,33234682,2000000,76000000,2575364.0,2601341.0,40,2008.0,6.0
三ノ輪駅,2022,mansion,196,32000000,34781026,5900000,100000000,2691854.0,2590968.0,40,2008.0,6.0
三ノ輪駅,2023,mansion,170,34000000,36443452,6800000,90000000,2865014.0,2797651.0,42,2008.0,6.0
三ノ輪駅,2024,mansion,186,35000000,39079570,5500000,84000000,3168831.0,2995914.0,40,2010.0,6.0
三ノ輪駅,2025,mansion,271,40000000,42279259,8800000,110000000,3173554.0,3104936.0,45,2008.0,6.0
三河島駅,2021,house,26,53500000,51904762,13000000,450000000,2056933.0,1932881.0,60,2021.0,5.0
三河島駅,2022,house,17,48000000,41692308,3000000,830000000,1571220.0,1550540.0,55,1998.0,5.0
三河島駅,2023,house,23,57000000,51910000,7900000,440000000,2026126.0,1833220.0,60,2014.0,5.0
三河島駅,2024,house,17,63000000,61076923,6600000,160000000,2148760.0,2360850.0,60,2019.0,5.0
三河島駅,2025,house,19,60000000,58812500,12000000,470000000,2203857.0,2150169.0,65,2012.0,6.0
三河島駅,2021,land,14,47000000,63285714,3000000,150000000,2100000.0,2065714.0,82,,3.0
三河島駅,2022,land,12,49500000,60909091,17000000,980000000,2050000.0,2106364.0,68,,5.0
三河島駅,2023,land,17,85000000,78500000,13000000,340000000,2000000.0,1861538.0,110,,6.0
三河島駅,2024,land,17,81000000,107066667,21000000,890000000,2500000.0,2656250.0,125,,7.0
三河島駅,2025,land,15,75000000,67461538,17000000,680000000,2300000.0,2323077.0,85,,6.0
三河島駅,2021,mansion,59,43000000,42084746,6000000,75000000,2512397.0,2516322.0,60,2008.0,4.0
三河島駅,2022,mansion,35,38000000,37857143,8000000,77000000,2691854.0,2569097.0,55,2004.0,5.0
三河島駅,2023,mansion,40,38500000,38662500,4000000,79000000,2644628.0,2548700.0,55,2012.0,5.0
三河島駅,2024,mansion,30,44000000,44400000,13000000,95000000,2798898.0,2748045.0,55,2002.0,4.0
三河島駅,2025,mansion,43,47000000,43184211,14000000,130000000,2892562.0,3398435.0,55,2003.0,5.0
三田駅,2021,house,9,550000000,1005555556,110000000,3500000000,4394617.0,5090679.0,145,1988.0,5.0
三田駅,2022,house,7,190000000,151666667,72000000,390000000,4269972.0,7185710.0,70,1996.0,5.0
三田駅,2023,house,7,160000000,165833333,65000000,550000000,4297520.0,4054912.0,60,2002.0,6.0
三田駅,2024,house,6,575000000,594000000,120000000,3500000000,6930470.0,6809330.0,85,1995.0,3.0
三田駅,2025,house,10,400000000,578000000,210000000,1500000000,5198509.0,4910202.0,70,1990.0,5.0
三田駅,2021,land,3,390000000,486666667,230000000,840000000,20000000.0,15500000.0,130,,6.0
三田駅,2024,land,1,120000000,120000000,120000000,120000000,5200000.0,5200000.0,75,,6.0
三田駅,2025,land,1,750000000,750000000,750000000,750000000,11000000.0,11000000.0,220,,4.0
三田駅,2021,mansion,62,32500000,47406780,15000000,350000000,4049587.0,3990173.0,32,2002.0,4.0
三田駅,2022,mansion,95,48000000,55736264,11000000,180000000,4495868.0,4545577.0,35,2004.0,4.0
三田駅,2023,mansion,76,56500000,65065789,12000000,170000000,4628099.0,4425571.0,45,2004.0,4.0
三田駅,2024,mansion,69,38000000,62507463,13000000,440000000,4628099.0,4710170.0,35,2006.0,5.0
三田駅,2025,mansion,95,45000000,69208791,14000000,280000000,5024793.0,5504264.0,35,2004.0,5.0
三越前駅,2021,house,2,69500000,69500000,60000000,79000000,4357626.0,4357626.0,38,1962.0,3.0
三越前駅,2022,house,2,805000000,805000000,410000000,1200000000,2804400.0,2804400.0,225,1975.0,6.0
三越前駅,2025,house,1,750000000,750000000,750000000,750000000,11269722.0,11269722.0,65,1976.0,2.0
三越前駅,2021,mansion,14,52500000,55785714,25000000,98000000,4003673.0,3861973.0,45,2005.0,5.0
三越前駅,2022,mansion,13,82000000,72307692,12000000,150000000,4260790.0,4093603.0,60,2014.0,6.0
三越前駅,2023,mansion,9,68000000,74222222,37000000,160000000,5024793.0,4790587.0,45,2014.0,6.0
三越前駅,2024,mansion,4,38500000,38000000,31000000,44000000,3867768.0,3983471.0,32,2002.0,5.0
三越前駅,2025,mansion,11,34000000,41666667,15000000,270000000,4958678.0,5046832.0,20,2003.0,4.0
三軒茶屋駅,2021,house,54,87000000,94659574,25000000,800000000,2892562.0,2819858.0,90,2004.0,10.0
三軒茶屋駅,2022,house,48,90500000,108386364,12000000,3200000000,2849272.0,2853185.0,72,2000.0,10.0
三軒茶屋駅,2023,house,43,100000000,141025641,37000000,1500000000,3419445.0,3400513.0,110,2001.0,10.0
三軒茶屋駅,2024,house,36,93500000,103612903,18000000,2200000000,3394764.0,3319340.0,70,2007.0,10.0
三軒茶屋駅,2025,house,60,110000000,110519231,48000000,750000000,3460782.0,3435393.0,75,2006.0,10.0
三軒茶屋駅,2021,land,19,130000000,130235294,52000000,1100000000,3400000.0,3578947.0,130,,9.0
三軒茶屋駅,2022,land,12,260000000,226800000,78000000,1400000000,3900000.0,3960000.0,235,,9.0
三軒茶屋駅,2023,land,16,115000000,109500000,34000000,440000000,3450000.0,3380000.0,92,,9.0
三軒茶屋駅,2024,land,10,107000000,113111111,30000000,2300000000,4050000.0,3611111.0,92,,8.0
三軒茶屋駅,2025,land,17,130000000,145000000,12000000,990000000,4300000.0,4168750.0,105,,9.0
三軒茶屋駅,2021,mansion,172,42500000,42846154,7500000,190000000,3265381.0,3229894.0,40,1999.0,9.0
三軒茶屋駅,2022,mansion,185,42000000,47114130,6000000,200000000,3452709.0,3455423.0,45,1999.0,9.0
三軒茶屋駅,2023,mansion,181,41000000,44532370,4800000,270000000,3570248.0,3531391.0,45,1996.0,8.0
三軒茶屋駅,2024,mansion,196,48000000,49947283,5000000,250000000,3476584.0,3623369.0,45,1996.0,9.0
三軒茶屋駅,2025,mansion,207,53000000,52893333,7000000,310000000,3893480.0,4009958.0,45,1996.0,8.0
三鷹台駅,2021,house,38,66500000,68200000,15000000,180000000,2417760.0,2330305.0,110,2016.0,11.0
三鷹台駅,2022,house,32,65000000,62566667,45000000,130000000,2327939.0,2338664.0,110,2015.0,16.0
三鷹台駅,2023,house,37,70000000,74968750,25000000,1200000000,2534435.0,2655323.0,110,2016.0,10.0
三鷹台駅,2024,house,44,72500000,69131579,19000000,730000000,2680392.0,2568360.0,105,2015.0,10.0
三鷹台駅,2025,house,71,74000000,70681818,26000000,1500000000,2578512.0,2548932.0,110,2024.0,15.0
三鷹台駅,2021,land,26,54500000,79916667,23000000,1700000000,1300000.0,1303077.0,165,,13.0
三鷹台駅,2022,land,24,77500000,104000000,23000000,460000000,1700000.0,1666667.0,172,,11.0
三鷹台駅,2023,land,20,70000000,59941176,17000000,220000000,1550000.0,1644000.0,135,,10.0
三鷹台駅,2024,land,15,66000000,62800000,30000000,100000000,1500000.0,1552667.0,120,,15.0
三鷹台駅,2025,land,15,77000000,75928571,38000000,360000000,2100000.0,2013333.0,115,,9.0
三鷹台駅,2021,mansion,20,55500000,47465000,5400000,67000000,2601569.0,2431498.0,70,2012.0,13.0
三鷹台駅,2022,mansion,20,52500000,46935000,8300000,70000000,2825659.0,2808196.0,65,2012.0,12.0
三鷹台駅,2023,mansion,15,40000000,48446667,8700000,130000000,3258560.0,2877840.0,65,2015.0,12.0
三鷹台駅,2024,mansion,29,55000000,53250000,20000000,120000000,2704733.0,2838608.0,70,2010.0,12.0
三鷹台駅,2025,mansion,26,59000000,65346154,9000000,120000000,3565525.0,3327207.0,70,2013.0,12.0
三鷹駅,2021,house,111,65000000,59714286,10000000,10000000000,2115702.0,2012387.0,115,2000.0,16.0
三鷹駅,2022,house,111,70000000,66336735,18000000,8300000000,2331448.0,2214088.0,110,2011.0,17.0
三鷹駅,2023,house,95,78000000,74705882,12000000,2000000000,2380165.0,2395559.0,115,2007.0,16.0
三鷹駅,2024,house,101,75000000,75655914,15000000,1100000000,2441195.0,2423375.0,115,2007.0,16.0
三鷹駅,2025,house,142,75000000,72210938,8500000,280000000,2571166.0,2493638.0,115,2014.0,20.0
三鷹駅,2021,land,57,71000000,79436364,29000000,260000000,1800000.0,1908393.0,130,,14.0
三鷹駅,2022,land,37,80000000,92735294,16000000,1000000000,2000000.0,1920278.0,140,,14.0
三鷹駅,2023,land,27,70000000,74766667,3200000,320000000,2000000.0,1963333.0,120,,16.0
三鷹駅,2024,land,38,87000000,92060606,30000000,690000000,2150000.0,2270541.0,148,,14.0
三鷹駅,2025,land,28,79500000,81280000,30000000,680000000,2000000.0,2054167.0,135,,13.0
三鷹駅,2021,mansion,315,47000000,46225723,6100000,160000000,2396694.0,2522404.0,65,2003.0,10.0
三鷹駅,2022,mansion,291,49000000,46719298,7300000,780000000,2589532.0,2614486.0,60,2000.0,10.0
三鷹駅,2023,mansion,305,53000000,52136213,2600000,200000000,2776859.0,2881228.0,65,2004.0,10.0
三鷹駅,2024,mansion,361,55000000,54091549,5000000,210000000,2851240.0,2926144.0,65,2002.0,10.0
三鷹駅,2025,mansion,344,54000000,54737612,7200000,190000000,2911762.0,3007240.0,65,2000.0,9.0
上中里駅,2021,house,13,48000000,48750000,13000000,350000000,1901250.0,1689177.0,70,2010.0,5.0
上中里駅,2022,house,17,58000000,55011765,9200000,86000000,2193839.0,2138298.0,60,2022.0,6.0
上中里駅,2023,house,18,57500000,53705882,29000000,180000000,2334711.0,2257501.0,55,2023.0,7.0
上中里駅,2024,house,16,64500000,55642857,22000000,160000000,2346135.0,2386523.0,70,2021.0,6.0
上中里駅,2025,house,21,61000000,61200000,30000000,140000000,2333495.0,2281329.0,60,2022.0,5.0
上中里駅,2021,land,6,53000000,68200000,12000000,550000000,1600000.0,1600000.0,85,,8.0
上中里駅,2022,land,4,62000000,58500000,45000000,65000000,2150000.0,2175000.0,85,,6.0
上中里駅,2023,land,3,43000000,54666667,42000000,79000000,1900000.0,1866667.0,110,,6.0
上中里駅,2024,land,9,48000000,39000000,21000000,140000000,2600000.0,2552222.0,45,,6.0
上中里駅,2025,land,9,54000000,56555556,27000000,91000000,2800000.0,2600000.0,65,,6.0
上中里駅,2021,mansion,1,48000000,48000000,48000000,48000000,2885049.0,2885049.0,55,2002.0,15.0
上中里駅,2022,mansion,5,30000000,29333333,4900000,110000000,1763085.0,2564187.0,60,1996.0,9.0
上中里駅,2023,mansion,5,47000000,47000000,25000000,130000000,3305785.0,3366222.0,65,2013.0,8.0
上中里駅,2024,mansion,6,36500000,38233333,7400000,70000000,2494365.0,2693714.0,58,1996.0,4.0
上中里駅,2025,mansion,7,77000000,62814286,5700000,110000000,4242424.0,3602191.0,60,2017.0,3.0
上井草駅,2021,house,55,60000000,61760000,26000000,420000000,2227055.0,2133570.0,95,2021.0,11.0
上井草駅,2022,house,32,72500000,71391304,24000000,290000000,2227013.0,2126736.0,98,2008.0,12.0
上井草駅,2023,house,44,68000000,66650000,10000000,170000000,2460973.0,2290561.0,98,2022.0,10.0
上井草駅,2024,house,72,63000000,67191176,15000000,120000000,2380165.0,2348432.0,100,2023.0,12.0
上井草駅,2025,house,68,71000000,75062500,30000000,410000000,2605736.0,2560390.0,100,2024.0,10.0
上井草駅,2021,land,10,45000000,50666667,37000000,100000000,1600000.0,1587000.0,112,,10.0
上井草駅,2022,land,6,85500000,90000000,31000000,180000000,1350000.0,1400000.0,240,,10.0
上井草駅,2023,land,5,90000000,82000000,47000000,980000000,1800000.0,1800000.0,180,,11.0
上井草駅,2024,land,12,60000000,70400000,30000000,1300000000,1700000.0,1615833.0,112,,12.0
上井草駅,2025,land,15,56000000,67333333,32000000,1800000000,1800000.0,1900000.0,100,,8.0
上井草駅,2021,mansion,21,42000000,42700000,10000000,54000000,2136046.0,2036155.0,70,2000.0,8.0
上井草駅,2022,mansion,18,43500000,40527778,7500000,60000000,2153769.0,2057258.0,70,1995.0,9.0
上井草駅,2023,mansion,33,47000000,44596970,7800000,76000000,2258953.0,2190916.0,70,1996.0,8.0
上井草駅,2024,mansion,22,49000000,49954545,25000000,78000000,2523416.0,2529058.0,65,2000.0,7.0
上井草駅,2025,mansion,17,63000000,64529412,16000000,110000000,3041322.0,3081322.0,75,2005.0,7.0
上北台駅,2021,house,59,29000000,26998182,3000000,180000000,956841.0,947200.0,125,2006.0,16.0
上北台駅,2022,house,48,31500000,30380435,3500000,200000000,1069789.0,1070395.0,125,2014.0,15.0
上北台駅,2023,house,43,34000000,32973684,3000000,370000000,1217921.0,1135268.0,120,2023.0,16.0
上北台駅,2024,house,51,35000000,31920455,4500000,1100000000,1138659.0,1112358.0,125,2022.0,18.0
上北台駅,2025,house,143,35000000,34939394,6400000,270000000,1183123.0,1161062.0,125,2025.0,15.0
上北台駅,2021,land,28,21000000,23161538,2000000,110000000,450000.0,414071.0,192,,15.0
上北台駅,2022,land,19,34000000,50821053,5900000,130000000,440000.0,401765.0,210,,16.0
上北台駅,2023,land,17,28000000,40875000,2000000,160000000,510000.0,485000.0,155,,18.0
上北台駅,2024,land,27,28000000,26650000,4300000,210000000,580000.0,626538.0,140,,14.0
上北台駅,2025,land,19,30000000,55421053,11000000,190000000,440000.0,455889.0,220,,15.0
上北台駅,2021,mansion,2,15150000,15150000,7300000,23000000,744195.0,744195.0,65,1987.0,4.0
上北台駅,2022,mansion,20,8400000,9194737,4000000,30000000,489395.0,502184.0,55,1971.0,7.0
上北台駅,2023,mansion,10,12000000,9625000,2400000,36000000,716639.0,553565.0,55,1971.0,8.0
上北台駅,2024,mansion,7,8800000,10357143,4800000,19000000,528926.0,568812.0,55,1971.0,9.0
上北台駅,2025,mansion,12,8950000,8609091,4400000,20000000,531931.0,512570.0,60,1993.0,15.0
上北沢駅,2021,house,30,61000000,55157143,9400000,680000000,1983471.0,2089209.0,88,2005.0,10.0
上北沢駅,2022,house,22,63500000,59550000,16000000,780000000,2272727.0,2313056.0,90,2004.0,10.0
上北沢駅,2023,house,14,85500000,83615385,19000000,250000000,2251082.0,2340827.0,108,1999.0,8.0
上北沢駅,2024,house,26,86000000,82750000,30000000,570000000,3194944.0,3193813.0,100,2015.0,8.0
上北沢駅,2025,house,32,83500000,76580645,8000000,870000000,2923010.0,2815737.0,100,2013.0,10.0
上北沢駅,2021,land,14,57500000,80571429,33000000,180000000,1900000.0,1871429.0,105,,10.0
上北沢駅,2022,land,7,65000000,46166667,17000000,340000000,1400000.0,1600000.0,100,,11.0
上北沢駅,2023,land,10,140000000,125555556,13000000,400000000,2200000.0,2238000.0,205,,7.0
上北沢駅,2024,land,10,88000000,105600000,40000000,210000000,1800000.0,1775000.0,142,,8.0
上北沢駅,2025,land,7,80000000,75000000,14000000,180000000,2100000.0,2025714.0,130,,10.0
上北沢駅,2021,mansion,35,33000000,40625714,8300000,88000000,2571166.0,2604351.0,45,2002.0,6.0
上北沢駅,2022,mansion,44,34000000,40359091,5300000,84000000,2803560.0,2622477.0,50,2002.0,7.0
上北沢駅,2023,mansion,28,47500000,46035714,9000000,89000000,2757969.0,2686705.0,65,2001.0,8.0
上北沢駅,2024,mansion,36,49000000,52091667,6600000,97000000,3223140.0,3079335.0,60,2002.0,8.0
上北沢駅,2025,mansion,40,57000000,53750000,6000000,100000000,3004375.0,2936696.0,62,2000.0,6.0
上板橋駅,2021,house,56,52000000,45223529,5900000,150000000,1700118.0,1517069.0,75,2016.0,10.0
上板橋駅,2022,house,51,52000000,45406250,3500000,200000000,1695113.0,1522580.0,75,2006.0,11.0
上板橋駅,2023,house,46,55000000,54827500,7600000,1100000000,1789013.0,1697960.0,92,2006.0,10.0
上板橋駅,2024,house,42,60500000,54073684,4500000,520000000,1864930.0,1796392.0,75,2016.0,10.0
上板橋駅,2025,house,78,69000000,62500000,4500000,630000000,2179414.0,1998637.0,72,2020.0,10.0
上板橋駅,2021,land,19,30000000,29341176,5800000,140000000,1400000.0,1284211.0,65,,12.0
上板橋駅,2022,land,19,40000000,40526316,1000000,97000000,1400000.0,1447211.0,70,,10.0
上板橋駅,2023,land,16,65000000,65866667,14000000,220000000,1550000.0,1647333.0,142,,8.0
上板橋駅,2024,land,16,46500000,56200000,10000000,670000000,1600000.0,1465625.0,100,,10.0
上板橋駅,2025,land,16,47000000,44953333,6300000,170000000,1600000.0,1643333.0,85,,9.0
上板橋駅,2021,mansion,103,21000000,23523762,6000000,53000000,1807162.0,1923942.0,50,1994.0,8.0
上板橋駅,2022,mansion,123,21000000,20859130,4800000,53000000,1917355.0,2018962.0,40,1992.0,9.0
上板橋駅,2023,mansion,111,23000000,24868932,6000000,74000000,1983471.0,2066615.0,50,1996.0,8.0
上板橋駅,2024,mansion,99,25000000,27523913,5800000,65000000,2247934.0,2291475.0,50,1999.0,9.0
上板橋駅,2025,mansion,139,24000000,25570803,6500000,70000000,1983471.0,2050978.0,50,1988.0,9.0
上町駅,2021,house,19,55000000,51437500,22000000,340000000,2203857.0,2072263.0,70,2005.0,8.0
上町駅,2022,house,18,81000000,78470588,55000000,140000000,2559229.0,2516156.0,90,2011.0,10.0
上町駅,2023,house,14,81000000,81916667,24000000,460000000,2929833.0,2764763.0,85,2009.0,8.0
上町駅,2024,house,15,86000000,83230769,55000000,920000000,2249230.0,2527842.0,70,2002.0,10.0
上町駅,2025,house,23,93000000,102619048,28000000,400000000,2916869.0,2860823.0,75,2013.0,10.0
上町駅,2021,land,7,75000000,78666667,62000000,150000000,2000000.0,2100000.0,130,,10.0
上町駅,2022,land,5,59000000,58500000,44000000,960000000,2100000.0,2150000.0,85,,14.0
上町駅,2023,land,5,100000000,133400000,30000000,260000000,2500000.0,2300000.0,145,,5.0
上町駅,2024,land,1,61000000,61000000,61000000,61000000,4600000.0,4600000.0,45,,9.0
上町駅,2025,land,8,81000000,80666667,28000000,120000000,3150000.0,3062500.0,78,,10.0
上町駅,2021,mansion,57,35000000,38018182,11000000,130000000,2589532.0,2532937.0,55,1998.0,7.0
上町駅,2022,mansion,43,43000000,45279070,11000000,92000000,2732782.0,2738086.0,50,2002.0,5.0
上町駅,2023,mansion,33,53000000,48381818,8800000,100000000,2920110.0,2781640.0,55,1996.0,6.0
上町駅,2024,mansion,49,50000000,54775510,11000000,140000000,3085399.0,3068361.0,65,1999.0,8.0
上町駅,2025,mansion,44,43000000,43575000,11000000,130000000,2923783.0,2961455.0,52,1988.0,8.0
上石神井駅,2021,house,78,57500000,58069444,13000000,320000000,2088154.0,2017257.0,105,2017.0,12.0
上石神井駅,2022,house,68,69500000,65587302,17000000,1100000000,2318517.0,2184404.0,108,2014.0,10.0
上石神井駅,2023,house,58,66500000,64288462,3000000,270000000,2287798.0,2216516.0,100,2019.0,13.0
上石神井駅,2024,house,65,64000000,64767857,13000000,390000000,2087864.0,2165585.0,105,2006.0,11.0
上石神井駅,2025,house,78,67000000,69328571,20000000,520000000,2378329.0,2373752.0,105,2022.0,13.0
上石神井駅,2021,land,16,51500000,56000000,19000000,700000000,1350000.0,1400000.0,130,,14.0
上石神井駅,2022,land,11,68000000,68300000,43000000,200000000,1300000.0,1471818.0,135,,7.0
上石神井駅,2023,land,18,68000000,67840000,6600000,4100000000,1500000.0,1467222.0,160,,10.0
上石神井駅,2024,land,11,53000000,54000000,41000000,68000000,1600000.0,1518182.0,125,,11.0
上石神井駅,2025,land,18,54000000,54687500,19000000,260000000,1700000.0,1569333.0,118,,14.0
上石神井駅,2021,mansion,64,31500000,32379688,6500000,62000000,2234584.0,2266200.0,60,2008.0,8.0
上石神井駅,2022,mansion,54,36500000,36153704,6000000,77000000,2093664.0,2159709.0,68,2002.0,8.0
上石神井駅,2023,mansion,59,39000000,37466102,2400000,71000000,2203857.0,2226150.0,65,2002.0,10.0
上石神井駅,2024,mansion,68,47000000,43732353,8000000,85000000,2566222.0,2447827.0,65,2007.0,10.0
上石神井駅,2025,mansion,80,43000000,41298750,6300000,100000000,2548354.0,2518649.0,60,2002.0,10.0
上野広小路駅,2021,house,1,200000000,200000000,200000000,200000000,,,80,1959.0,2.0
上野広小路駅,2022,house,3,730000000,873333333,190000000,1700000000,2854996.0,6915852.0,65,1991.0,2.0
上野広小路駅,2023,house,4,245000000,194333333,93000000,2100000000,3733613.0,3981431.0,70,2008.0,2.0
上野広小路駅,2024,house,2,1605000000,1605000000,210000000,3000000000,6734679.0,6734679.0,132,1988.0,2.0
上野広小路駅,2025,house,1,1100000000,1100000000,1100000000,1100000000,7130125.0,7130125.0,60,1963.0,3.0
上野広小路駅,2025,land,1,2300000000,2300000000,2300000000,2300000000,18000000.0,18000000.0,420,,3.0
上野御徒町駅,2021,mansion,1,31000000,31000000,31000000,31000000,4099173.0,4099173.0,25,2017.0,2.0
上野御徒町駅,2022,mansion,4,43500000,43750000,25000000,63000000,3447462.0,3574970.0,42,2010.0,2.0
上野御徒町駅,2023,mansion,3,26000000,32666667,26000000,46000000,3438016.0,3418427.0,25,2017.0,2.0
上野御徒町駅,2024,mansion,2,40500000,40500000,28000000,53000000,4041322.0,4041322.0,32,2014.0,2.0
上野御徒町駅,2025,mansion,4,34000000,37000000,28000000,52000000,3551358.0,3759150.0,35,1994.0,5.0
上野毛駅,2021,house,20,91000000,109941176,50000000,710000000,2486157.0,2519073.0,110,2011.0,10.0
上野毛駅,2022,house,25,95000000,100086957,32000000,570000000,3173554.0,3088486.0,100,2014.0,10.0
上野毛駅,2023,house,20,104500000,112263158,43000000,220000000,2933449.0,3035524.0,125,2008.0,15.0
上野毛駅,2024,house,23,100000000,119809524,56000000,730000000,3410178.0,3183079.0,120,2015.0,10.0
上野毛駅,2025,house,26,110000000,118538462,70000000,210000000,3561305.0,3626674.0,108,2016.0,10.0
上野毛駅,2021,land,9,82000000,75875000,40000000,210000000,2500000.0,2600000.0,95,,9.0
上野毛駅,2022,land,9,110000000,109428571,53000000,180000000,2700000.0,2542857.0,140,,8.0
上野毛駅,2023,land,5,110000000,130000000,90000000,190000000,2800000.0,2900000.0,160,,11.0
上野毛駅,2024,land,6,99000000,102000000,49000000,110000000,2400000.0,2616667.0,138,,12.0
上野毛駅,2025,land,9,160000000,139000000,83000000,380000000,3100000.0,3116667.0,160,,11.0
上野毛駅,2021,mansion,78,51500000,49961538,11000000,100000000,2776207.0,2726166.0,65,2002.0,7.0
上野毛駅,2022,mansion,69,62000000,57304478,7400000,190000000,3305785.0,3108154.0,60,2002.0,7.0
上野毛駅,2023,mansion,55,51000000,49603636,9200000,94000000,3236190.0,3040130.0,55,2004.0,7.0
上野毛駅,2024,mansion,70,56000000,53971014,11000000,150000000,2820937.0,3003593.0,65,1998.0,7.0
上野毛駅,2025,mansion,89,70000000,66752809,11000000,140000000,3062201.0,3255960.0,70,1998.0,7.0
上野駅,2021,house,7,85000000,78500000,36000000,1100000000,2622446.0,3948650.0,65,1976.0,6.0
上野駅,2022,house,2,71500000,71500000,53000000,90000000,2817788.0,2817788.0,42,2007.0,4.0
上野駅,2023,house,2,160000000,160000000,140000000,180000000,2835566.0,2835566.0,75,1973.0,6.0
上野駅,2024,house,3,720000000,593333333,200000000,860000000,2559317.0,5024692.0,120,1978.0,4.0
上野駅,2025,house,2,611000000,611000000,22000000,1200000000,855615.0,855615.0,85,2024.0,8.0
上野駅,2022,land,2,385000000,385000000,210000000,560000000,7050000.0,7050000.0,175,,7.0
上野駅,2023,land,1,310000000,310000000,310000000,310000000,6200000.0,6200000.0,160,,4.0
上野駅,2024,land,1,30000000,30000000,30000000,30000000,3000000.0,3000000.0,35,,5.0
上野駅,2025,land,1,220000000,220000000,220000000,220000000,11000000.0,11000000.0,65,,4.0
上野駅,2021,mansion,68,38500000,41653846,8500000,1600000000,3195592.0,3216872.0,40,2006.0,6.0
上野駅,2022,mansion,67,45000000,47984848,11000000,140000000,3494687.0,3473382.0,40,2007.0,6.0
上野駅,2023,mansion,66,42500000,45000000,11000000,110000000,3533684.0,3579088.0,35,2005.0,5.0
上野駅,2024,mansion,75,53000000,53702703,10000000,130000000,3702479.0,3773762.0,45,2005.0,5.0
上野駅,2025,mansion,67,72000000,68430769,14000000,200000000,4231405.0,4410548.0,50,2005.0,5.0
下丸子駅,2021,house,20,51500000,54166667,9000000,110000000,2204841.0,2136034.0,55,2021.0,5.0
下丸子駅,2022,house,7,66000000,70857143,55000000,110000000,2281640.0,2281640.0,65,2020.0,5.0
下丸子駅,2023,house,7,110000000,114833333,55000000,1200000000,1913876.0,2125710.0,175,1997.0,4.0
下丸子駅,2024,house,11,57000000,59800000,32000000,72000000,2331448.0,2175476.0,55,2024.0,5.0
下丸子駅,2025,house,12,69500000,64500000,47000000,150000000,2333495.0,2268162.0,68,2016.0,5.0
下丸子駅,2021,land,6,66500000,69250000,28000000,130000000,2150000.0,1983333.0,132,,5.0
下丸子駅,2022,land,2,125000000,125000000,50000000,200000000,1675000.0,1675000.0,422,,6.0
下丸子駅,2023,land,4,277000000,302375000,5500000,650000000,2200000.0,1987500.0,360,,5.0
下丸子駅,2024,land,6,50000000,56600000,20000000,230000000,2150000.0,1900000.0,88,,4.0
下丸子駅,2025,land,2,56500000,56500000,55000000,58000000,2600000.0,2600000.0,72,,6.0
下丸子駅,2021,mansion,52,54500000,48634615,14000000,90000000,2556080.0,2609604.0,75,2004.0,8.0
下丸子駅,2022,mansion,48,63000000,56957447,12000000,140000000,2682326.0,2736067.0,80,2004.0,10.0
下丸子駅,2023,mansion,35,43000000,47272727,16000000,140000000,2809917.0,2868129.0,60,2003.0,6.0
下丸子駅,2024,mansion,50,64500000,57280000,16000000,88000000,2836088.0,2869051.0,78,2004.0,10.0
下丸子駅,2025,mansion,61,69000000,64000000,17000000,130000000,2909091.0,2904634.0,80,2003.0,10.0
下井草駅,2021,house,60,58000000,56520000,11000000,1100000000,2203857.0,2026174.0,100,2012.0,10.0
下井草駅,2022,house,46,65500000,65214286,14000000,210000000,2380165.0,2343630.0,90,2018.0,10.0
下井草駅,2023,house,47,69000000,65473684,16000000,830000000,2361275.0,2304240.0,95,2020.0,10.0
下井草駅,2024,house,51,66000000,67674419,21000000,310000000,2327273.0,2235110.0,110,2016.0,10.0
下井草駅,2025,house,62,70000000,68625000,14000000,370000000,2584523.0,2421900.0,95,2022.0,10.0
下井草駅,2021,land,15,59000000,58214286,28000000,310000000,1600000.0,1631333.0,115,,8.0
下井草駅,2022,land,12,81500000,81090909,43000000,600000000,1800000.0,1866667.0,165,,6.0
下井草駅,2023,land,9,58000000,56833333,15000000,310000000,1700000.0,1700000.0,110,,10.0
下井草駅,2024,land,13,65000000,56800000,28000000,300000000,1800000.0,1850000.0,125,,6.0
下井草駅,2025,land,11,60000000,58666667,21000000,230000000,2000000.0,2130000.0,100,,12.0
下井草駅,2021,mansion,22,20500000,25572727,5500000,66000000,1840220.0,2104135.0,38,1998.0,8.0
下井草駅,2022,mansion,36,22000000,27297222,7400000,71000000,2151384.0,2179759.0,40,1991.0,8.0
下井草駅,2023,mansion,26,35000000,35219231,8300000,65000000,2576938.0,2614983.0,38,2004.0,8.0
下井草駅,2024,mansion,24,49000000,43379167,6600000,75000000,2579693.0,2603081.0,70,2002.0,8.0
下井草駅,2025,mansion,37,34000000,34143243,8400000,72000000,2597402.0,2635658.0,40,2000.0,8.0
下北沢駅,2021,house,14,120000000,128230769,70000000,450000000,2959465.0,3030478.0,92,2002.0,7.0
下北沢駅,2022,house,15,97000000,88666667,41000000,790000000,3576710.0,3507616.0,85,2009.0,10.0
下北沢駅,2023,house,14,210000000,248923077,78000000,920000000,4297520.0,3993166.0,128,2002.0,4.0
下北沢駅,2024,house,23,170000000,174650000,34000000,1400000000,4162840.0,4215205.0,165,2002.0,10.0
下北沢駅,2025,house,22,150000000,162947368,25000000,1300000000,4352617.0,4281718.0,90,2014.0,8.0
下北沢駅,2021,land,4,130000000,113333333,80000000,250000000,3400000.0,3675000.0,130,,6.0
下北沢駅,2022,land,11,150000000,205545455,27000000,520000000,4200000.0,3660000.0,130,,7.0
下北沢駅,2023,land,8,115000000,230375000,90000000,620000000,3500000.0,3328571.0,158,,7.0
下北沢駅,2024,land,3,340000000,300000000,170000000,390000000,5000000.0,5533333.0,220,,1.0
下北沢駅,2025,land,5,140000000,162400000,55000000,340000000,4300000.0,4160000.0,120,,9.0
下北沢駅,2021,mansion,27,60000000,60480000,15000000,130000000,3526171.0,3497687.0,60,2001.0,5.0
下北沢駅,2022,mansion,19,77000000,63736842,12000000,110000000,3305785.0,3537749.0,65,2000.0,3.0
下北沢駅,2023,mansion,24,69500000,71086957,14000000,180000000,4584809.0,4265130.0,55,1997.0,5.0
下北沢駅,2024,mansion,19,66000000,65052632,13000000,140000000,4132231.0,3965604.0,55,2004.0,6.0
下北沢駅,2025,mansion,37,66000000,71138889,12000000,170000000,4775023.0,4769904.0,50,2004.0,5.0
下板橋駅,2021,house,6,62500000,66333333,46000000,95000000,2371770.0,2510691.0,62,2016.0,6.0
下板橋駅,2022,house,12,57500000,58333333,10000000,130000000,2314050.0,1819392.0,68,1998.0,6.0
下板橋駅,2023,house,16,75500000,62266667,17000000,1100000000,2115702.0,2128999.0,65,2001.0,8.0
下板橋駅,2024,house,13,110000000,210363636,20000000,1500000000,2577725.0,2403131.0,150,2000.0,5.0
下板橋駅,2025,house,8,80000000,72875000,21000000,100000000,2435842.0,2327674.0,90,2000.0,6.0
下板橋駅,2021,land,2,57500000,57500000,55000000,60000000,2550000.0,2550000.0,75,,6.0
下板橋駅,2022,land,5,110000000,91250000,65000000,320000000,2600000.0,2640000.0,140,,8.0
下板橋駅,2023,land,4,51500000,65750000,40000000,120000000,2550000.0,2550000.0,68,,5.0
下板橋駅,2024,land,6,140000000,186166667,47000000,400000000,2750000.0,2716667.0,145,,6.0
下板橋駅,2025,land,4,51000000,49000000,45000000,250000000,2800000.0,3033333.0,85,,4.0
下板橋駅,2021,mansion,52,34000000,30395833,12000000,69000000,3572791.0,3465545.0,25,2013.0,4.0
下板橋駅,2022,mansion,32,23000000,22420000,6000000,73000000,2927122.0,2679175.0,28,1999.0,6.0
下板橋駅,2023,mansion,40,25000000,23738235,7200000,69000000,2925620.0,2896404.0,25,2008.0,7.0
下板橋駅,2024,mansion,43,31000000,29765789,5700000,83000000,3702479.0,3687482.0,25,2012.0,8.0
下板橋駅,2025,mansion,40,27500000,25448485,9800000,89000000,3157025.0,2976897.0,35,1997.0,7.0
下神明駅,2021,house,22,66000000,79440000,8800000,740000000,2722411.0,2456710.0,88,2018.0,6.0
下神明駅,2022,house,10,63000000,62285714,11000000,82000000,2710744.0,2688873.0,65,2013.0,6.0
下神明駅,2023,house,12,72500000,90000000,23000000,450000000,2883579.0,2567871.0,90,1994.0,6.0
下神明駅,2024,house,12,73000000,70818182,45000000,160000000,2848061.0,2864219.0,55,2016.0,6.0
下神明駅,2025,house,16,105000000,88214286,23000000,630000000,3173554.0,3161528.0,85,1983.0,7.0
下神明駅,2021,land,5,45000000,44800000,26000000,66000000,2400000.0,2400000.0,65,,6.0
下神明駅,2022,land,6,58000000,57666667,40000000,74000000,2450000.0,2583333.0,65,,6.0
下神明駅,2023,land,11,69000000,68375000,22000000,130000000,3100000.0,2954545.0,65,,6.0
下神明駅,2024,land,10,54000000,56444444,30000000,140000000,2300000.0,2530000.0,68,,6.0
下神明駅,2025,land,7,47000000,37500000,14000000,120000000,2800000.0,2871429.0,45,,6.0
下神明駅,2021,mansion,5,20000000,14850000,6500000,70000000,3272727.0,3221304.0,20,2005.0,6.0
下神明駅,2022,mansion,20,23000000,25533333,6700000,82000000,3471074.0,3458320.0,20,2008.0,6.0
下神明駅,2023,mansion,16,30000000,35143750,8300000,80000000,3076325.0,3103811.0,28,1989.0,6.0
下神明駅,2024,mansion,12,28500000,32841667,9100000,70000000,3195592.0,3285119.0,22,1993.0,6.0
下神明駅,2025,mansion,14,64000000,64657143,6500000,140000000,4510035.0,4225992.0,58,2005.0,3.0
下落合駅,2021,house,15,94000000,204500000,19000000,1600000000,2968398.0,2902193.0,95,2004.0,5.0
下落合駅,2022,house,9,85000000,74000000,40000000,1700000000,2247934.0,2249028.0,75,2002.0,7.0
下落合駅,2023,house,4,65000000,55000000,35000000,630000000,2387944.0,2576446.0,88,2013.0,6.0
下落合駅,2024,house,5,80000000,73250000,59000000,310000000,2783819.0,2495894.0,85,2006.0,10.0
下落合駅,2025,house,14,115000000,174571429,48000000,450000000,3305785.0,3096517.0,90,2012.0,5.0
下落合駅,2021,land,11,78000000,107545455,33000000,240000000,3300000.0,3445455.0,95,,4.0
下落合駅,2022,land,5,88000000,99000000,54000000,150000000,2800000.0,2775000.0,105,,8.0
下落合駅,2023,land,3,73000000,86666667,47000000,140000000,3000000.0,2933333.0,75,,7.0
下落合駅,2024,land,8,99000000,90333333,67000000,550000000,3250000.0,3212500.0,92,,6.0
下落合駅,2025,land,5,220000000,198400000,52000000,350000000,3900000.0,3900000.0,200,,6.0
下落合駅,2021,mansion,62,25000000,30793333,8800000,120000000,2990233.0,2942346.0,32,2000.0,3.0
下落合駅,2022,mansion,81,36000000,34901282,7800000,120000000,3245680.0,3267833.0,30,2003.0,4.0
下落合駅,2023,mansion,81,47000000,42637179,3900000,140000000,3393939.0,3423708.0,35,2003.0,4.0
下落合駅,2024,mansion,66,37000000,43095385,7400000,240000000,3370064.0,3314282.0,40,1999.0,4.0
下落合駅,2025,mansion,79,44000000,52666667,4000000,180000000,3636364.0,3645645.0,45,2003.0,4.0
下赤塚駅,2021,house,32,49000000,47185185,4700000,110000000,1594555.0,1561491.0,80,2020.0,13.0
下赤塚駅,2022,house,20,44500000,39070588,4200000,330000000,1555266.0,1681535.0,70,2004.0,10.0
下赤塚駅,2023,house,32,55500000,47888889,5000000,630000000,1716688.0,1727158.0,98,2004.0,11.0
下赤塚駅,2024,house,33,52000000,46537500,7200000,120000000,1910009.0,1653808.0,80,2016.0,12.0
下赤塚駅,2025,house,39,52000000,49636364,6500000,330000000,1739887.0,1700569.0,85,2011.0,12.0
下赤塚駅,2021,land,9,46000000,46400000,18000000,420000000,1500000.0,1525000.0,100,,9.0
下赤塚駅,2022,land,5,24000000,26000000,18000000,34000000,1100000.0,1128000.0,60,,14.0
下赤塚駅,2023,land,10,39500000,41900000,15000000,74000000,1350000.0,1462500.0,92,,9.0
下赤塚駅,2024,land,7,35000000,44571429,20000000,93000000,1400000.0,1365714.0,130,,7.0
下赤塚駅,2025,land,8,46000000,54625000,15000000,130000000,1400000.0,1575000.0,98,,11.0
下赤塚駅,2021,mansion,24,35000000,33966667,4200000,58000000,1961432.0,1969373.0,62,2008.0,10.0
下赤塚駅,2022,mansion,29,18000000,22796552,6100000,47000000,1983471.0,2042110.0,45,2008.0,9.0
下赤塚駅,2023,mansion,19,22000000,24217647,6000000,67000000,2049587.0,2083451.0,50,1992.0,9.0
下赤塚駅,2024,mansion,20,37000000,37550000,10000000,62000000,2080546.0,2153124.0,58,2012.0,11.0
下赤塚駅,2025,mansion,24,34500000,31782609,7000000,81000000,1922865.0,1965542.0,60,2006.0,11.0
下高井戸駅,2021,house,20,73000000,70888889,49000000,230000000,2644628.0,2519074.0,78,2011.0,6.0
下高井戸駅,2022,house,10,92000000,120555556,61000000,660000000,3093876.0,2882944.0,82,2017.0,6.0
下高井戸駅,2023,house,17,110000000,102615385,65000000,600000000,2938476.0,2787294.0,120,2007.0,6.0
下高井戸駅,2024,house,14,135000000,117000000,46000000,1400000000,3541912.0,3138993.0,115,1990.0,6.0
下高井戸駅,2025,house,23,100000000,105210526,60000000,770000000,3305785.0,3182526.0,95,2009.0,6.0
下高井戸駅,2021,land,3,45000000,57666667,29000000,99000000,1900000.0,1866667.0,80,,9.0
下高井戸駅,2022,land,4,87500000,105250000,36000000,210000000,2350000.0,2300000.0,95,,5.0
下高井戸駅,2023,land,10,61000000,60666667,20000000,230000000,1750000.0,1870000.0,115,,4.0
下高井戸駅,2024,land,9,80000000,130555556,62000000,310000000,3100000.0,2962500.0,100,,4.0
下高井戸駅,2025,land,1,110000000,110000000,110000000,110000000,3700000.0,3700000.0,100,,5.0
下高井戸駅,2021,mansion,31,50000000,45435484,9500000,85000000,2554470.0,2527930.0,60,1996.0,4.0
下高井戸駅,2022,mansion,39,31000000,35484615,8200000,75000000,2704733.0,2788074.0,40,1987.0,3.0
下高井戸駅,2023,mansion,30,31500000,36256667,7500000,92000000,2894530.0,2819341.0,30,1995.0,4.0
下高井戸駅,2024,mansion,39,32000000,39000000,7800000,95000000,2754821.0,2769077.0,45,1987.0,4.0
下高井戸駅,2025,mansion,38,42000000,46171053,9500000,100000000,3873028.0,3797409.0,32,2000.0,5.0
不動前駅,2021,house,11,70000000,95500000,5000000,740000000,2722411.0,2550123.0,70,2002.0,8.0
不動前駅,2022,house,20,150000000,234473684,30000000,1100000000,3665532.0,3584692.0,105,2012.0,7.0
不動前駅,2023,house,15,90000000,87083333,45000000,1000000000,3189110.0,3350691.0,70,2004.0,9.0
不動前駅,2024,house,14,170000000,152750000,50000000,640000000,3905603.0,3937465.0,75,2018.0,6.0
不動前駅,2025,house,18,150000000,180937500,80000000,3000000000,4297520.0,4083620.0,85,2014.0,8.0
不動前駅,2021,land,7,60000000,61666667,4600000,410000000,2900000.0,2471429.0,70,,12.0
不動前駅,2022,land,5,85000000,135200000,57000000,280000000,3400000.0,3500000.0,70,,12.0
不動前駅,2023,land,5,110000000,115000000,70000000,510000000,4200000.0,4233333.0,85,,9.0
不動前駅,2024,land,12,98500000,113636364,50000000,1500000000,3750000.0,4025000.0,90,,8.0
不動前駅,2025,land,8,91500000,125625000,30000000,300000000,2400000.0,3210000.0,115,,8.0
不動前駅,2021,mansion,123,62000000,58491057,9600000,130000000,4049587.0,4011931.0,55,2010.0,4.0
不動前駅,2022,mansion,121,65000000,58471074,9000000,130000000,4087152.0,4019190.0,50,2003.0,5.0
不動前駅,2023,mansion,117,64000000,58593162,7500000,130000000,4055096.0,4002183.0,45,2003.0,5.0
不動前駅,2024,mansion,138,66500000,67521739,9000000,160000000,4455297.0,4526825.0,50,2004.0,5.0
不動前駅,2025,mansion,136,65500000,72177206,7000000,190000000,4848485.0,4927992.0,45,2004.0,5.0
世田谷代田駅,2021,house,11,93000000,111000000,60000000,550000000,2723458.0,2735433.0,130,1999.0,8.0
世田谷代田駅,2022,house,10,125000000,132000000,45000000,370000000,3223140.0,3143197.0,138,2010.0,8.0
世田谷代田駅,2023,house,12,95500000,88100000,42000000,440000000,2483506.0,2668919.0,85,1998.0,6.0
世田谷代田駅,2024,house,14,140000000,128166667,70000000,640000000,3049587.0,3447413.0,110,2003.0,8.0
世田谷代田駅,2025,house,12,130000000,133363636,25000000,320000000,3787879.0,3636015.0,95,2007.0,6.0
世田谷代田駅,2021,land,5,75000000,87400000,60000000,120000000,2700000.0,3000000.0,90,,5.0
世田谷代田駅,2022,land,3,130000000,123333333,80000000,160000000,2500000.0,3100000.0,120,,8.0
世田谷代田駅,2023,land,4,190000000,200000000,100000000,220000000,3700000.0,3800000.0,180,,6.0
世田谷代田駅,2024,land,5,120000000,101750000,54000000,1900000000,3500000.0,3380000.0,175,,5.0
世田谷代田駅,2025,land,7,160000000,170000000,100000000,260000000,3700000.0,3842857.0,145,,12.0
世田谷代田駅,2021,mansion,8,30000000,37437500,7500000,73000000,2141247.0,2115088.0,65,1983.0,4.0
世田谷代田駅,2022,mansion,16,29000000,35687500,5800000,89000000,2935136.0,2801350.0,38,1988.0,7.0
世田谷代田駅,2023,mansion,16,43000000,49843750,7500000,130000000,3156601.0,2785446.0,52,1996.0,5.0
世田谷代田駅,2024,mansion,20,34500000,54245000,7900000,120000000,3815427.0,3807124.0,40,2006.0,7.0
世田谷代田駅,2025,mansion,19,29000000,25976471,6800000,130000000,2975207.0,2937584.0,30,1996.0,7.0
世田谷駅,2021,house,9,67000000,61125000,20000000,260000000,2013524.0,2176073.0,90,1999.0,7.0
世田谷駅,2022,house,5,140000000,115000000,72000000,1500000000,2809917.0,2693189.0,105,2021.0,5.0
世田谷駅,2023,house,5,110000000,102750000,81000000,180000000,2448730.0,2395555.0,115,2001.0,5.0
世田谷駅,2024,house,3,380000000,366666667,120000000,600000000,2559317.0,2746215.0,150,1992.0,5.0
世田谷駅,2025,house,9,120000000,125000000,40000000,320000000,3148367.0,2956982.0,125,2001.0,5.0
世田谷駅,2021,land,4,72500000,75000000,26000000,80000000,2500000.0,2475000.0,90,,8.0
世田谷駅,2022,land,2,165000000,165000000,150000000,180000000,3150000.0,3150000.0,188,,4.0
世田谷駅,2023,land,7,100000000,97166667,44000000,290000000,2500000.0,2514286.0,130,,4.0
世田谷駅,2024,land,4,75000000,77666667,15000000,83000000,2650000.0,2575000.0,80,,9.0
世田谷駅,2025,land,5,80000000,75750000,65000000,1100000000,2800000.0,2800000.0,90,,4.0
世田谷駅,2021,mansion,10,36500000,37920000,8200000,70000000,1930494.0,2175131.0,60,1990.0,4.0
世田谷駅,2022,mansion,7,30000000,27716667,5300000,77000000,2077922.0,2203095.0,45,1982.0,2.0
世田谷駅,2023,mansion,22,58000000,54022727,8500000,85000000,2971867.0,2851865.0,70,1994.0,4.0
世田谷駅,2024,mansion,11,56000000,49454545,20000000,88000000,2424242.0,2650547.0,60,1987.0,4.0
世田谷駅,2025,mansion,18,52500000,58722222,14000000,120000000,3353010.0,3284629.0,58,1989.0,4.0
両国駅,2021,house,16,155000000,239666667,49000000,1600000000,2379856.0,2553824.0,115,1984.0,5.0
両国駅,2022,house,10,165000000,192000000,41000000,3400000000,2398428.0,2391614.0,100,2009.0,7.0
両国駅,2023,house,16,245000000,309733333,3000000,2700000000,2507837.0,2623910.0,160,1990.0,7.0
両国駅,2024,house,21,200000000,360857143,18000000,1100000000,2438518.0,2683193.0,110,1990.0,5.0
両国駅,2025,house,22,190000000,173578947,28000000,1200000000,2800194.0,2643489.0,98,1987.0,7.0
両国駅,2021,land,5,140000000,106250000,66000000,460000000,4200000.0,4120000.0,110,,6.0
両国駅,2022,land,4,185000000,147000000,71000000,900000000,3000000.0,3075000.0,222,,10.0
両国駅,2023,land,12,99000000,115833333,38000000,250000000,3650000.0,3666667.0,105,,7.0
両国駅,2024,land,11,100000000,143727273,50000000,310000000,5200000.0,5309091.0,70,,6.0
両国駅,2025,land,8,200000000,266375000,71000000,630000000,6050000.0,6475000.0,128,,7.0
両国駅,2021,mansion,239,29000000,34913502,8500000,94000000,3065364.0,2998477.0,30,2008.0,6.0
両国駅,2022,mansion,225,37000000,39588889,8000000,92000000,3173554.0,3116265.0,40,2009.0,6.0
両国駅,2023,mansion,232,30000000,35677293,9500000,89000000,3173554.0,3121064.0,30,2009.0,6.0
両国駅,2024,mansion,203,33000000,39030198,7400000,99000000,3305785.0,3188102.0,40,2008.0,7.0
両国駅,2025,mansion,247,35000000,41790123,8000000,140000000,3570248.0,3509222.0,40,2007.0,6.0
中井駅,2021,house,27,68000000,70173913,31000000,270000000,2745638.0,2690689.0,85,2019.0,6.0
中井駅,2022,house,27,77000000,95440000,8000000,350000000,2679426.0,2601529.0,90,2014.0,6.0
中井駅,2023,house,19,78000000,80944444,14000000,250000000,2681359.0,2490532.0,90,2005.0,5.0
中井駅,2024,house,23,77000000,72578947,45000000,190000000,2876033.0,2857156.0,90,2017.0,6.0
中井駅,2025,house,27,90000000,87550000,19000000,560000000,3131796.0,3305697.0,95,2016.0,7.0
中井駅,2021,land,5,52000000,85000000,37000000,160000000,2200000.0,2150000.0,70,,4.0
中井駅,2022,land,8,102500000,95285714,50000000,240000000,2400000.0,2475000.0,145,,6.0
中井駅,2023,land,11,81000000,88400000,47000000,260000000,2000000.0,2154545.0,175,,5.0
中井駅,2024,land,12,71000000,76727273,20000000,270000000,2700000.0,2409091.0,110,,6.0
中井駅,2025,land,10,57000000,83888889,42000000,390000000,2250000.0,2287000.0,165,,6.0
中井駅,2021,mansion,43,22000000,25971429,7800000,75000000,2600551.0,2540169.0,35,1996.0,4.0
中井駅,2022,mansion,34,22000000,24846875,5800000,100000000,2614575.0,2623273.0,30,1992.0,4.0
中井駅,2023,mansion,34,28000000,26073333,9200000,90000000,3140496.0,3027075.0,32,2001.0,4.0
中井駅,2024,mansion,36,30000000,33120588,9000000,130000000,2911762.0,3036238.0,45,1992.0,4.0
中井駅,2025,mansion,47,35000000,43052174,9400000,140000000,3107438.0,2970934.0,40,1997.0,4.0
中央大学・明星大学駅,2021,house,14,37000000,34416667,8300000,95000000,1133412.0,1020807.0,152,2014.0,9.0
中央大学・明星大学駅,2022,house,11,32000000,35200000,17000000,210000000,958678.0,1034875.0,180,2003.0,10.0
中央大学・明星大学駅,2024,house,3,38000000,37666667,35000000,40000000,1006108.0,999150.0,190,1994.0,10.0
中央大学・明星大学駅,2025,house,7,30000000,25828571,7800000,39000000,862379.0,734906.0,205,1997.0,10.0
中央大学・明星大学駅,2021,land,1,90000000,90000000,90000000,90000000,350000.0,350000.0,850,,5.0
中央大学・明星大学駅,2024,land,1,20000000,20000000,20000000,20000000,330000.0,330000.0,200,,10.0
中央大学・明星大学駅,2021,mansion,5,20000000,21800000,17000000,29000000,936639.0,884205.0,70,2001.0,6.0
中央大学・明星大学駅,2022,mansion,10,24000000,22800000,14000000,29000000,1024793.0,1101335.0,68,2000.0,6.0
中央大学・明星大学駅,2023,mansion,2,22000000,22000000,20000000,24000000,936639.0,936639.0,78,2000.0,4.0
中央大学・明星大学駅,2024,mansion,3,24000000,23666667,23000000,24000000,1013774.0,1021120.0,75,2000.0,3.0
中央大学・明星大学駅,2025,mansion,17,25000000,26352941,19000000,37000000,1090909.0,1136054.0,75,2000.0,4.0
中延駅,2021,house,10,88500000,80125000,37000000,510000000,2380165.0,2563838.0,82,2008.0,4.0
中延駅,2022,house,13,72000000,70666667,35000000,310000000,2892562.0,2459220.0,55,2008.0,5.0
中延駅,2023,house,12,72000000,69800000,40000000,370000000,2215456.0,2427532.0,85,2005.0,6.0
中延駅,2024,house,17,74000000,72538462,52000000,440000000,2842975.0,2884185.0,75,2016.0,5.0
中延駅,2025,house,20,89500000,86666667,40000000,310000000,3111327.0,2805018.0,72,2006.0,5.0
中延駅,2021,land,3,73000000,65000000,45000000,77000000,3300000.0,3000000.0,70,,4.0
中延駅,2022,land,3,70000000,88333333,55000000,140000000,2500000.0,2600000.0,105,,3.0
中延駅,2023,land,10,91500000,119400000,23000000,340000000,2950000.0,2644444.0,95,,4.0
中延駅,2024,land,4,83500000,85750000,46000000,130000000,2950000.0,2966667.0,110,,4.0
中延駅,2025,land,8,62000000,60000000,22000000,88000000,2350000.0,2462500.0,75,,5.0
中延駅,2021,mansion,21,25000000,39380952,7000000,80000000,3400236.0,3415604.0,25,2008.0,5.0
中延駅,2022,mansion,27,43000000,45259259,10000000,87000000,3595041.0,3444272.0,45,2005.0,4.0
中延駅,2023,mansion,19,52000000,53368421,13000000,93000000,3842975.0,4077646.0,50,2009.0,4.0
中延駅,2024,mansion,25,58000000,56040000,19000000,98000000,4387678.0,4262130.0,45,2015.0,4.0
中延駅,2025,mansion,24,28000000,52875000,12000000,130000000,4099173.0,4339504.0,35,2005.0,5.0
中村橋駅,2021,house,38,64500000,58911765,25000000,1700000000,1968445.0,2027985.0,100,2020.0,10.0
中村橋駅,2022,house,28,69500000,65115385,8000000,340000000,2075298.0,1904698.0,110,1996.0,10.0
中村橋駅,2023,house,25,71000000,69590909,20000000,470000000,2479339.0,2200376.0,100,2021.0,10.0
中村橋駅,2024,house,37,75000000,91878788,23000000,530000000,2496158.0,2450760.0,100,2022.0,10.0
中村橋駅,2025,house,38,66500000,70096774,10000000,540000000,2411278.0,2216418.0,100,2006.0,10.0
中村橋駅,2021,land,8,49500000,49857143,19000000,230000000,1500000.0,1571429.0,102,,10.0
中村橋駅,2022,land,11,54000000,68727273,11000000,170000000,1800000.0,1890909.0,100,,6.0
中村橋駅,2023,land,14,64500000,67076923,29000000,1300000000,1900000.0,1923571.0,128,,8.0
中村橋駅,2024,land,7,51000000,50000000,20000000,130000000,1700000.0,1633333.0,90,,9.0
中村橋駅,2025,land,8,81000000,91875000,21000000,200000000,2000000.0,1962500.0,142,,8.0
中村橋駅,2021,mansion,94,23000000,27131183,5400000,100000000,2314050.0,2271094.0,35,2003.0,7.0
中村橋駅,2022,mansion,101,32000000,35135644,2700000,87000000,2292011.0,2307675.0,50,1999.0,7.0
中村橋駅,2023,mansion,113,36000000,35959292,5500000,73000000,2464312.0,2471736.0,55,1999.0,7.0
中村橋駅,2024,mansion,102,34000000,38916863,720000,83000000,3008264.0,2954647.0,45,2006.0,6.0
中村橋駅,2025,mansion,114,27000000,30559091,5900000,85000000,2787378.0,2808468.0,30,2005.0,6.0
中板橋駅,2021,house,37,50000000,45705882,4000000,290000000,1857536.0,1641907.0,70,2008.0,8.0
中板橋駅,2022,house,26,57000000,55347826,19000000,940000000,1995509.0,1661099.0,82,2006.0,6.0
中板橋駅,2023,house,33,60000000,55360000,12000000,620000000,2144293.0,1919334.0,70,2010.0,9.0
中板橋駅,2024,house,24,60000000,68500000,23000000,180000000,1836547.0,1661808.0,82,2001.0,10.0
中板橋駅,2025,house,27,68000000,69666667,11000000,1500000000,2035228.0,1980008.0,75,2017.0,8.0
中板橋駅,2021,land,17,46000000,61058824,10000000,120000000,2000000.0,1950000.0,85,,7.0
中板橋駅,2022,land,11,63000000,56222222,14000000,250000000,2000000.0,1890000.0,80,,5.0
中板橋駅,2023,land,10,80500000,65125000,22000000,240000000,2350000.0,2270000.0,105,,8.0
中板橋駅,2024,land,14,57500000,56818182,40000000,500000000,2050000.0,1961538.0,90,,4.0
中板橋駅,2025,land,5,49000000,52800000,30000000,76000000,2000000.0,2060000.0,75,,12.0
中板橋駅,2021,mansion,49,23000000,25012245,5900000,48000000,2424242.0,2411059.0,30,2005.0,8.0
中板橋駅,2022,mansion,50,22000000,23124490,8400000,74000000,2008900.0,2088991.0,32,1997.0,8.0
中板橋駅,2023,mansion,59,25000000,25196429,7500000,72000000,2390337.0,2365444.0,30,2008.0,7.0
中板橋駅,2024,mansion,48,27500000,28976744,4700000,74000000,3049587.0,2847663.0,30,2014.0,8.0
中板橋駅,2025,mansion,58,26500000,26581818,6200000,58000000,2253443.0,2402356.0,40,1995.0,6.0
中河原駅,2021,house,58,38000000,36481481,2300000,350000000,1322314.0,1316797.0,105,2020.0,12.0
中河原駅,2022,house,46,43000000,43341463,7000000,330000000,1384118.0,1375039.0,110,2012.0,13.0
中河原駅,2023,house,32,43500000,44931034,10000000,73000000,1520071.0,1490803.0,110,2012.0,10.0
中河原駅,2024,house,36,45500000,44970588,13000000,200000000,1542700.0,1431615.0,112,2012.0,12.0
中河原駅,2025,house,99,46000000,43958333,24000000,170000000,1728978.0,1650037.0,110,2024.0,15.0
中河原駅,2021,land,3,10000000,18333333,5000000,40000000,650000.0,653333.0,55,,8.0
中河原駅,2022,land,6,43000000,46333333,29000000,75000000,705000.0,728333.0,192,,13.0
中河原駅,2023,land,10,36500000,27850000,4800000,90000000,880000.0,927143.0,118,,15.0
中河原駅,2024,land,15,36000000,42076923,15000000,190000000,840000.0,794667.0,140,,13.0
中河原駅,2025,land,8,52500000,59750000,23000000,100000000,940000.0,931250.0,182,,14.0
中河原駅,2021,mansion,67,26000000,27865672,12000000,49000000,1285583.0,1281183.0,70,2005.0,7.0
中河原駅,2022,mansion,45,33000000,33577778,14000000,60000000,1747344.0,1676259.0,75,2007.0,4.0
中河原駅,2023,mansion,50,32500000,32880000,15000000,57000000,1535813.0,1486455.0,75,2005.0,8.0
中河原駅,2024,mansion,52,30500000,31235294,12000000,65000000,1592952.0,1599847.0,65,2005.0,7.0
中河原駅,2025,mansion,64,31000000,31008065,9500000,62000000,1373172.0,1448935.0,75,2003.0,8.0
中目黒駅,2021,house,19,170000000,138187500,45000000,1100000000,3750724.0,3791612.0,115,2004.0,9.0
中目黒駅,2022,house,14,315000000,461538462,120000000,8200000000,4335798.0,3986639.0,168,1995.0,9.0
中目黒駅,2023,house,13,200000000,197090909,68000000,2600000000,3966942.0,4038021.0,105,1998.0,7.0
中目黒駅,2024,house,16,175000000,275866667,28000000,1100000000,4507889.0,4364152.0,90,2006.0,10.0
中目黒駅,2025,house,22,160000000,136823529,9000000,1100000000,4447068.0,4542681.0,85,2006.0,10.0
中目黒駅,2021,land,3,74000000,85666667,73000000,110000000,3900000.0,3900000.0,60,,13.0
中目黒駅,2022,land,3,100000000,112666667,98000000,140000000,3500000.0,4366667.0,90,,8.0
中目黒駅,2023,land,4,230000000,220000000,200000000,610000000,6650000.0,7225000.0,105,,4.0
中目黒駅,2024,land,6,170000000,199500000,77000000,340000000,6900000.0,6383333.0,120,,7.0
中目黒駅,2025,land,9,98000000,222555556,48000000,640000000,4100000.0,4844444.0,95,,7.0
中目黒駅,2021,mansion,134,59500000,67526718,14000000,240000000,4037780.0,4163457.0,55,2000.0,7.0
中目黒駅,2022,mansion,128,67000000,65272000,7500000,310000000,4451003.0,4275404.0,50,2002.0,7.0
中目黒駅,2023,mansion,135,70000000,73496241,11000000,630000000,4694215.0,4717096.0,50,2005.0,8.0
中目黒駅,2024,mansion,116,59500000,70442478,5000000,270000000,4528677.0,4719241.0,50,1998.0,8.0
中目黒駅,2025,mansion,153,70000000,85972603,15000000,600000000,5068870.0,5459193.0,50,1996.0,7.0
中神駅,2021,house,39,33000000,28651351,3800000,130000000,1121092.0,1039877.0,110,2011.0,14.0
中神駅,2022,house,38,37500000,37722222,5000000,59000000,1248852.0,1197924.0,112,2007.0,11.0
中神駅,2023,house,34,42000000,38375000,8000000,78000000,1307941.0,1341851.0,125,2018.0,14.0
中神駅,2024,house,39,44000000,42088235,6500000,150000000,1572664.0,1542190.0,125,2019.0,11.0
中神駅,2025,house,45,39000000,40418605,6000000,69000000,1398601.0,1454086.0,115,2025.0,15.0
中神駅,2021,land,14,30500000,25172727,7900000,120000000,770000.0,749286.0,125,,6.0
中神駅,2022,land,18,35000000,38062500,11000000,230000000,750000.0,781667.0,140,,8.0
中神駅,2023,land,27,29000000,29920000,8000000,150000000,750000.0,746000.0,145,,10.0
中神駅,2024,land,23,45000000,57130435,7000000,160000000,620000.0,680476.0,240,,6.0
中神駅,2025,land,24,32500000,28133333,3200000,320000000,770000.0,787619.0,125,,7.0
中神駅,2021,mansion,43,25000000,26825581,7500000,45000000,1169739.0,1212007.0,70,2002.0,10.0
中神駅,2022,mansion,28,25500000,25032143,6000000,42000000,1145218.0,1091423.0,70,2002.0,16.0
中神駅,2023,mansion,27,29000000,31129630,5500000,53000000,1404959.0,1417790.0,70,2002.0,10.0
中神駅,2024,mansion,40,35000000,33162500,5500000,49000000,1410862.0,1443202.0,75,2002.0,11.0
中神駅,2025,mansion,56,39500000,37703704,5800000,57000000,1676505.0,1646479.0,70,2016.0,10.0
中野坂上駅,2021,house,29,64000000,73925926,25000000,300000000,2441195.0,2316764.0,70,2002.0,7.0
中野坂上駅,2022,house,32,75500000,91285714,1000000,1100000000,2517482.0,2460451.0,88,2008.0,6.0
中野坂上駅,2023,house,20,78000000,76705882,35000000,330000000,2644628.0,2708722.0,75,2014.0,8.0
中野坂上駅,2024,house,22,92500000,112444444,11000000,1300000000,2956841.0,2886051.0,75,2011.0,6.0
中野坂上駅,2025,house,28,90000000,89909091,18000000,1800000000,3287420.0,3333903.0,70,2008.0,8.0
中野坂上駅,2021,land,8,74500000,74000000,55000000,120000000,2800000.0,2842857.0,82,,6.0
中野坂上駅,2022,land,4,67500000,72000000,27000000,81000000,2600000.0,2800000.0,72,,7.0
中野坂上駅,2023,land,4,73500000,78000000,45000000,120000000,2850000.0,2825000.0,72,,6.0
中野坂上駅,2024,land,6,89500000,156000000,68000000,310000000,3400000.0,6183333.0,78,,6.0
中野坂上駅,2025,land,6,150000000,141666667,47000000,240000000,3350000.0,3300000.0,115,,4.0
中野坂上駅,2021,mansion,98,37500000,43928571,7500000,100000000,2975206.0,2905306.0,50,1999.0,5.0
中野坂上駅,2022,mansion,108,40000000,44314815,7000000,110000000,3249114.0,3146454.0,45,2002.0,6.0
中野坂上駅,2023,mansion,104,43000000,47321359,6600000,150000000,3414994.0,3345779.0,45,2000.0,6.0
中野坂上駅,2024,mansion,106,44500000,49014706,7800000,130000000,3766591.0,3604880.0,50,1999.0,5.0
中野坂上駅,2025,mansion,115,43000000,53342105,10000000,160000000,3746556.0,3730650.0,40,1999.0,4.0
中野富士見町駅,2021,house,21,67000000,60500000,38000000,1400000000,2203857.0,2172607.0,85,2004.0,9.0
中野富士見町駅,2022,house,9,110000000,104375000,62000000,930000000,2732782.0,2494640.0,70,2018.0,6.0
中野富士見町駅,2023,house,16,90000000,115857143,48000000,2500000000,2377017.0,2295101.0,122,2005.0,10.0
中野富士見町駅,2024,house,11,98000000,190272727,65000000,500000000,2865014.0,2714548.0,90,2000.0,6.0
中野富士見町駅,2025,house,18,110000000,112466667,18000000,650000000,2832874.0,2726871.0,102,1996.0,6.0
中野富士見町駅,2021,land,6,53000000,56833333,36000000,80000000,2850000.0,2800000.0,75,,5.0
中野富士見町駅,2022,land,1,36000000,36000000,36000000,36000000,1900000.0,1900000.0,60,,8.0
中野富士見町駅,2023,land,1,45000000,45000000,45000000,45000000,3000000.0,3000000.0,50,,8.0
中野富士見町駅,2024,land,5,91000000,163400000,66000000,290000000,2700000.0,2820000.0,135,,6.0
中野富士見町駅,2025,land,2,160000000,160000000,140000000,180000000,2000000.0,2000000.0,275,,8.0
中野富士見町駅,2021,mansion,65,33000000,37460000,5200000,79000000,2644628.0,2525750.0,40,1996.0,5.0
中野富士見町駅,2022,mansion,61,25000000,36626230,7300000,90000000,2933884.0,2828922.0,35,1997.0,5.0
中野富士見町駅,2023,mansion,79,36000000,43936709,6500000,85000000,3116883.0,2940714.0,45,1998.0,6.0
中野富士見町駅,2024,mansion,85,39000000,45302381,5000000,1000000000,3305785.0,3206013.0,45,1998.0,5.0
中野富士見町駅,2025,mansion,83,59000000,53844578,6500000,120000000,3305785.0,3225604.0,55,2000.0,7.0
中野新橋駅,2021,house,10,83000000,112250000,29000000,850000000,2680366.0,2821930.0,102,2010.0,5.0
中野新橋駅,2022,house,25,85000000,99913043,10000000,780000000,2258953.0,2645234.0,90,1996.0,5.0
中野新橋駅,2023,house,23,110000000,139545455,40000000,1600000000,2633609.0,2843700.0,120,2003.0,5.0
中野新橋駅,2024,house,22,120000000,174380952,25000000,920000000,2431202.0,2572371.0,102,2014.0,6.0
中野新橋駅,2025,house,14,130000000,126000000,35000000,560000000,2900826.0,2680341.0,100,1989.0,8.0
中野新橋駅,2021,land,6,86500000,91800000,65000000,360000000,2950000.0,3233333.0,110,,6.0
中野新橋駅,2022,land,8,135000000,120750000,4000000,220000000,2450000.0,2420000.0,178,,6.0
中野新橋駅,2023,land,6,130000000,117333333,63000000,160000000,2750000.0,2800000.0,142,,7.0
中野新橋駅,2024,land,4,90000000,101500000,56000000,170000000,2850000.0,3025000.0,115,,8.0
中野新橋駅,2025,land,3,170000000,160000000,120000000,190000000,3900000.0,4200000.0,140,,7.0
中野新橋駅,2021,mansion,46,28000000,32728261,5500000,64000000,2886659.0,3000799.0,35,2002.0,4.0
中野新橋駅,2022,mansion,54,23500000,30666667,5100000,77000000,3112948.0,3079635.0,35,2004.0,4.0
中野新橋駅,2023,mansion,48,35000000,36029167,7900000,73000000,3209617.0,3116126.0,38,2001.0,5.0
中野新橋駅,2024,mansion,53,42000000,44958000,7900000,320000000,3570248.0,3444036.0,45,2002.0,5.0
中野新橋駅,2025,mansion,82,39500000,42403659,7100000,91000000,3610318.0,3455041.0,38,2005.0,5.0
中野駅,2021,house,35,70000000,74838710,10000000,680000000,2223892.0,2402594.0,100,2005.0,10.0
中野駅,2022,house,38,80500000,89272727,16000000,3100000000,2736455.0,2698564.0,82,2001.0,10.0
中野駅,2023,house,40,92500000,123200000,16000000,1300000000,2800901.0,2721834.0,100,1996.0,9.0
中野駅,2024,house,38,105000000,128352941,27000000,3000000000,2839086.0,2777635.0,68,2012.0,10.0
中野駅,2025,house,45,88000000,87864865,19000000,1100000000,3011937.0,3071554.0,75,2005.0,10.0
中野駅,2021,land,15,60000000,56571429,20000000,180000000,2900000.0,2873333.0,65,,9.0
中野駅,2022,land,13,72000000,86250000,27000000,280000000,3500000.0,3141667.0,90,,9.0
中野駅,2023,land,15,67000000,65692308,17000000,170000000,2900000.0,2986667.0,80,,9.0
中野駅,2024,land,8,74500000,96000000,35000000,190000000,2900000.0,3075000.0,72,,11.0
中野駅,2025,land,11,160000000,145000000,48000000,600000000,4100000.0,4109091.0,95,,9.0
中野駅,2021,mansion,133,50000000,48814286,6900000,99000000,3065364.0,3075264.0,55,1995.0,7.0
中野駅,2022,mansion,122,42000000,46533333,3800000,220000000,3199830.0,3103460.0,50,1996.0,8.0
中野駅,2023,mansion,143,48000000,55185106,7500000,220000000,3438016.0,3475474.0,50,2000.0,8.0
中野駅,2024,mansion,126,57000000,56542857,7000000,150000000,3575757.0,3739756.0,50,2000.0,7.0
中野駅,2025,mansion,167,54000000,64467683,1200000,200000000,3746556.0,4216418.0,55,1996.0,7.0
乃木坂駅,2021,house,4,160000000,150000000,130000000,850000000,4511424.0,4717392.0,72,1998.0,5.0
乃木坂駅,2022,house,2,200000000,200000000,110000000,290000000,3430022.0,3430022.0,108,2004.0,9.0
乃木坂駅,2023,house,2,270000000,270000000,240000000,300000000,4506778.0,4506778.0,100,2004.0,8.0
乃木坂駅,2024,house,7,400000000,398333333,70000000,4000000000,4876546.0,5068528.0,120,1983.0,4.0
乃木坂駅,2025,house,4,1665000000,1745000000,450000000,3200000000,8318953.0,7559838.0,225,1996.0,7.0
乃木坂駅,2021,land,1,800000000,800000000,800000000,800000000,6900000.0,6900000.0,380,,9.0
乃木坂駅,2022,land,2,365000000,365000000,280000000,450000000,7950000.0,7950000.0,160,,4.0
乃木坂駅,2023,land,1,4300000000,4300000000,4300000000,4300000000,26000000.0,26000000.0,550,,3.0
乃木坂駅,2024,land,2,505000000,505000000,500000000,510000000,12300000.0,12300000.0,142,,3.0
乃木坂駅,2025,land,1,600000000,600000000,600000000,600000000,15000000.0,15000000.0,135,,2.0
乃木坂駅,2021,mansion,85,48000000,60370370,12000000,320000000,3834711.0,3920209.0,45,1983.0,5.0
乃木坂駅,2022,mansion,56,71500000,75218182,12000000,260000000,4178851.0,4241583.0,50,1983.0,6.0
乃木坂駅,2023,mansion,64,66500000,77190476,14000000,340000000,4201102.0,4549276.0,48,1983.0,5.0
乃木坂駅,2024,mansion,55,58000000,72301887,13000000,510000000,4439197.0,4900713.0,40,1983.0,6.0
乃木坂駅,2025,mansion,64,82000000,101206897,13000000,850000000,5520661.0,5788314.0,52,1983.0,4.0
久が原駅,2021,house,39,70000000,74971429,50000000,650000000,2527953.0,2519589.0,90,2016.0,10.0
久が原駅,2022,house,25,71000000,70000000,32000000,1000000000,2865014.0,2640661.0,85,2010.0,7.0
久が原駅,2023,house,26,78000000,85347826,41000000,470000000,2735716.0,2704730.0,92,2011.0,10.0
久が原駅,2024,house,19,110000000,95333333,65000000,700000000,2938476.0,2763837.0,110,2004.0,8.0
久が原駅,2025,house,28,86500000,87720000,41000000,430000000,3058293.0,2960974.0,92,2011.0,9.0
久が原駅,2021,land,13,57000000,65916667,43000000,150000000,2300000.0,2430769.0,80,,4.0
久が原駅,2022,land,8,72000000,77714286,63000000,150000000,2250000.0,2175000.0,132,,5.0
久が原駅,2023,land,15,67000000,62750000,40000000,210000000,2400000.0,2420000.0,90,,7.0
久が原駅,2024,land,11,60000000,67100000,16000000,240000000,2200000.0,1930000.0,120,,9.0
久が原駅,2025,land,12,78000000,79090909,38000000,220000000,2300000.0,2277778.0,135,,8.0
久が原駅,2021,mansion,30,42500000,41110000,9000000,79000000,2859504.0,2796075.0,40,2017.0,4.0
久が原駅,2022,mansion,30,43000000,44646667,9300000,89000000,2525252.0,2608475.0,60,1996.0,4.0
久が原駅,2023,mansion,28,65000000,54928571,10000000,110000000,3305785.0,2898582.0,62,2006.0,4.0
久が原駅,2024,mansion,31,57000000,55700000,8700000,97000000,2691854.0,2976446.0,65,2000.0,4.0
久が原駅,2025,mansion,26,32000000,43596154,9500000,120000000,2600875.0,2695144.0,42,1999.0,4.0
久我山駅,2021,house,63,69000000,68965517,7800000,170000000,2479339.0,2447103.0,100,2021.0,10.0
久我山駅,2022,house,44,76000000,70710526,26000000,420000000,2846250.0,2685701.0,100,2012.0,10.0
久我山駅,2023,house,47,75000000,73589744,11000000,550000000,2566845.0,2535181.0,100,2008.0,10.0
久我山駅,2024,house,39,85000000,88540541,24000000,400000000,2876033.0,2737304.0,105,2012.0,10.0
久我山駅,2025,house,63,80000000,80267857,6000000,710000000,3044077.0,2916954.0,95,2012.0,10.0
久我山駅,2021,land,18,71500000,76375000,14000000,470000000,1800000.0,1766111.0,125,,11.0
久我山駅,2022,land,22,71500000,66000000,38000000,140000000,1850000.0,1962273.0,118,,8.0
久我山駅,2023,land,22,59500000,58722222,19000000,230000000,2050000.0,2047619.0,95,,8.0
久我山駅,2024,land,16,79000000,77461538,27000000,270000000,2200000.0,2178571.0,118,,8.0
久我山駅,2025,land,11,80000000,110090909,11000000,300000000,2100000.0,2190000.0,100,,9.0
久我山駅,2021,mansion,38,40500000,38815789,5000000,79000000,2231405.0,2156059.0,60,2002.0,10.0
久我山駅,2022,mansion,47,41000000,40434043,7300000,80000000,2231405.0,2260582.0,60,1996.0,10.0
久我山駅,2023,mansion,40,56000000,59433333,5500000,96000000,2578512.0,2603610.0,70,2005.0,12.0
久我山駅,2024,mansion,52,40500000,43132692,6000000,110000000,2340148.0,2400682.0,60,1999.0,8.0
久我山駅,2025,mansion,46,50000000,48836957,6500000,90000000,2820937.0,2814424.0,58,2002.0,9.0
久米川駅,2021,house,93,35000000,33920879,6800000,120000000,1252719.0,1196190.0,115,2021.0,14.0
久米川駅,2022,house,56,34000000,32555357,6400000,63000000,1322314.0,1176820.0,112,2008.0,15.0
久米川駅,2023,house,54,40000000,35712000,1400000,170000000,1416765.0,1330535.0,115,2021.0,15.0
久米川駅,2024,house,60,41500000,41113208,9800000,230000000,1322314.0,1372138.0,115,2015.0,12.0
久米川駅,2025,house,82,42000000,40786667,8000000,270000000,1429607.0,1379175.0,110,2024.0,15.0
久米川駅,2021,land,11,25000000,25272727,15000000,45000000,560000.0,639091.0,115,,20.0
久米川駅,2022,land,6,29500000,31000000,16000000,100000000,790000.0,728000.0,155,,5.0
久米川駅,2023,land,17,30000000,25892857,3500000,270000000,750000.0,795000.0,110,,11.0
久米川駅,2024,land,14,39000000,44750000,23000000,1100000000,760000.0,807857.0,195,,10.0
久米川駅,2025,land,11,30000000,53454545,2000000,150000000,930000.0,1129091.0,110,,8.0
久米川駅,2021,mansion,101,20000000,20066337,1800000,43000000,1101928.0,1021312.0,65,1994.0,8.0
久米川駅,2022,mansion,94,23000000,22052128,4000000,45000000,1133412.0,1112356.0,65,1994.0,6.0
久米川駅,2023,mansion,87,23000000,22956322,3500000,43000000,1190083.0,1235251.0,65,1994.0,5.0
久米川駅,2024,mansion,80,27000000,24645000,6300000,47000000,1347743.0,1259703.0,65,2000.0,7.0
久米川駅,2025,mansion,119,25000000,25094958,3800000,54000000,1322314.0,1321608.0,65,1994.0,6.0
九品仏駅,2021,house,13,86000000,87500000,35000000,260000000,2280992.0,2737585.0,100,2004.0,10.0
九品仏駅,2022,house,18,155000000,155470588,83000000,460000000,3720629.0,3644861.0,148,2018.0,10.0
九品仏駅,2023,house,14,130000000,133666667,80000000,1100000000,3508521.0,3734108.0,110,2018.0,12.0
九品仏駅,2024,house,18,125000000,110533333,68000000,1100000000,3613207.0,3511065.0,110,2005.0,8.0
九品仏駅,2025,house,12,150000000,153916667,70000000,260000000,3250689.0,3465076.0,140,2002.0,6.0
九品仏駅,2021,land,9,130000000,141750000,57000000,340000000,3200000.0,2844444.0,185,,9.0
九品仏駅,2022,land,4,175000000,205000000,80000000,390000000,2850000.0,2925000.0,195,,10.0
九品仏駅,2023,land,6,118500000,160166667,78000000,330000000,3150000.0,3100000.0,122,,14.0
九品仏駅,2024,land,8,124500000,133250000,55000000,260000000,3800000.0,3550000.0,115,,6.0
九品仏駅,2025,land,8,96500000,93571429,34000000,360000000,2350000.0,2912500.0,148,,5.0
九品仏駅,2021,mansion,21,45000000,42500000,24000000,130000000,3438016.0,3284967.0,55,2001.0,4.0
九品仏駅,2022,mansion,13,68000000,56416667,23000000,530000000,3702479.0,3560188.0,65,1999.0,4.0
九品仏駅,2023,mansion,11,79000000,78000000,31000000,130000000,3966942.0,3592212.0,80,2007.0,6.0
九品仏駅,2024,mansion,16,58000000,67875000,17000000,170000000,3727273.0,3993574.0,52,2000.0,6.0
九品仏駅,2025,mansion,15,44000000,62200000,27000000,130000000,3966942.0,3838667.0,50,2007.0,6.0
九段下駅,2021,house,2,535000000,535000000,490000000,580000000,3497119.0,3497119.0,155,1976.0,5.0
九段下駅,2022,house,1,130000000,130000000,130000000,130000000,2772594.0,2772594.0,60,1960.0,5.0
九段下駅,2023,house,1,1200000000,1200000000,1200000000,1200000000,3606311.0,3606311.0,280,2019.0,2.0
九段下駅,2024,house,2,455000000,455000000,300000000,610000000,6597259.0,6597259.0,58,1994.0,3.0
九段下駅,2025,house,2,315000000,315000000,260000000,370000000,6813590.0,6813590.0,82,1990.0,2.0
九段下駅,2023,land,3,780000000,853333333,380000000,1400000000,20000000.0,19333333.0,160,,4.0
九段下駅,2021,mansion,30,54000000,66066667,16000000,190000000,3966942.0,4069881.0,45,2000.0,4.0
九段下駅,2022,mansion,28,56000000,59670370,1100000,500000000,4269972.0,4273336.0,42,2000.0,3.0
九段下駅,2023,mansion,23,52000000,82909091,15000000,350000000,5157025.0,5123425.0,40,2003.0,4.0
九段下駅,2024,mansion,29,65000000,73928571,18000000,270000000,4995408.0,4994677.0,40,2003.0,4.0
九段下駅,2025,mansion,40,125000000,137131579,24000000,550000000,7493113.0,7088886.0,58,2003.0,4.0
亀戸水神駅,2021,house,2,41500000,41500000,34000000,49000000,1239495.0,1239495.0,62,2012.0,8.0
亀戸水神駅,2022,house,1,49000000,49000000,49000000,49000000,1705089.0,1705089.0,60,2011.0,10.0
亀戸水神駅,2024,house,2,31500000,31500000,17000000,46000000,1547291.0,1547291.0,48,1990.0,12.0
亀戸水神駅,2025,house,4,57500000,52666667,43000000,810000000,2350780.0,2535051.0,50,2024.0,8.0
亀戸水神駅,2021,mansion,12,24500000,25090909,18000000,52000000,2314050.0,2437265.0,40,2008.0,4.0
亀戸水神駅,2022,mansion,19,25000000,27000000,11000000,53000000,2695486.0,2572760.0,30,2015.0,6.0
亀戸水神駅,2023,mansion,9,24000000,23333333,8400000,60000000,3051494.0,3151803.0,25,2014.0,6.0
亀戸水神駅,2024,mansion,18,23500000,24293750,8900000,71000000,2813158.0,2599968.0,28,2008.0,6.0
亀戸水神駅,2025,mansion,17,29000000,29812500,21000000,65000000,3746556.0,3424926.0,25,2015.0,4.0
亀戸駅,2021,house,35,55000000,96636364,6000000,2000000000,1961432.0,1857958.0,75,2009.0,8.0
亀戸駅,2022,house,33,60000000,51428571,13000000,830000000,1959858.0,1859420.0,65,1996.0,10.0
亀戸駅,2023,house,44,62000000,54085714,10000000,790000000,1983471.0,1958916.0,68,2012.0,10.0
亀戸駅,2024,house,29,65000000,64391304,18000000,830000000,2325069.0,2308419.0,80,2018.0,10.0
亀戸駅,2025,house,47,70000000,75452381,8000000,1900000000,2266824.0,2242900.0,65,2009.0,10.0
亀戸駅,2021,land,14,63000000,58000000,3000000,540000000,2900000.0,2846154.0,80,,7.0
亀戸駅,2022,land,9,69000000,72285714,36000000,230000000,2600000.0,2285714.0,125,,9.0
亀戸駅,2023,land,10,48000000,78800000,17000000,210000000,2350000.0,2540000.0,65,,10.0
亀戸駅,2024,land,8,49500000,113500000,21000000,340000000,2300000.0,2625000.0,80,,11.0
亀戸駅,2025,land,14,140000000,132642857,5000000,250000000,3350000.0,3088333.0,95,,8.0
亀戸駅,2021,mansion,241,26000000,30869915,5000000,85000000,2727273.0,2682865.0,30,2007.0,8.0
亀戸駅,2022,mansion,292,29000000,36182639,6300000,340000000,2909091.0,2828626.0,45,2009.0,8.0
亀戸駅,2023,mansion,255,32000000,37558367,7800000,750000000,3022432.0,2917554.0,45,2008.0,7.0
亀戸駅,2024,mansion,232,39500000,42335321,5300000,280000000,3046408.0,2953518.0,55,2008.0,7.0
亀戸駅,2025,mansion,294,40000000,44259857,1100000,150000000,3305785.0,3173817.0,50,2008.0,7.0
亀有駅,2021,house,89,43000000,40150000,12000000,330000000,1421488.0,1377272.0,80,2016.0,12.0
亀有駅,2022,house,76,41000000,39814286,11000000,780000000,1458025.0,1462143.0,80,2013.0,11.0
亀有駅,2023,house,81,42000000,41760870,4000000,340000000,1435748.0,1517801.0,80,2018.0,14.0
亀有駅,2024,house,80,50000000,45454286,5000000,460000000,1711230.0,1583639.0,78,2016.0,11.0
亀有駅,2025,house,96,43000000,41558140,2000000,1000000000,1485917.0,1491504.0,75,2011.0,14.0
亀有駅,2021,land,28,42000000,51321429,5000000,110000000,1450000.0,1362143.0,112,,9.0
亀有駅,2022,land,20,38000000,35117647,13000000,100000000,1030000.0,1131500.0,108,,11.0
亀有駅,2023,land,18,60500000,64333333,17000000,730000000,1800000.0,1672353.0,142,,10.0
亀有駅,2024,land,18,49500000,57294118,10000000,290000000,1050000.0,1122353.0,125,,12.0
亀有駅,2025,land,19,43000000,44526316,14000000,110000000,1500000.0,1525263.0,80,,9.0
亀有駅,2021,mansion,106,29500000,29928302,5700000,60000000,1756603.0,1665240.0,60,2001.0,8.0
亀有駅,2022,mansion,129,33000000,32598438,4700000,100000000,1863261.0,1878472.0,60,2000.0,7.0
亀有駅,2023,mansion,115,36000000,36573913,1000000,79000000,1983471.0,1889051.0,65,2004.0,8.0
亀有駅,2024,mansion,120,31000000,34199167,5800000,66000000,2104683.0,1926212.0,60,2001.0,7.0
亀有駅,2025,mansion,130,38000000,42592308,6000000,88000000,2644628.0,2519711.0,65,2006.0,6.0
二俣尾駅,2021,house,6,20000000,20600000,7300000,22000000,695955.0,716833.0,140,2021.0,15.0
二俣尾駅,2022,house,1,16000000,16000000,16000000,16000000,1175390.0,1175390.0,125,1989.0,15.0
二俣尾駅,2023,house,7,14000000,24942857,4800000,75000000,298587.0,406881.0,280,1993.0,10.0
二俣尾駅,2024,house,4,13000000,13125000,8500000,18000000,471228.0,477168.0,128,1995.0,15.0
二俣尾駅,2025,house,8,6250000,6762500,1500000,13000000,274498.0,283283.0,145,1985.0,14.0
二俣尾駅,2022,land,1,10000000,10000000,10000000,10000000,180000.0,180000.0,185,,9.0
二俣尾駅,2023,land,5,12000000,9825000,4500000,54000000,89000.0,81250.0,360,,8.0
二俣尾駅,2024,land,3,9800000,8100000,500000,14000000,170000.0,145000.0,185,,6.0
二俣尾駅,2025,land,1,12000000,12000000,12000000,12000000,140000.0,140000.0,290,,4.0
二俣尾駅,2023,mansion,1,3700000,3700000,3700000,3700000,271809.0,271809.0,45,1991.0,10.0
二子玉川駅,2021,house,41,60000000,61444444,30000000,1100000000,2261853.0,2311806.0,100,2013.0,15.0
二子玉川駅,2022,house,36,62000000,72093750,17000000,2100000000,2198347.0,2111191.0,110,2008.0,20.0
二子玉川駅,2023,house,28,100000000,88400000,23000000,750000000,3085399.0,3077018.0,110,2022.0,17.0
二子玉川駅,2024,house,33,99000000,110400000,18000000,670000000,2625182.0,2940941.0,115,2016.0,15.0
二子玉川駅,2025,house,48,64000000,79534884,11000000,480000000,2214876.0,2696625.0,105,2022.0,18.0
二子玉川駅,2021,land,10,46500000,87420000,2200000,240000000,1250000.0,928750.0,148,,17.0
二子玉川駅,2022,land,8,127500000,127142857,55000000,930000000,2050000.0,2155000.0,295,,10.0
二子玉川駅,2023,land,13,130000000,139583333,35000000,950000000,2900000.0,2636667.0,185,,14.0
二子玉川駅,2024,land,11,240000000,212400000,30000000,980000000,2000000.0,1980000.0,270,,15.0
二子玉川駅,2025,land,5,78000000,90200000,47000000,140000000,1200000.0,1190000.0,210,,14.0
二子玉川駅,2021,mansion,139,69000000,74655556,4500000,190000000,3181818.0,3491317.0,70,2010.0,7.0
二子玉川駅,2022,mansion,119,78000000,79241379,9000000,440000000,3553719.0,3646791.0,75,2009.0,8.0
二子玉川駅,2023,mansion,129,78000000,84314961,11000000,570000000,3966942.0,3956240.0,70,2006.0,8.0
二子玉川駅,2024,mansion,119,78000000,90226050,7900000,210000000,4055096.0,4359326.0,70,2007.0,8.0
二子玉川駅,2025,mansion,141,80000000,94656934,4000000,2100000000,3919716.0,4504632.0,70,2007.0,9.0
五反田駅,2021,house,8,380000000,350000000,140000000,2200000000,3402204.0,3536807.0,275,1985.0,7.0
五反田駅,2022,house,9,140000000,251875000,95000000,1500000000,3140496.0,3078450.0,110,1986.0,5.0
五反田駅,2023,house,10,265000000,515000000,60000000,1300000000,3573822.0,3510890.0,130,1983.0,4.0
五反田駅,2024,house,9,340000000,323750000,60000000,1000000000,4472533.0,4600697.0,130,1990.0,7.0
五反田駅,2025,house,12,205000000,223700000,68000000,1200000000,4641456.0,4698048.0,98,1998.0,10.0
五反田駅,2021,land,7,190000000,381714286,82000000,1000000000,4800000.0,4957143.0,170,,8.0
五反田駅,2022,land,1,180000000,180000000,180000000,180000000,5800000.0,5800000.0,100,,5.0
五反田駅,2023,land,2,930000000,930000000,260000000,1600000000,8000000.0,8000000.0,340,,7.0
五反田駅,2024,land,1,430000000,430000000,430000000,430000000,5200000.0,5200000.0,270,,6.0
五反田駅,2025,land,1,260000000,260000000,260000000,260000000,8000000.0,8000000.0,110,,6.0
五反田駅,2021,mansion,160,35500000,49089172,11000000,280000000,3863468.0,3768747.0,45,2003.0,6.0
五反田駅,2022,mansion,142,43000000,46334559,8500000,140000000,3654729.0,3643642.0,45,2001.0,6.0
五反田駅,2023,mansion,161,44000000,50425806,7000000,210000000,4049587.0,3964089.0,40,2002.0,6.0
五反田駅,2024,mansion,156,53500000,64302632,12000000,330000000,4478350.0,4544754.0,50,2004.0,6.0
五反田駅,2025,mansion,197,59000000,66663102,11000000,350000000,4958678.0,5165367.0,45,2004.0,5.0
五反野駅,2021,house,43,41000000,50357500,7500000,280000000,1555664.0,1497657.0,75,2020.0,9.0
五反野駅,2022,house,35,54000000,58530303,5500000,250000000,1520661.0,1506877.0,90,2014.0,7.0
五反野駅,2023,house,37,53000000,72527778,11000000,240000000,1586777.0,1566690.0,90,2018.0,9.0
五反野駅,2024,house,44,48000000,54384615,16000000,230000000,1585399.0,1554910.0,88,2016.0,9.0
五反野駅,2025,house,43,44000000,46236842,5000000,350000000,1432507.0,1481609.0,85,2004.0,10.0
五反野駅,2021,land,15,60000000,51000000,12000000,410000000,1200000.0,1204615.0,120,,10.0
五反野駅,2022,land,9,45000000,52666667,8000000,130000000,1200000.0,1357143.0,100,,6.0
五反野駅,2023,land,10,32500000,32777778,11000000,380000000,1200000.0,1134444.0,95,,6.0
五反野駅,2024,land,11,35000000,39000000,10000000,75000000,1100000.0,1069000.0,85,,10.0
五反野駅,2025,land,9,42000000,65622222,8600000,190000000,1400000.0,1457143.0,90,,9.0
五反野駅,2021,mansion,60,25000000,24068000,780000,40000000,1375291.0,1339073.0,65,1994.0,9.0
五反野駅,2022,mansion,60,26500000,24040678,4700000,72000000,1398601.0,1415215.0,60,1994.0,8.0
五反野駅,2023,mansion,61,30000000,29591667,5100000,63000000,1674931.0,1604673.0,65,2000.0,9.0
五反野駅,2024,mansion,82,24500000,23937179,1100000,54000000,1371356.0,1428042.0,60,1992.0,9.0
五反野駅,2025,mansion,98,31000000,29539796,2500000,60000000,1526958.0,1549264.0,65,2000.0,9.0
五月台駅,2022,house,1,39000000,39000000,39000000,39000000,1357112.0,1357112.0,120,2017.0,20.0
五月台駅,2025,house,2,40500000,40500000,30000000,51000000,1225344.0,1225344.0,195,1997.0,18.0
五月台駅,2022,mansion,1,6000000,6000000,6000000,6000000,360631.0,360631.0,55,1971.0,15.0
井の頭公園駅,2021,house,15,100000000,90733333,25000000,130000000,3966942.0,3429621.0,115,2014.0,5.0
井の頭公園駅,2022,house,5,120000000,102000000,83000000,210000000,3122130.0,3106149.0,130,1992.0,7.0
井の頭公園駅,2023,house,14,80500000,84538462,40000000,240000000,2963807.0,2934656.0,115,2015.0,10.0
井の頭公園駅,2024,house,19,91000000,99526316,33000000,180000000,2892562.0,2839394.0,120,2013.0,15.0
井の頭公園駅,2025,house,18,97500000,94466667,37000000,280000000,3116883.0,2958407.0,132,2007.0,10.0
井の頭公園駅,2021,land,11,63000000,65700000,30000000,220000000,1800000.0,1754545.0,130,,6.0
井の頭公園駅,2022,land,13,90000000,76418182,2600000,300000000,1700000.0,1750769.0,145,,7.0
井の頭公園駅,2023,land,9,100000000,105250000,25000000,820000000,2600000.0,1986667.0,130,,8.0
井の頭公園駅,2024,land,9,80000000,78444444,10000000,150000000,2000000.0,1886667.0,120,,8.0
井の頭公園駅,2025,land,9,93000000,95555556,23000000,210000000,2200000.0,2244444.0,145,,8.0
井の頭公園駅,2021,mansion,7,63000000,59857143,50000000,65000000,2865014.0,2723414.0,75,2009.0,14.0
井の頭公園駅,2022,mansion,2,57000000,57000000,52000000,62000000,2481346.0,2481346.0,80,2009.0,16.0
井の頭公園駅,2023,mansion,1,73000000,73000000,73000000,73000000,3712651.0,3712651.0,65,2015.0,14.0
井の頭公園駅,2024,mansion,5,70000000,72750000,46000000,80000000,3085399.0,2986589.0,75,2014.0,19.0
井の頭公園駅,2025,mansion,1,77000000,77000000,77000000,77000000,3916084.0,3916084.0,65,2015.0,14.0
井荻駅,2021,house,53,63000000,61551020,20000000,340000000,2247934.0,2196863.0,95,2020.0,11.0
井荻駅,2022,house,36,72500000,72062500,14000000,500000000,2413223.0,2428821.0,98,2018.0,10.0
井荻駅,2023,house,25,60000000,56700000,14000000,820000000,2113038.0,2059336.0,95,2002.0,11.0
井荻駅,2024,house,40,73500000,78111111,54000000,200000000,2641314.0,2723939.0,100,2024.0,10.0
井荻駅,2025,house,46,73500000,70953488,14000000,100000000,2592483.0,2605756.0,95,2022.0,11.0
井荻駅,2021,land,12,64500000,68727273,39000000,160000000,1500000.0,1438182.0,162,,10.0
井荻駅,2022,land,8,52000000,50625000,21000000,68000000,1700000.0,1712500.0,75,,10.0
井荻駅,2023,land,11,57000000,55333333,41000000,390000000,1900000.0,1763636.0,115,,10.0
井荻駅,2024,land,6,68000000,55800000,20000000,140000000,1700000.0,1640000.0,120,,6.0
井荻駅,2025,land,15,90000000,96642857,37000000,250000000,2200000.0,2113333.0,135,,9.0
井荻駅,2021,mansion,78,45500000,38087179,5000000,69000000,2203857.0,2165661.0,70,2006.0,9.0
井荻駅,2022,mansion,53,48000000,41896226,6700000,73000000,2361275.0,2332179.0,70,2007.0,9.0
井荻駅,2023,mansion,53,48000000,45264151,6300000,81000000,2441195.0,2349360.0,70,2007.0,9.0
井荻駅,2024,mansion,49,51000000,43987755,7000000,78000000,2424242.0,2469463.0,60,2004.0,8.0
井荻駅,2025,mansion,57,50000000,48047368,6000000,75000000,2681359.0,2661834.0,65,2006.0,8.0
京急田浦駅,2025,mansion,1,35000000,35000000,35000000,35000000,2314050.0,2314050.0,50,1973.0,3.0
京急蒲田駅,2021,house,25,64000000,75791667,15000000,290000000,1997844.0,1920044.0,70,2002.0,9.0
京急蒲田駅,2022,house,21,65000000,57000000,25000000,280000000,1983471.0,1939151.0,65,2016.0,6.0
京急蒲田駅,2023,house,21,67000000,79611111,27000000,450000000,1957373.0,2059917.0,80,2012.0,8.0
京急蒲田駅,2024,house,19,58000000,57266667,4500000,120000000,2125148.0,2220694.0,65,2011.0,10.0
京急蒲田駅,2025,house,38,62000000,64000000,5000000,1200000000,2184006.0,2139774.0,78,2006.0,8.0
京急蒲田駅,2021,land,4,28000000,25666667,21000000,120000000,2150000.0,1967500.0,90,,6.0
京急蒲田駅,2022,land,9,48000000,68555556,35000000,150000000,2100000.0,2366667.0,90,,6.0
京急蒲田駅,2023,land,7,80000000,68500000,19000000,380000000,2800000.0,2660000.0,105,,9.0
京急蒲田駅,2024,land,8,80000000,104714286,23000000,880000000,2050000.0,2157143.0,122,,6.0
京急蒲田駅,2025,land,9,69000000,70000000,22000000,130000000,2600000.0,2488889.0,100,,7.0
京急蒲田駅,2021,mansion,81,25000000,26460563,6600000,79000000,3232323.0,2986178.0,30,2009.0,5.0
京急蒲田駅,2022,mansion,81,30000000,39000000,6500000,99000000,3305785.0,3161160.0,35,2007.0,4.0
京急蒲田駅,2023,mansion,67,29000000,36904615,6800000,100000000,3471074.0,3441915.0,25,2012.0,4.0
京急蒲田駅,2024,mansion,70,35000000,40400000,5000000,97000000,3459268.0,3371114.0,38,2009.0,4.0
京急蒲田駅,2025,mansion,87,41000000,51005747,9200000,130000000,3966942.0,3996605.0,35,2009.0,4.0
京成上野駅,2021,mansion,1,18000000,18000000,18000000,18000000,2380165.0,2380165.0,25,1983.0,1.0
京成小岩駅,2021,house,52,43000000,42622222,3800000,120000000,1487603.0,1480700.0,80,2020.0,10.0
京成小岩駅,2022,house,51,48000000,42444444,8000000,510000000,1627463.0,1516350.0,80,2012.0,8.0
京成小岩駅,2023,house,40,49000000,42782353,5300000,380000000,1785124.0,1575858.0,82,2019.0,10.0
京成小岩駅,2024,house,40,49000000,48183333,9300000,700000000,1496786.0,1463472.0,92,2006.0,10.0
京成小岩駅,2025,house,57,53000000,46149020,3200000,230000000,1641873.0,1581045.0,80,2019.0,8.0
京成小岩駅,2021,land,14,41000000,37250000,13000000,230000000,1050000.0,1056154.0,110,,8.0
京成小岩駅,2022,land,7,37000000,53042857,3300000,130000000,1400000.0,1400000.0,85,,9.0
京成小岩駅,2023,land,10,39000000,36714286,15000000,65000000,1250000.0,1283000.0,115,,6.0
京成小岩駅,2024,land,19,42000000,44667895,690000,110000000,1400000.0,1418889.0,105,,8.0
京成小岩駅,2025,land,5,46000000,47250000,29000000,400000000,1900000.0,1850000.0,80,,6.0
京成小岩駅,2021,mansion,26,35000000,30146154,8800000,47000000,1829307.0,1654433.0,65,2003.0,4.0
京成小岩駅,2022,mansion,21,30000000,31095238,13000000,48000000,1652893.0,1671127.0,55,1990.0,3.0
京成小岩駅,2023,mansion,23,38000000,34478261,12000000,48000000,1841794.0,1801689.0,65,2010.0,4.0
京成小岩駅,2024,mansion,36,32000000,32380556,4700000,61000000,2071625.0,2199100.0,60,2016.0,5.0
京成小岩駅,2025,mansion,25,40000000,35244000,4600000,61000000,2186904.0,2038492.0,60,1998.0,4.0
京成曳舟駅,2021,house,22,39500000,35250000,12000000,900000000,1652893.0,1514416.0,52,2002.0,7.0
京成曳舟駅,2022,house,24,52000000,52909091,6000000,100000000,1946740.0,1961336.0,55,2020.0,9.0
京成曳舟駅,2023,house,36,55000000,47781250,17000000,710000000,2038567.0,1965343.0,60,2019.0,7.0
京成曳舟駅,2024,house,41,49000000,47887500,7500000,200000000,2049587.0,1865584.0,60,2020.0,10.0
京成曳舟駅,2025,house,33,55000000,49689655,12000000,380000000,2115702.0,1941615.0,55,2005.0,10.0
京成曳舟駅,2021,land,12,39500000,34400000,3000000,1000000000,1750000.0,1725833.0,70,,6.0
京成曳舟駅,2022,land,13,48000000,34645455,3600000,190000000,1700000.0,2022222.0,70,,6.0
京成曳舟駅,2023,land,6,36500000,32600000,19000000,96000000,1550000.0,1422000.0,60,,6.0
京成曳舟駅,2024,land,8,45000000,53571429,24000000,790000000,1800000.0,1977143.0,100,,8.0
京成曳舟駅,2025,land,5,21000000,36400000,13000000,65000000,1900000.0,2300000.0,55,,6.0
京成曳舟駅,2021,mansion,58,30000000,31275000,8000000,68000000,2365210.0,2545519.0,45,2008.0,4.0
京成曳舟駅,2022,mansion,46,37500000,42108696,10000000,88000000,2732217.0,2721830.0,55,2009.0,4.0
京成曳舟駅,2023,mansion,52,45000000,47557692,20000000,100000000,3123180.0,3073695.0,55,2012.0,4.0
京成曳舟駅,2024,mansion,60,41000000,40741379,11000000,99000000,2844979.0,2861701.0,55,2007.0,4.0
京成曳舟駅,2025,mansion,60,38500000,42237288,5000000,97000000,3071625.0,2908616.0,45,2007.0,4.0
京成立石駅,2021,house,56,37000000,34778431,1500000,210000000,1431523.0,1338562.0,65,2012.0,9.0
京成立石駅,2022,house,48,44000000,37926829,4000000,590000000,1579431.0,1417661.0,65,2012.0,10.0
京成立石駅,2023,house,46,48000000,44131579,3700000,450000000,1685950.0,1604271.0,70,2010.0,10.0
京成立石駅,2024,house,44,44500000,40632500,6300000,240000000,1385600.0,1445104.0,70,2003.0,10.0
京成立石駅,2025,house,60,46000000,43312500,7500000,210000000,1728978.0,1645596.0,65,2018.0,10.0
京成立石駅,2021,land,17,31000000,38223529,9800000,82000000,1200000.0,1230588.0,80,,9.0
京成立石駅,2022,land,15,35000000,37892857,9500000,250000000,1300000.0,1383571.0,85,,7.0
京成立石駅,2023,land,13,25000000,20963636,8500000,190000000,1100000.0,1215385.0,65,,9.0
京成立石駅,2024,land,12,22000000,29450000,6500000,250000000,1250000.0,1132727.0,72,,8.0
京成立石駅,2025,land,14,41000000,63230769,13000000,340000000,1950000.0,1776429.0,68,,6.0
京成立石駅,2021,mansion,68,25500000,24578462,5300000,50000000,1534829.0,1526785.0,58,1995.0,10.0
京成立石駅,2022,mansion,69,27000000,26260294,5500000,54000000,1576605.0,1542876.0,60,1998.0,10.0
京成立石駅,2023,mansion,74,29000000,29954054,6300000,51000000,1678938.0,1676306.0,60,2000.0,9.0
京成立石駅,2024,mansion,89,27000000,26290698,3000000,59000000,1936246.0,2367722.0,45,2004.0,8.0
京成立石駅,2025,mansion,72,26000000,29480556,4800000,59000000,1896058.0,1805672.0,60,1998.0,9.0
京成金町駅,2021,house,3,20000000,20333333,19000000,22000000,777832.0,851911.0,100,1975.0,
京成金町駅,2023,house,1,30000000,30000000,30000000,30000000,1239669.0,1239669.0,60,1998.0,25.0
京成金町駅,2025,house,1,37000000,37000000,37000000,37000000,1528926.0,1528926.0,65,2021.0,10.0
京成金町駅,2021,mansion,4,32000000,31250000,25000000,36000000,1718282.0,1830896.0,65,2007.0,8.0
京成金町駅,2022,mansion,1,4800000,4800000,4800000,4800000,793388.0,793388.0,20,1987.0,10.0
京成金町駅,2023,mansion,8,30000000,38587500,6700000,85000000,1624920.0,2022424.0,62,1997.0,4.0
京成金町駅,2024,mansion,7,30000000,39285714,17000000,76000000,1939394.0,2147538.0,65,1997.0,10.0
京成金町駅,2025,mansion,9,34000000,30375000,10000000,72000000,1889020.0,2405760.0,50,2000.0,6.0
京成関屋駅,2021,house,4,41000000,30500000,9500000,500000000,1682277.0,1691555.0,82,2006.0,7.0
京成関屋駅,2022,house,2,59500000,59500000,52000000,67000000,1206695.0,1206695.0,142,2002.0,8.0
京成関屋駅,2023,house,1,220000000,220000000,220000000,220000000,,,470,1964.0,4.0
京成関屋駅,2024,house,1,47000000,47000000,47000000,47000000,2219598.0,2219598.0,45,2024.0,7.0
京成関屋駅,2025,house,1,15000000,15000000,15000000,15000000,1239669.0,1239669.0,25,1994.0,5.0
京成関屋駅,2022,land,2,92500000,92500000,55000000,130000000,1800000.0,1800000.0,200,,4.0
京成関屋駅,2024,land,2,56500000,56500000,47000000,66000000,2150000.0,2150000.0,88,,3.0
京成関屋駅,2021,mansion,28,48000000,43333333,15000000,84000000,2086777.0,2097006.0,75,2007.0,4.0
京成関屋駅,2022,mansion,24,50000000,44000000,10000000,74000000,2056933.0,2111357.0,75,2006.0,5.0
京成関屋駅,2023,mansion,23,48000000,48304348,19000000,69000000,2237762.0,2210878.0,70,2007.0,5.0
京成関屋駅,2024,mansion,33,54000000,52580645,22000000,95000000,2411278.0,2412463.0,75,2008.0,6.0
京成関屋駅,2025,mansion,32,49000000,49387097,20000000,140000000,2397481.0,2393227.0,70,1998.0,6.0
京成高砂駅,2021,house,74,42500000,40186441,3800000,690000000,1446281.0,1400659.0,80,2018.0,10.0
京成高砂駅,2022,house,41,45000000,43945946,12000000,340000000,1643170.0,1533522.0,85,2022.0,9.0
京成高砂駅,2023,house,33,46000000,46709677,15000000,470000000,1652892.0,1610199.0,85,2010.0,10.0
京成高砂駅,2024,house,33,40000000,34340000,9200000,130000000,1322314.0,1321273.0,70,2006.0,10.0
京成高砂駅,2025,house,44,46500000,46150000,15000000,360000000,1763085.0,1681899.0,80,2018.0,10.0
京成高砂駅,2021,land,21,33000000,38790000,3000000,220000000,1100000.0,1149000.0,95,,6.0
京成高砂駅,2022,land,13,37000000,40692308,12000000,100000000,1100000.0,1007273.0,105,,6.0
京成高砂駅,2023,land,16,38500000,33866667,9000000,100000000,1000000.0,1013125.0,95,,10.0
京成高砂駅,2024,land,8,59500000,59142857,40000000,320000000,1450000.0,1412500.0,155,,9.0
京成高砂駅,2025,land,10,41500000,56400000,20000000,120000000,1500000.0,1351111.0,105,,8.0
京成高砂駅,2021,mansion,44,30000000,25836364,5000000,43000000,1589532.0,1534198.0,60,1998.0,8.0
京成高砂駅,2022,mansion,31,17000000,17579310,5000000,41000000,1256198.0,1195215.0,55,1988.0,8.0
京成高砂駅,2023,mansion,41,30000000,27753659,4700000,48000000,1652893.0,1629201.0,65,1998.0,10.0
京成高砂駅,2024,mansion,34,26500000,28864706,5800000,55000000,1520661.0,1631973.0,60,1994.0,8.0
京成高砂駅,2025,mansion,48,31000000,28295833,6200000,54000000,1709563.0,1671231.0,60,1989.0,6.0
京橋駅,2022,house,2,770000000,770000000,340000000,1200000000,4064891.0,4064891.0,112,1982.0,2.0
京橋駅,2023,house,1,1500000000,1500000000,1500000000,1500000000,4958678.0,4958678.0,155,1965.0,2.0
京橋駅,2024,house,1,3500000000,3500000000,3500000000,3500000000,5785124.0,5785124.0,450,1997.0,1.0
京橋駅,2021,mansion,1,150000000,150000000,150000000,150000000,9917355.0,9917355.0,50,2003.0,2.0
京橋駅,2023,mansion,3,31000000,34333333,30000000,42000000,4958678.0,4389348.0,20,2004.0,6.0
京橋駅,2024,mansion,3,23000000,26333333,23000000,33000000,3801653.0,4352617.0,20,2004.0,6.0
京橋駅,2025,mansion,2,118000000,118000000,36000000,200000000,9586776.0,9586776.0,35,2004.0,4.0
京王よみうりランド駅,2021,house,13,44000000,41272727,18000000,95000000,1616162.0,1502274.0,120,2021.0,8.0
京王よみうりランド駅,2022,house,13,49000000,48153846,41000000,55000000,1668634.0,1627439.0,125,2022.0,9.0
京王よみうりランド駅,2023,house,14,47000000,47333333,9000000,73000000,1691263.0,1698360.0,110,2022.0,10.0
京王よみうりランド駅,2024,house,2,39000000,39000000,23000000,55000000,1576406.0,1576406.0,88,2010.0,8.0
京王よみうりランド駅,2025,house,7,48000000,48400000,30000000,55000000,1619835.0,1568212.0,125,2025.0,11.0
京王よみうりランド駅,2021,land,4,27500000,25000000,3000000,42000000,700000.0,680000.0,122,,10.0
京王よみうりランド駅,2022,land,3,53000000,83666667,48000000,150000000,550000.0,650000.0,330,,11.0
京王よみうりランド駅,2023,land,2,96500000,96500000,43000000,150000000,1150000.0,1150000.0,275,,9.0
京王よみうりランド駅,2024,land,3,45000000,49333333,42000000,61000000,1000000.0,1033333.0,140,,7.0
京王よみうりランド駅,2025,land,3,94000000,162666667,84000000,310000000,630000.0,820000.0,490,,13.0
京王よみうりランド駅,2021,mansion,20,27000000,26785000,3700000,43000000,1341204.0,1369385.0,70,2005.0,6.0
京王よみうりランド駅,2022,mansion,9,39000000,36250000,4700000,42000000,1633447.0,1615610.0,75,2006.0,7.0
京王よみうりランド駅,2023,mansion,9,35000000,27622222,3700000,40000000,1558442.0,1566373.0,70,2005.0,7.0
京王よみうりランド駅,2024,mansion,19,38000000,40705882,3700000,55000000,1711230.0,1601504.0,75,2008.0,8.0
京王よみうりランド駅,2025,mansion,7,43000000,43000000,32000000,61000000,2016529.0,1823071.0,85,2008.0,8.0
京王八王子駅,2021,house,32,36500000,35161290,16000000,88000000,1161886.0,1075143.0,135,2013.0,15.0
京王八王子駅,2022,house,18,37500000,37857143,15000000,1500000000,1074380.0,1039055.0,130,2004.0,16.0
京王八王子駅,2023,house,27,32000000,31360000,10000000,2200000000,1041322.0,981798.0,120,2009.0,20.0
京王八王子駅,2024,house,20,37000000,36466667,14000000,130000000,1252719.0,1224757.0,105,2023.0,18.0
京王八王子駅,2025,house,29,39000000,35300000,8500000,680000000,1157025.0,1115779.0,115,2010.0,15.0
京王八王子駅,2021,land,4,24500000,29500000,9000000,60000000,835000.0,756667.0,80,,8.0
京王八王子駅,2022,land,5,42000000,45600000,23000000,63000000,860000.0,805000.0,115,,11.0
京王八王子駅,2023,land,5,49000000,44250000,28000000,270000000,870000.0,1144000.0,190,,5.0
京王八王子駅,2024,land,5,38000000,33500000,16000000,180000000,720000.0,684000.0,120,,16.0
京王八王子駅,2025,land,4,122000000,93000000,35000000,700000000,925000.0,880000.0,970,,14.0
京王八王子駅,2021,mansion,49,17000000,17019388,500000,43000000,1013774.0,867136.0,60,1987.0,8.0
京王八王子駅,2022,mansion,86,19500000,18889651,500000,48000000,1157025.0,1330789.0,50,1997.0,8.0
京王八王子駅,2023,mansion,62,18500000,19526833,500000,62000000,1146005.0,1211538.0,60,1988.0,8.0
京王八王子駅,2024,mansion,67,26000000,25855224,500000,67000000,1416765.0,1406936.0,60,2003.0,9.0
京王八王子駅,2025,mansion,95,21000000,23472632,600000,64000000,1101928.0,1396308.0,60,1999.0,10.0
京王堀之内駅,2021,house,55,53000000,51240741,10000000,150000000,1404642.0,1354069.0,185,2016.0,19.0
京王堀之内駅,2022,house,44,60000000,57888889,14000000,300000000,1469238.0,1528339.0,192,2021.0,17.0
京王堀之内駅,2023,house,23,50000000,48650000,20000000,290000000,1493725.0,1370413.0,195,2010.0,20.0
京王堀之内駅,2024,house,31,52000000,51777778,25000000,440000000,1322314.0,1222562.0,185,2011.0,17.0
京王堀之内駅,2025,house,37,48000000,46857143,18000000,220000000,1283422.0,1308119.0,175,2007.0,15.0
京王堀之内駅,2021,land,6,37500000,35400000,30000000,66000000,825000.0,748333.0,160,,15.0
京王堀之内駅,2022,land,7,37000000,49714286,28000000,96000000,500000.0,624286.0,210,,21.0
京王堀之内駅,2023,land,3,41000000,54000000,27000000,94000000,660000.0,696667.0,200,,18.0
京王堀之内駅,2024,land,3,40000000,63000000,19000000,130000000,580000.0,613333.0,230,,21.0
京王堀之内駅,2025,land,2,56000000,56000000,45000000,67000000,555000.0,555000.0,418,,13.0
京王堀之内駅,2021,mansion,100,25000000,25400000,12000000,52000000,1022816.0,1062156.0,80,1997.0,10.0
京王堀之内駅,2022,mansion,59,29000000,28711864,11000000,47000000,1180638.0,1158075.0,85,2002.0,10.0
京王堀之内駅,2023,mansion,81,27000000,28641026,3000000,80000000,1101928.0,1155246.0,85,1997.0,9.0
京王堀之内駅,2024,mansion,64,28000000,28234375,11000000,46000000,1168243.0,1134323.0,85,1995.0,8.0
京王堀之内駅,2025,mansion,72,29000000,29217391,11000000,60000000,1158268.0,1216811.0,85,1997.0,10.0
京王多摩センター駅,2021,house,15,45000000,40461538,22000000,120000000,1416765.0,1249273.0,125,2006.0,14.0
京王多摩センター駅,2022,house,19,48000000,46764706,13000000,95000000,1472577.0,1391607.0,125,2020.0,19.0
京王多摩センター駅,2023,house,21,51000000,49200000,34000000,230000000,1398601.0,1329104.0,135,2012.0,16.0
京王多摩センター駅,2024,house,17,48000000,43692308,12000000,450000000,1388430.0,1410467.0,110,2022.0,15.0
京王多摩センター駅,2025,house,25,43000000,45090909,8000000,110000000,1262209.0,1348648.0,120,2009.0,23.0
京王多摩センター駅,2021,land,5,47000000,49750000,30000000,350000000,740000.0,834000.0,270,,18.0
京王多摩センター駅,2022,land,3,180000000,180333333,41000000,320000000,780000.0,810000.0,520,,15.0
京王多摩センター駅,2023,land,1,130000000,130000000,130000000,130000000,1100000.0,1100000.0,380,,12.0
京王多摩センター駅,2024,land,4,47000000,43333333,36000000,260000000,1035000.0,1002500.0,155,,13.0
京王多摩センター駅,2025,land,3,32000000,65666667,5000000,160000000,420000.0,512667.0,500,,22.0
京王多摩センター駅,2021,mansion,179,22000000,24400559,5500000,60000000,869943.0,985932.0,80,1984.0,13.0
京王多摩センター駅,2022,mansion,159,27000000,29763522,4400000,60000000,1009134.0,1201082.0,80,1986.0,12.0
京王多摩センター駅,2023,mansion,138,26000000,28888406,1500000,66000000,980716.0,1162206.0,80,1986.0,14.0
京王多摩センター駅,2024,mansion,140,26000000,27197857,3100000,72000000,966306.0,1151989.0,78,1987.0,13.0
京王多摩センター駅,2025,mansion,148,24500000,29666216,4000000,84000000,965690.0,1256487.0,80,1987.0,13.0
京王多摩川駅,2021,house,27,39000000,40521739,9100000,130000000,1322314.0,1299506.0,90,2012.0,10.0
京王多摩川駅,2022,house,16,58000000,55142857,38000000,190000000,2133018.0,2071863.0,110,2020.0,7.0
京王多摩川駅,2023,house,18,58000000,48000000,21000000,310000000,1749215.0,1727458.0,140,2004.0,8.0
京王多摩川駅,2024,house,16,46500000,40538462,12000000,170000000,1571252.0,1551031.0,128,1998.0,8.0
京王多摩川駅,2025,house,14,43500000,34750000,14000000,380000000,1664492.0,1471412.0,85,2000.0,10.0
京王多摩川駅,2021,land,5,32000000,30666667,13000000,100000000,960000.0,1030000.0,120,,11.0
京王多摩川駅,2022,land,3,16000000,15933333,2800000,29000000,790000.0,993333.0,50,,9.0
京王多摩川駅,2023,land,6,28500000,24408333,150000,50000000,875000.0,762433.0,102,,9.0
京王多摩川駅,2024,land,1,65000000,65000000,65000000,65000000,700000.0,700000.0,300,,14.0
京王多摩川駅,2025,land,2,55000000,55000000,54000000,56000000,1650000.0,1650000.0,112,,9.0
京王多摩川駅,2021,mansion,51,28000000,26115686,5400000,46000000,1454545.0,1405830.0,60,1996.0,7.0
京王多摩川駅,2022,mansion,50,25000000,23740000,4200000,41000000,1394263.0,1387116.0,58,1990.0,6.0
京王多摩川駅,2023,mansion,38,25000000,26413158,6800000,48000000,1454545.0,1465560.0,60,1989.0,4.0
京王多摩川駅,2024,mansion,53,34000000,31667925,5000000,58000000,1678322.0,1586073.0,65,1990.0,9.0
京王多摩川駅,2025,mansion,53,31000000,30550943,4600000,63000000,1597796.0,1589851.0,60,1989.0,6.0
京王永山駅,2021,house,36,40500000,37677419,8000000,490000000,1254099.0,1184906.0,120,2008.0,15.0
京王永山駅,2022,house,43,45000000,42650000,1800000,120000000,1448249.0,1375930.0,165,2012.0,16.0
京王永山駅,2023,house,41,53000000,52540541,12000000,420000000,1101928.0,1233065.0,175,2000.0,15.0
京王永山駅,2024,house,37,40000000,42400000,16000000,260000000,1322314.0,1300458.0,115,2009.0,15.0
京王永山駅,2025,house,52,47000000,46840426,9500000,200000000,1392103.0,1406009.0,140,2011.0,15.0
京王永山駅,2021,land,9,32000000,28125000,12000000,65000000,420000.0,337500.0,230,,16.0
京王永山駅,2022,land,8,73500000,85125000,40000000,150000000,545000.0,550000.0,390,,14.0
京王永山駅,2023,land,5,36000000,34000000,11000000,58000000,990000.0,818000.0,130,,12.0
京王永山駅,2024,land,5,38000000,38333333,1000000,92000000,630000.0,720000.0,135,,14.0
京王永山駅,2025,land,8,42500000,31666667,12000000,960000000,600000.0,501429.0,245,,16.0
京王永山駅,2021,mansion,154,21500000,22696753,3000000,52000000,990040.0,1058269.0,70,1991.0,12.0
京王永山駅,2022,mansion,132,22000000,22016667,2500000,54000000,895896.0,985255.0,75,1985.0,13.0
京王永山駅,2023,mansion,117,22000000,21350000,2000000,59000000,925620.0,1015627.0,70,1985.0,13.0
京王永山駅,2024,mansion,140,20500000,23225899,3700000,72000000,870523.0,1092627.0,75,1986.0,13.0
京王永山駅,2025,mansion,130,20000000,23986923,400000,67000000,910063.0,1097450.0,75,1984.0,13.0
京王片倉駅,2021,house,12,31500000,32272727,4000000,52000000,1190083.0,1189491.0,128,2020.0,8.0
京王片倉駅,2022,house,15,35000000,38066667,8000000,88000000,1363636.0,1102988.0,140,2018.0,8.0
京王片倉駅,2023,house,9,35000000,36625000,5300000,47000000,1051841.0,1033162.0,140,2017.0,10.0
京王片倉駅,2024,house,3,43000000,39666667,27000000,49000000,1421488.0,1262209.0,140,2023.0,8.0
京王片倉駅,2025,house,18,44000000,43176471,25000000,110000000,1565898.0,1438469.0,128,2025.0,10.0
京王片倉駅,2021,land,2,32000000,32000000,30000000,34000000,525000.0,525000.0,255,,8.0
京王片倉駅,2022,land,2,30500000,30500000,23000000,38000000,360000.0,360000.0,308,,5.0
京王片倉駅,2023,land,3,11000000,10500000,6500000,14000000,280000.0,296667.0,115,,9.0
京王片倉駅,2024,land,2,43000000,43000000,39000000,47000000,540000.0,540000.0,260,,8.0
京王片倉駅,2025,land,5,31000000,37000000,21000000,61000000,580000.0,692000.0,160,,9.0
京王片倉駅,2021,mansion,1,20000000,20000000,20000000,20000000,1017165.0,1017165.0,65,1995.0,6.0
京王片倉駅,2022,mansion,1,33000000,33000000,33000000,33000000,1090909.0,1090909.0,100,2003.0,6.0
京王片倉駅,2024,mansion,2,4850000,4850000,3700000,6000000,486101.0,486101.0,38,1982.0,4.0
京王片倉駅,2025,mansion,2,11600000,11600000,3200000,20000000,815427.0,815427.0,40,1991.0,6.0
人形町駅,2021,house,9,220000000,373666667,35000000,1100000000,2644628.0,2682268.0,70,1989.0,4.0
人形町駅,2022,house,7,280000000,301666667,100000000,3500000000,3702479.0,4001925.0,75,1984.0,3.0
人形町駅,2023,house,5,230000000,199000000,96000000,2000000000,4752066.0,4020797.0,65,1978.0,2.0
人形町駅,2024,house,6,230000000,307000000,65000000,1800000000,3527602.0,4089542.0,90,1992.0,2.0
人形町駅,2025,house,5,950000000,882200000,61000000,1300000000,4476584.0,3517322.0,115,1969.0,2.0
人形町駅,2021,land,1,480000000,480000000,480000000,480000000,11000000.0,11000000.0,150,,4.0
人形町駅,2023,land,3,160000000,176666667,140000000,230000000,6800000.0,6333333.0,95,,3.0
人形町駅,2024,land,1,290000000,290000000,290000000,290000000,13000000.0,13000000.0,70,,2.0
人形町駅,2025,land,1,160000000,160000000,160000000,160000000,11000000.0,11000000.0,50,,3.0
人形町駅,2021,mansion,106,53000000,56122857,9900000,140000000,3782333.0,3777610.0,55,2006.0,3.0
人形町駅,2022,mansion,78,55500000,59158974,9400000,140000000,4132231.0,4059407.0,45,2005.0,3.0
人形町駅,2023,mansion,93,70000000,68602151,11000000,160000000,4407713.0,4315276.0,50,2005.0,3.0
人形町駅,2024,mansion,71,65000000,69457143,12000000,200000000,4701561.0,4706308.0,45,2005.0,3.0
人形町駅,2025,mansion,72,75500000,81732394,13000000,660000000,5509642.0,5645017.0,45,2005.0,3.0
仙川駅,2021,house,87,54000000,53618421,9000000,2000000000,1971227.0,1978731.0,105,2013.0,15.0
仙川駅,2022,house,61,56000000,54963636,12000000,160000000,2066116.0,1993449.0,100,2012.0,15.0
仙川駅,2023,house,58,58000000,54298039,4700000,410000000,2087864.0,1988194.0,105,2006.0,14.0
仙川駅,2024,house,57,63000000,58392157,7100000,210000000,2190083.0,2086632.0,100,2010.0,15.0
仙川駅,2025,house,83,62000000,57826667,2500000,600000000,2298308.0,2148866.0,105,2013.0,15.0
仙川駅,2021,land,34,46000000,44280000,6800000,240000000,1300000.0,1234242.0,105,,15.0
仙川駅,2022,land,23,50000000,47263158,28000000,3600000000,1200000.0,1368261.0,125,,16.0
仙川駅,2023,land,13,66000000,71090909,50000000,520000000,1600000.0,1680000.0,115,,14.0
仙川駅,2024,land,26,54500000,52160000,2000000,160000000,1600000.0,1485417.0,108,,13.0
仙川駅,2025,land,15,67000000,63307692,23000000,390000000,1800000.0,1640000.0,115,,14.0
仙川駅,2021,mansion,71,44000000,46388060,4100000,89000000,2077922.0,2220857.0,70,2007.0,14.0
仙川駅,2022,mansion,66,52500000,50992424,6500000,89000000,2534435.0,2495854.0,70,2005.0,10.0
仙川駅,2023,mansion,67,53000000,54537313,15000000,86000000,2695486.0,2576735.0,70,2007.0,10.0
仙川駅,2024,mansion,58,58500000,57775862,19000000,90000000,2621015.0,2724046.0,72,2014.0,12.0
仙川駅,2025,mansion,78,58000000,58012987,9000000,150000000,2623967.0,2737791.0,70,2008.0,11.0
代々木上原駅,2021,house,20,150000000,126352941,60000000,10000000000,3636364.0,3678361.0,72,2009.0,6.0
代々木上原駅,2022,house,13,150000000,148636364,65000000,1900000000,4297520.0,4334575.0,65,2004.0,5.0
代々木上原駅,2023,house,14,390000000,545384615,120000000,3900000000,5037387.0,4801510.0,165,1994.0,6.0
代々木上原駅,2024,house,17,400000000,351600000,64000000,2000000000,5347593.0,5204672.0,140,2007.0,7.0
代々木上原駅,2025,house,24,260000000,311739130,100000000,1100000000,5142332.0,5044513.0,140,2002.0,5.0
代々木上原駅,2021,land,10,135000000,131714286,17000000,470000000,4500000.0,4477778.0,105,,5.0
代々木上原駅,2022,land,8,160000000,233250000,66000000,500000000,4350000.0,4071429.0,160,,8.0
代々木上原駅,2023,land,6,260000000,278333333,180000000,450000000,5150000.0,5283333.0,155,,6.0
代々木上原駅,2024,land,4,405000000,405000000,120000000,690000000,5100000.0,4650000.0,225,,6.0
代々木上原駅,2025,land,6,295000000,336166667,87000000,640000000,7650000.0,7540000.0,118,,4.0
代々木上原駅,2021,mansion,59,84000000,80000000,10000000,300000000,4407713.0,4194379.0,65,2005.0,6.0
代々木上原駅,2022,mansion,46,84000000,90695652,11000000,230000000,4952196.0,4849393.0,60,2012.0,6.0
代々木上原駅,2023,mansion,46,115000000,111444444,12000000,320000000,5390683.0,5357570.0,70,2002.0,8.0
代々木上原駅,2024,mansion,68,130000000,117793651,16000000,550000000,5991735.0,5822421.0,68,2004.0,7.0
代々木上原駅,2025,mansion,78,120000000,122844156,14000000,640000000,6399055.0,6264338.0,60,2011.0,7.0
代々木八幡駅,2021,house,2,213500000,213500000,77000000,350000000,4663700.0,4663700.0,102,1988.0,6.0
代々木八幡駅,2022,house,3,150000000,243333333,130000000,450000000,3736974.0,3689451.0,95,2009.0,3.0
代々木八幡駅,2023,house,4,755000000,687500000,140000000,1100000000,4330578.0,4398928.0,158,1994.0,6.0
代々木八幡駅,2024,house,2,710000000,710000000,420000000,1000000000,5793715.0,5793715.0,152,1992.0,4.0
代々木八幡駅,2025,house,3,330000000,538333333,85000000,1200000000,3606311.0,3832958.0,185,1976.0,5.0
代々木八幡駅,2021,land,3,110000000,123333333,60000000,200000000,3300000.0,3033333.0,115,,6.0
代々木八幡駅,2023,land,2,345000000,345000000,200000000,490000000,5250000.0,5250000.0,215,,8.0
代々木八幡駅,2024,land,2,565000000,565000000,410000000,720000000,10250000.0,10250000.0,215,,4.0
代々木八幡駅,2025,land,3,200000000,243333333,90000000,440000000,5800000.0,5733333.0,95,,6.0
代々木八幡駅,2021,mansion,32,49000000,54806452,18000000,160000000,3502972.0,3676619.0,45,2001.0,8.0
代々木八幡駅,2022,mansion,34,60000000,71588235,13000000,170000000,4173554.0,4352961.0,45,2003.0,6.0
代々木八幡駅,2023,mansion,44,58000000,65452381,15000000,190000000,4351615.0,4548291.0,50,2005.0,7.0
代々木八幡駅,2024,mansion,38,74500000,87388889,17000000,580000000,4958678.0,5041840.0,48,2002.0,6.0
代々木八幡駅,2025,mansion,51,93000000,98640000,13000000,320000000,5594405.0,5572816.0,50,1998.0,6.0
代々木公園駅,2021,house,4,146500000,192000000,65000000,410000000,3505510.0,3410100.0,80,2002.0,4.0
代々木公園駅,2022,house,6,265000000,258833333,43000000,400000000,4305854.0,5072922.0,150,1987.0,10.0
代々木公園駅,2023,house,4,115000000,93666667,51000000,710000000,3083038.0,3099509.0,62,2008.0,8.0
代々木公園駅,2024,house,3,700000000,786666667,160000000,1500000000,9355995.0,7577820.0,160,1998.0,10.0
代々木公園駅,2025,house,5,1700000000,2096000000,280000000,4100000000,5289256.0,5313081.0,310,1992.0,6.0
代々木公園駅,2021,land,2,266500000,266500000,63000000,470000000,4800000.0,4800000.0,160,,8.0
代々木公園駅,2022,land,1,420000000,420000000,420000000,420000000,5100000.0,5100000.0,270,,8.0
代々木公園駅,2023,land,2,510000000,510000000,390000000,630000000,9400000.0,9400000.0,265,,8.0
代々木公園駅,2024,land,2,185000000,185000000,150000000,220000000,8750000.0,8750000.0,68,,5.0
代々木公園駅,2021,mansion,48,63500000,65130435,14000000,190000000,3993506.0,4115814.0,50,2001.0,6.0
代々木公園駅,2022,mansion,42,90500000,88950000,9000000,400000000,4814579.0,4830938.0,62,2002.0,8.0
代々木公園駅,2023,mansion,29,66000000,70275862,15000000,190000000,4260790.0,4162805.0,45,2005.0,5.0
代々木公園駅,2024,mansion,39,86000000,77361111,17000000,870000000,4666991.0,5097979.0,50,1999.0,7.0
代々木公園駅,2025,mansion,62,66500000,87275862,13000000,760000000,5619834.0,5875985.0,48,2003.0,7.0
代々木駅,2021,house,5,220000000,242800000,44000000,590000000,3305785.0,3223034.0,45,1986.0,4.0
代々木駅,2022,house,4,210000000,168333333,85000000,640000000,3947496.0,3153630.0,90,1993.0,3.0
代々木駅,2023,house,1,120000000,120000000,120000000,120000000,3606311.0,3606311.0,75,1991.0,7.0
代々木駅,2024,house,5,400000000,658000000,80000000,1400000000,4278075.0,3987345.0,210,1982.0,4.0
代々木駅,2025,house,6,480000000,410000000,90000000,6000000000,6071883.0,7475063.0,95,1984.0,4.0
代々木駅,2021,land,1,40000000,40000000,40000000,40000000,2100000.0,2100000.0,65,,4.0
代々木駅,2022,land,1,92000000,92000000,92000000,92000000,6900000.0,6900000.0,45,,4.0
代々木駅,2023,land,3,260000000,216666667,120000000,270000000,6400000.0,6266667.0,135,,7.0
代々木駅,2025,land,2,140000000,140000000,130000000,150000000,7100000.0,7100000.0,65,,6.0
代々木駅,2021,mansion,57,40000000,54859649,10000000,140000000,4250295.0,4018229.0,40,2004.0,4.0
代々木駅,2022,mansion,49,47000000,54020408,12000000,110000000,3834711.0,3859994.0,50,2000.0,4.0
代々木駅,2023,mansion,40,48500000,50216216,18000000,150000000,4187328.0,4083066.0,45,1998.0,4.0
代々木駅,2024,mansion,47,54000000,60333333,16000000,150000000,4628099.0,4503389.0,45,1998.0,4.0
代々木駅,2025,mansion,65,56000000,62046875,6000000,250000000,4533648.0,4612968.0,40,1996.0,4.0
代官山駅,2021,house,4,655000000,832500000,320000000,1700000000,7685672.0,7684827.0,95,2018.0,5.0
代官山駅,2022,house,2,300000000,300000000,270000000,330000000,6389251.0,6389251.0,138,1994.0,6.0
代官山駅,2023,house,6,675000000,728333333,110000000,1600000000,4958678.0,5733383.0,155,1994.0,9.0
代官山駅,2025,house,3,410000000,696666667,380000000,1300000000,12639766.0,14641504.0,140,2016.0,3.0
代官山駅,2021,land,3,180000000,496666667,110000000,1200000000,6100000.0,6533333.0,100,,8.0
代官山駅,2022,land,1,650000000,650000000,650000000,650000000,10000000.0,10000000.0,210,,7.0
代官山駅,2025,land,3,200000000,183333333,120000000,230000000,9600000.0,9166667.0,70,,6.0
代官山駅,2021,mansion,45,120000000,109023256,17000000,450000000,5950413.0,5522310.0,70,2005.0,3.0
代官山駅,2022,mansion,70,96500000,106937500,18000000,680000000,5371901.0,5720732.0,60,2000.0,4.0
代官山駅,2023,mansion,81,74000000,92950617,13000000,270000000,4760330.0,5497945.0,50,2000.0,3.0
代官山駅,2024,mansion,79,120000000,115271429,25000000,570000000,7346189.0,7431472.0,55,2005.0,4.0
代官山駅,2025,mansion,60,110000000,145017544,18000000,590000000,7960120.0,8227264.0,55,2000.0,4.0
代田橋駅,2021,house,19,59000000,59722222,20000000,630000000,2498671.0,2513348.0,65,2012.0,10.0
代田橋駅,2022,house,18,66500000,84176471,44000000,220000000,2520661.0,2547512.0,90,1995.0,5.0
代田橋駅,2023,house,12,79500000,80666667,11000000,170000000,2809917.0,2536937.0,78,1999.0,8.0
代田橋駅,2024,house,18,100000000,111352941,35000000,350000000,2966730.0,2739623.0,105,2014.0,6.0
代田橋駅,2025,house,24,91500000,93200000,12000000,800000000,2881543.0,2956552.0,88,2016.0,8.0
代田橋駅,2021,land,5,73000000,89200000,58000000,130000000,2100000.0,2080000.0,135,,8.0
代田橋駅,2022,land,8,66500000,60285714,45000000,280000000,2500000.0,2425000.0,85,,8.0
代田橋駅,2023,land,7,100000000,113857143,73000000,170000000,3200000.0,3183333.0,105,,6.0
代田橋駅,2024,land,9,72000000,62125000,36000000,420000000,2300000.0,2366667.0,95,,7.0
代田橋駅,2025,land,5,130000000,109000000,71000000,130000000,2300000.0,2325000.0,120,,8.0
代田橋駅,2021,mansion,54,25000000,28538889,8300000,56000000,3101141.0,3144489.0,25,2004.0,5.0
代田橋駅,2022,mansion,55,26000000,27738889,6900000,68000000,3239669.0,3170874.0,25,2001.0,5.0
代田橋駅,2023,mansion,45,26000000,25318182,10000000,70000000,3158861.0,3265210.0,20,2004.0,5.0
代田橋駅,2024,mansion,37,33000000,33176471,8000000,64000000,3223140.0,3262181.0,30,2005.0,5.0
代田橋駅,2025,mansion,38,27000000,29900000,6500000,83000000,3504132.0,3298285.0,30,2000.0,6.0
仲御徒町駅,2021,house,8,113000000,148428571,54000000,670000000,1785124.0,1826991.0,72,1979.0,4.0
仲御徒町駅,2022,house,4,265000000,285000000,100000000,510000000,3828128.0,4027545.0,72,2016.0,4.0
仲御徒町駅,2023,house,11,110000000,99888889,42000000,560000000,2578512.0,3009812.0,60,1998.0,4.0
仲御徒町駅,2024,house,10,165000000,291666667,50000000,3600000000,3260468.0,3753522.0,55,1971.0,5.0
仲御徒町駅,2025,house,7,340000000,383500000,81000000,2000000000,4365331.0,4395384.0,85,1990.0,4.0
仲御徒町駅,2021,land,3,85000000,289666667,54000000,730000000,3100000.0,5300000.0,90,,3.0
仲御徒町駅,2022,land,1,94000000,94000000,94000000,94000000,5400000.0,5400000.0,60,,3.0
仲御徒町駅,2023,land,1,90000000,90000000,90000000,90000000,9000000.0,9000000.0,35,,4.0
仲御徒町駅,2024,land,3,560000000,406000000,68000000,590000000,8800000.0,8933333.0,135,,4.0
仲御徒町駅,2025,land,5,130000000,113750000,70000000,660000000,6600000.0,7100000.0,65,,4.0
仲御徒町駅,2021,mansion,23,31000000,32913043,12000000,61000000,3173554.0,3079616.0,35,2007.0,4.0
仲御徒町駅,2022,mansion,22,31000000,34095238,15000000,78000000,3659976.0,3631891.0,25,2008.0,5.0
仲御徒町駅,2023,mansion,21,42000000,43333333,20000000,73000000,3415978.0,3347421.0,40,2005.0,4.0
仲御徒町駅,2024,mansion,25,44000000,45880000,16000000,76000000,4363636.0,4508141.0,35,2011.0,5.0
仲御徒町駅,2025,mansion,31,33000000,37517241,15000000,110000000,3825266.0,3782860.0,30,2007.0,4.0
住吉駅,2021,house,18,69500000,64153846,21000000,420000000,2136783.0,2156123.0,60,2016.0,10.0
住吉駅,2022,house,22,69500000,60764706,17000000,430000000,2203857.0,2146819.0,60,2014.0,8.0
住吉駅,2023,house,30,80000000,108928571,26000000,450000000,2261853.0,2076439.0,80,2001.0,8.0
住吉駅,2024,house,13,80000000,128727273,31000000,520000000,2253944.0,2438769.0,110,1994.0,5.0
住吉駅,2025,house,22,94000000,95684211,6000000,1000000000,2833530.0,2870671.0,65,2013.0,10.0
住吉駅,2021,land,8,50000000,67914286,8400000,370000000,3100000.0,3357143.0,55,,9.0
住吉駅,2022,land,8,82000000,86250000,32000000,150000000,3400000.0,3087500.0,80,,10.0
住吉駅,2023,land,15,97000000,96533333,9000000,210000000,3000000.0,3110000.0,105,,11.0
住吉駅,2024,land,3,110000000,80666667,12000000,120000000,2300000.0,2626667.0,85,,11.0
住吉駅,2025,land,9,130000000,107875000,52000000,430000000,4600000.0,4388889.0,85,,9.0
住吉駅,2021,mansion,138,50000000,48021739,17000000,86000000,2644628.0,2672318.0,65,2006.0,7.0
住吉駅,2022,mansion,134,57000000,51492537,11000000,130000000,3157025.0,2964884.0,65,2011.0,7.0
住吉駅,2023,mansion,121,61000000,59165289,11000000,130000000,3388430.0,3249773.0,70,2013.0,7.0
住吉駅,2024,mansion,122,54500000,55049180,14000000,130000000,3269054.0,3312828.0,65,2007.0,7.0
住吉駅,2025,mansion,169,64000000,64071006,16000000,140000000,3702479.0,3748388.0,60,2004.0,7.0
保谷駅,2021,house,129,46000000,45701754,6000000,120000000,1583104.0,1538827.0,105,2020.0,16.0
保谷駅,2022,house,109,49000000,46402062,6500000,120000000,1661592.0,1571110.0,110,2011.0,15.0
保谷駅,2023,house,101,46000000,46520000,4000000,730000000,1796433.0,1669977.0,100,2015.0,14.0
保谷駅,2024,house,97,53000000,49384375,6300000,1200000000,1851240.0,1751986.0,105,2022.0,15.0
保谷駅,2025,house,166,57000000,52576923,2000000,880000000,1945411.0,1799303.0,105,2024.0,15.0
保谷駅,2021,land,23,41000000,41318182,22000000,210000000,1200000.0,1110870.0,110,,12.0
保谷駅,2022,land,28,41500000,38400000,9800000,150000000,1050000.0,1047143.0,110,,13.0
保谷駅,2023,land,21,49000000,52789474,12000000,1300000000,1200000.0,1120952.0,120,,14.0
保谷駅,2024,land,25,42000000,42760000,12000000,82000000,1000000.0,1037083.0,140,,14.0
保谷駅,2025,land,27,49000000,44476190,8000000,1700000000,1200000.0,1148889.0,120,,11.0
保谷駅,2021,mansion,41,34000000,33000000,8800000,66000000,1586777.0,1593629.0,70,2001.0,6.0
保谷駅,2022,mansion,42,33500000,32117073,7800000,70000000,1723731.0,1785254.0,62,1995.0,11.0
保谷駅,2023,mansion,46,35500000,36500000,8500000,77000000,1911846.0,1839480.0,65,1995.0,8.0
保谷駅,2024,mansion,49,36000000,35583333,13000000,68000000,1830896.0,1906592.0,65,2002.0,8.0
保谷駅,2025,mansion,54,35000000,39305556,8500000,70000000,1983471.0,1950195.0,65,1994.0,8.0
信濃町駅,2021,house,2,262500000,262500000,45000000,480000000,3798987.0,3798987.0,95,1996.0,7.0
信濃町駅,2022,house,4,275000000,368750000,75000000,850000000,2235434.0,2289673.0,265,1992.0,6.0
信濃町駅,2023,house,3,45000000,95333333,41000000,200000000,1859504.0,2707970.0,85,1963.0,10.0
信濃町駅,2024,house,2,87500000,87500000,35000000,140000000,3008264.0,3008264.0,62,1960.0,6.0
信濃町駅,2025,house,6,215000000,181333333,20000000,300000000,3950760.0,3444716.0,115,1998.0,7.0
信濃町駅,2021,land,1,51000000,51000000,51000000,51000000,3300000.0,3300000.0,50,,8.0
信濃町駅,2022,land,2,105000000,105000000,50000000,160000000,3250000.0,3250000.0,105,,6.0
信濃町駅,2023,land,3,300000000,260000000,140000000,340000000,4600000.0,7600000.0,100,,6.0
信濃町駅,2024,land,1,530000000,530000000,530000000,530000000,3600000.0,3600000.0,490,,6.0
信濃町駅,2021,mansion,29,90000000,77931034,11000000,170000000,3966942.0,3813337.0,65,2012.0,8.0
信濃町駅,2022,mansion,17,80000000,76764706,23000000,120000000,4099173.0,3879542.0,65,2008.0,8.0
信濃町駅,2023,mansion,21,90000000,87395000,7900000,210000000,4848485.0,4494702.0,65,2013.0,8.0
信濃町駅,2024,mansion,25,110000000,122240000,18000000,230000000,5594405.0,6126213.0,65,2015.0,8.0
信濃町駅,2025,mansion,26,99500000,95880000,21000000,290000000,5482093.0,5235086.0,60,2007.0,8.0
光が丘駅,2021,house,106,57000000,56564356,20000000,880000000,1917355.0,1962037.0,110,2021.0,16.0
光が丘駅,2022,house,59,59000000,55377358,5500000,310000000,1950413.0,1890407.0,100,2010.0,15.0
光が丘駅,2023,house,61,59000000,54011111,6800000,230000000,2192257.0,2096935.0,100,2020.0,15.0
光が丘駅,2024,house,65,57000000,55238095,4000000,460000000,1942149.0,1935645.0,100,2008.0,16.0
光が丘駅,2025,house,81,59000000,53980263,5500000,330000000,2222222.0,2144397.0,100,2013.0,16.0
光が丘駅,2021,land,16,40500000,39666667,21000000,530000000,1200000.0,1233333.0,110,,18.0
光が丘駅,2022,land,11,40000000,41111111,9000000,110000000,1100000.0,1110909.0,110,,19.0
光が丘駅,2023,land,9,51000000,56142857,10000000,460000000,1500000.0,1585714.0,110,,18.0
光が丘駅,2024,land,9,55000000,38537500,8300000,720000000,1400000.0,1558889.0,90,,14.0
光が丘駅,2025,land,10,47500000,45177778,7600000,370000000,1450000.0,1385714.0,110,,12.0
光が丘駅,2021,mansion,94,42000000,41565217,15000000,66000000,2034329.0,2071591.0,70,1991.0,8.0
光が丘駅,2022,mansion,103,42000000,42727273,20000000,80000000,2038567.0,2071074.0,70,1989.0,8.0
光が丘駅,2023,mansion,116,46500000,45750000,21000000,68000000,2264338.0,2260951.0,70,1991.0,8.0
光が丘駅,2024,mansion,116,47000000,49189655,13000000,82000000,2177015.0,2284430.0,72,1989.0,8.0
光が丘駅,2025,mansion,99,51000000,50134021,12000000,90000000,2390337.0,2430706.0,70,1990.0,9.0
入谷駅,2021,house,19,86000000,87716667,1900000,1000000000,1719008.0,1870438.0,95,1990.0,7.0
入谷駅,2022,house,17,190000000,189733333,30000000,1800000000,2424242.0,2851830.0,145,1993.0,6.0
入谷駅,2023,house,13,160000000,174166667,31000000,3000000000,1652892.0,1636165.0,150,1987.0,6.0
入谷駅,2024,house,17,170000000,301533333,50000000,2300000000,2693265.0,2307650.0,135,2004.0,6.0
入谷駅,2025,house,28,120000000,102739130,30000000,430000000,2821604.0,2817539.0,65,1994.0,5.0
入谷駅,2021,land,8,66500000,83250000,24000000,150000000,2950000.0,3075000.0,75,,6.0
入谷駅,2022,land,13,90000000,86636364,17000000,950000000,2900000.0,4246154.0,85,,4.0
入谷駅,2023,land,3,170000000,193333333,90000000,320000000,5200000.0,7133333.0,95,,5.0
入谷駅,2024,land,18,205000000,195187500,37000000,1300000000,5300000.0,6005556.0,120,,6.0
入谷駅,2025,land,9,160000000,160000000,80000000,940000000,6100000.0,5775000.0,115,,6.0
入谷駅,2021,mansion,141,35000000,35343972,7000000,80000000,2776859.0,2746864.0,45,2006.0,5.0
入谷駅,2022,mansion,150,31000000,33943624,7200000,89000000,2817430.0,2741822.0,40,2003.0,5.0
入谷駅,2023,mansion,173,37000000,38038953,6700000,95000000,2892562.0,2852733.0,45,2003.0,5.0
入谷駅,2024,mansion,184,40000000,44823497,7500000,110000000,3331214.0,3317689.0,45,2010.0,5.0
入谷駅,2025,mansion,185,44000000,48937297,4300000,130000000,3570248.0,3431004.0,50,2006.0,5.0
八丁堀駅,2021,house,9,540000000,507444444,72000000,960000000,3041322.0,2819894.0,110,1988.0,4.0
八丁堀駅,2022,house,7,220000000,270000000,36000000,640000000,3057851.0,3129444.0,75,1980.0,4.0
八丁堀駅,2023,house,1,170000000,170000000,170000000,170000000,3305785.0,3305785.0,55,1979.0,4.0
八丁堀駅,2024,house,8,910000000,792500000,90000000,1600000000,5509642.0,7442115.0,138,1985.0,2.0
八丁堀駅,2025,house,6,920000000,852000000,320000000,7900000000,4740714.0,5983450.0,180,1983.0,4.0
八丁堀駅,2021,land,1,3100000000,3100000000,3100000000,3100000000,30000000.0,30000000.0,340,,1.0
八丁堀駅,2022,land,2,86500000,86500000,23000000,150000000,3200000.0,3200000.0,75,,4.0
八丁堀駅,2023,land,2,210000000,210000000,190000000,230000000,13000000.0,13000000.0,50,,4.0
八丁堀駅,2024,land,1,40000000,40000000,40000000,40000000,4000000.0,4000000.0,35,,3.0
八丁堀駅,2025,land,1,200000000,200000000,200000000,200000000,6500000.0,6500000.0,100,,4.0
八丁堀駅,2021,mansion,147,60000000,58002055,5000000,150000000,3893480.0,3744324.0,55,2009.0,4.0
八丁堀駅,2022,mansion,137,56000000,60375000,10000000,220000000,4165289.0,4132557.0,45,2011.0,4.0
八丁堀駅,2023,mansion,195,68000000,69534574,8500000,330000000,4327573.0,4330636.0,55,2011.0,4.0
八丁堀駅,2024,mansion,139,80000000,86007299,13000000,280000000,5157025.0,5129956.0,55,2015.0,5.0
八丁堀駅,2025,mansion,187,78000000,92616667,2700000,430000000,5537190.0,5681826.0,50,2006.0,4.0
八坂駅,2021,house,17,37000000,35230769,4000000,100000000,1227863.0,1240231.0,105,2021.0,5.0
八坂駅,2022,house,16,36500000,35307692,22000000,210000000,1179982.0,1148752.0,120,2017.0,12.0
八坂駅,2023,house,16,25000000,26950000,5200000,67000000,1034163.0,996811.0,88,2006.0,11.0
八坂駅,2024,house,12,37000000,37888889,4000000,75000000,1254765.0,1172201.0,105,2014.0,12.0
八坂駅,2025,house,17,36000000,31723529,8300000,57000000,1101928.0,1077798.0,110,2011.0,15.0
八坂駅,2021,land,5,24000000,24600000,10000000,34000000,590000.0,716000.0,110,,5.0
八坂駅,2022,land,1,67000000,67000000,67000000,67000000,650000.0,650000.0,340,,3.0
八坂駅,2023,land,5,34000000,35000000,25000000,42000000,750000.0,773333.0,140,,9.0
八坂駅,2024,land,8,26500000,31375000,15000000,50000000,630000.0,633750.0,132,,12.0
八坂駅,2025,land,4,20500000,26125000,3500000,60000000,405000.0,432500.0,162,,11.0
八坂駅,2021,mansion,19,26000000,24315789,6000000,43000000,1244531.0,1137160.0,65,2007.0,8.0
八坂駅,2022,mansion,12,26500000,25191667,4300000,45000000,1333439.0,1230896.0,65,2000.0,6.0
八坂駅,2023,mansion,21,32000000,27761905,7000000,42000000,1502630.0,1428166.0,65,2006.0,6.0
八坂駅,2024,mansion,15,32000000,27033333,6500000,40000000,1404959.0,1315000.0,75,2008.0,8.0
八坂駅,2025,mansion,12,24000000,24383333,6300000,48000000,1322314.0,1359021.0,62,1997.0,4.0
八幡山駅,2021,house,31,69000000,67285714,32000000,600000000,2194597.0,2128214.0,100,2000.0,9.0
八幡山駅,2022,house,15,65000000,65933333,34000000,110000000,2455726.0,2477031.0,100,2006.0,12.0
八幡山駅,2023,house,21,55000000,56750000,13000000,280000000,2502952.0,2354577.0,65,2020.0,10.0
八幡山駅,2024,house,19,66000000,65588235,8000000,220000000,2203857.0,2431891.0,90,2001.0,10.0
八幡山駅,2025,house,20,59500000,68700000,18000000,150000000,2380165.0,2256685.0,72,2000.0,6.0
八幡山駅,2021,land,8,37000000,40487500,2900000,74000000,1500000.0,1584286.0,75,,8.0
八幡山駅,2022,land,7,57000000,63857143,25000000,98000000,1900000.0,1860000.0,100,,6.0
八幡山駅,2023,land,4,75500000,67000000,50000000,260000000,1850000.0,1875000.0,118,,8.0
八幡山駅,2024,land,5,66000000,63400000,54000000,70000000,1700000.0,1760000.0,115,,12.0
八幡山駅,2025,land,1,920000000,920000000,920000000,920000000,3800000.0,3800000.0,800,,5.0
八幡山駅,2021,mansion,76,28500000,27687838,4000000,80000000,2195986.0,2245559.0,40,1993.0,6.0
八幡山駅,2022,mansion,60,35500000,36766667,7700000,68000000,2527654.0,2444850.0,50,1991.0,6.0
八幡山駅,2023,mansion,51,28000000,33303922,7500000,72000000,2479339.0,2455092.0,45,1991.0,6.0
八幡山駅,2024,mansion,58,40500000,42517241,11000000,78000000,2500328.0,2572481.0,60,1990.0,7.0
八幡山駅,2025,mansion,62,30000000,35175410,5500000,100000000,2607897.0,2478385.0,45,1985.0,8.0
八広駅,2021,house,24,42500000,35777273,5300000,330000000,1636364.0,1580943.0,58,2020.0,7.0
八広駅,2022,house,19,46000000,59117647,23000000,1100000000,1794569.0,1641253.0,65,2014.0,8.0
八広駅,2023,house,37,54000000,47162500,7200000,500000000,1818182.0,1841450.0,65,2023.0,9.0
八広駅,2024,house,27,52000000,49666667,12000000,830000000,1983471.0,1793399.0,60,2023.0,6.0
八広駅,2025,house,34,51000000,49540000,500000,720000000,1905688.0,1879824.0,55,2014.0,6.0
八広駅,2021,land,6,57500000,66833333,25000000,130000000,1150000.0,1141667.0,218,,8.0
八広駅,2022,land,9,46000000,92444444,21000000,220000000,1400000.0,1582222.0,150,,7.0
八広駅,2023,land,11,31000000,33900000,5000000,170000000,1300000.0,1141818.0,80,,7.0
八広駅,2024,land,4,30500000,28000000,23000000,570000000,1450000.0,1425000.0,80,,4.0
八広駅,2025,land,8,52000000,52625000,4000000,120000000,1350000.0,1343750.0,88,,8.0
八広駅,2021,mansion,48,30500000,29395833,11000000,46000000,1906193.0,2225827.0,50,2006.0,6.0
八広駅,2022,mansion,54,28000000,26242593,5000000,54000000,2093664.0,2312137.0,40,2005.0,6.0
八広駅,2023,mansion,32,26500000,26684375,7000000,49000000,1977961.0,2197603.0,40,2000.0,6.0
八広駅,2024,mansion,48,32000000,32750000,10000000,55000000,2237762.0,2384293.0,50,2005.0,6.0
八広駅,2025,mansion,47,37000000,34846809,6800000,55000000,2424242.0,2484380.0,45,2013.0,7.0
八潮駅,2021,house,23,35000000,34526316,10000000,140000000,1361206.0,1301392.0,90,2021.0,20.0
八潮駅,2022,house,24,39500000,35826087,17000000,80000000,1306572.0,1231060.0,90,2022.0,20.0
八潮駅,2023,house,19,41000000,39928571,15000000,210000000,1388430.0,1306993.0,95,2022.0,20.0
八潮駅,2024,house,21,42000000,39200000,9000000,53000000,1421488.0,1340267.0,105,2023.0,21.0
八潮駅,2025,house,33,39000000,41387097,5200000,55000000,1359045.0,1399699.0,95,2024.0,20.0
八潮駅,2021,land,2,113000000,113000000,16000000,210000000,655000.0,655000.0,535,,21.0
八潮駅,2022,land,2,150000000,150000000,120000000,180000000,690000.0,690000.0,700,,21.0
八潮駅,2023,land,3,18000000,36833333,2500000,90000000,720000.0,556667.0,70,,23.0
八潮駅,2024,land,4,35500000,29333333,17000000,160000000,685000.0,710000.0,165,,20.0
八潮駅,2025,land,5,85000000,73200000,13000000,120000000,660000.0,647500.0,330,,20.0
八潮駅,2022,mansion,1,24000000,24000000,24000000,24000000,1133412.0,1133412.0,70,2008.0,21.0
八潮駅,2023,mansion,3,25000000,26000000,23000000,30000000,1101928.0,1101575.0,80,2008.0,23.0
八王子みなみ野駅,2021,house,58,50000000,51171930,8800000,1500000000,1382419.0,1458138.0,170,2018.0,18.0
八王子みなみ野駅,2022,house,30,49500000,50333333,12000000,66000000,1251288.0,1221648.0,192,2006.0,18.0
八王子みなみ野駅,2023,house,57,61000000,56943396,16000000,120000000,1889020.0,1703988.0,165,2022.0,20.0
八王子みなみ野駅,2024,house,50,60500000,55020833,16000000,140000000,1794569.0,1605816.0,165,2023.0,20.0
八王子みなみ野駅,2025,house,65,49000000,52063492,7800000,620000000,1408552.0,1493935.0,180,2014.0,15.0
八王子みなみ野駅,2021,land,9,38000000,43857143,14000000,75000000,550000.0,553333.0,240,,10.0
八王子みなみ野駅,2022,land,3,45000000,42000000,33000000,48000000,640000.0,616667.0,240,,11.0
八王子みなみ野駅,2023,land,6,50000000,46000000,31000000,100000000,590000.0,558000.0,250,,14.0
八王子みなみ野駅,2024,land,6,43000000,47800000,19000000,250000000,550000.0,570000.0,230,,10.0
八王子みなみ野駅,2025,land,4,67000000,83500000,30000000,170000000,745000.0,737500.0,275,,10.0
八王子みなみ野駅,2021,mansion,17,32000000,33235294,24000000,45000000,1236076.0,1164527.0,90,2000.0,12.0
八王子みなみ野駅,2022,mansion,30,33000000,32600000,13000000,45000000,1239669.0,1240400.0,88,2002.0,10.0
八王子みなみ野駅,2023,mansion,25,35000000,35000000,17000000,52000000,1239669.0,1277330.0,90,2002.0,14.0
八王子みなみ野駅,2024,mansion,23,35000000,36181818,12000000,52000000,1361206.0,1322535.0,85,2002.0,10.0
八王子みなみ野駅,2025,mansion,30,33500000,32633333,12000000,54000000,1586777.0,1543409.0,88,2006.0,9.0
八王子駅,2021,house,252,24000000,22934052,2200000,570000000,762940.0,766556.0,135,2007.0,15.0
八王子駅,2022,house,242,25000000,25935652,1000000,360000000,796868.0,810355.0,135,2003.0,16.0
八王子駅,2023,house,218,28000000,26859296,1200000,3200000000,821585.0,862648.0,135,2002.0,14.0
八王子駅,2024,house,206,26500000,25432044,1500000,1400000000,832568.0,832181.0,135,2009.0,16.0
八王子駅,2025,house,320,28000000,26487500,1000000,440000000,904741.0,887310.0,135,2018.0,15.0
八王子駅,2021,land,68,24000000,22986441,1000000,140000000,350000.0,418415.0,192,,12.0
八王子駅,2022,land,60,17000000,17484615,1400000,110000000,330000.0,399849.0,150,,13.0
八王子駅,2023,land,82,20500000,25640789,1000000,200000000,305000.0,338273.0,200,,16.0
八王子駅,2024,land,75,19000000,26091250,370000,300000000,270000.0,285068.0,210,,14.0
八王子駅,2025,land,56,20000000,25670784,10000,340000000,350000.0,541110.0,165,,10.0
八王子駅,2021,mansion,209,26000000,23301463,1000000,80000000,1239669.0,1265245.0,65,2002.0,10.0
八王子駅,2022,mansion,243,28000000,28690000,1000000,91000000,1719008.0,1767736.0,60,2007.0,9.0
八王子駅,2023,mansion,206,32000000,31276214,1300000,84000000,1625152.0,1701451.0,65,2006.0,10.0
八王子駅,2024,mansion,204,29500000,29182759,100000,88000000,1652892.0,1709113.0,65,2002.0,9.0
八王子駅,2025,mansion,234,30000000,29921586,1700000,120000000,1791597.0,1749939.0,65,2007.0,9.0
六本木一丁目駅,2021,house,2,1230000000,1230000000,60000000,2400000000,4486422.0,4486422.0,222,1995.0,6.0
六本木一丁目駅,2022,house,1,1300000000,1300000000,1300000000,1300000000,5055906.0,5055906.0,120,2019.0,3.0
六本木一丁目駅,2023,house,4,260000000,220000000,140000000,1800000000,6312339.0,7263357.0,78,1988.0,4.0
六本木一丁目駅,2022,land,1,1600000000,1600000000,1600000000,1600000000,24000000.0,24000000.0,230,,4.0
六本木一丁目駅,2023,land,1,1800000000,1800000000,1800000000,1800000000,26000000.0,26000000.0,230,,3.0
六本木一丁目駅,2025,land,1,170000000,170000000,170000000,170000000,16000000.0,16000000.0,35,,3.0
六本木一丁目駅,2021,mansion,41,100000000,115589744,21000000,570000000,5876951.0,6355318.0,60,2012.0,4.0
六本木一丁目駅,2022,mansion,28,69500000,107750000,18000000,330000000,6168377.0,6485482.0,40,2008.0,3.0
六本木一丁目駅,2023,mansion,47,100000000,125065217,20000000,650000000,6959547.0,7205986.0,50,2005.0,3.0
六本木一丁目駅,2024,mansion,34,175000000,182562500,24000000,850000000,8984954.0,9765971.0,60,2013.0,3.0
六本木一丁目駅,2025,mansion,49,200000000,228500000,25000000,1100000000,11753902.0,12521056.0,60,2012.0,3.0
六本木駅,2021,house,10,210000000,375555556,90000000,2200000000,4530696.0,4882405.0,90,2008.0,8.0
六本木駅,2022,house,7,1100000000,995714286,300000000,1500000000,6861063.0,5839845.0,230,1990.0,4.0
六本木駅,2023,house,7,190000000,353333333,140000000,2500000000,5713360.0,5468414.0,75,2002.0,5.0
六本木駅,2024,house,10,860000000,1156666667,180000000,5100000000,8264462.0,9115871.0,175,1996.0,7.0
六本木駅,2025,house,5,700000000,525000000,150000000,2000000000,6611570.0,7435644.0,90,1972.0,5.0
六本木駅,2021,land,1,70000000,70000000,70000000,70000000,2300000.0,2300000.0,100,,7.0
六本木駅,2022,land,1,80000000,80000000,80000000,80000000,2700000.0,2700000.0,100,,6.0
六本木駅,2023,land,2,1165000000,1165000000,430000000,1900000000,12500000.0,12500000.0,298,,7.0
六本木駅,2024,land,1,190000000,190000000,190000000,190000000,7300000.0,7300000.0,90,,8.0
六本木駅,2025,land,3,500000000,610000000,330000000,1000000000,11000000.0,19666667.0,105,,6.0
六本木駅,2021,mansion,96,64500000,88451087,9000000,1200000000,4342599.0,4945689.0,50,2000.0,5.0
六本木駅,2022,mansion,108,110000000,142266667,5000000,630000000,6611570.0,6893801.0,55,2003.0,5.0
六本木駅,2023,mansion,71,70000000,87149254,11000000,700000000,5100354.0,5710617.0,45,2002.0,5.0
六本木駅,2024,mansion,87,61000000,68013333,11000000,640000000,5123967.0,5611291.0,45,2000.0,5.0
六本木駅,2025,mansion,112,91500000,119630000,12000000,2700000000,6372819.0,7977180.0,45,2002.0,5.0
六町駅,2021,house,87,39000000,37373333,8500000,150000000,1421488.0,1367893.0,90,2020.0,14.0
六町駅,2022,house,94,45000000,41964286,11000000,400000000,1520661.0,1397321.0,95,2015.0,15.0
六町駅,2023,house,75,41000000,39970588,8800000,340000000,1478421.0,1429488.0,85,2014.0,15.0
六町駅,2024,house,93,47000000,45705128,7300000,360000000,1594602.0,1538200.0,85,2019.0,15.0
六町駅,2025,house,95,48000000,49209302,10000000,350000000,1565898.0,1554710.0,95,2016.0,16.0
六町駅,2021,land,28,28500000,35475000,8400000,220000000,810000.0,906429.0,110,,14.0
六町駅,2022,land,21,50000000,42611111,13000000,210000000,1200000.0,1096667.0,135,,9.0
六町駅,2023,land,30,51000000,65423077,10000000,1400000000,1400000.0,1429259.0,108,,8.0
六町駅,2024,land,17,54000000,58812500,15000000,260000000,1400000.0,1331765.0,120,,10.0
六町駅,2025,land,23,55000000,63273913,8300000,180000000,1300000.0,1322174.0,115,,12.0
六町駅,2021,mansion,25,23000000,24120000,7000000,38000000,1322314.0,1265150.0,65,2007.0,12.0
六町駅,2022,mansion,38,28000000,27055556,12000000,55000000,1471861.0,1443358.0,60,2007.0,13.0
六町駅,2023,mansion,38,25000000,24623684,3500000,46000000,1407713.0,1386196.0,60,2007.0,14.0
六町駅,2024,mansion,41,27000000,27707317,11000000,48000000,1442524.0,1397216.0,60,2007.0,13.0
六町駅,2025,mansion,42,24000000,26111905,5700000,50000000,1403122.0,1387147.0,60,1995.0,17.0
六郷土手駅,2021,house,16,46500000,44071429,13000000,550000000,1818182.0,1799078.0,65,2004.0,5.0
六郷土手駅,2022,house,16,49500000,45933333,15000000,200000000,1771785.0,1740426.0,65,2020.0,7.0
六郷土手駅,2023,house,10,54500000,45375000,11000000,400000000,1679883.0,1626899.0,78,2009.0,6.0
六郷土手駅,2024,house,11,43000000,37000000,7000000,340000000,1579431.0,1634809.0,65,1988.0,5.0
六郷土手駅,2025,house,12,55000000,48100000,24000000,6300000000,2084384.0,1762306.0,88,2002.0,8.0
六郷土手駅,2021,land,2,28000000,28000000,21000000,35000000,1450000.0,1450000.0,68,,11.0
六郷土手駅,2022,land,3,92000000,1537333333,20000000,4500000000,1400000.0,1366667.0,240,,6.0
六郷土手駅,2023,land,1,79000000,79000000,79000000,79000000,1700000.0,1700000.0,155,,9.0
六郷土手駅,2024,land,4,37000000,34000000,28000000,140000000,1850000.0,1800000.0,70,,8.0
六郷土手駅,2025,land,3,150000000,173333333,40000000,330000000,2400000.0,2300000.0,165,,3.0
六郷土手駅,2021,mansion,44,42000000,43883721,11000000,65000000,2383838.0,2347627.0,65,2016.0,9.0
六郷土手駅,2022,mansion,61,47000000,45311475,16000000,83000000,2556474.0,2451378.0,65,2015.0,8.0
六郷土手駅,2023,mansion,60,47000000,45216667,11000000,84000000,2644628.0,2484515.0,65,2014.0,9.0
六郷土手駅,2024,mansion,61,44000000,46327869,20000000,90000000,2754821.0,2587261.0,65,2016.0,10.0
六郷土手駅,2025,mansion,76,47500000,47934211,10000000,84000000,2644628.0,2656054.0,65,2006.0,7.0
内幸町駅,2021,house,1,250000000,250000000,250000000,250000000,9722897.0,9722897.0,60,2009.0,2.0
内幸町駅,2022,house,3,1400000000,1433333333,1100000000,1800000000,5121639.0,6571823.0,160,1983.0,3.0
内幸町駅,2023,house,3,650000000,896666667,640000000,1400000000,4148436.0,5244550.0,135,1972.0,1.0
内幸町駅,2024,house,1,290000000,290000000,290000000,290000000,7669421.0,7669421.0,75,1963.0,3.0
内幸町駅,2025,house,2,2000000000,2000000000,1600000000,2400000000,8414725.0,8414725.0,170,1986.0,2.0
内幸町駅,2025,land,1,780000000,780000000,780000000,780000000,35000000.0,35000000.0,75,,2.0
内幸町駅,2021,mansion,1,35000000,35000000,35000000,35000000,2571166.0,2571166.0,45,1988.0,7.0
内幸町駅,2023,mansion,2,32500000,32500000,26000000,39000000,3151515.0,3151515.0,35,1988.0,7.0
内幸町駅,2025,mansion,1,40000000,40000000,40000000,40000000,2938476.0,2938476.0,45,1988.0,7.0
分倍河原駅,2021,house,24,43000000,40952381,15000000,260000000,1505781.0,1448158.0,112,2002.0,10.0
分倍河原駅,2022,house,17,52000000,49933333,25000000,200000000,1950413.0,1845690.0,100,2014.0,15.0
分倍河原駅,2023,house,22,52000000,49857143,5500000,78000000,1826053.0,1732210.0,100,2011.0,8.0
分倍河原駅,2024,house,31,60000000,55321429,20000000,230000000,1671258.0,1748041.0,125,2012.0,10.0
分倍河原駅,2025,house,28,58500000,56640000,18000000,850000000,2083131.0,2153969.0,110,2024.0,14.0
分倍河原駅,2021,land,8,37000000,47000000,17000000,230000000,1080000.0,1171250.0,112,,9.0
分倍河原駅,2022,land,8,53500000,67000000,10000000,310000000,1025000.0,981429.0,208,,8.0
分倍河原駅,2023,land,10,57500000,57750000,4000000,860000000,1250000.0,1290000.0,155,,9.0
分倍河原駅,2024,land,6,61500000,116666667,25000000,320000000,1000000.0,1165000.0,135,,8.0
分倍河原駅,2025,land,10,58500000,59500000,45000000,84000000,1500000.0,1584000.0,138,,8.0
分倍河原駅,2021,mansion,31,36000000,35666667,12000000,48000000,1586777.0,1646878.0,70,2003.0,9.0
分倍河原駅,2022,mansion,22,29500000,28336364,8400000,49000000,1506675.0,1431137.0,62,1995.0,9.0
分倍河原駅,2023,mansion,20,34000000,34550000,11000000,54000000,1644250.0,1629589.0,68,2000.0,9.0
分倍河原駅,2024,mansion,28,35000000,33714286,16000000,54000000,1830896.0,1707365.0,65,1996.0,9.0
分倍河原駅,2025,mansion,26,37000000,38230769,19000000,58000000,1900826.0,1871331.0,70,1996.0,9.0
初台駅,2021,house,17,110000000,102142857,50000000,360000000,3191792.0,3215419.0,100,2001.0,6.0
初台駅,2022,house,17,140000000,128666667,78000000,660000000,3479774.0,3691986.0,75,2000.0,6.0
初台駅,2023,house,16,115000000,101076923,29000000,770000000,3072877.0,2799747.0,68,1999.0,5.0
初台駅,2024,house,15,120000000,158750000,39000000,1900000000,2846892.0,3145395.0,105,1992.0,5.0
初台駅,2025,house,14,160000000,237384615,46000000,7300000000,3880967.0,3900391.0,95,2008.0,8.0
初台駅,2021,land,5,150000000,104500000,16000000,410000000,5100000.0,5440000.0,60,,4.0
初台駅,2022,land,7,59000000,67333333,35000000,400000000,3500000.0,3371429.0,65,,6.0
初台駅,2023,land,7,100000000,117571429,68000000,230000000,3800000.0,3642857.0,95,,8.0
初台駅,2024,land,3,180000000,213333333,170000000,290000000,4500000.0,4600000.0,150,,5.0
初台駅,2025,land,7,110000000,143571429,66000000,250000000,5200000.0,4828571.0,90,,8.0
初台駅,2021,mansion,106,39000000,44241748,6800000,130000000,3443526.0,3373637.0,40,2002.0,5.0
初台駅,2022,mansion,88,31500000,42365116,6400000,160000000,3407212.0,3419398.0,35,2003.0,6.0
初台駅,2023,mansion,106,47500000,49912621,9000000,230000000,3966942.0,3834060.0,45,2002.0,6.0
初台駅,2024,mansion,111,49000000,55869159,12000000,170000000,4297520.0,4332668.0,40,2001.0,5.0
初台駅,2025,mansion,103,42000000,59070000,9000000,210000000,4132231.0,4333436.0,40,2000.0,6.0
勝どき駅,2021,house,4,127500000,113000000,84000000,4000000000,4567994.0,4588547.0,65,1978.0,4.0
勝どき駅,2022,house,4,67000000,57000000,37000000,360000000,2446281.0,3941587.0,38,1976.0,4.0
勝どき駅,2023,house,3,80000000,63000000,9000000,100000000,3305785.0,2924046.0,60,2014.0,5.0
勝どき駅,2024,house,2,476500000,476500000,93000000,860000000,4708239.0,4708239.0,138,1980.0,2.0
勝どき駅,2025,house,4,485000000,565000000,90000000,1200000000,5280670.0,4741044.0,85,2020.0,3.0
勝どき駅,2022,land,2,8850000000,8850000000,7800000000,9900000000,1900000.0,1900000.0,2000,,16.0
勝どき駅,2025,land,1,91000000,91000000,91000000,91000000,4100000.0,4100000.0,75,,3.0
勝どき駅,2021,mansion,442,69500000,66543735,11000000,180000000,3658402.0,3626497.0,65,2013.0,8.0
勝どき駅,2022,mansion,411,75000000,71023077,12000000,900000000,3966942.0,3942113.0,65,2013.0,6.0
勝どき駅,2023,mansion,538,84000000,83163934,18000000,250000000,4278075.0,4277815.0,65,2014.0,8.0
勝どき駅,2024,mansion,670,110000000,112570093,16000000,370000000,5349361.0,5525607.0,70,2015.0,7.0
勝どき駅,2025,mansion,679,130000000,129833593,16000000,880000000,6611570.0,6699398.0,70,2015.0,7.0
北八王子駅,2021,house,32,30000000,28517241,6600000,90000000,1031877.0,923636.0,130,2013.0,15.0
北八王子駅,2022,house,19,29000000,25764706,9000000,300000000,913026.0,870026.0,135,2001.0,14.0
北八王子駅,2023,house,17,30000000,30375000,16000000,53000000,1090909.0,1120330.0,120,2023.0,14.0
北八王子駅,2024,house,22,19000000,21915000,8000000,140000000,826446.0,866438.0,142,1994.0,15.0
北八王子駅,2025,house,38,32500000,32242424,4100000,67000000,1060259.0,1088451.0,135,2024.0,20.0
北八王子駅,2021,land,2,17000000,17000000,16000000,18000000,420000.0,420000.0,132,,14.0
北八王子駅,2022,land,8,23000000,22600000,11000000,42000000,530000.0,538571.0,142,,14.0
北八王子駅,2023,land,8,30500000,55750000,18000000,130000000,620000.0,623375.0,270,,11.0
北八王子駅,2024,land,9,14000000,17687500,3000000,72000000,400000.0,400778.0,160,,11.0
北八王子駅,2025,land,3,19000000,31666667,17000000,59000000,400000.0,336667.0,140,,19.0
北八王子駅,2021,mansion,13,22000000,21416667,7500000,29000000,966306.0,1011076.0,70,2006.0,11.0
北八王子駅,2022,mansion,10,25500000,25222222,11000000,29000000,1136931.0,1167497.0,72,2006.0,13.0
北八王子駅,2023,mansion,5,27000000,26060000,9300000,35000000,1220598.0,1304542.0,80,2008.0,11.0
北八王子駅,2024,mansion,14,19000000,18042857,3300000,29000000,966306.0,959245.0,65,2006.0,14.0
北八王子駅,2025,mansion,6,22500000,23666667,19000000,29000000,1114892.0,1125140.0,70,2006.0,12.0
北千住駅,2021,house,48,51000000,50186047,1000000,300000000,1672338.0,1545262.0,65,2001.0,10.0
北千住駅,2022,house,40,50000000,45454545,5100000,310000000,1674931.0,1618479.0,70,1995.0,10.0
北千住駅,2023,house,43,55000000,53735000,8400000,250000000,1892168.0,1705051.0,70,2006.0,12.0
北千住駅,2024,house,48,52000000,60444444,11000000,880000000,1852443.0,1717057.0,70,2013.0,10.0
北千住駅,2025,house,79,50000000,55342857,8000000,1100000000,1849904.0,1870075.0,65,2009.0,11.0
北千住駅,2021,land,23,42000000,48250000,17000000,500000000,1600000.0,1717143.0,90,,10.0
北千住駅,2022,land,25,52000000,59800000,5200000,610000000,1800000.0,1797727.0,90,,7.0
北千住駅,2023,land,26,97500000,83047619,15000000,1600000000,2250000.0,2166667.0,132,,10.0
北千住駅,2024,land,17,53000000,46142857,18000000,520000000,1600000.0,1678000.0,90,,10.0
北千住駅,2025,land,10,38500000,82700000,21000000,220000000,1950000.0,1950000.0,70,,10.0
北千住駅,2021,mansion,149,40000000,39091837,7000000,100000000,2266824.0,2508819.0,60,2006.0,8.0
北千住駅,2022,mansion,139,39000000,36782609,2200000,90000000,2438016.0,2492398.0,60,2006.0,8.0
北千住駅,2023,mansion,122,39500000,38727731,6400000,99000000,2443738.0,2604994.0,55,2008.0,8.0
北千住駅,2024,mansion,180,40000000,41348315,3000000,140000000,2765840.0,2821717.0,55,2009.0,8.0
北千住駅,2025,mansion,196,39000000,42039896,5800000,150000000,3101141.0,3069527.0,52,2008.0,9.0
北千束駅,2021,house,12,140000000,121000000,50000000,620000000,2912980.0,3074059.0,155,1989.0,5.0
北千束駅,2022,house,5,120000000,104500000,70000000,900000000,3269458.0,3510997.0,165,1977.0,4.0
北千束駅,2023,house,9,130000000,122285714,15000000,400000000,2662993.0,2916482.0,125,1998.0,4.0
北千束駅,2024,house,8,120000000,119714286,65000000,520000000,3305785.0,3337304.0,100,2017.0,4.0
北千束駅,2025,house,7,190000000,176666667,50000000,2100000000,4092877.0,4152051.0,200,1986.0,4.0
北千束駅,2021,land,3,100000000,76333333,19000000,110000000,2000000.0,2300000.0,115,,6.0
北千束駅,2022,land,6,90500000,88000000,66000000,4100000000,2800000.0,2700000.0,102,,2.0
北千束駅,2023,land,1,94000000,94000000,94000000,94000000,1900000.0,1900000.0,160,,6.0
北千束駅,2024,land,2,150000000,150000000,100000000,200000000,3350000.0,3350000.0,148,,6.0
北千束駅,2025,land,11,110000000,107500000,23000000,520000000,2900000.0,2950000.0,120,,3.0
北千束駅,2021,mansion,9,65000000,61777778,13000000,99000000,2739079.0,2627968.0,70,2002.0,4.0
北千束駅,2022,mansion,11,18000000,36972727,8800000,97000000,2380165.0,2667034.0,30,1990.0,3.0
北千束駅,2023,mansion,11,30000000,31180000,7300000,110000000,3085399.0,3122894.0,35,2008.0,4.0
北千束駅,2024,mansion,15,27000000,46200000,12000000,110000000,2361275.0,2694067.0,45,1996.0,3.0
北千束駅,2025,mansion,16,53000000,49000000,13000000,130000000,3446801.0,3489536.0,55,2000.0,4.0
北参道駅,2021,house,3,600000000,546666667,390000000,650000000,3484476.0,3592216.0,180,1985.0,5.0
北参道駅,2022,house,4,920000000,997500000,150000000,2000000000,4313868.0,4365441.0,255,2006.0,4.0
北参道駅,2023,house,5,700000000,586000000,200000000,850000000,4132231.0,3903300.0,115,1998.0,3.0
北参道駅,2024,house,11,500000000,456666667,180000000,5200000000,4958678.0,5484535.0,170,1985.0,5.0
北参道駅,2025,house,5,630000000,527500000,370000000,3900000000,6795225.0,5879488.0,200,1999.0,4.0
北参道駅,2021,land,3,130000000,116666667,90000000,130000000,5100000.0,4966667.0,80,,8.0
北参道駅,2022,land,1,40000000,40000000,40000000,40000000,3600000.0,3600000.0,35,,9.0
北参道駅,2023,land,1,370000000,370000000,370000000,370000000,12000000.0,12000000.0,100,,8.0
北参道駅,2024,land,4,155000000,175000000,140000000,250000000,6850000.0,7175000.0,70,,6.0
北参道駅,2025,land,2,685000000,685000000,170000000,1200000000,13500000.0,13500000.0,168,,2.0
北参道駅,2021,mansion,28,66000000,63222222,16000000,160000000,3552098.0,3831063.0,60,1982.0,4.0
北参道駅,2022,mansion,31,50000000,48814815,16000000,200000000,4507889.0,4395020.0,40,1998.0,3.0
北参道駅,2023,mansion,39,110000000,133307692,18000000,350000000,6170799.0,6008548.0,65,2006.0,3.0
北参道駅,2024,mansion,63,120000000,115258621,13000000,510000000,7628735.0,7654317.0,50,2016.0,2.0
北参道駅,2025,mansion,62,140000000,169935484,19000000,510000000,8880246.0,8973273.0,55,2016.0,2.0
北品川駅,2021,house,5,190000000,137500000,65000000,590000000,3099173.0,2386460.0,165,2001.0,7.0
北品川駅,2022,house,2,299000000,299000000,48000000,550000000,3464414.0,3464414.0,230,2004.0,10.0
北品川駅,2023,house,5,57000000,62250000,35000000,190000000,2355372.0,2079389.0,115,1996.0,8.0
北品川駅,2024,house,1,99000000,99000000,99000000,99000000,4363636.0,4363636.0,65,2021.0,5.0
北品川駅,2025,house,2,88000000,88000000,36000000,140000000,2277319.0,2277319.0,110,1964.0,8.0
北品川駅,2021,land,7,170000000,180714286,95000000,290000000,4400000.0,4483333.0,110,,9.0
北品川駅,2022,land,6,130000000,123600000,88000000,630000000,5100000.0,5220000.0,88,,10.0
北品川駅,2023,land,1,71000000,71000000,71000000,71000000,2900000.0,2900000.0,80,,7.0
北品川駅,2024,land,2,132000000,132000000,64000000,200000000,6800000.0,6800000.0,60,,4.0
北品川駅,2021,mansion,27,30000000,37208333,21000000,120000000,3636364.0,3590060.0,45,2011.0,4.0
北品川駅,2022,mansion,22,33500000,38176190,8700000,97000000,3636364.0,3594045.0,32,2001.0,4.0
北品川駅,2023,mansion,34,42000000,51969697,10000000,160000000,3703343.0,3714090.0,45,2005.0,5.0
北品川駅,2024,mansion,37,59000000,65027027,12000000,160000000,3801653.0,3964781.0,55,1999.0,5.0
北品川駅,2025,mansion,37,44000000,47875000,10000000,290000000,4297520.0,4383629.0,45,2001.0,6.0
北府中駅,2021,house,8,52500000,49000000,19000000,63000000,1711855.0,1647385.0,105,2021.0,15.0
北府中駅,2022,house,3,52000000,46666667,35000000,53000000,2022363.0,2046940.0,100,2022.0,21.0
北府中駅,2023,house,11,42000000,39545455,12000000,62000000,1352367.0,1279672.0,105,2000.0,14.0
北府中駅,2024,house,6,48000000,47166667,40000000,54000000,1714755.0,1751865.0,132,2000.0,18.0
北府中駅,2025,house,16,59500000,58909091,13000000,250000000,1935458.0,1795289.0,122,2024.0,15.0
北府中駅,2021,land,1,11000000,11000000,11000000,11000000,1200000.0,1200000.0,30,,13.0
北府中駅,2022,land,3,36000000,41333333,36000000,52000000,1300000.0,1333333.0,110,,14.0
北府中駅,2023,land,2,47000000,47000000,24000000,70000000,535000.0,535000.0,275,,20.0
北府中駅,2024,land,4,35000000,37250000,24000000,55000000,1400000.0,1330000.0,95,,16.0
北府中駅,2025,land,1,20000000,20000000,20000000,20000000,670000.0,670000.0,100,,12.0
北府中駅,2021,mansion,15,26000000,26766667,9500000,48000000,1190083.0,1317814.0,65,1996.0,10.0
北府中駅,2022,mansion,17,25000000,29623529,7600000,66000000,1377410.0,1408343.0,65,1996.0,10.0
北府中駅,2023,mansion,18,27500000,30888889,11000000,70000000,1454545.0,1395453.0,70,1983.0,10.0
北府中駅,2024,mansion,18,22000000,24066667,16000000,59000000,1322314.0,1340758.0,62,1993.0,10.0
北府中駅,2025,mansion,10,29500000,26000000,17000000,58000000,1500318.0,1478286.0,65,2004.0,12.0
北池袋駅,2021,house,36,69500000,63219355,9800000,380000000,2398869.0,2178371.0,80,2019.0,8.0
北池袋駅,2022,house,22,85500000,76950050,1000,340000000,2213439.0,2214084.0,88,2008.0,7.0
北池袋駅,2023,house,21,82000000,107526316,7000000,500000000,2288620.0,2280941.0,90,2000.0,5.0
北池袋駅,2024,house,19,79000000,63187500,13000000,610000000,2472152.0,2315333.0,75,2004.0,7.0
北池袋駅,2025,house,21,74000000,70058824,24000000,380000000,2609830.0,2436756.0,70,2009.0,6.0
北池袋駅,2021,land,15,47000000,60928571,28000000,1000000000,2300000.0,2353846.0,75,,7.0
北池袋駅,2022,land,5,58000000,67600000,31000000,97000000,1800000.0,1754000.0,130,,8.0
北池袋駅,2023,land,7,77000000,133714286,20000000,350000000,3100000.0,2757143.0,115,,5.0
北池袋駅,2024,land,11,75000000,75681818,6500000,180000000,2100000.0,1757273.0,115,,7.0
北池袋駅,2025,land,8,108500000,130428571,3000000,660000000,3400000.0,3300000.0,112,,4.0
北池袋駅,2021,mansion,60,21000000,27918333,7000000,64000000,2644628.0,2702058.0,20,2004.0,8.0
北池袋駅,2022,mansion,62,22000000,20566038,8800000,80000000,3085399.0,2965874.0,20,2002.0,8.0
北池袋駅,2023,mansion,49,23000000,29366667,7600000,81000000,2776859.0,2860925.0,20,2004.0,8.0
北池袋駅,2024,mansion,60,28000000,36868333,5000000,93000000,3057851.0,3059227.0,25,2004.0,8.0
北池袋駅,2025,mansion,68,28500000,37780597,8200000,110000000,3250689.0,3259630.0,25,2005.0,8.0
北綾瀬駅,2021,house,74,40000000,37718750,11000000,240000000,1359045.0,1339518.0,85,2020.0,15.0
北綾瀬駅,2022,house,54,43500000,38602273,8500000,320000000,1393843.0,1396836.0,95,2014.0,15.0
北綾瀬駅,2023,house,72,41500000,41111111,5000000,750000000,1385837.0,1368452.0,85,2010.0,15.0
北綾瀬駅,2024,house,70,44500000,44516667,9300000,850000000,1516772.0,1478105.0,85,2020.0,18.0
北綾瀬駅,2025,house,59,47000000,44962264,11000000,590000000,1479732.0,1493000.0,75,2013.0,13.0
北綾瀬駅,2021,land,13,55000000,89750000,12000000,740000000,920000.0,1157692.0,190,,14.0
北綾瀬駅,2022,land,8,37000000,40875000,21000000,72000000,1100000.0,1168750.0,105,,10.0
北綾瀬駅,2023,land,19,28000000,34176471,7000000,1100000000,920000.0,1078889.0,95,,14.0
北綾瀬駅,2024,land,12,54500000,62666667,3000000,150000000,1100000.0,1068889.0,128,,14.0
北綾瀬駅,2025,land,13,32000000,59115385,6500000,130000000,1300000.0,1303077.0,85,,11.0
北綾瀬駅,2021,mansion,130,24000000,23991538,2000000,49000000,1385424.0,1344433.0,60,1993.0,10.0
北綾瀬駅,2022,mansion,174,27000000,24730460,2000000,51000000,1520661.0,1461244.0,55,1992.0,9.0
北綾瀬駅,2023,mansion,156,28000000,28485256,6000000,51000000,1618260.0,1586870.0,65,1998.0,9.0
北綾瀬駅,2024,mansion,151,32000000,32245033,600000,68000000,1785124.0,1769500.0,65,2000.0,10.0
北綾瀬駅,2025,mansion,200,29000000,31734500,3700000,79000000,1755214.0,1928751.0,60,1995.0,10.0
北赤羽駅,2021,house,24,47000000,38860870,1800000,520000000,1809482.0,1715779.0,65,2004.0,6.0
北赤羽駅,2022,house,24,52500000,47045455,7000000,91000000,1743921.0,1709265.0,55,2008.0,9.0
北赤羽駅,2023,house,25,47000000,42428571,14000000,470000000,1863261.0,1802050.0,60,2017.0,9.0
北赤羽駅,2024,house,7,71000000,88500000,52000000,310000000,2347107.0,2205765.0,65,2023.0,7.0
北赤羽駅,2025,house,21,66000000,64100000,14000000,160000000,2214876.0,2075689.0,60,2018.0,6.0
北赤羽駅,2021,land,5,20000000,19500000,13000000,64000000,990000.0,812500.0,65,,8.0
北赤羽駅,2022,land,6,28500000,30000000,24000000,72000000,1950000.0,1900000.0,60,,5.0
北赤羽駅,2023,land,8,33500000,28857143,8000000,100000000,1250000.0,1252500.0,88,,4.0
北赤羽駅,2024,land,6,192000000,153800000,14000000,2100000000,2300000.0,2400000.0,255,,4.0
北赤羽駅,2025,land,4,36500000,42500000,5000000,92000000,1350000.0,1202500.0,122,,8.0
北赤羽駅,2021,mansion,106,44000000,43431373,7400000,60000000,2030696.0,2062939.0,70,2004.0,5.0
北赤羽駅,2022,mansion,86,50000000,44534884,8000000,70000000,2303030.0,2259536.0,70,2005.0,6.0
北赤羽駅,2023,mansion,79,42000000,44582278,18000000,85000000,2455726.0,2398504.0,65,2004.0,7.0
北赤羽駅,2024,mansion,105,50000000,46961905,19000000,77000000,2524418.0,2546261.0,65,2007.0,5.0
北赤羽駅,2025,mansion,110,50500000,47272727,8000000,84000000,2597402.0,2617815.0,65,2004.0,5.0
北野駅,2021,house,56,27000000,28896364,7700000,760000000,831895.0,885704.0,180,2002.0,15.0
北野駅,2022,house,52,30000000,32032000,5800000,240000000,881543.0,941972.0,172,1996.0,15.0
北野駅,2023,house,43,32000000,32046154,6600000,1400000000,1024793.0,1034342.0,170,1996.0,15.0
北野駅,2024,house,52,32000000,34224490,11000000,210000000,929752.0,984505.0,185,2001.0,15.0
北野駅,2025,house,71,41000000,37647059,11000000,470000000,1157025.0,1112842.0,185,2015.0,13.0
北野駅,2021,land,11,28000000,27875000,5000000,110000000,370000.0,379000.0,250,,18.0
北野駅,2022,land,10,28000000,24000000,10000000,90000000,485000.0,477000.0,195,,14.0
北野駅,2023,land,7,26000000,30000000,6000000,140000000,380000.0,400000.0,240,,18.0
北野駅,2024,land,12,25500000,23700000,12000000,120000000,450000.0,455000.0,202,,10.0
北野駅,2025,land,9,23000000,21625000,11000000,200000000,470000.0,473750.0,145,,12.0
北野駅,2021,mansion,37,21000000,21970588,2800000,43000000,944510.0,941626.0,70,1999.0,5.0
北野駅,2022,mansion,35,23000000,20128571,2200000,34000000,1086186.0,1079859.0,70,1997.0,7.0
北野駅,2023,mansion,29,27000000,24175862,5100000,40000000,1169739.0,1211366.0,70,1999.0,5.0
北野駅,2024,mansion,31,25000000,24807407,840000,48000000,1074380.0,1047663.0,70,2000.0,9.0
北野駅,2025,mansion,40,23500000,23167500,2600000,44000000,1123967.0,1155398.0,70,2001.0,8.0
十条駅,2021,house,21,50000000,46809524,20000000,78000000,1836547.0,1678436.0,75,2017.0,12.0
十条駅,2022,house,23,62000000,58619048,19000000,560000000,2030696.0,2052445.0,75,2020.0,10.0
十条駅,2023,house,17,62000000,56933333,23000000,210000000,2087864.0,2141029.0,75,2018.0,9.0
十条駅,2024,house,27,61000000,57863636,8000000,1100000000,2424647.0,2555500.0,80,2018.0,9.0
十条駅,2025,house,38,60500000,62371429,20000000,350000000,2314050.0,2247925.0,75,2022.0,10.0
十条駅,2021,land,9,71000000,55714286,14000000,210000000,1800000.0,1846667.0,145,,5.0
十条駅,2022,land,9,19000000,46875000,14000000,360000000,1700000.0,1568889.0,70,,5.0
十条駅,2023,land,11,49000000,48000000,17000000,71000000,1800000.0,2009091.0,85,,4.0
十条駅,2024,land,13,65000000,60181818,28000000,260000000,2300000.0,2408333.0,80,,6.0
十条駅,2025,land,18,34500000,33531250,2500000,540000000,1950000.0,1939444.0,68,,5.0
十条駅,2021,mansion,30,63000000,56300000,19000000,80000000,2845163.0,2681032.0,72,2008.0,9.0
十条駅,2022,mansion,29,59000000,54172414,12000000,88000000,2909091.0,2885231.0,70,2008.0,9.0
十条駅,2023,mansion,36,72000000,64444444,11000000,110000000,3134986.0,3058932.0,75,2003.0,9.0
十条駅,2024,mansion,29,68000000,62172414,16000000,140000000,3305785.0,3281052.0,70,2016.0,9.0
十条駅,2025,mansion,55,65000000,73145455,8500000,170000000,4099173.0,3966347.0,65,2018.0,6.0
千住大橋駅,2021,house,19,56000000,53000000,32000000,420000000,1742689.0,1577253.0,90,2011.0,6.0
千住大橋駅,2022,house,15,56000000,60153846,16000000,320000000,1920504.0,1764946.0,75,2010.0,8.0
千住大橋駅,2023,house,11,55000000,45411111,3500000,700000000,1581028.0,1580736.0,85,1989.0,9.0
千住大橋駅,2024,house,13,62000000,86615385,10000000,230000000,1868487.0,1864859.0,110,2014.0,8.0
千住大橋駅,2025,house,19,67000000,75888889,8000000,280000000,1965106.0,2077530.0,75,2010.0,10.0
千住大橋駅,2021,land,6,49500000,61000000,22000000,270000000,2050000.0,2200000.0,98,,6.0
千住大橋駅,2022,land,9,90000000,88142857,41000000,910000000,2300000.0,2187500.0,120,,8.0
千住大橋駅,2023,land,11,58000000,55900000,21000000,130000000,1900000.0,1792727.0,100,,10.0
千住大橋駅,2024,land,8,60000000,55375000,7000000,91000000,1800000.0,1885714.0,95,,11.0
千住大橋駅,2025,land,8,98500000,111428571,7000000,1700000000,2250000.0,2100000.0,152,,8.0
千住大橋駅,2021,mansion,81,45000000,41177500,6200000,130000000,2355372.0,2344448.0,60,2014.0,3.0
千住大橋駅,2022,mansion,49,43000000,41526531,9900000,70000000,2492053.0,2542424.0,60,2012.0,4.0
千住大橋駅,2023,mansion,67,47000000,41802985,7800000,75000000,2732782.0,2731621.0,60,2014.0,4.0
千住大橋駅,2024,mansion,59,35000000,40206780,8000000,80000000,2688705.0,2687071.0,55,2012.0,4.0
千住大橋駅,2025,mansion,93,47000000,49381720,6100000,110000000,3085399.0,3091301.0,60,2014.0,4.0
千川駅,2021,house,44,66500000,66485714,5000000,700000000,2133433.0,2179817.0,80,2020.0,9.0
千川駅,2022,house,28,79000000,87555556,18000000,410000000,2443959.0,2408989.0,82,1999.0,8.0
千川駅,2023,house,19,71000000,77294118,34000000,260000000,2455726.0,2468798.0,75,2013.0,9.0
千川駅,2024,house,30,96500000,106035714,28000000,400000000,2749021.0,2628109.0,95,2014.0,9.0
千川駅,2025,house,31,80000000,77464286,32000000,320000000,2561983.0,2410509.0,90,2001.0,10.0
千川駅,2021,land,18,84500000,86388889,11000000,170000000,2150000.0,2111111.0,138,,7.0
千川駅,2022,land,12,58000000,70090909,15000000,250000000,2150000.0,2181818.0,92,,10.0
千川駅,2023,land,3,78000000,78666667,66000000,92000000,2100000.0,2133333.0,140,,10.0
千川駅,2024,land,24,88000000,81409091,10000000,590000000,3050000.0,2922727.0,85,,6.0
千川駅,2025,land,15,80000000,87000000,27000000,170000000,2700000.0,2700000.0,105,,8.0
千川駅,2021,mansion,34,28000000,33361765,7000000,78000000,2407290.0,2414580.0,50,1996.0,5.0
千川駅,2022,mansion,44,27000000,32179070,7100000,89000000,2589532.0,2599822.0,32,1997.0,6.0
千川駅,2023,mansion,33,33000000,36448485,7900000,110000000,2688705.0,2671010.0,45,1992.0,5.0
千川駅,2024,mansion,26,32000000,32736000,7400000,72000000,2800735.0,2810162.0,40,2000.0,6.0
千川駅,2025,mansion,35,40000000,46982857,8400000,100000000,3140496.0,3049232.0,50,1989.0,3.0
千歳烏山駅,2021,house,81,60000000,57486111,15000000,330000000,2087864.0,2045694.0,100,2012.0,15.0
千歳烏山駅,2022,house,77,73000000,70027778,22000000,380000000,2352862.0,2349184.0,100,2012.0,12.0
千歳烏山駅,2023,house,57,75000000,76920000,31000000,380000000,2450170.0,2485267.0,110,2012.0,12.0
千歳烏山駅,2024,house,62,76500000,69705882,20000000,680000000,2441061.0,2321187.0,118,2010.0,15.0
千歳烏山駅,2025,house,115,77000000,72839623,20000000,2600000000,2737334.0,2725023.0,95,2016.0,15.0
千歳烏山駅,2021,land,23,58000000,62052632,32000000,360000000,1900000.0,1838696.0,115,,9.0
千歳烏山駅,2022,land,19,83000000,90705882,43000000,340000000,1900000.0,1994737.0,165,,13.0
千歳烏山駅,2023,land,17,130000000,168687500,37000000,1200000000,2300000.0,2411765.0,200,,9.0
千歳烏山駅,2024,land,18,80000000,97117647,10000000,360000000,2000000.0,2193750.0,128,,10.0
千歳烏山駅,2025,land,24,69500000,71086957,19000000,110000000,2100000.0,2158333.0,105,,10.0
千歳烏山駅,2021,mansion,135,44000000,43081481,4500000,100000000,2314050.0,2276490.0,65,2005.0,11.0
千歳烏山駅,2022,mansion,149,54000000,49473826,6900000,99000000,2644628.0,2585761.0,65,2005.0,12.0
千歳烏山駅,2023,mansion,134,49000000,45168657,5100000,84000000,2770849.0,2640350.0,65,2005.0,10.0
千歳烏山駅,2024,mansion,147,55000000,52610884,6500000,100000000,2732782.0,2677232.0,70,2005.0,14.0
千歳烏山駅,2025,mansion,153,41000000,45981046,4800000,120000000,2704733.0,2679646.0,60,2000.0,9.0
千歳船橋駅,2021,house,68,69500000,67000000,25000000,470000000,2203857.0,2207190.0,85,2005.0,10.0
千歳船橋駅,2022,house,76,80000000,78552239,13000000,260000000,2527548.0,2533334.0,90,2015.0,11.0
千歳船橋駅,2023,house,51,86000000,91276596,18000000,900000000,2644628.0,2614203.0,95,2014.0,10.0
千歳船橋駅,2024,house,48,77500000,81119048,18000000,430000000,2660370.0,2698344.0,92,2008.0,10.0
千歳船橋駅,2025,house,64,87000000,85719298,28000000,740000000,2901745.0,2733929.0,85,2016.0,13.0
千歳船橋駅,2021,land,23,62000000,60684211,36000000,150000000,2000000.0,1982609.0,100,,11.0
千歳船橋駅,2022,land,12,78000000,80500000,34000000,380000000,2000000.0,2241667.0,122,,8.0
千歳船橋駅,2023,land,16,78500000,76214286,38000000,1700000000,2500000.0,2318750.0,98,,10.0
千歳船橋駅,2024,land,21,75000000,70666667,35000000,270000000,2700000.0,2666667.0,85,,8.0
千歳船橋駅,2025,land,14,78500000,80100000,18000000,330000000,2900000.0,2872727.0,95,,8.0
千歳船橋駅,2021,mansion,148,49000000,47410884,7400000,110000000,2561983.0,2553129.0,65,2006.0,10.0
千歳船橋駅,2022,mansion,130,52500000,50100000,6000000,110000000,2878788.0,2669915.0,65,2006.0,10.0
千歳船橋駅,2023,mansion,133,52000000,52007519,7000000,120000000,2776859.0,2779414.0,65,2004.0,11.0
千歳船橋駅,2024,mansion,121,53000000,54910744,7000000,140000000,2920110.0,2924312.0,65,2003.0,9.0
千歳船橋駅,2025,mansion,157,61000000,60060510,8000000,130000000,3264463.0,3080056.0,65,2003.0,10.0
千石駅,2021,house,18,88500000,96937500,50000000,540000000,3097993.0,2948202.0,75,1997.0,6.0
千石駅,2022,house,23,100000000,121947368,11000000,890000000,3246232.0,3277660.0,75,2015.0,6.0
千石駅,2023,house,16,155000000,175500000,54000000,360000000,3632884.0,3508933.0,92,2010.0,5.0
千石駅,2024,house,19,140000000,130437500,40000000,1800000000,3269054.0,3304729.0,80,2006.0,7.0
千石駅,2025,house,28,130000000,128833333,14000000,2900000000,4063209.0,4054222.0,75,2006.0,7.0
千石駅,2021,land,8,72000000,72000000,48000000,620000000,3600000.0,3500000.0,60,,4.0
千石駅,2022,land,9,86000000,89000000,54000000,120000000,4000000.0,3911111.0,60,,6.0
千石駅,2023,land,5,76000000,74000000,42000000,680000000,3600000.0,5040000.0,60,,8.0
千石駅,2024,land,18,125000000,161944444,40000000,390000000,4200000.0,4335294.0,100,,5.0
千石駅,2025,land,9,140000000,314888889,59000000,790000000,5100000.0,5544444.0,100,,8.0
千石駅,2021,mansion,76,50000000,52490667,8800000,150000000,3335838.0,3406120.0,55,2004.0,5.0
千石駅,2022,mansion,64,56500000,57218750,11000000,140000000,3702479.0,3647317.0,52,2004.0,6.0
千石駅,2023,mansion,94,66000000,61263830,8800000,110000000,3778040.0,3844434.0,58,2006.0,5.0
千石駅,2024,mansion,73,79000000,70644286,5100000,220000000,4380165.0,4327437.0,55,2006.0,4.0
千石駅,2025,mansion,79,79000000,82924051,12000000,190000000,4545454.0,4665270.0,60,2004.0,5.0
千駄ケ谷駅,2021,house,2,600000000,600000000,200000000,1000000000,3683589.0,3683589.0,182,2002.0,8.0
千駄ケ谷駅,2022,house,2,725000000,725000000,150000000,1300000000,3860602.0,3860602.0,210,1998.0,6.0
千駄ケ谷駅,2023,house,3,360000000,383333333,190000000,600000000,3221021.0,2904297.0,195,1986.0,6.0
千駄ケ谷駅,2024,house,5,130000000,127500000,120000000,2800000000,3778040.0,4102430.0,75,1970.0,7.0
千駄ケ谷駅,2023,land,1,3300000000,3300000000,3300000000,3300000000,8700000.0,8700000.0,1200,,2.0
千駄ケ谷駅,2024,land,3,150000000,138333333,15000000,250000000,3700000.0,4300000.0,65,,8.0
千駄ケ谷駅,2021,mansion,19,66000000,65631579,20000000,90000000,3719008.0,3697094.0,60,2004.0,6.0
千駄ケ谷駅,2022,mansion,21,50000000,60650000,22000000,170000000,4155844.0,4016947.0,40,2003.0,6.0
千駄ケ谷駅,2023,mansion,14,42000000,49692308,14000000,150000000,3825266.0,3937557.0,42,1984.0,5.0
千駄ケ谷駅,2024,mansion,14,85000000,123500000,28000000,330000000,5906336.0,6445533.0,60,2010.0,6.0
千駄ケ谷駅,2025,mansion,21,66000000,92150000,29000000,310000000,4363636.0,4121816.0,55,2001.0,7.0
千駄木駅,2021,house,18,70000000,64705882,12000000,240000000,2688705.0,2482240.0,60,2004.0,7.0
千駄木駅,2022,house,28,120000000,109280000,21000000,700000000,2439492.0,2587465.0,88,1990.0,6.0
千駄木駅,2023,house,15,120000000,100214286,42000000,300000000,3569580.0,3303501.0,80,1996.0,5.0
千駄木駅,2024,house,21,100000000,105421053,25000000,630000000,3162055.0,3213585.0,70,2004.0,7.0
千駄木駅,2025,house,26,110000000,108458333,35000000,420000000,4014168.0,3732138.0,65,2000.0,6.0
千駄木駅,2021,land,12,83000000,111583333,21000000,220000000,3050000.0,3091667.0,85,,6.0
千駄木駅,2022,land,8,125000000,181000000,88000000,330000000,3650000.0,3514286.0,128,,8.0
千駄木駅,2023,land,8,90000000,80514286,5600000,410000000,3600000.0,2984500.0,102,,4.0
千駄木駅,2024,land,13,130000000,107727273,9000000,670000000,4500000.0,4433333.0,85,,6.0
千駄木駅,2025,land,4,125000000,116666667,100000000,330000000,3800000.0,3650000.0,132,,4.0
千駄木駅,2021,mansion,72,42000000,42972222,10000000,110000000,3035813.0,3067260.0,45,1995.0,3.0
千駄木駅,2022,mansion,63,48000000,50380952,10000000,120000000,3546206.0,3478285.0,50,1999.0,4.0
千駄木駅,2023,mansion,59,40000000,39627119,10000000,83000000,3379247.0,3331389.0,35,1995.0,3.0
千駄木駅,2024,mansion,63,46000000,45841270,9000000,95000000,3719008.0,3455773.0,45,1996.0,5.0
千駄木駅,2025,mansion,70,58000000,63428571,14000000,150000000,3782333.0,3867412.0,50,1994.0,4.0
千鳥町駅,2021,house,17,70000000,69933333,37000000,240000000,2261853.0,2274139.0,90,2012.0,5.0
千鳥町駅,2022,house,14,78500000,75583333,49000000,180000000,2606061.0,2622885.0,110,2017.0,6.0
千鳥町駅,2023,house,12,100000000,98818182,57000000,400000000,2927981.0,2830117.0,115,2016.0,6.0
千鳥町駅,2024,house,9,83000000,83625000,56000000,430000000,2303030.0,2378996.0,100,2004.0,7.0
千鳥町駅,2025,house,33,80000000,76827586,36000000,170000000,2674681.0,2632814.0,80,2020.0,6.0
千鳥町駅,2021,land,8,55000000,51000000,29000000,120000000,2100000.0,2075000.0,90,,5.0
千鳥町駅,2022,land,1,87000000,87000000,87000000,87000000,2600000.0,2600000.0,110,,7.0
千鳥町駅,2023,land,8,81500000,82750000,36000000,130000000,2300000.0,2300000.0,112,,4.0
千鳥町駅,2024,land,5,78000000,73000000,35000000,100000000,1600000.0,1920000.0,120,,7.0
千鳥町駅,2025,land,14,98500000,139307692,17000000,740000000,2500000.0,2409091.0,142,,4.0
千鳥町駅,2021,mansion,59,29000000,33308475,7700000,66000000,2704733.0,2615641.0,35,2003.0,4.0
千鳥町駅,2022,mansion,43,38000000,38860465,10000000,70000000,2704733.0,2675060.0,45,2000.0,5.0
千鳥町駅,2023,mansion,46,40500000,43030435,9400000,89000000,2672176.0,2620645.0,60,1999.0,5.0
千鳥町駅,2024,mansion,42,44500000,47854762,8900000,87000000,3099173.0,2953271.0,55,2002.0,4.0
千鳥町駅,2025,mansion,52,57500000,53898039,6800000,150000000,2926997.0,3071635.0,65,2000.0,6.0
半蔵門駅,2021,house,2,230000000,230000000,100000000,360000000,3003196.0,3003196.0,82,1972.0,2.0
半蔵門駅,2022,house,6,1050000000,2088333333,200000000,6000000000,3202479.0,4309797.0,265,1991.0,2.0
半蔵門駅,2023,house,2,1100000000,1100000000,300000000,1900000000,12772351.0,12772351.0,120,1990.0,2.0
半蔵門駅,2024,house,4,1095000000,1120000000,690000000,1600000000,21487602.0,18032908.0,192,1991.0,4.0
半蔵門駅,2025,house,5,1800000000,2170800000,74000000,5000000000,4577241.0,5734051.0,200,2004.0,3.0
半蔵門駅,2021,mansion,61,130000000,124350000,10000000,2500000000,5289256.0,5085515.0,80,2001.0,3.0
半蔵門駅,2022,mansion,73,68000000,93961111,9200000,430000000,5108940.0,5061289.0,50,2001.0,3.0
半蔵門駅,2023,mansion,52,92000000,123510204,16000000,820000000,4738292.0,5453110.0,70,1984.0,3.0
半蔵門駅,2024,mansion,54,90000000,109959184,18000000,590000000,5174472.0,5555649.0,62,1984.0,3.0
半蔵門駅,2025,mansion,78,110000000,163473684,17000000,800000000,5785124.0,7433542.0,60,2000.0,3.0
南千住駅,2021,house,28,50000000,50000000,4500000,550000000,1720845.0,1622864.0,60,2008.0,10.0
南千住駅,2022,house,27,59000000,56478261,13000000,370000000,1983471.0,1968438.0,70,2012.0,7.0
南千住駅,2023,house,22,58000000,58683333,2300000,460000000,1522401.0,1498092.0,80,1999.0,9.0
南千住駅,2024,house,22,64000000,113459091,2500000,390000000,1939394.0,1720292.0,72,2020.0,9.0
南千住駅,2025,house,32,63000000,62400000,8200000,460000000,2120116.0,2045964.0,62,2014.0,12.0
南千住駅,2021,land,19,49000000,54062500,14000000,450000000,2000000.0,2094737.0,80,,7.0
南千住駅,2022,land,16,90000000,103125000,17000000,190000000,2000000.0,2256250.0,125,,12.0
南千住駅,2023,land,20,54000000,72277778,17000000,2500000000,2350000.0,2236842.0,78,,9.0
南千住駅,2024,land,15,64000000,83261538,300000,1000000000,2100000.0,2307692.0,105,,11.0
南千住駅,2025,land,7,73000000,63285714,18000000,100000000,2700000.0,2165714.0,85,,9.0
南千住駅,2021,mansion,185,39000000,39604918,7200000,86000000,2255712.0,2254694.0,60,2007.0,9.0
南千住駅,2022,mansion,149,42000000,42563448,9400000,120000000,2219598.0,2307781.0,65,2006.0,10.0
南千住駅,2023,mansion,139,46000000,44029496,4100000,87000000,2336088.0,2397791.0,65,2006.0,10.0
南千住駅,2024,mansion,144,48000000,47020833,10000000,93000000,2623967.0,2659716.0,60,2008.0,9.0
南千住駅,2025,mansion,180,49000000,51661111,11000000,97000000,2750583.0,2848995.0,60,2007.0,9.0
南多摩駅,2021,house,6,39500000,44000000,37000000,59000000,1462810.0,1427561.0,112,2014.0,6.0
南多摩駅,2022,house,9,43000000,43888889,30000000,53000000,1525747.0,1577418.0,85,2022.0,5.0
南多摩駅,2023,house,4,42500000,42750000,35000000,51000000,1367178.0,1468713.0,118,2014.0,8.0
南多摩駅,2024,house,2,48500000,48500000,46000000,51000000,1567100.0,1567100.0,132,2017.0,6.0
南多摩駅,2025,house,7,52000000,53833333,37000000,61000000,1836547.0,1738175.0,120,2024.0,10.0
南多摩駅,2021,land,2,17000000,17000000,4000000,30000000,965000.0,965000.0,58,,4.0
南多摩駅,2022,land,1,33000000,33000000,33000000,33000000,990000.0,990000.0,110,,8.0
南多摩駅,2023,land,2,275000000,275000000,60000000,490000000,915000.0,915000.0,1092,,10.0
南多摩駅,2024,land,2,43500000,43500000,40000000,47000000,895000.0,895000.0,160,,4.0
南多摩駅,2025,land,2,46500000,46500000,41000000,52000000,875000.0,875000.0,182,,11.0
南多摩駅,2021,mansion,19,25000000,25631579,11000000,34000000,1113528.0,1081555.0,65,2006.0,7.0
南多摩駅,2022,mansion,8,30500000,31000000,24000000,40000000,1158969.0,1300633.0,80,2006.0,7.0
南多摩駅,2023,mansion,7,35000000,37166667,24000000,45000000,1442524.0,1538414.0,75,2010.0,7.0
南多摩駅,2024,mansion,18,32500000,32500000,16000000,54000000,1145534.0,1352731.0,80,2006.0,9.0
南多摩駅,2025,mansion,19,30000000,32789474,14000000,48000000,1101928.0,1006630.0,95,2006.0,10.0
南大沢駅,2021,house,33,43000000,39564516,8500000,270000000,1322314.0,1205186.0,175,2006.0,22.0
南大沢駅,2022,house,26,49000000,43086957,2000000,150000000,1259347.0,1237496.0,170,2004.0,20.0
南大沢駅,2023,house,25,41000000,42727273,21000000,1500000000,1357112.0,1321615.0,150,2011.0,21.0
南大沢駅,2024,house,25,42000000,44142857,7600000,130000000,1322314.0,1283532.0,175,2005.0,20.0
南大沢駅,2025,house,26,47000000,52040000,20000000,160000000,1120250.0,1235701.0,190,1999.0,15.0
南大沢駅,2021,land,12,27000000,29545455,20000000,80000000,450000.0,431667.0,192,,24.0
南大沢駅,2022,land,6,26000000,18816000,980000,180000000,570000.0,533833.0,152,,21.0
南大沢駅,2023,land,1,31000000,31000000,31000000,31000000,470000.0,470000.0,220,,28.0
南大沢駅,2024,land,5,38000000,33750000,25000000,79000000,530000.0,467500.0,230,,23.0
南大沢駅,2025,land,5,40000000,60600000,9000000,150000000,440000.0,476000.0,270,,24.0
南大沢駅,2021,mansion,116,25000000,26382143,8800000,65000000,909091.0,929007.0,95,1997.0,13.0
南大沢駅,2022,mansion,111,29000000,30743243,9500000,50000000,1063600.0,1078245.0,95,1997.0,12.0
南大沢駅,2023,mansion,101,32000000,34188119,13000000,62000000,1157025.0,1163079.0,95,1999.0,13.0
南大沢駅,2024,mansion,97,33000000,32739583,14000000,67000000,1164896.0,1174399.0,95,2000.0,13.0
南大沢駅,2025,mansion,119,33000000,32735043,11000000,68000000,1248852.0,1193294.0,90,2000.0,13.0
南平駅,2021,house,28,30000000,28400000,7200000,49000000,906366.0,971007.0,132,2003.0,10.0
南平駅,2022,house,25,41000000,35160000,9000000,50000000,1262209.0,1156356.0,130,2018.0,8.0
南平駅,2023,house,19,33000000,28764706,3000000,380000000,1011181.0,1024120.0,145,2002.0,10.0
南平駅,2024,house,18,35000000,30522222,6400000,56000000,953096.0,1034500.0,132,2006.0,12.0
南平駅,2025,house,37,34000000,33459459,8500000,56000000,1244531.0,1157004.0,130,2008.0,10.0
南平駅,2021,land,5,26000000,23600000,17000000,31000000,510000.0,517500.0,180,,7.0
南平駅,2022,land,4,14100000,14925000,6500000,25000000,415000.0,467500.0,82,,8.0
南平駅,2023,land,5,30000000,28000000,8000000,51000000,590000.0,576000.0,130,,8.0
南平駅,2024,land,5,33000000,34000000,23000000,66000000,590000.0,590000.0,210,,4.0
南平駅,2025,land,2,29000000,29000000,27000000,31000000,765000.0,765000.0,132,,6.0
南平駅,2021,mansion,5,18000000,18333333,7000000,23000000,850059.0,909204.0,70,2000.0,4.0
南平駅,2022,mansion,2,21500000,21500000,21000000,22000000,1063361.0,1063361.0,68,1996.0,10.0
南平駅,2023,mansion,4,19500000,20500000,11000000,32000000,991736.0,1068023.0,65,1996.0,12.0
南平駅,2024,mansion,2,24000000,24000000,23000000,25000000,1097206.0,1097206.0,72,1996.0,12.0
南平駅,2025,mansion,4,24500000,24500000,22000000,27000000,1123967.0,1093751.0,75,1996.0,12.0
南新宿駅,2021,house,1,75000000,75000000,75000000,75000000,3305785.0,3305785.0,45,1996.0,4.0
南新宿駅,2022,house,1,840000000,840000000,840000000,840000000,4871683.0,4871683.0,220,2022.0,4.0
南新宿駅,2023,house,1,520000000,520000000,520000000,520000000,13752066.0,13752066.0,390,1960.0,1.0
南新宿駅,2024,house,3,260000000,330000000,240000000,490000000,4775023.0,5879177.0,140,2002.0,4.0
南新宿駅,2025,house,2,515000000,515000000,400000000,630000000,3994490.0,3994490.0,255,1978.0,4.0
南新宿駅,2021,land,1,63000000,63000000,63000000,63000000,4300000.0,4300000.0,50,,4.0
南新宿駅,2022,land,1,75000000,75000000,75000000,75000000,4400000.0,4400000.0,55,,2.0
南新宿駅,2023,land,1,110000000,110000000,110000000,110000000,3500000.0,3500000.0,100,,7.0
南新宿駅,2024,land,1,630000000,630000000,630000000,630000000,6800000.0,6800000.0,310,,
南新宿駅,2025,land,3,180000000,180000000,110000000,250000000,6100000.0,6233333.0,105,,2.0
南新宿駅,2021,mansion,18,41000000,37088235,9500000,100000000,3011937.0,3121047.0,45,1989.0,5.0
南新宿駅,2022,mansion,15,55000000,51333333,20000000,77000000,2997245.0,2892546.0,55,1976.0,5.0
南新宿駅,2023,mansion,10,68000000,69700000,29000000,130000000,3834711.0,4031066.0,55,1988.0,4.0
南新宿駅,2024,mansion,10,55000000,55111111,40000000,100000000,4077905.0,3927996.0,52,1976.0,3.0
南新宿駅,2025,mansion,8,45000000,46250000,21000000,73000000,3878788.0,3918098.0,38,1988.0,4.0
南町田グランベリーパーク駅,2021,house,24,34500000,36434783,13000000,71000000,1220598.0,1130830.0,132,2006.0,18.0
南町田グランベリーパーク駅,2022,house,23,40000000,43782609,17000000,66000000,1212121.0,1218242.0,125,2009.0,15.0
南町田グランベリーパーク駅,2023,house,19,41000000,44444444,6000000,100000000,1507438.0,1464526.0,115,2006.0,15.0
南町田グランベリーパーク駅,2024,house,29,47000000,43960000,18000000,180000000,1565898.0,1490760.0,125,2016.0,17.0
南町田グランベリーパーク駅,2025,house,30,54000000,51037037,19000000,300000000,1660079.0,1601181.0,130,2020.0,20.0
南町田グランベリーパーク駅,2021,land,4,25500000,26250000,24000000,30000000,615000.0,647500.0,135,,24.0
南町田グランベリーパーク駅,2022,land,7,35000000,39000000,29000000,270000000,900000.0,905714.0,135,,16.0
南町田グランベリーパーク駅,2023,land,9,55000000,47375000,10000000,1300000000,580000.0,411429.0,320,,19.0
南町田グランベリーパーク駅,2024,land,18,34500000,32588235,12000000,220000000,770000.0,686250.0,140,,18.0
南町田グランベリーパーク駅,2025,land,14,42000000,50500000,13000000,97000000,995000.0,947143.0,148,,16.0
南町田グランベリーパーク駅,2021,mansion,71,37000000,36173913,2500000,50000000,1542700.0,1609851.0,75,2007.0,10.0
南町田グランベリーパーク駅,2022,mansion,61,37000000,35291803,7000000,61000000,1605667.0,1651961.0,70,2005.0,10.0
南町田グランベリーパーク駅,2023,mansion,72,42000000,39901408,13000000,52000000,1881755.0,1808922.0,75,2009.0,10.0
南町田グランベリーパーク駅,2024,mansion,107,42000000,41558824,19000000,120000000,1881755.0,1847561.0,75,2012.0,11.0
南町田グランベリーパーク駅,2025,mansion,85,45000000,46155844,4900000,62000000,2071625.0,1993461.0,70,2010.0,12.0
南砂町駅,2021,house,39,48000000,44472222,4000000,1900000000,1633447.0,1521767.0,60,2015.0,18.0
南砂町駅,2022,house,43,54000000,48395000,7600000,220000000,1868269.0,1726122.0,65,2010.0,15.0
南砂町駅,2023,house,23,49000000,42809524,7000000,510000000,1776859.0,1571955.0,60,2014.0,15.0
南砂町駅,2024,house,30,60500000,59043478,7500000,260000000,1893313.0,1845510.0,65,2010.0,15.0
南砂町駅,2025,house,48,54500000,53104444,8000000,6900000000,1863261.0,1871779.0,68,2015.0,15.0
南砂町駅,2021,land,6,29500000,28600000,16000000,100000000,1550000.0,1600000.0,60,,16.0
南砂町駅,2022,land,12,44000000,42870000,4700000,580000000,1650000.0,1644444.0,95,,14.0
南砂町駅,2023,land,9,38000000,39625000,27000000,880000000,1600000.0,1542857.0,80,,16.0
南砂町駅,2024,land,9,51000000,62875000,23000000,1100000000,1700000.0,1762500.0,105,,14.0
南砂町駅,2025,land,13,48000000,47083333,19000000,280000000,1900000.0,2160769.0,70,,15.0
南砂町駅,2021,mansion,184,39000000,39736413,7900000,83000000,1983471.0,1996546.0,65,2000.0,11.0
南砂町駅,2022,mansion,176,43000000,44095455,9400000,78000000,2286309.0,2274542.0,65,2001.0,10.0
南砂町駅,2023,mansion,183,45000000,45256831,9000000,78000000,2314050.0,2291623.0,70,2001.0,11.0
南砂町駅,2024,mansion,204,48000000,48165196,3000000,89000000,2485635.0,2480143.0,70,2004.0,12.0
南砂町駅,2025,mansion,266,44500000,49312406,6500000,100000000,2485696.0,2650633.0,65,2000.0,12.0
南阿佐ケ谷駅,2021,house,57,70000000,65880000,15000000,820000000,2278694.0,2218216.0,90,2009.0,10.0
南阿佐ケ谷駅,2022,house,24,73000000,83857143,26000000,890000000,2644628.0,2450781.0,115,2004.0,10.0
南阿佐ケ谷駅,2023,house,44,66000000,64097561,9000000,460000000,2571166.0,2397675.0,90,2004.0,10.0
南阿佐ケ谷駅,2024,house,41,82000000,78611111,15000000,420000000,2520661.0,2538788.0,100,2002.0,10.0
南阿佐ケ谷駅,2025,house,58,85000000,78611111,23000000,750000000,3072435.0,2699386.0,90,2024.0,14.0
南阿佐ケ谷駅,2021,land,20,62000000,62368421,2900000,160000000,1700000.0,1738947.0,110,,8.0
南阿佐ケ谷駅,2022,land,16,55500000,48533333,15000000,140000000,1850000.0,1883750.0,90,,10.0
南阿佐ケ谷駅,2023,land,11,70000000,68500000,35000000,150000000,2500000.0,2372727.0,95,,10.0
南阿佐ケ谷駅,2024,land,17,70000000,66062500,26000000,830000000,2600000.0,2300625.0,95,,6.0
南阿佐ケ谷駅,2025,land,13,74000000,71333333,39000000,560000000,2400000.0,2291667.0,100,,10.0
南阿佐ケ谷駅,2021,mansion,57,55000000,52668421,5000000,100000000,3016529.0,2975776.0,60,2003.0,6.0
南阿佐ケ谷駅,2022,mansion,73,63000000,57566667,7300000,1100000000,3471074.0,3206782.0,65,2010.0,6.0
南阿佐ケ谷駅,2023,mansion,82,65000000,60628049,6600000,150000000,3603306.0,3337714.0,55,2004.0,6.0
南阿佐ケ谷駅,2024,mansion,61,56000000,59047541,6800000,150000000,3400236.0,3397838.0,55,2002.0,6.0
南阿佐ケ谷駅,2025,mansion,75,47000000,60270667,7300000,170000000,3673094.0,3596028.0,50,2000.0,5.0
南鳩ケ谷駅,2021,mansion,1,26000000,26000000,26000000,26000000,1146005.0,1146005.0,75,2008.0,25.0
南鳩ケ谷駅,2022,mansion,1,24000000,24000000,24000000,24000000,1057851.0,1057851.0,75,2008.0,25.0
南鳩ケ谷駅,2023,mansion,1,25000000,25000000,25000000,25000000,1101928.0,1101928.0,75,2008.0,26.0
原宿駅,2021,house,3,1500000000,2713333333,440000000,6200000000,7459207.0,8362382.0,240,2001.0,2.0
原宿駅,2022,house,1,1100000000,1100000000,1100000000,1100000000,8080808.0,8080808.0,330,2002.0,3.0
原宿駅,2023,house,3,3200000000,3143333333,230000000,6000000000,13059891.0,10060721.0,360,2004.0,4.0
原宿駅,2024,house,1,830000000,830000000,830000000,830000000,11432506.0,11432506.0,145,2006.0,3.0
原宿駅,2025,house,1,1000000000,1000000000,1000000000,1000000000,12243648.0,12243648.0,105,1979.0,3.0
原宿駅,2021,land,2,880000000,880000000,360000000,1400000000,29350000.0,29350000.0,150,,8.0
原宿駅,2023,land,2,1750000000,1750000000,1500000000,2000000000,19000000.0,19000000.0,315,,4.0
原宿駅,2025,land,1,2900000000,2900000000,2900000000,2900000000,23000000.0,23000000.0,410,,4.0
原宿駅,2021,mansion,17,70000000,61562500,24000000,240000000,3595041.0,3674567.0,50,1971.0,8.0
原宿駅,2022,mansion,13,59000000,65909091,37000000,280000000,4040404.0,3919548.0,50,1979.0,9.0
原宿駅,2023,mansion,21,87000000,87166667,31000000,470000000,4683195.0,4807057.0,60,2000.0,7.0
原宿駅,2024,mansion,33,67000000,70000000,23000000,720000000,3966942.0,4269779.0,55,2007.0,6.0
原宿駅,2025,mansion,26,93000000,87095238,30000000,16000000000,4249436.0,5026969.0,58,2009.0,6.0
参宮橋駅,2021,house,5,160000000,134600000,75000000,170000000,3122130.0,3321022.0,85,2005.0,5.0
参宮橋駅,2022,house,4,235000000,245000000,120000000,390000000,3456048.0,3478587.0,115,2011.0,6.0
参宮橋駅,2023,house,11,160000000,264090909,75000000,670000000,3463203.0,3592458.0,125,2000.0,4.0
参宮橋駅,2024,house,8,200000000,186666667,150000000,560000000,4958678.0,4818974.0,100,2007.0,4.0
参宮橋駅,2025,house,3,140000000,140000000,100000000,180000000,3702479.0,4065268.0,75,1991.0,8.0
参宮橋駅,2022,land,4,140000000,166666667,30000000,220000000,4300000.0,4200000.0,98,,4.0
参宮橋駅,2023,land,2,190000000,190000000,140000000,240000000,4600000.0,4600000.0,135,,6.0
参宮橋駅,2024,land,5,180000000,202500000,130000000,730000000,6600000.0,6640000.0,100,,4.0
参宮橋駅,2025,land,2,220000000,220000000,210000000,230000000,6150000.0,6150000.0,128,,7.0
参宮橋駅,2021,mansion,41,68000000,66900000,25000000,200000000,3570248.0,3528883.0,60,1996.0,5.0
参宮橋駅,2022,mansion,40,65500000,63486486,17000000,170000000,3826894.0,3748471.0,55,1992.0,5.0
参宮橋駅,2023,mansion,40,77500000,75487179,28000000,180000000,3783287.0,3865311.0,62,1984.0,5.0
参宮橋駅,2024,mansion,38,76000000,81166667,22000000,220000000,4683581.0,4698768.0,55,1996.0,4.0
参宮橋駅,2025,mansion,56,90000000,102428571,14000000,200000000,5996207.0,5559206.0,58,2002.0,6.0
古淵駅,2021,house,41,41000000,39800000,26000000,60000000,1338843.0,1371747.0,130,2021.0,20.0
古淵駅,2022,house,44,42000000,40255814,19000000,55000000,1356749.0,1362117.0,135,2022.0,21.0
古淵駅,2023,house,39,37000000,36972973,15000000,59000000,1306572.0,1289110.0,130,2022.0,20.0
古淵駅,2024,house,40,38000000,39077500,5100000,65000000,1256198.0,1290106.0,130,2015.0,20.0
古淵駅,2025,house,46,40000000,39000000,15000000,300000000,1209617.0,1273646.0,140,2019.0,19.0
古淵駅,2021,land,12,23000000,22541818,560000,110000000,335000.0,370908.0,165,,20.0
古淵駅,2022,land,19,28000000,29076923,1800000,220000000,590000.0,560526.0,135,,18.0
古淵駅,2023,land,17,30000000,25013333,1300000,210000000,560000.0,548529.0,135,,19.0
古淵駅,2024,land,23,30000000,23240000,3300000,370000000,450000.0,435217.0,195,,23.0
古淵駅,2025,land,11,28000000,24080000,7800000,77000000,700000.0,709000.0,130,,23.0
古淵駅,2021,mansion,10,17500000,17444444,4000000,21000000,855054.0,842629.0,65,1986.0,18.0
古淵駅,2022,mansion,10,17000000,16680000,2000000,27000000,916604.0,949065.0,55,1982.0,23.0
古淵駅,2023,mansion,9,17000000,17488889,9400000,25000000,966306.0,931335.0,65,1999.0,25.0
古淵駅,2024,mansion,16,20000000,17162500,2400000,26000000,1079890.0,927865.0,60,1991.0,26.0
古淵駅,2025,mansion,4,12500000,13000000,6500000,14000000,617080.0,541614.0,58,1986.0,28.0
古里駅,2021,house,1,10000000,10000000,10000000,10000000,472255.0,472255.0,500,1965.0,2.0
古里駅,2023,house,1,3500000,3500000,3500000,3500000,105184.0,105184.0,130,1977.0,9.0
古里駅,2021,land,3,11000000,8666667,4000000,11000000,61000.0,58333.0,600,,2.0
古里駅,2024,land,2,4050000,4050000,1600000,6500000,40000.0,40000.0,315,,4.0
古里駅,2025,land,1,7700000,7700000,7700000,7700000,55000.0,55000.0,460,,3.0
古里駅,2021,mansion,2,4000000,4000000,3900000,4100000,252141.0,252141.0,52,1993.0,8.0
吉祥寺駅,2021,house,76,80000000,76826087,12000000,2100000000,2346041.0,2441936.0,125,2002.0,14.0
吉祥寺駅,2022,house,60,83000000,84792453,1000000,1500000000,2761708.0,2679052.0,122,2004.0,15.0
吉祥寺駅,2023,house,60,95000000,97666667,1000000,650000000,2800194.0,2680064.0,122,2005.0,15.0
吉祥寺駅,2024,house,49,83000000,82711111,10000000,450000000,2618182.0,2738398.0,120,2005.0,15.0
吉祥寺駅,2025,house,82,88500000,85541096,6500000,750000000,2839086.0,2905232.0,118,2014.0,15.0
吉祥寺駅,2021,land,38,88500000,87176471,10000000,210000000,1900000.0,1829730.0,155,,13.0
吉祥寺駅,2022,land,29,89000000,110071429,39000000,2000000000,2100000.0,2114286.0,150,,14.0
吉祥寺駅,2023,land,21,120000000,121578947,18000000,350000000,2400000.0,2311111.0,155,,12.0
吉祥寺駅,2024,land,34,115000000,112967742,29000000,380000000,2600000.0,2714706.0,142,,13.0
吉祥寺駅,2025,land,17,110000000,113176471,58000000,190000000,2700000.0,2650000.0,140,,12.0
吉祥寺駅,2021,mansion,163,48000000,46396250,6800000,140000000,2380165.0,2457452.0,70,2002.0,9.0
吉祥寺駅,2022,mansion,199,58000000,56112755,3800000,150000000,2975206.0,2882518.0,70,2003.0,8.0
吉祥寺駅,2023,mansion,170,52500000,51505422,5300000,140000000,2809917.0,2785295.0,70,2000.0,9.0
吉祥寺駅,2024,mansion,171,60000000,60326471,4500000,150000000,3185575.0,3107724.0,65,2003.0,9.0
吉祥寺駅,2025,mansion,206,61500000,61233831,6500000,200000000,3049587.0,3123686.0,70,2002.0,8.0
向ケ丘遊園駅,2025,mansion,1,630000000,630000000,630000000,630000000,15426997.0,15426997.0,135,2023.0,9.0
向原駅,2022,mansion,1,46000000,46000000,46000000,46000000,3801653.0,3801653.0,40,2008.0,4.0
向原駅,2023,mansion,1,47000000,47000000,47000000,47000000,2390337.0,2390337.0,65,1987.0,7.0
和光市駅,2021,house,5,20000000,30800000,11000000,55000000,1017165.0,1186208.0,100,1996.0,
和光市駅,2022,house,3,46000000,44000000,40000000,46000000,1689623.0,1590385.0,95,2022.0,
和光市駅,2023,house,2,31000000,31000000,15000000,47000000,1268144.0,1268144.0,98,2014.0,
和光市駅,2024,house,4,28500000,27000000,15000000,36000000,882277.0,824312.0,108,2004.0,
和光市駅,2025,house,2,51000000,51000000,49000000,53000000,1728578.0,1728578.0,112,2016.0,
和光市駅,2022,land,2,141000000,141000000,32000000,250000000,805000.0,805000.0,608,,
和光市駅,2024,land,1,33000000,33000000,33000000,33000000,990000.0,990000.0,110,,
和光市駅,2025,land,1,32000000,32000000,32000000,32000000,1000000.0,1000000.0,100,,
和泉多摩川駅,2021,house,13,52000000,54416667,19000000,65000000,1696011.0,1699666.0,130,2019.0,10.0
和泉多摩川駅,2022,house,15,55000000,50866667,30000000,69000000,2024793.0,2050860.0,100,2022.0,14.0
和泉多摩川駅,2023,house,18,47000000,48687500,8000000,420000000,1651920.0,1617277.0,125,2018.0,14.0
和泉多摩川駅,2024,house,21,59000000,50105263,15000000,240000000,1884297.0,1741544.0,120,2010.0,10.0
和泉多摩川駅,2025,house,26,46000000,42737500,4700000,430000000,1983471.0,1800579.0,92,2001.0,10.0
和泉多摩川駅,2021,land,6,26000000,27166667,16000000,44000000,1000000.0,1040000.0,80,,7.0
和泉多摩川駅,2022,land,7,46000000,41833333,19000000,110000000,880000.0,920000.0,165,,16.0
和泉多摩川駅,2023,land,5,48000000,49250000,39000000,170000000,1100000.0,862500.0,190,,15.0
和泉多摩川駅,2024,land,9,52000000,43571429,7000000,190000000,1300000.0,1337500.0,120,,10.0
和泉多摩川駅,2025,land,6,35000000,32333333,8000000,49000000,670000.0,655000.0,128,,20.0
和泉多摩川駅,2021,mansion,9,40000000,39800000,35000000,45000000,1780038.0,1885113.0,65,2005.0,10.0
和泉多摩川駅,2022,mansion,13,42000000,43909091,29000000,65000000,1889020.0,1919673.0,75,2005.0,10.0
和泉多摩川駅,2023,mansion,7,41000000,45285714,37000000,58000000,1983471.0,1961826.0,80,1987.0,3.0
和泉多摩川駅,2024,mansion,5,50000000,50750000,45000000,53000000,2159780.0,2165978.0,80,2005.0,10.0
和泉多摩川駅,2025,mansion,9,47000000,45750000,40000000,60000000,2066116.0,2056132.0,75,2002.0,4.0
品川シーサイド駅,2024,house,1,400000000,400000000,400000000,400000000,4559703.0,4559703.0,100,2023.0,5.0
品川シーサイド駅,2021,mansion,114,68500000,65247788,26000000,120000000,3413078.0,3288603.0,70,2018.0,3.0
品川シーサイド駅,2022,mansion,94,75000000,70436170,32000000,100000000,3636364.0,3452347.0,70,2018.0,3.0
品川シーサイド駅,2023,mansion,110,80000000,75194175,21000000,130000000,3966942.0,3980717.0,65,2019.0,3.0
品川シーサイド駅,2024,mansion,91,84000000,80943820,29000000,170000000,4108618.0,3900826.0,70,2015.0,3.0
品川シーサイド駅,2025,mansion,101,110000000,101494949,24000000,290000000,5229151.0,4942994.0,70,2019.0,3.0
品川駅,2021,house,4,145000000,126666667,90000000,270000000,3593245.0,3627628.0,75,2002.0,12.0
品川駅,2022,house,3,150000000,210000000,150000000,330000000,4132231.0,4280752.0,105,2001.0,8.0
品川駅,2023,house,2,110000000,110000000,90000000,130000000,2250188.0,2250188.0,78,1996.0,8.0
品川駅,2024,house,3,350000000,480000000,240000000,850000000,5509642.0,6574839.0,320,1977.0,8.0
品川駅,2025,house,4,385000000,296666667,120000000,1000000000,5310584.0,5744246.0,120,1998.0,6.0
品川駅,2021,land,3,230000000,476666667,100000000,1100000000,5700000.0,5900000.0,165,,11.0
品川駅,2022,land,1,290000000,290000000,290000000,290000000,2900000.0,2900000.0,320,,11.0
品川駅,2024,land,4,1090000000,1590000000,380000000,3800000000,29650000.0,28725000.0,200,,4.0
品川駅,2025,land,1,5500000000,5500000000,5500000000,5500000000,33000000.0,33000000.0,550,,3.0
品川駅,2021,mansion,158,76000000,76486842,22000000,230000000,3651390.0,3657528.0,70,2005.0,12.0
品川駅,2022,mansion,196,80500000,81092896,8500000,360000000,3913965.0,4022055.0,70,2005.0,11.0
品川駅,2023,mansion,189,96000000,100211957,11000000,340000000,4231405.0,4393176.0,75,2005.0,13.0
品川駅,2024,mansion,163,110000000,110866242,20000000,450000000,4868520.0,5101690.0,75,2005.0,13.0
品川駅,2025,mansion,189,130000000,123292135,26000000,450000000,5785124.0,5833922.0,75,2005.0,12.0
唐木田駅,2021,house,14,35000000,34214286,4000000,60000000,988430.0,968284.0,172,1996.0,15.0
唐木田駅,2022,house,9,55000000,64000000,22000000,1700000000,1446281.0,1458425.0,195,1999.0,11.0
唐木田駅,2023,house,5,36000000,40750000,9500000,50000000,1181731.0,1213150.0,170,1995.0,15.0
唐木田駅,2024,house,11,50000000,46200000,19000000,55000000,1271456.0,1240711.0,215,1998.0,15.0
唐木田駅,2025,house,11,35000000,33111111,30000000,53000000,1101928.0,1087029.0,130,2025.0,15.0
唐木田駅,2021,land,4,35500000,38333333,5500000,44000000,345000.0,332075.0,590,,19.0
唐木田駅,2022,land,4,21000000,32025000,1100000,85000000,413500.0,455750.0,242,,9.0
唐木田駅,2023,land,3,25000000,35000000,8000000,72000000,240000.0,204667.0,980,,12.0
唐木田駅,2024,land,5,35000000,29740000,6000000,51000000,640000.0,459800.0,220,,9.0
唐木田駅,2021,mansion,26,27000000,29653846,16000000,45000000,1096277.0,1177604.0,85,1995.0,6.0
唐木田駅,2022,mansion,14,27500000,28250000,16000000,49000000,1205639.0,1268357.0,85,1993.0,7.0
唐木田駅,2023,mansion,15,26000000,28000000,21000000,49000000,991736.0,994570.0,90,1990.0,8.0
唐木田駅,2024,mansion,25,34000000,37041667,3600000,54000000,1357112.0,1404961.0,85,1995.0,9.0
唐木田駅,2025,mansion,16,29000000,30000000,21000000,50000000,1115702.0,1028036.0,95,1990.0,8.0
喜多見駅,2021,house,57,56000000,53425532,17000000,120000000,2020202.0,1975177.0,120,2020.0,15.0
喜多見駅,2022,house,45,50000000,51500000,26000000,150000000,1944579.0,1921642.0,105,2012.0,15.0
喜多見駅,2023,house,51,65000000,63608696,17000000,710000000,2172373.0,2165317.0,110,2018.0,14.0
喜多見駅,2024,house,49,56000000,55888889,15000000,520000000,2100146.0,2019046.0,110,2010.0,15.0
喜多見駅,2025,house,59,64000000,63236364,15000000,250000000,2272727.0,2218605.0,110,2014.0,15.0
喜多見駅,2021,land,18,49500000,58176471,30000000,130000000,1100000.0,1137222.0,158,,11.0
喜多見駅,2022,land,10,45000000,50600000,15000000,110000000,1200000.0,1287778.0,122,,12.0
喜多見駅,2023,land,19,52000000,52736842,19000000,110000000,1500000.0,1431333.0,135,,11.0
喜多見駅,2024,land,20,50500000,50823529,2000000,910000000,1400000.0,1356667.0,142,,10.0
喜多見駅,2025,land,12,54000000,44636364,16000000,130000000,1450000.0,1430000.0,125,,8.0
喜多見駅,2021,mansion,67,32000000,35928358,9200000,73000000,1807162.0,1873797.0,65,1998.0,10.0
喜多見駅,2022,mansion,62,50000000,45322581,12000000,73000000,2408500.0,2276651.0,68,2005.0,8.0
喜多見駅,2023,mansion,42,51000000,45880952,5000000,78000000,2597402.0,2430163.0,65,2008.0,6.0
喜多見駅,2024,mansion,45,53000000,51844444,15000000,95000000,2455726.0,2429189.0,70,2005.0,7.0
喜多見駅,2025,mansion,58,37500000,48241379,11000000,94000000,2007084.0,2377027.0,70,2002.0,8.0
四ツ木駅,2021,house,42,40500000,36671053,2500000,430000000,1272465.0,1170548.0,70,2007.0,10.0
四ツ木駅,2022,house,32,45500000,35642308,2300000,1000000000,1597796.0,1615589.0,72,2019.0,9.0
四ツ木駅,2023,house,35,48000000,62406452,9600000,750000000,1735537.0,1615209.0,80,2022.0,10.0
四ツ木駅,2024,house,32,45000000,50058621,4400000,290000000,1579431.0,1564962.0,70,2020.0,10.0
四ツ木駅,2025,house,51,50000000,46970455,4400000,450000000,1731602.0,1765583.0,75,2023.0,10.0
四ツ木駅,2021,land,12,31000000,29500000,11000000,240000000,1050000.0,1010833.0,100,,10.0
四ツ木駅,2022,land,8,26500000,25857143,12000000,170000000,1150000.0,1057500.0,70,,8.0
四ツ木駅,2023,land,9,74000000,45328571,5000000,360000000,1300000.0,1145000.0,120,,8.0
四ツ木駅,2024,land,8,39000000,36000000,18000000,80000000,1450000.0,1388333.0,90,,10.0
四ツ木駅,2025,land,10,29000000,43900000,10000000,100000000,1050000.0,1011250.0,82,,9.0
四ツ木駅,2021,mansion,45,25000000,26055556,5500000,43000000,1377410.0,1394785.0,60,1994.0,12.0
四ツ木駅,2022,mansion,34,34000000,30555882,6900000,51000000,1791945.0,1687376.0,60,2003.0,8.0
四ツ木駅,2023,mansion,40,33000000,30120000,9000000,47000000,1800866.0,1751148.0,60,2000.0,10.0
四ツ木駅,2024,mansion,37,34000000,34228571,5000000,55000000,1794569.0,1750297.0,60,2002.0,9.0
四ツ木駅,2025,mansion,47,30000000,31095745,8100000,58000000,1807162.0,1877285.0,55,1998.0,9.0
四ツ谷駅,2021,house,4,80500000,78333333,74000000,1300000000,3512397.0,5519043.0,72,2021.0,7.0
四ツ谷駅,2022,house,6,435000000,340000000,30000000,1400000000,3261708.0,3429178.0,238,1968.0,5.0
四ツ谷駅,2023,house,7,380000000,335857143,85000000,590000000,4063361.0,4127810.0,80,2015.0,7.0
四ツ谷駅,2024,house,11,140000000,195181818,32000000,450000000,4278075.0,4441142.0,85,2011.0,8.0
四ツ谷駅,2025,house,7,260000000,233333333,45000000,930000000,4297520.0,4512040.0,65,1976.0,8.0
四ツ谷駅,2021,land,2,195000000,195000000,160000000,230000000,3450000.0,3450000.0,190,,6.0
四ツ谷駅,2022,land,5,220000000,160000000,35000000,2500000000,4600000.0,5042000.0,190,,7.0
四ツ谷駅,2024,land,2,80000000,80000000,60000000,100000000,3950000.0,3950000.0,75,,6.0
四ツ谷駅,2021,mansion,29,85000000,77448276,16000000,130000000,4439197.0,4377864.0,60,2006.0,5.0
四ツ谷駅,2022,mansion,29,90000000,89962963,20000000,460000000,4958678.0,4995124.0,60,2006.0,7.0
四ツ谷駅,2023,mansion,34,87000000,86593750,25000000,260000000,4885216.0,4650272.0,62,2006.0,6.0
四ツ谷駅,2024,mansion,45,89000000,88125000,22000000,420000000,4958678.0,5515727.0,55,2007.0,6.0
四ツ谷駅,2025,mansion,36,115000000,111542857,25000000,320000000,6795225.0,6366999.0,58,2015.0,8.0
四谷三丁目駅,2021,house,9,110000000,178625000,30000000,810000000,3199147.0,3011080.0,95,2013.0,5.0
四谷三丁目駅,2022,house,13,190000000,224833333,35000000,1200000000,2718090.0,2840569.0,135,1980.0,4.0
四谷三丁目駅,2023,house,11,110000000,307818182,45000000,1100000000,2786304.0,2405545.0,110,1965.0,4.0
四谷三丁目駅,2024,house,14,160000000,157916667,50000000,1700000000,4545454.0,3884140.0,105,1978.0,6.0
四谷三丁目駅,2025,house,11,190000000,433181818,35000000,1200000000,4559703.0,4247542.0,80,2016.0,6.0
四谷三丁目駅,2021,land,12,115000000,112181818,75000000,340000000,4550000.0,4383333.0,80,,4.0
四谷三丁目駅,2022,land,3,150000000,147333333,52000000,240000000,4700000.0,4433333.0,100,,6.0
四谷三丁目駅,2023,land,6,145000000,125000000,69000000,330000000,4950000.0,4800000.0,98,,4.0
四谷三丁目駅,2024,land,7,150000000,171000000,50000000,390000000,3900000.0,3557143.0,135,,4.0
四谷三丁目駅,2025,land,3,370000000,430000000,100000000,820000000,7400000.0,9133333.0,90,,5.0
四谷三丁目駅,2021,mansion,86,61500000,63035294,11000000,200000000,4231405.0,4267793.0,50,2007.0,4.0
四谷三丁目駅,2022,mansion,93,62000000,61797753,11000000,180000000,4462810.0,4477628.0,50,2004.0,5.0
四谷三丁目駅,2023,mansion,88,77000000,78448276,15000000,230000000,4892986.0,4832732.0,55,2007.0,5.0
四谷三丁目駅,2024,mansion,79,90000000,85933333,20000000,320000000,5142332.0,5415362.0,55,2007.0,5.0
四谷三丁目駅,2025,mansion,100,86000000,95822917,23000000,380000000,6071625.0,6050678.0,50,2007.0,5.0
国分寺駅,2021,house,105,49000000,46906250,12000000,150000000,1705089.0,1670352.0,115,2018.0,15.0
国分寺駅,2022,house,76,57000000,57432432,17000000,170000000,1953418.0,1882822.0,112,2012.0,14.0
国分寺駅,2023,house,87,54000000,53471264,12000000,90000000,1983471.0,1865631.0,110,2014.0,15.0
国分寺駅,2024,house,98,57500000,58277778,9000000,970000000,1983471.0,2011880.0,110,2017.0,15.0
国分寺駅,2025,house,99,53000000,55402174,21000000,2500000000,2098635.0,2042264.0,105,2022.0,15.0
国分寺駅,2021,land,41,42000000,43775000,7900000,500000000,1100000.0,1133889.0,120,,10.0
国分寺駅,2022,land,18,35000000,35266667,15000000,730000000,1250000.0,1202353.0,102,,10.0
国分寺駅,2023,land,28,52500000,48288462,4500000,200000000,1250000.0,1276667.0,122,,12.0
国分寺駅,2024,land,29,52000000,51407407,25000000,130000000,1400000.0,1404138.0,115,,12.0
国分寺駅,2025,land,23,57000000,59142857,22000000,270000000,1500000.0,1514762.0,125,,15.0
国分寺駅,2021,mansion,113,39000000,41175893,2500000,140000000,2093664.0,2056520.0,70,2001.0,8.0
国分寺駅,2022,mansion,127,47000000,48134921,6500000,120000000,2424242.0,2426089.0,70,2005.0,7.0
国分寺駅,2023,mansion,115,43000000,44637719,2200000,300000000,2561983.0,2453781.0,60,2003.0,7.0
国分寺駅,2024,mansion,125,45000000,51419355,12000000,130000000,2699724.0,2811386.0,65,2004.0,5.0
国分寺駅,2025,mansion,134,62000000,61273485,6500000,220000000,2865014.0,3133692.0,70,2009.0,5.0
国立競技場駅,2025,house,1,1200000000,1200000000,1200000000,1200000000,6723631.0,6723631.0,155,1974.0,6.0
国立競技場駅,2021,mansion,9,78000000,81285714,27000000,90000000,4207363.0,4245288.0,55,2010.0,8.0
国立競技場駅,2022,mansion,8,84000000,75625000,31000000,110000000,4457361.0,4495816.0,58,2014.0,6.0
国立競技場駅,2023,mansion,3,110000000,93666667,41000000,130000000,5194805.0,5625082.0,60,2013.0,4.0
国立競技場駅,2024,mansion,2,109000000,109000000,88000000,130000000,4625274.0,4625274.0,78,2008.0,8.0
国立競技場駅,2025,mansion,3,170000000,166666667,110000000,220000000,8080808.0,8303420.0,55,2014.0,8.0
国立駅,2021,house,182,50000000,49272189,15000000,1100000000,1705089.0,1652293.0,120,2015.0,16.0
国立駅,2022,house,152,54500000,52595745,19000000,300000000,1818182.0,1780228.0,120,2016.0,18.0
国立駅,2023,house,151,59000000,59717241,2000000,490000000,1899515.0,1899726.0,120,2017.0,16.0
国立駅,2024,house,142,58000000,57847826,8000000,260000000,1926635.0,1947713.0,118,2022.0,15.0
国立駅,2025,house,186,57500000,56895954,5500000,410000000,1900826.0,1921128.0,120,2021.0,19.0
国立駅,2021,land,56,41000000,43714815,7600000,1200000000,1050000.0,1017143.0,135,,16.0
国立駅,2022,land,47,52000000,53354762,5100000,1200000000,970000.0,1097222.0,145,,16.0
国立駅,2023,land,49,50000000,57659574,12000000,390000000,1300000.0,1256383.0,125,,14.0
国立駅,2024,land,40,57000000,55970270,9900000,520000000,990000.0,1188462.0,155,,14.0
国立駅,2025,land,41,56000000,63384615,21000000,580000000,1300000.0,1317561.0,130,,15.0
国立駅,2021,mansion,76,37500000,37594737,4600000,65000000,1841794.0,1804118.0,68,2001.0,13.0
国立駅,2022,mansion,122,44000000,43238017,4800000,95000000,2268136.0,2253774.0,65,2002.0,9.0
国立駅,2023,mansion,111,43000000,43157658,3500000,70000000,2247934.0,2221261.0,65,2002.0,13.0
国立駅,2024,mansion,96,45000000,45560000,4800000,98000000,2257379.0,2218185.0,65,2002.0,14.0
国立駅,2025,mansion,128,47000000,47625781,2000000,99000000,2339479.0,2255032.0,65,2001.0,9.0
国際展示場駅,2021,mansion,2,64000000,64000000,63000000,65000000,3846732.0,3846732.0,55,2019.0,4.0
国際展示場駅,2022,mansion,4,81000000,84250000,55000000,120000000,4145349.0,4304080.0,65,2019.0,4.0
国際展示場駅,2023,mansion,8,77000000,82250000,68000000,100000000,4327573.0,4315525.0,58,2019.0,5.0
国際展示場駅,2024,mansion,2,94000000,94000000,78000000,110000000,5137741.0,5137741.0,62,2019.0,6.0
国際展示場駅,2025,mansion,6,105000000,102000000,90000000,180000000,6611570.0,6465481.0,55,2019.0,8.0
国領駅,2021,house,32,56000000,53774194,12000000,910000000,2032969.0,1957827.0,110,2021.0,10.0
国領駅,2022,house,31,53000000,50185185,37000000,91000000,1951987.0,1965062.0,110,2022.0,15.0
国領駅,2023,house,23,55000000,55652174,31000000,78000000,2077922.0,2142519.0,105,2018.0,14.0
国領駅,2024,house,29,55000000,52846154,30000000,260000000,2280992.0,2117298.0,100,2019.0,10.0
国領駅,2025,house,37,54000000,54600000,4100000,350000000,2139037.0,2071954.0,105,2025.0,18.0
国領駅,2021,land,4,50000000,48333333,45000000,230000000,1250000.0,1192500.0,148,,8.0
国領駅,2022,land,9,36000000,39925000,2400000,460000000,1100000.0,1090000.0,110,,9.0
国領駅,2023,land,13,47000000,39161538,3300000,67000000,1500000.0,1270769.0,105,,8.0
国領駅,2024,land,13,43000000,44916667,12000000,120000000,1200000.0,1323846.0,115,,12.0
国領駅,2025,land,7,38000000,40000000,33000000,200000000,1000000.0,1118571.0,110,,16.0
国領駅,2021,mansion,91,31000000,31884615,4200000,68000000,1729180.0,1702982.0,60,1996.0,8.0
国領駅,2022,mansion,62,35000000,34491935,8000000,66000000,1787304.0,1832642.0,65,1999.0,8.0
国領駅,2023,mansion,73,36000000,36000000,6500000,79000000,2077922.0,1946318.0,65,2000.0,8.0
国領駅,2024,mansion,81,46000000,41555556,5500000,84000000,2266824.0,2176768.0,65,2001.0,8.0
国領駅,2025,mansion,122,37000000,35659016,5200000,82000000,2090802.0,1945567.0,55,1999.0,13.0
地下鉄成増駅,2021,house,23,65000000,62666667,3300000,210000000,1851240.0,1918015.0,110,2016.0,10.0
地下鉄成増駅,2022,house,27,59000000,56560000,9000000,140000000,1913876.0,1858284.0,105,2013.0,10.0
地下鉄成増駅,2023,house,14,66500000,57150000,4800000,250000000,1706612.0,1762674.0,88,2000.0,10.0
地下鉄成増駅,2024,house,30,65500000,61583333,5700000,730000000,2139037.0,2045396.0,105,2011.0,8.0
地下鉄成増駅,2025,house,22,71000000,68619048,40000000,130000000,2033928.0,2069940.0,98,2020.0,10.0
地下鉄成増駅,2021,land,3,30000000,33000000,12000000,57000000,690000.0,876667.0,140,,25.0
地下鉄成増駅,2022,land,2,42500000,42500000,16000000,69000000,1165000.0,1165000.0,138,,5.0
地下鉄成増駅,2023,land,2,119000000,119000000,58000000,180000000,2600000.0,2600000.0,140,,6.0
地下鉄成増駅,2024,land,1,100000000,100000000,100000000,100000000,1500000.0,1500000.0,230,,7.0
地下鉄成増駅,2025,land,5,96000000,141200000,77000000,250000000,2100000.0,1900000.0,190,,7.0
地下鉄成増駅,2021,mansion,47,35000000,34776596,5500000,60000000,1983471.0,2120551.0,60,1995.0,5.0
地下鉄成増駅,2022,mansion,85,40000000,39287059,4500000,65000000,2219598.0,2253957.0,65,1999.0,6.0
地下鉄成増駅,2023,mansion,70,37000000,38116176,6500000,79000000,2258953.0,2358825.0,60,1998.0,6.0
地下鉄成増駅,2024,mansion,71,37000000,41012676,5000000,70000000,2797203.0,2680768.0,60,2005.0,5.0
地下鉄成増駅,2025,mansion,94,44500000,43804301,6500000,340000000,2622589.0,2604607.0,65,1996.0,6.0
地下鉄赤塚駅,2021,house,32,64000000,55051613,8000000,470000000,1903393.0,1750763.0,95,2006.0,10.0
地下鉄赤塚駅,2022,house,36,67500000,62166667,13000000,320000000,2230686.0,2107841.0,100,2020.0,9.0
地下鉄赤塚駅,2023,house,30,58000000,52586207,5000000,180000000,1827905.0,1734733.0,100,2003.0,10.0
地下鉄赤塚駅,2024,house,36,59500000,51421875,6000000,1400000000,2069709.0,1959821.0,90,2011.0,10.0
地下鉄赤塚駅,2025,house,43,70000000,61046512,1000000,150000000,2148760.0,1974070.0,95,2006.0,10.0
地下鉄赤塚駅,2021,land,5,46000000,48000000,42000000,580000000,1600000.0,1600000.0,105,,5.0
地下鉄赤塚駅,2022,land,5,55000000,51250000,40000000,130000000,1800000.0,1880000.0,120,,8.0
地下鉄赤塚駅,2023,land,4,99000000,93000000,24000000,150000000,2000000.0,1875000.0,160,,7.0
地下鉄赤塚駅,2024,land,6,56000000,55500000,24000000,190000000,1550000.0,1500000.0,125,,6.0
地下鉄赤塚駅,2025,land,10,56000000,66333333,29000000,860000000,1750000.0,1710000.0,110,,8.0
地下鉄赤塚駅,2021,mansion,42,32500000,29231707,8500000,58000000,1535813.0,1913378.0,70,1988.0,8.0
地下鉄赤塚駅,2022,mansion,26,23000000,28961538,12000000,53000000,2325069.0,2435682.0,35,2007.0,5.0
地下鉄赤塚駅,2023,mansion,29,34000000,32357143,15000000,65000000,2314050.0,2421056.0,60,1999.0,7.0
地下鉄赤塚駅,2024,mansion,24,29000000,30983333,7600000,52000000,1953418.0,2316720.0,58,1990.0,7.0
地下鉄赤塚駅,2025,mansion,34,35000000,37882353,13000000,62000000,2069005.0,2005855.0,72,1990.0,6.0
堀切菖蒲園駅,2021,house,63,43000000,42000000,2000000,360000000,1466044.0,1498856.0,75,2021.0,8.0
堀切菖蒲園駅,2022,house,43,43000000,40789474,6600000,230000000,1542700.0,1495668.0,70,2017.0,10.0
堀切菖蒲園駅,2023,house,39,39000000,36911765,10000000,450000000,1573921.0,1564780.0,65,2020.0,10.0
堀切菖蒲園駅,2024,house,38,46500000,43805556,11000000,95000000,1707989.0,1674437.0,68,2014.0,9.0
堀切菖蒲園駅,2025,house,48,44500000,40047619,12000000,340000000,1622840.0,1603675.0,68,2020.0,10.0
堀切菖蒲園駅,2021,land,9,40000000,37625000,12000000,320000000,1000000.0,968889.0,115,,12.0
堀切菖蒲園駅,2022,land,11,26000000,22300000,11000000,74000000,1100000.0,1166667.0,75,,6.0
堀切菖蒲園駅,2023,land,13,27000000,25725000,2200000,120000000,980000.0,958462.0,80,,10.0
堀切菖蒲園駅,2024,land,11,33000000,37000000,16000000,210000000,1200000.0,1158000.0,100,,7.0
堀切菖蒲園駅,2025,land,7,56000000,45500000,16000000,160000000,1400000.0,1016667.0,185,,9.0
堀切菖蒲園駅,2021,mansion,49,28000000,27822449,6300000,43000000,1542700.0,1515684.0,60,2004.0,8.0
堀切菖蒲園駅,2022,mansion,49,28000000,28400000,5900000,52000000,1763085.0,1654943.0,60,2006.0,7.0
堀切菖蒲園駅,2023,mansion,49,29000000,27142857,4000000,52000000,1818182.0,1792919.0,55,2002.0,8.0
堀切菖蒲園駅,2024,mansion,55,26000000,29178182,7000000,51000000,1983471.0,2211344.0,55,2006.0,8.0
堀切菖蒲園駅,2025,mansion,53,30000000,31082692,7000000,67000000,2093664.0,2117002.0,55,2005.0,9.0
堀切駅,2021,house,1,44000000,44000000,44000000,44000000,1385281.0,1385281.0,170,2011.0,10.0
堀切駅,2022,house,1,42000000,42000000,42000000,42000000,1461505.0,1461505.0,70,1987.0,6.0
堀切駅,2023,house,2,156500000,156500000,13000000,300000000,1319559.0,1319559.0,110,2002.0,5.0
堀切駅,2024,house,7,58000000,62571429,35000000,110000000,1803155.0,1729152.0,85,2022.0,5.0
堀切駅,2025,house,4,41500000,36333333,26000000,160000000,1697494.0,1554659.0,118,2005.0,8.0
堀切駅,2021,land,2,53000000,53000000,19000000,87000000,1500000.0,1500000.0,108,,5.0
堀切駅,2022,land,1,24000000,24000000,24000000,24000000,1400000.0,1400000.0,55,,5.0
堀切駅,2023,land,1,46000000,46000000,46000000,46000000,2100000.0,2100000.0,70,,4.0
堀切駅,2024,land,3,67000000,495666667,20000000,1400000000,1200000.0,1300000.0,180,,4.0
堀切駅,2021,mansion,7,28000000,27500000,15000000,28000000,3702479.0,3795041.0,25,2010.0,7.0
堀切駅,2022,mansion,1,49000000,49000000,49000000,49000000,2024793.0,2024793.0,80,2000.0,3.0
堀切駅,2024,mansion,2,25500000,25500000,9000000,42000000,1363636.0,1363636.0,55,1996.0,2.0
堀切駅,2025,mansion,4,28500000,28500000,28000000,29000000,2809917.0,2766341.0,38,2006.0,5.0
外苑前駅,2021,house,8,545000000,652000000,86000000,1700000000,6104280.0,7546429.0,115,1998.0,8.0
外苑前駅,2022,house,11,430000000,901818182,80000000,2900000000,5971630.0,6253688.0,135,2002.0,7.0
外苑前駅,2023,house,4,990000000,882500000,350000000,1200000000,7231405.0,7079843.0,195,1992.0,5.0
外苑前駅,2024,house,6,260000000,290600000,83000000,1800000000,4958678.0,4676058.0,95,1980.0,6.0
外苑前駅,2025,house,7,400000000,480000000,160000000,900000000,6978879.0,6382264.0,165,1984.0,5.0
外苑前駅,2022,land,3,500000000,510000000,250000000,780000000,7900000.0,10366667.0,210,,6.0
外苑前駅,2023,land,4,230000000,206666667,160000000,1200000000,8150000.0,9250000.0,92,,8.0
外苑前駅,2024,land,4,395000000,300000000,110000000,10000000000,9000000.0,8300000.0,140,,8.0
外苑前駅,2025,land,3,220000000,403333333,220000000,770000000,13000000.0,29333333.0,55,,7.0
外苑前駅,2021,mansion,42,105000000,94736842,17000000,520000000,5283353.0,5355209.0,60,2012.0,7.0
外苑前駅,2022,mansion,58,110000000,111810345,12000000,280000000,5652199.0,5729755.0,60,2000.0,6.0
外苑前駅,2023,mansion,42,97500000,98666667,15000000,220000000,5801653.0,6125220.0,55,2004.0,7.0
外苑前駅,2024,mansion,46,140000000,131200000,23000000,500000000,7101989.0,7326909.0,60,2012.0,7.0
外苑前駅,2025,mansion,41,130000000,133475000,25000000,670000000,7272727.0,7740186.0,60,2001.0,7.0
多摩センター駅,2022,house,1,13000000,13000000,13000000,13000000,477502.0,477502.0,150,2006.0,
多摩センター駅,2021,mansion,3,38000000,31333333,10000000,46000000,1477880.0,1289315.0,85,2006.0,12.0
多摩センター駅,2022,mansion,5,51000000,40000000,15000000,58000000,1917355.0,1509275.0,90,2017.0,10.0
多摩センター駅,2023,mansion,7,52000000,53142857,45000000,60000000,2024793.0,2121090.0,80,2007.0,10.0
多摩センター駅,2024,mansion,5,51000000,34860000,7300000,53000000,1983471.0,1484448.0,80,2007.0,11.0
多摩センター駅,2025,mansion,5,60000000,60600000,50000000,68000000,2214876.0,2222222.0,100,2017.0,10.0
多摩動物公園駅,2021,house,7,24000000,24000000,21000000,49000000,718649.0,757312.0,200,1975.0,8.0
多摩動物公園駅,2022,house,10,29500000,25555556,5000000,54000000,893534.0,860036.0,130,2002.0,10.0
多摩動物公園駅,2023,house,14,18500000,21307143,2000000,47000000,577241.0,742221.0,115,1990.0,10.0
多摩動物公園駅,2024,house,5,25000000,22200000,11000000,31000000,602820.0,797248.0,110,1991.0,11.0
多摩動物公園駅,2025,house,10,31500000,29820000,5200000,56000000,1034117.0,941788.0,158,2003.0,10.0
多摩動物公園駅,2022,land,1,20000000,20000000,20000000,20000000,330000.0,330000.0,195,,8.0
多摩動物公園駅,2023,land,1,23000000,23000000,23000000,23000000,380000.0,380000.0,195,,11.0
多摩動物公園駅,2024,land,1,18000000,18000000,18000000,18000000,290000.0,290000.0,210,,11.0
多摩動物公園駅,2021,mansion,1,15000000,15000000,15000000,15000000,583374.0,583374.0,85,1984.0,7.0
多摩動物公園駅,2022,mansion,1,14000000,14000000,14000000,14000000,661157.0,661157.0,70,1986.0,4.0
多摩動物公園駅,2023,mansion,2,16500000,16500000,16000000,17000000,839161.0,839161.0,65,1986.0,4.0
多摩動物公園駅,2025,mansion,1,16000000,16000000,16000000,16000000,813732.0,813732.0,65,1986.0,
多摩境駅,2021,house,51,48000000,47540000,15000000,93000000,1542700.0,1421727.0,170,2021.0,19.0
多摩境駅,2022,house,33,43000000,40515152,11000000,59000000,1357112.0,1334821.0,165,2021.0,16.0
多摩境駅,2023,house,29,40000000,37327586,6500000,54000000,1133412.0,1165648.0,160,2008.0,15.0
多摩境駅,2024,house,21,34000000,38833333,9500000,64000000,1198347.0,1206595.0,170,2007.0,19.0
多摩境駅,2025,house,37,48000000,42600000,10000000,120000000,1271456.0,1260158.0,155,2005.0,15.0
多摩境駅,2021,land,6,26000000,27250000,16000000,41000000,550000.0,531667.0,148,,9.0
多摩境駅,2022,land,8,16000000,15400000,7300000,51000000,170000.0,210000.0,200,,21.0
多摩境駅,2023,land,7,29000000,28571429,16000000,45000000,460000.0,411667.0,210,,15.0
多摩境駅,2024,land,4,41000000,41750000,30000000,55000000,745000.0,760000.0,188,,10.0
多摩境駅,2025,land,10,17500000,16993000,930000,30000000,430000.0,373300.0,130,,14.0
多摩境駅,2021,mansion,64,30000000,30555556,14000000,40000000,1142332.0,1170395.0,85,2004.0,13.0
多摩境駅,2022,mansion,54,35000000,34461538,18000000,57000000,1352486.0,1330463.0,85,2004.0,5.0
多摩境駅,2023,mansion,38,34000000,34027778,4000000,55000000,1377410.0,1341326.0,85,2004.0,10.0
多摩境駅,2024,mansion,49,35000000,34708333,8500000,50000000,1322314.0,1360479.0,80,2008.0,11.0
多摩境駅,2025,mansion,35,37000000,37322581,17000000,50000000,1391909.0,1408049.0,85,2004.0,13.0
多摩川駅,2021,house,9,110000000,99000000,63000000,690000000,3022432.0,2780654.0,100,2008.0,9.0
多摩川駅,2022,house,14,92500000,95615385,31000000,250000000,2609830.0,2667474.0,110,2003.0,10.0
多摩川駅,2023,house,12,140000000,161916667,25000000,320000000,2865014.0,2888727.0,208,2002.0,8.0
多摩川駅,2024,house,12,120000000,103727273,33000000,270000000,3317591.0,3143994.0,120,2000.0,8.0
多摩川駅,2025,house,4,110000000,121500000,86000000,180000000,2996196.0,3069598.0,138,2002.0,9.0
多摩川駅,2021,land,5,130000000,120000000,80000000,170000000,2200000.0,2275000.0,185,,7.0
多摩川駅,2022,land,2,885000000,885000000,170000000,1600000000,2650000.0,2650000.0,1105,,6.0
多摩川駅,2023,land,1,270000000,270000000,270000000,270000000,3400000.0,3400000.0,260,,8.0
多摩川駅,2024,land,4,94000000,88666667,78000000,370000000,3550000.0,3366667.0,92,,8.0
多摩川駅,2025,land,1,140000000,140000000,140000000,140000000,2700000.0,2700000.0,180,,10.0
多摩川駅,2021,mansion,44,45000000,50727273,7000000,98000000,2311738.0,2496213.0,65,1994.0,6.0
多摩川駅,2022,mansion,14,50500000,48000000,25000000,140000000,2587412.0,2717518.0,65,1982.0,7.0
多摩川駅,2023,mansion,26,35000000,55653846,20000000,130000000,2966942.0,2962817.0,50,1982.0,6.0
多摩川駅,2024,mansion,31,34000000,38034483,13000000,140000000,2369146.0,2681090.0,55,1972.0,6.0
多摩川駅,2025,mansion,31,55000000,57866667,13000000,180000000,2797203.0,2926277.0,55,1995.0,7.0
多摩湖駅,2021,house,3,35000000,30333333,20000000,36000000,1252719.0,1055992.0,125,2021.0,6.0
多摩湖駅,2022,house,3,21000000,24000000,20000000,31000000,734619.0,687913.0,125,2004.0,5.0
多摩湖駅,2023,house,3,30000000,28666667,26000000,30000000,991736.0,980136.0,135,2018.0,10.0
多摩湖駅,2024,house,2,30500000,30500000,27000000,34000000,1120294.0,1120294.0,118,2021.0,7.0
多摩湖駅,2025,house,3,42000000,33400000,8200000,50000000,661157.0,692291.0,230,1984.0,3.0
多摩湖駅,2021,land,3,20000000,25000000,20000000,35000000,400000.0,304667.0,165,,7.0
多摩湖駅,2025,land,2,29500000,29500000,17000000,42000000,600000.0,600000.0,162,,6.0
多摩湖駅,2021,mansion,1,13000000,13000000,13000000,13000000,573003.0,573003.0,75,1993.0,3.0
多摩湖駅,2023,mansion,2,21000000,21000000,18000000,24000000,890019.0,890019.0,95,1984.0,2.0
多摩湖駅,2025,mansion,1,17000000,17000000,17000000,17000000,864590.0,864590.0,65,1993.0,3.0
多磨霊園駅,2021,house,31,40000000,39869565,10000000,66000000,1570248.0,1630247.0,100,2021.0,9.0
多磨霊園駅,2022,house,19,49000000,42937500,10000000,77000000,1552886.0,1540961.0,100,2012.0,10.0
多磨霊園駅,2023,house,13,58000000,57666667,36000000,290000000,2018269.0,2057365.0,115,2023.0,10.0
多磨霊園駅,2024,house,18,48000000,52529412,33000000,95000000,1625884.0,1703816.0,105,2012.0,5.0
多磨霊園駅,2025,house,26,59500000,49416667,8500000,850000000,1904762.0,1691503.0,100,2025.0,10.0
多磨霊園駅,2021,land,3,67000000,56000000,15000000,86000000,920000.0,1003333.0,240,,4.0
多磨霊園駅,2022,land,8,41500000,42142857,18000000,1500000000,1200000.0,1292500.0,112,,6.0
多磨霊園駅,2023,land,5,34000000,37666667,15000000,90000000,1200000.0,1166000.0,110,,6.0
多磨霊園駅,2024,land,9,49000000,66444444,15000000,160000000,840000.0,995556.0,145,,5.0
多磨霊園駅,2025,land,2,113000000,113000000,26000000,200000000,1200000.0,1200000.0,348,,6.0
多磨霊園駅,2021,mansion,9,36000000,35400000,21000000,54000000,1498623.0,1534238.0,75,2004.0,7.0
多磨霊園駅,2022,mansion,5,29000000,31750000,11000000,36000000,1369540.0,1509279.0,70,2006.0,11.0
多磨霊園駅,2023,mansion,5,32000000,31600000,29000000,35000000,1474889.0,1517482.0,75,2001.0,9.0
多磨霊園駅,2024,mansion,10,35000000,35333333,25000000,60000000,1619835.0,1531237.0,75,2004.0,9.0
多磨霊園駅,2025,mansion,8,45500000,44166667,25000000,63000000,1873278.0,1806344.0,75,2001.0,8.0
多磨駅,2021,house,31,40000000,39344828,24000000,550000000,1469238.0,1516060.0,115,2016.0,11.0
多磨駅,2022,house,25,44000000,44428571,15000000,69000000,1727273.0,1719064.0,100,2017.0,10.0
多磨駅,2023,house,19,43000000,38888889,11000000,1400000000,1652892.0,1540761.0,110,2006.0,10.0
多磨駅,2024,house,25,57000000,52500000,6000000,120000000,1879078.0,1752625.0,120,2014.0,10.0
多磨駅,2025,house,28,48500000,52720000,8000000,72000000,1855154.0,1700960.0,105,2016.0,10.0
多磨駅,2021,land,11,33000000,32636364,16000000,44000000,890000.0,835455.0,130,,11.0
多磨駅,2022,land,12,41000000,40100000,17000000,72000000,1010000.0,1075455.0,145,,8.0
多磨駅,2023,land,11,39000000,32000000,13000000,210000000,1000000.0,1057273.0,105,,12.0
多磨駅,2024,land,6,34000000,33600000,24000000,71000000,1000000.0,1012500.0,122,,10.0
多磨駅,2025,land,21,44000000,41000000,6600000,130000000,1000000.0,1064000.0,130,,11.0
多磨駅,2021,mansion,4,27000000,26750000,21000000,32000000,1476870.0,1493162.0,68,1992.0,5.0
多磨駅,2022,mansion,5,26000000,30400000,23000000,39000000,1477880.0,1497473.0,65,2002.0,8.0
多磨駅,2023,mansion,12,30000000,30363636,10000000,40000000,1502630.0,1492425.0,62,1999.0,6.0
多磨駅,2024,mansion,9,35000000,29888889,9000000,37000000,1400097.0,1534975.0,65,2002.0,5.0
多磨駅,2025,mansion,3,24000000,24333333,21000000,28000000,1682945.0,1504684.0,55,1992.0,3.0
大久保駅,2021,house,11,72000000,65888889,50000000,500000000,2901745.0,2665029.0,60,2008.0,9.0
大久保駅,2022,house,11,92000000,97900000,50000000,600000000,2148760.0,2507573.0,100,1976.0,6.0
大久保駅,2023,house,12,105500000,106100000,49000000,1500000000,3051762.0,3139858.0,98,2017.0,8.0
大久保駅,2024,house,13,110000000,122900000,65000000,1900000000,2895172.0,3307252.0,90,2005.0,6.0
大久保駅,2025,house,18,82500000,98285714,37000000,1400000000,3305785.0,3388958.0,68,1998.0,7.0
大久保駅,2021,land,4,50000000,44000000,32000000,280000000,2800000.0,2917500.0,112,,8.0
大久保駅,2022,land,4,100000000,106000000,74000000,150000000,3450000.0,3500000.0,92,,4.0
大久保駅,2023,land,3,33000000,137333333,29000000,350000000,3200000.0,4800000.0,45,,9.0
大久保駅,2024,land,4,113500000,150500000,55000000,320000000,3500000.0,3533333.0,115,,8.0
大久保駅,2025,land,3,160000000,153333333,30000000,270000000,2500000.0,3066667.0,190,,9.0
大久保駅,2021,mansion,92,32000000,36513483,4000000,130000000,3448188.0,3397992.0,32,2003.0,5.0
大久保駅,2022,mansion,89,38000000,41105682,1600000,170000000,3305785.0,3224476.0,40,2001.0,5.0
大久保駅,2023,mansion,105,34000000,36111111,13000000,220000000,3388430.0,3418769.0,30,1998.0,5.0
大久保駅,2024,mansion,78,39000000,45328947,11000000,200000000,3715073.0,3511069.0,40,2001.0,5.0
大久保駅,2025,mansion,112,35500000,44828829,10000000,150000000,3766591.0,3534329.0,35,2000.0,6.0
大井町駅,2021,house,19,79000000,89875000,37000000,1400000000,2156177.0,2101602.0,100,2004.0,8.0
大井町駅,2022,house,19,80000000,77117647,13000000,1100000000,2963807.0,3106605.0,70,2012.0,9.0
大井町駅,2023,house,25,82000000,87590909,16000000,1100000000,2910221.0,2820556.0,65,2003.0,8.0
大井町駅,2024,house,23,73000000,60888889,18000000,400000000,2757117.0,2504577.0,55,2006.0,9.0
大井町駅,2025,house,28,64000000,77125000,25000000,1800000000,3269853.0,3140196.0,58,1989.0,8.0
大井町駅,2021,land,8,54500000,50375000,20000000,75000000,1850000.0,2237500.0,68,,8.0
大井町駅,2022,land,9,60000000,76125000,45000000,190000000,2400000.0,2185714.0,75,,8.0
大井町駅,2023,land,7,120000000,148285714,36000000,350000000,2900000.0,3242857.0,145,,7.0
大井町駅,2024,land,9,120000000,89571429,28000000,970000000,2700000.0,2800000.0,140,,10.0
大井町駅,2025,land,10,120000000,128666667,59000000,420000000,4200000.0,3875000.0,92,,6.0
大井町駅,2021,mansion,159,47000000,52037736,9000000,130000000,3471074.0,3411335.0,50,2004.0,6.0
大井町駅,2022,mansion,165,61000000,62951515,7000000,170000000,3636364.0,3650958.0,55,2005.0,5.0
大井町駅,2023,mansion,159,66000000,66907547,9300000,150000000,3878788.0,3916017.0,60,2007.0,6.0
大井町駅,2024,mansion,154,63500000,69053595,9200000,180000000,4297520.0,4320808.0,55,2004.0,5.0
大井町駅,2025,mansion,183,69000000,84490710,7800000,230000000,4760330.0,5176777.0,55,2005.0,5.0
大井競馬場前駅,2021,house,1,65000000,65000000,65000000,65000000,2527953.0,2527953.0,55,2021.0,8.0
大井競馬場前駅,2021,mansion,49,39000000,42142857,23000000,71000000,1700118.0,2035466.0,75,1984.0,8.0
大井競馬場前駅,2022,mansion,33,45000000,48121212,17000000,70000000,2776859.0,2439093.0,75,2013.0,8.0
大井競馬場前駅,2023,mansion,46,42000000,46434783,17000000,75000000,2688705.0,2336324.0,75,2013.0,8.0
大井競馬場前駅,2024,mansion,38,47500000,54710526,33000000,84000000,2125148.0,2473105.0,75,1984.0,8.0
大井競馬場前駅,2025,mansion,33,42000000,38307692,23000000,100000000,1794569.0,1785017.0,75,1984.0,10.0
大塚・帝京大学駅,2021,house,20,34500000,33394737,9500000,85000000,1017834.0,1027462.0,145,2011.0,10.0
大塚・帝京大学駅,2022,house,23,38000000,45565217,13000000,93000000,1190083.0,1197465.0,140,2013.0,10.0
大塚・帝京大学駅,2023,house,11,34000000,33250000,5500000,76000000,1078730.0,1147484.0,145,2002.0,6.0
大塚・帝京大学駅,2024,house,13,35000000,47461538,11000000,110000000,1006108.0,1050661.0,150,2008.0,9.0
大塚・帝京大学駅,2025,house,14,32500000,39357143,13000000,85000000,939770.0,950799.0,180,2000.0,10.0
大塚・帝京大学駅,2021,land,1,3000000,3000000,3000000,3000000,170000.0,170000.0,60,,7.0
大塚・帝京大学駅,2022,land,3,20000000,20333333,19000000,22000000,270000.0,316667.0,240,,5.0
大塚・帝京大学駅,2023,land,7,26000000,26800000,3000000,43000000,640000.0,654000.0,135,,9.0
大塚・帝京大学駅,2024,land,1,70000000,70000000,70000000,70000000,760000.0,760000.0,300,,10.0
大塚・帝京大学駅,2025,land,2,11500000,11500000,8000000,15000000,330000.0,330000.0,115,,6.0
大塚・帝京大学駅,2021,mansion,12,19500000,15625000,1000000,25000000,966306.0,838237.0,65,2000.0,2.0
大塚・帝京大学駅,2022,mansion,5,3300000,13000000,2200000,29000000,550964.0,818733.0,20,1991.0,9.0
大塚・帝京大学駅,2023,mansion,5,23000000,18400000,4500000,30000000,1267218.0,1118615.0,60,2002.0,4.0
大塚・帝京大学駅,2024,mansion,9,11000000,12766667,2400000,24000000,793388.0,822275.0,60,1999.0,9.0
大塚・帝京大学駅,2025,mansion,2,7000000,7000000,2000000,12000000,550964.0,550964.0,38,1990.0,8.0
大塚駅,2021,house,32,77000000,78071429,19000000,2300000000,2644628.0,2383274.0,72,2001.0,10.0
大塚駅,2022,house,32,110000000,131392857,17000000,1200000000,2765231.0,2689731.0,98,2008.0,8.0
大塚駅,2023,house,39,86000000,100030303,17000000,1100000000,2955761.0,2864355.0,75,2022.0,8.0
大塚駅,2024,house,33,80000000,99278571,4800000,1200000000,2597402.0,2543570.0,75,1988.0,7.0
大塚駅,2025,house,34,130000000,140033333,26000000,5200000000,3122858.0,3091223.0,70,2008.0,8.0
大塚駅,2021,land,8,86500000,83312500,1500000,160000000,2150000.0,2414286.0,110,,8.0
大塚駅,2022,land,6,140000000,176833333,27000000,460000000,2550000.0,2500000.0,172,,8.0
大塚駅,2023,land,8,90500000,97428571,57000000,440000000,4050000.0,3487500.0,82,,7.0
大塚駅,2024,land,7,100000000,128285714,18000000,280000000,3900000.0,3957143.0,95,,6.0
大塚駅,2025,land,8,125000000,126142857,14000000,470000000,3500000.0,4312500.0,92,,7.0
大塚駅,2021,mansion,165,27000000,38564242,8000000,90000000,3305785.0,3249820.0,30,2005.0,6.0
大塚駅,2022,mansion,187,34000000,39427807,10000000,87000000,3486101.0,3546581.0,30,2005.0,5.0
大塚駅,2023,mansion,152,26000000,36528667,4000000,120000000,3471074.0,3459175.0,25,2003.0,6.0
大塚駅,2024,mansion,153,40000000,46872000,7000000,150000000,3801653.0,3755842.0,35,2005.0,6.0
大塚駅,2025,mansion,169,36000000,50342012,3000000,150000000,3801653.0,3860990.0,35,2004.0,6.0
大山駅,2021,house,21,75000000,68894737,11000000,440000000,1879078.0,1813345.0,95,1995.0,7.0
大山駅,2022,house,26,64500000,67434783,20000000,280000000,2153769.0,2016241.0,82,2012.0,6.0
大山駅,2023,house,29,65000000,79384615,14000000,370000000,1680441.0,1869421.0,90,1995.0,8.0
大山駅,2024,house,42,80500000,94179487,20000000,940000000,2341598.0,2217295.0,85,2010.0,9.0
大山駅,2025,house,31,82000000,90035714,32000000,380000000,2479339.0,2379695.0,95,2008.0,10.0
大山駅,2021,land,11,51000000,50800000,21000000,980000000,2000000.0,2066667.0,80,,8.0
大山駅,2022,land,14,65000000,79142857,14000000,150000000,2550000.0,2300000.0,82,,4.0
大山駅,2023,land,14,50000000,50538462,22000000,310000000,1950000.0,2000000.0,78,,9.0
大山駅,2024,land,20,97000000,88055556,18000000,330000000,2700000.0,2672500.0,102,,8.0
大山駅,2025,land,18,78000000,109470588,40000000,450000000,2600000.0,2640000.0,90,,8.0
大山駅,2021,mansion,97,25000000,29723711,6000000,63000000,2339479.0,2259400.0,40,1998.0,7.0
大山駅,2022,mansion,85,29000000,30129630,6800000,71000000,2534435.0,2600816.0,40,1999.0,6.0
大山駅,2023,mansion,112,28000000,34105357,5300000,85000000,2803560.0,2703770.0,40,2006.0,7.0
大山駅,2024,mansion,116,35000000,39415929,10000000,110000000,2865014.0,2856674.0,50,2001.0,7.0
大山駅,2025,mansion,149,34000000,43180537,2000000,100000000,2909091.0,2952606.0,50,2003.0,7.0
大岡山駅,2021,house,31,82000000,81133333,30000000,760000000,2768595.0,2892136.0,85,2005.0,9.0
大岡山駅,2022,house,23,91000000,90761905,47000000,390000000,3222816.0,3202277.0,80,2016.0,10.0
大岡山駅,2023,house,21,110000000,103800000,18000000,410000000,2529644.0,2735021.0,105,1998.0,10.0
大岡山駅,2024,house,30,110000000,105933333,17000000,190000000,3173554.0,3201279.0,92,2008.0,9.0
大岡山駅,2025,house,30,115000000,112888889,26000000,260000000,3884297.0,3574311.0,100,2013.0,10.0
大岡山駅,2021,land,4,87000000,91000000,50000000,140000000,3200000.0,3233333.0,108,,7.0
大岡山駅,2022,land,7,110000000,102000000,43000000,150000000,3000000.0,2957143.0,110,,6.0
大岡山駅,2023,land,16,84500000,91333333,60000000,240000000,3200000.0,3206667.0,100,,8.0
大岡山駅,2024,land,9,95000000,95777778,32000000,160000000,3300000.0,3077778.0,100,,6.0
大岡山駅,2025,land,16,135000000,124200000,41000000,280000000,3650000.0,3737500.0,120,,7.0
大岡山駅,2021,mansion,27,29000000,27818182,12000000,83000000,2512397.0,2498535.0,40,1975.0,4.0
大岡山駅,2022,mansion,34,41500000,44778125,9900000,130000000,3735537.0,3836463.0,38,2010.0,6.0
大岡山駅,2023,mansion,20,35500000,49650000,12000000,110000000,3935458.0,3574320.0,40,2004.0,9.0
大岡山駅,2024,mansion,36,38500000,46027778,13000000,100000000,3454545.0,3393851.0,42,2000.0,7.0
大岡山駅,2025,mansion,36,34000000,46828571,12000000,160000000,3272727.0,3094836.0,45,1991.0,9.0
大島駅,2021,house,21,51000000,44170588,6900000,480000000,1780038.0,1594756.0,70,1998.0,8.0
大島駅,2022,house,39,49000000,50129032,6800000,350000000,1934671.0,1769825.0,55,2014.0,6.0
大島駅,2023,house,27,58000000,54470833,4000000,250000000,1926407.0,1742504.0,70,2013.0,10.0
大島駅,2024,house,49,50000000,42223256,5100000,330000000,1533517.0,1503017.0,65,1991.0,10.0
大島駅,2025,house,47,58000000,57295455,6800000,230000000,2103681.0,2088532.0,55,2016.0,10.0
大島駅,2021,land,14,35000000,29583333,3000000,280000000,2400000.0,2209286.0,52,,8.0
大島駅,2022,land,4,36500000,47000000,24000000,91000000,1450000.0,1550000.0,90,,10.0
大島駅,2023,land,8,28500000,33714286,12000000,630000000,1500000.0,1457143.0,68,,8.0
大島駅,2024,land,9,44000000,53875000,11000000,160000000,2200000.0,1983333.0,75,,7.0
大島駅,2025,land,5,54000000,50200000,22000000,80000000,2100000.0,2300000.0,75,,5.0
大島駅,2021,mansion,133,34000000,33767669,7700000,67000000,1895317.0,1989217.0,65,1997.0,9.0
大島駅,2022,mansion,128,33000000,33914062,9300000,64000000,2211728.0,2379062.0,55,2001.0,7.0
大島駅,2023,mansion,140,42000000,39625000,6000000,81000000,2314050.0,2345534.0,65,1997.0,8.0
大島駅,2024,mansion,154,39000000,39610738,13000000,120000000,2448461.0,2704808.0,62,2001.0,7.0
大島駅,2025,mansion,142,40000000,42472340,2600000,120000000,2460019.0,2567513.0,65,1997.0,8.0
大崎広小路駅,2021,house,5,75000000,81666667,36000000,150000000,2186904.0,2117983.0,85,2014.0,7.0
大崎広小路駅,2022,house,3,470000000,384333333,33000000,650000000,3107438.0,2896127.0,230,2018.0,1.0
大崎広小路駅,2023,house,2,125000000,125000000,80000000,170000000,3101141.0,3101141.0,98,2012.0,6.0
大崎広小路駅,2024,house,3,120000000,186000000,78000000,360000000,3438016.0,2949161.0,110,2006.0,6.0
大崎広小路駅,2025,house,2,102500000,102500000,95000000,110000000,3983012.0,3983012.0,52,2014.0,8.0
大崎広小路駅,2021,land,2,65500000,65500000,62000000,69000000,3050000.0,3050000.0,80,,8.0
大崎広小路駅,2022,land,2,440000000,440000000,120000000,760000000,3250000.0,3250000.0,400,,8.0
大崎広小路駅,2024,land,1,790000000,790000000,790000000,790000000,4000000.0,4000000.0,640,,6.0
大崎広小路駅,2025,land,1,85000000,85000000,85000000,85000000,4400000.0,4400000.0,65,,7.0
大崎広小路駅,2021,mansion,10,35500000,37600000,19000000,63000000,2990233.0,3269593.0,38,1996.0,4.0
大崎広小路駅,2022,mansion,11,39000000,35818182,10000000,69000000,3471074.0,3342030.0,40,1998.0,6.0
大崎広小路駅,2023,mansion,13,43000000,38615385,19000000,66000000,3471074.0,3349214.0,40,2002.0,4.0
大崎広小路駅,2024,mansion,17,35000000,46294118,13000000,110000000,4462810.0,4086657.0,35,2004.0,5.0
大崎広小路駅,2025,mansion,14,45500000,46642857,18000000,85000000,3609650.0,4058343.0,48,1990.0,3.0
大崎駅,2021,house,15,62000000,67133333,45000000,97000000,2809917.0,2851493.0,55,2015.0,10.0
大崎駅,2022,house,15,110000000,105000000,25000000,2200000000,2751580.0,3063298.0,85,1996.0,8.0
大崎駅,2023,house,18,78000000,82000000,18000000,330000000,3171105.0,2799525.0,70,2008.0,10.0
大崎駅,2024,house,13,100000000,98181818,45000000,690000000,3678342.0,3495535.0,90,2004.0,9.0
大崎駅,2025,house,19,110000000,114533333,49000000,790000000,3964781.0,4211515.0,85,2018.0,10.0
大崎駅,2021,land,6,120000000,114600000,83000000,280000000,3600000.0,3566667.0,122,,8.0
大崎駅,2022,land,6,105500000,109666667,47000000,190000000,2950000.0,2920000.0,112,,9.0
大崎駅,2023,land,1,160000000,160000000,160000000,160000000,4000000.0,4000000.0,130,,10.0
大崎駅,2024,land,4,100000000,91000000,73000000,170000000,3650000.0,3182500.0,122,,8.0
大崎駅,2025,land,2,87000000,87000000,74000000,100000000,3950000.0,3950000.0,78,,8.0
大崎駅,2021,mansion,188,69000000,70950270,8500000,250000000,4065026.0,3921751.0,65,2007.0,5.0
大崎駅,2022,mansion,155,70000000,72730263,17000000,220000000,4278075.0,4253572.0,55,2007.0,5.0
大崎駅,2023,mansion,166,75000000,83253012,16000000,190000000,4522144.0,4550934.0,60,2006.0,5.0
大崎駅,2024,mansion,185,94000000,99401099,15000000,280000000,5289256.0,5396329.0,60,2008.0,5.0
大崎駅,2025,mansion,191,120000000,123128342,10000000,490000000,6479339.0,6227099.0,65,2008.0,6.0
大師前駅,2021,house,25,41000000,41545455,1000000,170000000,1421488.0,1350378.0,70,2021.0,10.0
大師前駅,2022,house,25,46000000,39725000,5000000,160000000,1432507.0,1400230.0,80,2021.0,10.0
大師前駅,2023,house,18,42500000,36764706,2500000,180000000,1279195.0,1130126.0,85,2003.0,9.0
大師前駅,2024,house,18,43000000,35625000,12000000,140000000,1293568.0,1308935.0,75,2018.0,9.0
大師前駅,2025,house,28,41500000,41592000,3000000,140000000,1372771.0,1421973.0,65,2020.0,10.0
大師前駅,2021,land,11,23000000,26818182,10000000,47000000,1100000.0,1103636.0,90,,10.0
大師前駅,2022,land,6,41000000,51666667,17000000,90000000,1300000.0,1293333.0,130,,10.0
大師前駅,2023,land,9,32000000,31777778,16000000,55000000,1100000.0,1118889.0,95,,8.0
大師前駅,2024,land,6,57500000,50166667,12000000,82000000,1000000.0,1085000.0,170,,8.0
大師前駅,2025,land,6,39000000,39000000,28000000,50000000,1400000.0,1335000.0,100,,6.0
大師前駅,2021,mansion,38,26500000,27113158,6800000,54000000,1525747.0,1556874.0,60,2004.0,7.0
大師前駅,2022,mansion,33,24000000,24587500,5000000,70000000,1542700.0,1483535.0,55,1994.0,6.0
大師前駅,2023,mansion,37,25000000,25502703,5500000,46000000,1622840.0,1534761.0,60,1994.0,8.0
大師前駅,2024,mansion,41,25000000,24582500,5600000,50000000,1622840.0,1538556.0,55,1999.0,7.0
大師前駅,2025,mansion,43,24000000,24885366,5700000,64000000,1611570.0,1622300.0,60,1998.0,10.0
大手町駅,2023,house,1,750000000,750000000,750000000,750000000,3646086.0,3646086.0,110,1974.0,3.0
大手町駅,2024,house,1,330000000,330000000,330000000,330000000,2479339.0,2479339.0,85,1970.0,6.0
大手町駅,2021,mansion,9,70000000,73666667,30000000,120000000,4958678.0,4988004.0,45,2016.0,5.0
大手町駅,2022,mansion,12,65500000,59750000,22000000,90000000,4561983.0,4529784.0,48,2014.0,5.0
大手町駅,2023,mansion,9,74000000,70250000,39000000,180000000,5169046.0,5660376.0,45,2016.0,5.0
大手町駅,2024,mansion,13,69000000,95846154,25000000,230000000,6611570.0,6737576.0,40,2019.0,5.0
大手町駅,2025,mansion,22,79500000,88523810,34000000,280000000,7162534.0,7327371.0,40,2017.0,5.0
大森海岸駅,2021,house,2,140500000,140500000,61000000,220000000,1993732.0,1993732.0,110,2006.0,4.0
大森海岸駅,2022,house,2,572500000,572500000,45000000,1100000000,2191335.0,2191335.0,182,2006.0,6.0
大森海岸駅,2023,house,2,83500000,83500000,77000000,90000000,2051867.0,2051867.0,105,1988.0,6.0
大森海岸駅,2024,house,5,190000000,175000000,80000000,1000000000,2644628.0,2501593.0,135,1979.0,6.0
大森海岸駅,2025,house,3,70000000,94333333,63000000,150000000,3204069.0,2865740.0,75,2024.0,7.0
大森海岸駅,2022,land,2,53000000,53000000,29000000,77000000,3650000.0,3650000.0,45,,8.0
大森海岸駅,2023,land,2,37000000,37000000,24000000,50000000,2300000.0,2300000.0,52,,6.0
大森海岸駅,2024,land,2,200000000,200000000,160000000,240000000,4250000.0,4250000.0,155,,8.0
大森海岸駅,2021,mansion,107,27000000,32998095,9800000,81000000,2786304.0,2880966.0,45,2002.0,5.0
大森海岸駅,2022,mansion,104,27000000,34830097,4000000,95000000,2778195.0,2898799.0,38,2002.0,5.0
大森海岸駅,2023,mansion,97,32000000,35861702,8000000,120000000,2920110.0,2997357.0,45,1996.0,5.0
大森海岸駅,2024,mansion,131,31000000,39284615,10000000,100000000,3085399.0,3141109.0,45,1999.0,5.0
大森海岸駅,2025,mansion,166,32500000,34581633,4000000,140000000,3181332.0,3465257.0,40,2002.0,5.0
大森町駅,2021,house,45,50000000,53550000,12000000,1200000000,1903257.0,1815685.0,70,2019.0,9.0
大森町駅,2022,house,27,56000000,57500000,6000000,320000000,2024793.0,1955657.0,75,2014.0,14.0
大森町駅,2023,house,22,58500000,55500000,15000000,1200000000,2123238.0,1975636.0,60,2006.0,10.0
大森町駅,2024,house,42,55000000,58864865,24000000,1100000000,1983471.0,1911113.0,62,2002.0,11.0
大森町駅,2025,house,27,62000000,52333333,23000000,610000000,2331448.0,2072853.0,70,2021.0,10.0
大森町駅,2021,land,16,51000000,42307692,13000000,400000000,1750000.0,1981250.0,68,,13.0
大森町駅,2022,land,12,42500000,49363636,15000000,310000000,1850000.0,1886667.0,112,,7.0
大森町駅,2023,land,11,50000000,49800000,13000000,130000000,1900000.0,1930000.0,100,,12.0
大森町駅,2024,land,12,63000000,61400000,14000000,330000000,1950000.0,2000000.0,112,,6.0
大森町駅,2025,land,14,115000000,84363636,18000000,590000000,1900000.0,1992857.0,168,,12.0
大森町駅,2021,mansion,77,26000000,28474026,7300000,64000000,2479339.0,2657923.0,25,2005.0,5.0
大森町駅,2022,mansion,89,28000000,29533708,8500000,59000000,2975206.0,3030165.0,25,2006.0,5.0
大森町駅,2023,mansion,83,30000000,33679518,6000000,66000000,2710744.0,2794705.0,30,2007.0,5.0
大森町駅,2024,mansion,107,28000000,31572897,6000000,67000000,3173554.0,3177854.0,25,2007.0,5.0
大森町駅,2025,mansion,103,30000000,32590196,4000000,110000000,3030303.0,2932788.0,25,2005.0,6.0
大森駅,2021,house,74,72500000,75363636,13000000,2600000000,2326764.0,2225268.0,88,2005.0,10.0
大森駅,2022,house,64,76000000,77862069,7000000,1100000000,2404959.0,2244446.0,90,1999.0,12.0
大森駅,2023,house,53,73000000,78830435,3200000,2100000000,2413223.0,2341299.0,85,1998.0,10.0
大森駅,2024,house,69,88000000,106079365,3000000,1700000000,2768595.0,2745094.0,95,2015.0,11.0
大森駅,2025,house,80,75500000,71391304,20000000,480000000,2727273.0,2693311.0,75,2017.0,13.0
大森駅,2021,land,25,61000000,64100000,9300000,200000000,2300000.0,2264800.0,80,,10.0
大森駅,2022,land,19,59000000,56250000,18000000,230000000,2600000.0,2588889.0,70,,9.0
大森駅,2023,land,13,59000000,65181818,25000000,710000000,2600000.0,2615385.0,100,,10.0
大森駅,2024,land,26,66000000,66521739,20000000,400000000,2150000.0,2149583.0,92,,10.0
大森駅,2025,land,27,70000000,73120000,11000000,1300000000,2100000.0,2085385.0,110,,12.0
大森駅,2021,mansion,234,30000000,34975000,5600000,100000000,2797203.0,2788933.0,50,2000.0,8.0
大森駅,2022,mansion,237,38000000,44246610,4600000,170000000,3140496.0,3034804.0,50,2002.0,8.0
大森駅,2023,mansion,225,38000000,43649333,1400000,120000000,2975207.0,3005672.0,50,2002.0,8.0
大森駅,2024,mansion,249,37000000,40560417,6800000,140000000,2949777.0,3015793.0,50,1999.0,7.0
大森駅,2025,mansion,314,40000000,44199327,7700000,170000000,3104895.0,3267413.0,50,1998.0,7.0
大泉学園駅,2021,house,213,47000000,48357143,3000000,700000000,1635494.0,1632017.0,110,2020.0,16.0
大泉学園駅,2022,house,200,52000000,50532796,3400000,2800000000,1727273.0,1726054.0,100,2015.0,16.0
大泉学園駅,2023,house,190,54000000,51285057,3000000,530000000,1810669.0,1739168.0,105,2019.0,18.0
大泉学園駅,2024,house,179,50000000,48969643,1300000,640000000,1722488.0,1645564.0,110,2010.0,16.0
大泉学園駅,2025,house,315,54000000,54309524,4100000,470000000,1866796.0,1841321.0,105,2024.0,15.0
大泉学園駅,2021,land,37,44000000,41000000,5000000,540000000,1100000.0,1172432.0,110,,13.0
大泉学園駅,2022,land,38,46000000,44606061,6000000,290000000,1300000.0,1273243.0,112,,14.0
大泉学園駅,2023,land,42,67000000,72135135,12000000,1800000000,1400000.0,1341000.0,130,,12.0
大泉学園駅,2024,land,54,48000000,46937500,11000000,810000000,1300000.0,1357925.0,120,,11.0
大泉学園駅,2025,land,40,50000000,49460000,2600000,270000000,1250000.0,1340250.0,125,,16.0
大泉学園駅,2021,mansion,103,32000000,33158163,4300000,110000000,1983471.0,2137250.0,60,2003.0,10.0
大泉学園駅,2022,mansion,56,37000000,38114286,200000,75000000,2104683.0,2222250.0,65,2002.0,12.0
大泉学園駅,2023,mansion,81,43000000,40855696,4000000,120000000,2030696.0,2130722.0,70,2002.0,12.0
大泉学園駅,2024,mansion,70,36000000,38042647,6200000,150000000,2011019.0,2230658.0,60,2002.0,12.0
大泉学園駅,2025,mansion,93,42000000,42850538,7000000,110000000,2497704.0,2485995.0,65,2003.0,9.0
大門駅,2022,house,3,690000000,3340000000,530000000,8800000000,5184072.0,7422917.0,135,1991.0,3.0
大門駅,2023,house,3,190000000,286666667,110000000,560000000,1652892.0,4997383.0,50,1982.0,4.0
大門駅,2024,house,5,130000000,207500000,100000000,12000000000,4315886.0,4473304.0,55,2006.0,4.0
大門駅,2025,house,5,610000000,542500000,210000000,1400000000,6089604.0,6396494.0,110,1986.0,2.0
大門駅,2021,land,1,90000000,90000000,90000000,90000000,7200000.0,7200000.0,40,,3.0
大門駅,2022,land,1,660000000,660000000,660000000,660000000,11000000.0,11000000.0,200,,4.0
大門駅,2024,land,2,1020000000,1020000000,140000000,1900000000,20400000.0,20400000.0,130,,2.0
大門駅,2021,mansion,20,30000000,31315789,12000000,60000000,3570248.0,3577010.0,28,2002.0,4.0
大門駅,2022,mansion,13,33000000,37545455,15000000,270000000,3636364.0,3718593.0,30,2002.0,3.0
大門駅,2023,mansion,26,39500000,44095238,15000000,270000000,4495868.0,3990759.0,45,2002.0,4.0
大門駅,2024,mansion,40,44500000,55636364,17000000,480000000,4451790.0,4482923.0,35,2014.0,4.0
大門駅,2025,mansion,20,78500000,76315789,13000000,1100000000,5220385.0,6190933.0,40,2008.0,3.0
大鳥居駅,2021,house,19,45000000,43176471,13000000,520000000,1711230.0,1545530.0,55,2003.0,11.0
大鳥居駅,2022,house,21,52000000,43882353,9000000,710000000,1861035.0,1636561.0,65,1996.0,10.0
大鳥居駅,2023,house,27,50000000,59320000,14000000,660000000,1594555.0,1556209.0,80,1991.0,11.0
大鳥居駅,2024,house,31,50000000,50125000,8500000,1400000000,1836547.0,1865096.0,55,2012.0,14.0
大鳥居駅,2025,house,38,65500000,58181818,17000000,490000000,1832226.0,1848712.0,68,2018.0,10.0
大鳥居駅,2021,land,8,30500000,34200000,5400000,910000000,2000000.0,1797500.0,50,,10.0
大鳥居駅,2022,land,7,100000000,124571429,31000000,230000000,1900000.0,1754286.0,230,,11.0
大鳥居駅,2023,land,8,53500000,44333333,18000000,700000000,1950000.0,1950000.0,88,,10.0
大鳥居駅,2024,land,7,53000000,149500000,22000000,1000000000,1700000.0,2242857.0,130,,8.0
大鳥居駅,2025,land,3,60000000,192333333,17000000,500000000,1300000.0,1856667.0,150,,12.0
大鳥居駅,2021,mansion,65,35000000,32754688,7000000,75000000,2424242.0,2538201.0,50,2005.0,9.0
大鳥居駅,2022,mansion,75,31000000,32622667,8000000,62000000,2404207.0,2392986.0,55,2005.0,7.0
大鳥居駅,2023,mansion,62,36000000,36274194,16000000,62000000,2258953.0,2276358.0,60,2004.0,8.0
大鳥居駅,2024,mansion,80,31500000,33832500,3600000,68000000,2337662.0,2454583.0,58,2004.0,8.0
大鳥居駅,2025,mansion,85,37000000,37678571,13000000,90000000,2542912.0,2521995.0,60,2005.0,8.0
天王洲アイル駅,2021,house,1,65000000,65000000,65000000,65000000,,,75,,7.0
天王洲アイル駅,2024,house,1,60000000,60000000,60000000,60000000,3305785.0,3305785.0,165,,9.0
天王洲アイル駅,2021,land,1,3600000000,3600000000,3600000000,3600000000,5700000.0,5700000.0,2000,,11.0
天王洲アイル駅,2021,mansion,65,70000000,71803571,23000000,190000000,3463203.0,3505191.0,70,2005.0,6.0
天王洲アイル駅,2022,mansion,71,70000000,72764706,23000000,140000000,3599633.0,3619104.0,70,2005.0,6.0
天王洲アイル駅,2023,mansion,89,80000000,79953488,21000000,200000000,4061393.0,4013290.0,70,2005.0,6.0
天王洲アイル駅,2024,mansion,107,85000000,82602041,22000000,210000000,4260790.0,4302841.0,70,2005.0,6.0
天王洲アイル駅,2025,mansion,109,100000000,107407767,23000000,220000000,5194805.0,5297502.0,70,2006.0,6.0
天空橋駅,2021,house,2,623000000,623000000,46000000,1200000000,2027548.0,2027548.0,728,2021.0,5.0
天空橋駅,2022,house,1,56000000,56000000,56000000,56000000,4628099.0,4628099.0,110,1968.0,6.0
天空橋駅,2023,house,2,12000000,12000000,12000000,12000000,588502.0,588502.0,55,1988.0,6.0
天空橋駅,2024,house,3,30000000,27333333,20000000,32000000,1652893.0,1799816.0,50,1990.0,7.0
天空橋駅,2025,house,1,30000000,30000000,30000000,30000000,1043932.0,1043932.0,55,1999.0,10.0
天空橋駅,2021,land,1,85000000,85000000,85000000,85000000,4800000.0,4800000.0,60,,5.0
天空橋駅,2024,land,3,55000000,72666667,13000000,150000000,1200000.0,1900000.0,150,,7.0
天空橋駅,2025,land,1,60000000,60000000,60000000,60000000,1300000.0,1300000.0,155,,5.0
天空橋駅,2021,mansion,2,32500000,32500000,32000000,33000000,1652892.0,1652892.0,65,1999.0,6.0
天空橋駅,2022,mansion,6,36500000,36250000,31000000,50000000,3764922.0,3252713.0,38,2022.0,8.0
天空橋駅,2023,mansion,2,37500000,37500000,33000000,42000000,3444027.0,3444027.0,40,2010.0,6.0
天空橋駅,2024,mansion,1,39000000,39000000,39000000,39000000,1983471.0,1983471.0,65,1999.0,6.0
天空橋駅,2025,mansion,5,35000000,34750000,32000000,35000000,3856749.0,4059504.0,30,2022.0,8.0
奥多摩駅,2021,house,1,3000000,3000000,3000000,3000000,116675.0,116675.0,350,,
奥多摩駅,2022,house,3,2500000,3900000,2000000,7200000,79339.0,79339.0,175,1978.0,1.0
奥多摩駅,2023,house,2,3500000,3500000,3000000,4000000,291224.0,291224.0,92,1989.0,29.0
奥多摩駅,2024,house,2,18300000,18300000,4600000,32000000,413830.0,413830.0,505,1970.0,4.0
奥多摩駅,2021,land,1,2300000,2300000,2300000,2300000,31000.0,31000.0,240,,
奥多摩駅,2022,land,2,2400000,2400000,2000000,2800000,69000.0,69000.0,140,,5.0
奥多摩駅,2024,land,1,400000000,400000000,400000000,400000000,54000.0,54000.0,2000,,3.0
奥多摩駅,2025,land,2,2450000,2450000,1500000,3400000,65000.0,65000.0,122,,14.0
奥沢駅,2021,house,26,110000000,110916667,36000000,630000000,3165092.0,3281578.0,100,2014.0,6.0
奥沢駅,2022,house,22,100000000,112050000,40000000,420000000,3153460.0,3290287.0,100,2011.0,8.0
奥沢駅,2023,house,16,130000000,142562500,56000000,250000000,3099173.0,3346494.0,118,2000.0,6.0
奥沢駅,2024,house,13,90000000,113250000,72000000,240000000,3266893.0,3418878.0,85,2006.0,6.0
奥沢駅,2025,house,28,130000000,117000000,47000000,890000000,4287798.0,4032082.0,105,2007.0,6.0
奥沢駅,2021,land,8,103000000,87142857,46000000,180000000,3050000.0,2842857.0,115,,4.0
奥沢駅,2022,land,3,110000000,123333333,80000000,180000000,3600000.0,3666667.0,100,,5.0
奥沢駅,2023,land,4,150000000,158250000,63000000,270000000,2950000.0,3025000.0,155,,5.0
奥沢駅,2024,land,13,150000000,131272727,80000000,1200000000,3800000.0,3969231.0,115,,4.0
奥沢駅,2025,land,9,150000000,138000000,87000000,380000000,4000000.0,4011111.0,130,,5.0
奥沢駅,2021,mansion,14,66500000,75642857,23000000,180000000,3039486.0,3470510.0,65,2000.0,6.0
奥沢駅,2022,mansion,14,42500000,50628571,8800000,120000000,2468319.0,2938168.0,48,1984.0,3.0
奥沢駅,2023,mansion,23,50000000,56717391,7500000,130000000,2800194.0,3105077.0,55,1984.0,4.0
奥沢駅,2024,mansion,17,25000000,39187500,11000000,220000000,2644628.0,2877060.0,40,1984.0,3.0
奥沢駅,2025,mansion,23,67000000,65285714,15000000,250000000,3966942.0,4141689.0,50,1996.0,4.0
学習院下駅,2025,house,1,55000000,55000000,55000000,55000000,2139037.0,2139037.0,60,1997.0,5.0
学習院下駅,2021,mansion,3,33000000,36000000,32000000,43000000,3526171.0,3440465.0,30,2008.0,4.0
学習院下駅,2024,mansion,1,70000000,70000000,70000000,70000000,2571166.0,2571166.0,90,2020.0,2.0
学習院下駅,2025,mansion,1,39000000,39000000,39000000,39000000,4297521.0,4297521.0,30,2008.0,4.0
学芸大学駅,2021,house,54,88000000,89470588,24000000,450000000,2865014.0,2833726.0,85,2012.0,12.0
学芸大学駅,2022,house,41,110000000,120054054,30000000,830000000,3123770.0,3172034.0,90,2007.0,9.0
学芸大学駅,2023,house,49,120000000,123023810,24000000,1300000000,3305785.0,3331450.0,100,2005.0,10.0
学芸大学駅,2024,house,66,125000000,125200000,30000000,1300000000,3599633.0,3537305.0,92,2003.0,12.0
学芸大学駅,2025,house,59,150000000,144150943,13000000,2000000000,3657025.0,3795929.0,100,2012.0,14.0
学芸大学駅,2021,land,34,90500000,89750000,15000000,320000000,2900000.0,2868750.0,85,,11.0
学芸大学駅,2022,land,25,120000000,195440000,30000000,520000000,3300000.0,3404167.0,115,,9.0
学芸大学駅,2023,land,23,120000000,128045455,17000000,300000000,3800000.0,3936364.0,110,,9.0
学芸大学駅,2024,land,18,150000000,174882353,25000000,550000000,3800000.0,4144444.0,112,,10.0
学芸大学駅,2025,land,20,150000000,142222222,33000000,560000000,4100000.0,4088889.0,115,,11.0
学芸大学駅,2021,mansion,183,65000000,62161111,10000000,160000000,3482094.0,3437999.0,65,2002.0,12.0
学芸大学駅,2022,mansion,204,61500000,60804902,8200000,140000000,3600676.0,3514691.0,55,2002.0,11.0
学芸大学駅,2023,mansion,166,59500000,59287037,7900000,250000000,3625344.0,3555486.0,55,2001.0,11.0
学芸大学駅,2024,mansion,165,64000000,63422699,1400000,230000000,3746556.0,3748078.0,55,2000.0,12.0
学芸大学駅,2025,mansion,183,75000000,80753591,7600000,300000000,4322950.0,4328944.0,60,2000.0,10.0
宝町駅,2021,house,1,520000000,520000000,520000000,520000000,8595041.0,8595041.0,50,1976.0,4.0
宝町駅,2023,house,1,420000000,420000000,420000000,420000000,5340114.0,5340114.0,65,2023.0,3.0
宝町駅,2024,house,2,490000000,490000000,370000000,610000000,6185208.0,6185208.0,100,1984.0,3.0
宝町駅,2025,house,2,2510000000,2510000000,820000000,4200000000,6946387.0,6946387.0,218,1977.0,4.0
宝町駅,2021,land,2,75000000,75000000,74000000,76000000,5700000.0,5700000.0,45,,2.0
宝町駅,2023,land,1,500000000,500000000,500000000,500000000,18000000.0,18000000.0,90,,3.0
宝町駅,2024,land,1,620000000,620000000,620000000,620000000,20000000.0,20000000.0,105,,1.0
宝町駅,2021,mansion,2,51000000,51000000,27000000,75000000,3851240.0,3851240.0,42,2008.0,4.0
宝町駅,2022,mansion,1,29000000,29000000,29000000,29000000,3834711.0,3834711.0,25,2003.0,4.0
宝町駅,2023,mansion,7,31000000,32000000,21000000,81000000,3746556.0,3914994.0,30,2004.0,3.0
宝町駅,2024,mansion,4,33500000,32666667,31000000,74000000,3823691.0,3858127.0,35,2004.0,4.0
宝町駅,2025,mansion,5,31000000,35500000,24000000,180000000,4099173.0,3682277.0,30,2003.0,3.0
宮の坂駅,2021,house,6,83500000,75000000,49000000,94000000,2724373.0,2690555.0,90,2020.0,6.0
宮の坂駅,2022,house,5,99000000,99333333,62000000,150000000,3099173.0,2870852.0,90,2022.0,5.0
宮の坂駅,2023,house,4,92500000,89666667,84000000,500000000,2844263.0,2821795.0,110,2016.0,6.0
宮の坂駅,2024,house,4,120000000,105000000,75000000,930000000,3463581.0,3487989.0,92,2020.0,6.0
宮の坂駅,2025,house,5,120000000,120000000,110000000,150000000,4407713.0,4459414.0,75,2025.0,6.0
宮の坂駅,2021,land,5,71000000,70200000,59000000,88000000,2500000.0,2460000.0,95,,8.0
宮の坂駅,2022,land,1,85000000,85000000,85000000,85000000,2500000.0,2500000.0,115,,1.0
宮の坂駅,2023,land,2,45000000,45000000,42000000,48000000,2550000.0,2550000.0,65,,8.0
宮の坂駅,2025,land,2,130000000,130000000,110000000,150000000,2900000.0,2900000.0,145,,4.0
宮の坂駅,2021,mansion,3,79000000,58800000,8400000,89000000,3269054.0,2950369.0,70,2009.0,6.0
宮の坂駅,2023,mansion,1,40000000,40000000,40000000,40000000,2404207.0,2404207.0,55,1994.0,3.0
宮の坂駅,2025,mansion,4,17000000,15666667,13000000,90000000,2060606.0,2389807.0,28,1987.0,3.0
宮ノ前駅,2021,house,2,48500000,48500000,46000000,51000000,1929162.0,1929162.0,65,2022.0,4.0
宮ノ前駅,2022,house,3,55000000,250433333,6300000,690000000,1140496.0,1172394.0,105,1998.0,4.0
宮ノ前駅,2023,house,6,39500000,38200000,27000000,180000000,1479975.0,1617637.0,62,2003.0,4.0
宮ノ前駅,2024,house,2,36000000,36000000,25000000,47000000,1136928.0,1136928.0,88,1982.0,4.0
宮ノ前駅,2025,house,10,44500000,50800000,34000000,74000000,1616162.0,1620369.0,62,2013.0,4.0
宮ノ前駅,2021,land,3,58000000,533666667,43000000,1500000000,1600000.0,1600000.0,115,,2.0
宮ノ前駅,2022,land,7,66000000,55714286,28000000,87000000,1500000.0,1633333.0,130,,3.0
宮ノ前駅,2023,land,4,102500000,82666667,43000000,440000000,1750000.0,1725000.0,182,,3.0
宮ノ前駅,2024,land,1,180000000,180000000,180000000,180000000,1600000.0,1600000.0,360,,2.0
宮ノ前駅,2023,mansion,1,22000000,22000000,22000000,22000000,855615.0,855615.0,85,1982.0,1.0
宮ノ平駅,2021,house,5,21000000,17860000,4300000,26000000,621388.0,560571.0,160,2010.0,6.0
宮ノ平駅,2022,house,1,19000000,19000000,19000000,19000000,,,200,2023.0,13.0
宮ノ平駅,2023,house,6,5650000,4840000,3300000,14000000,266824.0,269966.0,120,1978.0,12.0
宮ノ平駅,2024,house,4,16500000,16375000,7500000,25000000,574839.0,587550.0,160,2002.0,12.0
宮ノ平駅,2025,house,3,6000000,9000000,1000000,20000000,208786.0,282910.0,130,2001.0,20.0
宮ノ平駅,2021,land,1,1000000,1000000,1000000,1000000,53000.0,53000.0,60,,7.0
宮ノ平駅,2022,land,2,7250000,7250000,7000000,7500000,79000.0,79000.0,405,,15.0
宮ノ平駅,2023,land,1,8200000,8200000,8200000,8200000,62000.0,62000.0,440,,15.0
宮ノ平駅,2025,land,1,9800000,9800000,9800000,9800000,120000.0,120000.0,260,,14.0
宮ノ平駅,2024,mansion,1,8500000,8500000,8500000,8500000,468320.0,468320.0,60,1991.0,0.0
富士見ケ丘駅,2021,house,28,61000000,62740741,28000000,89000000,2246163.0,2309881.0,105,2012.0,10.0
富士見ケ丘駅,2022,house,21,70000000,71000000,15000000,120000000,2609830.0,2553871.0,100,2012.0,10.0
富士見ケ丘駅,2023,house,23,84000000,78809524,25000000,420000000,3011937.0,3103105.0,100,2023.0,11.0
富士見ケ丘駅,2024,house,28,73000000,81074074,21000000,600000000,2901745.0,2919572.0,95,2023.0,10.0
富士見ケ丘駅,2025,house,32,92500000,86068966,20000000,520000000,3006428.0,2962178.0,100,2016.0,10.0
富士見ケ丘駅,2021,land,7,67000000,74833333,2000000,98000000,1600000.0,1660000.0,160,,6.0
富士見ケ丘駅,2022,land,4,67500000,70250000,54000000,92000000,1650000.0,1650000.0,150,,11.0
富士見ケ丘駅,2023,land,4,56500000,56250000,42000000,70000000,2000000.0,1875000.0,90,,8.0
富士見ケ丘駅,2024,land,6,79000000,76600000,69000000,130000000,2150000.0,2133333.0,132,,6.0
富士見ケ丘駅,2025,land,3,77000000,84333333,66000000,110000000,2200000.0,2100000.0,115,,6.0
富士見ケ丘駅,2021,mansion,26,46000000,41842308,7900000,66000000,2446281.0,2420910.0,65,2002.0,8.0
富士見ケ丘駅,2022,mansion,24,46000000,41716667,8500000,81000000,2479339.0,2418312.0,62,1997.0,9.0
富士見ケ丘駅,2023,mansion,27,55000000,49148148,12000000,75000000,2644628.0,2730211.0,75,2000.0,9.0
富士見ケ丘駅,2024,mansion,17,45000000,45411765,11000000,74000000,2820937.0,2822129.0,60,2004.0,8.0
富士見ケ丘駅,2025,mansion,31,46000000,43987097,6800000,73000000,2975206.0,2966212.0,65,2000.0,9.0
富士見台駅,2021,house,46,60000000,59600000,9000000,250000000,2018269.0,1957220.0,110,2013.0,10.0
富士見台駅,2022,house,38,61000000,55121622,7500000,300000000,2122662.0,2004955.0,98,2007.0,10.0
富士見台駅,2023,house,27,71000000,65181818,30000000,620000000,2347107.0,2370802.0,110,2019.0,10.0
富士見台駅,2024,house,41,64000000,62514286,11000000,590000000,2103681.0,2162772.0,100,2023.0,10.0
富士見台駅,2025,house,76,70000000,68731343,14000000,600000000,2333495.0,2290895.0,108,2020.0,10.0
富士見台駅,2021,land,13,44000000,54692308,14000000,140000000,1400000.0,1415385.0,120,,8.0
富士見台駅,2022,land,14,71000000,99000000,15000000,240000000,1500000.0,1430833.0,130,,8.0
富士見台駅,2023,land,11,45000000,34444444,16000000,550000000,1500000.0,1439091.0,80,,11.0
富士見台駅,2024,land,8,50500000,52571429,20000000,360000000,1750000.0,1775000.0,92,,6.0
富士見台駅,2025,land,12,41500000,44600000,15000000,150000000,1600000.0,1566667.0,100,,8.0
富士見台駅,2021,mansion,64,40000000,42328125,12000000,83000000,2279417.0,2302247.0,65,2002.0,4.0
富士見台駅,2022,mansion,60,41500000,42176271,6900000,110000000,2502225.0,2422264.0,65,2006.0,4.0
富士見台駅,2023,mansion,66,47500000,46366667,6800000,95000000,2471826.0,2445111.0,65,2004.0,5.0
富士見台駅,2024,mansion,59,36000000,42615254,7000000,100000000,2258953.0,2336589.0,60,1999.0,5.0
富士見台駅,2025,mansion,81,39000000,44333333,7500000,100000000,2455726.0,2578457.0,60,1999.0,5.0
小伝馬町駅,2021,house,3,200000000,293333333,100000000,580000000,2754821.0,3038845.0,75,1987.0,4.0
小伝馬町駅,2022,house,2,345000000,345000000,170000000,520000000,7006179.0,7006179.0,78,2021.0,4.0
小伝馬町駅,2023,house,1,2500000000,2500000000,2500000000,2500000000,4132231.0,4132231.0,640,1976.0,2.0
小伝馬町駅,2024,house,6,665000000,705000000,210000000,1200000000,3364590.0,3654327.0,115,1992.0,2.0
小伝馬町駅,2025,house,2,1155000000,1155000000,910000000,1400000000,5874126.0,5874126.0,112,1998.0,2.0
小伝馬町駅,2022,land,2,410000000,410000000,400000000,420000000,15000000.0,15000000.0,92,,2.0
小伝馬町駅,2025,land,2,1285000000,1285000000,470000000,2100000000,14500000.0,14500000.0,285,,3.0
小伝馬町駅,2021,mansion,63,41000000,46564516,12000000,130000000,3872491.0,3858859.0,35,2007.0,3.0
小伝馬町駅,2022,mansion,87,63000000,64379310,17000000,150000000,4132231.0,4133378.0,50,2013.0,3.0
小伝馬町駅,2023,mansion,57,53000000,54410714,19000000,180000000,4040404.0,4079982.0,45,2007.0,3.0
小伝馬町駅,2024,mansion,47,84000000,85531915,18000000,170000000,5048835.0,5119838.0,55,2011.0,3.0
小伝馬町駅,2025,mansion,56,80000000,87517857,12000000,220000000,5399449.0,5637107.0,52,2006.0,3.0
小作駅,2021,house,73,30000000,27008696,4600000,350000000,942149.0,875073.0,135,2020.0,20.0
小作駅,2022,house,64,34000000,29744828,4700000,1500000000,865801.0,892657.0,135,2000.0,13.0
小作駅,2023,house,76,28500000,28378873,6200000,180000000,899908.0,908582.0,128,2010.0,15.0
小作駅,2024,house,86,26000000,26700000,2000000,860000000,835146.0,849388.0,132,2004.0,18.0
小作駅,2025,house,100,27500000,25501064,2000000,190000000,796868.0,834136.0,130,2005.0,20.0
小作駅,2021,land,19,24000000,22794444,2500000,75000000,500000.0,467000.0,150,,13.0
小作駅,2022,land,24,29000000,32113636,2500000,150000000,440000.0,418708.0,205,,12.0
小作駅,2023,land,25,37000000,32000000,13000000,370000000,510000.0,512280.0,260,,14.0
小作駅,2024,land,27,30000000,36625000,13000000,250000000,500000.0,561667.0,185,,14.0
小作駅,2025,land,25,29000000,30565217,1500000,590000000,610000.0,551708.0,135,,12.0
小作駅,2021,mansion,56,18000000,16766071,4500000,28000000,850059.0,829827.0,70,2001.0,8.0
小作駅,2022,mansion,34,17500000,17006061,5000000,30000000,826446.0,821090.0,65,1999.0,10.0
小作駅,2023,mansion,34,15000000,16800000,5500000,30000000,778237.0,800957.0,65,1998.0,11.0
小作駅,2024,mansion,45,17000000,16242222,3700000,29000000,881543.0,806269.0,65,1999.0,9.0
小作駅,2025,mansion,52,17500000,16751923,2900000,39000000,792100.0,777463.0,65,1998.0,9.0
小台駅,2021,house,14,45000000,44000000,11000000,220000000,1232156.0,1436320.0,62,2021.0,4.0
小台駅,2022,house,16,41000000,43180000,4700000,140000000,1168044.0,1155918.0,82,1986.0,4.0
小台駅,2023,house,8,44000000,36750000,13000000,57000000,1226620.0,1257205.0,68,1996.0,5.0
小台駅,2024,house,17,37000000,39529412,15000000,61000000,1370523.0,1319762.0,70,2002.0,5.0
小台駅,2025,house,13,37000000,31672727,900000,240000000,1126972.0,1275866.0,75,2005.0,6.0
小台駅,2021,land,7,39000000,52285714,9000000,100000000,1200000.0,1181429.0,130,,6.0
小台駅,2022,land,7,40000000,48166667,28000000,160000000,1700000.0,1566667.0,105,,5.0
小台駅,2023,land,4,66500000,82500000,47000000,150000000,1100000.0,1125000.0,245,,8.0
小台駅,2024,land,9,22000000,19687500,6500000,63000000,870000.0,805000.0,90,,10.0
小台駅,2025,land,6,30000000,23400000,6000000,280000000,1200000.0,1126667.0,82,,9.0
小台駅,2021,mansion,9,32000000,30555556,18000000,35000000,1410468.0,1318763.0,75,2002.0,14.0
小台駅,2022,mansion,8,34000000,31625000,23000000,38000000,1552717.0,1455046.0,75,2002.0,14.0
小台駅,2023,mansion,16,28000000,29769231,5400000,40000000,1446634.0,1423804.0,65,2000.0,14.0
小台駅,2024,mansion,6,37000000,35833333,29000000,43000000,1719008.0,1634238.0,75,2002.0,13.0
小台駅,2025,mansion,10,31500000,33600000,26000000,48000000,1460055.0,1480441.0,78,2000.0,13.0
小宮駅,2021,house,44,29000000,26595238,10000000,71000000,804848.0,811929.0,148,2003.0,10.0
小宮駅,2022,house,30,27500000,27258621,7000000,69000000,813732.0,777235.0,178,1992.0,15.0
小宮駅,2023,house,23,29000000,26065217,5000000,45000000,894507.0,839568.0,140,2006.0,12.0
小宮駅,2024,house,30,31500000,29320000,9000000,190000000,914311.0,855402.0,150,2008.0,14.0
小宮駅,2025,house,59,31000000,29812281,5000000,57000000,1009134.0,942295.0,140,2025.0,15.0
小宮駅,2021,land,4,17500000,20250000,13000000,33000000,305000.0,289250.0,298,,8.0
小宮駅,2022,land,3,18000000,21333333,18000000,28000000,410000.0,446667.0,140,,18.0
小宮駅,2023,land,6,23000000,25166667,5000000,40000000,480000.0,436667.0,145,,10.0
小宮駅,2024,land,4,26500000,18466667,2400000,190000000,280000.0,240000.0,315,,16.0
小宮駅,2025,land,7,20000000,17300000,4600000,30000000,220000.0,205000.0,240,,11.0
小宮駅,2021,mansion,6,14500000,14250000,5400000,22000000,529578.0,556184.0,80,1989.0,12.0
小宮駅,2022,mansion,6,19500000,20500000,14000000,28000000,695592.0,686489.0,95,1989.0,12.0
小宮駅,2023,mansion,1,13000000,13000000,13000000,13000000,505591.0,505591.0,85,1989.0,12.0
小宮駅,2024,mansion,3,14000000,14666667,13000000,17000000,537190.0,561838.0,85,1989.0,12.0
小宮駅,2025,mansion,4,15000000,14525000,9100000,19000000,556764.0,542282.0,90,1992.0,12.0
小岩駅,2021,house,131,41000000,38252941,2500000,540000000,1357112.0,1247832.0,80,2007.0,15.0
小岩駅,2022,house,124,45000000,43744248,3800000,1300000000,1502630.0,1474521.0,80,2010.0,15.0
小岩駅,2023,house,147,50000000,49803906,6100000,1200000000,1600696.0,1532516.0,90,2008.0,15.0
小岩駅,2024,house,121,47000000,44468142,3000000,500000000,1637866.0,1479323.0,80,2008.0,16.0
小岩駅,2025,house,186,50000000,46660571,6100000,780000000,1645022.0,1574533.0,75,2016.0,20.0
小岩駅,2021,land,45,32000000,33720455,100000,120000000,1100000.0,1045242.0,100,,12.0
小岩駅,2022,land,28,36500000,45311111,2200000,280000000,1250000.0,1157500.0,98,,10.0
小岩駅,2023,land,23,41000000,42857143,10000000,120000000,1200000.0,1216522.0,110,,15.0
小岩駅,2024,land,25,60000000,66409091,9000000,520000000,1400000.0,1447727.0,135,,8.0
小岩駅,2025,land,27,47000000,51615385,15000000,1600000000,1300000.0,1451538.0,115,,14.0
小岩駅,2021,mansion,100,32000000,32387755,5000000,86000000,1805159.0,1826242.0,65,1999.0,9.0
小岩駅,2022,mansion,106,37000000,36595238,4000000,120000000,2005510.0,1964064.0,68,2003.0,8.0
小岩駅,2023,mansion,89,36000000,34736471,6500000,260000000,1983471.0,2008277.0,65,2000.0,8.0
小岩駅,2024,mansion,101,39000000,41357000,5400000,130000000,2125148.0,2248263.0,65,2005.0,6.0
小岩駅,2025,mansion,141,46000000,49117021,5700000,130000000,2404207.0,2486167.0,65,2005.0,7.0
小川町駅,2021,house,5,180000000,253250000,45000000,1800000000,1983471.0,1937499.0,70,1974.0,2.0
小川町駅,2022,house,5,220000000,221000000,70000000,430000000,2785962.0,3311310.0,60,1982.0,3.0
小川町駅,2023,house,3,620000000,2253333333,140000000,6000000000,7458173.0,7458173.0,85,2020.0,3.0
小川町駅,2022,land,1,300000000,300000000,300000000,300000000,10000000.0,10000000.0,95,,3.0
小川町駅,2021,mansion,25,27000000,26000000,10000000,89000000,4187328.0,4169751.0,20,2003.0,3.0
小川町駅,2022,mansion,18,28000000,33235294,22000000,140000000,4297520.0,4202838.0,25,2004.0,4.0
小川町駅,2023,mansion,15,31000000,38466667,19000000,68000000,4775023.0,4508653.0,25,2003.0,4.0
小川町駅,2024,mansion,8,26000000,23875000,12000000,38000000,3702479.0,3611570.0,22,2002.0,4.0
小川町駅,2025,mansion,11,63000000,52400000,12000000,150000000,5206611.0,5892812.0,30,2014.0,3.0
小川駅,2021,house,26,41500000,38307692,11000000,59000000,1421488.0,1329230.0,115,2021.0,11.0
小川駅,2022,house,28,43500000,42960000,5200000,2200000000,1531100.0,1397363.0,105,2018.0,9.0
小川駅,2023,house,26,42000000,37652000,5500000,130000000,1358078.0,1380105.0,112,2007.0,14.0
小川駅,2024,house,22,35500000,41333333,12000000,210000000,1303949.0,1330949.0,115,2007.0,12.0
小川駅,2025,house,34,40000000,39206897,4500000,350000000,1487603.0,1448869.0,110,2024.0,15.0
小川駅,2021,land,6,19000000,18316667,3900000,31000000,610000.0,613333.0,118,,10.0
小川駅,2022,land,5,38000000,38333333,13000000,46000000,790000.0,808000.0,160,,13.0
小川駅,2023,land,8,27500000,34750000,14000000,67000000,855000.0,875000.0,135,,8.0
小川駅,2024,land,11,35000000,29840000,5600000,120000000,790000.0,722545.0,185,,6.0
小川駅,2025,land,6,31500000,22600000,1000000,110000000,765000.0,774000.0,122,,17.0
小川駅,2021,mansion,36,26000000,27823529,7000000,42000000,1080283.0,1146556.0,75,1998.0,12.0
小川駅,2022,mansion,22,31500000,31954545,19000000,40000000,1275088.0,1341345.0,78,1998.0,12.0
小川駅,2023,mansion,19,36000000,33673684,9800000,52000000,1516772.0,1538205.0,75,2017.0,12.0
小川駅,2024,mansion,35,34000000,32969697,10000000,46000000,1555664.0,1437070.0,75,2017.0,12.0
小川駅,2025,mansion,41,33000000,32852941,8000000,52000000,1416765.0,1365942.0,75,1999.0,14.0
小平駅,2021,house,86,37500000,37509302,8800000,59000000,1361206.0,1381495.0,115,2021.0,15.0
小平駅,2022,house,64,40500000,40163934,11000000,78000000,1476385.0,1479905.0,120,2022.0,15.0
小平駅,2023,house,62,39000000,39093220,9000000,410000000,1359045.0,1370419.0,110,2009.0,15.0
小平駅,2024,house,54,44000000,40717308,9300000,93000000,1487603.0,1393519.0,115,2013.0,12.0
小平駅,2025,house,108,45000000,42284314,3000000,680000000,1536900.0,1498096.0,110,2020.0,15.0
小平駅,2021,land,26,27000000,26400000,7300000,1500000000,725000.0,713600.0,120,,17.0
小平駅,2022,land,22,32000000,37333333,11000000,160000000,885000.0,841905.0,132,,7.0
小平駅,2023,land,8,30500000,27285714,15000000,74000000,935000.0,863750.0,130,,9.0
小平駅,2024,land,30,29500000,28830769,4000000,160000000,840000.0,860000.0,110,,11.0
小平駅,2025,land,16,35000000,33250000,4500000,120000000,865000.0,826429.0,122,,11.0
小平駅,2021,mansion,34,20500000,19647059,6500000,41000000,1022120.0,975009.0,62,1996.0,16.0
小平駅,2022,mansion,38,21000000,20541935,2000000,45000000,1132443.0,1206582.0,60,1996.0,14.0
小平駅,2023,mansion,23,28000000,24269565,4500000,35000000,1322314.0,1184297.0,65,2002.0,14.0
小平駅,2024,mansion,39,26000000,26153846,4500000,50000000,1382419.0,1238033.0,65,1996.0,14.0
小平駅,2025,mansion,34,28000000,27406452,5500000,56000000,1409967.0,1337141.0,65,1998.0,10.0
小村井駅,2021,house,13,55000000,49600000,22000000,280000000,1652892.0,1657302.0,70,2019.0,6.0
小村井駅,2022,house,17,49000000,56500000,11000000,170000000,1797521.0,1707796.0,65,2021.0,9.0
小村井駅,2023,house,13,61000000,107750000,30000000,760000000,1809482.0,1793171.0,125,1998.0,7.0
小村井駅,2024,house,12,42500000,39454545,14000000,250000000,1495741.0,1521719.0,75,1993.0,9.0
小村井駅,2025,house,15,58000000,54769231,32000000,400000000,2003506.0,2192168.0,65,2012.0,8.0
小村井駅,2021,land,6,28000000,23800000,8000000,82000000,1250000.0,1266667.0,78,,6.0
小村井駅,2022,land,6,109500000,89800000,35000000,500000000,2000000.0,1833333.0,188,,6.0
小村井駅,2023,land,3,41000000,43666667,30000000,60000000,2500000.0,2500000.0,55,,8.0
小村井駅,2024,land,5,57000000,50000000,35000000,230000000,2100000.0,2250000.0,85,,7.0
小村井駅,2025,land,3,21000000,116000000,17000000,310000000,1300000.0,1566667.0,180,,3.0
小村井駅,2021,mansion,42,39000000,38564103,15000000,60000000,1930494.0,1914949.0,65,2004.0,5.0
小村井駅,2022,mansion,61,40000000,36426230,13000000,65000000,2237762.0,2328046.0,65,2007.0,6.0
小村井駅,2023,mansion,43,36000000,34674419,7000000,64000000,2266824.0,2290331.0,60,2003.0,6.0
小村井駅,2024,mansion,50,41000000,39480000,14000000,62000000,2301335.0,2420111.0,65,2007.0,6.0
小村井駅,2025,mansion,70,44500000,43128571,13000000,70000000,2695486.0,2789649.0,60,2009.0,6.0
小田急多摩センター駅,2021,house,3,27000000,25000000,16000000,32000000,850059.0,906398.0,145,1986.0,18.0
小田急多摩センター駅,2022,house,2,36500000,36500000,35000000,38000000,1061524.0,1061524.0,178,2006.0,
小田急多摩センター駅,2023,house,1,38000000,38000000,38000000,38000000,679026.0,679026.0,270,1984.0,
小田急多摩センター駅,2023,land,1,66000000,66000000,66000000,66000000,280000.0,280000.0,780,,
小田急多摩センター駅,2021,mansion,26,25500000,29865385,7500000,55000000,959026.0,1221480.0,80,1988.0,15.0
小田急多摩センター駅,2022,mansion,11,13000000,16936364,7000000,34000000,695955.0,612324.0,70,1981.0,18.0
小田急多摩センター駅,2023,mansion,8,35500000,40125000,14000000,64000000,1469041.0,1592406.0,85,2005.0,14.0
小田急多摩センター駅,2024,mansion,8,37500000,38125000,10000000,68000000,1365095.0,1471472.0,88,1992.0,12.0
小田急多摩センター駅,2025,mansion,15,28000000,30233333,9500000,62000000,1004959.0,1225514.0,75,1987.0,12.0
小田急永山駅,2021,house,4,54500000,57000000,31000000,62000000,1137511.0,933519.0,110,2014.0,15.0
小田急永山駅,2022,house,3,41000000,37000000,28000000,42000000,1232156.0,1222666.0,100,2002.0,10.0
小田急永山駅,2023,house,2,69000000,69000000,48000000,90000000,854168.0,854168.0,280,1996.0,19.0
小田急永山駅,2024,house,2,48500000,48500000,38000000,59000000,1687690.0,1687690.0,160,2004.0,18.0
小田急永山駅,2025,house,5,35000000,38800000,35000000,47000000,1322314.0,1277456.0,110,2009.0,15.0
小田急永山駅,2024,land,2,35000000,35000000,35000000,35000000,820000.0,820000.0,140,,14.0
小田急永山駅,2021,mansion,17,31000000,30323529,6500000,49000000,1239669.0,1203229.0,85,2011.0,12.0
小田急永山駅,2022,mansion,19,34000000,34473684,3000000,52000000,1776859.0,1472919.0,80,2013.0,7.0
小田急永山駅,2023,mansion,20,42500000,41750000,25000000,59000000,1882596.0,1826891.0,80,2013.0,10.0
小田急永山駅,2024,mansion,27,41000000,38414815,5400000,72000000,1942149.0,1616724.0,80,2013.0,10.0
小田急永山駅,2025,mansion,22,33500000,34433333,5100000,250000000,1914527.0,1568453.0,75,2013.0,10.0
小竹向原駅,2021,house,34,64500000,56040625,7300000,680000000,2072735.0,2071394.0,70,2021.0,9.0
小竹向原駅,2022,house,25,63000000,64086957,13000000,180000000,2236180.0,2098536.0,80,2012.0,9.0
小竹向原駅,2023,house,36,74000000,73656250,10000000,350000000,2310034.0,2272859.0,85,2019.0,10.0
小竹向原駅,2024,house,47,78000000,75813953,20000000,440000000,2450170.0,2349871.0,85,2016.0,10.0
小竹向原駅,2025,house,50,77000000,76302326,13000000,830000000,2581661.0,2392717.0,80,2018.0,12.0
小竹向原駅,2021,land,7,45000000,44714286,15000000,100000000,1600000.0,1417143.0,95,,11.0
小竹向原駅,2022,land,15,64000000,56000000,14000000,740000000,1600000.0,1564667.0,125,,10.0
小竹向原駅,2023,land,11,54000000,49200000,12000000,190000000,2300000.0,1937273.0,70,,6.0
小竹向原駅,2024,land,18,62000000,62285714,28000000,1100000000,2500000.0,2550000.0,122,,9.0
小竹向原駅,2025,land,9,33000000,53875000,22000000,630000000,2300000.0,2155556.0,60,,11.0
小竹向原駅,2021,mansion,62,27000000,28472581,7500000,60000000,2293388.0,2475127.0,30,2000.0,8.0
小竹向原駅,2022,mansion,71,32000000,34421127,9900000,62000000,2644628.0,2650044.0,50,2006.0,6.0
小竹向原駅,2023,mansion,65,28000000,34007812,7000000,110000000,2695486.0,2649434.0,45,2008.0,8.0
小竹向原駅,2024,mansion,89,37000000,41287640,6000000,89000000,2865014.0,2936392.0,50,2004.0,8.0
小竹向原駅,2025,mansion,93,45000000,45402198,7800000,160000000,2644628.0,2789981.0,60,2002.0,8.0
小菅駅,2021,house,9,47000000,55500000,10000000,800000000,1446281.0,1599575.0,85,2021.0,6.0
小菅駅,2022,house,5,34000000,35800000,27000000,45000000,1237052.0,1253700.0,60,2002.0,8.0
小菅駅,2023,house,7,53000000,46250000,3500000,520000000,989652.0,1172094.0,70,1991.0,7.0
小菅駅,2024,house,7,44000000,43833333,37000000,160000000,1528926.0,1552245.0,85,2020.0,10.0
小菅駅,2025,house,7,49000000,37333333,7000000,170000000,1113230.0,1233889.0,105,1991.0,8.0
小菅駅,2021,land,1,58000000,58000000,58000000,58000000,1100000.0,1100000.0,175,,4.0
小菅駅,2022,land,3,21000000,56000000,7000000,140000000,1100000.0,1020000.0,65,,6.0
小菅駅,2023,land,6,48000000,36500000,6500000,200000000,1100000.0,1060000.0,112,,6.0
小菅駅,2024,land,1,74000000,74000000,74000000,74000000,1600000.0,1600000.0,150,,3.0
小菅駅,2025,land,2,75000000,75000000,40000000,110000000,1250000.0,1250000.0,215,,3.0
小菅駅,2021,mansion,7,32000000,36333333,7300000,43000000,1763085.0,1655896.0,65,2008.0,9.0
小菅駅,2022,mansion,13,26000000,26818182,5900000,46000000,1382419.0,1481074.0,60,1989.0,6.0
小菅駅,2023,mansion,11,33000000,30200000,7200000,45000000,1700118.0,1519096.0,70,2002.0,4.0
小菅駅,2024,mansion,10,35500000,28930000,7000000,45000000,1856552.0,1631688.0,62,1990.0,8.0
小菅駅,2025,mansion,9,30000000,31388889,8500000,50000000,1818182.0,1773533.0,60,1990.0,8.0
尾久駅,2021,house,6,55500000,52800000,40000000,200000000,1942784.0,1938334.0,65,2007.0,8.0
尾久駅,2022,house,9,56000000,57666667,33000000,110000000,1719008.0,1633323.0,75,1995.0,6.0
尾久駅,2023,house,8,71000000,67714286,41000000,500000000,2047431.0,1906439.0,108,2008.0,8.0
尾久駅,2024,house,8,52500000,56428571,25000000,150000000,1830214.0,1955920.0,80,2017.0,9.0
尾久駅,2025,house,9,54000000,51875000,17000000,550000000,1953418.0,1942905.0,55,2003.0,10.0
尾久駅,2021,land,3,90000000,76000000,48000000,90000000,1800000.0,2466667.0,100,,5.0
尾久駅,2022,land,1,49000000,49000000,49000000,49000000,3200000.0,3200000.0,50,,5.0
尾久駅,2023,land,3,49000000,270666667,43000000,720000000,2400000.0,2666667.0,90,,3.0
尾久駅,2024,land,8,50000000,42500000,27000000,1400000000,1950000.0,1871429.0,88,,6.0
尾久駅,2025,land,5,57000000,54750000,43000000,780000000,2400000.0,2125000.0,85,,6.0
尾久駅,2021,mansion,50,33500000,32224000,7200000,65000000,2067387.0,2116979.0,55,2007.0,5.0
尾久駅,2022,mansion,69,37000000,34340299,9800000,64000000,2148760.0,2324726.0,60,2004.0,5.0
尾久駅,2023,mansion,53,39000000,37075472,15000000,70000000,2186904.0,2249707.0,60,2002.0,5.0
尾久駅,2024,mansion,46,34000000,34569565,4300000,63000000,2195380.0,2111611.0,60,1994.0,6.0
尾久駅,2025,mansion,90,33500000,36781111,9000000,83000000,2326764.0,2413308.0,52,2000.0,4.0
尾山台駅,2021,house,30,90000000,86423077,37000000,310000000,2704733.0,2824926.0,105,2010.0,10.0
尾山台駅,2022,house,27,120000000,123160000,32000000,740000000,2938476.0,3096485.0,125,2001.0,11.0
尾山台駅,2023,house,41,130000000,120210526,50000000,300000000,3303192.0,3471012.0,105,2011.0,11.0
尾山台駅,2024,house,39,130000000,117069444,7500000,880000000,2992605.0,2983325.0,110,2010.0,15.0
尾山台駅,2025,house,35,140000000,134451613,31000000,770000000,3489440.0,3376326.0,110,2006.0,14.0
尾山台駅,2021,land,22,90500000,91842105,9200000,290000000,2200000.0,2370909.0,120,,8.0
尾山台駅,2022,land,7,120000000,211285714,89000000,470000000,2500000.0,2566667.0,160,,10.0
尾山台駅,2023,land,10,150000000,155714286,80000000,210000000,2750000.0,2690000.0,180,,10.0
尾山台駅,2024,land,15,130000000,145071429,40000000,2500000000,3500000.0,3213333.0,135,,13.0
尾山台駅,2025,land,11,130000000,117900000,61000000,620000000,3000000.0,3090909.0,170,,12.0
尾山台駅,2021,mansion,68,55000000,52365152,6500000,230000000,2725154.0,2686009.0,65,2004.0,13.0
尾山台駅,2022,mansion,84,62000000,58586905,9400000,110000000,2929434.0,2972109.0,65,2000.0,12.0
尾山台駅,2023,mansion,77,50000000,52416000,9000000,220000000,3016529.0,2860315.0,65,2000.0,12.0
尾山台駅,2024,mansion,69,60000000,60578261,8200000,120000000,3085399.0,3043676.0,65,1996.0,12.0
尾山台駅,2025,mansion,87,71000000,70325581,10000000,190000000,3636364.0,3503002.0,65,2000.0,11.0
山下駅,2024,house,3,120000000,118333333,75000000,160000000,3541912.0,3339106.0,100,1994.0,5.0
山下駅,2025,house,3,130000000,156666667,110000000,230000000,3534446.0,3534446.0,80,2025.0,4.0
山下駅,2025,land,1,90000000,90000000,90000000,90000000,2700000.0,2700000.0,110,,7.0
山下駅,2023,mansion,1,140000000,140000000,140000000,140000000,4871683.0,4871683.0,95,2001.0,3.0
山下駅,2024,mansion,2,100000000,100000000,100000000,100000000,3266893.0,3266893.0,105,2000.0,4.0
山下駅,2025,mansion,1,7000000,7000000,7000000,7000000,1542700.0,1542700.0,15,1983.0,6.0
山田駅,2021,house,17,30000000,30800000,17000000,38000000,1007477.0,971477.0,135,2015.0,10.0
山田駅,2022,house,18,30000000,32005556,2100000,62000000,928625.0,887626.0,130,1996.0,10.0
山田駅,2023,house,20,34500000,34500000,14000000,110000000,1140496.0,1158383.0,140,2022.0,10.0
山田駅,2024,house,19,33000000,28338889,2100000,150000000,1090909.0,966586.0,125,2023.0,10.0
山田駅,2025,house,20,40500000,33722222,11000000,120000000,882123.0,991508.0,145,1997.0,8.0
山田駅,2021,land,5,22000000,27880000,3400000,47000000,190000.0,288000.0,170,,9.0
山田駅,2022,land,4,21500000,25500000,9000000,50000000,195000.0,160667.0,300,,12.0
山田駅,2023,land,6,18000000,12420000,600000,61000000,305000.0,283833.0,150,,14.0
山田駅,2024,land,3,24000000,22666667,19000000,25000000,470000.0,383333.0,155,,15.0
山田駅,2025,land,7,13000000,11428571,1000000,20000000,380000.0,308000.0,135,,6.0
山田駅,2021,mansion,8,6750000,6785714,5300000,11000000,371901.0,384441.0,60,1978.0,5.0
山田駅,2022,mansion,3,9800000,10500000,6700000,15000000,589031.0,631104.0,55,1985.0,2.0
山田駅,2023,mansion,6,9950000,10050000,4500000,16000000,577201.0,588260.0,58,1980.0,6.0
山田駅,2024,mansion,5,8800000,7300000,5500000,16000000,414325.0,417909.0,60,1978.0,2.0
山田駅,2025,mansion,2,8250000,8250000,4500000,12000000,636364.0,636364.0,48,1985.0,6.0
岩本町駅,2021,house,3,500000000,730000000,190000000,1500000000,2754821.0,3646858.0,110,1993.0,2.0
岩本町駅,2022,house,3,210000000,510000000,120000000,1200000000,3305785.0,2754821.0,135,1968.0,4.0
岩本町駅,2023,house,7,390000000,741428571,250000000,1800000000,2685950.0,2990518.0,120,1989.0,3.0
岩本町駅,2024,house,2,282000000,282000000,64000000,500000000,2910150.0,2910150.0,65,1978.0,4.0
岩本町駅,2025,house,4,655000000,672500000,380000000,1000000000,2839532.0,3000873.0,148,1984.0,2.0
岩本町駅,2021,land,4,330000000,367500000,240000000,570000000,13500000.0,12850000.0,100,,3.0
岩本町駅,2023,land,2,165000000,165000000,140000000,190000000,10650000.0,10650000.0,50,,4.0
岩本町駅,2025,land,2,420000000,420000000,200000000,640000000,9450000.0,9450000.0,138,,4.0
岩本町駅,2021,mansion,57,34000000,36648148,19000000,170000000,3966942.0,3885682.0,30,2007.0,3.0
岩本町駅,2022,mansion,54,39500000,39500000,15000000,110000000,4193624.0,4231241.0,30,2008.0,4.0
岩本町駅,2023,mansion,48,48000000,48875000,22000000,100000000,4391184.0,4297589.0,35,2010.0,3.0
岩本町駅,2024,mansion,43,40000000,46951220,20000000,120000000,4683195.0,4532061.0,30,2006.0,2.0
岩本町駅,2025,mansion,49,60000000,67163265,18000000,160000000,5194805.0,5256301.0,35,2012.0,3.0
川井駅,2021,house,2,18900000,18900000,7800000,30000000,245573.0,245573.0,1205,1976.0,6.0
川井駅,2023,house,1,5000000,5000000,5000000,5000000,165289.0,165289.0,440,1977.0,9.0
川井駅,2025,house,1,14000000,14000000,14000000,14000000,661157.0,661157.0,190,2012.0,5.0
川井駅,2024,land,1,390000,390000,390000,390000,11000.0,11000.0,115,,7.0
川井駅,2025,land,4,2300000,2550000,1000000,4600000,31500.0,34000.0,248,,7.0
川口元郷駅,2022,mansion,1,30000000,30000000,30000000,30000000,1101928.0,1101928.0,90,2008.0,
川口元郷駅,2024,mansion,1,27000000,27000000,27000000,27000000,1115702.0,1115702.0,80,2008.0,
川口駅,2021,mansion,1,26000000,26000000,26000000,26000000,1074380.0,1074380.0,80,2008.0,
川口駅,2022,mansion,1,25000000,25000000,25000000,25000000,1033058.0,1033058.0,80,2008.0,
巣鴨新田駅,2025,house,2,55000000,55000000,55000000,55000000,3030303.0,3030303.0,40,2025.0,5.0
巣鴨新田駅,2022,mansion,1,18000000,18000000,18000000,18000000,2380165.0,2380165.0,25,2003.0,3.0
巣鴨新田駅,2025,mansion,2,37500000,37500000,25000000,50000000,3489440.0,3489440.0,35,2010.0,4.0
巣鴨駅,2021,house,20,68000000,66562500,17000000,1100000000,2109406.0,2092134.0,72,2010.0,9.0
巣鴨駅,2022,house,12,250000000,545666667,55000000,1800000000,2975206.0,3101077.0,130,2012.0,6.0
巣鴨駅,2023,house,20,99500000,150900000,49000000,430000000,2754821.0,2606749.0,72,2001.0,8.0
巣鴨駅,2024,house,11,120000000,109000000,56000000,210000000,2963807.0,2566179.0,100,1994.0,9.0
巣鴨駅,2025,house,22,150000000,135555556,23000000,3900000000,3305785.0,3017431.0,98,1982.0,6.0
巣鴨駅,2021,land,10,79000000,99100000,13000000,220000000,3300000.0,3390000.0,92,,6.0
巣鴨駅,2022,land,10,91000000,87375000,34000000,810000000,2300000.0,2012500.0,125,,8.0
巣鴨駅,2023,land,3,120000000,107333333,42000000,160000000,3900000.0,3533333.0,100,,7.0
巣鴨駅,2024,land,9,98000000,97666667,30000000,160000000,3700000.0,3925000.0,100,,6.0
巣鴨駅,2025,land,12,130000000,120000000,72000000,1000000000,5150000.0,5241667.0,88,,7.0
巣鴨駅,2021,mansion,89,25000000,34663636,8500000,210000000,3245680.0,3030325.0,30,2000.0,6.0
巣鴨駅,2022,mansion,82,27000000,41756098,7000000,130000000,3553719.0,3357788.0,38,2006.0,5.0
巣鴨駅,2023,mansion,70,34500000,43676471,9500000,200000000,3415978.0,3307228.0,42,2000.0,6.0
巣鴨駅,2024,mansion,70,40000000,48941176,10000000,220000000,3665532.0,3527353.0,48,2000.0,5.0
巣鴨駅,2025,mansion,83,34000000,52421687,12000000,150000000,3636364.0,3577353.0,40,2000.0,5.0
市ケ谷駅,2021,house,3,710000000,746666667,330000000,1200000000,3847717.0,3497673.0,105,1989.0,3.0
市ケ谷駅,2022,house,2,1350000000,1350000000,1300000000,1400000000,4510035.0,4510035.0,192,1990.0,2.0
市ケ谷駅,2023,house,3,600000000,1350000000,550000000,2900000000,3952569.0,3964775.0,160,1987.0,5.0
市ケ谷駅,2024,house,4,395000000,380500000,32000000,700000000,3283373.0,3252863.0,170,1986.0,7.0
市ケ谷駅,2025,house,3,440000000,353333333,140000000,480000000,6347107.0,6069991.0,100,1996.0,5.0
市ケ谷駅,2021,land,1,2100000000,2100000000,2100000000,2100000000,14000000.0,14000000.0,520,,
市ケ谷駅,2022,land,1,67000000,67000000,67000000,67000000,5600000.0,5600000.0,40,,6.0
市ケ谷駅,2023,land,2,160000000,160000000,150000000,170000000,7250000.0,7250000.0,82,,6.0
市ケ谷駅,2024,land,3,350000000,636666667,160000000,1400000000,18000000.0,17866667.0,65,,5.0
市ケ谷駅,2025,land,2,1350000000,1350000000,700000000,2000000000,18550000.0,18550000.0,270,,6.0
市ケ谷駅,2021,mansion,74,50000000,59347222,17000000,230000000,4017800.0,3991865.0,42,2003.0,4.0
市ケ谷駅,2022,mansion,81,67000000,69958667,8500000,430000000,4344746.0,4499026.0,50,2002.0,4.0
市ケ谷駅,2023,mansion,77,70000000,76631579,12000000,240000000,4407713.0,4588681.0,50,2003.0,4.0
市ケ谷駅,2024,mansion,86,71500000,101943529,8200000,460000000,4925620.0,5515395.0,50,2003.0,4.0
市ケ谷駅,2025,mansion,83,98000000,126050633,11000000,1400000000,5785124.0,6771786.0,60,2003.0,5.0
布田駅,2021,house,51,47000000,47121951,10000000,210000000,1866650.0,1809895.0,105,2021.0,14.0
布田駅,2022,house,35,55000000,54156250,3500000,150000000,1942149.0,1853823.0,105,2016.0,10.0
布田駅,2023,house,27,55000000,53391304,35000000,430000000,1913876.0,1981983.0,110,2015.0,14.0
布田駅,2024,house,22,65000000,64421053,14000000,140000000,2275023.0,2295131.0,112,2024.0,10.0
布田駅,2025,house,37,64000000,60575758,18000000,500000000,1983471.0,2073312.0,105,2010.0,10.0
布田駅,2021,land,17,36000000,34818750,3100000,150000000,1000000.0,1045000.0,110,,13.0
布田駅,2022,land,13,37000000,33833333,11000000,490000000,1100000.0,1070000.0,110,,9.0
布田駅,2023,land,5,46000000,33980000,7000000,54000000,970000.0,946000.0,125,,3.0
布田駅,2024,land,5,37000000,48750000,34000000,210000000,1100000.0,1252000.0,150,,11.0
布田駅,2025,land,5,41000000,39000000,33000000,110000000,1000000.0,1332000.0,110,,10.0
布田駅,2021,mansion,31,24000000,26964516,5200000,56000000,1432507.0,1474038.0,70,1986.0,14.0
布田駅,2022,mansion,31,25000000,23148148,7800000,52000000,1616162.0,1754503.0,55,1981.0,8.0
布田駅,2023,mansion,33,25000000,30600000,6800000,66000000,1469238.0,1770708.0,60,1991.0,7.0
布田駅,2024,mansion,32,29500000,31440625,6000000,70000000,1846088.0,1744975.0,65,1993.0,7.0
布田駅,2025,mansion,48,26000000,26640909,8200000,78000000,1426210.0,1516234.0,60,1981.0,7.0
幡ケ谷駅,2021,house,16,126500000,124214286,35000000,700000000,3023291.0,3006471.0,102,2016.0,8.0
幡ケ谷駅,2022,house,33,78000000,100517241,17000000,960000000,2865014.0,2726555.0,65,2000.0,9.0
幡ケ谷駅,2023,house,25,98000000,100909091,50000000,1000000000,2888212.0,2817802.0,90,2004.0,10.0
幡ケ谷駅,2024,house,39,82000000,75750000,19000000,1100000000,3019401.0,2946276.0,70,1996.0,8.0
幡ケ谷駅,2025,house,26,95000000,111333333,23000000,560000000,3289256.0,3200040.0,75,1998.0,10.0
幡ケ谷駅,2021,land,19,71000000,101111111,22000000,600000000,2900000.0,2766667.0,100,,8.0
幡ケ谷駅,2022,land,11,77000000,76900000,40000000,210000000,3100000.0,3209091.0,85,,9.0
幡ケ谷駅,2023,land,13,120000000,100166667,21000000,300000000,3700000.0,3592308.0,100,,9.0
幡ケ谷駅,2024,land,9,90000000,97750000,50000000,330000000,2900000.0,3055556.0,150,,11.0
幡ケ谷駅,2025,land,5,96000000,92600000,31000000,150000000,2600000.0,2250000.0,85,,8.0
幡ケ谷駅,2021,mansion,103,29000000,39588235,7000000,140000000,2975206.0,2858495.0,45,1995.0,6.0
幡ケ谷駅,2022,mansion,90,26500000,27134615,8300000,150000000,3157025.0,3042935.0,30,2000.0,5.0
幡ケ谷駅,2023,mansion,86,28000000,40480000,7400000,230000000,3305785.0,3210526.0,40,1998.0,5.0
幡ケ谷駅,2024,mansion,85,38000000,48601220,9500000,160000000,3173554.0,3382923.0,45,1995.0,5.0
幡ケ谷駅,2025,mansion,105,32000000,44214423,8300000,200000000,3526171.0,3495934.0,35,1995.0,6.0
平井駅,2021,house,37,55000000,45093750,10000000,600000000,1851240.0,1625398.0,75,2019.0,8.0
平井駅,2022,house,28,46000000,45822222,3200000,240000000,1707989.0,1481298.0,65,2007.0,10.0
平井駅,2023,house,46,55000000,51967391,2000000,110000000,1752066.0,1740460.0,75,2020.0,10.0
平井駅,2024,house,37,59000000,52274194,9500000,660000000,1744720.0,1653931.0,85,2017.0,10.0
平井駅,2025,house,50,65000000,60302326,20000000,600000000,2098386.0,1972662.0,80,2018.0,10.0
平井駅,2021,land,15,35000000,33428571,13000000,280000000,1300000.0,1393571.0,70,,7.0
平井駅,2022,land,14,39500000,32875000,3500000,150000000,1550000.0,1334615.0,78,,10.0
平井駅,2023,land,9,46000000,38750000,10000000,640000000,1600000.0,1563333.0,100,,9.0
平井駅,2024,land,11,35000000,38636364,13000000,67000000,1300000.0,1327273.0,90,,9.0
平井駅,2025,land,13,51000000,46272727,17000000,270000000,1700000.0,1723077.0,105,,9.0
平井駅,2021,mansion,91,40000000,39552809,9200000,93000000,1983471.0,1977445.0,70,2002.0,10.0
平井駅,2022,mansion,104,43500000,44116505,9400000,76000000,2103792.0,2080994.0,70,2007.0,11.0
平井駅,2023,mansion,102,46000000,45330000,9000000,97000000,2184006.0,2182570.0,70,2008.0,10.0
平井駅,2024,mansion,91,45000000,46235955,12000000,120000000,2369146.0,2338486.0,70,2006.0,9.0
平井駅,2025,mansion,143,50000000,50664179,15000000,140000000,2455726.0,2476867.0,70,2005.0,8.0
平和台駅,2021,house,47,61000000,59113636,9800000,540000000,2203857.0,2013786.0,100,2020.0,11.0
平和台駅,2022,house,54,62000000,62471698,12000000,420000000,2260384.0,2229946.0,90,2012.0,10.0
平和台駅,2023,house,41,64000000,59054054,8000000,490000000,2261853.0,2116062.0,95,2008.0,10.0
平和台駅,2024,house,48,65000000,64476190,10000000,1100000000,1948394.0,2014274.0,105,2007.0,10.0
平和台駅,2025,house,58,83000000,72636364,7000000,250000000,2701299.0,2572206.0,105,2024.0,10.0
平和台駅,2021,land,12,49500000,47675000,100000,81000000,1600000.0,1645455.0,92,,11.0
平和台駅,2022,land,7,78000000,82833333,23000000,1000000000,1800000.0,1742857.0,145,,10.0
平和台駅,2023,land,6,53500000,419333333,35000000,1500000000,1700000.0,1683333.0,105,,8.0
平和台駅,2024,land,11,63000000,52222222,25000000,1500000000,2000000.0,1872727.0,95,,10.0
平和台駅,2025,land,10,61000000,68444444,36000000,260000000,1850000.0,1842857.0,122,,8.0
平和台駅,2021,mansion,39,40000000,36282051,1000000,74000000,2148760.0,2321380.0,60,2007.0,9.0
平和台駅,2022,mansion,36,47000000,45019444,8100000,82000000,2337662.0,2332220.0,65,2010.0,8.0
平和台駅,2023,mansion,35,46000000,43165714,8800000,86000000,2644628.0,2801429.0,60,2008.0,8.0
平和台駅,2024,mansion,35,54000000,45520000,8000000,80000000,2732782.0,3059378.0,65,2012.0,9.0
平和台駅,2025,mansion,42,37000000,41909524,7000000,88000000,2704733.0,2825751.0,55,2012.0,7.0
平和島駅,2021,house,23,55000000,53722222,27000000,1400000000,2024793.0,2028592.0,70,2005.0,5.0
平和島駅,2022,house,32,60000000,58821429,24000000,350000000,1983471.0,1990308.0,65,2007.0,6.0
平和島駅,2023,house,24,55500000,48000000,10000000,4900000000,1962220.0,1814882.0,62,1996.0,7.0
平和島駅,2024,house,34,63000000,65633333,27000000,1200000000,2210339.0,2200538.0,65,2001.0,7.0
平和島駅,2025,house,37,60000000,56645161,10000000,340000000,2266824.0,2112490.0,55,2013.0,8.0
平和島駅,2021,land,7,46000000,48000000,22000000,53000000,2500000.0,2785714.0,55,,8.0
平和島駅,2022,land,4,53000000,74250000,21000000,170000000,3200000.0,3125000.0,52,,9.0
平和島駅,2023,land,2,81000000,81000000,62000000,100000000,2100000.0,2100000.0,130,,4.0
平和島駅,2024,land,11,60000000,68818182,28000000,150000000,1900000.0,2118182.0,105,,7.0
平和島駅,2025,land,10,69000000,60750000,36000000,180000000,2450000.0,2500000.0,92,,5.0
平和島駅,2021,mansion,86,21000000,24623256,4500000,55000000,2394333.0,2430108.0,25,1999.0,7.0
平和島駅,2022,mansion,76,23000000,24154667,7100000,60000000,2809917.0,2786319.0,25,2006.0,7.0
平和島駅,2023,mansion,72,23000000,24526087,3900000,58000000,2905084.0,2835415.0,25,2006.0,7.0
平和島駅,2024,mansion,73,25000000,25610448,7000000,63000000,2975206.0,2883522.0,25,2006.0,6.0
平和島駅,2025,mansion,102,26500000,29498000,7000000,83000000,2909091.0,2846782.0,25,2004.0,7.0
平山城址公園駅,2021,house,32,34000000,31866667,14000000,90000000,1123967.0,1051461.0,148,2020.0,10.0
平山城址公園駅,2022,house,21,35000000,31357143,7500000,50000000,1078730.0,993578.0,155,2012.0,11.0
平山城址公園駅,2023,house,19,30000000,30875000,3500000,43000000,798898.0,810216.0,190,1988.0,14.0
平山城址公園駅,2024,house,25,23000000,27360000,5000000,55000000,816723.0,849126.0,170,1988.0,11.0
平山城址公園駅,2025,house,36,35500000,36258333,6300000,66000000,1123967.0,1085530.0,180,2012.0,15.0
平山城址公園駅,2021,land,6,25000000,32166667,18000000,57000000,310000.0,333333.0,290,,12.0
平山城址公園駅,2022,land,9,29000000,29000000,5200000,130000000,620000.0,551111.0,135,,11.0
平山城址公園駅,2023,land,10,28000000,27200000,9000000,41000000,480000.0,392500.0,220,,13.0
平山城址公園駅,2024,land,5,20000000,18000000,11000000,23000000,320000.0,342000.0,165,,11.0
平山城址公園駅,2025,land,8,32000000,28285714,15000000,100000000,465000.0,444286.0,230,,12.0
平山城址公園駅,2021,mansion,9,2900000,6175000,2200000,56000000,639118.0,680886.0,20,1990.0,7.0
平山城址公園駅,2022,mansion,9,3200000,8825000,2500000,61000000,694215.0,846423.0,20,1990.0,8.0
平山城址公園駅,2023,mansion,7,3300000,21985714,2200000,66000000,545455.0,685101.0,20,1989.0,11.0
平山城址公園駅,2025,mansion,5,3000000,3166667,600000,4700000,495868.0,523416.0,20,1990.0,8.0
広尾駅,2021,house,7,330000000,458833333,60000000,3300000000,4407713.0,5463004.0,200,1990.0,7.0
広尾駅,2022,house,11,180000000,197400000,15000000,1600000000,3512397.0,3255671.0,85,1997.0,10.0
広尾駅,2023,house,10,320000000,305666667,51000000,6000000000,4779776.0,5691820.0,88,2012.0,10.0
広尾駅,2024,house,13,150000000,200454545,50000000,2400000000,5349361.0,4749831.0,65,1996.0,10.0
広尾駅,2025,house,16,725000000,751333333,150000000,2300000000,6734006.0,6483303.0,148,2005.0,7.0
広尾駅,2021,land,2,175000000,175000000,140000000,210000000,6750000.0,6750000.0,82,,12.0
広尾駅,2022,land,3,190000000,1430000000,100000000,4000000000,5800000.0,6600000.0,110,,11.0
広尾駅,2023,land,7,360000000,271666667,130000000,750000000,8600000.0,8533333.0,135,,12.0
広尾駅,2024,land,4,305000000,325250000,91000000,600000000,6500000.0,6400000.0,108,,10.0
広尾駅,2025,land,4,265000000,335000000,110000000,700000000,9150000.0,9625000.0,85,,8.0
広尾駅,2021,mansion,161,94000000,108173077,12000000,490000000,5344352.0,5379889.0,60,2009.0,9.0
広尾駅,2022,mansion,149,110000000,114364286,14000000,880000000,5730027.0,5530611.0,65,2006.0,8.0
広尾駅,2023,mansion,142,100000000,120941606,13000000,1200000000,5552024.0,5656528.0,60,2006.0,9.0
広尾駅,2024,mansion,145,120000000,130813433,12000000,870000000,6170799.0,6513577.0,60,2005.0,9.0
広尾駅,2025,mansion,188,140000000,174110465,15000000,1100000000,7684500.0,8287272.0,68,2006.0,9.0
庚申塚駅,2024,house,2,100000000,100000000,70000000,130000000,2643515.0,2643515.0,108,1994.0,5.0
庚申塚駅,2025,house,4,66500000,65333333,63000000,90000000,2837465.0,2883379.0,65,2012.0,4.0
庚申塚駅,2021,mansion,1,76000000,76000000,76000000,76000000,2955761.0,2955761.0,85,2007.0,1.0
庚申塚駅,2022,mansion,1,53000000,53000000,53000000,53000000,3185575.0,3185575.0,55,2007.0,1.0
庚申塚駅,2024,mansion,1,72000000,72000000,72000000,72000000,3173554.0,3173554.0,75,2007.0,2.0
庚申塚駅,2025,mansion,2,114500000,114500000,79000000,150000000,4344746.0,4344746.0,85,2006.0,2.0
府中本町駅,2021,house,19,44000000,44312500,28000000,120000000,1542700.0,1565946.0,110,2021.0,8.0
府中本町駅,2022,house,12,49500000,49363636,43000000,110000000,1713236.0,1633215.0,108,2015.0,10.0
府中本町駅,2023,house,6,48500000,48000000,30000000,68000000,1542700.0,1574280.0,102,2004.0,10.0
府中本町駅,2024,house,5,65000000,59800000,20000000,100000000,1939895.0,1978901.0,110,2008.0,8.0
府中本町駅,2025,house,9,60000000,58777778,44000000,72000000,2148760.0,2054610.0,100,2025.0,10.0
府中本町駅,2021,land,4,43000000,42666667,42000000,210000000,1200000.0,1305000.0,140,,6.0
府中本町駅,2022,land,4,52000000,51750000,45000000,58000000,1500000.0,1442500.0,118,,6.0
府中本町駅,2023,land,1,48000000,48000000,48000000,48000000,950000.0,950000.0,165,,11.0
府中本町駅,2024,land,3,61000000,97333333,61000000,170000000,650000.0,753333.0,330,,15.0
府中本町駅,2025,land,2,73000000,73000000,50000000,96000000,1350000.0,1350000.0,185,,7.0
府中本町駅,2021,mansion,24,31500000,34416667,12000000,57000000,1810669.0,1784538.0,68,2007.0,3.0
府中本町駅,2022,mansion,19,37000000,35526316,8000000,60000000,2288620.0,1852785.0,70,2005.0,4.0
府中本町駅,2023,mansion,21,34000000,33250000,13000000,62000000,1586777.0,1740809.0,70,1998.0,4.0
府中本町駅,2024,mansion,16,36000000,40562500,21000000,65000000,2011019.0,2003127.0,65,2008.0,4.0
府中本町駅,2025,mansion,21,47000000,48047619,10000000,92000000,2464312.0,2386618.0,65,2008.0,3.0
府中競馬正門前駅,2022,house,3,68000000,64333333,48000000,77000000,2266824.0,2273176.0,115,1996.0,6.0
府中競馬正門前駅,2024,house,1,140000000,140000000,140000000,140000000,2644628.0,2644628.0,140,2024.0,1.0
府中競馬正門前駅,2022,land,2,33500000,33500000,29000000,38000000,840000.0,840000.0,135,,4.0
府中競馬正門前駅,2023,land,1,66000000,66000000,66000000,66000000,1500000.0,1500000.0,140,,1.0
府中競馬正門前駅,2024,land,1,48000000,48000000,48000000,48000000,1500000.0,1500000.0,105,,3.0
府中競馬正門前駅,2023,mansion,2,40000000,40000000,37000000,43000000,2404207.0,2404207.0,55,1998.0,9.0
府中競馬正門前駅,2024,mansion,1,48000000,48000000,48000000,48000000,2644628.0,2644628.0,60,2012.0,3.0
府中競馬正門前駅,2025,mansion,2,44000000,44000000,40000000,48000000,2603941.0,2603941.0,58,2007.0,3.0
府中駅,2021,house,66,53500000,53298246,1500000,470000000,1942149.0,1877393.0,105,2021.0,15.0
府中駅,2022,house,48,54000000,53536585,16000000,470000000,1689623.0,1757717.0,112,2014.0,14.0
府中駅,2023,house,31,53000000,48833333,11000000,470000000,1726354.0,1696144.0,105,2014.0,15.0
府中駅,2024,house,37,57000000,57900000,5500000,1100000000,1893313.0,1829493.0,105,2015.0,14.0
府中駅,2025,house,52,61500000,57540000,15000000,1400000000,2128956.0,2192164.0,100,2025.0,13.0
府中駅,2021,land,14,49000000,47153846,30000000,100000000,1250000.0,1250714.0,122,,13.0
府中駅,2022,land,5,73000000,163000000,40000000,440000000,2500000.0,2260000.0,95,,7.0
府中駅,2023,land,12,63500000,84818182,10000000,340000000,1950000.0,1994000.0,108,,6.0
府中駅,2024,land,15,48000000,49285714,13000000,120000000,1600000.0,1920714.0,90,,8.0
府中駅,2025,land,9,110000000,132000000,34000000,450000000,3100000.0,2622222.0,135,,7.0
府中駅,2021,mansion,159,39000000,39784076,5900000,190000000,2148760.0,2151984.0,65,2005.0,6.0
府中駅,2022,mansion,185,44000000,42224590,7400000,97000000,2339479.0,2334791.0,65,2006.0,6.0
府中駅,2023,mansion,164,44500000,42986503,6200000,150000000,2382920.0,2342190.0,65,2005.0,5.0
府中駅,2024,mansion,209,43000000,44798077,7500000,100000000,2479339.0,2509197.0,60,2005.0,5.0
府中駅,2025,mansion,226,52500000,50749107,4800000,140000000,2713572.0,2645813.0,70,2004.0,6.0
後楽園駅,2021,house,6,82500000,83200000,69000000,450000000,3508264.0,3536461.0,60,2011.0,9.0
後楽園駅,2022,house,3,89000000,104666667,55000000,170000000,3461351.0,2905567.0,90,1971.0,7.0
後楽園駅,2023,house,1,290000000,290000000,290000000,290000000,8336327.0,8336327.0,240,1994.0,6.0
後楽園駅,2024,house,5,150000000,153500000,69000000,1000000000,3122130.0,3512918.0,60,1987.0,3.0
後楽園駅,2025,house,10,130000000,171000000,52000000,1300000000,3438016.0,3509244.0,98,1988.0,8.0
後楽園駅,2021,land,2,185000000,185000000,150000000,220000000,5200000.0,5200000.0,115,,8.0
後楽園駅,2023,land,1,70000000,70000000,70000000,70000000,4300000.0,4300000.0,55,,2.0
後楽園駅,2024,land,3,130000000,143333333,120000000,180000000,4500000.0,5133333.0,90,,12.0
後楽園駅,2025,land,4,104000000,165250000,63000000,390000000,5400000.0,5225000.0,60,,3.0
後楽園駅,2021,mansion,62,46000000,52645161,9000000,130000000,3636364.0,3694717.0,42,2004.0,6.0
後楽園駅,2022,mansion,66,55500000,58670769,6600000,220000000,3755033.0,3827410.0,50,2004.0,6.0
後楽園駅,2023,mansion,49,65000000,65375000,13000000,210000000,3856749.0,3636641.0,60,2003.0,9.0
後楽園駅,2024,mansion,48,48000000,59812500,14000000,170000000,4148760.0,4140431.0,48,2004.0,9.0
後楽園駅,2025,mansion,57,64000000,69839286,14000000,220000000,4628099.0,4586045.0,45,2005.0,9.0
御嶽山駅,2021,house,32,75000000,71413793,22000000,630000000,2430724.0,2391190.0,95,2017.0,6.0
御嶽山駅,2022,house,21,71000000,68263158,12000000,170000000,2401044.0,2456086.0,90,2006.0,8.0
御嶽山駅,2023,house,22,75000000,72500000,15000000,690000000,2317643.0,2207060.0,92,2000.0,5.0
御嶽山駅,2024,house,21,75000000,74687500,25000000,230000000,2550177.0,2549404.0,90,2008.0,7.0
御嶽山駅,2025,house,23,71000000,69240000,8800000,530000000,2770563.0,2566763.0,80,2019.0,6.0
御嶽山駅,2021,land,16,76500000,67933333,24000000,210000000,2050000.0,2028750.0,112,,4.0
御嶽山駅,2022,land,7,56000000,58833333,49000000,100000000,2100000.0,2228571.0,105,,7.0
御嶽山駅,2023,land,6,79000000,76600000,31000000,440000000,2600000.0,2600000.0,108,,4.0
御嶽山駅,2024,land,8,140000000,133857143,48000000,1800000000,2650000.0,2857143.0,165,,6.0
御嶽山駅,2025,land,7,94000000,85500000,59000000,180000000,3000000.0,3150000.0,110,,6.0
御嶽山駅,2021,mansion,19,33000000,35526316,12000000,80000000,2597402.0,2629336.0,50,2000.0,6.0
御嶽山駅,2022,mansion,26,36500000,38884615,10000000,71000000,2770849.0,2779849.0,50,2003.0,4.0
御嶽山駅,2023,mansion,36,52500000,45805556,12000000,80000000,2695486.0,2764760.0,62,2000.0,6.0
御嶽山駅,2024,mansion,30,45000000,43100000,12000000,92000000,2904368.0,2910753.0,50,2003.0,6.0
御嶽山駅,2025,mansion,24,52000000,48666667,13000000,99000000,3188175.0,3219210.0,55,2004.0,5.0
御嶽駅,2021,house,3,3300000,4766667,1000000,10000000,80808.0,216390.0,200,1979.0,7.0
御嶽駅,2023,house,2,12500000,12500000,12000000,13000000,311714.0,311714.0,405,1983.0,10.0
御嶽駅,2024,house,3,12000000,12600000,9800000,16000000,323967.0,325035.0,510,1983.0,10.0
御嶽駅,2025,house,1,24000000,24000000,24000000,24000000,293848.0,293848.0,1400,1960.0,7.0
御嶽駅,2025,land,1,10000000,10000000,10000000,10000000,100000.0,100000.0,330,,4.0
御徒町駅,2021,house,2,295000000,295000000,190000000,400000000,2700776.0,2700776.0,142,2002.0,2.0
御徒町駅,2023,house,2,134000000,134000000,58000000,210000000,1373891.0,1373891.0,105,1969.0,4.0
御徒町駅,2024,house,1,140000000,140000000,140000000,140000000,1851240.0,1851240.0,70,1980.0,4.0
御徒町駅,2025,house,1,3300000000,3300000000,3300000000,3300000000,5454545.0,5454545.0,600,1992.0,2.0
御徒町駅,2023,land,1,2700000000,2700000000,2700000000,2700000000,40000000.0,40000000.0,220,,2.0
御徒町駅,2024,land,1,180000000,180000000,180000000,180000000,6000000.0,6000000.0,100,,3.0
御徒町駅,2021,mansion,5,32000000,28400000,18000000,35000000,2975206.0,2847917.0,30,1995.0,7.0
御徒町駅,2022,mansion,10,34000000,42700000,17000000,65000000,3526171.0,3159940.0,42,1998.0,5.0
御徒町駅,2023,mansion,15,31000000,41600000,12000000,96000000,3379247.0,3414524.0,30,1995.0,7.0
御徒町駅,2024,mansion,6,29500000,37500000,14000000,70000000,3140496.0,3259871.0,30,1984.0,8.0
御徒町駅,2025,mansion,24,34500000,36956522,12000000,88000000,3515575.0,3532590.0,30,1984.0,6.0
御成門駅,2021,house,1,220000000,220000000,220000000,220000000,2507837.0,2507837.0,70,1982.0,7.0
御成門駅,2022,house,3,300000000,286666667,160000000,400000000,4068658.0,4459609.0,45,1990.0,7.0
御成門駅,2023,house,3,630000000,553333333,230000000,800000000,3620622.0,3494210.0,110,1976.0,2.0
御成門駅,2024,house,3,430000000,380000000,190000000,520000000,6978879.0,6732058.0,70,2018.0,5.0
御成門駅,2025,house,1,4800000000,4800000000,4800000000,4800000000,7933884.0,7933884.0,370,1981.0,3.0
御成門駅,2021,land,2,11345000000,11345000000,690000000,22000000000,27000000.0,27000000.0,982,,4.0
御成門駅,2022,land,2,15044500000,15044500000,89000000,30000000000,31150000.0,31150000.0,920,,4.0
御成門駅,2023,land,1,160000000,160000000,160000000,160000000,8500000.0,8500000.0,60,,4.0
御成門駅,2024,land,2,1135000000,1135000000,770000000,1500000000,20000000.0,20000000.0,182,,6.0
御成門駅,2025,land,2,683000000,683000000,66000000,1300000000,10900000.0,10900000.0,155,,4.0
御成門駅,2021,mansion,24,33000000,42958333,15000000,100000000,4455297.0,4355618.0,25,2012.0,5.0
御成門駅,2022,mansion,17,28000000,29066667,18000000,65000000,3786626.0,3991091.0,25,2014.0,6.0
御成門駅,2023,mansion,15,29000000,29428571,15000000,59000000,4297520.0,4081543.0,25,2012.0,6.0
御成門駅,2024,mansion,16,38500000,34642857,13000000,110000000,5438016.0,5564738.0,25,2014.0,5.0
御成門駅,2025,mansion,21,32000000,34777778,12000000,190000000,5818182.0,5426735.0,25,2012.0,4.0
御茶ノ水駅,2021,house,1,140000000,140000000,140000000,140000000,3856749.0,3856749.0,50,2006.0,7.0
御茶ノ水駅,2022,house,1,290000000,290000000,290000000,290000000,3994490.0,3994490.0,105,1992.0,5.0
御茶ノ水駅,2023,house,4,1800000000,1570000000,280000000,2400000000,4462810.0,4826736.0,180,1992.0,4.0
御茶ノ水駅,2024,house,6,780000000,1344833333,99000000,3900000000,4165289.0,4553430.0,98,1988.0,6.0
御茶ノ水駅,2025,house,2,540000000,540000000,250000000,830000000,3914575.0,3914575.0,85,1988.0,6.0
御茶ノ水駅,2021,land,1,160000000,160000000,160000000,160000000,6500000.0,6500000.0,80,,4.0
御茶ノ水駅,2022,land,1,84000000,84000000,84000000,84000000,4000000.0,4000000.0,70,,8.0
御茶ノ水駅,2023,land,1,420000000,420000000,420000000,420000000,17000000.0,17000000.0,80,,5.0
御茶ノ水駅,2024,land,1,50000000,50000000,50000000,50000000,4900000.0,4900000.0,35,,7.0
御茶ノ水駅,2021,mansion,41,35000000,39837500,9500000,120000000,3494687.0,3462566.0,35,2000.0,6.0
御茶ノ水駅,2022,mansion,43,53000000,55775000,22000000,160000000,4214876.0,4319495.0,40,2004.0,6.0
御茶ノ水駅,2023,mansion,44,50000000,48883721,14000000,200000000,4451003.0,4189957.0,38,2006.0,7.0
御茶ノ水駅,2024,mansion,42,44500000,43421053,11000000,260000000,3966942.0,4212440.0,32,2000.0,6.0
御茶ノ水駅,2025,mansion,54,37500000,43040000,12000000,200000000,4380165.0,4595493.0,28,2001.0,6.0
志村三丁目駅,2021,house,20,50500000,46125000,4000000,160000000,1706212.0,1626865.0,85,2019.0,11.0
志村三丁目駅,2022,house,16,52000000,47106667,1100000,350000000,1823881.0,1643842.0,80,2012.0,13.0
志村三丁目駅,2023,house,20,45500000,46915000,3000000,110000000,1428269.0,1350493.0,88,2001.0,14.0
志村三丁目駅,2024,house,28,50000000,50240000,12000000,2100000000,1818182.0,1855443.0,72,2014.0,10.0
志村三丁目駅,2025,house,24,58000000,59166667,5400000,110000000,1857536.0,1590040.0,78,2020.0,15.0
志村三丁目駅,2021,land,5,24000000,23666667,2000000,39000000,1500000.0,1650000.0,55,,6.0
志村三丁目駅,2022,land,7,40000000,33166667,15000000,330000000,1700000.0,1655714.0,75,,9.0
志村三丁目駅,2023,land,6,31000000,23260000,3300000,920000000,1025000.0,1173333.0,88,,11.0
志村三丁目駅,2024,land,4,73000000,67666667,57000000,820000000,2400000.0,2375000.0,112,,6.0
志村三丁目駅,2025,land,8,107500000,99750000,20000000,150000000,1850000.0,1950000.0,165,,10.0
志村三丁目駅,2021,mansion,103,31000000,30802913,2700000,63000000,1895317.0,1847127.0,65,2004.0,7.0
志村三丁目駅,2022,mansion,106,38000000,36094340,6000000,64000000,2182416.0,2140006.0,68,2005.0,7.0
志村三丁目駅,2023,mansion,118,35500000,34783761,7200000,80000000,1983471.0,2051120.0,65,2000.0,8.0
志村三丁目駅,2024,mansion,120,30500000,32833333,5000000,80000000,1933884.0,1967908.0,60,1986.0,8.0
志村三丁目駅,2025,mansion,132,37000000,39643182,2400000,80000000,2198764.0,2151645.0,65,1997.0,9.0
志村坂上駅,2021,house,7,35000000,42666667,12000000,290000000,1616162.0,1908856.0,85,1989.0,8.0
志村坂上駅,2022,house,4,59000000,57000000,53000000,110000000,2053066.0,2015514.0,62,2022.0,10.0
志村坂上駅,2023,house,12,76000000,78900000,10000000,840000000,1743095.0,1669864.0,108,2007.0,8.0
志村坂上駅,2024,house,26,65000000,79680000,27000000,260000000,2017316.0,1829001.0,95,2000.0,7.0
志村坂上駅,2025,house,30,63500000,62680000,9000000,350000000,1995277.0,1980399.0,80,2010.0,10.0
志村坂上駅,2021,land,8,57500000,72000000,45000000,430000000,1750000.0,1725000.0,105,,8.0
志村坂上駅,2022,land,4,42500000,41750000,24000000,58000000,1100000.0,1100000.0,98,,9.0
志村坂上駅,2023,land,5,45000000,49200000,23000000,87000000,1800000.0,1900000.0,125,,7.0
志村坂上駅,2024,land,7,62000000,129000000,29000000,330000000,2600000.0,2216667.0,70,,4.0
志村坂上駅,2025,land,6,65500000,75500000,52000000,110000000,1850000.0,1916667.0,138,,11.0
志村坂上駅,2021,mansion,103,34000000,35057282,8000000,74000000,2336088.0,2204797.0,65,2011.0,7.0
志村坂上駅,2022,mansion,120,37500000,37545833,2000000,72000000,2283997.0,2162736.0,65,2002.0,8.0
志村坂上駅,2023,mansion,107,41000000,41588785,6000000,75000000,2502952.0,2358576.0,65,2006.0,8.0
志村坂上駅,2024,mansion,97,35000000,39535052,8900000,74000000,2408500.0,2405656.0,60,2002.0,7.0
志村坂上駅,2025,mansion,120,37000000,39483333,4000000,83000000,2479339.0,2394704.0,60,2001.0,7.0
志茂駅,2021,house,21,53000000,53400000,6500000,250000000,1818182.0,1830154.0,70,2021.0,8.0
志茂駅,2022,house,16,40500000,44600000,2800000,67000000,1735537.0,1683009.0,65,2005.0,8.0
志茂駅,2023,house,13,55000000,49500000,10000000,140000000,1520661.0,1705053.0,65,2007.0,6.0
志茂駅,2024,house,14,54000000,51875000,2000000,360000000,1889020.0,1653230.0,88,2005.0,8.0
志茂駅,2025,house,29,69000000,68684211,11000000,240000000,2264463.0,2313697.0,70,2025.0,7.0
志茂駅,2021,land,9,41000000,43714286,20000000,91000000,1600000.0,1683333.0,85,,6.0
志茂駅,2022,land,10,68500000,62250000,45000000,190000000,2100000.0,2210000.0,110,,6.0
志茂駅,2023,land,8,30000000,32428571,17000000,100000000,1550000.0,1438571.0,80,,5.0
志茂駅,2024,land,10,56000000,70000000,25000000,140000000,2000000.0,1850000.0,122,,6.0
志茂駅,2025,land,10,76500000,107333333,22000000,350000000,2000000.0,2037500.0,142,,6.0
志茂駅,2021,mansion,34,28500000,27644118,7200000,58000000,2213874.0,2277870.0,38,2002.0,4.0
志茂駅,2022,mansion,34,43000000,40352941,11000000,75000000,2571731.0,2595221.0,60,2014.0,4.0
志茂駅,2023,mansion,57,50000000,44324561,7500000,64000000,2597402.0,2610622.0,65,2016.0,5.0
志茂駅,2024,mansion,55,52000000,45309091,11000000,73000000,2833530.0,2751699.0,65,2016.0,6.0
志茂駅,2025,mansion,67,54000000,48841791,8400000,76000000,2975206.0,3076795.0,65,2019.0,6.0
恋ケ窪駅,2021,house,60,49000000,45280702,12000000,170000000,1619835.0,1509753.0,130,2018.0,10.0
恋ケ窪駅,2022,house,44,51500000,47452381,6600000,200000000,1763085.0,1659406.0,115,2021.0,12.0
恋ケ窪駅,2023,house,41,52000000,49500000,11000000,380000000,1859151.0,1761557.0,115,2019.0,10.0
恋ケ窪駅,2024,house,53,55000000,53705882,23000000,170000000,1879078.0,1830876.0,120,2023.0,10.0
恋ケ窪駅,2025,house,75,53000000,50932432,13000000,110000000,1863261.0,1829937.0,110,2024.0,11.0
恋ケ窪駅,2021,land,20,32500000,31473684,5000000,62000000,830000.0,835294.0,125,,12.0
恋ケ窪駅,2022,land,10,42000000,42800000,29000000,55000000,990000.0,976000.0,125,,10.0
恋ケ窪駅,2023,land,16,35500000,37923077,16000000,350000000,900000.0,892667.0,128,,10.0
恋ケ窪駅,2024,land,9,36000000,34875000,17000000,180000000,790000.0,875556.0,120,,15.0
恋ケ窪駅,2025,land,9,64000000,49250000,19000000,190000000,990000.0,997778.0,195,,7.0
恋ケ窪駅,2021,mansion,12,29000000,28666667,13000000,41000000,1536342.0,1440297.0,62,2004.0,8.0
恋ケ窪駅,2022,mansion,16,36000000,34312500,19000000,47000000,1785477.0,1781055.0,65,2007.0,9.0
恋ケ窪駅,2023,mansion,14,31000000,34571429,13000000,58000000,1631702.0,1546750.0,78,2002.0,10.0
恋ケ窪駅,2024,mansion,9,35000000,34000000,18000000,51000000,2103681.0,1693744.0,65,2003.0,10.0
恋ケ窪駅,2025,mansion,19,34000000,32411765,17000000,69000000,1851240.0,1852428.0,65,2003.0,10.0
恵比寿駅,2021,house,15,150000000,402071429,57000000,2200000000,4112976.0,3866726.0,75,2004.0,10.0
恵比寿駅,2022,house,17,200000000,408625000,32000000,2100000000,3872491.0,3657586.0,120,1999.0,8.0
恵比寿駅,2023,house,22,335000000,497333333,45000000,2400000000,4407713.0,4351322.0,145,2001.0,10.0
恵比寿駅,2024,house,26,400000000,456045455,84000000,3100000000,5433522.0,6204900.0,130,2012.0,10.0
恵比寿駅,2025,house,24,195000000,184736842,80000000,1300000000,5950413.0,5892735.0,65,2016.0,10.0
恵比寿駅,2021,land,7,180000000,154571429,82000000,210000000,5600000.0,5085714.0,105,,11.0
恵比寿駅,2022,land,10,130000000,204111111,65000000,1900000000,7250000.0,7188889.0,90,,7.0
恵比寿駅,2023,land,10,165000000,164444444,100000000,1200000000,6300000.0,6288889.0,90,,12.0
恵比寿駅,2024,land,10,225000000,217666667,60000000,1200000000,6350000.0,6350000.0,128,,10.0
恵比寿駅,2025,land,4,295000000,350000000,110000000,700000000,6800000.0,7400000.0,142,,12.0
恵比寿駅,2021,mansion,150,67000000,75846154,12000000,300000000,4365331.0,4570064.0,55,2000.0,6.0
恵比寿駅,2022,mansion,135,63000000,67489764,7200000,350000000,4517906.0,4571179.0,50,2000.0,6.0
恵比寿駅,2023,mansion,204,73500000,92637000,8500000,640000000,5289256.0,5389476.0,50,2002.0,7.0
恵比寿駅,2024,mansion,142,83500000,96528986,11000000,440000000,5730027.0,5832316.0,50,2000.0,7.0
恵比寿駅,2025,mansion,160,110000000,111174497,16000000,550000000,6464646.0,6729912.0,60,2000.0,7.0
成城学園前駅,2021,house,52,98000000,121979167,40000000,1100000000,2495868.0,2688018.0,140,2008.0,15.0
成城学園前駅,2022,house,61,75000000,98709091,24000000,1300000000,2479339.0,2633507.0,115,2005.0,15.0
成城学園前駅,2023,house,57,75000000,115578947,21000000,290000000,2566845.0,2898280.0,125,2015.0,15.0
成城学園前駅,2024,house,47,90000000,103523810,23000000,1200000000,2783819.0,3166648.0,135,2010.0,16.0
成城学園前駅,2025,house,78,68000000,69656716,29000000,430000000,2342138.0,2359448.0,115,2018.0,20.0
成城学園前駅,2021,land,23,100000000,118727273,43000000,310000000,2000000.0,1882609.0,165,,10.0
成城学園前駅,2022,land,13,120000000,100272727,55000000,540000000,2300000.0,2315385.0,155,,10.0
成城学園前駅,2023,land,12,100000000,142333333,57000000,290000000,2300000.0,2308333.0,185,,14.0
成城学園前駅,2024,land,10,155000000,189100000,26000000,480000000,2550000.0,2800000.0,210,,8.0
成城学園前駅,2025,land,13,130000000,164181818,5000000,1000000000,2800000.0,2348333.0,230,,10.0
成城学園前駅,2021,mansion,100,60000000,58335000,6200000,120000000,2448407.0,2456892.0,75,2003.0,15.0
成城学園前駅,2022,mansion,86,64500000,60986047,8000000,120000000,2515545.0,2581678.0,75,2003.0,15.0
成城学園前駅,2023,mansion,67,63000000,66916418,6500000,150000000,2865014.0,2831280.0,75,2003.0,14.0
成城学園前駅,2024,mansion,77,77000000,74070270,5200000,230000000,2957808.0,3007407.0,80,2003.0,15.0
成城学園前駅,2025,mansion,103,77000000,70178000,6800000,270000000,3158861.0,3033934.0,75,2002.0,13.0
成増駅,2021,house,28,44000000,46038462,12000000,120000000,1786284.0,1706390.0,92,2014.0,15.0
成増駅,2022,house,32,55500000,52840000,5300000,500000000,2119835.0,1896702.0,98,2018.0,12.0
成増駅,2023,house,32,49000000,46038462,9400000,220000000,1708159.0,1627596.0,92,2013.0,14.0
成増駅,2024,house,46,47000000,43730769,8000000,410000000,1489177.0,1548747.0,82,2008.0,13.0
成増駅,2025,house,38,51000000,49557143,5000000,2200000000,1682061.0,1703114.0,95,2004.0,13.0
成増駅,2021,land,4,35250000,35000000,1500000,68000000,830000.0,800000.0,102,,9.0
成増駅,2022,land,4,49000000,44000000,34000000,110000000,1800000.0,1825000.0,78,,12.0
成増駅,2023,land,13,43000000,39666667,16000000,100000000,1400000.0,1593077.0,75,,13.0
成増駅,2024,land,6,51000000,50666667,34000000,65000000,1200000.0,1146000.0,115,,12.0
成増駅,2025,land,8,66000000,71500000,29000000,130000000,1300000.0,1500000.0,115,,11.0
成増駅,2021,mansion,39,41000000,40294872,5500000,65000000,2231405.0,2148322.0,65,2006.0,8.0
成増駅,2022,mansion,54,41000000,38874074,3900000,64000000,2355372.0,2271229.0,60,2006.0,6.0
成増駅,2023,mansion,49,37000000,37008163,6500000,78000000,2231405.0,2252550.0,60,2006.0,8.0
成増駅,2024,mansion,35,47000000,41451429,6100000,70000000,2455726.0,2261258.0,70,2008.0,9.0
成増駅,2025,mansion,70,50000000,48380000,7600000,81000000,2821724.0,2685331.0,62,2006.0,8.0
成瀬駅,2021,house,106,42000000,40721154,16000000,82000000,1322314.0,1297109.0,130,2020.0,16.0
成瀬駅,2022,house,89,46000000,47035714,14000000,120000000,1435655.0,1396368.0,155,2016.0,18.0
成瀬駅,2023,house,63,48000000,45517241,12000000,310000000,1520661.0,1397564.0,140,2009.0,15.0
成瀬駅,2024,house,91,46000000,46164706,5500000,2000000000,1515151.0,1466482.0,140,2014.0,15.0
成瀬駅,2025,house,95,51000000,50595506,13000000,250000000,1537691.0,1475531.0,140,2022.0,18.0
成瀬駅,2021,land,24,35500000,36714286,12000000,610000000,770000.0,678261.0,182,,11.0
成瀬駅,2022,land,17,42000000,44633333,2000000,370000000,600000.0,535333.0,210,,10.0
成瀬駅,2023,land,26,43500000,38772727,8000000,150000000,870000.0,821154.0,172,,11.0
成瀬駅,2024,land,31,38000000,42629630,5000000,170000000,800000.0,740000.0,185,,15.0
成瀬駅,2025,land,22,33500000,36600000,2300000,79000000,745000.0,755263.0,145,,13.0
成瀬駅,2021,mansion,13,37000000,35800000,18000000,54000000,1528926.0,1448725.0,75,2002.0,6.0
成瀬駅,2022,mansion,9,37000000,38500000,29000000,43000000,1780038.0,1677245.0,65,2002.0,3.0
成瀬駅,2023,mansion,8,41500000,40500000,26000000,50000000,1705153.0,1615013.0,78,2002.0,4.0
成瀬駅,2024,mansion,6,44500000,44600000,23000000,49000000,1861935.0,1861586.0,78,2004.0,8.0
成瀬駅,2025,mansion,9,43000000,44333333,35000000,57000000,1780038.0,1642047.0,95,2002.0,5.0
戸越公園駅,2021,house,7,80000000,75400000,38000000,150000000,2566845.0,2505703.0,75,2012.0,5.0
戸越公園駅,2022,house,14,71500000,75250000,14000000,730000000,2828283.0,2582259.0,60,2006.0,5.0
戸越公園駅,2023,house,8,97500000,150428571,38000000,1700000000,3261590.0,3364318.0,72,2008.0,3.0
戸越公園駅,2024,house,9,140000000,141222222,52000000,280000000,3382664.0,3248184.0,85,2019.0,5.0
戸越公園駅,2025,house,15,150000000,130615385,75000000,500000000,3216439.0,3131026.0,110,2008.0,5.0
戸越公園駅,2021,land,3,73000000,72666667,55000000,90000000,2600000.0,2633333.0,100,,4.0
戸越公園駅,2022,land,6,98000000,124000000,34000000,290000000,2850000.0,3116667.0,78,,4.0
戸越公園駅,2023,land,2,57500000,57500000,50000000,65000000,2850000.0,2850000.0,68,,4.0
戸越公園駅,2024,land,4,170000000,165250000,71000000,250000000,3450000.0,3525000.0,140,,3.0
戸越公園駅,2025,land,7,120000000,132428571,50000000,260000000,3700000.0,3328571.0,125,,4.0
戸越公園駅,2021,mansion,23,27000000,38608696,12000000,75000000,3486101.0,3498367.0,35,2010.0,4.0
戸越公園駅,2022,mansion,16,30500000,29133333,7000000,75000000,4181818.0,3757084.0,22,2013.0,4.0
戸越公園駅,2023,mansion,22,48500000,50590909,14000000,88000000,4256198.0,4015061.0,40,2013.0,4.0
戸越公園駅,2024,mansion,25,95000000,85120000,20000000,170000000,4628099.0,4869140.0,65,2018.0,3.0
戸越公園駅,2025,mansion,36,61500000,73305556,14000000,160000000,4805195.0,5086512.0,40,2017.0,4.0
戸越銀座駅,2021,house,15,76000000,78428571,20000000,190000000,2644628.0,2328619.0,65,2011.0,4.0
戸越銀座駅,2022,house,7,72000000,72714286,62000000,83000000,2533710.0,2531812.0,75,2004.0,5.0
戸越銀座駅,2023,house,10,113500000,120000000,35000000,200000000,3305785.0,3114023.0,85,2001.0,4.0
戸越銀座駅,2024,house,10,95000000,101777778,60000000,450000000,3489440.0,3405305.0,58,2024.0,6.0
戸越銀座駅,2025,house,6,81000000,81600000,54000000,2300000000,3276616.0,2969903.0,72,1985.0,2.0
戸越銀座駅,2021,land,3,75000000,95333333,61000000,150000000,3200000.0,3400000.0,75,,5.0
戸越銀座駅,2022,land,7,76000000,75500000,45000000,200000000,4100000.0,3771429.0,60,,5.0
戸越銀座駅,2023,land,3,80000000,189666667,79000000,410000000,3600000.0,3600000.0,75,,6.0
戸越銀座駅,2024,land,3,130000000,1561666667,55000000,4500000000,3800000.0,5500000.0,115,,5.0
戸越銀座駅,2025,land,3,90000000,91333333,85000000,99000000,4100000.0,3533333.0,80,,6.0
戸越銀座駅,2021,mansion,42,24500000,32690476,11000000,79000000,3305785.0,3159788.0,25,2000.0,5.0
戸越銀座駅,2022,mansion,26,24000000,38230769,13000000,75000000,3360881.0,3221019.0,28,2003.0,5.0
戸越銀座駅,2023,mansion,32,27500000,34718750,13000000,71000000,3085399.0,3095498.0,35,1999.0,5.0
戸越銀座駅,2024,mansion,41,24000000,29710526,12000000,110000000,3746556.0,3673165.0,25,1999.0,5.0
戸越銀座駅,2025,mansion,66,33000000,40843750,11000000,110000000,3584940.0,3746324.0,32,2001.0,5.0
戸越駅,2021,house,8,80500000,90500000,20000000,170000000,2341598.0,2427914.0,92,1995.0,5.0
戸越駅,2022,house,16,69000000,71153846,28000000,250000000,2561983.0,2429866.0,65,1995.0,5.0
戸越駅,2023,house,5,79000000,86750000,73000000,2300000000,3099173.0,2944648.0,105,2015.0,8.0
戸越駅,2024,house,25,80000000,85200000,25000000,190000000,3085399.0,3119480.0,85,1997.0,6.0
戸越駅,2025,house,14,115000000,104818182,75000000,2600000000,3990555.0,3840964.0,85,2006.0,7.0
戸越駅,2021,land,6,81500000,79500000,29000000,160000000,2650000.0,2340000.0,82,,4.0
戸越駅,2022,land,9,84000000,77142857,61000000,230000000,2800000.0,2812500.0,100,,4.0
戸越駅,2023,land,9,73000000,74333333,44000000,110000000,3100000.0,3250000.0,70,,5.0
戸越駅,2024,land,7,73000000,66000000,37000000,350000000,2800000.0,2766667.0,75,,6.0
戸越駅,2025,land,9,160000000,136888889,45000000,230000000,3000000.0,3344444.0,160,,5.0
戸越駅,2021,mansion,58,26000000,31627778,8900000,100000000,3305785.0,3300838.0,25,2003.0,6.0
戸越駅,2022,mansion,54,28500000,39722222,12000000,100000000,3579693.0,3531960.0,30,2003.0,6.0
戸越駅,2023,mansion,68,28000000,29017544,11000000,90000000,3966942.0,3694713.0,25,2005.0,6.0
戸越駅,2024,mansion,61,32000000,40583333,11000000,110000000,3966942.0,3913769.0,35,2004.0,6.0
戸越駅,2025,mansion,66,32000000,36354839,11000000,110000000,3608815.0,3639204.0,30,2003.0,6.0
所沢駅,2021,house,14,37000000,37666667,7500000,42000000,1237929.0,1267606.0,122,2020.0,20.0
所沢駅,2023,house,9,24000000,27000000,12000000,41000000,1118881.0,1088380.0,100,1993.0,18.0
所沢駅,2024,house,3,37000000,33333333,25000000,38000000,1256198.0,1291162.0,90,2009.0,18.0
所沢駅,2025,house,8,38000000,40142857,15000000,51000000,1395776.0,1254582.0,115,2014.0,20.0
所沢駅,2021,land,1,35000000,35000000,35000000,35000000,510000.0,510000.0,230,,15.0
所沢駅,2022,land,1,20000000,20000000,20000000,20000000,930000.0,930000.0,70,,18.0
所沢駅,2023,land,1,25000000,25000000,25000000,25000000,700000.0,700000.0,115,,16.0
所沢駅,2025,land,2,18500000,18500000,7000000,30000000,575000.0,575000.0,105,,14.0
所沢駅,2021,mansion,5,12000000,12666667,7300000,22000000,771350.0,677135.0,60,1991.0,22.0
所沢駅,2022,mansion,3,21000000,21000000,20000000,22000000,1118881.0,1097690.0,65,1996.0,14.0
所沢駅,2023,mansion,2,14200000,14200000,8400000,20000000,786268.0,786268.0,58,1994.0,20.0
所沢駅,2024,mansion,1,28000000,28000000,28000000,28000000,1542700.0,1542700.0,60,1996.0,14.0
所沢駅,2025,mansion,2,10000000,10000000,6000000,14000000,619083.0,619083.0,52,1990.0,22.0
扇大橋駅,2021,house,28,35500000,31320000,5000000,100000000,1272465.0,1197567.0,85,2009.0,11.0
扇大橋駅,2022,house,28,37000000,35478261,5000000,260000000,1225895.0,1223574.0,78,2010.0,15.0
扇大橋駅,2023,house,35,43000000,39696774,3500000,280000000,1410704.0,1309636.0,95,2019.0,10.0
扇大橋駅,2024,house,52,36500000,34295455,6000000,460000000,1288207.0,1230584.0,75,2015.0,13.0
扇大橋駅,2025,house,36,41000000,41272727,14000000,180000000,1377773.0,1353678.0,78,2011.0,15.0
扇大橋駅,2021,land,9,30000000,30387500,9000000,150000000,790000.0,811667.0,165,,13.0
扇大橋駅,2022,land,11,24000000,24555556,10000000,100000000,850000.0,806364.0,95,,9.0
扇大橋駅,2023,land,15,34000000,36500000,6500000,73000000,770000.0,803571.0,125,,14.0
扇大橋駅,2024,land,12,20500000,20800000,8000000,96000000,850000.0,946667.0,72,,14.0
扇大橋駅,2025,land,5,25000000,23100000,7500000,33000000,640000.0,790000.0,95,,15.0
扇大橋駅,2021,mansion,23,24000000,25652174,13000000,42000000,1391909.0,1406883.0,60,1992.0,7.0
扇大橋駅,2022,mansion,13,37000000,33307692,18000000,43000000,1794569.0,1778139.0,65,2010.0,6.0
扇大橋駅,2023,mansion,15,34000000,30553333,2300000,45000000,1729180.0,1728435.0,65,2015.0,6.0
扇大橋駅,2024,mansion,15,35000000,33200000,14000000,48000000,1895317.0,1707972.0,70,2010.0,7.0
扇大橋駅,2025,mansion,17,35000000,33411765,11000000,48000000,1652892.0,1596097.0,70,2007.0,7.0
押上駅,2021,house,24,85500000,87150000,36000000,600000000,2152604.0,2149153.0,70,2015.0,6.0
押上駅,2022,house,24,78000000,91000000,39000000,790000000,2438016.0,2465341.0,65,2004.0,8.0
押上駅,2023,house,14,98000000,148384615,30000000,950000000,2125148.0,2224997.0,85,2003.0,8.0
押上駅,2024,house,20,115000000,174473684,25000000,790000000,2481008.0,2452616.0,70,2002.0,8.0
押上駅,2025,house,35,85000000,107750000,39000000,710000000,3054672.0,3153029.0,65,2006.0,10.0
押上駅,2021,land,10,62500000,63222222,44000000,440000000,3050000.0,2900000.0,65,,8.0
押上駅,2022,land,11,77000000,75100000,26000000,340000000,3300000.0,3145455.0,75,,6.0
押上駅,2023,land,12,70000000,69600000,35000000,610000000,3150000.0,3083333.0,70,,8.0
押上駅,2024,land,17,130000000,155000000,68000000,280000000,4200000.0,4176471.0,140,,6.0
押上駅,2025,land,10,140000000,145600000,35000000,250000000,4100000.0,4112500.0,95,,5.0
押上駅,2021,mansion,153,33000000,36309211,9000000,81000000,2885049.0,2835089.0,45,2008.0,6.0
押上駅,2022,mansion,127,40000000,40574803,13000000,81000000,3005259.0,2924173.0,45,2006.0,7.0
押上駅,2023,mansion,115,37000000,39482456,7000000,110000000,3173554.0,3140622.0,40,2010.0,6.0
押上駅,2024,mansion,128,32000000,38834921,6000000,100000000,3305785.0,3267429.0,38,2008.0,6.0
押上駅,2025,mansion,161,36000000,41450641,8500000,120000000,3471074.0,3461829.0,40,2009.0,6.0
拝島駅,2021,house,36,31000000,28960000,9600000,270000000,1048452.0,1015587.0,118,2004.0,14.0
拝島駅,2022,house,50,38500000,34739583,8500000,7000000000,1175390.0,1111425.0,122,2014.0,15.0
拝島駅,2023,house,39,39000000,36228571,4500000,160000000,1276542.0,1291420.0,120,2022.0,11.0
拝島駅,2024,house,40,32000000,30402778,4500000,210000000,1113528.0,1073128.0,122,2014.0,13.0
拝島駅,2025,house,98,34000000,35172414,5000000,270000000,1239669.0,1254110.0,115,2024.0,20.0
拝島駅,2021,land,18,26500000,26588235,12000000,130000000,460000.0,487222.0,160,,11.0
拝島駅,2022,land,13,31000000,30166667,11000000,95000000,400000.0,442308.0,250,,13.0
拝島駅,2023,land,12,38500000,31679000,790000,1200000000,580000.0,534444.0,182,,12.0
拝島駅,2024,land,20,30000000,25338235,550000,170000000,480000.0,474300.0,158,,12.0
拝島駅,2025,land,11,24000000,21888889,8000000,85000000,490000.0,444545.0,210,,9.0
拝島駅,2021,mansion,31,13000000,15025806,4300000,30000000,781367.0,817184.0,65,1988.0,7.0
拝島駅,2022,mansion,21,18000000,20042857,5400000,40000000,793388.0,1065957.0,70,1996.0,7.0
拝島駅,2023,mansion,31,15000000,16806452,5300000,32000000,872727.0,910812.0,65,1988.0,7.0
拝島駅,2024,mansion,30,23000000,23283333,6000000,46000000,1069519.0,1117038.0,70,1987.0,6.0
拝島駅,2025,mansion,38,19500000,19994595,6000000,46000000,854621.0,983778.0,70,1990.0,6.0
新三河島駅,2021,house,9,45000000,45285714,17000000,62000000,1866796.0,1974819.0,55,2021.0,5.0
新三河島駅,2022,house,8,74000000,125857143,30000000,1100000000,2035944.0,2116025.0,102,2016.0,5.0
新三河島駅,2023,house,12,76000000,74900000,20000000,620000000,1591674.0,1680794.0,78,2006.0,4.0
新三河島駅,2024,house,11,150000000,127700000,50000000,430000000,2597402.0,2826304.0,130,2022.0,5.0
新三河島駅,2025,house,19,68000000,139352941,15000000,670000000,1870883.0,2111508.0,100,2016.0,5.0
新三河島駅,2021,land,5,51000000,72600000,39000000,130000000,2300000.0,2240000.0,80,,5.0
新三河島駅,2022,land,6,43500000,49666667,15000000,110000000,1650000.0,1408000.0,62,,6.0
新三河島駅,2023,land,4,170000000,134333333,63000000,570000000,2750000.0,2633333.0,205,,4.0
新三河島駅,2024,land,3,98000000,91333333,66000000,110000000,3200000.0,2800000.0,100,,4.0
新三河島駅,2025,land,7,57000000,56666667,37000000,150000000,2400000.0,2285714.0,85,,5.0
新三河島駅,2021,mansion,27,24000000,23363636,5300000,54000000,2512397.0,2291346.0,40,2006.0,4.0
新三河島駅,2022,mansion,26,31500000,34153846,15000000,60000000,2691854.0,2671123.0,45,2008.0,3.0
新三河島駅,2023,mansion,25,34000000,36984000,6600000,70000000,2593770.0,2507989.0,50,2006.0,3.0
新三河島駅,2024,mansion,25,42000000,39650000,8000000,81000000,3250689.0,3027594.0,45,2011.0,4.0
新三河島駅,2025,mansion,32,49000000,48406250,18000000,86000000,2802289.0,2857622.0,58,2002.0,4.0
新中野駅,2021,house,23,73000000,83500000,25000000,590000000,2408003.0,2388651.0,75,2005.0,5.0
新中野駅,2022,house,25,100000000,117269565,7200000,1400000000,2115702.0,2299375.0,100,2000.0,5.0
新中野駅,2023,house,24,72000000,76095238,22000000,140000000,2676112.0,2519349.0,75,2016.0,5.0
新中野駅,2024,house,31,120000000,110846154,43000000,930000000,2833530.0,2918529.0,100,1997.0,5.0
新中野駅,2025,house,29,91000000,92240000,12000000,2400000000,3105077.0,2890679.0,85,2006.0,6.0
新中野駅,2021,land,8,74500000,70571429,50000000,130000000,2700000.0,2812500.0,90,,5.0
新中野駅,2022,land,7,64000000,66000000,33000000,190000000,3200000.0,3066667.0,65,,6.0
新中野駅,2023,land,11,110000000,102555556,67000000,300000000,3400000.0,5036364.0,95,,5.0
新中野駅,2024,land,10,97500000,95555556,15000000,330000000,3000000.0,3244444.0,105,,6.0
新中野駅,2025,land,8,100500000,98428571,60000000,240000000,3450000.0,3662500.0,108,,6.0
新中野駅,2021,mansion,52,29000000,34628846,6000000,74000000,2993572.0,2802268.0,40,2001.0,4.0
新中野駅,2022,mansion,90,35500000,37128090,7400000,92000000,3305785.0,3135379.0,35,2002.0,5.0
新中野駅,2023,mansion,92,37000000,40855435,9700000,100000000,3471074.0,3236648.0,38,2000.0,4.0
新中野駅,2024,mansion,77,38000000,41690789,5800000,130000000,3471074.0,3306455.0,40,2002.0,4.0
新中野駅,2025,mansion,89,43000000,45102247,7300000,100000000,3702479.0,3527848.0,40,2002.0,5.0
新井薬師前駅,2021,house,28,65000000,58727273,33000000,340000000,2261853.0,2122913.0,82,2012.0,7.0
新井薬師前駅,2022,house,18,67000000,67733333,15000000,260000000,2369146.0,2142308.0,88,2007.0,9.0
新井薬師前駅,2023,house,42,63500000,69054054,12000000,330000000,2319487.0,2216588.0,75,2007.0,7.0
新井薬師前駅,2024,house,29,70000000,61080000,11000000,290000000,2579037.0,2313593.0,75,2024.0,6.0
新井薬師前駅,2025,house,32,89000000,91275862,20000000,370000000,2665956.0,2568818.0,85,2008.0,7.0
新井薬師前駅,2021,land,10,46000000,45625000,28000000,320000000,2450000.0,2388000.0,72,,7.0
新井薬師前駅,2022,land,9,60000000,53625000,13000000,330000000,2200000.0,2325000.0,85,,6.0
新井薬師前駅,2023,land,13,63000000,58818182,23000000,170000000,2300000.0,2345455.0,90,,6.0
新井薬師前駅,2024,land,11,70000000,85363636,31000000,170000000,2300000.0,2400000.0,100,,8.0
新井薬師前駅,2025,land,3,95000000,88333333,60000000,110000000,3000000.0,2666667.0,125,,5.0
新井薬師前駅,2021,mansion,46,45000000,40928261,4500000,76000000,2495868.0,2551121.0,58,2003.0,7.0
新井薬師前駅,2022,mansion,45,36000000,38333333,9000000,80000000,2550177.0,2560974.0,55,2000.0,7.0
新井薬師前駅,2023,mansion,56,37000000,36240000,5200000,110000000,2990233.0,3091810.0,35,2004.0,7.0
新井薬師前駅,2024,mansion,56,30500000,35187500,4000000,83000000,2987921.0,2879588.0,40,1998.0,7.0
新井薬師前駅,2025,mansion,54,42000000,46388889,2000000,100000000,3185575.0,3222577.0,50,2005.0,8.0
新代田駅,2021,house,6,98000000,100400000,60000000,1800000000,2780401.0,2746244.0,98,2008.0,2.0
新代田駅,2022,house,13,120000000,129818182,69000000,730000000,3423849.0,3317101.0,105,2017.0,4.0
新代田駅,2023,house,2,264000000,264000000,78000000,450000000,3359703.0,3359703.0,150,2012.0,3.0
新代田駅,2024,house,5,110000000,95000000,70000000,900000000,3305785.0,3104844.0,85,2000.0,5.0
新代田駅,2025,house,4,97500000,91666667,80000000,200000000,2896497.0,2856268.0,122,2001.0,5.0
新代田駅,2021,land,2,100000000,100000000,80000000,120000000,2300000.0,2300000.0,160,,3.0
新代田駅,2022,land,2,158500000,158500000,57000000,260000000,2450000.0,2450000.0,202,,4.0
新代田駅,2023,land,3,100000000,92333333,17000000,160000000,3000000.0,2433333.0,115,,4.0
新代田駅,2024,land,3,67000000,71666667,48000000,100000000,2800000.0,2203333.0,125,,5.0
新代田駅,2025,land,3,230000000,301666667,75000000,600000000,3100000.0,3433333.0,240,,6.0
新代田駅,2021,mansion,14,31500000,28153846,7000000,85000000,2579899.0,2664861.0,38,1991.0,3.0
新代田駅,2022,mansion,8,21000000,23400000,7200000,38000000,2622589.0,2788308.0,22,1988.0,4.0
新代田駅,2023,mansion,11,30000000,38000000,12000000,93000000,2865014.0,2834195.0,40,1995.0,3.0
新代田駅,2024,mansion,8,38000000,35812500,8500000,50000000,3005259.0,3276973.0,42,1995.0,4.0
新代田駅,2025,mansion,5,25000000,23250000,13000000,60000000,3305785.0,3407477.0,25,1998.0,2.0
新大久保駅,2021,house,8,116500000,159875000,51000000,340000000,2413815.0,2300253.0,152,1980.0,6.0
新大久保駅,2022,house,10,90000000,79125000,35000000,1300000000,2768595.0,2651899.0,72,2007.0,7.0
新大久保駅,2023,house,12,85000000,107090909,62000000,3300000000,3004067.0,2912201.0,70,2000.0,5.0
新大久保駅,2024,house,6,185000000,172000000,60000000,1500000000,2935852.0,2863964.0,112,1994.0,4.0
新大久保駅,2025,house,8,103500000,130571429,30000000,1200000000,3102067.0,3241815.0,80,1980.0,10.0
新大久保駅,2021,land,2,87000000,87000000,80000000,94000000,2950000.0,2950000.0,98,,6.0
新大久保駅,2022,land,2,71500000,71500000,71000000,72000000,3500000.0,3500000.0,72,,8.0
新大久保駅,2023,land,2,64000000,64000000,53000000,75000000,2950000.0,2950000.0,72,,7.0
新大久保駅,2024,land,2,550000000,550000000,180000000,920000000,4900000.0,4900000.0,328,,4.0
新大久保駅,2025,land,1,230000000,230000000,230000000,230000000,2700000.0,2700000.0,280,,6.0
新大久保駅,2021,mansion,34,32000000,36494118,7200000,77000000,2896497.0,2907459.0,35,1988.0,6.0
新大久保駅,2022,mansion,32,50000000,48109375,9500000,86000000,3283746.0,3182336.0,50,1994.0,6.0
新大久保駅,2023,mansion,40,46500000,46872500,8900000,88000000,3413223.0,3397584.0,40,1992.0,6.0
新大久保駅,2024,mansion,28,42000000,47307143,8300000,110000000,3297914.0,3321794.0,38,1988.0,6.0
新大久保駅,2025,mansion,37,47000000,49913514,9800000,110000000,3616918.0,3486776.0,45,1988.0,6.0
新大塚駅,2021,house,21,66000000,67333333,18000000,1700000000,2581267.0,2551158.0,60,2008.0,6.0
新大塚駅,2022,house,17,96000000,91000000,29000000,2500000000,3239669.0,3244125.0,55,2021.0,5.0
新大塚駅,2023,house,10,140000000,119750000,44000000,1100000000,3168044.0,2968809.0,112,2002.0,5.0
新大塚駅,2024,house,13,85000000,165500000,24000000,1000000000,2833530.0,2634110.0,80,1991.0,5.0
新大塚駅,2025,house,25,110000000,114318182,30000000,14000000000,3871917.0,3728882.0,75,2014.0,7.0
新大塚駅,2021,land,8,76000000,76000000,27000000,110000000,3300000.0,3400000.0,70,,5.0
新大塚駅,2022,land,7,110000000,117142857,22000000,270000000,3200000.0,2983333.0,95,,5.0
新大塚駅,2023,land,10,73500000,72222222,33000000,220000000,3850000.0,3540000.0,78,,5.0
新大塚駅,2024,land,12,130000000,118181818,50000000,410000000,3650000.0,3583333.0,110,,7.0
新大塚駅,2025,land,10,185000000,275900000,52000000,700000000,4150000.0,4410000.0,150,,6.0
新大塚駅,2021,mansion,34,34000000,37796970,9300000,140000000,3112948.0,3099519.0,40,1997.0,4.0
新大塚駅,2022,mansion,50,35500000,37644898,7100000,120000000,3058429.0,3033699.0,45,1988.0,4.0
新大塚駅,2023,mansion,46,39500000,45515217,8400000,120000000,3305785.0,3271878.0,40,1998.0,4.0
新大塚駅,2024,mansion,42,41000000,38355556,9900000,120000000,3709825.0,3479293.0,45,2003.0,4.0
新大塚駅,2025,mansion,76,46500000,58039474,11000000,160000000,3665532.0,3660199.0,45,1995.0,4.0
新宿三丁目駅,2021,house,3,120000000,113333333,50000000,170000000,2361275.0,2299739.0,65,1993.0,8.0
新宿三丁目駅,2022,house,5,1100000000,915000000,460000000,5900000000,4837734.0,4393224.0,240,2022.0,6.0
新宿三丁目駅,2023,house,3,73000000,100000000,57000000,170000000,2839086.0,3072916.0,50,2004.0,9.0
新宿三丁目駅,2024,house,2,140000000,140000000,90000000,190000000,4218469.0,4218469.0,58,1983.0,4.0
新宿三丁目駅,2025,house,3,520000000,433333333,180000000,600000000,7000486.0,8400348.0,115,1990.0,5.0
新宿三丁目駅,2021,mansion,26,30500000,30840000,10000000,84000000,3122130.0,3194799.0,30,1992.0,5.0
新宿三丁目駅,2022,mansion,27,26000000,26295833,9500000,110000000,2927981.0,3258542.0,25,1983.0,5.0
新宿三丁目駅,2023,mansion,14,25500000,28785714,14000000,53000000,3173554.0,3265962.0,25,1984.0,4.0
新宿三丁目駅,2024,mansion,19,32000000,29588235,13000000,360000000,3526171.0,3772768.0,30,2002.0,5.0
新宿三丁目駅,2025,mansion,34,35500000,38303030,10000000,650000000,4077135.0,4142551.0,28,1999.0,5.0
新宿御苑前駅,2021,house,1,73000000,73000000,73000000,73000000,2839086.0,2839086.0,55,2020.0,12.0
新宿御苑前駅,2022,house,4,235000000,203333333,140000000,5200000000,2980726.0,3923638.0,128,1982.0,2.0
新宿御苑前駅,2023,house,3,160000000,409000000,77000000,990000000,3647763.0,3975456.0,115,2012.0,9.0
新宿御苑前駅,2024,house,3,160000000,313333333,160000000,620000000,4599353.0,4056374.0,80,2015.0,9.0
新宿御苑前駅,2025,house,1,470000000,470000000,470000000,470000000,3046508.0,3046508.0,110,1969.0,2.0
新宿御苑前駅,2021,land,2,219500000,219500000,39000000,400000000,6650000.0,6650000.0,88,,6.0
新宿御苑前駅,2023,land,1,220000000,220000000,220000000,220000000,6100000.0,6100000.0,115,,7.0
新宿御苑前駅,2025,land,1,110000000,110000000,110000000,110000000,4200000.0,4200000.0,85,,9.0
新宿御苑前駅,2021,mansion,114,44000000,63038596,6500000,180000000,3796143.0,3889363.0,40,2004.0,5.0
新宿御苑前駅,2022,mansion,127,43000000,58692913,7000000,180000000,4011019.0,4105367.0,45,2002.0,5.0
新宿御苑前駅,2023,mansion,97,43000000,64147423,8000000,200000000,3966942.0,4286971.0,40,2002.0,6.0
新宿御苑前駅,2024,mansion,118,55000000,80717949,10000000,460000000,4586777.0,4979828.0,45,2006.0,7.0
新宿御苑前駅,2025,mansion,175,64000000,87089349,6100000,480000000,5289256.0,6185192.0,40,2002.0,6.0
新宿西口駅,2021,mansion,17,39000000,54117647,23000000,100000000,4486422.0,4673097.0,30,2006.0,4.0
新宿西口駅,2022,mansion,8,38500000,38833333,15000000,88000000,6033058.0,5938062.0,20,2006.0,4.0
新宿西口駅,2023,mansion,19,62000000,62000000,27000000,120000000,4775023.0,4511215.0,45,2006.0,4.0
新宿西口駅,2024,mansion,8,39000000,38833333,29000000,79000000,5090909.0,5018496.0,25,2006.0,4.0
新宿西口駅,2025,mansion,11,43000000,61600000,23000000,220000000,5289256.0,5586246.0,25,2006.0,4.0
新宿駅,2021,house,3,1300000000,1563333333,490000000,2900000000,23966941.0,19911545.0,100,2004.0,3.0
新宿駅,2022,house,5,1500000000,1140000000,220000000,2000000000,5509642.0,5981897.0,110,1980.0,4.0
新宿駅,2023,house,11,760000000,1103181818,95000000,2800000000,4486422.0,4858779.0,115,1979.0,8.0
新宿駅,2024,house,5,240000000,446400000,72000000,1100000000,4533648.0,3936253.0,115,1988.0,7.0
新宿駅,2025,house,14,530000000,685153846,63000000,7900000000,4748786.0,4843503.0,160,1994.0,9.0
新宿駅,2021,mansion,67,25000000,27045902,3500000,99000000,3085399.0,3262705.0,25,1981.0,7.0
新宿駅,2022,mansion,53,23000000,34678431,7600000,160000000,3140496.0,3313381.0,25,1982.0,7.0
新宿駅,2023,mansion,61,31000000,31672727,11000000,140000000,3526171.0,3830764.0,25,1983.0,8.0
新宿駅,2024,mansion,51,28000000,36166667,11000000,190000000,3801653.0,4041123.0,25,1983.0,7.0
新宿駅,2025,mansion,58,40500000,35480000,11000000,290000000,3719008.0,4627355.0,28,1982.0,8.0
新富町駅,2021,house,7,110000000,109666667,42000000,1200000000,2768595.0,2600597.0,60,1977.0,3.0
新富町駅,2022,house,4,580000000,642500000,110000000,1300000000,3013928.0,2944610.0,130,1988.0,2.0
新富町駅,2023,house,5,400000000,285000000,160000000,1400000000,2430867.0,2434233.0,95,1980.0,3.0
新富町駅,2024,house,7,470000000,412857143,170000000,630000000,4591368.0,3828266.0,90,2023.0,3.0
新富町駅,2025,house,5,400000000,401600000,98000000,720000000,5813622.0,9352056.0,60,1977.0,3.0
新富町駅,2023,land,2,65000000,65000000,61000000,69000000,5250000.0,5250000.0,42,,4.0
新富町駅,2024,land,2,366000000,366000000,72000000,660000000,9950000.0,9950000.0,100,,4.0
新富町駅,2025,land,1,270000000,270000000,270000000,270000000,13000000.0,13000000.0,70,,2.0
新富町駅,2021,mansion,102,55000000,56432990,13000000,230000000,3966942.0,3775137.0,50,2005.0,3.0
新富町駅,2022,mansion,111,57000000,54981818,12000000,220000000,4132231.0,4026273.0,45,2005.0,3.0
新富町駅,2023,mansion,122,56000000,58950820,12000000,150000000,4273787.0,4034476.0,45,2005.0,3.0
新富町駅,2024,mansion,104,53000000,59323529,11000000,200000000,4297520.0,4398170.0,45,2004.0,3.0
新富町駅,2025,mansion,109,67000000,75926606,14000000,170000000,5142332.0,5025977.0,45,2004.0,3.0
新小岩駅,2021,house,154,38000000,34323448,2700000,310000000,1322314.0,1247700.0,72,2004.0,19.0
新小岩駅,2022,house,136,42500000,37896581,1000000,1000000000,1465017.0,1372755.0,75,2004.0,18.0
新小岩駅,2023,house,152,43500000,40083333,5000000,510000000,1484753.0,1459744.0,75,2008.0,15.0
新小岩駅,2024,house,162,45000000,41920779,3000000,1200000000,1625344.0,1587774.0,70,2013.0,18.0
新小岩駅,2025,house,247,48000000,45257328,4100000,700000000,1652893.0,1585844.0,75,2014.0,19.0
新小岩駅,2021,land,38,42500000,34670588,3500000,260000000,1100000.0,999189.0,108,,18.0
新小岩駅,2022,land,36,47500000,45602857,8000000,540000000,1200000.0,1295000.0,115,,16.0
新小岩駅,2023,land,45,30000000,32773810,1000000,280000000,1200000.0,1245581.0,70,,18.0
新小岩駅,2024,land,37,46000000,57705882,13000000,280000000,1300000.0,1403429.0,100,,16.0
新小岩駅,2025,land,28,92000000,141037037,13000000,1300000000,1700000.0,1592500.0,178,,15.0
新小岩駅,2021,mansion,209,33000000,31707656,5300000,65000000,1652892.0,1744937.0,65,2000.0,12.0
新小岩駅,2022,mansion,178,33000000,33601685,5200000,70000000,1862259.0,1840888.0,65,1998.0,11.0
新小岩駅,2023,mansion,188,33500000,34403723,6200000,70000000,1962810.0,1922978.0,65,2000.0,11.0
新小岩駅,2024,mansion,196,39500000,39763265,6000000,90000000,2078406.0,2051392.0,68,2003.0,11.0
新小岩駅,2025,mansion,246,38000000,38658333,6500000,99000000,2089426.0,2312251.0,65,1998.0,11.0
新小平駅,2021,house,16,44500000,45400000,9000000,64000000,1542700.0,1549277.0,112,2021.0,5.0
新小平駅,2022,house,11,43000000,43500000,35000000,140000000,1505969.0,1559454.0,110,2021.0,5.0
新小平駅,2023,house,11,48000000,46500000,15000000,1200000000,1711230.0,1643905.0,110,2013.0,10.0
新小平駅,2024,house,8,43500000,42500000,23000000,55000000,1542700.0,1540098.0,110,2003.0,8.0
新小平駅,2025,house,9,44000000,43444444,32000000,58000000,1616162.0,1668092.0,105,2014.0,10.0
新小平駅,2021,land,5,40000000,38200000,32000000,43000000,1000000.0,978000.0,120,,4.0
新小平駅,2022,land,7,79000000,63333333,14000000,460000000,860000.0,775714.0,270,,8.0
新小平駅,2023,land,6,48500000,44800000,23000000,170000000,805000.0,840000.0,192,,6.0
新小平駅,2024,land,11,60000000,88454545,28000000,200000000,900000.0,860000.0,200,,7.0
新小平駅,2025,land,4,48000000,51250000,29000000,80000000,915000.0,915000.0,195,,6.0
新小平駅,2021,mansion,4,15250000,16625000,6000000,30000000,764100.0,764825.0,85,1988.0,6.0
新小平駅,2023,mansion,1,4400000,4400000,4400000,4400000,323232.0,323232.0,45,1977.0,8.0
新小平駅,2024,mansion,4,17500000,19750000,11000000,33000000,1062574.0,948803.0,60,1988.0,7.0
新小平駅,2025,mansion,4,10850000,8833333,4800000,28000000,597796.0,549652.0,60,1992.0,5.0
新小金井駅,2021,house,32,53500000,55870968,20000000,76000000,2072019.0,2143422.0,105,2021.0,9.0
新小金井駅,2022,house,18,50000000,54333333,11000000,95000000,2128099.0,2090311.0,108,2022.0,8.0
新小金井駅,2023,house,15,69000000,71428571,11000000,180000000,2143251.0,1934205.0,120,2008.0,9.0
新小金井駅,2024,house,15,55000000,54333333,9500000,130000000,1948673.0,1782926.0,110,2009.0,10.0
新小金井駅,2025,house,33,68000000,70406250,41000000,92000000,2442608.0,2507210.0,120,2025.0,10.0
新小金井駅,2021,land,6,45000000,50600000,30000000,63000000,1300000.0,1280000.0,112,,10.0
新小金井駅,2022,land,8,40000000,36333333,19000000,390000000,1100000.0,1080000.0,125,,10.0
新小金井駅,2023,land,4,47000000,44500000,31000000,53000000,1450000.0,1300000.0,108,,9.0
新小金井駅,2024,land,5,49000000,38750000,23000000,90000000,1500000.0,1400000.0,105,,9.0
新小金井駅,2025,land,5,49000000,49666667,45000000,69000000,1600000.0,1560000.0,125,,9.0
新小金井駅,2021,mansion,3,33000000,35333333,25000000,48000000,1678322.0,1991947.0,60,2007.0,5.0
新小金井駅,2022,mansion,1,30000000,30000000,30000000,30000000,1525747.0,1525747.0,65,1996.0,13.0
新小金井駅,2023,mansion,1,47000000,47000000,47000000,47000000,2390337.0,2390337.0,65,2005.0,9.0
新小金井駅,2024,mansion,3,36000000,40333333,35000000,50000000,2380165.0,2342253.0,55,1996.0,3.0
新小金井駅,2025,mansion,2,24500000,24500000,4000000,45000000,1585082.0,1585082.0,40,1999.0,12.0
新庚申塚駅,2024,house,1,69000000,69000000,69000000,69000000,2172373.0,2172373.0,65,2004.0,10.0
新庚申塚駅,2021,mansion,1,24000000,24000000,24000000,24000000,1322314.0,1322314.0,60,,1.0
新庚申塚駅,2022,mansion,2,32350000,32350000,7700000,57000000,2222089.0,2222089.0,40,1993.0,3.0
新庚申塚駅,2024,mansion,1,64000000,64000000,64000000,64000000,3254927.0,3254927.0,65,2006.0,1.0
新庚申塚駅,2025,mansion,1,15000000,15000000,15000000,15000000,1239669.0,1239669.0,40,1981.0,
新座駅,2021,house,4,25000000,24000000,22000000,33000000,828518.0,908677.0,110,2012.0,18.0
新座駅,2022,house,4,23000000,23000000,17000000,29000000,760331.0,797395.0,125,2014.0,25.0
新座駅,2023,house,3,29000000,29666667,26000000,34000000,1009134.0,1050008.0,150,2018.0,25.0
新座駅,2024,house,3,31000000,34000000,25000000,46000000,1138659.0,1161922.0,120,2024.0,20.0
新座駅,2025,house,22,37000000,36272727,28000000,42000000,1217921.0,1203546.0,120,2025.0,20.0
新座駅,2021,land,31,41000000,40481481,6600000,110000000,490000.0,494815.0,120,,18.0
新座駅,2022,land,9,22000000,26077778,7000000,53000000,500000.0,500000.0,135,,16.0
新座駅,2023,land,2,49000000,49000000,27000000,71000000,345000.0,345000.0,762,,20.0
新座駅,2024,land,2,30000000,30000000,20000000,40000000,445000.0,445000.0,242,,20.0
新座駅,2025,land,2,33250000,33250000,7500000,59000000,330000.0,330000.0,272,,20.0
新座駅,2023,mansion,1,18000000,18000000,18000000,18000000,991736.0,991736.0,60,1998.0,25.0
新御徒町駅,2021,house,3,64000000,224666667,30000000,580000000,2039740.0,2273471.0,60,2006.0,5.0
新御徒町駅,2022,house,14,245000000,316615385,30000000,2000000000,3435424.0,2966156.0,95,2019.0,4.0
新御徒町駅,2023,house,11,120000000,169300000,53000000,2100000000,2938476.0,2813289.0,70,2000.0,5.0
新御徒町駅,2024,house,19,230000000,343444444,27000000,1400000000,2880040.0,3077470.0,100,1982.0,4.0
新御徒町駅,2025,house,8,315000000,323714286,56000000,1500000000,2317269.0,2376349.0,142,1988.0,6.0
新御徒町駅,2021,land,3,70000000,444666667,64000000,1200000000,4900000.0,5600000.0,60,,4.0
新御徒町駅,2022,land,4,135000000,202500000,80000000,460000000,6650000.0,6500000.0,80,,5.0
新御徒町駅,2023,land,3,91000000,113666667,30000000,220000000,2500000.0,2423333.0,120,,4.0
新御徒町駅,2024,land,2,305000000,305000000,130000000,480000000,6550000.0,6550000.0,145,,6.0
新御徒町駅,2025,land,10,135000000,282300000,73000000,660000000,6500000.0,7800000.0,70,,4.0
新御徒町駅,2021,mansion,86,35000000,37988372,10000000,83000000,3278237.0,3236476.0,35,2009.0,4.0
新御徒町駅,2022,mansion,96,36500000,38452632,13000000,90000000,3305785.0,3330046.0,40,2009.0,5.0
新御徒町駅,2023,mansion,88,39500000,39408235,2700000,130000000,3561983.0,3596925.0,35,2009.0,4.0
新御徒町駅,2024,mansion,88,47000000,50090909,13000000,110000000,3834711.0,3823496.0,40,2009.0,4.0
新御徒町駅,2025,mansion,93,46000000,49593407,10000000,120000000,3966942.0,3976791.0,40,2011.0,4.0
新御茶ノ水駅,2021,house,1,930000000,930000000,930000000,930000000,4455623.0,4455623.0,115,2002.0,0.0
新御茶ノ水駅,2025,house,1,210000000,210000000,210000000,210000000,3653762.0,3653762.0,70,1999.0,1.0
新御茶ノ水駅,2021,mansion,15,93000000,103800000,16000000,230000000,4958678.0,6067822.0,55,2013.0,3.0
新御茶ノ水駅,2022,mansion,13,75000000,118692308,14000000,290000000,4958678.0,6166762.0,50,2013.0,3.0
新御茶ノ水駅,2023,mansion,15,73000000,162933333,14000000,460000000,4826446.0,7232778.0,50,2013.0,3.0
新御茶ノ水駅,2024,mansion,15,41000000,130800000,14000000,460000000,3526171.0,6721294.0,40,2001.0,3.0
新御茶ノ水駅,2025,mansion,17,170000000,177000000,15000000,460000000,10217881.0,9159413.0,55,2013.0,3.0
新日本橋駅,2021,house,2,588500000,588500000,77000000,1100000000,1927273.0,1927273.0,205,1978.0,2.0
新日本橋駅,2023,house,1,1300000000,1300000000,1300000000,1300000000,2865014.0,2865014.0,290,1981.0,2.0
新日本橋駅,2024,house,3,820000000,916666667,530000000,1400000000,3520446.0,5788701.0,140,1974.0,5.0
新日本橋駅,2025,house,1,330000000,330000000,330000000,330000000,3761755.0,3761755.0,90,1978.0,2.0
新日本橋駅,2021,mansion,12,34000000,42916667,22000000,81000000,3801653.0,3810502.0,35,2004.0,2.0
新日本橋駅,2022,mansion,6,27000000,31400000,18000000,110000000,4352617.0,4366391.0,20,2003.0,4.0
新日本橋駅,2023,mansion,11,100000000,98900000,26000000,110000000,5509642.0,5439974.0,60,2022.0,3.0
新日本橋駅,2024,mansion,6,125000000,108500000,14000000,180000000,7024793.0,6095667.0,58,2022.0,3.0
新日本橋駅,2025,mansion,15,150000000,137733333,28000000,230000000,7603306.0,7176848.0,60,2022.0,3.0
新木場駅,2021,house,1,160000000,160000000,160000000,160000000,10578512.0,10578512.0,330,1982.0,10.0
新木場駅,2022,house,3,590000000,460000000,190000000,600000000,1970114.0,1826848.0,990,1988.0,23.0
新木場駅,2023,house,1,230000000,230000000,230000000,230000000,4109895.0,4109895.0,330,1981.0,29.0
新木場駅,2024,house,2,4000000000,4000000000,1900000000,6100000000,6611570.0,6611570.0,2000,,19.0
新木場駅,2021,land,2,550000000,550000000,170000000,930000000,2350000.0,2350000.0,900,,9.0
新木場駅,2023,land,3,37000000,62666667,11000000,140000000,1200000.0,1200000.0,100,,3.0
新木場駅,2025,land,2,1620000000,1620000000,540000000,2700000000,3300000.0,3300000.0,1355,,18.0
新板橋駅,2021,house,15,62000000,46916667,12000000,200000000,2093664.0,2105886.0,65,2010.0,6.0
新板橋駅,2022,house,5,70000000,60000000,7000000,97000000,2004132.0,1960973.0,75,1998.0,5.0
新板橋駅,2023,house,14,63500000,101557143,6800000,240000000,2186639.0,1915369.0,75,1998.0,8.0
新板橋駅,2024,house,22,61500000,56315789,12000000,280000000,2172373.0,1952900.0,70,2010.0,8.0
新板橋駅,2025,house,27,79000000,65630435,5000000,1500000000,2380165.0,2132803.0,75,2015.0,8.0
新板橋駅,2021,land,7,56000000,74571429,19000000,170000000,2400000.0,2300000.0,90,,5.0
新板橋駅,2022,land,1,46000000,46000000,46000000,46000000,1800000.0,1800000.0,85,,10.0
新板橋駅,2023,land,4,46000000,48000000,37000000,63000000,1650000.0,1925000.0,100,,8.0
新板橋駅,2024,land,7,49000000,105714286,27000000,270000000,2100000.0,2028571.0,90,,4.0
新板橋駅,2025,land,7,53000000,97000000,33000000,200000000,1900000.0,2000000.0,100,,6.0
新板橋駅,2021,mansion,59,29000000,29967925,8300000,83000000,3140496.0,2840320.0,40,2006.0,4.0
新板橋駅,2022,mansion,68,23500000,29795455,7500000,76000000,3140496.0,2809318.0,35,2006.0,4.0
新板橋駅,2023,mansion,46,29500000,35113333,6500000,90000000,2811073.0,2760678.0,40,2006.0,4.0
新板橋駅,2024,mansion,57,34000000,30340426,8000000,120000000,3305785.0,3197320.0,40,2006.0,4.0
新板橋駅,2025,mansion,58,39000000,40622642,9200000,110000000,3570248.0,3376112.0,42,2007.0,4.0
新柴又駅,2021,house,27,42000000,42761905,13000000,74000000,1548209.0,1395312.0,80,2020.0,6.0
新柴又駅,2022,house,19,44000000,48533333,6000000,64000000,1558939.0,1602559.0,75,2018.0,6.0
新柴又駅,2023,house,24,47000000,46277778,8000000,220000000,1714755.0,1723863.0,75,2022.0,6.0
新柴又駅,2024,house,21,48000000,44578947,18000000,130000000,1624861.0,1614340.0,70,2018.0,8.0
新柴又駅,2025,house,28,52500000,43504000,6600000,250000000,1652892.0,1645944.0,70,2023.0,6.0
新柴又駅,2021,land,7,23000000,21250000,3500000,110000000,1100000.0,925000.0,80,,3.0
新柴又駅,2022,land,7,20000000,21333333,15000000,71000000,1000000.0,961429.0,85,,10.0
新柴又駅,2023,land,6,18000000,17200000,10000000,80000000,1000000.0,1073333.0,52,,4.0
新柴又駅,2024,land,5,42000000,38400000,26000000,50000000,1400000.0,1325000.0,75,,5.0
新柴又駅,2025,land,6,56500000,53666667,18000000,77000000,1500000.0,1471667.0,115,,5.0
新柴又駅,2021,mansion,6,36000000,28266667,8600000,38000000,1643447.0,1449429.0,70,2002.0,4.0
新柴又駅,2022,mansion,5,38000000,37000000,29000000,45000000,1932613.0,1881622.0,65,2013.0,4.0
新柴又駅,2023,mansion,14,36500000,32285714,11000000,49000000,1600420.0,1695756.0,70,2002.0,4.0
新柴又駅,2024,mansion,26,29000000,32415385,6400000,53000000,1752066.0,1694078.0,60,2002.0,4.0
新柴又駅,2025,mansion,14,44500000,35464286,6500000,50000000,1866796.0,1775582.0,70,2002.0,4.0
新桜台駅,2021,house,14,87000000,94461538,34000000,220000000,2542912.0,2452470.0,100,2020.0,5.0
新桜台駅,2022,house,12,78000000,60800000,13000000,200000000,2343480.0,2058026.0,90,2004.0,5.0
新桜台駅,2023,house,10,69500000,69750000,9500000,160000000,2209656.0,2044565.0,80,2000.0,5.0
新桜台駅,2024,house,7,94000000,82166667,41000000,360000000,2710744.0,2678350.0,100,2014.0,5.0
新桜台駅,2025,house,8,71000000,74500000,12000000,290000000,2181967.0,2264334.0,110,1990.0,5.0
新桜台駅,2021,land,2,49000000,49000000,35000000,63000000,1750000.0,1750000.0,92,,6.0
新桜台駅,2022,land,3,34000000,39000000,33000000,50000000,1800000.0,1800000.0,90,,2.0
新桜台駅,2023,land,2,48500000,48500000,37000000,60000000,2350000.0,2350000.0,68,,4.0
新桜台駅,2024,land,5,46000000,58200000,13000000,120000000,1900000.0,2060000.0,80,,6.0
新桜台駅,2025,land,3,93000000,104333333,90000000,130000000,2400000.0,2466667.0,145,,4.0
新桜台駅,2021,mansion,15,25000000,26307692,12000000,69000000,3041322.0,3054161.0,25,2010.0,4.0
新桜台駅,2022,mansion,19,22000000,22111765,7900000,54000000,2424242.0,2367153.0,25,2000.0,3.0
新桜台駅,2023,mansion,18,25000000,20666667,9000000,75000000,3008264.0,2758781.0,25,2006.0,4.0
新桜台駅,2024,mansion,14,22500000,26923077,16000000,77000000,2578512.0,2658948.0,25,2006.0,3.0
新桜台駅,2025,mansion,16,31500000,41937500,19000000,88000000,3055490.0,2974249.0,42,2000.0,3.0
新橋駅,2021,house,2,550000000,550000000,210000000,890000000,4357208.0,4357208.0,62,1977.0,2.0
新橋駅,2022,house,6,650000000,1235000000,200000000,3100000000,5359186.0,5761936.0,88,2009.0,4.0
新橋駅,2023,house,7,670000000,688333333,240000000,3600000000,4628099.0,4725425.0,115,1985.0,4.0
新橋駅,2024,house,6,1600000000,1370000000,110000000,18000000000,9833424.0,9729068.0,82,1984.0,3.0
新橋駅,2025,house,7,470000000,672857143,250000000,1200000000,9256198.0,9148110.0,50,1987.0,3.0
新橋駅,2021,land,1,40000000,40000000,40000000,40000000,3400000.0,3400000.0,35,,2.0
新橋駅,2023,land,1,800000000,800000000,800000000,800000000,27000000.0,27000000.0,95,,2.0
新橋駅,2024,land,1,3200000000,3200000000,3200000000,3200000000,100000000.0,100000000.0,100,,3.0
新橋駅,2025,land,1,300000000,300000000,300000000,300000000,26000000.0,26000000.0,40,,4.0
新橋駅,2021,mansion,26,39000000,45041667,16000000,910000000,4655647.0,4415189.0,32,2004.0,6.0
新橋駅,2022,mansion,18,41000000,44352941,17000000,150000000,4658152.0,4557062.0,35,2004.0,6.0
新橋駅,2023,mansion,22,43000000,57818182,13000000,120000000,5574062.0,5329274.0,35,2004.0,6.0
新橋駅,2024,mansion,18,74500000,85000000,15000000,950000000,6215602.0,6343472.0,40,2012.0,6.0
新橋駅,2025,mansion,31,50000000,66166667,16000000,490000000,5950413.0,5891576.0,35,2011.0,6.0
新江古田駅,2021,house,25,65000000,64736842,17000000,390000000,2016529.0,2024572.0,80,2021.0,11.0
新江古田駅,2022,house,27,77000000,73608696,17000000,2400000000,2387511.0,2360242.0,85,2016.0,6.0
新江古田駅,2023,house,26,66500000,62210526,20000000,530000000,2247934.0,2199931.0,100,2012.0,10.0
新江古田駅,2024,house,24,67000000,61904762,11000000,330000000,2192257.0,2072440.0,92,2010.0,8.0
新江古田駅,2025,house,35,74000000,66484848,12000000,150000000,2575033.0,2391902.0,80,2012.0,11.0
新江古田駅,2021,land,13,51000000,47545455,26000000,270000000,1300000.0,1504615.0,115,,8.0
新江古田駅,2022,land,3,53000000,83666667,28000000,170000000,2100000.0,2233333.0,85,,6.0
新江古田駅,2023,land,6,99500000,92833333,52000000,140000000,2400000.0,2233333.0,140,,8.0
新江古田駅,2024,land,8,79000000,78125000,24000000,150000000,2200000.0,2221429.0,138,,8.0
新江古田駅,2025,land,5,66000000,65750000,40000000,420000000,2500000.0,2500000.0,85,,5.0
新江古田駅,2021,mansion,62,46500000,38912903,7600000,79000000,2719402.0,2467804.0,60,2006.0,7.0
新江古田駅,2022,mansion,61,26000000,34657377,1100000,85000000,2571166.0,2385086.0,45,2003.0,5.0
新江古田駅,2023,mansion,95,37000000,40201053,3800000,80000000,2597402.0,2591649.0,55,2006.0,7.0
新江古田駅,2024,mansion,81,38000000,45561728,5400000,99000000,3022432.0,2844276.0,55,2006.0,8.0
新江古田駅,2025,mansion,81,30000000,41838272,7800000,94000000,3173554.0,2866331.0,40,2007.0,8.0
新百合ケ丘駅,2021,house,17,42000000,39647059,25000000,51000000,1377410.0,1417148.0,120,2021.0,18.0
新百合ケ丘駅,2022,house,11,44000000,44727273,36000000,54000000,1531100.0,1420120.0,140,2011.0,20.0
新百合ケ丘駅,2023,house,10,44000000,45200000,30000000,56000000,1486637.0,1449179.0,132,2003.0,20.0
新百合ケ丘駅,2024,house,10,44000000,42900000,25000000,54000000,1626794.0,1666439.0,122,2018.0,20.0
新百合ケ丘駅,2025,house,13,40000000,42538462,14000000,70000000,1289256.0,1368928.0,125,2016.0,25.0
新百合ケ丘駅,2021,land,1,31000000,31000000,31000000,31000000,760000.0,760000.0,135,,19.0
新百合ケ丘駅,2022,land,4,33500000,31750000,23000000,37000000,860000.0,837500.0,128,,22.0
新百合ケ丘駅,2023,land,7,35000000,36166667,20000000,180000000,560000.0,611429.0,260,,18.0
新百合ケ丘駅,2024,land,4,34000000,36500000,28000000,50000000,765000.0,762500.0,142,,20.0
新百合ケ丘駅,2025,land,1,46000000,46000000,46000000,46000000,640000.0,640000.0,230,,20.0
新百合ケ丘駅,2021,mansion,11,23000000,19281818,6300000,32000000,1013774.0,902492.0,65,2003.0,15.0
新百合ケ丘駅,2022,mansion,15,9300000,8815385,5000000,23000000,558978.0,536046.0,55,1971.0,18.0
新百合ケ丘駅,2023,mansion,11,9500000,9166667,5500000,24000000,570999.0,640862.0,55,1971.0,16.0
新百合ケ丘駅,2024,mansion,13,8500000,7500000,4400000,25000000,510894.0,612186.0,55,1971.0,20.0
新百合ケ丘駅,2025,mansion,11,9400000,9281818,3000000,17000000,564989.0,551791.0,55,1971.0,16.0
新秋津駅,2021,house,46,36500000,33822727,9200000,320000000,1157025.0,1170108.0,118,2020.0,13.0
新秋津駅,2022,house,45,38000000,34780488,11000000,190000000,1322314.0,1261197.0,115,2015.0,14.0
新秋津駅,2023,house,45,44000000,40333333,13000000,64000000,1505969.0,1458197.0,115,2023.0,12.0
新秋津駅,2024,house,51,42000000,42918367,14000000,230000000,1531100.0,1524071.0,115,2023.0,11.0
新秋津駅,2025,house,67,39000000,37553846,12000000,100000000,1322314.0,1303011.0,115,2019.0,15.0
新秋津駅,2021,land,10,28000000,27777778,200000,35000000,580000.0,578000.0,142,,9.0
新秋津駅,2022,land,11,33000000,32444444,17000000,310000000,640000.0,724545.0,160,,14.0
新秋津駅,2023,land,10,31500000,30285714,8500000,110000000,870000.0,859000.0,110,,10.0
新秋津駅,2024,land,6,28500000,25000000,4000000,130000000,710000.0,643333.0,125,,20.0
新秋津駅,2025,land,6,34500000,33800000,27000000,61000000,900000.0,851667.0,148,,12.0
新秋津駅,2021,mansion,8,10750000,13737500,7600000,24000000,590649.0,729651.0,62,1988.0,17.0
新秋津駅,2022,mansion,28,15000000,15118519,6000000,31000000,814640.0,817761.0,60,1986.0,18.0
新秋津駅,2023,mansion,15,19000000,18200000,6700000,34000000,915448.0,900687.0,65,1986.0,4.0
新秋津駅,2024,mansion,10,19500000,20810000,8500000,37000000,984848.0,1005377.0,62,1988.0,13.0
新秋津駅,2025,mansion,19,11000000,14500000,4800000,38000000,755608.0,805924.0,60,1986.0,18.0
新豊洲駅,2021,mansion,31,84000000,80903226,50000000,110000000,3677686.0,3662713.0,75,2014.0,5.0
新豊洲駅,2022,mansion,49,74000000,79446809,52000000,130000000,3966942.0,3991274.0,65,2014.0,5.0
新豊洲駅,2023,mansion,45,93000000,92880952,56000000,140000000,4221233.0,4268168.0,75,2014.0,6.0
新豊洲駅,2024,mansion,59,120000000,118254237,56000000,160000000,5399449.0,5452888.0,75,2014.0,5.0
新豊洲駅,2025,mansion,73,140000000,140972222,75000000,330000000,6611570.0,6505624.0,70,2014.0,5.0
新馬場駅,2021,house,11,24000000,51363636,5000000,140000000,1983471.0,1699474.0,40,1994.0,5.0
新馬場駅,2022,house,16,70500000,68000000,37000000,180000000,2516708.0,2276065.0,65,1992.0,6.0
新馬場駅,2023,house,9,120000000,125857143,39000000,640000000,2621829.0,2794196.0,100,2009.0,5.0
新馬場駅,2024,house,17,79000000,69357143,23000000,290000000,3072435.0,2760743.0,65,1989.0,6.0
新馬場駅,2025,house,10,110000000,121125000,10000000,1900000000,2837465.0,2361085.0,80,1995.0,5.0
新馬場駅,2022,land,3,52000000,94000000,50000000,180000000,4000000.0,4000000.0,45,,5.0
新馬場駅,2023,land,1,100000000,100000000,100000000,100000000,4400000.0,4400000.0,75,,7.0
新馬場駅,2024,land,4,92500000,123750000,40000000,270000000,3400000.0,3275000.0,85,,6.0
新馬場駅,2025,land,5,170000000,163000000,55000000,270000000,3900000.0,3900000.0,145,,5.0
新馬場駅,2021,mansion,62,43500000,47951613,16000000,88000000,3060576.0,3259386.0,60,2003.0,5.0
新馬場駅,2022,mansion,45,37000000,41022222,15000000,79000000,3581267.0,3256729.0,50,2003.0,5.0
新馬場駅,2023,mansion,50,41000000,45620000,14000000,90000000,3414994.0,3289070.0,52,2004.0,5.0
新馬場駅,2024,mansion,70,36000000,47557143,14000000,100000000,3598220.0,3340913.0,50,2001.0,5.0
新馬場駅,2025,mansion,84,37500000,47321687,4700000,140000000,3903581.0,3811557.0,45,2004.0,6.0
新高円寺駅,2021,house,39,65000000,66057143,18000000,410000000,2644628.0,2462363.0,80,2020.0,9.0
新高円寺駅,2022,house,43,72000000,68131579,28000000,290000000,2450170.0,2408216.0,85,2007.0,7.0
新高円寺駅,2023,house,31,73000000,66413793,15000000,310000000,2385914.0,2427445.0,85,1996.0,8.0
新高円寺駅,2024,house,29,76000000,71461538,17000000,460000000,2609830.0,2618351.0,95,2011.0,10.0
新高円寺駅,2025,house,40,72500000,68000000,24000000,220000000,2605736.0,2436376.0,80,2004.0,10.0
新高円寺駅,2021,land,14,56500000,55700000,17000000,110000000,2000000.0,2030769.0,88,,8.0
新高円寺駅,2022,land,9,46000000,40714286,27000000,200000000,2000000.0,1988889.0,70,,8.0
新高円寺駅,2023,land,14,88000000,85666667,44000000,350000000,2550000.0,2500000.0,105,,8.0
新高円寺駅,2024,land,14,55000000,70833333,10000000,1000000000,2450000.0,2165000.0,90,,10.0
新高円寺駅,2025,land,8,62500000,65428571,23000000,360000000,2800000.0,2750000.0,82,,8.0
新高円寺駅,2021,mansion,52,18000000,16290476,5000000,58000000,2125148.0,2319232.0,30,1986.0,6.0
新高円寺駅,2022,mansion,32,19000000,19740000,6000000,65000000,2503646.0,2497542.0,30,1991.0,6.0
新高円寺駅,2023,mansion,48,22000000,25193478,6000000,68000000,2396694.0,2517279.0,35,1986.0,6.0
新高円寺駅,2024,mansion,52,21500000,22047826,6300000,74000000,2337662.0,2426168.0,30,1988.0,6.0
新高円寺駅,2025,mansion,64,28500000,31724194,5900000,89000000,2584523.0,2757965.0,35,1992.0,7.0
新高島平駅,2021,house,12,51500000,55100000,36000000,510000000,1579431.0,1584889.0,125,2005.0,9.0
新高島平駅,2022,house,8,66500000,64625000,15000000,97000000,1603306.0,1454073.0,105,2010.0,15.0
新高島平駅,2023,house,13,53000000,52000000,25000000,390000000,1902042.0,1984077.0,90,2023.0,11.0
新高島平駅,2024,house,11,54000000,50888889,38000000,370000000,1889020.0,1903690.0,85,2015.0,10.0
新高島平駅,2025,house,13,54000000,54909091,38000000,190000000,1672338.0,1561682.0,90,1997.0,8.0
新高島平駅,2021,land,1,37000000,37000000,37000000,37000000,1300000.0,1300000.0,90,,16.0
新高島平駅,2022,land,5,43000000,53750000,30000000,340000000,1400000.0,1475000.0,95,,14.0
新高島平駅,2023,land,4,69000000,63000000,24000000,90000000,1600000.0,1550000.0,142,,8.0
新高島平駅,2024,land,3,23000000,208333333,22000000,580000000,1200000.0,1266667.0,60,,16.0
新高島平駅,2025,land,4,151500000,142500000,57000000,210000000,1800000.0,1750000.0,290,,6.0
新高島平駅,2021,mansion,30,20000000,22533333,9000000,42000000,1132983.0,1113134.0,70,1973.0,5.0
新高島平駅,2022,mansion,22,18000000,20122727,8700000,40000000,1002755.0,1036653.0,62,1977.0,6.0
新高島平駅,2023,mansion,14,21000000,22071429,13000000,32000000,1231011.0,1156463.0,68,1977.0,7.0
新高島平駅,2024,mansion,27,21000000,20874074,4000000,40000000,1057851.0,1173799.0,60,1976.0,6.0
新高島平駅,2025,mansion,32,20000000,18826923,5500000,44000000,1164980.0,1209004.0,58,1978.0,8.0
方南町駅,2021,house,35,62000000,60100000,25000000,1400000000,2148760.0,2139496.0,80,2000.0,10.0
方南町駅,2022,house,51,68000000,63217391,7000000,650000000,2100146.0,2003075.0,85,1992.0,9.0
方南町駅,2023,house,45,63000000,62346341,5200000,610000000,2443406.0,2376090.0,80,2014.0,10.0
方南町駅,2024,house,62,75000000,66578947,12000000,720000000,2459245.0,2350679.0,85,2010.0,10.0
方南町駅,2025,house,67,88000000,80108333,7500000,1100000000,2767701.0,2717873.0,95,2024.0,11.0
方南町駅,2021,land,7,56000000,57500000,47000000,520000000,1800000.0,1683333.0,110,,7.0
方南町駅,2022,land,8,68500000,82142857,15000000,360000000,3000000.0,2712500.0,75,,10.0
方南町駅,2023,land,12,66500000,85000000,14000000,190000000,2400000.0,2290909.0,82,,4.0
方南町駅,2024,land,18,67000000,64312500,29000000,470000000,2250000.0,2212500.0,92,,9.0
方南町駅,2025,land,20,66500000,60437500,34000000,860000000,2550000.0,2484211.0,102,,9.0
方南町駅,2021,mansion,153,38000000,42174510,6300000,100000000,2809917.0,2717179.0,50,2000.0,6.0
方南町駅,2022,mansion,140,39000000,43103571,6500000,120000000,2853994.0,2752092.0,50,1996.0,7.0
方南町駅,2023,mansion,134,40000000,43360902,6000000,120000000,2720278.0,2854370.0,55,1992.0,7.0
方南町駅,2024,mansion,146,39000000,45539041,8600000,100000000,3041322.0,3054634.0,50,1998.0,7.0
方南町駅,2025,mansion,172,47500000,51626316,7800000,190000000,3305785.0,3338260.0,55,2000.0,7.0
旗の台駅,2021,house,21,89000000,80588235,6500000,200000000,2865014.0,2872152.0,75,2016.0,6.0
旗の台駅,2022,house,17,85000000,89500000,55000000,850000000,3217631.0,3163579.0,60,2017.0,5.0
旗の台駅,2023,house,10,79500000,75875000,55000000,360000000,2770563.0,2698064.0,85,2007.0,7.0
旗の台駅,2024,house,19,83000000,81375000,23000000,330000000,3163588.0,2978317.0,80,2012.0,6.0
旗の台駅,2025,house,26,89500000,100600000,17000000,470000000,3099173.0,3261688.0,75,2011.0,6.0
旗の台駅,2021,land,6,68500000,71833333,50000000,110000000,2850000.0,2980000.0,88,,7.0
旗の台駅,2022,land,2,130000000,130000000,130000000,130000000,3700000.0,3700000.0,115,,4.0
旗の台駅,2023,land,6,67500000,81500000,46000000,130000000,3550000.0,3500000.0,68,,6.0
旗の台駅,2024,land,3,87000000,87000000,76000000,98000000,2900000.0,3266667.0,85,,3.0
旗の台駅,2025,land,6,90500000,77800000,44000000,220000000,3450000.0,3040000.0,90,,5.0
旗の台駅,2021,mansion,32,22500000,31025806,8800000,120000000,2867839.0,2948771.0,22,1994.0,5.0
旗の台駅,2022,mansion,20,27000000,36330000,9800000,80000000,2940574.0,2833657.0,35,1991.0,3.0
旗の台駅,2023,mansion,37,23000000,34772973,8800000,93000000,3000636.0,2866780.0,35,1995.0,5.0
旗の台駅,2024,mansion,51,49000000,45009804,9500000,120000000,3365890.0,3464077.0,45,2000.0,5.0
旗の台駅,2025,mansion,40,25500000,30528571,8000000,130000000,2819806.0,2819308.0,35,1985.0,4.0
日の出駅,2021,mansion,6,76000000,62166667,26000000,85000000,4325069.0,4157514.0,58,2012.0,2.0
日の出駅,2022,mansion,7,39000000,52285714,19000000,96000000,4297521.0,4295924.0,30,2006.0,5.0
日の出駅,2023,mansion,10,49000000,44250000,25000000,230000000,4214876.0,4159923.0,45,2004.0,2.0
日の出駅,2024,mansion,8,71500000,60333333,24000000,150000000,4336160.0,4379991.0,55,2016.0,2.0
日の出駅,2025,mansion,15,82000000,77071429,20000000,270000000,5085823.0,5332775.0,55,2006.0,2.0
日向和田駅,2021,house,9,19000000,17750000,13000000,28000000,598190.0,601580.0,135,2016.0,11.0
日向和田駅,2022,house,17,25000000,25000000,20000000,46000000,835146.0,830395.0,150,2020.0,5.0
日向和田駅,2023,house,9,22000000,17166667,3000000,27000000,727273.0,550667.0,150,2023.0,10.0
日向和田駅,2024,house,20,22500000,23294118,7000000,29000000,730752.0,772036.0,145,2024.0,10.0
日向和田駅,2025,house,5,21000000,20250000,6300000,22000000,661157.0,676768.0,145,2019.0,19.0
日向和田駅,2021,land,5,13000000,13333333,3300000,29000000,220000.0,189000.0,230,,13.0
日向和田駅,2022,land,5,12000000,13800000,11000000,17000000,200000.0,217500.0,210,,11.0
日向和田駅,2023,land,11,7000000,8709091,300000,18000000,76000.0,134200.0,220,,11.0
日向和田駅,2024,land,8,17000000,16087500,1300000,32000000,185000.0,167375.0,260,,12.0
日向和田駅,2025,land,3,13000000,17000000,11000000,27000000,260000.0,263333.0,140,,8.0
日暮里駅,2021,house,12,81500000,143583333,16000000,440000000,1552866.0,1538956.0,92,1998.0,4.0
日暮里駅,2022,house,4,138000000,103666667,35000000,880000000,2194674.0,2067920.0,110,1975.0,6.0
日暮里駅,2023,house,11,92000000,93111111,40000000,580000000,2506887.0,2280155.0,85,2006.0,8.0
日暮里駅,2024,house,10,103500000,96750000,66000000,2000000000,3383568.0,3228364.0,92,2015.0,5.0
日暮里駅,2025,house,7,97000000,514714286,44000000,1600000000,3053916.0,3116054.0,70,2024.0,7.0
日暮里駅,2021,land,1,65000000,65000000,65000000,65000000,2900000.0,2900000.0,75,,7.0
日暮里駅,2022,land,2,270000000,270000000,130000000,410000000,2850000.0,2850000.0,332,,6.0
日暮里駅,2023,land,4,165000000,137333333,82000000,1800000000,4650000.0,4975000.0,115,,4.0
日暮里駅,2024,land,4,120000000,103666667,71000000,220000000,4700000.0,5000000.0,85,,4.0
日暮里駅,2025,land,4,260000000,181000000,23000000,950000000,5450000.0,5650000.0,160,,4.0
日暮里駅,2021,mansion,86,50000000,52302326,11000000,110000000,3151515.0,3024511.0,55,2008.0,5.0
日暮里駅,2022,mansion,86,46500000,48337349,14000000,120000000,3049587.0,3089574.0,55,2008.0,5.0
日暮里駅,2023,mansion,94,50000000,56129032,14000000,970000000,3419126.0,3315252.0,55,2012.0,5.0
日暮里駅,2024,mansion,88,60000000,59791860,8100000,150000000,3687524.0,3462777.0,60,2008.0,6.0
日暮里駅,2025,mansion,106,65000000,66828571,15000000,190000000,3724911.0,3870085.0,55,2008.0,5.0
日本橋駅,2021,house,3,210000000,626666667,170000000,1500000000,4338843.0,6050767.0,75,1974.0,2.0
日本橋駅,2023,house,2,625000000,625000000,550000000,700000000,7186489.0,7186489.0,82,1970.0,2.0
日本橋駅,2021,mansion,4,47500000,48000000,35000000,49000000,4066640.0,4053522.0,40,2010.0,3.0
日本橋駅,2022,mansion,2,24000000,24000000,14000000,34000000,3790633.0,3790633.0,20,1992.0,4.0
日本橋駅,2023,mansion,5,58000000,51250000,22000000,2700000000,5289256.0,4771743.0,35,2004.0,3.0
日本橋駅,2024,mansion,6,35000000,37333333,18000000,61000000,4031221.0,4107132.0,25,2004.0,3.0
日本橋駅,2025,mansion,4,69000000,63500000,16000000,100000000,5154019.0,5268863.0,38,2002.0,4.0
日比谷駅,2021,mansion,1,50000000,50000000,50000000,50000000,4132231.0,4132231.0,40,2018.0,4.0
日比谷駅,2022,mansion,1,110000000,110000000,110000000,110000000,6060606.0,6060606.0,60,2010.0,9.0
日比谷駅,2023,mansion,1,62000000,62000000,62000000,62000000,3153210.0,3153210.0,65,1998.0,6.0
日比谷駅,2024,mansion,1,800000000,800000000,800000000,800000000,22038567.0,22038567.0,120,2019.0,3.0
日比谷駅,2025,mansion,3,600000000,573000000,19000000,1100000000,17316017.0,13115571.0,105,2019.0,4.0
日野駅,2021,house,67,40000000,39228070,6300000,550000000,1385281.0,1309373.0,120,2019.0,14.0
日野駅,2022,house,70,41000000,39203125,3000000,270000000,1448535.0,1357785.0,122,2016.0,13.0
日野駅,2023,house,70,45500000,44194030,12000000,650000000,1494949.0,1427953.0,120,2022.0,15.0
日野駅,2024,house,47,44000000,41466667,22000000,150000000,1355372.0,1356179.0,125,2022.0,14.0
日野駅,2025,house,117,45000000,43475221,7000000,1100000000,1579431.0,1500808.0,120,2025.0,11.0
日野駅,2021,land,16,31000000,28166667,3500000,350000000,575000.0,601333.0,168,,11.0
日野駅,2022,land,26,38000000,34904762,22000000,210000000,775000.0,793077.0,158,,11.0
日野駅,2023,land,10,40000000,37571429,15000000,200000000,920000.0,847000.0,135,,9.0
日野駅,2024,land,12,38500000,43454545,3000000,200000000,730000.0,705833.0,165,,10.0
日野駅,2025,land,11,37000000,51181818,16000000,110000000,890000.0,866000.0,130,,15.0
日野駅,2021,mansion,35,28000000,27171429,12000000,42000000,1369540.0,1347773.0,65,1999.0,9.0
日野駅,2022,mansion,29,24000000,22193103,3400000,50000000,1057851.0,1093079.0,65,1998.0,12.0
日野駅,2023,mansion,28,24000000,22046429,5000000,48000000,1069789.0,1115414.0,62,1997.0,10.0
日野駅,2024,mansion,32,23000000,23359375,3500000,54000000,1195168.0,1243668.0,60,1995.0,10.0
日野駅,2025,mansion,32,21000000,22687500,9500000,52000000,1112948.0,1129619.0,62,1997.0,10.0
早稲田駅,2021,house,21,120000000,161663158,3600000,3200000000,3123770.0,3128301.0,80,2016.0,6.0
早稲田駅,2022,house,13,120000000,106250000,29000000,1000000000,2435842.0,2222748.0,75,1990.0,7.0
早稲田駅,2023,house,16,94500000,91000000,18000000,330000000,2780532.0,2734094.0,75,2004.0,6.0
早稲田駅,2024,house,15,130000000,171714286,13000000,620000000,2809917.0,2726277.0,70,1984.0,5.0
早稲田駅,2025,house,16,240000000,232066667,18000000,880000000,2787804.0,2955585.0,110,1998.0,7.0
早稲田駅,2021,land,9,67000000,67777778,17000000,130000000,3100000.0,2817778.0,75,,6.0
早稲田駅,2022,land,3,61000000,61333333,53000000,70000000,3100000.0,3166667.0,65,,5.0
早稲田駅,2023,land,11,120000000,118400000,63000000,320000000,4600000.0,4737500.0,80,,6.0
早稲田駅,2024,land,7,110000000,92000000,35000000,200000000,4100000.0,4066667.0,90,,6.0
早稲田駅,2025,land,6,103500000,102666667,57000000,130000000,4850000.0,4683333.0,70,,6.0
早稲田駅,2021,mansion,104,25000000,28976087,6800000,180000000,3636364.0,3595357.0,25,2005.0,5.0
早稲田駅,2022,mansion,114,36000000,37074312,8500000,130000000,3305785.0,3310677.0,30,1999.0,6.0
早稲田駅,2023,mansion,129,37000000,41510938,7500000,130000000,3546206.0,3435621.0,35,1999.0,6.0
早稲田駅,2024,mansion,99,42000000,50343434,15000000,120000000,4049587.0,3996398.0,35,2002.0,5.0
早稲田駅,2025,mansion,116,45500000,50914035,8000000,190000000,4187328.0,4022052.0,35,2003.0,6.0
明大前駅,2021,house,10,67500000,66888889,27000000,400000000,2369146.0,2347702.0,90,1995.0,5.0
明大前駅,2022,house,10,104500000,110200000,81000000,150000000,2787736.0,2957706.0,112,2007.0,10.0
明大前駅,2023,house,12,73000000,116545455,8000000,530000000,2355477.0,2372695.0,98,2007.0,8.0
明大前駅,2024,house,12,104000000,110909091,54000000,430000000,3042825.0,3115440.0,85,2006.0,10.0
明大前駅,2025,house,13,95000000,101727273,30000000,620000000,2783819.0,2942640.0,100,2002.0,7.0
明大前駅,2021,land,3,61000000,108666667,55000000,210000000,2400000.0,2333333.0,85,,11.0
明大前駅,2022,land,4,119500000,116000000,55000000,170000000,2550000.0,2500000.0,112,,4.0
明大前駅,2023,land,3,77000000,71000000,57000000,79000000,3000000.0,3000000.0,75,,9.0
明大前駅,2024,land,3,210000000,253333333,120000000,430000000,3200000.0,3900000.0,220,,4.0
明大前駅,2025,land,6,74500000,78833333,49000000,110000000,3050000.0,3080000.0,80,,6.0
明大前駅,2021,mansion,41,31000000,35187805,7700000,74000000,2589532.0,2648809.0,45,1997.0,5.0
明大前駅,2022,mansion,45,27000000,32417778,8500000,74000000,2909091.0,2914598.0,25,1999.0,6.0
明大前駅,2023,mansion,38,35000000,40421053,11000000,88000000,3164108.0,3254431.0,35,1997.0,5.0
明大前駅,2024,mansion,48,33000000,32319149,6000000,85000000,2856537.0,2949075.0,35,1996.0,5.0
明大前駅,2025,mansion,66,35000000,38446154,10000000,130000000,3305785.0,3336242.0,35,1997.0,6.0
明治神宮前駅,2021,house,2,165000000,165000000,130000000,200000000,5991735.0,5991735.0,68,1971.0,6.0
明治神宮前駅,2022,house,7,500000000,474285714,130000000,1100000000,9917355.0,7474290.0,115,1986.0,4.0
明治神宮前駅,2023,house,5,790000000,597500000,130000000,1800000000,7681089.0,9400324.0,130,1996.0,5.0
明治神宮前駅,2024,house,5,570000000,573333333,250000000,23000000000,14819036.0,12180752.0,95,2014.0,4.0
明治神宮前駅,2025,house,14,885000000,813333333,130000000,2300000000,10750599.0,9882035.0,188,2004.0,4.0
明治神宮前駅,2021,land,1,300000000,300000000,300000000,300000000,6400000.0,6400000.0,155,,9.0
明治神宮前駅,2022,land,3,350000000,313333333,230000000,360000000,7600000.0,6733333.0,150,,10.0
明治神宮前駅,2023,land,1,500000000,500000000,500000000,500000000,38000000.0,38000000.0,45,,2.0
明治神宮前駅,2024,land,1,820000000,820000000,820000000,820000000,14000000.0,14000000.0,195,,6.0
明治神宮前駅,2025,land,3,240000000,263333333,200000000,350000000,11000000.0,10300000.0,85,,8.0
明治神宮前駅,2021,mansion,16,68500000,63142857,27000000,240000000,3623649.0,3418343.0,50,2009.0,6.0
明治神宮前駅,2022,mansion,13,75000000,68615385,29000000,100000000,3541912.0,3429245.0,55,2009.0,6.0
明治神宮前駅,2023,mansion,8,58500000,62875000,36000000,94000000,3461892.0,3447318.0,62,2009.0,7.0
明治神宮前駅,2024,mansion,24,82500000,83000000,35000000,1000000000,4776859.0,4643658.0,55,1986.0,7.0
明治神宮前駅,2025,mansion,14,110000000,111583333,48000000,870000000,5546373.0,5345254.0,75,1997.0,5.0
春日駅,2021,house,13,140000000,183250000,85000000,600000000,3736974.0,3430929.0,80,2012.0,6.0
春日駅,2022,house,10,150000000,136428571,20000000,250000000,4526672.0,4158546.0,85,2016.0,5.0
春日駅,2023,house,5,81000000,142750000,50000000,1300000000,3347107.0,3439677.0,100,2012.0,9.0
春日駅,2024,house,22,175000000,193428571,64000000,680000000,3842438.0,3579485.0,100,1996.0,7.0
春日駅,2025,house,12,100000000,98181818,45000000,940000000,4040404.0,4147675.0,62,2016.0,10.0
春日駅,2021,land,6,105000000,109666667,65000000,170000000,3950000.0,4183333.0,78,,5.0
春日駅,2022,land,7,100000000,101000000,43000000,860000000,5200000.0,5266667.0,65,,7.0
春日駅,2023,land,4,99500000,89750000,40000000,120000000,4300000.0,4400000.0,72,,8.0
春日駅,2024,land,9,150000000,146375000,75000000,340000000,6500000.0,5622222.0,105,,7.0
春日駅,2025,land,7,280000000,219500000,17000000,670000000,7400000.0,7285714.0,105,,4.0
春日駅,2021,mansion,149,62000000,68807483,9700000,180000000,3966942.0,4076854.0,55,2005.0,4.0
春日駅,2022,mansion,135,56000000,62410448,17000000,200000000,3966942.0,3897895.0,50,2005.0,5.0
春日駅,2023,mansion,171,68000000,67022699,9700000,400000000,4155844.0,4113815.0,55,2005.0,4.0
春日駅,2024,mansion,133,63000000,68786260,12000000,240000000,4260790.0,4125298.0,50,2003.0,5.0
春日駅,2025,mansion,161,72000000,77641026,19000000,320000000,4892562.0,4893516.0,50,2005.0,4.0
昭和島駅,2021,house,3,43000000,45000000,38000000,54000000,1487603.0,1620267.0,80,2021.0,16.0
昭和島駅,2022,house,1,47000000,47000000,47000000,47000000,2071625.0,2071625.0,55,2022.0,16.0
昭和島駅,2023,house,9,57000000,245444444,12000000,650000000,1836547.0,1661004.0,105,2003.0,19.0
昭和島駅,2024,house,7,57000000,65333333,47000000,720000000,1983471.0,1999360.0,65,2016.0,10.0
昭和島駅,2025,house,8,48500000,48428571,44000000,200000000,2027548.0,2022742.0,50,2025.0,15.0
昭和島駅,2021,land,1,30000000,30000000,30000000,30000000,2100000.0,2100000.0,45,,16.0
昭和島駅,2022,land,3,68000000,229333333,20000000,600000000,1500000.0,1423333.0,150,,19.0
昭和島駅,2023,land,1,570000000,570000000,570000000,570000000,2000000.0,2000000.0,940,,21.0
昭和島駅,2024,land,3,240000000,330000000,220000000,530000000,2000000.0,2133333.0,400,,24.0
昭和島駅,2021,mansion,8,38000000,34000000,14000000,58000000,2107791.0,1963258.0,65,2006.0,13.0
昭和島駅,2022,mansion,5,41000000,30600000,14000000,42000000,2314050.0,2350575.0,55,2013.0,13.0
昭和島駅,2023,mansion,6,37000000,31683333,7100000,47000000,1678415.0,1592027.0,80,2003.0,14.0
昭和島駅,2024,mansion,8,25500000,25312500,9500000,45000000,1802440.0,1911255.0,48,2004.0,15.0
昭和島駅,2025,mansion,3,13000000,24666667,13000000,48000000,2148760.0,2228022.0,20,2006.0,13.0
昭島駅,2021,house,32,28000000,27341935,9600000,280000000,910063.0,905917.0,115,2006.0,15.0
昭島駅,2022,house,52,39500000,36784314,7000000,150000000,1289256.0,1235431.0,115,2016.0,15.0
昭島駅,2023,house,35,39000000,38696970,9800000,150000000,1363636.0,1278757.0,120,2013.0,15.0
昭島駅,2024,house,50,37000000,33558140,11000000,180000000,1173554.0,1136232.0,130,2012.0,15.0
昭島駅,2025,house,68,35500000,35619048,2100000,100000000,1271385.0,1261250.0,120,2025.0,18.0
昭島駅,2021,land,21,28000000,28388889,11000000,170000000,640000.0,627619.0,135,,13.0
昭島駅,2022,land,27,27000000,25196154,9100000,160000000,630000.0,636667.0,125,,13.0
昭島駅,2023,land,8,27500000,24000000,12000000,160000000,615000.0,623750.0,128,,18.0
昭島駅,2024,land,5,38000000,35600000,27000000,40000000,860000.0,712000.0,135,,11.0
昭島駅,2025,land,9,33000000,32714286,11000000,55000000,760000.0,813750.0,130,,16.0
昭島駅,2021,mansion,46,24000000,24797826,4700000,40000000,1048452.0,1119213.0,75,1997.0,10.0
昭島駅,2022,mansion,48,23500000,26593750,7500000,58000000,1202104.0,1213823.0,75,1989.0,11.0
昭島駅,2023,mansion,29,19000000,26103448,13000000,54000000,837466.0,1148604.0,75,1985.0,12.0
昭島駅,2024,mansion,75,24000000,26440000,3000000,64000000,1057851.0,1175403.0,75,1987.0,10.0
昭島駅,2025,mansion,79,25000000,27105195,3900000,90000000,1180638.0,1235440.0,75,1993.0,10.0
是政駅,2021,house,10,40000000,40000000,17000000,60000000,1469238.0,1476761.0,100,2021.0,10.0
是政駅,2022,house,9,42000000,39000000,29000000,82000000,1359045.0,1306311.0,110,2012.0,10.0
是政駅,2023,house,7,53000000,47000000,30000000,60000000,1946740.0,1789036.0,110,2023.0,10.0
是政駅,2024,house,8,44500000,45500000,13000000,94000000,1156371.0,1203024.0,132,2010.0,8.0
是政駅,2025,house,13,41000000,39666667,35000000,65000000,1611570.0,1568990.0,105,2024.0,10.0
是政駅,2021,land,2,560000000,560000000,440000000,680000000,5230000.0,5230000.0,1065,,6.0
是政駅,2023,land,3,36000000,36000000,31000000,41000000,1100000.0,1060000.0,110,,11.0
是政駅,2025,land,2,72500000,72500000,45000000,100000000,685000.0,685000.0,345,,9.0
是政駅,2021,mansion,23,29000000,27863636,19000000,50000000,1212121.0,1235312.0,75,2005.0,3.0
是政駅,2022,mansion,33,28000000,27000000,19000000,53000000,1262209.0,1277964.0,75,2000.0,4.0
是政駅,2023,mansion,14,29500000,30153846,10000000,39000000,1261384.0,1280133.0,80,1990.0,4.0
是政駅,2024,mansion,26,32000000,31680000,7400000,45000000,1513994.0,1507096.0,70,1996.0,3.0
是政駅,2025,mansion,17,32000000,33705882,10000000,58000000,1432507.0,1481088.0,85,2002.0,4.0
曙橋駅,2021,house,8,76000000,68000000,53000000,470000000,2902552.0,2857515.0,58,2018.0,5.0
曙橋駅,2022,house,13,230000000,300230769,29000000,680000000,3801653.0,3332381.0,110,1978.0,4.0
曙橋駅,2023,house,10,181500000,375000000,65000000,1200000000,3432931.0,3306301.0,120,2006.0,6.0
曙橋駅,2024,house,9,88000000,180111111,60000000,510000000,3216057.0,2953366.0,65,2004.0,6.0
曙橋駅,2025,house,12,97500000,127583333,16000000,270000000,3570672.0,3033334.0,108,1987.0,6.0
曙橋駅,2021,land,4,137500000,160250000,66000000,300000000,3350000.0,3475000.0,132,,2.0
曙橋駅,2022,land,1,270000000,270000000,270000000,270000000,5400000.0,5400000.0,165,,4.0
曙橋駅,2023,land,6,115000000,94800000,40000000,380000000,4100000.0,4060000.0,92,,5.0
曙橋駅,2024,land,3,380000000,510000000,250000000,900000000,7900000.0,10033333.0,160,,4.0
曙橋駅,2025,land,3,280000000,1670000000,230000000,4500000000,5900000.0,6533333.0,160,,7.0
曙橋駅,2021,mansion,67,51000000,53930769,9500000,260000000,3746556.0,3679826.0,45,2005.0,5.0
曙橋駅,2022,mansion,87,51000000,51175862,8300000,140000000,3919716.0,3863418.0,40,2004.0,5.0
曙橋駅,2023,mansion,80,55500000,61105263,13000000,210000000,4123049.0,4107942.0,50,2006.0,5.0
曙橋駅,2024,mansion,81,48000000,56833333,10000000,390000000,4132231.0,4081894.0,45,2004.0,5.0
曙橋駅,2025,mansion,112,51500000,63190909,10000000,220000000,4312547.0,4454308.0,42,2001.0,4.0
曳舟駅,2021,house,12,48000000,64916667,28000000,140000000,2056933.0,1943455.0,62,2001.0,6.0
曳舟駅,2022,house,25,47000000,44380952,17000000,620000000,1936246.0,1804325.0,65,2007.0,7.0
曳舟駅,2023,house,25,55000000,54565217,8000000,390000000,2034329.0,1948226.0,55,1997.0,7.0
曳舟駅,2024,house,19,66000000,59912500,5100000,2200000000,1830896.0,1938600.0,60,2001.0,8.0
曳舟駅,2025,house,26,59000000,55083333,4000000,900000000,1759663.0,1796726.0,65,2000.0,9.0
曳舟駅,2021,land,5,100000000,115500000,42000000,730000000,2100000.0,2150000.0,130,,7.0
曳舟駅,2023,land,5,210000000,221800000,48000000,430000000,3200000.0,3680000.0,160,,8.0
曳舟駅,2024,land,10,66500000,90700000,38000000,200000000,2450000.0,2810000.0,105,,5.0
曳舟駅,2025,land,2,63000000,63000000,51000000,75000000,2250000.0,2250000.0,90,,9.0
曳舟駅,2021,mansion,61,40000000,37081967,7000000,67000000,2479339.0,2431234.0,55,2006.0,5.0
曳舟駅,2022,mansion,51,40000000,39127451,9700000,70000000,2695486.0,2596098.0,50,2007.0,5.0
曳舟駅,2023,mansion,81,32000000,36212500,8000000,93000000,3085399.0,3097248.0,30,2012.0,6.0
曳舟駅,2024,mansion,60,34000000,39850000,12000000,90000000,3098363.0,2923226.0,42,2008.0,5.0
曳舟駅,2025,mansion,93,52000000,49126374,8500000,120000000,3223140.0,3230344.0,55,2006.0,8.0
月島駅,2021,house,16,76500000,79357143,22000000,410000000,2776287.0,3272431.0,48,1986.0,3.0
月島駅,2022,house,7,80000000,134333333,32000000,1100000000,3264463.0,2924878.0,65,2012.0,3.0
月島駅,2023,house,11,120000000,171800000,20000000,1700000000,2288620.0,2283685.0,50,1990.0,4.0
月島駅,2024,house,16,74000000,88000000,26000000,560000000,3377834.0,2777948.0,42,1990.0,4.0
月島駅,2025,house,13,65000000,89166667,30000000,460000000,2839086.0,3347783.0,45,1972.0,5.0
月島駅,2021,land,2,107000000,107000000,54000000,160000000,4650000.0,4650000.0,72,,4.0
月島駅,2022,land,2,78000000,78000000,61000000,95000000,3550000.0,3550000.0,75,,4.0
月島駅,2023,land,6,128500000,115400000,60000000,640000000,5350000.0,5750000.0,75,,4.0
月島駅,2024,land,3,150000000,409000000,77000000,1000000000,9100000.0,7933333.0,70,,2.0
月島駅,2025,land,1,63000000,63000000,63000000,63000000,4600000.0,4600000.0,45,,3.0
月島駅,2021,mansion,312,72000000,72703679,4400000,250000000,3875639.0,3900839.0,65,2012.0,3.0
月島駅,2022,mansion,249,79000000,75054393,13000000,220000000,4061393.0,4057778.0,65,2013.0,3.0
月島駅,2023,mansion,235,86000000,86987013,14000000,280000000,4486422.0,4537232.0,65,2011.0,3.0
月島駅,2024,mansion,271,92000000,97159696,12000000,400000000,4988730.0,5223387.0,60,2008.0,3.0
月島駅,2025,mansion,331,120000000,116981538,12000000,560000000,5884297.0,5835668.0,65,2005.0,4.0
有明テニスの森駅,2021,mansion,195,60000000,61179348,24000000,180000000,3140496.0,3138722.0,65,2009.0,5.0
有明テニスの森駅,2022,mansion,150,65500000,66361111,26000000,140000000,3305785.0,3336764.0,65,2010.0,5.0
有明テニスの森駅,2023,mansion,159,70000000,71461039,24000000,120000000,3658402.0,3628994.0,65,2010.0,6.0
有明テニスの森駅,2024,mansion,149,81000000,83742857,25000000,210000000,4278075.0,4215845.0,65,2010.0,8.0
有明テニスの森駅,2025,mansion,176,92500000,95482558,25000000,320000000,4885216.0,4890471.0,65,2009.0,6.0
有明駅,2021,mansion,33,70000000,72343750,53000000,130000000,4207363.0,4246336.0,55,2019.0,3.0
有明駅,2022,mansion,25,72000000,73833333,53000000,130000000,4334251.0,4331111.0,55,2019.0,3.0
有明駅,2023,mansion,62,77000000,83677419,58000000,120000000,4564989.0,4547273.0,55,2019.0,4.0
有明駅,2024,mansion,62,93500000,100459016,65000000,180000000,5619834.0,5579709.0,55,2019.0,6.0
有明駅,2025,mansion,75,110000000,118280000,18000000,210000000,6611570.0,6687694.0,55,2019.0,4.0
木場駅,2021,house,20,64000000,73312500,35000000,1000000000,2428536.0,2376698.0,60,2004.0,5.0
木場駅,2022,house,9,70000000,82625000,61000000,500000000,2148760.0,2015917.0,90,1989.0,10.0
木場駅,2023,house,11,70000000,85111111,51000000,480000000,2396694.0,2246023.0,70,2014.0,6.0
木場駅,2024,house,15,79000000,84000000,42000000,680000000,2401044.0,2883521.0,75,2003.0,9.0
木場駅,2025,house,10,84500000,77050000,7500000,150000000,1925751.0,1680425.0,72,1988.0,10.0
木場駅,2021,land,6,103000000,158666667,47000000,430000000,3200000.0,3683333.0,112,,8.0
木場駅,2022,land,6,155000000,153833333,10000000,310000000,3200000.0,2965000.0,122,,8.0
木場駅,2023,land,5,77000000,77600000,50000000,100000000,3300000.0,3320000.0,85,,6.0
木場駅,2024,land,11,99000000,107700000,58000000,7600000000,3700000.0,3360000.0,130,,8.0
木場駅,2025,land,5,81000000,78250000,23000000,92000000,4400000.0,4240000.0,50,,10.0
木場駅,2021,mansion,123,45000000,45934959,14000000,85000000,2732782.0,2801329.0,65,2006.0,7.0
木場駅,2022,mansion,125,41000000,45240000,16000000,95000000,2880756.0,2868352.0,55,2005.0,7.0
木場駅,2023,mansion,167,55000000,53485030,11000000,130000000,3140496.0,3124553.0,65,2003.0,8.0
木場駅,2024,mansion,129,57000000,55043750,9500000,150000000,3164108.0,3303631.0,65,2003.0,7.0
木場駅,2025,mansion,143,39000000,49169014,8000000,140000000,3683589.0,3582218.0,45,2003.0,6.0
末広町駅,2021,house,3,220000000,343333333,210000000,600000000,3018325.0,3188359.0,115,2002.0,4.0
末広町駅,2022,house,5,250000000,330000000,130000000,550000000,2892562.0,2809995.0,80,2000.0,2.0
末広町駅,2023,house,5,210000000,310000000,120000000,650000000,4176084.0,3926172.0,65,2006.0,4.0
末広町駅,2024,house,10,425000000,380000000,70000000,7500000000,4211804.0,4476064.0,75,1991.0,4.0
末広町駅,2025,house,2,2150000000,2150000000,1300000000,3000000000,8658008.0,8658008.0,220,2008.0,4.0
末広町駅,2021,land,1,92000000,92000000,92000000,92000000,7200000.0,7200000.0,40,,6.0
末広町駅,2023,land,1,150000000,150000000,150000000,150000000,7000000.0,7000000.0,70,,5.0
末広町駅,2021,mansion,22,26000000,33047619,15000000,84000000,3930211.0,3980315.0,25,2004.0,4.0
末広町駅,2022,mansion,12,28500000,33500000,23000000,120000000,3994490.0,4086580.0,28,2004.0,2.0
末広町駅,2023,mansion,13,35000000,50846154,16000000,100000000,3966942.0,4381800.0,30,2009.0,2.0
末広町駅,2024,mansion,18,34500000,50222222,21000000,110000000,3966942.0,4396638.0,30,2006.0,4.0
末広町駅,2025,mansion,27,33000000,34291667,10000000,280000000,4132231.0,4093237.0,30,2007.0,2.0
本厚木駅,2025,mansion,1,11000000,11000000,11000000,11000000,909091.0,909091.0,40,1971.0,10.0
本所吾妻橋駅,2021,house,11,62000000,263181818,19000000,880000000,1410468.0,1791474.0,130,1998.0,6.0
本所吾妻橋駅,2022,house,14,97000000,100666667,38000000,740000000,2578512.0,2791713.0,108,2005.0,6.0
本所吾妻橋駅,2023,house,11,200000000,157555556,12000000,3600000000,2727273.0,2745493.0,70,2021.0,5.0
本所吾妻橋駅,2024,house,10,190000000,222000000,88000000,4200000000,2733394.0,3140244.0,100,2010.0,8.0
本所吾妻橋駅,2025,house,17,140000000,274750000,40000000,1400000000,2778776.0,2649591.0,120,1999.0,7.0
本所吾妻橋駅,2021,land,15,150000000,131461538,23000000,750000000,4100000.0,4086667.0,130,,6.0
本所吾妻橋駅,2022,land,4,144500000,143500000,55000000,230000000,3050000.0,3175000.0,145,,5.0
本所吾妻橋駅,2023,land,3,55000000,57333333,53000000,64000000,3700000.0,3900000.0,50,,5.0
本所吾妻橋駅,2024,land,7,80000000,97833333,40000000,670000000,3400000.0,4071429.0,105,,6.0
本所吾妻橋駅,2025,land,2,111500000,111500000,73000000,150000000,4550000.0,4550000.0,80,,4.0
本所吾妻橋駅,2021,mansion,89,30000000,32070455,8200000,75000000,3005259.0,3009182.0,30,2006.0,7.0
本所吾妻橋駅,2022,mansion,75,35000000,38006667,1500000,72000000,2949777.0,2910233.0,50,2005.0,5.0
本所吾妻橋駅,2023,mansion,84,30500000,36314286,7400000,88000000,3006287.0,3092256.0,35,2006.0,6.0
本所吾妻橋駅,2024,mansion,87,33000000,36226190,12000000,99000000,3305785.0,3216125.0,35,2006.0,6.0
本所吾妻橋駅,2025,mansion,101,40000000,42955000,9500000,98000000,3526171.0,3428817.0,45,2006.0,5.0
本蓮沼駅,2021,house,23,51000000,48714286,20000000,180000000,1666116.0,1544269.0,90,2006.0,8.0
本蓮沼駅,2022,house,32,50500000,48896552,11000000,190000000,1789823.0,1692858.0,72,2002.0,6.0
本蓮沼駅,2023,house,24,54000000,54571429,6000000,530000000,2022363.0,1929017.0,75,2011.0,8.0
本蓮沼駅,2024,house,30,54500000,53708333,8800000,350000000,1983471.0,1979046.0,75,2013.0,10.0
本蓮沼駅,2025,house,36,65000000,63800000,23000000,250000000,2124222.0,2118369.0,78,2025.0,8.0
本蓮沼駅,2021,land,9,50000000,50750000,19000000,500000000,1400000.0,1518889.0,115,,7.0
本蓮沼駅,2022,land,8,56000000,75250000,9000000,190000000,1550000.0,1440000.0,115,,7.0
本蓮沼駅,2023,land,6,71500000,72166667,18000000,140000000,1700000.0,1700000.0,95,,6.0
本蓮沼駅,2024,land,10,52500000,43375000,16000000,290000000,1700000.0,1680000.0,95,,9.0
本蓮沼駅,2025,land,11,51000000,51900000,27000000,240000000,2400000.0,1954545.0,110,,11.0
本蓮沼駅,2021,mansion,82,30500000,31598780,3500000,65000000,2092667.0,2127193.0,55,2000.0,7.0
本蓮沼駅,2022,mansion,80,29000000,32697500,4000000,76000000,2424242.0,2314059.0,50,2005.0,7.0
本蓮沼駅,2023,mansion,61,26000000,26810345,5200000,63000000,2247934.0,2320989.0,35,2000.0,7.0
本蓮沼駅,2024,mansion,88,31500000,36058621,5000000,96000000,2495868.0,2539766.0,55,2005.0,8.0
本蓮沼駅,2025,mansion,95,35000000,37928421,6800000,85000000,2644628.0,2712825.0,45,2004.0,6.0
本郷三丁目駅,2021,house,4,170000000,143333333,90000000,960000000,2321428.0,2167454.0,138,1965.0,4.0
本郷三丁目駅,2022,house,8,185000000,214125000,83000000,350000000,2167126.0,2252195.0,108,1983.0,4.0
本郷三丁目駅,2023,house,9,240000000,608444444,65000000,1900000000,3560076.0,3049805.0,220,1984.0,4.0
本郷三丁目駅,2024,house,14,210000000,166636364,40000000,1900000000,3355372.0,3455332.0,82,1980.0,4.0
本郷三丁目駅,2025,house,5,110000000,110600000,57000000,200000000,2266824.0,2635457.0,50,1978.0,3.0
本郷三丁目駅,2021,land,7,110000000,266285714,74000000,670000000,5700000.0,7057143.0,80,,4.0
本郷三丁目駅,2022,land,2,290000000,290000000,250000000,330000000,9250000.0,9250000.0,105,,4.0
本郷三丁目駅,2023,land,5,110000000,103000000,80000000,190000000,5500000.0,5820000.0,55,,5.0
本郷三丁目駅,2024,land,5,160000000,132500000,60000000,2100000000,4900000.0,5500000.0,70,,5.0
本郷三丁目駅,2025,land,1,150000000,150000000,150000000,150000000,7600000.0,7600000.0,65,,3.0
本郷三丁目駅,2021,mansion,94,55000000,58150538,15000000,140000000,3919716.0,3960737.0,50,2003.0,5.0
本郷三丁目駅,2022,mansion,78,49000000,50743243,15000000,160000000,3966942.0,4013082.0,40,2006.0,5.0
本郷三丁目駅,2023,mansion,80,63500000,62846154,11000000,200000000,4425244.0,4271206.0,50,2008.0,5.0
本郷三丁目駅,2024,mansion,59,62000000,66603448,18000000,200000000,4231405.0,4313783.0,50,2004.0,5.0
本郷三丁目駅,2025,mansion,91,82000000,82255556,14000000,330000000,5289256.0,5279214.0,50,2007.0,4.0
本駒込駅,2021,house,18,88500000,73625000,24000000,350000000,2940312.0,2740401.0,65,2008.0,8.0
本駒込駅,2022,house,13,96000000,96333333,55000000,140000000,3444976.0,3711630.0,70,2022.0,8.0
本駒込駅,2023,house,11,99000000,111000000,30000000,1100000000,3438016.0,3596458.0,60,2016.0,10.0
本駒込駅,2024,house,14,98000000,97583333,22000000,780000000,3733456.0,3401113.0,65,2002.0,8.0
本駒込駅,2025,house,15,100000000,110357143,27000000,290000000,3593982.0,3349709.0,60,2007.0,5.0
本駒込駅,2021,land,12,79500000,81545455,23000000,380000000,3150000.0,3066667.0,90,,6.0
本駒込駅,2022,land,11,85000000,77500000,18000000,220000000,4200000.0,3677273.0,65,,7.0
本駒込駅,2023,land,4,76500000,75750000,50000000,100000000,4400000.0,4200000.0,58,,2.0
本駒込駅,2024,land,1,140000000,140000000,140000000,140000000,6200000.0,6200000.0,75,,6.0
本駒込駅,2025,land,9,87000000,92500000,28000000,250000000,3900000.0,4387500.0,65,,8.0
本駒込駅,2021,mansion,50,37000000,37734694,13000000,110000000,3471074.0,3457210.0,30,2000.0,3.0
本駒込駅,2022,mansion,60,39000000,40412281,1500000,200000000,3526171.0,3449516.0,40,2000.0,2.0
本駒込駅,2023,mansion,53,48000000,46725490,14000000,170000000,3546206.0,3559729.0,45,2001.0,4.0
本駒込駅,2024,mansion,49,49000000,55306122,12000000,140000000,3856749.0,3867037.0,50,2001.0,3.0
本駒込駅,2025,mansion,39,60000000,61210526,18000000,150000000,4175728.0,4085531.0,55,2004.0,3.0
東あずま駅,2021,house,12,56000000,53222222,12000000,170000000,1782249.0,1860498.0,78,2021.0,4.0
東あずま駅,2022,house,8,49000000,48000000,38000000,55000000,1774685.0,1948407.0,65,2012.0,7.0
東あずま駅,2023,house,8,59000000,57142857,50000000,120000000,2000870.0,2041409.0,65,2023.0,6.0
東あずま駅,2024,house,13,46000000,49000000,10000000,140000000,1668634.0,1850584.0,50,2016.0,7.0
東あずま駅,2025,house,16,58500000,53571429,21000000,450000000,2051327.0,1931092.0,92,2004.0,5.0
東あずま駅,2021,land,4,52000000,75500000,18000000,180000000,1400000.0,1333333.0,122,,6.0
東あずま駅,2022,land,1,17000000,17000000,17000000,17000000,1000000.0,1000000.0,55,,9.0
東あずま駅,2023,land,3,44000000,55666667,35000000,88000000,1600000.0,1633333.0,105,,6.0
東あずま駅,2024,land,6,44000000,46000000,10000000,690000000,2150000.0,1855000.0,95,,4.0
東あずま駅,2025,land,3,39000000,38333333,26000000,50000000,2200000.0,1833333.0,70,,5.0
東あずま駅,2021,mansion,18,32000000,32333333,15000000,49000000,1632231.0,1654173.0,60,1996.0,3.0
東あずま駅,2022,mansion,10,32000000,31400000,15000000,44000000,1798862.0,1720242.0,50,1992.0,3.0
東あずま駅,2023,mansion,21,29000000,27476190,11000000,42000000,2034329.0,2175905.0,50,1994.0,2.0
東あずま駅,2024,mansion,16,26500000,27062500,11000000,65000000,1782763.0,1704761.0,40,1991.0,4.0
東あずま駅,2025,mansion,23,34000000,34300000,21000000,75000000,2056933.0,2227029.0,55,1997.0,4.0
東中神駅,2021,house,25,35000000,35260000,6300000,79000000,1217921.0,1196530.0,110,2013.0,11.0
東中神駅,2022,house,25,43000000,47840000,12000000,89000000,1357112.0,1503236.0,115,2021.0,11.0
東中神駅,2023,house,22,45000000,49014286,9300000,190000000,1502188.0,1571518.0,115,2022.0,12.0
東中神駅,2024,house,21,40000000,44290000,3000000,160000000,1363636.0,1485053.0,115,2024.0,12.0
東中神駅,2025,house,38,45000000,50973684,14000000,86000000,1588734.0,1756912.0,115,2024.0,14.0
東中神駅,2021,land,12,38500000,43208333,9500000,100000000,610000.0,655833.0,195,,16.0
東中神駅,2022,land,12,33000000,95663636,7300000,2700000000,750000.0,680833.0,168,,8.0
東中神駅,2023,land,8,45000000,55125000,10000000,130000000,735000.0,903750.0,230,,6.0
東中神駅,2024,land,7,27000000,28333333,20000000,110000000,850000.0,815000.0,120,,11.0
東中神駅,2025,land,9,30000000,28000000,19000000,60000000,600000.0,530000.0,165,,11.0
東中神駅,2021,mansion,28,31000000,28182143,7800000,41000000,1518481.0,1471478.0,65,2008.0,10.0
東中神駅,2022,mansion,9,20000000,19250000,14000000,31000000,1212121.0,1153047.0,60,1995.0,4.0
東中神駅,2023,mansion,11,22000000,25090909,10000000,42000000,1373172.0,1356960.0,65,2008.0,6.0
東中神駅,2024,mansion,5,43000000,43250000,15000000,52000000,1939394.0,1650790.0,75,2020.0,10.0
東中神駅,2025,mansion,18,30500000,27050000,5600000,44000000,1500318.0,1503253.0,62,2008.0,4.0
東中野駅,2021,house,45,79000000,102073171,47000000,3100000000,2738616.0,2742862.0,80,2006.0,7.0
東中野駅,2022,house,21,61000000,82150000,23000000,270000000,2311564.0,2204366.0,80,1999.0,9.0
東中野駅,2023,house,41,90000000,114513514,18000000,900000000,3018325.0,2850428.0,90,2012.0,8.0
東中野駅,2024,house,41,80000000,77058824,7000000,580000000,2644628.0,2639537.0,85,1996.0,8.0
東中野駅,2025,house,39,99000000,100972973,11000000,640000000,3114105.0,2881972.0,95,2015.0,7.0
東中野駅,2021,land,10,88000000,100000000,26000000,660000000,2650000.0,2511111.0,155,,8.0
東中野駅,2022,land,10,94000000,106333333,22000000,430000000,2700000.0,2620000.0,118,,6.0
東中野駅,2023,land,12,84500000,84636364,51000000,180000000,3000000.0,2900000.0,98,,8.0
東中野駅,2024,land,12,83500000,85181818,24000000,360000000,2600000.0,2790909.0,92,,8.0
東中野駅,2025,land,16,145000000,145071429,77000000,750000000,4050000.0,3814286.0,115,,8.0
東中野駅,2021,mansion,123,47000000,48994215,7800000,120000000,3365890.0,3293472.0,55,2004.0,4.0
東中野駅,2022,mansion,106,44000000,48703774,8800000,130000000,3421487.0,3294865.0,50,2002.0,5.0
東中野駅,2023,mansion,101,60000000,58530000,8000000,150000000,3589138.0,3491821.0,55,2005.0,5.0
東中野駅,2024,mansion,124,47500000,53296748,9000000,150000000,3878788.0,3948376.0,40,2004.0,6.0
東中野駅,2025,mansion,140,71500000,72574101,2800000,200000000,4260790.0,4285932.0,55,2004.0,5.0
東久留米駅,2021,house,166,39000000,38443558,6000000,510000000,1361206.0,1320846.0,115,2020.0,16.0
東久留米駅,2022,house,93,42000000,42079545,6000000,340000000,1487603.0,1481115.0,115,2018.0,15.0
東久留米駅,2023,house,94,43000000,41337079,1500000,2600000000,1579431.0,1519496.0,112,2022.0,15.0
東久留米駅,2024,house,96,40000000,41156383,6500000,170000000,1496786.0,1488122.0,110,2020.0,16.0
東久留米駅,2025,house,177,41000000,40522093,2500000,700000000,1542700.0,1505250.0,110,2024.0,15.0
東久留米駅,2021,land,42,28000000,29302564,150000,110000000,765000.0,805854.0,110,,12.0
東久留米駅,2022,land,30,24500000,26410714,7500000,660000000,730000.0,706207.0,108,,14.0
東久留米駅,2023,land,34,34000000,40890625,2500000,620000000,800000.0,852667.0,122,,15.0
東久留米駅,2024,land,19,32000000,33187500,4200000,100000000,770000.0,846471.0,115,,9.0
東久留米駅,2025,land,19,35000000,32235294,5000000,260000000,820000.0,910526.0,120,,13.0
東久留米駅,2021,mansion,42,31000000,30256410,3900000,62000000,1550571.0,1575642.0,65,1997.0,5.0
東久留米駅,2022,mansion,45,38000000,36590909,10000000,53000000,1674931.0,1646765.0,70,1998.0,3.0
東久留米駅,2023,mansion,33,30000000,25978125,2800000,92000000,1432507.0,1334257.0,65,1995.0,6.0
東久留米駅,2024,mansion,32,28000000,25959375,3600000,60000000,1559652.0,1384993.0,60,1996.0,3.0
東久留米駅,2025,mansion,40,32000000,31187179,4300000,70000000,1560588.0,1646396.0,65,1997.0,5.0
東京テレポート駅,2021,mansion,1,95000000,95000000,95000000,95000000,3489440.0,3489440.0,90,2006.0,5.0
東京駅,2022,house,2,1518000000,1518000000,36000000,3000000000,6136001.0,6136001.0,90,1966.0,4.0
東京駅,2021,mansion,6,59500000,53666667,25000000,84000000,3576258.0,3567743.0,52,2002.0,10.0
東京駅,2022,mansion,6,69000000,63400000,52000000,130000000,4429752.0,4473523.0,50,2014.0,11.0
東京駅,2023,mansion,4,62500000,63000000,36000000,64000000,4730946.0,4917049.0,42,2004.0,8.0
東京駅,2024,mansion,4,78500000,72500000,50000000,83000000,5803489.0,5683488.0,42,2004.0,8.0
東京駅,2025,mansion,5,100000000,96400000,19000000,160000000,7346189.0,5922675.0,45,2004.0,11.0
東伏見駅,2021,house,46,47500000,47642857,18000000,100000000,1778827.0,1698582.0,100,2021.0,9.0
東伏見駅,2022,house,42,53000000,52275000,10000000,83000000,1884297.0,1771471.0,105,2022.0,10.0
東伏見駅,2023,house,31,53000000,51148148,14000000,170000000,1831231.0,1896151.0,105,2022.0,11.0
東伏見駅,2024,house,38,49000000,49323529,2000000,100000000,1818182.0,1754930.0,100,2009.0,11.0
東伏見駅,2025,house,40,49000000,51029412,7000000,300000000,1774685.0,1746709.0,110,2008.0,10.0
東伏見駅,2021,land,11,47000000,52090909,31000000,84000000,1400000.0,1233636.0,120,,10.0
東伏見駅,2022,land,15,57000000,62642857,15000000,370000000,1400000.0,1327143.0,135,,8.0
東伏見駅,2023,land,14,54500000,49363636,31000000,96000000,1300000.0,1292143.0,140,,9.0
東伏見駅,2024,land,20,50500000,54210526,15000000,800000000,1350000.0,1291053.0,110,,8.0
東伏見駅,2025,land,6,45000000,42666667,32000000,52000000,1350000.0,1310000.0,110,,10.0
東伏見駅,2021,mansion,20,25500000,24690000,4700000,50000000,1535813.0,1532897.0,52,2002.0,10.0
東伏見駅,2022,mansion,14,34000000,31142857,10000000,50000000,1983471.0,1903566.0,65,2000.0,9.0
東伏見駅,2023,mansion,21,36000000,34047619,11000000,50000000,1729180.0,1821340.0,65,2002.0,10.0
東伏見駅,2024,mansion,21,24000000,27342857,8500000,48000000,2136046.0,2068599.0,55,2000.0,9.0
東伏見駅,2025,mansion,17,34000000,36187500,7000000,51000000,1739887.0,1761802.0,65,2000.0,10.0
東北沢駅,2021,house,9,90000000,109333333,40000000,160000000,3191792.0,3350164.0,105,2010.0,4.0
東北沢駅,2022,house,5,110000000,117500000,100000000,240000000,3463203.0,3519612.0,100,2018.0,8.0
東北沢駅,2023,house,6,90500000,114666667,21000000,240000000,2739079.0,2485102.0,98,1992.0,4.0
東北沢駅,2024,house,8,104500000,121000000,80000000,270000000,3702479.0,3563190.0,62,2012.0,6.0
東北沢駅,2025,house,11,96000000,104727273,43000000,180000000,2933884.0,3225297.0,80,2005.0,5.0
東北沢駅,2021,land,4,117500000,128250000,88000000,190000000,3300000.0,3133333.0,112,,7.0
東北沢駅,2022,land,1,91000000,91000000,91000000,91000000,3100000.0,3100000.0,100,,4.0
東北沢駅,2023,land,4,90500000,75333333,45000000,350000000,3900000.0,3700000.0,70,,4.0
東北沢駅,2024,land,1,96000000,96000000,96000000,96000000,4800000.0,4800000.0,65,,4.0
東北沢駅,2025,land,7,210000000,262428571,86000000,500000000,4600000.0,5300000.0,155,,5.0
東北沢駅,2021,mansion,13,52000000,56615385,11000000,140000000,3447462.0,3548585.0,45,1988.0,4.0
東北沢駅,2022,mansion,21,73000000,59005263,8100000,230000000,4387678.0,4156438.0,50,2015.0,2.0
東北沢駅,2023,mansion,18,78500000,63000000,14000000,300000000,4898572.0,4480255.0,55,2018.0,2.0
東北沢駅,2024,mansion,14,75000000,69357143,19000000,170000000,3506493.0,3666227.0,52,1984.0,2.0
東北沢駅,2025,mansion,13,59000000,69625000,9500000,310000000,5594405.0,5342132.0,40,2018.0,2.0
東十条駅,2021,house,26,47500000,44416667,10000000,150000000,1439288.0,1518657.0,72,1988.0,8.0
東十条駅,2022,house,31,63000000,58269231,11000000,530000000,2203857.0,2155760.0,80,2022.0,7.0
東十条駅,2023,house,25,58000000,53043478,6000000,860000000,1828463.0,1759055.0,70,2017.0,7.0
東十条駅,2024,house,33,68000000,64350000,9500000,560000000,2184693.0,2134213.0,70,2017.0,8.0
東十条駅,2025,house,51,73000000,65500000,5000000,290000000,2294148.0,2046642.0,75,2020.0,10.0
東十条駅,2021,land,8,28000000,37125000,12000000,85000000,2000000.0,1957500.0,40,,8.0
東十条駅,2022,land,13,58000000,47833333,15000000,190000000,1700000.0,1892308.0,80,,8.0
東十条駅,2023,land,8,45000000,48142857,21000000,160000000,1950000.0,2112500.0,70,,7.0
東十条駅,2024,land,18,54500000,63000000,18000000,1300000000,2050000.0,2282353.0,85,,6.0
東十条駅,2025,land,9,51000000,52000000,20000000,88000000,2200000.0,2275000.0,80,,9.0
東十条駅,2021,mansion,86,30000000,36854651,6500000,76000000,2842385.0,2789629.0,42,2009.0,5.0
東十条駅,2022,mansion,66,34000000,39181818,8000000,82000000,2936180.0,2870950.0,48,2009.0,5.0
東十条駅,2023,mansion,73,35000000,41068493,7000000,91000000,3158861.0,2995513.0,45,2012.0,6.0
東十条駅,2024,mansion,87,36000000,45664368,6000000,110000000,3415978.0,3175732.0,50,2013.0,6.0
東十条駅,2025,mansion,99,39000000,43421875,8500000,120000000,3305785.0,3058096.0,55,2007.0,6.0
東向島駅,2021,house,23,45000000,44666667,4000000,540000000,1652892.0,1476253.0,65,2016.0,6.0
東向島駅,2022,house,22,45000000,38400000,10000000,420000000,1649887.0,1519630.0,65,2007.0,5.0
東向島駅,2023,house,28,60000000,64040000,7000000,450000000,1946740.0,1737079.0,75,2000.0,5.0
東向島駅,2024,house,40,57500000,50885714,17000000,460000000,1762257.0,1814354.0,60,2015.0,6.0
東向島駅,2025,house,36,59500000,57885714,21000000,180000000,2066116.0,2105740.0,60,2017.0,6.0
東向島駅,2021,land,11,60000000,61000000,8000000,250000000,1200000.0,1376000.0,165,,6.0
東向島駅,2022,land,9,55000000,49714286,29000000,510000000,1800000.0,1671429.0,100,,6.0
東向島駅,2023,land,10,58000000,69400000,26000000,130000000,1600000.0,1740000.0,132,,6.0
東向島駅,2024,land,9,40000000,45555556,5000000,78000000,1900000.0,1900000.0,85,,5.0
東向島駅,2025,land,8,44000000,39714286,15000000,110000000,1650000.0,1594286.0,82,,6.0
東向島駅,2021,mansion,86,29500000,30391860,5000000,57000000,2466624.0,2518404.0,40,2009.0,6.0
東向島駅,2022,mansion,75,34000000,31916000,6600000,60000000,2333495.0,2376302.0,45,2006.0,5.0
東向島駅,2023,mansion,75,32000000,32976000,5200000,65000000,2644628.0,2603607.0,45,2005.0,6.0
東向島駅,2024,mansion,84,37000000,37715663,7400000,100000000,2904005.0,2920247.0,50,2011.0,6.0
東向島駅,2025,mansion,95,37000000,39685263,4600000,83000000,3041322.0,3083728.0,45,2012.0,5.0
東大前駅,2021,house,4,80000000,77666667,73000000,550000000,2514876.0,2402917.0,80,1992.0,4.0
東大前駅,2022,house,4,195000000,186000000,44000000,310000000,3994204.0,3955529.0,112,2001.0,5.0
東大前駅,2023,house,8,104500000,90857143,23000000,310000000,2802046.0,2975113.0,82,2011.0,6.0
東大前駅,2024,house,7,110000000,132571429,30000000,210000000,4848485.0,4108831.0,65,2024.0,5.0
東大前駅,2025,house,6,142500000,129400000,67000000,470000000,3719008.0,4604224.0,70,1988.0,5.0
東大前駅,2021,land,6,96500000,92600000,60000000,300000000,4000000.0,4120000.0,102,,6.0
東大前駅,2022,land,4,78500000,76750000,60000000,90000000,4550000.0,4650000.0,52,,4.0
東大前駅,2023,land,1,200000000,200000000,200000000,200000000,5300000.0,5300000.0,125,,6.0
東大前駅,2024,land,6,135000000,127600000,68000000,320000000,4250000.0,4750000.0,120,,5.0
東大前駅,2025,land,4,104500000,111750000,78000000,160000000,4600000.0,4566667.0,60,,4.0
東大前駅,2021,mansion,26,31000000,44115385,11000000,100000000,3305785.0,3469378.0,30,2004.0,4.0
東大前駅,2022,mansion,18,57500000,59277778,12000000,130000000,3645546.0,3657939.0,52,1998.0,2.0
東大前駅,2023,mansion,30,48500000,54783333,8500000,130000000,3544536.0,3495477.0,42,1998.0,4.0
東大前駅,2024,mansion,30,59000000,59933333,13000000,140000000,3966942.0,4067867.0,50,2004.0,4.0
東大前駅,2025,mansion,35,60000000,67051429,9800000,140000000,4260790.0,4455350.0,50,2000.0,4.0
東大和市駅,2021,house,85,31000000,30148193,2800000,130000000,1113528.0,1076313.0,110,2010.0,15.0
東大和市駅,2022,house,78,40000000,36958904,4400000,180000000,1337340.0,1271795.0,120,2021.0,15.0
東大和市駅,2023,house,78,40000000,37453333,9000000,360000000,1366391.0,1327905.0,110,2018.0,15.0
東大和市駅,2024,house,60,37000000,34852632,5800000,390000000,1275088.0,1198115.0,110,2011.0,14.0
東大和市駅,2025,house,102,40000000,40189899,8800000,190000000,1322314.0,1325949.0,112,2014.0,15.0
東大和市駅,2021,land,30,30500000,32518519,12000000,560000000,580000.0,604828.0,185,,14.0
東大和市駅,2022,land,23,31000000,25405000,4800000,140000000,690000.0,681364.0,125,,14.0
東大和市駅,2023,land,16,42000000,52071429,14000000,180000000,735000.0,752500.0,192,,16.0
東大和市駅,2024,land,27,34000000,31000000,11000000,190000000,780000.0,729615.0,130,,11.0
東大和市駅,2025,land,23,34000000,49904762,15000000,280000000,680000.0,729130.0,170,,14.0
東大和市駅,2021,mansion,47,24000000,21965957,5300000,40000000,1115702.0,1050950.0,75,1998.0,8.0
東大和市駅,2022,mansion,42,28000000,24845238,2400000,43000000,1196093.0,1191440.0,70,1996.0,8.0
東大和市駅,2023,mansion,35,32000000,28151429,3200000,47000000,1322314.0,1223408.0,75,2000.0,5.0
東大和市駅,2024,mansion,36,30000000,27730556,2800000,45000000,1367965.0,1228988.0,75,2003.0,7.0
東大和市駅,2025,mansion,40,31500000,28890000,2500000,44000000,1339167.0,1284582.0,75,2006.0,6.0
東大島駅,2021,house,19,50000000,48333333,5000000,130000000,1637866.0,1479165.0,65,2016.0,13.0
東大島駅,2022,house,15,44000000,37428571,11000000,79000000,1553719.0,1576260.0,60,2002.0,9.0
東大島駅,2023,house,21,46000000,42375000,9500000,1300000000,1712998.0,1531221.0,70,2010.0,11.0
東大島駅,2024,house,15,44000000,44916667,8000000,190000000,1776859.0,1596937.0,65,1998.0,10.0
東大島駅,2025,house,32,59000000,53419355,21000000,150000000,2155947.0,2070093.0,60,2025.0,16.0
東大島駅,2021,land,2,55500000,55500000,50000000,61000000,2400000.0,2400000.0,88,,8.0
東大島駅,2022,land,2,36000000,36000000,21000000,51000000,1400000.0,1400000.0,88,,15.0
東大島駅,2023,land,3,38000000,42666667,17000000,73000000,1300000.0,1273333.0,180,,8.0
東大島駅,2024,land,3,39000000,44666667,31000000,64000000,2500000.0,2566667.0,50,,10.0
東大島駅,2025,land,2,35000000,35000000,35000000,35000000,2650000.0,2650000.0,45,,7.0
東大島駅,2021,mansion,122,34000000,35107438,9500000,100000000,1785124.0,1745104.0,70,1998.0,9.0
東大島駅,2022,mansion,118,36500000,37411864,7600000,66000000,1983471.0,1944394.0,70,1999.0,9.0
東大島駅,2023,mansion,116,40000000,39052586,6000000,70000000,1937820.0,1873978.0,70,1999.0,9.0
東大島駅,2024,mansion,119,38000000,39072034,6300000,240000000,2020202.0,2076497.0,65,1997.0,9.0
東大島駅,2025,mansion,164,41000000,43304908,2000000,80000000,2136046.0,2198487.0,70,1996.0,9.0
東小金井駅,2021,house,63,53000000,54222222,10000000,150000000,2056329.0,2027829.0,105,2020.0,15.0
東小金井駅,2022,house,67,59000000,59770492,18000000,370000000,2336088.0,2366816.0,110,2022.0,15.0
東小金井駅,2023,house,45,56000000,59209302,24000000,300000000,2366246.0,2283068.0,105,2023.0,15.0
東小金井駅,2024,house,49,63000000,64063830,23000000,130000000,2361275.0,2375107.0,100,2021.0,15.0
東小金井駅,2025,house,64,68500000,68224138,6300000,1100000000,2380165.0,2327148.0,118,2020.0,15.0
東小金井駅,2021,land,15,51000000,53142857,30000000,380000000,1300000.0,1306923.0,130,,10.0
東小金井駅,2022,land,9,28000000,30412500,3300000,140000000,980000.0,1091111.0,105,,8.0
東小金井駅,2023,land,13,59000000,51181818,22000000,170000000,1400000.0,1395385.0,130,,13.0
東小金井駅,2024,land,11,51000000,64090909,26000000,120000000,1300000.0,1327273.0,125,,13.0
東小金井駅,2025,land,11,56000000,51700000,5000000,66000000,1600000.0,1458889.0,105,,11.0
東小金井駅,2021,mansion,27,46000000,41562963,5200000,60000000,2148760.0,2051868.0,70,2008.0,11.0
東小金井駅,2022,mansion,30,51000000,47896552,7900000,63000000,2260330.0,2272468.0,70,2001.0,12.0
東小金井駅,2023,mansion,43,49000000,49813953,4000000,79000000,2266824.0,2340276.0,70,2005.0,11.0
東小金井駅,2024,mansion,29,60000000,58407407,13000000,88000000,2644628.0,2528282.0,70,2007.0,11.0
東小金井駅,2025,mansion,31,54000000,52648387,4000000,83000000,2743802.0,2552699.0,65,2007.0,11.0
東尾久三丁目駅,2021,house,6,40000000,45800000,3100000,61000000,1763085.0,1832958.0,52,2021.0,2.0
東尾久三丁目駅,2022,house,4,35500000,37000000,20000000,57000000,1543201.0,1568183.0,55,2004.0,3.0
東尾久三丁目駅,2023,house,2,55000000,55000000,47000000,63000000,2010081.0,2010081.0,62,2023.0,4.0
東尾久三丁目駅,2024,house,1,64000000,64000000,64000000,64000000,2227055.0,2227055.0,65,2023.0,3.0
東尾久三丁目駅,2025,house,5,60000000,49200000,14000000,83000000,991736.0,1167805.0,80,2015.0,4.0
東尾久三丁目駅,2021,land,2,31550000,31550000,7100000,56000000,1190000.0,1190000.0,72,,2.0
東尾久三丁目駅,2022,land,1,47000000,47000000,47000000,47000000,2600000.0,2600000.0,60,,4.0
東尾久三丁目駅,2023,land,3,79000000,78333333,36000000,120000000,1700000.0,1733333.0,130,,3.0
東尾久三丁目駅,2024,land,1,19000000,19000000,19000000,19000000,930000.0,930000.0,70,,3.0
東尾久三丁目駅,2025,land,5,50000000,40250000,21000000,710000000,1600000.0,1633333.0,105,,4.0
東尾久三丁目駅,2021,mansion,2,45000000,45000000,43000000,47000000,2587027.0,2587027.0,58,2014.0,1.0
東尾久三丁目駅,2023,mansion,4,18000000,14400000,7200000,37000000,1419792.0,1457555.0,45,1996.0,8.0
東尾久三丁目駅,2024,mansion,2,37500000,37500000,37000000,38000000,2735446.0,2735446.0,50,2012.0,5.0
東尾久三丁目駅,2025,mansion,1,51000000,51000000,51000000,51000000,3371901.0,3371901.0,50,2020.0,2.0
東府中駅,2021,house,39,45000000,43852941,17000000,670000000,1552282.0,1541294.0,115,2020.0,10.0
東府中駅,2022,house,30,47000000,47111111,28000000,120000000,1867642.0,1753545.0,85,2022.0,9.0
東府中駅,2023,house,38,50000000,48484848,8800000,1400000000,1815404.0,1752128.0,115,2008.0,10.0
東府中駅,2024,house,30,58000000,59413793,30000000,150000000,1876951.0,1788356.0,115,2014.0,14.0
東府中駅,2025,house,30,57000000,55700000,21000000,89000000,2053066.0,1960995.0,115,2016.0,14.0
東府中駅,2021,land,17,36000000,34076923,23000000,280000000,1000000.0,1076250.0,115,,6.0
東府中駅,2022,land,8,48000000,47333333,31000000,300000000,1160000.0,1162500.0,142,,8.0
東府中駅,2023,land,2,80500000,80500000,77000000,84000000,1750000.0,1750000.0,158,,4.0
東府中駅,2024,land,6,75000000,66400000,38000000,300000000,1650000.0,1620000.0,145,,5.0
東府中駅,2025,land,3,43000000,64666667,41000000,110000000,2300000.0,2666667.0,70,,7.0
東府中駅,2021,mansion,46,31000000,30191304,4000000,59000000,1877516.0,1817903.0,62,2003.0,5.0
東府中駅,2022,mansion,80,21000000,26382500,3600000,59000000,1861775.0,1918113.0,55,2004.0,6.0
東府中駅,2023,mansion,60,35500000,31262712,1000000,79000000,1939394.0,2044368.0,55,2004.0,6.0
東府中駅,2024,mansion,41,35000000,34609756,4500000,62000000,1983471.0,2109099.0,65,2008.0,5.0
東府中駅,2025,mansion,72,31500000,34308451,6000000,75000000,2130597.0,2219168.0,60,2000.0,6.0
東所沢駅,2022,house,1,16000000,16000000,16000000,16000000,705234.0,705234.0,115,1999.0,20.0
東所沢駅,2025,house,1,7000000,7000000,7000000,7000000,272241.0,272241.0,60,1987.0,25.0
東新宿駅,2021,house,12,69500000,65111111,10000000,400000000,2761303.0,2577889.0,58,2001.0,7.0
東新宿駅,2022,house,12,74000000,100900000,25000000,1500000000,2741383.0,2678412.0,68,1992.0,5.0
東新宿駅,2023,house,11,96000000,94300000,42000000,4100000000,3098318.0,2723455.0,80,2000.0,5.0
東新宿駅,2024,house,14,74500000,68454545,42000000,140000000,3258560.0,3446044.0,50,2023.0,8.0
東新宿駅,2025,house,9,120000000,102142857,30000000,1000000000,3673094.0,3480171.0,100,1990.0,6.0
東新宿駅,2021,land,7,71000000,60833333,28000000,200000000,3300000.0,3133333.0,55,,7.0
東新宿駅,2022,land,3,67000000,86000000,61000000,130000000,2600000.0,3066667.0,100,,7.0
東新宿駅,2023,land,5,130000000,98500000,28000000,480000000,3500000.0,3540000.0,120,,6.0
東新宿駅,2025,land,1,240000000,240000000,240000000,240000000,5300000.0,5300000.0,150,,4.0
東新宿駅,2021,mansion,88,31000000,34254023,5300000,91000000,3085399.0,3027415.0,35,1999.0,3.0
東新宿駅,2022,mansion,85,34000000,34564198,4700000,220000000,3305785.0,3262845.0,35,2001.0,3.0
東新宿駅,2023,mansion,82,30000000,35471605,1900000,110000000,3305785.0,3242826.0,35,1983.0,4.0
東新宿駅,2024,mansion,84,36000000,36126582,9000000,140000000,3458025.0,3599215.0,35,1997.0,4.0
東新宿駅,2025,mansion,117,42000000,44511009,9500000,460000000,3966942.0,3937399.0,35,2000.0,3.0
東日本橋駅,2021,house,2,1115000000,1115000000,630000000,1600000000,2283746.0,2283746.0,385,2003.0,4.0
東日本橋駅,2022,house,6,370000000,416600000,61000000,2300000000,2424242.0,2795437.0,112,1990.0,3.0
東日本橋駅,2023,house,4,455000000,574250000,87000000,1300000000,3140496.0,3026296.0,122,1990.0,3.0
東日本橋駅,2025,house,3,240000000,430000000,220000000,830000000,2693603.0,3720800.0,90,1988.0,3.0
東日本橋駅,2023,land,2,126000000,126000000,62000000,190000000,4050000.0,4050000.0,95,,2.0
東日本橋駅,2021,mansion,48,48500000,47916667,15000000,83000000,3636364.0,3588778.0,48,2005.0,2.0
東日本橋駅,2022,mansion,62,60000000,55612903,19000000,130000000,3966942.0,4026697.0,45,2010.0,3.0
東日本橋駅,2023,mansion,62,60500000,56274194,16000000,130000000,4029102.0,4027405.0,50,2005.0,2.0
東日本橋駅,2024,mansion,59,64000000,65178571,19000000,150000000,4462810.0,4635628.0,45,2009.0,3.0
東日本橋駅,2025,mansion,49,82000000,84530612,16000000,190000000,5409466.0,5217341.0,50,2005.0,2.0
東村山駅,2021,house,104,33000000,32600000,5200000,73000000,1205639.0,1172126.0,115,2021.0,15.0
東村山駅,2022,house,91,35000000,32406897,3500000,180000000,1289256.0,1238494.0,110,2018.0,15.0
東村山駅,2023,house,56,35000000,33675926,8500000,130000000,1287516.0,1243717.0,110,2012.0,15.0
東村山駅,2024,house,86,39000000,37171053,9500000,180000000,1339713.0,1333232.0,115,2018.0,15.0
東村山駅,2025,house,131,40000000,38352713,5000000,79000000,1355372.0,1319211.0,115,2024.0,15.0
東村山駅,2021,land,33,27000000,23103846,4500000,240000000,620000.0,624194.0,130,,15.0
東村山駅,2022,land,32,28500000,25503704,6500000,400000000,760000.0,713667.0,130,,11.0
東村山駅,2023,land,26,30500000,36813043,3700000,1400000000,730000.0,722000.0,138,,10.0
東村山駅,2024,land,34,28000000,26100000,5000000,170000000,805000.0,753529.0,110,,12.0
東村山駅,2025,land,19,29000000,36135294,5800000,210000000,690000.0,666316.0,130,,15.0
東村山駅,2021,mansion,32,23000000,18675000,3500000,41000000,1131444.0,1077225.0,55,1995.0,6.0
東村山駅,2022,mansion,44,21500000,20243902,3500000,63000000,1194215.0,1279512.0,55,1997.0,6.0
東村山駅,2023,mansion,36,28000000,27517241,3200000,56000000,1322314.0,1280516.0,65,1998.0,6.0
東村山駅,2024,mansion,24,25000000,22350000,5500000,53000000,1376033.0,1263401.0,55,1996.0,6.0
東村山駅,2025,mansion,27,27000000,22685185,3000000,63000000,1262209.0,1238896.0,60,1998.0,9.0
東松原駅,2021,house,13,75000000,71916667,15000000,680000000,2424242.0,2568256.0,80,2016.0,5.0
東松原駅,2022,house,10,95000000,97333333,45000000,310000000,3124754.0,3025731.0,105,2010.0,4.0
東松原駅,2023,house,14,87000000,101285714,21000000,170000000,2997778.0,3079486.0,90,2015.0,8.0
東松原駅,2024,house,10,88000000,92700000,28000000,160000000,3163870.0,2884011.0,82,1998.0,5.0
東松原駅,2025,house,16,97500000,94533333,30000000,580000000,2815809.0,2814791.0,88,2005.0,6.0
東松原駅,2021,land,5,90000000,84800000,64000000,110000000,2700000.0,2620000.0,100,,3.0
東松原駅,2022,land,5,88000000,80600000,56000000,100000000,2300000.0,2400000.0,110,,4.0
東松原駅,2023,land,7,75000000,74666667,67000000,130000000,3200000.0,3014286.0,90,,6.0
東松原駅,2024,land,3,79000000,95333333,67000000,140000000,2600000.0,3033333.0,100,,5.0
東松原駅,2025,land,2,117000000,117000000,94000000,140000000,3850000.0,3850000.0,102,,7.0
東松原駅,2021,mansion,13,56000000,49241667,9900000,150000000,2644628.0,2495879.0,70,1991.0,7.0
東松原駅,2022,mansion,8,50500000,51333333,27000000,75000000,2946038.0,2971956.0,55,1990.0,5.0
東松原駅,2023,mansion,6,55500000,55666667,15000000,84000000,3286339.0,3049183.0,60,2010.0,4.0
東松原駅,2024,mansion,8,67000000,70125000,22000000,140000000,3015277.0,3039589.0,70,2000.0,7.0
東松原駅,2025,mansion,11,75000000,57111111,12000000,150000000,3541912.0,3527366.0,60,1991.0,3.0
東武練馬駅,2021,house,67,49000000,45540323,4500000,210000000,1763085.0,1629151.0,75,2020.0,11.0
東武練馬駅,2022,house,55,50000000,44496000,2000000,650000000,1237003.0,1341136.0,85,1997.0,10.0
東武練馬駅,2023,house,41,51000000,44865714,6300000,690000000,1474283.0,1499427.0,90,2000.0,11.0
東武練馬駅,2024,house,50,57000000,63266667,11000000,720000000,1836547.0,1718345.0,80,2012.0,10.0
東武練馬駅,2025,house,78,56000000,51912676,6200000,1100000000,1939394.0,1809432.0,85,2010.0,11.0
東武練馬駅,2021,land,8,47500000,57750000,22000000,110000000,1750000.0,1557143.0,88,,7.0
東武練馬駅,2022,land,8,58500000,74250000,21000000,140000000,1800000.0,1688750.0,130,,10.0
東武練馬駅,2023,land,11,36000000,44454545,18000000,90000000,1500000.0,1537500.0,85,,12.0
東武練馬駅,2024,land,13,34000000,35833333,8000000,110000000,1300000.0,1329231.0,75,,11.0
東武練馬駅,2025,land,11,68000000,68909091,21000000,130000000,2000000.0,1921818.0,95,,10.0
東武練馬駅,2021,mansion,93,29000000,30667391,6000000,260000000,1942149.0,1996683.0,60,2002.0,9.0
東武練馬駅,2022,mansion,111,37000000,34558559,6600000,67000000,2103681.0,2211523.0,60,2002.0,9.0
東武練馬駅,2023,mansion,122,34500000,33212295,4800000,69000000,2203857.0,2187364.0,55,2001.0,9.0
東武練馬駅,2024,mansion,133,38000000,38736842,7000000,80000000,2314050.0,2355334.0,60,2002.0,8.0
東武練馬駅,2025,mansion,117,41000000,40168376,7500000,82000000,2512397.0,2521806.0,60,2002.0,9.0
東池袋駅,2021,house,3,52000000,252333333,45000000,660000000,1983471.0,1843369.0,75,1989.0,3.0
東池袋駅,2022,house,4,189000000,284750000,31000000,730000000,2024307.0,1691136.0,115,1978.0,3.0
東池袋駅,2023,house,6,152500000,136200000,83000000,3100000000,3239210.0,3613845.0,85,2012.0,4.0
東池袋駅,2024,house,5,48000000,53000000,36000000,410000000,3105493.0,2777111.0,70,1991.0,7.0
東池袋駅,2025,house,7,230000000,370857143,67000000,980000000,3922865.0,3866757.0,160,1975.0,3.0
東池袋駅,2021,land,3,85000000,91666667,80000000,110000000,3200000.0,3400000.0,105,,6.0
東池袋駅,2022,land,3,210000000,210000000,60000000,360000000,2800000.0,2866667.0,250,,5.0
東池袋駅,2023,land,5,180000000,215800000,60000000,440000000,3000000.0,2900000.0,160,,5.0
東池袋駅,2024,land,1,53000000,53000000,53000000,53000000,4300000.0,4300000.0,40,,6.0
東池袋駅,2025,land,3,58000000,46233333,2700000,78000000,2000000.0,1783333.0,85,,6.0
東池袋駅,2021,mansion,84,70500000,74573494,3600000,320000000,4178851.0,4217995.0,58,2009.0,2.0
東池袋駅,2022,mansion,78,73000000,77051282,11000000,160000000,4514758.0,4525991.0,60,2011.0,2.0
東池袋駅,2023,mansion,68,76000000,75804412,9700000,190000000,4735430.0,4481286.0,52,2009.0,2.0
東池袋駅,2024,mansion,78,88500000,92089744,12000000,220000000,5482093.0,5143252.0,52,2008.0,2.0
東池袋駅,2025,mansion,94,120000000,116595745,12000000,300000000,6155057.0,6009327.0,65,2007.0,2.0
東福生駅,2021,house,9,30000000,26500000,6500000,37000000,1101928.0,976839.0,130,1980.0,5.0
東福生駅,2022,house,10,28500000,29800000,20000000,45000000,1013774.0,1081744.0,128,2009.0,8.0
東福生駅,2023,house,7,29000000,25700000,4200000,100000000,922055.0,854417.0,140,1997.0,7.0
東福生駅,2024,house,5,18000000,17800000,7500000,30000000,933398.0,785758.0,85,1980.0,8.0
東福生駅,2025,house,13,29000000,29571429,6800000,430000000,904741.0,882110.0,135,2013.0,20.0
東福生駅,2021,land,4,24000000,22000000,12000000,28000000,395000.0,375000.0,180,,2.0
東福生駅,2022,land,1,15000000,15000000,15000000,15000000,350000.0,350000.0,145,,10.0
東福生駅,2023,land,6,28000000,30916667,7000000,64000000,630000.0,576667.0,140,,4.0
東福生駅,2024,land,2,18500000,18500000,15000000,22000000,620000.0,620000.0,100,,8.0
東福生駅,2025,land,2,23000000,23000000,18000000,28000000,565000.0,565000.0,140,,6.0
東福生駅,2021,mansion,8,10250000,8650000,2300000,15000000,555202.0,565242.0,65,1991.0,8.0
東福生駅,2022,mansion,4,5500000,4833333,3500000,12000000,514233.0,540112.0,50,1988.0,4.0
東福生駅,2023,mansion,8,10500000,10162500,3000000,20000000,748810.0,726040.0,58,1994.0,7.0
東福生駅,2024,mansion,2,9250000,9250000,3500000,15000000,643447.0,643447.0,45,1993.0,8.0
東福生駅,2025,mansion,5,4100000,10020000,3200000,22000000,702479.0,695133.0,20,1991.0,2.0
東秋留駅,2021,house,41,25000000,23275610,3500000,44000000,837371.0,755554.0,155,2014.0,11.0
東秋留駅,2022,house,38,27000000,25311429,7900000,82000000,904741.0,842792.0,145,2022.0,14.0
東秋留駅,2023,house,55,27000000,26173077,5300000,70000000,925620.0,894037.0,150,2023.0,15.0
東秋留駅,2024,house,35,27000000,23825714,3800000,58000000,755145.0,767785.0,140,2004.0,10.0
東秋留駅,2025,house,72,27500000,26308571,4500000,50000000,956841.0,893844.0,140,2024.0,14.0
東秋留駅,2021,land,21,19000000,17500000,2000000,91000000,280000.0,272571.0,210,,13.0
東秋留駅,2022,land,23,17000000,16513636,7000000,43000000,340000.0,323043.0,165,,14.0
東秋留駅,2023,land,13,15000000,14963636,7000000,110000000,310000.0,290154.0,170,,11.0
東秋留駅,2024,land,19,20000000,19017647,200000,110000000,300000.0,266421.0,250,,14.0
東秋留駅,2025,land,16,17000000,16233333,4000000,310000000,335000.0,323750.0,150,,16.0
東秋留駅,2022,mansion,3,20000000,17000000,11000000,20000000,1017165.0,948789.0,60,2006.0,15.0
東秋留駅,2024,mansion,1,12000000,12000000,12000000,12000000,661157.0,661157.0,60,2006.0,15.0
東銀座駅,2022,house,2,1150000000,1150000000,1000000000,1300000000,2880381.0,2880381.0,232,1988.0,3.0
東銀座駅,2023,house,6,1300000000,1206666667,540000000,1700000000,5439899.0,5956717.0,130,1972.0,2.0
東銀座駅,2024,house,1,1900000000,1900000000,1900000000,1900000000,8723599.0,8723599.0,105,1961.0,4.0
東銀座駅,2025,house,4,855000000,890000000,250000000,1600000000,11753902.0,11228224.0,88,2013.0,2.0
東銀座駅,2023,land,1,78000000,78000000,78000000,78000000,6200000.0,6200000.0,40,,2.0
東銀座駅,2021,mansion,32,32000000,35645161,11000000,160000000,3443526.0,3421254.0,32,1982.0,3.0
東銀座駅,2022,mansion,26,43000000,45708333,17000000,150000000,3925620.0,4000706.0,40,2004.0,3.0
東銀座駅,2023,mansion,21,41000000,40117647,27000000,80000000,4250295.0,4241350.0,35,2004.0,3.0
東銀座駅,2024,mansion,35,35000000,39968750,17000000,130000000,4187328.0,4293702.0,35,2002.0,3.0
東銀座駅,2025,mansion,37,55000000,60428571,20000000,180000000,5876951.0,5878121.0,30,2004.0,3.0
東長崎駅,2021,house,24,67500000,66000000,20000000,340000000,2380165.0,2403708.0,78,2016.0,8.0
東長崎駅,2022,house,20,68500000,76111111,15000000,450000000,2232855.0,2403837.0,78,2010.0,6.0
東長崎駅,2023,house,24,62000000,61750000,15000000,910000000,2287798.0,2252123.0,70,2004.0,8.0
東長崎駅,2024,house,24,83500000,82775000,7500000,620000000,2424242.0,2375183.0,85,2008.0,6.0
東長崎駅,2025,house,42,74000000,73351351,24000000,290000000,2518693.0,2487327.0,75,2006.0,6.0
東長崎駅,2021,land,12,51000000,53909091,8000000,190000000,1900000.0,1920909.0,92,,6.0
東長崎駅,2022,land,6,110000000,111500000,27000000,190000000,2150000.0,1940000.0,158,,6.0
東長崎駅,2023,land,6,133000000,153166667,55000000,280000000,2300000.0,2433333.0,190,,6.0
東長崎駅,2024,land,7,63000000,67166667,26000000,310000000,2800000.0,2685714.0,90,,6.0
東長崎駅,2025,land,11,64000000,58090909,31000000,84000000,2500000.0,2400909.0,85,,6.0
東長崎駅,2021,mansion,37,22000000,21370588,6500000,67000000,2892562.0,2675611.0,25,2006.0,8.0
東長崎駅,2022,mansion,39,23000000,19787500,7500000,60000000,3005259.0,2763405.0,25,2007.0,6.0
東長崎駅,2023,mansion,37,24000000,22159459,5000000,42000000,2524418.0,2759871.0,25,2011.0,5.0
東長崎駅,2024,mansion,24,35000000,36145833,7500000,72000000,3132983.0,2763267.0,52,1999.0,6.0
東長崎駅,2025,mansion,28,27000000,30646429,7000000,74000000,2424242.0,2521771.0,35,1993.0,6.0
東陽町駅,2021,house,3,44000000,38666667,17000000,55000000,2020202.0,1740697.0,55,1975.0,14.0
東陽町駅,2022,house,9,100000000,102125000,35000000,310000000,1864802.0,1940297.0,105,1986.0,7.0
東陽町駅,2023,house,11,85000000,73833333,9500000,390000000,2172373.0,2066099.0,95,1993.0,10.0
東陽町駅,2024,house,9,230000000,208125000,55000000,1400000000,2424242.0,2423681.0,170,1987.0,6.0
東陽町駅,2025,house,3,87000000,82333333,73000000,87000000,2614575.0,2589795.0,100,2004.0,10.0
東陽町駅,2021,land,1,170000000,170000000,170000000,170000000,3000000.0,3000000.0,185,,7.0
東陽町駅,2022,land,2,48000000,48000000,41000000,55000000,2900000.0,2900000.0,55,,6.0
東陽町駅,2023,land,3,100000000,93333333,70000000,110000000,2800000.0,3000000.0,95,,10.0
東陽町駅,2024,land,3,87000000,252666667,71000000,600000000,4000000.0,6500000.0,70,,4.0
東陽町駅,2025,land,2,313500000,313500000,77000000,550000000,4150000.0,4150000.0,238,,8.0
東陽町駅,2021,mansion,210,37500000,41771429,12000000,95000000,2257540.0,2394936.0,60,1999.0,6.0
東陽町駅,2022,mansion,200,39000000,45160804,15000000,120000000,2546544.0,2594819.0,60,2000.0,6.0
東陽町駅,2023,mansion,214,45000000,49943925,12000000,110000000,2507674.0,2617863.0,65,1998.0,5.0
東陽町駅,2024,mansion,216,42500000,50583333,14000000,110000000,2691854.0,2796786.0,65,1996.0,6.0
東陽町駅,2025,mansion,251,49000000,58364000,12000000,150000000,2833530.0,3082329.0,65,1986.0,7.0
東雲駅,2022,house,3,380000000,8819666667,79000000,26000000000,1187077.0,14999916.0,660,1989.0,9.0
東雲駅,2021,mansion,62,55000000,50806452,20000000,80000000,3113911.0,3112850.0,60,2012.0,6.0
東雲駅,2022,mansion,56,58000000,51410714,22000000,91000000,3085399.0,3069949.0,60,2012.0,5.0
東雲駅,2023,mansion,59,75000000,76980769,21000000,120000000,3691460.0,3676768.0,70,2014.0,7.0
東雲駅,2024,mansion,65,80000000,75126984,22000000,150000000,3966942.0,3915904.0,70,2014.0,7.0
東雲駅,2025,mansion,63,90000000,88492063,28000000,130000000,4628099.0,4767227.0,65,2014.0,7.0
東青梅駅,2021,house,30,18500000,19642857,900000,130000000,488522.0,553642.0,150,1987.0,10.0
東青梅駅,2022,house,33,26000000,22356250,2000000,240000000,847325.0,729716.0,145,2015.0,15.0
東青梅駅,2023,house,26,27000000,22573077,800000,41000000,800348.0,722198.0,148,2007.0,15.0
東青梅駅,2024,house,56,21500000,20148214,300000,45000000,583374.0,631114.0,148,1998.0,12.0
東青梅駅,2025,house,34,22000000,21256250,1800000,140000000,616693.0,690859.0,132,2000.0,12.0
東青梅駅,2021,land,18,20000000,18142857,2500000,44000000,355000.0,281594.0,178,,10.0
東青梅駅,2022,land,27,13000000,13450000,2000000,54000000,290000.0,260667.0,185,,12.0
東青梅駅,2023,land,14,14000000,15007143,1100000,38000000,250000.0,280629.0,222,,11.0
東青梅駅,2024,land,21,20000000,25583810,300000,90000000,130000.0,254133.0,250,,10.0
東青梅駅,2025,land,8,15500000,13428571,2000000,39000000,175000.0,261125.0,232,,11.0
東青梅駅,2021,mansion,28,6300000,7537037,1600000,18000000,430754.0,503177.0,55,1991.0,7.0
東青梅駅,2022,mansion,39,7800000,9892308,2000000,22000000,570999.0,610529.0,55,1994.0,6.0
東青梅駅,2023,mansion,36,6150000,7723611,50000,20000000,511295.0,551540.0,50,1991.0,7.0
東青梅駅,2024,mansion,31,9800000,10463333,2000000,23000000,539945.0,644112.0,55,1990.0,7.0
東青梅駅,2025,mansion,52,7850000,9442308,900000,24000000,561983.0,608448.0,55,1991.0,7.0
東高円寺駅,2021,house,35,69000000,67121212,5000000,150000000,2380165.0,2173568.0,70,2008.0,6.0
東高円寺駅,2022,house,25,78000000,73428571,18000000,370000000,2644628.0,2634119.0,80,2006.0,8.0
東高円寺駅,2023,house,35,85000000,108468750,21000000,780000000,2603306.0,2496887.0,100,2001.0,7.0
東高円寺駅,2024,house,22,84000000,103578947,15000000,1500000000,2600171.0,2545215.0,92,2023.0,8.0
東高円寺駅,2025,house,33,91000000,114066667,44000000,600000000,3051494.0,3272271.0,80,2022.0,6.0
東高円寺駅,2021,land,8,102500000,86000000,20000000,120000000,2450000.0,2487500.0,122,,4.0
東高円寺駅,2022,land,7,85000000,90000000,36000000,170000000,2400000.0,2333333.0,100,,5.0
東高円寺駅,2023,land,10,78500000,83000000,51000000,300000000,2850000.0,2777778.0,88,,6.0
東高円寺駅,2024,land,17,80000000,75214286,42000000,1300000000,2900000.0,2800000.0,115,,6.0
東高円寺駅,2025,land,12,69500000,71636364,55000000,190000000,3000000.0,3133333.0,78,,8.0
東高円寺駅,2021,mansion,78,24000000,33560256,9000000,84000000,2644628.0,2711898.0,38,1998.0,5.0
東高円寺駅,2022,mansion,97,31000000,36644330,9500000,88000000,2820937.0,2827239.0,40,1998.0,5.0
東高円寺駅,2023,mansion,82,34000000,36175309,4300000,100000000,2827233.0,2790391.0,42,1998.0,5.0
東高円寺駅,2024,mansion,89,38000000,42343820,6800000,83000000,3195592.0,3106586.0,40,1998.0,5.0
東高円寺駅,2025,mansion,82,37500000,40502469,4700000,90000000,3441165.0,3267806.0,35,2000.0,6.0
松が谷駅,2021,house,2,36500000,36500000,35000000,38000000,1125945.0,1125945.0,175,2012.0,12.0
松が谷駅,2022,house,1,55000000,55000000,55000000,55000000,1253918.0,1253918.0,230,2000.0,10.0
松が谷駅,2023,house,3,25000000,35333333,20000000,61000000,1101928.0,1282959.0,130,1978.0,3.0
松が谷駅,2024,house,2,33000000,33000000,20000000,46000000,1137347.0,1137347.0,135,2001.0,12.0
松が谷駅,2025,house,9,39000000,39500000,5000000,46000000,1322314.0,1320976.0,130,2021.0,10.0
松が谷駅,2023,land,2,28500000,28500000,27000000,30000000,725000.0,725000.0,132,,9.0
松が谷駅,2025,land,1,31000000,31000000,31000000,31000000,560000.0,560000.0,180,,11.0
松が谷駅,2021,mansion,11,12000000,13250000,7400000,40000000,661157.0,732062.0,60,1976.0,5.0
松が谷駅,2022,mansion,11,34000000,31363636,11000000,49000000,1322314.0,1190299.0,75,2006.0,5.0
松が谷駅,2023,mansion,21,25000000,22600000,7700000,46000000,972290.0,1067132.0,65,1976.0,8.0
松が谷駅,2024,mansion,10,24500000,26960000,7800000,51000000,1168044.0,1066678.0,75,1978.0,6.0
松が谷駅,2025,mansion,21,20000000,24500000,3000000,58000000,844812.0,996363.0,70,1981.0,7.0
松原駅,2021,house,15,100000000,107000000,73000000,150000000,2702120.0,2565203.0,110,2020.0,6.0
松原駅,2022,house,15,95000000,98230769,77000000,360000000,2994652.0,3020868.0,105,2017.0,8.0
松原駅,2023,house,17,110000000,110333333,10000000,840000000,3162055.0,3059614.0,100,2018.0,5.0
松原駅,2024,house,15,93000000,101571429,75000000,200000000,2916869.0,2986459.0,105,2004.0,6.0
松原駅,2025,house,16,97500000,100000000,21000000,880000000,2615882.0,2614495.0,100,2004.0,8.0
松原駅,2021,land,6,61000000,60400000,51000000,160000000,2400000.0,2366667.0,82,,6.0
松原駅,2022,land,10,87500000,85666667,55000000,150000000,2700000.0,2640000.0,115,,6.0
松原駅,2023,land,4,100000000,100000000,100000000,170000000,3000000.0,3100000.0,110,,6.0
松原駅,2024,land,8,130000000,119875000,65000000,170000000,3050000.0,3025000.0,140,,2.0
松原駅,2025,land,10,100000000,99375000,80000000,560000000,3300000.0,3337500.0,105,,7.0
松原駅,2021,mansion,4,31500000,38625000,6500000,85000000,3512397.0,3679654.0,30,2006.0,4.0
松原駅,2022,mansion,10,22500000,32630000,6000000,66000000,2671852.0,2712306.0,22,2004.0,2.0
松原駅,2023,mansion,7,18000000,29142857,7200000,80000000,2203857.0,2552253.0,20,1984.0,5.0
松原駅,2024,mansion,9,58000000,58755556,8800000,110000000,3772484.0,3790545.0,55,2009.0,4.0
松原駅,2025,mansion,9,70000000,67555556,22000000,120000000,3925620.0,4116358.0,55,2009.0,6.0
松陰神社前駅,2021,house,15,91000000,93000000,60000000,270000000,2714223.0,2688382.0,80,2020.0,8.0
松陰神社前駅,2022,house,9,100000000,211666667,70000000,550000000,2644628.0,2835723.0,145,1995.0,3.0
松陰神社前駅,2023,house,8,120000000,114428571,45000000,1100000000,2233524.0,2538673.0,128,1990.0,8.0
松陰神社前駅,2024,house,11,89000000,69888889,9000000,530000000,2380165.0,2420714.0,80,1990.0,5.0
松陰神社前駅,2025,house,8,125000000,117000000,60000000,320000000,3443766.0,3144184.0,92,2012.0,5.0
松陰神社前駅,2021,land,7,75000000,75166667,44000000,250000000,2500000.0,2400000.0,95,,7.0
松陰神社前駅,2022,land,2,390000000,390000000,110000000,670000000,2050000.0,2050000.0,968,,4.0
松陰神社前駅,2023,land,5,160000000,150000000,29000000,1200000000,2700000.0,2933333.0,155,,6.0
松陰神社前駅,2024,land,2,179500000,179500000,79000000,280000000,2400000.0,2400000.0,228,,4.0
松陰神社前駅,2025,land,8,140000000,145000000,81000000,450000000,3550000.0,3585714.0,158,,4.0
松陰神社前駅,2021,mansion,22,48500000,51431818,7500000,110000000,2997245.0,2797690.0,65,1998.0,4.0
松陰神社前駅,2022,mansion,19,64000000,56789474,16000000,120000000,3140496.0,2988873.0,65,1999.0,4.0
松陰神社前駅,2023,mansion,16,63000000,54062500,18000000,99000000,3325231.0,3510129.0,55,2008.0,4.0
松陰神社前駅,2024,mansion,11,63000000,53363636,21000000,100000000,3865226.0,3381815.0,50,1999.0,4.0
松陰神社前駅,2025,mansion,21,40000000,50857143,20000000,110000000,2644628.0,3059147.0,50,1982.0,4.0
板橋区役所前駅,2021,house,23,72000000,64842105,11000000,920000000,1859504.0,1734342.0,105,2009.0,6.0
板橋区役所前駅,2022,house,18,59500000,55764706,2000000,430000000,1125754.0,1406038.0,100,1970.0,7.0
板橋区役所前駅,2023,house,12,71000000,72090909,30000000,330000000,2366850.0,2347385.0,72,2016.0,6.0
板橋区役所前駅,2024,house,8,73500000,123250000,15000000,280000000,1554148.0,2101659.0,135,1994.0,6.0
板橋区役所前駅,2025,house,31,78000000,67422222,5000000,610000000,2066116.0,2164125.0,75,1999.0,7.0
板橋区役所前駅,2021,land,8,56500000,56125000,27000000,88000000,2100000.0,2062500.0,82,,6.0
板橋区役所前駅,2022,land,9,55000000,50125000,12000000,210000000,2000000.0,1862500.0,100,,6.0
板橋区役所前駅,2023,land,7,34000000,35833333,19000000,210000000,2100000.0,1972857.0,85,,7.0
板橋区役所前駅,2024,land,9,51000000,50250000,15000000,140000000,2100000.0,2044444.0,95,,8.0
板橋区役所前駅,2025,land,8,58500000,54142857,31000000,130000000,2200000.0,2133333.0,88,,6.0
板橋区役所前駅,2021,mansion,157,26000000,33612739,7100000,69000000,2754821.0,2650684.0,35,2008.0,6.0
板橋区役所前駅,2022,mansion,122,27000000,35223770,7300000,85000000,2894923.0,2851574.0,32,2008.0,6.0
板橋区役所前駅,2023,mansion,137,28000000,37770073,7800000,85000000,2865014.0,2759232.0,40,2006.0,5.0
板橋区役所前駅,2024,mansion,148,34500000,41522297,6800000,90000000,3046408.0,2987823.0,42,2007.0,6.0
板橋区役所前駅,2025,mansion,132,38000000,45113636,10000000,100000000,3092286.0,3114660.0,45,2007.0,5.0
板橋本町駅,2021,house,39,54000000,49687500,5500000,540000000,1916800.0,1766946.0,70,2014.0,6.0
板橋本町駅,2022,house,31,75000000,63000000,10000000,850000000,2253944.0,2045712.0,100,2008.0,10.0
板橋本町駅,2023,house,39,68000000,83277778,5000000,1400000000,2148760.0,2012777.0,75,2014.0,7.0
板橋本町駅,2024,house,33,56000000,53000000,13000000,540000000,1998497.0,1904257.0,65,2009.0,8.0
板橋本町駅,2025,house,34,81500000,65184615,7800000,1400000000,2212333.0,2063271.0,88,2014.0,7.0
板橋本町駅,2021,land,10,82000000,123100000,54000000,270000000,1550000.0,1432222.0,168,,8.0
板橋本町駅,2022,land,18,55500000,64133333,17000000,700000000,2050000.0,2033333.0,108,,8.0
板橋本町駅,2023,land,5,55000000,46500000,33000000,960000000,1800000.0,1825000.0,80,,8.0
板橋本町駅,2024,land,9,48000000,69000000,28000000,330000000,2200000.0,2133333.0,100,,5.0
板橋本町駅,2025,land,10,58500000,64700000,22000000,120000000,2000000.0,2110000.0,90,,7.0
板橋本町駅,2021,mansion,159,25000000,30243396,2600000,70000000,2550177.0,2576436.0,30,2007.0,4.0
板橋本町駅,2022,mansion,152,24000000,30707895,9800000,73000000,2739079.0,2657674.0,30,2008.0,4.0
板橋本町駅,2023,mansion,132,25500000,30474046,3800000,69000000,2765840.0,2700908.0,30,2008.0,4.0
板橋本町駅,2024,mansion,137,30000000,34866912,8900000,85000000,2975206.0,2821884.0,40,2007.0,4.0
板橋本町駅,2025,mansion,122,32000000,40453279,3300000,92000000,2984652.0,2884794.0,45,2006.0,4.0
板橋駅,2021,house,15,46000000,53384615,17000000,770000000,1680981.0,1772098.0,70,1998.0,5.0
板橋駅,2022,house,11,76000000,108909091,11000000,280000000,2306362.0,2020421.0,60,2008.0,5.0
板橋駅,2023,house,8,39000000,46875000,20000000,81000000,1792486.0,1895701.0,45,1995.0,5.0
板橋駅,2024,house,13,35000000,54100000,6200000,300000000,2231405.0,2047948.0,50,1974.0,4.0
板橋駅,2025,house,17,70000000,65250000,29000000,400000000,2195041.0,2153426.0,55,1996.0,5.0
板橋駅,2021,land,2,31000000,31000000,28000000,34000000,2000000.0,2000000.0,58,,4.0
板橋駅,2022,land,1,52000000,52000000,52000000,52000000,2600000.0,2600000.0,65,,9.0
板橋駅,2023,land,5,120000000,108200000,19000000,200000000,2100000.0,2340000.0,175,,6.0
板橋駅,2024,land,1,170000000,170000000,170000000,170000000,3800000.0,3800000.0,150,,6.0
板橋駅,2025,land,1,27000000,27000000,27000000,27000000,1600000.0,1600000.0,55,,7.0
板橋駅,2021,mansion,74,45000000,45725676,7700000,94000000,2914600.0,2923303.0,60,2007.0,4.0
板橋駅,2022,mansion,80,40500000,45906250,7000000,100000000,3085399.0,3093954.0,50,2007.0,4.0
板橋駅,2023,mansion,85,50000000,52305882,11000000,110000000,3305785.0,3290759.0,55,2009.0,4.0
板橋駅,2024,mansion,57,49000000,53226316,2900000,130000000,3526171.0,3463984.0,55,2008.0,3.0
板橋駅,2025,mansion,97,47000000,48264835,8200000,150000000,3526171.0,3614573.0,40,2008.0,4.0
柴又駅,2021,house,32,43000000,41866667,9000000,140000000,1335432.0,1337431.0,82,2011.0,7.0
柴又駅,2022,house,26,44500000,43000000,12000000,210000000,1369308.0,1316512.0,70,2004.0,6.0
柴又駅,2023,house,18,47000000,43218750,7500000,240000000,1696289.0,1457760.0,80,2022.0,5.0
柴又駅,2024,house,21,47000000,46941176,8500000,380000000,1619835.0,1566805.0,75,2020.0,6.0
柴又駅,2025,house,22,45500000,42277778,15000000,430000000,1568411.0,1576234.0,78,2011.0,7.0
柴又駅,2021,land,3,21000000,48333333,14000000,110000000,1200000.0,1136667.0,55,,4.0
柴又駅,2022,land,5,41000000,40600000,24000000,57000000,1200000.0,1278000.0,125,,5.0
柴又駅,2023,land,5,29000000,32000000,6000000,70000000,1000000.0,1082000.0,85,,5.0
柴又駅,2024,land,3,61000000,54000000,34000000,67000000,1100000.0,1543333.0,120,,7.0
柴又駅,2025,land,7,33000000,31166667,11000000,65000000,1400000.0,1482857.0,70,,6.0
柴又駅,2021,mansion,16,24500000,25933333,2300000,34000000,1274105.0,1337257.0,65,1988.0,9.0
柴又駅,2022,mansion,16,28500000,28666667,5500000,35000000,1422214.0,1430773.0,65,1994.0,9.0
柴又駅,2023,mansion,27,25000000,26481481,8000000,50000000,1586777.0,1491659.0,55,1994.0,8.0
柴又駅,2024,mansion,17,34000000,32647059,10000000,52000000,1803155.0,1727199.0,65,2002.0,9.0
柴又駅,2025,mansion,15,22000000,22571429,6500000,53000000,1373172.0,1303849.0,60,1984.0,8.0
柴崎体育館駅,2021,house,5,49000000,51600000,46000000,58000000,1763085.0,1794287.0,125,2021.0,5.0
柴崎体育館駅,2022,house,14,46500000,48923077,26000000,150000000,1511216.0,1603597.0,118,2013.0,8.0
柴崎体育館駅,2023,house,5,54000000,46000000,29000000,100000000,1983471.0,1965685.0,70,2015.0,9.0
柴崎体育館駅,2024,house,11,45000000,50125000,22000000,84000000,1637151.0,1686054.0,120,2024.0,9.0
柴崎体育館駅,2025,house,10,41000000,38555556,14000000,130000000,1637668.0,1663684.0,108,2016.0,12.0
柴崎体育館駅,2021,land,5,45000000,49200000,15000000,88000000,710000.0,684000.0,165,,16.0
柴崎体育館駅,2022,land,4,94500000,96750000,58000000,140000000,870000.0,890000.0,440,,6.0
柴崎体育館駅,2023,land,1,28000000,28000000,28000000,28000000,580000.0,580000.0,160,,8.0
柴崎体育館駅,2024,land,2,47000000,47000000,24000000,70000000,425000.0,425000.0,430,,10.0
柴崎体育館駅,2025,land,4,46500000,53333333,10000000,67000000,815000.0,880000.0,165,,8.0
柴崎体育館駅,2021,mansion,3,29000000,23966667,3900000,39000000,1474889.0,1279508.0,65,2009.0,13.0
柴崎体育館駅,2022,mansion,3,39000000,37666667,25000000,49000000,1983471.0,1891644.0,65,2006.0,12.0
柴崎体育館駅,2023,mansion,4,39000000,37000000,22000000,48000000,1658448.0,1732805.0,72,2008.0,13.0
柴崎体育館駅,2024,mansion,1,21000000,21000000,21000000,21000000,991736.0,991736.0,70,2002.0,21.0
柴崎体育館駅,2025,mansion,3,29000000,35333333,28000000,49000000,1542700.0,1501294.0,75,2004.0,18.0
柴崎駅,2021,house,49,52000000,51886364,11000000,84000000,1863261.0,1799643.0,120,2020.0,10.0
柴崎駅,2022,house,31,60000000,57428571,12000000,110000000,1833208.0,1853214.0,115,2010.0,7.0
柴崎駅,2023,house,27,51000000,45791667,16000000,640000000,1652892.0,1660257.0,100,1997.0,10.0
柴崎駅,2024,house,30,45500000,46071429,15000000,840000000,1859504.0,1792738.0,100,2001.0,14.0
柴崎駅,2025,house,54,59000000,59808511,2400000,610000000,2160567.0,2236730.0,110,2024.0,10.0
柴崎駅,2021,land,4,53000000,57750000,15000000,110000000,960000.0,845000.0,235,,6.0
柴崎駅,2022,land,8,48500000,68428571,33000000,530000000,1600000.0,1360000.0,118,,9.0
柴崎駅,2023,land,8,45000000,42142857,25000000,130000000,1800000.0,1612500.0,105,,12.0
柴崎駅,2024,land,5,44000000,45000000,35000000,130000000,1200000.0,1280000.0,130,,6.0
柴崎駅,2025,land,9,62000000,74666667,42000000,120000000,1300000.0,1417778.0,200,,6.0
柴崎駅,2021,mansion,38,39500000,41500000,17000000,53000000,1920967.0,1946155.0,70,2000.0,9.0
柴崎駅,2022,mansion,19,42000000,41277778,9100000,55000000,1983471.0,1927886.0,70,2001.0,9.0
柴崎駅,2023,mansion,10,44500000,44000000,20000000,59000000,2003451.0,2024300.0,70,2000.0,12.0
柴崎駅,2024,mansion,20,50000000,47700000,27000000,62000000,2370720.0,2302854.0,70,2005.0,9.0
柴崎駅,2025,mansion,33,49000000,47354839,3800000,68000000,2314050.0,2252978.0,70,2005.0,11.0
柿生駅,2021,house,21,38000000,33809524,10000000,55000000,1217921.0,1174281.0,125,2005.0,15.0
柿生駅,2022,house,13,40000000,42538462,26000000,58000000,1342975.0,1378901.0,135,2015.0,13.0
柿生駅,2023,house,6,34000000,41400000,4000000,53000000,1105092.0,1164474.0,165,1992.0,13.0
柿生駅,2024,house,18,44000000,45071429,21000000,55000000,1454545.0,1436724.0,148,2003.0,25.0
柿生駅,2025,house,6,40000000,34200000,20000000,110000000,1101928.0,1192444.0,210,1982.0,13.0
柿生駅,2021,land,6,26000000,26000000,25000000,37000000,645000.0,636667.0,130,,15.0
柿生駅,2022,land,2,63000000,63000000,46000000,80000000,515000.0,515000.0,400,,10.0
柿生駅,2023,land,1,55000000,55000000,55000000,55000000,440000.0,440000.0,410,,19.0
柿生駅,2024,land,5,29000000,28666667,19000000,110000000,420000.0,554000.0,175,,19.0
柿生駅,2025,land,7,32000000,33714286,15000000,50000000,800000.0,668571.0,160,,14.0
柿生駅,2021,mansion,2,37000000,37000000,37000000,37000000,1689099.0,1689099.0,72,2003.0,11.0
柿生駅,2023,mansion,1,33000000,33000000,33000000,33000000,1454545.0,1454545.0,75,2003.0,10.0
栄町駅,2021,house,3,37000000,45000000,36000000,62000000,1951987.0,1651581.0,60,1989.0,1.0
栄町駅,2022,house,1,73000000,73000000,73000000,73000000,2540235.0,2540235.0,85,2022.0,4.0
栄町駅,2023,house,2,42000000,42000000,39000000,45000000,1670291.0,1670291.0,60,1989.0,1.0
栄町駅,2024,house,1,58000000,58000000,58000000,58000000,2255712.0,2255712.0,75,2024.0,3.0
栄町駅,2025,house,3,62000000,47000000,15000000,64000000,2227055.0,1801984.0,50,1978.0,3.0
栄町駅,2022,land,1,23000000,23000000,23000000,23000000,1800000.0,1800000.0,45,,3.0
栄町駅,2023,land,1,95000000,95000000,95000000,95000000,1300000.0,1300000.0,240,,5.0
栄町駅,2024,land,3,61000000,135666667,56000000,290000000,1300000.0,1603333.0,150,,2.0
栄町駅,2025,land,2,98500000,98500000,77000000,120000000,2000000.0,2000000.0,165,,4.0
栄町駅,2022,mansion,2,33000000,33000000,18000000,48000000,2436836.0,2436836.0,42,2012.0,4.0
栄町駅,2023,mansion,2,48500000,48500000,44000000,53000000,3206611.0,3206611.0,50,2017.0,4.0
栄町駅,2024,mansion,2,33500000,33500000,24000000,43000000,3008264.0,3008264.0,38,2017.0,4.0
栗平駅,2021,house,14,47500000,47375000,39000000,64000000,1508592.0,1506739.0,145,2021.0,15.0
栗平駅,2022,house,25,54000000,53083333,22000000,71000000,1700118.0,1666319.0,135,2022.0,15.0
栗平駅,2023,house,12,54000000,56100000,30000000,61000000,1743050.0,1774063.0,135,2022.0,17.0
栗平駅,2024,house,9,55000000,56500000,38000000,67000000,1696011.0,1561170.0,135,2023.0,23.0
栗平駅,2025,house,13,46000000,50307692,40000000,65000000,1574183.0,1530744.0,145,2018.0,15.0
栗平駅,2021,land,3,24000000,23666667,11000000,36000000,440000.0,470000.0,125,,19.0
栗平駅,2022,land,2,110000000,110000000,110000000,110000000,715000.0,715000.0,505,,28.0
栗平駅,2023,land,4,21500000,22175000,1700000,44000000,490000.0,442500.0,148,,10.0
栗平駅,2024,land,2,53500000,53500000,42000000,65000000,1055000.0,1055000.0,235,,16.0
栗平駅,2021,mansion,6,8000000,8783333,7200000,11000000,503381.0,546456.0,55,1971.0,18.0
栗平駅,2022,mansion,5,11000000,10500000,4000000,16000000,727273.0,694215.0,50,1971.0,19.0
栗平駅,2023,mansion,7,5500000,5050000,4200000,9500000,363636.0,333884.0,50,1971.0,15.0
栗平駅,2024,mansion,7,7500000,8728571,4000000,16000000,495868.0,577096.0,50,1971.0,18.0
栗平駅,2025,mansion,8,9550000,9362500,4700000,13000000,631405.0,603231.0,50,1971.0,16.0
根津駅,2021,house,13,76000000,79181818,50000000,1500000000,3099173.0,3127652.0,60,2017.0,4.0
根津駅,2022,house,9,100000000,108666667,78000000,150000000,3449515.0,2982526.0,65,2021.0,3.0
根津駅,2023,house,8,160000000,147714286,30000000,1000000000,3597963.0,3517613.0,118,1986.0,5.0
根津駅,2024,house,6,84000000,79200000,20000000,360000000,3195592.0,3072806.0,65,1981.0,4.0
根津駅,2025,house,12,130000000,94727273,32000000,320000000,2985870.0,2999610.0,60,2005.0,5.0
根津駅,2021,land,5,85000000,87250000,67000000,270000000,3000000.0,3220000.0,95,,3.0
根津駅,2022,land,2,295000000,295000000,140000000,450000000,4950000.0,4950000.0,195,,4.0
根津駅,2023,land,5,100000000,105200000,36000000,210000000,3900000.0,3700000.0,60,,5.0
根津駅,2025,land,2,109500000,109500000,89000000,130000000,6100000.0,6100000.0,60,,6.0
根津駅,2021,mansion,75,54000000,53837838,10000000,150000000,3500243.0,3472326.0,50,2002.0,3.0
根津駅,2022,mansion,65,62000000,60584615,15000000,120000000,3801653.0,3728851.0,55,2004.0,4.0
根津駅,2023,mansion,68,58000000,63426471,13000000,140000000,3757576.0,3872179.0,50,2000.0,4.0
根津駅,2024,mansion,79,77000000,79266667,9000000,400000000,4429752.0,4381229.0,60,2005.0,4.0
根津駅,2025,mansion,80,75000000,83362500,13000000,200000000,4800901.0,4804206.0,55,2002.0,4.0
桜上水駅,2021,house,42,73500000,73689655,25000000,240000000,2718090.0,2750808.0,105,2021.0,7.0
桜上水駅,2022,house,24,72500000,68500000,40000000,1100000000,2784206.0,2569257.0,85,2016.0,11.0
桜上水駅,2023,house,25,88000000,88000000,32000000,750000000,3264463.0,3195774.0,100,2022.0,11.0
桜上水駅,2024,house,28,69000000,66520000,22000000,500000000,2446871.0,2431618.0,100,2009.0,10.0
桜上水駅,2025,house,23,85000000,89217391,15000000,160000000,2865014.0,2904350.0,100,2011.0,8.0
桜上水駅,2021,land,6,58000000,79666667,30000000,170000000,2000000.0,2016667.0,92,,4.0
桜上水駅,2022,land,4,54000000,44666667,26000000,280000000,1800000.0,1700000.0,122,,12.0
桜上水駅,2023,land,9,83000000,94500000,48000000,370000000,2300000.0,2188889.0,130,,7.0
桜上水駅,2024,land,4,76000000,74000000,34000000,110000000,2100000.0,2066667.0,108,,9.0
桜上水駅,2025,land,4,72000000,75000000,59000000,97000000,2500000.0,3050000.0,92,,10.0
桜上水駅,2021,mansion,45,32000000,45540000,7800000,100000000,2644628.0,2581812.0,60,2004.0,5.0
桜上水駅,2022,mansion,74,51000000,53620270,5800000,140000000,3147788.0,3040212.0,60,2006.0,5.0
桜上水駅,2023,mansion,47,48000000,54565957,6400000,130000000,3181818.0,3094291.0,60,2006.0,6.0
桜上水駅,2024,mansion,52,55000000,57298077,6100000,140000000,3371901.0,3252855.0,62,2004.0,6.0
桜上水駅,2025,mansion,69,47000000,63326087,9500000,150000000,3570248.0,3636790.0,60,2004.0,5.0
桜台駅,2021,house,24,77000000,80714286,20000000,680000000,2456799.0,2530566.0,100,2021.0,6.0
桜台駅,2022,house,24,73000000,73857143,12000000,280000000,2356830.0,2467028.0,98,2011.0,8.0
桜台駅,2023,house,14,72500000,67818182,30000000,400000000,2754821.0,2910069.0,85,2018.0,6.0
桜台駅,2024,house,17,65000000,70687500,11000000,270000000,2123759.0,2089408.0,100,2001.0,5.0
桜台駅,2025,house,18,97500000,90375000,50000000,560000000,2754358.0,2872349.0,100,2022.0,6.0
桜台駅,2021,land,6,106000000,116500000,73000000,190000000,1650000.0,1633333.0,225,,6.0
桜台駅,2022,land,7,70000000,101571429,52000000,190000000,2200000.0,2316667.0,105,,9.0
桜台駅,2023,land,5,87000000,115400000,80000000,200000000,2000000.0,2100000.0,190,,5.0
桜台駅,2024,land,9,110000000,143875000,45000000,540000000,2200000.0,2096250.0,220,,6.0
桜台駅,2025,land,1,110000000,110000000,110000000,110000000,3900000.0,3900000.0,90,,2.0
桜台駅,2021,mansion,65,21000000,21361667,6600000,53000000,2424242.0,2493550.0,25,2004.0,5.0
桜台駅,2022,mansion,70,20000000,18662903,5000000,60000000,2446281.0,2456679.0,22,2001.0,5.0
桜台駅,2023,mansion,85,22000000,28660000,5200000,70000000,2644628.0,2561314.0,25,2002.0,5.0
桜台駅,2024,mansion,83,25000000,27719481,6400000,130000000,3022432.0,2903910.0,25,2006.0,5.0
桜台駅,2025,mansion,94,25500000,25343678,3000000,130000000,2727273.0,2705957.0,30,1999.0,5.0
桜新町駅,2021,house,58,99500000,94440000,17000000,2000000000,2797203.0,2876239.0,102,2014.0,10.0
桜新町駅,2022,house,43,94000000,103527778,35000000,1600000000,2644628.0,2904556.0,105,2003.0,10.0
桜新町駅,2023,house,21,95000000,104200000,14000000,600000000,3137255.0,3149927.0,100,2003.0,13.0
桜新町駅,2024,house,35,130000000,127793103,34000000,1500000000,3365890.0,3246729.0,105,1999.0,10.0
桜新町駅,2025,house,49,120000000,116177778,37000000,2900000000,3719008.0,3815329.0,100,2013.0,11.0
桜新町駅,2021,land,16,80000000,91437500,50000000,160000000,2500000.0,2437500.0,115,,9.0
桜新町駅,2022,land,5,99000000,108400000,76000000,140000000,2800000.0,2800000.0,110,,12.0
桜新町駅,2023,land,13,140000000,132833333,10000000,530000000,3100000.0,3072727.0,150,,7.0
桜新町駅,2024,land,18,115000000,128375000,61000000,360000000,3150000.0,3223529.0,120,,10.0
桜新町駅,2025,land,12,120000000,114500000,95000000,480000000,3600000.0,3700000.0,108,,8.0
桜新町駅,2021,mansion,135,70000000,66696296,15000000,130000000,3305785.0,3200011.0,70,2003.0,10.0
桜新町駅,2022,mansion,176,67500000,64783908,8000000,150000000,3450085.0,3326234.0,70,2003.0,10.0
桜新町駅,2023,mansion,147,72000000,71738095,8500000,170000000,3595041.0,3520230.0,70,2002.0,10.0
桜新町駅,2024,mansion,144,80500000,79923611,7000000,160000000,3883973.0,3864807.0,70,2002.0,10.0
桜新町駅,2025,mansion,185,80000000,81344262,8000000,220000000,3925620.0,3934618.0,70,2000.0,10.0
桜街道駅,2021,house,20,32500000,31388889,19000000,250000000,1176982.0,1172636.0,115,2021.0,16.0
桜街道駅,2022,house,28,27500000,29666667,9000000,76000000,1165724.0,1072446.0,108,2014.0,18.0
桜街道駅,2023,house,12,27500000,27666667,10000000,46000000,1020661.0,1014740.0,108,2004.0,12.0
桜街道駅,2024,house,13,35000000,35884615,3000000,90000000,1157025.0,1028987.0,110,2011.0,15.0
桜街道駅,2025,house,16,36000000,36333333,24000000,660000000,1392562.0,1346604.0,120,2016.0,10.0
桜街道駅,2021,land,7,56000000,45950000,2700000,190000000,460000.0,522857.0,390,,6.0
桜街道駅,2022,land,19,28000000,27062500,9000000,250000000,700000.0,678889.0,120,,7.0
桜街道駅,2023,land,5,25000000,25666667,5500000,80000000,590000.0,502000.0,140,,18.0
桜街道駅,2024,land,4,23000000,21666667,19000000,57000000,730000.0,707500.0,128,,7.0
桜街道駅,2025,land,3,25000000,23000000,7000000,37000000,440000.0,563333.0,125,,16.0
桜街道駅,2021,mansion,16,23000000,21150000,700000,37000000,1086186.0,1024707.0,70,1994.0,9.0
桜街道駅,2022,mansion,20,27500000,27611111,9500000,33000000,1322314.0,1359935.0,70,2002.0,3.0
桜街道駅,2023,mansion,22,22000000,20452381,9500000,45000000,1110405.0,1095431.0,65,1993.0,8.0
桜街道駅,2024,mansion,24,30500000,29020833,9500000,43000000,1549182.0,1470123.0,65,2002.0,6.0
桜街道駅,2025,mansion,32,23500000,26562500,11000000,45000000,1267218.0,1255167.0,70,2001.0,5.0
梅ケ丘駅,2021,house,19,88000000,88941176,56000000,460000000,2839086.0,2887772.0,90,2016.0,9.0
梅ケ丘駅,2022,house,8,86000000,88428571,67000000,150000000,2617080.0,2678683.0,78,2015.0,6.0
梅ケ丘駅,2023,house,12,83500000,80636364,33000000,180000000,3071509.0,3241627.0,85,2009.0,9.0
梅ケ丘駅,2024,house,9,90000000,84111111,15000000,170000000,2820937.0,2524183.0,75,2014.0,7.0
梅ケ丘駅,2025,house,19,92000000,144388889,20000000,700000000,3643251.0,3690501.0,90,2007.0,9.0
梅ケ丘駅,2021,land,6,79000000,83166667,59000000,120000000,2550000.0,2583333.0,102,,7.0
梅ケ丘駅,2022,land,3,76000000,91333333,68000000,130000000,3100000.0,3133333.0,80,,9.0
梅ケ丘駅,2023,land,7,110000000,137428571,47000000,260000000,2900000.0,2783333.0,160,,4.0
梅ケ丘駅,2024,land,8,98000000,111285714,65000000,350000000,3450000.0,3325000.0,110,,6.0
梅ケ丘駅,2025,land,6,135000000,136833333,61000000,200000000,2950000.0,3016667.0,142,,8.0
梅ケ丘駅,2021,mansion,19,62000000,62882353,9000000,83000000,2786304.0,2890219.0,70,2000.0,7.0
梅ケ丘駅,2022,mansion,17,60000000,63692308,12000000,92000000,2997245.0,3005955.0,65,2001.0,7.0
梅ケ丘駅,2023,mansion,25,74000000,70833333,17000000,110000000,3415978.0,3481196.0,65,2002.0,7.0
梅ケ丘駅,2024,mansion,36,63000000,63694444,12000000,130000000,3432006.0,3449751.0,55,1999.0,6.0
梅ケ丘駅,2025,mansion,45,56000000,64044444,13000000,130000000,3486101.0,3717516.0,55,1997.0,6.0
梅屋敷駅,2021,house,28,59500000,57208333,17000000,230000000,1942149.0,1888377.0,75,2020.0,7.0
梅屋敷駅,2022,house,30,48000000,48413793,10000000,160000000,2119592.0,1983326.0,58,2011.0,8.0
梅屋敷駅,2023,house,19,47000000,50210526,23000000,78000000,1853491.0,1854605.0,60,2015.0,10.0
梅屋敷駅,2024,house,21,55000000,55235294,12000000,520000000,2035668.0,1957259.0,90,2012.0,15.0
梅屋敷駅,2025,house,29,62000000,66307692,34000000,370000000,2115702.0,2123908.0,70,2012.0,10.0
梅屋敷駅,2021,land,11,40000000,35625000,8000000,330000000,1800000.0,1697273.0,75,,7.0
梅屋敷駅,2022,land,10,61000000,64250000,25000000,570000000,1850000.0,1857000.0,130,,8.0
梅屋敷駅,2023,land,14,48500000,48538462,17000000,760000000,2000000.0,1876923.0,78,,8.0
梅屋敷駅,2024,land,7,42000000,43428571,5000000,70000000,1600000.0,1327143.0,100,,12.0
梅屋敷駅,2025,land,18,56500000,50071429,3000000,520000000,2000000.0,2158333.0,80,,9.0
梅屋敷駅,2021,mansion,45,21000000,21417073,8800000,64000000,2644628.0,2683808.0,20,2009.0,8.0
梅屋敷駅,2022,mansion,53,24000000,24744231,8000000,52000000,2644628.0,2723390.0,25,2008.0,7.0
梅屋敷駅,2023,mansion,48,24500000,31344681,5700000,70000000,3090909.0,2893457.0,28,2009.0,9.0
梅屋敷駅,2024,mansion,47,26000000,30772340,8000000,69000000,2909091.0,2832407.0,25,2009.0,8.0
梅屋敷駅,2025,mansion,60,31000000,38645000,7800000,75000000,3140496.0,2948051.0,42,2009.0,11.0
梅島駅,2021,house,65,43000000,41943396,3000000,170000000,1437298.0,1388394.0,75,2021.0,13.0
梅島駅,2022,house,59,42000000,40641509,12000000,210000000,1337340.0,1306034.0,75,2012.0,14.0
梅島駅,2023,house,49,43000000,36641463,6000000,260000000,1520661.0,1454844.0,70,2011.0,11.0
梅島駅,2024,house,49,44000000,39857143,7000000,160000000,1486360.0,1445690.0,80,2018.0,13.0
梅島駅,2025,house,77,45000000,46349206,8000000,190000000,1555664.0,1483702.0,80,2023.0,15.0
梅島駅,2021,land,14,20000000,19525000,7300000,120000000,820000.0,882308.0,75,,14.0
梅島駅,2022,land,20,42500000,63665000,6300000,200000000,940000.0,970556.0,122,,11.0
梅島駅,2023,land,14,64500000,44308333,6700000,380000000,1100000.0,1267857.0,138,,8.0
梅島駅,2024,land,21,23000000,39261905,8000000,100000000,980000.0,891579.0,85,,12.0
梅島駅,2025,land,11,31000000,40230000,3300000,160000000,1100000.0,1149091.0,100,,13.0
梅島駅,2021,mansion,103,29000000,30339806,5700000,62000000,1609774.0,1560732.0,65,2002.0,7.0
梅島駅,2022,mansion,90,30500000,29364444,5700000,61000000,1605667.0,1592495.0,65,1996.0,8.0
梅島駅,2023,mansion,93,34000000,34735484,6300000,65000000,1780038.0,1789482.0,65,2002.0,7.0
梅島駅,2024,mansion,106,30000000,32804717,1300000,60000000,1798862.0,1816281.0,65,2000.0,8.0
梅島駅,2025,mansion,137,32000000,33150746,6000000,70000000,1873278.0,1969041.0,60,2002.0,7.0
梶原駅,2021,house,7,43000000,38571429,16000000,75000000,1735537.0,1738719.0,80,1994.0,3.0
梶原駅,2022,house,7,38000000,40428571,12000000,64000000,1678322.0,1356464.0,65,2004.0,5.0
梶原駅,2023,house,7,57000000,55285714,46000000,63000000,2082645.0,2148138.0,55,2023.0,4.0
梶原駅,2024,house,10,55000000,42500000,8000000,140000000,2130395.0,2045723.0,55,2012.0,4.0
梶原駅,2025,house,11,57000000,54111111,30000000,300000000,2066116.0,2115457.0,60,2025.0,4.0
梶原駅,2021,land,1,52000000,52000000,52000000,52000000,1600000.0,1600000.0,105,,1.0
梶原駅,2022,land,3,38000000,70333333,23000000,150000000,1600000.0,1666667.0,65,,3.0
梶原駅,2023,land,3,27000000,129666667,12000000,350000000,2000000.0,4956667.0,45,,4.0
梶原駅,2024,land,5,43000000,38500000,33000000,120000000,1700000.0,1760000.0,90,,4.0
梶原駅,2025,land,2,135500000,135500000,41000000,230000000,2050000.0,2050000.0,280,,6.0
梶原駅,2021,mansion,4,27000000,28000000,23000000,35000000,2677686.0,2724267.0,32,2000.0,6.0
梶原駅,2022,mansion,3,26000000,31366667,8100000,60000000,1338843.0,1768595.0,65,1984.0,6.0
梶原駅,2023,mansion,7,45000000,44666667,26000000,49000000,2404207.0,2537039.0,60,2007.0,6.0
梶原駅,2024,mansion,9,32000000,35333333,26000000,49000000,3107438.0,2879520.0,50,2017.0,5.0
梶原駅,2025,mansion,3,35000000,32333333,24000000,38000000,1794569.0,1887112.0,55,1984.0,7.0
森下駅,2021,house,16,85500000,113928571,50000000,600000000,2781582.0,2332023.0,62,2002.0,5.0
森下駅,2022,house,11,90000000,224200000,30000000,1300000000,2372425.0,2041450.0,85,1981.0,5.0
森下駅,2023,house,15,100000000,104250000,24000000,950000000,2038567.0,2025869.0,90,1989.0,2.0
森下駅,2024,house,21,220000000,217388889,44000000,2800000000,2817104.0,2728022.0,105,2003.0,4.0
森下駅,2025,house,19,180000000,204062500,48000000,3000000000,3403014.0,3198936.0,105,2010.0,4.0
森下駅,2021,land,8,78000000,85250000,40000000,140000000,3400000.0,3500000.0,65,,4.0
森下駅,2022,land,3,90000000,82666667,58000000,100000000,3600000.0,3533333.0,85,,3.0
森下駅,2023,land,2,255000000,255000000,130000000,380000000,5550000.0,5550000.0,142,,4.0
森下駅,2024,land,7,92000000,89033333,9200000,1100000000,4000000.0,4300000.0,75,,4.0
森下駅,2025,land,4,94500000,106000000,55000000,180000000,5150000.0,5466667.0,85,,2.0
森下駅,2021,mansion,96,40500000,42760417,12000000,92000000,3140496.0,3058529.0,48,2007.0,4.0
森下駅,2022,mansion,103,31000000,41149515,4400000,90000000,3305785.0,3233878.0,40,2007.0,4.0
森下駅,2023,mansion,107,45000000,45442857,4500000,170000000,3305785.0,3184983.0,55,2005.0,3.0
森下駅,2024,mansion,111,38000000,45648649,11000000,110000000,3702479.0,3634358.0,40,2007.0,4.0
森下駅,2025,mansion,155,45000000,49026490,10000000,160000000,3827751.0,3779205.0,45,2007.0,4.0
椎名町駅,2021,house,19,60000000,63937500,14000000,1100000000,2087864.0,2082680.0,70,2009.0,9.0
椎名町駅,2022,house,26,67500000,85768000,4200000,640000000,2034329.0,2104220.0,78,1990.0,6.0
椎名町駅,2023,house,11,78000000,78500000,29000000,810000000,1763085.0,2184871.0,90,2002.0,6.0
椎名町駅,2024,house,33,82000000,110000000,22000000,910000000,2901745.0,2904250.0,90,2010.0,6.0
椎名町駅,2025,house,26,91500000,89666667,17000000,290000000,2706226.0,2812861.0,85,2000.0,8.0
椎名町駅,2021,land,6,41500000,46500000,33000000,63000000,2600000.0,2583333.0,55,,6.0
椎名町駅,2022,land,8,59000000,60142857,20000000,210000000,2800000.0,2925000.0,72,,8.0
椎名町駅,2023,land,7,89000000,100428571,35000000,190000000,3200000.0,3014286.0,80,,6.0
椎名町駅,2024,land,8,80000000,84285714,50000000,280000000,3250000.0,3233333.0,100,,6.0
椎名町駅,2025,land,10,72500000,73500000,43000000,300000000,3000000.0,3089000.0,95,,5.0
椎名町駅,2021,mansion,66,20000000,23177419,7000000,67000000,3190083.0,3021317.0,20,2002.0,5.0
椎名町駅,2022,mansion,71,25000000,27831884,9200000,100000000,3195592.0,3105507.0,20,2004.0,4.0
椎名町駅,2023,mansion,79,31000000,30680822,6300000,77000000,3560076.0,3463053.0,25,2008.0,4.0
椎名町駅,2024,mansion,64,24000000,30939344,6700000,130000000,3413223.0,3175028.0,25,2002.0,6.0
椎名町駅,2025,mansion,67,33000000,40786364,7900000,120000000,3636364.0,3602374.0,35,2005.0,4.0
橋本駅,2021,house,11,35000000,38000000,3500000,55000000,1164896.0,1252103.0,150,2016.0,19.0
橋本駅,2022,house,7,37000000,34285714,17000000,46000000,1164896.0,990300.0,170,2009.0,20.0
橋本駅,2023,house,6,41000000,43400000,12000000,50000000,1167758.0,1312372.0,160,2016.0,20.0
橋本駅,2024,house,6,34500000,35166667,19000000,49000000,1201653.0,1057070.0,162,2012.0,20.0
橋本駅,2025,house,15,33000000,34600000,13000000,60000000,1212121.0,1092415.0,150,2010.0,20.0
橋本駅,2021,land,1,1500000,1500000,1500000,1500000,49000.0,49000.0,100,,18.0
橋本駅,2022,land,2,20000000,20000000,12000000,28000000,395000.0,395000.0,160,,16.0
橋本駅,2024,land,1,320000000,320000000,320000000,320000000,580000.0,580000.0,1800,,15.0
橋本駅,2025,land,1,6700000,6700000,6700000,6700000,200000.0,200000.0,110,,15.0
橋本駅,2022,mansion,3,43000000,36333333,20000000,46000000,1672338.0,1492839.0,85,2021.0,19.0
橋本駅,2023,mansion,6,40000000,40166667,32000000,48000000,1682253.0,1624158.0,82,2021.0,20.0
橋本駅,2024,mansion,5,44000000,39200000,21000000,48000000,1818182.0,1802787.0,80,2020.0,19.0
橋本駅,2025,mansion,12,43500000,43272727,31000000,48000000,1691784.0,1694146.0,85,2021.0,19.0
武蔵五日市駅,2021,house,16,18000000,18687500,6000000,36000000,629673.0,618776.0,158,2012.0,15.0
武蔵五日市駅,2022,house,16,13000000,13853333,1500000,45000000,429752.0,476865.0,230,1994.0,18.0
武蔵五日市駅,2023,house,16,17500000,15650000,3300000,34000000,528926.0,525545.0,142,1992.0,12.0
武蔵五日市駅,2024,house,24,13000000,13795833,4000000,30000000,383097.0,428418.0,195,1993.0,16.0
武蔵五日市駅,2025,house,23,15000000,15350000,200000,73000000,534495.0,530066.0,160,1994.0,16.0
武蔵五日市駅,2021,land,14,10000000,9310714,150000,25000000,141000.0,143546.0,182,,9.0
武蔵五日市駅,2022,land,11,5800000,8809091,600000,16000000,110000.0,143173.0,200,,9.0
武蔵五日市駅,2023,land,14,16000000,12273077,150000,40000000,116500.0,174421.0,250,,12.0
武蔵五日市駅,2024,land,19,8200000,7847222,550000,32000000,70000.0,120511.0,290,,13.0
武蔵五日市駅,2025,land,8,1500000,5270000,210000,20000000,33500.0,54529.0,220,,12.0
武蔵五日市駅,2024,mansion,1,12000000,12000000,12000000,12000000,721262.0,721262.0,55,1991.0,4.0
武蔵境駅,2021,house,108,57000000,58173077,6000000,340000000,1884297.0,1982162.0,122,2018.0,20.0
武蔵境駅,2022,house,79,60000000,61610390,15000000,300000000,2190083.0,2174036.0,115,2012.0,18.0
武蔵境駅,2023,house,80,69500000,64275362,19000000,2400000000,2235340.0,2184335.0,110,2016.0,15.0
武蔵境駅,2024,house,88,65000000,65111111,5000000,300000000,2181818.0,2213933.0,115,2014.0,20.0
武蔵境駅,2025,house,113,65000000,66123810,6100000,500000000,2255712.0,2249929.0,110,2021.0,19.0
武蔵境駅,2021,land,36,52000000,52852941,20000000,210000000,1200000.0,1207353.0,120,,20.0
武蔵境駅,2022,land,27,66000000,62045455,4500000,760000000,1400000.0,1335200.0,165,,14.0
武蔵境駅,2023,land,32,61500000,61142857,27000000,1300000000,1550000.0,1562069.0,135,,19.0
武蔵境駅,2024,land,30,72000000,69518519,32000000,1100000000,1750000.0,1715517.0,132,,15.0
武蔵境駅,2025,land,26,80500000,80869565,31000000,1900000000,1950000.0,1892000.0,142,,10.0
武蔵境駅,2021,mansion,99,42000000,43350000,6800000,100000000,2093664.0,2088012.0,70,2001.0,10.0
武蔵境駅,2022,mansion,111,50000000,47641441,5500000,93000000,2441195.0,2561589.0,65,2004.0,7.0
武蔵境駅,2023,mansion,107,49000000,50524528,5500000,130000000,2404207.0,2412907.0,70,2004.0,10.0
武蔵境駅,2024,mansion,96,56000000,51717708,8600000,96000000,2590909.0,2596290.0,68,2006.0,10.0
武蔵境駅,2025,mansion,105,59000000,55915238,8100000,120000000,2685950.0,2689367.0,70,2005.0,9.0
武蔵増戸駅,2021,house,32,26500000,22787500,7800000,46000000,850059.0,748761.0,160,2005.0,10.0
武蔵増戸駅,2022,house,15,20000000,20813333,6200000,42000000,628016.0,689706.0,140,2004.0,10.0
武蔵増戸駅,2023,house,22,23500000,21604545,2000000,35000000,759528.0,704340.0,142,2008.0,16.0
武蔵増戸駅,2024,house,16,17500000,19460000,4800000,60000000,580874.0,699063.0,140,2006.0,11.0
武蔵増戸駅,2025,house,42,26000000,24012195,2200000,92000000,870523.0,811654.0,135,2024.0,10.0
武蔵増戸駅,2021,land,9,14000000,16377778,6700000,29000000,270000.0,207500.0,195,,12.0
武蔵増戸駅,2022,land,8,17000000,14914286,7900000,34000000,270000.0,281250.0,175,,9.0
武蔵増戸駅,2023,land,3,11000000,10400000,6200000,14000000,280000.0,233333.0,165,,8.0
武蔵増戸駅,2024,land,4,12500000,12450000,3800000,21000000,255000.0,235750.0,168,,8.0
武蔵増戸駅,2025,land,14,11500000,12500000,1200000,42000000,210000.0,232143.0,185,,10.0
武蔵大和駅,2021,house,73,27000000,25800000,8800000,60000000,955005.0,944917.0,120,2013.0,12.0
武蔵大和駅,2022,house,46,29500000,28562222,2000000,80000000,977704.0,951944.0,125,2010.0,14.0
武蔵大和駅,2023,house,49,32000000,32500000,5400000,50000000,1183123.0,1099298.0,120,2018.0,12.0
武蔵大和駅,2024,house,55,29000000,27015094,4000000,88000000,1081893.0,995168.0,120,2017.0,15.0
武蔵大和駅,2025,house,127,33000000,31313115,3000000,62000000,1183123.0,1160809.0,120,2024.0,14.0
武蔵大和駅,2021,land,20,18500000,17125000,3000000,100000000,335000.0,315294.0,162,,12.0
武蔵大和駅,2022,land,20,22000000,20936842,4500000,49000000,430000.0,417500.0,170,,14.0
武蔵大和駅,2023,land,30,24000000,23075862,2200000,50000000,500000.0,522759.0,125,,13.0
武蔵大和駅,2024,land,14,23500000,24250000,7000000,51000000,370000.0,379286.0,178,,14.0
武蔵大和駅,2025,land,19,25000000,24882353,10000000,400000000,480000.0,493684.0,130,,13.0
武蔵大和駅,2021,mansion,2,15500000,15500000,15000000,16000000,512397.0,512397.0,100,1982.0,18.0
武蔵大和駅,2022,mansion,3,8200000,11733333,8000000,19000000,352617.0,579431.0,75,1975.0,19.0
武蔵大和駅,2023,mansion,1,22000000,22000000,22000000,22000000,1322314.0,1322314.0,55,1998.0,5.0
武蔵大和駅,2024,mansion,1,9000000,9000000,9000000,9000000,540947.0,540947.0,55,2007.0,13.0
武蔵大和駅,2025,mansion,6,13500000,13166667,11000000,15000000,716253.0,701561.0,60,1976.0,17.0
武蔵小山駅,2021,house,34,78500000,84666667,34000000,390000000,2839086.0,2848291.0,65,2010.0,8.0
武蔵小山駅,2022,house,42,87000000,99717949,13000000,1900000000,2991582.0,2882440.0,68,2003.0,9.0
武蔵小山駅,2023,house,44,84000000,89828571,47000000,2000000000,3128689.0,2982252.0,88,2003.0,8.0
武蔵小山駅,2024,house,42,96500000,91342857,25000000,570000000,3369358.0,3349680.0,70,2012.0,10.0
武蔵小山駅,2025,house,52,105000000,101543478,17000000,1600000000,3541912.0,3333565.0,65,2010.0,10.0
武蔵小山駅,2021,land,12,66000000,64900000,34000000,700000000,3100000.0,3218182.0,72,,6.0
武蔵小山駅,2022,land,16,87500000,95312500,33000000,190000000,3900000.0,3756250.0,75,,6.0
武蔵小山駅,2023,land,14,110000000,113142857,29000000,190000000,3900000.0,3680000.0,90,,6.0
武蔵小山駅,2024,land,23,100000000,128550000,56000000,940000000,3700000.0,3618182.0,95,,8.0
武蔵小山駅,2025,land,19,100000000,104764706,46000000,260000000,4300000.0,4268421.0,85,,7.0
武蔵小山駅,2021,mansion,128,53000000,54084000,9500000,170000000,3636364.0,3697592.0,50,2005.0,6.0
武蔵小山駅,2022,mansion,112,52000000,54243519,9000000,310000000,3891319.0,3944070.0,45,2006.0,7.0
武蔵小山駅,2023,mansion,129,59000000,67181395,8400000,170000000,3966942.0,4120131.0,50,2006.0,6.0
武蔵小山駅,2024,mansion,137,66000000,72552239,11000000,200000000,4113866.0,4597387.0,55,2007.0,6.0
武蔵小山駅,2025,mansion,132,76000000,82030534,9000000,300000000,4678957.0,5016996.0,52,2006.0,7.0
武蔵小金井駅,2021,house,155,48000000,47222222,19000000,410000000,1688357.0,1717368.0,110,2016.0,18.0
武蔵小金井駅,2022,house,151,52000000,52951049,11000000,230000000,1855505.0,1835064.0,110,2015.0,16.0
武蔵小金井駅,2023,house,137,56000000,55648000,13000000,270000000,2111570.0,2083992.0,105,2020.0,15.0
武蔵小金井駅,2024,house,151,56000000,57666667,16000000,330000000,2087864.0,2005473.0,110,2019.0,15.0
武蔵小金井駅,2025,house,133,64000000,63452381,17000000,500000000,2261853.0,2289399.0,110,2024.0,15.0
武蔵小金井駅,2021,land,30,48500000,46750000,10000000,180000000,1100000.0,1031724.0,142,,14.0
武蔵小金井駅,2022,land,23,43000000,42295238,4400000,660000000,1100000.0,1033478.0,135,,17.0
武蔵小金井駅,2023,land,25,45000000,42521739,16000000,140000000,1200000.0,1210000.0,115,,19.0
武蔵小金井駅,2024,land,32,50000000,44750000,9500000,190000000,1200000.0,1258387.0,130,,15.0
武蔵小金井駅,2025,land,29,56000000,55086957,16000000,720000000,1800000.0,1758621.0,110,,11.0
武蔵小金井駅,2021,mansion,139,39000000,37755072,1500000,110000000,1983471.0,2022421.0,65,2000.0,9.0
武蔵小金井駅,2022,mansion,118,41500000,41772650,5900000,260000000,2148760.0,2173377.0,65,1999.0,7.0
武蔵小金井駅,2023,mansion,156,38000000,39866667,5500000,89000000,2179874.0,2260440.0,62,1999.0,8.0
武蔵小金井駅,2024,mansion,172,45500000,44324419,5300000,110000000,2339479.0,2291200.0,70,2000.0,10.0
武蔵小金井駅,2025,mansion,202,42000000,44680500,5400000,160000000,2262889.0,2400852.0,65,2000.0,8.0
武蔵引田駅,2021,house,16,22500000,20700000,6000000,30000000,773459.0,802504.0,142,2017.0,14.0
武蔵引田駅,2022,house,13,28000000,21090909,3000000,73000000,853207.0,783048.0,160,2001.0,13.0
武蔵引田駅,2023,house,32,27500000,27777778,2000000,48000000,932579.0,972756.0,135,2023.0,10.0
武蔵引田駅,2024,house,15,25000000,23666667,7200000,48000000,869943.0,839909.0,150,2023.0,13.0
武蔵引田駅,2025,house,29,27000000,26360000,9000000,210000000,811420.0,840352.0,135,2018.0,15.0
武蔵引田駅,2021,land,6,17000000,23000000,11000000,43000000,265000.0,248000.0,220,,16.0
武蔵引田駅,2022,land,13,21000000,21636364,1000000,92000000,390000.0,344538.0,160,,11.0
武蔵引田駅,2023,land,12,27000000,22800000,2000000,85000000,255000.0,275833.0,220,,10.0
武蔵引田駅,2024,land,7,14000000,15685714,5000000,28000000,300000.0,332857.0,145,,14.0
武蔵引田駅,2025,land,8,13500000,20875000,1000000,55000000,340000.0,358625.0,162,,8.0
武蔵新田駅,2021,house,24,55000000,54850000,20000000,390000000,1875547.0,1820982.0,58,2002.0,5.0
武蔵新田駅,2022,house,20,54000000,55352941,33000000,340000000,1905576.0,1976604.0,60,2005.0,10.0
武蔵新田駅,2023,house,17,68000000,67125000,10000000,220000000,2140889.0,2190853.0,65,2018.0,6.0
武蔵新田駅,2024,house,16,65000000,61615385,27000000,620000000,2231405.0,2284271.0,58,2022.0,5.0
武蔵新田駅,2025,house,18,54000000,61235294,31000000,200000000,2148760.0,2217511.0,52,2007.0,6.0
武蔵新田駅,2021,land,7,37000000,32000000,13000000,200000000,2200000.0,2028571.0,45,,6.0
武蔵新田駅,2022,land,7,53000000,55600000,12000000,1100000000,2600000.0,2571429.0,70,,4.0
武蔵新田駅,2023,land,7,60000000,75571429,33000000,160000000,2500000.0,2450000.0,65,,7.0
武蔵新田駅,2024,land,4,53500000,50250000,26000000,68000000,1900000.0,2075000.0,70,,8.0
武蔵新田駅,2025,land,5,38000000,36500000,33000000,65000000,2400000.0,2080000.0,75,,7.0
武蔵新田駅,2021,mansion,108,23500000,28077358,8500000,69000000,2947658.0,2814643.0,25,2008.0,7.0
武蔵新田駅,2022,mansion,72,26500000,31816901,8300000,82000000,2809917.0,2780907.0,25,2011.0,8.0
武蔵新田駅,2023,mansion,94,27500000,33575532,7700000,88000000,2644628.0,2673803.0,40,2006.0,7.0
武蔵新田駅,2024,mansion,91,26000000,27208434,7900000,93000000,3140496.0,2982477.0,25,2007.0,7.0
武蔵新田駅,2025,mansion,118,35000000,39169492,7000000,91000000,3017781.0,2914479.0,45,2005.0,8.0
武蔵砂川駅,2021,house,74,32000000,31900000,6000000,310000000,1090329.0,1054391.0,125,2021.0,15.0
武蔵砂川駅,2022,house,55,35000000,33936170,1500000,600000000,1197363.0,1150693.0,115,2022.0,15.0
武蔵砂川駅,2023,house,61,36000000,31556364,2400000,230000000,1152675.0,1124170.0,115,2018.0,15.0
武蔵砂川駅,2024,house,56,28500000,26228302,7500000,110000000,991736.0,1004920.0,112,2010.0,16.0
武蔵砂川駅,2025,house,110,37000000,34461538,5100000,110000000,1290759.0,1178881.0,115,2024.0,15.0
武蔵砂川駅,2021,land,37,26000000,23209091,3300000,200000000,540000.0,542162.0,135,,15.0
武蔵砂川駅,2022,land,25,25000000,25285714,6000000,320000000,530000.0,561600.0,135,,15.0
武蔵砂川駅,2023,land,24,33000000,36590909,3000000,320000000,430000.0,500000.0,162,,14.0
武蔵砂川駅,2024,land,21,31000000,37083333,9500000,250000000,540000.0,520000.0,280,,12.0
武蔵砂川駅,2025,land,30,25500000,25818182,9000000,120000000,670000.0,602333.0,125,,13.0
武蔵砂川駅,2021,mansion,42,17000000,15909524,2800000,28000000,889414.0,886021.0,65,1994.0,9.0
武蔵砂川駅,2022,mansion,34,17500000,18267647,5800000,29000000,949161.0,978046.0,62,1998.0,9.0
武蔵砂川駅,2023,mansion,36,14000000,14905556,4300000,27000000,850488.0,851905.0,58,1993.0,9.0
武蔵砂川駅,2024,mansion,23,15000000,16091304,2700000,28000000,859504.0,821443.0,60,1989.0,9.0
武蔵砂川駅,2025,mansion,52,16500000,15865385,2500000,30000000,866179.0,844144.0,65,1993.0,9.0
武蔵野台駅,2021,house,10,42000000,42888889,37000000,300000000,1611570.0,1594846.0,100,2019.0,10.0
武蔵野台駅,2022,house,18,42000000,41411765,12000000,56000000,1483737.0,1403865.0,100,2012.0,10.0
武蔵野台駅,2023,house,5,50000000,51750000,21000000,57000000,1913876.0,1625199.0,120,2016.0,11.0
武蔵野台駅,2024,house,13,50000000,51846154,34000000,72000000,1689623.0,1859842.0,120,2018.0,13.0
武蔵野台駅,2025,house,14,58000000,61071429,33000000,84000000,2031221.0,2096685.0,115,2024.0,8.0
武蔵野台駅,2021,land,5,39000000,37000000,30000000,42000000,980000.0,982500.0,110,,6.0
武蔵野台駅,2022,land,3,17000000,117666667,16000000,320000000,810000.0,746667.0,95,,9.0
武蔵野台駅,2023,land,5,58000000,176600000,33000000,400000000,860000.0,828000.0,200,,9.0
武蔵野台駅,2024,land,3,45000000,38666667,22000000,49000000,930000.0,963333.0,125,,7.0
武蔵野台駅,2025,land,5,50000000,50750000,20000000,55000000,1500000.0,1525000.0,110,,8.0
武蔵野台駅,2021,mansion,51,25000000,23966667,8300000,39000000,1256198.0,1185225.0,70,1990.0,9.0
武蔵野台駅,2022,mansion,50,23500000,24812000,9800000,53000000,1298701.0,1233671.0,65,1983.0,10.0
武蔵野台駅,2023,mansion,56,23500000,25250000,7000000,40000000,1285583.0,1278973.0,70,1983.0,10.0
武蔵野台駅,2024,mansion,49,22000000,25281633,5000000,61000000,1322314.0,1340999.0,55,1983.0,8.0
武蔵野台駅,2025,mansion,53,24000000,26547170,6000000,48000000,1175390.0,1303191.0,65,1983.0,9.0
武蔵関駅,2021,house,77,58000000,57530303,3000000,550000000,1897233.0,1875902.0,105,2020.0,11.0
武蔵関駅,2022,house,40,54500000,48117647,17000000,550000000,1641714.0,1660240.0,105,1995.0,12.0
武蔵関駅,2023,house,65,61000000,60267857,9500000,510000000,2157460.0,2110297.0,100,2022.0,12.0
武蔵関駅,2024,house,74,67000000,66484848,11000000,750000000,2016529.0,2066948.0,105,2015.0,12.0
武蔵関駅,2025,house,80,66000000,64461538,13000000,390000000,2152353.0,2208360.0,105,2025.0,14.0
武蔵関駅,2021,land,12,44000000,45900000,20000000,210000000,1350000.0,1446667.0,105,,10.0
武蔵関駅,2022,land,13,55000000,63666667,37000000,150000000,1400000.0,1356667.0,150,,11.0
武蔵関駅,2023,land,12,46500000,50750000,7000000,85000000,1450000.0,1339167.0,112,,10.0
武蔵関駅,2024,land,12,61000000,60272727,26000000,750000000,1500000.0,1462500.0,138,,12.0
武蔵関駅,2025,land,26,53000000,47782609,15000000,220000000,1800000.0,1812500.0,100,,9.0
武蔵関駅,2021,mansion,134,35000000,33453731,6500000,65000000,1983471.0,2095067.0,65,2005.0,9.0
武蔵関駅,2022,mansion,136,29500000,32807353,7600000,75000000,2142403.0,2251953.0,55,2005.0,9.0
武蔵関駅,2023,mansion,141,30000000,33665957,5300000,80000000,2219598.0,2287634.0,55,2004.0,8.0
武蔵関駅,2024,mansion,134,37000000,37488806,5500000,78000000,2345130.0,2431978.0,55,2004.0,8.0
武蔵関駅,2025,mansion,152,35000000,37707237,8800000,87000000,2414225.0,2390472.0,60,2000.0,8.0
水天宮前駅,2021,house,7,500000000,536000000,86000000,2100000000,3790633.0,3346547.0,130,1990.0,4.0
水天宮前駅,2022,house,10,350000000,434200000,62000000,950000000,2963807.0,2467316.0,110,1988.0,3.0
水天宮前駅,2023,house,8,210000000,208571429,130000000,450000000,3433109.0,3875397.0,75,1978.0,4.0
水天宮前駅,2024,house,5,180000000,208800000,94000000,370000000,2390337.0,2133265.0,75,1978.0,4.0
水天宮前駅,2025,house,6,172500000,216500000,58000000,520000000,3052151.0,2764070.0,82,2002.0,4.0
水天宮前駅,2021,land,1,96000000,96000000,96000000,96000000,5000000.0,5000000.0,65,,5.0
水天宮前駅,2023,land,2,220000000,220000000,150000000,290000000,11850000.0,11850000.0,72,,3.0
水天宮前駅,2024,land,1,240000000,240000000,240000000,240000000,9700000.0,9700000.0,80,,3.0
水天宮前駅,2025,land,3,170000000,147666667,13000000,260000000,6100000.0,6033333.0,80,,3.0
水天宮前駅,2021,mansion,135,45000000,47634586,8400000,160000000,3541912.0,3521969.0,45,2005.0,3.0
水天宮前駅,2022,mansion,141,45000000,48000000,6000000,130000000,3746556.0,3631338.0,40,2004.0,3.0
水天宮前駅,2023,mansion,178,38500000,48190751,15000000,390000000,3966942.0,3755140.0,40,2002.0,4.0
水天宮前駅,2024,mansion,135,40000000,43161290,14000000,170000000,3966942.0,4018580.0,40,2004.0,4.0
水天宮前駅,2025,mansion,171,38000000,46881250,15000000,250000000,4260790.0,4406672.0,35,2004.0,3.0
水道橋駅,2021,house,8,445000000,863750000,100000000,2500000000,3042177.0,3396908.0,130,1988.0,2.0
水道橋駅,2022,house,6,155000000,159833333,32000000,290000000,3449515.0,3730351.0,65,1979.0,3.0
水道橋駅,2023,house,7,750000000,611428571,170000000,950000000,4083617.0,4108038.0,100,1996.0,4.0
水道橋駅,2024,house,3,1300000000,1446666667,240000000,2800000000,5654632.0,4628454.0,190,2021.0,2.0
水道橋駅,2025,house,9,1700000000,1250000000,170000000,6000000000,7265462.0,7163517.0,200,1992.0,3.0
水道橋駅,2024,land,1,69000000,69000000,69000000,69000000,4000000.0,4000000.0,55,,3.0
水道橋駅,2021,mansion,26,45000000,48454545,14000000,180000000,3919716.0,3877743.0,55,2007.0,4.0
水道橋駅,2022,mansion,34,49500000,61969697,22000000,190000000,4297520.0,4238253.0,40,2011.0,4.0
水道橋駅,2023,mansion,31,55000000,62517241,11000000,270000000,4545454.0,4205241.0,40,2007.0,4.0
水道橋駅,2024,mansion,24,89000000,94826087,14000000,250000000,5289256.0,5006041.0,55,2007.0,4.0
水道橋駅,2025,mansion,38,79000000,103263158,14000000,290000000,5619834.0,5495700.0,52,2006.0,4.0
氷川台駅,2021,house,26,57500000,48954545,11000000,550000000,2036364.0,1824238.0,90,2005.0,8.0
氷川台駅,2022,house,29,71000000,69608696,11000000,450000000,2339278.0,2129433.0,100,2019.0,10.0
氷川台駅,2023,house,32,60500000,86268750,5900000,270000000,1859504.0,1757865.0,92,1997.0,8.0
氷川台駅,2024,house,44,68000000,69100000,8000000,660000000,2387373.0,2362908.0,92,2024.0,10.0
氷川台駅,2025,house,55,64000000,65314815,11000000,160000000,2109692.0,2021110.0,90,2005.0,10.0
氷川台駅,2021,land,10,71000000,68888889,28000000,840000000,1900000.0,1930000.0,108,,8.0
氷川台駅,2022,land,5,52000000,56200000,15000000,110000000,1400000.0,1325000.0,105,,8.0
氷川台駅,2023,land,8,51000000,57850000,3800000,130000000,1900000.0,1985714.0,95,,7.0
氷川台駅,2024,land,12,68500000,68727273,42000000,180000000,1900000.0,1793333.0,112,,10.0
氷川台駅,2025,land,16,74000000,69386667,8800000,210000000,2150000.0,2096250.0,110,,8.0
氷川台駅,2021,mansion,49,35000000,33853061,9000000,62000000,2172373.0,2205904.0,55,2000.0,6.0
氷川台駅,2022,mansion,40,35000000,36002500,8100000,62000000,2272071.0,2461590.0,55,2002.0,6.0
氷川台駅,2023,mansion,63,47000000,41644444,9200000,68000000,2597402.0,2574202.0,65,2004.0,7.0
氷川台駅,2024,mansion,60,45000000,42181667,6000000,70000000,2568341.0,2584339.0,65,2002.0,7.0
氷川台駅,2025,mansion,70,53000000,49077941,7500000,100000000,2623967.0,2629183.0,70,2000.0,7.0
永田町駅,2021,house,2,460000000,460000000,360000000,560000000,3710744.0,3710744.0,178,1988.0,4.0
永田町駅,2023,house,1,750000000,750000000,750000000,750000000,13049151.0,13049151.0,190,1982.0,5.0
永田町駅,2024,land,1,3800000000,3800000000,3800000000,3800000000,22000000.0,22000000.0,580,,5.0
永田町駅,2021,mansion,3,45000000,123666667,36000000,290000000,3719008.0,5151857.0,40,1978.0,3.0
永田町駅,2022,mansion,10,155000000,125100000,15000000,240000000,6818182.0,6024242.0,75,2009.0,3.0
永田町駅,2023,mansion,7,140000000,113000000,36000000,230000000,4958678.0,5531006.0,70,1982.0,3.0
永田町駅,2024,mansion,6,85000000,91000000,18000000,190000000,5194805.0,5490267.0,42,1993.0,3.0
永田町駅,2025,mansion,18,315000000,364722222,18000000,750000000,15776269.0,13199406.0,55,2008.0,1.0
永福町駅,2021,house,31,74000000,72916667,28000000,630000000,2644628.0,2603468.0,90,2017.0,10.0
永福町駅,2022,house,26,71000000,67227273,36000000,500000000,2626263.0,2616507.0,105,2015.0,10.0
永福町駅,2023,house,27,80000000,82520000,16000000,800000000,2693603.0,2465459.0,115,1999.0,9.0
永福町駅,2024,house,30,92500000,89615385,26000000,1000000000,2915519.0,2826506.0,110,2008.0,10.0
永福町駅,2025,house,28,101500000,102703704,35000000,300000000,3051601.0,3106178.0,102,2007.0,8.0
永福町駅,2021,land,14,77500000,75818182,28000000,170000000,2300000.0,2275000.0,102,,6.0
永福町駅,2022,land,8,62000000,65285714,48000000,170000000,2600000.0,2625000.0,88,,8.0
永福町駅,2023,land,7,68000000,60000000,34000000,160000000,2100000.0,2185714.0,95,,7.0
永福町駅,2024,land,9,100000000,108875000,70000000,280000000,2900000.0,2871429.0,135,,5.0
永福町駅,2025,land,13,110000000,116153846,29000000,210000000,2800000.0,2715385.0,145,,9.0
永福町駅,2021,mansion,26,22000000,31850000,6400000,79000000,2998819.0,2849923.0,22,2011.0,5.0
永福町駅,2022,mansion,23,44000000,40391304,7500000,82000000,2746344.0,2715559.0,40,2000.0,5.0
永福町駅,2023,mansion,18,36000000,47677778,6200000,110000000,2975206.0,3131847.0,52,2000.0,7.0
永福町駅,2024,mansion,19,51000000,47442105,1400000,96000000,3305785.0,3120293.0,45,1999.0,5.0
永福町駅,2025,mansion,28,68000000,60535714,9000000,100000000,3581267.0,3587118.0,65,2000.0,5.0
汐留駅,2025,house,1,3300000000,3300000000,3300000000,3300000000,,,480,2022.0,5.0
汐留駅,2021,land,1,420000000,420000000,420000000,420000000,18000000.0,18000000.0,75,,3.0
汐留駅,2021,mansion,27,120000000,113384615,15000000,310000000,5461732.0,5429242.0,65,2002.0,3.0
汐留駅,2022,mansion,21,120000000,128333333,68000000,240000000,6102988.0,6169777.0,70,2002.0,3.0
汐留駅,2023,mansion,31,160000000,170000000,25000000,520000000,7120152.0,7084512.0,70,2002.0,3.0
汐留駅,2024,mansion,22,115000000,139619048,27000000,740000000,7086085.0,7537414.0,52,2002.0,3.0
汐留駅,2025,mansion,21,300000000,293333333,130000000,520000000,11419985.0,11520104.0,80,2002.0,3.0
江北駅,2021,house,22,40000000,39777778,6400000,140000000,1355372.0,1373680.0,90,2021.0,14.0
江北駅,2022,house,19,38000000,39066667,8000000,140000000,1355372.0,1316389.0,90,2006.0,14.0
江北駅,2023,house,20,43500000,39055556,11000000,200000000,1280992.0,1260290.0,78,2014.0,12.0
江北駅,2024,house,22,41000000,39750000,6000000,89000000,1402597.0,1459612.0,68,2016.0,14.0
江北駅,2025,house,43,44000000,44085366,5500000,200000000,1500318.0,1470220.0,70,2021.0,13.0
江北駅,2021,land,3,280000000,256666667,30000000,460000000,1100000.0,1570000.0,540,,6.0
江北駅,2022,land,7,10000000,19400000,6500000,50000000,690000.0,777143.0,55,,11.0
江北駅,2023,land,6,47000000,59000000,20000000,140000000,835000.0,826000.0,142,,13.0
江北駅,2024,land,7,58000000,80000000,13000000,1400000000,1100000.0,1224286.0,145,,7.0
江北駅,2025,land,5,36000000,36000000,30000000,75000000,1300000.0,1182000.0,120,,13.0
江北駅,2021,mansion,28,28000000,28214286,11000000,44000000,1620528.0,1507816.0,60,2002.0,4.0
江北駅,2022,mansion,22,32000000,31136364,13000000,43000000,1700118.0,1640403.0,60,2007.0,4.0
江北駅,2023,mansion,19,38000000,36187500,16000000,60000000,1841794.0,1854584.0,65,2015.0,6.0
江北駅,2024,mansion,29,30000000,30689655,10000000,49000000,1863261.0,1670473.0,65,2013.0,4.0
江北駅,2025,mansion,43,33000000,31674419,10000000,49000000,1889020.0,1758943.0,60,2013.0,4.0
江古田駅,2021,house,9,60000000,56571429,42000000,240000000,2231405.0,2029827.0,80,2010.0,8.0
江古田駅,2022,house,15,72000000,72416667,27000000,140000000,2231405.0,2215131.0,95,2010.0,7.0
江古田駅,2023,house,17,83000000,70214286,36000000,290000000,1830896.0,1804158.0,135,1993.0,8.0
江古田駅,2024,house,21,86000000,87000000,14000000,810000000,2125148.0,2339336.0,95,1999.0,5.0
江古田駅,2025,house,18,140000000,109600000,42000000,740000000,2511125.0,2430243.0,130,2015.0,5.0
江古田駅,2021,land,6,135000000,140000000,66000000,230000000,2400000.0,2266667.0,185,,6.0
江古田駅,2022,land,2,115000000,115000000,60000000,170000000,1650000.0,1650000.0,220,,9.0
江古田駅,2023,land,5,140000000,101750000,35000000,270000000,3000000.0,2800000.0,145,,4.0
江古田駅,2024,land,1,40000000,40000000,40000000,40000000,1100000.0,1100000.0,115,,5.0
江古田駅,2025,land,6,135000000,118666667,40000000,190000000,2200000.0,2350000.0,202,,4.0
江古田駅,2021,mansion,37,28000000,30427027,7200000,63000000,2691854.0,2508212.0,35,2000.0,3.0
江古田駅,2022,mansion,32,29000000,31493750,6800000,72000000,2644628.0,2518370.0,38,1998.0,4.0
江古田駅,2023,mansion,31,28000000,26967742,7000000,57000000,2056933.0,2049864.0,45,1986.0,3.0
江古田駅,2024,mansion,26,24500000,26412500,2300000,72000000,2674681.0,2582184.0,38,1995.0,4.0
江古田駅,2025,mansion,40,23500000,30192500,7500000,72000000,2672176.0,2522485.0,28,1994.0,4.0
江戸川橋駅,2021,house,26,105000000,129250000,62000000,2800000000,2905418.0,2864249.0,88,1996.0,5.0
江戸川橋駅,2022,house,18,175000000,145533333,15000000,2500000000,3305785.0,2930243.0,115,1998.0,5.0
江戸川橋駅,2023,house,17,190000000,357352941,63000000,1200000000,3678247.0,3346234.0,115,2016.0,5.0
江戸川橋駅,2024,house,15,120000000,181615385,30000000,2000000000,3091881.0,3351493.0,65,2004.0,5.0
江戸川橋駅,2025,house,17,260000000,328937500,55000000,1900000000,4068658.0,3757253.0,95,1991.0,5.0
江戸川橋駅,2021,land,3,250000000,412333333,47000000,940000000,3900000.0,4966667.0,95,,6.0
江戸川橋駅,2022,land,4,182500000,145000000,70000000,1400000000,4300000.0,3833333.0,182,,4.0
江戸川橋駅,2023,land,6,107500000,251166667,55000000,650000000,4000000.0,4160000.0,100,,6.0
江戸川橋駅,2024,land,4,190000000,207500000,60000000,390000000,4400000.0,4150000.0,138,,6.0
江戸川橋駅,2025,land,6,110000000,107800000,55000000,450000000,5400000.0,7166667.0,62,,4.0
江戸川橋駅,2021,mansion,171,37000000,42210714,9400000,160000000,3636364.0,3542730.0,35,2004.0,5.0
江戸川橋駅,2022,mansion,152,41000000,47046053,11000000,130000000,3801653.0,3718544.0,40,2006.0,4.0
江戸川橋駅,2023,mansion,172,44000000,54662791,12000000,140000000,3988981.0,3938825.0,40,2006.0,5.0
江戸川橋駅,2024,mansion,193,47000000,57528796,12000000,190000000,4187328.0,4159545.0,40,2006.0,4.0
江戸川橋駅,2025,mansion,190,49000000,54938587,9700000,200000000,4297520.0,4276810.0,40,2007.0,5.0
江戸川駅,2021,house,23,41000000,37857143,13000000,540000000,1463990.0,1316624.0,85,2013.0,7.0
江戸川駅,2022,house,20,44000000,40852941,8500000,260000000,1616162.0,1303178.0,98,2001.0,7.0
江戸川駅,2023,house,14,54000000,54923077,35000000,110000000,1866981.0,1741692.0,88,2023.0,7.0
江戸川駅,2024,house,16,46500000,43333333,8000000,110000000,1608619.0,1545543.0,100,2008.0,6.0
江戸川駅,2025,house,26,51500000,47047619,8000000,340000000,1669421.0,1687043.0,90,2024.0,6.0
江戸川駅,2021,land,2,158500000,158500000,57000000,260000000,1400000.0,1400000.0,335,,4.0
江戸川駅,2022,land,3,30000000,35000000,27000000,48000000,1400000.0,1533333.0,65,,10.0
江戸川駅,2023,land,5,32000000,28750000,15000000,150000000,1100000.0,1152000.0,100,,8.0
江戸川駅,2024,land,5,50000000,53750000,41000000,270000000,1700000.0,1600000.0,125,,8.0
江戸川駅,2025,land,7,37000000,41285714,15000000,80000000,1200000.0,1250000.0,70,,5.0
江戸川駅,2021,mansion,16,28000000,29400000,8000000,43000000,1570248.0,1597626.0,60,2006.0,6.0
江戸川駅,2022,mansion,12,23000000,24625000,9500000,38000000,1472063.0,1464308.0,60,1992.0,7.0
江戸川駅,2023,mansion,3,26000000,25333333,22000000,28000000,2424242.0,2277319.0,30,2009.0,1.0
江戸川駅,2024,mansion,13,33000000,29423077,7500000,50000000,1830896.0,1875914.0,55,2008.0,7.0
江戸川駅,2025,mansion,7,40000000,33714286,9000000,55000000,2203857.0,1989434.0,55,1990.0,7.0
池ノ上駅,2021,house,8,79000000,78000000,50000000,160000000,2435421.0,2615695.0,95,2000.0,7.0
池ノ上駅,2022,house,12,125000000,114545455,51000000,480000000,3613165.0,3419971.0,108,2010.0,6.0
池ノ上駅,2023,house,10,135000000,122142857,44000000,2600000000,3702479.0,3579287.0,212,2002.0,4.0
池ノ上駅,2024,house,16,150000000,154142857,66000000,860000000,3916228.0,4448233.0,122,2004.0,5.0
池ノ上駅,2025,house,14,130000000,145538462,77000000,760000000,3469130.0,3419737.0,122,2012.0,6.0
池ノ上駅,2021,land,6,88500000,126833333,20000000,280000000,2850000.0,3100000.0,82,,8.0
池ノ上駅,2022,land,4,110000000,123000000,92000000,180000000,3550000.0,3450000.0,108,,5.0
池ノ上駅,2023,land,11,150000000,166000000,100000000,650000000,3500000.0,3554545.0,140,,5.0
池ノ上駅,2024,land,7,94000000,102571429,60000000,150000000,3900000.0,3542857.0,105,,5.0
池ノ上駅,2025,land,6,145000000,143800000,79000000,510000000,3600000.0,3600000.0,132,,8.0
池ノ上駅,2021,mansion,27,45000000,54407407,15000000,120000000,3305785.0,3352893.0,55,1998.0,9.0
池ノ上駅,2022,mansion,15,41000000,62520000,9900000,180000000,2975207.0,3284418.0,50,1985.0,8.0
池ノ上駅,2023,mansion,18,54000000,69375000,27000000,290000000,3885569.0,4143898.0,58,2008.0,8.0
池ノ上駅,2024,mansion,15,100000000,96928571,19000000,330000000,4848485.0,4576020.0,65,2004.0,7.0
池ノ上駅,2025,mansion,17,55000000,75705882,20000000,170000000,3746556.0,4299251.0,55,1995.0,6.0
池上駅,2021,house,37,53000000,54593750,8500000,230000000,2160567.0,2086125.0,65,2020.0,9.0
池上駅,2022,house,35,57000000,54866667,14000000,1000000000,2314050.0,2205897.0,55,2016.0,10.0
池上駅,2023,house,28,59000000,52217391,14000000,590000000,2171447.0,2039565.0,75,1998.0,8.0
池上駅,2024,house,36,69500000,74666667,11000000,1500000000,2008900.0,2008750.0,95,2012.0,10.0
池上駅,2025,house,53,67000000,69586957,7300000,910000000,2321083.0,2343039.0,70,2022.0,15.0
池上駅,2021,land,10,61000000,73777778,16000000,510000000,1750000.0,1733000.0,162,,10.0
池上駅,2022,land,8,50500000,82125000,14000000,210000000,2000000.0,2071429.0,170,,9.0
池上駅,2023,land,14,56000000,50583333,13000000,230000000,2100000.0,2157143.0,95,,8.0
池上駅,2024,land,26,74500000,78304348,20000000,400000000,2100000.0,2108000.0,118,,9.0
池上駅,2025,land,14,65000000,72000000,27000000,230000000,1950000.0,1985714.0,108,,9.0
池上駅,2021,mansion,107,25000000,28431429,5000000,64000000,2644628.0,2628243.0,35,2006.0,7.0
池上駅,2022,mansion,89,29000000,33187640,8000000,84000000,2797203.0,2675033.0,40,2004.0,8.0
池上駅,2023,mansion,80,30000000,37567500,7000000,82000000,2770563.0,2752546.0,45,2005.0,7.0
池上駅,2024,mansion,98,34000000,38870408,6800000,86000000,2933884.0,2849049.0,50,2005.0,8.0
池上駅,2025,mansion,117,35000000,40556410,6100000,93000000,2975207.0,2932588.0,50,2002.0,8.0
池尻大橋駅,2021,house,17,82000000,100625000,42000000,320000000,2854996.0,2938830.0,80,2002.0,9.0
池尻大橋駅,2022,house,12,210000000,236400000,76000000,2700000000,2972702.0,2888032.0,150,1994.0,9.0
池尻大橋駅,2023,house,20,85000000,129789474,8000000,720000000,3016529.0,2877337.0,60,1997.0,10.0
池尻大橋駅,2024,house,17,340000000,596058824,60000000,1900000000,3482094.0,4093460.0,100,2008.0,7.0
池尻大橋駅,2025,house,11,170000000,600181818,30000000,2200000000,3786626.0,3935409.0,85,1993.0,10.0
池尻大橋駅,2021,land,5,120000000,123333333,83000000,310000000,3100000.0,3125000.0,115,,10.0
池尻大橋駅,2022,land,4,330000000,297500000,140000000,390000000,5900000.0,6100000.0,172,,6.0
池尻大橋駅,2023,land,8,145000000,153500000,75000000,250000000,3050000.0,3212500.0,142,,6.0
池尻大橋駅,2024,land,5,120000000,113600000,29000000,170000000,3600000.0,3860000.0,75,,5.0
池尻大橋駅,2025,land,7,130000000,125666667,18000000,530000000,5900000.0,6016667.0,75,,9.0
池尻大橋駅,2021,mansion,157,48000000,56900000,8700000,160000000,3526171.0,3512268.0,50,2000.0,6.0
池尻大橋駅,2022,mansion,154,45500000,53268000,9000000,190000000,3775893.0,3706395.0,45,1999.0,6.0
池尻大橋駅,2023,mansion,129,56000000,58722222,11000000,180000000,3865226.0,3849399.0,45,1999.0,6.0
池尻大橋駅,2024,mansion,149,50000000,51383099,7500000,210000000,3746556.0,3874788.0,40,1996.0,6.0
池尻大橋駅,2025,mansion,186,54000000,61764045,10000000,600000000,4159779.0,4486734.0,45,1998.0,7.0
池袋駅,2021,house,33,79000000,103862069,18000000,1200000000,2350780.0,2206064.0,75,1997.0,9.0
池袋駅,2022,house,27,78000000,129695652,17000000,4700000000,2635863.0,2427769.0,85,2000.0,10.0
池袋駅,2023,house,26,105000000,108857143,19000000,610000000,3099173.0,2981382.0,78,2000.0,10.0
池袋駅,2024,house,35,220000000,263060606,20000000,2100000000,2758062.0,2702330.0,105,1995.0,11.0
池袋駅,2025,house,28,150000000,123304348,10000000,1300000000,3443526.0,3217951.0,88,2006.0,10.0
池袋駅,2021,land,7,190000000,173833333,49000000,780000000,4200000.0,6728571.0,145,,8.0
池袋駅,2022,land,10,190000000,220500000,43000000,520000000,4350000.0,4900000.0,142,,9.0
池袋駅,2023,land,4,135000000,101333333,34000000,500000000,3350000.0,2766667.0,132,,8.0
池袋駅,2024,land,6,200000000,153200000,72000000,2000000000,3250000.0,3180000.0,170,,11.0
池袋駅,2025,land,5,89000000,73500000,50000000,190000000,3400000.0,3720000.0,70,,11.0
池袋駅,2021,mansion,196,25500000,29470455,9000000,150000000,3448535.0,3343539.0,25,2004.0,9.0
池袋駅,2022,mansion,238,30000000,36982456,7500000,140000000,3579693.0,3595636.0,30,2003.0,8.0
池袋駅,2023,mansion,213,31000000,37405528,8000000,150000000,3415978.0,3460195.0,35,2003.0,8.0
池袋駅,2024,mansion,219,35000000,46452885,9000000,190000000,3746556.0,3639676.0,40,2003.0,8.0
池袋駅,2025,mansion,270,40000000,45950201,3300000,360000000,3996995.0,4151333.0,35,2003.0,8.0
沢井駅,2021,house,2,7650000,7650000,5500000,9800000,202632.0,202632.0,350,1976.0,8.0
沢井駅,2023,house,1,13000000,13000000,13000000,13000000,296381.0,296381.0,225,1988.0,5.0
沢井駅,2024,house,1,4900000,4900000,4900000,4900000,170509.0,170509.0,240,1966.0,10.0
沢井駅,2025,house,2,33500000,33500000,29000000,38000000,611698.0,611698.0,330,2003.0,12.0
沢井駅,2024,land,2,14500000,14500000,12000000,17000000,115000.0,115000.0,425,,2.0
河辺駅,2021,house,77,28000000,25355556,5000000,110000000,859504.0,815399.0,135,2017.0,14.0
河辺駅,2022,house,94,27500000,27722892,4800000,98000000,881543.0,894867.0,130,2016.0,11.0
河辺駅,2023,house,90,28000000,26192771,4500000,340000000,915650.0,907382.0,135,2022.0,15.0
河辺駅,2024,house,71,26000000,25745763,5500000,1100000000,891560.0,829599.0,130,2008.0,14.0
河辺駅,2025,house,91,25000000,23734831,2000000,130000000,779221.0,760704.0,135,2009.0,15.0
河辺駅,2021,land,27,21000000,19024000,4100000,330000000,320000.0,333115.0,185,,14.0
河辺駅,2022,land,25,29000000,28673913,1000000,210000000,460000.0,427840.0,185,,13.0
河辺駅,2023,land,17,40000000,65647059,500000,210000000,350000.0,342941.0,630,,16.0
河辺駅,2024,land,16,26000000,25253333,4000000,99000000,385000.0,410867.0,230,,14.0
河辺駅,2025,land,24,20000000,21526087,1000000,150000000,395000.0,440917.0,172,,15.0
河辺駅,2021,mansion,64,9500000,10317742,1200000,31000000,559441.0,594379.0,60,1992.0,10.0
河辺駅,2022,mansion,76,11000000,10656944,1000000,32000000,636364.0,662754.0,60,1992.0,10.0
河辺駅,2023,mansion,60,11500000,13488333,1900000,29000000,608180.0,733953.0,60,1991.0,10.0
河辺駅,2024,mansion,56,12000000,12694643,2800000,29000000,704216.0,742107.0,60,1992.0,9.0
河辺駅,2025,mansion,98,10000000,10326316,2200000,28000000,612587.0,650545.0,60,1991.0,10.0
沼袋駅,2021,house,47,61000000,56119048,15000000,230000000,2046438.0,1946425.0,70,2014.0,7.0
沼袋駅,2022,house,31,59000000,59000000,8000000,470000000,1922865.0,1891159.0,85,2002.0,8.0
沼袋駅,2023,house,37,68000000,64970588,16000000,530000000,2255712.0,2125002.0,80,2011.0,10.0
沼袋駅,2024,house,42,66500000,65789474,14000000,320000000,2479339.0,2344320.0,80,2012.0,7.0
沼袋駅,2025,house,50,74500000,73184211,18000000,300000000,2466745.0,2520015.0,70,2021.0,8.0
沼袋駅,2021,land,8,79500000,93375000,27000000,180000000,1800000.0,1825000.0,162,,8.0
沼袋駅,2022,land,10,59000000,58888889,37000000,180000000,2000000.0,2037500.0,102,,11.0
沼袋駅,2023,land,16,59500000,60000000,26000000,280000000,2250000.0,2262500.0,82,,6.0
沼袋駅,2024,land,10,68000000,72900000,32000000,130000000,1950000.0,1822222.0,120,,4.0
沼袋駅,2025,land,11,72000000,69600000,26000000,240000000,1700000.0,1762500.0,110,,4.0
沼袋駅,2021,mansion,54,26000000,24276596,4800000,88000000,2536554.0,2387541.0,35,2003.0,8.0
沼袋駅,2022,mansion,41,26000000,27817500,5700000,84000000,2502952.0,2498869.0,40,2000.0,9.0
沼袋駅,2023,mansion,43,33000000,36160465,5000000,90000000,2644628.0,2690920.0,40,2002.0,8.0
沼袋駅,2024,mansion,49,26000000,25526190,5700000,92000000,2699724.0,2634014.0,40,1996.0,8.0
沼袋駅,2025,mansion,69,29000000,34087692,6700000,110000000,2809917.0,2722820.0,45,2000.0,10.0
沼部駅,2021,house,13,63000000,59333333,43000000,110000000,2023140.0,1897130.0,70,2009.0,5.0
沼部駅,2022,house,15,100000000,97666667,18000000,180000000,3305785.0,2913959.0,100,2016.0,3.0
沼部駅,2023,house,9,67000000,71875000,10000000,95000000,2916869.0,2304103.0,85,2007.0,8.0
沼部駅,2024,house,29,63000000,60148148,18000000,220000000,1904132.0,1968658.0,65,1998.0,5.0
沼部駅,2025,house,11,97000000,106900000,50000000,330000000,2809917.0,2867571.0,120,2024.0,10.0
沼部駅,2021,land,6,64500000,67000000,23000000,78000000,2150000.0,2060000.0,80,,4.0
沼部駅,2022,land,4,62000000,68500000,40000000,110000000,2250000.0,2300000.0,92,,4.0
沼部駅,2023,land,3,60000000,69000000,60000000,87000000,2300000.0,2200000.0,105,,5.0
沼部駅,2024,land,1,74000000,74000000,74000000,74000000,2800000.0,2800000.0,85,,5.0
沼部駅,2025,land,2,61000000,61000000,54000000,68000000,2450000.0,2450000.0,82,,6.0
沼部駅,2021,mansion,28,42500000,40925000,6300000,82000000,2217419.0,2240950.0,60,1995.0,6.0
沼部駅,2022,mansion,25,32000000,31900000,7000000,70000000,2380165.0,2258964.0,50,1991.0,6.0
沼部駅,2023,mansion,10,30000000,25800000,4000000,45000000,2435262.0,2425875.0,45,1992.0,6.0
沼部駅,2024,mansion,25,48000000,50340000,7500000,84000000,2644628.0,2684730.0,65,2000.0,6.0
沼部駅,2025,mansion,45,44000000,42875000,11000000,85000000,3005259.0,3280665.0,50,2000.0,6.0
泉体育館駅,2021,house,28,39000000,36000000,4000000,150000000,1428269.0,1313468.0,115,2021.0,13.0
泉体育館駅,2022,house,24,48500000,51391304,29000000,160000000,1851892.0,1842563.0,115,2022.0,11.0
泉体育館駅,2023,house,19,49000000,49315789,21000000,79000000,1705089.0,1748287.0,115,2022.0,11.0
泉体育館駅,2024,house,12,48000000,40863636,9500000,200000000,1366778.0,1377476.0,112,2018.0,10.0
泉体育館駅,2025,house,20,49000000,46600000,25000000,63000000,1705089.0,1675258.0,115,2024.0,15.0
泉体育館駅,2021,land,11,28000000,28111111,24000000,290000000,720000.0,750000.0,120,,13.0
泉体育館駅,2022,land,6,45000000,46333333,24000000,70000000,890000.0,950000.0,170,,10.0
泉体育館駅,2023,land,3,41000000,39666667,15000000,63000000,890000.0,980000.0,100,,3.0
泉体育館駅,2024,land,9,44000000,48222222,23000000,78000000,790000.0,798750.0,195,,12.0
泉体育館駅,2025,land,6,39500000,58250000,8500000,120000000,690000.0,682500.0,148,,12.0
泉体育館駅,2021,mansion,12,11000000,14158333,4000000,26000000,727273.0,779954.0,58,1966.0,8.0
泉体育館駅,2022,mansion,3,13000000,17666667,11000000,29000000,727273.0,937689.0,60,1966.0,9.0
泉体育館駅,2023,mansion,6,21500000,22600000,13000000,25000000,1184573.0,1270223.0,60,1966.0,9.0
泉体育館駅,2024,mansion,3,14000000,12266667,6800000,16000000,925620.0,778963.0,50,1966.0,9.0
泉体育館駅,2025,mansion,15,9800000,8508333,3800000,48000000,606061.0,492209.0,60,1966.0,7.0
泉岳寺駅,2021,house,6,500000000,534000000,84000000,1100000000,4136469.0,4023734.0,102,1993.0,3.0
泉岳寺駅,2022,house,2,186000000,186000000,92000000,280000000,3741659.0,3741659.0,105,2003.0,4.0
泉岳寺駅,2023,house,1,1100000000,1100000000,1100000000,1100000000,5681818.0,5681818.0,180,2023.0,3.0
泉岳寺駅,2024,house,3,170000000,173333333,150000000,200000000,4958678.0,5234160.0,75,2003.0,6.0
泉岳寺駅,2025,house,3,440000000,593333333,140000000,1200000000,6170799.0,6132520.0,290,1992.0,4.0
泉岳寺駅,2022,land,1,5500000000,5500000000,5500000000,5500000000,22000000.0,22000000.0,830,,5.0
泉岳寺駅,2024,land,1,350000000,350000000,350000000,350000000,8500000.0,8500000.0,135,,6.0
泉岳寺駅,2021,mansion,43,36000000,41780488,10000000,160000000,3526171.0,3522813.0,35,1998.0,3.0
泉岳寺駅,2022,mansion,39,50000000,64051282,13000000,160000000,3801653.0,3796916.0,50,1998.0,4.0
泉岳寺駅,2023,mansion,53,58000000,71773585,17000000,170000000,4099173.0,4254393.0,55,1998.0,4.0
泉岳寺駅,2024,mansion,68,50000000,65848485,13000000,380000000,3758423.0,4103846.0,50,1987.0,4.0
泉岳寺駅,2025,mansion,69,57000000,60838710,18000000,240000000,4526383.0,4541773.0,45,1998.0,4.0
洗足池駅,2021,house,26,87000000,86153846,21000000,150000000,2500898.0,2371853.0,110,2008.0,8.0
洗足池駅,2022,house,18,89000000,84176471,25000000,460000000,2401044.0,2517183.0,110,2018.0,10.0
洗足池駅,2023,house,19,60000000,58823529,35000000,370000000,2396694.0,2490330.0,65,2022.0,11.0
洗足池駅,2024,house,27,74000000,83080000,34000000,1200000000,2685950.0,2590604.0,95,2012.0,10.0
洗足池駅,2025,house,31,82000000,81928571,33000000,1100000000,2664074.0,2606668.0,85,2025.0,10.0
洗足池駅,2021,land,6,59500000,58800000,37000000,63000000,1900000.0,2016667.0,100,,5.0
洗足池駅,2022,land,2,44500000,44500000,29000000,60000000,2450000.0,2450000.0,58,,12.0
洗足池駅,2023,land,11,100000000,131454545,30000000,300000000,2600000.0,2500000.0,160,,6.0
洗足池駅,2024,land,10,81000000,104700000,54000000,200000000,2250000.0,2344444.0,112,,8.0
洗足池駅,2025,land,12,58500000,68000000,33000000,310000000,2100000.0,2311667.0,102,,12.0
洗足池駅,2021,mansion,45,53000000,43755556,11000000,80000000,2644628.0,2617309.0,60,2005.0,6.0
洗足池駅,2022,mansion,20,46500000,42020000,6300000,75000000,2548209.0,2550395.0,65,1999.0,12.0
洗足池駅,2023,mansion,16,55500000,52125000,14000000,110000000,3151515.0,3051326.0,62,2010.0,5.0
洗足池駅,2024,mansion,27,52000000,54518519,16000000,95000000,3122130.0,3050627.0,60,2002.0,5.0
洗足池駅,2025,mansion,39,58000000,55576923,6700000,98000000,3185575.0,3033562.0,65,2002.0,8.0
洗足駅,2021,house,19,95000000,127315789,40000000,320000000,2644628.0,2990343.0,115,2009.0,9.0
洗足駅,2022,house,18,109500000,106823529,34000000,400000000,3272727.0,3201367.0,110,2014.0,6.0
洗足駅,2023,house,19,100000000,144368421,58000000,350000000,3223140.0,3011651.0,100,2012.0,5.0
洗足駅,2024,house,17,130000000,111142857,36000000,2300000000,3236190.0,3514114.0,105,2002.0,7.0
洗足駅,2025,house,24,120000000,124350000,37000000,500000000,3445712.0,3540031.0,102,2006.0,6.0
洗足駅,2021,land,11,85000000,86333333,52000000,360000000,2600000.0,2390909.0,125,,10.0
洗足駅,2022,land,8,103500000,122714286,32000000,600000000,2700000.0,2700000.0,150,,6.0
洗足駅,2023,land,7,89000000,94000000,70000000,260000000,3300000.0,3071429.0,105,,6.0
洗足駅,2024,land,9,160000000,140000000,69000000,390000000,3200000.0,3288889.0,145,,5.0
洗足駅,2025,land,6,99000000,124333333,90000000,190000000,3100000.0,3016667.0,138,,4.0
洗足駅,2021,mansion,22,61500000,55727273,13000000,120000000,3195592.0,3107773.0,65,2007.0,8.0
洗足駅,2022,mansion,25,48000000,49320000,12000000,96000000,3173554.0,3245493.0,50,2004.0,8.0
洗足駅,2023,mansion,15,71000000,54913333,8700000,90000000,3911846.0,3875480.0,55,2009.0,6.0
洗足駅,2024,mansion,19,47000000,47368421,11000000,90000000,2824944.0,2897841.0,55,1984.0,4.0
洗足駅,2025,mansion,24,35000000,45625000,10000000,120000000,2980716.0,3090438.0,42,1986.0,3.0
流通センター駅,2021,house,3,240000000,293333333,190000000,450000000,680603.0,680603.0,720,1993.0,20.0
流通センター駅,2022,house,3,140000000,381666667,85000000,920000000,1186692.0,1170062.0,330,1990.0,20.0
流通センター駅,2023,house,3,390000000,383333333,260000000,500000000,1329130.0,1343399.0,790,1991.0,7.0
流通センター駅,2024,house,2,1350000000,1350000000,1300000000,1400000000,2231405.0,2231405.0,1800,1991.0,
流通センター駅,2025,house,1,530000000,530000000,530000000,530000000,3575645.0,3575645.0,800,1987.0,
流通センター駅,2022,land,2,825000000,825000000,550000000,1100000000,1450000.0,1450000.0,1500,,
流通センター駅,2025,land,1,160000000,160000000,160000000,160000000,1500000.0,1500000.0,350,,18.0
浅草橋駅,2021,house,8,195000000,166714286,46000000,540000000,1886376.0,1445037.0,120,1972.0,4.0
浅草橋駅,2022,house,9,330000000,396375000,54000000,4500000000,2452661.0,2276648.0,115,2005.0,4.0
浅草橋駅,2023,house,20,125000000,99000000,26000000,1500000000,2121212.0,2203309.0,65,1981.0,4.0
浅草橋駅,2024,house,17,300000000,270400000,26000000,1800000000,2769712.0,2588183.0,100,1986.0,3.0
浅草橋駅,2025,house,15,180000000,202428571,26000000,830000000,4265529.0,4206646.0,85,1970.0,4.0
浅草橋駅,2021,land,2,94500000,94500000,59000000,130000000,4300000.0,4300000.0,70,,6.0
浅草橋駅,2022,land,4,165000000,192500000,110000000,330000000,5650000.0,5500000.0,105,,6.0
浅草橋駅,2023,land,3,100000000,275000000,85000000,640000000,5900000.0,5966667.0,60,,3.0
浅草橋駅,2024,land,4,215000000,183333333,120000000,710000000,6500000.0,6900000.0,115,,4.0
浅草橋駅,2021,mansion,68,36500000,37215625,9800000,110000000,3198347.0,3077946.0,40,2006.0,5.0
浅草橋駅,2022,mansion,100,41000000,43515464,14000000,130000000,3454545.0,3373714.0,45,2008.0,5.0
浅草橋駅,2023,mansion,93,48000000,47172043,12000000,96000000,3661793.0,3641269.0,40,2008.0,5.0
浅草橋駅,2024,mansion,78,44000000,49414286,9900000,130000000,3906837.0,3734589.0,45,2007.0,5.0
浅草橋駅,2025,mansion,78,45000000,46157895,9000000,140000000,3845730.0,4000344.0,35,2006.0,5.0
浅草駅,2021,house,30,107500000,162185185,27000000,2800000000,1983471.0,2226570.0,95,1982.0,9.0
浅草駅,2022,house,28,86500000,149230769,30000000,1600000000,1967729.0,1822424.0,78,1985.0,12.0
浅草駅,2023,house,26,120000000,154217391,21000000,2700000000,1870643.0,1747378.0,82,1989.0,11.0
浅草駅,2024,house,37,140000000,141354839,11000000,2300000000,3148367.0,2978020.0,85,1985.0,7.0
浅草駅,2025,house,25,180000000,156681818,41000000,1300000000,2433205.0,2387190.0,80,1981.0,9.0
浅草駅,2021,land,12,87500000,90166667,38000000,190000000,2900000.0,2830000.0,88,,8.0
浅草駅,2022,land,12,69500000,129000000,16000000,1700000000,2800000.0,4290833.0,82,,12.0
浅草駅,2023,land,10,120000000,127333333,39000000,620000000,3600000.0,4480000.0,85,,6.0
浅草駅,2024,land,17,250000000,237937500,40000000,1300000000,4400000.0,5042857.0,95,,7.0
浅草駅,2025,land,13,94000000,117636364,30000000,460000000,4400000.0,4675000.0,95,,9.0
浅草駅,2021,mansion,193,36000000,38185864,6500000,140000000,2938476.0,2904616.0,45,2009.0,6.0
浅草駅,2022,mansion,180,35500000,40571111,6500000,93000000,3158861.0,3079062.0,42,2008.0,6.0
浅草駅,2023,mansion,241,42000000,45287234,7500000,390000000,3360881.0,3323421.0,45,2009.0,6.0
浅草駅,2024,mansion,209,44000000,46834804,9300000,140000000,3494687.0,3437357.0,45,2009.0,5.0
浅草駅,2025,mansion,270,49500000,49238189,9500000,200000000,3678342.0,3746791.0,45,2009.0,6.0
浜松町駅,2021,house,2,315000000,315000000,210000000,420000000,2776859.0,2776859.0,88,1986.0,2.0
浜松町駅,2022,house,5,230000000,220000000,90000000,1300000000,5430932.0,4358367.0,70,1999.0,4.0
浜松町駅,2023,house,3,1200000000,1206666667,320000000,2100000000,4231405.0,5336813.0,310,1991.0,4.0
浜松町駅,2024,house,1,260000000,260000000,260000000,260000000,3906837.0,3906837.0,55,1986.0,3.0
浜松町駅,2025,house,1,400000000,400000000,400000000,400000000,3889159.0,3889159.0,80,1997.0,3.0
浜松町駅,2021,land,2,83500000,83500000,77000000,90000000,7450000.0,7450000.0,35,,3.0
浜松町駅,2022,land,1,1400000000,1400000000,1400000000,1400000000,10000000.0,10000000.0,460,,6.0
浜松町駅,2023,land,2,120000000,120000000,110000000,130000000,10000000.0,10000000.0,38,,2.0
浜松町駅,2024,land,1,250000000,250000000,250000000,250000000,13000000.0,13000000.0,65,,4.0
浜松町駅,2025,land,2,154500000,154500000,89000000,220000000,11850000.0,11850000.0,42,,6.0
浜松町駅,2021,mansion,80,61500000,67688312,13000000,190000000,4542565.0,4571645.0,45,2007.0,6.0
浜松町駅,2022,mansion,59,62000000,59849057,11000000,250000000,4554637.0,5060275.0,35,2007.0,5.0
浜松町駅,2023,mansion,57,62000000,62843137,14000000,3600000000,4848485.0,4703350.0,50,2007.0,6.0
浜松町駅,2024,mansion,99,75000000,83021277,12000000,460000000,6479339.0,6134588.0,45,2019.0,6.0
浜松町駅,2025,mansion,94,115000000,167175824,12000000,740000000,8573245.0,10093981.0,48,2019.0,5.0
浜田山駅,2021,house,39,78000000,82647059,34000000,620000000,2578512.0,2626082.0,125,2011.0,12.0
浜田山駅,2022,house,29,82000000,95724138,16000000,190000000,2865014.0,2864887.0,115,2010.0,10.0
浜田山駅,2023,house,26,105000000,91208333,22000000,970000000,3305785.0,3091738.0,108,2017.0,10.0
浜田山駅,2024,house,32,83500000,85033333,23000000,700000000,3191792.0,2981024.0,110,2012.0,10.0
浜田山駅,2025,house,40,86000000,93000000,45000000,500000000,3228650.0,3249518.0,102,2015.0,13.0
浜田山駅,2021,land,12,82500000,72300000,44000000,240000000,1650000.0,1725000.0,158,,12.0
浜田山駅,2022,land,13,70000000,73000000,60000000,200000000,2100000.0,2246154.0,100,,8.0
浜田山駅,2023,land,4,53500000,50750000,11000000,85000000,1750000.0,1772500.0,98,,10.0
浜田山駅,2024,land,7,110000000,118285714,44000000,230000000,1900000.0,1833333.0,175,,9.0
浜田山駅,2025,land,10,120000000,99125000,30000000,490000000,2350000.0,2288889.0,185,,7.0
浜田山駅,2021,mansion,57,73000000,78907407,7000000,210000000,3305785.0,3234509.0,75,2005.0,7.0
浜田山駅,2022,mansion,54,71000000,69865385,11000000,170000000,3373475.0,3366678.0,70,2005.0,7.0
浜田山駅,2023,mansion,40,77500000,79256410,20000000,180000000,3572919.0,3623456.0,75,2005.0,7.0
浜田山駅,2024,mansion,51,88000000,84921277,7300000,1400000000,3878788.0,3864433.0,75,2005.0,7.0
浜田山駅,2025,mansion,70,105000000,110126471,9600000,300000000,4634002.0,4688713.0,80,2005.0,7.0
浜町駅,2021,house,4,605000000,516666667,340000000,2200000000,3636364.0,3656908.0,118,2022.0,3.0
浜町駅,2023,house,1,1800000000,1800000000,1800000000,1800000000,4250295.0,4250295.0,220,2023.0,3.0
浜町駅,2024,house,6,205000000,186000000,110000000,340000000,2443406.0,2475746.0,78,1990.0,2.0
浜町駅,2025,house,2,475000000,475000000,200000000,750000000,3541912.0,3541912.0,98,1994.0,3.0
浜町駅,2024,land,1,110000000,110000000,110000000,110000000,6700000.0,6700000.0,55,,3.0
浜町駅,2021,mansion,118,42000000,45447368,11000000,160000000,3636364.0,3621332.0,40,2006.0,3.0
浜町駅,2022,mansion,87,50000000,56149425,11000000,120000000,3846732.0,3841695.0,45,2007.0,3.0
浜町駅,2023,mansion,104,54000000,56040404,10000000,140000000,3990555.0,4024759.0,45,2005.0,4.0
浜町駅,2024,mansion,103,58000000,64504854,10000000,170000000,4407713.0,4372715.0,45,2004.0,3.0
浜町駅,2025,mansion,101,83000000,85445545,13000000,190000000,5594405.0,5453024.0,50,2009.0,3.0
浦安駅,2021,house,1,54000000,54000000,54000000,54000000,1785124.0,1785124.0,130,2015.0,20.0
浦安駅,2022,house,1,37000000,37000000,37000000,37000000,1223140.0,1223140.0,90,2003.0,15.0
浦安駅,2023,house,1,45000000,45000000,45000000,45000000,,,120,,15.0
浦安駅,2024,house,1,36000000,36000000,36000000,36000000,1830896.0,1830896.0,40,2024.0,15.0
浮間舟渡駅,2021,house,8,54000000,59714286,34000000,800000000,1870982.0,1858704.0,70,2021.0,10.0
浮間舟渡駅,2022,house,14,58000000,61272727,16000000,740000000,1607519.0,1453831.0,98,2012.0,10.0
浮間舟渡駅,2023,house,15,51000000,51333333,19000000,1200000000,1683593.0,1553896.0,95,2000.0,10.0
浮間舟渡駅,2024,house,8,64000000,76000000,36000000,120000000,1818182.0,1643620.0,100,2008.0,10.0
浮間舟渡駅,2025,house,12,57500000,50200000,17000000,420000000,1788272.0,1693679.0,82,2012.0,10.0
浮間舟渡駅,2021,land,3,98000000,101333333,86000000,120000000,1200000.0,1233333.0,250,,9.0
浮間舟渡駅,2022,land,5,46000000,48600000,30000000,65000000,2000000.0,1900000.0,75,,9.0
浮間舟渡駅,2023,land,2,185000000,185000000,110000000,260000000,1750000.0,1750000.0,345,,8.0
浮間舟渡駅,2024,land,2,96500000,96500000,53000000,140000000,1900000.0,1900000.0,165,,6.0
浮間舟渡駅,2025,land,4,121500000,95000000,42000000,2600000000,1750000.0,1666667.0,260,,9.0
浮間舟渡駅,2021,mansion,77,34000000,32947368,12000000,45000000,1936246.0,1912003.0,60,2008.0,7.0
浮間舟渡駅,2022,mansion,60,33500000,33133333,12000000,50000000,2063754.0,2013063.0,58,2007.0,7.0
浮間舟渡駅,2023,mansion,59,37000000,38206897,4000000,62000000,2159780.0,2176733.0,65,2006.0,8.0
浮間舟渡駅,2024,mansion,65,40000000,39984615,19000000,63000000,2237762.0,2177346.0,65,2008.0,8.0
浮間舟渡駅,2025,mansion,79,43000000,40750633,7300000,80000000,2424242.0,2404526.0,60,2009.0,8.0
淡路町駅,2021,house,1,780000000,780000000,780000000,780000000,4775023.0,4775023.0,100,2022.0,2.0
淡路町駅,2023,house,1,520000000,520000000,520000000,520000000,3820018.0,3820018.0,60,1986.0,0.0
淡路町駅,2025,house,1,530000000,530000000,530000000,530000000,6738716.0,6738716.0,50,2020.0,3.0
淡路町駅,2021,land,1,110000000,110000000,110000000,110000000,11000000.0,11000000.0,30,,1.0
淡路町駅,2022,land,1,180000000,180000000,180000000,180000000,11000000.0,11000000.0,55,,2.0
淡路町駅,2021,mansion,24,41500000,43090909,24000000,98000000,4533648.0,4610176.0,30,2016.0,2.0
淡路町駅,2022,mansion,22,59500000,63904762,26000000,220000000,4866850.0,4855373.0,40,2015.0,2.0
淡路町駅,2023,mansion,15,70000000,70866667,28000000,120000000,5179063.0,5172769.0,50,2015.0,2.0
淡路町駅,2024,mansion,16,66000000,62812500,27000000,100000000,5298439.0,5030221.0,40,2010.0,2.0
淡路町駅,2025,mansion,17,73000000,79333333,26000000,280000000,6446281.0,6784471.0,35,2015.0,2.0
淵野辺駅,2021,house,44,32000000,29452381,8000000,63000000,1044517.0,972871.0,152,2008.0,21.0
淵野辺駅,2022,house,40,34000000,32381579,9500000,68000000,925620.0,992222.0,145,2006.0,23.0
淵野辺駅,2023,house,41,31000000,31435897,16000000,320000000,1024793.0,979869.0,155,2004.0,25.0
淵野辺駅,2024,house,39,34000000,33472222,16000000,710000000,1157025.0,1112601.0,145,2008.0,24.0
淵野辺駅,2025,house,76,35000000,34085714,2500000,120000000,1123967.0,1081341.0,140,2025.0,24.0
淵野辺駅,2021,land,12,21000000,19090000,1900000,55000000,415000.0,393333.0,142,,20.0
淵野辺駅,2022,land,29,23000000,27319231,1800000,150000000,360000.0,351621.0,180,,25.0
淵野辺駅,2023,land,14,34000000,32083333,15000000,170000000,340000.0,346429.0,270,,23.0
淵野辺駅,2024,land,20,24000000,26300000,5000000,44000000,435000.0,387895.0,180,,26.0
淵野辺駅,2025,land,14,26500000,24169231,5200000,100000000,275000.0,305786.0,250,,24.0
淵野辺駅,2021,mansion,10,14500000,14800000,8800000,20000000,678556.0,695257.0,90,1986.0,
淵野辺駅,2022,mansion,3,9500000,9233333,2200000,16000000,484848.0,630548.0,50,1988.0,29.0
淵野辺駅,2023,mansion,4,15000000,14975000,5900000,24000000,626359.0,638593.0,78,1990.0,
淵野辺駅,2024,mansion,9,14000000,14300000,9200000,22000000,578512.0,543902.0,80,1986.0,19.0
淵野辺駅,2025,mansion,4,15000000,16450000,9800000,26000000,673143.0,742711.0,82,1989.0,
清澄白河駅,2021,house,12,63500000,62000000,18000000,1000000000,2372387.0,2181251.0,82,1999.0,6.0
清澄白河駅,2022,house,14,92500000,106363636,20000000,1800000000,2848061.0,2513913.0,120,1998.0,6.0
清澄白河駅,2023,house,15,84000000,162153846,53000000,1300000000,3458360.0,3711993.0,65,2015.0,5.0
清澄白河駅,2024,house,16,100000000,105133333,10000000,380000000,2778091.0,2561287.0,78,1994.0,6.0
清澄白河駅,2025,house,19,120000000,166500000,50000000,740000000,2942848.0,3047063.0,70,1997.0,6.0
清澄白河駅,2021,land,8,170000000,157714286,45000000,950000000,2750000.0,2887500.0,210,,8.0
清澄白河駅,2022,land,2,41500000,41500000,13000000,70000000,1835000.0,1835000.0,110,,12.0
清澄白河駅,2023,land,4,72000000,68250000,40000000,89000000,4400000.0,4475000.0,50,,4.0
清澄白河駅,2024,land,3,70000000,312000000,56000000,810000000,3700000.0,4433333.0,65,,4.0
清澄白河駅,2025,land,4,95000000,140750000,43000000,330000000,5000000.0,4875000.0,68,,5.0
清澄白河駅,2021,mansion,149,55000000,54630872,20000000,94000000,3211334.0,3128200.0,65,2008.0,7.0
清澄白河駅,2022,mansion,143,64000000,59426573,18000000,120000000,3458360.0,3375975.0,65,2010.0,7.0
清澄白河駅,2023,mansion,146,65000000,61869863,20000000,130000000,3569051.0,3434549.0,65,2005.0,6.0
清澄白河駅,2024,mansion,145,62000000,63255172,14000000,140000000,3834711.0,3699610.0,60,2006.0,7.0
清澄白河駅,2025,mansion,171,69000000,70970414,12000000,220000000,4187328.0,4248663.0,60,2006.0,7.0
清瀬駅,2021,house,168,36000000,36038710,1400000,130000000,1217921.0,1213582.0,120,2020.0,18.0
清瀬駅,2022,house,100,40000000,40822917,5600000,370000000,1322314.0,1339472.0,120,2020.0,15.0
清瀬駅,2023,house,93,40000000,40858065,8800000,72000000,1353798.0,1371540.0,120,2022.0,15.0
清瀬駅,2024,house,129,37000000,36283465,7000000,120000000,1290830.0,1257735.0,120,2019.0,15.0
清瀬駅,2025,house,173,43000000,42672727,3500000,300000000,1446281.0,1403662.0,120,2024.0,15.0
清瀬駅,2021,land,44,25000000,31210000,4400000,240000000,615000.0,585854.0,122,,18.0
清瀬駅,2022,land,36,44500000,44774194,8000000,860000000,795000.0,758000.0,148,,15.0
清瀬駅,2023,land,39,40000000,45077778,800000,340000000,800000.0,732285.0,135,,15.0
清瀬駅,2024,land,30,32000000,33464286,12000000,260000000,755000.0,760690.0,125,,14.0
清瀬駅,2025,land,17,37000000,34384615,12000000,290000000,770000.0,786471.0,130,,19.0
清瀬駅,2021,mansion,86,28000000,23702326,3500000,44000000,1239345.0,1212271.0,65,1995.0,6.0
清瀬駅,2022,mansion,82,23000000,23374390,2900000,47000000,1163382.0,1165840.0,65,1994.0,7.0
清瀬駅,2023,mansion,78,21500000,21158974,1500000,43000000,1108815.0,1097205.0,60,1992.0,8.0
清瀬駅,2024,mansion,80,24000000,22671250,2000000,49000000,1173693.0,1117029.0,65,1991.0,5.0
清瀬駅,2025,mansion,73,27000000,28373288,250000,62000000,1344353.0,1360879.0,65,1998.0,4.0
渋谷駅,2021,house,12,590000000,560000000,50000000,1200000000,7162534.0,9047669.0,100,1989.0,8.0
渋谷駅,2022,house,6,1350000000,1268000000,380000000,6100000000,9466566.0,9955105.0,255,1984.0,8.0
渋谷駅,2023,house,9,520000000,565000000,320000000,2000000000,4958678.0,4939249.0,165,2005.0,12.0
渋谷駅,2024,house,14,600000000,767923077,73000000,3500000000,6792709.0,6003413.0,112,1998.0,9.0
渋谷駅,2025,house,21,990000000,1661666667,140000000,13000000000,7813674.0,7828014.0,165,1991.0,9.0
渋谷駅,2021,land,7,280000000,273428571,54000000,590000000,7000000.0,6842857.0,105,,9.0
渋谷駅,2022,land,2,650000000,650000000,400000000,900000000,12500000.0,12500000.0,178,,10.0
渋谷駅,2023,land,2,1910000000,1910000000,320000000,3500000000,17900000.0,17900000.0,278,,8.0
渋谷駅,2024,land,8,290000000,239714286,78000000,4100000000,9100000.0,10062500.0,75,,8.0
渋谷駅,2025,land,2,725000000,725000000,700000000,750000000,13350000.0,13350000.0,215,,11.0
渋谷駅,2021,mansion,166,46000000,53296053,13000000,580000000,3801653.0,4004285.0,45,1997.0,7.0
渋谷駅,2022,mansion,152,60000000,66546099,12000000,810000000,4729815.0,5176969.0,40,2001.0,8.0
渋谷駅,2023,mansion,133,63000000,74333333,6000000,530000000,4533648.0,4912934.0,50,1999.0,8.0
渋谷駅,2024,mansion,148,75000000,88266187,14000000,540000000,5482093.0,6086908.0,45,2002.0,8.0
渋谷駅,2025,mansion,182,94500000,103464912,8500000,2100000000,6528925.0,6763843.0,45,2002.0,8.0
湯島駅,2021,house,1,130000000,130000000,130000000,130000000,1074380.0,1074380.0,65,1983.0,1.0
湯島駅,2022,house,9,250000000,433888889,40000000,1200000000,2203857.0,2837918.0,130,1985.0,3.0
湯島駅,2023,house,6,630000000,506333333,88000000,790000000,4230284.0,3374302.0,138,1964.0,2.0
湯島駅,2024,house,11,130000000,127500000,12000000,450000000,2261853.0,2637284.0,55,1991.0,4.0
湯島駅,2025,house,7,580000000,423333333,80000000,1600000000,4916296.0,4658105.0,95,1987.0,2.0
湯島駅,2021,land,1,160000000,160000000,160000000,160000000,6700000.0,6700000.0,80,,2.0
湯島駅,2022,land,1,100000000,100000000,100000000,100000000,5100000.0,5100000.0,65,,1.0
湯島駅,2023,land,2,170000000,170000000,140000000,200000000,7100000.0,7100000.0,80,,4.0
湯島駅,2024,land,1,150000000,150000000,150000000,150000000,7200000.0,7200000.0,70,,6.0
湯島駅,2025,land,1,190000000,190000000,190000000,190000000,5000000.0,5000000.0,125,,6.0
湯島駅,2021,mansion,80,57500000,60974684,13000000,230000000,4259377.0,4065900.0,50,2010.0,4.0
湯島駅,2022,mansion,82,55500000,59646341,12000000,170000000,4297520.0,4066776.0,45,2009.0,4.0
湯島駅,2023,mansion,66,59000000,60318182,18000000,140000000,4386522.0,4131491.0,50,2008.0,4.0
湯島駅,2024,mansion,66,64500000,75303030,13000000,210000000,4451003.0,4662030.0,45,2006.0,3.0
湯島駅,2025,mansion,83,63000000,81662651,16000000,280000000,5068870.0,5261342.0,45,2008.0,4.0
溜池山王駅,2021,house,2,1590000000,1590000000,380000000,2800000000,4795893.0,4795893.0,170,1984.0,2.0
溜池山王駅,2022,house,1,620000000,620000000,620000000,620000000,3359978.0,3359978.0,165,1980.0,4.0
溜池山王駅,2024,house,2,3225000000,3225000000,550000000,5900000000,8372536.0,8372536.0,295,1996.0,3.0
溜池山王駅,2025,house,4,1730000000,1905000000,460000000,3700000000,9269162.0,8383298.0,160,2022.0,2.0
溜池山王駅,2022,land,1,70000000,70000000,70000000,70000000,4600000.0,4600000.0,50,,4.0
溜池山王駅,2021,mansion,9,35000000,55250000,19000000,360000000,4628099.0,4557698.0,30,1998.0,3.0
溜池山王駅,2022,mansion,13,41000000,36750000,20000000,210000000,3872491.0,3805084.0,35,1998.0,4.0
溜池山王駅,2023,mansion,18,160000000,156388889,15000000,360000000,5330578.0,6267374.0,80,1998.0,3.0
溜池山王駅,2024,mansion,26,100000000,129260870,18000000,880000000,6469894.0,7774137.0,55,1998.0,4.0
溜池山王駅,2025,mansion,15,87000000,183533333,23000000,470000000,6611570.0,7882271.0,40,1999.0,3.0
滝野川一丁目駅,2021,house,4,57500000,47666667,28000000,170000000,2112029.0,2025099.0,60,1997.0,2.0
滝野川一丁目駅,2022,house,1,61000000,61000000,61000000,61000000,2240588.0,2240588.0,50,2022.0,5.0
滝野川一丁目駅,2023,house,1,55000000,55000000,55000000,55000000,956938.0,956938.0,140,1966.0,5.0
滝野川一丁目駅,2024,house,3,76000000,95666667,61000000,150000000,2392759.0,2381027.0,75,2000.0,3.0
滝野川一丁目駅,2025,house,4,59000000,85250000,13000000,210000000,1996351.0,1799077.0,72,2019.0,6.0
滝野川一丁目駅,2021,land,1,57000000,57000000,57000000,57000000,2200000.0,2200000.0,85,,1.0
滝野川一丁目駅,2023,land,2,100000000,100000000,80000000,120000000,3000000.0,3000000.0,125,,3.0
滝野川一丁目駅,2024,land,3,48000000,45000000,30000000,57000000,2600000.0,2083333.0,75,,3.0
滝野川一丁目駅,2025,land,1,57000000,57000000,57000000,57000000,970000.0,970000.0,195,,2.0
滝野川一丁目駅,2021,mansion,6,34500000,38666667,18000000,70000000,2512397.0,2558769.0,42,2007.0,4.0
滝野川一丁目駅,2022,mansion,2,43000000,43000000,22000000,64000000,2776859.0,2776859.0,52,2007.0,4.0
滝野川一丁目駅,2023,mansion,3,48000000,44333333,20000000,65000000,2441195.0,2377420.0,65,2006.0,4.0
滝野川一丁目駅,2024,mansion,4,76000000,79666667,60000000,87000000,3095995.0,3104471.0,78,2001.0,2.0
滝野川一丁目駅,2025,mansion,4,58000000,54500000,17000000,85000000,3095417.0,3046331.0,58,2003.0,4.0
潮見駅,2021,house,5,59000000,58200000,53000000,66000000,1785124.0,1815427.0,60,2004.0,8.0
潮見駅,2022,house,1,160000000,160000000,160000000,160000000,,,280,1970.0,14.0
潮見駅,2023,house,5,59000000,39375000,7500000,480000000,1857536.0,1647282.0,60,2005.0,14.0
潮見駅,2024,house,4,106500000,95000000,72000000,1000000000,2096631.0,2122695.0,105,2004.0,10.0
潮見駅,2025,house,5,75000000,71333333,4200000,100000000000,2167126.0,1845996.0,65,2001.0,11.0
潮見駅,2024,land,2,57000000,57000000,43000000,71000000,2800000.0,2800000.0,68,,5.0
潮見駅,2025,land,2,96000000,96000000,72000000,120000000,3400000.0,3400000.0,92,,6.0
潮見駅,2021,mansion,41,37000000,38536585,19000000,58000000,2061254.0,2028553.0,70,2002.0,7.0
潮見駅,2022,mansion,38,44000000,41921053,20000000,64000000,2210339.0,2312293.0,70,2000.0,6.0
潮見駅,2023,mansion,38,45000000,41789474,12000000,73000000,2597402.0,2567929.0,70,2002.0,6.0
潮見駅,2024,mansion,46,46500000,45043478,15000000,69000000,2556080.0,2682598.0,65,1999.0,4.0
潮見駅,2025,mansion,53,50000000,51365385,26000000,160000000,3041322.0,3020473.0,65,2002.0,4.0
熊川駅,2021,house,17,33000000,31823529,22000000,38000000,1183123.0,1171441.0,125,2021.0,11.0
熊川駅,2022,house,10,39500000,36900000,24000000,46000000,1201392.0,1107534.0,132,2022.0,7.0
熊川駅,2023,house,10,31500000,31500000,24000000,38000000,1096129.0,1131069.0,128,2023.0,12.0
熊川駅,2024,house,16,29500000,26614286,8800000,110000000,1007477.0,939124.0,115,2010.0,8.0
熊川駅,2025,house,9,35000000,38285714,15000000,43000000,1101928.0,1198269.0,115,2008.0,10.0
熊川駅,2021,land,1,21000000,21000000,21000000,21000000,350000.0,350000.0,200,,4.0
熊川駅,2022,land,1,28000000,28000000,28000000,28000000,420000.0,420000.0,220,,5.0
熊川駅,2023,land,2,46000000,46000000,19000000,73000000,520000.0,520000.0,285,,10.0
熊川駅,2024,land,5,23000000,24000000,18000000,120000000,380000.0,440000.0,165,,8.0
熊川駅,2025,land,3,26000000,25333333,20000000,30000000,600000.0,550000.0,160,,4.0
熊野前駅,2021,house,12,51500000,52416667,42000000,67000000,1779113.0,1659111.0,62,2021.0,6.0
熊野前駅,2022,house,13,54000000,49636364,29000000,120000000,2018269.0,1983813.0,60,2022.0,5.0
熊野前駅,2023,house,11,49000000,49000000,15000000,180000000,1799816.0,1675456.0,70,2013.0,6.0
熊野前駅,2024,house,4,44000000,37275000,3100000,58000000,982553.0,1106444.0,68,1991.0,6.0
熊野前駅,2025,house,7,71000000,86571429,44000000,150000000,1826053.0,1914633.0,95,2010.0,5.0
熊野前駅,2021,land,6,24500000,47000000,11000000,120000000,1150000.0,1201667.0,90,,5.0
熊野前駅,2022,land,5,24000000,23500000,17000000,47000000,1900000.0,1933333.0,50,,9.0
熊野前駅,2023,land,9,46000000,46500000,22000000,160000000,1900000.0,1875000.0,90,,4.0
熊野前駅,2024,land,4,79000000,69333333,50000000,400000000,1850000.0,1700000.0,165,,4.0
熊野前駅,2025,land,5,66000000,74250000,50000000,460000000,2000000.0,1850000.0,100,,4.0
熊野前駅,2021,mansion,13,41000000,36923077,15000000,51000000,2085187.0,2135319.0,65,2009.0,4.0
熊野前駅,2022,mansion,17,29000000,33352941,11000000,53000000,2336088.0,2364347.0,55,2014.0,3.0
熊野前駅,2023,mansion,21,33000000,34857143,11000000,58000000,2181818.0,2135138.0,60,2005.0,4.0
熊野前駅,2024,mansion,19,41000000,37947368,11000000,61000000,2314050.0,2288430.0,60,2008.0,5.0
熊野前駅,2025,mansion,24,39500000,37000000,5000000,61000000,2430600.0,2323756.0,55,2005.0,4.0
片倉駅,2021,house,14,38500000,38083333,25000000,210000000,1017165.0,1057673.0,202,1998.0,11.0
片倉駅,2022,house,21,37000000,35900000,17000000,81000000,1275088.0,1162619.0,165,2007.0,10.0
片倉駅,2023,house,22,38500000,38761905,16000000,140000000,1287516.0,1218611.0,175,2010.0,10.0
片倉駅,2024,house,15,30000000,31307692,11000000,1100000000,959744.0,957186.0,190,2006.0,10.0
片倉駅,2025,house,18,39500000,38764706,8300000,52000000,1069234.0,1069203.0,198,2008.0,12.0
片倉駅,2021,land,9,25000000,22555556,4000000,36000000,370000.0,354667.0,200,,8.0
片倉駅,2022,land,7,28000000,27666667,23000000,250000000,650000.0,618571.0,165,,8.0
片倉駅,2023,land,5,29000000,23400000,12000000,30000000,500000.0,472000.0,175,,8.0
片倉駅,2024,land,7,28000000,28166667,25000000,36000000,410000.0,407143.0,220,,13.0
片倉駅,2025,land,6,27500000,27500000,25000000,36000000,600000.0,581667.0,165,,13.0
片倉駅,2021,mansion,3,33000000,31333333,28000000,33000000,1283422.0,1245341.0,85,2003.0,9.0
片倉駅,2022,mansion,3,3700000,4466667,3000000,6700000,611570.0,738292.0,20,1990.0,2.0
片倉駅,2023,mansion,2,11500000,11500000,7000000,16000000,1059354.0,1059354.0,38,1996.0,8.0
片倉駅,2024,mansion,2,7200000,7200000,6700000,7700000,1190083.0,1190083.0,20,1993.0,10.0
片倉駅,2025,mansion,4,13050000,14125000,4400000,26000000,988981.0,999213.0,45,1993.0,10.0
牛浜駅,2021,house,19,29000000,26842105,10000000,54000000,878576.0,935672.0,115,2003.0,10.0
牛浜駅,2022,house,16,29000000,28968750,5000000,63000000,1024793.0,908631.0,110,1996.0,11.0
牛浜駅,2023,house,18,25500000,28187500,12000000,200000000,892562.0,1022602.0,120,1998.0,10.0
牛浜駅,2024,house,17,40000000,38787500,7600000,150000000,1166748.0,1145018.0,130,2019.0,8.0
牛浜駅,2025,house,17,33000000,37033333,6500000,120000000,1066116.0,1068842.0,150,2006.0,9.0
牛浜駅,2021,land,1,24000000,24000000,24000000,24000000,570000.0,570000.0,140,,11.0
牛浜駅,2022,land,1,12000000,12000000,12000000,12000000,380000.0,380000.0,105,,11.0
牛浜駅,2023,land,7,26000000,35785714,6500000,70000000,370000.0,398571.0,175,,10.0
牛浜駅,2024,land,9,32000000,29112500,2900000,96000000,620000.0,581429.0,135,,8.0
牛浜駅,2025,land,6,27500000,31500000,18000000,51000000,605000.0,583333.0,142,,11.0
牛浜駅,2021,mansion,8,4750000,6242857,3400000,22000000,574839.0,719467.0,32,1989.0,2.0
牛浜駅,2022,mansion,6,13250000,14433333,4000000,26000000,807163.0,822439.0,58,1994.0,2.0
牛浜駅,2023,mansion,5,13000000,13020000,1300000,24000000,781367.0,767681.0,55,1991.0,2.0
牛浜駅,2024,mansion,6,17000000,17000000,7300000,18000000,833712.0,900785.0,62,1996.0,4.0
牛浜駅,2025,mansion,2,12350000,12350000,5700000,19000000,1111252.0,1111252.0,40,1988.0,5.0
牛田駅,2021,house,8,51000000,44475000,4800000,64000000,1828961.0,1601511.0,60,2020.0,6.0
牛田駅,2022,house,3,15000000,36666667,6000000,89000000,619835.0,1189164.0,60,1977.0,7.0
牛田駅,2023,house,1,110000000,110000000,110000000,110000000,3827751.0,3827751.0,120,2024.0,8.0
牛田駅,2024,house,7,47000000,45166667,23000000,200000000,1322314.0,1691883.0,65,2011.0,5.0
牛田駅,2025,house,1,53000000,53000000,53000000,53000000,,,45,2025.0,5.0
牛田駅,2021,land,2,22500000,22500000,21000000,24000000,1250000.0,1250000.0,60,,6.0
牛田駅,2022,land,6,88500000,105166667,19000000,200000000,2400000.0,2266667.0,148,,6.0
牛田駅,2023,land,3,35000000,139000000,32000000,350000000,1700000.0,2266667.0,95,,6.0
牛田駅,2024,land,2,69000000,69000000,38000000,100000000,1800000.0,1800000.0,122,,6.0
牛田駅,2021,mansion,7,48000000,50285714,44000000,58000000,2292011.0,2352799.0,70,2008.0,3.0
牛田駅,2022,mansion,8,39000000,34875000,18000000,52000000,2628446.0,2642753.0,50,2008.0,3.0
牛田駅,2023,mansion,9,21000000,31444444,18000000,58000000,2975206.0,2809101.0,20,2016.0,6.0
牛田駅,2024,mansion,22,32500000,38227273,21000000,67000000,3255280.0,3107798.0,32,2017.0,6.0
牛田駅,2025,mansion,17,29000000,32000000,22000000,65000000,2424242.0,2532730.0,65,2003.0,6.0
牛込柳町駅,2021,house,5,70000000,127800000,23000000,330000000,2354978.0,2609996.0,65,2009.0,6.0
牛込柳町駅,2022,house,13,120000000,113818182,30000000,1100000000,2813361.0,2677935.0,85,2008.0,5.0
牛込柳町駅,2023,house,12,73500000,81083333,15000000,180000000,2669377.0,2661019.0,65,1999.0,4.0
牛込柳町駅,2024,house,11,110000000,103777778,35000000,650000000,3202479.0,2975332.0,75,2000.0,5.0
牛込柳町駅,2025,house,15,140000000,122000000,30000000,730000000,3324916.0,3196779.0,100,2004.0,5.0
牛込柳町駅,2021,land,3,78000000,70000000,32000000,100000000,2100000.0,2433333.0,100,,5.0
牛込柳町駅,2022,land,7,80000000,74142857,2000000,120000000,3700000.0,3500000.0,70,,4.0
牛込柳町駅,2023,land,1,42000000,42000000,42000000,42000000,2200000.0,2200000.0,65,,6.0
牛込柳町駅,2024,land,4,110000000,132000000,8000000,300000000,4500000.0,4900000.0,80,,4.0
牛込柳町駅,2025,land,3,35000000,55333333,21000000,110000000,2500000.0,2733333.0,45,,4.0
牛込柳町駅,2021,mansion,86,46000000,54000000,6000000,170000000,3636364.0,3575304.0,45,2006.0,4.0
牛込柳町駅,2022,mansion,96,52500000,52885417,13000000,120000000,3801653.0,3692976.0,45,2006.0,4.0
牛込柳町駅,2023,mansion,84,61000000,61216867,11000000,190000000,4077135.0,4012871.0,55,2006.0,4.0
牛込柳町駅,2024,mansion,97,58000000,59254839,5700000,190000000,4297520.0,4191062.0,50,2006.0,3.0
牛込柳町駅,2025,mansion,110,62500000,72111111,12000000,200000000,4485696.0,4625749.0,52,2009.0,4.0
牛込神楽坂駅,2021,house,2,377500000,377500000,45000000,710000000,3540755.0,3540755.0,180,1994.0,3.0
牛込神楽坂駅,2022,house,10,82000000,78666667,15000000,270000000,2828283.0,2819875.0,70,1964.0,5.0
牛込神楽坂駅,2023,house,5,200000000,167250000,89000000,500000000,5699629.0,7571709.0,110,1968.0,2.0
牛込神楽坂駅,2024,house,6,175000000,325000000,100000000,880000000,4848485.0,4824872.0,105,2024.0,5.0
牛込神楽坂駅,2025,house,4,195000000,140666667,32000000,630000000,4868520.0,4543666.0,82,2017.0,5.0
牛込神楽坂駅,2021,land,5,130000000,129000000,66000000,200000000,4700000.0,4600000.0,105,,5.0
牛込神楽坂駅,2022,land,2,80000000,80000000,78000000,82000000,4100000.0,4100000.0,65,,6.0
牛込神楽坂駅,2024,land,2,207500000,207500000,65000000,350000000,3000000.0,3000000.0,208,,6.0
牛込神楽坂駅,2025,land,2,240000000,240000000,110000000,370000000,6500000.0,6500000.0,125,,6.0
牛込神楽坂駅,2021,mansion,54,49500000,54811321,14000000,140000000,3746556.0,3633248.0,50,2002.0,3.0
牛込神楽坂駅,2022,mansion,64,58500000,64258065,12000000,210000000,4159779.0,4131538.0,55,2003.0,3.0
牛込神楽坂駅,2023,mansion,51,64000000,60750000,18000000,190000000,4231405.0,4192352.0,50,2003.0,4.0
牛込神楽坂駅,2024,mansion,62,62500000,79032258,17000000,220000000,4435262.0,4587602.0,55,2003.0,4.0
牛込神楽坂駅,2025,mansion,58,87000000,94500000,14000000,220000000,5200708.0,5255702.0,65,2006.0,3.0
狛江駅,2021,house,45,50000000,48875000,22000000,160000000,1776859.0,1701024.0,115,2016.0,15.0
狛江駅,2022,house,45,55000000,55190476,20000000,470000000,1901448.0,1807026.0,115,2012.0,15.0
狛江駅,2023,house,62,55500000,54483871,8000000,99000000,1878287.0,1862160.0,122,2016.0,15.0
狛江駅,2024,house,53,59000000,58163265,6000000,320000000,2140889.0,2105818.0,110,2023.0,15.0
狛江駅,2025,house,102,60500000,57863158,12000000,700000000,2247934.0,2167874.0,110,2024.0,15.0
狛江駅,2021,land,14,40500000,35846154,16000000,210000000,1150000.0,1121538.0,112,,11.0
狛江駅,2022,land,12,49000000,55727273,23000000,170000000,1100000.0,1090000.0,132,,16.0
狛江駅,2023,land,17,41000000,43142857,5000000,770000000,1200000.0,1089375.0,130,,16.0
狛江駅,2024,land,6,52500000,39700000,5500000,410000000,1030000.0,1101667.0,128,,12.0
狛江駅,2025,land,12,53500000,51363636,26000000,150000000,1150000.0,1220833.0,148,,10.0
狛江駅,2021,mansion,62,32000000,34767742,9600000,64000000,2008900.0,1986486.0,60,1998.0,8.0
狛江駅,2022,mansion,52,39000000,37346154,10000000,69000000,1785124.0,2044656.0,60,1985.0,6.0
狛江駅,2023,mansion,68,40000000,42235294,11000000,74000000,2047792.0,2126708.0,70,1985.0,7.0
狛江駅,2024,mansion,63,38000000,40122222,4700000,84000000,1983471.0,2230607.0,65,1993.0,6.0
狛江駅,2025,mansion,91,44000000,43921348,10000000,100000000,2479339.0,2517158.0,60,1999.0,7.0
狭間駅,2021,house,7,35000000,31571429,19000000,38000000,1123967.0,1036881.0,140,1992.0,15.0
狭間駅,2022,house,12,35000000,33727273,11000000,37000000,1157025.0,1099648.0,140,2022.0,15.0
狭間駅,2023,house,10,37000000,37600000,23000000,46000000,1106336.0,1208599.0,162,2002.0,12.0
狭間駅,2024,house,12,36000000,34250000,4000000,120000000,1217631.0,1266714.0,145,2014.0,15.0
狭間駅,2025,house,17,32000000,31470588,1500000,53000000,961683.0,1001597.0,130,2025.0,14.0
狭間駅,2021,land,2,20000000,20000000,3000000,37000000,230000.0,230000.0,615,,8.0
狭間駅,2022,land,4,18500000,25750000,8000000,58000000,310000.0,308750.0,270,,16.0
狭間駅,2023,land,3,31000000,45666667,26000000,80000000,640000.0,600000.0,220,,14.0
狭間駅,2024,land,2,42000000,42000000,12000000,72000000,225000.0,225000.0,632,,14.0
狭間駅,2021,mansion,50,16000000,17190000,2500000,33000000,787378.0,856206.0,65,1974.0,4.0
狭間駅,2022,mansion,27,15000000,14337500,5200000,37000000,762873.0,808973.0,60,1975.0,4.0
狭間駅,2023,mansion,33,19000000,19909091,3000000,37000000,1021788.0,936965.0,65,1975.0,6.0
狭間駅,2024,mansion,32,17000000,19312500,2000000,34000000,891560.0,916135.0,65,1987.0,8.0
狭間駅,2025,mansion,51,13000000,18245098,3200000,45000000,661157.0,881917.0,60,1975.0,6.0
玉川上水駅,2021,house,38,38000000,36789474,11000000,58000000,1287516.0,1247008.0,115,2016.0,15.0
玉川上水駅,2022,house,27,40000000,36514815,4700000,60000000,1400097.0,1447336.0,110,2016.0,14.0
玉川上水駅,2023,house,21,37000000,36000000,18000000,90000000,1487603.0,1373299.0,100,2017.0,15.0
玉川上水駅,2024,house,17,42000000,42500000,30000000,140000000,1388430.0,1438224.0,120,2010.0,9.0
玉川上水駅,2025,house,39,36000000,38000000,3000000,110000000,1469238.0,1468483.0,110,2024.0,14.0
玉川上水駅,2021,land,16,27000000,27923077,4000000,240000000,600000.0,636000.0,135,,15.0
玉川上水駅,2022,land,6,32500000,34000000,17000000,38000000,835000.0,786667.0,125,,9.0
玉川上水駅,2023,land,7,40000000,38500000,20000000,88000000,880000.0,782857.0,155,,14.0
玉川上水駅,2024,land,7,45000000,66428571,12000000,160000000,600000.0,598000.0,140,,13.0
玉川上水駅,2025,land,8,25000000,26125000,8000000,41000000,810000.0,785000.0,115,,16.0
玉川上水駅,2021,mansion,56,25000000,22926786,4500000,49000000,1196093.0,1127593.0,70,1997.0,6.0
玉川上水駅,2022,mansion,41,26000000,23958537,4300000,45000000,1400097.0,1326579.0,65,1993.0,6.0
玉川上水駅,2023,mansion,42,15500000,22202381,3500000,54000000,1115702.0,1200939.0,58,1991.0,7.0
玉川上水駅,2024,mansion,37,28000000,25129730,4900000,47000000,1322314.0,1195639.0,70,1993.0,7.0
玉川上水駅,2025,mansion,39,24000000,23953846,5200000,49000000,1322314.0,1267702.0,70,1993.0,7.0
玉川学園前駅,2021,house,131,40000000,37884252,6800000,120000000,1219835.0,1152270.0,160,2010.0,15.0
玉川学園前駅,2022,house,100,37000000,37500000,7500000,170000000,1183123.0,1186902.0,150,2000.0,15.0
玉川学園前駅,2023,house,117,39000000,40403670,5000000,80000000,1249169.0,1216002.0,155,2000.0,15.0
玉川学園前駅,2024,house,79,41000000,40194805,4000000,520000000,1169399.0,1215140.0,145,1999.0,15.0
玉川学園前駅,2025,house,139,47000000,44919118,7000000,100000000,1353798.0,1331761.0,155,2009.0,15.0
玉川学園前駅,2021,land,20,26500000,23577778,2000000,75000000,445000.0,434632.0,198,,11.0
玉川学園前駅,2022,land,14,21500000,21653846,4000000,77000000,450000.0,409643.0,172,,11.0
玉川学園前駅,2023,land,31,33000000,32574194,7800000,56000000,630000.0,575172.0,170,,15.0
玉川学園前駅,2024,land,27,29000000,29666667,20000000,130000000,600000.0,634615.0,145,,19.0
玉川学園前駅,2025,land,21,32000000,32882353,12000000,78000000,730000.0,651905.0,150,,18.0
玉川学園前駅,2021,mansion,27,24000000,21000000,3000000,33000000,1050073.0,955956.0,70,1997.0,12.0
玉川学園前駅,2022,mansion,28,27000000,26178571,5000000,50000000,1302868.0,1163614.0,70,1996.0,10.0
玉川学園前駅,2023,mansion,24,28500000,22804167,3000000,40000000,1283422.0,1106803.0,68,2006.0,15.0
玉川学園前駅,2024,mansion,23,28000000,23108696,1000000,38000000,1322314.0,1089950.0,70,2006.0,14.0
玉川学園前駅,2025,mansion,25,29000000,28495455,2000000,40000000,1283422.0,1238807.0,75,2006.0,15.0
王子神谷駅,2021,house,47,40000000,39022222,8500000,560000000,1622840.0,1534830.0,60,2014.0,10.0
王子神谷駅,2022,house,33,41000000,39250000,6500000,600000000,1559199.0,1542488.0,60,2004.0,10.0
王子神谷駅,2023,house,40,48500000,43317647,6000000,590000000,1830896.0,1786551.0,65,2010.0,10.0
王子神谷駅,2024,house,44,40000000,38625000,6200000,1200000000,1452184.0,1474614.0,62,2002.0,10.0
王子神谷駅,2025,house,43,53000000,54447368,6600000,250000000,2077922.0,1955558.0,55,2023.0,10.0
王子神谷駅,2021,land,14,56000000,48583333,12000000,210000000,1600000.0,1615000.0,95,,12.0
王子神谷駅,2022,land,12,36000000,36510000,9100000,2700000000,1050000.0,1405455.0,98,,11.0
王子神谷駅,2023,land,15,35000000,45930769,100000,190000000,1300000.0,1345143.0,120,,11.0
王子神谷駅,2024,land,11,25000000,33318182,3100000,71000000,1600000.0,1404545.0,70,,10.0
王子神谷駅,2025,land,16,55500000,66166667,2500000,350000000,1800000.0,1658462.0,118,,8.0
王子神谷駅,2021,mansion,118,41000000,40288288,2800000,76000000,1966942.0,2285217.0,70,2008.0,10.0
王子神谷駅,2022,mansion,119,41000000,41830508,12000000,82000000,2130395.0,2351885.0,70,2009.0,9.0
王子神谷駅,2023,mansion,121,43000000,44537190,21000000,83000000,2223892.0,2427059.0,70,2008.0,9.0
王子神谷駅,2024,mansion,111,46000000,45427273,10000000,95000000,2314050.0,2438190.0,70,2008.0,10.0
王子神谷駅,2025,mansion,124,45000000,44974576,19000000,100000000,2397272.0,2538299.0,65,2008.0,11.0
王子駅,2021,house,33,55000000,45276923,9200000,660000000,1913876.0,1861040.0,70,2015.0,10.0
王子駅,2022,house,32,61500000,52777778,12000000,1000000000,1969098.0,1891005.0,68,2010.0,9.0
王子駅,2023,house,26,73500000,84250000,3000000,1100000000,2408003.0,2314498.0,78,1996.0,8.0
王子駅,2024,house,27,55000000,49666667,14000000,1000000000,1914600.0,1949795.0,70,1998.0,9.0
王子駅,2025,house,44,57500000,56500000,16000000,1300000000,2040963.0,2012943.0,65,2024.0,14.0
王子駅,2021,land,11,52000000,53900000,22000000,670000000,1800000.0,2045455.0,85,,11.0
王子駅,2022,land,4,37000000,35725000,3900000,65000000,1700000.0,1442500.0,72,,8.0
王子駅,2023,land,15,55000000,81800000,32000000,170000000,2600000.0,2800000.0,85,,11.0
王子駅,2024,land,11,62000000,76100000,20000000,350000000,1900000.0,2230000.0,85,,10.0
王子駅,2025,land,11,49000000,43000000,23000000,800000000,2400000.0,2436000.0,70,,6.0
王子駅,2021,mansion,148,30000000,30532867,7500000,80000000,2644628.0,2587245.0,40,2009.0,7.0
王子駅,2022,mansion,139,30000000,33714286,14000000,93000000,2892562.0,2762979.0,45,2008.0,7.0
王子駅,2023,mansion,134,40000000,43611194,8900000,98000000,2909091.0,2785116.0,55,2007.0,7.0
王子駅,2024,mansion,148,40500000,44095890,11000000,110000000,3041322.0,2957024.0,55,2012.0,8.0
王子駅,2025,mansion,165,40000000,43199387,9500000,110000000,3305785.0,3160156.0,45,2009.0,7.0
瑞江駅,2021,house,95,50000000,47784091,7300000,290000000,1729448.0,1605927.0,90,2021.0,15.0
瑞江駅,2022,house,58,48000000,46701754,8000000,170000000,1661592.0,1571588.0,80,2016.0,14.0
瑞江駅,2023,house,79,52000000,47422535,12000000,400000000,1595292.0,1625908.0,80,2019.0,11.0
瑞江駅,2024,house,86,51000000,44265432,4500000,1000000000,1668634.0,1588603.0,90,2013.0,14.0
瑞江駅,2025,house,109,50000000,47022772,5800000,1100000000,1807162.0,1681300.0,80,2014.0,14.0
瑞江駅,2021,land,16,32500000,35785714,11000000,260000000,1450000.0,1367500.0,82,,10.0
瑞江駅,2022,land,19,58000000,95235294,14000000,520000000,1300000.0,1341176.0,165,,13.0
瑞江駅,2023,land,14,32500000,74538462,6000000,380000000,1150000.0,1221538.0,98,,12.0
瑞江駅,2024,land,12,55500000,48363636,5000000,220000000,1200000.0,1148000.0,128,,14.0
瑞江駅,2025,land,15,46000000,43292308,6800000,320000000,1600000.0,1444167.0,100,,12.0
瑞江駅,2021,mansion,46,37000000,37673913,15000000,60000000,1961432.0,1966588.0,65,2010.0,10.0
瑞江駅,2022,mansion,60,44000000,43583333,19000000,75000000,2029122.0,2185267.0,65,2013.0,10.0
瑞江駅,2023,mansion,52,39000000,38693878,7800000,74000000,1780038.0,1778485.0,70,2003.0,10.0
瑞江駅,2024,mansion,46,39000000,38478261,11000000,62000000,1895317.0,1789051.0,70,2003.0,11.0
瑞江駅,2025,mansion,59,42000000,43322034,15000000,70000000,2085187.0,2137681.0,70,2006.0,9.0
用賀駅,2021,house,54,87000000,88596154,23000000,410000000,3195592.0,2944537.0,95,2018.0,11.0
用賀駅,2022,house,54,98500000,96803922,31000000,320000000,3135094.0,3055230.0,100,2013.0,14.0
用賀駅,2023,house,51,90000000,98155556,46000000,4800000000,3062201.0,3016574.0,105,2009.0,14.0
用賀駅,2024,house,59,96000000,91450000,7500000,1700000000,2983906.0,3027869.0,100,2005.0,14.0
用賀駅,2025,house,58,120000000,117666667,45000000,560000000,3305785.0,3531308.0,100,2009.0,15.0
用賀駅,2021,land,37,70000000,70823529,33000000,280000000,2400000.0,2391429.0,100,,11.0
用賀駅,2022,land,12,77000000,80181818,29000000,330000000,2150000.0,2437500.0,105,,14.0
用賀駅,2023,land,18,100000000,103117647,28000000,680000000,2750000.0,2681250.0,130,,13.0
用賀駅,2024,land,17,120000000,115428571,75000000,2200000000,3300000.0,3281250.0,120,,12.0
用賀駅,2025,land,17,130000000,117800000,10000000,420000000,2900000.0,2800000.0,130,,12.0
用賀駅,2021,mansion,147,58000000,55534483,9500000,140000000,2994652.0,2899422.0,70,2002.0,8.0
用賀駅,2022,mansion,160,60000000,57519375,8300000,120000000,3283746.0,3172650.0,65,2002.0,9.0
用賀駅,2023,mansion,149,68000000,64228188,13000000,140000000,3526171.0,3518375.0,65,2004.0,9.0
用賀駅,2024,mansion,153,65000000,65677632,12000000,280000000,3661793.0,3656200.0,65,2002.0,9.0
用賀駅,2025,mansion,173,70000000,69982456,13000000,250000000,3677686.0,3634778.0,65,2000.0,8.0
田原町駅,2021,house,1,23000000,23000000,23000000,23000000,1169739.0,1169739.0,40,1992.0,4.0
田原町駅,2022,house,3,140000000,136666667,120000000,150000000,1803155.0,2086985.0,80,1975.0,4.0
田原町駅,2023,house,4,505000000,516666667,63000000,540000000,3670799.0,3251352.0,152,1974.0,4.0
田原町駅,2024,house,3,530000000,476666667,300000000,600000000,3199147.0,3382772.0,200,1972.0,4.0
田原町駅,2025,house,6,175000000,213000000,80000000,8000000000,7118204.0,5843477.0,90,1958.0,4.0
田原町駅,2021,land,1,90000000,90000000,90000000,90000000,3300000.0,3300000.0,90,,3.0
田原町駅,2022,land,1,410000000,410000000,410000000,410000000,6300000.0,6300000.0,220,,2.0
田原町駅,2023,land,1,200000000,200000000,200000000,200000000,6400000.0,6400000.0,105,,5.0
田原町駅,2025,land,2,340000000,340000000,60000000,620000000,9100000.0,9100000.0,100,,3.0
田原町駅,2021,mansion,42,39000000,41300000,9000000,120000000,3153210.0,3177407.0,40,2008.0,5.0
田原町駅,2022,mansion,70,44000000,45528571,11000000,70000000,3241506.0,3273583.0,50,2011.0,5.0
田原町駅,2023,mansion,40,50000000,53358974,9000000,140000000,3466352.0,3440273.0,52,2010.0,4.0
田原町駅,2024,mansion,59,44000000,47762712,10000000,110000000,3458360.0,3351465.0,45,2004.0,5.0
田原町駅,2025,mansion,51,55000000,62862745,16000000,130000000,4087152.0,4318425.0,55,2015.0,5.0
田園調布駅,2021,house,39,79000000,78147059,32000000,790000000,2623967.0,2571429.0,110,2009.0,11.0
田園調布駅,2022,house,39,110000000,121594595,62000000,410000000,2877978.0,2859540.0,140,2003.0,11.0
田園調布駅,2023,house,18,135000000,176000000,20000000,1900000000,3305785.0,3129088.0,158,2004.0,10.0
田園調布駅,2024,house,32,130000000,123413793,44000000,600000000,3736974.0,3586981.0,128,2005.0,10.0
田園調布駅,2025,house,45,100000000,102305556,30000000,760000000,3111327.0,3220413.0,140,2010.0,15.0
田園調布駅,2021,land,14,89000000,77916667,21000000,500000000,2350000.0,2392857.0,110,,8.0
田園調布駅,2022,land,7,160000000,146142857,62000000,250000000,3100000.0,2885714.0,135,,9.0
田園調布駅,2023,land,8,200000000,248750000,90000000,550000000,3250000.0,3087500.0,230,,6.0
田園調布駅,2024,land,10,185000000,189111111,92000000,490000000,2600000.0,2710000.0,255,,9.0
田園調布駅,2025,land,9,210000000,280000000,80000000,600000000,3100000.0,3425000.0,290,,7.0
田園調布駅,2021,mansion,23,40000000,38545455,8500000,130000000,2148760.0,2320910.0,55,1987.0,8.0
田園調布駅,2022,mansion,28,12000000,29132143,6400000,87000000,2007084.0,2098504.0,28,1988.0,8.0
田園調布駅,2023,mansion,26,30000000,36420833,6700000,220000000,2277319.0,2485089.0,58,1988.0,7.0
田園調布駅,2024,mansion,16,41500000,51481250,6600000,120000000,2768595.0,2783909.0,65,1985.0,8.0
田園調布駅,2025,mansion,31,50000000,48125000,6000000,220000000,2920110.0,2672360.0,60,1992.0,8.0
田無駅,2021,house,109,44000000,41094340,8000000,400000000,1579431.0,1517852.0,105,2012.0,15.0
田無駅,2022,house,62,49000000,44396667,6800000,400000000,1861679.0,1690027.0,102,2021.0,16.0
田無駅,2023,house,74,49500000,47656716,4500000,530000000,1750121.0,1630573.0,108,2008.0,15.0
田無駅,2024,house,88,50500000,51151899,3500000,260000000,1702914.0,1659222.0,110,2012.0,15.0
田無駅,2025,house,119,51000000,49810811,6500000,450000000,1945660.0,1798559.0,105,2024.0,15.0
田無駅,2021,land,21,39000000,39437500,13000000,75000000,1000000.0,1032381.0,115,,13.0
田無駅,2022,land,21,43000000,43000000,6100000,750000000,1200000.0,1058571.0,115,,13.0
田無駅,2023,land,15,51000000,48153846,14000000,2100000000,1200000.0,1187143.0,160,,16.0
田無駅,2024,land,24,46500000,46000000,19000000,460000000,1100000.0,1127273.0,135,,12.0
田無駅,2025,land,17,46000000,42142857,17000000,250000000,1200000.0,1175294.0,135,,13.0
田無駅,2021,mansion,144,30000000,30350694,3300000,59000000,1574756.0,1538410.0,70,2002.0,10.0
田無駅,2022,mansion,149,32000000,32645578,4900000,82000000,1707989.0,1712536.0,70,2005.0,13.0
田無駅,2023,mansion,123,29000000,30659350,5300000,65000000,1619835.0,1574824.0,65,1994.0,11.0
田無駅,2024,mansion,119,34000000,34088235,6000000,67000000,1881755.0,1794346.0,70,2002.0,13.0
田無駅,2025,mansion,140,30000000,32425714,3500000,70000000,1701102.0,1690681.0,65,1997.0,10.0
田町駅,2021,house,1,120000000,120000000,120000000,120000000,4175728.0,4175728.0,60,1998.0,11.0
田町駅,2022,house,1,170000000,170000000,170000000,170000000,2443406.0,2443406.0,95,1988.0,4.0
田町駅,2023,house,1,700000000,700000000,700000000,700000000,3005259.0,3005259.0,220,1989.0,9.0
田町駅,2024,house,1,530000000,530000000,530000000,530000000,3305785.0,3305785.0,150,1980.0,9.0
田町駅,2025,house,1,750000000,750000000,750000000,750000000,4132231.0,4132231.0,155,1976.0,8.0
田町駅,2024,land,2,565000000,565000000,370000000,760000000,9250000.0,9250000.0,198,,6.0
田町駅,2021,mansion,222,72000000,68138009,6500000,220000000,3827751.0,3706115.0,65,2006.0,10.0
田町駅,2022,mansion,234,76000000,70245455,6700000,290000000,4132231.0,4003030.0,60,2006.0,10.0
田町駅,2023,mansion,266,86000000,85203019,6000000,230000000,4520806.0,4491153.0,65,2006.0,10.0
田町駅,2024,mansion,232,90000000,95743478,7000000,630000000,5390683.0,5247235.0,60,2006.0,9.0
田町駅,2025,mansion,267,100000000,117081648,1400000,320000000,6611570.0,6005949.0,60,2006.0,9.0
田端駅,2021,house,20,59500000,73157895,11000000,880000000,1736723.0,1747672.0,70,1994.0,9.0
田端駅,2022,house,12,62500000,58636364,20000000,190000000,2097154.0,1998403.0,100,1994.0,6.0
田端駅,2023,house,14,69000000,71083333,20000000,360000000,2261577.0,2107437.0,80,2005.0,8.0
田端駅,2024,house,24,80500000,93238095,18000000,940000000,2178813.0,2146249.0,78,1996.0,9.0
田端駅,2025,house,20,69500000,72842105,14000000,200000000,2397966.0,2448422.0,60,2015.0,10.0
田端駅,2021,land,7,58000000,84000000,39000000,180000000,2700000.0,2366667.0,75,,5.0
田端駅,2022,land,12,67000000,55300000,7000000,370000000,1950000.0,2372500.0,100,,8.0
田端駅,2023,land,9,68000000,79777778,9000000,160000000,2700000.0,3062500.0,90,,7.0
田端駅,2024,land,10,86500000,101888889,44000000,360000000,3500000.0,3480000.0,85,,7.0
田端駅,2025,land,9,76000000,75250000,37000000,240000000,3700000.0,3211111.0,75,,6.0
田端駅,2021,mansion,97,37000000,38192708,9500000,92000000,2512397.0,2536168.0,55,2006.0,9.0
田端駅,2022,mansion,83,32000000,36717073,3000000,130000000,2909091.0,2825347.0,50,2005.0,9.0
田端駅,2023,mansion,100,45000000,45183673,12000000,130000000,3077528.0,3120932.0,55,2006.0,9.0
田端駅,2024,mansion,86,38000000,41627907,12000000,89000000,3013774.0,3015559.0,50,2004.0,9.0
田端駅,2025,mansion,79,43000000,47784810,11000000,100000000,3438016.0,3402986.0,50,2004.0,9.0
甲州街道駅,2021,house,9,37000000,35333333,21000000,45000000,1183123.0,1164809.0,120,2012.0,10.0
甲州街道駅,2022,house,5,25000000,22250000,12000000,43000000,826446.0,787485.0,120,1986.0,9.0
甲州街道駅,2023,house,13,43000000,45083333,5000000,140000000,1203857.0,1301934.0,130,2006.0,8.0
甲州街道駅,2024,house,16,44500000,41066667,26000000,280000000,1416049.0,1369784.0,125,2018.0,8.0
甲州街道駅,2025,house,32,50000000,49379310,31000000,73000000,1752066.0,1731601.0,130,2025.0,10.0
甲州街道駅,2021,land,3,27000000,30666667,25000000,40000000,680000.0,613333.0,190,,4.0
甲州街道駅,2022,land,5,22000000,26500000,13000000,150000000,620000.0,690000.0,120,,5.0
甲州街道駅,2023,land,4,44000000,46250000,15000000,82000000,835000.0,830000.0,172,,5.0
甲州街道駅,2024,land,3,19000000,24666667,18000000,37000000,780000.0,736667.0,100,,6.0
甲州街道駅,2025,land,7,35000000,35857143,31000000,44000000,820000.0,831667.0,130,,6.0
甲州街道駅,2021,mansion,26,27000000,27720000,13000000,38000000,1057635.0,1046705.0,85,2003.0,4.0
甲州街道駅,2022,mansion,11,33000000,32500000,24000000,40000000,1175390.0,1218266.0,90,2003.0,4.0
甲州街道駅,2023,mansion,15,35000000,33857143,21000000,39000000,1285583.0,1421374.0,80,2003.0,6.0
甲州街道駅,2024,mansion,18,33000000,32611111,26000000,36000000,1212121.0,1313281.0,85,2003.0,5.0
甲州街道駅,2025,mansion,16,37000000,35187500,25000000,44000000,1550571.0,1502668.0,75,2003.0,4.0
町屋二丁目駅,2021,house,2,127500000,127500000,85000000,170000000,,,235,1987.0,4.0
町屋二丁目駅,2022,house,1,63000000,63000000,63000000,63000000,1810995.0,1810995.0,65,2022.0,2.0
町屋二丁目駅,2023,house,2,42000000,42000000,24000000,60000000,1584621.0,1584621.0,70,1996.0,4.0
町屋二丁目駅,2024,house,2,26500000,26500000,13000000,40000000,1446917.0,1446917.0,35,2002.0,6.0
町屋二丁目駅,2025,house,3,120000000,140666667,72000000,230000000,1900826.0,1764283.0,125,2003.0,4.0
町屋二丁目駅,2021,land,3,47000000,38000000,14000000,53000000,2000000.0,1733333.0,80,,2.0
町屋二丁目駅,2022,land,6,37500000,29800000,10000000,150000000,1400000.0,1593333.0,60,,6.0
町屋二丁目駅,2025,land,1,56000000,56000000,56000000,56000000,1700000.0,1700000.0,105,,2.0
町屋二丁目駅,2022,mansion,2,27500000,27500000,20000000,35000000,1565239.0,1565239.0,58,1990.0,8.0
町屋駅,2021,house,48,42500000,37050000,9000000,370000000,1652893.0,1570017.0,60,2007.0,10.0
町屋駅,2022,house,47,50000000,47662222,4800000,160000000,1790634.0,1694811.0,65,2009.0,10.0
町屋駅,2023,house,51,46000000,43840909,4000000,580000000,1487603.0,1491827.0,65,1997.0,10.0
町屋駅,2024,house,35,50000000,53366667,13000000,490000000,2030696.0,2037533.0,75,2013.0,9.0
町屋駅,2025,house,43,59000000,56400000,9000000,1200000000,2097428.0,2120281.0,60,2023.0,10.0
町屋駅,2021,land,37,40000000,35858333,4200000,210000000,1500000.0,1415833.0,70,,6.0
町屋駅,2022,land,28,40000000,41920000,7000000,790000000,1500000.0,1576000.0,75,,6.0
町屋駅,2023,land,26,55500000,51760000,11000000,170000000,1700000.0,1730000.0,100,,8.0
町屋駅,2024,land,37,31000000,29927273,5600000,1100000000,1700000.0,1652286.0,65,,9.0
町屋駅,2025,land,34,40500000,46606061,12000000,530000000,1900000.0,1898485.0,65,,10.0
町屋駅,2021,mansion,92,34000000,32474444,6300000,72000000,1830896.0,1869178.0,65,1998.0,12.0
町屋駅,2022,mansion,85,34000000,34102381,6800000,68000000,1841794.0,1999263.0,60,1997.0,8.0
町屋駅,2023,mansion,104,35000000,33953922,5000000,81000000,2142403.0,2174245.0,60,1999.0,6.0
町屋駅,2024,mansion,115,37000000,36027434,5800000,88000000,1983471.0,2086375.0,60,1999.0,8.0
町屋駅,2025,mansion,133,46000000,44597656,7800000,130000000,2369146.0,2537964.0,65,2001.0,7.0
町屋駅前駅,2024,house,1,52000000,52000000,52000000,52000000,1637151.0,1637151.0,60,2020.0,15.0
町屋駅前駅,2025,house,3,45000000,42333333,34000000,48000000,2125148.0,1916489.0,40,2016.0,15.0
町屋駅前駅,2021,mansion,1,16000000,16000000,16000000,16000000,1763085.0,1763085.0,30,2009.0,13.0
町屋駅前駅,2025,mansion,2,48500000,48500000,40000000,57000000,2393970.0,2393970.0,68,2008.0,9.0
町田駅,2021,house,146,39000000,37097122,8000000,210000000,1247847.0,1206271.0,130,2014.0,20.0
町田駅,2022,house,119,37000000,37027523,5000000,2400000000,1307288.0,1239939.0,130,2005.0,20.0
町田駅,2023,house,105,36000000,36594059,11000000,200000000,1212121.0,1184098.0,135,2003.0,18.0
町田駅,2024,house,148,40000000,40683824,7000000,2700000000,1272465.0,1319256.0,135,2012.0,16.0
町田駅,2025,house,223,38000000,37389671,9000000,440000000,1223140.0,1253819.0,135,2013.0,20.0
町田駅,2021,land,36,27000000,29312500,1000000,350000000,615000.0,661143.0,140,,20.0
町田駅,2022,land,31,35000000,30757241,960000,320000000,760000.0,688100.0,150,,16.0
町田駅,2023,land,29,31000000,34851852,8300000,300000000,530000.0,630222.0,165,,20.0
町田駅,2024,land,35,42000000,41758621,2000000,520000000,760000.0,720433.0,165,,18.0
町田駅,2025,land,45,38000000,33164865,1000000,340000000,700000.0,769023.0,130,,18.0
町田駅,2021,mansion,175,29000000,26233143,2000000,70000000,1525747.0,1476584.0,60,1997.0,8.0
町田駅,2022,mansion,141,30000000,28248936,2900000,64000000,1542700.0,1463561.0,65,1998.0,7.0
町田駅,2023,mansion,177,31000000,30094915,2000000,79000000,1586777.0,1630828.0,65,1999.0,8.0
町田駅,2024,mansion,185,30000000,31007027,1000000,92000000,1803155.0,1720849.0,65,1999.0,7.0
町田駅,2025,mansion,158,31500000,32487975,3900000,78000000,1718584.0,1742929.0,65,1998.0,8.0
白丸駅,2021,land,1,2300000,2300000,2300000,2300000,22000.0,22000.0,350,,2.0
白丸駅,2024,land,3,1200000,1366667,900000,2000000,11000.0,14000.0,320,,28.0
白山駅,2021,house,21,130000000,113444444,10000000,1400000000,3226201.0,3234455.0,85,2021.0,5.0
白山駅,2022,house,14,99500000,94000000,38000000,1700000000,3269054.0,3030083.0,62,2011.0,6.0
白山駅,2023,house,6,69000000,66800000,37000000,290000000,2256154.0,2593498.0,95,1999.0,8.0
白山駅,2024,house,7,98000000,93666667,25000000,430000000,3948577.0,4353859.0,55,2018.0,5.0
白山駅,2025,house,17,140000000,127785714,25000000,1100000000,3827751.0,4022538.0,80,2002.0,10.0
白山駅,2021,land,3,72000000,81000000,72000000,99000000,3500000.0,3566667.0,75,,6.0
白山駅,2022,land,1,31000000,31000000,31000000,31000000,3100000.0,3100000.0,35,,7.0
白山駅,2023,land,7,130000000,260428571,43000000,750000000,3600000.0,8614286.0,90,,5.0
白山駅,2024,land,10,93500000,100875000,14000000,430000000,4550000.0,4687500.0,82,,6.0
白山駅,2025,land,6,185000000,263000000,68000000,570000000,4500000.0,4816667.0,145,,8.0
白山駅,2021,mansion,59,40000000,42633333,9100000,120000000,3471074.0,3353214.0,45,2004.0,4.0
白山駅,2022,mansion,69,40000000,47463768,10000000,130000000,3471074.0,3526591.0,45,2002.0,4.0
白山駅,2023,mansion,51,47000000,52274510,12000000,120000000,3581267.0,3569313.0,50,2000.0,3.0
白山駅,2024,mansion,58,36000000,48494737,3700000,240000000,3884297.0,3926490.0,40,2004.0,4.0
白山駅,2025,mansion,70,57000000,58098529,9200000,200000000,3897998.0,4014269.0,48,2001.0,4.0
白糸台駅,2021,house,5,46000000,47333333,25000000,150000000,1605667.0,1496053.0,90,2011.0,5.0
白糸台駅,2022,house,2,56500000,56500000,55000000,58000000,2490358.0,2490358.0,92,2022.0,7.0
白糸台駅,2023,house,5,46000000,48800000,33000000,67000000,1746653.0,1695350.0,115,2018.0,7.0
白糸台駅,2024,house,4,47500000,43500000,20000000,59000000,1669421.0,1513267.0,112,2012.0,8.0
白糸台駅,2025,house,10,49000000,51777778,19000000,71000000,1775772.0,1737809.0,110,2022.0,6.0
白糸台駅,2021,land,3,40000000,62000000,36000000,110000000,1000000.0,1026667.0,120,,7.0
白糸台駅,2022,land,1,40000000,40000000,40000000,40000000,1000000.0,1000000.0,125,,8.0
白糸台駅,2023,land,1,160000000,160000000,160000000,160000000,520000.0,520000.0,1000,,6.0
白糸台駅,2024,land,2,40000000,40000000,40000000,40000000,1915000.0,1915000.0,102,,8.0
白糸台駅,2025,land,2,41500000,41500000,29000000,54000000,1295000.0,1295000.0,105,,8.0
白糸台駅,2021,mansion,10,31000000,33600000,19000000,59000000,1574293.0,1616548.0,60,2001.0,5.0
白糸台駅,2022,mansion,6,35000000,35500000,26000000,44000000,1695673.0,1733753.0,68,2006.0,6.0
白糸台駅,2023,mansion,7,39000000,37428571,26000000,45000000,1859504.0,1882592.0,70,2001.0,5.0
白糸台駅,2024,mansion,4,27000000,26666667,26000000,35000000,1467953.0,1497758.0,65,2004.0,4.0
白糸台駅,2025,mansion,6,43000000,40600000,32000000,80000000,1750121.0,1720590.0,78,1997.0,6.0
白金台駅,2021,house,13,210000000,168363636,81000000,3000000000,4187328.0,4081368.0,95,2010.0,5.0
白金台駅,2022,house,6,230000000,232500000,88000000,480000000,4000143.0,3945096.0,185,2002.0,10.0
白金台駅,2023,house,12,175000000,188818182,27000000,700000000,4476584.0,4046865.0,95,2010.0,10.0
白金台駅,2024,house,17,200000000,176923077,100000000,660000000,4848485.0,4668837.0,95,2008.0,7.0
白金台駅,2025,house,6,170000000,161000000,65000000,620000000,4003673.0,4425941.0,92,2012.0,8.0
白金台駅,2021,land,1,140000000,140000000,140000000,140000000,6200000.0,6200000.0,70,,2.0
白金台駅,2022,land,5,120000000,115750000,43000000,380000000,5500000.0,4900000.0,100,,6.0
白金台駅,2023,land,2,275000000,275000000,240000000,310000000,5700000.0,5700000.0,175,,3.0
白金台駅,2024,land,1,330000000,330000000,330000000,330000000,5000000.0,5000000.0,220,,4.0
白金台駅,2025,land,1,58000000,58000000,58000000,58000000,4800000.0,4800000.0,40,,8.0
白金台駅,2021,mansion,63,110000000,113393443,26000000,370000000,5085823.0,5063882.0,70,2005.0,5.0
白金台駅,2022,mansion,75,120000000,117388889,26000000,390000000,5667060.0,5653175.0,70,2008.0,5.0
白金台駅,2023,mansion,81,130000000,142712500,20000000,410000000,6102988.0,6078774.0,70,2012.0,6.0
白金台駅,2024,mansion,75,140000000,156972973,12000000,550000000,6611570.0,6675628.0,65,2002.0,5.0
白金台駅,2025,mansion,84,150000000,181807229,31000000,700000000,6938955.0,7554617.0,70,2005.0,5.0
白金高輪駅,2021,house,6,205000000,443333333,44000000,1300000000,4048738.0,4037264.0,128,1999.0,8.0
白金高輪駅,2022,house,8,175000000,169285714,55000000,1100000000,4424409.0,3955514.0,70,2006.0,8.0
白金高輪駅,2023,house,12,205000000,231454545,76000000,760000000,4184590.0,4274143.0,100,2005.0,9.0
白金高輪駅,2024,house,9,190000000,193333333,40000000,470000000,4722550.0,4353723.0,75,2006.0,9.0
白金高輪駅,2025,house,18,175000000,172937500,66000000,940000000,4847716.0,4705647.0,58,1996.0,9.0
白金高輪駅,2021,land,2,84000000,84000000,73000000,95000000,5250000.0,5250000.0,52,,11.0
白金高輪駅,2022,land,3,180000000,193333333,150000000,250000000,6600000.0,6566667.0,90,,7.0
白金高輪駅,2023,land,4,165000000,169250000,37000000,310000000,7200000.0,7600000.0,75,,7.0
白金高輪駅,2024,land,6,200000000,187200000,96000000,420000000,6100000.0,6066667.0,105,,9.0
白金高輪駅,2025,land,5,180000000,206000000,54000000,3000000000,7500000.0,8160000.0,120,,6.0
白金高輪駅,2021,mansion,191,68000000,66791209,12000000,290000000,4297520.0,4304060.0,55,2001.0,6.0
白金高輪駅,2022,mansion,249,67000000,75741736,9500000,430000000,4775023.0,4898364.0,50,2004.0,5.0
白金高輪駅,2023,mansion,294,92000000,89927007,11000000,720000000,5594405.0,5786746.0,55,2005.0,5.0
白金高輪駅,2024,mansion,244,99500000,109389362,8500000,1000000000,6127509.0,6284206.0,55,2005.0,5.0
白金高輪駅,2025,mansion,230,130000000,134319820,14000000,620000000,7309458.0,7744976.0,55,2005.0,5.0
百草園駅,2021,house,36,37000000,35705882,8000000,280000000,1208973.0,1146033.0,130,2020.0,12.0
百草園駅,2022,house,25,37000000,35420000,7500000,54000000,1290830.0,1245574.0,135,2018.0,10.0
百草園駅,2023,house,22,45000000,38684211,9000000,160000000,1328217.0,1252824.0,138,2012.0,9.0
百草園駅,2024,house,22,42000000,40000000,5500000,75000000,1256198.0,1176285.0,142,2022.0,11.0
百草園駅,2025,house,41,45000000,42200000,5000000,62000000,1487603.0,1345450.0,145,2025.0,10.0
百草園駅,2021,land,9,19000000,27337500,4900000,180000000,340000.0,441111.0,165,,9.0
百草園駅,2022,land,7,28000000,24342857,7000000,53000000,220000.0,334286.0,190,,10.0
百草園駅,2023,land,5,35000000,26000000,13000000,88000000,580000.0,569000.0,400,,9.0
百草園駅,2024,land,9,21000000,18625000,1000000,88000000,560000.0,570856.0,115,,5.0
百草園駅,2025,land,3,22000000,30333333,19000000,50000000,610000.0,576667.0,180,,14.0
百草園駅,2021,mansion,18,12500000,16755556,3000000,30000000,661157.0,782506.0,68,1984.0,10.0
百草園駅,2022,mansion,20,17000000,18775000,2600000,34000000,936639.0,938902.0,65,1995.0,8.0
百草園駅,2023,mansion,16,22000000,18987500,4300000,34000000,1091863.0,941367.0,65,1996.0,6.0
百草園駅,2024,mansion,17,18000000,18900000,4100000,35000000,991736.0,917831.0,65,1996.0,9.0
百草園駅,2025,mansion,22,15000000,16940909,2700000,43000000,681818.0,845586.0,68,1976.0,8.0
目白駅,2021,house,2,136000000,136000000,92000000,180000000,3606311.0,3606311.0,170,1999.0,12.0
目白駅,2022,house,14,150000000,244153846,70000000,1000000000,3718221.0,3677783.0,152,1992.0,8.0
目白駅,2023,house,11,270000000,219555556,82000000,1600000000,3778040.0,4371856.0,110,2022.0,6.0
目白駅,2024,house,15,130000000,162071429,26000000,740000000,3749846.0,4016491.0,110,2000.0,10.0
目白駅,2025,house,10,120000000,104111111,17000000,400000000,2909091.0,3860923.0,85,1993.0,8.0
目白駅,2021,land,3,79000000,83666667,72000000,100000000,3000000.0,3300000.0,85,,9.0
目白駅,2022,land,7,79000000,92142857,58000000,160000000,3500000.0,3714286.0,85,,6.0
目白駅,2023,land,4,122500000,156000000,69000000,310000000,4250000.0,3933333.0,95,,4.0
目白駅,2024,land,5,110000000,105000000,87000000,420000000,3600000.0,3400000.0,95,,10.0
目白駅,2025,land,4,170000000,235000000,100000000,500000000,4550000.0,4450000.0,130,,7.0
目白駅,2021,mansion,61,69000000,66285965,8500000,210000000,4077135.0,3817885.0,60,2006.0,8.0
目白駅,2022,mansion,57,45000000,70446429,11000000,220000000,3526171.0,3719997.0,60,2003.0,7.0
目白駅,2023,mansion,66,42500000,53239062,7000000,210000000,3632428.0,3563196.0,40,2001.0,7.0
目白駅,2024,mansion,60,73000000,75775472,9100000,280000000,4176308.0,4315251.0,58,2005.0,8.0
目白駅,2025,mansion,78,90000000,84260811,8300000,250000000,4879968.0,4775138.0,60,2004.0,7.0
目黒駅,2021,house,18,135000000,145733333,59000000,1300000000,3065134.0,3058179.0,115,2004.0,10.0
目黒駅,2022,house,24,115000000,134304348,58000000,350000000,3636364.0,3695322.0,88,2002.0,10.0
目黒駅,2023,house,19,130000000,124437500,47000000,880000000,3522156.0,3472783.0,80,1997.0,10.0
目黒駅,2024,house,26,140000000,167250000,30000000,1600000000,3949073.0,3766382.0,100,2009.0,10.0
目黒駅,2025,house,25,150000000,152909091,30000000,2300000000,3966942.0,4084755.0,95,2006.0,10.0
目黒駅,2021,land,13,87000000,78900000,49000000,550000000,3900000.0,3607692.0,85,,8.0
目黒駅,2022,land,8,121000000,154875000,1000000,400000000,3700000.0,3966667.0,102,,14.0
目黒駅,2023,land,5,320000000,250000000,120000000,3300000000,5200000.0,5500000.0,125,,10.0
目黒駅,2024,land,6,97500000,144666667,78000000,270000000,4750000.0,4850000.0,95,,10.0
目黒駅,2025,land,8,92000000,115614286,300000,980000000,4100000.0,3373571.0,88,,13.0
目黒駅,2021,mansion,270,64000000,63222179,4100000,250000000,3996995.0,3966175.0,55,2004.0,8.0
目黒駅,2022,mansion,279,67000000,64898496,11000000,730000000,4297520.0,4144781.0,55,2002.0,8.0
目黒駅,2023,mansion,262,71500000,68900826,13000000,450000000,4545454.0,4280997.0,55,2005.0,8.0
目黒駅,2024,mansion,289,80000000,80848000,4200000,600000000,4826446.0,4952580.0,55,2006.0,9.0
目黒駅,2025,mansion,285,83000000,89698141,9800000,640000000,5194805.0,5447200.0,55,2000.0,8.0
相原駅,2021,house,31,24000000,23196667,4900000,65000000,835146.0,845221.0,140,2003.0,10.0
相原駅,2022,house,12,28000000,26727273,11000000,79000000,925620.0,927047.0,142,1995.0,10.0
相原駅,2023,house,25,30000000,31240000,11000000,55000000,974337.0,991734.0,135,2002.0,15.0
相原駅,2024,house,25,35000000,30736000,6000000,66000000,1183123.0,1038890.0,135,2007.0,14.0
相原駅,2025,house,53,32000000,32098077,3100000,750000000,1057851.0,1098127.0,130,2024.0,10.0
相原駅,2021,land,2,13500000,13500000,10000000,17000000,340000.0,340000.0,140,,22.0
相原駅,2022,land,5,31000000,25200000,1800000,240000000,410000.0,506600.0,150,,7.0
相原駅,2023,land,10,31000000,25072222,150000,200000000,285000.0,268290.0,525,,4.0
相原駅,2024,land,12,22000000,16290909,1000000,180000000,245000.0,345250.0,148,,15.0
相原駅,2025,land,6,24500000,18000000,3000000,48000000,540000.0,428833.0,135,,10.0
相原駅,2021,mansion,1,5000000,5000000,5000000,5000000,661157.0,661157.0,25,1991.0,15.0
相原駅,2023,mansion,1,15000000,15000000,15000000,15000000,708382.0,708382.0,70,1996.0,13.0
相原駅,2024,mansion,2,15000000,15000000,15000000,15000000,684770.0,684770.0,72,1986.0,14.0
相原駅,2025,mansion,3,12000000,14333333,12000000,19000000,610299.0,671490.0,70,1996.0,12.0
相模原駅,2021,house,6,34500000,34600000,26000000,37000000,1115702.0,1091848.0,130,2021.0,26.0
相模原駅,2022,house,3,32000000,38333333,16000000,67000000,1038961.0,1038961.0,105,1996.0,23.0
相模原駅,2023,house,3,20000000,21600000,8800000,36000000,574919.0,737518.0,165,2003.0,25.0
相模原駅,2024,house,5,38000000,33000000,22000000,40000000,1092346.0,1046108.0,135,2023.0,25.0
相模原駅,2025,house,3,22000000,29000000,20000000,45000000,734619.0,959552.0,125,2015.0,25.0
相模原駅,2022,land,1,20000000,20000000,20000000,20000000,420000.0,420000.0,160,,28.0
相模原駅,2023,land,1,32000000,32000000,32000000,32000000,640000.0,640000.0,165,,28.0
相模原駅,2021,mansion,1,18000000,18000000,18000000,18000000,991736.0,991736.0,60,2003.0,25.0
相模原駅,2022,mansion,2,21000000,21000000,16000000,26000000,977961.0,977961.0,70,2004.0,23.0
相模原駅,2024,mansion,1,23000000,23000000,23000000,23000000,1267218.0,1267218.0,60,2003.0,25.0
相模原駅,2025,mansion,2,26000000,26000000,18000000,34000000,1033058.0,1033058.0,82,2006.0,23.0
矢口渡駅,2021,house,27,54000000,50652174,5000000,200000000,1851240.0,1806123.0,60,2020.0,8.0
矢口渡駅,2022,house,22,54000000,54190476,34000000,130000000,1852087.0,1839313.0,60,2007.0,8.0
矢口渡駅,2023,house,15,57000000,53461538,28000000,200000000,1983471.0,1994871.0,60,2012.0,8.0
矢口渡駅,2024,house,26,54000000,45454545,10000000,810000000,1655435.0,1594826.0,72,1994.0,10.0
矢口渡駅,2025,house,35,66000000,62413793,15000000,400000000,2312797.0,2296504.0,65,2024.0,10.0
矢口渡駅,2021,land,4,31500000,26666667,17000000,92000000,1400000.0,1525000.0,80,,12.0
矢口渡駅,2022,land,5,72000000,123200000,29000000,260000000,2500000.0,2220000.0,145,,7.0
矢口渡駅,2023,land,7,60000000,61666667,32000000,260000000,1500000.0,1421667.0,145,,7.0
矢口渡駅,2024,land,8,71500000,119000000,13000000,610000000,2300000.0,2095000.0,178,,6.0
矢口渡駅,2025,land,7,53000000,41133333,6000000,630000000,2500000.0,1757167.0,80,,6.0
矢口渡駅,2021,mansion,87,23000000,26900000,6500000,66000000,2524418.0,2611665.0,25,2006.0,6.0
矢口渡駅,2022,mansion,78,29000000,31885897,6600000,70000000,2523416.0,2646717.0,32,2004.0,7.0
矢口渡駅,2023,mansion,92,30500000,32076087,2300000,66000000,2466316.0,2585720.0,45,2004.0,8.0
矢口渡駅,2024,mansion,107,34000000,35072897,5000000,78000000,2524418.0,2607176.0,55,2002.0,9.0
矢口渡駅,2025,mansion,112,34000000,35850893,8500000,83000000,2728584.0,2746819.0,48,2003.0,8.0
矢川駅,2021,house,30,41500000,41703704,22000000,150000000,1485934.0,1410345.0,100,2017.0,12.0
矢川駅,2022,house,20,42500000,42736842,21000000,83000000,1487603.0,1542068.0,108,2013.0,10.0
矢川駅,2023,house,13,63000000,60636364,32000000,160000000,2007084.0,1856806.0,110,2017.0,10.0
矢川駅,2024,house,15,45000000,44714286,1500000,71000000,1873278.0,1743302.0,110,2023.0,11.0
矢川駅,2025,house,25,51000000,44877273,300000,1000000000,1508592.0,1453552.0,135,2007.0,10.0
矢川駅,2021,land,4,86500000,88750000,32000000,150000000,815000.0,947500.0,232,,7.0
矢川駅,2022,land,7,42000000,110571429,23000000,320000000,840000.0,842857.0,145,,9.0
矢川駅,2023,land,13,36000000,34727273,11000000,310000000,790000.0,798462.0,135,,13.0
矢川駅,2024,land,11,39000000,34777778,21000000,100000000,970000.0,1040000.0,135,,11.0
矢川駅,2025,land,11,44000000,45500000,19000000,130000000,940000.0,958182.0,120,,13.0
矢川駅,2021,mansion,23,30000000,29695652,13000000,45000000,1442524.0,1464897.0,65,1999.0,6.0
矢川駅,2022,mansion,18,35000000,34777778,15000000,49000000,1763691.0,1766066.0,65,1999.0,7.0
矢川駅,2023,mansion,21,35000000,36380952,21000000,60000000,2030696.0,1959602.0,60,1999.0,7.0
矢川駅,2024,mansion,34,35500000,34676471,13000000,52000000,1846517.0,1856840.0,62,1999.0,8.0
矢川駅,2025,mansion,33,31000000,32387879,5800000,66000000,1719008.0,1684484.0,60,1999.0,7.0
矢部駅,2021,house,9,21000000,23000000,4000000,35000000,731995.0,769908.0,150,1992.0,27.0
矢部駅,2022,house,3,32000000,26000000,13000000,33000000,622265.0,794841.0,125,1997.0,24.0
矢部駅,2023,house,5,36000000,27800000,7000000,40000000,837466.0,798601.0,150,2002.0,26.0
矢部駅,2024,house,4,45500000,50000000,3700000,59000000,1157025.0,1015639.0,175,2010.0,24.0
矢部駅,2025,house,13,40000000,39300000,5500000,40000000,1259347.0,1219146.0,135,2025.0,25.0
矢部駅,2021,land,2,6150000,6150000,300000,12000000,128500.0,128500.0,105,,21.0
矢部駅,2022,land,4,22000000,23750000,18000000,33000000,490000.0,490000.0,152,,28.0
矢部駅,2023,land,3,52000000,51000000,25000000,76000000,330000.0,416667.0,560,,26.0
矢部駅,2024,land,2,30000000,30000000,26000000,34000000,650000.0,650000.0,155,,28.0
矢部駅,2025,land,1,5000000,5000000,5000000,5000000,36000.0,36000.0,460,,26.0
矢部駅,2021,mansion,1,11000000,11000000,11000000,11000000,484848.0,484848.0,75,,
矢部駅,2022,mansion,2,19500000,19500000,19000000,20000000,678556.0,678556.0,95,1986.0,
矢部駅,2023,mansion,1,19000000,19000000,19000000,19000000,738940.0,738940.0,85,1986.0,
矢部駅,2024,mansion,1,11000000,11000000,11000000,11000000,404040.0,404040.0,90,1986.0,
矢部駅,2025,mansion,1,4000000,4000000,4000000,4000000,146924.0,146924.0,90,1986.0,
矢野口駅,2021,house,20,42000000,42600000,14000000,80000000,1322314.0,1273934.0,108,2010.0,10.0
矢野口駅,2022,house,13,41000000,41142857,16000000,180000000,1388430.0,1364697.0,120,2021.0,11.0
矢野口駅,2023,house,10,40000000,37300000,7000000,66000000,1512451.0,1363074.0,100,2014.0,12.0
矢野口駅,2024,house,18,49500000,46214286,9000000,370000000,1522401.0,1464162.0,102,2017.0,9.0
矢野口駅,2025,house,37,50000000,49645161,27000000,63000000,1670291.0,1633213.0,105,2025.0,14.0
矢野口駅,2021,land,12,35500000,35200000,25000000,400000000,850000.0,853636.0,140,,9.0
矢野口駅,2022,land,5,43000000,52600000,24000000,80000000,920000.0,900000.0,220,,8.0
矢野口駅,2023,land,1,39000000,39000000,39000000,39000000,800000.0,800000.0,120,,9.0
矢野口駅,2024,land,7,42000000,41666667,36000000,110000000,1100000.0,1094286.0,135,,9.0
矢野口駅,2025,land,13,44000000,45384615,11000000,100000000,860000.0,893846.0,130,,10.0
矢野口駅,2021,mansion,12,22500000,20375000,3700000,37000000,1079890.0,1044695.0,62,1997.0,4.0
矢野口駅,2022,mansion,18,23500000,19433333,2500000,33000000,1200618.0,1136564.0,60,1995.0,8.0
矢野口駅,2023,mansion,16,27500000,22643750,5400000,34000000,1345927.0,1248013.0,65,1996.0,8.0
矢野口駅,2024,mansion,8,27000000,28714286,5000000,40000000,1550213.0,1541984.0,58,2001.0,9.0
矢野口駅,2025,mansion,8,14000000,16487500,2000000,30000000,1140677.0,1067895.0,60,1981.0,7.0
石川台駅,2021,house,21,66000000,70105263,23000000,200000000,2081420.0,2145266.0,80,2001.0,10.0
石川台駅,2022,house,25,84000000,80238095,25000000,410000000,2865014.0,2696581.0,100,2012.0,9.0
石川台駅,2023,house,22,66000000,66500000,16000000,420000000,2306317.0,2334272.0,68,2009.0,10.0
石川台駅,2024,house,35,80000000,85235294,10000000,250000000,2951594.0,2793245.0,90,2020.0,6.0
石川台駅,2025,house,26,80500000,83652174,19000000,480000000,2839086.0,2832993.0,98,2020.0,8.0
石川台駅,2021,land,11,58000000,57777778,41000000,100000000,2300000.0,2363636.0,80,,6.0
石川台駅,2022,land,6,81000000,101333333,40000000,210000000,1950000.0,1800000.0,142,,7.0
石川台駅,2023,land,4,98500000,105000000,43000000,180000000,1950000.0,2000000.0,185,,6.0
石川台駅,2024,land,10,74500000,65625000,26000000,400000000,2250000.0,2311111.0,108,,8.0
石川台駅,2025,land,4,72500000,80750000,48000000,130000000,2200000.0,2100000.0,112,,12.0
石川台駅,2021,mansion,52,37000000,35746154,9800000,79000000,2359822.0,2475216.0,52,1996.0,5.0
石川台駅,2022,mansion,45,35000000,37558140,17000000,150000000,2571166.0,2664028.0,50,1998.0,5.0
石川台駅,2023,mansion,35,38000000,41051429,7800000,86000000,2497704.0,2623182.0,50,1995.0,5.0
石川台駅,2024,mansion,58,44500000,42846552,8500000,80000000,2385251.0,2561880.0,55,1988.0,5.0
石川台駅,2025,mansion,47,44000000,46382979,9000000,94000000,2842975.0,2758060.0,60,1985.0,5.0
石神井公園駅,2021,house,123,61000000,58353448,7000000,520000000,1983471.0,1933733.0,105,2017.0,15.0
石神井公園駅,2022,house,115,66000000,63922330,7000000,240000000,2296651.0,2172792.0,105,2020.0,14.0
石神井公園駅,2023,house,83,59000000,52729730,11000000,480000000,2082645.0,1988052.0,100,2008.0,15.0
石神井公園駅,2024,house,115,64000000,57608247,8000000,750000000,1995715.0,1999515.0,110,2009.0,15.0
石神井公園駅,2025,house,164,68500000,66723026,5000000,1000000000,2314050.0,2289018.0,100,2022.0,15.0
石神井公園駅,2021,land,28,52500000,48909091,12000000,1000000000,1500000.0,1372963.0,132,,13.0
石神井公園駅,2022,land,37,64000000,67818182,40000000,880000000,1600000.0,1672778.0,115,,12.0
石神井公園駅,2023,land,18,74500000,89750000,23000000,1100000000,1650000.0,1747778.0,162,,14.0
石神井公園駅,2024,land,23,53000000,63695652,15000000,150000000,1600000.0,1564091.0,110,,15.0
石神井公園駅,2025,land,28,71000000,93000000,28000000,2100000000,1950000.0,1936923.0,115,,11.0
石神井公園駅,2021,mansion,80,38000000,37705195,6500000,110000000,2011019.0,2170234.0,65,2001.0,11.0
石神井公園駅,2022,mansion,71,43000000,43522535,6800000,86000000,2455726.0,2586018.0,60,2005.0,7.0
石神井公園駅,2023,mansion,88,42000000,42906977,5500000,150000000,2275410.0,2332294.0,65,2002.0,8.0
石神井公園駅,2024,mansion,106,54500000,54042857,5600000,150000000,2809917.0,2784801.0,65,2002.0,8.0
石神井公園駅,2025,mansion,92,62000000,60805556,1500000,200000000,3144142.0,3073907.0,68,2002.0,7.0
石神前駅,2021,house,3,23000000,29666667,10000000,56000000,760331.0,761752.0,145,2019.0,10.0
石神前駅,2022,house,1,12000000,12000000,12000000,12000000,255932.0,255932.0,290,1965.0,19.0
石神前駅,2023,house,1,35000000,35000000,35000000,35000000,826446.0,826446.0,310,2008.0,15.0
石神前駅,2024,house,2,13500000,13500000,11000000,16000000,422566.0,422566.0,155,2003.0,9.0
石神前駅,2025,house,4,5800000,7600000,3800000,15000000,194674.0,269573.0,142,1985.0,10.0
石神前駅,2021,land,1,12000000,12000000,12000000,12000000,190000.0,190000.0,200,,14.0
石神前駅,2022,land,1,1000000,1000000,1000000,1000000,110000.0,110000.0,30,,12.0
石神前駅,2023,land,1,5000000,5000000,5000000,5000000,85000.0,85000.0,195,,12.0
石神前駅,2024,land,1,8500000,8500000,8500000,8500000,100000.0,100000.0,280,,9.0
砂川七番駅,2021,house,12,40500000,40545455,24000000,89000000,1325987.0,1363796.0,125,2017.0,12.0
砂川七番駅,2022,house,9,55000000,54750000,45000000,98000000,1652892.0,1641334.0,130,2022.0,15.0
砂川七番駅,2023,house,21,50000000,49105263,15000000,250000000,1739887.0,1761330.0,120,2023.0,15.0
砂川七番駅,2024,house,21,49000000,48619048,29000000,62000000,1739887.0,1754146.0,120,2024.0,10.0
砂川七番駅,2025,house,21,44000000,44052632,34000000,150000000,1685950.0,1602839.0,120,2024.0,15.0
砂川七番駅,2021,land,4,37000000,29666667,15000000,85000000,645000.0,697500.0,150,,12.0
砂川七番駅,2022,land,8,37500000,38000000,3300000,48000000,850000.0,862500.0,120,,10.0
砂川七番駅,2023,land,8,37000000,31428571,10000000,110000000,825000.0,806250.0,118,,12.0
砂川七番駅,2024,land,11,39000000,39800000,30000000,120000000,950000.0,950000.0,120,,8.0
砂川七番駅,2025,land,7,36000000,39714286,19000000,63000000,980000.0,1044286.0,120,,6.0
砂川七番駅,2021,mansion,2,6300000,6300000,4600000,8000000,416529.0,416529.0,50,1971.0,6.0
砂川七番駅,2022,mansion,1,25000000,25000000,25000000,25000000,1101928.0,1101928.0,75,1996.0,13.0
砂川七番駅,2023,mansion,1,8800000,8800000,8800000,8800000,1454545.0,1454545.0,20,1989.0,5.0
砂川七番駅,2024,mansion,4,15000000,15333333,5800000,16000000,1024793.0,1057350.0,50,1992.0,14.0
砂川七番駅,2025,mansion,2,16500000,16500000,16000000,17000000,1153352.0,1153352.0,48,1971.0,8.0
祐天寺駅,2021,house,41,110000000,108777778,24000000,1600000000,2759792.0,3159604.0,90,2001.0,10.0
祐天寺駅,2022,house,36,110000000,100266667,54000000,760000000,2887812.0,3058313.0,92,2007.0,12.0
祐天寺駅,2023,house,33,120000000,125600000,11000000,1600000000,3647763.0,3600257.0,85,2012.0,10.0
祐天寺駅,2024,house,48,120000000,118613636,33000000,580000000,3719008.0,3705914.0,75,2007.0,10.0
祐天寺駅,2025,house,49,130000000,126377778,29000000,1500000000,3636364.0,3597652.0,85,1999.0,10.0
祐天寺駅,2021,land,26,95000000,118240000,15000000,500000000,3350000.0,3291304.0,100,,10.0
祐天寺駅,2022,land,10,81500000,81166667,5000000,150000000,3050000.0,3250000.0,90,,11.0
祐天寺駅,2023,land,11,120000000,110300000,50000000,520000000,4000000.0,3972727.0,85,,8.0
祐天寺駅,2024,land,18,110000000,101687500,45000000,300000000,3650000.0,3511765.0,102,,9.0
祐天寺駅,2025,land,11,110000000,98666667,27000000,650000000,4700000.0,4552727.0,90,,7.0
祐天寺駅,2021,mansion,51,54000000,54600000,8600000,120000000,3449515.0,3279213.0,55,2000.0,8.0
祐天寺駅,2022,mansion,60,43500000,52505085,9400000,240000000,3561983.0,3428274.0,45,1996.0,8.0
祐天寺駅,2023,mansion,66,55000000,57987500,8800000,180000000,3845406.0,3514531.0,55,2002.0,9.0
祐天寺駅,2024,mansion,57,65000000,69139286,9000000,210000000,3719008.0,3978850.0,60,2002.0,8.0
祐天寺駅,2025,mansion,80,71000000,75544304,10000000,330000000,4120210.0,4385716.0,55,2001.0,9.0
祖師ケ谷大蔵駅,2021,house,107,74000000,73589474,17000000,540000000,2435051.0,2457251.0,100,2015.0,13.0
祖師ケ谷大蔵駅,2022,house,70,81000000,81015625,13000000,990000000,2676112.0,2780935.0,95,2018.0,13.0
祖師ケ谷大蔵駅,2023,house,54,82000000,85166667,15000000,900000000,2764838.0,2737538.0,102,2008.0,12.0
祖師ケ谷大蔵駅,2024,house,65,90000000,89864407,12000000,340000000,2842385.0,2827576.0,110,2016.0,14.0
祖師ケ谷大蔵駅,2025,house,80,86500000,79279412,12000000,1500000000,2957808.0,2849539.0,90,2014.0,13.0
祖師ケ谷大蔵駅,2021,land,22,61000000,62500000,48000000,290000000,1750000.0,1745455.0,130,,13.0
祖師ケ谷大蔵駅,2022,land,13,64000000,56300000,19000000,3300000000,2000000.0,2066667.0,105,,8.0
祖師ケ谷大蔵駅,2023,land,18,81000000,77071429,37000000,640000000,2500000.0,2611111.0,108,,8.0
祖師ケ谷大蔵駅,2024,land,23,82000000,80052632,21000000,640000000,2400000.0,2272727.0,120,,12.0
祖師ケ谷大蔵駅,2025,land,23,80000000,85409091,40000000,290000000,2500000.0,2400000.0,115,,8.0
祖師ケ谷大蔵駅,2021,mansion,64,46500000,46975000,6900000,94000000,2644628.0,2528170.0,68,2001.0,10.0
祖師ケ谷大蔵駅,2022,mansion,60,50500000,47630000,5500000,95000000,2665289.0,2632213.0,65,2000.0,10.0
祖師ケ谷大蔵駅,2023,mansion,52,59500000,57267308,6900000,130000000,2975206.0,2982091.0,68,2005.0,10.0
祖師ケ谷大蔵駅,2024,mansion,62,46000000,49154839,9100000,120000000,2570248.0,2609823.0,65,1998.0,13.0
祖師ケ谷大蔵駅,2025,mansion,92,57000000,60084783,6600000,140000000,2952769.0,3020555.0,70,2004.0,11.0
神保町駅,2021,house,6,320000000,416833333,71000000,790000000,3195771.0,2937905.0,120,1984.0,2.0
神保町駅,2022,house,6,580000000,585000000,130000000,1100000000,4520276.0,4328246.0,120,1987.0,3.0
神保町駅,2023,house,4,390000000,382500000,200000000,550000000,4161747.0,3873257.0,120,1994.0,2.0
神保町駅,2024,house,6,310000000,265000000,95000000,1500000000,3336721.0,4932573.0,70,1975.0,4.0
神保町駅,2025,house,6,235000000,272000000,72000000,550000000,3873061.0,4618077.0,95,1982.0,3.0
神保町駅,2021,land,3,170000000,188333333,75000000,320000000,8900000.0,8766667.0,65,,1.0
神保町駅,2022,land,3,210000000,260000000,80000000,490000000,7100000.0,7200000.0,125,,3.0
神保町駅,2024,land,2,115500000,115500000,81000000,150000000,9350000.0,9350000.0,42,,4.0
神保町駅,2025,land,2,195000000,195000000,180000000,210000000,8200000.0,8200000.0,90,,4.0
神保町駅,2021,mansion,25,60000000,56000000,15000000,220000000,4462810.0,4815378.0,40,2009.0,2.0
神保町駅,2022,mansion,28,48500000,42565217,18000000,190000000,4451003.0,4485111.0,35,2006.0,3.0
神保町駅,2023,mansion,29,97000000,91068966,28000000,190000000,5830203.0,5743561.0,50,2009.0,2.0
神保町駅,2024,mansion,36,105000000,103647059,18000000,560000000,6611570.0,6664859.0,50,2004.0,2.0
神保町駅,2025,mansion,49,62000000,102833333,18000000,670000000,6233766.0,6450613.0,35,2003.0,2.0
神楽坂駅,2021,house,11,110000000,137900000,18000000,680000000,2892562.0,2613933.0,100,1997.0,4.0
神楽坂駅,2022,house,10,96000000,94714286,30000000,870000000,3340583.0,3460346.0,72,1988.0,5.0
神楽坂駅,2023,house,14,93500000,105285714,22000000,250000000,2558048.0,2716712.0,102,1986.0,5.0
神楽坂駅,2024,house,10,270000000,289300000,52000000,760000000,3882433.0,4363974.0,122,1999.0,5.0
神楽坂駅,2025,house,11,300000000,243600000,76000000,560000000,4338843.0,4565258.0,185,1988.0,5.0
神楽坂駅,2021,land,4,130000000,140000000,75000000,160000000,3700000.0,3850000.0,112,,4.0
神楽坂駅,2022,land,5,160000000,117500000,68000000,350000000,3700000.0,3900000.0,145,,5.0
神楽坂駅,2023,land,1,140000000,140000000,140000000,140000000,5800000.0,5800000.0,75,,3.0
神楽坂駅,2024,land,6,125000000,146666667,70000000,260000000,4500000.0,4166667.0,118,,4.0
神楽坂駅,2025,land,4,125000000,113333333,90000000,1000000000,5900000.0,5666667.0,68,,4.0
神楽坂駅,2021,mansion,74,55000000,58054795,18000000,180000000,3966942.0,3950105.0,50,2004.0,5.0
神楽坂駅,2022,mansion,73,69000000,65369863,13000000,130000000,4486422.0,4397382.0,55,2010.0,5.0
神楽坂駅,2023,mansion,81,76000000,72400000,14000000,220000000,4462810.0,4419035.0,55,2004.0,5.0
神楽坂駅,2024,mansion,105,75000000,76666667,13000000,170000000,4958678.0,4966540.0,55,2005.0,5.0
神楽坂駅,2025,mansion,85,74000000,89235294,11000000,200000000,5730027.0,5792482.0,45,2010.0,4.0
神泉駅,2021,house,6,540000000,810000000,140000000,2100000000,5614973.0,4687762.0,375,2009.0,7.0
神泉駅,2022,house,4,425000000,660000000,190000000,1600000000,6558251.0,5641054.0,152,1998.0,2.0
神泉駅,2023,house,10,500000000,503500000,95000000,1100000000,4380165.0,4432477.0,150,1989.0,2.0
神泉駅,2024,house,3,130000000,166000000,88000000,280000000,3048668.0,3048668.0,70,1999.0,10.0
神泉駅,2025,house,3,340000000,280000000,140000000,360000000,4628099.0,5051045.0,145,2008.0,10.0
神泉駅,2021,land,2,161000000,161000000,72000000,250000000,4750000.0,4750000.0,105,,4.0
神泉駅,2022,land,3,300000000,323333333,190000000,480000000,7200000.0,6733333.0,140,,2.0
神泉駅,2023,land,1,110000000,110000000,110000000,110000000,3700000.0,3700000.0,100,,6.0
神泉駅,2024,land,4,1475000000,1532500000,780000000,2400000000,11550000.0,11650000.0,400,,6.0
神泉駅,2025,land,5,1700000000,1266000000,140000000,2500000000,9800000.0,9100000.0,330,,8.0
神泉駅,2021,mansion,58,39500000,42758929,1500000,130000000,3532467.0,3494671.0,40,1998.0,5.0
神泉駅,2022,mansion,70,48500000,48191304,2200000,120000000,3778040.0,3822997.0,40,1999.0,5.0
神泉駅,2023,mansion,77,47000000,50106667,15000000,190000000,4407713.0,4225550.0,40,2000.0,6.0
神泉駅,2024,mansion,73,46000000,57323944,18000000,140000000,4272091.0,4277536.0,40,2000.0,6.0
神泉駅,2025,mansion,96,60000000,63311828,19000000,350000000,4784206.0,4806087.0,45,1999.0,5.0
神田駅,2021,house,5,190000000,187500000,60000000,1300000000,2387511.0,2778193.0,75,1977.0,3.0
神田駅,2022,house,7,1100000000,988571429,90000000,1900000000,3581267.0,3442263.0,110,1984.0,2.0
神田駅,2023,house,4,2195000000,2610000000,350000000,5700000000,6446281.0,6127680.0,188,2018.0,2.0
神田駅,2024,house,4,470000000,585000000,300000000,1100000000,4573003.0,4183988.0,85,1984.0,3.0
神田駅,2025,house,4,1145000000,1115000000,170000000,2000000000,4958678.0,5504531.0,110,1993.0,2.0
神田駅,2021,land,1,80000000,80000000,80000000,80000000,7800000.0,7800000.0,35,,1.0
神田駅,2022,land,1,800000000,800000000,800000000,800000000,24000000.0,24000000.0,110,,1.0
神田駅,2023,land,1,1000000000,1000000000,1000000000,1000000000,31000000.0,31000000.0,110,,3.0
神田駅,2025,land,2,300000000,300000000,100000000,500000000,12200000.0,12200000.0,70,,5.0
神田駅,2021,mansion,30,38500000,38370370,14000000,100000000,4171586.0,4160932.0,28,2012.0,3.0
神田駅,2022,mansion,37,39000000,48864865,12000000,120000000,4447783.0,4512243.0,30,2007.0,2.0
神田駅,2023,mansion,33,43000000,48531250,14000000,300000000,4231405.0,4459354.0,30,2011.0,2.0
神田駅,2024,mansion,31,32000000,38793103,14000000,300000000,4077135.0,4108512.0,30,2007.0,5.0
神田駅,2025,mansion,55,39000000,49576923,12000000,310000000,4628099.0,4853626.0,30,2005.0,3.0
神谷町駅,2021,house,3,1500000000,1666666667,1000000000,2500000000,8854781.0,7924494.0,175,2020.0,4.0
神谷町駅,2023,house,1,960000000,960000000,960000000,960000000,7212622.0,7212622.0,180,1983.0,1.0
神谷町駅,2021,land,1,2000000000,2000000000,2000000000,2000000000,38000000.0,38000000.0,170,,1.0
神谷町駅,2021,mansion,47,100000000,114456522,18000000,590000000,5981897.0,5545155.0,55,2008.0,4.0
神谷町駅,2022,mansion,43,140000000,145833333,18000000,420000000,6611570.0,7023962.0,65,2012.0,3.0
神谷町駅,2023,mansion,50,115000000,121723404,20000000,3000000000,6611570.0,6832667.0,55,2008.0,3.0
神谷町駅,2024,mansion,36,240000000,291911765,34000000,3000000000,10484061.0,11505079.0,72,2012.0,3.0
神谷町駅,2025,mansion,51,200000000,215860000,22000000,1100000000,9663064.0,10351114.0,65,2008.0,4.0
福生駅,2021,house,47,32000000,29304348,8000000,69000000,1043932.0,982646.0,130,2020.0,11.0
福生駅,2022,house,34,27000000,27483871,6000000,78000000,991736.0,1007386.0,120,2006.0,12.0
福生駅,2023,house,47,34000000,32880952,13000000,200000000,1083563.0,1063048.0,130,2011.0,10.0
福生駅,2024,house,49,34000000,32090909,11000000,680000000,991736.0,1082544.0,130,2014.0,11.0
福生駅,2025,house,41,32000000,32225000,2000000,520000000,823003.0,977568.0,130,2007.0,10.0
福生駅,2021,land,15,27000000,25686667,600000,50000000,460000.0,468933.0,160,,8.0
福生駅,2022,land,20,40500000,61950000,10000000,210000000,530000.0,535263.0,240,,8.0
福生駅,2023,land,14,35000000,53547857,670000,150000000,545000.0,595455.0,220,,8.0
福生駅,2024,land,22,24000000,28760000,7200000,140000000,515000.0,484762.0,142,,10.0
福生駅,2025,land,18,27000000,29187500,2000000,150000000,475000.0,526667.0,170,,11.0
福生駅,2021,mansion,36,11500000,11888889,1700000,23000000,708625.0,671111.0,58,1990.0,5.0
福生駅,2022,mansion,37,14000000,12918919,3600000,25000000,755608.0,775356.0,55,1990.0,5.0
福生駅,2023,mansion,35,16000000,15820000,2000000,38000000,859504.0,848756.0,55,1991.0,5.0
福生駅,2024,mansion,30,11500000,14280000,3000000,30000000,760331.0,786478.0,60,1990.0,6.0
福生駅,2025,mansion,56,15500000,14990909,3000000,46000000,880937.0,859689.0,60,1990.0,8.0
秋川駅,2021,house,36,21500000,22088571,3000000,62000000,728143.0,741025.0,155,2007.0,15.0
秋川駅,2022,house,33,23000000,22745161,2000000,120000000,678556.0,715586.0,150,1998.0,13.0
秋川駅,2023,house,35,26000000,24842424,3000000,370000000,857717.0,813565.0,140,2001.0,10.0
秋川駅,2024,house,23,27000000,26773913,9000000,50000000,893455.0,917207.0,140,2016.0,10.0
秋川駅,2025,house,56,26000000,23520755,2500000,170000000,773459.0,787916.0,135,2016.0,15.0
秋川駅,2021,land,14,13500000,11716667,2500000,220000000,285000.0,286643.0,142,,11.0
秋川駅,2022,land,12,21000000,20481818,5500000,90000000,280000.0,299333.0,235,,9.0
秋川駅,2023,land,12,16500000,13532000,520000,43000000,375000.0,296358.0,148,,12.0
秋川駅,2024,land,13,22000000,57615385,8000000,180000000,410000.0,377692.0,195,,9.0
秋川駅,2025,land,13,28000000,39100000,3500000,100000000,390000.0,387833.0,165,,10.0
秋川駅,2021,mansion,1,17000000,17000000,17000000,17000000,864590.0,864590.0,65,1998.0,7.0
秋川駅,2022,mansion,1,21000000,21000000,21000000,21000000,991736.0,991736.0,70,1998.0,6.0
秋川駅,2023,mansion,3,25000000,24666667,17000000,32000000,1377410.0,1289821.0,65,1998.0,7.0
秋川駅,2024,mansion,1,18000000,18000000,18000000,18000000,915448.0,915448.0,65,1998.0,6.0
秋川駅,2025,mansion,4,21000000,21000000,18000000,24000000,1062574.0,1065298.0,65,1998.0,7.0
秋津駅,2021,house,32,43000000,43000000,8100000,93000000,1549182.0,1397357.0,120,2021.0,11.0
秋津駅,2022,house,31,39000000,33035714,11000000,190000000,1259347.0,1169299.0,120,2016.0,15.0
秋津駅,2023,house,25,41000000,38666667,9000000,95000000,1511216.0,1387382.0,110,2023.0,11.0
秋津駅,2024,house,23,41000000,42047619,16000000,110000000,1322314.0,1398668.0,120,2023.0,10.0
秋津駅,2025,house,49,45000000,42808511,23000000,140000000,1390170.0,1424747.0,120,2025.0,15.0
秋津駅,2021,land,12,24000000,21750000,8000000,33000000,520000.0,532500.0,142,,14.0
秋津駅,2022,land,2,29000000,29000000,25000000,33000000,830000.0,830000.0,115,,16.0
秋津駅,2023,land,5,45000000,49400000,37000000,61000000,840000.0,830000.0,170,,15.0
秋津駅,2024,land,9,35000000,31875000,5000000,190000000,770000.0,880000.0,165,,7.0
秋津駅,2025,land,12,26000000,28500000,19000000,45000000,690000.0,693000.0,120,,15.0
秋津駅,2021,mansion,2,30500000,30500000,29000000,32000000,1221439.0,1221439.0,82,2004.0,4.0
秋津駅,2022,mansion,9,29000000,33857143,9000000,44000000,1735537.0,1730485.0,45,1999.0,2.0
秋津駅,2023,mansion,3,33000000,30666667,26000000,33000000,1363636.0,1383314.0,70,2008.0,10.0
秋津駅,2024,mansion,4,39000000,37500000,32000000,40000000,1675116.0,1606490.0,78,2008.0,6.0
秋津駅,2025,mansion,3,34000000,25233333,4700000,37000000,1438989.0,1761573.0,40,1999.0,3.0
秋葉原駅,2021,house,6,930000000,1145000000,140000000,2900000000,4638219.0,4847745.0,145,1986.0,4.0
秋葉原駅,2022,house,4,1100000000,783333333,150000000,5500000000,4057155.0,4840292.0,172,1984.0,4.0
秋葉原駅,2023,house,2,230000000,230000000,100000000,360000000,3491825.0,3491825.0,152,1966.0,4.0
秋葉原駅,2024,house,9,320000000,512000000,58000000,1600000000,3486101.0,4204303.0,120,1985.0,5.0
秋葉原駅,2025,house,7,450000000,580000000,150000000,1300000000,4601295.0,4151577.0,140,1983.0,5.0
秋葉原駅,2021,land,1,180000000,180000000,180000000,180000000,5800000.0,5800000.0,100,,6.0
秋葉原駅,2022,land,2,585000000,585000000,170000000,1000000000,11950000.0,11950000.0,145,,4.0
秋葉原駅,2023,land,1,9600000,9600000,9600000,9600000,940000.0,940000.0,35,,1.0
秋葉原駅,2024,land,4,235000000,213333333,170000000,430000000,8850000.0,9000000.0,85,,5.0
秋葉原駅,2025,land,2,395000000,395000000,220000000,570000000,12000000.0,12000000.0,105,,5.0
秋葉原駅,2021,mansion,50,57500000,56285714,14000000,150000000,3773317.0,3761007.0,50,2005.0,5.0
秋葉原駅,2022,mansion,57,57000000,65800000,18000000,190000000,4207363.0,4305688.0,45,2006.0,5.0
秋葉原駅,2023,mansion,49,50000000,50804348,16000000,150000000,3966942.0,4174902.0,45,2008.0,6.0
秋葉原駅,2024,mansion,41,67000000,70282051,13000000,210000000,4507889.0,4538051.0,50,2006.0,6.0
秋葉原駅,2025,mansion,48,70000000,72217391,14000000,280000000,5093089.0,5034450.0,45,2006.0,6.0
程久保駅,2021,house,13,31000000,31576923,7500000,49000000,1088964.0,989108.0,160,2021.0,7.0
程久保駅,2022,house,5,30000000,26700000,6500000,42000000,1101928.0,1019431.0,110,2022.0,7.0
程久保駅,2023,house,3,30000000,35666667,27000000,50000000,1525747.0,1288409.0,140,2001.0,7.0
程久保駅,2024,house,5,26000000,27400000,15000000,47000000,1011181.0,871894.0,185,1993.0,7.0
程久保駅,2025,house,14,36000000,30916667,11000000,210000000,1160188.0,1116374.0,142,2018.0,8.0
程久保駅,2021,land,4,10250000,11675000,6200000,20000000,250000.0,270000.0,160,,4.0
程久保駅,2022,land,1,32000000,32000000,32000000,32000000,530000.0,530000.0,200,,7.0
程久保駅,2024,land,1,44000000,44000000,44000000,44000000,620000.0,620000.0,230,,6.0
程久保駅,2021,mansion,2,13500000,13500000,6000000,21000000,754397.0,754397.0,55,1984.0,8.0
程久保駅,2023,mansion,2,27000000,27000000,21000000,33000000,1261284.0,1261284.0,70,2003.0,7.0
程久保駅,2024,mansion,3,32000000,30666667,28000000,32000000,1511216.0,1520903.0,65,2007.0,1.0
程久保駅,2025,mansion,2,5550000,5550000,4100000,7000000,392654.0,392654.0,48,1978.0,14.0
稲城長沼駅,2021,house,42,42500000,40393939,7500000,340000000,1561065.0,1547383.0,100,2021.0,10.0
稲城長沼駅,2022,house,26,46500000,47000000,14000000,72000000,1700118.0,1586344.0,110,2021.0,10.0
稲城長沼駅,2023,house,26,46000000,49304348,17000000,320000000,1404959.0,1252020.0,132,2002.0,8.0
稲城長沼駅,2024,house,26,51000000,46125000,20000000,240000000,1618260.0,1642239.0,115,2024.0,10.0
稲城長沼駅,2025,house,36,51500000,44282857,8100000,130000000,1734225.0,1551249.0,115,2024.0,10.0
稲城長沼駅,2021,land,7,32000000,33142857,29000000,40000000,880000.0,878333.0,120,,10.0
稲城長沼駅,2022,land,5,29000000,25600000,3000000,45000000,750000.0,636000.0,130,,9.0
稲城長沼駅,2023,land,12,66500000,101750000,21000000,260000000,640000.0,763636.0,295,,6.0
稲城長沼駅,2024,land,13,42000000,36454545,20000000,74000000,990000.0,906154.0,125,,8.0
稲城長沼駅,2025,land,4,40500000,38000000,33000000,170000000,1050000.0,1050000.0,120,,12.0
稲城長沼駅,2021,mansion,11,30000000,30181818,16000000,40000000,1322314.0,1479178.0,70,2008.0,9.0
稲城長沼駅,2022,mansion,11,27000000,27400000,2500000,37000000,1169739.0,1343974.0,65,2013.0,9.0
稲城長沼駅,2023,mansion,13,24000000,25846154,11000000,43000000,1133412.0,1308659.0,65,2006.0,8.0
稲城長沼駅,2024,mansion,6,28000000,25166667,8000000,39000000,1416765.0,1320355.0,62,1998.0,10.0
稲城長沼駅,2025,mansion,17,17000000,17047059,2800000,25000000,961683.0,954666.0,60,1979.0,9.0
稲城駅,2021,house,23,44000000,46045455,9600000,59000000,1454545.0,1474740.0,135,2015.0,15.0
稲城駅,2022,house,26,55500000,53153846,18000000,79000000,1785124.0,1767191.0,125,2022.0,10.0
稲城駅,2023,house,25,54000000,50360000,22000000,98000000,1502630.0,1593395.0,125,2018.0,13.0
稲城駅,2024,house,24,52000000,55608696,6300000,90000000,1752066.0,1654335.0,145,2017.0,12.0
稲城駅,2025,house,26,57000000,54923077,38000000,72000000,1698065.0,1682214.0,138,2025.0,15.0
稲城駅,2021,land,4,30000000,28500000,10000000,44000000,320000.0,238333.0,198,,14.0
稲城駅,2022,land,2,71000000,71000000,47000000,95000000,745000.0,745000.0,478,,14.0
稲城駅,2023,land,9,39000000,40777778,6000000,68000000,870000.0,848889.0,135,,18.0
稲城駅,2024,land,3,36000000,57000000,25000000,110000000,730000.0,880000.0,115,,19.0
稲城駅,2025,land,3,53000000,47666667,11000000,79000000,850000.0,632333.0,260,,18.0
稲城駅,2021,mansion,52,29000000,31634615,3000000,50000000,1377410.0,1329532.0,80,1998.0,6.0
稲城駅,2022,mansion,49,32000000,34659574,2800000,55000000,1511216.0,1395561.0,80,1996.0,6.0
稲城駅,2023,mansion,34,36500000,36205882,17000000,58000000,1632231.0,1501294.0,78,1995.0,8.0
稲城駅,2024,mansion,38,37000000,39347368,2200000,70000000,1596176.0,1583961.0,80,2002.0,6.0
稲城駅,2025,mansion,51,34000000,35356863,3400000,57000000,1322314.0,1447320.0,80,1996.0,4.0
稲毛駅,2024,mansion,1,58000000,58000000,58000000,58000000,3195592.0,3195592.0,60,1996.0,
稲荷町駅,2021,house,8,165000000,223375000,38000000,670000000,1793875.0,1938120.0,85,1990.0,5.0
稲荷町駅,2022,house,4,90000000,83666667,71000000,900000000,3099173.0,2957759.0,60,2008.0,4.0
稲荷町駅,2023,house,4,126500000,178500000,31000000,430000000,2334928.0,2334928.0,75,1988.0,6.0
稲荷町駅,2024,house,8,140000000,136375000,58000000,260000000,2034329.0,2078472.0,48,1980.0,4.0
稲荷町駅,2025,house,4,122500000,130000000,65000000,210000000,3161485.0,3481234.0,45,1988.0,4.0
稲荷町駅,2023,land,3,130000000,316666667,30000000,790000000,6300000.0,6633333.0,70,,2.0
稲荷町駅,2024,land,3,560000000,523333333,100000000,910000000,11000000.0,13666667.0,75,,4.0
稲荷町駅,2025,land,3,99000000,95333333,67000000,120000000,6000000.0,5433333.0,65,,6.0
稲荷町駅,2021,mansion,40,50000000,47125000,17000000,85000000,3305785.0,3362034.0,50,2012.0,4.0
稲荷町駅,2022,mansion,32,44500000,45468750,7000000,87000000,3438016.0,3264835.0,45,2012.0,4.0
稲荷町駅,2023,mansion,39,43000000,47820513,12000000,110000000,3553719.0,3733767.0,40,2015.0,4.0
稲荷町駅,2024,mansion,32,54500000,56709677,14000000,140000000,3991986.0,4073161.0,45,2015.0,4.0
稲荷町駅,2025,mansion,45,39000000,54266667,15000000,140000000,4077135.0,4234136.0,40,2011.0,3.0
穴守稲荷駅,2021,house,10,55000000,56800000,21000000,97000000,1586777.0,2171352.0,90,1996.0,8.0
穴守稲荷駅,2022,house,14,55000000,68115385,8500000,4000000000,1707989.0,2079820.0,72,1995.0,7.0
穴守稲荷駅,2023,house,8,31500000,31714286,18000000,71000000,1339713.0,1420849.0,60,1998.0,6.0
穴守稲荷駅,2024,house,19,48000000,50352941,19000000,130000000,2115702.0,1994711.0,60,2021.0,8.0
穴守稲荷駅,2025,house,11,59000000,67700000,11000000,270000000,1861472.0,1836885.0,60,2024.0,6.0
穴守稲荷駅,2021,land,7,52000000,77500000,11000000,360000000,2100000.0,1871429.0,90,,4.0
穴守稲荷駅,2022,land,10,67000000,74333333,13000000,280000000,1800000.0,1680000.0,145,,8.0
穴守稲荷駅,2023,land,7,60000000,72166667,10000000,100000000,1600000.0,1394286.0,145,,8.0
穴守稲荷駅,2024,land,7,86000000,73500000,10000000,690000000,1600000.0,1671667.0,150,,6.0
穴守稲荷駅,2025,land,5,50000000,50400000,22000000,80000000,1600000.0,1425000.0,100,,6.0
穴守稲荷駅,2021,mansion,24,19000000,19966667,6500000,42000000,1642875.0,1821493.0,32,1988.0,5.0
穴守稲荷駅,2022,mansion,5,19000000,21400000,15000000,29000000,1917355.0,1890909.0,50,1988.0,7.0
穴守稲荷駅,2023,mansion,14,22000000,25500000,11000000,46000000,2143251.0,2550177.0,38,1994.0,5.0
穴守稲荷駅,2024,mansion,11,22000000,21818182,14000000,30000000,3085399.0,2735638.0,25,1998.0,7.0
穴守稲荷駅,2025,mansion,22,25000000,28909091,11000000,63000000,1807162.0,2392406.0,40,1988.0,4.0
立会川駅,2021,house,19,60000000,82411765,18000000,870000000,2455726.0,2180387.0,55,2012.0,5.0
立会川駅,2022,house,6,72500000,75600000,24000000,90000000,2644628.0,2610058.0,78,2010.0,5.0
立会川駅,2023,house,15,68000000,70250000,5000000,400000000,2497704.0,2449036.0,55,2018.0,6.0
立会川駅,2024,house,25,90000000,83050000,23000000,1300000000,2734912.0,2589430.0,80,2009.0,6.0
立会川駅,2025,house,21,83000000,86315789,17000000,850000000,2617715.0,2725815.0,70,2016.0,5.0
立会川駅,2021,land,2,123000000,123000000,66000000,180000000,2500000.0,2500000.0,158,,8.0
立会川駅,2022,land,7,76000000,85166667,51000000,900000000,3200000.0,3116667.0,90,,7.0
立会川駅,2023,land,3,50000000,85000000,25000000,180000000,2500000.0,2833333.0,85,,3.0
立会川駅,2024,land,10,73500000,72100000,13000000,110000000,3250000.0,3244444.0,80,,4.0
立会川駅,2025,land,4,155000000,131333333,84000000,420000000,3200000.0,3100000.0,135,,5.0
立会川駅,2021,mansion,81,37000000,38567901,16000000,87000000,2927981.0,3006538.0,50,2006.0,6.0
立会川駅,2022,mansion,83,35000000,39048193,9000000,89000000,2975207.0,2989461.0,50,2003.0,6.0
立会川駅,2023,mansion,65,36000000,40375000,10000000,120000000,3140496.0,3323881.0,45,2008.0,6.0
立会川駅,2024,mansion,76,37000000,42052632,10000000,90000000,3163382.0,3237286.0,52,2002.0,6.0
立会川駅,2025,mansion,81,35000000,42543210,11000000,98000000,3305785.0,3257418.0,50,2002.0,5.0
立川北駅,2022,mansion,1,15000000,15000000,15000000,15000000,901578.0,901578.0,55,1981.0,11.0
立川北駅,2025,mansion,2,42500000,42500000,37000000,48000000,4014168.0,4014168.0,35,2024.0,7.0
立川南駅,2021,house,1,47000000,47000000,47000000,47000000,,,65,,6.0
立川南駅,2021,land,2,89500000,89500000,39000000,140000000,1065000.0,1065000.0,252,,6.0
立川南駅,2023,land,1,24000000,24000000,24000000,24000000,480000.0,480000.0,165,,8.0
立川南駅,2023,mansion,1,35000000,35000000,35000000,35000000,1928375.0,1928375.0,60,1995.0,7.0
立川駅,2021,house,76,44000000,42913043,14000000,240000000,1518717.0,1432285.0,100,2014.0,15.0
立川駅,2022,house,43,54000000,49350000,19000000,180000000,1603008.0,1613623.0,105,1999.0,15.0
立川駅,2023,house,72,52000000,47142857,5000000,1100000000,1662615.0,1526612.0,108,2006.0,16.0
立川駅,2024,house,63,50000000,45240351,4700000,1200000000,1785124.0,1598066.0,100,2009.0,16.0
立川駅,2025,house,98,51500000,50558140,8300000,210000000,1799816.0,1744017.0,102,2022.0,15.0
立川駅,2021,land,32,36000000,36482759,15000000,1400000000,1000000.0,997742.0,140,,15.0
立川駅,2022,land,18,62000000,75000000,13000000,1500000000,1300000.0,1266250.0,148,,11.0
立川駅,2023,land,17,66000000,65333333,22000000,960000000,1800000.0,1642000.0,140,,14.0
立川駅,2024,land,28,60000000,71280000,20000000,500000000,1300000.0,1298889.0,180,,14.0
立川駅,2025,land,28,60000000,58541667,13000000,650000000,1350000.0,1360000.0,162,,14.0
立川駅,2021,mansion,217,28000000,27996635,3000000,610000000,1928375.0,2058519.0,55,2003.0,9.0
立川駅,2022,mansion,181,32000000,32536517,3000000,100000000,1983471.0,2066759.0,60,2002.0,10.0
立川駅,2023,mansion,176,26000000,29791379,1800000,100000000,2203857.0,2273394.0,45,2005.0,9.0
立川駅,2024,mansion,179,33000000,36349432,2000000,220000000,2534435.0,2451902.0,60,2008.0,9.0
立川駅,2025,mansion,214,33000000,33862381,2000000,130000000,2518407.0,2447560.0,52,2005.0,9.0
立飛駅,2022,house,2,39000000,39000000,38000000,40000000,1313980.0,1313980.0,88,2004.0,11.0
立飛駅,2023,house,2,70000000,70000000,45000000,95000000,1482438.0,1482438.0,152,2012.0,12.0
立飛駅,2024,house,2,46000000,46000000,43000000,49000000,1689295.0,1689295.0,100,2017.0,20.0
立飛駅,2025,house,5,51000000,45800000,29000000,64000000,1322314.0,1446374.0,110,1993.0,15.0
立飛駅,2025,land,1,21000000,21000000,21000000,21000000,790000.0,790000.0,85,,16.0
競艇場前駅,2021,house,10,39500000,38444444,30000000,70000000,1487603.0,1353610.0,110,2018.0,6.0
競艇場前駅,2022,house,15,50000000,43846154,9000000,95000000,1469238.0,1463155.0,95,2017.0,5.0
競艇場前駅,2023,house,11,37000000,33900000,20000000,130000000,1359045.0,1336094.0,110,2008.0,5.0
競艇場前駅,2024,house,5,45000000,44500000,31000000,48000000,1555664.0,1524192.0,100,2024.0,6.0
競艇場前駅,2025,house,23,41000000,41888889,8500000,68000000,1505969.0,1348667.0,105,2024.0,6.0
競艇場前駅,2021,land,3,48000000,86666667,32000000,180000000,760000.0,740000.0,210,,8.0
競艇場前駅,2022,land,1,75000000,75000000,75000000,75000000,560000.0,560000.0,440,,6.0
競艇場前駅,2023,land,5,41000000,30500000,16000000,180000000,770000.0,730000.0,120,,6.0
競艇場前駅,2025,land,2,58500000,58500000,37000000,80000000,1025000.0,1025000.0,180,,4.0
競艇場前駅,2022,mansion,5,22000000,24400000,17000000,35000000,1038961.0,1227863.0,70,2006.0,8.0
競艇場前駅,2023,mansion,2,37500000,37500000,36000000,39000000,1509642.0,1509642.0,82,2006.0,8.0
競艇場前駅,2025,mansion,4,27000000,25750000,16000000,33000000,1278237.0,1278988.0,68,1994.0,4.0
竹ノ塚駅,2021,house,90,41000000,36677922,3100000,320000000,1426707.0,1298704.0,90,2016.0,14.0
竹ノ塚駅,2022,house,86,47500000,45808219,10000000,960000000,1504299.0,1456284.0,95,2021.0,14.0
竹ノ塚駅,2023,house,105,48000000,44442424,6500000,310000000,1583104.0,1431619.0,85,2022.0,14.0
竹ノ塚駅,2024,house,103,44000000,43130435,10000000,390000000,1531100.0,1549941.0,90,2023.0,13.0
竹ノ塚駅,2025,house,137,47000000,45717054,5000000,380000000,1542700.0,1589712.0,90,2024.0,15.0
竹ノ塚駅,2021,land,33,40000000,30338462,3800000,460000000,850000.0,858125.0,115,,15.0
竹ノ塚駅,2022,land,26,46500000,58956522,3000000,390000000,1000000.0,1003750.0,142,,14.0
竹ノ塚駅,2023,land,21,90000000,119047619,17000000,340000000,950000.0,942632.0,340,,14.0
竹ノ塚駅,2024,land,31,48000000,65724138,9000000,1400000000,1100000.0,1066333.0,135,,15.0
竹ノ塚駅,2025,land,17,52000000,58066667,7000000,750000000,1200000.0,1193750.0,130,,14.0
竹ノ塚駅,2021,mansion,97,24000000,23270103,4300000,48000000,1322314.0,1281315.0,60,1995.0,15.0
竹ノ塚駅,2022,mansion,73,28000000,25171233,3700000,47000000,1369540.0,1316935.0,65,1999.0,15.0
竹ノ塚駅,2023,mansion,81,26000000,24393827,4800000,55000000,1298701.0,1272997.0,60,1995.0,15.0
竹ノ塚駅,2024,mansion,88,23000000,22568966,3600000,60000000,1322314.0,1257943.0,60,1992.0,13.0
竹ノ塚駅,2025,mansion,113,28000000,26829730,5400000,70000000,1454545.0,1419437.0,65,1998.0,13.0
竹橋駅,2023,mansion,1,46000000,46000000,46000000,46000000,5068870.0,5068870.0,30,2019.0,5.0
竹橋駅,2025,mansion,2,53500000,53500000,27000000,80000000,4189331.0,4189331.0,40,2007.0,6.0
竹芝駅,2023,mansion,1,42000000,42000000,42000000,42000000,5553719.0,5553719.0,25,2023.0,2.0
竹芝駅,2024,mansion,2,184500000,184500000,59000000,310000000,9594123.0,9594123.0,58,2023.0,2.0
竹芝駅,2025,mansion,1,52000000,52000000,52000000,52000000,6876033.0,6876033.0,25,2023.0,2.0
笹塚駅,2021,house,31,74000000,96066667,20000000,1000000000,2472152.0,2499840.0,90,1994.0,8.0
笹塚駅,2022,house,26,88500000,100880000,20000000,330000000,2683655.0,2764904.0,82,2002.0,8.0
笹塚駅,2023,house,22,84500000,87050000,37000000,630000000,3112948.0,3075775.0,80,2015.0,8.0
笹塚駅,2024,house,30,83000000,77880000,31000000,330000000,2644628.0,2866465.0,75,1995.0,10.0
笹塚駅,2025,house,28,110000000,123111111,12000000,330000000,3439591.0,3566069.0,78,2019.0,10.0
笹塚駅,2021,land,6,66000000,66000000,25000000,150000000,2300000.0,2400000.0,85,,6.0
笹塚駅,2022,land,12,126000000,146583333,59000000,360000000,3250000.0,3716667.0,102,,8.0
笹塚駅,2023,land,7,93000000,98714286,51000000,150000000,3000000.0,3040000.0,115,,7.0
笹塚駅,2024,land,13,100000000,102909091,40000000,500000000,3400000.0,3353846.0,105,,8.0
笹塚駅,2025,land,9,120000000,108250000,42000000,570000000,4000000.0,3722222.0,120,,9.0
笹塚駅,2021,mansion,91,24000000,30015730,6600000,110000000,3041322.0,3016915.0,30,1998.0,5.0
笹塚駅,2022,mansion,103,24000000,28578495,7500000,91000000,3471074.0,3306633.0,25,1999.0,5.0
笹塚駅,2023,mansion,100,30000000,38042424,8500000,100000000,3636364.0,3472731.0,30,2001.0,5.0
笹塚駅,2024,mansion,110,30000000,37289216,8800000,160000000,3801653.0,3695938.0,30,1999.0,6.0
笹塚駅,2025,mansion,126,40500000,44065574,5500000,170000000,3944903.0,3889892.0,35,2000.0,6.0
等々力駅,2021,house,21,82000000,82111111,50000000,400000000,2578512.0,2601784.0,95,2005.0,11.0
等々力駅,2022,house,28,140000000,144851852,56000000,570000000,2892562.0,3255744.0,142,2000.0,7.0
等々力駅,2023,house,19,120000000,140105263,43000000,290000000,3192444.0,3308915.0,135,2002.0,11.0
等々力駅,2024,house,37,110000000,108625000,48000000,1000000000,3041322.0,3195432.0,95,2010.0,11.0
等々力駅,2025,house,28,135000000,137280000,70000000,460000000,3780672.0,3825146.0,115,2021.0,10.0
等々力駅,2021,land,18,74500000,106294118,30000000,290000000,2450000.0,2431250.0,118,,10.0
等々力駅,2022,land,9,79000000,92222222,43000000,150000000,2800000.0,2650000.0,100,,11.0
等々力駅,2023,land,5,120000000,163600000,18000000,410000000,2400000.0,2300000.0,155,,18.0
等々力駅,2024,land,1,200000000,200000000,200000000,200000000,2700000.0,2700000.0,240,,4.0
等々力駅,2025,land,5,100000000,130540000,8700000,300000000,2400000.0,1866000.0,145,,14.0
等々力駅,2021,mansion,51,56000000,55183673,7300000,150000000,2809917.0,2724136.0,65,2002.0,9.0
等々力駅,2022,mansion,62,49000000,51409836,10000000,130000000,2798898.0,2768570.0,68,2000.0,10.0
等々力駅,2023,mansion,30,68000000,68200000,22000000,150000000,3455534.0,3248667.0,72,2002.0,10.0
等々力駅,2024,mansion,58,64000000,60258929,6000000,150000000,3200778.0,3170827.0,65,1999.0,9.0
等々力駅,2025,mansion,60,71000000,68525424,15000000,150000000,3459268.0,3403961.0,70,2000.0,10.0
箱根ケ崎駅,2021,house,79,26000000,23815789,5000000,920000000,869943.0,807715.0,135,2020.0,20.0
箱根ケ崎駅,2022,house,55,25000000,27448980,4200000,44000000,918274.0,919316.0,130,2022.0,20.0
箱根ケ崎駅,2023,house,56,25000000,23672549,3200000,310000000,809462.0,785335.0,138,2011.0,20.0
箱根ケ崎駅,2024,house,57,24000000,23283636,200000,530000000,816723.0,822659.0,140,2023.0,20.0
箱根ケ崎駅,2025,house,89,27000000,26264286,2000000,160000000,892562.0,853630.0,135,2021.0,19.0
箱根ケ崎駅,2021,land,35,20000000,24396970,5300000,110000000,280000.0,277412.0,250,,16.0
箱根ケ崎駅,2022,land,45,22000000,23207895,1000000,16000000000,310000.0,272259.0,270,,20.0
箱根ケ崎駅,2023,land,26,22500000,19130435,3200000,110000000,290000.0,313200.0,170,,20.0
箱根ケ崎駅,2024,land,25,28000000,31108696,1500000,290000000,300000.0,272160.0,350,,15.0
箱根ケ崎駅,2025,land,24,20000000,21434783,3000000,58000000,300000.0,286500.0,290,,18.0
箱根ケ崎駅,2021,mansion,1,4500000,4500000,4500000,4500000,330578.0,330578.0,45,1987.0,3.0
箱根ケ崎駅,2022,mansion,2,3400000,3400000,3400000,3400000,505785.0,505785.0,22,1987.0,3.0
箱根ケ崎駅,2023,mansion,1,7500000,7500000,7500000,7500000,495868.0,495868.0,50,1994.0,7.0
箱根ケ崎駅,2024,mansion,2,4350000,4350000,3500000,5200000,359504.0,359504.0,40,1989.0,14.0
箱根ケ崎駅,2025,mansion,5,4200000,4160000,2800000,6600000,436364.0,398751.0,45,1989.0,7.0
築地市場駅,2021,house,1,310000000,310000000,310000000,310000000,6210869.0,6210869.0,115,1983.0,4.0
築地市場駅,2024,house,1,1100000000,1100000000,1100000000,1100000000,29090908.0,29090908.0,80,,4.0
築地市場駅,2024,land,1,750000000,750000000,750000000,750000000,31000000.0,31000000.0,80,,4.0
築地市場駅,2021,mansion,10,28000000,32640000,9400000,71000000,4165289.0,3807084.0,25,2003.0,3.0
築地市場駅,2022,mansion,13,23000000,25400000,8900000,83000000,3801653.0,3562866.0,25,2003.0,3.0
築地市場駅,2023,mansion,11,40000000,43727273,11000000,72000000,5289256.0,4547959.0,30,2012.0,4.0
築地市場駅,2024,mansion,11,35000000,30888889,14000000,140000000,5785124.0,4900275.0,20,2004.0,3.0
築地市場駅,2025,mansion,10,33000000,30750000,8900000,50000000,4661157.0,4211203.0,20,2003.0,4.0
築地駅,2021,house,3,150000000,140000000,120000000,150000000,2333495.0,2470079.0,50,1972.0,4.0
築地駅,2022,house,3,260000000,420000000,90000000,910000000,3438016.0,7818794.0,90,1962.0,3.0
築地駅,2023,house,4,300000000,230666667,92000000,1800000000,3966942.0,4236835.0,55,2019.0,5.0
築地駅,2024,house,5,380000000,1116000000,190000000,2400000000,3775725.0,3751958.0,90,1990.0,4.0
築地駅,2025,house,4,405000000,346666667,230000000,3500000000,8012729.0,7610260.0,95,1990.0,5.0
築地駅,2021,land,3,69000000,84666667,65000000,120000000,6900000.0,6666667.0,40,,4.0
築地駅,2022,land,3,950000000,1733333333,150000000,4100000000,11000000.0,12333333.0,280,,5.0
築地駅,2025,land,1,290000000,290000000,290000000,290000000,4500000.0,4500000.0,210,,7.0
築地駅,2021,mansion,64,53500000,54079365,15000000,130000000,3820018.0,3673642.0,48,2012.0,4.0
築地駅,2022,mansion,75,52000000,57534667,2600000,130000000,4017800.0,3915829.0,50,2005.0,5.0
築地駅,2023,mansion,80,55000000,61547500,5800000,170000000,4264463.0,4148026.0,45,2005.0,5.0
築地駅,2024,mansion,61,75000000,73540984,16000000,170000000,4688204.0,4624765.0,55,2005.0,5.0
築地駅,2025,mansion,92,72500000,67883721,14000000,290000000,5298439.0,5218872.0,45,2002.0,4.0
篠崎駅,2021,house,94,42000000,40809524,3200000,630000000,1505969.0,1434527.0,80,2020.0,16.0
篠崎駅,2022,house,85,45000000,42907895,4000000,310000000,1548499.0,1471989.0,85,2016.0,16.0
篠崎駅,2023,house,97,47000000,44047253,3500000,370000000,1635494.0,1541774.0,80,2016.0,15.0
篠崎駅,2024,house,112,46500000,44807619,5900000,340000000,1616162.0,1553108.0,82,2012.0,15.0
篠崎駅,2025,house,150,48000000,43826087,5000000,360000000,1579431.0,1524065.0,75,2013.0,16.0
篠崎駅,2021,land,11,63000000,70350000,2500000,370000000,1300000.0,1294444.0,150,,11.0
篠崎駅,2022,land,17,30000000,34666667,7000000,140000000,1100000.0,1020000.0,95,,12.0
篠崎駅,2023,land,12,36000000,89454545,15000000,440000000,1150000.0,1139000.0,92,,16.0
篠崎駅,2024,land,16,35000000,50214286,10000000,340000000,950000.0,936154.0,100,,12.0
篠崎駅,2025,land,24,45000000,49555000,7100000,380000000,1400000.0,1517083.0,98,,11.0
篠崎駅,2021,mansion,48,39000000,37458333,18000000,50000000,1881755.0,1798169.0,70,2006.0,6.0
篠崎駅,2022,mansion,34,42000000,42147059,25000000,57000000,1983471.0,2061291.0,70,2008.0,6.0
篠崎駅,2023,mansion,52,42000000,42160000,15000000,85000000,2085793.0,2022706.0,70,2005.0,6.0
篠崎駅,2024,mansion,31,40000000,38066667,20000000,50000000,1983471.0,1946235.0,70,2006.0,8.0
篠崎駅,2025,mansion,41,40000000,39350000,11000000,69000000,2027548.0,2079815.0,70,2006.0,8.0
糀谷駅,2021,house,33,54000000,51370370,10000000,190000000,1730397.0,1747013.0,65,2021.0,10.0
糀谷駅,2022,house,28,48000000,52777778,17000000,140000000,1854830.0,1814160.0,78,1996.0,10.0
糀谷駅,2023,house,29,55000000,46520000,14000000,220000000,1724757.0,1814105.0,70,2013.0,7.0
糀谷駅,2024,house,43,62000000,53685714,17000000,2400000000,1932686.0,1812573.0,75,2014.0,8.0
糀谷駅,2025,house,27,50000000,55625000,12000000,270000000,2113214.0,2072748.0,60,2018.0,10.0
糀谷駅,2021,land,13,36000000,38538462,8000000,83000000,1700000.0,1734615.0,60,,8.0
糀谷駅,2022,land,11,55000000,54000000,10000000,110000000,1800000.0,1643000.0,105,,7.0
糀谷駅,2023,land,11,53000000,49444444,26000000,170000000,2300000.0,2112727.0,75,,9.0
糀谷駅,2024,land,13,66000000,67272727,40000000,170000000,2400000.0,2131538.0,115,,7.0
糀谷駅,2025,land,9,50000000,47428571,38000000,300000000,2600000.0,2537500.0,65,,9.0
糀谷駅,2021,mansion,54,26000000,30600000,9400000,60000000,2812541.0,2820678.0,28,2011.0,7.0
糀谷駅,2022,mansion,67,34000000,37284848,9800000,88000000,2809917.0,2693824.0,55,2012.0,7.0
糀谷駅,2023,mansion,54,33000000,38698148,1700000,90000000,2962492.0,2959835.0,42,2011.0,7.0
糀谷駅,2024,mansion,70,37000000,40920000,8400000,92000000,2741047.0,2822265.0,60,2010.0,8.0
糀谷駅,2025,mansion,73,43000000,46075342,6500000,110000000,3140496.0,3073035.0,55,2012.0,8.0
経堂駅,2021,house,53,89000000,88346939,30000000,900000000,2644628.0,2602121.0,100,2008.0,10.0
経堂駅,2022,house,53,89000000,87477273,30000000,1200000000,2833530.0,2776109.0,100,2003.0,10.0
経堂駅,2023,house,42,93000000,83500000,13000000,560000000,2798699.0,2710108.0,98,2004.0,10.0
経堂駅,2024,house,47,94000000,97558140,27000000,1900000000,3111327.0,3053168.0,90,2015.0,10.0
経堂駅,2025,house,55,110000000,107634615,34000000,1100000000,3106687.0,3221988.0,95,2010.0,10.0
経堂駅,2021,land,21,62000000,61187500,21000000,200000000,2200000.0,2212857.0,90,,10.0
経堂駅,2022,land,15,63000000,67416667,13000000,390000000,2800000.0,2715385.0,85,,9.0
経堂駅,2023,land,11,71000000,80800000,27000000,240000000,2800000.0,2800000.0,100,,10.0
経堂駅,2024,land,18,78500000,62428571,20000000,680000000,2700000.0,2600000.0,90,,8.0
経堂駅,2025,land,9,100000000,98625000,49000000,200000000,3100000.0,2944444.0,105,,9.0
経堂駅,2021,mansion,85,45000000,47785882,7800000,120000000,2534435.0,2579833.0,65,1990.0,7.0
経堂駅,2022,mansion,70,45000000,44217391,5100000,150000000,2553325.0,2646811.0,55,1987.0,7.0
経堂駅,2023,mansion,73,56000000,53589041,7100000,110000000,2938476.0,2923848.0,65,1998.0,10.0
経堂駅,2024,mansion,76,49000000,55078667,9900000,150000000,2912980.0,3073157.0,60,1990.0,8.0
経堂駅,2025,mansion,76,46000000,56159211,7000000,150000000,2883379.0,2978177.0,65,1985.0,8.0
綾瀬駅,2021,house,48,50500000,49217949,6500000,490000000,1611570.0,1562192.0,78,2014.0,10.0
綾瀬駅,2022,house,55,53000000,46212766,5000000,310000000,1825721.0,1728396.0,75,2022.0,11.0
綾瀬駅,2023,house,38,52500000,48090909,14000000,630000000,1808322.0,1719349.0,75,2014.0,11.0
綾瀬駅,2024,house,60,52500000,50791667,15000000,370000000,1719008.0,1695281.0,85,2013.0,10.0
綾瀬駅,2025,house,44,60500000,64974359,10000000,320000000,1842720.0,1839781.0,78,2020.0,10.0
綾瀬駅,2021,land,23,50000000,76636364,13000000,3300000000,1600000.0,1606818.0,110,,11.0
綾瀬駅,2022,land,23,53000000,47000000,8000000,890000000,1700000.0,1582273.0,125,,8.0
綾瀬駅,2023,land,10,43000000,126660000,8600000,450000000,1450000.0,1604000.0,75,,10.0
綾瀬駅,2024,land,13,78000000,64930000,300000,620000000,1700000.0,1808333.0,155,,7.0
綾瀬駅,2025,land,13,77000000,112500000,32000000,800000000,1800000.0,1932500.0,130,,9.0
綾瀬駅,2021,mansion,91,27000000,27893407,5800000,48000000,1652893.0,1652229.0,55,2000.0,9.0
綾瀬駅,2022,mansion,100,27500000,30950000,5000000,65000000,1851240.0,1999156.0,58,2000.0,8.0
綾瀬駅,2023,mansion,113,28000000,31534821,7500000,75000000,2219598.0,2345101.0,55,2006.0,7.0
綾瀬駅,2024,mansion,112,27000000,31316071,4200000,74000000,2215663.0,2442369.0,55,2002.0,10.0
綾瀬駅,2025,mansion,138,30000000,33348462,4800000,86000000,2570157.0,2765508.0,55,2010.0,9.0
緑が丘駅,2021,house,20,66000000,80526316,30000000,700000000,2901231.0,2712584.0,78,2010.0,5.0
緑が丘駅,2022,house,23,120000000,130400000,37000000,610000000,3071625.0,3037589.0,125,1996.0,5.0
緑が丘駅,2023,house,19,100000000,112166667,40000000,380000000,3166594.0,3046841.0,80,2010.0,6.0
緑が丘駅,2024,house,10,110000000,98500000,28000000,780000000,3127781.0,3232785.0,98,2012.0,6.0
緑が丘駅,2025,house,22,145000000,145315789,40000000,800000000,4100445.0,3839901.0,92,2019.0,6.0
緑が丘駅,2021,land,5,130000000,97250000,47000000,390000000,3000000.0,3060000.0,125,,6.0
緑が丘駅,2022,land,6,130000000,119000000,89000000,270000000,3700000.0,3583333.0,110,,5.0
緑が丘駅,2023,land,7,100000000,126714286,14000000,310000000,3700000.0,3720000.0,90,,5.0
緑が丘駅,2024,land,6,77000000,68000000,8000000,230000000,2900000.0,2475000.0,102,,8.0
緑が丘駅,2025,land,1,78000000,78000000,78000000,78000000,3100000.0,3100000.0,85,,7.0
緑が丘駅,2021,mansion,6,62500000,62600000,32000000,65000000,2377504.0,2391651.0,90,1998.0,8.0
緑が丘駅,2022,mansion,10,38000000,61370000,9700000,150000000,2952250.0,3513441.0,42,2004.0,5.0
緑が丘駅,2023,mansion,7,61000000,56142857,25000000,75000000,3305785.0,3132373.0,55,2006.0,9.0
緑が丘駅,2024,mansion,9,67000000,75666667,36000000,120000000,4722550.0,4434402.0,60,2011.0,9.0
緑が丘駅,2025,mansion,15,61000000,69428571,12000000,320000000,4486422.0,4160289.0,60,2005.0,8.0
練馬春日町駅,2021,house,58,63500000,64907407,14000000,310000000,2322749.0,2298203.0,102,2021.0,10.0
練馬春日町駅,2022,house,41,59000000,53475000,9100000,510000000,2350780.0,2193601.0,95,2022.0,9.0
練馬春日町駅,2023,house,38,62000000,62588235,12000000,290000000,2344509.0,2314551.0,100,2017.0,10.0
練馬春日町駅,2024,house,59,65000000,64300000,6300000,200000000,2159780.0,2103051.0,105,2007.0,9.0
練馬春日町駅,2025,house,81,66000000,61685333,8400000,730000000,2350780.0,2123239.0,95,2010.0,10.0
練馬春日町駅,2021,land,18,35000000,39235294,15000000,580000000,1400000.0,1397222.0,95,,10.0
練馬春日町駅,2022,land,10,50000000,48666667,13000000,400000000,1500000.0,1462500.0,110,,10.0
練馬春日町駅,2023,land,10,48000000,40666667,14000000,110000000,1500000.0,1398000.0,95,,10.0
練馬春日町駅,2024,land,8,42500000,39000000,22000000,330000000,1400000.0,1562500.0,80,,10.0
練馬春日町駅,2025,land,8,74500000,66833333,35000000,610000000,1600000.0,1585714.0,150,,9.0
練馬春日町駅,2021,mansion,25,39000000,35480000,14000000,64000000,2314050.0,2248609.0,60,2001.0,7.0
練馬春日町駅,2022,mansion,37,45000000,45000000,17000000,75000000,2754821.0,2672702.0,60,2006.0,4.0
練馬春日町駅,2023,mansion,20,46000000,40700000,12000000,69000000,2364908.0,2492753.0,60,2001.0,2.0
練馬春日町駅,2024,mansion,37,38000000,40594595,20000000,85000000,3173554.0,3010592.0,50,2004.0,4.0
練馬春日町駅,2025,mansion,30,44500000,43723333,5800000,76000000,2754821.0,2768810.0,60,2002.0,3.0
練馬駅,2021,house,41,71000000,75594595,12000000,310000000,2126221.0,2204523.0,95,2001.0,10.0
練馬駅,2022,house,27,68000000,58152174,6500000,470000000,2059318.0,1958324.0,95,1999.0,10.0
練馬駅,2023,house,40,91000000,113611111,40000000,840000000,2613860.0,2706761.0,105,2016.0,10.0
練馬駅,2024,house,35,71000000,65500000,25000000,410000000,2301806.0,2255465.0,75,2002.0,9.0
練馬駅,2025,house,56,86000000,81346154,20000000,420000000,2482645.0,2469922.0,100,2010.0,10.0
練馬駅,2021,land,14,130000000,112642857,21000000,160000000,2100000.0,2092308.0,178,,9.0
練馬駅,2022,land,9,72000000,64000000,14000000,470000000,2200000.0,2237500.0,130,,9.0
練馬駅,2023,land,21,76000000,99150000,23000000,640000000,2500000.0,2350000.0,100,,7.0
練馬駅,2024,land,15,90000000,98153333,3300000,170000000,2400000.0,2185333.0,135,,10.0
練馬駅,2025,land,9,60000000,70500000,32000000,230000000,2000000.0,2411111.0,100,,7.0
練馬駅,2021,mansion,159,29000000,35510692,6600000,90000000,2644628.0,2686873.0,40,2005.0,7.0
練馬駅,2022,mansion,172,28000000,34001170,6700000,150000000,2797203.0,2693701.0,35,2002.0,7.0
練馬駅,2023,mansion,182,36000000,40946961,3000000,120000000,2995868.0,2958386.0,48,2004.0,7.0
練馬駅,2024,mansion,184,37500000,42861413,6300000,95000000,3092286.0,3078668.0,45,2009.0,7.0
練馬駅,2025,mansion,207,36000000,42016990,6500000,160000000,3085399.0,3067587.0,50,2000.0,7.0
練馬高野台駅,2021,house,45,56000000,54166667,20000000,160000000,2093664.0,1968741.0,90,2020.0,10.0
練馬高野台駅,2022,house,52,56000000,55904762,1000000,260000000,1966072.0,1903780.0,95,2008.0,10.0
練馬高野台駅,2023,house,24,61000000,57739130,31000000,170000000,2231405.0,2013278.0,90,2020.0,12.0
練馬高野台駅,2024,house,49,64000000,59612245,14000000,120000000,2020202.0,1952869.0,100,2004.0,10.0
練馬高野台駅,2025,house,67,64000000,61000000,10000000,590000000,2267534.0,2137127.0,105,2024.0,10.0
練馬高野台駅,2021,land,13,49000000,78083333,32000000,1100000000,1300000.0,1404615.0,135,,8.0
練馬高野台駅,2022,land,11,64000000,72045455,4500000,130000000,1500000.0,1408889.0,145,,11.0
練馬高野台駅,2023,land,10,64000000,95777778,47000000,300000000,1500000.0,1533333.0,130,,10.0
練馬高野台駅,2024,land,6,59500000,57600000,48000000,160000000,2050000.0,1950000.0,98,,6.0
練馬高野台駅,2025,land,14,52500000,45666667,17000000,130000000,1700000.0,1648571.0,105,,10.0
練馬高野台駅,2021,mansion,67,35000000,34602985,9400000,65000000,2043576.0,2087271.0,65,2005.0,9.0
練馬高野台駅,2022,mansion,55,27000000,30498148,5800000,83000000,2512397.0,2413785.0,50,2006.0,10.0
練馬高野台駅,2023,mansion,58,36000000,36586207,13000000,67000000,2280992.0,2347421.0,60,2006.0,10.0
練馬高野台駅,2024,mansion,52,32500000,35153846,13000000,70000000,2462386.0,2580559.0,58,2007.0,11.0
練馬高野台駅,2025,mansion,83,32000000,37981928,9500000,79000000,2512397.0,2539242.0,60,2005.0,9.0
羽村駅,2021,house,54,30500000,28669811,2500000,140000000,1101928.0,982975.0,130,2016.0,14.0
羽村駅,2022,house,63,30000000,26954098,3000000,220000000,925620.0,913908.0,130,2003.0,15.0
羽村駅,2023,house,59,35000000,33180000,3000000,210000000,1078730.0,1089376.0,125,2004.0,11.0
羽村駅,2024,house,52,35500000,36433333,6800000,1100000000,1036199.0,986185.0,128,2008.0,15.0
羽村駅,2025,house,58,30000000,30059259,6500000,220000000,991736.0,968373.0,128,2011.0,15.0
羽村駅,2021,land,19,27000000,26029412,1300000,120000000,330000.0,407363.0,240,,14.0
羽村駅,2022,land,13,32000000,38666667,7000000,8500000000,540000.0,531667.0,195,,12.0
羽村駅,2023,land,20,35000000,36533333,8800000,12000000000,540000.0,546667.0,205,,11.0
羽村駅,2024,land,21,30000000,31600000,2300000,4900000000,410000.0,479000.0,270,,13.0
羽村駅,2025,land,19,23000000,21625000,10000000,170000000,460000.0,458158.0,180,,12.0
羽村駅,2021,mansion,25,9600000,12980000,2800000,29000000,577010.0,645112.0,60,1991.0,13.0
羽村駅,2022,mansion,30,14500000,16523333,4300000,33000000,798111.0,827243.0,65,1994.0,12.0
羽村駅,2023,mansion,23,15000000,16060870,3000000,34000000,793388.0,768490.0,70,1998.0,13.0
羽村駅,2024,mansion,16,13500000,14131250,5000000,31000000,606061.0,698255.0,62,1992.0,12.0
羽村駅,2025,mansion,31,15000000,15238710,5600000,31000000,826446.0,781242.0,60,1994.0,11.0
聖蹟桜ケ丘駅,2021,house,104,39500000,40719608,8400000,1800000000,1256198.0,1259089.0,128,2016.0,18.0
聖蹟桜ケ丘駅,2022,house,73,40000000,40956522,6300000,500000000,1252719.0,1313212.0,120,2012.0,16.0
聖蹟桜ケ丘駅,2023,house,56,45500000,43201923,8500000,1000000000,1448249.0,1379892.0,130,2006.0,14.0
聖蹟桜ケ丘駅,2024,house,57,40000000,38870370,4000000,260000000,1227863.0,1272264.0,140,2009.0,18.0
聖蹟桜ケ丘駅,2025,house,74,46500000,45619718,6000000,130000000,1406371.0,1397914.0,130,2010.0,15.0
聖蹟桜ケ丘駅,2021,land,28,37000000,36636364,3900000,140000000,550000.0,591571.0,240,,14.0
聖蹟桜ケ丘駅,2022,land,17,30000000,33588235,8000000,61000000,600000.0,611176.0,180,,18.0
聖蹟桜ケ丘駅,2023,land,19,36000000,37400000,7000000,230000000,610000.0,637895.0,140,,19.0
聖蹟桜ケ丘駅,2024,land,17,32000000,31916667,9300000,86000000,940000.0,910000.0,120,,16.0
聖蹟桜ケ丘駅,2025,land,10,36000000,33000000,100000,130000000,790000.0,824059.0,160,,18.0
聖蹟桜ケ丘駅,2021,mansion,97,25000000,24574227,3600000,52000000,1202104.0,1232496.0,70,1993.0,10.0
聖蹟桜ケ丘駅,2022,mansion,103,26000000,25186408,2800000,53000000,1416765.0,1384103.0,65,1992.0,8.0
聖蹟桜ケ丘駅,2023,mansion,91,31000000,28976667,200000,130000000,1586777.0,1517569.0,65,1996.0,7.0
聖蹟桜ケ丘駅,2024,mansion,109,37000000,36445872,3800000,83000000,1747344.0,1821879.0,70,2004.0,6.0
聖蹟桜ケ丘駅,2025,mansion,99,35000000,36022222,3800000,82000000,1747344.0,1941286.0,70,2004.0,6.0
自由が丘駅,2021,house,18,110000000,133687500,33000000,770000000,3305785.0,3658654.0,105,2006.0,10.0
自由が丘駅,2022,house,24,130000000,153136364,85000000,820000000,3614325.0,3442844.0,100,2000.0,10.0
自由が丘駅,2023,house,20,170000000,155526316,65000000,900000000,3512397.0,3818604.0,102,1997.0,10.0
自由が丘駅,2024,house,23,170000000,179190476,63000000,680000000,4108618.0,4007832.0,145,1999.0,10.0
自由が丘駅,2025,house,23,190000000,212818182,55000000,1200000000,4068658.0,4004964.0,105,2008.0,10.0
自由が丘駅,2021,land,6,87500000,76000000,30000000,300000000,3300000.0,3016667.0,98,,8.0
自由が丘駅,2022,land,9,210000000,205555556,150000000,280000000,3800000.0,3500000.0,190,,9.0
自由が丘駅,2023,land,6,305000000,310000000,140000000,550000000,4700000.0,4933333.0,220,,5.0
自由が丘駅,2024,land,10,165000000,176111111,95000000,750000000,5550000.0,5450000.0,100,,6.0
自由が丘駅,2025,land,11,210000000,245818182,84000000,430000000,5700000.0,5350000.0,155,,8.0
自由が丘駅,2021,mansion,53,63000000,69730769,17000000,190000000,3560076.0,3409323.0,70,1999.0,10.0
自由が丘駅,2022,mansion,51,70000000,66941176,22000000,120000000,3461351.0,3484412.0,65,1998.0,8.0
自由が丘駅,2023,mansion,83,61000000,69291139,12000000,240000000,3599633.0,3658710.0,65,1997.0,10.0
自由が丘駅,2024,mansion,40,59500000,69410256,10000000,320000000,3589138.0,3744570.0,55,1996.0,6.0
自由が丘駅,2025,mansion,59,76000000,84913793,7000000,240000000,4049587.0,4036430.0,60,1988.0,7.0
舎人公園駅,2021,house,15,40000000,40800000,30000000,57000000,1421488.0,1392296.0,90,2017.0,10.0
舎人公園駅,2022,house,10,39500000,36500000,12000000,64000000,1274301.0,1302372.0,72,2020.0,13.0
舎人公園駅,2023,house,15,41000000,43615385,12000000,150000000,1454545.0,1492464.0,100,2023.0,10.0
舎人公園駅,2024,house,12,42000000,40363636,29000000,260000000,1525747.0,1444616.0,100,2024.0,10.0
舎人公園駅,2025,house,34,47500000,45032258,24000000,300000000,1547491.0,1548401.0,85,2025.0,10.0
舎人公園駅,2021,land,3,17000000,19666667,15000000,27000000,650000.0,646667.0,110,,10.0
舎人公園駅,2022,land,1,85000000,85000000,85000000,85000000,1200000.0,1200000.0,230,,6.0
舎人公園駅,2023,land,2,60500000,60500000,31000000,90000000,900000.0,900000.0,235,,8.0
舎人公園駅,2024,land,1,58000000,58000000,58000000,58000000,1200000.0,1200000.0,160,,7.0
舎人公園駅,2025,land,4,53500000,78000000,25000000,180000000,1150000.0,1057500.0,185,,12.0
舎人公園駅,2021,mansion,2,21000000,21000000,11000000,31000000,1118881.0,1118881.0,60,1996.0,12.0
舎人公園駅,2022,mansion,1,28000000,28000000,28000000,28000000,1424030.0,1424030.0,65,2005.0,10.0
舎人公園駅,2023,mansion,3,15000000,21000000,13000000,35000000,781367.0,1108093.0,65,2005.0,10.0
舎人公園駅,2025,mansion,3,25000000,31000000,22000000,46000000,1271456.0,1461468.0,65,1998.0,14.0
舎人駅,2021,house,36,43500000,37586207,5500000,1200000000,1278237.0,1234678.0,100,2015.0,10.0
舎人駅,2022,house,45,42000000,42119048,14000000,160000000,1479732.0,1514656.0,90,2021.0,10.0
舎人駅,2023,house,38,46000000,44411765,17000000,450000000,1542700.0,1579873.0,98,2023.0,8.0
舎人駅,2024,house,40,43500000,42843750,6000000,150000000,1496303.0,1474948.0,98,2023.0,10.0
舎人駅,2025,house,67,47000000,45200000,7800000,210000000,1633447.0,1568721.0,100,2024.0,10.0
舎人駅,2021,land,11,40000000,51818182,18000000,110000000,770000.0,807000.0,190,,9.0
舎人駅,2022,land,7,33000000,28333333,11000000,260000000,800000.0,816000.0,85,,12.0
舎人駅,2023,land,6,32000000,28000000,18000000,200000000,895000.0,863333.0,145,,8.0
舎人駅,2024,land,7,40000000,46714286,13000000,88000000,1100000.0,1052857.0,120,,9.0
舎人駅,2025,land,7,23000000,24666667,11000000,170000000,850000.0,891429.0,90,,15.0
舎人駅,2021,mansion,11,25000000,23272727,13000000,29000000,1369540.0,1312960.0,60,2008.0,5.0
舎人駅,2022,mansion,8,25000000,26000000,19000000,32000000,1210153.0,1546274.0,70,2008.0,12.0
舎人駅,2023,mansion,11,27000000,27300000,17000000,31000000,1432507.0,1392648.0,65,2008.0,6.0
舎人駅,2024,mansion,14,31000000,29642857,20000000,37000000,1741047.0,1746799.0,60,2015.0,4.0
舎人駅,2025,mansion,11,29000000,30909091,22000000,48000000,1729180.0,1782777.0,65,2015.0,4.0
船堀駅,2021,house,94,48500000,45002326,3700000,2000000000,1592787.0,1481781.0,82,2016.0,15.0
船堀駅,2022,house,55,44000000,44100000,7800000,250000000,1629280.0,1607075.0,75,2010.0,16.0
船堀駅,2023,house,58,52000000,47642593,6700000,360000000,1682945.0,1597012.0,78,2010.0,15.0
船堀駅,2024,house,67,46000000,45129630,5900000,690000000,1565898.0,1561849.0,75,2010.0,15.0
船堀駅,2025,house,118,54000000,50361468,5500000,330000000,1754270.0,1720213.0,80,2015.0,15.0
船堀駅,2021,land,19,35000000,37994444,5900000,930000000,1300000.0,1196842.0,105,,14.0
船堀駅,2022,land,20,43500000,55083333,1500000,320000000,1250000.0,1291053.0,132,,16.0
船堀駅,2023,land,15,80000000,122071429,15000000,470000000,1400000.0,1399286.0,250,,11.0
船堀駅,2024,land,15,46000000,54846154,11000000,1300000000,1500000.0,1505000.0,100,,15.0
船堀駅,2025,land,13,48000000,45916667,17000000,130000000,1400000.0,1468462.0,110,,18.0
船堀駅,2021,mansion,68,39500000,39552239,12000000,81000000,1937557.0,1931782.0,70,2002.0,8.0
船堀駅,2022,mansion,81,40000000,39506329,13000000,77000000,1889020.0,1974125.0,70,2002.0,7.0
船堀駅,2023,mansion,88,45000000,45325581,13000000,88000000,2130597.0,2169430.0,70,2005.0,8.0
船堀駅,2024,mansion,96,41000000,44065625,7300000,78000000,2055096.0,2139854.0,70,2003.0,8.0
船堀駅,2025,mansion,133,54000000,52223077,13000000,120000000,2512397.0,2516775.0,70,2008.0,7.0
芝公園駅,2023,house,1,550000000,550000000,550000000,550000000,2139037.0,2139037.0,210,2014.0,4.0
芝公園駅,2024,house,2,535000000,535000000,400000000,670000000,2744004.0,2744004.0,195,1988.0,4.0
芝公園駅,2025,house,1,1900000000,1900000000,1900000000,1900000000,5709992.0,5709992.0,175,2023.0,4.0
芝公園駅,2025,land,1,340000000,340000000,340000000,340000000,9000000.0,9000000.0,125,,1.0
芝公園駅,2021,mansion,39,35000000,33000000,11000000,150000000,3966942.0,3971553.0,25,2000.0,4.0
芝公園駅,2022,mansion,57,45000000,56160714,11000000,170000000,4132231.0,4207936.0,40,2000.0,4.0
芝公園駅,2023,mansion,37,56000000,66714286,18000000,240000000,4958678.0,4951950.0,45,2004.0,4.0
芝公園駅,2024,mansion,47,43000000,62978261,24000000,250000000,4628099.0,4887541.0,40,2002.0,4.0
芝公園駅,2025,mansion,41,40000000,53638889,21000000,350000000,5289256.0,4890344.0,30,2002.0,4.0
芝浦ふ頭駅,2023,house,1,160000000,160000000,160000000,160000000,5567638.0,5567638.0,80,1962.0,5.0
芝浦ふ頭駅,2021,mansion,22,25500000,25750000,18000000,59000000,3966942.0,3776518.0,25,2006.0,10.0
芝浦ふ頭駅,2022,mansion,31,30000000,37090323,5800000,69000000,3425995.0,3480029.0,35,2004.0,9.0
芝浦ふ頭駅,2023,mansion,21,30000000,33700000,17000000,71000000,3834711.0,3618543.0,25,2004.0,8.0
芝浦ふ頭駅,2024,mansion,20,34000000,45600000,25000000,87000000,4264463.0,4224335.0,25,2006.0,9.0
芝浦ふ頭駅,2025,mansion,22,38000000,33442105,8400000,150000000,3966942.0,4052446.0,25,2007.0,10.0
芦花公園駅,2021,house,24,62000000,61000000,14000000,240000000,2203857.0,2295723.0,80,2012.0,10.0
芦花公園駅,2022,house,15,68000000,64428571,18000000,81000000,2497704.0,2423625.0,90,2016.0,10.0
芦花公園駅,2023,house,14,69500000,67846154,8800000,87000000,2666333.0,2597727.0,85,2018.0,10.0
芦花公園駅,2024,house,16,81000000,75153846,44000000,330000000,2636719.0,2532278.0,100,2016.0,10.0
芦花公園駅,2025,house,26,75000000,73260870,15000000,2300000000,2608225.0,2638845.0,100,2010.0,10.0
芦花公園駅,2021,land,10,63000000,59250000,38000000,180000000,1600000.0,1630000.0,110,,9.0
芦花公園駅,2022,land,6,50000000,51333333,49000000,55000000,1900000.0,1875000.0,90,,8.0
芦花公園駅,2023,land,5,80000000,77400000,25000000,120000000,1400000.0,1500000.0,200,,11.0
芦花公園駅,2024,land,4,98000000,144250000,61000000,320000000,2050000.0,2200000.0,162,,8.0
芦花公園駅,2025,land,3,93000000,86666667,72000000,95000000,1400000.0,1566667.0,185,,9.0
芦花公園駅,2021,mansion,76,34500000,41202632,5400000,81000000,2578512.0,2523810.0,65,2000.0,6.0
芦花公園駅,2022,mansion,67,54000000,56480303,8700000,240000000,2865014.0,2687300.0,70,2003.0,6.0
芦花公園駅,2023,mansion,83,58000000,56408434,9900000,120000000,2949777.0,2889643.0,65,2004.0,6.0
芦花公園駅,2024,mansion,70,62000000,62043478,15000000,170000000,3112241.0,3155517.0,65,2003.0,6.0
芦花公園駅,2025,mansion,77,54000000,56942105,6600000,190000000,2892562.0,2999735.0,65,1999.0,6.0
花小金井駅,2021,house,149,41000000,40858156,14000000,680000000,1442635.0,1409280.0,115,2018.0,15.0
花小金井駅,2022,house,106,46000000,43404000,9200000,3600000000,1619835.0,1594043.0,110,2018.0,15.0
花小金井駅,2023,house,92,46000000,48477273,5000000,140000000,1745004.0,1663925.0,110,2022.0,15.0
花小金井駅,2024,house,116,47000000,45500000,3000000,620000000,1705089.0,1717360.0,110,2022.0,15.0
花小金井駅,2025,house,250,49000000,49137339,6000000,550000000,1739887.0,1770879.0,115,2025.0,20.0
花小金井駅,2021,land,28,38000000,40040000,11000000,630000000,855000.0,832500.0,130,,16.0
花小金井駅,2022,land,16,32000000,32535714,8500000,110000000,865000.0,860000.0,115,,12.0
花小金井駅,2023,land,26,38000000,36500000,10000000,470000000,855000.0,970654.0,132,,16.0
花小金井駅,2024,land,10,38500000,37111111,21000000,97000000,805000.0,857778.0,132,,16.0
花小金井駅,2025,land,15,44000000,43083333,10000000,640000000,960000.0,986429.0,120,,12.0
花小金井駅,2021,mansion,143,30000000,27623776,3500000,63000000,1469238.0,1321343.0,70,2007.0,8.0
花小金井駅,2022,mansion,149,20000000,27327383,880000,65000000,1190083.0,1315473.0,70,1991.0,8.0
花小金井駅,2023,mansion,144,37000000,30642361,4000000,61000000,1719008.0,1476567.0,70,2006.0,9.0
花小金井駅,2024,mansion,148,29000000,30119595,1300000,66000000,1476584.0,1437788.0,70,1998.0,9.0
花小金井駅,2025,mansion,200,23000000,30350000,3000000,72000000,1190083.0,1434434.0,70,1997.0,9.0
若松河田駅,2021,house,9,93000000,121000000,18000000,250000000,2859057.0,2708585.0,75,2016.0,4.0
若松河田駅,2022,house,15,71000000,75615385,21000000,1700000000,2314050.0,2285114.0,95,1992.0,5.0
若松河田駅,2023,house,13,78000000,81500000,34000000,1600000000,2783819.0,2676255.0,65,2015.0,5.0
若松河田駅,2024,house,14,108500000,116692308,41000000,500000000,3340583.0,3527971.0,68,2000.0,6.0
若松河田駅,2025,house,5,120000000,122500000,110000000,250000000,3589138.0,3572470.0,100,1996.0,7.0
若松河田駅,2021,land,7,87000000,75166667,2000000,500000000,2900000.0,3366667.0,100,,6.0
若松河田駅,2022,land,6,66500000,81000000,30000000,530000000,3000000.0,3020000.0,72,,4.0
若松河田駅,2023,land,5,79000000,86000000,40000000,98000000,2900000.0,3375000.0,85,,7.0
若松河田駅,2024,land,1,89000000,89000000,89000000,89000000,3700000.0,3700000.0,80,,9.0
若松河田駅,2025,land,2,120000000,120000000,110000000,130000000,4600000.0,4600000.0,88,,4.0
若松河田駅,2021,mansion,57,42000000,45303571,12000000,120000000,3606311.0,3569595.0,45,2008.0,4.0
若松河田駅,2022,mansion,54,44500000,43122449,11000000,130000000,3911846.0,3733290.0,45,2004.0,4.0
若松河田駅,2023,mansion,65,41000000,48269841,14000000,130000000,4099173.0,4019061.0,35,2007.0,4.0
若松河田駅,2024,mansion,65,53000000,64292308,13000000,140000000,4250295.0,4292939.0,50,2010.0,4.0
若松河田駅,2025,mansion,73,48000000,61561644,13000000,150000000,4297521.0,4374493.0,35,2007.0,3.0
若林駅,2021,house,14,71000000,67750000,34000000,470000000,2416268.0,2222129.0,78,2002.0,5.0
若林駅,2022,house,5,91000000,104400000,59000000,170000000,2853414.0,2764510.0,85,2010.0,4.0
若林駅,2023,house,7,75000000,80833333,63000000,170000000,3173554.0,3059812.0,80,2008.0,5.0
若林駅,2024,house,12,130000000,115700000,25000000,950000000,2479339.0,2693802.0,115,2007.0,7.0
若林駅,2025,house,14,86000000,86230769,45000000,250000000,3305785.0,3157430.0,62,2017.0,6.0
若林駅,2021,land,5,82000000,73500000,63000000,110000000,2700000.0,2480000.0,100,,4.0
若林駅,2022,land,1,35000000,35000000,35000000,35000000,2600000.0,2600000.0,45,,4.0
若林駅,2023,land,5,95000000,131600000,60000000,230000000,3600000.0,3650000.0,85,,3.0
若林駅,2024,land,3,150000000,165000000,75000000,270000000,2800000.0,3033333.0,125,,6.0
若林駅,2025,land,3,140000000,137666667,93000000,180000000,3700000.0,3766667.0,105,,7.0
若林駅,2021,mansion,15,38000000,36933333,11000000,73000000,2644628.0,2763932.0,55,1991.0,5.0
若林駅,2022,mansion,19,39000000,40521053,9900000,78000000,2644628.0,2716503.0,45,1991.0,4.0
若林駅,2023,mansion,15,39000000,39642857,13000000,90000000,3371901.0,3166285.0,45,2004.0,3.0
若林駅,2024,mansion,22,55000000,45863636,6800000,92000000,3351699.0,3122803.0,45,1996.0,5.0
若林駅,2025,mansion,32,49500000,54533333,15000000,170000000,3250689.0,3699859.0,52,2000.0,4.0
若葉台駅,2021,house,17,47000000,47333333,39000000,66000000,1294766.0,1271143.0,195,2009.0,20.0
若葉台駅,2022,house,12,48500000,50583333,39000000,61000000,1511645.0,1527086.0,172,2020.0,23.0
若葉台駅,2023,house,29,55000000,55607143,25000000,74000000,1685950.0,1736485.0,135,2022.0,21.0
若葉台駅,2024,house,14,65500000,62166667,19000000,140000000,1723401.0,1739193.0,175,2012.0,19.0
若葉台駅,2025,house,24,55500000,56125000,25000000,78000000,1619835.0,1676664.0,170,2025.0,20.0
若葉台駅,2021,land,3,57000000,47000000,12000000,72000000,120000.0,306667.0,330,,18.0
若葉台駅,2022,land,3,52000000,114000000,30000000,260000000,430000.0,400000.0,480,,20.0
若葉台駅,2023,land,4,4050000,3533333,2500000,3200000000,120000.0,113333.0,112,,22.0
若葉台駅,2025,land,6,39000000,37600000,19000000,180000000,390000.0,385000.0,430,,19.0
若葉台駅,2021,mansion,45,40000000,39880952,18000000,56000000,1516772.0,1405599.0,90,2003.0,9.0
若葉台駅,2022,mansion,46,42000000,42043478,21000000,63000000,1699844.0,1684640.0,85,2001.0,11.0
若葉台駅,2023,mansion,43,45000000,45609756,20000000,61000000,1711230.0,1673778.0,85,2003.0,10.0
若葉台駅,2024,mansion,57,44000000,42175439,20000000,65000000,1750121.0,1592290.0,90,2001.0,10.0
若葉台駅,2025,mansion,37,51000000,50054054,26000000,72000000,1774685.0,1837241.0,95,2001.0,9.0
茅場町駅,2021,house,4,235000000,227500000,100000000,340000000,3117297.0,2822000.0,72,1984.0,4.0
茅場町駅,2022,house,2,1065000000,1065000000,530000000,1600000000,5075141.0,5075141.0,112,2006.0,2.0
茅場町駅,2023,house,4,355000000,267000000,91000000,1500000000,5082644.0,6015799.0,68,1984.0,4.0
茅場町駅,2024,house,5,170000000,230000000,110000000,1200000000,4848485.0,4177821.0,60,1971.0,4.0
茅場町駅,2025,house,3,250000000,373333333,160000000,710000000,2347107.0,2953816.0,95,1981.0,2.0
茅場町駅,2021,land,1,570000000,570000000,570000000,570000000,9800000.0,9800000.0,190,,4.0
茅場町駅,2022,land,1,230000000,230000000,230000000,230000000,8700000.0,8700000.0,85,,5.0
茅場町駅,2023,land,1,820000000,820000000,820000000,820000000,24000000.0,24000000.0,110,,4.0
茅場町駅,2024,land,1,550000000,550000000,550000000,550000000,20000000.0,20000000.0,90,,2.0
茅場町駅,2025,land,2,119500000,119500000,79000000,160000000,5700000.0,5700000.0,68,,3.0
茅場町駅,2021,mansion,51,30000000,34325000,6600000,94000000,3801653.0,3548338.0,30,2003.0,3.0
茅場町駅,2022,mansion,45,37000000,44900000,9500000,110000000,3636364.0,3548607.0,40,2003.0,3.0
茅場町駅,2023,mansion,47,33000000,44304348,14000000,140000000,4132231.0,3976673.0,30,2003.0,3.0
茅場町駅,2024,mansion,39,32000000,40200000,9000000,290000000,4165289.0,3957580.0,35,2003.0,4.0
茅場町駅,2025,mansion,59,31000000,37722222,11000000,160000000,4545454.0,4330623.0,25,2002.0,4.0
茗荷谷駅,2021,house,20,94500000,104277778,10000000,610000000,3179822.0,3357357.0,80,1998.0,8.0
茗荷谷駅,2022,house,12,160000000,156200000,30000000,960000000,3694701.0,3573509.0,92,2013.0,8.0
茗荷谷駅,2023,house,10,74500000,61750000,14000000,670000000,3118457.0,2691795.0,55,1999.0,10.0
茗荷谷駅,2024,house,18,120000000,269705882,16000000,1800000000,3527913.0,3162706.0,80,1992.0,8.0
茗荷谷駅,2025,house,21,150000000,149473684,62000000,730000000,4722550.0,4249568.0,90,2006.0,10.0
茗荷谷駅,2021,land,9,80000000,91888889,58000000,130000000,3800000.0,3828571.0,80,,7.0
茗荷谷駅,2022,land,5,110000000,176000000,91000000,360000000,4000000.0,3925000.0,85,,10.0
茗荷谷駅,2023,land,4,195000000,173500000,24000000,280000000,4350000.0,4225000.0,102,,6.0
茗荷谷駅,2024,land,8,153500000,178500000,27000000,330000000,5700000.0,5887500.0,78,,8.0
茗荷谷駅,2025,land,5,150000000,134000000,96000000,510000000,4300000.0,4300000.0,135,,7.0
茗荷谷駅,2021,mansion,114,55000000,56618584,9900000,170000000,3649078.0,3621477.0,55,2005.0,7.0
茗荷谷駅,2022,mansion,111,67000000,67441441,7000000,160000000,3827751.0,3923842.0,60,2004.0,7.0
茗荷谷駅,2023,mansion,105,63000000,68704762,12000000,180000000,3778040.0,3940334.0,55,2004.0,7.0
茗荷谷駅,2024,mansion,108,71000000,75240741,12000000,190000000,4132231.0,4389303.0,58,2005.0,8.0
茗荷谷駅,2025,mansion,119,75000000,78358974,10000000,350000000,4424666.0,4391242.0,60,2002.0,7.0
荏原中延駅,2021,house,9,88000000,79142857,56000000,840000000,2314050.0,2427286.0,85,1991.0,4.0
荏原中延駅,2022,house,7,80000000,72666667,25000000,1400000000,2479339.0,2343205.0,80,2000.0,8.0
荏原中延駅,2023,house,21,68000000,64473684,13000000,210000000,2746344.0,2729243.0,55,2006.0,5.0
荏原中延駅,2024,house,18,79000000,79312500,18000000,890000000,1991573.0,2262308.0,72,1999.0,5.0
荏原中延駅,2025,house,19,93000000,83562500,13000000,760000000,2865014.0,2725508.0,75,2002.0,5.0
荏原中延駅,2021,land,5,66000000,65000000,57000000,140000000,2800000.0,3025000.0,85,,5.0
荏原中延駅,2022,land,6,75500000,88333333,60000000,130000000,2950000.0,2933333.0,85,,4.0
荏原中延駅,2023,land,6,64500000,68200000,44000000,260000000,3550000.0,3450000.0,65,,4.0
荏原中延駅,2024,land,10,66000000,69000000,19000000,230000000,3150000.0,3050000.0,70,,5.0
荏原中延駅,2025,land,11,120000000,143545455,43000000,290000000,4000000.0,3972727.0,100,,3.0
荏原中延駅,2021,mansion,36,28000000,38485714,13000000,110000000,3280356.0,3126519.0,42,2005.0,6.0
荏原中延駅,2022,mansion,43,64000000,53244186,8500000,93000000,3712651.0,3678264.0,55,2005.0,5.0
荏原中延駅,2023,mansion,42,28000000,42119048,9000000,99000000,3636364.0,3657278.0,28,2007.0,6.0
荏原中延駅,2024,mansion,31,29000000,42193548,15000000,97000000,3801653.0,3806603.0,40,2007.0,4.0
荏原中延駅,2025,mansion,44,33500000,44558140,18000000,130000000,3774105.0,3896673.0,32,2004.0,7.0
荏原町駅,2021,house,15,72000000,72769231,45000000,340000000,2644628.0,2329854.0,85,2007.0,5.0
荏原町駅,2022,house,9,85000000,127250000,15000000,820000000,2739079.0,2828375.0,85,2012.0,5.0
荏原町駅,2023,house,9,68000000,72500000,40000000,1900000000,3148367.0,3066817.0,60,2018.0,7.0
荏原町駅,2024,house,18,80000000,74666667,11000000,180000000,2764463.0,2819214.0,55,2004.0,5.0
荏原町駅,2025,house,16,81000000,91071429,24000000,360000000,3132625.0,3168111.0,82,2008.0,6.0
荏原町駅,2021,land,3,58000000,54333333,42000000,63000000,3000000.0,2866667.0,60,,5.0
荏原町駅,2022,land,1,13000000,13000000,13000000,13000000,1100000.0,1100000.0,40,,4.0
荏原町駅,2023,land,6,145000000,151333333,10000000,280000000,3650000.0,3780000.0,125,,4.0
荏原町駅,2024,land,7,66000000,63142857,47000000,75000000,2800000.0,2471429.0,85,,5.0
荏原町駅,2025,land,8,96500000,99000000,48000000,160000000,3000000.0,3012500.0,92,,6.0
荏原町駅,2021,mansion,23,52000000,50173913,10000000,81000000,3347107.0,3011804.0,50,2009.0,4.0
荏原町駅,2022,mansion,27,42000000,46629630,13000000,96000000,3730814.0,3346924.0,40,2011.0,4.0
荏原町駅,2023,mansion,21,51000000,52285714,15000000,94000000,4334251.0,4236653.0,45,2016.0,4.0
荏原町駅,2024,mansion,12,62500000,63333333,25000000,92000000,4413768.0,4090941.0,45,2009.0,4.0
荏原町駅,2025,mansion,22,38500000,35921053,8500000,85000000,5006762.0,4308895.0,25,2019.0,6.0
荒川一中前駅,2022,house,1,10000000,10000000,10000000,10000000,826446.0,826446.0,25,1988.0,5.0
荒川一中前駅,2023,house,1,91000000,91000000,91000000,91000000,2506887.0,2506887.0,75,2017.0,2.0
荒川一中前駅,2025,house,2,11650000,11650000,9300000,14000000,970884.0,970884.0,38,1964.0,7.0
荒川一中前駅,2022,land,1,40000000,40000000,40000000,40000000,1700000.0,1700000.0,75,,3.0
荒川一中前駅,2023,land,1,23000000,23000000,23000000,23000000,750000.0,750000.0,100,,2.0
荒川一中前駅,2024,land,3,43000000,70000000,17000000,150000000,2100000.0,1933333.0,70,,3.0
荒川一中前駅,2025,land,3,53000000,60666667,52000000,77000000,2100000.0,1823333.0,80,,2.0
荒川一中前駅,2021,mansion,2,17500000,17500000,15000000,20000000,1427498.0,1427498.0,42,1985.0,6.0
荒川一中前駅,2024,mansion,1,57000000,57000000,57000000,57000000,2898919.0,2898919.0,65,2012.0,5.0
荒川七丁目駅,2021,house,1,20000000,20000000,20000000,20000000,1322314.0,1322314.0,45,1978.0,5.0
荒川七丁目駅,2022,house,2,33500000,33500000,22000000,45000000,1293388.0,1293388.0,40,1984.0,3.0
荒川七丁目駅,2025,house,1,61000000,61000000,61000000,61000000,2240588.0,2240588.0,50,2025.0,10.0
荒川二丁目駅,2021,house,4,37000000,37500000,18000000,58000000,1819052.0,1948487.0,75,2021.0,6.0
荒川二丁目駅,2022,house,1,45000000,45000000,45000000,45000000,1416765.0,1416765.0,60,2007.0,10.0
荒川二丁目駅,2023,house,1,120000000,120000000,120000000,120000000,1983471.0,1983471.0,120,2023.0,4.0
荒川二丁目駅,2025,house,2,55500000,55500000,46000000,65000000,2144701.0,2144701.0,58,2021.0,8.0
荒川二丁目駅,2021,land,4,51500000,54250000,28000000,86000000,1750000.0,1700000.0,102,,2.0
荒川二丁目駅,2022,land,4,82000000,86250000,51000000,130000000,2250000.0,2250000.0,120,,2.0
荒川二丁目駅,2023,land,4,134500000,131000000,15000000,240000000,1080000.0,1175000.0,422,,10.0
荒川二丁目駅,2024,land,2,39500000,39500000,13000000,66000000,1600000.0,1600000.0,75,,4.0
荒川二丁目駅,2025,land,1,31000000,31000000,31000000,31000000,2000000.0,2000000.0,50,,3.0
荒川二丁目駅,2021,mansion,1,47000000,47000000,47000000,47000000,1942149.0,1942149.0,80,2001.0,12.0
荒川二丁目駅,2022,mansion,1,48000000,48000000,48000000,48000000,2266824.0,2266824.0,70,2001.0,12.0
荒川二丁目駅,2023,mansion,1,38000000,38000000,38000000,38000000,1794569.0,1794569.0,70,2001.0,12.0
荒川二丁目駅,2024,mansion,1,37000000,37000000,37000000,37000000,1630854.0,1630854.0,75,2001.0,12.0
荒川二丁目駅,2025,mansion,1,48000000,48000000,48000000,48000000,2115702.0,2115702.0,75,2001.0,12.0
荒川区役所前駅,2021,house,5,50000000,45250000,28000000,120000000,1454545.0,1362348.0,75,1994.0,4.0
荒川区役所前駅,2022,house,1,100000000,100000000,100000000,100000000,2361275.0,2361275.0,160,,7.0
荒川区役所前駅,2023,house,3,17000000,23500000,8500000,45000000,1123967.0,1057851.0,40,1977.0,5.0
荒川区役所前駅,2024,house,8,59000000,51500000,7000000,83000000,1952569.0,1903513.0,60,2024.0,4.0
荒川区役所前駅,2025,house,11,40000000,42222222,20000000,250000000,1659374.0,1767073.0,65,1992.0,4.0
荒川区役所前駅,2021,land,6,44500000,46833333,11000000,90000000,1600000.0,1533333.0,70,,4.0
荒川区役所前駅,2023,land,3,36000000,68333333,19000000,150000000,1200000.0,1246667.0,125,,4.0
荒川区役所前駅,2025,land,3,140000000,107333333,42000000,140000000,2600000.0,2666667.0,155,,7.0
荒川区役所前駅,2021,mansion,6,24500000,27166667,18000000,38000000,2446281.0,2508794.0,32,1998.0,4.0
荒川区役所前駅,2022,mansion,5,32000000,33600000,25000000,49000000,2223892.0,2121135.0,50,1998.0,4.0
荒川区役所前駅,2023,mansion,6,28500000,31166667,23000000,47000000,3065364.0,2937140.0,30,2010.0,2.0
荒川区役所前駅,2024,mansion,11,50000000,44272727,22000000,73000000,2739079.0,2533713.0,60,1999.0,4.0
荒川区役所前駅,2025,mansion,9,60000000,56666667,28000000,75000000,3016529.0,3112382.0,65,2011.0,2.0
荒川車庫前駅,2021,house,3,48000000,47000000,42000000,51000000,1774685.0,1676637.0,50,2021.0,3.0
荒川車庫前駅,2022,house,5,60000000,60000000,40000000,150000000,1404959.0,1610141.0,130,2004.0,4.0
荒川車庫前駅,2023,house,1,28000000,28000000,28000000,28000000,638358.0,638358.0,80,1984.0,2.0
荒川車庫前駅,2024,house,4,53500000,59000000,29000000,100000000,1428803.0,1504817.0,50,2006.0,4.0
荒川車庫前駅,2025,house,1,58000000,58000000,58000000,58000000,2130395.0,2130395.0,55,2013.0,5.0
荒川車庫前駅,2021,land,1,60000000,60000000,60000000,60000000,2000000.0,2000000.0,95,,0.0
荒川車庫前駅,2022,land,1,40000000,40000000,40000000,40000000,2700000.0,2700000.0,50,,2.0
荒川車庫前駅,2023,land,1,22000000,22000000,22000000,22000000,1600000.0,1600000.0,45,,2.0
荒川車庫前駅,2025,land,1,24000000,24000000,24000000,24000000,1400000.0,1400000.0,55,,6.0
荒川車庫前駅,2021,mansion,4,48000000,48250000,42000000,55000000,2455726.0,2373868.0,68,2000.0,5.0
荒川車庫前駅,2022,mansion,2,41500000,41500000,41000000,42000000,2391685.0,2391685.0,58,1998.0,4.0
荒川車庫前駅,2023,mansion,6,39000000,35666667,22000000,45000000,2578512.0,2770248.0,50,2012.0,3.0
荒川車庫前駅,2024,mansion,4,40500000,40750000,21000000,61000000,3071837.0,3113089.0,58,2000.0,4.0
荒川車庫前駅,2025,mansion,11,36000000,36000000,17000000,60000000,2512397.0,2535430.0,50,2002.0,3.0
荒川遊園地前駅,2021,house,4,50000000,56000000,25000000,99000000,1848026.0,1759026.0,58,2021.0,4.0
荒川遊園地前駅,2022,house,1,40000000,40000000,40000000,40000000,1101928.0,1101928.0,250,1981.0,3.0
荒川遊園地前駅,2024,house,3,36000000,41000000,36000000,51000000,1830896.0,1879484.0,45,2010.0,5.0
荒川遊園地前駅,2025,house,2,31500000,31500000,9000000,54000000,1983471.0,1983471.0,50,2025.0,4.0
荒川遊園地前駅,2021,land,2,20500000,20500000,18000000,23000000,585000.0,585000.0,168,,4.0
荒川遊園地前駅,2022,land,2,15500000,15500000,13000000,18000000,995000.0,995000.0,52,,3.0
荒川遊園地前駅,2024,land,1,55000000,55000000,55000000,55000000,2200000.0,2200000.0,85,,5.0
荒川遊園地前駅,2025,land,2,62500000,62500000,38000000,87000000,1600000.0,1600000.0,130,,4.0
荒川遊園地前駅,2021,mansion,1,25000000,25000000,25000000,25000000,1377410.0,1377410.0,60,1986.0,6.0
荒川遊園地前駅,2025,mansion,2,42500000,42500000,32000000,53000000,2213159.0,2213159.0,62,1996.0,3.0
荻窪駅,2021,house,111,78000000,77918367,27000000,900000000,2527953.0,2536062.0,100,2011.0,14.0
荻窪駅,2022,house,111,80000000,79552475,8800000,3000000000,2567350.0,2568342.0,90,2011.0,14.0
荻窪駅,2023,house,119,78000000,73275510,8800000,630000000,2743802.0,2598579.0,90,2007.0,14.0
荻窪駅,2024,house,108,86000000,89782178,14000000,530000000,2940312.0,2880382.0,95,2011.0,14.0
荻窪駅,2025,house,108,91500000,90631579,16000000,1600000000,3085399.0,3026731.0,98,2016.0,14.0
荻窪駅,2021,land,50,65000000,69822222,28000000,360000000,2300000.0,2264583.0,100,,12.0
荻窪駅,2022,land,22,91000000,100750000,40000000,530000000,2200000.0,2289474.0,135,,14.0
荻窪駅,2023,land,30,71000000,72538462,28000000,340000000,2550000.0,2466667.0,92,,12.0
荻窪駅,2024,land,30,86500000,81739130,42000000,500000000,2750000.0,2693103.0,102,,11.0
荻窪駅,2025,land,43,75000000,82076923,40000000,260000000,2700000.0,2683333.0,95,,10.0
荻窪駅,2021,mansion,181,40000000,41596067,4000000,160000000,2809917.0,2776115.0,50,2001.0,9.0
荻窪駅,2022,mansion,189,40000000,44624599,6900000,130000000,3057851.0,2950411.0,45,2000.0,8.0
荻窪駅,2023,mansion,185,40000000,43001093,5700000,130000000,2975206.0,3114786.0,45,1998.0,7.0
荻窪駅,2024,mansion,192,43000000,44512500,7500000,120000000,3227379.0,3261141.0,40,2003.0,8.0
荻窪駅,2025,mansion,240,48500000,50770293,5500000,150000000,3220386.0,3344789.0,50,2000.0,8.0
菊川駅,2021,house,23,65000000,61333333,18000000,770000000,1839553.0,1899910.0,70,1995.0,5.0
菊川駅,2022,house,17,70000000,56714286,16000000,810000000,2093664.0,1988786.0,60,1992.0,5.0
菊川駅,2023,house,13,150000000,175916667,71000000,870000000,2893664.0,2892649.0,115,2013.0,5.0
菊川駅,2024,house,14,125000000,185692308,20000000,1400000000,2560910.0,2424798.0,92,2000.0,6.0
菊川駅,2025,house,12,95000000,96363636,40000000,930000000,2361275.0,2336560.0,80,1981.0,6.0
菊川駅,2021,land,7,170000000,138333333,48000000,610000000,4000000.0,4014286.0,130,,5.0
菊川駅,2022,land,5,130000000,110200000,55000000,160000000,3400000.0,3500000.0,130,,5.0
菊川駅,2023,land,2,145000000,145000000,140000000,150000000,3300000.0,3300000.0,145,,7.0
菊川駅,2024,land,4,120000000,127250000,69000000,200000000,2950000.0,3150000.0,100,,4.0
菊川駅,2025,land,6,120000000,108000000,48000000,170000000,3800000.0,3783333.0,110,,6.0
菊川駅,2021,mansion,141,38000000,37728369,6500000,77000000,2776859.0,2782727.0,50,2002.0,4.0
菊川駅,2022,mansion,116,30000000,37469565,12000000,91000000,3231655.0,3158298.0,40,2008.0,4.0
菊川駅,2023,mansion,102,29500000,37019608,11000000,80000000,3305785.0,3218160.0,30,2008.0,5.0
菊川駅,2024,mansion,115,41000000,41016071,9800000,100000000,3447462.0,3413838.0,40,2006.0,4.0
菊川駅,2025,mansion,113,41000000,44911504,14000000,100000000,3560076.0,3479072.0,45,2006.0,5.0
萩山駅,2021,house,13,35000000,30807692,1500000,46000000,1469238.0,1280433.0,90,2021.0,6.0
萩山駅,2022,house,24,40000000,41571429,10000000,49000000,1491953.0,1421075.0,108,2020.0,5.0
萩山駅,2023,house,10,42000000,41000000,28000000,52000000,1691919.0,1604839.0,108,2022.0,8.0
萩山駅,2024,house,12,34000000,35583333,26000000,53000000,1159455.0,1325205.0,112,2001.0,6.0
萩山駅,2025,house,17,46000000,44666667,8000000,100000000,1671258.0,1641902.0,110,2025.0,8.0
萩山駅,2021,land,1,64000000,64000000,64000000,64000000,800000.0,800000.0,260,,3.0
萩山駅,2022,land,4,37000000,33666667,27000000,900000000,775000.0,750000.0,152,,6.0
萩山駅,2024,land,4,27500000,27000000,15000000,38000000,610000.0,625000.0,140,,6.0
萩山駅,2025,land,4,39500000,39666667,18000000,40000000,840000.0,795000.0,148,,6.0
萩山駅,2021,mansion,11,30000000,28700000,7200000,35000000,1322314.0,1338136.0,70,2009.0,4.0
萩山駅,2022,mansion,21,39000000,34123810,6400000,50000000,1611570.0,1545048.0,75,2009.0,4.0
萩山駅,2023,mansion,18,23500000,22711111,4600000,45000000,1287052.0,1323699.0,62,1990.0,4.0
萩山駅,2024,mansion,9,27000000,24877778,6900000,43000000,1190083.0,1261096.0,70,1990.0,5.0
萩山駅,2025,mansion,19,30000000,29852632,5200000,48000000,1474889.0,1464096.0,70,2009.0,4.0
落合南長崎駅,2021,house,41,73000000,73944444,43000000,540000000,2195041.0,2258650.0,80,2021.0,9.0
落合南長崎駅,2022,house,29,71000000,86111111,19000000,1100000000,2534435.0,2843334.0,90,2012.0,7.0
落合南長崎駅,2023,house,21,76000000,86210526,13000000,380000000,2793388.0,2609903.0,90,2018.0,4.0
落合南長崎駅,2024,house,27,73000000,78576923,20000000,350000000,2784873.0,2800745.0,85,2015.0,9.0
落合南長崎駅,2025,house,33,85000000,97354839,19000000,350000000,2975206.0,3064200.0,85,2019.0,7.0
落合南長崎駅,2021,land,8,51000000,60500000,32000000,120000000,2100000.0,2007500.0,95,,6.0
落合南長崎駅,2022,land,10,80000000,92125000,51000000,1100000000,2300000.0,2375000.0,120,,7.0
落合南長崎駅,2023,land,8,129000000,110714286,36000000,540000000,2250000.0,2300000.0,165,,8.0
落合南長崎駅,2024,land,4,50500000,45666667,36000000,170000000,2800000.0,2875000.0,70,,8.0
落合南長崎駅,2025,land,15,82000000,72153846,35000000,240000000,2800000.0,2733333.0,95,,4.0
落合南長崎駅,2021,mansion,55,21000000,20355102,5400000,70000000,3140496.0,2940478.0,20,2001.0,7.0
落合南長崎駅,2022,mansion,59,23000000,24830357,4500000,79000000,2975206.0,2776016.0,25,1999.0,6.0
落合南長崎駅,2023,mansion,74,25000000,25747761,6700000,85000000,2849272.0,2763610.0,30,1998.0,6.0
落合南長崎駅,2024,mansion,65,27000000,30800000,7200000,93000000,3140496.0,3062705.0,25,2001.0,6.0
落合南長崎駅,2025,mansion,78,33000000,38600000,6500000,240000000,3305785.0,3164517.0,32,1999.0,6.0
落合駅,2021,house,10,82000000,82200000,28000000,150000000,2038567.0,2008578.0,90,1994.0,4.0
落合駅,2022,house,11,77000000,72333333,15000000,1200000000,2432113.0,2449526.0,100,1987.0,4.0
落合駅,2023,house,12,140000000,131909091,18000000,740000000,2446281.0,2239143.0,168,1991.0,2.0
落合駅,2024,house,11,75000000,67600000,29000000,130000000,2292011.0,2521182.0,80,2001.0,7.0
落合駅,2025,house,13,84000000,123000000,21000000,300000000,2865014.0,2736357.0,100,1998.0,5.0
落合駅,2021,land,3,57000000,54333333,46000000,60000000,1900000.0,2000000.0,80,,10.0
落合駅,2022,land,3,63000000,274666667,21000000,740000000,2600000.0,2600000.0,80,,9.0
落合駅,2023,land,7,110000000,99285714,34000000,140000000,2800000.0,2780000.0,95,,2.0
落合駅,2024,land,7,66000000,80500000,44000000,880000000,3300000.0,3250000.0,65,,4.0
落合駅,2021,mansion,38,29500000,29375000,8500000,66000000,2821724.0,2826681.0,40,1995.0,3.0
落合駅,2022,mansion,52,35000000,41403846,12000000,96000000,3283746.0,3055466.0,45,1996.0,4.0
落合駅,2023,mansion,56,39000000,43767857,8000000,120000000,3305785.0,3155105.0,50,2001.0,3.0
落合駅,2024,mansion,34,45000000,47000000,11000000,110000000,3157526.0,3223538.0,50,1995.0,3.0
落合駅,2025,mansion,78,43500000,50223077,7200000,130000000,3305785.0,3220747.0,50,1990.0,4.0
葛西臨海公園駅,2021,house,8,51000000,46500000,33000000,700000000,1688519.0,1673337.0,80,2014.0,20.0
葛西臨海公園駅,2022,house,6,47500000,39000000,13000000,480000000,1692562.0,1449627.0,75,2018.0,20.0
葛西臨海公園駅,2023,house,9,59000000,55142857,37000000,400000000,1287516.0,1460828.0,90,2006.0,21.0
葛西臨海公園駅,2024,house,3,75000000,302666667,53000000,780000000,1844280.0,2027407.0,115,2007.0,22.0
葛西臨海公園駅,2025,house,5,67000000,65666667,44000000,83000000,1920504.0,1944951.0,75,2025.0,20.0
葛西臨海公園駅,2022,land,3,33000000,68333333,32000000,140000000,1400000.0,1400000.0,85,,18.0
葛西臨海公園駅,2023,land,1,130000000,130000000,130000000,130000000,1100000.0,1100000.0,390,,20.0
葛西臨海公園駅,2024,land,3,33000000,70000000,27000000,150000000,1300000.0,1233333.0,85,,18.0
葛西臨海公園駅,2021,mansion,25,34000000,35720000,21000000,52000000,1622840.0,1688241.0,70,1996.0,16.0
葛西臨海公園駅,2022,mansion,23,37000000,35565217,20000000,47000000,1700118.0,1656398.0,70,1996.0,18.0
葛西臨海公園駅,2023,mansion,34,40000000,38382353,24000000,54000000,1878788.0,1792897.0,70,1996.0,19.0
葛西臨海公園駅,2024,mansion,22,36000000,35863636,16000000,57000000,1791597.0,1723249.0,70,1998.0,16.0
葛西臨海公園駅,2025,mansion,29,43000000,43809524,28000000,64000000,1942149.0,2030085.0,75,1998.0,14.0
葛西駅,2021,house,66,54000000,49920000,8000000,630000000,1574183.0,1535715.0,98,2010.0,15.0
葛西駅,2022,house,78,61000000,57441270,8000000,2200000000,1829201.0,1749016.0,95,2004.0,13.0
葛西駅,2023,house,55,60000000,58234783,9300000,600000000,1850908.0,1852184.0,90,2011.0,15.0
葛西駅,2024,house,70,65000000,57296552,7000000,980000000,1950413.0,1886031.0,90,2004.0,15.0
葛西駅,2025,house,78,60500000,59646479,8900000,960000000,1957347.0,1968577.0,80,2017.0,15.0
葛西駅,2021,land,19,80000000,90444444,5000000,450000000,1300000.0,1321875.0,175,,14.0
葛西駅,2022,land,17,50000000,55600000,15000000,1300000000,1500000.0,1425000.0,115,,15.0
葛西駅,2023,land,10,68000000,77200000,22000000,160000000,1550000.0,1486667.0,118,,11.0
葛西駅,2024,land,10,39500000,67000000,4000000,490000000,1145000.0,1561000.0,120,,10.0
葛西駅,2025,land,16,54000000,82343750,1500000,240000000,1600000.0,1545500.0,125,,15.0
葛西駅,2021,mansion,154,35000000,34682781,8500000,67000000,1756603.0,1795944.0,65,2000.0,8.0
葛西駅,2022,mansion,131,38000000,36348092,6500000,60000000,1830896.0,1827307.0,70,1998.0,11.0
葛西駅,2023,mansion,134,40000000,39331818,5500000,83000000,1961432.0,1958636.0,70,2002.0,11.0
葛西駅,2024,mansion,165,38000000,37662805,5500000,120000000,1889020.0,1911106.0,70,1997.0,10.0
葛西駅,2025,mansion,178,42000000,41239326,2500000,80000000,2029122.0,2057869.0,70,2000.0,12.0
蒲田駅,2021,house,48,57000000,57107143,7500000,910000000,1785124.0,1751697.0,72,2006.0,13.0
蒲田駅,2022,house,32,58000000,54269231,31000000,1200000000,2034632.0,1888468.0,62,2009.0,12.0
蒲田駅,2023,house,34,54500000,53266667,10000000,680000000,2115702.0,2018930.0,70,1998.0,10.0
蒲田駅,2024,house,39,55000000,52000000,19000000,960000000,2125148.0,2086357.0,60,2007.0,11.0
蒲田駅,2025,house,54,70000000,60857143,2000000,8200000000,2333495.0,2428124.0,60,2020.0,11.0
蒲田駅,2021,land,21,47000000,45833333,13000000,820000000,2000000.0,1836316.0,90,,11.0
蒲田駅,2022,land,10,120000000,109222222,29000000,1100000000,2250000.0,2246250.0,120,,8.0
蒲田駅,2023,land,17,50000000,63812500,28000000,340000000,2200000.0,2331176.0,95,,11.0
蒲田駅,2024,land,6,165000000,226400000,62000000,1600000000,2650000.0,3766667.0,270,,8.0
蒲田駅,2025,land,11,55000000,83800000,10000000,1800000000,2000000.0,2001000.0,125,,13.0
蒲田駅,2021,mansion,157,26000000,31129299,4600000,67000000,2593770.0,2656671.0,40,2002.0,7.0
蒲田駅,2022,mansion,164,28000000,32220732,1100000,74000000,2776859.0,2840258.0,30,2002.0,6.0
蒲田駅,2023,mansion,168,25000000,32658084,9900000,98000000,2754821.0,2834299.0,35,1999.0,7.0
蒲田駅,2024,mansion,172,32000000,35501170,6000000,90000000,3140496.0,3052855.0,35,2004.0,6.0
蒲田駅,2025,mansion,211,34000000,37382126,7300000,93000000,3305785.0,3273339.0,35,2004.0,7.0
蓮根駅,2021,house,19,47000000,43642857,6000000,210000000,1519743.0,1554788.0,75,2013.0,10.0
蓮根駅,2022,house,22,61000000,84215789,8100000,2500000000,1810995.0,1644780.0,95,2010.0,8.0
蓮根駅,2023,house,24,40000000,42831818,5000000,700000000,1376558.0,1269015.0,70,2001.0,9.0
蓮根駅,2024,house,18,62500000,58500000,10000000,750000000,1889248.0,1929639.0,78,2017.0,10.0
蓮根駅,2025,house,22,60000000,68173684,9300000,1600000000,1492935.0,1501164.0,98,1996.0,10.0
蓮根駅,2021,land,13,54000000,48583333,22000000,130000000,1400000.0,1500000.0,105,,7.0
蓮根駅,2022,land,7,57000000,65428571,11000000,130000000,1900000.0,1966667.0,100,,8.0
蓮根駅,2023,land,5,37000000,40800000,16000000,72000000,1700000.0,1600000.0,80,,9.0
蓮根駅,2024,land,5,48000000,46600000,20000000,77000000,700000.0,1130000.0,125,,11.0
蓮根駅,2025,land,9,53000000,57500000,17000000,220000000,1600000.0,1616667.0,105,,6.0
蓮根駅,2021,mansion,66,27500000,28936364,3200000,52000000,1652893.0,1720757.0,60,1995.0,8.0
蓮根駅,2022,mansion,96,27500000,29448421,2000000,70000000,1868269.0,1984255.0,55,1999.0,7.0
蓮根駅,2023,mansion,72,27500000,27329851,4000000,69000000,2087367.0,2210376.0,50,2004.0,7.0
蓮根駅,2024,mansion,107,28000000,33245794,9300000,66000000,2136046.0,2155903.0,60,2003.0,7.0
蓮根駅,2025,mansion,92,28500000,27764286,6900000,68000000,1983471.0,2067422.0,55,1992.0,8.0
蓮沼駅,2021,house,24,55500000,51619048,19000000,1200000000,1942149.0,1968139.0,72,2001.0,6.0
蓮沼駅,2022,house,24,65000000,61523810,30000000,290000000,2148760.0,2000911.0,60,2014.0,7.0
蓮沼駅,2023,house,16,62000000,61363636,40000000,160000000,2288463.0,2129858.0,60,2023.0,6.0
蓮沼駅,2024,house,14,68500000,65600000,11000000,550000000,2644628.0,2452715.0,55,2024.0,6.0
蓮沼駅,2025,house,24,71000000,66250000,32000000,3000000000,2420307.0,2297316.0,70,2016.0,6.0
蓮沼駅,2021,land,7,110000000,90714286,38000000,160000000,2400000.0,2414286.0,125,,9.0
蓮沼駅,2022,land,11,52000000,47400000,25000000,110000000,1900000.0,2160000.0,80,,6.0
蓮沼駅,2023,land,9,59000000,52000000,21000000,100000000,2200000.0,2314286.0,80,,5.0
蓮沼駅,2024,land,3,87000000,85000000,38000000,130000000,2000000.0,2133333.0,150,,9.0
蓮沼駅,2025,land,6,48000000,44000000,14000000,180000000,2200000.0,2118333.0,58,,5.0
蓮沼駅,2021,mansion,40,23500000,27815000,9800000,50000000,3024793.0,2989938.0,25,2002.0,3.0
蓮沼駅,2022,mansion,40,25500000,31272500,9900000,75000000,2691854.0,2763456.0,35,1998.0,3.0
蓮沼駅,2023,mansion,33,26000000,27903226,9000000,64000000,2865014.0,2926196.0,20,2002.0,3.0
蓮沼駅,2024,mansion,40,34500000,35675000,10000000,70000000,2753973.0,2849638.0,50,2002.0,4.0
蓮沼駅,2025,mansion,49,28000000,40102041,13000000,100000000,3471074.0,3270946.0,40,2002.0,3.0
蔵前駅,2021,house,6,150000000,131000000,28000000,880000000,2424242.0,2472275.0,78,1982.0,3.0
蔵前駅,2022,house,7,210000000,226428571,15000000,470000000,3459542.0,3850293.0,70,1972.0,1.0
蔵前駅,2023,house,6,200000000,200833333,38000000,350000000,2051867.0,2281404.0,112,1979.0,2.0
蔵前駅,2024,house,5,160000000,689600000,58000000,1800000000,3796613.0,3817752.0,130,2004.0,3.0
蔵前駅,2025,house,14,335000000,299500000,52000000,1200000000,3051494.0,2768725.0,145,1990.0,5.0
蔵前駅,2021,land,2,214000000,214000000,58000000,370000000,5300000.0,5300000.0,110,,4.0
蔵前駅,2022,land,2,140000000,140000000,130000000,150000000,5050000.0,5050000.0,90,,2.0
蔵前駅,2023,land,2,150000000,150000000,40000000,260000000,4100000.0,4100000.0,100,,4.0
蔵前駅,2024,land,3,35000000,61333333,29000000,120000000,3500000.0,3466667.0,45,,5.0
蔵前駅,2025,land,4,275000000,226666667,130000000,700000000,9300000.0,8525000.0,90,,4.0
蔵前駅,2021,mansion,127,40000000,41632283,3300000,85000000,3223140.0,3249727.0,40,2008.0,3.0
蔵前駅,2022,mansion,116,44500000,44435345,8500000,85000000,3438016.0,3396065.0,45,2009.0,4.0
蔵前駅,2023,mansion,97,44000000,47224742,8800000,110000000,3438016.0,3401940.0,45,2008.0,4.0
蔵前駅,2024,mansion,116,46000000,48641379,9400000,110000000,3692712.0,3715798.0,40,2008.0,4.0
蔵前駅,2025,mansion,138,52000000,55841791,5200000,230000000,4069264.0,4178692.0,45,2011.0,4.0
虎ノ門ヒルズ駅,2023,house,3,1000000000,860000000,280000000,1300000000,6137881.0,6137881.0,150,1977.0,2.0
虎ノ門ヒルズ駅,2023,land,1,1600000000,1600000000,1600000000,1600000000,21000000.0,21000000.0,250,,4.0
虎ノ門ヒルズ駅,2021,mansion,6,52500000,47400000,29000000,500000000,5320740.0,4976308.0,32,2018.0,6.0
虎ノ門ヒルズ駅,2022,mansion,9,60000000,82555556,31000000,170000000,5840220.0,5518300.0,35,2019.0,6.0
虎ノ門ヒルズ駅,2023,mansion,14,98500000,80846154,26000000,590000000,6417945.0,6298975.0,52,2019.0,6.0
虎ノ門ヒルズ駅,2024,mansion,6,74000000,86833333,56000000,130000000,7359307.0,7277617.0,35,2019.0,6.0
虎ノ門ヒルズ駅,2025,mansion,4,195000000,185000000,150000000,200000000,10743801.0,10856498.0,58,2019.0,6.0
虎ノ門駅,2022,house,2,3700000000,3700000000,1800000000,5600000000,6753246.0,6753246.0,260,2001.0,2.0
虎ノ門駅,2023,house,1,830000000,830000000,830000000,830000000,11432506.0,11432506.0,75,1973.0,2.0
虎ノ門駅,2024,house,2,445000000,445000000,370000000,520000000,14700726.0,14700726.0,42,1998.0,2.0
虎ノ門駅,2025,land,1,310000000,310000000,310000000,310000000,20000000.0,20000000.0,50,,2.0
虎ノ門駅,2021,mansion,1,29000000,29000000,29000000,29000000,3834711.0,3834711.0,25,2012.0,7.0
虎ノ門駅,2022,mansion,5,97000000,101400000,28000000,230000000,5830203.0,6295016.0,45,2006.0,4.0
虎ノ門駅,2023,mansion,1,50000000,50000000,50000000,50000000,4722550.0,4722550.0,35,2007.0,1.0
虎ノ門駅,2024,mansion,5,57000000,68400000,34000000,110000000,6905418.0,6664463.0,30,2007.0,4.0
虎ノ門駅,2025,mansion,3,34000000,236000000,34000000,640000000,5619834.0,10463072.0,20,2004.0,4.0
表参道駅,2021,house,5,1000000000,862000000,340000000,1500000000,4704386.0,5138476.0,340,1989.0,4.0
表参道駅,2022,house,14,590000000,930769231,110000000,3500000000,6493506.0,7044898.0,210,1992.0,8.0
表参道駅,2023,house,14,545000000,713333333,180000000,25000000000,8476372.0,9001790.0,110,1992.0,6.0
表参道駅,2024,house,17,540000000,399230769,150000000,4900000000,7877615.0,7823452.0,165,1992.0,7.0
表参道駅,2025,house,10,660000000,949000000,100000000,2600000000,7041322.0,7789956.0,105,2000.0,7.0
表参道駅,2021,land,4,300000000,320000000,250000000,430000000,6700000.0,6266667.0,125,,7.0
表参道駅,2022,land,6,310000000,346000000,180000000,3900000000,8800000.0,10500000.0,130,,8.0
表参道駅,2023,land,7,750000000,641666667,190000000,6300000000,10000000.0,10433333.0,230,,7.0
表参道駅,2024,land,2,580000000,580000000,160000000,1000000000,16300000.0,16300000.0,108,,6.0
表参道駅,2025,land,7,940000000,1051428571,470000000,1600000000,14000000.0,14316667.0,160,,9.0
表参道駅,2021,mansion,94,87000000,109588889,18000000,380000000,4628099.0,4936129.0,70,2000.0,10.0
表参道駅,2022,mansion,93,86000000,102965909,15000000,430000000,4988730.0,5275841.0,60,2001.0,8.0
表参道駅,2023,mansion,95,99000000,102022472,16000000,400000000,5219661.0,5316709.0,60,2001.0,10.0
表参道駅,2024,mansion,86,95000000,107450000,11000000,510000000,5454545.0,5746150.0,65,2001.0,10.0
表参道駅,2025,mansion,103,130000000,156240000,11000000,960000000,6611570.0,7454868.0,65,2000.0,9.0
西ケ原四丁目駅,2021,house,4,54500000,53250000,32000000,72000000,1744632.0,1886090.0,68,2010.0,4.0
西ケ原四丁目駅,2022,house,3,63000000,65333333,57000000,76000000,2283997.0,2193839.0,70,2021.0,3.0
西ケ原四丁目駅,2023,house,5,57000000,53750000,30000000,110000000,2348080.0,2091465.0,70,2023.0,2.0
西ケ原四丁目駅,2024,house,6,35000000,34800000,12000000,120000000,1895625.0,1807265.0,48,2001.0,3.0
西ケ原四丁目駅,2025,house,5,57000000,43000000,21000000,190000000,1570248.0,2115545.0,60,1990.0,5.0
西ケ原四丁目駅,2021,land,2,98500000,98500000,57000000,140000000,1535000.0,1535000.0,685,,4.0
西ケ原四丁目駅,2023,land,2,69000000,69000000,55000000,83000000,2500000.0,2500000.0,92,,4.0
西ケ原四丁目駅,2024,land,1,45000000,45000000,45000000,45000000,2500000.0,2500000.0,60,,7.0
西ケ原四丁目駅,2025,land,2,41000000,41000000,36000000,46000000,2400000.0,2400000.0,58,,6.0
西ケ原四丁目駅,2021,mansion,3,40000000,40333333,38000000,43000000,3140496.0,2981328.0,45,2017.0,1.0
西ケ原四丁目駅,2022,mansion,2,51500000,51500000,49000000,54000000,3107438.0,3107438.0,55,2017.0,2.0
西ケ原四丁目駅,2024,mansion,2,51000000,51000000,51000000,51000000,3218632.0,3218632.0,52,2017.0,2.0
西ケ原駅,2021,house,21,64000000,56176471,19000000,840000000,2157460.0,2001505.0,80,2011.0,6.0
西ケ原駅,2022,house,15,58000000,58800000,25000000,90000000,2355372.0,2069480.0,55,2022.0,6.0
西ケ原駅,2023,house,6,46500000,52800000,13000000,600000000,1322314.0,2041879.0,68,1973.0,5.0
西ケ原駅,2024,house,6,67500000,74800000,22000000,100000000,2769513.0,2823040.0,65,2024.0,5.0
西ケ原駅,2025,house,16,53500000,56133333,30000000,210000000,2479339.0,2476527.0,70,1997.0,5.0
西ケ原駅,2021,land,4,51500000,45750000,5000000,75000000,2200000.0,1860000.0,70,,6.0
西ケ原駅,2022,land,2,61500000,61500000,48000000,75000000,1600000.0,1600000.0,132,,8.0
西ケ原駅,2023,land,3,46000000,48333333,46000000,53000000,2800000.0,2500000.0,55,,6.0
西ケ原駅,2024,land,7,110000000,133714286,37000000,270000000,2500000.0,2350000.0,165,,4.0
西ケ原駅,2025,land,13,79000000,80818182,60000000,450000000,3200000.0,2665385.0,100,,6.0
西ケ原駅,2021,mansion,10,35500000,45700000,30000000,89000000,2849272.0,2841569.0,42,2014.0,3.0
西ケ原駅,2022,mansion,9,40000000,42444444,24000000,68000000,3173554.0,2943064.0,50,2013.0,3.0
西ケ原駅,2023,mansion,10,58500000,60400000,42000000,80000000,2751794.0,2806284.0,68,2000.0,5.0
西ケ原駅,2024,mansion,11,60000000,63545455,35000000,85000000,3051494.0,2980822.0,75,1995.0,4.0
西ケ原駅,2025,mansion,17,63000000,61235294,22000000,98000000,3204069.0,3323831.0,60,2011.0,4.0
西八王子駅,2021,house,140,28000000,28132308,3000000,480000000,925836.0,910182.0,135,2008.0,15.0
西八王子駅,2022,house,136,31000000,31123704,4200000,110000000,1024793.0,1012359.0,135,2003.0,15.0
西八王子駅,2023,house,143,32000000,30434815,1000000,1100000000,1065197.0,1024363.0,130,2009.0,15.0
西八王子駅,2024,house,103,30000000,29953684,2500000,110000000,974337.0,997690.0,130,2006.0,14.0
西八王子駅,2025,house,158,32000000,30129252,2200000,420000000,983036.0,996445.0,125,2018.0,15.0
西八王子駅,2021,land,27,23000000,24266667,4900000,540000000,520000.0,485000.0,135,,14.0
西八王子駅,2022,land,25,27000000,31245455,2700000,330000000,510000.0,510826.0,160,,12.0
西八王子駅,2023,land,22,29000000,27345000,2700000,160000000,530000.0,561905.0,160,,15.0
西八王子駅,2024,land,35,26000000,32148387,1300000,190000000,610000.0,562943.0,200,,12.0
西八王子駅,2025,land,32,30000000,29296296,1500000,350000000,505000.0,577719.0,180,,16.0
西八王子駅,2021,mansion,114,18000000,17370175,900000,39000000,892562.0,875719.0,65,1991.0,8.0
西八王子駅,2022,mansion,82,17500000,16921951,2000000,37000000,912270.0,934239.0,65,1992.0,9.0
西八王子駅,2023,mansion,75,19000000,17954667,2600000,43000000,969697.0,985130.0,70,1989.0,8.0
西八王子駅,2024,mansion,74,18000000,18295946,1300000,43000000,1013774.0,992022.0,65,1995.0,10.0
西八王子駅,2025,mansion,117,18000000,18799145,2100000,54000000,991736.0,1052144.0,65,1991.0,9.0
西千葉駅,2023,house,1,35000000,35000000,35000000,35000000,890019.0,890019.0,130,1970.0,15.0
西台駅,2021,house,12,48500000,44416667,15000000,70000000,1586777.0,1411073.0,85,2014.0,15.0
西台駅,2022,house,22,51500000,49266667,11000000,2200000000,1602871.0,1571874.0,82,2008.0,12.0
西台駅,2023,house,16,85500000,78083333,15000000,1400000000,1685950.0,1531511.0,225,1996.0,10.0
西台駅,2024,house,20,51000000,49111111,26000000,780000000,1776859.0,1638602.0,82,2011.0,12.0
西台駅,2025,house,27,55000000,50187500,5500000,330000000,1832940.0,1720052.0,85,2012.0,15.0
西台駅,2021,land,4,32000000,31333333,30000000,70000000,1350000.0,1366667.0,102,,12.0
西台駅,2022,land,2,26500000,26500000,23000000,30000000,1290000.0,1290000.0,72,,14.0
西台駅,2023,land,7,36000000,38200000,11000000,150000000,1300000.0,1435714.0,85,,10.0
西台駅,2024,land,7,38000000,196142857,15000000,580000000,1800000.0,1740000.0,70,,8.0
西台駅,2025,land,2,71000000,71000000,32000000,110000000,1750000.0,1750000.0,135,,9.0
西台駅,2021,mansion,66,24000000,26234848,4800000,56000000,1851240.0,1831475.0,55,2006.0,6.0
西台駅,2022,mansion,71,25000000,29970423,3700000,70000000,1983471.0,1869023.0,55,2004.0,6.0
西台駅,2023,mansion,64,24000000,27609375,5800000,60000000,2005510.0,2005749.0,40,1998.0,6.0
西台駅,2024,mansion,59,37000000,35238983,7000000,72000000,2005510.0,1994344.0,65,2004.0,6.0
西台駅,2025,mansion,68,28500000,34860294,6200000,73000000,2446281.0,2286596.0,55,2005.0,7.0
西国分寺駅,2021,house,48,56000000,52085106,11000000,110000000,1809482.0,1775534.0,115,2021.0,15.0
西国分寺駅,2022,house,38,50000000,51947368,16000000,79000000,1900826.0,1774886.0,120,2021.0,12.0
西国分寺駅,2023,house,34,64500000,65551724,5500000,290000000,2229230.0,1991494.0,120,2023.0,10.0
西国分寺駅,2024,house,47,60000000,60711111,9000000,280000000,2181818.0,2121883.0,120,2022.0,10.0
西国分寺駅,2025,house,53,57000000,55666667,4500000,260000000,1933884.0,1953588.0,120,2017.0,10.0
西国分寺駅,2021,land,23,41000000,39681818,15000000,71000000,970000.0,961364.0,140,,11.0
西国分寺駅,2022,land,10,120000000,132888889,38000000,630000000,1045000.0,964444.0,580,,14.0
西国分寺駅,2023,land,10,86500000,98450000,5500000,200000000,810000.0,885000.0,248,,14.0
西国分寺駅,2024,land,17,56000000,65312500,29000000,470000000,940000.0,1002353.0,180,,15.0
西国分寺駅,2025,land,17,48000000,42714286,17000000,320000000,1200000.0,1082941.0,125,,14.0
西国分寺駅,2021,mansion,46,40000000,44565217,20000000,69000000,1876140.0,2011084.0,72,2010.0,9.0
西国分寺駅,2022,mansion,43,37000000,39706977,6500000,70000000,1983471.0,1920340.0,75,1994.0,8.0
西国分寺駅,2023,mansion,33,45000000,45379310,9400000,74000000,2071625.0,2053161.0,70,2002.0,9.0
西国分寺駅,2024,mansion,29,49000000,52307692,5900000,320000000,2534435.0,2493645.0,75,2011.0,9.0
西国分寺駅,2025,mansion,58,48500000,48456140,6800000,73000000,2123049.0,2235710.0,70,2004.0,9.0
西国立駅,2021,house,22,42000000,43700000,24000000,210000000,1660763.0,1531359.0,108,2021.0,9.0
西国立駅,2022,house,29,46000000,46230769,18000000,230000000,1542700.0,1639485.0,120,2010.0,8.0
西国立駅,2023,house,13,43000000,44083333,17000000,220000000,1685950.0,1736518.0,90,2004.0,8.0
西国立駅,2024,house,25,52000000,50190476,7000000,170000000,1916800.0,1867062.0,105,2017.0,10.0
西国立駅,2025,house,22,53500000,46842105,22000000,150000000,1904596.0,1726121.0,105,2024.0,8.0
西国立駅,2021,land,4,32000000,34250000,25000000,48000000,765000.0,785000.0,152,,9.0
西国立駅,2022,land,6,42500000,72000000,23000000,840000000,1100000.0,1125000.0,132,,8.0
西国立駅,2023,land,7,67000000,112500000,40000000,2200000000,1600000.0,1598571.0,280,,5.0
西国立駅,2024,land,2,194000000,194000000,48000000,340000000,1610000.0,1610000.0,328,,7.0
西国立駅,2025,land,5,35000000,37400000,25000000,51000000,1300000.0,1375000.0,105,,6.0
西国立駅,2021,mansion,37,29000000,29189189,3500000,64000000,1605667.0,1546633.0,65,2001.0,8.0
西国立駅,2022,mansion,25,35000000,30796000,3100000,54000000,1794569.0,1586439.0,70,2000.0,8.0
西国立駅,2023,mansion,28,32000000,31582143,5500000,64000000,1593205.0,1495296.0,62,1997.0,10.0
西国立駅,2024,mansion,25,33000000,33541667,10000000,68000000,1873278.0,1764018.0,65,2001.0,10.0
西国立駅,2025,mansion,33,40000000,41181818,13000000,70000000,1983471.0,1999120.0,70,2001.0,9.0
西大井駅,2021,house,35,62000000,62793103,11000000,1000000000,2396694.0,2337030.0,60,2008.0,8.0
西大井駅,2022,house,39,70000000,74171429,7500000,1000000000,2387511.0,2320425.0,70,2005.0,8.0
西大井駅,2023,house,31,81000000,73214286,16000000,310000000,2824944.0,2805717.0,70,2016.0,8.0
西大井駅,2024,house,29,74000000,68538462,11000000,260000000,2507837.0,2475548.0,65,2001.0,9.0
西大井駅,2025,house,52,72000000,71527660,7800000,600000000,2938476.0,2694471.0,65,2010.0,10.0
西大井駅,2021,land,11,65000000,65300000,23000000,160000000,2100000.0,2209091.0,80,,9.0
西大井駅,2022,land,10,83000000,86444444,20000000,320000000,2400000.0,2677778.0,138,,8.0
西大井駅,2023,land,19,62000000,66647059,22000000,370000000,2500000.0,2476842.0,80,,7.0
西大井駅,2024,land,21,60000000,58375000,16000000,290000000,2900000.0,2866667.0,80,,7.0
西大井駅,2025,land,14,74000000,67416667,28000000,220000000,3150000.0,3342857.0,72,,7.0
西大井駅,2021,mansion,32,32000000,36258065,13000000,75000000,3342516.0,3622844.0,30,2008.0,6.0
西大井駅,2022,mansion,42,42000000,41142857,16000000,86000000,3030303.0,3172226.0,48,2002.0,6.0
西大井駅,2023,mansion,40,28500000,33400000,8000000,70000000,3608815.0,3524799.0,20,2004.0,6.0
西大井駅,2024,mansion,38,47000000,49736842,18000000,97000000,3680441.0,3630368.0,50,2003.0,7.0
西大井駅,2025,mansion,46,33000000,44239130,12000000,120000000,4127993.0,4055942.0,20,2008.0,6.0
西大島駅,2021,house,23,63000000,77227273,5000000,500000000,1836638.0,1832719.0,65,2011.0,12.0
西大島駅,2022,house,19,50000000,46117647,12000000,240000000,1906461.0,1993055.0,55,2017.0,13.0
西大島駅,2023,house,19,59000000,50087500,4400000,190000000,2094744.0,1922569.0,55,2014.0,10.0
西大島駅,2024,house,22,51000000,49380952,15000000,190000000,1692684.0,1785504.0,68,1992.0,11.0
西大島駅,2025,house,27,52000000,53807692,10000000,370000000,2100146.0,2014306.0,55,2011.0,10.0
西大島駅,2021,land,4,48500000,53333333,11000000,63000000,1900000.0,1795000.0,72,,12.0
西大島駅,2022,land,5,64000000,76000000,33000000,140000000,2700000.0,2680000.0,65,,4.0
西大島駅,2023,land,6,60000000,179600000,22000000,2200000000,2200000.0,2626667.0,160,,13.0
西大島駅,2024,land,8,68500000,60714286,14000000,190000000,2400000.0,2275000.0,88,,8.0
西大島駅,2025,land,11,38000000,42909091,17000000,75000000,2100000.0,1894000.0,65,,5.0
西大島駅,2021,mansion,84,38000000,40892857,13000000,89000000,2396694.0,2423130.0,62,2004.0,7.0
西大島駅,2022,mansion,82,39500000,42135802,11000000,120000000,2644628.0,2580017.0,60,2006.0,7.0
西大島駅,2023,mansion,87,43000000,45034884,12000000,240000000,2644628.0,2738708.0,65,2006.0,8.0
西大島駅,2024,mansion,110,45500000,48820000,8600000,100000000,2843472.0,2893688.0,60,2008.0,6.0
西大島駅,2025,mansion,120,48000000,49672269,10000000,120000000,3051494.0,3056004.0,60,2001.0,7.0
西太子堂駅,2021,house,6,185000000,200400000,62000000,1400000000,3295190.0,3413989.0,152,2004.0,2.0
西太子堂駅,2022,house,8,87000000,117571429,48000000,540000000,2833530.0,2881646.0,78,1999.0,6.0
西太子堂駅,2023,house,5,81000000,80000000,60000000,510000000,3606311.0,3419287.0,70,2009.0,2.0
西太子堂駅,2024,house,6,200000000,231200000,76000000,1900000000,3966942.0,3883984.0,190,2000.0,6.0
西太子堂駅,2025,house,7,90000000,90800000,40000000,140000000,2938476.0,3242842.0,70,1994.0,6.0
西太子堂駅,2021,land,2,210000000,210000000,120000000,300000000,3750000.0,3750000.0,175,,4.0
西太子堂駅,2022,land,6,95000000,88200000,46000000,360000000,2900000.0,2875000.0,150,,2.0
西太子堂駅,2023,land,2,70000000,70000000,55000000,85000000,2250000.0,2250000.0,110,,4.0
西太子堂駅,2024,land,3,90000000,90333333,88000000,93000000,3500000.0,3266667.0,85,,4.0
西太子堂駅,2025,land,4,100000000,130250000,51000000,270000000,4500000.0,4575000.0,70,,6.0
西太子堂駅,2021,mansion,5,66000000,57400000,31000000,83000000,3658402.0,3007869.0,65,2006.0,3.0
西太子堂駅,2022,mansion,2,30750000,30750000,6500000,55000000,2534435.0,2534435.0,32,1996.0,5.0
西太子堂駅,2023,mansion,2,58000000,58000000,45000000,71000000,3486101.0,3486101.0,55,1997.0,6.0
西太子堂駅,2024,mansion,1,36000000,36000000,36000000,36000000,3400236.0,3400236.0,35,2003.0,5.0
西太子堂駅,2025,mansion,4,49500000,52750000,12000000,100000000,3636364.0,4070248.0,45,1981.0,6.0
西小山駅,2021,house,17,100000000,91713333,8700000,400000000,2985870.0,2561185.0,70,2020.0,10.0
西小山駅,2022,house,22,80500000,86944444,35000000,650000000,2960127.0,2763177.0,75,2012.0,8.0
西小山駅,2023,house,32,95500000,106758621,12000000,800000000,3016529.0,3019403.0,85,2016.0,9.0
西小山駅,2024,house,44,105000000,89026316,24000000,2100000000,3305785.0,3270509.0,68,2016.0,8.0
西小山駅,2025,house,30,92000000,95666667,47000000,570000000,3432831.0,3397121.0,62,2014.0,6.0
西小山駅,2021,land,13,80000000,71000000,30000000,150000000,3300000.0,3315385.0,70,,7.0
西小山駅,2022,land,12,61000000,70575000,5900000,130000000,3050000.0,2595833.0,88,,9.0
西小山駅,2023,land,19,85000000,78935294,5900000,220000000,3400000.0,3361111.0,75,,8.0
西小山駅,2024,land,17,99000000,106500000,16000000,480000000,3500000.0,3500000.0,100,,9.0
西小山駅,2025,land,10,103000000,99888889,40000000,290000000,4500000.0,4212500.0,82,,6.0
西小山駅,2021,mansion,47,60000000,56531915,15000000,110000000,3500243.0,3407147.0,60,2005.0,8.0
西小山駅,2022,mansion,49,50000000,51261224,8800000,120000000,3526171.0,3529449.0,55,2008.0,7.0
西小山駅,2023,mansion,24,59000000,53800000,8500000,110000000,3468451.0,3514786.0,58,2006.0,8.0
西小山駅,2024,mansion,49,61000000,53506122,5800000,100000000,4055096.0,3944375.0,45,2009.0,6.0
西小山駅,2025,mansion,56,67000000,64446429,11000000,130000000,4628099.0,4606137.0,48,2011.0,6.0
西巣鴨駅,2021,house,22,60500000,50500000,7000000,590000000,2203857.0,1864772.0,70,2010.0,6.0
西巣鴨駅,2022,house,19,68000000,66882353,14000000,210000000,2545454.0,2348868.0,70,2016.0,8.0
西巣鴨駅,2023,house,20,58500000,49062500,10000000,1700000000,2068477.0,2151942.0,78,2001.0,8.0
西巣鴨駅,2024,house,24,59500000,54000000,11000000,450000000,2396694.0,2164246.0,60,2014.0,7.0
西巣鴨駅,2025,house,39,69000000,68066667,6200000,1100000000,2644628.0,2512630.0,70,2019.0,8.0
西巣鴨駅,2021,land,18,51500000,58944444,11000000,110000000,1900000.0,2002222.0,92,,6.0
西巣鴨駅,2022,land,12,99000000,76700000,3000000,1400000000,3250000.0,2827273.0,110,,6.0
西巣鴨駅,2023,land,10,71500000,66777778,30000000,190000000,2450000.0,2560000.0,105,,8.0
西巣鴨駅,2024,land,21,61000000,68200000,17000000,340000000,2200000.0,2194444.0,105,,6.0
西巣鴨駅,2025,land,6,53500000,56666667,28000000,90000000,2100000.0,2250000.0,75,,8.0
西巣鴨駅,2021,mansion,116,36000000,37012931,8500000,74000000,2722681.0,2643472.0,50,2005.0,5.0
西巣鴨駅,2022,mansion,122,35000000,38343443,9900000,87000000,2909091.0,2870018.0,45,2005.0,5.0
西巣鴨駅,2023,mansion,115,34000000,39500000,9500000,80000000,3140496.0,3092623.0,45,2005.0,5.0
西巣鴨駅,2024,mansion,104,46000000,48763462,6800000,98000000,3112948.0,3068210.0,55,2006.0,5.0
西巣鴨駅,2025,mansion,155,44000000,51051613,13000000,130000000,3232323.0,3276915.0,50,2004.0,5.0
西府駅,2021,house,35,41000000,38312500,11000000,140000000,1424097.0,1449712.0,105,2015.0,11.0
西府駅,2022,house,22,50000000,47900000,29000000,250000000,1948673.0,1791997.0,102,2012.0,12.0
西府駅,2023,house,12,49500000,46777778,13000000,270000000,1827364.0,1611489.0,110,2020.0,13.0
西府駅,2024,house,27,44000000,43857143,16000000,290000000,1726354.0,1725497.0,120,2023.0,11.0
西府駅,2025,house,45,53000000,52022727,27000000,390000000,1853601.0,1804650.0,115,2025.0,10.0
西府駅,2021,land,11,40000000,36000000,17000000,120000000,780000.0,772727.0,180,,12.0
西府駅,2022,land,2,37000000,37000000,36000000,38000000,835000.0,835000.0,148,,20.0
西府駅,2023,land,3,41000000,54000000,26000000,95000000,1100000.0,1150000.0,120,,6.0
西府駅,2024,land,6,15000000,14200000,5400000,68000000,725000.0,718333.0,85,,12.0
西府駅,2025,land,12,41000000,34850000,8500000,250000000,990000.0,890000.0,110,,12.0
西府駅,2021,mansion,22,34500000,33000000,18000000,55000000,1697166.0,1645288.0,70,2006.0,5.0
西府駅,2022,mansion,14,28000000,27507143,4100000,45000000,1542700.0,1400500.0,60,1997.0,7.0
西府駅,2023,mansion,13,31000000,31692308,4000000,49000000,1558442.0,1593099.0,65,2003.0,6.0
西府駅,2024,mansion,21,48000000,43952381,20000000,64000000,1739887.0,1816423.0,75,2003.0,14.0
西府駅,2025,mansion,33,41000000,39966667,5000000,73000000,1707989.0,1821381.0,70,2003.0,7.0
西新井大師西駅,2021,house,16,33000000,30285714,9000000,330000000,1118596.0,1088691.0,90,2005.0,15.0
西新井大師西駅,2022,house,24,41500000,40823529,6900000,430000000,1413175.0,1244445.0,92,2010.0,15.0
西新井大師西駅,2023,house,25,37000000,35272727,12000000,480000000,1259347.0,1263171.0,85,2005.0,14.0
西新井大師西駅,2024,house,28,42000000,42458333,4500000,110000000,1358289.0,1243822.0,80,2018.0,16.0
西新井大師西駅,2025,house,43,49000000,44583333,5500000,340000000,1605667.0,1434246.0,85,2024.0,15.0
西新井大師西駅,2021,land,13,45000000,47636364,19000000,620000000,910000.0,874167.0,180,,6.0
西新井大師西駅,2022,land,7,80000000,109142857,41000000,260000000,1100000.0,1005000.0,370,,11.0
西新井大師西駅,2023,land,9,80000000,100333333,25000000,230000000,1200000.0,1036667.0,230,,9.0
西新井大師西駅,2024,land,7,55000000,60833333,15000000,280000000,930000.0,975000.0,210,,20.0
西新井大師西駅,2025,land,13,74000000,51700000,15000000,430000000,950000.0,938889.0,240,,15.0
西新井大師西駅,2021,mansion,32,24000000,21500000,9000000,49000000,1379915.0,1784015.0,50,2004.0,7.0
西新井大師西駅,2022,mansion,24,27000000,27875000,11000000,48000000,1741047.0,1650450.0,55,1994.0,6.0
西新井大師西駅,2023,mansion,16,24500000,22786667,5800000,54000000,1652892.0,1603083.0,55,1999.0,10.0
西新井大師西駅,2024,mansion,24,27500000,25387500,4500000,37000000,1486756.0,1479565.0,60,1998.0,7.0
西新井大師西駅,2025,mansion,47,30000000,29382979,11000000,46000000,1917355.0,1816456.0,55,2007.0,7.0
西新井駅,2021,house,48,43000000,35834146,6000000,280000000,1421974.0,1216547.0,80,2016.0,13.0
西新井駅,2022,house,37,48000000,46409091,3500000,980000000,1384297.0,1402564.0,90,2004.0,13.0
西新井駅,2023,house,45,47000000,39434211,7700000,720000000,1446281.0,1343886.0,80,2004.0,14.0
西新井駅,2024,house,44,43500000,42105263,10000000,130000000,1624804.0,1548749.0,75,2020.0,14.0
西新井駅,2025,house,71,43000000,44612903,14000000,300000000,1511216.0,1423305.0,85,2014.0,15.0
西新井駅,2021,land,10,12500000,17400000,5000000,41000000,695000.0,684444.0,60,,14.0
西新井駅,2022,land,14,39500000,37615385,13000000,130000000,1350000.0,1354615.0,108,,11.0
西新井駅,2023,land,8,30000000,44571429,13000000,290000000,1100000.0,984286.0,158,,8.0
西新井駅,2024,land,12,35500000,42400000,1400000,150000000,1300000.0,1160000.0,110,,8.0
西新井駅,2025,land,9,57000000,50750000,17000000,1000000000,1500000.0,1277143.0,100,,13.0
西新井駅,2021,mansion,64,41500000,39398438,6500000,72000000,1759955.0,1768770.0,75,2006.0,6.0
西新井駅,2022,mansion,52,36000000,38650980,6700000,210000000,1889020.0,1940392.0,70,2006.0,6.0
西新井駅,2023,mansion,54,47000000,43648148,6800000,72000000,2211728.0,2168093.0,75,2007.0,6.0
西新井駅,2024,mansion,67,35000000,37762687,2200000,89000000,2103681.0,1983677.0,65,2006.0,6.0
西新井駅,2025,mansion,99,27000000,37588776,5000000,140000000,1803155.0,2132357.0,60,2002.0,9.0
西新宿五丁目駅,2021,house,17,77000000,86500000,35000000,500000000,2603306.0,2577362.0,90,2001.0,5.0
西新宿五丁目駅,2022,house,20,97500000,108473684,15000000,280000000,2699724.0,2584319.0,65,1996.0,6.0
西新宿五丁目駅,2023,house,21,80000000,71941176,29000000,490000000,3122130.0,3051725.0,55,2011.0,8.0
西新宿五丁目駅,2024,house,14,91500000,135500000,28000000,330000000,2946736.0,2847281.0,82,1991.0,8.0
西新宿五丁目駅,2025,house,30,110000000,94962963,15000000,300000000,3526171.0,3435634.0,75,1996.0,8.0
西新宿五丁目駅,2021,land,10,97500000,136000000,50000000,810000000,3250000.0,2852222.0,130,,6.0
西新宿五丁目駅,2022,land,6,127500000,131833333,39000000,280000000,3200000.0,2960000.0,120,,5.0
西新宿五丁目駅,2023,land,5,69000000,67600000,32000000,110000000,2600000.0,2640000.0,95,,8.0
西新宿五丁目駅,2024,land,10,92500000,99500000,55000000,1100000000,3350000.0,3425000.0,125,,6.0
西新宿五丁目駅,2025,land,11,70000000,79333333,40000000,800000000,3800000.0,3911111.0,60,,6.0
西新宿五丁目駅,2021,mansion,153,40000000,47240000,5800000,140000000,3658402.0,3625959.0,40,2005.0,5.0
西新宿五丁目駅,2022,mansion,144,38000000,50984615,7300000,160000000,3801653.0,3846502.0,40,2005.0,5.0
西新宿五丁目駅,2023,mansion,137,48000000,53538636,8100000,220000000,3801653.0,3947193.0,45,2005.0,5.0
西新宿五丁目駅,2024,mansion,156,50000000,56736111,11000000,260000000,4297520.0,4418947.0,45,2005.0,5.0
西新宿五丁目駅,2025,mansion,199,77000000,99374747,8000000,420000000,5215794.0,5806317.0,50,2011.0,6.0
西新宿駅,2021,house,4,53500000,44750000,12000000,60000000,2622589.0,2710076.0,70,1990.0,10.0
西新宿駅,2022,house,8,180000000,224750000,48000000,540000000,2894566.0,3414947.0,142,1988.0,7.0
西新宿駅,2023,house,2,315000000,315000000,150000000,480000000,2836825.0,2836825.0,195,1986.0,4.0
西新宿駅,2024,house,3,70000000,86333333,59000000,130000000,3085399.0,2734858.0,60,2006.0,10.0
西新宿駅,2025,house,2,460000000,460000000,320000000,600000000,3536665.0,3536665.0,202,1989.0,2.0
西新宿駅,2022,land,6,100000000,149833333,79000000,320000000,3200000.0,4116667.0,110,,4.0
西新宿駅,2024,land,2,1025000000,1025000000,450000000,1600000000,17000000.0,17000000.0,185,,6.0
西新宿駅,2025,land,1,100000000,100000000,100000000,100000000,3900000.0,3900000.0,90,,11.0
西新宿駅,2021,mansion,75,43000000,45480000,11000000,100000000,3834711.0,3755207.0,40,2004.0,6.0
西新宿駅,2022,mansion,80,50000000,55822500,1000000,160000000,4033058.0,3897506.0,42,2002.0,6.0
西新宿駅,2023,mansion,78,48000000,58000000,12000000,180000000,4297520.0,4334845.0,42,2003.0,6.0
西新宿駅,2024,mansion,76,69000000,80280000,11000000,300000000,4791719.0,4811867.0,55,2007.0,6.0
西新宿駅,2025,mansion,78,65500000,76701299,15000000,260000000,5083563.0,5167017.0,45,2006.0,6.0
西日暮里駅,2021,house,8,72500000,66333333,19000000,1000000000,1836547.0,1761566.0,100,1995.0,8.0
西日暮里駅,2022,house,8,70500000,87500000,47000000,170000000,1977183.0,2022446.0,85,1994.0,8.0
西日暮里駅,2023,house,13,92000000,131666667,60000000,1200000000,2361275.0,2154951.0,75,1996.0,6.0
西日暮里駅,2024,house,13,130000000,134545455,20000000,1400000000,3486101.0,3596799.0,70,1982.0,5.0
西日暮里駅,2025,house,11,85000000,85555556,59000000,570000000,2957808.0,3096678.0,80,2016.0,10.0
西日暮里駅,2021,land,4,125000000,88000000,14000000,650000000,3150000.0,3250000.0,130,,6.0
西日暮里駅,2022,land,4,87500000,72333333,42000000,430000000,2900000.0,2800000.0,100,,6.0
西日暮里駅,2023,land,4,102000000,85666667,53000000,240000000,3150000.0,3500000.0,140,,6.0
西日暮里駅,2024,land,3,100000000,421333333,64000000,1100000000,4300000.0,5366667.0,180,,5.0
西日暮里駅,2025,land,6,110000000,185333333,67000000,450000000,3250000.0,3100000.0,115,,6.0
西日暮里駅,2021,mansion,54,39000000,39185185,11000000,75000000,2691854.0,2770000.0,50,2007.0,6.0
西日暮里駅,2022,mansion,66,45000000,42289231,7800000,110000000,2788928.0,2807473.0,55,2007.0,6.0
西日暮里駅,2023,mansion,58,50000000,44900000,8300000,110000000,2902579.0,2934513.0,60,2009.0,7.0
西日暮里駅,2024,mansion,67,52000000,48848485,12000000,120000000,3140496.0,3151591.0,55,2008.0,8.0
西日暮里駅,2025,mansion,78,48000000,47441558,13000000,120000000,3391319.0,3355047.0,50,2008.0,7.0
西早稲田駅,2021,house,5,70000000,77200000,49000000,130000000,2822711.0,2943665.0,75,1996.0,6.0
西早稲田駅,2022,house,17,77000000,75466667,26000000,230000000,3258560.0,2977300.0,65,2012.0,6.0
西早稲田駅,2023,house,9,100000000,110428571,36000000,930000000,3673094.0,3327935.0,70,1983.0,7.0
西早稲田駅,2024,house,2,68500000,68500000,59000000,78000000,2857430.0,2857430.0,55,1984.0,7.0
西早稲田駅,2025,house,11,180000000,166818182,74000000,280000000,3966942.0,3679809.0,105,2012.0,6.0
西早稲田駅,2021,land,6,108500000,95200000,61000000,310000000,2850000.0,2640000.0,138,,5.0
西早稲田駅,2022,land,7,70000000,70333333,58000000,270000000,3400000.0,3557143.0,70,,7.0
西早稲田駅,2023,land,9,77000000,83285714,55000000,360000000,3700000.0,3657143.0,55,,5.0
西早稲田駅,2024,land,1,190000000,190000000,190000000,190000000,3700000.0,3700000.0,165,,7.0
西早稲田駅,2025,land,3,100000000,169333333,98000000,310000000,4200000.0,4000000.0,100,,6.0
西早稲田駅,2021,mansion,35,52000000,50657143,18000000,95000000,3173554.0,3201458.0,55,2000.0,5.0
西早稲田駅,2022,mansion,51,52000000,54900000,13000000,250000000,3636364.0,3430423.0,55,1999.0,5.0
西早稲田駅,2023,mansion,43,40000000,47790698,13000000,120000000,3438016.0,3562095.0,40,2001.0,5.0
西早稲田駅,2024,mansion,45,44000000,43219512,14000000,130000000,3636364.0,3480447.0,45,1999.0,4.0
西早稲田駅,2025,mansion,50,50000000,54531915,14000000,160000000,3794140.0,3968010.0,45,2000.0,5.0
西武園駅,2021,house,7,24000000,25142857,300000,51000000,881543.0,815421.0,140,2006.0,5.0
西武園駅,2022,house,16,33000000,30062500,18000000,42000000,941230.0,1090328.0,118,2009.0,7.0
西武園駅,2023,house,15,38000000,34561538,6500000,72000000,1283422.0,1145821.0,125,2010.0,11.0
西武園駅,2024,house,10,29000000,30000000,12000000,47000000,1181008.0,1126910.0,112,2024.0,10.0
西武園駅,2025,house,9,39000000,35125000,8000000,43000000,1149838.0,1187372.0,115,2018.0,10.0
西武園駅,2021,land,5,16000000,16250000,8600000,18000000,380000.0,404000.0,115,,7.0
西武園駅,2022,land,2,26000000,26000000,24000000,28000000,450000.0,450000.0,198,,6.0
西武園駅,2023,land,1,17000000,17000000,17000000,17000000,500000.0,500000.0,110,,13.0
西武園駅,2024,land,2,32500000,32500000,30000000,35000000,535000.0,535000.0,208,,7.0
西武園駅,2025,land,1,400000000,400000000,400000000,400000000,190000.0,190000.0,2000,,10.0
西武新宿駅,2021,house,1,1300000000,1300000000,1300000000,1300000000,8770450.0,8770450.0,110,1970.0,2.0
西武新宿駅,2022,house,1,180000000,180000000,180000000,180000000,2203857.0,2203857.0,110,1992.0,5.0
西武新宿駅,2022,mansion,1,27000000,27000000,27000000,27000000,2975207.0,2975207.0,30,2003.0,2.0
西武新宿駅,2023,mansion,2,25500000,25500000,20000000,31000000,4769776.0,4769776.0,22,1984.0,4.0
西武新宿駅,2024,mansion,2,22500000,22500000,15000000,30000000,3305785.0,3305785.0,22,1999.0,4.0
西武新宿駅,2025,mansion,2,29000000,29000000,22000000,36000000,2699724.0,2699724.0,35,1990.0,4.0
西武柳沢駅,2021,house,44,39000000,40000000,9000000,110000000,1500626.0,1415468.0,100,2018.0,9.0
西武柳沢駅,2022,house,45,46000000,39621951,1500000,280000000,1392437.0,1441479.0,100,2014.0,10.0
西武柳沢駅,2023,house,33,47000000,46696970,28000000,72000000,1826979.0,1735203.0,105,2022.0,15.0
西武柳沢駅,2024,house,32,45000000,42150000,6800000,74000000,1652893.0,1487521.0,100,2015.0,11.0
西武柳沢駅,2025,house,76,50000000,49735294,8800000,90000000,1710493.0,1773691.0,100,2025.0,10.0
西武柳沢駅,2021,land,12,22500000,21916667,1500000,45000000,780000.0,898000.0,80,,12.0
西武柳沢駅,2022,land,6,30500000,28666667,14000000,40000000,890000.0,1008333.0,88,,9.0
西武柳沢駅,2023,land,10,37000000,34777778,7000000,290000000,1050000.0,1133333.0,118,,16.0
西武柳沢駅,2024,land,8,34000000,38857143,17000000,280000000,990000.0,1092857.0,132,,8.0
西武柳沢駅,2025,land,5,41000000,64600000,22000000,110000000,950000.0,970000.0,160,,12.0
西武柳沢駅,2021,mansion,30,30000000,30750000,6300000,42000000,1511216.0,1486780.0,70,2001.0,9.0
西武柳沢駅,2022,mansion,28,32000000,28785714,9000000,45000000,1709563.0,1586292.0,65,2002.0,8.0
西武柳沢駅,2023,mansion,29,31000000,30962069,8900000,58000000,1542700.0,1586291.0,70,1999.0,9.0
西武柳沢駅,2024,mansion,26,35000000,31807692,13000000,53000000,1671042.0,1590476.0,70,1999.0,9.0
西武柳沢駅,2025,mansion,34,33000000,30588235,7500000,48000000,1741047.0,1547625.0,68,1999.0,8.0
西武立川駅,2021,house,109,30000000,28662857,2200000,85000000,1016964.0,971071.0,120,2016.0,15.0
西武立川駅,2022,house,70,32000000,31205882,11000000,200000000,1101928.0,1097868.0,120,2022.0,15.0
西武立川駅,2023,house,70,34000000,33106061,7000000,210000000,1120692.0,1088019.0,120,2019.0,15.0
西武立川駅,2024,house,82,29500000,29727848,4500000,1200000000,1081672.0,1031135.0,120,2012.0,15.0
西武立川駅,2025,house,123,34000000,34109244,2000000,140000000,1157025.0,1143380.0,120,2024.0,12.0
西武立川駅,2021,land,22,21000000,22515000,6000000,280000000,430000.0,420455.0,148,,14.0
西武立川駅,2022,land,39,24000000,23736364,6800000,240000000,480000.0,500000.0,130,,16.0
西武立川駅,2023,land,28,25000000,21730435,4300000,210000000,475000.0,507143.0,135,,17.0
西武立川駅,2024,land,33,25000000,25374074,6000000,380000000,520000.0,515152.0,130,,16.0
西武立川駅,2025,land,34,27000000,26517241,8100000,86000000,615000.0,557941.0,140,,14.0
西武立川駅,2021,mansion,34,15000000,15193333,5800000,35000000,779600.0,737994.0,70,1996.0,14.0
西武立川駅,2022,mansion,12,24500000,26583333,11000000,43000000,1254624.0,1248589.0,72,2015.0,14.0
西武立川駅,2023,mansion,23,20000000,23304348,11000000,43000000,991736.0,1107883.0,70,1998.0,13.0
西武立川駅,2024,mansion,36,20500000,21125000,9000000,41000000,909797.0,984377.0,72,1997.0,16.0
西武立川駅,2025,mansion,40,19000000,22387500,6700000,43000000,947462.0,1081227.0,70,1997.0,14.0
西永福駅,2021,house,36,80000000,91285714,15000000,250000000,2800735.0,2864771.0,105,2020.0,8.0
西永福駅,2022,house,12,82000000,76727273,12000000,270000000,3000000.0,2555716.0,110,2006.0,10.0
西永福駅,2023,house,19,85000000,82058824,26000000,400000000,2741047.0,2728456.0,120,1996.0,8.0
西永福駅,2024,house,20,97000000,90117647,32000000,380000000,3264463.0,2977725.0,110,2010.0,8.0
西永福駅,2025,house,34,97500000,95970588,40000000,170000000,3489440.0,3405769.0,112,2015.0,10.0
西永福駅,2021,land,8,65500000,92875000,44000000,170000000,2000000.0,1987500.0,112,,8.0
西永福駅,2022,land,7,67000000,76285714,33000000,110000000,1800000.0,1830000.0,135,,8.0
西永福駅,2023,land,7,69000000,69666667,43000000,150000000,2200000.0,2100000.0,100,,6.0
西永福駅,2024,land,5,60000000,86200000,35000000,160000000,1900000.0,2060000.0,105,,7.0
西永福駅,2025,land,6,100000000,148166667,90000000,250000000,2650000.0,2480000.0,138,,5.0
西永福駅,2021,mansion,34,68500000,65764706,12000000,110000000,2957724.0,2883768.0,70,2006.0,6.0
西永福駅,2022,mansion,31,70000000,71068966,22000000,95000000,3305785.0,3217268.0,75,2007.0,6.0
西永福駅,2023,mansion,29,67000000,68400000,21000000,94000000,3153210.0,3064000.0,70,2006.0,5.0
西永福駅,2024,mansion,31,79000000,79806452,55000000,110000000,3353010.0,3343109.0,75,2001.0,7.0
西永福駅,2025,mansion,40,74500000,65805556,10000000,170000000,3608815.0,3514278.0,70,2003.0,8.0
西立川駅,2021,house,14,34500000,32900000,12000000,210000000,1090329.0,1082377.0,120,2019.0,15.0
西立川駅,2022,house,16,46500000,44153846,32000000,160000000,1487603.0,1305576.0,125,2018.0,12.0
西立川駅,2023,house,15,37000000,40857143,10000000,2500000000,1166748.0,1089956.0,115,1998.0,12.0
西立川駅,2024,house,12,47000000,43500000,34000000,340000000,1435821.0,1393658.0,128,2018.0,9.0
西立川駅,2025,house,27,47000000,43600000,19000000,450000000,1577207.0,1485725.0,115,2024.0,14.0
西立川駅,2021,land,7,42000000,30785714,7500000,53000000,800000.0,744286.0,155,,15.0
西立川駅,2022,land,7,13000000,21857143,3500000,58000000,290000.0,420000.0,170,,9.0
西立川駅,2023,land,8,57500000,127875000,16000000,390000000,770000.0,701429.0,258,,12.0
西立川駅,2024,land,10,33000000,27875000,7000000,230000000,590000.0,650000.0,130,,11.0
西立川駅,2025,land,4,39500000,39500000,20000000,59000000,1150000.0,1145000.0,100,,10.0
西立川駅,2021,mansion,26,12000000,15738462,2200000,37000000,909091.0,879746.0,45,1984.0,18.0
西立川駅,2022,mansion,28,20000000,23532143,2500000,53000000,1151122.0,1184094.0,68,1992.0,12.0
西立川駅,2023,mansion,16,21500000,25500000,4500000,55000000,1038961.0,1200208.0,68,1995.0,14.0
西立川駅,2024,mansion,17,22000000,27064706,2500000,60000000,1118881.0,1268452.0,60,1992.0,18.0
西立川駅,2025,mansion,23,19000000,23330435,1900000,55000000,1038961.0,1175108.0,50,1990.0,11.0
西荻窪駅,2021,house,104,75000000,71079545,13000000,800000000,2570498.0,2445224.0,100,2012.0,13.0
西荻窪駅,2022,house,79,87000000,85826667,13000000,840000000,2828283.0,2842415.0,95,2017.0,11.0
西荻窪駅,2023,house,78,86000000,89538462,14000000,1500000000,3065929.0,3061506.0,95,2012.0,11.0
西荻窪駅,2024,house,79,81000000,88162162,10000000,520000000,2714223.0,2784665.0,95,2004.0,11.0
西荻窪駅,2025,house,108,92500000,102107843,9000000,500000000,3072435.0,3194305.0,100,2010.0,11.0
西荻窪駅,2021,land,36,79000000,79406250,2000000,250000000,2150000.0,2176176.0,135,,10.0
西荻窪駅,2022,land,26,95500000,95333333,39000000,290000000,2300000.0,2388462.0,125,,11.0
西荻窪駅,2023,land,34,95500000,90733333,35000000,870000000,2550000.0,2353125.0,132,,11.0
西荻窪駅,2024,land,42,77500000,77763158,26000000,1200000000,2650000.0,2668293.0,108,,12.0
西荻窪駅,2025,land,28,83500000,89840000,49000000,480000000,2700000.0,2618182.0,100,,11.0
西荻窪駅,2021,mansion,143,34000000,40400000,3400000,120000000,2754821.0,2765070.0,45,2000.0,7.0
西荻窪駅,2022,mansion,108,42000000,42915741,5500000,110000000,2872885.0,2895793.0,45,1998.0,7.0
西荻窪駅,2023,mansion,155,38000000,41870779,6100000,120000000,2865014.0,2829516.0,45,1996.0,7.0
西荻窪駅,2024,mansion,148,47000000,48687162,3300000,120000000,3157025.0,3127077.0,55,1998.0,7.0
西荻窪駅,2025,mansion,132,42000000,46721212,4000000,110000000,2954545.0,2992257.0,50,1992.0,8.0
西葛西駅,2021,house,20,49000000,42052632,3500000,400000000,1361206.0,1362843.0,80,2006.0,15.0
西葛西駅,2022,house,23,66000000,87659091,8500000,280000000,1513083.0,1589966.0,95,1992.0,13.0
西葛西駅,2023,house,35,64000000,74600000,14000000,2000000000,1738387.0,1751122.0,85,2002.0,15.0
西葛西駅,2024,house,23,60000000,66894737,20000000,760000000,1917355.0,1920543.0,95,2004.0,14.0
西葛西駅,2025,house,32,65500000,58616000,7300000,1800000000,1983471.0,1926578.0,95,1994.0,15.0
西葛西駅,2021,land,7,250000000,385571429,12000000,900000000,2300000.0,2520000.0,360,,14.0
西葛西駅,2022,land,5,45000000,272800000,25000000,700000000,2100000.0,2080000.0,140,,8.0
西葛西駅,2023,land,9,55000000,87000000,16000000,630000000,1700000.0,1996667.0,140,,10.0
西葛西駅,2024,land,11,66000000,103545455,17000000,290000000,2000000.0,2100000.0,100,,14.0
西葛西駅,2025,land,7,63000000,171285714,17000000,450000000,1900000.0,1828571.0,100,,15.0
西葛西駅,2021,mansion,188,39000000,40196237,6500000,77000000,1800866.0,1893682.0,70,1997.0,8.0
西葛西駅,2022,mansion,164,45000000,43073171,6000000,68000000,2032513.0,2045458.0,70,1998.0,9.0
西葛西駅,2023,mansion,153,45000000,45717105,17000000,87000000,2115702.0,2128638.0,70,1999.0,9.0
西葛西駅,2024,mansion,169,46000000,47339286,3000000,110000000,2159780.0,2246631.0,70,2000.0,8.0
西葛西駅,2025,mansion,234,45000000,47375966,9600000,110000000,2132092.0,2241496.0,70,1994.0,9.0
西調布駅,2021,house,54,44000000,44212766,14000000,330000000,1689623.0,1663407.0,110,2021.0,15.0
西調布駅,2022,house,28,52500000,50038462,12000000,120000000,2021282.0,1827304.0,105,2022.0,12.0
西調布駅,2023,house,50,48500000,48104167,13000000,120000000,1946626.0,1824024.0,100,2020.0,10.0
西調布駅,2024,house,33,50000000,52700000,15000000,240000000,1886990.0,1895789.0,105,2014.0,10.0
西調布駅,2025,house,48,56000000,51978261,8000000,250000000,2014955.0,1863420.0,110,2020.0,10.0
西調布駅,2021,land,10,41000000,43555556,11000000,58000000,980000.0,983333.0,128,,11.0
西調布駅,2022,land,9,60000000,50625000,26000000,140000000,1000000.0,1107143.0,155,,8.0
西調布駅,2023,land,11,34000000,32222222,15000000,370000000,950000.0,871818.0,135,,14.0
西調布駅,2024,land,12,51000000,53400000,21000000,240000000,1200000.0,1245000.0,138,,8.0
西調布駅,2025,land,5,48000000,48666667,21000000,87000000,1300000.0,1208000.0,150,,14.0
西調布駅,2021,mansion,31,34000000,35419355,20000000,44000000,1627463.0,1691460.0,70,2003.0,9.0
西調布駅,2022,mansion,44,36000000,33119048,11000000,64000000,1709563.0,1679851.0,70,2003.0,11.0
西調布駅,2023,mansion,31,35000000,33258065,12000000,56000000,1841794.0,1803698.0,65,2004.0,12.0
西調布駅,2024,mansion,35,42000000,38920588,3800000,59000000,1776859.0,1793988.0,70,2003.0,11.0
西調布駅,2025,mansion,42,41000000,38317073,3500000,56000000,1790634.0,1903123.0,70,2004.0,12.0
西馬込駅,2021,house,67,63000000,55081967,12000000,400000000,2139037.0,2020346.0,75,2012.0,13.0
西馬込駅,2022,house,61,64000000,64660377,12000000,2200000000,2350780.0,2227718.0,90,2008.0,12.0
西馬込駅,2023,house,58,67000000,61200000,4400000,630000000,2468319.0,2427026.0,80,2012.0,10.0
西馬込駅,2024,house,63,70000000,66122807,25000000,1100000000,2468319.0,2484086.0,85,2013.0,10.0
西馬込駅,2025,house,64,74000000,72982143,18000000,370000000,2407133.0,2368931.0,82,2011.0,12.0
西馬込駅,2021,land,20,65500000,75944444,25000000,1200000000,1650000.0,1541579.0,175,,12.0
西馬込駅,2022,land,16,53000000,48266667,21000000,110000000,1500000.0,1594375.0,102,,10.0
西馬込駅,2023,land,23,65000000,65333333,14000000,290000000,2100000.0,2042105.0,110,,10.0
西馬込駅,2024,land,20,61000000,50823529,21000000,130000000,1900000.0,1936667.0,100,,10.0
西馬込駅,2025,land,27,68000000,75750000,23000000,2300000000,2300000.0,2239615.0,120,,11.0
西馬込駅,2021,mansion,154,34500000,36229221,7800000,78000000,2644628.0,2660375.0,50,2005.0,10.0
西馬込駅,2022,mansion,131,35000000,39788550,7300000,85000000,2644628.0,2610917.0,55,2002.0,9.0
西馬込駅,2023,mansion,144,43000000,42004861,6000000,93000000,2809917.0,2792756.0,60,2005.0,9.0
西馬込駅,2024,mansion,132,41000000,41714394,9300000,91000000,2722681.0,2717487.0,60,2001.0,10.0
西馬込駅,2025,mansion,160,35500000,40804516,5700000,100000000,2904005.0,2863893.0,52,2002.0,9.0
西高島平駅,2021,house,40,45000000,45031250,12000000,110000000,1542700.0,1604176.0,102,2010.0,10.0
西高島平駅,2022,house,38,49000000,48696970,13000000,240000000,1708776.0,1697375.0,90,2020.0,10.0
西高島平駅,2023,house,37,54000000,49757576,13000000,220000000,1815572.0,1686734.0,95,2020.0,10.0
西高島平駅,2024,house,33,47000000,49237500,3600000,110000000,1670291.0,1670177.0,85,2016.0,10.0
西高島平駅,2025,house,31,54000000,58500000,31000000,120000000,2100146.0,2122313.0,90,2024.0,10.0
西高島平駅,2021,land,5,30000000,35200000,25000000,54000000,920000.0,930000.0,95,,14.0
西高島平駅,2022,land,6,65000000,64166667,25000000,110000000,995000.0,1020000.0,240,,11.0
西高島平駅,2023,land,7,35000000,34714286,25000000,43000000,1200000.0,1233333.0,95,,12.0
西高島平駅,2024,land,3,45000000,64000000,27000000,120000000,1300000.0,1266667.0,130,,6.0
西高島平駅,2025,land,5,61000000,55800000,36000000,69000000,1100000.0,1130000.0,150,,14.0
西高島平駅,2021,mansion,23,28000000,26408696,7300000,42000000,1719008.0,1938472.0,65,2004.0,9.0
西高島平駅,2022,mansion,23,18000000,19269565,4200000,40000000,1438016.0,1451801.0,50,1994.0,9.0
西高島平駅,2023,mansion,9,17000000,17300000,5000000,31000000,942149.0,1310842.0,55,1991.0,11.0
西高島平駅,2024,mansion,28,29000000,23835714,1000000,45000000,2424242.0,2552292.0,25,2009.0,7.0
西高島平駅,2025,mansion,22,19500000,21213636,5500000,41000000,1474889.0,1519493.0,52,1990.0,10.0
要町駅,2021,house,26,65500000,68909091,4800000,420000000,2319297.0,2396540.0,65,2020.0,7.0
要町駅,2022,house,29,74000000,81280000,38000000,440000000,2540235.0,2519960.0,90,2010.0,7.0
要町駅,2023,house,38,64500000,63343750,22000000,450000000,2458525.0,2242887.0,70,2006.0,7.0
要町駅,2024,house,44,84000000,87410256,17000000,600000000,2727273.0,2628623.0,75,2014.0,8.0
要町駅,2025,house,41,83000000,82486486,12000000,460000000,2839086.0,2842563.0,70,2012.0,8.0
要町駅,2021,land,13,67000000,55333333,29000000,170000000,2200000.0,2181818.0,90,,6.0
要町駅,2022,land,10,66500000,53444444,14000000,190000000,2750000.0,2911111.0,78,,7.0
要町駅,2023,land,11,87000000,80777778,52000000,270000000,2900000.0,2772727.0,115,,6.0
要町駅,2024,land,12,61000000,65000000,33000000,270000000,2950000.0,2840000.0,75,,7.0
要町駅,2025,land,12,81000000,77200000,35000000,250000000,3350000.0,3491667.0,68,,8.0
要町駅,2021,mansion,72,33000000,37373239,6300000,220000000,2875031.0,2942655.0,45,2001.0,6.0
要町駅,2022,mansion,70,27000000,31250725,9500000,77000000,3223140.0,3127254.0,30,2002.0,6.0
要町駅,2023,mansion,82,34500000,38778049,8300000,82000000,3371901.0,3243520.0,40,2002.0,6.0
要町駅,2024,mansion,62,42500000,49129032,5500000,130000000,3498622.0,3424847.0,50,2004.0,6.0
要町駅,2025,mansion,101,43000000,44397849,7300000,320000000,3581267.0,3933619.0,45,2002.0,5.0
見沼代親水公園駅,2021,house,21,44000000,41600000,18000000,77000000,1579431.0,1559545.0,100,2021.0,6.0
見沼代親水公園駅,2022,house,11,46000000,44300000,25000000,480000000,1520661.0,1538034.0,95,2021.0,8.0
見沼代親水公園駅,2023,house,16,44000000,36307692,13000000,90000000,1643226.0,1569110.0,95,2022.0,6.0
見沼代親水公園駅,2024,house,20,44000000,40611111,23000000,210000000,1509352.0,1482644.0,88,2023.0,6.0
見沼代親水公園駅,2025,house,30,40000000,39304348,7800000,270000000,1396003.0,1488482.0,95,2013.0,6.0
見沼代親水公園駅,2021,land,9,45000000,46555556,10000000,82000000,920000.0,895556.0,200,,4.0
見沼代親水公園駅,2022,land,3,35000000,32333333,10000000,52000000,950000.0,873333.0,120,,7.0
見沼代親水公園駅,2023,land,2,25500000,25500000,15000000,36000000,1005000.0,1005000.0,80,,8.0
見沼代親水公園駅,2024,land,2,47500000,47500000,27000000,68000000,830000.0,830000.0,182,,7.0
見沼代親水公園駅,2025,land,8,66000000,68142857,12000000,240000000,875000.0,915000.0,210,,9.0
見沼代親水公園駅,2021,mansion,14,29500000,29071429,19000000,39000000,1506386.0,1499018.0,60,2011.0,3.0
見沼代親水公園駅,2022,mansion,14,33000000,30357143,18000000,39000000,1542700.0,1912825.0,65,2008.0,5.0
見沼代親水公園駅,2023,mansion,11,31000000,32000000,19000000,38000000,1700118.0,1845822.0,65,2013.0,2.0
見沼代親水公園駅,2024,mansion,14,33000000,33900000,21000000,40000000,1689220.0,1638770.0,70,2008.0,4.0
見沼代親水公園駅,2025,mansion,15,23000000,23642857,16000000,39000000,1818182.0,1706156.0,55,2014.0,1.0
調布駅,2021,house,117,47000000,48000000,13000000,650000000,1750121.0,1783372.0,110,2019.0,15.0
調布駅,2022,house,77,49000000,51305556,27000000,290000000,1836547.0,1836595.0,105,2013.0,15.0
調布駅,2023,house,80,53000000,53123288,15000000,180000000,2100146.0,1952337.0,105,2018.0,12.0
調布駅,2024,house,73,51000000,50389831,1000000,180000000,1983471.0,1874112.0,100,2015.0,15.0
調布駅,2025,house,119,53000000,56518182,6000000,350000000,1983471.0,2040420.0,105,2019.0,15.0
調布駅,2021,land,38,39000000,43057143,4000000,140000000,1100000.0,1170216.0,110,,10.0
調布駅,2022,land,22,51000000,49578947,22000000,240000000,1300000.0,1318095.0,128,,12.0
調布駅,2023,land,12,46500000,62100000,19000000,720000000,1350000.0,1458333.0,112,,11.0
調布駅,2024,land,15,48000000,51485714,8800000,300000000,1200000.0,1386667.0,130,,11.0
調布駅,2025,land,15,52000000,49964286,3700000,280000000,1500000.0,1598000.0,115,,11.0
調布駅,2021,mansion,145,42000000,43278621,9500000,90000000,2283997.0,2287988.0,65,2001.0,6.0
調布駅,2022,mansion,145,37000000,38106207,4200000,78000000,2219598.0,2234755.0,55,1996.0,6.0
調布駅,2023,mansion,141,39000000,41202878,8700000,95000000,2479339.0,2635381.0,55,1997.0,5.0
調布駅,2024,mansion,160,52000000,51028025,8400000,110000000,2709563.0,2803501.0,65,2004.0,8.0
調布駅,2025,mansion,191,51000000,51941176,10000000,110000000,2764838.0,2835223.0,65,2000.0,7.0
護国寺駅,2021,house,9,77000000,71857143,43000000,160000000,3181818.0,3060328.0,65,2016.0,6.0
護国寺駅,2022,house,11,83000000,81888889,17000000,440000000,3526171.0,3546459.0,55,2018.0,7.0
護国寺駅,2023,house,6,89000000,120000000,49000000,230000000,2741772.0,2724950.0,68,1980.0,4.0
護国寺駅,2024,house,5,130000000,198000000,110000000,350000000,6238695.0,6342488.0,130,1993.0,5.0
護国寺駅,2025,house,7,210000000,250000000,110000000,1200000000,4407713.0,4153866.0,120,2007.0,8.0
護国寺駅,2021,land,1,140000000,140000000,140000000,140000000,2900000.0,2900000.0,165,,6.0
護国寺駅,2022,land,3,79000000,83666667,42000000,130000000,3200000.0,3000000.0,95,,9.0
護国寺駅,2023,land,6,97000000,87800000,60000000,490000000,4300000.0,4340000.0,72,,7.0
護国寺駅,2024,land,6,128000000,191200000,60000000,2100000000,4100000.0,3983333.0,120,,7.0
護国寺駅,2025,land,8,115000000,124714286,55000000,750000000,4300000.0,3950000.0,128,,6.0
護国寺駅,2021,mansion,68,37000000,44350000,9800000,120000000,2933228.0,2975671.0,42,1998.0,5.0
護国寺駅,2022,mansion,76,39000000,44131579,10000000,110000000,3140496.0,3150927.0,40,1997.0,4.0
護国寺駅,2023,mansion,78,41000000,45298701,13000000,150000000,3140496.0,3220421.0,48,1997.0,4.0
護国寺駅,2024,mansion,89,60000000,57613636,16000000,180000000,3504132.0,3601981.0,55,1998.0,4.0
護国寺駅,2025,mansion,114,50000000,60044643,5000000,220000000,3471074.0,3493283.0,45,1987.0,4.0
谷保駅,2021,house,52,40500000,40000000,6400000,420000000,1416765.0,1382428.0,100,2012.0,10.0
谷保駅,2022,house,29,48000000,44821429,11000000,320000000,1763085.0,1617555.0,110,2022.0,15.0
谷保駅,2023,house,36,44000000,44823529,11000000,1400000000,1469238.0,1429334.0,125,2008.0,12.0
谷保駅,2024,house,32,46000000,46566667,2500000,65000000,1730676.0,1674859.0,110,2021.0,11.0
谷保駅,2025,house,52,51000000,50160000,22000000,150000000,1836547.0,1717895.0,112,2024.0,14.0
谷保駅,2021,land,17,37000000,53066667,14000000,190000000,800000.0,932941.0,165,,11.0
谷保駅,2022,land,12,37000000,38600000,26000000,190000000,985000.0,980000.0,140,,9.0
谷保駅,2023,land,7,42000000,44428571,30000000,70000000,850000.0,801667.0,140,,11.0
谷保駅,2024,land,9,44000000,40285714,29000000,580000000,1200000.0,1123333.0,130,,14.0
谷保駅,2025,land,11,43000000,42480000,6800000,160000000,1000000.0,1034000.0,120,,8.0
谷保駅,2021,mansion,19,40000000,39000000,26000000,53000000,1983471.0,1976418.0,65,2015.0,5.0
谷保駅,2022,mansion,17,44000000,44562500,12000000,59000000,2181818.0,2156992.0,70,2015.0,5.0
谷保駅,2023,mansion,24,43500000,40652174,1500000,53000000,2283997.0,2140195.0,65,2015.0,8.0
谷保駅,2024,mansion,17,36000000,36411765,13000000,65000000,2093664.0,1928127.0,60,2004.0,8.0
谷保駅,2025,mansion,22,38500000,38476190,13000000,52000000,2007084.0,1988856.0,60,2004.0,7.0
谷在家駅,2021,house,46,41500000,40634146,11000000,610000000,1392103.0,1357354.0,75,2021.0,8.0
谷在家駅,2022,house,26,44000000,41916667,11000000,140000000,1407875.0,1384627.0,85,2022.0,8.0
谷在家駅,2023,house,37,42000000,40361111,13000000,150000000,1478421.0,1427594.0,90,2019.0,9.0
谷在家駅,2024,house,58,45000000,44266667,12000000,230000000,1542700.0,1523976.0,92,2024.0,7.0
谷在家駅,2025,house,46,47500000,48100000,25000000,170000000,1605667.0,1570254.0,90,2019.0,11.0
谷在家駅,2021,land,9,26000000,38125000,7000000,210000000,760000.0,667778.0,165,,8.0
谷在家駅,2022,land,3,23000000,30333333,10000000,58000000,930000.0,873333.0,70,,7.0
谷在家駅,2023,land,9,30000000,30500000,14000000,120000000,950000.0,1001111.0,105,,13.0
谷在家駅,2024,land,2,60000000,60000000,55000000,65000000,1200000.0,1200000.0,170,,8.0
谷在家駅,2025,land,11,55000000,50000000,9000000,320000000,1200000.0,1140000.0,125,,14.0
谷在家駅,2021,mansion,21,27000000,27004762,6300000,47000000,1487603.0,1367729.0,60,2002.0,11.0
谷在家駅,2022,mansion,13,35000000,35375000,22000000,48000000,1652892.0,1635635.0,70,2015.0,11.0
谷在家駅,2023,mansion,15,30000000,30760000,9400000,50000000,1586777.0,1540761.0,70,2015.0,11.0
谷在家駅,2024,mansion,19,24000000,28315789,14000000,43000000,1672338.0,1661190.0,70,2015.0,11.0
谷在家駅,2025,mansion,24,30000000,32133333,8200000,52000000,1581691.0,1677218.0,65,2002.0,9.0
谷塚駅,2021,house,20,38500000,38388889,20000000,160000000,1337340.0,1190323.0,100,2021.0,26.0
谷塚駅,2022,house,22,40500000,38666667,11000000,110000000,1303949.0,1191467.0,98,2022.0,25.0
谷塚駅,2023,house,23,40000000,39333333,8000000,95000000,1385281.0,1276989.0,95,2023.0,20.0
谷塚駅,2024,house,19,37000000,31152941,5000000,180000000,1138659.0,1094998.0,85,2005.0,25.0
谷塚駅,2025,house,28,34000000,35153846,2700000,54000000,1212121.0,1211003.0,90,2012.0,25.0
谷塚駅,2021,land,3,21000000,21333333,17000000,26000000,910000.0,910000.0,75,,25.0
谷塚駅,2022,land,2,48000000,48000000,16000000,80000000,1020000.0,1020000.0,135,,12.0
谷塚駅,2023,land,6,67000000,100400000,28000000,640000000,985000.0,1023333.0,270,,25.0
谷塚駅,2024,land,2,90000000,90000000,50000000,130000000,560000.0,560000.0,495,,22.0
谷塚駅,2025,land,7,89000000,99166667,29000000,730000000,1100000.0,1015714.0,490,,20.0
谷塚駅,2021,mansion,18,17500000,17972222,6100000,29000000,1072877.0,987653.0,58,1994.0,16.0
谷塚駅,2022,mansion,21,20000000,18747619,4000000,35000000,1157025.0,1106822.0,60,1995.0,13.0
谷塚駅,2023,mansion,11,21000000,22227273,5000000,37000000,1239669.0,1270680.0,65,1996.0,12.0
谷塚駅,2024,mansion,21,15000000,16776190,4200000,37000000,969697.0,931801.0,55,1991.0,16.0
谷塚駅,2025,mansion,32,21000000,22531250,5000000,44000000,1201102.0,1187234.0,60,1995.0,15.0
豊島園駅,2021,house,11,54000000,49000000,15000000,73000000,1827905.0,1857157.0,90,2009.0,8.0
豊島園駅,2022,house,8,70000000,70142857,26000000,81000000,2246629.0,2143111.0,95,2015.0,9.0
豊島園駅,2023,house,19,67000000,69000000,56000000,150000000,2460973.0,2468204.0,85,2006.0,10.0
豊島園駅,2024,house,19,75000000,97263158,10000000,220000000,2314050.0,2438004.0,100,2004.0,10.0
豊島園駅,2025,house,25,70000000,65083333,20000000,1000000000,2203857.0,2211540.0,110,1999.0,10.0
豊島園駅,2021,land,4,110000000,104500000,58000000,140000000,1900000.0,1933333.0,220,,5.0
豊島園駅,2022,land,4,66500000,66250000,55000000,77000000,2150000.0,2233333.0,118,,6.0
豊島園駅,2023,land,3,74000000,71666667,65000000,76000000,1300000.0,1420000.0,190,,11.0
豊島園駅,2024,land,4,87000000,122500000,56000000,260000000,2050000.0,2100000.0,125,,10.0
豊島園駅,2025,land,3,320000000,261666667,75000000,390000000,1600000.0,1766667.0,770,,9.0
豊島園駅,2021,mansion,38,41000000,38815789,7800000,62000000,2277319.0,2192754.0,65,2001.0,6.0
豊島園駅,2022,mansion,30,30000000,31076667,7200000,62000000,2280674.0,2414890.0,50,1995.0,4.0
豊島園駅,2023,mansion,33,27000000,35278788,4000000,75000000,2350780.0,2302615.0,40,1997.0,6.0
豊島園駅,2024,mansion,39,40000000,36928205,7000000,66000000,2695486.0,2636258.0,45,1998.0,6.0
豊島園駅,2025,mansion,36,36500000,41061111,5700000,100000000,2611570.0,2615344.0,52,2000.0,4.0
豊洲駅,2021,house,5,47000000,38200000,6000000,63000000,2219598.0,2268398.0,40,2021.0,14.0
豊洲駅,2022,house,3,66000000,508000000,58000000,1400000000,2100043.0,2100043.0,80,2007.0,15.0
豊洲駅,2023,house,2,53500000,53500000,32000000,75000000,919871.0,919871.0,80,1971.0,14.0
豊洲駅,2021,land,2,103000000,103000000,6000000,200000000,1505000.0,1505000.0,152,,12.0
豊洲駅,2022,land,2,55500000,55500000,20000000,91000000,2290000.0,2290000.0,108,,14.0
豊洲駅,2023,land,3,82000000,85666667,45000000,130000000,5200000.0,4233333.0,75,,14.0
豊洲駅,2021,mansion,457,70000000,68900901,16000000,200000000,3305785.0,3197618.0,75,2009.0,7.0
豊洲駅,2022,mansion,481,78000000,76286344,21000000,280000000,3614325.0,3514492.0,75,2009.0,6.0
豊洲駅,2023,mansion,414,83000000,84562189,13000000,250000000,3924242.0,3887766.0,75,2009.0,6.0
豊洲駅,2024,mansion,412,96000000,94600496,21000000,370000000,4451003.0,4452304.0,75,2009.0,6.0
豊洲駅,2025,mansion,445,120000000,114880562,21000000,450000000,5730027.0,5506788.0,70,2009.0,6.0
豊田駅,2021,house,80,41000000,41243243,8000000,180000000,1306572.0,1281133.0,120,2021.0,16.0
豊田駅,2022,house,58,40000000,41388889,7000000,600000000,1395776.0,1398729.0,120,2016.0,16.0
豊田駅,2023,house,58,40000000,40592593,12000000,490000000,1469238.0,1416505.0,125,2023.0,16.0
豊田駅,2024,house,58,43000000,42678571,15000000,330000000,1435655.0,1439359.0,120,2018.0,16.0
豊田駅,2025,house,102,44500000,45141414,11000000,700000000,1493113.0,1488302.0,118,2024.0,16.0
豊田駅,2021,land,42,31500000,28578947,10000000,540000000,785000.0,737105.0,125,,16.0
豊田駅,2022,land,23,34000000,37142857,14000000,140000000,730000.0,773913.0,155,,14.0
豊田駅,2023,land,19,42000000,39400000,14000000,400000000,810000.0,817647.0,175,,11.0
豊田駅,2024,land,23,36000000,36704762,5800000,160000000,880000.0,865909.0,130,,16.0
豊田駅,2025,land,18,39000000,39076923,4000000,960000000,865000.0,862667.0,158,,18.0
豊田駅,2021,mansion,81,28000000,25358025,2900000,46000000,1432507.0,1397150.0,60,2005.0,11.0
豊田駅,2022,mansion,82,28000000,26107317,2700000,55000000,1509642.0,1399321.0,60,2005.0,10.0
豊田駅,2023,mansion,83,35000000,31955422,2700000,66000000,1605667.0,1522414.0,70,2005.0,10.0
豊田駅,2024,mansion,76,34500000,29919737,1800000,65000000,1663912.0,1518966.0,65,2007.0,10.0
豊田駅,2025,mansion,100,35500000,34183000,3300000,66000000,1753068.0,1715726.0,70,2005.0,10.0
豪徳寺駅,2021,house,14,90500000,88333333,62000000,330000000,2479339.0,2421369.0,100,2001.0,7.0
豪徳寺駅,2022,house,10,88500000,83750000,35000000,360000000,2557634.0,2394398.0,118,1991.0,8.0
豪徳寺駅,2023,house,11,120000000,113818182,48000000,190000000,3072435.0,3159751.0,95,2022.0,6.0
豪徳寺駅,2024,house,10,125000000,114500000,69000000,170000000,3335301.0,3424933.0,102,2018.0,7.0
豪徳寺駅,2025,house,12,120000000,102333333,12000000,730000000,3835168.0,3502401.0,75,2021.0,6.0
豪徳寺駅,2021,land,4,76500000,76750000,71000000,83000000,2400000.0,2625000.0,105,,6.0
豪徳寺駅,2022,land,4,150000000,147500000,120000000,170000000,2600000.0,2775000.0,175,,4.0
豪徳寺駅,2023,land,6,120000000,142166667,60000000,250000000,2500000.0,2616667.0,130,,7.0
豪徳寺駅,2024,land,2,82500000,82500000,77000000,88000000,2850000.0,2850000.0,95,,6.0
豪徳寺駅,2025,land,6,155000000,149500000,78000000,230000000,2900000.0,3066667.0,140,,6.0
豪徳寺駅,2021,mansion,15,45000000,44466667,13000000,83000000,2865014.0,2681268.0,50,1999.0,6.0
豪徳寺駅,2022,mansion,16,55000000,47400000,12000000,130000000,2892562.0,2935518.0,70,1996.0,6.0
豪徳寺駅,2023,mansion,23,38000000,46047826,8000000,90000000,2975206.0,2931982.0,50,2005.0,5.0
豪徳寺駅,2024,mansion,26,39000000,44307692,11000000,91000000,3078512.0,2991777.0,42,1993.0,5.0
豪徳寺駅,2025,mansion,29,47000000,45517241,7000000,130000000,3173554.0,2945428.0,40,1993.0,6.0
赤土小学校前駅,2021,house,14,54000000,51846154,15000000,130000000,1659014.0,1510748.0,80,2002.0,4.0
赤土小学校前駅,2022,house,9,57000000,100333333,20000000,240000000,1705089.0,1781033.0,85,2009.0,5.0
赤土小学校前駅,2023,house,7,93000000,107142857,48000000,240000000,1700118.0,1912744.0,85,2012.0,5.0
赤土小学校前駅,2024,house,11,60000000,51300000,11000000,150000000,2071625.0,2213445.0,65,2024.0,5.0
赤土小学校前駅,2025,house,17,59000000,60866667,11000000,340000000,2126722.0,2236737.0,60,2018.0,5.0
赤土小学校前駅,2021,land,5,48000000,38250000,10000000,360000000,1600000.0,1670000.0,80,,4.0
赤土小学校前駅,2022,land,1,16000000,16000000,16000000,16000000,1400000.0,1400000.0,40,,4.0
赤土小学校前駅,2023,land,10,49000000,43111111,12000000,150000000,1500000.0,1421250.0,92,,4.0
赤土小学校前駅,2024,land,14,49000000,67000000,17000000,300000000,1850000.0,1737857.0,88,,4.0
赤土小学校前駅,2025,land,12,79000000,64700000,26000000,240000000,2250000.0,2200000.0,102,,5.0
赤土小学校前駅,2021,mansion,19,33000000,32810526,6500000,62000000,1917355.0,1822929.0,65,2002.0,3.0
赤土小学校前駅,2022,mansion,21,38000000,36047619,14000000,65000000,2479339.0,2440708.0,50,2002.0,4.0
赤土小学校前駅,2023,mansion,18,38500000,36516667,7300000,62000000,2579899.0,2545952.0,58,2015.0,4.0
赤土小学校前駅,2024,mansion,21,46000000,39714286,9000000,70000000,2644628.0,2767543.0,55,2008.0,4.0
赤土小学校前駅,2025,mansion,23,40000000,40521739,22000000,65000000,2258953.0,2555863.0,60,1998.0,5.0
赤坂見附駅,2021,house,1,3600000000,3600000000,3600000000,3600000000,5950413.0,5950413.0,650,1990.0,5.0
赤坂見附駅,2022,house,1,240000000,240000000,240000000,240000000,5876951.0,5876951.0,80,2022.0,8.0
赤坂見附駅,2023,house,1,1500000000,1500000000,1500000000,1500000000,3814367.0,3814367.0,370,2003.0,3.0
赤坂見附駅,2025,house,2,1595000000,1595000000,690000000,2500000000,5082732.0,5082732.0,162,1980.0,1.0
赤坂見附駅,2021,mansion,19,110000000,107578947,15000000,220000000,6060606.0,5608538.0,60,2009.0,6.0
赤坂見附駅,2022,mansion,8,120000000,94750000,17000000,180000000,6887052.0,5998748.0,55,2015.0,6.0
赤坂見附駅,2023,mansion,17,29000000,56187500,15000000,400000000,3834711.0,4804715.0,30,1978.0,3.0
赤坂見附駅,2024,mansion,12,40000000,61000000,18000000,150000000,3735537.0,4376033.0,35,1979.0,4.0
赤坂見附駅,2025,mansion,15,32000000,68357143,8000000,450000000,4231405.0,5297283.0,25,1977.0,4.0
赤坂駅,2021,house,2,790000000,790000000,180000000,1400000000,4583020.0,4583020.0,150,2006.0,6.0
赤坂駅,2022,house,8,965000000,925000000,370000000,1700000000,5517914.0,5665926.0,132,1979.0,3.0
赤坂駅,2023,house,5,320000000,365000000,150000000,1700000000,4958678.0,4671308.0,145,1975.0,5.0
赤坂駅,2024,house,5,1100000000,1370000000,240000000,3100000000,5085823.0,4509946.0,165,1985.0,3.0
赤坂駅,2025,house,1,130000000,130000000,130000000,130000000,2322984.0,2322984.0,75,1994.0,6.0
赤坂駅,2021,land,1,1300000000,1300000000,1300000000,1300000000,34000000.0,34000000.0,125,,1.0
赤坂駅,2022,land,1,120000000,120000000,120000000,120000000,6600000.0,6600000.0,60,,
赤坂駅,2023,land,1,550000000,550000000,550000000,550000000,23000000.0,23000000.0,80,,2.0
赤坂駅,2024,land,4,670000000,650000000,410000000,850000000,16000000.0,18725000.0,112,,4.0
赤坂駅,2025,land,1,1200000000,1200000000,1200000000,1200000000,13000000.0,13000000.0,300,,6.0
赤坂駅,2021,mansion,87,58000000,75714286,11000000,390000000,4793388.0,4913095.0,45,2003.0,5.0
赤坂駅,2022,mansion,120,78500000,114073333,3800000,380000000,5826446.0,5877340.0,45,2008.0,5.0
赤坂駅,2023,mansion,105,62000000,82029412,12000000,570000000,5123967.0,5577994.0,40,2002.0,5.0
赤坂駅,2024,mansion,93,60000000,103954545,10000000,690000000,6170799.0,6740141.0,40,2003.0,5.0
赤坂駅,2025,mansion,103,79000000,124892157,12000000,800000000,5785124.0,7223084.0,45,2002.0,4.0
赤羽岩淵駅,2021,house,10,45000000,43222222,23000000,120000000,1763085.0,1684652.0,75,2020.0,8.0
赤羽岩淵駅,2022,house,11,57000000,61666667,4500000,220000000,2093664.0,2232735.0,60,2018.0,5.0
赤羽岩淵駅,2023,house,7,47000000,45166667,13000000,240000000,1946075.0,1684813.0,65,2016.0,7.0
赤羽岩淵駅,2024,house,15,58000000,56857143,19000000,660000000,2103681.0,2004941.0,65,2004.0,6.0
赤羽岩淵駅,2025,house,29,58000000,57346154,5000000,430000000,2163787.0,2163494.0,55,2025.0,7.0
赤羽岩淵駅,2021,land,9,47000000,55333333,14000000,120000000,1600000.0,2000000.0,65,,6.0
赤羽岩淵駅,2022,land,9,65000000,67142857,35000000,850000000,2600000.0,3277778.0,75,,5.0
赤羽岩淵駅,2023,land,10,76500000,84800000,40000000,150000000,2200000.0,2550000.0,95,,5.0
赤羽岩淵駅,2024,land,11,56000000,82063636,7700000,200000000,1800000.0,1866000.0,105,,4.0
赤羽岩淵駅,2025,land,5,51000000,51250000,40000000,210000000,2100000.0,2540000.0,80,,6.0
赤羽岩淵駅,2021,mansion,33,27000000,33606061,14000000,70000000,2909091.0,2923013.0,25,2012.0,3.0
赤羽岩淵駅,2022,mansion,32,28000000,35281250,10000000,63000000,2962492.0,2994596.0,38,2011.0,4.0
赤羽岩淵駅,2023,mansion,46,38000000,37044444,13000000,87000000,3305785.0,3176336.0,35,2012.0,3.0
赤羽岩淵駅,2024,mansion,29,40000000,38379310,8000000,70000000,2809917.0,2821261.0,50,2006.0,3.0
赤羽岩淵駅,2025,mansion,38,49000000,53973684,22000000,97000000,3588279.0,3488428.0,52,2012.0,3.0
赤羽橋駅,2021,house,4,355000000,717250000,59000000,2100000000,3856749.0,3612868.0,190,1990.0,4.0
赤羽橋駅,2022,house,3,280000000,355000000,35000000,750000000,4587836.0,4587836.0,80,2006.0,4.0
赤羽橋駅,2023,house,4,660000000,780000000,200000000,1600000000,3652105.0,3496854.0,115,1994.0,3.0
赤羽橋駅,2025,house,1,720000000,720000000,720000000,720000000,4175728.0,4175728.0,200,1972.0,4.0
赤羽橋駅,2021,land,1,240000000,240000000,240000000,240000000,9200000.0,9200000.0,85,,6.0
赤羽橋駅,2022,land,3,190000000,228000000,94000000,400000000,8500000.0,9766667.0,75,,4.0
赤羽橋駅,2023,land,1,42000000,42000000,42000000,42000000,3500000.0,3500000.0,40,,2.0
赤羽橋駅,2024,land,1,200000000,200000000,200000000,200000000,9500000.0,9500000.0,70,,4.0
赤羽橋駅,2021,mansion,52,73000000,81538462,19000000,220000000,5036814.0,5254985.0,45,2013.0,4.0
赤羽橋駅,2022,mansion,49,79000000,103653061,19000000,320000000,5454545.0,5668449.0,55,2014.0,4.0
赤羽橋駅,2023,mansion,47,46000000,64711111,22000000,280000000,5454545.0,5412786.0,35,2012.0,4.0
赤羽橋駅,2024,mansion,43,49000000,60794872,22000000,320000000,5667060.0,5653432.0,30,2014.0,4.0
赤羽橋駅,2025,mansion,46,95000000,107311111,14000000,660000000,6611570.0,7341780.0,48,2012.0,4.0
赤羽駅,2021,house,26,60500000,55083333,9000000,590000000,1930578.0,1717671.0,92,1990.0,11.0
赤羽駅,2022,house,26,54500000,53021739,6500000,400000000,1873278.0,1774968.0,75,2014.0,12.0
赤羽駅,2023,house,35,64000000,88281250,10000000,540000000,2294604.0,2229068.0,80,2012.0,10.0
赤羽駅,2024,house,36,53500000,44706667,5200000,720000000,1942149.0,1770778.0,62,1986.0,11.0
赤羽駅,2025,house,36,66000000,57193750,8200000,450000000,2424242.0,2202982.0,68,2014.0,14.0
赤羽駅,2021,land,17,54000000,49357143,3000000,330000000,2400000.0,2582941.0,80,,8.0
赤羽駅,2022,land,7,46000000,42833333,20000000,150000000,2100000.0,2351429.0,80,,9.0
赤羽駅,2023,land,13,53000000,43090909,10000000,460000000,1500000.0,1452500.0,105,,9.0
赤羽駅,2024,land,11,55000000,62222222,12000000,560000000,2100000.0,1604444.0,85,,11.0
赤羽駅,2025,land,12,44000000,51818182,21000000,260000000,1950000.0,2116667.0,78,,9.0
赤羽駅,2021,mansion,78,34000000,37441026,3700000,83000000,2644628.0,2631134.0,50,2006.0,6.0
赤羽駅,2022,mansion,105,46000000,44809524,7400000,88000000,2892562.0,2867220.0,60,2004.0,5.0
赤羽駅,2023,mansion,81,45000000,45814815,13000000,98000000,3041322.0,3112346.0,50,2011.0,5.0
赤羽駅,2024,mansion,120,43000000,44323333,7200000,98000000,3105434.0,3067321.0,52,2007.0,5.0
赤羽駅,2025,mansion,91,59000000,52410989,3800000,130000000,3217631.0,3247979.0,55,2006.0,5.0
越中島駅,2021,house,2,932500000,932500000,65000000,1800000000,2228555.0,2228555.0,742,1994.0,6.0
越中島駅,2022,house,5,64000000,61000000,57000000,170000000,2512397.0,2143665.0,40,1992.0,4.0
越中島駅,2023,house,2,68000000,68000000,66000000,70000000,2997245.0,2997245.0,55,2014.0,6.0
越中島駅,2025,house,3,60000000,60000000,10000000,110000000,1731602.0,1816870.0,95,1997.0,4.0
越中島駅,2021,land,1,48000000,48000000,48000000,48000000,3400000.0,3400000.0,45,,5.0
越中島駅,2021,mansion,32,62500000,58468750,37000000,77000000,2523416.0,2599914.0,70,2002.0,5.0
越中島駅,2022,mansion,27,72000000,66560000,15000000,110000000,2820937.0,2923367.0,80,2003.0,6.0
越中島駅,2023,mansion,28,70500000,70565217,27000000,110000000,2833684.0,2992854.0,75,2003.0,4.0
越中島駅,2024,mansion,27,84000000,74222222,25000000,110000000,3173554.0,3311882.0,75,2003.0,4.0
越中島駅,2025,mansion,36,81500000,74402778,3500000,160000000,3644628.0,3908458.0,68,2006.0,4.0
足立小台駅,2021,house,3,37000000,50000000,13000000,100000000,1164896.0,1106149.0,115,1991.0,19.0
足立小台駅,2022,house,6,37500000,30833333,3000000,47000000,1205387.0,1064279.0,90,2011.0,20.0
足立小台駅,2023,house,3,46000000,45666667,42000000,49000000,1322314.0,1173554.0,85,2023.0,19.0
足立小台駅,2024,house,2,28500000,28500000,9000000,48000000,1053129.0,1053129.0,58,2000.0,20.0
足立小台駅,2025,house,13,40000000,39384615,17000000,60000000,1352367.0,1360960.0,60,2015.0,16.0
足立小台駅,2021,land,2,13500000,13500000,6000000,21000000,620000.0,620000.0,75,,18.0
足立小台駅,2024,land,4,18000000,14000000,6000000,63000000,820000.0,760000.0,72,,14.0
足立小台駅,2025,land,4,17000000,15333333,12000000,35000000,820000.0,812500.0,70,,14.0
足立小台駅,2021,mansion,33,34000000,30818182,12000000,46000000,1511216.0,1439888.0,70,2004.0,3.0
足立小台駅,2022,mansion,22,26000000,30090909,18000000,52000000,1432507.0,1428274.0,60,1991.0,3.0
足立小台駅,2023,mansion,25,28000000,32760000,18000000,54000000,1487603.0,1565847.0,70,2002.0,3.0
足立小台駅,2024,mansion,24,36500000,39458333,17000000,63000000,1932613.0,1805325.0,70,1996.0,4.0
足立小台駅,2025,mansion,35,36000000,37057143,15000000,60000000,1794569.0,1699572.0,65,1995.0,4.0
軍畑駅,2021,house,2,24000000,24000000,24000000,24000000,705583.0,705583.0,400,2006.0,10.0
軍畑駅,2022,house,1,12000000,12000000,12000000,12000000,396694.0,396694.0,135,1993.0,10.0
軍畑駅,2023,house,12,23500000,22363636,8500000,27000000,741440.0,754034.0,185,1996.0,10.0
軍畑駅,2024,house,1,9000000,9000000,9000000,9000000,396694.0,396694.0,125,1995.0,15.0
軍畑駅,2025,house,4,16500000,18875000,2500000,40000000,389610.0,415817.0,272,1998.0,15.0
軍畑駅,2021,land,3,10000000,11833333,3500000,22000000,45000.0,47667.0,630,,8.0
軍畑駅,2024,land,2,14000000,14000000,6000000,22000000,92000.0,92000.0,870,,7.0
辰巳駅,2021,mansion,98,57000000,58224490,17000000,100000000,2452190.0,2461793.0,75,2008.0,9.0
辰巳駅,2022,mansion,104,66500000,69078652,5900000,190000000,2798699.0,2822157.0,80,2007.0,9.0
辰巳駅,2023,mansion,99,65000000,66010309,24000000,150000000,2898919.0,2908463.0,75,2007.0,9.0
辰巳駅,2024,mansion,121,75000000,73247706,15000000,270000000,3228002.0,3195099.0,75,2007.0,9.0
辰巳駅,2025,mansion,119,93000000,90265487,7500000,180000000,3966942.0,3998834.0,75,2007.0,9.0
都庁前駅,2021,mansion,16,24000000,42887500,5500000,110000000,2534435.0,2684857.0,35,1980.0,6.0
都庁前駅,2022,mansion,21,26000000,29619048,7000000,66000000,2644628.0,2684649.0,30,1980.0,6.0
都庁前駅,2023,mansion,24,35500000,32565217,11000000,97000000,2945154.0,3172650.0,35,1980.0,5.0
都庁前駅,2024,mansion,19,25000000,32473684,11000000,91000000,3085399.0,2901277.0,25,1980.0,6.0
都庁前駅,2025,mansion,20,36500000,34388889,16000000,80000000,3064935.0,3058545.0,38,1979.0,6.0
都立大学駅,2021,house,47,120000000,118131579,20000000,1700000000,2803062.0,3016640.0,105,2003.0,10.0
都立大学駅,2022,house,46,120000000,115300000,40000000,2000000000,3098363.0,3234349.0,100,2000.0,11.0
都立大学駅,2023,house,31,150000000,162333333,73000000,490000000,3575935.0,3432180.0,120,2006.0,10.0
都立大学駅,2024,house,43,130000000,133230769,84000000,1300000000,3906837.0,3895032.0,100,2014.0,10.0
都立大学駅,2025,house,53,170000000,169276596,31000000,2400000000,4132231.0,4037480.0,110,2011.0,11.0
都立大学駅,2021,land,28,125000000,114076923,26000000,500000000,3100000.0,3015385.0,125,,10.0
都立大学駅,2022,land,12,165000000,145272727,69000000,550000000,3650000.0,3466667.0,158,,14.0
都立大学駅,2023,land,13,130000000,134545455,40000000,780000000,3700000.0,3700000.0,135,,11.0
都立大学駅,2024,land,13,110000000,119666667,3000000,310000000,4000000.0,4081818.0,115,,11.0
都立大学駅,2025,land,14,135000000,139181818,89000000,600000000,3950000.0,4057143.0,110,,10.0
都立大学駅,2021,mansion,133,53000000,58157143,7600000,130000000,3264463.0,3319937.0,55,2003.0,9.0
都立大学駅,2022,mansion,132,52000000,58414504,9300000,230000000,3510807.0,3421081.0,55,2003.0,8.0
都立大学駅,2023,mansion,118,75000000,75310435,6500000,270000000,3966942.0,3872933.0,62,2004.0,8.0
都立大学駅,2024,mansion,128,61000000,67878740,8600000,200000000,3636364.0,3734526.0,55,1999.0,8.0
都立大学駅,2025,mansion,132,67000000,73772519,9000000,240000000,3759520.0,4110242.0,55,1996.0,8.0
都立家政駅,2021,house,48,63000000,66933333,13000000,250000000,2203857.0,2216613.0,82,2016.0,10.0
都立家政駅,2022,house,20,64000000,63000000,18000000,140000000,2187908.0,2036789.0,65,2022.0,8.0
都立家政駅,2023,house,18,63500000,85125000,35000000,330000000,1964025.0,2001019.0,88,2004.0,8.0
都立家政駅,2024,house,20,61000000,50176471,12000000,440000000,2153980.0,2333935.0,78,2007.0,6.0
都立家政駅,2025,house,21,63000000,74388889,37000000,300000000,2396694.0,2273068.0,110,2003.0,5.0
都立家政駅,2021,land,6,64000000,56400000,23000000,210000000,1550000.0,1561667.0,115,,5.0
都立家政駅,2022,land,7,55000000,60500000,9000000,210000000,2100000.0,1983333.0,85,,5.0
都立家政駅,2023,land,9,90000000,97444444,31000000,190000000,2100000.0,2125000.0,130,,8.0
都立家政駅,2024,land,8,57500000,50500000,22000000,76000000,2000000.0,1927143.0,98,,6.0
都立家政駅,2025,land,4,72000000,70250000,52000000,85000000,2150000.0,2050000.0,115,,6.0
都立家政駅,2021,mansion,64,29000000,30606250,7000000,68000000,2367769.0,2387102.0,35,2004.0,7.0
都立家政駅,2022,mansion,49,21000000,26583333,2900000,79000000,2512397.0,2587368.0,25,2009.0,7.0
都立家政駅,2023,mansion,34,25500000,32747059,8400000,65000000,2702229.0,2845995.0,25,2009.0,10.0
都立家政駅,2024,mansion,36,26000000,32342857,11000000,100000000,2718090.0,2702728.0,30,2002.0,7.0
都立家政駅,2025,mansion,55,32000000,32989091,2400000,63000000,2718090.0,2601960.0,45,2009.0,9.0
都電雑司ケ谷駅,2022,mansion,2,57000000,57000000,49000000,65000000,3425995.0,3425995.0,55,1994.0,6.0
都電雑司ケ谷駅,2024,mansion,1,65000000,65000000,65000000,65000000,3906837.0,3906837.0,55,1994.0,6.0
都電雑司ケ谷駅,2025,mansion,1,66000000,66000000,66000000,66000000,3966942.0,3966942.0,55,1994.0,6.0
野方駅,2021,house,57,61000000,64040000,11000000,360000000,2192257.0,2115878.0,85,2017.0,8.0
野方駅,2022,house,35,66000000,59142857,14000000,330000000,2216821.0,2251422.0,80,2006.0,8.0
野方駅,2023,house,57,65000000,65562500,12000000,1100000000,2277319.0,2177785.0,75,2009.0,10.0
野方駅,2024,house,52,69000000,70761905,8500000,450000000,2172373.0,2095631.0,85,2006.0,8.0
野方駅,2025,house,55,68000000,66875000,15000000,230000000,2333495.0,2293018.0,80,2016.0,8.0
野方駅,2021,land,17,49000000,67562500,16000000,500000000,1700000.0,1758333.0,105,,10.0
野方駅,2022,land,10,92500000,101300000,33000000,200000000,1850000.0,1893333.0,165,,8.0
野方駅,2023,land,14,55500000,44000000,6000000,1100000000,2000000.0,2027273.0,90,,8.0
野方駅,2024,land,11,59000000,64800000,4000000,180000000,2100000.0,2040000.0,95,,8.0
野方駅,2025,land,10,72500000,74300000,23000000,130000000,2000000.0,1955556.0,128,,8.0
野方駅,2021,mansion,34,22500000,24918750,6500000,73000000,2324067.0,2371713.0,30,1999.0,6.0
野方駅,2022,mansion,46,23000000,22907317,4000000,58000000,2607897.0,2521633.0,25,1999.0,7.0
野方駅,2023,mansion,49,26000000,30143750,7000000,94000000,2512397.0,2603439.0,40,2003.0,7.0
野方駅,2024,mansion,44,27500000,30615909,6700000,70000000,2164502.0,2316455.0,45,1998.0,8.0
野方駅,2025,mansion,63,33000000,35479365,8500000,67000000,2534435.0,2472937.0,55,1996.0,8.0
金子駅,2021,house,1,6700000,6700000,6700000,6700000,276859.0,276859.0,125,1981.0,25.0
金子駅,2022,house,3,24000000,19800000,6400000,29000000,755608.0,699653.0,160,1996.0,25.0
金子駅,2023,house,1,14000000,14000000,14000000,14000000,319179.0,319179.0,250,1995.0,
金子駅,2025,house,4,34000000,31000000,18000000,38000000,723140.0,672427.0,452,1998.0,25.0
金町駅,2021,house,171,36000000,35632911,7000000,430000000,1252719.0,1240870.0,90,2020.0,16.0
金町駅,2022,house,109,38000000,36946939,5000000,1100000000,1352367.0,1312394.0,90,2015.0,14.0
金町駅,2023,house,121,41000000,38877778,9800000,550000000,1432507.0,1382458.0,85,2019.0,16.0
金町駅,2024,house,113,38000000,38092453,5000000,500000000,1407713.0,1380674.0,85,2018.0,15.0
金町駅,2025,house,162,42000000,41364474,2500000,370000000,1505969.0,1482032.0,92,2022.0,16.0
金町駅,2021,land,42,38000000,38083784,4300000,750000000,960000.0,947692.0,115,,14.0
金町駅,2022,land,27,38000000,40807692,12000000,120000000,1000000.0,1086667.0,105,,13.0
金町駅,2023,land,25,37000000,35375000,10000000,260000000,890000.0,853043.0,130,,11.0
金町駅,2024,land,32,35000000,39610345,7000000,260000000,965000.0,1055312.0,112,,15.0
金町駅,2025,land,30,45000000,51642857,10000000,280000000,1050000.0,1116897.0,122,,16.0
金町駅,2021,mansion,195,34000000,34974872,4800000,70000000,1729180.0,1786196.0,70,2006.0,11.0
金町駅,2022,mansion,176,36000000,35961714,4900000,150000000,1778449.0,1812367.0,70,2005.0,12.0
金町駅,2023,mansion,177,40000000,39790960,2000000,85000000,1942149.0,2026127.0,70,2005.0,12.0
金町駅,2024,mansion,178,37500000,41073034,5600000,90000000,2090909.0,2172593.0,65,2006.0,10.0
金町駅,2025,mansion,179,49000000,47211732,4000000,120000000,2550177.0,2489985.0,65,2009.0,9.0
銀座一丁目駅,2022,house,2,900000000,900000000,600000000,1200000000,6311044.0,6311044.0,130,1974.0,1.0
銀座一丁目駅,2024,house,1,710000000,710000000,710000000,710000000,9027336.0,9027336.0,55,1986.0,3.0
銀座一丁目駅,2021,mansion,2,91500000,91500000,89000000,94000000,6731486.0,6731486.0,58,2003.0,4.0
銀座一丁目駅,2022,mansion,5,26000000,24500000,18000000,52000000,4231405.0,4165289.0,20,2002.0,4.0
銀座一丁目駅,2023,mansion,8,84500000,65428571,29000000,200000000,6772137.0,6690279.0,30,2004.0,4.0
銀座一丁目駅,2024,mansion,7,88000000,86428571,27000000,200000000,4628099.0,6248261.0,30,2004.0,4.0
銀座一丁目駅,2025,mansion,8,57500000,74000000,30000000,180000000,5454545.0,6233457.0,28,2003.0,4.0
銀座駅,2021,house,2,2500000000,2500000000,1000000000,4000000000,13867806.0,13867806.0,120,1992.0,2.0
銀座駅,2022,house,2,1035000000,1035000000,770000000,1300000000,8553719.0,8553719.0,75,1964.0,1.0
銀座駅,2023,house,2,1450000000,1450000000,1000000000,1900000000,11790633.0,11790633.0,88,1982.0,2.0
銀座駅,2024,house,4,5850000000,5250000000,2000000000,7300000000,11322314.0,11332758.0,198,2001.0,3.0
銀座駅,2021,mansion,7,58000000,63000000,34000000,82000000,4517906.0,4574105.0,45,2004.0,7.0
銀座駅,2022,mansion,2,37500000,37500000,37000000,38000000,4539945.0,4539945.0,28,2012.0,8.0
銀座駅,2023,mansion,5,40000000,57800000,38000000,93000000,4187328.0,4559228.0,30,2004.0,8.0
銀座駅,2024,mansion,5,76000000,84000000,33000000,99000000,6517119.0,6267978.0,40,2005.0,6.0
銀座駅,2025,mansion,8,55500000,61625000,18000000,120000000,5312869.0,5729929.0,32,2004.0,6.0
錦糸町駅,2021,house,17,250000000,315588235,21000000,800000000,1954725.0,2120056.0,145,1987.0,8.0
錦糸町駅,2022,house,15,160000000,201285714,27000000,1100000000,2328883.0,2315581.0,95,1989.0,9.0
錦糸町駅,2023,house,12,175000000,171818182,45000000,1900000000,2565638.0,2375197.0,95,1987.0,5.0
錦糸町駅,2024,house,15,240000000,346928571,32000000,1900000000,3140496.0,2953405.0,100,2007.0,9.0
錦糸町駅,2025,house,14,185000000,257142857,44000000,630000000,3187116.0,3335768.0,90,1984.0,10.0
錦糸町駅,2021,land,8,120000000,123857143,47000000,430000000,4400000.0,4975000.0,105,,9.0
錦糸町駅,2022,land,7,80000000,92833333,41000000,700000000,4000000.0,3885714.0,65,,8.0
錦糸町駅,2023,land,4,180000000,180750000,3000000,360000000,5800000.0,5430000.0,100,,6.0
錦糸町駅,2024,land,5,60000000,55800000,23000000,95000000,3700000.0,3675000.0,50,,10.0
錦糸町駅,2025,land,6,113500000,125000000,48000000,210000000,5300000.0,5200000.0,72,,6.0
錦糸町駅,2021,mansion,231,38000000,40142795,6700000,220000000,3041322.0,2993755.0,45,2007.0,8.0
錦糸町駅,2022,mansion,248,42500000,43934426,7000000,220000000,3069658.0,3033178.0,50,2007.0,8.0
錦糸町駅,2023,mansion,209,35000000,39339109,8000000,160000000,3041322.0,2999898.0,45,2005.0,8.0
錦糸町駅,2024,mansion,232,42500000,44339130,11000000,360000000,3379247.0,3334400.0,45,2007.0,8.0
錦糸町駅,2025,mansion,247,44000000,47550000,10000000,200000000,3606311.0,3528714.0,45,2006.0,8.0
鐘ケ淵駅,2021,house,26,30500000,29416667,7500000,1500000000,1141998.0,1136898.0,60,1992.0,5.0
鐘ケ淵駅,2022,house,9,35000000,35625000,23000000,60000000,1873278.0,1863984.0,45,2018.0,9.0
鐘ケ淵駅,2023,house,13,47000000,42953846,9400000,78000000,1516772.0,1550082.0,60,2014.0,6.0
鐘ケ淵駅,2024,house,18,39000000,47777778,5000000,97000000,1663556.0,1678515.0,68,2002.0,7.0
鐘ケ淵駅,2025,house,28,45500000,42043478,5800000,150000000,1889020.0,1654713.0,52,2018.0,6.0
鐘ケ淵駅,2021,land,5,30000000,25800000,3000000,56000000,1400000.0,1310000.0,65,,5.0
鐘ケ淵駅,2022,land,10,29500000,40444444,10000000,210000000,1050000.0,1286000.0,92,,5.0
鐘ケ淵駅,2023,land,2,21500000,21500000,15000000,28000000,1800000.0,1800000.0,40,,5.0
鐘ケ淵駅,2024,land,4,34000000,26000000,10000000,200000000,2050000.0,1950000.0,45,,5.0
鐘ケ淵駅,2025,land,4,32500000,62250000,14000000,170000000,1150000.0,1077500.0,112,,7.0
鐘ケ淵駅,2021,mansion,17,32000000,33125000,7000000,48000000,1597796.0,1642425.0,65,1996.0,4.0
鐘ケ淵駅,2022,mansion,18,23500000,25400000,5200000,47000000,2121212.0,2230290.0,38,2008.0,7.0
鐘ケ淵駅,2023,mansion,31,33000000,31470968,5600000,55000000,2049587.0,2344416.0,45,2006.0,5.0
鐘ケ淵駅,2024,mansion,31,30000000,32106452,8300000,50000000,3438016.0,3051075.0,35,2018.0,5.0
鐘ケ淵駅,2025,mansion,40,33500000,36075000,16000000,59000000,2571731.0,2632197.0,58,2008.0,5.0
長原駅,2021,house,16,69500000,64384615,25000000,550000000,2350780.0,2286694.0,100,2009.0,5.0
長原駅,2022,house,15,80000000,80076923,21000000,700000000,2337424.0,2263027.0,85,2002.0,8.0
長原駅,2023,house,8,74500000,67714286,40000000,210000000,2542306.0,2047325.0,62,1997.0,5.0
長原駅,2024,house,12,83000000,82000000,37000000,170000000,2627229.0,2569020.0,98,2014.0,10.0
長原駅,2025,house,23,110000000,116545455,33000000,390000000,2833530.0,2886805.0,100,2011.0,6.0
長原駅,2021,land,8,53000000,54750000,35000000,81000000,2350000.0,2282500.0,78,,6.0
長原駅,2022,land,5,60000000,64400000,40000000,95000000,2600000.0,2566667.0,80,,6.0
長原駅,2023,land,4,42500000,44500000,41000000,52000000,2950000.0,2950000.0,50,,7.0
長原駅,2024,land,4,60000000,63750000,45000000,90000000,2400000.0,2475000.0,88,,7.0
長原駅,2025,land,5,58000000,59200000,35000000,100000000,2600000.0,2680000.0,75,,10.0
長原駅,2021,mansion,65,28000000,29840000,7100000,60000000,2369146.0,2495877.0,40,1996.0,9.0
長原駅,2022,mansion,67,30000000,32804478,5000000,76000000,2644628.0,2696037.0,40,2002.0,9.0
長原駅,2023,mansion,52,33000000,38884615,8000000,85000000,3077528.0,2956188.0,42,2004.0,9.0
長原駅,2024,mansion,65,39000000,42043077,9800000,85000000,2892562.0,2839937.0,55,1997.0,10.0
長原駅,2025,mansion,40,37000000,40887500,7300000,92000000,2511125.0,2705002.0,48,1991.0,10.0
長沼駅,2021,house,22,24500000,23704545,2500000,44000000,826446.0,784239.0,138,2000.0,14.0
長沼駅,2022,house,17,30000000,27823529,11000000,42000000,771350.0,880277.0,140,1992.0,10.0
長沼駅,2023,house,21,30000000,29761905,7000000,53000000,1009134.0,980654.0,150,2002.0,12.0
長沼駅,2024,house,11,31000000,29809091,4900000,56000000,788303.0,975290.0,165,1997.0,10.0
長沼駅,2025,house,47,39000000,37391304,7000000,54000000,1338843.0,1200026.0,130,2025.0,11.0
長沼駅,2021,land,7,23000000,23571429,17000000,32000000,420000.0,448571.0,200,,10.0
長沼駅,2022,land,2,50000000,50000000,37000000,63000000,530000.0,530000.0,330,,12.0
長沼駅,2023,land,6,25500000,20660000,6300000,74000000,550000.0,474000.0,160,,4.0
長沼駅,2024,land,5,23000000,23333333,12000000,120000000,580000.0,587500.0,140,,5.0
長沼駅,2025,land,7,24000000,22771429,2400000,35000000,450000.0,501667.0,210,,8.0
長沼駅,2022,mansion,1,2500000,2500000,2500000,2500000,550964.0,550964.0,15,1989.0,11.0
長沼駅,2023,mansion,2,3150000,3150000,2700000,3600000,595041.0,595041.0,18,1989.0,10.0
長沼駅,2024,mansion,2,48000000,48000000,27000000,69000000,1158112.0,1158112.0,135,1997.0,10.0
長沼駅,2025,mansion,3,24000000,45833333,3500000,110000000,1133412.0,1272879.0,70,1991.0,9.0
長津田駅,2022,house,1,35000000,35000000,35000000,35000000,1361206.0,1361206.0,145,1992.0,10.0
長津田駅,2023,house,1,47000000,47000000,47000000,47000000,1553719.0,1553719.0,130,2014.0,15.0
長津田駅,2021,land,2,81000000,81000000,32000000,130000000,475000.0,475000.0,525,,15.0
門前仲町駅,2021,house,25,59000000,65666667,16000000,530000000,1652893.0,1891490.0,50,1993.0,6.0
門前仲町駅,2022,house,18,120000000,356666667,44000000,1200000000,3122130.0,2740040.0,92,2012.0,6.0
門前仲町駅,2023,house,16,135000000,254062500,33000000,730000000,2727273.0,2615794.0,102,1992.0,5.0
門前仲町駅,2024,house,16,235000000,233066667,50000000,870000000,3305785.0,3505313.0,78,2000.0,6.0
門前仲町駅,2025,house,18,90000000,97781250,3500000,940000000,2857000.0,2859809.0,52,2000.0,7.0
門前仲町駅,2021,land,2,232000000,232000000,44000000,420000000,5050000.0,5050000.0,120,,8.0
門前仲町駅,2022,land,3,100000000,213666667,41000000,500000000,6100000.0,5200000.0,55,,3.0
門前仲町駅,2023,land,6,77500000,67400000,37000000,140000000,3550000.0,3216667.0,82,,4.0
門前仲町駅,2024,land,6,110000000,446166667,36000000,1400000000,6200000.0,7533333.0,98,,4.0
門前仲町駅,2025,land,8,145000000,208142857,72000000,940000000,5450000.0,6042857.0,95,,6.0
門前仲町駅,2021,mansion,128,34500000,40314961,11000000,100000000,2914600.0,2938462.0,50,2002.0,7.0
門前仲町駅,2022,mansion,141,37000000,40532374,12000000,100000000,3057851.0,3068344.0,40,2002.0,6.0
門前仲町駅,2023,mansion,144,35000000,43298611,13000000,95000000,3188079.0,3220727.0,50,2002.0,6.0
門前仲町駅,2024,mansion,125,45000000,49612903,10000000,140000000,3305785.0,3387519.0,55,2002.0,6.0
門前仲町駅,2025,mansion,156,40000000,43468966,14000000,160000000,3623649.0,3679454.0,50,2002.0,6.0
阿佐ケ谷駅,2021,house,58,68000000,66769231,10000000,480000000,2350780.0,2362571.0,92,2013.0,12.0
阿佐ケ谷駅,2022,house,44,75000000,74281081,9400000,880000000,2754821.0,2738170.0,82,2016.0,10.0
阿佐ケ谷駅,2023,house,56,90000000,96470588,10000000,670000000,2547373.0,2651325.0,100,2000.0,9.0
阿佐ケ谷駅,2024,house,49,75000000,68700000,26000000,360000000,2865014.0,2833068.0,80,2012.0,10.0
阿佐ケ谷駅,2025,house,68,78000000,72533333,10000000,2600000000,2975206.0,2931409.0,80,2010.0,10.0
阿佐ケ谷駅,2021,land,19,57000000,58176471,25000000,280000000,2300000.0,2252632.0,85,,8.0
阿佐ケ谷駅,2022,land,20,70000000,70400000,22000000,120000000,2250000.0,2200000.0,110,,13.0
阿佐ケ谷駅,2023,land,9,73000000,78333333,12000000,200000000,2200000.0,2425000.0,120,,8.0
阿佐ケ谷駅,2024,land,16,94000000,100214286,41000000,480000000,2900000.0,2918750.0,112,,8.0
阿佐ケ谷駅,2025,land,17,92000000,95000000,25000000,270000000,2500000.0,2580000.0,100,,9.0
阿佐ケ谷駅,2021,mansion,52,37500000,35187500,9000000,110000000,2998819.0,3030075.0,40,1999.0,7.0
阿佐ケ谷駅,2022,mansion,53,28000000,30198039,8300000,87000000,3085399.0,2941156.0,35,1995.0,8.0
阿佐ケ谷駅,2023,mansion,49,38000000,39022449,7300000,84000000,2975206.0,2977094.0,45,1996.0,9.0
阿佐ケ谷駅,2024,mansion,40,42000000,51255000,6600000,140000000,2993572.0,3185170.0,50,1996.0,8.0
阿佐ケ谷駅,2025,mansion,53,53000000,53641509,10000000,150000000,3305785.0,3531276.0,50,1999.0,8.0
雑司が谷駅,2021,house,14,72000000,66818182,8000000,140000000,2828283.0,2746573.0,50,2013.0,5.0
雑司が谷駅,2022,house,19,80000000,77500000,20000000,290000000,2625182.0,2493052.0,60,2014.0,8.0
雑司が谷駅,2023,house,12,78000000,65900000,29000000,520000000,2545140.0,2418697.0,65,2002.0,6.0
雑司が谷駅,2024,house,17,90000000,82857143,1000000,2800000000,2892562.0,2704977.0,80,2000.0,5.0
雑司が谷駅,2025,house,17,100000000,240125000,70000000,5700000000,3229082.0,3207096.0,125,2008.0,5.0
雑司が谷駅,2021,land,4,101500000,105750000,60000000,160000000,3150000.0,3025000.0,105,,4.0
雑司が谷駅,2022,land,3,120000000,155000000,85000000,260000000,3600000.0,3300000.0,170,,4.0
雑司が谷駅,2023,land,4,81500000,79000000,33000000,120000000,3350000.0,3425000.0,82,,6.0
雑司が谷駅,2024,land,12,115000000,131833333,73000000,250000000,3700000.0,3740000.0,100,,8.0
雑司が谷駅,2025,land,4,85000000,86750000,67000000,110000000,3500000.0,3675000.0,82,,6.0
雑司が谷駅,2021,mansion,58,42000000,45137931,8400000,110000000,3046045.0,2943897.0,50,2000.0,5.0
雑司が谷駅,2022,mansion,57,40000000,45535088,7500000,100000000,3140496.0,3028647.0,50,1999.0,4.0
雑司が谷駅,2023,mansion,73,43000000,50566197,7200000,190000000,3085399.0,3119765.0,60,1998.0,4.0
雑司が谷駅,2024,mansion,71,43000000,50800000,12000000,180000000,3349862.0,3335387.0,55,1999.0,4.0
雑司が谷駅,2025,mansion,84,57500000,65951220,12000000,200000000,3371901.0,3511135.0,65,1998.0,7.0
雑色駅,2021,house,44,47000000,44263158,10000000,470000000,1862259.0,1756783.0,58,2013.0,10.0
雑色駅,2022,house,30,55000000,46961538,12000000,1500000000,1806375.0,1812825.0,65,2017.0,11.0
雑色駅,2023,house,45,55000000,51888889,11000000,430000000,1848664.0,1895684.0,65,2015.0,10.0
雑色駅,2024,house,42,49500000,47944444,10000000,1700000000,2031889.0,1949129.0,58,2016.0,10.0
雑色駅,2025,house,43,58000000,57371429,11000000,440000000,2045007.0,2055416.0,60,2020.0,10.0
雑色駅,2021,land,14,50000000,46384615,4000000,610000000,1600000.0,1447692.0,98,,8.0
雑色駅,2022,land,16,44500000,44007143,9100000,380000000,1900000.0,1721667.0,82,,9.0
雑色駅,2023,land,15,50000000,56642857,22000000,160000000,2000000.0,1836000.0,90,,9.0
雑色駅,2024,land,12,48500000,48900000,23000000,940000000,1800000.0,1811818.0,112,,8.0
雑色駅,2025,land,17,53000000,59312500,26000000,140000000,2100000.0,2164706.0,75,,8.0
雑色駅,2021,mansion,94,29000000,31014894,6100000,63000000,2348682.0,2486525.0,50,2004.0,8.0
雑色駅,2022,mansion,53,40000000,38513208,5700000,75000000,2266824.0,2426370.0,60,2001.0,8.0
雑色駅,2023,mansion,65,37000000,34970769,7800000,66000000,2219598.0,2341242.0,60,2001.0,8.0
雑色駅,2024,mansion,108,40000000,35797222,5000000,70000000,2288620.0,2376866.0,55,1996.0,8.0
雑色駅,2025,mansion,108,36000000,37465741,8000000,85000000,2512397.0,2561839.0,55,1995.0,8.0
雪が谷大塚駅,2021,house,31,75000000,79892857,19000000,1100000000,2243211.0,2271551.0,105,2006.0,8.0
雪が谷大塚駅,2022,house,31,74000000,74482759,24000000,440000000,2304867.0,2232131.0,90,2000.0,6.0
雪が谷大塚駅,2023,house,13,68000000,73750000,35000000,210000000,2448730.0,2443960.0,85,1998.0,8.0
雪が谷大塚駅,2024,house,21,94000000,92833333,30000000,1300000000,3085160.0,2858040.0,110,2000.0,8.0
雪が谷大塚駅,2025,house,40,84000000,90157895,23000000,260000000,2865014.0,2896584.0,98,2011.0,10.0
雪が谷大塚駅,2021,land,15,66000000,65666667,42000000,260000000,2300000.0,2313333.0,95,,8.0
雪が谷大塚駅,2022,land,4,68500000,63500000,32000000,85000000,2000000.0,2100000.0,90,,8.0
雪が谷大塚駅,2023,land,17,82000000,91588235,40000000,170000000,2400000.0,2412500.0,125,,5.0
雪が谷大塚駅,2024,land,12,91000000,100250000,67000000,160000000,2300000.0,2454545.0,130,,6.0
雪が谷大塚駅,2025,land,13,100000000,103076923,48000000,180000000,3100000.0,2946154.0,120,,7.0
雪が谷大塚駅,2021,mansion,43,22000000,33688372,8300000,74000000,2776859.0,2748014.0,25,2004.0,5.0
雪が谷大塚駅,2022,mansion,62,53500000,50032258,10000000,90000000,3049980.0,3042082.0,60,2008.0,6.0
雪が谷大塚駅,2023,mansion,47,35000000,41902128,9000000,85000000,3085399.0,3092602.0,45,2003.0,6.0
雪が谷大塚駅,2024,mansion,51,61000000,57668627,1800000,120000000,3379247.0,3420171.0,60,2008.0,5.0
雪が谷大塚駅,2025,mansion,42,52500000,51964286,5500000,100000000,3502188.0,3533027.0,55,2000.0,4.0
青井駅,2021,house,23,45000000,41368421,15000000,350000000,1510222.0,1517995.0,80,2021.0,10.0
青井駅,2022,house,21,41000000,37562500,10000000,470000000,1652893.0,1632407.0,80,2016.0,8.0
青井駅,2023,house,27,42000000,37045455,4000000,680000000,1454545.0,1418441.0,75,2007.0,9.0
青井駅,2024,house,25,41000000,42055556,20000000,100000000,1501136.0,1547845.0,80,2020.0,10.0
青井駅,2025,house,30,50000000,45409091,3800000,250000000,1574183.0,1667670.0,85,2018.0,10.0
青井駅,2021,land,7,100000000,98571429,20000000,200000000,1400000.0,1381429.0,320,,9.0
青井駅,2022,land,7,20000000,32500000,11000000,800000000,1000000.0,1045714.0,70,,10.0
青井駅,2023,land,4,53000000,56500000,10000000,110000000,1150000.0,1137500.0,142,,12.0
青井駅,2024,land,7,33000000,45500000,5000000,1300000000,990000.0,1018571.0,110,,10.0
青井駅,2025,land,3,13000000,19000000,11000000,33000000,830000.0,1036667.0,60,,10.0
青井駅,2021,mansion,33,25000000,25265625,4900000,38000000,1432507.0,1422534.0,60,1998.0,6.0
青井駅,2022,mansion,42,27000000,26735714,6100000,44000000,1559652.0,1598763.0,60,2000.0,6.0
青井駅,2023,mansion,33,21000000,21339394,5900000,44000000,1424030.0,1445743.0,55,1990.0,7.0
青井駅,2024,mansion,35,26000000,24805714,3000000,46000000,1627463.0,1665900.0,55,1999.0,7.0
青井駅,2025,mansion,42,24000000,25397619,4000000,50000000,1574756.0,1549428.0,60,1998.0,7.0
青山一丁目駅,2021,house,4,525000000,592500000,220000000,1100000000,4518192.0,4313733.0,218,1984.0,4.0
青山一丁目駅,2022,house,4,170000000,170000000,120000000,220000000,3953072.0,4033469.0,88,1998.0,6.0
青山一丁目駅,2023,house,3,190000000,330000000,170000000,630000000,7493113.0,7293597.0,70,2006.0,4.0
青山一丁目駅,2024,house,1,400000000,400000000,400000000,400000000,20343292.0,20343292.0,145,1957.0,3.0
青山一丁目駅,2022,land,1,380000000,380000000,380000000,380000000,7500000.0,7500000.0,165,,8.0
青山一丁目駅,2023,land,1,900000000,900000000,900000000,900000000,20000000.0,20000000.0,150,,4.0
青山一丁目駅,2024,land,1,1000000000,1000000000,1000000000,1000000000,30000000.0,30000000.0,110,,4.0
青山一丁目駅,2021,mansion,36,36000000,87611111,14000000,260000000,3676434.0,4677333.0,38,1980.0,3.0
青山一丁目駅,2022,mansion,32,115000000,131875000,14000000,480000000,4159779.0,6054749.0,70,1982.0,3.0
青山一丁目駅,2023,mansion,29,85000000,139732143,3500000,1000000000,4683195.0,6565513.0,60,1980.0,3.0
青山一丁目駅,2024,mansion,38,46000000,126684211,15000000,500000000,4628099.0,6661155.0,35,1980.0,3.0
青山一丁目駅,2025,mansion,52,140000000,179326531,20000000,1000000000,6400367.0,7567748.0,65,1980.0,3.0
青梅街道駅,2021,house,14,35000000,35846154,17000000,120000000,1543382.0,1486652.0,105,2010.0,10.0
青梅街道駅,2022,house,4,54000000,54333333,35000000,55000000,1831231.0,1839094.0,120,2022.0,10.0
青梅街道駅,2023,house,6,38000000,36750000,19000000,53000000,1737833.0,1616927.0,92,2022.0,9.0
青梅街道駅,2024,house,20,45000000,45578947,21000000,160000000,1515986.0,1471910.0,115,2015.0,9.0
青梅街道駅,2025,house,19,54000000,49105263,26000000,69000000,2016529.0,1871846.0,110,2025.0,8.0
青梅街道駅,2021,land,2,30000000,30000000,23000000,37000000,690000.0,690000.0,142,,7.0
青梅街道駅,2022,land,3,43000000,47333333,39000000,60000000,820000.0,720000.0,165,,8.0
青梅街道駅,2024,land,4,34500000,32333333,28000000,140000000,890000.0,857500.0,142,,7.0
青梅街道駅,2025,land,4,38000000,38000000,38000000,43000000,1100000.0,1133333.0,118,,5.0
青梅街道駅,2022,mansion,3,28000000,27333333,16000000,38000000,1477880.0,1347456.0,60,2000.0,5.0
青梅街道駅,2023,mansion,2,35000000,35000000,32000000,38000000,1494548.0,1494548.0,78,2006.0,5.0
青梅街道駅,2025,mansion,6,34500000,37166667,16000000,56000000,1574183.0,1605381.0,72,2005.0,5.0
青梅駅,2021,house,17,11000000,10681250,2000000,65000000,229968.0,264384.0,110,1979.0,2.0
青梅駅,2022,house,20,24000000,20921053,3000000,60000000,661157.0,666730.0,130,1999.0,15.0
青梅駅,2023,house,21,16000000,18876190,3300000,43000000,484848.0,604535.0,140,1989.0,15.0
青梅駅,2024,house,25,18000000,18092000,1500000,36000000,724124.0,616451.0,145,2009.0,12.0
青梅駅,2025,house,31,11000000,14103333,400000,65000000,503739.0,500009.0,145,1990.0,15.0
青梅駅,2021,land,8,4500000,9742500,200000,33000000,85500.0,94857.0,220,,7.0
青梅駅,2022,land,9,8600000,6100286,2000,35000000,110000.0,126781.0,210,,14.0
青梅駅,2023,land,12,16000000,12409091,2100000,49000000,185000.0,238500.0,172,,13.0
青梅駅,2024,land,5,18000000,17300000,4000000,36000000,170000.0,129000.0,330,,19.0
青梅駅,2025,land,13,11000000,12207692,600000,28000000,260000.0,231846.0,185,,12.0
青梅駅,2021,mansion,30,7200000,7693103,1800000,18000000,405248.0,447928.0,58,1992.0,8.0
青梅駅,2022,mansion,37,6800000,7891667,1700000,36000000,492862.0,512448.0,55,1991.0,8.0
青梅駅,2023,mansion,28,9900000,10275000,1900000,19000000,526171.0,551555.0,55,1991.0,9.0
青梅駅,2024,mansion,29,9500000,10724138,3600000,20000000,514233.0,606148.0,60,1990.0,4.0
青梅駅,2025,mansion,33,8100000,8842424,1000000,18000000,486852.0,506105.0,60,1992.0,9.0
青物横丁駅,2021,house,6,87500000,100400000,22000000,420000000,2809917.0,2344312.0,78,1991.0,5.0
青物横丁駅,2022,house,3,75000000,63000000,28000000,86000000,2842975.0,2306703.0,110,1984.0,5.0
青物横丁駅,2023,house,6,68000000,52700000,3500000,180000000,1923931.0,1999045.0,55,2003.0,4.0
青物横丁駅,2024,house,8,105000000,84833333,20000000,1900000000,3140496.0,2932552.0,108,2007.0,4.0
青物横丁駅,2025,house,9,80000000,63750000,3000000,300000000,2869335.0,2888574.0,60,1990.0,4.0
青物横丁駅,2022,land,1,93000000,93000000,93000000,93000000,3100000.0,3100000.0,100,,3.0
青物横丁駅,2023,land,2,51500000,51500000,50000000,53000000,4050000.0,4050000.0,40,,1.0
青物横丁駅,2024,land,7,71000000,88333333,20000000,580000000,2800000.0,2785714.0,75,,4.0
青物横丁駅,2021,mansion,44,54000000,48363636,19000000,90000000,2975206.0,2994141.0,60,2002.0,5.0
青物横丁駅,2022,mansion,42,58000000,51658537,15000000,110000000,2954545.0,2938722.0,65,2001.0,4.0
青物横丁駅,2023,mansion,45,57000000,50777778,11000000,88000000,3116883.0,3027099.0,55,1999.0,5.0
青物横丁駅,2024,mansion,43,58000000,51220930,9500000,99000000,3125469.0,3216485.0,55,1998.0,5.0
青物横丁駅,2025,mansion,55,55000000,54132075,12000000,160000000,3107438.0,3127684.0,60,1985.0,5.0
青砥駅,2021,house,45,47000000,40822727,7200000,640000000,1404959.0,1315537.0,70,2005.0,10.0
青砥駅,2022,house,26,47500000,43486364,7700000,390000000,1523536.0,1449453.0,75,2008.0,12.0
青砥駅,2023,house,46,50000000,48702703,5200000,430000000,1571083.0,1618487.0,72,2012.0,10.0
青砥駅,2024,house,29,49000000,44925926,9000000,140000000,1619835.0,1629549.0,70,2008.0,10.0
青砥駅,2025,house,53,50000000,43354545,9600000,600000000,1796084.0,1745139.0,60,2014.0,10.0
青砥駅,2021,land,15,41000000,36828571,3600000,150000000,1200000.0,1158000.0,105,,7.0
青砥駅,2022,land,8,76000000,82285714,48000000,260000000,1950000.0,1814286.0,142,,6.0
青砥駅,2023,land,8,38000000,65250000,15000000,150000000,1200000.0,1091429.0,122,,10.0
青砥駅,2024,land,3,40000000,44766667,9300000,85000000,1200000.0,1546667.0,90,,6.0
青砥駅,2025,land,12,58000000,63900000,13000000,470000000,2050000.0,1864167.0,98,,9.0
青砥駅,2021,mansion,101,32000000,28992929,5400000,68000000,1594555.0,1585713.0,65,2002.0,12.0
青砥駅,2022,mansion,80,32000000,31480000,6000000,66000000,1665607.0,1674881.0,60,2001.0,12.0
青砥駅,2023,mansion,66,32500000,31462121,5800000,58000000,1799110.0,1803734.0,60,2002.0,10.0
青砥駅,2024,mansion,68,28500000,30783824,3500000,64000000,1955923.0,2019844.0,60,2009.0,11.0
青砥駅,2025,mansion,119,34000000,32353782,4000000,65000000,2159780.0,2391398.0,55,2010.0,12.0
面影橋駅,2021,mansion,2,29000000,29000000,25000000,33000000,1680441.0,1680441.0,58,1980.0,2.0
面影橋駅,2022,mansion,3,49000000,48666667,25000000,72000000,3305785.0,3135248.0,60,1992.0,4.0
面影橋駅,2023,mansion,3,23000000,41666667,22000000,80000000,3041322.0,3158861.0,25,2011.0,3.0
面影橋駅,2024,mansion,3,60000000,64333333,48000000,85000000,3746556.0,3588331.0,65,2004.0,1.0
面影橋駅,2025,mansion,4,25500000,26000000,19000000,34000000,3333333.0,3231405.0,28,2004.0,4.0
飛田給駅,2021,house,21,36000000,39050000,25000000,240000000,1341760.0,1477060.0,110,2009.0,10.0
飛田給駅,2022,house,27,39000000,34592593,5000000,67000000,1391909.0,1425853.0,110,2006.0,10.0
飛田給駅,2023,house,17,51000000,55307692,4800000,130000000,1645160.0,1676473.0,110,2018.0,8.0
飛田給駅,2024,house,15,56000000,55500000,16000000,77000000,1944579.0,1837013.0,105,2017.0,9.0
飛田給駅,2025,house,36,51500000,51354839,4800000,230000000,1779904.0,1799604.0,110,2024.0,10.0
飛田給駅,2021,land,4,36000000,36666667,24000000,38000000,985000.0,950000.0,112,,8.0
飛田給駅,2022,land,2,17150000,17150000,6300000,28000000,940000.0,940000.0,55,,4.0
飛田給駅,2023,land,3,50000000,41333333,21000000,53000000,1500000.0,1366667.0,110,,4.0
飛田給駅,2024,land,2,34500000,34500000,22000000,47000000,725000.0,725000.0,152,,8.0
飛田給駅,2025,land,9,52000000,69625000,41000000,290000000,1400000.0,1417778.0,125,,7.0
飛田給駅,2021,mansion,13,25000000,24166667,10000000,51000000,1542700.0,1535443.0,60,1995.0,9.0
飛田給駅,2022,mansion,16,32500000,31000000,6000000,50000000,1676505.0,1632769.0,60,2011.0,10.0
飛田給駅,2023,mansion,14,34500000,35714286,26000000,50000000,1715119.0,1823992.0,68,2011.0,9.0
飛田給駅,2024,mansion,11,35000000,37727273,22000000,54000000,1776859.0,1802426.0,70,1999.0,9.0
飛田給駅,2025,mansion,19,36000000,36611111,16000000,70000000,2163787.0,2077100.0,60,2003.0,9.0
飛鳥山駅,2021,house,1,730000000,730000000,730000000,730000000,2806073.0,2806073.0,180,2022.0,3.0
飛鳥山駅,2025,house,1,170000000,170000000,170000000,170000000,1937874.0,1937874.0,60,2009.0,1.0
飛鳥山駅,2021,land,2,44000000,44000000,41000000,47000000,1550000.0,1550000.0,95,,1.0
飛鳥山駅,2023,land,1,39000000,39000000,39000000,39000000,1400000.0,1400000.0,90,,3.0
飛鳥山駅,2024,mansion,1,43000000,43000000,43000000,43000000,4738292.0,4738292.0,30,2019.0,0.0
飛鳥山駅,2025,mansion,1,46000000,46000000,46000000,46000000,2534435.0,2534435.0,60,1993.0,3.0
飯田橋駅,2021,house,4,560000000,406666667,100000000,6100000000,2006931.0,1662051.0,298,1988.0,4.0
飯田橋駅,2022,house,5,890000000,732400000,72000000,1100000000,5219661.0,5140408.0,150,2022.0,3.0
飯田橋駅,2023,house,5,200000000,215000000,140000000,1100000000,4871683.0,3789513.0,95,1974.0,4.0
飯田橋駅,2024,house,5,340000000,386400000,82000000,830000000,6859504.0,5670010.0,85,1990.0,4.0
飯田橋駅,2025,house,7,340000000,291666667,150000000,6700000000,8264463.0,8072877.0,105,1979.0,5.0
飯田橋駅,2021,land,4,140000000,160500000,72000000,290000000,4950000.0,5325000.0,100,,8.0
飯田橋駅,2025,land,3,130000000,186666667,130000000,300000000,6900000.0,7433333.0,70,,7.0
飯田橋駅,2021,mansion,71,76000000,83478261,15000000,230000000,4297520.0,4870241.0,55,2005.0,5.0
飯田橋駅,2022,mansion,99,53000000,77030612,11000000,360000000,3966942.0,4302806.0,50,2005.0,5.0
飯田橋駅,2023,mansion,82,57000000,64183333,2300000,340000000,3939394.0,4038688.0,55,2002.0,7.0
飯田橋駅,2024,mansion,93,69000000,80369565,15000000,250000000,4628099.0,4954162.0,50,2004.0,6.0
飯田橋駅,2025,mansion,110,72000000,79005825,7600000,430000000,5003756.0,5053946.0,50,2003.0,6.0
飯能駅,2022,land,1,180000,180000,180000,180000,4300.0,4300.0,140,,
馬喰横山駅,2021,house,2,178500000,178500000,47000000,310000000,2059537.0,2059537.0,75,1960.0,2.0
馬喰横山駅,2022,house,1,300000000,300000000,300000000,300000000,2609830.0,2609830.0,90,1959.0,2.0
馬喰横山駅,2023,house,4,265000000,475000000,70000000,1300000000,2831204.0,2945502.0,105,1984.0,2.0
馬喰横山駅,2024,house,2,1800000000,1800000000,200000000,3400000000,4187328.0,4187328.0,310,1981.0,3.0
馬喰横山駅,2025,house,2,325000000,325000000,250000000,400000000,2592773.0,2592773.0,82,1985.0,2.0
馬喰横山駅,2021,land,2,415000000,415000000,190000000,640000000,10500000.0,10500000.0,130,,2.0
馬喰横山駅,2023,land,1,100000000,100000000,100000000,100000000,4600000.0,4600000.0,70,,4.0
馬喰横山駅,2024,land,1,170000000,170000000,170000000,170000000,9100000.0,9100000.0,60,,3.0
馬喰横山駅,2025,land,1,40000000,40000000,40000000,40000000,4000000.0,4000000.0,35,,4.0
馬喰横山駅,2021,mansion,27,54000000,50555556,19000000,81000000,3801653.0,3902289.0,45,2007.0,2.0
馬喰横山駅,2022,mansion,33,47000000,50161290,22000000,180000000,4055096.0,3999637.0,45,2005.0,2.0
馬喰横山駅,2023,mansion,31,50000000,46620690,22000000,240000000,4049587.0,4110962.0,40,2005.0,2.0
馬喰横山駅,2024,mansion,20,56000000,55300000,25000000,98000000,4669421.0,4674657.0,38,2005.0,2.0
馬喰横山駅,2025,mansion,20,70000000,71700000,25000000,130000000,5496285.0,5419868.0,42,2011.0,2.0
馬喰町駅,2021,house,5,140000000,123500000,80000000,1500000000,1652892.0,1667847.0,55,1974.0,2.0
馬喰町駅,2022,house,4,480000000,436666667,350000000,1500000000,3330718.0,3172607.0,118,1996.0,2.0
馬喰町駅,2023,house,3,260000000,460000000,150000000,970000000,4297520.0,4566466.0,65,2020.0,3.0
馬喰町駅,2024,house,2,700000000,700000000,600000000,800000000,4124360.0,4124360.0,92,1998.0,2.0
馬喰町駅,2025,house,4,865000000,770000000,580000000,5500000000,3253455.0,3016607.0,188,1968.0,1.0
馬喰町駅,2021,land,2,600000000,600000000,200000000,1000000000,11300000.0,11300000.0,158,,2.0
馬喰町駅,2022,land,2,183000000,183000000,66000000,300000000,6550000.0,6550000.0,82,,4.0
馬喰町駅,2024,land,1,95000000,95000000,95000000,95000000,5400000.0,5400000.0,60,,5.0
馬喰町駅,2025,land,1,100000000,100000000,100000000,100000000,5700000.0,5700000.0,60,,5.0
馬喰町駅,2021,mansion,67,45000000,44253731,10000000,89000000,3719008.0,3692046.0,40,2012.0,2.0
馬喰町駅,2022,mansion,81,44000000,43185185,12000000,100000000,3966942.0,3665315.0,35,2011.0,2.0
馬喰町駅,2023,mansion,67,48000000,49181818,11000000,140000000,3966942.0,3941033.0,40,2010.0,2.0
馬喰町駅,2024,mansion,51,46000000,46673469,13000000,140000000,4242424.0,4267547.0,40,2008.0,2.0
馬喰町駅,2025,mansion,60,59000000,56392857,15000000,190000000,4834711.0,4756662.0,40,2012.0,2.0
馬込駅,2021,house,31,60000000,57357143,22000000,110000000,2128296.0,2144310.0,80,2011.0,8.0
馬込駅,2022,house,34,68000000,66000000,27000000,890000000,2467671.0,2434266.0,70,2016.0,6.0
馬込駅,2023,house,49,64000000,59744186,15000000,410000000,2456652.0,2248263.0,70,2009.0,8.0
馬込駅,2024,house,48,59000000,58182927,9500000,610000000,2593770.0,2565288.0,72,2014.0,8.0
馬込駅,2025,house,48,71000000,66300000,19000000,1200000000,2380165.0,2360829.0,82,2008.0,9.0
馬込駅,2021,land,16,63000000,67071429,25000000,650000000,2000000.0,1848667.0,122,,9.0
馬込駅,2022,land,17,57000000,67125000,28000000,200000000,2200000.0,2206250.0,85,,8.0
馬込駅,2023,land,6,62000000,67166667,35000000,98000000,2400000.0,2200000.0,102,,7.0
馬込駅,2024,land,10,62500000,67000000,29000000,220000000,2250000.0,2175000.0,105,,6.0
馬込駅,2025,land,23,69000000,59000000,22000000,960000000,2600000.0,2459091.0,100,,6.0
馬込駅,2021,mansion,89,28000000,34001124,1600000,70000000,2927981.0,2794027.0,40,2007.0,6.0
馬込駅,2022,mansion,98,33000000,36471429,8000000,77000000,2907396.0,2899700.0,40,2007.0,6.0
馬込駅,2023,mansion,80,26500000,36798750,5400000,77000000,3085399.0,2937283.0,38,2008.0,7.0
馬込駅,2024,mansion,82,43500000,42859756,9500000,96000000,3305785.0,3184384.0,48,2008.0,7.0
馬込駅,2025,mansion,112,34000000,40821429,13000000,92000000,3305785.0,3017243.0,50,2005.0,7.0
駒場東大前駅,2021,house,6,165000000,138800000,44000000,360000000,3269054.0,3337507.0,110,1988.0,6.0
駒場東大前駅,2022,house,4,150000000,207500000,90000000,440000000,2093664.0,2415221.0,118,1986.0,7.0
駒場東大前駅,2023,house,13,110000000,121833333,67000000,530000000,3694701.0,3538491.0,95,1993.0,7.0
駒場東大前駅,2024,house,6,92500000,85333333,6000000,190000000,2479339.0,3039068.0,62,1989.0,7.0
駒場東大前駅,2025,house,13,210000000,172454545,37000000,860000000,4722550.0,5238850.0,130,2006.0,5.0
駒場東大前駅,2021,land,3,46000000,52333333,31000000,80000000,2400000.0,2900000.0,65,,7.0
駒場東大前駅,2022,land,4,95000000,102750000,71000000,150000000,4000000.0,4225000.0,72,,7.0
駒場東大前駅,2023,land,4,150000000,224250000,57000000,540000000,5000000.0,4950000.0,98,,6.0
駒場東大前駅,2024,land,5,160000000,145000000,110000000,480000000,4100000.0,3625000.0,105,,7.0
駒場東大前駅,2025,land,7,160000000,143166667,69000000,530000000,3800000.0,4442857.0,130,,4.0
駒場東大前駅,2021,mansion,31,61000000,63226667,9800000,330000000,3360881.0,3501106.0,60,2004.0,7.0
駒場東大前駅,2022,mansion,30,87500000,87533333,12000000,150000000,4137741.0,4005808.0,72,2007.0,6.0
駒場東大前駅,2023,mansion,30,70500000,71300000,16000000,140000000,4090909.0,3994559.0,60,2005.0,5.0
駒場東大前駅,2024,mansion,30,110000000,106275862,4200000,150000000,4722550.0,4922515.0,70,2007.0,8.0
駒場東大前駅,2025,mansion,31,96000000,103193548,12000000,200000000,4848485.0,4911158.0,60,2007.0,7.0
駒沢大学駅,2021,house,66,89000000,93721311,25000000,1200000000,2990948.0,2899521.0,90,2010.0,10.0
駒沢大学駅,2022,house,44,110000000,101578947,30000000,790000000,3030303.0,3078952.0,98,2007.0,12.0
駒沢大学駅,2023,house,52,125000000,145729167,50000000,650000000,3046353.0,2992236.0,105,2005.0,10.0
駒沢大学駅,2024,house,72,100000000,105377049,40000000,2400000000,3305785.0,3244573.0,95,2003.0,11.0
駒沢大学駅,2025,house,53,130000000,161333333,18000000,740000000,3438016.0,3338619.0,100,2007.0,10.0
駒沢大学駅,2021,land,15,80000000,84384615,39000000,760000000,2800000.0,2578571.0,95,,8.0
駒沢大学駅,2022,land,16,100000000,99500000,22000000,180000000,2950000.0,3043750.0,92,,13.0
駒沢大学駅,2023,land,5,130000000,122250000,89000000,320000000,3500000.0,3500000.0,115,,9.0
駒沢大学駅,2024,land,16,115000000,174666667,43000000,630000000,3800000.0,3612500.0,110,,10.0
駒沢大学駅,2025,land,22,145000000,160681818,67000000,330000000,3750000.0,3881818.0,120,,9.0
駒沢大学駅,2021,mansion,134,44000000,45315672,1200000,110000000,2947466.0,3066815.0,50,1999.0,8.0
駒沢大学駅,2022,mansion,130,36000000,46386719,5500000,150000000,3211334.0,3177925.0,45,1998.0,8.0
駒沢大学駅,2023,mansion,154,53000000,53820395,8500000,200000000,3190583.0,3221248.0,55,1997.0,8.0
駒沢大学駅,2024,mansion,149,51000000,61275168,9000000,160000000,3636364.0,3656764.0,55,2000.0,8.0
駒沢大学駅,2025,mansion,159,64000000,72049686,7200000,180000000,3966942.0,4128990.0,60,2001.0,8.0
駒込駅,2021,house,19,71000000,62000000,26000000,610000000,2366246.0,2182505.0,60,1999.0,8.0
駒込駅,2022,house,23,130000000,149571429,30000000,1300000000,2809917.0,2759750.0,95,1992.0,8.0
駒込駅,2023,house,24,93000000,92200000,23000000,750000000,2492053.0,2421947.0,80,1991.0,9.0
駒込駅,2024,house,28,105000000,112538462,20000000,870000000,2765840.0,2664116.0,80,2004.0,8.0
駒込駅,2025,house,30,105000000,91346154,10000000,590000000,2993120.0,3017422.0,70,2002.0,9.0
駒込駅,2021,land,8,83000000,81857143,30000000,320000000,2750000.0,2557143.0,105,,8.0
駒込駅,2022,land,7,85000000,97428571,48000000,160000000,3100000.0,3485714.0,100,,8.0
駒込駅,2023,land,13,85000000,88500000,45000000,220000000,4200000.0,4292308.0,80,,7.0
駒込駅,2024,land,19,160000000,173166667,30000000,570000000,4700000.0,4300000.0,140,,9.0
駒込駅,2025,land,11,96000000,74444444,23000000,460000000,4000000.0,3490000.0,75,,7.0
駒込駅,2021,mansion,127,40000000,43342520,9000000,120000000,3261708.0,3150308.0,45,2007.0,6.0
駒込駅,2022,mansion,130,37000000,45261538,9000000,120000000,3448188.0,3350677.0,35,2006.0,6.0
駒込駅,2023,mansion,134,46000000,49888060,7000000,130000000,3478587.0,3377914.0,50,2005.0,6.0
駒込駅,2024,mansion,126,38000000,45968333,8200000,160000000,3510429.0,3439421.0,40,2007.0,6.0
駒込駅,2025,mansion,160,46000000,54354839,4000000,200000000,3966942.0,3883549.0,45,2005.0,6.0
高井戸駅,2021,house,37,77000000,74454545,25000000,1300000000,2619835.0,2603443.0,115,2014.0,10.0
高井戸駅,2022,house,11,80000000,86545455,57000000,140000000,2691854.0,2829914.0,100,2013.0,10.0
高井戸駅,2023,house,32,76500000,74384615,20000000,570000000,2436929.0,2635498.0,100,2010.0,12.0
高井戸駅,2024,house,33,85000000,77259259,27000000,400000000,2975207.0,2999985.0,100,2017.0,10.0
高井戸駅,2025,house,41,85000000,83000000,20000000,190000000,2957808.0,2888476.0,105,2022.0,11.0
高井戸駅,2021,land,7,56000000,55333333,41000000,200000000,1800000.0,1928571.0,75,,10.0
高井戸駅,2022,land,10,145000000,123555556,54000000,520000000,2250000.0,2300000.0,190,,10.0
高井戸駅,2023,land,7,71000000,98166667,60000000,6600000000,2000000.0,1883333.0,135,,13.0
高井戸駅,2024,land,4,66000000,69000000,54000000,75000000,1950000.0,2025000.0,105,,8.0
高井戸駅,2025,land,9,80000000,109000000,49000000,400000000,2100000.0,2114286.0,135,,11.0
高井戸駅,2021,mansion,93,48000000,43978495,7600000,110000000,2710744.0,2723890.0,65,2000.0,7.0
高井戸駅,2022,mansion,97,44000000,42452083,7200000,120000000,2764838.0,2736178.0,55,2000.0,9.0
高井戸駅,2023,mansion,99,55000000,50734694,2100000,150000000,3041322.0,2964011.0,60,2002.0,7.0
高井戸駅,2024,mansion,75,55000000,54750000,8500000,150000000,3250689.0,3160869.0,60,2003.0,7.0
高井戸駅,2025,mansion,93,40000000,47109783,5500000,130000000,3305785.0,3160313.0,55,2002.0,7.0
高円寺駅,2021,house,53,70000000,62271739,8500000,780000000,2353719.0,2299961.0,80,2011.0,10.0
高円寺駅,2022,house,45,68000000,65027778,13000000,1000000000,2331448.0,2188467.0,85,2002.0,10.0
高円寺駅,2023,house,40,60000000,67421053,11000000,450000000,2186904.0,2154204.0,72,1995.0,10.0
高円寺駅,2024,house,57,85000000,88943396,23000000,690000000,2699261.0,2677746.0,80,2006.0,10.0
高円寺駅,2025,house,44,89500000,80228571,15000000,1000000000,2800438.0,2918563.0,82,2005.0,10.0
高円寺駅,2021,land,19,86000000,83937500,34000000,390000000,2500000.0,2293750.0,120,,8.0
高円寺駅,2022,land,8,72000000,73714286,34000000,230000000,3000000.0,2825000.0,102,,8.0
高円寺駅,2023,land,11,68000000,76000000,41000000,400000000,2600000.0,2863636.0,90,,10.0
高円寺駅,2024,land,15,63000000,85000000,30000000,400000000,2600000.0,2720000.0,75,,9.0
高円寺駅,2025,land,16,72000000,67000000,26000000,1100000000,2600000.0,2780000.0,92,,8.0
高円寺駅,2021,mansion,102,28000000,32952475,4000000,86000000,2962492.0,2927704.0,40,2002.0,7.0
高円寺駅,2022,mansion,92,23000000,29490110,7800000,77000000,3166207.0,3075025.0,28,2000.0,7.0
高円寺駅,2023,mansion,97,28000000,36198969,6700000,80000000,3116883.0,3056711.0,35,1999.0,8.0
高円寺駅,2024,mansion,84,33000000,36425926,5500000,120000000,3305785.0,3317421.0,35,1998.0,8.0
高円寺駅,2025,mansion,112,34000000,38741071,7500000,93000000,3400236.0,3306706.0,35,1998.0,8.0
高尾山口駅,2021,house,1,43000000,43000000,43000000,43000000,836169.0,836169.0,240,1991.0,5.0
高尾山口駅,2023,house,1,25000000,25000000,25000000,25000000,1033058.0,1033058.0,185,1973.0,9.0
高尾山口駅,2025,house,1,41000000,41000000,41000000,41000000,1042594.0,1042594.0,345,2001.0,20.0
高尾山口駅,2024,land,2,46500000,46500000,1000000,92000000,47500.0,47500.0,1080,,14.0
高尾山口駅,2025,land,1,22000000,22000000,22000000,22000000,310000.0,310000.0,230,,9.0
高尾駅,2021,house,95,23000000,22730000,800000,230000000,628099.0,723648.0,160,2000.0,15.0
高尾駅,2022,house,84,26000000,25652439,7000000,2300000000,824646.0,813466.0,155,1998.0,20.0
高尾駅,2023,house,103,24000000,24484466,1000000,59000000,796868.0,789727.0,165,2002.0,20.0
高尾駅,2024,house,102,26000000,27126000,3000000,160000000,755608.0,828429.0,155,2004.0,15.0
高尾駅,2025,house,142,27000000,26250360,2000000,350000000,859504.0,869396.0,155,2006.0,20.0
高尾駅,2021,land,21,19000000,18530000,800000,100000000,330000.0,312053.0,150,,19.0
高尾駅,2022,land,28,15000000,14776786,350000,40000000,230000.0,224678.0,188,,20.0
高尾駅,2023,land,23,16000000,19934783,2000000,56000000,220000.0,321261.0,155,,14.0
高尾駅,2024,land,45,21000000,20277907,150000,140000000,300000.0,286660.0,190,,15.0
高尾駅,2025,land,32,19500000,20565517,1500000,100000000,305000.0,356839.0,200,,18.0
高尾駅,2021,mansion,36,18000000,21722222,6800000,46000000,870523.0,1058106.0,70,1992.0,6.0
高尾駅,2022,mansion,26,17500000,18724000,5000000,42000000,891560.0,927300.0,70,1984.0,9.0
高尾駅,2023,mansion,45,26000000,29755556,11000000,61000000,1180638.0,1340259.0,75,1999.0,6.0
高尾駅,2024,mansion,24,25000000,23538095,8300000,64000000,1271456.0,1245151.0,70,2000.0,8.0
高尾駅,2025,mansion,27,21000000,19673913,2000000,50000000,1021788.0,993885.0,70,1996.0,9.0
高島平駅,2021,house,16,50000000,51538462,34000000,600000000,1611135.0,1548246.0,70,2021.0,14.0
高島平駅,2022,house,12,51000000,52600000,5000000,190000000,1580578.0,1538107.0,75,2009.0,16.0
高島平駅,2023,house,9,47000000,38285714,15000000,1000000000,1611570.0,1493749.0,65,1989.0,9.0
高島平駅,2024,house,15,63000000,96333333,24000000,230000000,1395776.0,1549926.0,105,2023.0,12.0
高島平駅,2025,house,20,55000000,55117647,21000000,350000000,1740974.0,1658495.0,85,2008.0,14.0
高島平駅,2021,land,2,72000000,72000000,24000000,120000000,1200000.0,1200000.0,208,,8.0
高島平駅,2024,land,2,75000000,75000000,50000000,100000000,1000000.0,1000000.0,248,,14.0
高島平駅,2025,land,1,90000000,90000000,90000000,90000000,1900000.0,1900000.0,160,,14.0
高島平駅,2021,mansion,48,23000000,25039583,5500000,54000000,1500626.0,1502658.0,60,1996.0,9.0
高島平駅,2022,mansion,40,21500000,23020000,3000000,47000000,1514188.0,1658354.0,55,1994.0,8.0
高島平駅,2023,mansion,56,21000000,20747170,6000000,49000000,1663912.0,1852244.0,55,1992.0,7.0
高島平駅,2024,mansion,60,23000000,24235714,4000000,50000000,1662338.0,1825781.0,55,1996.0,7.0
高島平駅,2025,mansion,81,24000000,23902532,6400000,53000000,1780038.0,1945944.0,55,1994.0,6.0
高幡不動駅,2021,house,60,37000000,34338983,12000000,140000000,1215021.0,1164397.0,120,2010.0,15.0
高幡不動駅,2022,house,39,42000000,40810811,15000000,66000000,1285583.0,1225710.0,130,2008.0,14.0
高幡不動駅,2023,house,47,41000000,37909091,12000000,170000000,1256198.0,1168245.0,130,2007.0,15.0
高幡不動駅,2024,house,22,38000000,39526316,3000000,82000000,1210744.0,1243462.0,130,2008.0,15.0
高幡不動駅,2025,house,41,39000000,36648649,11000000,390000000,1175390.0,1192865.0,135,2006.0,15.0
高幡不動駅,2021,land,10,33500000,28222222,7500000,120000000,775000.0,670000.0,145,,10.0
高幡不動駅,2022,land,11,23000000,26620000,1200000,96000000,470000.0,464382.0,160,,13.0
高幡不動駅,2023,land,7,31000000,34142857,3000000,78000000,820000.0,682857.0,130,,11.0
高幡不動駅,2024,land,3,38000000,51000000,30000000,85000000,790000.0,1160000.0,145,,13.0
高幡不動駅,2025,land,7,52000000,60714286,23000000,120000000,890000.0,1114286.0,190,,3.0
高幡不動駅,2021,mansion,53,11000000,15152830,2400000,45000000,727273.0,860938.0,50,1983.0,12.0
高幡不動駅,2022,mansion,46,13500000,14073913,1400000,30000000,821724.0,781532.0,58,1973.0,13.0
高幡不動駅,2023,mansion,57,15000000,17357895,1100000,50000000,966306.0,950204.0,55,1986.0,12.0
高幡不動駅,2024,mansion,50,21000000,19446000,300000,55000000,868659.0,980708.0,65,1990.0,12.0
高幡不動駅,2025,mansion,44,23500000,21063636,500000,41000000,1108815.0,1071632.0,65,1995.0,10.0
高松駅,2021,house,1,29000000,29000000,29000000,29000000,1127856.0,1127856.0,105,1994.0,15.0
高松駅,2022,house,1,40000000,40000000,40000000,40000000,2034329.0,2034329.0,155,1959.0,4.0
高松駅,2023,house,2,49000000,49000000,47000000,51000000,1619835.0,1619835.0,118,2000.0,12.0
高松駅,2025,house,3,49000000,49666667,40000000,60000000,1705089.0,1694246.0,55,2025.0,5.0
高松駅,2022,land,2,39500000,39500000,34000000,45000000,1700000.0,1700000.0,75,,3.0
高松駅,2021,mansion,6,56500000,55833333,44000000,65000000,2387345.0,2384202.0,78,2006.0,3.0
高松駅,2022,mansion,5,60000000,54800000,40000000,63000000,2450170.0,2412818.0,80,2006.0,3.0
高松駅,2023,mansion,5,62000000,63250000,14000000,72000000,2411278.0,2477213.0,85,2006.0,11.0
高松駅,2024,mansion,9,55000000,54000000,11000000,65000000,2512397.0,2540403.0,70,2006.0,3.0
高松駅,2025,mansion,1,45000000,45000000,45000000,45000000,1983471.0,1983471.0,75,2008.0,13.0
高田馬場駅,2021,house,15,68000000,77166667,21000000,770000000,2718090.0,2752586.0,70,2009.0,8.0
高田馬場駅,2022,house,18,105000000,120000000,39000000,1300000000,2510184.0,2640387.0,82,1996.0,9.0
高田馬場駅,2023,house,14,109500000,114250000,52000000,1200000000,2793388.0,2923667.0,82,1992.0,7.0
高田馬場駅,2024,house,12,150000000,171600000,76000000,8600000000,4031445.0,3960991.0,115,1998.0,6.0
高田馬場駅,2025,house,22,96000000,90555556,27000000,1800000000,3489440.0,3614914.0,65,2013.0,10.0
高田馬場駅,2021,land,8,80500000,76285714,24000000,1100000000,3000000.0,3014286.0,85,,8.0
高田馬場駅,2022,land,5,140000000,152750000,61000000,700000000,3000000.0,3033333.0,230,,10.0
高田馬場駅,2023,land,6,135000000,190600000,63000000,4900000000,3850000.0,3820000.0,108,,10.0
高田馬場駅,2024,land,9,340000000,325888889,35000000,640000000,4100000.0,4175000.0,250,,6.0
高田馬場駅,2025,land,6,235000000,254000000,120000000,1100000000,6350000.0,5500000.0,195,,5.0
高田馬場駅,2021,mansion,122,43000000,42622951,9000000,100000000,3158659.0,3123946.0,45,2000.0,7.0
高田馬場駅,2022,mansion,104,40000000,42712871,10000000,150000000,3157025.0,3215289.0,45,1999.0,7.0
高田馬場駅,2023,mansion,114,35000000,44292793,2500000,150000000,3305785.0,3253877.0,45,2000.0,7.0
高田馬場駅,2024,mansion,131,48000000,52195312,13000000,180000000,3719008.0,3640218.0,45,2001.0,7.0
高田馬場駅,2025,mansion,139,46000000,51455224,10000000,240000000,3599633.0,3854157.0,45,1999.0,7.0
高輪ゲートウェイ駅,2021,house,1,84000000,84000000,84000000,84000000,3471074.0,3471074.0,50,1999.0,10.0
高輪ゲートウェイ駅,2025,house,2,1440000000,1440000000,180000000,2700000000,15329768.0,15329768.0,388,1996.0,8.0
高輪ゲートウェイ駅,2021,mansion,5,49000000,38250000,24000000,140000000,2492053.0,3393334.0,45,1985.0,7.0
高輪ゲートウェイ駅,2022,mansion,4,47500000,49500000,28000000,75000000,3236914.0,3395317.0,50,1971.0,8.0
高輪ゲートウェイ駅,2023,mansion,8,85000000,88250000,34000000,150000000,4628099.0,4341743.0,60,1998.0,8.0
高輪ゲートウェイ駅,2024,mansion,6,30000000,27600000,19000000,140000000,3030303.0,2829122.0,35,1976.0,8.0
高輪ゲートウェイ駅,2025,mansion,4,96500000,116750000,34000000,240000000,5123967.0,5917355.0,65,2002.0,8.0
高輪台駅,2021,house,5,540000000,392000000,60000000,630000000,3496503.0,3113659.0,220,1994.0,3.0
高輪台駅,2022,house,6,315000000,321800000,79000000,1400000000,4537583.0,4508206.0,155,2013.0,4.0
高輪台駅,2023,house,6,74000000,153833333,57000000,360000000,2844135.0,2886047.0,50,1999.0,5.0
高輪台駅,2024,house,6,235000000,232000000,130000000,1400000000,5461732.0,4616481.0,130,1991.0,4.0
高輪台駅,2025,house,9,180000000,185714286,110000000,1200000000,4666991.0,4551274.0,115,1997.0,7.0
高輪台駅,2021,land,3,440000000,436666667,210000000,660000000,5200000.0,5866667.0,185,,3.0
高輪台駅,2022,land,1,230000000,230000000,230000000,230000000,7500000.0,7500000.0,100,,6.0
高輪台駅,2023,land,3,87000000,98666667,79000000,130000000,4400000.0,4600000.0,65,,7.0
高輪台駅,2024,land,1,110000000,110000000,110000000,110000000,4000000.0,4000000.0,90,,5.0
高輪台駅,2025,land,5,260000000,258000000,180000000,330000000,5600000.0,6400000.0,105,,5.0
高輪台駅,2021,mansion,85,66000000,73325301,7000000,560000000,4462810.0,4335136.0,55,2005.0,4.0
高輪台駅,2022,mansion,90,85000000,84952941,23000000,440000000,4943651.0,4821881.0,60,2005.0,4.0
高輪台駅,2023,mansion,77,77000000,80689189,25000000,330000000,4793388.0,4857132.0,55,2005.0,5.0
高輪台駅,2024,mansion,72,99000000,103253521,15000000,300000000,6071625.0,5673572.0,55,2005.0,4.0
高輪台駅,2025,mansion,76,99000000,108921053,14000000,290000000,5917355.0,6091683.0,55,2005.0,5.0
高野駅,2021,house,16,39000000,38272727,15000000,89000000,1258560.0,1228104.0,75,2017.0,12.0
高野駅,2022,house,7,40000000,37000000,7700000,70000000,1361206.0,1132375.0,65,2002.0,13.0
高野駅,2023,house,15,41000000,44600000,12000000,100000000,1477880.0,1468720.0,65,2018.0,10.0
高野駅,2024,house,14,45000000,44700000,9000000,320000000,1477880.0,1520397.0,80,2024.0,10.0
高野駅,2025,house,26,43000000,42434783,4900000,220000000,1444403.0,1363517.0,82,2017.0,10.0
高野駅,2021,land,1,4800000,4800000,4800000,4800000,130000.0,130000.0,120,,11.0
高野駅,2022,land,2,67000000,67000000,63000000,71000000,900000.0,900000.0,250,,10.0
高野駅,2023,land,8,51500000,69912500,4300000,200000000,755000.0,786250.0,170,,10.0
高野駅,2025,land,5,20000000,51800000,10000000,120000000,750000.0,852000.0,90,,12.0
高野駅,2021,mansion,1,41000000,41000000,41000000,41000000,1807162.0,1807162.0,75,2015.0,1.0
高野駅,2022,mansion,4,31000000,31250000,25000000,38000000,1514188.0,1506405.0,70,2011.0,2.0
高野駅,2023,mansion,4,25500000,27500000,14000000,45000000,1294766.0,1336088.0,65,1998.0,10.0
高野駅,2024,mansion,3,29000000,31333333,29000000,36000000,1369540.0,1574183.0,70,2007.0,12.0
高野駅,2025,mansion,6,35500000,34666667,28000000,39000000,1504618.0,1560077.0,75,2007.0,13.0
高麗駅,2025,house,1,9800000,9800000,9800000,9800000,539945.0,539945.0,50,1997.0,15.0
鬼子母神前駅,2021,house,1,59000000,59000000,59000000,59000000,2294604.0,2294604.0,65,2014.0,5.0
鮫洲駅,2021,house,6,63000000,69000000,15000000,110000000,2534898.0,2553956.0,55,2011.0,5.0
鮫洲駅,2022,house,1,70000000,70000000,70000000,70000000,2892562.0,2892562.0,50,2009.0,5.0
鮫洲駅,2023,house,4,117500000,103666667,76000000,780000000,2665956.0,2953313.0,110,2008.0,2.0
鮫洲駅,2024,house,5,110000000,102000000,32000000,180000000,3051494.0,2753416.0,70,2018.0,4.0
鮫洲駅,2025,house,3,75000000,226666667,75000000,530000000,3305785.0,3236914.0,80,2024.0,5.0
鮫洲駅,2022,land,1,220000000,220000000,220000000,220000000,3000000.0,3000000.0,250,,8.0
鮫洲駅,2023,land,2,84000000,84000000,48000000,120000000,2750000.0,2750000.0,108,,4.0
鮫洲駅,2024,land,2,64000000,64000000,59000000,69000000,3100000.0,3100000.0,68,,4.0
鮫洲駅,2025,land,3,140000000,146666667,50000000,250000000,3700000.0,3933333.0,90,,2.0
鮫洲駅,2021,mansion,27,50000000,46777778,18000000,85000000,3438016.0,3253165.0,60,2007.0,6.0
鮫洲駅,2022,mansion,22,56000000,55500000,18000000,85000000,2966507.0,3089175.0,62,2002.0,4.0
鮫洲駅,2023,mansion,37,59000000,54972973,19000000,100000000,3250689.0,3302327.0,60,2002.0,6.0
鮫洲駅,2024,mansion,21,53000000,62952381,12000000,140000000,3636364.0,3637197.0,55,2005.0,6.0
鮫洲駅,2025,mansion,29,85000000,77750000,18000000,170000000,4297520.0,4446076.0,65,2002.0,4.0
鳩ノ巣駅,2021,house,2,1800000,1800000,1600000,2000000,58770.0,58770.0,140,1981.0,8.0
鳩ノ巣駅,2021,land,1,3000000,3000000,3000000,3000000,62000.0,62000.0,160,,12.0
鵜の木駅,2021,house,12,52500000,52909091,25000000,650000000,2085793.0,1780433.0,62,2015.0,6.0
鵜の木駅,2022,house,15,60000000,75071429,22000000,230000000,2139037.0,2234944.0,80,1997.0,5.0
鵜の木駅,2023,house,14,68500000,50800000,9800000,960000000,2061524.0,2021389.0,82,1992.0,6.0
鵜の木駅,2024,house,9,64000000,66571429,20000000,330000000,2326293.0,2216474.0,80,2003.0,5.0
鵜の木駅,2025,house,12,70000000,65666667,25000000,110000000,2503214.0,2416903.0,75,2024.0,7.0
鵜の木駅,2021,land,5,50000000,50000000,27000000,70000000,1900000.0,1920000.0,80,,4.0
鵜の木駅,2022,land,6,61500000,88833333,38000000,190000000,2200000.0,2366667.0,88,,4.0
鵜の木駅,2023,land,6,44000000,43000000,16000000,140000000,2300000.0,2360000.0,62,,5.0
鵜の木駅,2024,land,6,65000000,58833333,32000000,77000000,2150000.0,2050000.0,92,,6.0
鵜の木駅,2025,land,7,77000000,75857143,38000000,120000000,2500000.0,2614286.0,125,,4.0
鵜の木駅,2021,mansion,62,40000000,43225806,12000000,93000000,2518407.0,2531137.0,55,2004.0,5.0
鵜の木駅,2022,mansion,70,42000000,43621429,7800000,80000000,2560910.0,2717495.0,55,2004.0,4.0
鵜の木駅,2023,mansion,55,50000000,52472727,1000000,120000000,2746344.0,2826592.0,65,2002.0,6.0
鵜の木駅,2024,mansion,67,53000000,52805970,19000000,94000000,3041322.0,2961590.0,60,2004.0,5.0
鵜の木駅,2025,mansion,75,48000000,52160000,12000000,110000000,2800194.0,2856400.0,65,2003.0,6.0
鶯谷駅,2021,house,13,80000000,91000000,28000000,1200000000,2157460.0,2364730.0,85,1993.0,6.0
鶯谷駅,2022,house,7,180000000,177857143,20000000,330000000,2644628.0,2294304.0,95,1990.0,6.0
鶯谷駅,2023,house,14,115000000,149846154,51000000,710000000,2468936.0,2254803.0,82,2012.0,5.0
鶯谷駅,2024,house,22,83500000,110315789,55000000,4300000000,2683655.0,2545341.0,70,2014.0,6.0
鶯谷駅,2025,house,9,97000000,80714286,40000000,650000000,3479774.0,3433266.0,60,2012.0,10.0
鶯谷駅,2021,land,11,64000000,180700000,49000000,1500000000,3600000.0,3930000.0,75,,5.0
鶯谷駅,2022,land,5,120000000,112500000,73000000,890000000,3000000.0,2550000.0,145,,8.0
鶯谷駅,2023,land,9,110000000,180750000,31000000,1700000000,3400000.0,3925000.0,105,,5.0
鶯谷駅,2024,land,7,63000000,122142857,25000000,320000000,3100000.0,3442857.0,100,,7.0
鶯谷駅,2025,land,5,130000000,111500000,70000000,330000000,4400000.0,5060000.0,85,,9.0
鶯谷駅,2021,mansion,49,33000000,34953191,9800000,88000000,3041322.0,2805678.0,45,2012.0,4.0
鶯谷駅,2022,mansion,55,38000000,38222222,11000000,89000000,3000636.0,3028668.0,40,2008.0,5.0
鶯谷駅,2023,mansion,53,36000000,37949057,7900000,68000000,3305785.0,3173355.0,35,2012.0,5.0
鶯谷駅,2024,mansion,41,44000000,43463415,14000000,75000000,3379247.0,3308185.0,45,2014.0,6.0
鶯谷駅,2025,mansion,67,39000000,44704478,7600000,110000000,3140496.0,3155072.0,50,2010.0,5.0
鶴川駅,2021,house,163,37000000,36339744,8900000,330000000,1127856.0,1103370.0,160,2005.0,18.0
鶴川駅,2022,house,158,39000000,39120915,2000000,700000000,1157025.0,1153613.0,165,2004.0,20.0
鶴川駅,2023,house,151,40000000,39835714,3000000,5100000000,1231970.0,1210650.0,145,2007.0,20.0
鶴川駅,2024,house,153,35000000,35794366,700000,130000000,1057851.0,1074987.0,160,2004.0,20.0
鶴川駅,2025,house,214,40000000,40115385,5500000,180000000,1192626.0,1198255.0,158,2012.0,20.0
鶴川駅,2021,land,35,32000000,31454839,6000000,220000000,430000.0,411200.0,250,,18.0
鶴川駅,2022,land,35,29000000,27710968,740000,160000000,540000.0,470265.0,190,,18.0
鶴川駅,2023,land,53,30000000,31246192,1000,110000000,500000.0,477633.0,190,,14.0
鶴川駅,2024,land,25,36000000,31100000,13000000,330000000,560000.0,574583.0,200,,18.0
鶴川駅,2025,land,29,32000000,29604000,4100000,100000000,590000.0,568000.0,180,,21.0
鶴川駅,2021,mansion,69,17000000,17975000,3000000,49000000,802834.0,877869.0,65,1991.0,13.0
鶴川駅,2022,mansion,63,17000000,18322222,2000000,49000000,850059.0,941241.0,60,1989.0,19.0
鶴川駅,2023,mansion,65,21000000,18929231,3200000,44000000,816723.0,869598.0,70,1991.0,16.0
鶴川駅,2024,mansion,56,14000000,16114286,1000000,47000000,679522.0,812062.0,65,1969.0,18.0
鶴川駅,2025,mansion,60,12000000,15918644,2500000,46000000,578512.0,808904.0,65,1988.0,17.0
鷹の台駅,2021,house,55,39000000,38220000,20000000,150000000,1395776.0,1412955.0,120,2021.0,12.0
鷹の台駅,2022,house,48,41000000,41364583,9500000,59000000,1392103.0,1436185.0,120,2014.0,15.0
鷹の台駅,2023,house,39,40000000,37500000,11000000,170000000,1322314.0,1330261.0,120,2011.0,10.0
鷹の台駅,2024,house,43,45000000,44150000,8500000,370000000,1520661.0,1448098.0,120,2015.0,14.0
鷹の台駅,2025,house,71,45000000,43400000,25000000,70000000,1652892.0,1620458.0,110,2025.0,10.0
鷹の台駅,2021,land,19,29000000,27155556,7800000,390000000,690000.0,676842.0,120,,11.0
鷹の台駅,2022,land,4,30500000,29000000,26000000,47000000,915000.0,907500.0,118,,10.0
鷹の台駅,2023,land,13,40000000,42000000,14000000,550000000,890000.0,924615.0,125,,13.0
鷹の台駅,2024,land,11,30000000,28000000,10000000,1100000000,770000.0,773636.0,125,,11.0
鷹の台駅,2025,land,10,36500000,34250000,18000000,1100000000,815000.0,798000.0,135,,8.0
鷹の台駅,2021,mansion,6,24000000,22800000,21000000,35000000,903581.0,899433.0,82,1991.0,18.0
鷹の台駅,2022,mansion,5,40000000,41250000,24000000,44000000,1711230.0,1574428.0,80,2001.0,3.0
鷹の台駅,2023,mansion,13,38000000,39454545,16000000,44000000,1674931.0,1697645.0,80,2001.0,3.0
鷹の台駅,2024,mansion,9,30000000,31222222,19000000,42000000,1239669.0,1229635.0,85,2001.0,15.0
鷹の台駅,2025,mansion,5,41000000,42200000,36000000,50000000,1830896.0,1824869.0,75,2001.0,2.0
鷺ノ宮駅,2021,house,42,72000000,70263158,14000000,310000000,2222222.0,2244034.0,100,2020.0,10.0
鷺ノ宮駅,2022,house,35,62000000,60366667,17000000,380000000,2057851.0,2150664.0,100,1998.0,10.0
鷺ノ宮駅,2023,house,36,75500000,74571429,25000000,700000000,2238918.0,2250859.0,90,2023.0,10.0
鷺ノ宮駅,2024,house,44,67500000,63486486,16000000,420000000,2713572.0,2530618.0,85,2023.0,10.0
鷺ノ宮駅,2025,house,54,77500000,85207547,42000000,250000000,2865014.0,2842614.0,95,2024.0,10.0
鷺ノ宮駅,2021,land,8,49500000,57857143,30000000,200000000,1500000.0,1376250.0,138,,9.0
鷺ノ宮駅,2022,land,6,55500000,55200000,22000000,1500000000,1450000.0,1563333.0,95,,7.0
鷺ノ宮駅,2023,land,11,70000000,80700000,31000000,850000000,2100000.0,2040000.0,125,,8.0
鷺ノ宮駅,2024,land,13,73000000,86250000,16000000,680000000,1800000.0,1844444.0,140,,9.0
鷺ノ宮駅,2025,land,14,70000000,65416667,52000000,520000000,2200000.0,2300000.0,108,,9.0
鷺ノ宮駅,2021,mansion,50,33000000,36560000,17000000,74000000,2809917.0,2804920.0,45,2009.0,8.0
鷺ノ宮駅,2022,mansion,45,43000000,44300000,8500000,77000000,2404207.0,2443298.0,65,2005.0,7.0
鷺ノ宮駅,2023,mansion,56,38500000,44732143,12000000,88000000,3008264.0,2877183.0,65,2009.0,9.0
鷺ノ宮駅,2024,mansion,44,42500000,45047727,8100000,93000000,2670057.0,2770255.0,62,2000.0,8.0
鷺ノ宮駅,2025,mansion,77,37000000,43597403,14000000,100000000,3099173.0,3135451.0,50,2009.0,8.0
麹町駅,2022,house,2,400000000,400000000,260000000,540000000,4824659.0,4824659.0,82,2000.0,4.0
麹町駅,2023,house,2,710000000,710000000,320000000,1100000000,5513092.0,5513092.0,188,1986.0,2.0
麹町駅,2024,house,2,3450000000,3450000000,2000000000,4900000000,5886134.0,5886134.0,440,2005.0,4.0
麹町駅,2025,house,1,210000000,210000000,210000000,210000000,3966942.0,3966942.0,50,1979.0,2.0
麹町駅,2021,mansion,32,65000000,73656250,12000000,150000000,4380165.0,4326732.0,50,1999.0,2.0
麹町駅,2022,mansion,36,68500000,74406250,14000000,370000000,4269972.0,5109177.0,50,1988.0,2.0
麹町駅,2023,mansion,33,45000000,72062500,12000000,330000000,4297521.0,4854628.0,40,1999.0,2.0
麹町駅,2024,mansion,35,38000000,54593750,15000000,370000000,4407713.0,5321039.0,30,1979.0,3.0
麹町駅,2025,mansion,32,76000000,105290323,16000000,450000000,5860255.0,7073191.0,35,1997.0,3.0
麻布十番駅,2021,house,7,280000000,295714286,90000000,500000000,4207363.0,3722169.0,155,1999.0,4.0
麻布十番駅,2022,house,17,210000000,271714286,62000000,2300000000,5428447.0,5521750.0,105,1997.0,4.0
麻布十番駅,2023,house,7,820000000,665000000,110000000,3500000000,5212969.0,5357275.0,135,1982.0,5.0
麻布十番駅,2024,house,16,635000000,755333333,140000000,3600000000,5459554.0,6219153.0,165,1987.0,8.0
麻布十番駅,2025,house,13,260000000,300000000,140000000,2400000000,6611570.0,5917675.0,65,1999.0,6.0
麻布十番駅,2021,land,3,440000000,460000000,150000000,790000000,10000000.0,10000000.0,140,,5.0
麻布十番駅,2022,land,2,455000000,455000000,210000000,700000000,5050000.0,5050000.0,278,,8.0
麻布十番駅,2023,land,1,540000000,540000000,540000000,540000000,6500000.0,6500000.0,270,,7.0
麻布十番駅,2025,land,5,130000000,464600000,83000000,1100000000,7100000.0,11120000.0,90,,4.0
麻布十番駅,2021,mansion,172,78000000,87000000,10000000,620000000,4793388.0,5191277.0,60,2001.0,4.0
麻布十番駅,2022,mansion,202,72000000,96157895,17000000,550000000,4991735.0,5500845.0,50,2002.0,5.0
麻布十番駅,2023,mansion,183,85000000,97889535,15000000,650000000,5344352.0,5706523.0,55,2002.0,5.0
麻布十番駅,2024,mansion,180,87500000,103695652,18000000,1100000000,5950413.0,6490297.0,55,2001.0,5.0
麻布十番駅,2025,mansion,230,110000000,150403846,12000000,1200000000,6611570.0,8933502.0,58,2003.0,5.0
黒川駅,2021,house,4,33000000,33250000,32000000,35000000,1113528.0,1136726.0,125,1998.0,15.0
黒川駅,2022,house,2,33500000,33500000,27000000,40000000,1035813.0,1035813.0,125,2011.0,24.0
黒川駅,2023,house,3,41000000,43333333,39000000,50000000,1355372.0,1412042.0,140,2023.0,26.0
黒川駅,2025,house,2,56000000,56000000,32000000,80000000,1705842.0,1705842.0,282,1988.0,20.0
黒川駅,2021,land,1,3400000,3400000,3400000,3400000,11000.0,11000.0,1000,,
黒川駅,2023,land,1,21000000,21000000,21000000,21000000,130000.0,130000.0,540,,
黒川駅,2025,land,1,20000000,20000000,20000000,20000000,650000.0,650000.0,100,,23.0
黒川駅,2022,mansion,1,26000000,26000000,26000000,26000000,781367.0,781367.0,110,,20.0
黒川駅,2024,mansion,1,20000000,20000000,20000000,20000000,629673.0,629673.0,105,,18.0
黒川駅,2025,mansion,1,18000000,18000000,18000000,18000000,595041.0,595041.0,100,1997.0,
