station,pt_n,price_median,yoy_median,resi_n,resi_price_median,comm_n,comm_price_median,points_json
お花茶屋駅,5,1302479,5.6,3,1302479,2,1504132,"[{""addr"":""東京都葛飾区お花茶屋１丁目５３０番１６"",""use"":""1住居"",""price"":434000,""tsubo"":1434711,""yoy"":5.6,""dist"":220,""far"":200.0,""kind"":""公示"",""asof"":""2026-01-01""},{""addr"":""東京都葛飾区お花茶屋一丁目５４３番５"",""use"":""商業"",""price"":572000,""tsubo"":1890909,""yoy"":11.9,""dist"":250,""far"":400.0,""kind"":""基準"",""asof"":""2026-07-01""},{""addr"":""東京都葛飾区お花茶屋３丁目３９６番１２"",""use"":""1住居"",""price"":394000,""tsubo"":1302479,""yoy"":5.1,""dist"":700,""far"":200.0,""kind"":""公示"",""asof"":""2026-01-01""},{""addr"":""東京都葛飾区宝町１丁目２９番９"",""use"":""準工"",""price"":338000,""tsubo"":1117355,""yoy"":5.3,""dist"":700,""far"":200.0,""kind"":""公示"",""asof"":""2026-01-01""},{""addr"":""東京都葛飾区西亀有１丁目２番１"",""use"":""1中専"",""price"":393000,""tsubo"":1299174,""yoy"":8.6,""dist"":1300,""far"":200.0,""kind"":""公示"",""asof"":""2026-01-01""}]"
すずかけ台駅,4,758677,5.3,3,747107,1,866116,"[{""addr"":""東京都町田市南つくし野３丁目５番１３"",""use"":""近商"",""price"":262000,""tsubo"":866116,""yoy"":4.4,""dist"":80,""far"":300.0,""kind"":""公示"",""asof"":""2026-01-01""},{""addr"":""東京都町田市南つくし野２丁目５番４"",""use"":""1低専"",""price"":226000,""tsubo"":747107,""yoy"":5.6,""dist"":500,""far"":80.0,""kind"":""公示"",""asof"":""2026-01-01""},{""addr"":""東京都町田市南つくし野四丁目６番２７"",""use"":""1低専"",""price"":233000,""tsubo"":770248,""yoy"":5.4,""dist"":700,""far"":80.0,""kind"":""基準"",""asof"":""2026-07-01""},{""addr"":""東京都町田市小川４丁目７番２１"",""use"":""1低専"",""price"":202000,""tsubo"":667769,""yoy"":5.2,""dist"":1400,""far"":100.0,""kind"":""公示"",""asof"":""2026-01-01""}]"
つくし野駅,4,788429,5.35,4,788429,0,,"[{""addr"":""東京都町田市つくし野１丁目２３番２６"",""use"":""1低専"",""price"":236000,""tsubo"":780165,""yoy"":5.4,""dist"":300,""far"":80.0,""kind"":""公示"",""asof"":""2026-01-01""},{""addr"":""東京都町田市つくし野一丁目２３番２６"",""use"":""1低専"",""price"":241000,""tsubo"":796694,""yoy"":5.7,""dist"":300,""far"":80.0,""kind"":""基準"",""asof"":""2026-07-01""},{""addr"":""東京都町田市つくし野２丁目１３番３"",""use"":""1低専"",""price"":256000,""tsubo"":846281,""yoy"":5.3,""dist"":500,""far"":80.0,""kind"":""公示"",""asof"":""2026-01-01""},{""addr"":""東京都町田市小川１丁目２８番５"",""use"":""1低専"",""price"":204000,""tsubo"":674380,""yoy"":5.2,""dist"":900,""far"":100.0,""kind"":""公示"",""asof"":""2026-01-01""}]"
つつじヶ丘駅,9,1494215,5.1,8,1482644,1,2680992,"[{""addr"":""東京都調布市西つつじケ丘三丁目３４番４外"",""use"":""商業"",""price"":811000,""tsubo"":2680992,""yoy"":8.0,""dist"":120,""far"":400.0,""kind"":""基準"",""asof"":""2026-07-01""},{""addr"":""東京都調布市西つつじケ丘四丁目１４番１７"",""use"":""1低専"",""price"":482000,""tsubo"":1593388,""yoy"":4.8,""dist"":300,""far"":80.0,""kind"":""基準"",""asof"":""2026-07-01""},{""addr"":""東京都調布市東つつじケ丘２丁目２５番６２"",""use"":""1低専"",""price"":435000,""tsubo"":1438016,""yoy"":5.6,""dist"":450,""far"":80.0,""kind"":""公示"",""asof"":""2026-01-01""},{""addr"":""東京都調布市西つつじケ丘二丁目１１番５"",""use"":""1低専"",""price"":525000,""tsubo"":1735537,""yoy"":2.9,""dist"":490,""far"":80.0,""kind"":""基準"",""asof"":""2026-07-01""},{""addr"":""東京都調布市西つつじケ丘１丁目３３番１７"",""use"":""1低専"",""price"":452000,""tsubo"":1494215,""yoy"":5.1,""dist"":650,""far"":80.0,""kind"":""公示"",""asof"":""2026-01-01""},{""addr"":""東京都三鷹市中原１丁目９２１番２６"",""use"":""1低専"",""price"":484000,""tsubo"":1600000,""yoy"":3.4,""dist"":800,""far"":80.0,""kind"":""公示"",""asof"":""2026-01-01""},{""addr"":""東京都調布市西つつじケ丘４丁目４６番２"",""use"":""1低専"",""price"":378000,""tsubo"":1249587,""yoy"":5.6,""dist"":1100,""far"":80.0,""kind"":""公示"",""asof"":""2026-01-01""},{""addr"":""東京都調布市西つつじケ丘一丁目５７番７０"",""use"":""1低専"",""price"":445000,""tsubo"":1471074,""yoy"":4.2,""dist"":1100,""far"":80.0,""kind"":""基準"",""asof"":""2026-07-01""},{""addr"":""東京都調布市柴崎２丁目２７番１５"",""use"":""1低専"",""price"":373000,""tsubo"":1233058,""yoy"":5.1,""dist"":1400,""far"":80.0,""kind"":""公示"",""asof"":""2026-01-01""}]"
とうきょうスカイツリー駅,4,2656198,13.55,0,,4,2656198,"[{""addr"":""東京都墨田区押上２丁目５番４９外"",""use"":""商業"",""price"":872000,""tsubo"":2882645,""yoy"":14.0,""dist"":320,""far"":400.0,""kind"":""公示"",""asof"":""2026-01-01""},{""addr"":""東京都墨田区業平一丁目５番２外"",""use"":""商業"",""price"":1580000,""tsubo"":5223140,""yoy"":12.9,""dist"":350,""far"":500.0,""kind"":""基準"",""asof"":""2026-07-01""},{""addr"":""東京都墨田区向島３丁目１７番５外"",""use"":""準工"",""price"":692000,""tsubo"":2287603,""yoy"":14.0,""dist"":480,""far"":300.0,""kind"":""公示"",""asof"":""2026-01-01""},{""addr"":""東京都墨田区向島三丁目１７番５外"",""use"":""準工"",""price"":735000,""tsubo"":2429752,""yoy"":13.1,""dist"":480,""far"":300.0,""kind"":""基準"",""asof"":""2026-07-01""}]"
ときわ台駅,8,2132231,8.75,5,2006611,3,4462810,"[{""addr"":""東京都板橋区常盤台２丁目６番７"",""use"":""商業"",""price"":1350000,""tsubo"":4462810,""yoy"":9.8,""dist"":70,""far"":500.0,""kind"":""公示"",""asof"":""2026-01-01""},{""addr"":""東京都板橋区常盤台二丁目６番７"",""use"":""商業"",""price"":1430000,""tsubo"":4727273,""yoy"":10.0,""dist"":70,""far"":500.0,""kind"":""基準"",""asof"":""2026-07-01""},{""addr"":""東京都板橋区常盤台２丁目２４番１０"",""use"":""1低専"",""price"":740000,""tsubo"":2446281,""yoy"":6.5,""dist"":440,""far"":100.0,""kind"":""公示"",""asof"":""2026-01-01""},{""addr"":""東京都板橋区南常盤台２丁目２５番１７"",""use"":""1住居"",""price"":683000,""tsubo"":2257851,""yoy"":8.9,""dist"":550,""far"":200.0,""kind"":""公示"",""asof"":""2026-01-01""},{""addr"":""東京都板橋区前野町１丁目４４番１４"",""use"":""準工"",""price"":553000,""tsubo"":1828099,""yoy"":7.8,""dist"":820,""far"":200.0,""kind"":""公示"",""asof"":""2026-01-01""},{""addr"":""東京都板橋区東山町２３番１５外"",""use"":""1中専"",""price"":607000,""tsubo"":2006611,""yoy"":8.0,""dist"":900,""far"":200.0,""kind"":""公示"",""asof"":""2026-01-01""},{""addr"":""東京都板橋区東新町１丁目３０番１９"",""use"":""1中専"",""price"":538000,""tsubo"":1778512,""yoy"":8.7,""dist"":1000,""far"":200.0,""kind"":""公示"",""asof"":""2026-01-01""},{""addr"":""東京都板橋区東新町一丁目３０番１９"",""use"":""1中専"",""price"":568000,""tsubo"":1877686,""yoy"":8.8,""dist"":1000,""far"":200.0,""kind"":""基準"",""asof"":""2026-07-01""}]"
ひばりヶ丘駅,16,1171901,3.85,12,1115702,4,2052892,"[{""addr"":""東京都西東京市ひばりが丘北四丁目１５５１番２０"",""use"":""商業"",""price"":730000,""tsubo"":2413223,""yoy"":7.8,""dist"":130,""far"":400.0,""kind"":""基準"",""asof"":""2026-07-01""},{""addr"":""東京都西東京市ひばりが丘１丁目１５５７番２３"",""use"":""商業"",""price"":637000,""tsubo"":2105785,""yoy"":6.5,""dist"":210,""far"":500.0,""kind"":""公示"",""asof"":""2026-01-01""},{""addr"":""東京都西東京市ひばりが丘北３丁目２５６５番２７外"",""use"":""近商"",""price"":605000,""tsubo"":2000000,""yoy"":8.0,""dist"":210,""far"":200.0,""kind"":""公示"",""asof"":""2026-01-01""},{""addr"":""東京都東久留米市浅間町３丁目３番１１"",""use"":""1低専"",""price"":348000,""tsubo"":1150413,""yoy"":3.6,""dist"":450,""far"":80.0,""kind"":""公示"",""asof"":""2026-01-01""},{""addr"":""東京都西東京市谷戸町３丁目３１４０番２４"",""use"":""1低専"",""price"":378000,""tsubo"":1249587,""yoy"":4.1,""dist"":470,""far"":100.0,""kind"":""公示"",""asof"":""2026-01-01""},{""addr"":""東京都西東京市ひばりが丘北一丁目２５０３番１０"",""use"":""1低専"",""price"":377000,""tsubo"":1246281,""yoy"":3.6,""dist"":500,""far"":100.0,""kind"":""基準"",""asof"":""2026-07-01""},{""addr"":""東京都西東京市ひばりが丘１丁目１５６８番１２"",""use"":""1低専"",""price"":414000,""tsubo"":1368595,""yoy"":4.8,""dist"":550,""far"":100.0,""kind"":""公示"",""asof"":""2026-01-01""},{""addr"":""東京都西東京市ひばりが丘北１丁目２５２７番４６"",""use"":""2中専"",""price"":351000,""tsubo"":1160331,""yoy"":4.5,""dist"":650,""far"":200.0,""kind"":""公示"",""asof"":""2026-01-01""},{""addr"":""東京都西東京市住吉町２丁目２６６０番１"",""use"":""1低専"",""price"":327000,""tsubo"":1080992,""yoy"":4.8,""dist"":700,""far"":80.0,""kind"":""公示"",""asof"":""2026-01-01""},{""addr"":""東京都東久留米市学園町２丁目２６番９外"",""use"":""1低専"",""price"":379000,""tsubo"":1252893,""yoy"":3.3,""dist"":800,""far"":80.0,""kind"":""公示"",""asof"":""2026-01-01""}]"
めじろ台駅,9,528926,3.3,8,525620,1,889256,"[{""addr"":""東京都八王子市めじろ台四丁目１番３外"",""use"":""近商"",""price"":269000,""tsubo"":889256,""yoy"":4.7,""dist"":130,""far"":300.0,""kind"":""基準"",""asof"":""2026-07-01""},{""addr"":""東京都八王子市めじろ台４丁目２０番４"",""use"":""1低専"",""price"":168000,""tsubo"":555372,""yoy"":3.1,""dist"":280,""far"":80.0,""kind"":""公示"",""asof"":""2026-01-01""},{""addr"":""東京都八王子市めじろ台２丁目４５番１４"",""use"":""1低専"",""price"":158000,""tsubo"":522314,""yoy"":3.3,""dist"":500,""far"":80.0,""kind"":""公示"",""asof"":""2026-01-01""},{""addr"":""東京都八王子市めじろ台二丁目４５番１４"",""use"":""1低専"",""price"":160000,""tsubo"":528926,""yoy"":3.2,""dist"":500,""far"":80.0,""kind"":""基準"",""asof"":""2026-07-01""},{""addr"":""東京都八王子市椚田町５３３番１７"",""use"":""1低専"",""price"":160000,""tsubo"":528926,""yoy"":3.2,""dist"":850,""far"":100.0,""kind"":""基準"",""asof"":""2026-07-01""},{""addr"":""東京都八王子市椚田町５１３番１４"",""use"":""準住居"",""price"":197000,""tsubo"":651240,""yoy"":4.8,""dist"":900,""far"":200.0,""kind"":""公示"",""asof"":""2026-01-01""},{""addr"":""東京都八王子市東浅川町６５４番４"",""use"":""1低専"",""price"":118000,""tsubo"":390083,""yoy"":3.5,""dist"":1100,""far"":80.0,""kind"":""公示"",""asof"":""2026-01-01""},{""addr"":""東京都八王子市椚田町５６８番８"",""use"":""1低専"",""price"":158000,""tsubo"":522314,""yoy"":3.3,""dist"":1300,""far"":100.0,""kind"":""公示"",""asof"":""2026-01-01""},{""addr"":""東京都八王子市寺田町２５９番５"",""use"":""2中専"",""price"":120000,""tsubo"":396694,""yoy"":2.6,""dist"":1500,""far"":200.0,""kind"":""公示"",""asof"":""2026-01-01""}]"
一之江駅,11,1282645,5.5,10,1272727,1,1923967,"[{""addr"":""東京都江戸川区一之江３丁目３７番２"",""use"":""近商"",""price"":582000,""tsubo"":1923967,""yoy"":7.4,""dist"":110,""far"":300.0,""kind"":""公示"",""asof"":""2026-01-01""},{""addr"":""東京都江戸川区一之江７丁目７番４８"",""use"":""1住居"",""price"":481000,""tsubo"":1590083,""yoy"":7.1,""dist"":350,""far"":200.0,""kind"":""公示"",""asof"":""2026-01-01""},{""addr"":""東京都江戸川区西瑞江三丁目２４番５２"",""use"":""1中専"",""price"":369000,""tsubo"":1219835,""yoy"":5.1,""dist"":780,""far"":100.0,""kind"":""基準"",""asof"":""2026-07-01""},{""addr"":""東京都江戸川区西瑞江５丁目１４番４６"",""use"":""1中専"",""price"":382000,""tsubo"":1262810,""yoy"":5.8,""dist"":830,""far"":200.0,""kind"":""公示"",""asof"":""2026-01-01""},{""addr"":""東京都江戸川区江戸川３丁目５２番１７"",""use"":""1住居"",""price"":360000,""tsubo"":1190083,""yoy"":5.3,""dist"":840,""far"":200.0,""kind"":""公示"",""asof"":""2026-01-01""},{""addr"":""東京都江戸川区一之江六丁目４１番１６"",""use"":""1中専"",""price"":405000,""tsubo"":1338843,""yoy"":5.2,""dist"":900,""far"":200.0,""kind"":""基準"",""asof"":""2026-07-01""},{""addr"":""東京都江戸川区春江町五丁目５番４７"",""use"":""1中専"",""price"":381000,""tsubo"":1259504,""yoy"":6.7,""dist"":980,""far"":200.0,""kind"":""基準"",""asof"":""2026-07-01""},{""addr"":""東京都江戸川区一之江２丁目５４番１８外"",""use"":""1中専"",""price"":363000,""tsubo"":1200000,""yoy"":4.3,""dist"":1000,""far"":100.0,""kind"":""公示"",""asof"":""2026-01-01""},{""addr"":""東京都江戸川区西一之江３丁目９３２番２４"",""use"":""1住居"",""price"":388000,""tsubo"":1282645,""yoy"":5.1,""dist"":1100,""far"":200.0,""kind"":""公示"",""asof"":""2026-01-01""},{""addr"":""東京都江戸川区松江７丁目２７１番３"",""use"":""1住居"",""price"":406000,""tsubo"":1342149,""yoy"":5.5,""dist"":1200,""far"":200.0,""kind"":""公示"",""asof"":""2026-01-01""}]"
一橋学園駅,10,971901,3.45,7,958678,3,1206612,"[{""addr"":""東京都小平市学園東町１丁目４７番１４"",""use"":""商業"",""price"":488000,""tsubo"":1613223,""yoy"":4.1,""dist"":90,""far"":400.0,""kind"":""公示"",""asof"":""2026-01-01""},{""addr"":""東京都小平市学園西町一丁目１２３１番２外"",""use"":""商業"",""price"":365000,""tsubo"":1206612,""yoy"":3.7,""dist"":180,""far"":400.0,""kind"":""基準"",""asof"":""2026-07-01""},{""addr"":""東京都小平市学園東町一丁目５３番１２"",""use"":""1低専"",""price"":298000,""tsubo"":985124,""yoy"":3.1,""dist"":480,""far"":80.0,""kind"":""基準"",""asof"":""2026-07-01""},{""addr"":""東京都小平市学園西町２丁目１６１０番５４"",""use"":""1低専"",""price"":303000,""tsubo"":1001653,""yoy"":3.4,""dist"":650,""far"":80.0,""kind"":""公示"",""asof"":""2026-01-01""},{""addr"":""東京都小平市学園西町三丁目１６２３番３"",""use"":""1低専"",""price"":288000,""tsubo"":952066,""yoy"":3.2,""dist"":750,""far"":80.0,""kind"":""基準"",""asof"":""2026-07-01""},{""addr"":""東京都小平市喜平町１丁目１１４０番４外"",""use"":""1中専"",""price"":269000,""tsubo"":889256,""yoy"":3.5,""dist"":800,""far"":200.0,""kind"":""公示"",""asof"":""2026-01-01""},{""addr"":""東京都小平市学園東町２丁目１６番１８"",""use"":""近商"",""price"":282000,""tsubo"":932231,""yoy"":3.3,""dist"":800,""far"":200.0,""kind"":""公示"",""asof"":""2026-01-01""},{""addr"":""東京都小平市学園東町２丁目２６番３８"",""use"":""1低専"",""price"":290000,""tsubo"":958678,""yoy"":3.2,""dist"":900,""far"":80.0,""kind"":""公示"",""asof"":""2026-01-01""},{""addr"":""東京都小平市上水本町６丁目１５０５番８外"",""use"":""1低専"",""price"":280000,""tsubo"":925620,""yoy"":3.7,""dist"":1300,""far"":80.0,""kind"":""公示"",""asof"":""2026-01-01""},{""addr"":""東京都小平市上水南町１丁目４８３番２２"",""use"":""1低専"",""price"":301000,""tsubo"":995041,""yoy"":3.8,""dist"":1300,""far"":80.0,""kind"":""公示"",""asof"":""2026-01-01""}]"
万願寺駅,2,912397,3.75,2,912397,0,,"[{""addr"":""東京都日野市石田二丁目９番２０"",""use"":""準住居"",""price"":295000,""tsubo"":975207,""yoy"":3.9,""dist"":250,""far"":200.0,""kind"":""基準"",""asof"":""2026-07-01""},{""addr"":""東京都日野市万願寺二丁目１０番８"",""use"":""1低専"",""price"":257000,""tsubo"":849587,""yoy"":3.6,""dist"":400,""far"":100.0,""kind"":""基準"",""asof"":""2026-07-01""}]"
三ノ輪駅,10,3421487,16.95,1,2876033,9,3933884,"[{""addr"":""東京都台東区三ノ輪一丁目１８１番１外"",""use"":""商業"",""price"":1740000,""tsubo"":5752066,""yoy"":20.0,""dist"":60,""far"":700.0,""kind"":""基準"",""asof"":""2026-07-01""},{""addr"":""東京都荒川区東日暮里１丁目１番１３"",""use"":""商業"",""price"":1610000,""tsubo"":5322314,""yoy"":17.5,""dist"":160,""far"":600.0,""kind"":""公示"",""asof"":""2026-01-01""},{""addr"":""東京都台東区竜泉３丁目２６０番２外"",""use"":""商業"",""price"":880000,""tsubo"":2909091,""yoy"":18.9,""dist"":300,""far"":400.0,""kind"":""公示"",""asof"":""2026-01-01""},{""addr"":""東京都荒川区南千住１丁目５０番２９外"",""use"":""近商"",""price"":739000,""tsubo"":2442975,""yoy"":13.3,""dist"":330,""far"":300.0,""kind"":""公示"",""asof"":""2026-01-01""},{""addr"":""東京都荒川区南千住一丁目５０番２９外"",""use"":""近商"",""price"":798000,""tsubo"":2638016,""yoy"":15.0,""dist"":330,""far"":300.0,""kind"":""基準"",""asof"":""2026-07-01""},{""addr"":""東京都荒川区南千住５丁目１０９番１外"",""use"":""商業"",""price"":1190000,""tsubo"":3933884,""yoy"":17.8,""dist"":350,""far"":600.0,""kind"":""公示"",""asof"":""2026-01-01""},{""addr"":""東京都台東区竜泉３丁目８８番３外"",""use"":""商業"",""price"":1260000,""tsubo"":4165289,""yoy"":18.9,""dist"":470,""far"":700.0,""kind"":""公示"",""asof"":""2026-01-01""},{""addr"":""東京都台東区下谷三丁目４番３外"",""use"":""商業"",""price"":1280000,""tsubo"":4231405,""yoy"":16.4,""dist"":480,""far"":500.0,""kind"":""基準"",""asof"":""2026-07-01""},{""addr"":""東京都荒川区東日暮里二丁目１８３６番２"",""use"":""準工"",""price"":814000,""tsubo"":2690909,""yoy"":12.7,""dist"":490,""far"":300.0,""kind"":""基準"",""asof"":""2026-07-01""},{""addr"":""東京都台東区根岸五丁目８１番５"",""use"":""1住居"",""price"":870000,""tsubo"":2876033,""yoy"":14.5,""dist"":620,""far"":300.0,""kind"":""基準"",""asof"":""2026-07-01""}]"
三河島駅,5,4264463,18.2,0,,5,4264463,"[{""addr"":""東京都荒川区東日暮里３丁目１３３８番１外"",""use"":""商業"",""price"":1290000,""tsubo"":4264463,""yoy"":18.3,""dist"":240,""far"":500.0,""kind"":""公示"",""asof"":""2026-01-01""},{""addr"":""東京都荒川区東日暮里三丁目１３３８番１外"",""use"":""商業"",""price"":1410000,""tsubo"":4661157,""yoy"":19.5,""dist"":240,""far"":500.0,""kind"":""基準"",""asof"":""2026-07-01""},{""addr"":""東京都荒川区荒川３丁目２８番１０"",""use"":""準工"",""price"":598000,""tsubo"":1976859,""yoy"":10.1,""dist"":350,""far"":300.0,""kind"":""公示"",""asof"":""2026-01-01""},{""addr"":""東京都荒川区東日暮里３丁目２３０番９"",""use"":""準工"",""price"":710000,""tsubo"":2347107,""yoy"":11.5,""dist"":470,""far"":300.0,""kind"":""公示"",""asof"":""2026-01-01""},{""addr"":""東京都荒川区荒川一丁目４９番７"",""use"":""商業"",""price"":1430000,""tsubo"":4727273,""yoy"":18.2,""dist"":780,""far"":600.0,""kind"":""基準"",""asof"":""2026-07-01""}]"
三田駅,2,14429751,17.35,0,,2,14429751,"[{""addr"":""東京都港区芝５丁目２番１２２外"",""use"":""商業"",""price"":3050000,""tsubo"":10082644,""yoy"":17.3,""dist"":210,""far"":500.0,""kind"":""公示"",""asof"":""2026-01-01""},{""addr"":""東京都港区芝五丁目３番１３"",""use"":""商業"",""price"":5680000,""tsubo"":18776859,""yoy"":17.4,""dist"":390,""far"":600.0,""kind"":""基準"",""asof"":""2026-07-01""}]"
三越前駅,2,15057850,15.35,0,,2,15057850,"[{""addr"":""東京都中央区日本橋室町１丁目１４番６"",""use"":""商業"",""price"":4610000,""tsubo"":15239669,""yoy"":17.3,""dist"":170,""far"":700.0,""kind"":""公示"",""asof"":""2026-01-01""},{""addr"":""東京都中央区日本橋本町二丁目２番２外"",""use"":""商業"",""price"":4500000,""tsubo"":14876032,""yoy"":13.4,""dist"":330,""far"":800.0,""kind"":""基準"",""asof"":""2026-07-01""}]"
三軒茶屋駅,9,3471074,10.1,6,3338843,3,9752066,"[{""addr"":""東京都世田谷区太子堂２丁目４２８番１６外"",""use"":""商業"",""price"":3750000,""tsubo"":12396694,""yoy"":14.3,""dist"":60,""far"":500.0,""kind"":""公示"",""asof"":""2026-01-01""},{""addr"":""東京都世田谷区三軒茶屋１丁目１７番１１外"",""use"":""近商"",""price"":1670000,""tsubo"":5520661,""yoy"":12.8,""dist"":200,""far"":300.0,""kind"":""公示"",""asof"":""2026-01-01""},{""addr"":""東京都世田谷区太子堂２丁目３５６番４５"",""use"":""1住居"",""price"":1050000,""tsubo"":3471074,""yoy"":10.1,""dist"":330,""far"":200.0,""kind"":""公示"",""asof"":""2026-01-01""},{""addr"":""東京都世田谷区三軒茶屋二丁目１７６番１２"",""use"":""商業"",""price"":2950000,""tsubo"":9752066,""yoy"":14.3,""dist"":390,""far"":600.0,""kind"":""基準"",""asof"":""2026-07-01""},{""addr"":""東京都世田谷区三軒茶屋１丁目４２２番４２"",""use"":""1中専"",""price"":1010000,""tsubo"":3338843,""yoy"":9.7,""dist"":480,""far"":200.0,""kind"":""公示"",""asof"":""2026-01-01""},{""addr"":""東京都世田谷区三軒茶屋２丁目２３４番１５"",""use"":""1住居"",""price"":1600000,""tsubo"":5289256,""yoy"":11.1,""dist"":700,""far"":300.0,""kind"":""公示"",""asof"":""2026-01-01""},{""addr"":""東京都世田谷区太子堂三丁目３４番１０"",""use"":""1中専"",""price"":1010000,""tsubo"":3338843,""yoy"":9.1,""dist"":730,""far"":200.0,""kind"":""基準"",""asof"":""2026-07-01""},{""addr"":""東京都世田谷区下馬２丁目１４５番２７"",""use"":""1中専"",""price"":902000,""tsubo"":2981818,""yoy"":8.8,""dist"":850,""far"":200.0,""kind"":""公示"",""asof"":""2026-01-01""},{""addr"":""東京都世田谷区下馬３丁目５２番１７"",""use"":""1中専"",""price"":879000,""tsubo"":2905785,""yoy"":8.1,""dist"":1200,""far"":200.0,""kind"":""公示"",""asof"":""2026-01-01""}]"
三鷹台駅,5,2059504,5.3,4,1922314,1,2611570,"[{""addr"":""東京都三鷹市井の頭一丁目１２６番１０外"",""use"":""近商"",""price"":790000,""tsubo"":2611570,""yoy"":0.0,""dist"":160,""far"":300.0,""kind"":""基準"",""asof"":""2026-07-01""},{""addr"":""東京都杉並区久我山４丁目１４４番３"",""use"":""1低専"",""price"":730000,""tsubo"":2413223,""yoy"":7.7,""dist"":340,""far"":100.0,""kind"":""公示"",""asof"":""2026-01-01""},{""addr"":""東京都三鷹市井の頭１丁目７１番１２"",""use"":""1低専"",""price"":623000,""tsubo"":2059504,""yoy"":5.4,""dist"":420,""far"":80.0,""kind"":""公示"",""asof"":""2026-01-01""},{""addr"":""東京都三鷹市牟礼二丁目１０５６番４"",""use"":""1低専"",""price"":540000,""tsubo"":1785124,""yoy"":5.3,""dist"":800,""far"":80.0,""kind"":""基準"",""asof"":""2026-07-01""},{""addr"":""東京都三鷹市牟礼５丁目１８３８番２２"",""use"":""1低専"",""price"":410000,""tsubo"":1355372,""yoy"":4.9,""dist"":1400,""far"":80.0,""kind"":""公示"",""asof"":""2026-01-01""}]"
三鷹駅,24,2593388,8.05,10,2219834,14,4264462,"[{""addr"":""東京都三鷹市下連雀３丁目２５６番１４"",""use"":""商業"",""price"":3580000,""tsubo"":11834710,""yoy"":10.2,""dist"":150,""far"":500.0,""kind"":""公示"",""asof"":""2026-01-01""},{""addr"":""東京都三鷹市下連雀三丁目２５６番１４"",""use"":""商業"",""price"":3630000,""tsubo"":12000000,""yoy"":10.0,""dist"":150,""far"":500.0,""kind"":""基準"",""asof"":""2026-07-01""},{""addr"":""東京都武蔵野市中町１丁目３０８８番３８外"",""use"":""商業"",""price"":2600000,""tsubo"":8595041,""yoy"":9.2,""dist"":210,""far"":600.0,""kind"":""公示"",""asof"":""2026-01-01""},{""addr"":""東京都三鷹市下連雀３丁目３１２番２１"",""use"":""商業"",""price"":1260000,""tsubo"":4165289,""yoy"":9.6,""dist"":210,""far"":500.0,""kind"":""公示"",""asof"":""2026-01-01""},{""addr"":""東京都三鷹市下連雀３丁目２３３番２２"",""use"":""商業"",""price"":800000,""tsubo"":2644628,""yoy"":10.3,""dist"":260,""far"":500.0,""kind"":""公示"",""asof"":""2026-01-01""},{""addr"":""東京都武蔵野市中町一丁目３０６９番６"",""use"":""商業"",""price"":1600000,""tsubo"":5289256,""yoy"":8.8,""dist"":300,""far"":600.0,""kind"":""基準"",""asof"":""2026-07-01""},{""addr"":""東京都三鷹市下連雀３丁目２６１番７外"",""use"":""商業"",""price"":2140000,""tsubo"":7074380,""yoy"":9.2,""dist"":380,""far"":500.0,""kind"":""公示"",""asof"":""2026-01-01""},{""addr"":""東京都三鷹市上連雀２丁目８６５番１１"",""use"":""商業"",""price"":1340000,""tsubo"":4429752,""yoy"":9.8,""dist"":430,""far"":500.0,""kind"":""公示"",""asof"":""2026-01-01""},{""addr"":""東京都三鷹市下連雀３丁目１６８番３５"",""use"":""1低専"",""price"":813000,""tsubo"":2687603,""yoy"":6.0,""dist"":450,""far"":100.0,""kind"":""公示"",""asof"":""2026-01-01""},{""addr"":""東京都三鷹市下連雀三丁目１９２番９外"",""use"":""商業"",""price"":1300000,""tsubo"":4297520,""yoy"":8.3,""dist"":450,""far"":500.0,""kind"":""基準"",""asof"":""2026-07-01""}]"
上中里駅,3,2585124,11.1,2,2642975,1,1715702,"[{""addr"":""東京都北区上中里１丁目２６番１８外"",""use"":""1中専"",""price"":782000,""tsubo"":2585124,""yoy"":11.1,""dist"":370,""far"":150.0,""kind"":""公示"",""asof"":""2026-01-01""},{""addr"":""東京都北区上中里一丁目２６番１８外"",""use"":""1中専"",""price"":817000,""tsubo"":2700826,""yoy"":11.2,""dist"":370,""far"":150.0,""kind"":""基準"",""asof"":""2026-07-01""},{""addr"":""東京都北区栄町１９番５"",""use"":""準工"",""price"":519000,""tsubo"":1715702,""yoy"":10.7,""dist"":720,""far"":200.0,""kind"":""公示"",""asof"":""2026-01-01""}]"
上井草駅,6,1671074,6.5,6,1671074,0,,"[{""addr"":""東京都杉並区井草５丁目１１６番１３"",""use"":""1低専"",""price"":497000,""tsubo"":1642975,""yoy"":6.4,""dist"":510,""far"":100.0,""kind"":""公示"",""asof"":""2026-01-01""},{""addr"":""東京都練馬区上石神井２丁目４６番７６"",""use"":""1低専"",""price"":476000,""tsubo"":1573554,""yoy"":6.3,""dist"":760,""far"":100.0,""kind"":""公示"",""asof"":""2026-01-01""},{""addr"":""東京都練馬区下石神井４丁目４０６番８"",""use"":""1住居"",""price"":657000,""tsubo"":2171901,""yoy"":9.0,""dist"":770,""far"":300.0,""kind"":""公示"",""asof"":""2026-01-01""},{""addr"":""東京都練馬区下石神井二丁目１２９番７１"",""use"":""1低専"",""price"":462000,""tsubo"":1527273,""yoy"":5.5,""dist"":960,""far"":100.0,""kind"":""基準"",""asof"":""2026-07-01""},{""addr"":""東京都杉並区今川２丁目２１１番"",""use"":""1低専"",""price"":514000,""tsubo"":1699173,""yoy"":6.6,""dist"":1300,""far"":100.0,""kind"":""公示"",""asof"":""2026-01-01""},{""addr"":""東京都杉並区今川四丁目１４０番２"",""use"":""1低専"",""price"":567000,""tsubo"":1874380,""yoy"":8.0,""dist"":1400,""far"":100.0,""kind"":""基準"",""asof"":""2026-07-01""}]"
上北台駅,11,505785,2.7,9,505785,2,509091,"[{""addr"":""東京都東大和市上北台一丁目８８６番４"",""use"":""1低専"",""price"":209000,""tsubo"":690909,""yoy"":2.5,""dist"":550,""far"":100.0,""kind"":""基準"",""asof"":""2026-07-01""},{""addr"":""東京都東大和市芋窪６丁目１０７０番６"",""use"":""1低専"",""price"":170000,""tsubo"":561983,""yoy"":3.0,""dist"":600,""far"":80.0,""kind"":""公示"",""asof"":""2026-01-01""},{""addr"":""東京都東大和市立野１丁目１０２０番２５"",""use"":""1低専"",""price"":191000,""tsubo"":631405,""yoy"":2.7,""dist"":700,""far"":100.0,""kind"":""公示"",""asof"":""2026-01-01""},{""addr"":""東京都東大和市芋窪３丁目１６８２番４"",""use"":""1低専"",""price"":137000,""tsubo"":452893,""yoy"":2.2,""dist"":1100,""far"":80.0,""kind"":""公示"",""asof"":""2026-01-01""},{""addr"":""東京都東大和市芋窪四丁目１４８２番５"",""use"":""1低専"",""price"":153000,""tsubo"":505785,""yoy"":2.7,""dist"":1100,""far"":80.0,""kind"":""基準"",""asof"":""2026-07-01""},{""addr"":""東京都東大和市中央四丁目９６５番１８７"",""use"":""1低専"",""price"":189000,""tsubo"":624793,""yoy"":2.7,""dist"":1200,""far"":100.0,""kind"":""基準"",""asof"":""2026-07-01""},{""addr"":""東京都東大和市蔵敷二丁目３６１番５"",""use"":""2中専"",""price"":149000,""tsubo"":492562,""yoy"":2.8,""dist"":1200,""far"":200.0,""kind"":""基準"",""asof"":""2026-07-01""},{""addr"":""東京都東大和市奈良橋４丁目６６９番１３"",""use"":""1低専"",""price"":143000,""tsubo"":472727,""yoy"":2.9,""dist"":1300,""far"":80.0,""kind"":""公示"",""asof"":""2026-01-01""},{""addr"":""東京都武蔵村山市学園３丁目５０番１外"",""use"":""近商"",""price"":165000,""tsubo"":545455,""yoy"":1.9,""dist"":1300,""far"":200.0,""kind"":""公示"",""asof"":""2026-01-01""},{""addr"":""東京都東大和市芋窪２丁目２０５３番２外"",""use"":""近商"",""price"":143000,""tsubo"":472727,""yoy"":2.1,""dist"":1400,""far"":200.0,""kind"":""公示"",""asof"":""2026-01-01""}]"
上北沢駅,4,2143801,5.15,3,2016529,1,2519008,"[{""addr"":""東京都世田谷区上北沢４丁目１１０９番１８"",""use"":""近商"",""price"":762000,""tsubo"":2519008,""yoy"":5.1,""dist"":130,""far"":300.0,""kind"":""公示"",""asof"":""2026-01-01""},{""addr"":""東京都世田谷区上北沢３丁目８７７番３０内"",""use"":""1低専"",""price"":687000,""tsubo"":2271074,""yoy"":5.2,""dist"":320,""far"":100.0,""kind"":""公示"",""asof"":""2026-01-01""},{""addr"":""東京都杉並区下高井戸５丁目３５５番３８"",""use"":""1低専"",""price"":587000,""tsubo"":1940496,""yoy"":6.5,""dist"":600,""far"":80.0,""kind"":""公示"",""asof"":""2026-01-01""},{""addr"":""東京都世田谷区上北沢一丁目８１１番３外"",""use"":""1中専"",""price"":610000,""tsubo"":2016529,""yoy"":4.6,""dist"":700,""far"":200.0,""kind"":""基準"",""asof"":""2026-07-01""}]"
上板橋駅,10,1826446,8.8,7,1742149,3,2793388,"[{""addr"":""東京都板橋区常盤台四丁目３１番６"",""use"":""商業"",""price"":1120000,""tsubo"":3702479,""yoy"":13.9,""dist"":80,""far"":400.0,""kind"":""基準"",""asof"":""2026-07-01""},{""addr"":""東京都板橋区上板橋１丁目４７５３番８"",""use"":""近商"",""price"":845000,""tsubo"":2793388,""yoy"":14.0,""dist"":270,""far"":300.0,""kind"":""公示"",""asof"":""2026-01-01""},{""addr"":""東京都板橋区上板橋一丁目４９２８番２３"",""use"":""1住居"",""price"":635000,""tsubo"":2099173,""yoy"":10.2,""dist"":300,""far"":200.0,""kind"":""基準"",""asof"":""2026-07-01""},{""addr"":""東京都板橋区上板橋２丁目１９６番３"",""use"":""1住居"",""price"":578000,""tsubo"":1910744,""yoy"":8.9,""dist"":530,""far"":200.0,""kind"":""公示"",""asof"":""2026-01-01""},{""addr"":""東京都板橋区桜川三丁目４７番"",""use"":""1中専"",""price"":590000,""tsubo"":1950413,""yoy"":8.9,""dist"":550,""far"":200.0,""kind"":""基準"",""asof"":""2026-07-01""},{""addr"":""東京都板橋区中台１丁目２４７番２"",""use"":""1中専"",""price"":521000,""tsubo"":1722314,""yoy"":8.3,""dist"":570,""far"":200.0,""kind"":""公示"",""asof"":""2026-01-01""},{""addr"":""東京都練馬区錦１丁目２５４番１４"",""use"":""1低専"",""price"":502000,""tsubo"":1659504,""yoy"":7.3,""dist"":900,""far"":200.0,""kind"":""公示"",""asof"":""2026-01-01""},{""addr"":""東京都板橋区前野町６丁目２１番７"",""use"":""1中専"",""price"":527000,""tsubo"":1742149,""yoy"":8.7,""dist"":950,""far"":200.0,""kind"":""公示"",""asof"":""2026-01-01""},{""addr"":""東京都板橋区若木１丁目１７３番１６"",""use"":""準工"",""price"":464000,""tsubo"":1533884,""yoy"":7.9,""dist"":950,""far"":200.0,""kind"":""公示"",""asof"":""2026-01-01""},{""addr"":""東京都板橋区若木３丁目１７７６番１８"",""use"":""1中専"",""price"":403000,""tsubo"":1332231,""yoy"":6.6,""dist"":1100,""far"":200.0,""kind"":""公示"",""asof"":""2026-01-01""}]"
上町駅,5,2419835,6.5,4,2398347,1,2846281,"[{""addr"":""東京都世田谷区世田谷２丁目３８７番１９"",""use"":""1中専"",""price"":719000,""tsubo"":2376859,""yoy"":6.5,""dist"":700,""far"":200.0,""kind"":""公示"",""asof"":""2026-01-01""},{""addr"":""東京都世田谷区桜２丁目５８６番３"",""use"":""1低専"",""price"":703000,""tsubo"":2323967,""yoy"":6.2,""dist"":830,""far"":150.0,""kind"":""公示"",""asof"":""2026-01-01""},{""addr"":""東京都世田谷区弦巻５丁目６１６番１９"",""use"":""1低専"",""price"":732000,""tsubo"":2419835,""yoy"":6.6,""dist"":900,""far"":150.0,""kind"":""公示"",""asof"":""2026-01-01""},{""addr"":""東京都世田谷区弦巻五丁目６１６番１９"",""use"":""1低専"",""price"":753000,""tsubo"":2489256,""yoy"":6.1,""dist"":900,""far"":150.0,""kind"":""基準"",""asof"":""2026-07-01""},{""addr"":""東京都世田谷区桜三丁目４０９番１５外"",""use"":""近商"",""price"":861000,""tsubo"":2846281,""yoy"":6.7,""dist"":950,""far"":300.0,""kind"":""基準"",""asof"":""2026-07-01""}]"
上石神井駅,7,1527273,5.8,6,1519008,1,2720661,"[{""addr"":""東京都練馬区上石神井一丁目４１６番９"",""use"":""近商"",""price"":823000,""tsubo"":2720661,""yoy"":9.2,""dist"":160,""far"":400.0,""kind"":""基準"",""asof"":""2026-07-01""},{""addr"":""東京都練馬区上石神井１丁目３８８番３９"",""use"":""1中専"",""price"":462000,""tsubo"":1527273,""yoy"":6.2,""dist"":460,""far"":150.0,""kind"":""公示"",""asof"":""2026-01-01""},{""addr"":""東京都練馬区上石神井三丁目２４４番２６"",""use"":""1低専"",""price"":457000,""tsubo"":1510744,""yoy"":5.8,""dist"":760,""far"":100.0,""kind"":""基準"",""asof"":""2026-07-01""},{""addr"":""東京都練馬区石神井台４丁目１２０７番２３"",""use"":""1低専"",""price"":419000,""tsubo"":1385124,""yoy"":5.3,""dist"":1100,""far"":100.0,""kind"":""公示"",""asof"":""2026-01-01""},{""addr"":""東京都杉並区善福寺四丁目２６７番１０"",""use"":""1低専"",""price"":615000,""tsubo"":2033058,""yoy"":5.7,""dist"":1100,""far"":80.0,""kind"":""基準"",""asof"":""2026-07-01""},{""addr"":""東京都杉並区善福寺３丁目１２６番３"",""use"":""1低専"",""price"":605000,""tsubo"":2000000,""yoy"":6.3,""dist"":1200,""far"":80.0,""kind"":""公示"",""asof"":""2026-01-01""},{""addr"":""東京都練馬区石神井台２丁目１３９９番１８"",""use"":""1低専"",""price"":414000,""tsubo"":1368595,""yoy"":5.1,""dist"":1200,""far"":100.0,""kind"":""公示"",""asof"":""2026-01-01""}]"
上野広小路駅,3,17355371,15.6,0,,3,17355371,"[{""addr"":""東京都台東区上野４丁目３８番５外"",""use"":""商業"",""price"":13600000,""tsubo"":44958676,""yoy"":10.6,""dist"":60,""far"":800.0,""kind"":""公示"",""asof"":""2026-01-01""},{""addr"":""東京都文京区湯島３丁目４２０番１外"",""use"":""商業"",""price"":5250000,""tsubo"":17355371,""yoy"":15.6,""dist"":120,""far"":600.0,""kind"":""公示"",""asof"":""2026-01-01""},{""addr"":""東京都台東区上野２丁目４７番６外"",""use"":""商業"",""price"":3180000,""tsubo"":10512396,""yoy"":17.8,""dist"":270,""far"":600.0,""kind"":""公示"",""asof"":""2026-01-01""}]"
上野毛駅,3,2618182,5.8,3,2618182,0,,"[{""addr"":""東京都世田谷区上野毛１丁目６２番１０内"",""use"":""1低専"",""price"":857000,""tsubo"":2833058,""yoy"":4.5,""dist"":240,""far"":100.0,""kind"":""公示"",""asof"":""2026-01-01""},{""addr"":""東京都世田谷区上野毛２丁目８２番２外"",""use"":""1低専"",""price"":785000,""tsubo"":2595041,""yoy"":5.8,""dist"":600,""far"":80.0,""kind"":""公示"",""asof"":""2026-01-01""},{""addr"":""東京都世田谷区上野毛４丁目３０６番７"",""use"":""1低専"",""price"":792000,""tsubo"":2618182,""yoy"":6.7,""dist"":890,""far"":100.0,""kind"":""公示"",""asof"":""2026-01-01""}]"
上野駅,6,10462809,16.2,0,,6,10462809,"[{""addr"":""東京都台東区上野六丁目１０９番１"",""use"":""商業"",""price"":13800000,""tsubo"":45619833,""yoy"":12.2,""dist"":130,""far"":800.0,""kind"":""基準"",""asof"":""2026-07-01""},{""addr"":""東京都台東区上野７丁目４６番２外"",""use"":""商業"",""price"":2480000,""tsubo"":8198347,""yoy"":19.2,""dist"":180,""far"":600.0,""kind"":""公示"",""asof"":""2026-01-01""},{""addr"":""東京都台東区上野７丁目２８番１"",""use"":""商業"",""price"":2870000,""tsubo"":9487603,""yoy"":17.1,""dist"":320,""far"":700.0,""kind"":""公示"",""asof"":""2026-01-01""},{""addr"":""東京都台東区東上野三丁目１５３番"",""use"":""商業"",""price"":3460000,""tsubo"":11438016,""yoy"":15.3,""dist"":330,""far"":700.0,""kind"":""基準"",""asof"":""2026-07-01""},{""addr"":""東京都台東区東上野２丁目１５番１外"",""use"":""商業"",""price"":4700000,""tsubo"":15537190,""yoy"":14.4,""dist"":360,""far"":800.0,""kind"":""公示"",""asof"":""2026-01-01""},{""addr"":""東京都台東区東上野３丁目１１５番３外"",""use"":""商業"",""price"":1490000,""tsubo"":4925620,""yoy"":19.2,""dist"":360,""far"":500.0,""kind"":""公示"",""asof"":""2026-01-01""}]"
下丸子駅,2,2391735,8.9,1,1923967,1,2859504,"[{""addr"":""東京都大田区下丸子三丁目５１１番５"",""use"":""近商"",""price"":865000,""tsubo"":2859504,""yoy"":9.2,""dist"":100,""far"":300.0,""kind"":""基準"",""asof"":""2026-07-01""},{""addr"":""東京都大田区下丸子４丁目４４９番１８"",""use"":""1住居"",""price"":582000,""tsubo"":1923967,""yoy"":8.6,""dist"":250,""far"":200.0,""kind"":""公示"",""asof"":""2026-01-01""}]"
下井草駅,4,1973553,7.4,3,1933884,1,2919008,"[{""addr"":""東京都杉並区下井草２丁目２３５番３外"",""use"":""近商"",""price"":883000,""tsubo"":2919008,""yoy"":11.1,""dist"":60,""far"":300.0,""kind"":""公示"",""asof"":""2026-01-01""},{""addr"":""東京都杉並区下井草３丁目１７２番１８"",""use"":""1低専"",""price"":585000,""tsubo"":1933884,""yoy"":6.8,""dist"":270,""far"":100.0,""kind"":""公示"",""asof"":""2026-01-01""},{""addr"":""東京都杉並区下井草三丁目１７２番１８"",""use"":""1低専"",""price"":609000,""tsubo"":2013223,""yoy"":8.0,""dist"":270,""far"":100.0,""kind"":""基準"",""asof"":""2026-07-01""},{""addr"":""東京都杉並区井草１丁目１６９番１外"",""use"":""1低専"",""price"":506000,""tsubo"":1672727,""yoy"":6.8,""dist"":360,""far"":100.0,""kind"":""公示"",""asof"":""2026-01-01""}]"
下北沢駅,5,6842975,10.6,2,3196694,3,8628099,"[{""addr"":""東京都世田谷区北沢２丁目１０４５番３７"",""use"":""商業"",""price"":3480000,""tsubo"":11504132,""yoy"":12.3,""dist"":70,""far"":500.0,""kind"":""公示"",""asof"":""2026-01-01""},{""addr"":""東京都世田谷区北沢２丁目９７０番５"",""use"":""商業"",""price"":2070000,""tsubo"":6842975,""yoy"":11.3,""dist"":200,""far"":500.0,""kind"":""公示"",""asof"":""2026-01-01""},{""addr"":""東京都世田谷区北沢二丁目２９４番１"",""use"":""商業"",""price"":2610000,""tsubo"":8628099,""yoy"":10.6,""dist"":210,""far"":500.0,""kind"":""基準"",""asof"":""2026-07-01""},{""addr"":""東京都世田谷区代沢５丁目１１４１番８"",""use"":""1低専"",""price"":1020000,""tsubo"":3371901,""yoy"":9.6,""dist"":520,""far"":150.0,""kind"":""公示"",""asof"":""2026-01-01""},{""addr"":""東京都世田谷区大原１丁目１０６０番２３"",""use"":""1低専"",""price"":914000,""tsubo"":3021487,""yoy"":7.5,""dist"":680,""far"":150.0,""kind"":""公示"",""asof"":""2026-01-01""}]"
下板橋駅,1,2360330,11.9,0,,1,2360330,"[{""addr"":""東京都板橋区板橋２丁目１４番９"",""use"":""準工"",""price"":714000,""tsubo"":2360330,""yoy"":11.9,""dist"":450,""far"":300.0,""kind"":""公示"",""asof"":""2026-01-01""}]"
下神明駅,1,2928926,12.3,0,,1,2928926,"[{""addr"":""東京都品川区西品川１丁目１２２５番４"",""use"":""準工"",""price"":886000,""tsubo"":2928926,""yoy"":12.3,""dist"":600,""far"":200.0,""kind"":""公示"",""asof"":""2026-01-01""}]"
下落合駅,2,4251239,15.5,1,2981818,1,5520661,"[{""addr"":""東京都新宿区中落合二丁目１１１３番４"",""use"":""近商"",""price"":1670000,""tsubo"":5520661,""yoy"":20.1,""dist"":230,""far"":400.0,""kind"":""基準"",""asof"":""2026-07-01""},{""addr"":""東京都新宿区下落合４丁目６０４番５５"",""use"":""1低専"",""price"":902000,""tsubo"":2981818,""yoy"":10.9,""dist"":630,""far"":150.0,""kind"":""公示"",""asof"":""2026-01-01""}]"
下赤塚駅,3,1580165,5.6,2,1565289,1,2958678,"[{""addr"":""東京都板橋区赤塚２丁目８０４番３"",""use"":""商業"",""price"":895000,""tsubo"":2958678,""yoy"":11.2,""dist"":80,""far"":400.0,""kind"":""公示"",""asof"":""2026-01-01""},{""addr"":""東京都板橋区赤塚六丁目１８４５番２外"",""use"":""1低専"",""price"":478000,""tsubo"":1580165,""yoy"":5.1,""dist"":600,""far"":80.0,""kind"":""基準"",""asof"":""2026-07-01""},{""addr"":""東京都板橋区赤塚１丁目２９８２番６"",""use"":""1中専"",""price"":469000,""tsubo"":1550413,""yoy"":5.6,""dist"":630,""far"":200.0,""kind"":""公示"",""asof"":""2026-01-01""}]"
下高井戸駅,4,3471074,9.55,1,2433058,3,3702479,"[{""addr"":""東京都杉並区下高井戸１丁目３番３"",""use"":""商業"",""price"":980000,""tsubo"":3239669,""yoy"":17.5,""dist"":100,""far"":400.0,""kind"":""公示"",""asof"":""2026-01-01""},{""addr"":""東京都世田谷区赤堤四丁目５３２番４"",""use"":""近商"",""price"":1170000,""tsubo"":3867768,""yoy"":9.3,""dist"":100,""far"":300.0,""kind"":""基準"",""asof"":""2026-07-01""},{""addr"":""東京都世田谷区松原３丁目８３７番２"",""use"":""商業"",""price"":1120000,""tsubo"":3702479,""yoy"":9.8,""dist"":420,""far"":400.0,""kind"":""公示"",""asof"":""2026-01-01""},{""addr"":""東京都世田谷区赤堤５丁目４８４番４２"",""use"":""1低専"",""price"":736000,""tsubo"":2433058,""yoy"":7.9,""dist"":560,""far"":150.0,""kind"":""公示"",""asof"":""2026-01-01""}]"
不動前駅,4,3851239,11.5,1,3438016,3,4264463,"[{""addr"":""東京都品川区西五反田五丁目４８４番４"",""use"":""近商"",""price"":1360000,""tsubo"":4495868,""yoy"":10.6,""dist"":70,""far"":300.0,""kind"":""基準"",""asof"":""2026-07-01""},{""addr"":""東京都品川区西五反田４丁目５５２番１０"",""use"":""準工"",""price"":1290000,""tsubo"":4264463,""yoy"":14.2,""dist"":400,""far"":300.0,""kind"":""公示"",""asof"":""2026-01-01""},{""addr"":""東京都品川区西五反田５丁目１６０番１０"",""use"":""準工"",""price"":1000000,""tsubo"":3305785,""yoy"":12.4,""dist"":500,""far"":300.0,""kind"":""公示"",""asof"":""2026-01-01""},{""addr"":""東京都品川区西五反田四丁目８１８番１０"",""use"":""1住居"",""price"":1040000,""tsubo"":3438016,""yoy"":9.5,""dist"":680,""far"":200.0,""kind"":""基準"",""asof"":""2026-07-01""}]"
世田谷代田駅,4,3066116,8.2,3,3173554,1,2958678,"[{""addr"":""東京都世田谷区代田２丁目６６８番１６５"",""use"":""1低専"",""price"":960000,""tsubo"":3173554,""yoy"":8.5,""dist"":300,""far"":150.0,""kind"":""公示"",""asof"":""2026-01-01""},{""addr"":""東京都世田谷区代田二丁目６６８番１６５"",""use"":""1低専"",""price"":990000,""tsubo"":3272727,""yoy"":7.6,""dist"":300,""far"":150.0,""kind"":""基準"",""asof"":""2026-07-01""},{""addr"":""東京都世田谷区代田１丁目３６８番２"",""use"":""近商"",""price"":895000,""tsubo"":2958678,""yoy"":9.1,""dist"":700,""far"":200.0,""kind"":""公示"",""asof"":""2026-01-01""},{""addr"":""東京都世田谷区代田１丁目３８１番１４"",""use"":""1低専"",""price"":860000,""tsubo"":2842975,""yoy"":7.9,""dist"":780,""far"":150.0,""kind"":""公示"",""asof"":""2026-01-01""}]"
世田谷駅,3,2641322,6.7,2,2581818,1,3256198,"[{""addr"":""東京都世田谷区世田谷４丁目１１５番３"",""use"":""2住居"",""price"":799000,""tsubo"":2641322,""yoy"":6.7,""dist"":190,""far"":300.0,""kind"":""公示"",""asof"":""2026-01-01""},{""addr"":""東京都世田谷区世田谷三丁目８２３番５"",""use"":""近商"",""price"":985000,""tsubo"":3256198,""yoy"":6.7,""dist"":220,""far"":300.0,""kind"":""基準"",""asof"":""2026-07-01""},{""addr"":""東京都世田谷区世田谷一丁目２０７番５"",""use"":""1低専"",""price"":763000,""tsubo"":2522314,""yoy"":6.1,""dist"":500,""far"":150.0,""kind"":""基準"",""asof"":""2026-07-01""}]"
両国駅,6,4198347,15.4,0,,6,4198347,"[{""addr"":""東京都墨田区緑一丁目１９番２"",""use"":""商業"",""price"":1610000,""tsubo"":5322314,""yoy"":15.8,""dist"":1,""far"":600.0,""kind"":""基準"",""asof"":""2026-07-01""},{""addr"":""東京都墨田区両国２丁目７番１６"",""use"":""商業"",""price"":1310000,""tsubo"":4330578,""yoy"":18.0,""dist"":130,""far"":500.0,""kind"":""公示"",""asof"":""2026-01-01""},{""addr"":""東京都墨田区緑一丁目９番１３"",""use"":""商業"",""price"":925000,""tsubo"":3057851,""yoy"":13.1,""dist"":250,""far"":400.0,""kind"":""基準"",""asof"":""2026-07-01""},{""addr"":""東京都墨田区両国２丁目２番２外"",""use"":""商業"",""price"":1540000,""tsubo"":5090909,""yoy"":15.8,""dist"":310,""far"":600.0,""kind"":""公示"",""asof"":""2026-01-01""},{""addr"":""東京都墨田区緑２丁目１番４８"",""use"":""商業"",""price"":1230000,""tsubo"":4066116,""yoy"":15.0,""dist"":400,""far"":600.0,""kind"":""公示"",""asof"":""2026-01-01""},{""addr"":""東京都墨田区石原二丁目１番３"",""use"":""商業"",""price"":965000,""tsubo"":3190083,""yoy"":13.5,""dist"":580,""far"":500.0,""kind"":""基準"",""asof"":""2026-07-01""}]"
中井駅,3,2485950,12.2,2,2482644,1,3966942,"[{""addr"":""東京都新宿区中落合一丁目１８５９番９外"",""use"":""商業"",""price"":1200000,""tsubo"":3966942,""yoy"":17.6,""dist"":150,""far"":400.0,""kind"":""基準"",""asof"":""2026-07-01""},{""addr"":""東京都新宿区上落合三丁目８３０番２４外"",""use"":""1住居"",""price"":752000,""tsubo"":2485950,""yoy"":12.2,""dist"":400,""far"":300.0,""kind"":""基準"",""asof"":""2026-07-01""},{""addr"":""東京都新宿区中井２丁目２１５２番１０"",""use"":""1低専"",""price"":750000,""tsubo"":2479339,""yoy"":7.1,""dist"":790,""far"":100.0,""kind"":""公示"",""asof"":""2026-01-01""}]"
中央大学・明星大学駅,1,479339,3.6,1,479339,0,,"[{""addr"":""東京都八王子市大塚２４０番６０"",""use"":""1低専"",""price"":145000,""tsubo"":479339,""yoy"":3.6,""dist"":1300,""far"":80.0,""kind"":""基準"",""asof"":""2026-07-01""}]"
中延駅,3,3900826,11.3,1,2975206,2,4330578,"[{""addr"":""東京都品川区中延６丁目７４８番７"",""use"":""商業"",""price"":1440000,""tsubo"":4760330,""yoy"":17.1,""dist"":150,""far"":400.0,""kind"":""公示"",""asof"":""2026-01-01""},{""addr"":""東京都品川区豊町６丁目２２４番５"",""use"":""1住居"",""price"":900000,""tsubo"":2975206,""yoy"":0.0,""dist"":170,""far"":200.0,""kind"":""公示"",""asof"":""2026-01-01""},{""addr"":""東京都品川区東中延２丁目４４５番３外"",""use"":""近商"",""price"":1180000,""tsubo"":3900826,""yoy"":11.3,""dist"":170,""far"":400.0,""kind"":""公示"",""asof"":""2026-01-01""}]"
中村橋駅,7,1910744,7.2,6,1831405,1,3570248,"[{""addr"":""東京都練馬区中村北４丁目８番１４"",""use"":""商業"",""price"":1080000,""tsubo"":3570248,""yoy"":9.5,""dist"":180,""far"":500.0,""kind"":""公示"",""asof"":""2026-01-01""},{""addr"":""東京都練馬区向山１丁目１５番７外"",""use"":""1中専"",""price"":519000,""tsubo"":1715702,""yoy"":6.6,""dist"":500,""far"":200.0,""kind"":""公示"",""asof"":""2026-01-01""},{""addr"":""東京都練馬区中村北２丁目８番１９"",""use"":""1中専"",""price"":580000,""tsubo"":1917355,""yoy"":7.2,""dist"":700,""far"":200.0,""kind"":""公示"",""asof"":""2026-01-01""},{""addr"":""東京都練馬区中村三丁目３４番２４"",""use"":""1低専"",""price"":578000,""tsubo"":1910744,""yoy"":7.2,""dist"":800,""far"":200.0,""kind"":""基準"",""asof"":""2026-07-01""},{""addr"":""東京都練馬区貫井４丁目７８６番１２"",""use"":""準住居"",""price"":672000,""tsubo"":2221488,""yoy"":8.0,""dist"":840,""far"":300.0,""kind"":""公示"",""asof"":""2026-01-01""},{""addr"":""東京都練馬区向山４丁目１１４３番２３"",""use"":""1低専"",""price"":445000,""tsubo"":1471074,""yoy"":6.0,""dist"":900,""far"":100.0,""kind"":""公示"",""asof"":""2026-01-01""},{""addr"":""東京都練馬区中村２丁目２２番１２"",""use"":""1低専"",""price"":530000,""tsubo"":1752066,""yoy"":6.9,""dist"":970,""far"":200.0,""kind"":""公示"",""asof"":""2026-01-01""}]"
中板橋駅,6,2238016,9.3,4,2115702,2,3084297,"[{""addr"":""東京都板橋区中板橋２０番３６"",""use"":""商業"",""price"":1140000,""tsubo"":3768595,""yoy"":11.8,""dist"":70,""far"":400.0,""kind"":""基準"",""asof"":""2026-07-01""},{""addr"":""東京都板橋区弥生町２７番３"",""use"":""近商"",""price"":726000,""tsubo"":2400000,""yoy"":10.5,""dist"":200,""far"":300.0,""kind"":""公示"",""asof"":""2026-01-01""},{""addr"":""東京都板橋区中板橋１０番１９"",""use"":""1住居"",""price"":686000,""tsubo"":2267769,""yoy"":9.1,""dist"":410,""far"":300.0,""kind"":""公示"",""asof"":""2026-01-01""},{""addr"":""東京都板橋区仲町１２番６"",""use"":""1住居"",""price"":668000,""tsubo"":2208264,""yoy"":9.5,""dist"":580,""far"":300.0,""kind"":""公示"",""asof"":""2026-01-01""},{""addr"":""東京都板橋区富士見町３１番２０"",""use"":""1住居"",""price"":564000,""tsubo"":1864463,""yoy"":9.1,""dist"":630,""far"":300.0,""kind"":""公示"",""asof"":""2026-01-01""},{""addr"":""東京都板橋区双葉町２２番６外"",""use"":""1中専"",""price"":612000,""tsubo"":2023140,""yoy"":8.5,""dist"":650,""far"":200.0,""kind"":""基準"",""asof"":""2026-07-01""}]"
中河原駅,7,1047934,1.8,6,1047934,1,1322314,"[{""addr"":""東京都府中市住吉町１丁目３５番４外"",""use"":""近商"",""price"":400000,""tsubo"":1322314,""yoy"":0.3,""dist"":220,""far"":300.0,""kind"":""公示"",""asof"":""2026-01-01""},{""addr"":""東京都府中市住吉町５丁目２１番５１"",""use"":""1中専"",""price"":317000,""tsubo"":1047934,""yoy"":2.6,""dist"":500,""far"":200.0,""kind"":""公示"",""asof"":""2026-01-01""},{""addr"":""東京都府中市四谷１丁目１５番５"",""use"":""1低専"",""price"":318000,""tsubo"":1051240,""yoy"":1.0,""dist"":660,""far"":100.0,""kind"":""公示"",""asof"":""2026-01-01""},{""addr"":""東京都府中市南町３丁目３１番７６"",""use"":""1低専"",""price"":317000,""tsubo"":1047934,""yoy"":2.6,""dist"":750,""far"":80.0,""kind"":""公示"",""asof"":""2026-01-01""},{""addr"":""東京都府中市南町三丁目３１番７６"",""use"":""1低専"",""price"":318000,""tsubo"":1051240,""yoy"":2.3,""dist"":750,""far"":80.0,""kind"":""基準"",""asof"":""2026-07-01""},{""addr"":""東京都府中市住吉町３丁目７９番６１"",""use"":""1低専"",""price"":276000,""tsubo"":912397,""yoy"":1.8,""dist"":1000,""far"":80.0,""kind"":""公示"",""asof"":""2026-01-01""},{""addr"":""東京都府中市南町五丁目１６番５０"",""use"":""1低専"",""price"":283000,""tsubo"":935537,""yoy"":1.8,""dist"":1200,""far"":80.0,""kind"":""基準"",""asof"":""2026-07-01""}]"
中目黒駅,9,5685950,15.1,3,4760330,6,8561983,"[{""addr"":""東京都目黒区上目黒３丁目１８６０番６外"",""use"":""商業"",""price"":6000000,""tsubo"":19834710,""yoy"":15.4,""dist"":0,""far"":500.0,""kind"":""公示"",""asof"":""2026-01-01""},{""addr"":""東京都目黒区上目黒三丁目１８６０番６外"",""use"":""商業"",""price"":6350000,""tsubo"":20991735,""yoy"":13.4,""dist"":1,""far"":500.0,""kind"":""基準"",""asof"":""2026-07-01""},{""addr"":""東京都目黒区上目黒二丁目１９６５番７３"",""use"":""商業"",""price"":2130000,""tsubo"":7041322,""yoy"":15.1,""dist"":190,""far"":400.0,""kind"":""基準"",""asof"":""2026-07-01""},{""addr"":""東京都目黒区青葉台一丁目１６３番１"",""use"":""準工"",""price"":1720000,""tsubo"":5685950,""yoy"":12.4,""dist"":480,""far"":200.0,""kind"":""基準"",""asof"":""2026-07-01""},{""addr"":""東京都目黒区上目黒３丁目１７７２番１４"",""use"":""1低専"",""price"":1360000,""tsubo"":4495868,""yoy"":15.3,""dist"":550,""far"":150.0,""kind"":""公示"",""asof"":""2026-01-01""},{""addr"":""東京都目黒区青葉台１丁目１３００番１"",""use"":""商業"",""price"":3050000,""tsubo"":10082644,""yoy"":15.1,""dist"":600,""far"":500.0,""kind"":""公示"",""asof"":""2026-01-01""},{""addr"":""東京都目黒区中目黒３丁目５３５番２８"",""use"":""1低専"",""price"":1440000,""tsubo"":4760330,""yoy"":12.5,""dist"":700,""far"":100.0,""kind"":""公示"",""asof"":""2026-01-01""},{""addr"":""東京都目黒区中目黒３丁目４８４番５"",""use"":""近商"",""price"":1210000,""tsubo"":4000000,""yoy"":12.0,""dist"":700,""far"":300.0,""kind"":""公示"",""asof"":""2026-01-01""},{""addr"":""東京都目黒区目黒２丁目７２１番１外"",""use"":""1住居"",""price"":1650000,""tsubo"":5454545,""yoy"":15.4,""dist"":1000,""far"":300.0,""kind"":""公示"",""asof"":""2026-01-01""}]"
中神駅,5,671074,2.8,3,671074,2,761983,"[{""addr"":""東京都昭島市朝日町三丁目１０３７番６外"",""use"":""近商"",""price"":280000,""tsubo"":925620,""yoy"":2.2,""dist"":300,""far"":300.0,""kind"":""基準"",""asof"":""2026-07-01""},{""addr"":""東京都昭島市築地町字仲平２４９番３３"",""use"":""1中専"",""price"":271000,""tsubo"":895868,""yoy"":1.5,""dist"":560,""far"":200.0,""kind"":""基準"",""asof"":""2026-07-01""},{""addr"":""東京都昭島市中神町１丁目７４４番１０外"",""use"":""1低専"",""price"":203000,""tsubo"":671074,""yoy"":3.0,""dist"":900,""far"":80.0,""kind"":""公示"",""asof"":""2026-01-01""},{""addr"":""東京都昭島市中神町二丁目４２８番５"",""use"":""1低専"",""price"":182000,""tsubo"":601653,""yoy"":2.8,""dist"":1300,""far"":80.0,""kind"":""基準"",""asof"":""2026-07-01""},{""addr"":""東京都昭島市武蔵野三丁目３５番"",""use"":""準工"",""price"":181000,""tsubo"":598347,""yoy"":4.0,""dist"":1300,""far"":200.0,""kind"":""基準"",""asof"":""2026-07-01""}]"
中野坂上駅,8,3198347,11.8,6,2872727,2,8942148,"[{""addr"":""東京都中野区本町２丁目４３２番１１"",""use"":""商業"",""price"":2890000,""tsubo"":9553719,""yoy"":19.9,""dist"":50,""far"":500.0,""kind"":""公示"",""asof"":""2026-01-01""},{""addr"":""東京都中野区中央１丁目６１２番１"",""use"":""1中専"",""price"":1500000,""tsubo"":4958678,""yoy"":17.2,""dist"":270,""far"":200.0,""kind"":""公示"",""asof"":""2026-01-01""},{""addr"":""東京都中野区中央一丁目３１番２８"",""use"":""1中専"",""price"":1030000,""tsubo"":3404959,""yoy"":10.3,""dist"":360,""far"":200.0,""kind"":""基準"",""asof"":""2026-07-01""},{""addr"":""東京都中野区本町三丁目６３番６"",""use"":""商業"",""price"":2520000,""tsubo"":8330578,""yoy"":17.2,""dist"":410,""far"":500.0,""kind"":""基準"",""asof"":""2026-07-01""},{""addr"":""東京都中野区中央２丁目４２番５"",""use"":""1中専"",""price"":774000,""tsubo"":2558678,""yoy"":9.0,""dist"":480,""far"":200.0,""kind"":""公示"",""asof"":""2026-01-01""},{""addr"":""東京都中野区中央二丁目４２番５"",""use"":""1中専"",""price"":810000,""tsubo"":2677686,""yoy"":10.8,""dist"":480,""far"":200.0,""kind"":""基準"",""asof"":""2026-07-01""},{""addr"":""東京都中野区本町２丁目３６番１５"",""use"":""1中専"",""price"":833000,""tsubo"":2753719,""yoy"":8.5,""dist"":550,""far"":200.0,""kind"":""公示"",""asof"":""2026-01-01""},{""addr"":""東京都新宿区北新宿二丁目４５８番１３"",""use"":""1住居"",""price"":905000,""tsubo"":2991735,""yoy"":12.8,""dist"":700,""far"":300.0,""kind"":""基準"",""asof"":""2026-07-01""}]"
中野富士見町駅,3,4396694,17.1,1,2664463,2,4462809,"[{""addr"":""東京都中野区弥生町五丁目５番７"",""use"":""近商"",""price"":1370000,""tsubo"":4528925,""yoy"":17.1,""dist"":460,""far"":400.0,""kind"":""基準"",""asof"":""2026-07-01""},{""addr"":""東京都中野区弥生町５丁目５６番９外"",""use"":""1低専"",""price"":806000,""tsubo"":2664463,""yoy"":8.0,""dist"":550,""far"":150.0,""kind"":""公示"",""asof"":""2026-01-01""},{""addr"":""東京都中野区南台２丁目９４番２２外"",""use"":""近商"",""price"":1330000,""tsubo"":4396694,""yoy"":18.8,""dist"":840,""far"":400.0,""kind"":""公示"",""asof"":""2026-01-01""}]"
中野新橋駅,2,4471074,13.7,1,2528926,1,6413223,"[{""addr"":""東京都中野区弥生町２丁目２４番７外"",""use"":""商業"",""price"":1940000,""tsubo"":6413223,""yoy"":18.3,""dist"":0,""far"":400.0,""kind"":""公示"",""asof"":""2026-01-01""},{""addr"":""東京都中野区弥生町４丁目２６番３"",""use"":""1中専"",""price"":765000,""tsubo"":2528926,""yoy"":9.1,""dist"":450,""far"":200.0,""kind"":""公示"",""asof"":""2026-01-01""}]"
中野駅,18,5818181,17.95,6,3305785,12,6909090,"[{""addr"":""東京都中野区中野３丁目１０７番１０外"",""use"":""商業"",""price"":8270000,""tsubo"":27338842,""yoy"":24.0,""dist"":0,""far"":600.0,""kind"":""公示"",""asof"":""2026-01-01""},{""addr"":""東京都中野区中野五丁目３０番７"",""use"":""商業"",""price"":8100000,""tsubo"":26776858,""yoy"":7.7,""dist"":70,""far"":600.0,""kind"":""基準"",""asof"":""2026-07-01""},{""addr"":""東京都中野区中野５丁目２１番７"",""use"":""商業"",""price"":5410000,""tsubo"":17884297,""yoy"":23.8,""dist"":250,""far"":600.0,""kind"":""公示"",""asof"":""2026-01-01""},{""addr"":""東京都中野区中野五丁目２１番７"",""use"":""商業"",""price"":6000000,""tsubo"":19834710,""yoy"":25.0,""dist"":250,""far"":600.0,""kind"":""基準"",""asof"":""2026-07-01""},{""addr"":""東京都中野区中野３丁目１１１番５２外"",""use"":""商業"",""price"":2040000,""tsubo"":6743801,""yoy"":20.7,""dist"":270,""far"":600.0,""kind"":""公示"",""asof"":""2026-01-01""},{""addr"":""東京都中野区中野２丁目１２番１"",""use"":""近商"",""price"":1940000,""tsubo"":6413223,""yoy"":19.0,""dist"":280,""far"":300.0,""kind"":""公示"",""asof"":""2026-01-01""},{""addr"":""東京都中野区中野５丁目２０番２１"",""use"":""商業"",""price"":2360000,""tsubo"":7801653,""yoy"":18.0,""dist"":300,""far"":600.0,""kind"":""公示"",""asof"":""2026-01-01""},{""addr"":""東京都中野区中野２丁目９番１８"",""use"":""1中専"",""price"":1100000,""tsubo"":3636364,""yoy"":10.3,""dist"":450,""far"":200.0,""kind"":""公示"",""asof"":""2026-01-01""},{""addr"":""東京都中野区中野３丁目１９番１０"",""use"":""1中専"",""price"":950000,""tsubo"":3140496,""yoy"":11.1,""dist"":460,""far"":200.0,""kind"":""公示"",""asof"":""2026-01-01""},{""addr"":""東京都中野区中野３丁目２番１"",""use"":""1中専"",""price"":1190000,""tsubo"":3933884,""yoy"":11.2,""dist"":500,""far"":200.0,""kind"":""公示"",""asof"":""2026-01-01""}]"
乃木坂駅,1,22314049,15.4,0,,1,22314049,"[{""addr"":""東京都港区赤坂八丁目３３１番４"",""use"":""商業"",""price"":6750000,""tsubo"":22314049,""yoy"":15.4,""dist"":130,""far"":500.0,""kind"":""基準"",""asof"":""2026-07-01""}]"
久が原駅,5,2390083,7.0,3,2115702,2,2950413,"[{""addr"":""東京都大田区東嶺町１３４番４８"",""use"":""1低専"",""price"":624000,""tsubo"":2062810,""yoy"":7.0,""dist"":150,""far"":100.0,""kind"":""公示"",""asof"":""2026-01-01""},{""addr"":""東京都大田区久が原３丁目１０５２番１０"",""use"":""近商"",""price"":865000,""tsubo"":2859504,""yoy"":8.4,""dist"":240,""far"":300.0,""kind"":""公示"",""asof"":""2026-01-01""},{""addr"":""東京都大田区久が原三丁目１０５２番１０"",""use"":""近商"",""price"":920000,""tsubo"":3041322,""yoy"":10.8,""dist"":240,""far"":300.0,""kind"":""基準"",""asof"":""2026-07-01""},{""addr"":""東京都大田区久が原３丁目１０３９番３"",""use"":""1中専"",""price"":723000,""tsubo"":2390083,""yoy"":6.5,""dist"":400,""far"":200.0,""kind"":""公示"",""asof"":""2026-01-01""},{""addr"":""東京都大田区久が原１丁目１１４７番１"",""use"":""1低専"",""price"":640000,""tsubo"":2115702,""yoy"":6.7,""dist"":750,""far"":100.0,""kind"":""公示"",""asof"":""2026-01-01""}]"
久我山駅,9,2604959,9.1,6,2031404,3,3603306,"[{""addr"":""東京都杉並区久我山四丁目２３８番３外"",""use"":""近商"",""price"":1020000,""tsubo"":3371901,""yoy"":15.9,""dist"":90,""far"":300.0,""kind"":""基準"",""asof"":""2026-07-01""},{""addr"":""東京都杉並区久我山５丁目２８３番７外"",""use"":""2中専"",""price"":788000,""tsubo"":2604959,""yoy"":9.1,""dist"":330,""far"":200.0,""kind"":""公示"",""asof"":""2026-01-01""},{""addr"":""東京都杉並区久我山１丁目３７０番４"",""use"":""準工"",""price"":1090000,""tsubo"":3603306,""yoy"":15.5,""dist"":570,""far"":200.0,""kind"":""公示"",""asof"":""2026-01-01""},{""addr"":""東京都杉並区久我山一丁目３７０番４"",""use"":""準工"",""price"":1160000,""tsubo"":3834711,""yoy"":14.9,""dist"":570,""far"":200.0,""kind"":""基準"",""asof"":""2026-07-01""},{""addr"":""東京都杉並区宮前４丁目１４５番１外"",""use"":""1低専"",""price"":663000,""tsubo"":2191735,""yoy"":7.8,""dist"":600,""far"":100.0,""kind"":""公示"",""asof"":""2026-01-01""},{""addr"":""東京都杉並区久我山１丁目６８８番２３"",""use"":""1低専"",""price"":566000,""tsubo"":1871074,""yoy"":7.4,""dist"":870,""far"":100.0,""kind"":""公示"",""asof"":""2026-01-01""},{""addr"":""東京都杉並区宮前４丁目１２０番９"",""use"":""準住居"",""price"":846000,""tsubo"":2796694,""yoy"":11.3,""dist"":1000,""far"":200.0,""kind"":""公示"",""asof"":""2026-01-01""},{""addr"":""東京都三鷹市牟礼１丁目１４７８番１５"",""use"":""1低専"",""price"":430000,""tsubo"":1421488,""yoy"":4.9,""dist"":1200,""far"":80.0,""kind"":""公示"",""asof"":""2026-01-01""},{""addr"":""東京都世田谷区北烏山７丁目２２２４番７"",""use"":""1低専"",""price"":428000,""tsubo"":1414876,""yoy"":4.6,""dist"":1400,""far"":100.0,""kind"":""公示"",""asof"":""2026-01-01""}]"
久米川駅,11,968595,3.4,7,730578,4,1256198,"[{""addr"":""東京都東村山市栄町１丁目６番８"",""use"":""商業"",""price"":378000,""tsubo"":1249587,""yoy"":3.6,""dist"":140,""far"":400.0,""kind"":""公示"",""asof"":""2026-01-01""},{""addr"":""東京都東村山市栄町一丁目６番８"",""use"":""商業"",""price"":382000,""tsubo"":1262810,""yoy"":3.0,""dist"":140,""far"":400.0,""kind"":""基準"",""asof"":""2026-07-01""},{""addr"":""東京都東村山市栄町２丁目２２番２４"",""use"":""商業"",""price"":491000,""tsubo"":1623140,""yoy"":3.8,""dist"":180,""far"":400.0,""kind"":""公示"",""asof"":""2026-01-01""},{""addr"":""東京都東村山市栄町２丁目３２番８"",""use"":""商業"",""price"":322000,""tsubo"":1064463,""yoy"":3.5,""dist"":270,""far"":400.0,""kind"":""公示"",""asof"":""2026-01-01""},{""addr"":""東京都東村山市栄町３丁目４番１５"",""use"":""1住居"",""price"":293000,""tsubo"":968595,""yoy"":3.5,""dist"":400,""far"":300.0,""kind"":""公示"",""asof"":""2026-01-01""},{""addr"":""東京都東村山市栄町三丁目４番１５"",""use"":""1住居"",""price"":300000,""tsubo"":991736,""yoy"":3.4,""dist"":400,""far"":300.0,""kind"":""基準"",""asof"":""2026-07-01""},{""addr"":""東京都東村山市栄町３丁目２番２"",""use"":""1中専"",""price"":266000,""tsubo"":879339,""yoy"":3.9,""dist"":450,""far"":200.0,""kind"":""公示"",""asof"":""2026-01-01""},{""addr"":""東京都東村山市恩多町三丁目４０番２２"",""use"":""1低専"",""price"":221000,""tsubo"":730578,""yoy"":2.8,""dist"":920,""far"":100.0,""kind"":""基準"",""asof"":""2026-07-01""},{""addr"":""東京都東村山市恩多町３丁目２６番６外"",""use"":""1低専"",""price"":191000,""tsubo"":631405,""yoy"":3.2,""dist"":1200,""far"":100.0,""kind"":""公示"",""asof"":""2026-01-01""},{""addr"":""東京都東村山市恩多町５丁目３番４１"",""use"":""1低専"",""price"":187000,""tsubo"":618182,""yoy"":3.3,""dist"":1400,""far"":100.0,""kind"":""公示"",""asof"":""2026-01-01""}]"
九品仏駅,4,3269421,6.7,3,3034711,1,3636364,"[{""addr"":""東京都世田谷区奥沢八丁目２３６番１０"",""use"":""近商"",""price"":1100000,""tsubo"":3636364,""yoy"":7.8,""dist"":90,""far"":300.0,""kind"":""基準"",""asof"":""2026-07-01""},{""addr"":""東京都世田谷区奥沢７丁目１０１番２"",""use"":""1低専"",""price"":1060000,""tsubo"":3504132,""yoy"":7.1,""dist"":300,""far"":150.0,""kind"":""公示"",""asof"":""2026-01-01""},{""addr"":""東京都世田谷区奥沢８丁目２７１番１３"",""use"":""1低専"",""price"":918000,""tsubo"":3034711,""yoy"":6.3,""dist"":400,""far"":100.0,""kind"":""公示"",""asof"":""2026-01-01""},{""addr"":""東京都世田谷区尾山台一丁目１６番１外"",""use"":""1低専"",""price"":724000,""tsubo"":2393388,""yoy"":3.4,""dist"":760,""far"":80.0,""kind"":""基準"",""asof"":""2026-07-01""}]"
九段下駅,2,14132231,10.45,1,13454545,1,14809917,"[{""addr"":""東京都千代田区九段南２丁目１番２外"",""use"":""商業"",""price"":4480000,""tsubo"":14809917,""yoy"":10.3,""dist"":320,""far"":700.0,""kind"":""公示"",""asof"":""2026-01-01""},{""addr"":""東京都千代田区九段北２丁目６番２６"",""use"":""1住居"",""price"":4070000,""tsubo"":13454545,""yoy"":10.6,""dist"":450,""far"":400.0,""kind"":""公示"",""asof"":""2026-01-01""}]"
亀戸駅,14,2915702,14.5,2,1882645,12,3262810,"[{""addr"":""東京都江東区亀戸５丁目２番"",""use"":""商業"",""price"":2920000,""tsubo"":9652892,""yoy"":19.2,""dist"":150,""far"":700.0,""kind"":""公示"",""asof"":""2026-01-01""},{""addr"":""東京都江東区亀戸６丁目１７番５"",""use"":""商業"",""price"":944000,""tsubo"":3120661,""yoy"":17.4,""dist"":320,""far"":500.0,""kind"":""公示"",""asof"":""2026-01-01""},{""addr"":""東京都江東区亀戸二丁目２８番２"",""use"":""商業"",""price"":1080000,""tsubo"":3570248,""yoy"":16.1,""dist"":350,""far"":500.0,""kind"":""基準"",""asof"":""2026-07-01""},{""addr"":""東京都江東区亀戸四丁目１２２番"",""use"":""近商"",""price"":820000,""tsubo"":2710744,""yoy"":13.9,""dist"":470,""far"":300.0,""kind"":""基準"",""asof"":""2026-07-01""},{""addr"":""東京都江東区亀戸１丁目８番１４外"",""use"":""商業"",""price"":1320000,""tsubo"":4363636,""yoy"":18.9,""dist"":500,""far"":700.0,""kind"":""公示"",""asof"":""2026-01-01""},{""addr"":""東京都江東区亀戸一丁目８番１４外"",""use"":""商業"",""price"":1390000,""tsubo"":4595041,""yoy"":15.8,""dist"":500,""far"":700.0,""kind"":""基準"",""asof"":""2026-07-01""},{""addr"":""東京都江東区亀戸１丁目２５番１３"",""use"":""準工"",""price"":725000,""tsubo"":2396694,""yoy"":10.4,""dist"":510,""far"":300.0,""kind"":""公示"",""asof"":""2026-01-01""},{""addr"":""東京都江東区亀戸５丁目２０６番６"",""use"":""1住居"",""price"":560000,""tsubo"":1851240,""yoy"":9.4,""dist"":550,""far"":300.0,""kind"":""公示"",""asof"":""2026-01-01""},{""addr"":""東京都江東区亀戸４丁目３３番１３"",""use"":""準工"",""price"":594000,""tsubo"":1963636,""yoy"":11.0,""dist"":750,""far"":300.0,""kind"":""公示"",""asof"":""2026-01-01""},{""addr"":""東京都江東区亀戸七丁目３番６外"",""use"":""準工"",""price"":622000,""tsubo"":2056198,""yoy"":11.9,""dist"":750,""far"":300.0,""kind"":""基準"",""asof"":""2026-07-01""}]"
亀有駅,14,1441322,6.65,8,1315702,6,3128925,"[{""addr"":""東京都葛飾区亀有五丁目１３１番２"",""use"":""商業"",""price"":1400000,""tsubo"":4628099,""yoy"":12.0,""dist"":0,""far"":500.0,""kind"":""基準"",""asof"":""2026-07-01""},{""addr"":""東京都葛飾区亀有５丁目８６番１"",""use"":""商業"",""price"":899000,""tsubo"":2971901,""yoy"":14.8,""dist"":220,""far"":500.0,""kind"":""公示"",""asof"":""2026-01-01""},{""addr"":""東京都葛飾区亀有３丁目６４３番２"",""use"":""商業"",""price"":994000,""tsubo"":3285950,""yoy"":15.0,""dist"":230,""far"":500.0,""kind"":""公示"",""asof"":""2026-01-01""},{""addr"":""東京都葛飾区亀有三丁目６４３番２"",""use"":""商業"",""price"":1080000,""tsubo"":3570248,""yoy"":16.1,""dist"":230,""far"":500.0,""kind"":""基準"",""asof"":""2026-07-01""},{""addr"":""東京都葛飾区亀有２丁目１３３番２"",""use"":""近商"",""price"":521000,""tsubo"":1722314,""yoy"":12.8,""dist"":620,""far"":300.0,""kind"":""公示"",""asof"":""2026-01-01""},{""addr"":""東京都足立区中川二丁目２１４番２"",""use"":""1住居"",""price"":439000,""tsubo"":1451240,""yoy"":4.8,""dist"":620,""far"":300.0,""kind"":""基準"",""asof"":""2026-07-01""},{""addr"":""東京都葛飾区西亀有四丁目４２番２"",""use"":""1住居"",""price"":433000,""tsubo"":1431405,""yoy"":7.2,""dist"":850,""far"":200.0,""kind"":""基準"",""asof"":""2026-07-01""},{""addr"":""東京都足立区東和２丁目４５番３外"",""use"":""近商"",""price"":448000,""tsubo"":1480992,""yoy"":6.9,""dist"":900,""far"":300.0,""kind"":""公示"",""asof"":""2026-01-01""},{""addr"":""東京都葛飾区亀有２丁目１８４番２"",""use"":""1住居"",""price"":408000,""tsubo"":1348760,""yoy"":5.2,""dist"":930,""far"":200.0,""kind"":""公示"",""asof"":""2026-01-01""},{""addr"":""東京都足立区中川３丁目２０番９"",""use"":""1中専"",""price"":380000,""tsubo"":1256198,""yoy"":6.4,""dist"":1000,""far"":200.0,""kind"":""公示"",""asof"":""2026-01-01""}]"
二俣尾駅,1,148760,0.0,1,148760,0,,"[{""addr"":""東京都青梅市柚木町２丁目４１６番２"",""use"":""1低専"",""price"":45000,""tsubo"":148760,""yoy"":0.0,""dist"":970,""far"":80.0,""kind"":""公示"",""asof"":""2026-01-01""}]"
二子玉川駅,7,3259504,7.6,4,2806611,3,6347107,"[{""addr"":""東京都世田谷区玉川二丁目１５１６番１"",""use"":""商業"",""price"":3600000,""tsubo"":11900826,""yoy"":11.1,""dist"":180,""far"":500.0,""kind"":""基準"",""asof"":""2026-07-01""},{""addr"":""東京都世田谷区玉川３丁目１５９６番３"",""use"":""近商"",""price"":1920000,""tsubo"":6347107,""yoy"":11.0,""dist"":200,""far"":300.0,""kind"":""公示"",""asof"":""2026-01-01""},{""addr"":""東京都世田谷区玉川１丁目６７番２"",""use"":""1住居"",""price"":1010000,""tsubo"":3338843,""yoy"":8.1,""dist"":580,""far"":200.0,""kind"":""公示"",""asof"":""2026-01-01""},{""addr"":""東京都世田谷区瀬田１丁目９４９番３"",""use"":""1低専"",""price"":871000,""tsubo"":2879339,""yoy"":6.2,""dist"":600,""far"":100.0,""kind"":""公示"",""asof"":""2026-01-01""},{""addr"":""東京都世田谷区玉川４丁目１６６７番８"",""use"":""近商"",""price"":986000,""tsubo"":3259504,""yoy"":7.6,""dist"":620,""far"":300.0,""kind"":""公示"",""asof"":""2026-01-01""},{""addr"":""東京都世田谷区玉川４丁目１３９番３２"",""use"":""1低専"",""price"":827000,""tsubo"":2733884,""yoy"":6.4,""dist"":950,""far"":100.0,""kind"":""公示"",""asof"":""2026-01-01""},{""addr"":""東京都世田谷区岡本二丁目６１７番４"",""use"":""1低専"",""price"":667000,""tsubo"":2204959,""yoy"":6.2,""dist"":1300,""far"":100.0,""kind"":""基準"",""asof"":""2026-07-01""}]"
五反田駅,8,10545454,17.15,1,6016529,7,10545454,"[{""addr"":""東京都品川区西五反田１丁目２番３外"",""use"":""商業"",""price"":7930000,""tsubo"":26214875,""yoy"":18.4,""dist"":100,""far"":800.0,""kind"":""公示"",""asof"":""2026-01-01""},{""addr"":""東京都品川区西五反田２丁目９番１"",""use"":""商業"",""price"":3190000,""tsubo"":10545454,""yoy"":18.6,""dist"":270,""far"":700.0,""kind"":""公示"",""asof"":""2026-01-01""},{""addr"":""東京都品川区東五反田１丁目１８番３外"",""use"":""商業"",""price"":2550000,""tsubo"":8429752,""yoy"":17.0,""dist"":370,""far"":700.0,""kind"":""公示"",""asof"":""2026-01-01""},{""addr"":""東京都品川区西五反田２丁目２９番９外"",""use"":""商業"",""price"":3930000,""tsubo"":12991735,""yoy"":16.3,""dist"":370,""far"":800.0,""kind"":""公示"",""asof"":""2026-01-01""},{""addr"":""東京都品川区東五反田２丁目４０１番８"",""use"":""商業"",""price"":3190000,""tsubo"":10545454,""yoy"":17.7,""dist"":400,""far"":500.0,""kind"":""公示"",""asof"":""2026-01-01""},{""addr"":""東京都品川区大崎５丁目１６番１"",""use"":""準工"",""price"":1630000,""tsubo"":5388430,""yoy"":17.3,""dist"":510,""far"":300.0,""kind"":""公示"",""asof"":""2026-01-01""},{""addr"":""東京都品川区東五反田１丁目９２番４"",""use"":""商業"",""price"":3300000,""tsubo"":10909090,""yoy"":16.6,""dist"":530,""far"":500.0,""kind"":""公示"",""asof"":""2026-01-01""},{""addr"":""東京都品川区東五反田５丁目６０番２８８"",""use"":""1低専"",""price"":1820000,""tsubo"":6016529,""yoy"":14.5,""dist"":570,""far"":150.0,""kind"":""公示"",""asof"":""2026-01-01""}]"
五反野駅,5,1527273,5.2,2,1290909,3,1791735,"[{""addr"":""東京都足立区西綾瀬二丁目１００６番５"",""use"":""近商"",""price"":590000,""tsubo"":1950413,""yoy"":3.3,""dist"":240,""far"":300.0,""kind"":""基準"",""asof"":""2026-07-01""},{""addr"":""東京都足立区中央本町２丁目３２番１４"",""use"":""近商"",""price"":462000,""tsubo"":1527273,""yoy"":7.4,""dist"":470,""far"":300.0,""kind"":""公示"",""asof"":""2026-01-01""},{""addr"":""東京都足立区西綾瀬２丁目１６１８番１０"",""use"":""1中専"",""price"":381000,""tsubo"":1259504,""yoy"":5.2,""dist"":550,""far"":200.0,""kind"":""公示"",""asof"":""2026-01-01""},{""addr"":""東京都足立区弘道１丁目３６１番１０外"",""use"":""1中専"",""price"":400000,""tsubo"":1322314,""yoy"":5.0,""dist"":600,""far"":200.0,""kind"":""公示"",""asof"":""2026-01-01""},{""addr"":""東京都足立区足立４丁目１７８５番１"",""use"":""商業"",""price"":542000,""tsubo"":1791735,""yoy"":7.1,""dist"":700,""far"":500.0,""kind"":""公示"",""asof"":""2026-01-01""}]"
井の頭公園駅,4,1880991,5.65,3,1652892,1,2109091,"[{""addr"":""東京都三鷹市井の頭３丁目３５９番７８"",""use"":""1低専"",""price"":746000,""tsubo"":2466116,""yoy"":5.1,""dist"":330,""far"":80.0,""kind"":""公示"",""asof"":""2026-01-01""},{""addr"":""東京都三鷹市井の頭４丁目３７９番３８"",""use"":""近商"",""price"":638000,""tsubo"":2109091,""yoy"":7.6,""dist"":600,""far"":200.0,""kind"":""公示"",""asof"":""2026-01-01""},{""addr"":""東京都三鷹市牟礼４丁目６３９番１４"",""use"":""1低専"",""price"":488000,""tsubo"":1613223,""yoy"":4.9,""dist"":1500,""far"":80.0,""kind"":""公示"",""asof"":""2026-01-01""},{""addr"":""東京都三鷹市牟礼四丁目６３９番１４"",""use"":""1低専"",""price"":500000,""tsubo"":1652892,""yoy"":6.2,""dist"":1500,""far"":80.0,""kind"":""基準"",""asof"":""2026-07-01""}]"
井荻駅,4,2408264,10.0,2,1937190,2,2790082,"[{""addr"":""東京都杉並区上井草一丁目６６番１外"",""use"":""近商"",""price"":848000,""tsubo"":2803306,""yoy"":13.1,""dist"":180,""far"":300.0,""kind"":""基準"",""asof"":""2026-07-01""},{""addr"":""東京都杉並区上井草一丁目１９０番８外"",""use"":""近商"",""price"":840000,""tsubo"":2776859,""yoy"":13.8,""dist"":590,""far"":300.0,""kind"":""基準"",""asof"":""2026-07-01""},{""addr"":""東京都杉並区上井草２丁目６７番１３"",""use"":""1低専"",""price"":555000,""tsubo"":1834711,""yoy"":6.9,""dist"":620,""far"":100.0,""kind"":""公示"",""asof"":""2026-01-01""},{""addr"":""東京都杉並区清水３丁目２０９番１"",""use"":""1低専"",""price"":617000,""tsubo"":2039669,""yoy"":4.6,""dist"":900,""far"":100.0,""kind"":""公示"",""asof"":""2026-01-01""}]"
京急蒲田駅,15,3933884,10.9,4,2133884,11,4561983,"[{""addr"":""東京都大田区西蒲田７丁目６６番２"",""use"":""商業"",""price"":5650000,""tsubo"":18677685,""yoy"":15.3,""dist"":0,""far"":700.0,""kind"":""公示"",""asof"":""2026-01-01""},{""addr"":""東京都大田区蒲田４丁目１５番４１"",""use"":""商業"",""price"":1810000,""tsubo"":5983471,""yoy"":8.4,""dist"":0,""far"":500.0,""kind"":""公示"",""asof"":""2026-01-01""},{""addr"":""東京都大田区南蒲田１丁目１１番１２外"",""use"":""商業"",""price"":1380000,""tsubo"":4561983,""yoy"":11.3,""dist"":150,""far"":500.0,""kind"":""公示"",""asof"":""2026-01-01""},{""addr"":""東京都大田区蒲田５丁目１８番１６"",""use"":""商業"",""price"":3180000,""tsubo"":10512396,""yoy"":12.0,""dist"":170,""far"":700.0,""kind"":""公示"",""asof"":""2026-01-01""},{""addr"":""東京都大田区西蒲田７丁目４８番１６"",""use"":""商業"",""price"":2610000,""tsubo"":8628099,""yoy"":8.8,""dist"":170,""far"":600.0,""kind"":""公示"",""asof"":""2026-01-01""},{""addr"":""東京都大田区蒲田四丁目２２番１０"",""use"":""商業"",""price"":2500000,""tsubo"":8264463,""yoy"":16.8,""dist"":400,""far"":700.0,""kind"":""基準"",""asof"":""2026-07-01""},{""addr"":""東京都大田区西蒲田７丁目５１番９"",""use"":""商業"",""price"":1150000,""tsubo"":3801653,""yoy"":11.7,""dist"":430,""far"":500.0,""kind"":""公示"",""asof"":""2026-01-01""},{""addr"":""東京都大田区西蒲田七丁目５１番９"",""use"":""商業"",""price"":1250000,""tsubo"":4132231,""yoy"":14.7,""dist"":430,""far"":500.0,""kind"":""基準"",""asof"":""2026-07-01""},{""addr"":""東京都大田区西蒲田８丁目１６番１５"",""use"":""1住居"",""price"":689000,""tsubo"":2277686,""yoy"":9.5,""dist"":530,""far"":300.0,""kind"":""公示"",""asof"":""2026-01-01""},{""addr"":""東京都大田区蒲田三丁目１５番３"",""use"":""1住居"",""price"":620000,""tsubo"":2049587,""yoy"":8.4,""dist"":600,""far"":300.0,""kind"":""基準"",""asof"":""2026-07-01""}]"
京成上野駅,6,10462809,16.2,0,,6,10462809,"[{""addr"":""東京都台東区上野六丁目１０９番１"",""use"":""商業"",""price"":13800000,""tsubo"":45619833,""yoy"":12.2,""dist"":130,""far"":800.0,""kind"":""基準"",""asof"":""2026-07-01""},{""addr"":""東京都台東区上野７丁目４６番２外"",""use"":""商業"",""price"":2480000,""tsubo"":8198347,""yoy"":19.2,""dist"":180,""far"":600.0,""kind"":""公示"",""asof"":""2026-01-01""},{""addr"":""東京都台東区上野７丁目２８番１"",""use"":""商業"",""price"":2870000,""tsubo"":9487603,""yoy"":17.1,""dist"":320,""far"":700.0,""kind"":""公示"",""asof"":""2026-01-01""},{""addr"":""東京都台東区東上野三丁目１５３番"",""use"":""商業"",""price"":3460000,""tsubo"":11438016,""yoy"":15.3,""dist"":330,""far"":700.0,""kind"":""基準"",""asof"":""2026-07-01""},{""addr"":""東京都台東区東上野２丁目１５番１外"",""use"":""商業"",""price"":4700000,""tsubo"":15537190,""yoy"":14.4,""dist"":360,""far"":800.0,""kind"":""公示"",""asof"":""2026-01-01""},{""addr"":""東京都台東区東上野３丁目１１５番３外"",""use"":""商業"",""price"":1490000,""tsubo"":4925620,""yoy"":19.2,""dist"":360,""far"":500.0,""kind"":""公示"",""asof"":""2026-01-01""}]"
京成小岩駅,24,1578512,7.0,17,1319008,7,2866116,"[{""addr"":""東京都江戸川区西小岩１丁目１９３０番１"",""use"":""商業"",""price"":2000000,""tsubo"":6611570,""yoy"":11.1,""dist"":80,""far"":600.0,""kind"":""公示"",""asof"":""2026-01-01""},{""addr"":""東京都江戸川区北小岩六丁目４８８番１９"",""use"":""商業"",""price"":671000,""tsubo"":2218182,""yoy"":10.9,""dist"":80,""far"":400.0,""kind"":""基準"",""asof"":""2026-07-01""},{""addr"":""東京都江戸川区南小岩７丁目１８５８番２"",""use"":""商業"",""price"":867000,""tsubo"":2866116,""yoy"":7.0,""dist"":370,""far"":400.0,""kind"":""公示"",""asof"":""2026-01-01""},{""addr"":""東京都江戸川区南小岩七丁目１８５８番２"",""use"":""商業"",""price"":902000,""tsubo"":2981818,""yoy"":8.2,""dist"":370,""far"":400.0,""kind"":""基準"",""asof"":""2026-07-01""},{""addr"":""東京都葛飾区鎌倉４丁目４９０番５"",""use"":""近商"",""price"":380000,""tsubo"":1256198,""yoy"":8.3,""dist"":400,""far"":300.0,""kind"":""公示"",""asof"":""2026-01-01""},{""addr"":""東京都江戸川区西小岩一丁目１９１２番７外"",""use"":""商業"",""price"":1080000,""tsubo"":3570248,""yoy"":13.4,""dist"":400,""far"":600.0,""kind"":""基準"",""asof"":""2026-07-01""},{""addr"":""東京都江戸川区東小岩６丁目２６７６番５"",""use"":""近商"",""price"":513000,""tsubo"":1695868,""yoy"":7.5,""dist"":500,""far"":400.0,""kind"":""公示"",""asof"":""2026-01-01""},{""addr"":""東京都江戸川区東小岩６丁目２６７６番１０"",""use"":""1住居"",""price"":495000,""tsubo"":1636364,""yoy"":7.6,""dist"":510,""far"":300.0,""kind"":""公示"",""asof"":""2026-01-01""},{""addr"":""東京都江戸川区東小岩六丁目２６７６番１０"",""use"":""1住居"",""price"":510000,""tsubo"":1685950,""yoy"":8.5,""dist"":510,""far"":300.0,""kind"":""基準"",""asof"":""2026-07-01""},{""addr"":""東京都江戸川区北小岩六丁目３１１番６"",""use"":""1中専"",""price"":399000,""tsubo"":1319008,""yoy"":6.7,""dist"":590,""far"":150.0,""kind"":""基準"",""asof"":""2026-07-01""}]"
京成曳舟駅,5,2178512,12.9,0,,5,2178512,"[{""addr"":""東京都墨田区東向島二丁目３６番２"",""use"":""商業"",""price"":742000,""tsubo"":2452892,""yoy"":12.9,""dist"":350,""far"":400.0,""kind"":""基準"",""asof"":""2026-07-01""},{""addr"":""東京都墨田区東向島二丁目１１７番３外"",""use"":""商業"",""price"":809000,""tsubo"":2674380,""yoy"":12.8,""dist"":350,""far"":500.0,""kind"":""基準"",""asof"":""2026-07-01""},{""addr"":""東京都墨田区京島２丁目２１２番２７"",""use"":""準工"",""price"":476000,""tsubo"":1573554,""yoy"":13.1,""dist"":590,""far"":200.0,""kind"":""公示"",""asof"":""2026-01-01""},{""addr"":""東京都墨田区京島三丁目６２番２４"",""use"":""商業"",""price"":659000,""tsubo"":2178512,""yoy"":12.1,""dist"":600,""far"":400.0,""kind"":""基準"",""asof"":""2026-07-01""},{""addr"":""東京都墨田区八広１丁目８９番３１"",""use"":""商業"",""price"":565000,""tsubo"":1867769,""yoy"":13.0,""dist"":670,""far"":400.0,""kind"":""公示"",""asof"":""2026-01-01""}]"
京成立石駅,9,1338843,6.6,2,1408264,7,1319008,"[{""addr"":""東京都葛飾区東立石４丁目８０番１"",""use"":""商業"",""price"":780000,""tsubo"":2578512,""yoy"":16.1,""dist"":220,""far"":500.0,""kind"":""公示"",""asof"":""2026-01-01""},{""addr"":""東京都葛飾区東立石四丁目８０番１"",""use"":""商業"",""price"":845000,""tsubo"":2793388,""yoy"":17.4,""dist"":220,""far"":500.0,""kind"":""基準"",""asof"":""2026-07-01""},{""addr"":""東京都葛飾区立石４丁目４１番１"",""use"":""準工"",""price"":418000,""tsubo"":1381818,""yoy"":6.6,""dist"":450,""far"":200.0,""kind"":""公示"",""asof"":""2026-01-01""},{""addr"":""東京都葛飾区東立石４丁目１２７番５"",""use"":""準工"",""price"":389000,""tsubo"":1285950,""yoy"":6.3,""dist"":550,""far"":200.0,""kind"":""公示"",""asof"":""2026-01-01""},{""addr"":""東京都葛飾区立石八丁目１８２番７"",""use"":""1住居"",""price"":447000,""tsubo"":1477686,""yoy"":6.7,""dist"":600,""far"":200.0,""kind"":""基準"",""asof"":""2026-07-01""},{""addr"":""東京都葛飾区立石５丁目３１５番５"",""use"":""1中専"",""price"":405000,""tsubo"":1338843,""yoy"":5.5,""dist"":850,""far"":200.0,""kind"":""公示"",""asof"":""2026-01-01""},{""addr"":""東京都葛飾区立石２丁目２６２番５０"",""use"":""準工"",""price"":399000,""tsubo"":1319008,""yoy"":5.6,""dist"":900,""far"":200.0,""kind"":""公示"",""asof"":""2026-01-01""},{""addr"":""東京都葛飾区奥戸二丁目１２３１番５"",""use"":""準工"",""price"":354000,""tsubo"":1170248,""yoy"":5.4,""dist"":1200,""far"":200.0,""kind"":""基準"",""asof"":""2026-07-01""},{""addr"":""東京都葛飾区東四つ木二丁目２４０番９"",""use"":""工業"",""price"":297000,""tsubo"":981818,""yoy"":8.8,""dist"":1200,""far"":200.0,""kind"":""基準"",""asof"":""2026-07-01""}]"
京成金町駅,14,1442975,5.95,8,1395041,6,1737190,"[{""addr"":""東京都葛飾区金町６丁目１６３４番１外"",""use"":""商業"",""price"":1270000,""tsubo"":4198347,""yoy"":13.4,""dist"":0,""far"":500.0,""kind"":""公示"",""asof"":""2026-01-01""},{""addr"":""東京都葛飾区東金町一丁目２１３６番１６４外"",""use"":""商業"",""price"":717000,""tsubo"":2370248,""yoy"":12.0,""dist"":230,""far"":400.0,""kind"":""基準"",""asof"":""2026-07-01""},{""addr"":""東京都葛飾区金町５丁目１９２２番５１"",""use"":""1住居"",""price"":414000,""tsubo"":1368595,""yoy"":6.2,""dist"":300,""far"":200.0,""kind"":""公示"",""asof"":""2026-01-01""},{""addr"":""東京都葛飾区東金町３丁目１２番１１"",""use"":""近商"",""price"":501000,""tsubo"":1656198,""yoy"":8.9,""dist"":400,""far"":300.0,""kind"":""公示"",""asof"":""2026-01-01""},{""addr"":""東京都葛飾区金町２丁目１２４９番３"",""use"":""準工"",""price"":398000,""tsubo"":1315702,""yoy"":5.3,""dist"":540,""far"":200.0,""kind"":""公示"",""asof"":""2026-01-01""},{""addr"":""東京都葛飾区東金町２丁目３６５番５"",""use"":""1中専"",""price"":430000,""tsubo"":1421488,""yoy"":5.4,""dist"":550,""far"":200.0,""kind"":""公示"",""asof"":""2026-01-01""},{""addr"":""東京都葛飾区東金町１丁目３５００番１"",""use"":""準工"",""price"":550000,""tsubo"":1818182,""yoy"":8.3,""dist"":580,""far"":200.0,""kind"":""公示"",""asof"":""2026-01-01""},{""addr"":""東京都葛飾区東金町３丁目１０４番５"",""use"":""1住居"",""price"":443000,""tsubo"":1464463,""yoy"":5.5,""dist"":600,""far"":200.0,""kind"":""公示"",""asof"":""2026-01-01""},{""addr"":""東京都葛飾区東金町三丁目１０４番５"",""use"":""1住居"",""price"":459000,""tsubo"":1517355,""yoy"":6.7,""dist"":600,""far"":200.0,""kind"":""基準"",""asof"":""2026-07-01""},{""addr"":""東京都葛飾区金町三丁目８２５番２"",""use"":""2低専"",""price"":455000,""tsubo"":1504132,""yoy"":6.6,""dist"":720,""far"":200.0,""kind"":""基準"",""asof"":""2026-07-01""}]"
京成関屋駅,1,1166942,9.6,0,,1,1166942,"[{""addr"":""東京都足立区千住関屋町２１番６"",""use"":""工業"",""price"":353000,""tsubo"":1166942,""yoy"":9.6,""dist"":810,""far"":200.0,""kind"":""基準"",""asof"":""2026-07-01""}]"
京成高砂駅,4,1314050,6.4,3,1299174,1,2181818,"[{""addr"":""東京都葛飾区高砂５丁目７８２番４外"",""use"":""商業"",""price"":660000,""tsubo"":2181818,""yoy"":9.8,""dist"":80,""far"":400.0,""kind"":""公示"",""asof"":""2026-01-01""},{""addr"":""東京都葛飾区高砂二丁目１１９２番３外"",""use"":""1中専"",""price"":402000,""tsubo"":1328926,""yoy"":6.9,""dist"":500,""far"":200.0,""kind"":""基準"",""asof"":""2026-07-01""},{""addr"":""東京都葛飾区高砂８丁目６６１番３"",""use"":""1住居"",""price"":393000,""tsubo"":1299174,""yoy"":5.9,""dist"":600,""far"":200.0,""kind"":""公示"",""asof"":""2026-01-01""},{""addr"":""東京都葛飾区新宿１丁目１５６番１"",""use"":""1住居"",""price"":324000,""tsubo"":1071074,""yoy"":4.5,""dist"":1400,""far"":200.0,""kind"":""公示"",""asof"":""2026-01-01""}]"
京橋駅,3,56859502,5.5,0,,3,56859502,"[{""addr"":""東京都中央区京橋二丁目４番５外"",""use"":""商業"",""price"":17200000,""tsubo"":56859502,""yoy"":5.5,""dist"":1,""far"":800.0,""kind"":""基準"",""asof"":""2026-07-01""},{""addr"":""東京都中央区京橋１丁目６番１外"",""use"":""商業"",""price"":18400000,""tsubo"":60826444,""yoy"":2.8,""dist"":100,""far"":800.0,""kind"":""公示"",""asof"":""2026-01-01""},{""addr"":""東京都中央区京橋二丁目６番２８"",""use"":""商業"",""price"":4630000,""tsubo"":15305785,""yoy"":15.8,""dist"":120,""far"":700.0,""kind"":""基準"",""asof"":""2026-07-01""}]"
京王よみうりランド駅,4,953719,4.35,3,948760,1,985124,"[{""addr"":""東京都稲城市大字矢野口字松葉１９１５番５４"",""use"":""準工"",""price"":298000,""tsubo"":985124,""yoy"":3.1,""dist"":550,""far"":200.0,""kind"":""公示"",""asof"":""2026-01-01""},{""addr"":""東京都稲城市大字矢野口字根方２６５３番１"",""use"":""1低専"",""price"":290000,""tsubo"":958678,""yoy"":5.5,""dist"":630,""far"":80.0,""kind"":""公示"",""asof"":""2026-01-01""},{""addr"":""東京都稲城市大字矢野口字松葉２０９９番８外"",""use"":""1低専"",""price"":260000,""tsubo"":859504,""yoy"":4.0,""dist"":700,""far"":80.0,""kind"":""基準"",""asof"":""2026-07-01""},{""addr"":""東京都稲城市大字矢野口字根方２９８３番８"",""use"":""1低専"",""price"":287000,""tsubo"":948760,""yoy"":4.7,""dist"":850,""far"":80.0,""kind"":""基準"",""asof"":""2026-07-01""}]"
京王八王子駅,30,963636,6.75,12,727272,18,1404958,"[{""addr"":""東京都八王子市旭町１８番３"",""use"":""商業"",""price"":3000000,""tsubo"":9917355,""yoy"":5.6,""dist"":0,""far"":600.0,""kind"":""公示"",""asof"":""2026-01-01""},{""addr"":""東京都八王子市明神町三丁目５４７番４"",""use"":""商業"",""price"":2000000,""tsubo"":6611570,""yoy"":6.4,""dist"":70,""far"":600.0,""kind"":""基準"",""asof"":""2026-07-01""},{""addr"":""東京都八王子市子安町四丁目９５番３"",""use"":""近商"",""price"":630000,""tsubo"":2082645,""yoy"":8.6,""dist"":160,""far"":300.0,""kind"":""基準"",""asof"":""2026-07-01""},{""addr"":""東京都八王子市東町２４番１"",""use"":""商業"",""price"":1470000,""tsubo"":4859504,""yoy"":5.8,""dist"":200,""far"":600.0,""kind"":""公示"",""asof"":""2026-01-01""},{""addr"":""東京都八王子市明神町４丁目４７３番２外"",""use"":""商業"",""price"":480000,""tsubo"":1586777,""yoy"":6.9,""dist"":220,""far"":600.0,""kind"":""公示"",""asof"":""2026-01-01""},{""addr"":""東京都八王子市中町１２番５"",""use"":""商業"",""price"":700000,""tsubo"":2314050,""yoy"":12.9,""dist"":360,""far"":600.0,""kind"":""公示"",""asof"":""2026-01-01""},{""addr"":""東京都八王子市中町１２番５"",""use"":""商業"",""price"":730000,""tsubo"":2413223,""yoy"":12.8,""dist"":360,""far"":600.0,""kind"":""基準"",""asof"":""2026-07-01""},{""addr"":""東京都八王子市子安町１丁目５５２番９"",""use"":""1住居"",""price"":355000,""tsubo"":1173554,""yoy"":10.9,""dist"":400,""far"":200.0,""kind"":""公示"",""asof"":""2026-01-01""},{""addr"":""東京都八王子市子安町一丁目５５２番９"",""use"":""1住居"",""price"":375000,""tsubo"":1239669,""yoy"":10.3,""dist"":400,""far"":200.0,""kind"":""基準"",""asof"":""2026-07-01""},{""addr"":""東京都八王子市三崎町１９番４"",""use"":""商業"",""price"":482000,""tsubo"":1593388,""yoy"":8.6,""dist"":440,""far"":600.0,""kind"":""公示"",""asof"":""2026-01-01""}]"
京王堀之内駅,12,654545,6.55,11,654545,1,952066,"[{""addr"":""東京都八王子市堀之内三丁目３４番１外"",""use"":""近商"",""price"":288000,""tsubo"":952066,""yoy"":7.9,""dist"":200,""far"":300.0,""kind"":""基準"",""asof"":""2026-07-01""},{""addr"":""東京都八王子市松木３５番１８"",""use"":""2中専"",""price"":217000,""tsubo"":717355,""yoy"":8.5,""dist"":450,""far"":200.0,""kind"":""公示"",""asof"":""2026-01-01""},{""addr"":""東京都八王子市堀之内二丁目１０番４"",""use"":""準住居"",""price"":237000,""tsubo"":783471,""yoy"":4.9,""dist"":550,""far"":200.0,""kind"":""基準"",""asof"":""2026-07-01""},{""addr"":""東京都八王子市松木３２番１５外"",""use"":""準住居"",""price"":238000,""tsubo"":786777,""yoy"":5.8,""dist"":650,""far"":200.0,""kind"":""公示"",""asof"":""2026-01-01""},{""addr"":""東京都八王子市別所１丁目１８番３"",""use"":""2中専"",""price"":211000,""tsubo"":697521,""yoy"":5.5,""dist"":700,""far"":200.0,""kind"":""公示"",""asof"":""2026-01-01""},{""addr"":""東京都八王子市堀之内３丁目１７番１２"",""use"":""1低専"",""price"":198000,""tsubo"":654545,""yoy"":7.0,""dist"":700,""far"":80.0,""kind"":""公示"",""asof"":""2026-01-01""},{""addr"":""東京都八王子市堀之内二丁目１３番３外"",""use"":""2中専"",""price"":189000,""tsubo"":624793,""yoy"":5.0,""dist"":850,""far"":200.0,""kind"":""基準"",""asof"":""2026-07-01""},{""addr"":""東京都八王子市別所１丁目１８番１９"",""use"":""2中専"",""price"":198000,""tsubo"":654545,""yoy"":5.9,""dist"":920,""far"":200.0,""kind"":""公示"",""asof"":""2026-01-01""},{""addr"":""東京都八王子市堀之内２丁目２６番１２"",""use"":""2中専"",""price"":182000,""tsubo"":601653,""yoy"":6.4,""dist"":1100,""far"":200.0,""kind"":""公示"",""asof"":""2026-01-01""},{""addr"":""東京都八王子市越野２６番１３"",""use"":""2中専"",""price"":191000,""tsubo"":631405,""yoy"":7.3,""dist"":1100,""far"":200.0,""kind"":""公示"",""asof"":""2026-01-01""}]"
京王多摩センター駅,8,776859,5.05,6,752066,2,1272727,"[{""addr"":""東京都多摩市落合１丁目９番６外"",""use"":""商業"",""price"":489000,""tsubo"":1616529,""yoy"":5.4,""dist"":0,""far"":500.0,""kind"":""公示"",""asof"":""2026-01-01""},{""addr"":""東京都多摩市山王下一丁目１３番１９"",""use"":""近商"",""price"":281000,""tsubo"":928926,""yoy"":5.6,""dist"":550,""far"":300.0,""kind"":""基準"",""asof"":""2026-07-01""},{""addr"":""東京都多摩市落合１丁目２２番７"",""use"":""2住居"",""price"":266000,""tsubo"":879339,""yoy"":5.6,""dist"":800,""far"":300.0,""kind"":""公示"",""asof"":""2026-01-01""},{""addr"":""東京都多摩市鶴牧一丁目１２番１１"",""use"":""2中専"",""price"":234000,""tsubo"":773554,""yoy"":4.0,""dist"":900,""far"":200.0,""kind"":""基準"",""asof"":""2026-07-01""},{""addr"":""東京都多摩市乞田８３８番１"",""use"":""1住居"",""price"":216000,""tsubo"":714050,""yoy"":4.9,""dist"":1100,""far"":200.0,""kind"":""公示"",""asof"":""2026-01-01""},{""addr"":""東京都多摩市乞田８３８番１"",""use"":""1住居"",""price"":221000,""tsubo"":730578,""yoy"":5.2,""dist"":1100,""far"":200.0,""kind"":""基準"",""asof"":""2026-07-01""},{""addr"":""東京都多摩市乞田７４４番１"",""use"":""準住居"",""price"":236000,""tsubo"":780165,""yoy"":4.9,""dist"":1200,""far"":200.0,""kind"":""公示"",""asof"":""2026-01-01""},{""addr"":""東京都多摩市落合３丁目１１番１１"",""use"":""2中専"",""price"":207000,""tsubo"":684297,""yoy"":3.5,""dist"":1300,""far"":200.0,""kind"":""公示"",""asof"":""2026-01-01""}]"
京王多摩川駅,3,1778512,5.5,2,1809917,1,1778512,"[{""addr"":""東京都調布市多摩川５丁目６番２"",""use"":""商業"",""price"":538000,""tsubo"":1778512,""yoy"":5.5,""dist"":0,""far"":400.0,""kind"":""公示"",""asof"":""2026-01-01""},{""addr"":""東京都調布市多摩川６丁目２９番２"",""use"":""1低専"",""price"":349000,""tsubo"":1153719,""yoy"":3.6,""dist"":700,""far"":80.0,""kind"":""公示"",""asof"":""2026-01-01""},{""addr"":""東京都大田区田園調布一丁目１６番７"",""use"":""1低専"",""price"":746000,""tsubo"":2466116,""yoy"":6.9,""dist"":740,""far"":100.0,""kind"":""基準"",""asof"":""2026-07-01""}]"
京王永山駅,10,669421,4.0,9,667769,1,1176859,"[{""addr"":""東京都多摩市永山１丁目２番１３"",""use"":""近商"",""price"":356000,""tsubo"":1176859,""yoy"":5.6,""dist"":260,""far"":300.0,""kind"":""公示"",""asof"":""2026-01-01""},{""addr"":""東京都多摩市永山１丁目１５番４４"",""use"":""2中専"",""price"":236000,""tsubo"":780165,""yoy"":4.4,""dist"":500,""far"":200.0,""kind"":""公示"",""asof"":""2026-01-01""},{""addr"":""東京都多摩市乞田１２９５番２"",""use"":""準住居"",""price"":249000,""tsubo"":823140,""yoy"":5.5,""dist"":780,""far"":300.0,""kind"":""基準"",""asof"":""2026-07-01""},{""addr"":""東京都多摩市諏訪１丁目２７番２５"",""use"":""1低専"",""price"":202000,""tsubo"":667769,""yoy"":3.6,""dist"":800,""far"":80.0,""kind"":""公示"",""asof"":""2026-01-01""},{""addr"":""東京都多摩市馬引沢１丁目１４番１８"",""use"":""2中専"",""price"":215000,""tsubo"":710744,""yoy"":4.9,""dist"":800,""far"":200.0,""kind"":""公示"",""asof"":""2026-01-01""},{""addr"":""東京都多摩市乞田１１７４番２"",""use"":""2中専"",""price"":202000,""tsubo"":667769,""yoy"":3.6,""dist"":900,""far"":200.0,""kind"":""基準"",""asof"":""2026-07-01""},{""addr"":""東京都多摩市馬引沢２丁目１３番１５"",""use"":""2中専"",""price"":203000,""tsubo"":671074,""yoy"":3.0,""dist"":950,""far"":200.0,""kind"":""公示"",""asof"":""2026-01-01""},{""addr"":""東京都多摩市永山二丁目２６番１４"",""use"":""準住居"",""price"":190000,""tsubo"":628099,""yoy"":5.6,""dist"":1000,""far"":200.0,""kind"":""基準"",""asof"":""2026-07-01""},{""addr"":""東京都多摩市聖ケ丘三丁目５５番８"",""use"":""1低専"",""price"":173000,""tsubo"":571901,""yoy"":1.2,""dist"":1300,""far"":80.0,""kind"":""基準"",""asof"":""2026-07-01""},{""addr"":""東京都多摩市貝取１丁目５６番４"",""use"":""2中専"",""price"":179000,""tsubo"":591736,""yoy"":0.6,""dist"":1400,""far"":200.0,""kind"":""公示"",""asof"":""2026-01-01""}]"
京王片倉駅,12,509091,4.3,12,509091,0,,"[{""addr"":""東京都八王子市片倉町８０７番４"",""use"":""1低専"",""price"":181000,""tsubo"":598347,""yoy"":5.2,""dist"":200,""far"":100.0,""kind"":""公示"",""asof"":""2026-01-01""},{""addr"":""東京都八王子市片倉町７００番４"",""use"":""2中専"",""price"":181000,""tsubo"":598347,""yoy"":4.0,""dist"":300,""far"":200.0,""kind"":""公示"",""asof"":""2026-01-01""},{""addr"":""東京都八王子市片倉町９５６番２外"",""use"":""1低専"",""price"":160000,""tsubo"":528926,""yoy"":3.2,""dist"":400,""far"":80.0,""kind"":""基準"",""asof"":""2026-07-01""},{""addr"":""東京都八王子市子安町三丁目５８６番４５"",""use"":""2中専"",""price"":260000,""tsubo"":859504,""yoy"":9.2,""dist"":500,""far"":200.0,""kind"":""基準"",""asof"":""2026-07-01""},{""addr"":""東京都八王子市片倉町２９５番１"",""use"":""1低専"",""price"":154000,""tsubo"":509091,""yoy"":3.4,""dist"":540,""far"":80.0,""kind"":""基準"",""asof"":""2026-07-01""},{""addr"":""東京都八王子市緑町８９３番５外"",""use"":""1低専"",""price"":172000,""tsubo"":568595,""yoy"":6.8,""dist"":600,""far"":80.0,""kind"":""基準"",""asof"":""2026-07-01""},{""addr"":""東京都八王子市片倉町４５３番４"",""use"":""1低専"",""price"":152000,""tsubo"":502479,""yoy"":5.6,""dist"":630,""far"":100.0,""kind"":""公示"",""asof"":""2026-01-01""},{""addr"":""東京都八王子市片倉町２１６８番２外"",""use"":""1低専"",""price"":136000,""tsubo"":449587,""yoy"":4.6,""dist"":750,""far"":80.0,""kind"":""公示"",""asof"":""2026-01-01""},{""addr"":""東京都八王子市打越町１４８１番５９"",""use"":""1低専"",""price"":154000,""tsubo"":509091,""yoy"":4.8,""dist"":800,""far"":80.0,""kind"":""公示"",""asof"":""2026-01-01""},{""addr"":""東京都八王子市小比企町１０２５番４"",""use"":""2中専"",""price"":135000,""tsubo"":446281,""yoy"":2.3,""dist"":1100,""far"":200.0,""kind"":""公示"",""asof"":""2026-01-01""}]"
人形町駅,5,9421487,18.6,0,,5,9421487,"[{""addr"":""東京都中央区日本橋人形町１丁目１８番２８外"",""use"":""商業"",""price"":4460000,""tsubo"":14743801,""yoy"":15.5,""dist"":70,""far"":700.0,""kind"":""公示"",""asof"":""2026-01-01""},{""addr"":""東京都中央区日本橋人形町１丁目５番５９"",""use"":""商業"",""price"":1990000,""tsubo"":6578512,""yoy"":19.9,""dist"":120,""far"":600.0,""kind"":""公示"",""asof"":""2026-01-01""},{""addr"":""東京都中央区日本橋人形町２丁目２１番１０"",""use"":""商業"",""price"":2850000,""tsubo"":9421487,""yoy"":18.8,""dist"":160,""far"":500.0,""kind"":""公示"",""asof"":""2026-01-01""},{""addr"":""東京都中央区日本橋人形町二丁目２１番１０"",""use"":""商業"",""price"":3060000,""tsubo"":10115702,""yoy"":15.5,""dist"":160,""far"":500.0,""kind"":""基準"",""asof"":""2026-07-01""},{""addr"":""東京都中央区日本橋富沢町１０番１１"",""use"":""商業"",""price"":2420000,""tsubo"":8000000,""yoy"":18.6,""dist"":280,""far"":600.0,""kind"":""公示"",""asof"":""2026-01-01""}]"
仙川駅,12,1517355,5.8,10,1515702,2,2885950,"[{""addr"":""東京都調布市仙川町１丁目１１番１４"",""use"":""商業"",""price"":1300000,""tsubo"":4297520,""yoy"":11.1,""dist"":130,""far"":400.0,""kind"":""公示"",""asof"":""2026-01-01""},{""addr"":""東京都調布市仙川町３丁目６番２３"",""use"":""1低専"",""price"":556000,""tsubo"":1838016,""yoy"":10.3,""dist"":400,""far"":80.0,""kind"":""公示"",""asof"":""2026-01-01""},{""addr"":""東京都調布市仙川町三丁目６番２３"",""use"":""1低専"",""price"":574000,""tsubo"":1897521,""yoy"":6.7,""dist"":400,""far"":80.0,""kind"":""基準"",""asof"":""2026-07-01""},{""addr"":""東京都調布市若葉町１丁目３４番１６外"",""use"":""1低専"",""price"":472000,""tsubo"":1560331,""yoy"":7.3,""dist"":800,""far"":80.0,""kind"":""公示"",""asof"":""2026-01-01""},{""addr"":""東京都調布市緑ケ丘２丁目４１番６４"",""use"":""1低専"",""price"":445000,""tsubo"":1471074,""yoy"":5.5,""dist"":1000,""far"":80.0,""kind"":""公示"",""asof"":""2026-01-01""},{""addr"":""東京都世田谷区上祖師谷５丁目１０３１番２２"",""use"":""1中専"",""price"":518000,""tsubo"":1712397,""yoy"":6.1,""dist"":1100,""far"":200.0,""kind"":""公示"",""asof"":""2026-01-01""},{""addr"":""東京都三鷹市北野４丁目１０８番１"",""use"":""1低専"",""price"":389000,""tsubo"":1285950,""yoy"":4.3,""dist"":1200,""far"":80.0,""kind"":""公示"",""asof"":""2026-01-01""},{""addr"":""東京都三鷹市新川１丁目５番３"",""use"":""近商"",""price"":446000,""tsubo"":1474380,""yoy"":4.9,""dist"":1200,""far"":200.0,""kind"":""公示"",""asof"":""2026-01-01""},{""addr"":""東京都調布市入間町１丁目３６番３７"",""use"":""1低専"",""price"":445000,""tsubo"":1471074,""yoy"":11.0,""dist"":1200,""far"":80.0,""kind"":""公示"",""asof"":""2026-01-01""},{""addr"":""東京都世田谷区上祖師谷四丁目１２１０番１０外"",""use"":""1低専"",""price"":501000,""tsubo"":1656198,""yoy"":4.8,""dist"":1400,""far"":100.0,""kind"":""基準"",""asof"":""2026-07-01""}]"
代々木上原駅,7,5289256,10.3,5,5256198,2,7024793,"[{""addr"":""東京都渋谷区西原三丁目２番９外"",""use"":""近商"",""price"":2130000,""tsubo"":7041322,""yoy"":17.0,""dist"":220,""far"":300.0,""kind"":""基準"",""asof"":""2026-07-01""},{""addr"":""東京都渋谷区西原三丁目４１番１１"",""use"":""1低専"",""price"":1590000,""tsubo"":5256198,""yoy"":11.2,""dist"":250,""far"":150.0,""kind"":""基準"",""asof"":""2026-07-01""},{""addr"":""東京都渋谷区上原１丁目１３４１番７"",""use"":""2中専"",""price"":1530000,""tsubo"":5057851,""yoy"":9.3,""dist"":380,""far"":300.0,""kind"":""公示"",""asof"":""2026-01-01""},{""addr"":""東京都渋谷区上原２丁目１１４０番８６外"",""use"":""近商"",""price"":2120000,""tsubo"":7008264,""yoy"":19.8,""dist"":400,""far"":300.0,""kind"":""公示"",""asof"":""2026-01-01""},{""addr"":""東京都渋谷区大山町１０６７番４１外"",""use"":""1低専"",""price"":1600000,""tsubo"":5289256,""yoy"":10.3,""dist"":510,""far"":150.0,""kind"":""公示"",""asof"":""2026-01-01""},{""addr"":""東京都渋谷区大山町１０６７番４１外"",""use"":""1低専"",""price"":1650000,""tsubo"":5454545,""yoy"":10.0,""dist"":510,""far"":150.0,""kind"":""基準"",""asof"":""2026-07-01""},{""addr"":""東京都渋谷区上原２丁目１１７７番９０外"",""use"":""1低専"",""price"":1540000,""tsubo"":5090909,""yoy"":10.0,""dist"":680,""far"":150.0,""kind"":""公示"",""asof"":""2026-01-01""}]"
代々木八幡駅,1,4495868,9.7,1,4495868,0,,"[{""addr"":""東京都渋谷区元代々木町５０番１４"",""use"":""1低専"",""price"":1360000,""tsubo"":4495868,""yoy"":9.7,""dist"":640,""far"":150.0,""kind"":""公示"",""asof"":""2026-01-01""}]"
代々木公園駅,2,6644628,13.2,1,5123967,1,8165289,"[{""addr"":""東京都渋谷区富ケ谷一丁目１５５３番９外"",""use"":""近商"",""price"":2470000,""tsubo"":8165289,""yoy"":14.9,""dist"":80,""far"":400.0,""kind"":""基準"",""asof"":""2026-07-01""},{""addr"":""東京都渋谷区富ケ谷一丁目１４７５番４"",""use"":""1低専"",""price"":1550000,""tsubo"":5123967,""yoy"":11.5,""dist"":550,""far"":150.0,""kind"":""基準"",""asof"":""2026-07-01""}]"
代々木駅,4,10528925,12.65,1,4859504,3,12231404,"[{""addr"":""東京都渋谷区代々木１丁目５７番６"",""use"":""商業"",""price"":6080000,""tsubo"":20099173,""yoy"":11.8,""dist"":150,""far"":600.0,""kind"":""公示"",""asof"":""2026-01-01""},{""addr"":""東京都渋谷区代々木１丁目５５番２３"",""use"":""商業"",""price"":3700000,""tsubo"":12231404,""yoy"":15.6,""dist"":180,""far"":600.0,""kind"":""公示"",""asof"":""2026-01-01""},{""addr"":""東京都渋谷区代々木一丁目４４番１"",""use"":""近商"",""price"":2670000,""tsubo"":8826446,""yoy"":13.1,""dist"":320,""far"":400.0,""kind"":""基準"",""asof"":""2026-07-01""},{""addr"":""東京都渋谷区千駄ケ谷５丁目１２番６"",""use"":""2住居"",""price"":1470000,""tsubo"":4859504,""yoy"":12.2,""dist"":430,""far"":300.0,""kind"":""公示"",""asof"":""2026-01-01""}]"
代官山駅,3,7603306,11.7,3,7603306,0,,"[{""addr"":""東京都渋谷区恵比寿西２丁目２０番１"",""use"":""2中専"",""price"":3900000,""tsubo"":12892562,""yoy"":11.7,""dist"":200,""far"":300.0,""kind"":""公示"",""asof"":""2026-01-01""},{""addr"":""東京都渋谷区恵比寿西２丁目１２番１８外"",""use"":""1住居"",""price"":2000000,""tsubo"":6611570,""yoy"":9.3,""dist"":420,""far"":300.0,""kind"":""公示"",""asof"":""2026-01-01""},{""addr"":""東京都渋谷区猿楽町１８番２９"",""use"":""2低専"",""price"":2300000,""tsubo"":7603306,""yoy"":15.0,""dist"":480,""far"":200.0,""kind"":""基準"",""asof"":""2026-07-01""}]"
代田橋駅,2,2575206,7.75,1,2122314,1,3028099,"[{""addr"":""東京都世田谷区大原２丁目１３０７番８"",""use"":""近商"",""price"":916000,""tsubo"":3028099,""yoy"":8.3,""dist"":60,""far"":300.0,""kind"":""公示"",""asof"":""2026-01-01""},{""addr"":""東京都杉並区和泉１丁目１１０番１４"",""use"":""1低専"",""price"":642000,""tsubo"":2122314,""yoy"":7.2,""dist"":600,""far"":100.0,""kind"":""公示"",""asof"":""2026-01-01""}]"
仲御徒町駅,6,7090909,18.75,0,,6,7090909,"[{""addr"":""東京都台東区上野６丁目５０番１外"",""use"":""商業"",""price"":8740000,""tsubo"":28892561,""yoy"":12.1,""dist"":0,""far"":800.0,""kind"":""公示"",""asof"":""2026-01-01""},{""addr"":""東京都台東区上野五丁目７６番２"",""use"":""商業"",""price"":4350000,""tsubo"":14380165,""yoy"":16.6,""dist"":1,""far"":800.0,""kind"":""基準"",""asof"":""2026-07-01""},{""addr"":""東京都台東区東上野１丁目１５番１３"",""use"":""商業"",""price"":1910000,""tsubo"":6314049,""yoy"":19.4,""dist"":400,""far"":500.0,""kind"":""公示"",""asof"":""2026-01-01""},{""addr"":""東京都台東区東上野一丁目１５番１３"",""use"":""商業"",""price"":2130000,""tsubo"":7041322,""yoy"":19.7,""dist"":400,""far"":500.0,""kind"":""基準"",""asof"":""2026-07-01""},{""addr"":""東京都台東区台東２丁目２１番６"",""use"":""商業"",""price"":1140000,""tsubo"":3768595,""yoy"":18.8,""dist"":550,""far"":500.0,""kind"":""公示"",""asof"":""2026-01-01""},{""addr"":""東京都台東区台東２丁目１３６番６外"",""use"":""商業"",""price"":2160000,""tsubo"":7140496,""yoy"":18.7,""dist"":680,""far"":600.0,""kind"":""公示"",""asof"":""2026-01-01""}]"
住吉駅,5,2842975,12.1,1,2661157,4,2932231,"[{""addr"":""東京都江東区住吉２丁目２９番５"",""use"":""商業"",""price"":1160000,""tsubo"":3834711,""yoy"":14.9,""dist"":0,""far"":500.0,""kind"":""公示"",""asof"":""2026-01-01""},{""addr"":""東京都江東区猿江二丁目２１番４"",""use"":""準工"",""price"":860000,""tsubo"":2842975,""yoy"":12.0,""dist"":90,""far"":300.0,""kind"":""基準"",""asof"":""2026-07-01""},{""addr"":""東京都江東区住吉二丁目１２番３１"",""use"":""1住居"",""price"":805000,""tsubo"":2661157,""yoy"":12.1,""dist"":100,""far"":300.0,""kind"":""基準"",""asof"":""2026-07-01""},{""addr"":""東京都江東区扇橋三丁目１番７"",""use"":""商業"",""price"":914000,""tsubo"":3021487,""yoy"":16.4,""dist"":580,""far"":400.0,""kind"":""基準"",""asof"":""2026-07-01""},{""addr"":""東京都江東区石島１４番２０"",""use"":""準工"",""price"":700000,""tsubo"":2314050,""yoy"":12.0,""dist"":1100,""far"":300.0,""kind"":""公示"",""asof"":""2026-01-01""}]"
保谷駅,13,1140496,3.6,12,1102479,1,2006611,"[{""addr"":""東京都西東京市東町３丁目２９４番１９"",""use"":""商業"",""price"":607000,""tsubo"":2006611,""yoy"":6.9,""dist"":180,""far"":400.0,""kind"":""公示"",""asof"":""2026-01-01""},{""addr"":""東京都練馬区南大泉四丁目５６４番１２"",""use"":""1低専"",""price"":418000,""tsubo"":1381818,""yoy"":4.8,""dist"":470,""far"":100.0,""kind"":""基準"",""asof"":""2026-07-01""},{""addr"":""東京都西東京市下保谷３丁目９２７番５"",""use"":""1低専"",""price"":317000,""tsubo"":1047934,""yoy"":3.9,""dist"":700,""far"":100.0,""kind"":""公示"",""asof"":""2026-01-01""},{""addr"":""東京都西東京市東町１丁目１９２番３１"",""use"":""1低専"",""price"":347000,""tsubo"":1147107,""yoy"":3.6,""dist"":750,""far"":80.0,""kind"":""公示"",""asof"":""2026-01-01""},{""addr"":""東京都西東京市東町四丁目１２０番２３"",""use"":""1低専"",""price"":345000,""tsubo"":1140496,""yoy"":3.0,""dist"":750,""far"":100.0,""kind"":""基準"",""asof"":""2026-07-01""},{""addr"":""東京都練馬区南大泉３丁目４１８番１６"",""use"":""1低専"",""price"":376000,""tsubo"":1242975,""yoy"":3.6,""dist"":800,""far"":100.0,""kind"":""公示"",""asof"":""2026-01-01""},{""addr"":""東京都西東京市下保谷２丁目７９５番２２"",""use"":""1中専"",""price"":322000,""tsubo"":1064463,""yoy"":0.0,""dist"":950,""far"":150.0,""kind"":""公示"",""asof"":""2026-01-01""},{""addr"":""東京都練馬区南大泉５丁目８５３番１５"",""use"":""1低専"",""price"":373000,""tsubo"":1233058,""yoy"":4.5,""dist"":1100,""far"":100.0,""kind"":""公示"",""asof"":""2026-01-01""},{""addr"":""東京都練馬区南大泉二丁目７３番７３"",""use"":""1低専"",""price"":350000,""tsubo"":1157025,""yoy"":3.9,""dist"":1200,""far"":100.0,""kind"":""基準"",""asof"":""2026-07-01""},{""addr"":""東京都西東京市北町五丁目９８４番４外"",""use"":""1低専"",""price"":260000,""tsubo"":859504,""yoy"":3.2,""dist"":1200,""far"":80.0,""kind"":""基準"",""asof"":""2026-07-01""}]"
信濃町駅,2,8925619,13.05,1,6479339,1,11371900,"[{""addr"":""東京都新宿区信濃町８番１６外"",""use"":""商業"",""price"":3440000,""tsubo"":11371900,""yoy"":14.7,""dist"":280,""far"":500.0,""kind"":""公示"",""asof"":""2026-01-01""},{""addr"":""東京都新宿区南元町４番４９"",""use"":""2中専"",""price"":1960000,""tsubo"":6479339,""yoy"":11.4,""dist"":420,""far"":300.0,""kind"":""公示"",""asof"":""2026-01-01""}]"
光が丘駅,5,1540496,6.4,4,1411570,1,2046281,"[{""addr"":""東京都練馬区田柄５丁目５３０８番１４外"",""use"":""1低専"",""price"":491000,""tsubo"":1623140,""yoy"":6.7,""dist"":460,""far"":100.0,""kind"":""公示"",""asof"":""2026-01-01""},{""addr"":""東京都練馬区高松５丁目４６１６番１外"",""use"":""近商"",""price"":619000,""tsubo"":2046281,""yoy"":8.0,""dist"":780,""far"":300.0,""kind"":""公示"",""asof"":""2026-01-01""},{""addr"":""東京都練馬区高松４丁目４０７６番２９"",""use"":""1低専"",""price"":466000,""tsubo"":1540496,""yoy"":6.4,""dist"":790,""far"":100.0,""kind"":""公示"",""asof"":""2026-01-01""},{""addr"":""東京都練馬区高松６丁目１０２６番２３"",""use"":""1低専"",""price"":388000,""tsubo"":1282645,""yoy"":4.9,""dist"":1100,""far"":100.0,""kind"":""公示"",""asof"":""2026-01-01""},{""addr"":""東京都練馬区土支田一丁目４７１８番１７"",""use"":""1低専"",""price"":336000,""tsubo"":1110744,""yoy"":4.0,""dist"":1500,""far"":100.0,""kind"":""基準"",""asof"":""2026-07-01""}]"
入谷駅,6,3735537,19.5,0,,6,3735537,"[{""addr"":""東京都台東区北上野２丁目３１２番４"",""use"":""商業"",""price"":1740000,""tsubo"":5752066,""yoy"":20.8,""dist"":180,""far"":600.0,""kind"":""公示"",""asof"":""2026-01-01""},{""addr"":""東京都台東区入谷１丁目２３９番１５"",""use"":""商業"",""price"":1190000,""tsubo"":3933884,""yoy"":19.6,""dist"":200,""far"":600.0,""kind"":""公示"",""asof"":""2026-01-01""},{""addr"":""東京都台東区下谷一丁目１３１番１外"",""use"":""商業"",""price"":2030000,""tsubo"":6710744,""yoy"":19.4,""dist"":230,""far"":700.0,""kind"":""基準"",""asof"":""2026-07-01""},{""addr"":""東京都台東区竜泉１丁目８７番１０"",""use"":""商業"",""price"":960000,""tsubo"":3173554,""yoy"":18.8,""dist"":330,""far"":500.0,""kind"":""公示"",""asof"":""2026-01-01""},{""addr"":""東京都台東区北上野２丁目４９番２"",""use"":""商業"",""price"":1050000,""tsubo"":3471074,""yoy"":20.7,""dist"":470,""far"":500.0,""kind"":""公示"",""asof"":""2026-01-01""},{""addr"":""東京都台東区松が谷三丁目４００番２"",""use"":""商業"",""price"":1070000,""tsubo"":3537190,""yoy"":16.3,""dist"":620,""far"":500.0,""kind"":""基準"",""asof"":""2026-07-01""}]"
八丁堀駅,5,11206611,16.2,0,,5,11206611,"[{""addr"":""東京都中央区八丁堀４丁目６番５"",""use"":""商業"",""price"":4760000,""tsubo"":15735537,""yoy"":19.6,""dist"":60,""far"":700.0,""kind"":""公示"",""asof"":""2026-01-01""},{""addr"":""東京都中央区八丁堀二丁目６番１４"",""use"":""商業"",""price"":3300000,""tsubo"":10909090,""yoy"":16.2,""dist"":100,""far"":700.0,""kind"":""基準"",""asof"":""2026-07-01""},{""addr"":""東京都中央区八丁堀１丁目１０５番５"",""use"":""商業"",""price"":5790000,""tsubo"":19140495,""yoy"":9.2,""dist"":150,""far"":700.0,""kind"":""公示"",""asof"":""2026-01-01""},{""addr"":""東京都中央区湊一丁目１６番２"",""use"":""商業"",""price"":2130000,""tsubo"":7041322,""yoy"":15.1,""dist"":250,""far"":500.0,""kind"":""基準"",""asof"":""2026-07-01""},{""addr"":""東京都中央区新川２丁目１０１番１０外"",""use"":""商業"",""price"":3390000,""tsubo"":11206611,""yoy"":16.9,""dist"":380,""far"":500.0,""kind"":""公示"",""asof"":""2026-01-01""}]"
八坂駅,3,780165,3.1,2,715702,1,1067769,"[{""addr"":""東京都東村山市栄町３丁目１０番１８外"",""use"":""近商"",""price"":323000,""tsubo"":1067769,""yoy"":3.9,""dist"":120,""far"":400.0,""kind"":""公示"",""asof"":""2026-01-01""},{""addr"":""東京都東村山市栄町３丁目２２番１５"",""use"":""1中専"",""price"":236000,""tsubo"":780165,""yoy"":3.1,""dist"":300,""far"":200.0,""kind"":""公示"",""asof"":""2026-01-01""},{""addr"":""東京都東村山市富士見町三丁目８番４７"",""use"":""1低専"",""price"":197000,""tsubo"":651240,""yoy"":2.6,""dist"":1300,""far"":100.0,""kind"":""基準"",""asof"":""2026-07-01""}]"
八幡山駅,4,2133884,6.3,3,2003306,1,2859504,"[{""addr"":""東京都杉並区上高井戸１丁目９１番１２"",""use"":""2中専"",""price"":685000,""tsubo"":2264463,""yoy"":7.5,""dist"":290,""far"":200.0,""kind"":""公示"",""asof"":""2026-01-01""},{""addr"":""東京都世田谷区八幡山三丁目２４２番１９"",""use"":""1低専"",""price"":606000,""tsubo"":2003306,""yoy"":5.4,""dist"":300,""far"":100.0,""kind"":""基準"",""asof"":""2026-07-01""},{""addr"":""東京都世田谷区上北沢四丁目１０７７番３外"",""use"":""近商"",""price"":865000,""tsubo"":2859504,""yoy"":7.2,""dist"":470,""far"":300.0,""kind"":""基準"",""asof"":""2026-07-01""},{""addr"":""東京都世田谷区八幡山二丁目３９番１０外"",""use"":""1低専"",""price"":527000,""tsubo"":1742149,""yoy"":3.5,""dist"":1200,""far"":100.0,""kind"":""基準"",""asof"":""2026-07-01""}]"
八広駅,1,1345454,8.2,0,,1,1345454,"[{""addr"":""東京都墨田区八広４丁目１５番１９"",""use"":""準工"",""price"":407000,""tsubo"":1345454,""yoy"":8.2,""dist"":1000,""far"":200.0,""kind"":""公示"",""asof"":""2026-01-01""}]"
八王子みなみ野駅,1,694215,4.0,1,694215,0,,"[{""addr"":""東京都八王子市みなみ野３丁目１８番２４"",""use"":""1低専"",""price"":210000,""tsubo"":694215,""yoy"":4.0,""dist"":750,""far"":100.0,""kind"":""公示"",""asof"":""2026-01-01""}]"
八王子駅,30,963636,6.75,12,727272,18,1404958,"[{""addr"":""東京都八王子市旭町１８番３"",""use"":""商業"",""price"":3000000,""tsubo"":9917355,""yoy"":5.6,""dist"":0,""far"":600.0,""kind"":""公示"",""asof"":""2026-01-01""},{""addr"":""東京都八王子市明神町三丁目５４７番４"",""use"":""商業"",""price"":2000000,""tsubo"":6611570,""yoy"":6.4,""dist"":70,""far"":600.0,""kind"":""基準"",""asof"":""2026-07-01""},{""addr"":""東京都八王子市子安町四丁目９５番３"",""use"":""近商"",""price"":630000,""tsubo"":2082645,""yoy"":8.6,""dist"":160,""far"":300.0,""kind"":""基準"",""asof"":""2026-07-01""},{""addr"":""東京都八王子市東町２４番１"",""use"":""商業"",""price"":1470000,""tsubo"":4859504,""yoy"":5.8,""dist"":200,""far"":600.0,""kind"":""公示"",""asof"":""2026-01-01""},{""addr"":""東京都八王子市明神町４丁目４７３番２外"",""use"":""商業"",""price"":480000,""tsubo"":1586777,""yoy"":6.9,""dist"":220,""far"":600.0,""kind"":""公示"",""asof"":""2026-01-01""},{""addr"":""東京都八王子市中町１２番５"",""use"":""商業"",""price"":700000,""tsubo"":2314050,""yoy"":12.9,""dist"":360,""far"":600.0,""kind"":""公示"",""asof"":""2026-01-01""},{""addr"":""東京都八王子市中町１２番５"",""use"":""商業"",""price"":730000,""tsubo"":2413223,""yoy"":12.8,""dist"":360,""far"":600.0,""kind"":""基準"",""asof"":""2026-07-01""},{""addr"":""東京都八王子市子安町１丁目５５２番９"",""use"":""1住居"",""price"":355000,""tsubo"":1173554,""yoy"":10.9,""dist"":400,""far"":200.0,""kind"":""公示"",""asof"":""2026-01-01""},{""addr"":""東京都八王子市子安町一丁目５５２番９"",""use"":""1住居"",""price"":375000,""tsubo"":1239669,""yoy"":10.3,""dist"":400,""far"":200.0,""kind"":""基準"",""asof"":""2026-07-01""},{""addr"":""東京都八王子市三崎町１９番４"",""use"":""商業"",""price"":482000,""tsubo"":1593388,""yoy"":8.6,""dist"":440,""far"":600.0,""kind"":""公示"",""asof"":""2026-01-01""}]"
六本木一丁目駅,3,16396694,18.1,1,13487603,2,16925619,"[{""addr"":""東京都港区麻布台３丁目５番９外"",""use"":""商業"",""price"":4960000,""tsubo"":16396694,""yoy"":18.1,""dist"":320,""far"":500.0,""kind"":""公示"",""asof"":""2026-01-01""},{""addr"":""東京都港区麻布台三丁目５番９外"",""use"":""商業"",""price"":5280000,""tsubo"":17454545,""yoy"":16.0,""dist"":320,""far"":500.0,""kind"":""基準"",""asof"":""2026-07-01""},{""addr"":""東京都港区赤坂６丁目１９１１番"",""use"":""1中専"",""price"":4080000,""tsubo"":13487603,""yoy"":20.4,""dist"":350,""far"":300.0,""kind"":""公示"",""asof"":""2026-01-01""}]"
六本木駅,9,12628099,15.6,3,7107438,6,17190082,"[{""addr"":""東京都港区六本木４丁目１４番４"",""use"":""商業"",""price"":11500000,""tsubo"":38016528,""yoy"":5.5,""dist"":0,""far"":700.0,""kind"":""公示"",""asof"":""2026-01-01""},{""addr"":""東京都港区六本木六丁目３１１番２"",""use"":""商業"",""price"":6150000,""tsubo"":20330578,""yoy"":10.2,""dist"":90,""far"":500.0,""kind"":""基準"",""asof"":""2026-07-01""},{""addr"":""東京都港区六本木７丁目２１２番２６"",""use"":""近商"",""price"":5390000,""tsubo"":17818181,""yoy"":13.5,""dist"":300,""far"":400.0,""kind"":""公示"",""asof"":""2026-01-01""},{""addr"":""東京都港区西麻布三丁目２３番２３外"",""use"":""商業"",""price"":5010000,""tsubo"":16561983,""yoy"":16.2,""dist"":300,""far"":600.0,""kind"":""基準"",""asof"":""2026-07-01""},{""addr"":""東京都港区六本木３丁目２８番１"",""use"":""2住居"",""price"":2060000,""tsubo"":6809917,""yoy"":17.0,""dist"":350,""far"":300.0,""kind"":""公示"",""asof"":""2026-01-01""},{""addr"":""東京都港区元麻布三丁目２７番１外"",""use"":""近商"",""price"":3820000,""tsubo"":12628099,""yoy"":13.0,""dist"":410,""far"":400.0,""kind"":""基準"",""asof"":""2026-07-01""},{""addr"":""東京都港区西麻布１丁目１番１４７"",""use"":""2中専"",""price"":2150000,""tsubo"":7107438,""yoy"":15.6,""dist"":430,""far"":300.0,""kind"":""公示"",""asof"":""2026-01-01""},{""addr"":""東京都港区元麻布３丁目２４２番３０外"",""use"":""1中専"",""price"":2760000,""tsubo"":9123967,""yoy"":16.9,""dist"":650,""far"":300.0,""kind"":""公示"",""asof"":""2026-01-01""},{""addr"":""東京都港区西麻布４丁目５２番５外"",""use"":""近商"",""price"":3230000,""tsubo"":10677686,""yoy"":18.3,""dist"":680,""far"":400.0,""kind"":""公示"",""asof"":""2026-01-01""}]"
六町駅,11,1127273,5.0,8,1056198,3,1332231,"[{""addr"":""東京都足立区六町４丁目２番２８外"",""use"":""近商"",""price"":750000,""tsubo"":2479339,""yoy"":10.0,""dist"":150,""far"":300.0,""kind"":""公示"",""asof"":""2026-01-01""},{""addr"":""東京都足立区六町一丁目８番３３"",""use"":""1住居"",""price"":497000,""tsubo"":1642975,""yoy"":5.3,""dist"":400,""far"":200.0,""kind"":""基準"",""asof"":""2026-07-01""},{""addr"":""東京都足立区保塚町１６番１５１"",""use"":""1中専"",""price"":341000,""tsubo"":1127273,""yoy"":5.6,""dist"":640,""far"":150.0,""kind"":""公示"",""asof"":""2026-01-01""},{""addr"":""東京都足立区一ツ家４丁目５番４外"",""use"":""1中専"",""price"":372000,""tsubo"":1229752,""yoy"":5.4,""dist"":890,""far"":200.0,""kind"":""公示"",""asof"":""2026-01-01""},{""addr"":""東京都足立区東保木間一丁目２６番５１"",""use"":""準工"",""price"":367000,""tsubo"":1213223,""yoy"":3.4,""dist"":1000,""far"":200.0,""kind"":""基準"",""asof"":""2026-07-01""},{""addr"":""東京都足立区一ツ家二丁目１３番１３外"",""use"":""近商"",""price"":403000,""tsubo"":1332231,""yoy"":4.4,""dist"":1200,""far"":400.0,""kind"":""基準"",""asof"":""2026-07-01""},{""addr"":""東京都足立区神明１丁目５１０番１"",""use"":""1住居"",""price"":245000,""tsubo"":809917,""yoy"":6.5,""dist"":1400,""far"":200.0,""kind"":""公示"",""asof"":""2026-01-01""},{""addr"":""東京都足立区平野三丁目１３７２番１"",""use"":""1低専"",""price"":294000,""tsubo"":971901,""yoy"":4.3,""dist"":1400,""far"":150.0,""kind"":""基準"",""asof"":""2026-07-01""},{""addr"":""東京都足立区東保木間２丁目１９番６"",""use"":""2中専"",""price"":317000,""tsubo"":1047934,""yoy"":5.0,""dist"":1500,""far"":200.0,""kind"":""公示"",""asof"":""2026-01-01""},{""addr"":""東京都足立区東保木間二丁目１９番６"",""use"":""2中専"",""price"":322000,""tsubo"":1064463,""yoy"":3.9,""dist"":1500,""far"":200.0,""kind"":""基準"",""asof"":""2026-07-01""}]"
六郷土手駅,1,1685950,8.1,0,,1,1685950,"[{""addr"":""東京都大田区東六郷三丁目１０８番２０"",""use"":""準工"",""price"":510000,""tsubo"":1685950,""yoy"":8.1,""dist"":650,""far"":200.0,""kind"":""基準"",""asof"":""2026-07-01""}]"
内幸町駅,5,49917354,3.7,0,,5,49917354,"[{""addr"":""東京都千代田区内幸町１丁目４番外"",""use"":""商業"",""price"":15400000,""tsubo"":50909089,""yoy"":2.7,""dist"":0,""far"":800.0,""kind"":""公示"",""asof"":""2026-01-01""},{""addr"":""東京都港区新橋１丁目１０３番４"",""use"":""商業"",""price"":15100000,""tsubo"":49917354,""yoy"":3.4,""dist"":0,""far"":800.0,""kind"":""公示"",""asof"":""2026-01-01""},{""addr"":""東京都港区新橋一丁目１０３番４"",""use"":""商業"",""price"":15400000,""tsubo"":50909089,""yoy"":5.5,""dist"":1,""far"":800.0,""kind"":""基準"",""asof"":""2026-07-01""},{""addr"":""東京都港区西新橋１丁目１０４番６外"",""use"":""商業"",""price"":10200000,""tsubo"":33719007,""yoy"":3.7,""dist"":110,""far"":700.0,""kind"":""公示"",""asof"":""2026-01-01""},{""addr"":""東京都港区西新橋１丁目１５番１"",""use"":""商業"",""price"":4410000,""tsubo"":14578512,""yoy"":17.0,""dist"":260,""far"":700.0,""kind"":""公示"",""asof"":""2026-01-01""}]"
分倍河原駅,7,1256198,4.1,6,1252892,1,1828099,"[{""addr"":""東京都府中市分梅町１丁目１０番２０"",""use"":""1低専"",""price"":418000,""tsubo"":1381818,""yoy"":4.5,""dist"":370,""far"":100.0,""kind"":""公示"",""asof"":""2026-01-01""},{""addr"":""東京都府中市美好町１丁目２３番１４"",""use"":""1中専"",""price"":427000,""tsubo"":1411570,""yoy"":4.1,""dist"":570,""far"":200.0,""kind"":""公示"",""asof"":""2026-01-01""},{""addr"":""東京都府中市美好町一丁目３０番３"",""use"":""近商"",""price"":553000,""tsubo"":1828099,""yoy"":6.3,""dist"":650,""far"":300.0,""kind"":""基準"",""asof"":""2026-07-01""},{""addr"":""東京都府中市美好町三丁目４９番１６"",""use"":""1低専"",""price"":380000,""tsubo"":1256198,""yoy"":4.1,""dist"":750,""far"":80.0,""kind"":""基準"",""asof"":""2026-07-01""},{""addr"":""東京都府中市南町１丁目６番１４１"",""use"":""1低専"",""price"":303000,""tsubo"":1001653,""yoy"":0.0,""dist"":1000,""far"":80.0,""kind"":""公示"",""asof"":""2026-01-01""},{""addr"":""東京都府中市美好町２丁目４５番７"",""use"":""1低専"",""price"":363000,""tsubo"":1200000,""yoy"":2.8,""dist"":1200,""far"":150.0,""kind"":""公示"",""asof"":""2026-01-01""},{""addr"":""東京都府中市美好町二丁目４５番７"",""use"":""1低専"",""price"":378000,""tsubo"":1249587,""yoy"":5.0,""dist"":1200,""far"":150.0,""kind"":""基準"",""asof"":""2026-07-01""}]"
初台駅,6,4595041,9.95,4,3785124,2,9024793,"[{""addr"":""東京都渋谷区初台一丁目３８番１０外"",""use"":""近商"",""price"":2180000,""tsubo"":7206611,""yoy"":14.1,""dist"":1,""far"":300.0,""kind"":""基準"",""asof"":""2026-07-01""},{""addr"":""東京都渋谷区初台１丁目４９番１２"",""use"":""商業"",""price"":3280000,""tsubo"":10842975,""yoy"":15.1,""dist"":130,""far"":600.0,""kind"":""公示"",""asof"":""2026-01-01""},{""addr"":""東京都渋谷区本町１丁目９番１３"",""use"":""1住居"",""price"":952000,""tsubo"":3147107,""yoy"":8.2,""dist"":400,""far"":300.0,""kind"":""公示"",""asof"":""2026-01-01""},{""addr"":""東京都渋谷区本町一丁目９番１３"",""use"":""1住居"",""price"":1010000,""tsubo"":3338843,""yoy"":10.4,""dist"":400,""far"":300.0,""kind"":""基準"",""asof"":""2026-07-01""},{""addr"":""東京都渋谷区代々木４丁目３６番１８"",""use"":""2中専"",""price"":1500000,""tsubo"":4958678,""yoy"":9.5,""dist"":500,""far"":300.0,""kind"":""公示"",""asof"":""2026-01-01""},{""addr"":""東京都渋谷区初台２丁目８番１４"",""use"":""1住居"",""price"":1280000,""tsubo"":4231405,""yoy"":8.5,""dist"":750,""far"":300.0,""kind"":""公示"",""asof"":""2026-01-01""}]"
勝どき駅,9,6512396,10.9,5,6512396,4,5867768,"[{""addr"":""東京都中央区勝どき４丁目２０１番"",""use"":""商業"",""price"":3000000,""tsubo"":9917355,""yoy"":14.9,""dist"":120,""far"":600.0,""kind"":""公示"",""asof"":""2026-01-01""},{""addr"":""東京都中央区勝どき３丁目４１９番１"",""use"":""2住居"",""price"":1950000,""tsubo"":6446281,""yoy"":14.0,""dist"":200,""far"":400.0,""kind"":""公示"",""asof"":""2026-01-01""},{""addr"":""東京都中央区月島３丁目２５０３番"",""use"":""2住居"",""price"":1970000,""tsubo"":6512396,""yoy"":14.5,""dist"":500,""far"":400.0,""kind"":""公示"",""asof"":""2026-01-01""},{""addr"":""東京都中央区月島三丁目２５０３番"",""use"":""2住居"",""price"":2080000,""tsubo"":6876033,""yoy"":12.4,""dist"":500,""far"":400.0,""kind"":""基準"",""asof"":""2026-07-01""},{""addr"":""東京都中央区晴海三丁目１０６番"",""use"":""1住居"",""price"":1720000,""tsubo"":5685950,""yoy"":6.8,""dist"":560,""far"":400.0,""kind"":""基準"",""asof"":""2026-07-01""},{""addr"":""東京都中央区勝どき五丁目１００４番"",""use"":""1住居"",""price"":2280000,""tsubo"":7537190,""yoy"":10.1,""dist"":570,""far"":400.0,""kind"":""基準"",""asof"":""2026-07-01""},{""addr"":""東京都中央区晴海２丁目１０７番"",""use"":""準工"",""price"":2000000,""tsubo"":6611570,""yoy"":4.2,""dist"":780,""far"":400.0,""kind"":""公示"",""asof"":""2026-01-01""},{""addr"":""東京都中央区晴海５丁目１番４"",""use"":""商業"",""price"":1520000,""tsubo"":5024793,""yoy"":10.9,""dist"":900,""far"":500.0,""kind"":""公示"",""asof"":""2026-01-01""},{""addr"":""東京都中央区晴海五丁目１番４"",""use"":""商業"",""price"":1550000,""tsubo"":5123967,""yoy"":7.6,""dist"":900,""far"":500.0,""kind"":""基準"",""asof"":""2026-07-01""}]"
北八王子駅,7,482645,4.7,3,353719,4,550413,"[{""addr"":""東京都八王子市石川町２９６８番９外"",""use"":""工専"",""price"":142000,""tsubo"":469421,""yoy"":6.8,""dist"":500,""far"":200.0,""kind"":""公示"",""asof"":""2026-01-01""},{""addr"":""東京都八王子市石川町２９６８番９外"",""use"":""工専"",""price"":146000,""tsubo"":482645,""yoy"":5.8,""dist"":500,""far"":200.0,""kind"":""基準"",""asof"":""2026-07-01""},{""addr"":""東京都八王子市高倉町２１番８"",""use"":""準工"",""price"":187000,""tsubo"":618182,""yoy"":2.7,""dist"":540,""far"":200.0,""kind"":""基準"",""asof"":""2026-07-01""},{""addr"":""東京都八王子市大和田町４丁目１８３９番４"",""use"":""1中専"",""price"":186000,""tsubo"":614876,""yoy"":6.3,""dist"":680,""far"":200.0,""kind"":""公示"",""asof"":""2026-01-01""},{""addr"":""東京都八王子市高倉町６０番３外"",""use"":""準工"",""price"":200000,""tsubo"":661157,""yoy"":4.7,""dist"":780,""far"":200.0,""kind"":""公示"",""asof"":""2026-01-01""},{""addr"":""東京都八王子市石川町１６１５番１２"",""use"":""1低専"",""price"":107000,""tsubo"":353719,""yoy"":3.9,""dist"":920,""far"":80.0,""kind"":""基準"",""asof"":""2026-07-01""},{""addr"":""東京都八王子市石川町２５６８番１０"",""use"":""1低専"",""price"":103000,""tsubo"":340496,""yoy"":3.0,""dist"":1100,""far"":80.0,""kind"":""公示"",""asof"":""2026-01-01""}]"
北千住駅,18,2490909,10.15,3,2284297,15,3305785,"[{""addr"":""東京都足立区千住２丁目３９番１５"",""use"":""商業"",""price"":1000000,""tsubo"":3305785,""yoy"":11.1,""dist"":180,""far"":400.0,""kind"":""公示"",""asof"":""2026-01-01""},{""addr"":""東京都足立区千住２丁目５７番３外"",""use"":""商業"",""price"":6250000,""tsubo"":20661156,""yoy"":23.8,""dist"":190,""far"":600.0,""kind"":""公示"",""asof"":""2026-01-01""},{""addr"":""東京都足立区千住旭町４５番２外"",""use"":""商業"",""price"":2400000,""tsubo"":7933884,""yoy"":19.4,""dist"":210,""far"":400.0,""kind"":""公示"",""asof"":""2026-01-01""},{""addr"":""東京都足立区千住旭町４５番２外"",""use"":""商業"",""price"":2470000,""tsubo"":8165289,""yoy"":16.5,""dist"":210,""far"":400.0,""kind"":""基準"",""asof"":""2026-07-01""},{""addr"":""東京都足立区千住三丁目７０番２"",""use"":""商業"",""price"":2650000,""tsubo"":8760330,""yoy"":13.7,""dist"":230,""far"":400.0,""kind"":""基準"",""asof"":""2026-07-01""},{""addr"":""東京都足立区千住仲町５８番５"",""use"":""商業"",""price"":1240000,""tsubo"":4099173,""yoy"":11.7,""dist"":270,""far"":500.0,""kind"":""基準"",""asof"":""2026-07-01""},{""addr"":""東京都足立区千住旭町６６番１７"",""use"":""1住居"",""price"":691000,""tsubo"":2284297,""yoy"":10.0,""dist"":400,""far"":300.0,""kind"":""公示"",""asof"":""2026-01-01""},{""addr"":""東京都足立区千住旭町８０番１７"",""use"":""近商"",""price"":691000,""tsubo"":2284297,""yoy"":9.3,""dist"":500,""far"":300.0,""kind"":""公示"",""asof"":""2026-01-01""},{""addr"":""東京都足立区千住仲町７８番１６"",""use"":""商業"",""price"":748000,""tsubo"":2472727,""yoy"":10.0,""dist"":510,""far"":400.0,""kind"":""基準"",""asof"":""2026-07-01""},{""addr"":""東京都足立区千住五丁目８８番５"",""use"":""1住居"",""price"":699000,""tsubo"":2310744,""yoy"":10.3,""dist"":560,""far"":300.0,""kind"":""基準"",""asof"":""2026-07-01""}]"
北千束駅,2,2595041,7.65,2,2595041,0,,"[{""addr"":""東京都大田区北千束２丁目５７８番４"",""use"":""1中専"",""price"":786000,""tsubo"":2598347,""yoy"":7.8,""dist"":150,""far"":200.0,""kind"":""公示"",""asof"":""2026-01-01""},{""addr"":""東京都大田区南千束２丁目１７１番１"",""use"":""1低専"",""price"":784000,""tsubo"":2591735,""yoy"":7.5,""dist"":270,""far"":100.0,""kind"":""公示"",""asof"":""2026-01-01""}]"
北参道駅,2,7785123,16.7,1,6809917,1,8760330,"[{""addr"":""東京都渋谷区千駄ケ谷３丁目２６番１２外"",""use"":""近商"",""price"":2650000,""tsubo"":8760330,""yoy"":18.3,""dist"":200,""far"":300.0,""kind"":""公示"",""asof"":""2026-01-01""},{""addr"":""東京都渋谷区千駄ケ谷３丁目４番２５"",""use"":""2中専"",""price"":2060000,""tsubo"":6809917,""yoy"":15.1,""dist"":400,""far"":300.0,""kind"":""公示"",""asof"":""2026-01-01""}]"
北品川駅,3,4363636,16.1,1,4363636,2,5338842,"[{""addr"":""東京都品川区北品川１丁目９３番４外"",""use"":""近商"",""price"":1300000,""tsubo"":4297520,""yoy"":16.1,""dist"":130,""far"":400.0,""kind"":""公示"",""asof"":""2026-01-01""},{""addr"":""東京都品川区北品川１丁目１２３番４外"",""use"":""準工"",""price"":1930000,""tsubo"":6380165,""yoy"":17.7,""dist"":380,""far"":400.0,""kind"":""公示"",""asof"":""2026-01-01""},{""addr"":""東京都品川区北品川５丁目７１８番４８"",""use"":""1低専"",""price"":1320000,""tsubo"":4363636,""yoy"":13.8,""dist"":630,""far"":150.0,""kind"":""公示"",""asof"":""2026-01-01""}]"
北府中駅,2,1100826,5.25,1,1150413,1,1051240,"[{""addr"":""東京都府中市晴見町２丁目１３番２外"",""use"":""1中専"",""price"":348000,""tsubo"":1150413,""yoy"":4.5,""dist"":400,""far"":200.0,""kind"":""公示"",""asof"":""2026-01-01""},{""addr"":""東京都府中市武蔵台一丁目６番６"",""use"":""準工"",""price"":318000,""tsubo"":1051240,""yoy"":6.0,""dist"":1000,""far"":200.0,""kind"":""基準"",""asof"":""2026-07-01""}]"
北池袋駅,4,2588429,12.5,2,2380165,2,3778512,"[{""addr"":""東京都豊島区池袋本町１丁目２０４番７"",""use"":""近商"",""price"":836000,""tsubo"":2763636,""yoy"":11.6,""dist"":0,""far"":400.0,""kind"":""公示"",""asof"":""2026-01-01""},{""addr"":""東京都豊島区池袋本町４丁目２１５番３"",""use"":""1中専"",""price"":710000,""tsubo"":2347107,""yoy"":12.7,""dist"":380,""far"":300.0,""kind"":""公示"",""asof"":""2026-01-01""},{""addr"":""東京都豊島区上池袋３丁目１５５番１７外"",""use"":""1中専"",""price"":730000,""tsubo"":2413223,""yoy"":12.3,""dist"":520,""far"":300.0,""kind"":""公示"",""asof"":""2026-01-01""},{""addr"":""東京都豊島区上池袋１丁目２７５５番１３"",""use"":""商業"",""price"":1450000,""tsubo"":4793388,""yoy"":18.9,""dist"":670,""far"":500.0,""kind"":""公示"",""asof"":""2026-01-01""}]"
北綾瀬駅,10,1373553,6.5,8,1357024,2,1879338,"[{""addr"":""東京都足立区谷中２丁目７番６"",""use"":""近商"",""price"":724000,""tsubo"":2393388,""yoy"":8.1,""dist"":0,""far"":400.0,""kind"":""公示"",""asof"":""2026-01-01""},{""addr"":""東京都足立区谷中４丁目１４番２"",""use"":""1中専"",""price"":418000,""tsubo"":1381818,""yoy"":8.0,""dist"":300,""far"":300.0,""kind"":""公示"",""asof"":""2026-01-01""},{""addr"":""東京都足立区加平１丁目１７番１８"",""use"":""1住居"",""price"":440000,""tsubo"":1454545,""yoy"":8.1,""dist"":330,""far"":300.0,""kind"":""公示"",""asof"":""2026-01-01""},{""addr"":""東京都足立区綾瀬７丁目２０番１外"",""use"":""準住居"",""price"":1020000,""tsubo"":3371901,""yoy"":7.4,""dist"":450,""far"":400.0,""kind"":""公示"",""asof"":""2026-01-01""},{""addr"":""東京都足立区谷中１丁目１７番１２"",""use"":""1中専"",""price"":425000,""tsubo"":1404959,""yoy"":6.3,""dist"":530,""far"":300.0,""kind"":""公示"",""asof"":""2026-01-01""},{""addr"":""東京都足立区加平二丁目５番６"",""use"":""1住居"",""price"":382000,""tsubo"":1262810,""yoy"":6.7,""dist"":620,""far"":300.0,""kind"":""基準"",""asof"":""2026-07-01""},{""addr"":""東京都足立区東和５丁目７１番３"",""use"":""1住居"",""price"":402000,""tsubo"":1328926,""yoy"":5.8,""dist"":700,""far"":300.0,""kind"":""公示"",""asof"":""2026-01-01""},{""addr"":""東京都足立区大谷田３丁目１１０８番１"",""use"":""準工"",""price"":413000,""tsubo"":1365289,""yoy"":6.2,""dist"":700,""far"":400.0,""kind"":""公示"",""asof"":""2026-01-01""},{""addr"":""東京都足立区東和３丁目１７８番２"",""use"":""1住居"",""price"":403000,""tsubo"":1332231,""yoy"":6.3,""dist"":950,""far"":300.0,""kind"":""公示"",""asof"":""2026-01-01""},{""addr"":""東京都足立区北加平町２２７番２４"",""use"":""1低専"",""price"":294000,""tsubo"":971901,""yoy"":5.8,""dist"":1200,""far"":150.0,""kind"":""公示"",""asof"":""2026-01-01""}]"
北赤羽駅,3,1752066,0.0,2,1638016,1,1752066,"[{""addr"":""東京都北区赤羽北２丁目１９６２番５"",""use"":""1住居"",""price"":531000,""tsubo"":1755372,""yoy"":9.9,""dist"":280,""far"":200.0,""kind"":""公示"",""asof"":""2026-01-01""},{""addr"":""東京都北区浮間三丁目１９番８"",""use"":""準工"",""price"":530000,""tsubo"":1752066,""yoy"":0.0,""dist"":570,""far"":200.0,""kind"":""基準"",""asof"":""2026-07-01""},{""addr"":""東京都北区浮間１丁目１５番１４"",""use"":""1中専"",""price"":460000,""tsubo"":1520661,""yoy"":0.0,""dist"":750,""far"":200.0,""kind"":""公示"",""asof"":""2026-01-01""}]"
北野駅,8,552066,4.1,5,522314,3,733884,"[{""addr"":""東京都八王子市打越町３４４番６"",""use"":""商業"",""price"":456000,""tsubo"":1507438,""yoy"":6.0,""dist"":0,""far"":400.0,""kind"":""基準"",""asof"":""2026-07-01""},{""addr"":""東京都八王子市北野町５３５番２６"",""use"":""1住居"",""price"":220000,""tsubo"":727273,""yoy"":7.8,""dist"":410,""far"":200.0,""kind"":""公示"",""asof"":""2026-01-01""},{""addr"":""東京都八王子市打越町１３４４番２１"",""use"":""1低専"",""price"":169000,""tsubo"":558678,""yoy"":4.3,""dist"":540,""far"":80.0,""kind"":""公示"",""asof"":""2026-01-01""},{""addr"":""東京都八王子市長沼町１２０２番３４"",""use"":""1低専"",""price"":158000,""tsubo"":522314,""yoy"":3.9,""dist"":600,""far"":80.0,""kind"":""公示"",""asof"":""2026-01-01""},{""addr"":""東京都八王子市北野町５８０番１３"",""use"":""準工"",""price"":222000,""tsubo"":733884,""yoy"":7.8,""dist"":620,""far"":200.0,""kind"":""基準"",""asof"":""2026-07-01""},{""addr"":""東京都八王子市北野町５８７番２"",""use"":""工業"",""price"":165000,""tsubo"":545455,""yoy"":3.1,""dist"":1100,""far"":200.0,""kind"":""公示"",""asof"":""2026-01-01""},{""addr"":""東京都八王子市絹ケ丘１丁目１００１番３６外"",""use"":""1低専"",""price"":116000,""tsubo"":383471,""yoy"":3.6,""dist"":1200,""far"":80.0,""kind"":""公示"",""asof"":""2026-01-01""},{""addr"":""東京都八王子市打越町１５３２番１１０"",""use"":""1低専"",""price"":117000,""tsubo"":386777,""yoy"":2.6,""dist"":1200,""far"":80.0,""kind"":""基準"",""asof"":""2026-07-01""}]"
十条駅,8,2722313,10.85,4,2047934,4,3206611,"[{""addr"":""東京都北区上十条２丁目１１番２５外"",""use"":""商業"",""price"":1800000,""tsubo"":5950413,""yoy"":0.0,""dist"":90,""far"":500.0,""kind"":""公示"",""asof"":""2026-01-01""},{""addr"":""東京都北区上十条二丁目２２番２"",""use"":""1住居"",""price"":747000,""tsubo"":2469421,""yoy"":11.3,""dist"":450,""far"":200.0,""kind"":""基準"",""asof"":""2026-07-01""},{""addr"":""東京都北区十条仲原１丁目１２番５３外"",""use"":""1住居"",""price"":616000,""tsubo"":2036364,""yoy"":11.2,""dist"":500,""far"":200.0,""kind"":""公示"",""asof"":""2026-01-01""},{""addr"":""東京都北区十条仲原２丁目８番３８"",""use"":""近商"",""price"":900000,""tsubo"":2975206,""yoy"":13.5,""dist"":500,""far"":400.0,""kind"":""公示"",""asof"":""2026-01-01""},{""addr"":""東京都北区上十条３丁目１３番内外"",""use"":""近商"",""price"":940000,""tsubo"":3107438,""yoy"":0.0,""dist"":520,""far"":400.0,""kind"":""公示"",""asof"":""2026-01-01""},{""addr"":""東京都北区中十条１丁目１８番１７"",""use"":""1住居"",""price"":623000,""tsubo"":2059504,""yoy"":10.5,""dist"":560,""far"":200.0,""kind"":""公示"",""asof"":""2026-01-01""},{""addr"":""東京都北区十条仲原４丁目２番２３"",""use"":""1中専"",""price"":573000,""tsubo"":1894215,""yoy"":10.4,""dist"":890,""far"":150.0,""kind"":""公示"",""asof"":""2026-01-01""},{""addr"":""東京都北区上十条五丁目７番１４"",""use"":""近商"",""price"":1000000,""tsubo"":3305785,""yoy"":16.1,""dist"":950,""far"":400.0,""kind"":""基準"",""asof"":""2026-07-01""}]"
千住大橋駅,3,2228099,8.0,1,2228099,2,2310743,"[{""addr"":""東京都足立区千住橋戸町１０１番外"",""use"":""近商"",""price"":860000,""tsubo"":2842975,""yoy"":8.0,""dist"":0,""far"":400.0,""kind"":""公示"",""asof"":""2026-01-01""},{""addr"":""東京都足立区千住緑町１丁目１番８"",""use"":""1住居"",""price"":674000,""tsubo"":2228099,""yoy"":12.0,""dist"":300,""far"":300.0,""kind"":""公示"",""asof"":""2026-01-01""},{""addr"":""東京都足立区千住緑町２丁目１３番１３外"",""use"":""準工"",""price"":538000,""tsubo"":1778512,""yoy"":7.4,""dist"":590,""far"":300.0,""kind"":""公示"",""asof"":""2026-01-01""}]"
千川駅,6,2755372,11.35,5,2552066,1,4066116,"[{""addr"":""東京都豊島区要町三丁目２２番５"",""use"":""近商"",""price"":1230000,""tsubo"":4066116,""yoy"":12.8,""dist"":90,""far"":400.0,""kind"":""基準"",""asof"":""2026-07-01""},{""addr"":""東京都豊島区千川１丁目１２番１４"",""use"":""1低専"",""price"":895000,""tsubo"":2958678,""yoy"":11.2,""dist"":360,""far"":150.0,""kind"":""公示"",""asof"":""2026-01-01""},{""addr"":""東京都豊島区千川一丁目１２番１４"",""use"":""1低専"",""price"":946000,""tsubo"":3127273,""yoy"":10.0,""dist"":360,""far"":150.0,""kind"":""基準"",""asof"":""2026-07-01""},{""addr"":""東京都豊島区千早２丁目３２番４"",""use"":""1低専"",""price"":772000,""tsubo"":2552066,""yoy"":11.9,""dist"":400,""far"":150.0,""kind"":""公示"",""asof"":""2026-01-01""},{""addr"":""東京都豊島区千早４丁目２６番３"",""use"":""1中専"",""price"":725000,""tsubo"":2396694,""yoy"":11.5,""dist"":410,""far"":200.0,""kind"":""公示"",""asof"":""2026-01-01""},{""addr"":""東京都板橋区大谷口２丁目２４番３"",""use"":""1中専"",""price"":619000,""tsubo"":2046281,""yoy"":10.9,""dist"":760,""far"":200.0,""kind"":""公示"",""asof"":""2026-01-01""}]"
千歳烏山駅,10,1846281,6.1,8,1719008,2,4595041,"[{""addr"":""東京都世田谷区南烏山５丁目６４３番８外"",""use"":""商業"",""price"":1750000,""tsubo"":5785124,""yoy"":10.1,""dist"":120,""far"":500.0,""kind"":""公示"",""asof"":""2026-01-01""},{""addr"":""東京都世田谷区南烏山六丁目７７６番３"",""use"":""近商"",""price"":1030000,""tsubo"":3404959,""yoy"":7.3,""dist"":180,""far"":300.0,""kind"":""基準"",""asof"":""2026-07-01""},{""addr"":""東京都世田谷区南烏山２丁目４９６番１５"",""use"":""1中専"",""price"":720000,""tsubo"":2380165,""yoy"":6.4,""dist"":460,""far"":200.0,""kind"":""公示"",""asof"":""2026-01-01""},{""addr"":""東京都世田谷区南烏山４丁目１０９３番５"",""use"":""1住居"",""price"":642000,""tsubo"":2122314,""yoy"":4.7,""dist"":520,""far"":200.0,""kind"":""公示"",""asof"":""2026-01-01""},{""addr"":""東京都世田谷区給田２丁目３４４番１３"",""use"":""1低専"",""price"":478000,""tsubo"":1580165,""yoy"":4.6,""dist"":660,""far"":100.0,""kind"":""公示"",""asof"":""2026-01-01""},{""addr"":""東京都世田谷区上祖師谷１丁目４３９番７外"",""use"":""1低専"",""price"":595000,""tsubo"":1966942,""yoy"":6.3,""dist"":860,""far"":100.0,""kind"":""公示"",""asof"":""2026-01-01""},{""addr"":""東京都世田谷区上祖師谷２丁目３８２番１０"",""use"":""1低専"",""price"":518000,""tsubo"":1712397,""yoy"":6.6,""dist"":970,""far"":100.0,""kind"":""公示"",""asof"":""2026-01-01""},{""addr"":""東京都世田谷区北烏山９丁目２０２３番１９"",""use"":""1住居"",""price"":474000,""tsubo"":1566942,""yoy"":5.6,""dist"":1000,""far"":200.0,""kind"":""公示"",""asof"":""2026-01-01""},{""addr"":""東京都世田谷区給田四丁目１７７番２"",""use"":""1低専"",""price"":478000,""tsubo"":1580165,""yoy"":4.8,""dist"":1000,""far"":100.0,""kind"":""基準"",""asof"":""2026-07-01""},{""addr"":""東京都世田谷区粕谷３丁目５番１５"",""use"":""1低専"",""price"":522000,""tsubo"":1725620,""yoy"":5.9,""dist"":1200,""far"":100.0,""kind"":""公示"",""asof"":""2026-01-01""}]"
千歳船橋駅,7,2181818,6.3,7,2181818,0,,"[{""addr"":""東京都世田谷区経堂４丁目５４２番１２"",""use"":""1低専"",""price"":780000,""tsubo"":2578512,""yoy"":7.3,""dist"":450,""far"":100.0,""kind"":""公示"",""asof"":""2026-01-01""},{""addr"":""東京都世田谷区桜丘４丁目２８２４番３５"",""use"":""1低専"",""price"":694000,""tsubo"":2294215,""yoy"":6.9,""dist"":650,""far"":150.0,""kind"":""公示"",""asof"":""2026-01-01""},{""addr"":""東京都世田谷区桜丘５丁目３１１５番１"",""use"":""準住居"",""price"":866000,""tsubo"":2862810,""yoy"":8.9,""dist"":750,""far"":300.0,""kind"":""公示"",""asof"":""2026-01-01""},{""addr"":""東京都世田谷区船橋１丁目３４０番３２"",""use"":""1低専"",""price"":643000,""tsubo"":2125620,""yoy"":6.3,""dist"":800,""far"":100.0,""kind"":""公示"",""asof"":""2026-01-01""},{""addr"":""東京都世田谷区桜丘３丁目２７１１番２６"",""use"":""1低専"",""price"":660000,""tsubo"":2181818,""yoy"":5.9,""dist"":1000,""far"":150.0,""kind"":""公示"",""asof"":""2026-01-01""},{""addr"":""東京都世田谷区船橋四丁目５３４番１２"",""use"":""1低専"",""price"":618000,""tsubo"":2042975,""yoy"":4.7,""dist"":1000,""far"":100.0,""kind"":""基準"",""asof"":""2026-07-01""},{""addr"":""東京都世田谷区船橋６丁目２２番５"",""use"":""1中専"",""price"":582000,""tsubo"":1923967,""yoy"":5.8,""dist"":1400,""far"":200.0,""kind"":""公示"",""asof"":""2026-01-01""}]"
千石駅,5,4958678,16.2,1,3900826,4,5322314,"[{""addr"":""東京都文京区本駒込二丁目２８番８６"",""use"":""近商"",""price"":1720000,""tsubo"":5685950,""yoy"":13.2,""dist"":130,""far"":400.0,""kind"":""基準"",""asof"":""2026-07-01""},{""addr"":""東京都文京区千石４丁目１４番５８"",""use"":""商業"",""price"":2360000,""tsubo"":7801653,""yoy"":18.6,""dist"":220,""far"":600.0,""kind"":""公示"",""asof"":""2026-01-01""},{""addr"":""東京都文京区千石４丁目４３番６"",""use"":""近商"",""price"":1360000,""tsubo"":4495868,""yoy"":16.2,""dist"":250,""far"":300.0,""kind"":""公示"",""asof"":""2026-01-01""},{""addr"":""東京都文京区千石２丁目２０１番２５"",""use"":""商業"",""price"":1500000,""tsubo"":4958678,""yoy"":18.1,""dist"":560,""far"":400.0,""kind"":""公示"",""asof"":""2026-01-01""},{""addr"":""東京都文京区千石１丁目２３１番２"",""use"":""1中専"",""price"":1180000,""tsubo"":3900826,""yoy"":12.4,""dist"":580,""far"":300.0,""kind"":""公示"",""asof"":""2026-01-01""}]"
千駄ケ谷駅,3,6049587,10.9,2,5917355,1,7471074,"[{""addr"":""東京都渋谷区千駄ケ谷１丁目２６番６"",""use"":""2住居"",""price"":1750000,""tsubo"":5785124,""yoy"":10.1,""dist"":290,""far"":300.0,""kind"":""公示"",""asof"":""2026-01-01""},{""addr"":""東京都渋谷区千駄ケ谷一丁目２６番６"",""use"":""2住居"",""price"":1830000,""tsubo"":6049587,""yoy"":10.9,""dist"":290,""far"":300.0,""kind"":""基準"",""asof"":""2026-07-01""},{""addr"":""東京都新宿区大京町３１番１外"",""use"":""近商"",""price"":2260000,""tsubo"":7471074,""yoy"":14.7,""dist"":370,""far"":400.0,""kind"":""公示"",""asof"":""2026-01-01""}]"
千駄木駅,10,4462809,14.1,6,3702479,4,6297520,"[{""addr"":""東京都文京区千駄木３丁目４２番１５"",""use"":""商業"",""price"":2140000,""tsubo"":7074380,""yoy"":19.6,""dist"":0,""far"":500.0,""kind"":""公示"",""asof"":""2026-01-01""},{""addr"":""東京都文京区千駄木三丁目４２番１５"",""use"":""商業"",""price"":2350000,""tsubo"":7768595,""yoy"":19.3,""dist"":1,""far"":500.0,""kind"":""基準"",""asof"":""2026-07-01""},{""addr"":""東京都文京区千駄木２丁目１番３"",""use"":""近商"",""price"":1670000,""tsubo"":5520661,""yoy"":17.6,""dist"":60,""far"":400.0,""kind"":""公示"",""asof"":""2026-01-01""},{""addr"":""東京都台東区谷中３丁目１１４番６"",""use"":""近商"",""price"":1260000,""tsubo"":4165289,""yoy"":14.5,""dist"":300,""far"":300.0,""kind"":""公示"",""asof"":""2026-01-01""},{""addr"":""東京都文京区千駄木３丁目６３５番６７"",""use"":""1中専"",""price"":1440000,""tsubo"":4760330,""yoy"":12.5,""dist"":310,""far"":200.0,""kind"":""公示"",""asof"":""2026-01-01""},{""addr"":""東京都台東区谷中三丁目１２０番１"",""use"":""1住居"",""price"":770000,""tsubo"":2545454,""yoy"":16.7,""dist"":400,""far"":300.0,""kind"":""基準"",""asof"":""2026-07-01""},{""addr"":""東京都台東区谷中２丁目４９番"",""use"":""1中専"",""price"":1160000,""tsubo"":3834711,""yoy"":13.7,""dist"":460,""far"":300.0,""kind"":""公示"",""asof"":""2026-01-01""},{""addr"":""東京都文京区千駄木２丁目７２番２８"",""use"":""1中専"",""price"":1080000,""tsubo"":3570248,""yoy"":12.6,""dist"":500,""far"":300.0,""kind"":""公示"",""asof"":""2026-01-01""},{""addr"":""東京都文京区千駄木一丁目５０番１１３"",""use"":""1中専"",""price"":1440000,""tsubo"":4760330,""yoy"":13.4,""dist"":550,""far"":200.0,""kind"":""基準"",""asof"":""2026-07-01""},{""addr"":""東京都台東区谷中６丁目１１９番１"",""use"":""1中専"",""price"":1020000,""tsubo"":3371901,""yoy"":13.2,""dist"":600,""far"":300.0,""kind"":""公示"",""asof"":""2026-01-01""}]"
千鳥町駅,3,2280992,6.5,2,2251240,1,2591735,"[{""addr"":""東京都大田区千鳥１丁目７８番１０外"",""use"":""近商"",""price"":784000,""tsubo"":2591735,""yoy"":8.4,""dist"":160,""far"":300.0,""kind"":""公示"",""asof"":""2026-01-01""},{""addr"":""東京都大田区久が原４丁目６８９番１０"",""use"":""1低専"",""price"":672000,""tsubo"":2221488,""yoy"":6.5,""dist"":750,""far"":100.0,""kind"":""公示"",""asof"":""2026-01-01""},{""addr"":""東京都大田区久が原四丁目６８９番１０"",""use"":""1低専"",""price"":690000,""tsubo"":2280992,""yoy"":5.8,""dist"":750,""far"":100.0,""kind"":""基準"",""asof"":""2026-07-01""}]"
半蔵門駅,8,14760330,11.65,4,14148760,4,15256197,"[{""addr"":""東京都千代田区一番町１３番８"",""use"":""商業"",""price"":4070000,""tsubo"":13454545,""yoy"":16.3,""dist"":110,""far"":500.0,""kind"":""公示"",""asof"":""2026-01-01""},{""addr"":""東京都千代田区麹町二丁目１０番４外"",""use"":""2住居"",""price"":3610000,""tsubo"":11933884,""yoy"":9.7,""dist"":160,""far"":400.0,""kind"":""基準"",""asof"":""2026-07-01""},{""addr"":""東京都千代田区隼町５番１４外"",""use"":""商業"",""price"":4850000,""tsubo"":16033057,""yoy"":15.8,""dist"":180,""far"":600.0,""kind"":""基準"",""asof"":""2026-07-01""},{""addr"":""東京都千代田区麹町１丁目１２番６外"",""use"":""商業"",""price"":4710000,""tsubo"":15570247,""yoy"":7.3,""dist"":200,""far"":500.0,""kind"":""公示"",""asof"":""2026-01-01""},{""addr"":""東京都千代田区一番町１６番３"",""use"":""2住居"",""price"":4150000,""tsubo"":13719008,""yoy"":11.0,""dist"":220,""far"":400.0,""kind"":""公示"",""asof"":""2026-01-01""},{""addr"":""東京都千代田区平河町１丁目１番６"",""use"":""商業"",""price"":4520000,""tsubo"":14942148,""yoy"":19.9,""dist"":220,""far"":600.0,""kind"":""公示"",""asof"":""2026-01-01""},{""addr"":""東京都千代田区三番町９番４"",""use"":""1住居"",""price"":4530000,""tsubo"":14975206,""yoy"":11.9,""dist"":370,""far"":400.0,""kind"":""基準"",""asof"":""2026-07-01""},{""addr"":""東京都千代田区三番町６番２５"",""use"":""2住居"",""price"":4410000,""tsubo"":14578512,""yoy"":11.4,""dist"":500,""far"":400.0,""kind"":""公示"",""asof"":""2026-01-01""}]"
南千住駅,7,2214876,15.9,1,3216529,6,2143801,"[{""addr"":""東京都荒川区南千住五丁目１８番７"",""use"":""商業"",""price"":1320000,""tsubo"":4363636,""yoy"":17.9,""dist"":150,""far"":500.0,""kind"":""基準"",""asof"":""2026-07-01""},{""addr"":""東京都荒川区南千住７丁目９６番１"",""use"":""準工"",""price"":605000,""tsubo"":2000000,""yoy"":10.0,""dist"":200,""far"":300.0,""kind"":""公示"",""asof"":""2026-01-01""},{""addr"":""東京都台東区日本堤２丁目１０９番１７"",""use"":""近商"",""price"":627000,""tsubo"":2072727,""yoy"":17.2,""dist"":530,""far"":400.0,""kind"":""公示"",""asof"":""2026-01-01""},{""addr"":""東京都台東区東浅草二丁目３３番２５"",""use"":""商業"",""price"":750000,""tsubo"":2479339,""yoy"":20.6,""dist"":850,""far"":500.0,""kind"":""基準"",""asof"":""2026-07-01""},{""addr"":""東京都台東区清川二丁目２番６"",""use"":""近商"",""price"":670000,""tsubo"":2214876,""yoy"":15.9,""dist"":900,""far"":400.0,""kind"":""基準"",""asof"":""2026-07-01""},{""addr"":""東京都荒川区南千住八丁目２０番３９"",""use"":""1住居"",""price"":973000,""tsubo"":3216529,""yoy"":15.6,""dist"":940,""far"":300.0,""kind"":""基準"",""asof"":""2026-07-01""},{""addr"":""東京都荒川区南千住３丁目１４１番２６"",""use"":""準工"",""price"":514000,""tsubo"":1699173,""yoy"":10.3,""dist"":1400,""far"":300.0,""kind"":""公示"",""asof"":""2026-01-01""}]"
南多摩駅,4,975207,3.4,2,895868,2,1071074,"[{""addr"":""東京都稲城市大字大丸字八号１０３０番１"",""use"":""近商"",""price"":318000,""tsubo"":1051240,""yoy"":2.6,""dist"":150,""far"":300.0,""kind"":""公示"",""asof"":""2026-01-01""},{""addr"":""東京都稲城市大字大丸字八号１０３０番１"",""use"":""近商"",""price"":330000,""tsubo"":1090909,""yoy"":5.4,""dist"":150,""far"":300.0,""kind"":""基準"",""asof"":""2026-07-01""},{""addr"":""東京都稲城市大字大丸字四号４４０番２"",""use"":""1低専"",""price"":270000,""tsubo"":892562,""yoy"":3.8,""dist"":500,""far"":80.0,""kind"":""公示"",""asof"":""2026-01-01""},{""addr"":""東京都稲城市大字大丸字七号７９１番２"",""use"":""1低専"",""price"":272000,""tsubo"":899174,""yoy"":3.0,""dist"":680,""far"":80.0,""kind"":""公示"",""asof"":""2026-01-01""}]"
南大沢駅,4,735537,6.95,4,735537,0,,"[{""addr"":""東京都八王子市南大沢２丁目１８番１０"",""use"":""1低専"",""price"":227000,""tsubo"":750413,""yoy"":8.1,""dist"":550,""far"":80.0,""kind"":""公示"",""asof"":""2026-01-01""},{""addr"":""東京都八王子市南大沢二丁目２０６番８"",""use"":""2中専"",""price"":226000,""tsubo"":747107,""yoy"":7.1,""dist"":800,""far"":200.0,""kind"":""基準"",""asof"":""2026-07-01""},{""addr"":""東京都八王子市南大沢一丁目１５番３４"",""use"":""2中専"",""price"":219000,""tsubo"":723967,""yoy"":6.8,""dist"":950,""far"":200.0,""kind"":""基準"",""asof"":""2026-07-01""},{""addr"":""東京都八王子市南大沢四丁目３９番１６"",""use"":""1低専"",""price"":174000,""tsubo"":575207,""yoy"":6.1,""dist"":1400,""far"":80.0,""kind"":""基準"",""asof"":""2026-07-01""}]"
南平駅,7,674380,5.9,6,662810,1,925620,"[{""addr"":""東京都日野市南平七丁目６番４１"",""use"":""近商"",""price"":280000,""tsubo"":925620,""yoy"":2.6,""dist"":80,""far"":200.0,""kind"":""基準"",""asof"":""2026-07-01""},{""addr"":""東京都日野市南平６丁目２０番１５"",""use"":""1低専"",""price"":228000,""tsubo"":753719,""yoy"":6.0,""dist"":220,""far"":80.0,""kind"":""公示"",""asof"":""2026-01-01""},{""addr"":""東京都日野市南平六丁目２０番１５"",""use"":""1低専"",""price"":232000,""tsubo"":766942,""yoy"":4.0,""dist"":220,""far"":80.0,""kind"":""基準"",""asof"":""2026-07-01""},{""addr"":""東京都日野市平山４丁目３番４４"",""use"":""2中専"",""price"":204000,""tsubo"":674380,""yoy"":3.0,""dist"":720,""far"":200.0,""kind"":""公示"",""asof"":""2026-01-01""},{""addr"":""東京都日野市南平２丁目５１番２"",""use"":""1低専"",""price"":120000,""tsubo"":396694,""yoy"":6.2,""dist"":800,""far"":80.0,""kind"":""公示"",""asof"":""2026-01-01""},{""addr"":""東京都日野市南平５丁目１８番２９外"",""use"":""1低専"",""price"":197000,""tsubo"":651240,""yoy"":5.9,""dist"":900,""far"":80.0,""kind"":""公示"",""asof"":""2026-01-01""},{""addr"":""東京都日野市南平二丁目１９番６"",""use"":""1低専"",""price"":135000,""tsubo"":446281,""yoy"":7.1,""dist"":980,""far"":80.0,""kind"":""基準"",""asof"":""2026-07-01""}]"
南新宿駅,1,5256198,11.2,1,5256198,0,,"[{""addr"":""東京都渋谷区代々木三丁目６番５"",""use"":""2中専"",""price"":1590000,""tsubo"":5256198,""yoy"":11.2,""dist"":500,""far"":300.0,""kind"":""基準"",""asof"":""2026-07-01""}]"
南町田グランベリーパーク駅,4,801653,7.35,3,968595,1,634711,"[{""addr"":""東京都町田市鶴間一丁目８番１５"",""use"":""1低専"",""price"":293000,""tsubo"":968595,""yoy"":9.7,""dist"":350,""far"":100.0,""kind"":""基準"",""asof"":""2026-07-01""},{""addr"":""東京都町田市鶴間３丁目１３番１４"",""use"":""2中専"",""price"":314000,""tsubo"":1038016,""yoy"":9.0,""dist"":400,""far"":200.0,""kind"":""公示"",""asof"":""2026-01-01""},{""addr"":""東京都町田市鶴間５丁目１７０２番１外"",""use"":""準工"",""price"":192000,""tsubo"":634711,""yoy"":4.9,""dist"":850,""far"":200.0,""kind"":""公示"",""asof"":""2026-01-01""},{""addr"":""東京都町田市南町田１丁目１１９番５"",""use"":""1低専"",""price"":185000,""tsubo"":611570,""yoy"":5.7,""dist"":1400,""far"":80.0,""kind"":""公示"",""asof"":""2026-01-01""}]"
南砂町駅,7,1788430,10.3,3,1788430,4,1788429,"[{""addr"":""東京都江東区南砂三丁目１１番４９"",""use"":""1住居"",""price"":645000,""tsubo"":2132231,""yoy"":10.3,""dist"":330,""far"":300.0,""kind"":""基準"",""asof"":""2026-07-01""},{""addr"":""東京都江東区南砂３丁目１７６２番３０"",""use"":""近商"",""price"":621000,""tsubo"":2052892,""yoy"":10.9,""dist"":420,""far"":300.0,""kind"":""公示"",""asof"":""2026-01-01""},{""addr"":""東京都江東区南砂４丁目２１７番３１"",""use"":""2住居"",""price"":541000,""tsubo"":1788430,""yoy"":10.4,""dist"":500,""far"":400.0,""kind"":""公示"",""asof"":""2026-01-01""},{""addr"":""東京都江東区東砂八丁目２２２０番１１１"",""use"":""1住居"",""price"":498000,""tsubo"":1646281,""yoy"":9.7,""dist"":1100,""far"":300.0,""kind"":""基準"",""asof"":""2026-07-01""},{""addr"":""東京都江東区北砂４丁目１２３４番５"",""use"":""準工"",""price"":461000,""tsubo"":1523967,""yoy"":0.0,""dist"":1200,""far"":300.0,""kind"":""公示"",""asof"":""2026-01-01""},{""addr"":""東京都江東区東砂７丁目７９８番６外"",""use"":""商業"",""price"":719000,""tsubo"":2376859,""yoy"":12.0,""dist"":1300,""far"":400.0,""kind"":""公示"",""asof"":""2026-01-01""},{""addr"":""東京都江東区東砂６丁目５９番５"",""use"":""準工"",""price"":449000,""tsubo"":1484297,""yoy"":8.5,""dist"":1500,""far"":300.0,""kind"":""公示"",""asof"":""2026-01-01""}]"
南阿佐ケ谷駅,6,2621487,8.45,4,2563636,2,4628099,"[{""addr"":""東京都杉並区成田東４丁目１８番２"",""use"":""1低専"",""price"":778000,""tsubo"":2571901,""yoy"":8.4,""dist"":300,""far"":100.0,""kind"":""公示"",""asof"":""2026-01-01""},{""addr"":""東京都杉並区成田東四丁目１８番２"",""use"":""1低専"",""price"":808000,""tsubo"":2671074,""yoy"":7.4,""dist"":300,""far"":100.0,""kind"":""基準"",""asof"":""2026-07-01""},{""addr"":""東京都杉並区成田東５丁目３１番１外"",""use"":""商業"",""price"":1360000,""tsubo"":4495868,""yoy"":18.3,""dist"":360,""far"":400.0,""kind"":""公示"",""asof"":""2026-01-01""},{""addr"":""東京都杉並区成田東五丁目３１番１外"",""use"":""商業"",""price"":1440000,""tsubo"":4760330,""yoy"":18.0,""dist"":360,""far"":400.0,""kind"":""基準"",""asof"":""2026-07-01""},{""addr"":""東京都杉並区成田東４丁目２３２番８"",""use"":""1低専"",""price"":773000,""tsubo"":2555372,""yoy"":8.1,""dist"":470,""far"":100.0,""kind"":""公示"",""asof"":""2026-01-01""},{""addr"":""東京都杉並区成田西３丁目８７６番１"",""use"":""1低専"",""price"":573000,""tsubo"":1894215,""yoy"":8.5,""dist"":1100,""far"":80.0,""kind"":""公示"",""asof"":""2026-01-01""}]"
原宿駅,2,61652890,13.3,0,,2,61652890,"[{""addr"":""東京都渋谷区神宮前１丁目１３番５"",""use"":""商業"",""price"":23300000,""tsubo"":77024790,""yoy"":6.9,""dist"":190,""far"":500.0,""kind"":""公示"",""asof"":""2026-01-01""},{""addr"":""東京都渋谷区神宮前１丁目６番１５"",""use"":""近商"",""price"":14000000,""tsubo"":46280990,""yoy"":19.7,""dist"":240,""far"":300.0,""kind"":""公示"",""asof"":""2026-01-01""}]"
参宮橋駅,2,5818182,9.55,1,6049587,1,5586777,"[{""addr"":""東京都渋谷区代々木４丁目１０番１３"",""use"":""近商"",""price"":1690000,""tsubo"":5586777,""yoy"":12.7,""dist"":130,""far"":300.0,""kind"":""公示"",""asof"":""2026-01-01""},{""addr"":""東京都渋谷区代々木５丁目３０番１"",""use"":""2低専"",""price"":1830000,""tsubo"":6049587,""yoy"":6.4,""dist"":650,""far"":200.0,""kind"":""公示"",""asof"":""2026-01-01""}]"
古里駅,1,97851,0.0,1,97851,0,,"[{""addr"":""東京都西多摩郡奥多摩町小丹波字南ノ原７９番１"",""use"":""_"",""price"":29600,""tsubo"":97851,""yoy"":0.0,""dist"":200,""far"":0.0,""kind"":""基準"",""asof"":""2026-07-01""}]"
吉祥寺駅,22,2988429,6.15,12,2641322,10,7504132,"[{""addr"":""東京都武蔵野市吉祥寺本町１丁目２０７１番４２内"",""use"":""商業"",""price"":8970000,""tsubo"":29652891,""yoy"":7.0,""dist"":90,""far"":700.0,""kind"":""公示"",""asof"":""2026-01-01""},{""addr"":""東京都武蔵野市吉祥寺本町一丁目２０７１番４２内"",""use"":""商業"",""price"":9240000,""tsubo"":30545453,""yoy"":7.1,""dist"":90,""far"":700.0,""kind"":""基準"",""asof"":""2026-07-01""},{""addr"":""東京都武蔵野市吉祥寺南町１丁目２７２８番９内"",""use"":""商業"",""price"":4490000,""tsubo"":14842975,""yoy"":10.9,""dist"":100,""far"":600.0,""kind"":""公示"",""asof"":""2026-01-01""},{""addr"":""東京都武蔵野市吉祥寺南町一丁目２７２８番９内"",""use"":""商業"",""price"":4550000,""tsubo"":15041322,""yoy"":9.4,""dist"":100,""far"":600.0,""kind"":""基準"",""asof"":""2026-07-01""},{""addr"":""東京都武蔵野市吉祥寺本町１丁目２１４３番３４"",""use"":""商業"",""price"":1610000,""tsubo"":5322314,""yoy"":6.6,""dist"":220,""far"":600.0,""kind"":""公示"",""asof"":""2026-01-01""},{""addr"":""東京都武蔵野市吉祥寺南町１丁目２７００番１４４"",""use"":""1低専"",""price"":1200000,""tsubo"":3966942,""yoy"":6.2,""dist"":310,""far"":80.0,""kind"":""公示"",""asof"":""2026-01-01""},{""addr"":""東京都武蔵野市吉祥寺本町２丁目１９７５番１外"",""use"":""近商"",""price"":1850000,""tsubo"":6115702,""yoy"":5.1,""dist"":400,""far"":200.0,""kind"":""公示"",""asof"":""2026-01-01""},{""addr"":""東京都武蔵野市吉祥寺本町二丁目１９７５番１外"",""use"":""近商"",""price"":1920000,""tsubo"":6347107,""yoy"":6.7,""dist"":400,""far"":200.0,""kind"":""基準"",""asof"":""2026-07-01""},{""addr"":""東京都武蔵野市吉祥寺本町２丁目２０１７番１０７"",""use"":""商業"",""price"":2620000,""tsubo"":8661157,""yoy"":9.2,""dist"":550,""far"":600.0,""kind"":""公示"",""asof"":""2026-01-01""},{""addr"":""東京都武蔵野市御殿山１丁目２７６１番５６"",""use"":""1低専"",""price"":822000,""tsubo"":2717355,""yoy"":5.9,""dist"":710,""far"":100.0,""kind"":""公示"",""asof"":""2026-01-01""}]"
和泉多摩川駅,4,1390082,5.85,3,1355372,1,1636364,"[{""addr"":""東京都狛江市東和泉三丁目２６３１番６"",""use"":""近商"",""price"":495000,""tsubo"":1636364,""yoy"":5.3,""dist"":80,""far"":300.0,""kind"":""基準"",""asof"":""2026-07-01""},{""addr"":""東京都狛江市元和泉三丁目２６５５番６"",""use"":""1低専"",""price"":431000,""tsubo"":1424793,""yoy"":5.9,""dist"":240,""far"":80.0,""kind"":""基準"",""asof"":""2026-07-01""},{""addr"":""東京都狛江市猪方三丁目５２８番１１"",""use"":""1低専"",""price"":410000,""tsubo"":1355372,""yoy"":5.9,""dist"":300,""far"":80.0,""kind"":""基準"",""asof"":""2026-07-01""},{""addr"":""東京都狛江市駒井町１丁目２１５番２２"",""use"":""1低専"",""price"":292000,""tsubo"":965289,""yoy"":5.8,""dist"":1200,""far"":80.0,""kind"":""公示"",""asof"":""2026-01-01""}]"
品川シーサイド駅,1,4363636,10.0,0,,1,4363636,"[{""addr"":""東京都品川区東品川三丁目４２番２"",""use"":""準工"",""price"":1320000,""tsubo"":4363636,""yoy"":10.0,""dist"":530,""far"":300.0,""kind"":""基準"",""asof"":""2026-07-01""}]"
品川駅,6,23024792,16.55,1,6677686,5,25157024,"[{""addr"":""東京都港区高輪３丁目４６６番１５"",""use"":""商業"",""price"":7750000,""tsubo"":25619834,""yoy"":18.3,""dist"":200,""far"":600.0,""kind"":""公示"",""asof"":""2026-01-01""},{""addr"":""東京都港区港南２丁目８番６７"",""use"":""商業"",""price"":7610000,""tsubo"":25157024,""yoy"":17.1,""dist"":200,""far"":600.0,""kind"":""公示"",""asof"":""2026-01-01""},{""addr"":""東京都港区港南２丁目１６番２外"",""use"":""商業"",""price"":12600000,""tsubo"":41652891,""yoy"":4.1,""dist"":200,""far"":700.0,""kind"":""公示"",""asof"":""2026-01-01""},{""addr"":""東京都港区港南二丁目７番１外"",""use"":""商業"",""price"":6320000,""tsubo"":20892561,""yoy"":16.0,""dist"":380,""far"":600.0,""kind"":""基準"",""asof"":""2026-07-01""},{""addr"":""東京都港区高輪４丁目３０番３０３外"",""use"":""1中専"",""price"":2020000,""tsubo"":6677686,""yoy"":15.4,""dist"":620,""far"":200.0,""kind"":""公示"",""asof"":""2026-01-01""},{""addr"":""東京都港区港南３丁目６番７"",""use"":""準工"",""price"":2260000,""tsubo"":7471074,""yoy"":22.2,""dist"":1100,""far"":400.0,""kind"":""公示"",""asof"":""2026-01-01""}]"
唐木田駅,4,786776,4.8,3,747107,1,885950,"[{""addr"":""東京都多摩市唐木田一丁目１番２"",""use"":""近商"",""price"":268000,""tsubo"":885950,""yoy"":5.5,""dist"":160,""far"":300.0,""kind"":""基準"",""asof"":""2026-07-01""},{""addr"":""東京都多摩市唐木田１丁目４６番１４"",""use"":""2中専"",""price"":226000,""tsubo"":747107,""yoy"":4.1,""dist"":400,""far"":200.0,""kind"":""公示"",""asof"":""2026-01-01""},{""addr"":""東京都多摩市鶴牧２丁目２１番１７外"",""use"":""2中専"",""price"":250000,""tsubo"":826446,""yoy"":5.5,""dist"":500,""far"":200.0,""kind"":""公示"",""asof"":""2026-01-01""},{""addr"":""東京都多摩市鶴牧５丁目３３番１０"",""use"":""1低専"",""price"":203000,""tsubo"":671074,""yoy"":3.6,""dist"":1200,""far"":80.0,""kind"":""公示"",""asof"":""2026-01-01""}]"
喜多見駅,8,1406611,5.75,7,1398347,1,2899173,"[{""addr"":""東京都世田谷区喜多見８丁目２１７５番１０"",""use"":""近商"",""price"":877000,""tsubo"":2899173,""yoy"":7.9,""dist"":50,""far"":300.0,""kind"":""公示"",""asof"":""2026-01-01""},{""addr"":""東京都狛江市岩戸北３丁目１０５１番１５"",""use"":""1住居"",""price"":493000,""tsubo"":1629752,""yoy"":8.4,""dist"":540,""far"":200.0,""kind"":""公示"",""asof"":""2026-01-01""},{""addr"":""東京都世田谷区喜多見９丁目１５８０番２"",""use"":""1低専"",""price"":451000,""tsubo"":1490909,""yoy"":6.9,""dist"":550,""far"":100.0,""kind"":""公示"",""asof"":""2026-01-01""},{""addr"":""東京都狛江市岩戸北１丁目１１４７番４１"",""use"":""1低専"",""price"":423000,""tsubo"":1398347,""yoy"":5.8,""dist"":740,""far"":80.0,""kind"":""公示"",""asof"":""2026-01-01""},{""addr"":""東京都狛江市岩戸北一丁目１１４７番４１"",""use"":""1低専"",""price"":428000,""tsubo"":1414876,""yoy"":5.7,""dist"":740,""far"":80.0,""kind"":""基準"",""asof"":""2026-07-01""},{""addr"":""東京都狛江市東野川１丁目４５０番３５"",""use"":""1低専"",""price"":406000,""tsubo"":1342149,""yoy"":5.2,""dist"":980,""far"":80.0,""kind"":""公示"",""asof"":""2026-01-01""},{""addr"":""東京都狛江市岩戸南３丁目２７８番５３"",""use"":""1低専"",""price"":358000,""tsubo"":1183471,""yoy"":5.3,""dist"":1100,""far"":80.0,""kind"":""公示"",""asof"":""2026-01-01""},{""addr"":""東京都狛江市東野川３丁目４２６番１６"",""use"":""1低専"",""price"":342000,""tsubo"":1130578,""yoy"":5.2,""dist"":1500,""far"":80.0,""kind"":""公示"",""asof"":""2026-01-01""}]"
四ツ木駅,3,1133884,4.4,0,,3,1133884,"[{""addr"":""東京都葛飾区東四つ木四丁目２８２番１"",""use"":""準工"",""price"":372000,""tsubo"":1229752,""yoy"":0.0,""dist"":360,""far"":200.0,""kind"":""基準"",""asof"":""2026-07-01""},{""addr"":""東京都葛飾区四つ木４丁目１２８番２"",""use"":""準工"",""price"":343000,""tsubo"":1133884,""yoy"":7.2,""dist"":900,""far"":200.0,""kind"":""公示"",""asof"":""2026-01-01""},{""addr"":""東京都葛飾区西新小岩５丁目２７５２番３"",""use"":""準工"",""price"":310000,""tsubo"":1024793,""yoy"":4.4,""dist"":1500,""far"":200.0,""kind"":""公示"",""asof"":""2026-01-01""}]"
四ツ谷駅,6,12082644,10.2,4,10859503,2,14727272,"[{""addr"":""東京都新宿区四谷１丁目９番２外"",""use"":""商業"",""price"":6900000,""tsubo"":22809916,""yoy"":8.0,""dist"":170,""far"":700.0,""kind"":""公示"",""asof"":""2026-01-01""},{""addr"":""東京都千代田区六番町６番１外"",""use"":""2住居"",""price"":5300000,""tsubo"":17520660,""yoy"":9.7,""dist"":330,""far"":400.0,""kind"":""公示"",""asof"":""2026-01-01""},{""addr"":""東京都千代田区六番町６番１外"",""use"":""2住居"",""price"":5700000,""tsubo"":18842974,""yoy"":11.8,""dist"":330,""far"":400.0,""kind"":""基準"",""asof"":""2026-07-01""},{""addr"":""東京都新宿区四谷三栄町９番９"",""use"":""近商"",""price"":2010000,""tsubo"":6644628,""yoy"":11.7,""dist"":450,""far"":400.0,""kind"":""公示"",""asof"":""2026-01-01""},{""addr"":""東京都新宿区四谷三栄町１５番６"",""use"":""1中専"",""price"":1100000,""tsubo"":3636364,""yoy"":10.0,""dist"":550,""far"":300.0,""kind"":""公示"",""asof"":""2026-01-01""},{""addr"":""東京都新宿区若葉１丁目１９番１８"",""use"":""1中専"",""price"":1270000,""tsubo"":4198347,""yoy"":10.4,""dist"":680,""far"":300.0,""kind"":""公示"",""asof"":""2026-01-01""}]"
四谷三丁目駅,6,5008264,13.2,3,4132231,3,19834710,"[{""addr"":""東京都新宿区四谷３丁目１番８"",""use"":""商業"",""price"":6000000,""tsubo"":19834710,""yoy"":15.4,""dist"":140,""far"":700.0,""kind"":""公示"",""asof"":""2026-01-01""},{""addr"":""東京都新宿区四谷三丁目１番８"",""use"":""商業"",""price"":6300000,""tsubo"":20826446,""yoy"":15.6,""dist"":140,""far"":700.0,""kind"":""基準"",""asof"":""2026-07-01""},{""addr"":""東京都新宿区愛住町７番１２"",""use"":""2中専"",""price"":1180000,""tsubo"":3900826,""yoy"":0.0,""dist"":190,""far"":300.0,""kind"":""公示"",""asof"":""2026-01-01""},{""addr"":""東京都新宿区舟町４番８"",""use"":""商業"",""price"":1730000,""tsubo"":5719008,""yoy"":15.3,""dist"":200,""far"":400.0,""kind"":""公示"",""asof"":""2026-01-01""},{""addr"":""東京都新宿区大京町６番８"",""use"":""1中専"",""price"":1250000,""tsubo"":4132231,""yoy"":10.6,""dist"":300,""far"":300.0,""kind"":""公示"",""asof"":""2026-01-01""},{""addr"":""東京都新宿区大京町６番８"",""use"":""1中専"",""price"":1300000,""tsubo"":4297520,""yoy"":11.1,""dist"":300,""far"":300.0,""kind"":""基準"",""asof"":""2026-07-01""}]"
国分寺駅,16,1319008,8.2,10,1216528,6,3289256,"[{""addr"":""東京都国分寺市本町２丁目３３４番１４"",""use"":""商業"",""price"":2000000,""tsubo"":6611570,""yoy"":8.1,""dist"":130,""far"":500.0,""kind"":""公示"",""asof"":""2026-01-01""},{""addr"":""東京都国分寺市本町二丁目３３４番１４"",""use"":""商業"",""price"":2080000,""tsubo"":6876033,""yoy"":9.5,""dist"":130,""far"":500.0,""kind"":""基準"",""asof"":""2026-07-01""},{""addr"":""東京都国分寺市南町三丁目２７００番５１外"",""use"":""商業"",""price"":1190000,""tsubo"":3933884,""yoy"":8.2,""dist"":150,""far"":500.0,""kind"":""基準"",""asof"":""2026-07-01""},{""addr"":""東京都国分寺市南町３丁目２７４５番１７"",""use"":""商業"",""price"":800000,""tsubo"":2644628,""yoy"":11.0,""dist"":330,""far"":500.0,""kind"":""公示"",""asof"":""2026-01-01""},{""addr"":""東京都国分寺市本多１丁目４４７番５４"",""use"":""商業"",""price"":700000,""tsubo"":2314050,""yoy"":9.4,""dist"":400,""far"":400.0,""kind"":""公示"",""asof"":""2026-01-01""},{""addr"":""東京都国分寺市南町２丁目２８４番２７"",""use"":""1低専"",""price"":450000,""tsubo"":1487603,""yoy"":5.4,""dist"":600,""far"":100.0,""kind"":""公示"",""asof"":""2026-01-01""},{""addr"":""東京都国分寺市東元町３丁目１３９１番１"",""use"":""近商"",""price"":395000,""tsubo"":1305785,""yoy"":8.2,""dist"":660,""far"":300.0,""kind"":""公示"",""asof"":""2026-01-01""},{""addr"":""東京都国分寺市東元町三丁目２３８２番６"",""use"":""1低専"",""price"":403000,""tsubo"":1332231,""yoy"":4.4,""dist"":700,""far"":80.0,""kind"":""基準"",""asof"":""2026-07-01""},{""addr"":""東京都国分寺市本多１丁目３９３番２２外"",""use"":""1中専"",""price"":498000,""tsubo"":1646281,""yoy"":10.7,""dist"":750,""far"":200.0,""kind"":""公示"",""asof"":""2026-01-01""},{""addr"":""東京都国分寺市東元町１丁目９７番１４"",""use"":""1低専"",""price"":361000,""tsubo"":1193388,""yoy"":12.8,""dist"":1100,""far"":100.0,""kind"":""公示"",""asof"":""2026-01-01""}]"
国立駅,21,1537190,7.3,16,1436363,5,1940496,"[{""addr"":""東京都国分寺市光町１丁目４３番２３"",""use"":""近商"",""price"":587000,""tsubo"":1940496,""yoy"":7.3,""dist"":200,""far"":300.0,""kind"":""公示"",""asof"":""2026-01-01""},{""addr"":""東京都国立市東１丁目６番１９外"",""use"":""商業"",""price"":1560000,""tsubo"":5157025,""yoy"":11.4,""dist"":200,""far"":600.0,""kind"":""公示"",""asof"":""2026-01-01""},{""addr"":""東京都国立市東一丁目６番１９外"",""use"":""商業"",""price"":1600000,""tsubo"":5289256,""yoy"":8.8,""dist"":200,""far"":600.0,""kind"":""基準"",""asof"":""2026-07-01""},{""addr"":""東京都国立市東１丁目９番２２"",""use"":""1低専"",""price"":539000,""tsubo"":1781818,""yoy"":6.7,""dist"":450,""far"":100.0,""kind"":""公示"",""asof"":""2026-01-01""},{""addr"":""東京都国立市中１丁目１８番４９"",""use"":""1低専"",""price"":603000,""tsubo"":1993388,""yoy"":6.2,""dist"":450,""far"":100.0,""kind"":""公示"",""asof"":""2026-01-01""},{""addr"":""東京都国立市東一丁目１６番３"",""use"":""2中専"",""price"":598000,""tsubo"":1976859,""yoy"":6.4,""dist"":450,""far"":200.0,""kind"":""基準"",""asof"":""2026-07-01""},{""addr"":""東京都国分寺市富士本１丁目２１番１０外"",""use"":""近商"",""price"":390000,""tsubo"":1289256,""yoy"":8.3,""dist"":600,""far"":200.0,""kind"":""公示"",""asof"":""2026-01-01""},{""addr"":""東京都国立市東２丁目６番２８"",""use"":""近商"",""price"":517000,""tsubo"":1709091,""yoy"":8.8,""dist"":600,""far"":400.0,""kind"":""公示"",""asof"":""2026-01-01""},{""addr"":""東京都国分寺市光町２丁目１０番１９"",""use"":""1低専"",""price"":405000,""tsubo"":1338843,""yoy"":8.0,""dist"":900,""far"":100.0,""kind"":""公示"",""asof"":""2026-01-01""},{""addr"":""東京都国立市中一丁目１３番１０９"",""use"":""1低専"",""price"":526000,""tsubo"":1738843,""yoy"":9.1,""dist"":900,""far"":100.0,""kind"":""基準"",""asof"":""2026-07-01""}]"
国際展示場駅,2,2976859,8.25,0,,2,2976859,"[{""addr"":""東京都江東区有明３丁目１番１６０外"",""use"":""工専"",""price"":1430000,""tsubo"":4727273,""yoy"":6.7,""dist"":450,""far"":200.0,""kind"":""公示"",""asof"":""2026-01-01""},{""addr"":""東京都江東区有明３丁目１５番１外"",""use"":""工専"",""price"":371000,""tsubo"":1226446,""yoy"":9.8,""dist"":830,""far"":200.0,""kind"":""公示"",""asof"":""2026-01-01""}]"
国領駅,5,1517355,4.8,4,1386776,1,2909091,"[{""addr"":""東京都調布市国領町四丁目８番６外"",""use"":""商業"",""price"":880000,""tsubo"":2909091,""yoy"":4.8,""dist"":130,""far"":400.0,""kind"":""基準"",""asof"":""2026-07-01""},{""addr"":""東京都調布市国領町４丁目３２番１４"",""use"":""1低専"",""price"":467000,""tsubo"":1543802,""yoy"":6.1,""dist"":370,""far"":100.0,""kind"":""公示"",""asof"":""2026-01-01""},{""addr"":""東京都調布市八雲台１丁目４７番１９"",""use"":""1低専"",""price"":459000,""tsubo"":1517355,""yoy"":6.0,""dist"":700,""far"":80.0,""kind"":""公示"",""asof"":""2026-01-01""},{""addr"":""東京都調布市国領町７丁目６５番２０"",""use"":""1低専"",""price"":380000,""tsubo"":1256198,""yoy"":2.2,""dist"":1100,""far"":80.0,""kind"":""公示"",""asof"":""2026-01-01""},{""addr"":""東京都狛江市中和泉五丁目３２８番２２"",""use"":""1低専"",""price"":328000,""tsubo"":1084297,""yoy"":2.8,""dist"":1400,""far"":80.0,""kind"":""基準"",""asof"":""2026-07-01""}]"
地下鉄成増駅,3,1960331,7.6,2,1829752,1,4561983,"[{""addr"":""東京都板橋区成増一丁目７３番１"",""use"":""商業"",""price"":1380000,""tsubo"":4561983,""yoy"":15.0,""dist"":50,""far"":500.0,""kind"":""基準"",""asof"":""2026-07-01""},{""addr"":""東京都板橋区成増１丁目５３番５"",""use"":""1中専"",""price"":593000,""tsubo"":1960331,""yoy"":7.6,""dist"":330,""far"":200.0,""kind"":""公示"",""asof"":""2026-01-01""},{""addr"":""東京都練馬区旭町３丁目５２１番２"",""use"":""1低専"",""price"":514000,""tsubo"":1699173,""yoy"":6.4,""dist"":400,""far"":150.0,""kind"":""公示"",""asof"":""2026-01-01""}]"
地下鉄赤塚駅,6,1737190,6.95,5,1712397,1,2591735,"[{""addr"":""東京都練馬区北町８丁目９５７番２"",""use"":""近商"",""price"":784000,""tsubo"":2591735,""yoy"":8.3,""dist"":80,""far"":300.0,""kind"":""公示"",""asof"":""2026-01-01""},{""addr"":""東京都板橋区赤塚２丁目１９９０番２２"",""use"":""1中専"",""price"":518000,""tsubo"":1712397,""yoy"":6.4,""dist"":310,""far"":200.0,""kind"":""公示"",""asof"":""2026-01-01""},{""addr"":""東京都板橋区赤塚二丁目１９９０番２２"",""use"":""1中専"",""price"":545000,""tsubo"":1801653,""yoy"":6.9,""dist"":310,""far"":200.0,""kind"":""基準"",""asof"":""2026-07-01""},{""addr"":""東京都練馬区田柄２丁目６４０５番６３"",""use"":""1低専"",""price"":533000,""tsubo"":1761983,""yoy"":7.0,""dist"":330,""far"":150.0,""kind"":""公示"",""asof"":""2026-01-01""},{""addr"":""東京都練馬区北町八丁目９９９番７"",""use"":""1低専"",""price"":505000,""tsubo"":1669421,""yoy"":7.7,""dist"":390,""far"":100.0,""kind"":""基準"",""asof"":""2026-07-01""},{""addr"":""東京都板橋区赤塚新町一丁目１０２８番１２"",""use"":""1住居"",""price"":496000,""tsubo"":1639669,""yoy"":6.9,""dist"":500,""far"":200.0,""kind"":""基準"",""asof"":""2026-07-01""}]"
堀切菖蒲園駅,5,1252893,6.2,1,1166942,4,1464463,"[{""addr"":""東京都葛飾区堀切４丁目３７８番１"",""use"":""商業"",""price"":630000,""tsubo"":2082645,""yoy"":11.5,""dist"":100,""far"":400.0,""kind"":""公示"",""asof"":""2026-01-01""},{""addr"":""東京都葛飾区堀切４丁目６０番６"",""use"":""準工"",""price"":373000,""tsubo"":1233058,""yoy"":5.7,""dist"":310,""far"":200.0,""kind"":""公示"",""asof"":""2026-01-01""},{""addr"":""東京都葛飾区堀切２丁目３６番２６"",""use"":""1住居"",""price"":353000,""tsubo"":1166942,""yoy"":5.1,""dist"":460,""far"":200.0,""kind"":""公示"",""asof"":""2026-01-01""},{""addr"":""東京都葛飾区小菅二丁目４３１番１１外"",""use"":""準工"",""price"":379000,""tsubo"":1252893,""yoy"":6.2,""dist"":600,""far"":200.0,""kind"":""基準"",""asof"":""2026-07-01""},{""addr"":""東京都葛飾区堀切２丁目６８番２０"",""use"":""近商"",""price"":507000,""tsubo"":1676033,""yoy"":12.2,""dist"":660,""far"":400.0,""kind"":""公示"",""asof"":""2026-01-01""}]"
堀切駅,1,1434711,6.4,0,,1,1434711,"[{""addr"":""東京都足立区千住曙町５５番２４外"",""use"":""準工"",""price"":434000,""tsubo"":1434711,""yoy"":6.4,""dist"":250,""far"":200.0,""kind"":""公示"",""asof"":""2026-01-01""}]"
外苑前駅,5,15867768,15.9,1,9322314,4,17553718,"[{""addr"":""東京都港区南青山２丁目４６１番１外"",""use"":""商業"",""price"":12300000,""tsubo"":40661156,""yoy"":4.2,""dist"":120,""far"":700.0,""kind"":""公示"",""asof"":""2026-01-01""},{""addr"":""東京都港区南青山二丁目３６６番"",""use"":""近商"",""price"":3920000,""tsubo"":12958677,""yoy"":15.0,""dist"":180,""far"":400.0,""kind"":""基準"",""asof"":""2026-07-01""},{""addr"":""東京都港区南青山３丁目３番５外"",""use"":""近商"",""price"":5820000,""tsubo"":19239669,""yoy"":15.9,""dist"":250,""far"":400.0,""kind"":""公示"",""asof"":""2026-01-01""},{""addr"":""東京都渋谷区神宮前３丁目３８番８"",""use"":""近商"",""price"":4800000,""tsubo"":15867768,""yoy"":16.8,""dist"":530,""far"":400.0,""kind"":""公示"",""asof"":""2026-01-01""},{""addr"":""東京都港区南青山４丁目１９０番１外"",""use"":""2中専"",""price"":2820000,""tsubo"":9322314,""yoy"":17.0,""dist"":600,""far"":200.0,""kind"":""公示"",""asof"":""2026-01-01""}]"
多摩センター駅,8,776859,5.05,6,752066,2,1272727,"[{""addr"":""東京都多摩市落合１丁目９番６外"",""use"":""商業"",""price"":489000,""tsubo"":1616529,""yoy"":5.4,""dist"":0,""far"":500.0,""kind"":""公示"",""asof"":""2026-01-01""},{""addr"":""東京都多摩市山王下一丁目１３番１９"",""use"":""近商"",""price"":281000,""tsubo"":928926,""yoy"":5.6,""dist"":550,""far"":300.0,""kind"":""基準"",""asof"":""2026-07-01""},{""addr"":""東京都多摩市落合１丁目２２番７"",""use"":""2住居"",""price"":266000,""tsubo"":879339,""yoy"":5.6,""dist"":800,""far"":300.0,""kind"":""公示"",""asof"":""2026-01-01""},{""addr"":""東京都多摩市鶴牧一丁目１２番１１"",""use"":""2中専"",""price"":234000,""tsubo"":773554,""yoy"":4.0,""dist"":900,""far"":200.0,""kind"":""基準"",""asof"":""2026-07-01""},{""addr"":""東京都多摩市乞田８３８番１"",""use"":""1住居"",""price"":216000,""tsubo"":714050,""yoy"":4.9,""dist"":1100,""far"":200.0,""kind"":""公示"",""asof"":""2026-01-01""},{""addr"":""東京都多摩市乞田８３８番１"",""use"":""1住居"",""price"":221000,""tsubo"":730578,""yoy"":5.2,""dist"":1100,""far"":200.0,""kind"":""基準"",""asof"":""2026-07-01""},{""addr"":""東京都多摩市乞田７４４番１"",""use"":""準住居"",""price"":236000,""tsubo"":780165,""yoy"":4.9,""dist"":1200,""far"":200.0,""kind"":""公示"",""asof"":""2026-01-01""},{""addr"":""東京都多摩市落合３丁目１１番１１"",""use"":""2中専"",""price"":207000,""tsubo"":684297,""yoy"":3.5,""dist"":1300,""far"":200.0,""kind"":""公示"",""asof"":""2026-01-01""}]"
多摩動物公園駅,1,363636,5.8,1,363636,0,,"[{""addr"":""東京都日野市程久保２丁目１５番３０外"",""use"":""1低専"",""price"":110000,""tsubo"":363636,""yoy"":5.8,""dist"":450,""far"":80.0,""kind"":""公示"",""asof"":""2026-01-01""}]"
多摩境駅,4,578512,4.8,4,578512,0,,"[{""addr"":""東京都町田市小山町字二十三号２６１９番１０外"",""use"":""1低専"",""price"":175000,""tsubo"":578512,""yoy"":6.1,""dist"":500,""far"":80.0,""kind"":""基準"",""asof"":""2026-07-01""},{""addr"":""東京都町田市小山町字二十三号２６１３番４"",""use"":""準住居"",""price"":175000,""tsubo"":578512,""yoy"":3.6,""dist"":600,""far"":200.0,""kind"":""公示"",""asof"":""2026-01-01""},{""addr"":""東京都町田市小山ヶ丘５丁目２３番９"",""use"":""1低専"",""price"":196000,""tsubo"":647934,""yoy"":5.4,""dist"":1000,""far"":100.0,""kind"":""公示"",""asof"":""2026-01-01""},{""addr"":""東京都町田市小山町５０２０番９"",""use"":""1低専"",""price"":150000,""tsubo"":495868,""yoy"":4.2,""dist"":1500,""far"":100.0,""kind"":""基準"",""asof"":""2026-07-01""}]"
多摩川駅,3,1778512,5.5,2,1809917,1,1778512,"[{""addr"":""東京都調布市多摩川５丁目６番２"",""use"":""商業"",""price"":538000,""tsubo"":1778512,""yoy"":5.5,""dist"":0,""far"":400.0,""kind"":""公示"",""asof"":""2026-01-01""},{""addr"":""東京都調布市多摩川６丁目２９番２"",""use"":""1低専"",""price"":349000,""tsubo"":1153719,""yoy"":3.6,""dist"":700,""far"":80.0,""kind"":""公示"",""asof"":""2026-01-01""},{""addr"":""東京都大田区田園調布一丁目１６番７"",""use"":""1低専"",""price"":746000,""tsubo"":2466116,""yoy"":6.9,""dist"":740,""far"":100.0,""kind"":""基準"",""asof"":""2026-07-01""}]"
多摩湖駅,1,595041,2.9,1,595041,0,,"[{""addr"":""東京都東村山市多摩湖町３丁目４番１０"",""use"":""1低専"",""price"":180000,""tsubo"":595041,""yoy"":2.9,""dist"":300,""far"":100.0,""kind"":""公示"",""asof"":""2026-01-01""}]"
多磨霊園駅,2,1340495,5.9,2,1340495,0,,"[{""addr"":""東京都府中市清水が丘３丁目２０番３０"",""use"":""1中専"",""price"":435000,""tsubo"":1438016,""yoy"":5.6,""dist"":170,""far"":200.0,""kind"":""公示"",""asof"":""2026-01-01""},{""addr"":""東京都府中市白糸台１丁目４９番１５外"",""use"":""2中専"",""price"":376000,""tsubo"":1242975,""yoy"":6.2,""dist"":930,""far"":200.0,""kind"":""公示"",""asof"":""2026-01-01""}]"
多磨駅,6,1087603,3.9,5,1077686,1,1438016,"[{""addr"":""東京都府中市紅葉丘３丁目４１番２３"",""use"":""近商"",""price"":435000,""tsubo"":1438016,""yoy"":4.1,""dist"":110,""far"":300.0,""kind"":""公示"",""asof"":""2026-01-01""},{""addr"":""東京都府中市紅葉丘３丁目３１番８"",""use"":""1低専"",""price"":338000,""tsubo"":1117355,""yoy"":4.0,""dist"":350,""far"":80.0,""kind"":""公示"",""asof"":""2026-01-01""},{""addr"":""東京都府中市朝日町２丁目６番３８"",""use"":""1低専"",""price"":326000,""tsubo"":1077686,""yoy"":0.0,""dist"":450,""far"":80.0,""kind"":""公示"",""asof"":""2026-01-01""},{""addr"":""東京都府中市多磨町一丁目２１番３４"",""use"":""1低専"",""price"":332000,""tsubo"":1097521,""yoy"":3.8,""dist"":450,""far"":80.0,""kind"":""基準"",""asof"":""2026-07-01""},{""addr"":""東京都府中市多磨町２丁目５番２２"",""use"":""1低専"",""price"":287000,""tsubo"":948760,""yoy"":2.5,""dist"":950,""far"":80.0,""kind"":""公示"",""asof"":""2026-01-01""},{""addr"":""東京都三鷹市大沢六丁目５１２番５"",""use"":""1低専"",""price"":280000,""tsubo"":925620,""yoy"":4.9,""dist"":1500,""far"":80.0,""kind"":""基準"",""asof"":""2026-07-01""}]"
大久保駅,4,5537190,15.35,1,3570248,3,5752066,"[{""addr"":""東京都新宿区北新宿一丁目３５１番２２"",""use"":""商業"",""price"":3800000,""tsubo"":12561983,""yoy"":15.5,""dist"":200,""far"":600.0,""kind"":""基準"",""asof"":""2026-07-01""},{""addr"":""東京都新宿区百人町二丁目３３０番４"",""use"":""1住居"",""price"":1080000,""tsubo"":3570248,""yoy"":15.9,""dist"":240,""far"":300.0,""kind"":""基準"",""asof"":""2026-07-01""},{""addr"":""東京都新宿区北新宿１丁目３５３番６１"",""use"":""近商"",""price"":1610000,""tsubo"":5322314,""yoy"":15.0,""dist"":270,""far"":400.0,""kind"":""公示"",""asof"":""2026-01-01""},{""addr"":""東京都新宿区北新宿一丁目３５３番６１"",""use"":""近商"",""price"":1740000,""tsubo"":5752066,""yoy"":15.2,""dist"":270,""far"":400.0,""kind"":""基準"",""asof"":""2026-07-01""}]"
大井町駅,5,4760330,16.1,2,3171900,3,6842975,"[{""addr"":""東京都品川区大井１丁目１０番４"",""use"":""商業"",""price"":3220000,""tsubo"":10644628,""yoy"":19.3,""dist"":180,""far"":600.0,""kind"":""公示"",""asof"":""2026-01-01""},{""addr"":""東京都品川区東大井５丁目５００番２３外"",""use"":""商業"",""price"":2070000,""tsubo"":6842975,""yoy"":16.9,""dist"":330,""far"":600.0,""kind"":""公示"",""asof"":""2026-01-01""},{""addr"":""東京都品川区東大井三丁目６７１番４１"",""use"":""1中専"",""price"":967000,""tsubo"":3196694,""yoy"":10.9,""dist"":490,""far"":200.0,""kind"":""基準"",""asof"":""2026-07-01""},{""addr"":""東京都品川区南品川６丁目１４３６番２"",""use"":""1住居"",""price"":952000,""tsubo"":3147107,""yoy"":10.6,""dist"":500,""far"":200.0,""kind"":""公示"",""asof"":""2026-01-01""},{""addr"":""東京都品川区大井３丁目４１３８番２外"",""use"":""近商"",""price"":1440000,""tsubo"":4760330,""yoy"":16.1,""dist"":500,""far"":400.0,""kind"":""公示"",""asof"":""2026-01-01""}]"
大塚・帝京大学駅,4,499173,4.45,4,499173,0,,"[{""addr"":""東京都八王子市大塚１５１８番２外"",""use"":""1低専"",""price"":147000,""tsubo"":485950,""yoy"":4.3,""dist"":360,""far"":80.0,""kind"":""基準"",""asof"":""2026-07-01""},{""addr"":""東京都八王子市大塚５８番３７"",""use"":""1低専"",""price"":160000,""tsubo"":528926,""yoy"":4.6,""dist"":400,""far"":80.0,""kind"":""公示"",""asof"":""2026-01-01""},{""addr"":""東京都八王子市東中野字二十号１４３６番４"",""use"":""1低専"",""price"":139000,""tsubo"":459504,""yoy"":6.1,""dist"":640,""far"":80.0,""kind"":""基準"",""asof"":""2026-07-01""},{""addr"":""東京都八王子市大塚６５９番３"",""use"":""1低専"",""price"":155000,""tsubo"":512397,""yoy"":4.0,""dist"":950,""far"":100.0,""kind"":""公示"",""asof"":""2026-01-01""}]"
大塚駅,11,3933884,15.5,4,3343802,7,6644628,"[{""addr"":""東京都豊島区北大塚２丁目１２番３"",""use"":""商業"",""price"":2030000,""tsubo"":6710744,""yoy"":16.0,""dist"":110,""far"":600.0,""kind"":""公示"",""asof"":""2026-01-01""},{""addr"":""東京都豊島区北大塚二丁目１２番３"",""use"":""商業"",""price"":2180000,""tsubo"":7206611,""yoy"":16.0,""dist"":110,""far"":600.0,""kind"":""基準"",""asof"":""2026-07-01""},{""addr"":""東京都豊島区南大塚３丁目５０番４"",""use"":""商業"",""price"":1260000,""tsubo"":4165289,""yoy"":15.6,""dist"":150,""far"":500.0,""kind"":""公示"",""asof"":""2026-01-01""},{""addr"":""東京都豊島区南大塚２丁目４５番３外"",""use"":""商業"",""price"":3000000,""tsubo"":9917355,""yoy"":17.2,""dist"":150,""far"":700.0,""kind"":""公示"",""asof"":""2026-01-01""},{""addr"":""東京都豊島区東池袋２丁目１２番１１"",""use"":""1住居"",""price"":1030000,""tsubo"":3404959,""yoy"":13.1,""dist"":380,""far"":400.0,""kind"":""公示"",""asof"":""2026-01-01""},{""addr"":""東京都豊島区北大塚３丁目３０番１１"",""use"":""近商"",""price"":1190000,""tsubo"":3933884,""yoy"":15.5,""dist"":480,""far"":400.0,""kind"":""公示"",""asof"":""2026-01-01""},{""addr"":""東京都豊島区東池袋四丁目３２７７番１１外"",""use"":""商業"",""price"":2010000,""tsubo"":6644628,""yoy"":16.2,""dist"":540,""far"":600.0,""kind"":""基準"",""asof"":""2026-07-01""},{""addr"":""東京都豊島区北大塚１丁目２６番３"",""use"":""1中専"",""price"":993000,""tsubo"":3282645,""yoy"":12.5,""dist"":550,""far"":300.0,""kind"":""公示"",""asof"":""2026-01-01""},{""addr"":""東京都豊島区北大塚一丁目２６番３"",""use"":""1中専"",""price"":1060000,""tsubo"":3504132,""yoy"":13.6,""dist"":550,""far"":300.0,""kind"":""基準"",""asof"":""2026-07-01""},{""addr"":""東京都豊島区西巣鴨１丁目８５８番１７"",""use"":""近商"",""price"":885000,""tsubo"":2925620,""yoy"":12.3,""dist"":570,""far"":400.0,""kind"":""公示"",""asof"":""2026-01-01""}]"
大山駅,9,2697521,12.6,4,2500826,5,4231405,"[{""addr"":""東京都板橋区大山町３１番１"",""use"":""商業"",""price"":2140000,""tsubo"":7074380,""yoy"":16.9,""dist"":100,""far"":500.0,""kind"":""公示"",""asof"":""2026-01-01""},{""addr"":""東京都板橋区大山東町５２番２１"",""use"":""商業"",""price"":1280000,""tsubo"":4231405,""yoy"":14.3,""dist"":160,""far"":400.0,""kind"":""公示"",""asof"":""2026-01-01""},{""addr"":""東京都板橋区大山金井町４３番９"",""use"":""2住居"",""price"":736000,""tsubo"":2433058,""yoy"":10.5,""dist"":300,""far"":300.0,""kind"":""公示"",""asof"":""2026-01-01""},{""addr"":""東京都板橋区大山東町１０番４"",""use"":""2住居"",""price"":777000,""tsubo"":2568595,""yoy"":12.1,""dist"":350,""far"":300.0,""kind"":""公示"",""asof"":""2026-01-01""},{""addr"":""東京都板橋区大山東町１０番４"",""use"":""2住居"",""price"":816000,""tsubo"":2697521,""yoy"":12.1,""dist"":350,""far"":300.0,""kind"":""基準"",""asof"":""2026-07-01""},{""addr"":""東京都板橋区大山西町５２番１３"",""use"":""商業"",""price"":1400000,""tsubo"":4628099,""yoy"":19.7,""dist"":540,""far"":500.0,""kind"":""基準"",""asof"":""2026-07-01""},{""addr"":""東京都板橋区中丸町２９番６"",""use"":""準工"",""price"":762000,""tsubo"":2519008,""yoy"":12.6,""dist"":790,""far"":300.0,""kind"":""基準"",""asof"":""2026-07-01""},{""addr"":""東京都板橋区幸町４４番１５"",""use"":""1中専"",""price"":639000,""tsubo"":2112397,""yoy"":11.1,""dist"":900,""far"":200.0,""kind"":""公示"",""asof"":""2026-01-01""},{""addr"":""東京都板橋区中丸町１４番１外"",""use"":""商業"",""price"":1070000,""tsubo"":3537190,""yoy"":16.6,""dist"":950,""far"":500.0,""kind"":""公示"",""asof"":""2026-01-01""}]"
大岡山駅,3,3338843,12.3,2,3198347,1,5223140,"[{""addr"":""東京都大田区北千束三丁目３９２番１"",""use"":""近商"",""price"":1580000,""tsubo"":5223140,""yoy"":14.5,""dist"":1,""far"":400.0,""kind"":""基準"",""asof"":""2026-07-01""},{""addr"":""東京都大田区北千束一丁目７９０番１６"",""use"":""1低専"",""price"":925000,""tsubo"":3057851,""yoy"":10.3,""dist"":350,""far"":100.0,""kind"":""基準"",""asof"":""2026-07-01""},{""addr"":""東京都目黒区大岡山１丁目８６番１８"",""use"":""1低専"",""price"":1010000,""tsubo"":3338843,""yoy"":12.3,""dist"":520,""far"":150.0,""kind"":""公示"",""asof"":""2026-01-01""}]"
大島駅,5,1957025,12.3,3,1748760,2,2545454,"[{""addr"":""東京都江東区大島五丁目２１５番４１"",""use"":""1住居"",""price"":592000,""tsubo"":1957025,""yoy"":12.3,""dist"":380,""far"":300.0,""kind"":""基準"",""asof"":""2026-07-01""},{""addr"":""東京都江東区大島６丁目５９７番１７外"",""use"":""1住居"",""price"":529000,""tsubo"":1748760,""yoy"":9.5,""dist"":500,""far"":300.0,""kind"":""公示"",""asof"":""2026-01-01""},{""addr"":""東京都江東区北砂５丁目２７０番２"",""use"":""近商"",""price"":720000,""tsubo"":2380165,""yoy"":12.5,""dist"":1100,""far"":400.0,""kind"":""公示"",""asof"":""2026-01-01""},{""addr"":""東京都江東区北砂５丁目１３７番２２"",""use"":""1住居"",""price"":497000,""tsubo"":1642975,""yoy"":10.2,""dist"":1200,""far"":300.0,""kind"":""公示"",""asof"":""2026-01-01""},{""addr"":""東京都江東区北砂四丁目１３７０番１７"",""use"":""近商"",""price"":820000,""tsubo"":2710744,""yoy"":12.9,""dist"":1400,""far"":300.0,""kind"":""基準"",""asof"":""2026-07-01""}]"
大崎広小路駅,1,3305785,11.9,1,3305785,0,,"[{""addr"":""東京都品川区大崎４丁目２１３番１６"",""use"":""1住居"",""price"":1000000,""tsubo"":3305785,""yoy"":11.9,""dist"":500,""far"":300.0,""kind"":""公示"",""asof"":""2026-01-01""}]"
大崎駅,4,8842975,17.1,0,,4,8842975,"[{""addr"":""東京都品川区大崎３丁目２９６番１８"",""use"":""商業"",""price"":3390000,""tsubo"":11206611,""yoy"":17.3,""dist"":90,""far"":500.0,""kind"":""公示"",""asof"":""2026-01-01""},{""addr"":""東京都品川区大崎１丁目３４２番１"",""use"":""準工"",""price"":4560000,""tsubo"":15074380,""yoy"":16.9,""dist"":250,""far"":300.0,""kind"":""公示"",""asof"":""2026-01-01""},{""addr"":""東京都品川区大崎二丁目２３５番２"",""use"":""近商"",""price"":1390000,""tsubo"":4595041,""yoy"":12.1,""dist"":500,""far"":300.0,""kind"":""基準"",""asof"":""2026-07-01""},{""addr"":""東京都品川区北品川五丁目６２８番２外"",""use"":""準工"",""price"":1960000,""tsubo"":6479339,""yoy"":18.8,""dist"":530,""far"":300.0,""kind"":""基準"",""asof"":""2026-07-01""}]"
大師前駅,8,1305785,5.7,6,1238016,2,1633057,"[{""addr"":""東京都足立区西新井１丁目１０５６番７"",""use"":""商業"",""price"":496000,""tsubo"":1639669,""yoy"":6.2,""dist"":210,""far"":400.0,""kind"":""公示"",""asof"":""2026-01-01""},{""addr"":""東京都足立区栗原３丁目９０３番１"",""use"":""近商"",""price"":492000,""tsubo"":1626446,""yoy"":6.0,""dist"":250,""far"":400.0,""kind"":""公示"",""asof"":""2026-01-01""},{""addr"":""東京都足立区西新井本町一丁目１０９７番１８"",""use"":""1住居"",""price"":345000,""tsubo"":1140496,""yoy"":4.2,""dist"":400,""far"":200.0,""kind"":""基準"",""asof"":""2026-07-01""},{""addr"":""東京都足立区西新井１丁目３２番８外"",""use"":""1住居"",""price"":390000,""tsubo"":1289256,""yoy"":5.4,""dist"":430,""far"":200.0,""kind"":""公示"",""asof"":""2026-01-01""},{""addr"":""東京都足立区西新井一丁目３２番８外"",""use"":""1住居"",""price"":400000,""tsubo"":1322314,""yoy"":5.8,""dist"":430,""far"":200.0,""kind"":""基準"",""asof"":""2026-07-01""},{""addr"":""東京都足立区西新井六丁目９０７番１８"",""use"":""1住居"",""price"":359000,""tsubo"":1186777,""yoy"":5.6,""dist"":540,""far"":200.0,""kind"":""基準"",""asof"":""2026-07-01""},{""addr"":""東京都足立区栗原４丁目９番７"",""use"":""準住居"",""price"":419000,""tsubo"":1385124,""yoy"":5.8,""dist"":890,""far"":300.0,""kind"":""公示"",""asof"":""2026-01-01""},{""addr"":""東京都足立区西新井３丁目１３番３外"",""use"":""1中専"",""price"":336000,""tsubo"":1110744,""yoy"":5.3,""dist"":1100,""far"":200.0,""kind"":""公示"",""asof"":""2026-01-01""}]"
大手町駅,4,90413219,2.45,0,,4,90413219,"[{""addr"":""東京都千代田区大手町２丁目４番２外"",""use"":""商業"",""price"":29800000,""tsubo"":98512393,""yoy"":1.4,""dist"":0,""far"":1300.0,""kind"":""公示"",""asof"":""2026-01-01""},{""addr"":""東京都千代田区大手町１丁目３番３外"",""use"":""商業"",""price"":27800000,""tsubo"":91900823,""yoy"":0.0,""dist"":0,""far"":1300.0,""kind"":""公示"",""asof"":""2026-01-01""},{""addr"":""東京都千代田区大手町一丁目５番３９外"",""use"":""商業"",""price"":26900000,""tsubo"":88925616,""yoy"":3.5,""dist"":1,""far"":1300.0,""kind"":""基準"",""asof"":""2026-07-01""},{""addr"":""東京都千代田区内神田１丁目３１番６"",""use"":""商業"",""price"":6570000,""tsubo"":21719007,""yoy"":14.9,""dist"":300,""far"":800.0,""kind"":""公示"",""asof"":""2026-01-01""}]"
大森海岸駅,2,4204958,12.5,1,1963636,1,6446281,"[{""addr"":""東京都品川区南大井３丁目６番２０"",""use"":""商業"",""price"":1950000,""tsubo"":6446281,""yoy"":16.8,""dist"":130,""far"":600.0,""kind"":""公示"",""asof"":""2026-01-01""},{""addr"":""東京都大田区大森北３丁目２０７番４"",""use"":""1住居"",""price"":594000,""tsubo"":1963636,""yoy"":8.2,""dist"":500,""far"":300.0,""kind"":""公示"",""asof"":""2026-01-01""}]"
大森町駅,5,1960331,8.5,1,1960331,4,2102479,"[{""addr"":""東京都大田区大森西５丁目４番４"",""use"":""近商"",""price"":770000,""tsubo"":2545454,""yoy"":8.5,""dist"":200,""far"":300.0,""kind"":""公示"",""asof"":""2026-01-01""},{""addr"":""東京都大田区大森西五丁目４番４"",""use"":""近商"",""price"":820000,""tsubo"":2710744,""yoy"":10.8,""dist"":200,""far"":300.0,""kind"":""基準"",""asof"":""2026-07-01""},{""addr"":""東京都大田区大森西３丁目２１４番５"",""use"":""1住居"",""price"":593000,""tsubo"":1960331,""yoy"":8.2,""dist"":270,""far"":200.0,""kind"":""公示"",""asof"":""2026-01-01""},{""addr"":""東京都大田区大森東２丁目２６６４番"",""use"":""準工"",""price"":502000,""tsubo"":1659504,""yoy"":9.1,""dist"":400,""far"":200.0,""kind"":""公示"",""asof"":""2026-01-01""},{""addr"":""東京都大田区大森東五丁目４９８４番４"",""use"":""準工"",""price"":500000,""tsubo"":1652892,""yoy"":8.5,""dist"":1300,""far"":200.0,""kind"":""基準"",""asof"":""2026-07-01""}]"
大森駅,13,3371901,11.9,5,2595041,8,4429752,"[{""addr"":""東京都品川区南大井６丁目１番７"",""use"":""商業"",""price"":3300000,""tsubo"":10909090,""yoy"":15.8,""dist"":0,""far"":600.0,""kind"":""公示"",""asof"":""2026-01-01""},{""addr"":""東京都大田区山王２丁目２３１７番１外"",""use"":""商業"",""price"":2560000,""tsubo"":8462810,""yoy"":9.9,""dist"":180,""far"":500.0,""kind"":""公示"",""asof"":""2026-01-01""},{""addr"":""東京都大田区大森北１丁目３０番６外"",""use"":""商業"",""price"":1360000,""tsubo"":4495868,""yoy"":14.3,""dist"":300,""far"":500.0,""kind"":""公示"",""asof"":""2026-01-01""},{""addr"":""東京都大田区山王２丁目２１３５番２外"",""use"":""近商"",""price"":939000,""tsubo"":3104132,""yoy"":11.9,""dist"":350,""far"":300.0,""kind"":""公示"",""asof"":""2026-01-01""},{""addr"":""東京都大田区山王三丁目１４８７番１７"",""use"":""商業"",""price"":1210000,""tsubo"":4000000,""yoy"":13.1,""dist"":400,""far"":400.0,""kind"":""基準"",""asof"":""2026-07-01""},{""addr"":""東京都大田区山王３丁目１５００番４２"",""use"":""1中専"",""price"":835000,""tsubo"":2760330,""yoy"":7.7,""dist"":420,""far"":200.0,""kind"":""公示"",""asof"":""2026-01-01""},{""addr"":""東京都大田区山王２丁目２２１０番２４６"",""use"":""1低専"",""price"":797000,""tsubo"":2634711,""yoy"":8.1,""dist"":540,""far"":100.0,""kind"":""公示"",""asof"":""2026-01-01""},{""addr"":""東京都品川区南大井６丁目１１０番１０外"",""use"":""準工"",""price"":1020000,""tsubo"":3371901,""yoy"":13.7,""dist"":550,""far"":300.0,""kind"":""公示"",""asof"":""2026-01-01""},{""addr"":""東京都品川区南大井３丁目１０５番２"",""use"":""近商"",""price"":1370000,""tsubo"":4528925,""yoy"":16.1,""dist"":600,""far"":400.0,""kind"":""公示"",""asof"":""2026-01-01""},{""addr"":""東京都大田区大森北３丁目４番８外"",""use"":""商業"",""price"":1320000,""tsubo"":4363636,""yoy"":12.8,""dist"":650,""far"":500.0,""kind"":""公示"",""asof"":""2026-01-01""}]"
大泉学園駅,13,1447934,6.1,11,1444628,2,3747107,"[{""addr"":""東京都練馬区東大泉１丁目５０９番３６"",""use"":""商業"",""price"":1730000,""tsubo"":5719008,""yoy"":10.2,""dist"":70,""far"":500.0,""kind"":""公示"",""asof"":""2026-01-01""},{""addr"":""東京都練馬区東大泉３丁目８０６番２０"",""use"":""1低専"",""price"":567000,""tsubo"":1874380,""yoy"":7.8,""dist"":410,""far"":100.0,""kind"":""公示"",""asof"":""2026-01-01""},{""addr"":""東京都練馬区東大泉三丁目８０６番２０"",""use"":""1低専"",""price"":590000,""tsubo"":1950413,""yoy"":7.9,""dist"":410,""far"":100.0,""kind"":""基準"",""asof"":""2026-07-01""},{""addr"":""東京都練馬区東大泉五丁目３５８番２２"",""use"":""1低専"",""price"":544000,""tsubo"":1798347,""yoy"":7.5,""dist"":550,""far"":100.0,""kind"":""基準"",""asof"":""2026-07-01""},{""addr"":""東京都練馬区東大泉４丁目７１２番３"",""use"":""1低専"",""price"":437000,""tsubo"":1444628,""yoy"":6.1,""dist"":700,""far"":100.0,""kind"":""公示"",""asof"":""2026-01-01""},{""addr"":""東京都練馬区東大泉７丁目１５７番４８"",""use"":""1中専"",""price"":441000,""tsubo"":1457851,""yoy"":7.0,""dist"":730,""far"":200.0,""kind"":""公示"",""asof"":""2026-01-01""},{""addr"":""東京都練馬区東大泉２丁目１３８８番６"",""use"":""1低専"",""price"":438000,""tsubo"":1447934,""yoy"":5.5,""dist"":900,""far"":100.0,""kind"":""公示"",""asof"":""2026-01-01""},{""addr"":""東京都練馬区大泉学園町二丁目２３４２番１９"",""use"":""1低専"",""price"":396000,""tsubo"":1309091,""yoy"":5.6,""dist"":900,""far"":100.0,""kind"":""基準"",""asof"":""2026-07-01""},{""addr"":""東京都練馬区東大泉６丁目１９６番５０"",""use"":""1低専"",""price"":425000,""tsubo"":1404959,""yoy"":6.0,""dist"":950,""far"":100.0,""kind"":""公示"",""asof"":""2026-01-01""},{""addr"":""東京都練馬区大泉学園町一丁目２２０７番２１外"",""use"":""近商"",""price"":537000,""tsubo"":1775207,""yoy"":7.0,""dist"":1200,""far"":300.0,""kind"":""基準"",""asof"":""2026-07-01""}]"
大門駅,4,14446280,17.4,0,,4,14446280,"[{""addr"":""東京都港区芝大門１丁目３０２番７外"",""use"":""商業"",""price"":7300000,""tsubo"":24132230,""yoy"":17.4,""dist"":100,""far"":700.0,""kind"":""公示"",""asof"":""2026-01-01""},{""addr"":""東京都港区芝大門２丁目２０１番１外"",""use"":""商業"",""price"":3590000,""tsubo"":11867768,""yoy"":16.9,""dist"":220,""far"":600.0,""kind"":""公示"",""asof"":""2026-01-01""},{""addr"":""東京都港区芝大門二丁目２０１番１外"",""use"":""商業"",""price"":3950000,""tsubo"":13057851,""yoy"":19.0,""dist"":220,""far"":600.0,""kind"":""基準"",""asof"":""2026-07-01""},{""addr"":""東京都港区芝２丁目４０１番１"",""use"":""商業"",""price"":4790000,""tsubo"":15834710,""yoy"":17.4,""dist"":500,""far"":700.0,""kind"":""公示"",""asof"":""2026-01-01""}]"
大鳥居駅,5,1914050,8.1,0,,5,1914050,"[{""addr"":""東京都大田区東糀谷３丁目１６６番２内"",""use"":""商業"",""price"":1010000,""tsubo"":3338843,""yoy"":10.1,""dist"":100,""far"":400.0,""kind"":""公示"",""asof"":""2026-01-01""},{""addr"":""東京都大田区東糀谷２丁目８６４番４"",""use"":""近商"",""price"":579000,""tsubo"":1914050,""yoy"":7.8,""dist"":290,""far"":300.0,""kind"":""公示"",""asof"":""2026-01-01""},{""addr"":""東京都大田区東糀谷２丁目９３１番１外"",""use"":""準工"",""price"":510000,""tsubo"":1685950,""yoy"":8.1,""dist"":660,""far"":200.0,""kind"":""公示"",""asof"":""2026-01-01""},{""addr"":""東京都大田区西糀谷２丁目７０３番１"",""use"":""近商"",""price"":799000,""tsubo"":2641322,""yoy"":10.5,""dist"":830,""far"":400.0,""kind"":""公示"",""asof"":""2026-01-01""},{""addr"":""東京都大田区大森南一丁目１６４番５外"",""use"":""準工"",""price"":490000,""tsubo"":1619835,""yoy"":6.8,""dist"":1300,""far"":200.0,""kind"":""基準"",""asof"":""2026-07-01""}]"
天王洲アイル駅,2,6049586,17.5,0,,2,6049586,"[{""addr"":""東京都品川区東品川２丁目３番１４外"",""use"":""商業"",""price"":2170000,""tsubo"":7173553,""yoy"":16.7,""dist"":240,""far"":500.0,""kind"":""公示"",""asof"":""2026-01-01""},{""addr"":""東京都品川区東品川１丁目２９９番３"",""use"":""準工"",""price"":1490000,""tsubo"":4925620,""yoy"":18.3,""dist"":850,""far"":300.0,""kind"":""公示"",""asof"":""2026-01-01""}]"
奥多摩駅,2,102314,0.0,2,102314,0,,"[{""addr"":""東京都西多摩郡奥多摩町氷川字南氷川１４１７番１"",""use"":""_"",""price"":34200,""tsubo"":113058,""yoy"":0.0,""dist"":400,""far"":0.0,""kind"":""基準"",""asof"":""2026-07-01""},{""addr"":""東京都西多摩郡奥多摩町氷川字長畑７３０番４外"",""use"":""_"",""price"":27700,""tsubo"":91570,""yoy"":0.0,""dist"":550,""far"":0.0,""kind"":""基準"",""asof"":""2026-07-01""}]"
奥沢駅,3,3338843,6.8,2,3376859,1,3338843,"[{""addr"":""東京都世田谷区奥沢５丁目１４０番"",""use"":""1低専"",""price"":1130000,""tsubo"":3735537,""yoy"":9.7,""dist"":200,""far"":150.0,""kind"":""公示"",""asof"":""2026-01-01""},{""addr"":""東京都世田谷区奥沢４丁目３２番３"",""use"":""近商"",""price"":1010000,""tsubo"":3338843,""yoy"":6.8,""dist"":230,""far"":300.0,""kind"":""公示"",""asof"":""2026-01-01""},{""addr"":""東京都世田谷区奥沢３丁目３００番３"",""use"":""1低専"",""price"":913000,""tsubo"":3018182,""yoy"":6.5,""dist"":380,""far"":100.0,""kind"":""公示"",""asof"":""2026-01-01""}]"
学芸大学駅,10,3735537,12.4,7,3735537,3,4892562,"[{""addr"":""東京都目黒区鷹番２丁目１８９番２"",""use"":""商業"",""price"":2350000,""tsubo"":7768595,""yoy"":14.6,""dist"":70,""far"":400.0,""kind"":""公示"",""asof"":""2026-01-01""},{""addr"":""東京都目黒区鷹番１丁目１６９番６"",""use"":""1低専"",""price"":1340000,""tsubo"":4429752,""yoy"":13.6,""dist"":390,""far"":150.0,""kind"":""公示"",""asof"":""2026-01-01""},{""addr"":""東京都目黒区碑文谷六丁目１２５番８"",""use"":""1低専"",""price"":1290000,""tsubo"":4264463,""yoy"":12.2,""dist"":500,""far"":150.0,""kind"":""基準"",""asof"":""2026-07-01""},{""addr"":""東京都目黒区五本木２丁目２６０７番７４"",""use"":""1低専"",""price"":1130000,""tsubo"":3735537,""yoy"":13.5,""dist"":530,""far"":150.0,""kind"":""公示"",""asof"":""2026-01-01""},{""addr"":""東京都世田谷区下馬６丁目６０番２５"",""use"":""1低専"",""price"":1060000,""tsubo"":3504132,""yoy"":8.7,""dist"":780,""far"":150.0,""kind"":""公示"",""asof"":""2026-01-01""},{""addr"":""東京都目黒区目黒本町２丁目９番９"",""use"":""準工"",""price"":1020000,""tsubo"":3371901,""yoy"":12.6,""dist"":960,""far"":200.0,""kind"":""公示"",""asof"":""2026-01-01""},{""addr"":""東京都目黒区下目黒６丁目９９１番３０"",""use"":""商業"",""price"":1480000,""tsubo"":4892562,""yoy"":12.1,""dist"":1200,""far"":400.0,""kind"":""公示"",""asof"":""2026-01-01""},{""addr"":""東京都目黒区碑文谷一丁目７番２３"",""use"":""1住居"",""price"":1130000,""tsubo"":3735537,""yoy"":13.6,""dist"":1200,""far"":200.0,""kind"":""基準"",""asof"":""2026-07-01""},{""addr"":""東京都世田谷区下馬三丁目４６番１０"",""use"":""1低専"",""price"":865000,""tsubo"":2859504,""yoy"":0.0,""dist"":1300,""far"":150.0,""kind"":""基準"",""asof"":""2026-07-01""},{""addr"":""東京都世田谷区野沢３丁目１１８番８外"",""use"":""1低専"",""price"":890000,""tsubo"":2942149,""yoy"":7.0,""dist"":1400,""far"":150.0,""kind"":""公示"",""asof"":""2026-01-01""}]"
宮の坂駅,1,2621488,6.9,1,2621488,0,,"[{""addr"":""東京都世田谷区宮坂１丁目２４４３番２２"",""use"":""1低専"",""price"":793000,""tsubo"":2621488,""yoy"":6.9,""dist"":320,""far"":100.0,""kind"":""公示"",""asof"":""2026-01-01""}]"
宮ノ前駅,1,2833058,14.0,0,,1,2833058,"[{""addr"":""東京都荒川区東尾久八丁目１９１４番１１外"",""use"":""近商"",""price"":857000,""tsubo"":2833058,""yoy"":14.0,""dist"":80,""far"":400.0,""kind"":""基準"",""asof"":""2026-07-01""}]"
宮ノ平駅,1,200661,0.0,1,200661,0,,"[{""addr"":""東京都青梅市日向和田１丁目２１６番３"",""use"":""1低専"",""price"":60700,""tsubo"":200661,""yoy"":0.0,""dist"":430,""far"":80.0,""kind"":""公示"",""asof"":""2026-01-01""}]"
富士見ヶ丘駅,3,2700826,11.0,1,2436364,2,3003305,"[{""addr"":""東京都杉並区高井戸西２丁目２１４０番５外"",""use"":""近商"",""price"":1000000,""tsubo"":3305785,""yoy"":17.4,""dist"":100,""far"":300.0,""kind"":""公示"",""asof"":""2026-01-01""},{""addr"":""東京都杉並区高井戸西二丁目２１３１番１１２"",""use"":""1低専"",""price"":737000,""tsubo"":2436364,""yoy"":7.1,""dist"":220,""far"":80.0,""kind"":""基準"",""asof"":""2026-07-01""},{""addr"":""東京都杉並区宮前一丁目４７番１３"",""use"":""準工"",""price"":817000,""tsubo"":2700826,""yoy"":11.0,""dist"":920,""far"":200.0,""kind"":""基準"",""asof"":""2026-07-01""}]"
富士見台駅,9,1626446,5.6,6,1591735,3,2204959,"[{""addr"":""東京都練馬区貫井三丁目４１４番１"",""use"":""商業"",""price"":1020000,""tsubo"":3371901,""yoy"":9.0,""dist"":100,""far"":400.0,""kind"":""基準"",""asof"":""2026-07-01""},{""addr"":""東京都練馬区貫井２丁目８９８番５外"",""use"":""準工"",""price"":500000,""tsubo"":1652892,""yoy"":5.5,""dist"":370,""far"":200.0,""kind"":""公示"",""asof"":""2026-01-01""},{""addr"":""東京都中野区上鷺宮３丁目２８９番８"",""use"":""近商"",""price"":667000,""tsubo"":2204959,""yoy"":9.3,""dist"":400,""far"":300.0,""kind"":""公示"",""asof"":""2026-01-01""},{""addr"":""東京都練馬区貫井３丁目５３４番５"",""use"":""1低専"",""price"":486000,""tsubo"":1606612,""yoy"":5.0,""dist"":680,""far"":100.0,""kind"":""公示"",""asof"":""2026-01-01""},{""addr"":""東京都練馬区貫井三丁目５３４番５"",""use"":""1低専"",""price"":499000,""tsubo"":1649587,""yoy"":5.1,""dist"":680,""far"":100.0,""kind"":""基準"",""asof"":""2026-07-01""},{""addr"":""東京都練馬区貫井２丁目９２７番７"",""use"":""1住居"",""price"":474000,""tsubo"":1566942,""yoy"":5.6,""dist"":710,""far"":200.0,""kind"":""公示"",""asof"":""2026-01-01""},{""addr"":""東京都中野区上鷺宮５丁目６３９番１９"",""use"":""1低専"",""price"":492000,""tsubo"":1626446,""yoy"":6.5,""dist"":900,""far"":80.0,""kind"":""公示"",""asof"":""2026-01-01""},{""addr"":""東京都練馬区富士見台一丁目１５２番２１５"",""use"":""1低専"",""price"":477000,""tsubo"":1576859,""yoy"":5.8,""dist"":900,""far"":100.0,""kind"":""基準"",""asof"":""2026-07-01""},{""addr"":""東京都練馬区貫井四丁目３４５７番９"",""use"":""1低専"",""price"":413000,""tsubo"":1365289,""yoy"":4.8,""dist"":1300,""far"":100.0,""kind"":""基準"",""asof"":""2026-07-01""}]"
小伝馬町駅,2,12380164,14.5,0,,2,12380164,"[{""addr"":""東京都中央区日本橋小伝馬町１０２番７外"",""use"":""商業"",""price"":4180000,""tsubo"":13818181,""yoy"":16.8,""dist"":0,""far"":700.0,""kind"":""公示"",""asof"":""2026-01-01""},{""addr"":""東京都中央区日本橋堀留町一丁目１番２２"",""use"":""商業"",""price"":3310000,""tsubo"":10942148,""yoy"":12.2,""dist"":400,""far"":600.0,""kind"":""基準"",""asof"":""2026-07-01""}]"
小作駅,8,585124,1.35,5,604959,3,565289,"[{""addr"":""東京都羽村市小作台一丁目３番９"",""use"":""商業"",""price"":297000,""tsubo"":981818,""yoy"":2.1,""dist"":100,""far"":400.0,""kind"":""基準"",""asof"":""2026-07-01""},{""addr"":""東京都羽村市小作台５丁目２０番２"",""use"":""2中専"",""price"":200000,""tsubo"":661157,""yoy"":1.0,""dist"":350,""far"":200.0,""kind"":""公示"",""asof"":""2026-01-01""},{""addr"":""東京都青梅市河辺町６丁目２７番４１"",""use"":""1中専"",""price"":183000,""tsubo"":604959,""yoy"":1.1,""dist"":800,""far"":200.0,""kind"":""公示"",""asof"":""2026-01-01""},{""addr"":""東京都青梅市新町三丁目４７番１５"",""use"":""1中専"",""price"":185000,""tsubo"":611570,""yoy"":1.1,""dist"":800,""far"":150.0,""kind"":""基準"",""asof"":""2026-07-01""},{""addr"":""東京都羽村市羽西３丁目１７７４番６"",""use"":""1低専"",""price"":140000,""tsubo"":462810,""yoy"":1.4,""dist"":950,""far"":80.0,""kind"":""公示"",""asof"":""2026-01-01""},{""addr"":""東京都青梅市新町二丁目１３番７"",""use"":""近商"",""price"":171000,""tsubo"":565289,""yoy"":1.8,""dist"":1100,""far"":300.0,""kind"":""基準"",""asof"":""2026-07-01""},{""addr"":""東京都青梅市末広町一丁目４番３"",""use"":""工専"",""price"":122000,""tsubo"":403306,""yoy"":9.9,""dist"":1300,""far"":200.0,""kind"":""基準"",""asof"":""2026-07-01""},{""addr"":""東京都青梅市新町二丁目２３番２"",""use"":""1中専"",""price"":152000,""tsubo"":502479,""yoy"":1.3,""dist"":1500,""far"":150.0,""kind"":""基準"",""asof"":""2026-07-01""}]"
小台駅,3,1864463,9.7,0,,3,1864463,"[{""addr"":""東京都荒川区西尾久１丁目１６９０番３"",""use"":""近商"",""price"":816000,""tsubo"":2697521,""yoy"":14.1,""dist"":470,""far"":400.0,""kind"":""公示"",""asof"":""2026-01-01""},{""addr"":""東京都荒川区西尾久１丁目１６８０番１１"",""use"":""準工"",""price"":564000,""tsubo"":1864463,""yoy"":9.7,""dist"":520,""far"":300.0,""kind"":""公示"",""asof"":""2026-01-01""},{""addr"":""東京都足立区宮城一丁目３４番５３"",""use"":""近商"",""price"":285000,""tsubo"":942149,""yoy"":4.8,""dist"":1300,""far"":300.0,""kind"":""基準"",""asof"":""2026-07-01""}]"
小宮駅,5,376859,3.4,5,376859,0,,"[{""addr"":""東京都八王子市石川町８０１番２"",""use"":""1低専"",""price"":117000,""tsubo"":386777,""yoy"":4.5,""dist"":650,""far"":80.0,""kind"":""公示"",""asof"":""2026-01-01""},{""addr"":""東京都八王子市小宮町６９８番２２"",""use"":""1低専"",""price"":114000,""tsubo"":376859,""yoy"":3.6,""dist"":700,""far"":80.0,""kind"":""基準"",""asof"":""2026-07-01""},{""addr"":""東京都八王子市久保山町１丁目２５番３"",""use"":""1低専"",""price"":122000,""tsubo"":403306,""yoy"":3.4,""dist"":1100,""far"":80.0,""kind"":""公示"",""asof"":""2026-01-01""},{""addr"":""東京都八王子市石川町２５２番２"",""use"":""1低専"",""price"":100000,""tsubo"":330578,""yoy"":2.6,""dist"":1300,""far"":80.0,""kind"":""公示"",""asof"":""2026-01-01""},{""addr"":""東京都八王子市石川町２５９番１外"",""use"":""2中専"",""price"":114000,""tsubo"":376859,""yoy"":1.8,""dist"":1300,""far"":200.0,""kind"":""基準"",""asof"":""2026-07-01""}]"
小岩駅,24,1578512,7.0,17,1319008,7,2866116,"[{""addr"":""東京都江戸川区西小岩１丁目１９３０番１"",""use"":""商業"",""price"":2000000,""tsubo"":6611570,""yoy"":11.1,""dist"":80,""far"":600.0,""kind"":""公示"",""asof"":""2026-01-01""},{""addr"":""東京都江戸川区北小岩六丁目４８８番１９"",""use"":""商業"",""price"":671000,""tsubo"":2218182,""yoy"":10.9,""dist"":80,""far"":400.0,""kind"":""基準"",""asof"":""2026-07-01""},{""addr"":""東京都江戸川区南小岩７丁目１８５８番２"",""use"":""商業"",""price"":867000,""tsubo"":2866116,""yoy"":7.0,""dist"":370,""far"":400.0,""kind"":""公示"",""asof"":""2026-01-01""},{""addr"":""東京都江戸川区南小岩七丁目１８５８番２"",""use"":""商業"",""price"":902000,""tsubo"":2981818,""yoy"":8.2,""dist"":370,""far"":400.0,""kind"":""基準"",""asof"":""2026-07-01""},{""addr"":""東京都葛飾区鎌倉４丁目４９０番５"",""use"":""近商"",""price"":380000,""tsubo"":1256198,""yoy"":8.3,""dist"":400,""far"":300.0,""kind"":""公示"",""asof"":""2026-01-01""},{""addr"":""東京都江戸川区西小岩一丁目１９１２番７外"",""use"":""商業"",""price"":1080000,""tsubo"":3570248,""yoy"":13.4,""dist"":400,""far"":600.0,""kind"":""基準"",""asof"":""2026-07-01""},{""addr"":""東京都江戸川区東小岩６丁目２６７６番５"",""use"":""近商"",""price"":513000,""tsubo"":1695868,""yoy"":7.5,""dist"":500,""far"":400.0,""kind"":""公示"",""asof"":""2026-01-01""},{""addr"":""東京都江戸川区東小岩６丁目２６７６番１０"",""use"":""1住居"",""price"":495000,""tsubo"":1636364,""yoy"":7.6,""dist"":510,""far"":300.0,""kind"":""公示"",""asof"":""2026-01-01""},{""addr"":""東京都江戸川区東小岩六丁目２６７６番１０"",""use"":""1住居"",""price"":510000,""tsubo"":1685950,""yoy"":8.5,""dist"":510,""far"":300.0,""kind"":""基準"",""asof"":""2026-07-01""},{""addr"":""東京都江戸川区北小岩六丁目３１１番６"",""use"":""1中専"",""price"":399000,""tsubo"":1319008,""yoy"":6.7,""dist"":590,""far"":150.0,""kind"":""基準"",""asof"":""2026-07-01""}]"
小川町駅,4,21933883,12.55,0,,4,21933883,"[{""addr"":""東京都千代田区神田錦町１丁目６番１外"",""use"":""商業"",""price"":7320000,""tsubo"":24198346,""yoy"":12.6,""dist"":150,""far"":800.0,""kind"":""公示"",""asof"":""2026-01-01""},{""addr"":""東京都千代田区神田司町２丁目１９番２５"",""use"":""商業"",""price"":2720000,""tsubo"":8991735,""yoy"":20.4,""dist"":180,""far"":600.0,""kind"":""公示"",""asof"":""2026-01-01""},{""addr"":""東京都千代田区内神田一丁目６番１外"",""use"":""商業"",""price"":5950000,""tsubo"":19669421,""yoy"":12.5,""dist"":250,""far"":600.0,""kind"":""基準"",""asof"":""2026-07-01""},{""addr"":""東京都千代田区神田小川町三丁目６番５外"",""use"":""商業"",""price"":7530000,""tsubo"":24892561,""yoy"":8.0,""dist"":300,""far"":700.0,""kind"":""基準"",""asof"":""2026-07-01""}]"
小川駅,8,791735,3.25,7,763636,1,1024793,"[{""addr"":""東京都小平市小川東町１丁目２０７８番１"",""use"":""2中専"",""price"":279000,""tsubo"":922314,""yoy"":3.7,""dist"":300,""far"":200.0,""kind"":""公示"",""asof"":""2026-01-01""},{""addr"":""東京都小平市小川西町四丁目２２１７番１１１"",""use"":""商業"",""price"":310000,""tsubo"":1024793,""yoy"":3.7,""dist"":380,""far"":400.0,""kind"":""基準"",""asof"":""2026-07-01""},{""addr"":""東京都小平市小川西町三丁目２２１７番５４"",""use"":""1中専"",""price"":256000,""tsubo"":846281,""yoy"":3.6,""dist"":500,""far"":200.0,""kind"":""基準"",""asof"":""2026-07-01""},{""addr"":""東京都小平市小川西町５丁目２２７５番１４４"",""use"":""1低専"",""price"":231000,""tsubo"":763636,""yoy"":3.1,""dist"":550,""far"":80.0,""kind"":""公示"",""asof"":""2026-01-01""},{""addr"":""東京都小平市小川東町１丁目２１０５番３０"",""use"":""1中専"",""price"":248000,""tsubo"":819835,""yoy"":3.3,""dist"":650,""far"":200.0,""kind"":""公示"",""asof"":""2026-01-01""},{""addr"":""東京都小平市小川西町１丁目２４４７番２１"",""use"":""1低専"",""price"":227000,""tsubo"":750413,""yoy"":3.2,""dist"":900,""far"":80.0,""kind"":""公示"",""asof"":""2026-01-01""},{""addr"":""東京都東村山市富士見町２丁目１７番２２"",""use"":""1低専"",""price"":192000,""tsubo"":634711,""yoy"":3.2,""dist"":1500,""far"":100.0,""kind"":""公示"",""asof"":""2026-01-01""},{""addr"":""東京都小平市栄町二丁目３５番１４"",""use"":""1低専"",""price"":225000,""tsubo"":743802,""yoy"":3.2,""dist"":1500,""far"":150.0,""kind"":""基準"",""asof"":""2026-07-01""}]"
小平駅,11,862810,3.3,10,857851,1,1322314,"[{""addr"":""東京都小平市美園町２丁目２７１番６"",""use"":""1中専"",""price"":322000,""tsubo"":1064463,""yoy"":3.5,""dist"":250,""far"":200.0,""kind"":""公示"",""asof"":""2026-01-01""},{""addr"":""東京都小平市美園町１丁目２９４番８"",""use"":""商業"",""price"":400000,""tsubo"":1322314,""yoy"":3.6,""dist"":250,""far"":400.0,""kind"":""公示"",""asof"":""2026-01-01""},{""addr"":""東京都小平市美園町三丁目３３９番２"",""use"":""1低専"",""price"":289000,""tsubo"":955372,""yoy"":3.6,""dist"":250,""far"":80.0,""kind"":""基準"",""asof"":""2026-07-01""},{""addr"":""東京都東村山市萩山町一丁目２４番２"",""use"":""1低専"",""price"":281000,""tsubo"":928926,""yoy"":3.3,""dist"":430,""far"":100.0,""kind"":""基準"",""asof"":""2026-07-01""},{""addr"":""東京都小平市仲町１９３番１２"",""use"":""1低専"",""price"":274000,""tsubo"":905785,""yoy"":3.4,""dist"":500,""far"":80.0,""kind"":""公示"",""asof"":""2026-01-01""},{""addr"":""東京都小平市仲町３５２番７"",""use"":""1低専"",""price"":261000,""tsubo"":862810,""yoy"":3.2,""dist"":1000,""far"":80.0,""kind"":""公示"",""asof"":""2026-01-01""},{""addr"":""東京都小平市大沼町７丁目２８８番２４"",""use"":""1低専"",""price"":222000,""tsubo"":733884,""yoy"":2.8,""dist"":1300,""far"":80.0,""kind"":""公示"",""asof"":""2026-01-01""},{""addr"":""東京都小平市大沼町二丁目４７７番６"",""use"":""1低専"",""price"":219000,""tsubo"":723967,""yoy"":3.3,""dist"":1300,""far"":80.0,""kind"":""基準"",""asof"":""2026-07-01""},{""addr"":""東京都小平市天神町一丁目６７番３９"",""use"":""1住居"",""price"":258000,""tsubo"":852893,""yoy"":0.0,""dist"":1300,""far"":200.0,""kind"":""基準"",""asof"":""2026-07-01""},{""addr"":""東京都小平市大沼町４丁目８３３番３１"",""use"":""1低専"",""price"":195000,""tsubo"":644628,""yoy"":2.6,""dist"":1500,""far"":80.0,""kind"":""公示"",""asof"":""2026-01-01""}]"
小村井駅,2,1892562,11.95,0,,2,1892562,"[{""addr"":""東京都墨田区文花三丁目１２６番３３外"",""use"":""商業"",""price"":706000,""tsubo"":2333884,""yoy"":13.0,""dist"":80,""far"":400.0,""kind"":""基準"",""asof"":""2026-07-01""},{""addr"":""東京都墨田区立花５丁目６０番１外"",""use"":""準工"",""price"":439000,""tsubo"":1451240,""yoy"":10.9,""dist"":620,""far"":200.0,""kind"":""公示"",""asof"":""2026-01-01""}]"
小田急多摩センター駅,8,776859,5.05,6,752066,2,1272727,"[{""addr"":""東京都多摩市落合１丁目９番６外"",""use"":""商業"",""price"":489000,""tsubo"":1616529,""yoy"":5.4,""dist"":0,""far"":500.0,""kind"":""公示"",""asof"":""2026-01-01""},{""addr"":""東京都多摩市山王下一丁目１３番１９"",""use"":""近商"",""price"":281000,""tsubo"":928926,""yoy"":5.6,""dist"":550,""far"":300.0,""kind"":""基準"",""asof"":""2026-07-01""},{""addr"":""東京都多摩市落合１丁目２２番７"",""use"":""2住居"",""price"":266000,""tsubo"":879339,""yoy"":5.6,""dist"":800,""far"":300.0,""kind"":""公示"",""asof"":""2026-01-01""},{""addr"":""東京都多摩市鶴牧一丁目１２番１１"",""use"":""2中専"",""price"":234000,""tsubo"":773554,""yoy"":4.0,""dist"":900,""far"":200.0,""kind"":""基準"",""asof"":""2026-07-01""},{""addr"":""東京都多摩市乞田８３８番１"",""use"":""1住居"",""price"":216000,""tsubo"":714050,""yoy"":4.9,""dist"":1100,""far"":200.0,""kind"":""公示"",""asof"":""2026-01-01""},{""addr"":""東京都多摩市乞田８３８番１"",""use"":""1住居"",""price"":221000,""tsubo"":730578,""yoy"":5.2,""dist"":1100,""far"":200.0,""kind"":""基準"",""asof"":""2026-07-01""},{""addr"":""東京都多摩市乞田７４４番１"",""use"":""準住居"",""price"":236000,""tsubo"":780165,""yoy"":4.9,""dist"":1200,""far"":200.0,""kind"":""公示"",""asof"":""2026-01-01""},{""addr"":""東京都多摩市落合３丁目１１番１１"",""use"":""2中専"",""price"":207000,""tsubo"":684297,""yoy"":3.5,""dist"":1300,""far"":200.0,""kind"":""公示"",""asof"":""2026-01-01""}]"
小田急永山駅,10,669421,4.0,9,667769,1,1176859,"[{""addr"":""東京都多摩市永山１丁目２番１３"",""use"":""近商"",""price"":356000,""tsubo"":1176859,""yoy"":5.6,""dist"":260,""far"":300.0,""kind"":""公示"",""asof"":""2026-01-01""},{""addr"":""東京都多摩市永山１丁目１５番４４"",""use"":""2中専"",""price"":236000,""tsubo"":780165,""yoy"":4.4,""dist"":500,""far"":200.0,""kind"":""公示"",""asof"":""2026-01-01""},{""addr"":""東京都多摩市乞田１２９５番２"",""use"":""準住居"",""price"":249000,""tsubo"":823140,""yoy"":5.5,""dist"":780,""far"":300.0,""kind"":""基準"",""asof"":""2026-07-01""},{""addr"":""東京都多摩市諏訪１丁目２７番２５"",""use"":""1低専"",""price"":202000,""tsubo"":667769,""yoy"":3.6,""dist"":800,""far"":80.0,""kind"":""公示"",""asof"":""2026-01-01""},{""addr"":""東京都多摩市馬引沢１丁目１４番１８"",""use"":""2中専"",""price"":215000,""tsubo"":710744,""yoy"":4.9,""dist"":800,""far"":200.0,""kind"":""公示"",""asof"":""2026-01-01""},{""addr"":""東京都多摩市乞田１１７４番２"",""use"":""2中専"",""price"":202000,""tsubo"":667769,""yoy"":3.6,""dist"":900,""far"":200.0,""kind"":""基準"",""asof"":""2026-07-01""},{""addr"":""東京都多摩市馬引沢２丁目１３番１５"",""use"":""2中専"",""price"":203000,""tsubo"":671074,""yoy"":3.0,""dist"":950,""far"":200.0,""kind"":""公示"",""asof"":""2026-01-01""},{""addr"":""東京都多摩市永山二丁目２６番１４"",""use"":""準住居"",""price"":190000,""tsubo"":628099,""yoy"":5.6,""dist"":1000,""far"":200.0,""kind"":""基準"",""asof"":""2026-07-01""},{""addr"":""東京都多摩市聖ケ丘三丁目５５番８"",""use"":""1低専"",""price"":173000,""tsubo"":571901,""yoy"":1.2,""dist"":1300,""far"":80.0,""kind"":""基準"",""asof"":""2026-07-01""},{""addr"":""東京都多摩市貝取１丁目５６番４"",""use"":""2中専"",""price"":179000,""tsubo"":591736,""yoy"":0.6,""dist"":1400,""far"":200.0,""kind"":""公示"",""asof"":""2026-01-01""}]"
小竹向原駅,7,2307438,8.8,5,1996694,2,2565289,"[{""addr"":""東京都練馬区小竹町２丁目１４番２３"",""use"":""1低専"",""price"":740000,""tsubo"":2446281,""yoy"":8.8,""dist"":140,""far"":150.0,""kind"":""公示"",""asof"":""2026-01-01""},{""addr"":""東京都板橋区小茂根１丁目１９５番１外"",""use"":""近商"",""price"":854000,""tsubo"":2823140,""yoy"":13.0,""dist"":410,""far"":300.0,""kind"":""公示"",""asof"":""2026-01-01""},{""addr"":""東京都板橋区向原二丁目１５１３番１０外"",""use"":""1中専"",""price"":738000,""tsubo"":2439669,""yoy"":11.0,""dist"":420,""far"":200.0,""kind"":""基準"",""asof"":""2026-07-01""},{""addr"":""東京都板橋区小茂根４丁目１１８番４"",""use"":""1中専"",""price"":585000,""tsubo"":1933884,""yoy"":8.7,""dist"":730,""far"":200.0,""kind"":""公示"",""asof"":""2026-01-01""},{""addr"":""東京都練馬区羽沢二丁目２９番１６"",""use"":""1低専"",""price"":604000,""tsubo"":1996694,""yoy"":7.9,""dist"":800,""far"":150.0,""kind"":""基準"",""asof"":""2026-07-01""},{""addr"":""東京都板橋区大谷口北町６４番６"",""use"":""近商"",""price"":698000,""tsubo"":2307438,""yoy"":11.0,""dist"":950,""far"":300.0,""kind"":""基準"",""asof"":""2026-07-01""},{""addr"":""東京都板橋区小茂根三丁目６３番６"",""use"":""1中専"",""price"":580000,""tsubo"":1917355,""yoy"":8.6,""dist"":1000,""far"":200.0,""kind"":""基準"",""asof"":""2026-07-01""}]"
小菅駅,1,978512,5.7,0,,1,978512,"[{""addr"":""東京都足立区足立２丁目１２６５番５０"",""use"":""準工"",""price"":296000,""tsubo"":978512,""yoy"":5.7,""dist"":610,""far"":300.0,""kind"":""公示"",""asof"":""2026-01-01""}]"
尾久駅,1,3834711,18.4,0,,1,3834711,"[{""addr"":""東京都北区昭和町二丁目２番３外"",""use"":""商業"",""price"":1160000,""tsubo"":3834711,""yoy"":18.4,""dist"":300,""far"":500.0,""kind"":""基準"",""asof"":""2026-07-01""}]"
尾山台駅,7,3127273,7.6,5,3034711,2,4181818,"[{""addr"":""東京都世田谷区等々力２丁目１７番６"",""use"":""近商"",""price"":1250000,""tsubo"":4132231,""yoy"":7.8,""dist"":0,""far"":300.0,""kind"":""公示"",""asof"":""2026-01-01""},{""addr"":""東京都世田谷区等々力二丁目１７番６"",""use"":""近商"",""price"":1280000,""tsubo"":4231405,""yoy"":7.6,""dist"":1,""far"":300.0,""kind"":""基準"",""asof"":""2026-07-01""},{""addr"":""東京都世田谷区等々力５丁目３３番３"",""use"":""1低専"",""price"":900000,""tsubo"":2975206,""yoy"":6.6,""dist"":290,""far"":100.0,""kind"":""公示"",""asof"":""2026-01-01""},{""addr"":""東京都世田谷区等々力五丁目３３番３"",""use"":""1低専"",""price"":918000,""tsubo"":3034711,""yoy"":6.1,""dist"":290,""far"":100.0,""kind"":""基準"",""asof"":""2026-07-01""},{""addr"":""東京都世田谷区等々力１丁目８０番２"",""use"":""2住居"",""price"":946000,""tsubo"":3127273,""yoy"":7.7,""dist"":500,""far"":300.0,""kind"":""公示"",""asof"":""2026-01-01""},{""addr"":""東京都世田谷区等々力１丁目７９番１２"",""use"":""1低専"",""price"":758000,""tsubo"":2505785,""yoy"":5.6,""dist"":550,""far"":80.0,""kind"":""公示"",""asof"":""2026-01-01""},{""addr"":""東京都世田谷区等々力６丁目４４番１"",""use"":""1住居"",""price"":1230000,""tsubo"":4066116,""yoy"":10.8,""dist"":730,""far"":300.0,""kind"":""公示"",""asof"":""2026-01-01""}]"
山田駅,5,538843,3.7,5,538843,0,,"[{""addr"":""東京都八王子市緑町２９１番６"",""use"":""準住居"",""price"":167000,""tsubo"":552066,""yoy"":3.7,""dist"":160,""far"":200.0,""kind"":""公示"",""asof"":""2026-01-01""},{""addr"":""東京都八王子市緑町２７１番１７"",""use"":""1低専"",""price"":163000,""tsubo"":538843,""yoy"":5.2,""dist"":300,""far"":80.0,""kind"":""基準"",""asof"":""2026-07-01""},{""addr"":""東京都八王子市小比企町５３３番９"",""use"":""1低専"",""price"":164000,""tsubo"":542149,""yoy"":3.1,""dist"":420,""far"":100.0,""kind"":""公示"",""asof"":""2026-01-01""},{""addr"":""東京都八王子市山田町１６３２番１"",""use"":""1低専"",""price"":162000,""tsubo"":535537,""yoy"":5.2,""dist"":450,""far"":80.0,""kind"":""基準"",""asof"":""2026-07-01""},{""addr"":""東京都八王子市小比企町１８１０番７"",""use"":""1低専"",""price"":122000,""tsubo"":403306,""yoy"":3.4,""dist"":1000,""far"":80.0,""kind"":""公示"",""asof"":""2026-01-01""}]"
岩本町駅,3,7933884,18.2,0,,3,7933884,"[{""addr"":""東京都千代田区神田岩本町１番２外"",""use"":""商業"",""price"":4240000,""tsubo"":14016528,""yoy"":11.9,""dist"":0,""far"":800.0,""kind"":""公示"",""asof"":""2026-01-01""},{""addr"":""東京都千代田区岩本町三丁目９番３"",""use"":""商業"",""price"":2400000,""tsubo"":7933884,""yoy"":18.2,""dist"":240,""far"":500.0,""kind"":""基準"",""asof"":""2026-07-01""},{""addr"":""東京都千代田区岩本町２丁目１７２番３"",""use"":""商業"",""price"":1710000,""tsubo"":5652892,""yoy"":19.6,""dist"":270,""far"":600.0,""kind"":""公示"",""asof"":""2026-01-01""}]"
巣鴨駅,6,5206611,14.9,3,4661157,3,5851239,"[{""addr"":""東京都豊島区巣鴨１丁目１８番１２"",""use"":""商業"",""price"":2630000,""tsubo"":8694215,""yoy"":17.9,""dist"":120,""far"":700.0,""kind"":""公示"",""asof"":""2026-01-01""},{""addr"":""東京都豊島区巣鴨２丁目６０番７"",""use"":""商業"",""price"":1340000,""tsubo"":4429752,""yoy"":16.5,""dist"":210,""far"":500.0,""kind"":""公示"",""asof"":""2026-01-01""},{""addr"":""東京都豊島区巣鴨一丁目３５番６"",""use"":""1住居"",""price"":1200000,""tsubo"":3966942,""yoy"":13.2,""dist"":290,""far"":400.0,""kind"":""基準"",""asof"":""2026-07-01""},{""addr"":""東京都文京区千石４丁目３１５番２５"",""use"":""1住居"",""price"":1410000,""tsubo"":4661157,""yoy"":15.6,""dist"":500,""far"":300.0,""kind"":""公示"",""asof"":""2026-01-01""},{""addr"":""東京都豊島区巣鴨三丁目２６番５３"",""use"":""商業"",""price"":1770000,""tsubo"":5851239,""yoy"":14.2,""dist"":500,""far"":500.0,""kind"":""基準"",""asof"":""2026-07-01""},{""addr"":""東京都文京区本駒込６丁目２１１番"",""use"":""1低専"",""price"":1740000,""tsubo"":5752066,""yoy"":12.3,""dist"":600,""far"":150.0,""kind"":""公示"",""asof"":""2026-01-01""}]"
市ケ谷駅,7,10710743,14.6,1,5190082,6,10942148,"[{""addr"":""東京都千代田区九段北４丁目２番８"",""use"":""商業"",""price"":7370000,""tsubo"":24363635,""yoy"":7.9,""dist"":0,""far"":700.0,""kind"":""公示"",""asof"":""2026-01-01""},{""addr"":""東京都千代田区九段南４丁目１１番１０外"",""use"":""商業"",""price"":1820000,""tsubo"":6016529,""yoy"":19.0,""dist"":180,""far"":500.0,""kind"":""公示"",""asof"":""2026-01-01""},{""addr"":""東京都新宿区市谷左内町２２番"",""use"":""1住居"",""price"":1570000,""tsubo"":5190082,""yoy"":12.9,""dist"":330,""far"":300.0,""kind"":""公示"",""asof"":""2026-01-01""},{""addr"":""東京都千代田区九段北４丁目８番３７外"",""use"":""商業"",""price"":3240000,""tsubo"":10710743,""yoy"":17.8,""dist"":360,""far"":500.0,""kind"":""公示"",""asof"":""2026-01-01""},{""addr"":""東京都新宿区市谷本村町９番１外"",""use"":""商業"",""price"":3480000,""tsubo"":11504132,""yoy"":16.0,""dist"":450,""far"":600.0,""kind"":""公示"",""asof"":""2026-01-01""},{""addr"":""東京都千代田区九段南三丁目１７番１８"",""use"":""商業"",""price"":3380000,""tsubo"":11173553,""yoy"":14.6,""dist"":520,""far"":500.0,""kind"":""基準"",""asof"":""2026-07-01""},{""addr"":""東京都新宿区市谷砂土原町２丁目７番１"",""use"":""近商"",""price"":1960000,""tsubo"":6479339,""yoy"":14.0,""dist"":700,""far"":400.0,""kind"":""公示"",""asof"":""2026-01-01""}]"
市ヶ谷駅,7,10710743,14.6,1,5190082,6,10942148,"[{""addr"":""東京都千代田区九段北４丁目２番８"",""use"":""商業"",""price"":7370000,""tsubo"":24363635,""yoy"":7.9,""dist"":0,""far"":700.0,""kind"":""公示"",""asof"":""2026-01-01""},{""addr"":""東京都千代田区九段南４丁目１１番１０外"",""use"":""商業"",""price"":1820000,""tsubo"":6016529,""yoy"":19.0,""dist"":180,""far"":500.0,""kind"":""公示"",""asof"":""2026-01-01""},{""addr"":""東京都新宿区市谷左内町２２番"",""use"":""1住居"",""price"":1570000,""tsubo"":5190082,""yoy"":12.9,""dist"":330,""far"":300.0,""kind"":""公示"",""asof"":""2026-01-01""},{""addr"":""東京都千代田区九段北４丁目８番３７外"",""use"":""商業"",""price"":3240000,""tsubo"":10710743,""yoy"":17.8,""dist"":360,""far"":500.0,""kind"":""公示"",""asof"":""2026-01-01""},{""addr"":""東京都新宿区市谷本村町９番１外"",""use"":""商業"",""price"":3480000,""tsubo"":11504132,""yoy"":16.0,""dist"":450,""far"":600.0,""kind"":""公示"",""asof"":""2026-01-01""},{""addr"":""東京都千代田区九段南三丁目１７番１８"",""use"":""商業"",""price"":3380000,""tsubo"":11173553,""yoy"":14.6,""dist"":520,""far"":500.0,""kind"":""基準"",""asof"":""2026-07-01""},{""addr"":""東京都新宿区市谷砂土原町２丁目７番１"",""use"":""近商"",""price"":1960000,""tsubo"":6479339,""yoy"":14.0,""dist"":700,""far"":400.0,""kind"":""公示"",""asof"":""2026-01-01""}]"
布田駅,7,1517355,5.5,5,1282645,2,1766942,"[{""addr"":""東京都調布市国領町１丁目１１番２０"",""use"":""近商"",""price"":610000,""tsubo"":2016529,""yoy"":10.3,""dist"":200,""far"":300.0,""kind"":""公示"",""asof"":""2026-01-01""},{""addr"":""東京都調布市国領町１丁目８番１０"",""use"":""1住居"",""price"":525000,""tsubo"":1735537,""yoy"":8.9,""dist"":330,""far"":200.0,""kind"":""公示"",""asof"":""2026-01-01""},{""addr"":""東京都調布市国領町五丁目１８番８外"",""use"":""1低専"",""price"":460000,""tsubo"":1520661,""yoy"":5.5,""dist"":350,""far"":100.0,""kind"":""基準"",""asof"":""2026-07-01""},{""addr"":""東京都調布市八雲台１丁目２５番１６"",""use"":""近商"",""price"":459000,""tsubo"":1517355,""yoy"":5.5,""dist"":650,""far"":200.0,""kind"":""公示"",""asof"":""2026-01-01""},{""addr"":""東京都調布市染地２丁目２３番７"",""use"":""1低専"",""price"":343000,""tsubo"":1133884,""yoy"":3.3,""dist"":1000,""far"":80.0,""kind"":""公示"",""asof"":""2026-01-01""},{""addr"":""東京都調布市佐須町２丁目１２番１１"",""use"":""1低専"",""price"":388000,""tsubo"":1282645,""yoy"":2.9,""dist"":1200,""far"":80.0,""kind"":""公示"",""asof"":""2026-01-01""},{""addr"":""東京都調布市染地１丁目２０番２７外"",""use"":""1低専"",""price"":308000,""tsubo"":1018182,""yoy"":3.7,""dist"":1300,""far"":80.0,""kind"":""公示"",""asof"":""2026-01-01""}]"
幡ヶ谷駅,1,6677686,12.2,0,,1,6677686,"[{""addr"":""東京都渋谷区幡ケ谷二丁目１９番２８"",""use"":""商業"",""price"":2020000,""tsubo"":6677686,""yoy"":12.2,""dist"":250,""far"":500.0,""kind"":""基準"",""asof"":""2026-07-01""}]"
平井駅,10,1717355,8.15,5,1715702,5,1719008,"[{""addr"":""東京都江戸川区平井５丁目１５番１０"",""use"":""商業"",""price"":1480000,""tsubo"":4892562,""yoy"":12.1,""dist"":0,""far"":500.0,""kind"":""公示"",""asof"":""2026-01-01""},{""addr"":""東京都江戸川区平井四丁目９３８番１１外"",""use"":""商業"",""price"":1080000,""tsubo"":3570248,""yoy"":12.1,""dist"":190,""far"":400.0,""kind"":""基準"",""asof"":""2026-07-01""},{""addr"":""東京都江戸川区平井６丁目２０番５"",""use"":""1住居"",""price"":519000,""tsubo"":1715702,""yoy"":7.5,""dist"":400,""far"":300.0,""kind"":""公示"",""asof"":""2026-01-01""},{""addr"":""東京都江戸川区平井三丁目１３７２番３"",""use"":""1住居"",""price"":530000,""tsubo"":1752066,""yoy"":8.2,""dist"":400,""far"":300.0,""kind"":""基準"",""asof"":""2026-07-01""},{""addr"":""東京都江戸川区平井２丁目９４１番４"",""use"":""1住居"",""price"":521000,""tsubo"":1722314,""yoy"":7.4,""dist"":500,""far"":300.0,""kind"":""公示"",""asof"":""2026-01-01""},{""addr"":""東京都江戸川区平井６丁目６９番６"",""use"":""1住居"",""price"":463000,""tsubo"":1530578,""yoy"":8.4,""dist"":750,""far"":300.0,""kind"":""公示"",""asof"":""2026-01-01""},{""addr"":""東京都江戸川区平井４丁目２４番"",""use"":""準工"",""price"":520000,""tsubo"":1719008,""yoy"":9.9,""dist"":830,""far"":200.0,""kind"":""公示"",""asof"":""2026-01-01""},{""addr"":""東京都江戸川区平井一丁目１０６番３"",""use"":""1住居"",""price"":427000,""tsubo"":1411570,""yoy"":8.1,""dist"":850,""far"":300.0,""kind"":""基準"",""asof"":""2026-07-01""},{""addr"":""東京都江戸川区平井七丁目１２２５番１外"",""use"":""準工"",""price"":387000,""tsubo"":1279339,""yoy"":8.1,""dist"":1100,""far"":200.0,""kind"":""基準"",""asof"":""2026-07-01""},{""addr"":""東京都江戸川区平井７丁目１８８９番７"",""use"":""準工"",""price"":415000,""tsubo"":1371901,""yoy"":6.7,""dist"":1200,""far"":200.0,""kind"":""公示"",""asof"":""2026-01-01""}]"
平和台駅,10,1714049,7.05,8,1659504,2,2975206,"[{""addr"":""東京都練馬区早宮２丁目１６５０番３外"",""use"":""近商"",""price"":1020000,""tsubo"":3371901,""yoy"":8.6,""dist"":0,""far"":300.0,""kind"":""公示"",""asof"":""2026-01-01""},{""addr"":""東京都練馬区平和台四丁目１６２２番４外"",""use"":""近商"",""price"":780000,""tsubo"":2578512,""yoy"":8.3,""dist"":210,""far"":300.0,""kind"":""基準"",""asof"":""2026-07-01""},{""addr"":""東京都練馬区平和台４丁目１６３０番２２"",""use"":""1低専"",""price"":607000,""tsubo"":2006611,""yoy"":7.4,""dist"":320,""far"":200.0,""kind"":""公示"",""asof"":""2026-01-01""},{""addr"":""東京都練馬区早宮２丁目４７５６番３４"",""use"":""1低専"",""price"":525000,""tsubo"":1735537,""yoy"":7.1,""dist"":410,""far"":100.0,""kind"":""公示"",""asof"":""2026-01-01""},{""addr"":""東京都練馬区北町７丁目１１２７番３２"",""use"":""1低専"",""price"":492000,""tsubo"":1626446,""yoy"":7.0,""dist"":530,""far"":100.0,""kind"":""公示"",""asof"":""2026-01-01""},{""addr"":""東京都練馬区春日町２丁目２４５７番３１"",""use"":""1低専"",""price"":492000,""tsubo"":1626446,""yoy"":6.7,""dist"":700,""far"":100.0,""kind"":""公示"",""asof"":""2026-01-01""},{""addr"":""東京都練馬区早宮４丁目４８８９番１２"",""use"":""1低専"",""price"":492000,""tsubo"":1626446,""yoy"":7.0,""dist"":770,""far"":100.0,""kind"":""公示"",""asof"":""2026-01-01""},{""addr"":""東京都練馬区平和台２丁目１５９１番４６"",""use"":""1低専"",""price"":512000,""tsubo"":1692562,""yoy"":6.9,""dist"":1000,""far"":200.0,""kind"":""公示"",""asof"":""2026-01-01""},{""addr"":""東京都練馬区平和台二丁目１５９１番４６"",""use"":""1低専"",""price"":531000,""tsubo"":1755372,""yoy"":7.3,""dist"":1000,""far"":200.0,""kind"":""基準"",""asof"":""2026-07-01""},{""addr"":""東京都練馬区田柄３丁目５５４２番１１"",""use"":""1低専"",""price"":451000,""tsubo"":1490909,""yoy"":6.1,""dist"":1200,""far"":100.0,""kind"":""公示"",""asof"":""2026-01-01""}]"
平和島駅,4,2100826,8.25,0,,4,2100826,"[{""addr"":""東京都大田区大森北６丁目１０９番３"",""use"":""近商"",""price"":688000,""tsubo"":2274380,""yoy"":8.5,""dist"":110,""far"":300.0,""kind"":""公示"",""asof"":""2026-01-01""},{""addr"":""東京都大田区大森東一丁目２７４番１７"",""use"":""準工"",""price"":583000,""tsubo"":1927273,""yoy"":6.6,""dist"":480,""far"":200.0,""kind"":""基準"",""asof"":""2026-07-01""},{""addr"":""東京都大田区大森西２丁目２７５番１外"",""use"":""準工"",""price"":542000,""tsubo"":1791735,""yoy"":8.0,""dist"":500,""far"":200.0,""kind"":""公示"",""asof"":""2026-01-01""},{""addr"":""東京都大田区大森北５丁目１３４番２"",""use"":""近商"",""price"":744000,""tsubo"":2459504,""yoy"":10.4,""dist"":750,""far"":300.0,""kind"":""公示"",""asof"":""2026-01-01""}]"
平山城址公園駅,4,532231,7.25,4,532231,0,,"[{""addr"":""東京都日野市平山５丁目３５番７"",""use"":""1低専"",""price"":207000,""tsubo"":684297,""yoy"":4.5,""dist"":350,""far"":100.0,""kind"":""公示"",""asof"":""2026-01-01""},{""addr"":""東京都日野市東平山２丁目１５番１３"",""use"":""1低専"",""price"":210000,""tsubo"":694215,""yoy"":9.4,""dist"":700,""far"":100.0,""kind"":""公示"",""asof"":""2026-01-01""},{""addr"":""東京都日野市平山六丁目２７番１５"",""use"":""1低専"",""price"":82000,""tsubo"":271074,""yoy"":5.1,""dist"":900,""far"":80.0,""kind"":""基準"",""asof"":""2026-07-01""},{""addr"":""東京都日野市平山１丁目１３番３"",""use"":""1低専"",""price"":115000,""tsubo"":380165,""yoy"":12.7,""dist"":1000,""far"":100.0,""kind"":""公示"",""asof"":""2026-01-01""}]"
広尾駅,10,9999999,15.75,7,9123967,3,11801652,"[{""addr"":""東京都港区南麻布五丁目６６番１"",""use"":""商業"",""price"":5400000,""tsubo"":17851239,""yoy"":15.4,""dist"":80,""far"":500.0,""kind"":""基準"",""asof"":""2026-07-01""},{""addr"":""東京都渋谷区広尾五丁目２１番２"",""use"":""商業"",""price"":3080000,""tsubo"":10181818,""yoy"":16.2,""dist"":180,""far"":400.0,""kind"":""基準"",""asof"":""2026-07-01""},{""addr"":""東京都港区南麻布５丁目１８番１７"",""use"":""1中専"",""price"":2970000,""tsubo"":9818181,""yoy"":16.5,""dist"":250,""far"":300.0,""kind"":""公示"",""asof"":""2026-01-01""},{""addr"":""東京都渋谷区広尾２丁目１１番６"",""use"":""1低専"",""price"":1970000,""tsubo"":6512396,""yoy"":15.2,""dist"":600,""far"":150.0,""kind"":""公示"",""asof"":""2026-01-01""},{""addr"":""東京都港区南麻布４丁目１２番１"",""use"":""1中専"",""price"":4990000,""tsubo"":16495867,""yoy"":15.5,""dist"":650,""far"":200.0,""kind"":""公示"",""asof"":""2026-01-01""},{""addr"":""東京都港区西麻布三丁目４番２１"",""use"":""1中専"",""price"":2760000,""tsubo"":9123967,""yoy"":17.4,""dist"":660,""far"":200.0,""kind"":""基準"",""asof"":""2026-07-01""},{""addr"":""東京都港区元麻布２丁目１３８番９外"",""use"":""1住居"",""price"":3690000,""tsubo"":12198347,""yoy"":16.0,""dist"":700,""far"":300.0,""kind"":""公示"",""asof"":""2026-01-01""},{""addr"":""東京都港区南青山七丁目２７４番"",""use"":""1中専"",""price"":2500000,""tsubo"":8264463,""yoy"":16.3,""dist"":900,""far"":200.0,""kind"":""基準"",""asof"":""2026-07-01""},{""addr"":""東京都港区西麻布四丁目１７６番６３外"",""use"":""近商"",""price"":3570000,""tsubo"":11801652,""yoy"":15.2,""dist"":900,""far"":400.0,""kind"":""基準"",""asof"":""2026-07-01""},{""addr"":""東京都渋谷区広尾３丁目６７番９"",""use"":""1低専"",""price"":1770000,""tsubo"":5851239,""yoy"":10.6,""dist"":1100,""far"":150.0,""kind"":""公示"",""asof"":""2026-01-01""}]"
府中本町駅,1,1441322,4.6,1,1441322,0,,"[{""addr"":""東京都府中市本町二丁目１０番２４"",""use"":""1中専"",""price"":436000,""tsubo"":1441322,""yoy"":4.6,""dist"":400,""far"":200.0,""kind"":""基準"",""asof"":""2026-07-01""}]"
府中競馬正門前駅,1,1477686,4.0,1,1477686,0,,"[{""addr"":""東京都府中市八幡町２丁目１２番４０"",""use"":""1低専"",""price"":447000,""tsubo"":1477686,""yoy"":4.0,""dist"":300,""far"":80.0,""kind"":""公示"",""asof"":""2026-01-01""}]"
府中駅,13,2076033,6.6,6,1852892,7,3801653,"[{""addr"":""東京都府中市府中町１丁目１番５外"",""use"":""商業"",""price"":2350000,""tsubo"":7768595,""yoy"":11.9,""dist"":0,""far"":500.0,""kind"":""公示"",""asof"":""2026-01-01""},{""addr"":""東京都府中市宮町１丁目２３番９"",""use"":""商業"",""price"":1150000,""tsubo"":3801653,""yoy"":9.5,""dist"":260,""far"":500.0,""kind"":""公示"",""asof"":""2026-01-01""},{""addr"":""東京都府中市宮町一丁目２３番９"",""use"":""商業"",""price"":1180000,""tsubo"":3900826,""yoy"":8.3,""dist"":260,""far"":500.0,""kind"":""基準"",""asof"":""2026-07-01""},{""addr"":""東京都府中市宮西町二丁目１７番７"",""use"":""商業"",""price"":1310000,""tsubo"":4330578,""yoy"":12.0,""dist"":430,""far"":500.0,""kind"":""基準"",""asof"":""2026-07-01""},{""addr"":""東京都府中市宮町３丁目１１番３４"",""use"":""1中専"",""price"":600000,""tsubo"":1983471,""yoy"":6.6,""dist"":600,""far"":200.0,""kind"":""公示"",""asof"":""2026-01-01""},{""addr"":""東京都府中市府中町１丁目４０番３外"",""use"":""1中専"",""price"":628000,""tsubo"":2076033,""yoy"":5.9,""dist"":620,""far"":200.0,""kind"":""公示"",""asof"":""2026-01-01""},{""addr"":""東京都府中市府中町２丁目２２番４外"",""use"":""1中専"",""price"":590000,""tsubo"":1950413,""yoy"":4.1,""dist"":700,""far"":200.0,""kind"":""公示"",""asof"":""2026-01-01""},{""addr"":""東京都府中市宮西町五丁目９番４外"",""use"":""商業"",""price"":900000,""tsubo"":2975206,""yoy"":9.8,""dist"":760,""far"":500.0,""kind"":""基準"",""asof"":""2026-07-01""},{""addr"":""東京都府中市八幡町２丁目２１番９外"",""use"":""商業"",""price"":760000,""tsubo"":2512397,""yoy"":11.6,""dist"":850,""far"":400.0,""kind"":""公示"",""asof"":""2026-01-01""},{""addr"":""東京都府中市緑町一丁目１８番１３"",""use"":""1住居"",""price"":531000,""tsubo"":1755372,""yoy"":4.7,""dist"":900,""far"":200.0,""kind"":""基準"",""asof"":""2026-07-01""}]"
後楽園駅,2,6479339,17.75,1,4925620,1,8033058,"[{""addr"":""東京都文京区小石川２丁目１９番１９"",""use"":""1中専"",""price"":1490000,""tsubo"":4925620,""yoy"":16.4,""dist"":270,""far"":300.0,""kind"":""公示"",""asof"":""2026-01-01""},{""addr"":""東京都文京区春日２丁目１５３番５外"",""use"":""商業"",""price"":2430000,""tsubo"":8033058,""yoy"":19.1,""dist"":670,""far"":600.0,""kind"":""公示"",""asof"":""2026-01-01""}]"
御嶽山駅,1,2046281,6.4,1,2046281,0,,"[{""addr"":""東京都大田区西嶺町１１０番４９"",""use"":""1低専"",""price"":619000,""tsubo"":2046281,""yoy"":6.4,""dist"":680,""far"":100.0,""kind"":""基準"",""asof"":""2026-07-01""}]"
御徒町駅,4,9851239,17.15,0,,4,9851239,"[{""addr"":""東京都台東区上野３丁目７７番１"",""use"":""商業"",""price"":2100000,""tsubo"":6942148,""yoy"":19.3,""dist"":200,""far"":800.0,""kind"":""公示"",""asof"":""2026-01-01""},{""addr"":""東京都台東区上野４丁目２１番３"",""use"":""商業"",""price"":8040000,""tsubo"":26578511,""yoy"":13.1,""dist"":210,""far"":800.0,""kind"":""公示"",""asof"":""2026-01-01""},{""addr"":""東京都台東区上野６丁目２１番１外"",""use"":""商業"",""price"":3860000,""tsubo"":12760330,""yoy"":15.6,""dist"":230,""far"":800.0,""kind"":""公示"",""asof"":""2026-01-01""},{""addr"":""東京都台東区上野５丁目２６番１"",""use"":""商業"",""price"":1590000,""tsubo"":5256198,""yoy"":18.7,""dist"":390,""far"":600.0,""kind"":""公示"",""asof"":""2026-01-01""}]"
御成門駅,2,23404958,14.45,0,,2,23404958,"[{""addr"":""東京都港区西新橋三丁目１０４番１外"",""use"":""商業"",""price"":10100000,""tsubo"":33388429,""yoy"":13.9,""dist"":100,""far"":700.0,""kind"":""基準"",""asof"":""2026-07-01""},{""addr"":""東京都港区新橋６丁目１７番３"",""use"":""商業"",""price"":4060000,""tsubo"":13421487,""yoy"":15.0,""dist"":290,""far"":600.0,""kind"":""公示"",""asof"":""2026-01-01""}]"
御茶ノ水駅,4,12710743,14.4,0,,4,12710743,"[{""addr"":""東京都千代田区神田駿河台２丁目１番４７"",""use"":""商業"",""price"":3730000,""tsubo"":12330578,""yoy"":19.6,""dist"":190,""far"":500.0,""kind"":""公示"",""asof"":""2026-01-01""},{""addr"":""東京都千代田区神田駿河台二丁目１番４７"",""use"":""商業"",""price"":3960000,""tsubo"":13090909,""yoy"":14.5,""dist"":190,""far"":500.0,""kind"":""基準"",""asof"":""2026-07-01""},{""addr"":""東京都千代田区神田駿河台一丁目８番３外"",""use"":""商業"",""price"":6620000,""tsubo"":21884297,""yoy"":9.2,""dist"":240,""far"":600.0,""kind"":""基準"",""asof"":""2026-07-01""},{""addr"":""東京都文京区湯島一丁目３０４番３"",""use"":""商業"",""price"":2710000,""tsubo"":8958677,""yoy"":14.3,""dist"":450,""far"":600.0,""kind"":""基準"",""asof"":""2026-07-01""}]"
志村三丁目駅,5,1560331,8.0,2,1525619,3,1560331,"[{""addr"":""東京都板橋区志村３丁目１３番６"",""use"":""近商"",""price"":693000,""tsubo"":2290909,""yoy"":9.5,""dist"":70,""far"":300.0,""kind"":""公示"",""asof"":""2026-01-01""},{""addr"":""東京都板橋区相生町２０１７番"",""use"":""1住居"",""price"":497000,""tsubo"":1642975,""yoy"":6.7,""dist"":550,""far"":200.0,""kind"":""公示"",""asof"":""2026-01-01""},{""addr"":""東京都板橋区坂下１丁目６番５０"",""use"":""準工"",""price"":472000,""tsubo"":1560331,""yoy"":8.0,""dist"":680,""far"":200.0,""kind"":""公示"",""asof"":""2026-01-01""},{""addr"":""東京都板橋区中台２丁目１３４０番１３"",""use"":""1中専"",""price"":426000,""tsubo"":1408264,""yoy"":7.8,""dist"":800,""far"":200.0,""kind"":""公示"",""asof"":""2026-01-01""},{""addr"":""東京都板橋区東坂下１丁目９番１０"",""use"":""工業"",""price"":406000,""tsubo"":1342149,""yoy"":10.6,""dist"":900,""far"":200.0,""kind"":""公示"",""asof"":""2026-01-01""}]"
志村坂上駅,4,1900826,9.15,2,1841322,2,2218181,"[{""addr"":""東京都板橋区志村２丁目４番２９"",""use"":""商業"",""price"":781000,""tsubo"":2581818,""yoy"":9.4,""dist"":170,""far"":400.0,""kind"":""公示"",""asof"":""2026-01-01""},{""addr"":""東京都板橋区志村二丁目１０番５"",""use"":""1住居"",""price"":589000,""tsubo"":1947107,""yoy"":8.9,""dist"":340,""far"":200.0,""kind"":""基準"",""asof"":""2026-07-01""},{""addr"":""東京都板橋区小豆沢２丁目１９番６"",""use"":""準工"",""price"":561000,""tsubo"":1854545,""yoy"":9.4,""dist"":700,""far"":200.0,""kind"":""公示"",""asof"":""2026-01-01""},{""addr"":""東京都板橋区小豆沢４丁目２番１３外"",""use"":""1住居"",""price"":525000,""tsubo"":1735537,""yoy"":8.2,""dist"":800,""far"":200.0,""kind"":""公示"",""asof"":""2026-01-01""}]"
志茂駅,2,2717355,13.8,0,,2,2717355,"[{""addr"":""東京都北区志茂２丁目２番２０外"",""use"":""商業"",""price"":1090000,""tsubo"":3603306,""yoy"":17.2,""dist"":0,""far"":500.0,""kind"":""公示"",""asof"":""2026-01-01""},{""addr"":""東京都北区神谷３丁目２７番６"",""use"":""準工"",""price"":554000,""tsubo"":1831405,""yoy"":10.4,""dist"":690,""far"":200.0,""kind"":""公示"",""asof"":""2026-01-01""}]"
恋ヶ窪駅,4,1033057,5.05,4,1033057,0,,"[{""addr"":""東京都国分寺市西恋ケ窪四丁目２１番３"",""use"":""1低専"",""price"":329000,""tsubo"":1087603,""yoy"":8.2,""dist"":340,""far"":80.0,""kind"":""基準"",""asof"":""2026-07-01""},{""addr"":""東京都国分寺市東戸倉２丁目５番２０"",""use"":""1中専"",""price"":315000,""tsubo"":1041322,""yoy"":4.7,""dist"":500,""far"":200.0,""kind"":""公示"",""asof"":""2026-01-01""},{""addr"":""東京都国分寺市戸倉二丁目７番１５"",""use"":""1低専"",""price"":310000,""tsubo"":1024793,""yoy"":5.1,""dist"":600,""far"":100.0,""kind"":""基準"",""asof"":""2026-07-01""},{""addr"":""東京都国分寺市並木町１丁目２２番４６"",""use"":""1低専"",""price"":252000,""tsubo"":833058,""yoy"":5.0,""dist"":1000,""far"":80.0,""kind"":""公示"",""asof"":""2026-01-01""}]"
恵比寿駅,9,6611570,14.2,5,5917355,4,21768594,"[{""addr"":""東京都渋谷区恵比寿１丁目１２番１３"",""use"":""商業"",""price"":6500000,""tsubo"":21487602,""yoy"":17.3,""dist"":110,""far"":500.0,""kind"":""公示"",""asof"":""2026-01-01""},{""addr"":""東京都渋谷区恵比寿一丁目１２番１３"",""use"":""商業"",""price"":6670000,""tsubo"":22049586,""yoy"":15.0,""dist"":110,""far"":500.0,""kind"":""基準"",""asof"":""2026-07-01""},{""addr"":""東京都渋谷区恵比寿西１丁目１０番１６"",""use"":""商業"",""price"":8280000,""tsubo"":27371900,""yoy"":14.2,""dist"":200,""far"":700.0,""kind"":""公示"",""asof"":""2026-01-01""},{""addr"":""東京都渋谷区恵比寿南二丁目７番１０"",""use"":""1住居"",""price"":1790000,""tsubo"":5917355,""yoy"":10.5,""dist"":400,""far"":300.0,""kind"":""基準"",""asof"":""2026-07-01""},{""addr"":""東京都渋谷区恵比寿南３丁目１２３番６"",""use"":""商業"",""price"":5250000,""tsubo"":17355371,""yoy"":17.2,""dist"":450,""far"":500.0,""kind"":""公示"",""asof"":""2026-01-01""},{""addr"":""東京都渋谷区恵比寿４丁目１５番１"",""use"":""1住居"",""price"":1540000,""tsubo"":5090909,""yoy"":10.0,""dist"":490,""far"":300.0,""kind"":""公示"",""asof"":""2026-01-01""},{""addr"":""東京都渋谷区東３丁目６７番２"",""use"":""2中専"",""price"":1260000,""tsubo"":4165289,""yoy"":11.5,""dist"":600,""far"":300.0,""kind"":""公示"",""asof"":""2026-01-01""},{""addr"":""東京都目黒区三田２丁目２０５番４"",""use"":""1住居"",""price"":2000000,""tsubo"":6611570,""yoy"":15.6,""dist"":620,""far"":300.0,""kind"":""公示"",""asof"":""2026-01-01""},{""addr"":""東京都渋谷区恵比寿３丁目２８番２６"",""use"":""1低専"",""price"":1790000,""tsubo"":5917355,""yoy"":10.5,""dist"":900,""far"":150.0,""kind"":""公示"",""asof"":""2026-01-01""}]"
成城学園前駅,7,2608264,6.0,6,2533884,1,4595041,"[{""addr"":""東京都世田谷区成城二丁目１３８番３"",""use"":""近商"",""price"":1390000,""tsubo"":4595041,""yoy"":8.6,""dist"":100,""far"":300.0,""kind"":""基準"",""asof"":""2026-07-01""},{""addr"":""東京都世田谷区成城二丁目１１６番２"",""use"":""1低専"",""price"":973000,""tsubo"":3216529,""yoy"":6.0,""dist"":240,""far"":80.0,""kind"":""基準"",""asof"":""2026-07-01""},{""addr"":""東京都世田谷区成城２丁目２０８番１８"",""use"":""1低専"",""price"":789000,""tsubo"":2608264,""yoy"":7.1,""dist"":480,""far"":80.0,""kind"":""公示"",""asof"":""2026-01-01""},{""addr"":""東京都世田谷区成城６丁目８１９番４"",""use"":""1低専"",""price"":1020000,""tsubo"":3371901,""yoy"":7.9,""dist"":550,""far"":80.0,""kind"":""公示"",""asof"":""2026-01-01""},{""addr"":""東京都世田谷区成城８丁目５４９番４"",""use"":""1低専"",""price"":744000,""tsubo"":2459504,""yoy"":5.4,""dist"":850,""far"":80.0,""kind"":""公示"",""asof"":""2026-01-01""},{""addr"":""東京都調布市入間町３丁目７番９７"",""use"":""1低専"",""price"":437000,""tsubo"":1444628,""yoy"":5.3,""dist"":1400,""far"":80.0,""kind"":""公示"",""asof"":""2026-01-01""},{""addr"":""東京都世田谷区成城九丁目９１３番８"",""use"":""1低専"",""price"":578000,""tsubo"":1910744,""yoy"":4.7,""dist"":1400,""far"":100.0,""kind"":""基準"",""asof"":""2026-07-01""}]"
成増駅,6,1649587,8.15,3,1421488,3,1976859,"[{""addr"":""東京都板橋区成増２丁目１６５番６外"",""use"":""商業"",""price"":1340000,""tsubo"":4429752,""yoy"":10.7,""dist"":100,""far"":500.0,""kind"":""公示"",""asof"":""2026-01-01""},{""addr"":""東京都板橋区赤塚３丁目５５５番８外"",""use"":""1中専"",""price"":518000,""tsubo"":1712397,""yoy"":7.5,""dist"":450,""far"":200.0,""kind"":""公示"",""asof"":""2026-01-01""},{""addr"":""東京都板橋区成増２丁目１８５番１０"",""use"":""準工"",""price"":480000,""tsubo"":1586777,""yoy"":8.8,""dist"":470,""far"":200.0,""kind"":""公示"",""asof"":""2026-01-01""},{""addr"":""東京都板橋区成増３丁目３１５番４２"",""use"":""近商"",""price"":598000,""tsubo"":1976859,""yoy"":12.2,""dist"":600,""far"":300.0,""kind"":""公示"",""asof"":""2026-01-01""},{""addr"":""東京都板橋区赤塚５丁目７３４番４"",""use"":""1低専"",""price"":404000,""tsubo"":1335537,""yoy"":5.8,""dist"":1100,""far"":80.0,""kind"":""公示"",""asof"":""2026-01-01""},{""addr"":""東京都板橋区成増四丁目１９３２番７"",""use"":""1低専"",""price"":430000,""tsubo"":1421488,""yoy"":4.6,""dist"":1100,""far"":80.0,""kind"":""基準"",""asof"":""2026-07-01""}]"
成瀬駅,11,803306,4.7,8,719008,3,1090909,"[{""addr"":""東京都町田市成瀬が丘２丁目２５番１１"",""use"":""近商"",""price"":326000,""tsubo"":1077686,""yoy"":4.5,""dist"":150,""far"":200.0,""kind"":""公示"",""asof"":""2026-01-01""},{""addr"":""東京都町田市成瀬が丘二丁目２５番１１"",""use"":""近商"",""price"":335000,""tsubo"":1107438,""yoy"":4.7,""dist"":150,""far"":200.0,""kind"":""基準"",""asof"":""2026-07-01""},{""addr"":""東京都町田市南成瀬一丁目８番１３"",""use"":""近商"",""price"":330000,""tsubo"":1090909,""yoy"":4.8,""dist"":250,""far"":200.0,""kind"":""基準"",""asof"":""2026-07-01""},{""addr"":""東京都町田市成瀬が丘２丁目１３番３"",""use"":""1低専"",""price"":269000,""tsubo"":889256,""yoy"":5.9,""dist"":300,""far"":80.0,""kind"":""公示"",""asof"":""2026-01-01""},{""addr"":""東京都町田市南成瀬５丁目２６番５"",""use"":""1低専"",""price"":264000,""tsubo"":872727,""yoy"":5.6,""dist"":400,""far"":100.0,""kind"":""公示"",""asof"":""2026-01-01""},{""addr"":""東京都町田市南成瀬六丁目１０番１２"",""use"":""1低専"",""price"":243000,""tsubo"":803306,""yoy"":4.7,""dist"":600,""far"":100.0,""kind"":""基準"",""asof"":""2026-07-01""},{""addr"":""東京都町田市南成瀬２丁目１３番８"",""use"":""1低専"",""price"":243000,""tsubo"":803306,""yoy"":5.7,""dist"":900,""far"":100.0,""kind"":""公示"",""asof"":""2026-01-01""},{""addr"":""東京都町田市成瀬６丁目４９１７番１"",""use"":""2中専"",""price"":173000,""tsubo"":571901,""yoy"":4.2,""dist"":1000,""far"":100.0,""kind"":""公示"",""asof"":""2026-01-01""},{""addr"":""東京都町田市金森東４丁目１８４０番１１１"",""use"":""1低専"",""price"":180000,""tsubo"":595041,""yoy"":4.0,""dist"":1100,""far"":80.0,""kind"":""公示"",""asof"":""2026-01-01""},{""addr"":""東京都町田市西成瀬二丁目２１５４番１１２"",""use"":""1低専"",""price"":162000,""tsubo"":535537,""yoy"":0.6,""dist"":1300,""far"":80.0,""kind"":""基準"",""asof"":""2026-07-01""}]"
戸越公園駅,2,3859504,9.75,1,3157025,1,4561983,"[{""addr"":""東京都品川区戸越五丁目１０番４"",""use"":""近商"",""price"":1380000,""tsubo"":4561983,""yoy"":10.4,""dist"":230,""far"":400.0,""kind"":""基準"",""asof"":""2026-07-01""},{""addr"":""東京都品川区豊町三丁目２８３番３内"",""use"":""1住居"",""price"":955000,""tsubo"":3157025,""yoy"":9.1,""dist"":270,""far"":200.0,""kind"":""基準"",""asof"":""2026-07-01""}]"
戸越銀座駅,4,4198347,10.8,0,,4,4198347,"[{""addr"":""東京都品川区平塚２丁目６６０番２"",""use"":""近商"",""price"":1450000,""tsubo"":4793388,""yoy"":11.5,""dist"":0,""far"":300.0,""kind"":""公示"",""asof"":""2026-01-01""},{""addr"":""東京都品川区平塚二丁目６６０番２"",""use"":""近商"",""price"":1520000,""tsubo"":5024793,""yoy"":10.1,""dist"":1,""far"":300.0,""kind"":""基準"",""asof"":""2026-07-01""},{""addr"":""東京都品川区平塚三丁目７７３番４３"",""use"":""準工"",""price"":977000,""tsubo"":3229752,""yoy"":9.8,""dist"":430,""far"":200.0,""kind"":""基準"",""asof"":""2026-07-01""},{""addr"":""東京都品川区荏原１丁目５０６番４０"",""use"":""準工"",""price"":1090000,""tsubo"":3603306,""yoy"":14.6,""dist"":470,""far"":300.0,""kind"":""公示"",""asof"":""2026-01-01""}]"
戸越駅,3,3669421,11.7,2,3466115,1,5983471,"[{""addr"":""東京都品川区戸越三丁目８６４番１０"",""use"":""商業"",""price"":1810000,""tsubo"":5983471,""yoy"":11.0,""dist"":1,""far"":500.0,""kind"":""基準"",""asof"":""2026-07-01""},{""addr"":""東京都品川区戸越３丁目８７８番１７外"",""use"":""1住居"",""price"":987000,""tsubo"":3262810,""yoy"":12.0,""dist"":120,""far"":200.0,""kind"":""公示"",""asof"":""2026-01-01""},{""addr"":""東京都品川区豊町１丁目１１３９番１６"",""use"":""1中専"",""price"":1110000,""tsubo"":3669421,""yoy"":11.7,""dist"":700,""far"":200.0,""kind"":""公示"",""asof"":""2026-01-01""}]"
扇大橋駅,6,1107438,4.55,2,1178512,4,1085950,"[{""addr"":""東京都足立区扇２丁目４３１８番４"",""use"":""近商"",""price"":535000,""tsubo"":1768595,""yoy"":0.0,""dist"":120,""far"":400.0,""kind"":""公示"",""asof"":""2026-01-01""},{""addr"":""東京都足立区扇二丁目３９５２番２外"",""use"":""1中専"",""price"":376000,""tsubo"":1242975,""yoy"":4.2,""dist"":310,""far"":200.0,""kind"":""基準"",""asof"":""2026-07-01""},{""addr"":""東京都足立区扇１丁目４７６７番７"",""use"":""1住居"",""price"":337000,""tsubo"":1114050,""yoy"":6.3,""dist"":500,""far"":200.0,""kind"":""公示"",""asof"":""2026-01-01""},{""addr"":""東京都足立区本木北町９番３５外"",""use"":""近商"",""price"":324000,""tsubo"":1071074,""yoy"":4.9,""dist"":1100,""far"":300.0,""kind"":""公示"",""asof"":""2026-01-01""},{""addr"":""東京都足立区本木北町９番３５外"",""use"":""近商"",""price"":333000,""tsubo"":1100826,""yoy"":4.1,""dist"":1100,""far"":300.0,""kind"":""基準"",""asof"":""2026-07-01""},{""addr"":""東京都足立区宮城２丁目６番３"",""use"":""工業"",""price"":227000,""tsubo"":750413,""yoy"":6.1,""dist"":1500,""far"":200.0,""kind"":""公示"",""asof"":""2026-01-01""}]"
押上〈スカイツリー前〉駅,9,2485950,13.6,2,1591735,7,3173554,"[{""addr"":""東京都墨田区業平２丁目７番８"",""use"":""商業"",""price"":960000,""tsubo"":3173554,""yoy"":13.6,""dist"":160,""far"":500.0,""kind"":""公示"",""asof"":""2026-01-01""},{""addr"":""東京都墨田区押上１丁目２４番８"",""use"":""商業"",""price"":1440000,""tsubo"":4760330,""yoy"":15.2,""dist"":200,""far"":500.0,""kind"":""公示"",""asof"":""2026-01-01""},{""addr"":""東京都墨田区横川４丁目１番１７外"",""use"":""商業"",""price"":965000,""tsubo"":3190083,""yoy"":14.7,""dist"":380,""far"":500.0,""kind"":""公示"",""asof"":""2026-01-01""},{""addr"":""東京都墨田区横川四丁目１番１７外"",""use"":""商業"",""price"":1020000,""tsubo"":3371901,""yoy"":13.2,""dist"":380,""far"":500.0,""kind"":""基準"",""asof"":""2026-07-01""},{""addr"":""東京都墨田区押上三丁目７６番１３"",""use"":""準工"",""price"":606000,""tsubo"":2003306,""yoy"":12.8,""dist"":590,""far"":200.0,""kind"":""基準"",""asof"":""2026-07-01""},{""addr"":""東京都墨田区文花一丁目３５番３"",""use"":""近商"",""price"":690000,""tsubo"":2280992,""yoy"":14.0,""dist"":600,""far"":300.0,""kind"":""基準"",""asof"":""2026-07-01""},{""addr"":""東京都墨田区横川４丁目８番２７"",""use"":""準工"",""price"":752000,""tsubo"":2485950,""yoy"":13.8,""dist"":630,""far"":300.0,""kind"":""公示"",""asof"":""2026-01-01""},{""addr"":""東京都江東区亀戸３丁目８４番７１"",""use"":""1住居"",""price"":469000,""tsubo"":1550413,""yoy"":11.1,""dist"":750,""far"":300.0,""kind"":""公示"",""asof"":""2026-01-01""},{""addr"":""東京都墨田区文花１丁目１番１３８"",""use"":""1住居"",""price"":494000,""tsubo"":1633058,""yoy"":13.6,""dist"":920,""far"":300.0,""kind"":""公示"",""asof"":""2026-01-01""}]"
押上（スカイツリー前）駅,9,2485950,13.6,2,1591735,7,3173554,"[{""addr"":""東京都墨田区業平２丁目７番８"",""use"":""商業"",""price"":960000,""tsubo"":3173554,""yoy"":13.6,""dist"":160,""far"":500.0,""kind"":""公示"",""asof"":""2026-01-01""},{""addr"":""東京都墨田区押上１丁目２４番８"",""use"":""商業"",""price"":1440000,""tsubo"":4760330,""yoy"":15.2,""dist"":200,""far"":500.0,""kind"":""公示"",""asof"":""2026-01-01""},{""addr"":""東京都墨田区横川４丁目１番１７外"",""use"":""商業"",""price"":965000,""tsubo"":3190083,""yoy"":14.7,""dist"":380,""far"":500.0,""kind"":""公示"",""asof"":""2026-01-01""},{""addr"":""東京都墨田区横川四丁目１番１７外"",""use"":""商業"",""price"":1020000,""tsubo"":3371901,""yoy"":13.2,""dist"":380,""far"":500.0,""kind"":""基準"",""asof"":""2026-07-01""},{""addr"":""東京都墨田区押上三丁目７６番１３"",""use"":""準工"",""price"":606000,""tsubo"":2003306,""yoy"":12.8,""dist"":590,""far"":200.0,""kind"":""基準"",""asof"":""2026-07-01""},{""addr"":""東京都墨田区文花一丁目３５番３"",""use"":""近商"",""price"":690000,""tsubo"":2280992,""yoy"":14.0,""dist"":600,""far"":300.0,""kind"":""基準"",""asof"":""2026-07-01""},{""addr"":""東京都墨田区横川４丁目８番２７"",""use"":""準工"",""price"":752000,""tsubo"":2485950,""yoy"":13.8,""dist"":630,""far"":300.0,""kind"":""公示"",""asof"":""2026-01-01""},{""addr"":""東京都江東区亀戸３丁目８４番７１"",""use"":""1住居"",""price"":469000,""tsubo"":1550413,""yoy"":11.1,""dist"":750,""far"":300.0,""kind"":""公示"",""asof"":""2026-01-01""},{""addr"":""東京都墨田区文花１丁目１番１３８"",""use"":""1住居"",""price"":494000,""tsubo"":1633058,""yoy"":13.6,""dist"":920,""far"":300.0,""kind"":""公示"",""asof"":""2026-01-01""}]"
拝島駅,10,616529,2.2,8,608264,2,914049,"[{""addr"":""東京都昭島市松原町四丁目３８３８番２内"",""use"":""近商"",""price"":282000,""tsubo"":932231,""yoy"":2.2,""dist"":100,""far"":300.0,""kind"":""基準"",""asof"":""2026-07-01""},{""addr"":""東京都福生市大字熊川字武蔵野１７０８番１５外"",""use"":""近商"",""price"":271000,""tsubo"":895868,""yoy"":2.3,""dist"":130,""far"":300.0,""kind"":""公示"",""asof"":""2026-01-01""},{""addr"":""東京都昭島市美堀町５丁目３８７３番１３"",""use"":""1中専"",""price"":210000,""tsubo"":694215,""yoy"":4.0,""dist"":600,""far"":200.0,""kind"":""公示"",""asof"":""2026-01-01""},{""addr"":""東京都昭島市松原町５丁目３０１６番８"",""use"":""1低専"",""price"":213000,""tsubo"":704132,""yoy"":2.4,""dist"":600,""far"":80.0,""kind"":""公示"",""asof"":""2026-01-01""},{""addr"":""東京都福生市大字熊川字武蔵野１４１４番５６"",""use"":""1低専"",""price"":157000,""tsubo"":519008,""yoy"":1.3,""dist"":700,""far"":80.0,""kind"":""基準"",""asof"":""2026-07-01""},{""addr"":""東京都福生市大字熊川字東２６２番２２"",""use"":""1低専"",""price"":182000,""tsubo"":601653,""yoy"":2.2,""dist"":800,""far"":80.0,""kind"":""公示"",""asof"":""2026-01-01""},{""addr"":""東京都昭島市緑町５丁目２７８７番１６"",""use"":""1低専"",""price"":186000,""tsubo"":614876,""yoy"":2.2,""dist"":1000,""far"":80.0,""kind"":""公示"",""asof"":""2026-01-01""},{""addr"":""東京都昭島市緑町四丁目２６０４番７"",""use"":""1低専"",""price"":187000,""tsubo"":618182,""yoy"":3.9,""dist"":1200,""far"":80.0,""kind"":""基準"",""asof"":""2026-07-01""},{""addr"":""東京都福生市大字熊川字南４３番４"",""use"":""1低専"",""price"":137000,""tsubo"":452893,""yoy"":1.5,""dist"":1300,""far"":80.0,""kind"":""公示"",""asof"":""2026-01-01""},{""addr"":""東京都昭島市拝島町２丁目１９３７番１１"",""use"":""1低専"",""price"":155000,""tsubo"":512397,""yoy"":0.0,""dist"":1400,""far"":80.0,""kind"":""公示"",""asof"":""2026-01-01""}]"
新三河島駅,3,2502479,13.2,0,,3,2502479,"[{""addr"":""東京都荒川区西日暮里６丁目５０８番２９"",""use"":""近商"",""price"":757000,""tsubo"":2502479,""yoy"":13.2,""dist"":270,""far"":300.0,""kind"":""公示"",""asof"":""2026-01-01""},{""addr"":""東京都荒川区荒川３丁目７８番６"",""use"":""商業"",""price"":1120000,""tsubo"":3702479,""yoy"":17.4,""dist"":300,""far"":500.0,""kind"":""公示"",""asof"":""2026-01-01""},{""addr"":""東京都荒川区西日暮里６丁目３４番１６"",""use"":""準工"",""price"":707000,""tsubo"":2337190,""yoy"":12.2,""dist"":480,""far"":400.0,""kind"":""公示"",""asof"":""2026-01-01""}]"
新中野駅,4,5851239,18.35,1,2819835,3,6347107,"[{""addr"":""東京都中野区本町４丁目９２番６"",""use"":""近商"",""price"":1620000,""tsubo"":5355372,""yoy"":17.4,""dist"":400,""far"":400.0,""kind"":""公示"",""asof"":""2026-01-01""},{""addr"":""東京都中野区本町六丁目５８番１６"",""use"":""1中専"",""price"":853000,""tsubo"":2819835,""yoy"":10.9,""dist"":450,""far"":200.0,""kind"":""基準"",""asof"":""2026-07-01""},{""addr"":""東京都中野区中央４丁目３４番１５"",""use"":""近商"",""price"":1920000,""tsubo"":6347107,""yoy"":19.3,""dist"":460,""far"":400.0,""kind"":""公示"",""asof"":""2026-01-01""},{""addr"":""東京都中野区中央四丁目３４番１５"",""use"":""近商"",""price"":2130000,""tsubo"":7041322,""yoy"":19.7,""dist"":460,""far"":400.0,""kind"":""基準"",""asof"":""2026-07-01""}]"
新井薬師前駅,4,2244628,8.3,3,2231405,1,3143802,"[{""addr"":""東京都中野区新井５丁目１６番２"",""use"":""商業"",""price"":951000,""tsubo"":3143802,""yoy"":12.5,""dist"":210,""far"":400.0,""kind"":""公示"",""asof"":""2026-01-01""},{""addr"":""東京都中野区上高田２丁目２２番６"",""use"":""1中専"",""price"":683000,""tsubo"":2257851,""yoy"":8.1,""dist"":350,""far"":200.0,""kind"":""公示"",""asof"":""2026-01-01""},{""addr"":""東京都中野区上高田５丁目３０番２２外"",""use"":""1低専"",""price"":599000,""tsubo"":1980165,""yoy"":7.3,""dist"":460,""far"":150.0,""kind"":""公示"",""asof"":""2026-01-01""},{""addr"":""東京都中野区上高田四丁目３４番３"",""use"":""1低専"",""price"":675000,""tsubo"":2231405,""yoy"":8.5,""dist"":620,""far"":150.0,""kind"":""基準"",""asof"":""2026-07-01""}]"
新代田駅,2,3350413,9.25,1,3196694,1,3504132,"[{""addr"":""東京都世田谷区代田五丁目８８４番１内"",""use"":""近商"",""price"":1060000,""tsubo"":3504132,""yoy"":9.5,""dist"":1,""far"":300.0,""kind"":""基準"",""asof"":""2026-07-01""},{""addr"":""東京都世田谷区代田５丁目９０１番２"",""use"":""1低専"",""price"":967000,""tsubo"":3196694,""yoy"":9.0,""dist"":300,""far"":150.0,""kind"":""公示"",""asof"":""2026-01-01""}]"
新大久保駅,3,10809917,16.9,1,3038016,2,13239669,"[{""addr"":""東京都新宿区百人町一丁目６１番５外"",""use"":""商業"",""price"":4740000,""tsubo"":15669421,""yoy"":15.6,""dist"":150,""far"":500.0,""kind"":""基準"",""asof"":""2026-07-01""},{""addr"":""東京都新宿区百人町１丁目１９３番５"",""use"":""商業"",""price"":3270000,""tsubo"":10809917,""yoy"":19.3,""dist"":160,""far"":500.0,""kind"":""公示"",""asof"":""2026-01-01""},{""addr"":""東京都新宿区大久保１丁目２１９番４"",""use"":""1住居"",""price"":919000,""tsubo"":3038016,""yoy"":16.9,""dist"":440,""far"":300.0,""kind"":""公示"",""asof"":""2026-01-01""}]"
新大塚駅,3,3305785,12.6,3,3305785,0,,"[{""addr"":""東京都文京区大塚６丁目１０７番１９"",""use"":""1住居"",""price"":986000,""tsubo"":3259504,""yoy"":12.6,""dist"":540,""far"":300.0,""kind"":""公示"",""asof"":""2026-01-01""},{""addr"":""東京都文京区大塚４丁目４１番１２６外"",""use"":""1中専"",""price"":1370000,""tsubo"":4528925,""yoy"":15.1,""dist"":650,""far"":200.0,""kind"":""公示"",""asof"":""2026-01-01""},{""addr"":""東京都豊島区南大塚１丁目１５３２番２０"",""use"":""1中専"",""price"":1000000,""tsubo"":3305785,""yoy"":11.2,""dist"":750,""far"":300.0,""kind"":""公示"",""asof"":""2026-01-01""}]"
新宿三丁目駅,9,27107437,14.3,0,,9,27107437,"[{""addr"":""東京都新宿区新宿３丁目５番２外"",""use"":""商業"",""price"":22000000,""tsubo"":72727270,""yoy"":10.0,""dist"":0,""far"":800.0,""kind"":""公示"",""asof"":""2026-01-01""},{""addr"":""東京都新宿区新宿３丁目３０番１３外"",""use"":""商業"",""price"":41500000,""tsubo"":137190078,""yoy"":7.5,""dist"":0,""far"":800.0,""kind"":""公示"",""asof"":""2026-01-01""},{""addr"":""東京都新宿区新宿三丁目５番２外"",""use"":""商業"",""price"":23200000,""tsubo"":76694212,""yoy"":7.9,""dist"":1,""far"":800.0,""kind"":""基準"",""asof"":""2026-07-01""},{""addr"":""東京都新宿区新宿三丁目１０２番１０外"",""use"":""商業"",""price"":15200000,""tsubo"":50247932,""yoy"":14.3,""dist"":120,""far"":800.0,""kind"":""基準"",""asof"":""2026-07-01""},{""addr"":""東京都新宿区新宿３丁目６番１９"",""use"":""商業"",""price"":3700000,""tsubo"":12231404,""yoy"":15.6,""dist"":130,""far"":800.0,""kind"":""公示"",""asof"":""2026-01-01""},{""addr"":""東京都新宿区新宿２丁目７８番１外"",""use"":""商業"",""price"":8200000,""tsubo"":27107437,""yoy"":13.1,""dist"":220,""far"":800.0,""kind"":""公示"",""asof"":""2026-01-01""},{""addr"":""東京都新宿区新宿２丁目１０番１３外"",""use"":""商業"",""price"":3550000,""tsubo"":11735537,""yoy"":15.3,""dist"":300,""far"":700.0,""kind"":""公示"",""asof"":""2026-01-01""},{""addr"":""東京都新宿区新宿５丁目１２７番１０４"",""use"":""商業"",""price"":1930000,""tsubo"":6380165,""yoy"":17.0,""dist"":400,""far"":600.0,""kind"":""公示"",""asof"":""2026-01-01""},{""addr"":""東京都新宿区新宿五丁目１０１７番"",""use"":""商業"",""price"":5120000,""tsubo"":16925619,""yoy"":16.4,""dist"":420,""far"":800.0,""kind"":""基準"",""asof"":""2026-07-01""}]"
新宿御苑前駅,5,8264463,15.0,1,3305785,4,10743801,"[{""addr"":""東京都新宿区新宿一丁目４番５外"",""use"":""商業"",""price"":5830000,""tsubo"":19272727,""yoy"":15.0,""dist"":90,""far"":700.0,""kind"":""基準"",""asof"":""2026-07-01""},{""addr"":""東京都新宿区新宿１丁目３１番２８"",""use"":""商業"",""price"":2300000,""tsubo"":7603306,""yoy"":15.0,""dist"":200,""far"":600.0,""kind"":""公示"",""asof"":""2026-01-01""},{""addr"":""東京都新宿区新宿一丁目３１番２８"",""use"":""商業"",""price"":2500000,""tsubo"":8264463,""yoy"":19.0,""dist"":200,""far"":600.0,""kind"":""基準"",""asof"":""2026-07-01""},{""addr"":""東京都新宿区新宿一丁目３４番１８"",""use"":""商業"",""price"":4000000,""tsubo"":13223140,""yoy"":17.6,""dist"":370,""far"":700.0,""kind"":""基準"",""asof"":""2026-07-01""},{""addr"":""東京都新宿区富久町５９番２０８"",""use"":""1中専"",""price"":1000000,""tsubo"":3305785,""yoy"":10.0,""dist"":700,""far"":300.0,""kind"":""公示"",""asof"":""2026-01-01""}]"
新宿駅,18,35702478,7.4,0,,18,35702478,"[{""addr"":""東京都新宿区西新宿１丁目７番３"",""use"":""商業"",""price"":23300000,""tsubo"":77024790,""yoy"":5.0,""dist"":0,""far"":1000.0,""kind"":""公示"",""asof"":""2026-01-01""},{""addr"":""東京都新宿区新宿３丁目８０７番１外"",""use"":""商業"",""price"":42000000,""tsubo"":138842970,""yoy"":5.0,""dist"":0,""far"":900.0,""kind"":""公示"",""asof"":""2026-01-01""},{""addr"":""東京都新宿区新宿３丁目１０７番１４"",""use"":""商業"",""price"":20200000,""tsubo"":66776857,""yoy"":9.2,""dist"":150,""far"":800.0,""kind"":""公示"",""asof"":""2026-01-01""},{""addr"":""東京都新宿区西新宿一丁目１８番２"",""use"":""商業"",""price"":23700000,""tsubo"":78347104,""yoy"":6.3,""dist"":170,""far"":1000.0,""kind"":""基準"",""asof"":""2026-07-01""},{""addr"":""東京都新宿区新宿三丁目８０２番６外"",""use"":""商業"",""price"":20100000,""tsubo"":66446279,""yoy"":8.1,""dist"":200,""far"":900.0,""kind"":""基準"",""asof"":""2026-07-01""},{""addr"":""東京都新宿区歌舞伎町一丁目１８番１１外"",""use"":""商業"",""price"":11500000,""tsubo"":38016528,""yoy"":20.0,""dist"":340,""far"":900.0,""kind"":""基準"",""asof"":""2026-07-01""},{""addr"":""東京都新宿区西新宿１丁目１２番１７"",""use"":""商業"",""price"":9050000,""tsubo"":29917354,""yoy"":10.6,""dist"":350,""far"":1000.0,""kind"":""公示"",""asof"":""2026-01-01""},{""addr"":""東京都渋谷区代々木２丁目１１番１３外"",""use"":""商業"",""price"":11100000,""tsubo"":36694214,""yoy"":4.7,""dist"":400,""far"":800.0,""kind"":""公示"",""asof"":""2026-01-01""},{""addr"":""東京都新宿区西新宿７丁目７３７番１４外"",""use"":""商業"",""price"":7800000,""tsubo"":25785123,""yoy"":6.3,""dist"":410,""far"":700.0,""kind"":""公示"",""asof"":""2026-01-01""},{""addr"":""東京都渋谷区千駄ケ谷五丁目３２番５外"",""use"":""商業"",""price"":10500000,""tsubo"":34710742,""yoy"":9.5,""dist"":430,""far"":600.0,""kind"":""基準"",""asof"":""2026-07-01""}]"
新富町駅,4,11785123,18.6,0,,4,11785123,"[{""addr"":""東京都中央区入船３丁目１番１外"",""use"":""商業"",""price"":3690000,""tsubo"":12198347,""yoy"":18.6,""dist"":120,""far"":700.0,""kind"":""公示"",""asof"":""2026-01-01""},{""addr"":""東京都中央区新富１丁目５番１"",""use"":""商業"",""price"":3440000,""tsubo"":11371900,""yoy"":18.6,""dist"":190,""far"":600.0,""kind"":""公示"",""asof"":""2026-01-01""},{""addr"":""東京都中央区新富一丁目５番１"",""use"":""商業"",""price"":3700000,""tsubo"":12231404,""yoy"":16.0,""dist"":190,""far"":600.0,""kind"":""基準"",""asof"":""2026-07-01""},{""addr"":""東京都中央区入船３丁目１５番１外"",""use"":""商業"",""price"":2270000,""tsubo"":7504132,""yoy"":19.5,""dist"":210,""far"":500.0,""kind"":""公示"",""asof"":""2026-01-01""}]"
新小岩駅,15,1553719,7.5,8,1457851,7,1652892,"[{""addr"":""東京都葛飾区西新小岩１丁目７４９番３"",""use"":""商業"",""price"":905000,""tsubo"":2991735,""yoy"":12.4,""dist"":190,""far"":400.0,""kind"":""公示"",""asof"":""2026-01-01""},{""addr"":""東京都葛飾区新小岩二丁目１２６８番３外"",""use"":""商業"",""price"":1190000,""tsubo"":3933884,""yoy"":10.2,""dist"":190,""far"":500.0,""kind"":""基準"",""asof"":""2026-07-01""},{""addr"":""東京都葛飾区新小岩１丁目１３５５番３"",""use"":""商業"",""price"":1980000,""tsubo"":6545454,""yoy"":11.2,""dist"":200,""far"":500.0,""kind"":""公示"",""asof"":""2026-01-01""},{""addr"":""東京都葛飾区新小岩３丁目１０７９番３"",""use"":""1住居"",""price"":529000,""tsubo"":1748760,""yoy"":7.5,""dist"":630,""far"":300.0,""kind"":""公示"",""asof"":""2026-01-01""},{""addr"":""東京都葛飾区東新小岩５丁目４６２番１"",""use"":""1住居"",""price"":466000,""tsubo"":1540496,""yoy"":7.9,""dist"":640,""far"":200.0,""kind"":""公示"",""asof"":""2026-01-01""},{""addr"":""東京都江戸川区松島４丁目１１１２番２"",""use"":""1住居"",""price"":518000,""tsubo"":1712397,""yoy"":6.6,""dist"":700,""far"":300.0,""kind"":""公示"",""asof"":""2026-01-01""},{""addr"":""東京都葛飾区新小岩４丁目４２０番４"",""use"":""1住居"",""price"":479000,""tsubo"":1583471,""yoy"":6.4,""dist"":710,""far"":300.0,""kind"":""公示"",""asof"":""2026-01-01""},{""addr"":""東京都葛飾区西新小岩四丁目１６３番７外"",""use"":""準工"",""price"":468000,""tsubo"":1547107,""yoy"":7.6,""dist"":790,""far"":200.0,""kind"":""基準"",""asof"":""2026-07-01""},{""addr"":""東京都葛飾区東新小岩６丁目７９０番２"",""use"":""近商"",""price"":470000,""tsubo"":1553719,""yoy"":8.0,""dist"":890,""far"":300.0,""kind"":""公示"",""asof"":""2026-01-01""},{""addr"":""東京都江戸川区本一色１丁目５番２１外"",""use"":""1住居"",""price"":385000,""tsubo"":1272727,""yoy"":5.5,""dist"":1100,""far"":200.0,""kind"":""公示"",""asof"":""2026-01-01""}]"
新小平駅,2,795041,3.45,2,795041,0,,"[{""addr"":""東京都小平市小川東町５丁目２００５番１２"",""use"":""1低専"",""price"":246000,""tsubo"":813223,""yoy"":3.4,""dist"":500,""far"":80.0,""kind"":""公示"",""asof"":""2026-01-01""},{""addr"":""東京都小平市小川町２丁目１１６６番６"",""use"":""1低専"",""price"":235000,""tsubo"":776859,""yoy"":3.5,""dist"":550,""far"":80.0,""kind"":""公示"",""asof"":""2026-01-01""}]"
新小金井駅,3,1236364,4.7,2,1173554,1,1457851,"[{""addr"":""東京都小金井市東町４丁目１６４７番１４"",""use"":""近商"",""price"":441000,""tsubo"":1457851,""yoy"":7.3,""dist"":130,""far"":300.0,""kind"":""公示"",""asof"":""2026-01-01""},{""addr"":""東京都小金井市東町５丁目１６６番５"",""use"":""1低専"",""price"":336000,""tsubo"":1110744,""yoy"":4.7,""dist"":700,""far"":80.0,""kind"":""公示"",""asof"":""2026-01-01""},{""addr"":""東京都小金井市東町一丁目３５番１３外"",""use"":""1低専"",""price"":374000,""tsubo"":1236364,""yoy"":3.9,""dist"":750,""far"":100.0,""kind"":""基準"",""asof"":""2026-07-01""}]"
新御徒町駅,4,6231404,19.7,0,,4,6231404,"[{""addr"":""東京都台東区元浅草一丁目４６番２"",""use"":""商業"",""price"":2020000,""tsubo"":6677686,""yoy"":20.2,""dist"":110,""far"":600.0,""kind"":""基準"",""asof"":""2026-07-01""},{""addr"":""東京都台東区小島１丁目５番４"",""use"":""商業"",""price"":1190000,""tsubo"":3933884,""yoy"":19.1,""dist"":310,""far"":600.0,""kind"":""公示"",""asof"":""2026-01-01""},{""addr"":""東京都台東区三筋２丁目３番５外"",""use"":""商業"",""price"":1800000,""tsubo"":5950413,""yoy"":20.0,""dist"":360,""far"":600.0,""kind"":""公示"",""asof"":""2026-01-01""},{""addr"":""東京都台東区三筋二丁目３番５外"",""use"":""商業"",""price"":1970000,""tsubo"":6512396,""yoy"":19.4,""dist"":360,""far"":600.0,""kind"":""基準"",""asof"":""2026-07-01""}]"
新御茶ノ水駅,1,7735537,18.8,0,,1,7735537,"[{""addr"":""東京都千代田区神田駿河台３丁目３番１７"",""use"":""商業"",""price"":2340000,""tsubo"":7735537,""yoy"":18.8,""dist"":140,""far"":500.0,""kind"":""公示"",""asof"":""2026-01-01""}]"
新日本橋駅,5,24033057,11.0,0,,5,24033057,"[{""addr"":""東京都中央区日本橋本町４丁目１５番３"",""use"":""商業"",""price"":7270000,""tsubo"":24033057,""yoy"":11.0,""dist"":0,""far"":800.0,""kind"":""公示"",""asof"":""2026-01-01""},{""addr"":""東京都中央区日本橋本町四丁目１５番３"",""use"":""商業"",""price"":7630000,""tsubo"":25223140,""yoy"":10.6,""dist"":1,""far"":800.0,""kind"":""基準"",""asof"":""2026-07-01""},{""addr"":""東京都中央区日本橋本町３丁目７番５外"",""use"":""商業"",""price"":4440000,""tsubo"":14677685,""yoy"":18.1,""dist"":110,""far"":700.0,""kind"":""公示"",""asof"":""2026-01-01""},{""addr"":""東京都中央区日本橋本町４丁目９番５外"",""use"":""商業"",""price"":8710000,""tsubo"":28793387,""yoy"":6.7,""dist"":150,""far"":800.0,""kind"":""公示"",""asof"":""2026-01-01""},{""addr"":""東京都中央区日本橋室町４丁目３番１２"",""use"":""商業"",""price"":3420000,""tsubo"":11305785,""yoy"":14.4,""dist"":200,""far"":600.0,""kind"":""公示"",""asof"":""2026-01-01""}]"
新木場駅,1,1752066,17.8,0,,1,1752066,"[{""addr"":""東京都江東区新木場四丁目１２番１２"",""use"":""工専"",""price"":530000,""tsubo"":1752066,""yoy"":17.8,""dist"":1300,""far"":200.0,""kind"":""基準"",""asof"":""2026-07-01""}]"
新板橋駅,2,3363636,14.8,1,2528926,1,4198347,"[{""addr"":""東京都板橋区板橋１丁目４８番２６"",""use"":""商業"",""price"":1270000,""tsubo"":4198347,""yoy"":17.6,""dist"":60,""far"":600.0,""kind"":""公示"",""asof"":""2026-01-01""},{""addr"":""東京都板橋区板橋四丁目３３９２番６"",""use"":""1中専"",""price"":765000,""tsubo"":2528926,""yoy"":12.0,""dist"":290,""far"":300.0,""kind"":""基準"",""asof"":""2026-07-01""}]"
新柴又駅,3,1338843,5.3,2,1289256,1,1557025,"[{""addr"":""東京都葛飾区柴又５丁目６０２番１外"",""use"":""近商"",""price"":471000,""tsubo"":1557025,""yoy"":8.3,""dist"":70,""far"":300.0,""kind"":""公示"",""asof"":""2026-01-01""},{""addr"":""東京都葛飾区柴又六丁目６２９番２外"",""use"":""1中専"",""price"":375000,""tsubo"":1239669,""yoy"":5.3,""dist"":300,""far"":200.0,""kind"":""基準"",""asof"":""2026-07-01""},{""addr"":""東京都葛飾区柴又四丁目３２０番３９"",""use"":""2低専"",""price"":405000,""tsubo"":1338843,""yoy"":5.2,""dist"":320,""far"":200.0,""kind"":""基準"",""asof"":""2026-07-01""}]"
新桜台駅,2,1885950,7.85,2,1885950,0,,"[{""addr"":""東京都練馬区桜台２丁目２４番２８"",""use"":""1低専"",""price"":573000,""tsubo"":1894215,""yoy"":7.9,""dist"":460,""far"":150.0,""kind"":""公示"",""asof"":""2026-01-01""},{""addr"":""東京都練馬区羽沢２丁目２４番３９"",""use"":""1低専"",""price"":568000,""tsubo"":1877686,""yoy"":7.8,""dist"":630,""far"":150.0,""kind"":""公示"",""asof"":""2026-01-01""}]"
新橋駅,7,27371900,16.7,0,,7,27371900,"[{""addr"":""東京都港区新橋２丁目２６番２外"",""use"":""商業"",""price"":10100000,""tsubo"":33388429,""yoy"":6.2,""dist"":90,""far"":700.0,""kind"":""公示"",""asof"":""2026-01-01""},{""addr"":""東京都港区新橋３丁目１２番２"",""use"":""商業"",""price"":2710000,""tsubo"":8958677,""yoy"":20.4,""dist"":120,""far"":700.0,""kind"":""公示"",""asof"":""2026-01-01""},{""addr"":""東京都港区新橋２丁目８番５外"",""use"":""商業"",""price"":12800000,""tsubo"":42314048,""yoy"":4.1,""dist"":140,""far"":1000.0,""kind"":""公示"",""asof"":""2026-01-01""},{""addr"":""東京都中央区銀座８丁目１０９番７"",""use"":""商業"",""price"":15200000,""tsubo"":50247932,""yoy"":6.3,""dist"":200,""far"":700.0,""kind"":""公示"",""asof"":""2026-01-01""},{""addr"":""東京都港区新橋１丁目３０番９"",""use"":""商業"",""price"":8280000,""tsubo"":27371900,""yoy"":16.8,""dist"":260,""far"":800.0,""kind"":""公示"",""asof"":""2026-01-01""},{""addr"":""東京都港区新橋３丁目２８番１３"",""use"":""商業"",""price"":7740000,""tsubo"":25586776,""yoy"":16.7,""dist"":280,""far"":700.0,""kind"":""公示"",""asof"":""2026-01-01""},{""addr"":""東京都港区新橋五丁目２番３外"",""use"":""商業"",""price"":7540000,""tsubo"":24925619,""yoy"":16.9,""dist"":480,""far"":700.0,""kind"":""基準"",""asof"":""2026-07-01""}]"
新江古田駅,6,2133884,7.75,5,2085950,1,3143802,"[{""addr"":""東京都練馬区豊玉北一丁目８番１０外"",""use"":""近商"",""price"":951000,""tsubo"":3143802,""yoy"":9.6,""dist"":140,""far"":300.0,""kind"":""基準"",""asof"":""2026-07-01""},{""addr"":""東京都中野区江原町三丁目２４番８"",""use"":""1低専"",""price"":670000,""tsubo"":2214876,""yoy"":8.8,""dist"":300,""far"":150.0,""kind"":""基準"",""asof"":""2026-07-01""},{""addr"":""東京都練馬区豊玉上１丁目１６番９"",""use"":""1中専"",""price"":631000,""tsubo"":2085950,""yoy"":7.7,""dist"":360,""far"":200.0,""kind"":""公示"",""asof"":""2026-01-01""},{""addr"":""東京都練馬区豊玉北２丁目５番２"",""use"":""1中専"",""price"":606000,""tsubo"":2003306,""yoy"":7.6,""dist"":420,""far"":200.0,""kind"":""公示"",""asof"":""2026-01-01""},{""addr"":""東京都中野区江原町１丁目６５番１３"",""use"":""1低専"",""price"":660000,""tsubo"":2181818,""yoy"":7.7,""dist"":610,""far"":150.0,""kind"":""公示"",""asof"":""2026-01-01""},{""addr"":""東京都練馬区豊玉中１丁目１０９１番６"",""use"":""1低専"",""price"":509000,""tsubo"":1682645,""yoy"":7.8,""dist"":1100,""far"":150.0,""kind"":""公示"",""asof"":""2026-01-01""}]"
新秋津駅,8,633058,3.2,6,606611,2,917355,"[{""addr"":""東京都東村山市秋津町５丁目１３番７"",""use"":""近商"",""price"":358000,""tsubo"":1183471,""yoy"":3.5,""dist"":0,""far"":200.0,""kind"":""公示"",""asof"":""2026-01-01""},{""addr"":""東京都東村山市秋津町５丁目１７番２７"",""use"":""1低専"",""price"":242000,""tsubo"":800000,""yoy"":3.9,""dist"":270,""far"":100.0,""kind"":""公示"",""asof"":""2026-01-01""},{""addr"":""東京都東村山市秋津町４丁目４０番３９外"",""use"":""1低専"",""price"":212000,""tsubo"":700826,""yoy"":3.4,""dist"":500,""far"":100.0,""kind"":""公示"",""asof"":""2026-01-01""},{""addr"":""東京都東村山市秋津町２丁目２５番１外"",""use"":""準工"",""price"":197000,""tsubo"":651240,""yoy"":3.1,""dist"":1300,""far"":200.0,""kind"":""公示"",""asof"":""2026-01-01""},{""addr"":""東京都東村山市青葉町三丁目２４番３３"",""use"":""1低専"",""price"":181000,""tsubo"":598347,""yoy"":2.8,""dist"":1300,""far"":100.0,""kind"":""基準"",""asof"":""2026-07-01""},{""addr"":""東京都東村山市秋津町三丁目３３番２１"",""use"":""1低専"",""price"":181000,""tsubo"":598347,""yoy"":2.8,""dist"":1400,""far"":100.0,""kind"":""基準"",""asof"":""2026-07-01""},{""addr"":""東京都東村山市久米川町１丁目４０番３２"",""use"":""1低専"",""price"":186000,""tsubo"":614876,""yoy"":3.3,""dist"":1500,""far"":100.0,""kind"":""公示"",""asof"":""2026-01-01""},{""addr"":""東京都東村山市青葉町３丁目１２番４０"",""use"":""1低専"",""price"":171000,""tsubo"":565289,""yoy"":3.0,""dist"":1500,""far"":100.0,""kind"":""公示"",""asof"":""2026-01-01""}]"
新馬場駅,3,2981818,11.9,1,2760330,2,3193388,"[{""addr"":""東京都品川区南品川１丁目２１８番３"",""use"":""1住居"",""price"":835000,""tsubo"":2760330,""yoy"":11.9,""dist"":350,""far"":300.0,""kind"":""公示"",""asof"":""2026-01-01""},{""addr"":""東京都品川区南品川４丁目５３４番２０"",""use"":""近商"",""price"":1030000,""tsubo"":3404959,""yoy"":17.2,""dist"":350,""far"":300.0,""kind"":""公示"",""asof"":""2026-01-01""},{""addr"":""東京都品川区南品川４丁目４８８番４"",""use"":""準工"",""price"":902000,""tsubo"":2981818,""yoy"":11.8,""dist"":430,""far"":300.0,""kind"":""公示"",""asof"":""2026-01-01""}]"
新高円寺駅,4,2735537,12.75,2,2274380,2,3284297,"[{""addr"":""東京都杉並区高円寺南２丁目２２０番１７外"",""use"":""近商"",""price"":1080000,""tsubo"":3570248,""yoy"":17.4,""dist"":150,""far"":300.0,""kind"":""公示"",""asof"":""2026-01-01""},{""addr"":""東京都杉並区高円寺南３丁目１９１番１４"",""use"":""1低専"",""price"":748000,""tsubo"":2472727,""yoy"":8.6,""dist"":410,""far"":150.0,""kind"":""公示"",""asof"":""2026-01-01""},{""addr"":""東京都杉並区松ノ木３丁目１１３４番４９"",""use"":""1低専"",""price"":628000,""tsubo"":2076033,""yoy"":8.1,""dist"":690,""far"":100.0,""kind"":""公示"",""asof"":""2026-01-01""},{""addr"":""東京都杉並区成田東３丁目１３７番２７"",""use"":""近商"",""price"":907000,""tsubo"":2998347,""yoy"":16.9,""dist"":1100,""far"":300.0,""kind"":""公示"",""asof"":""2026-01-01""}]"
新高島平駅,2,1309090,2.8,2,1309090,0,,"[{""addr"":""東京都板橋区高島平７丁目２９番９"",""use"":""1中専"",""price"":398000,""tsubo"":1315702,""yoy"":0.0,""dist"":480,""far"":200.0,""kind"":""公示"",""asof"":""2026-01-01""},{""addr"":""東京都板橋区赤塚８丁目４番３５"",""use"":""1中専"",""price"":394000,""tsubo"":1302479,""yoy"":5.6,""dist"":1400,""far"":200.0,""kind"":""公示"",""asof"":""2026-01-01""}]"
方南町駅,10,2565289,9.6,6,2327272,4,3917355,"[{""addr"":""東京都杉並区方南２丁目５２５番３"",""use"":""商業"",""price"":1280000,""tsubo"":4231405,""yoy"":17.4,""dist"":90,""far"":400.0,""kind"":""公示"",""asof"":""2026-01-01""},{""addr"":""東京都杉並区和泉４丁目３１６番７０"",""use"":""1中専"",""price"":693000,""tsubo"":2290909,""yoy"":8.6,""dist"":270,""far"":200.0,""kind"":""公示"",""asof"":""2026-01-01""},{""addr"":""東京都杉並区和泉４丁目２５６番６"",""use"":""近商"",""price"":1090000,""tsubo"":3603306,""yoy"":18.5,""dist"":390,""far"":400.0,""kind"":""公示"",""asof"":""2026-01-01""},{""addr"":""東京都杉並区堀ノ内二丁目６４４番４"",""use"":""2住居"",""price"":715000,""tsubo"":2363636,""yoy"":8.3,""dist"":440,""far"":200.0,""kind"":""基準"",""asof"":""2026-07-01""},{""addr"":""東京都杉並区堀ノ内二丁目１番１１"",""use"":""近商"",""price"":1300000,""tsubo"":4297520,""yoy"":17.1,""dist"":610,""far"":400.0,""kind"":""基準"",""asof"":""2026-07-01""},{""addr"":""東京都中野区南台三丁目４５番７"",""use"":""1中専"",""price"":741000,""tsubo"":2449587,""yoy"":10.6,""dist"":700,""far"":200.0,""kind"":""基準"",""asof"":""2026-07-01""},{""addr"":""東京都杉並区方南一丁目２１４番５外"",""use"":""1低専"",""price"":660000,""tsubo"":2181818,""yoy"":8.0,""dist"":740,""far"":150.0,""kind"":""基準"",""asof"":""2026-07-01""},{""addr"":""東京都中野区南台３丁目１６番９"",""use"":""1中専"",""price"":811000,""tsubo"":2680992,""yoy"":8.6,""dist"":930,""far"":200.0,""kind"":""公示"",""asof"":""2026-01-01""},{""addr"":""東京都中野区南台三丁目６３番３７"",""use"":""近商"",""price"":925000,""tsubo"":3057851,""yoy"":12.8,""dist"":1000,""far"":300.0,""kind"":""基準"",""asof"":""2026-07-01""},{""addr"":""東京都杉並区堀ノ内１丁目４１２番３１外"",""use"":""1低専"",""price"":564000,""tsubo"":1864463,""yoy"":7.2,""dist"":1100,""far"":80.0,""kind"":""公示"",""asof"":""2026-01-01""}]"
旗の台駅,3,4198347,10.6,1,2760330,2,4231405,"[{""addr"":""東京都品川区旗の台三丁目９６４番５"",""use"":""近商"",""price"":1290000,""tsubo"":4264463,""yoy"":9.3,""dist"":60,""far"":400.0,""kind"":""基準"",""asof"":""2026-07-01""},{""addr"":""東京都品川区旗の台５丁目１２４５番６"",""use"":""1中専"",""price"":835000,""tsubo"":2760330,""yoy"":10.6,""dist"":380,""far"":200.0,""kind"":""公示"",""asof"":""2026-01-01""},{""addr"":""東京都品川区旗の台１丁目１６１番２３"",""use"":""商業"",""price"":1270000,""tsubo"":4198347,""yoy"":16.5,""dist"":640,""far"":400.0,""kind"":""公示"",""asof"":""2026-01-01""}]"
日向和田駅,2,205289,0.3,2,205289,0,,"[{""addr"":""東京都青梅市梅郷５丁目９９１番４"",""use"":""1低専"",""price"":63000,""tsubo"":208264,""yoy"":0.3,""dist"":680,""far"":80.0,""kind"":""公示"",""asof"":""2026-01-01""},{""addr"":""東京都青梅市梅郷四丁目６０８番７"",""use"":""1低専"",""price"":61200,""tsubo"":202314,""yoy"":0.3,""dist"":900,""far"":80.0,""kind"":""基準"",""asof"":""2026-07-01""}]"
日暮里駅,6,5388429,18.15,0,,6,5388429,"[{""addr"":""東京都荒川区東日暮里５丁目５１番１２"",""use"":""商業"",""price"":3110000,""tsubo"":10280991,""yoy"":18.7,""dist"":200,""far"":700.0,""kind"":""公示"",""asof"":""2026-01-01""},{""addr"":""東京都荒川区西日暮里２丁目４１７番９"",""use"":""商業"",""price"":1560000,""tsubo"":5157025,""yoy"":16.4,""dist"":200,""far"":700.0,""kind"":""公示"",""asof"":""2026-01-01""},{""addr"":""東京都荒川区西日暮里二丁目４１３番１０"",""use"":""商業"",""price"":2790000,""tsubo"":9223140,""yoy"":19.7,""dist"":260,""far"":700.0,""kind"":""基準"",""asof"":""2026-07-01""},{""addr"":""東京都荒川区東日暮里５丁目２４番１"",""use"":""商業"",""price"":1700000,""tsubo"":5619834,""yoy"":18.1,""dist"":540,""far"":500.0,""kind"":""公示"",""asof"":""2026-01-01""},{""addr"":""東京都荒川区東日暮里６丁目７７７番１"",""use"":""準工"",""price"":924000,""tsubo"":3054545,""yoy"":18.2,""dist"":580,""far"":300.0,""kind"":""公示"",""asof"":""2026-01-01""},{""addr"":""東京都荒川区東日暮里５丁目５番１３"",""use"":""準工"",""price"":778000,""tsubo"":2571901,""yoy"":13.1,""dist"":700,""far"":400.0,""kind"":""公示"",""asof"":""2026-01-01""}]"
日本橋駅,5,34710742,9.0,0,,5,34710742,"[{""addr"":""東京都中央区日本橋２丁目１番１外"",""use"":""商業"",""price"":22700000,""tsubo"":75041320,""yoy"":3.2,""dist"":0,""far"":800.0,""kind"":""公示"",""asof"":""2026-01-01""},{""addr"":""東京都中央区日本橋二丁目３番８外"",""use"":""商業"",""price"":12900000,""tsubo"":42644626,""yoy"":14.2,""dist"":150,""far"":700.0,""kind"":""基準"",""asof"":""2026-07-01""},{""addr"":""東京都中央区八重洲１丁目１０５番９"",""use"":""商業"",""price"":10500000,""tsubo"":34710742,""yoy"":9.6,""dist"":160,""far"":800.0,""kind"":""公示"",""asof"":""2026-01-01""},{""addr"":""東京都中央区日本橋３丁目２番３外"",""use"":""商業"",""price"":7230000,""tsubo"":23900826,""yoy"":9.0,""dist"":200,""far"":700.0,""kind"":""公示"",""asof"":""2026-01-01""},{""addr"":""東京都中央区日本橋３丁目１１番１"",""use"":""商業"",""price"":9790000,""tsubo"":32363635,""yoy"":7.3,""dist"":330,""far"":800.0,""kind"":""公示"",""asof"":""2026-01-01""}]"
日比谷駅,2,44710742,5.7,0,,2,44710742,"[{""addr"":""東京都千代田区有楽町１丁目１２番２"",""use"":""商業"",""price"":22000000,""tsubo"":72727270,""yoy"":1.4,""dist"":100,""far"":900.0,""kind"":""公示"",""asof"":""2026-01-01""},{""addr"":""東京都千代田区有楽町１丁目１４番１６外"",""use"":""商業"",""price"":5050000,""tsubo"":16694214,""yoy"":10.0,""dist"":160,""far"":900.0,""kind"":""公示"",""asof"":""2026-01-01""}]"
日野駅,14,922314,5.25,10,909091,4,1297520,"[{""addr"":""東京都日野市大坂上１丁目３２番２"",""use"":""商業"",""price"":470000,""tsubo"":1553719,""yoy"":4.4,""dist"":0,""far"":400.0,""kind"":""公示"",""asof"":""2026-01-01""},{""addr"":""東京都日野市日野本町三丁目１１番９外"",""use"":""商業"",""price"":515000,""tsubo"":1702479,""yoy"":3.0,""dist"":1,""far"":400.0,""kind"":""基準"",""asof"":""2026-07-01""},{""addr"":""東京都日野市日野本町２丁目１８番１１"",""use"":""近商"",""price"":315000,""tsubo"":1041322,""yoy"":5.7,""dist"":350,""far"":200.0,""kind"":""公示"",""asof"":""2026-01-01""},{""addr"":""東京都日野市日野本町２丁目６番１４"",""use"":""1低専"",""price"":305000,""tsubo"":1008264,""yoy"":4.8,""dist"":500,""far"":100.0,""kind"":""公示"",""asof"":""2026-01-01""},{""addr"":""東京都日野市大坂上一丁目６番９"",""use"":""1低専"",""price"":283000,""tsubo"":935537,""yoy"":4.0,""dist"":530,""far"":100.0,""kind"":""基準"",""asof"":""2026-07-01""},{""addr"":""東京都日野市栄町２丁目１４番４"",""use"":""1低専"",""price"":275000,""tsubo"":909091,""yoy"":5.0,""dist"":560,""far"":80.0,""kind"":""公示"",""asof"":""2026-01-01""},{""addr"":""東京都日野市新町２丁目５番５８"",""use"":""1低専"",""price"":223000,""tsubo"":737190,""yoy"":4.7,""dist"":750,""far"":80.0,""kind"":""公示"",""asof"":""2026-01-01""},{""addr"":""東京都日野市神明４丁目２４番４"",""use"":""1低専"",""price"":288000,""tsubo"":952066,""yoy"":5.1,""dist"":800,""far"":100.0,""kind"":""公示"",""asof"":""2026-01-01""},{""addr"":""東京都日野市栄町四丁目１１番１０外"",""use"":""1低専"",""price"":240000,""tsubo"":793388,""yoy"":5.7,""dist"":800,""far"":80.0,""kind"":""基準"",""asof"":""2026-07-01""},{""addr"":""東京都日野市神明四丁目２４番４"",""use"":""1低専"",""price"":298000,""tsubo"":985124,""yoy"":5.7,""dist"":800,""far"":100.0,""kind"":""基準"",""asof"":""2026-07-01""}]"
早稲田駅,5,4628099,13.6,2,3457851,3,6380165,"[{""addr"":""東京都新宿区馬場下町６２番１７外"",""use"":""近商"",""price"":2320000,""tsubo"":7669421,""yoy"":11.5,""dist"":70,""far"":400.0,""kind"":""公示"",""asof"":""2026-01-01""},{""addr"":""東京都新宿区早稲田鶴巻町５２３番６"",""use"":""2住居"",""price"":1130000,""tsubo"":3735537,""yoy"":13.6,""dist"":300,""far"":400.0,""kind"":""公示"",""asof"":""2026-01-01""},{""addr"":""東京都新宿区喜久井町３４番５８"",""use"":""1中専"",""price"":962000,""tsubo"":3180165,""yoy"":11.2,""dist"":620,""far"":300.0,""kind"":""公示"",""asof"":""2026-01-01""},{""addr"":""東京都新宿区山吹町３３１番８"",""use"":""商業"",""price"":1930000,""tsubo"":6380165,""yoy"":17.0,""dist"":680,""far"":500.0,""kind"":""公示"",""asof"":""2026-01-01""},{""addr"":""東京都新宿区西早稲田１丁目４１０番１６０外"",""use"":""商業"",""price"":1400000,""tsubo"":4628099,""yoy"":18.6,""dist"":840,""far"":500.0,""kind"":""公示"",""asof"":""2026-01-01""}]"
明大前駅,3,2733884,8.2,2,2722314,1,4000000,"[{""addr"":""東京都世田谷区松原１丁目６４６番１７"",""use"":""商業"",""price"":1210000,""tsubo"":4000000,""yoy"":11.0,""dist"":90,""far"":400.0,""kind"":""公示"",""asof"":""2026-01-01""},{""addr"":""東京都世田谷区松原１丁目１２３番４８"",""use"":""1低専"",""price"":820000,""tsubo"":2710744,""yoy"":8.2,""dist"":500,""far"":150.0,""kind"":""公示"",""asof"":""2026-01-01""},{""addr"":""東京都世田谷区松原二丁目７１４番６"",""use"":""1低専"",""price"":827000,""tsubo"":2733884,""yoy"":7.7,""dist"":550,""far"":150.0,""kind"":""基準"",""asof"":""2026-07-01""}]"
明治神宮前〈原宿〉駅,3,38016528,9.5,0,,3,38016528,"[{""addr"":""東京都渋谷区神宮前４丁目２６番４３外"",""use"":""商業"",""price"":29900000,""tsubo"":98842972,""yoy"":4.9,""dist"":150,""far"":500.0,""kind"":""公示"",""asof"":""2026-01-01""},{""addr"":""東京都渋谷区神宮前六丁目７番１０"",""use"":""近商"",""price"":8450000,""tsubo"":27933883,""yoy"":11.9,""dist"":300,""far"":300.0,""kind"":""基準"",""asof"":""2026-07-01""},{""addr"":""東京都渋谷区神宮前六丁目１８番１０外"",""use"":""商業"",""price"":11500000,""tsubo"":38016528,""yoy"":9.5,""dist"":400,""far"":500.0,""kind"":""基準"",""asof"":""2026-07-01""}]"
春日駅,7,5719008,14.6,3,5322314,4,11355371,"[{""addr"":""東京都文京区小石川１丁目２番５外"",""use"":""商業"",""price"":4250000,""tsubo"":14049586,""yoy"":21.4,""dist"":0,""far"":600.0,""kind"":""公示"",""asof"":""2026-01-01""},{""addr"":""東京都文京区小石川一丁目２番５外"",""use"":""商業"",""price"":4670000,""tsubo"":15438016,""yoy"":21.3,""dist"":1,""far"":600.0,""kind"":""基準"",""asof"":""2026-07-01""},{""addr"":""東京都文京区小石川２丁目３０番１４外"",""use"":""商業"",""price"":2620000,""tsubo"":8661157,""yoy"":18.6,""dist"":260,""far"":600.0,""kind"":""公示"",""asof"":""2026-01-01""},{""addr"":""東京都文京区西片１丁目１０番２７２"",""use"":""1低専"",""price"":1610000,""tsubo"":5322314,""yoy"":12.6,""dist"":460,""far"":150.0,""kind"":""公示"",""asof"":""2026-01-01""},{""addr"":""東京都文京区西片一丁目１０番２７２"",""use"":""1低専"",""price"":1730000,""tsubo"":5719008,""yoy"":14.6,""dist"":460,""far"":150.0,""kind"":""基準"",""asof"":""2026-07-01""},{""addr"":""東京都文京区小石川３丁目７９番６７"",""use"":""1中専"",""price"":1130000,""tsubo"":3735537,""yoy"":11.9,""dist"":600,""far"":300.0,""kind"":""公示"",""asof"":""2026-01-01""},{""addr"":""東京都文京区白山２丁目１３番１５"",""use"":""準工"",""price"":920000,""tsubo"":3041322,""yoy"":12.3,""dist"":780,""far"":300.0,""kind"":""公示"",""asof"":""2026-01-01""}]"
昭島駅,10,828099,4.0,8,737190,2,1603305,"[{""addr"":""東京都昭島市昭和町５丁目２２８番８"",""use"":""商業"",""price"":483000,""tsubo"":1596694,""yoy"":3.2,""dist"":0,""far"":400.0,""kind"":""公示"",""asof"":""2026-01-01""},{""addr"":""東京都昭島市昭和町五丁目２２８番８"",""use"":""商業"",""price"":487000,""tsubo"":1609917,""yoy"":2.5,""dist"":0,""far"":400.0,""kind"":""基準"",""asof"":""2026-07-01""},{""addr"":""東京都昭島市昭和町４丁目２５０番４２"",""use"":""1住居"",""price"":275000,""tsubo"":909091,""yoy"":3.4,""dist"":480,""far"":200.0,""kind"":""公示"",""asof"":""2026-01-01""},{""addr"":""東京都昭島市昭和町四丁目２５０番４２"",""use"":""1住居"",""price"":281000,""tsubo"":928926,""yoy"":4.5,""dist"":480,""far"":200.0,""kind"":""基準"",""asof"":""2026-07-01""},{""addr"":""東京都昭島市昭和町１丁目８３５番９４"",""use"":""1住居"",""price"":260000,""tsubo"":859504,""yoy"":8.3,""dist"":650,""far"":200.0,""kind"":""公示"",""asof"":""2026-01-01""},{""addr"":""東京都昭島市松原町一丁目３５５６番１３０"",""use"":""1低専"",""price"":241000,""tsubo"":796694,""yoy"":3.9,""dist"":650,""far"":80.0,""kind"":""基準"",""asof"":""2026-07-01""},{""addr"":""東京都昭島市上川原町１丁目６４番４"",""use"":""1低専"",""price"":205000,""tsubo"":677686,""yoy"":4.1,""dist"":1000,""far"":80.0,""kind"":""公示"",""asof"":""2026-01-01""},{""addr"":""東京都昭島市田中町１丁目２３５６番１３外"",""use"":""1低専"",""price"":195000,""tsubo"":644628,""yoy"":4.3,""dist"":1100,""far"":80.0,""kind"":""公示"",""asof"":""2026-01-01""},{""addr"":""東京都昭島市緑町３丁目３３８４番５"",""use"":""1低専"",""price"":180000,""tsubo"":595041,""yoy"":4.7,""dist"":1200,""far"":80.0,""kind"":""公示"",""asof"":""2026-01-01""},{""addr"":""東京都昭島市宮沢町二丁目２３０番３２"",""use"":""1低専"",""price"":189000,""tsubo"":624793,""yoy"":3.3,""dist"":1400,""far"":100.0,""kind"":""基準"",""asof"":""2026-07-01""}]"
是政駅,5,968595,2.7,3,942149,2,1062810,"[{""addr"":""東京都府中市是政５丁目４番３４"",""use"":""近商"",""price"":350000,""tsubo"":1157025,""yoy"":2.3,""dist"":80,""far"":300.0,""kind"":""公示"",""asof"":""2026-01-01""},{""addr"":""東京都府中市是政三丁目１６番２３"",""use"":""1低専"",""price"":285000,""tsubo"":942149,""yoy"":2.5,""dist"":530,""far"":80.0,""kind"":""基準"",""asof"":""2026-07-01""},{""addr"":""東京都府中市是政２丁目３番４３"",""use"":""準工"",""price"":293000,""tsubo"":968595,""yoy"":3.9,""dist"":600,""far"":200.0,""kind"":""公示"",""asof"":""2026-01-01""},{""addr"":""東京都府中市是政６丁目２７番２２"",""use"":""1低専"",""price"":270000,""tsubo"":892562,""yoy"":2.7,""dist"":800,""far"":100.0,""kind"":""公示"",""asof"":""2026-01-01""},{""addr"":""東京都府中市是政１丁目２０番５７外"",""use"":""1中専"",""price"":304000,""tsubo"":1004959,""yoy"":3.4,""dist"":850,""far"":200.0,""kind"":""公示"",""asof"":""2026-01-01""}]"
曙橋駅,3,6082644,15.0,1,5719008,2,7851239,"[{""addr"":""東京都新宿区住吉町１６番５外"",""use"":""近商"",""price"":1840000,""tsubo"":6082644,""yoy"":15.0,""dist"":200,""far"":400.0,""kind"":""公示"",""asof"":""2026-01-01""},{""addr"":""東京都新宿区市谷仲之町１３番"",""use"":""2中専"",""price"":1730000,""tsubo"":5719008,""yoy"":11.6,""dist"":210,""far"":300.0,""kind"":""公示"",""asof"":""2026-01-01""},{""addr"":""東京都新宿区四谷坂町２６番２３"",""use"":""商業"",""price"":2910000,""tsubo"":9619834,""yoy"":15.5,""dist"":350,""far"":600.0,""kind"":""公示"",""asof"":""2026-01-01""}]"
曳舟駅,5,2178512,12.9,0,,5,2178512,"[{""addr"":""東京都墨田区東向島二丁目３６番２"",""use"":""商業"",""price"":742000,""tsubo"":2452892,""yoy"":12.9,""dist"":350,""far"":400.0,""kind"":""基準"",""asof"":""2026-07-01""},{""addr"":""東京都墨田区東向島二丁目１１７番３外"",""use"":""商業"",""price"":809000,""tsubo"":2674380,""yoy"":12.8,""dist"":350,""far"":500.0,""kind"":""基準"",""asof"":""2026-07-01""},{""addr"":""東京都墨田区京島２丁目２１２番２７"",""use"":""準工"",""price"":476000,""tsubo"":1573554,""yoy"":13.1,""dist"":590,""far"":200.0,""kind"":""公示"",""asof"":""2026-01-01""},{""addr"":""東京都墨田区京島三丁目６２番２４"",""use"":""商業"",""price"":659000,""tsubo"":2178512,""yoy"":12.1,""dist"":600,""far"":400.0,""kind"":""基準"",""asof"":""2026-07-01""},{""addr"":""東京都墨田区八広１丁目８９番３１"",""use"":""商業"",""price"":565000,""tsubo"":1867769,""yoy"":13.0,""dist"":670,""far"":400.0,""kind"":""公示"",""asof"":""2026-01-01""}]"
月島駅,7,6314049,12.6,4,4859504,3,9421487,"[{""addr"":""東京都中央区佃３丁目２２番９"",""use"":""1住居"",""price"":1310000,""tsubo"":4330578,""yoy"":15.9,""dist"":160,""far"":400.0,""kind"":""公示"",""asof"":""2026-01-01""},{""addr"":""東京都中央区佃３丁目２０２番２"",""use"":""商業"",""price"":2850000,""tsubo"":9421487,""yoy"":0.0,""dist"":180,""far"":600.0,""kind"":""公示"",""asof"":""2026-01-01""},{""addr"":""東京都中央区月島三丁目１００９番外"",""use"":""商業"",""price"":3600000,""tsubo"":11900826,""yoy"":14.3,""dist"":200,""far"":600.0,""kind"":""基準"",""asof"":""2026-07-01""},{""addr"":""東京都中央区佃２丁目２０８番１"",""use"":""2住居"",""price"":1910000,""tsubo"":6314049,""yoy"":0.0,""dist"":230,""far"":400.0,""kind"":""公示"",""asof"":""2026-01-01""},{""addr"":""東京都中央区月島２丁目１６１８番"",""use"":""2住居"",""price"":1430000,""tsubo"":4727273,""yoy"":12.6,""dist"":300,""far"":400.0,""kind"":""公示"",""asof"":""2026-01-01""},{""addr"":""東京都中央区月島３丁目９１２番"",""use"":""商業"",""price"":2320000,""tsubo"":7669421,""yoy"":18.4,""dist"":300,""far"":500.0,""kind"":""公示"",""asof"":""2026-01-01""},{""addr"":""東京都中央区佃一丁目２０番１外"",""use"":""2住居"",""price"":1510000,""tsubo"":4991735,""yoy"":11.9,""dist"":420,""far"":400.0,""kind"":""基準"",""asof"":""2026-07-01""}]"
有明テニスの森駅,1,3867768,17.0,0,,1,3867768,"[{""addr"":""東京都江東区有明一丁目１０６番３外"",""use"":""準工"",""price"":1170000,""tsubo"":3867768,""yoy"":17.0,""dist"":240,""far"":300.0,""kind"":""基準"",""asof"":""2026-07-01""}]"
有楽町駅,1,47272726,2.9,0,,1,47272726,"[{""addr"":""東京都中央区八重洲２丁目１０番１外"",""use"":""商業"",""price"":14300000,""tsubo"":47272726,""yoy"":2.9,""dist"":320,""far"":800.0,""kind"":""公示"",""asof"":""2026-01-01""}]"
木場駅,2,2598347,12.95,0,,2,2598347,"[{""addr"":""東京都江東区東陽五丁目１８番２０"",""use"":""近商"",""price"":790000,""tsubo"":2611570,""yoy"":12.1,""dist"":470,""far"":300.0,""kind"":""基準"",""asof"":""2026-07-01""},{""addr"":""東京都江東区木場３丁目２０番１３"",""use"":""準工"",""price"":782000,""tsubo"":2585124,""yoy"":13.8,""dist"":560,""far"":300.0,""kind"":""公示"",""asof"":""2026-01-01""}]"
末広町駅,4,8578512,18.2,0,,4,8578512,"[{""addr"":""東京都千代田区外神田３丁目４７番６"",""use"":""商業"",""price"":3710000,""tsubo"":12264462,""yoy"":15.9,""dist"":0,""far"":600.0,""kind"":""公示"",""asof"":""2026-01-01""},{""addr"":""東京都千代田区外神田５丁目５１番３外"",""use"":""商業"",""price"":1890000,""tsubo"":6247934,""yoy"":18.9,""dist"":140,""far"":600.0,""kind"":""公示"",""asof"":""2026-01-01""},{""addr"":""東京都千代田区外神田２丁目９番１外"",""use"":""商業"",""price"":1900000,""tsubo"":6280992,""yoy"":20.3,""dist"":300,""far"":500.0,""kind"":""公示"",""asof"":""2026-01-01""},{""addr"":""東京都千代田区外神田２丁目６０番１外"",""use"":""商業"",""price"":3290000,""tsubo"":10876033,""yoy"":17.5,""dist"":400,""far"":600.0,""kind"":""公示"",""asof"":""2026-01-01""}]"
本所吾妻橋駅,2,2970248,13.55,0,,2,2970248,"[{""addr"":""東京都墨田区東駒形三丁目９番７"",""use"":""商業"",""price"":1100000,""tsubo"":3636364,""yoy"":13.6,""dist"":190,""far"":500.0,""kind"":""基準"",""asof"":""2026-07-01""},{""addr"":""東京都墨田区本所２丁目１４番４"",""use"":""準工"",""price"":697000,""tsubo"":2304132,""yoy"":13.5,""dist"":930,""far"":300.0,""kind"":""公示"",""asof"":""2026-01-01""}]"
本蓮沼駅,2,2201652,10.1,0,,2,2201652,"[{""addr"":""東京都板橋区蓮沼町２６番９"",""use"":""近商"",""price"":645000,""tsubo"":2132231,""yoy"":9.0,""dist"":130,""far"":300.0,""kind"":""公示"",""asof"":""2026-01-01""},{""addr"":""東京都板橋区蓮沼町２６番９"",""use"":""近商"",""price"":687000,""tsubo"":2271074,""yoy"":11.2,""dist"":130,""far"":300.0,""kind"":""基準"",""asof"":""2026-07-01""}]"
本郷三丁目駅,8,5983471,17.0,2,5024793,6,7190082,"[{""addr"":""東京都文京区本郷四丁目３０４番３外"",""use"":""商業"",""price"":3780000,""tsubo"":12495867,""yoy"":16.3,""dist"":120,""far"":600.0,""kind"":""基準"",""asof"":""2026-07-01""},{""addr"":""東京都文京区本郷３丁目７０３番６外"",""use"":""商業"",""price"":2950000,""tsubo"":9752066,""yoy"":18.5,""dist"":230,""far"":600.0,""kind"":""公示"",""asof"":""2026-01-01""},{""addr"":""東京都文京区本郷２丁目１６番５外"",""use"":""近商"",""price"":1890000,""tsubo"":6247934,""yoy"":17.4,""dist"":240,""far"":400.0,""kind"":""公示"",""asof"":""2026-01-01""},{""addr"":""東京都文京区本郷５丁目１３６番２外"",""use"":""近商"",""price"":1550000,""tsubo"":5123967,""yoy"":18.3,""dist"":280,""far"":400.0,""kind"":""公示"",""asof"":""2026-01-01""},{""addr"":""東京都文京区本郷２丁目３番１０"",""use"":""商業"",""price"":2460000,""tsubo"":8132231,""yoy"":17.1,""dist"":360,""far"":500.0,""kind"":""公示"",""asof"":""2026-01-01""},{""addr"":""東京都文京区湯島２丁目１２番２"",""use"":""近商"",""price"":1730000,""tsubo"":5719008,""yoy"":16.9,""dist"":540,""far"":400.0,""kind"":""公示"",""asof"":""2026-01-01""},{""addr"":""東京都文京区湯島４丁目２３番４外"",""use"":""1中専"",""price"":1600000,""tsubo"":5289256,""yoy"":15.9,""dist"":550,""far"":300.0,""kind"":""公示"",""asof"":""2026-01-01""},{""addr"":""東京都文京区本郷五丁目３８２番７９"",""use"":""1住居"",""price"":1440000,""tsubo"":4760330,""yoy"":13.4,""dist"":600,""far"":300.0,""kind"":""基準"",""asof"":""2026-07-01""}]"
本駒込駅,4,4793388,14.65,2,4198347,2,7735537,"[{""addr"":""東京都文京区本駒込３丁目６３番１２"",""use"":""1中専"",""price"":1140000,""tsubo"":3768595,""yoy"":0.0,""dist"":150,""far"":300.0,""kind"":""公示"",""asof"":""2026-01-01""},{""addr"":""東京都文京区本駒込１丁目２０４番"",""use"":""商業"",""price"":3180000,""tsubo"":10512396,""yoy"":17.3,""dist"":180,""far"":600.0,""kind"":""公示"",""asof"":""2026-01-01""},{""addr"":""東京都文京区本駒込一丁目１１番１１５"",""use"":""1中専"",""price"":1400000,""tsubo"":4628099,""yoy"":12.0,""dist"":460,""far"":200.0,""kind"":""基準"",""asof"":""2026-07-01""},{""addr"":""東京都文京区千駄木５丁目１０５番１外"",""use"":""近商"",""price"":1500000,""tsubo"":4958678,""yoy"":18.1,""dist"":670,""far"":400.0,""kind"":""公示"",""asof"":""2026-01-01""}]"
東あずま駅,1,1438016,7.9,1,1438016,0,,"[{""addr"":""東京都墨田区立花一丁目１５番４"",""use"":""1住居"",""price"":435000,""tsubo"":1438016,""yoy"":7.9,""dist"":350,""far"":300.0,""kind"":""基準"",""asof"":""2026-07-01""}]"
東中神駅,6,768595,4.5,5,760331,1,909091,"[{""addr"":""東京都昭島市玉川町１丁目２７０番２８"",""use"":""1中専"",""price"":263000,""tsubo"":869421,""yoy"":4.0,""dist"":300,""far"":200.0,""kind"":""公示"",""asof"":""2026-01-01""},{""addr"":""東京都昭島市玉川町１丁目８６１番１"",""use"":""近商"",""price"":275000,""tsubo"":909091,""yoy"":4.6,""dist"":300,""far"":300.0,""kind"":""公示"",""asof"":""2026-01-01""},{""addr"":""東京都昭島市玉川町３丁目７６４番５外"",""use"":""1中専"",""price"":230000,""tsubo"":760331,""yoy"":4.5,""dist"":640,""far"":200.0,""kind"":""公示"",""asof"":""2026-01-01""},{""addr"":""東京都昭島市玉川町五丁目９１７番５"",""use"":""1低専"",""price"":235000,""tsubo"":776859,""yoy"":3.5,""dist"":900,""far"":80.0,""kind"":""基準"",""asof"":""2026-07-01""},{""addr"":""東京都昭島市郷地町２丁目５４９番４"",""use"":""1低専"",""price"":194000,""tsubo"":641322,""yoy"":4.9,""dist"":1300,""far"":100.0,""kind"":""公示"",""asof"":""2026-01-01""},{""addr"":""東京都昭島市福島町２丁目１０２番３２外"",""use"":""1低専"",""price"":185000,""tsubo"":611570,""yoy"":4.5,""dist"":1300,""far"":80.0,""kind"":""公示"",""asof"":""2026-01-01""}]"
東中野駅,7,3537190,10.7,4,3206611,3,5355372,"[{""addr"":""東京都中野区東中野３丁目２番１"",""use"":""商業"",""price"":3370000,""tsubo"":11140495,""yoy"":17.0,""dist"":130,""far"":500.0,""kind"":""公示"",""asof"":""2026-01-01""},{""addr"":""東京都中野区東中野４丁目８番４"",""use"":""近商"",""price"":1620000,""tsubo"":5355372,""yoy"":20.0,""dist"":190,""far"":400.0,""kind"":""公示"",""asof"":""2026-01-01""},{""addr"":""東京都中野区東中野四丁目４７番１９"",""use"":""1中専"",""price"":930000,""tsubo"":3074380,""yoy"":8.4,""dist"":350,""far"":200.0,""kind"":""基準"",""asof"":""2026-07-01""},{""addr"":""東京都中野区東中野３丁目１２７番８"",""use"":""1低専"",""price"":890000,""tsubo"":2942149,""yoy"":0.0,""dist"":430,""far"":150.0,""kind"":""公示"",""asof"":""2026-01-01""},{""addr"":""東京都中野区東中野１丁目７７番２１"",""use"":""1中専"",""price"":1070000,""tsubo"":3537190,""yoy"":10.7,""dist"":560,""far"":200.0,""kind"":""公示"",""asof"":""2026-01-01""},{""addr"":""東京都中野区東中野１丁目１２０番１８"",""use"":""近商"",""price"":1420000,""tsubo"":4694215,""yoy"":19.3,""dist"":630,""far"":400.0,""kind"":""公示"",""asof"":""2026-01-01""},{""addr"":""東京都新宿区北新宿４丁目２２番３０"",""use"":""1住居"",""price"":1010000,""tsubo"":3338843,""yoy"":9.7,""dist"":750,""far"":400.0,""kind"":""公示"",""asof"":""2026-01-01""}]"
東久留米駅,15,826446,3.3,11,806612,4,1328925,"[{""addr"":""東京都東久留米市本町一丁目４番６"",""use"":""商業"",""price"":574000,""tsubo"":1897521,""yoy"":3.8,""dist"":0,""far"":400.0,""kind"":""基準"",""asof"":""2026-07-01""},{""addr"":""東京都東久留米市東本町６５５番１６"",""use"":""商業"",""price"":415000,""tsubo"":1371901,""yoy"":3.5,""dist"":160,""far"":400.0,""kind"":""公示"",""asof"":""2026-01-01""},{""addr"":""東京都東久留米市本町１丁目６０５番７"",""use"":""1低専"",""price"":320000,""tsubo"":1057851,""yoy"":3.6,""dist"":300,""far"":80.0,""kind"":""公示"",""asof"":""2026-01-01""},{""addr"":""東京都東久留米市新川町１丁目９４番１９"",""use"":""1低専"",""price"":299000,""tsubo"":988430,""yoy"":3.5,""dist"":400,""far"":80.0,""kind"":""公示"",""asof"":""2026-01-01""},{""addr"":""東京都東久留米市新川町一丁目９４番１９"",""use"":""1低専"",""price"":304000,""tsubo"":1004959,""yoy"":3.1,""dist"":400,""far"":80.0,""kind"":""基準"",""asof"":""2026-07-01""},{""addr"":""東京都東久留米市本町３丁目８番１外"",""use"":""近商"",""price"":389000,""tsubo"":1285950,""yoy"":3.5,""dist"":450,""far"":300.0,""kind"":""公示"",""asof"":""2026-01-01""},{""addr"":""東京都東久留米市小山一丁目１０８番３外"",""use"":""1低専"",""price"":242000,""tsubo"":800000,""yoy"":2.5,""dist"":730,""far"":80.0,""kind"":""基準"",""asof"":""2026-07-01""},{""addr"":""東京都東久留米市幸町１丁目７９７番１３外"",""use"":""1低専"",""price"":244000,""tsubo"":806612,""yoy"":3.4,""dist"":950,""far"":80.0,""kind"":""公示"",""asof"":""2026-01-01""},{""addr"":""東京都東久留米市氷川台２丁目３８２番２７"",""use"":""1低専"",""price"":247000,""tsubo"":816529,""yoy"":2.9,""dist"":1000,""far"":80.0,""kind"":""公示"",""asof"":""2026-01-01""},{""addr"":""東京都東久留米市中央町１丁目１１１９番６６"",""use"":""1低専"",""price"":250000,""tsubo"":826446,""yoy"":3.3,""dist"":1000,""far"":80.0,""kind"":""公示"",""asof"":""2026-01-01""}]"
東京駅,5,90909088,3.0,0,,5,90909088,"[{""addr"":""東京都千代田区丸の内２丁目２番１外"",""use"":""商業"",""price"":37600000,""tsubo"":124297516,""yoy"":1.3,""dist"":0,""far"":1300.0,""kind"":""公示"",""asof"":""2026-01-01""},{""addr"":""東京都中央区八重洲１丁目１０５番５３"",""use"":""商業"",""price"":24300000,""tsubo"":80330576,""yoy"":3.0,""dist"":280,""far"":800.0,""kind"":""公示"",""asof"":""2026-01-01""},{""addr"":""東京都中央区京橋１丁目１番１外"",""use"":""商業"",""price"":24500000,""tsubo"":80991732,""yoy"":3.4,""dist"":300,""far"":800.0,""kind"":""公示"",""asof"":""2026-01-01""},{""addr"":""東京都千代田区丸の内３丁目２番外"",""use"":""商業"",""price"":27500000,""tsubo"":90909088,""yoy"":1.5,""dist"":480,""far"":1300.0,""kind"":""公示"",""asof"":""2026-01-01""},{""addr"":""東京都千代田区丸の内三丁目２番外"",""use"":""商業"",""price"":28200000,""tsubo"":93223137,""yoy"":3.3,""dist"":480,""far"":1300.0,""kind"":""基準"",""asof"":""2026-07-01""}]"
東伏見駅,8,1143801,3.75,7,1107438,1,1702479,"[{""addr"":""東京都西東京市富士町四丁目７２９番２９外"",""use"":""商業"",""price"":515000,""tsubo"":1702479,""yoy"":6.0,""dist"":120,""far"":400.0,""kind"":""基準"",""asof"":""2026-07-01""},{""addr"":""東京都西東京市東伏見３丁目６２５番１８"",""use"":""1中専"",""price"":423000,""tsubo"":1398347,""yoy"":3.7,""dist"":280,""far"":150.0,""kind"":""公示"",""asof"":""2026-01-01""},{""addr"":""東京都西東京市富士町６丁目５６０番１０"",""use"":""1低専"",""price"":335000,""tsubo"":1107438,""yoy"":3.7,""dist"":510,""far"":100.0,""kind"":""公示"",""asof"":""2026-01-01""},{""addr"":""東京都西東京市東伏見１丁目５６５番１２６"",""use"":""1低専"",""price"":357000,""tsubo"":1180165,""yoy"":3.8,""dist"":530,""far"":100.0,""kind"":""公示"",""asof"":""2026-01-01""},{""addr"":""東京都西東京市富士町４丁目７８５番５７"",""use"":""準住居"",""price"":374000,""tsubo"":1236364,""yoy"":4.8,""dist"":560,""far"":200.0,""kind"":""公示"",""asof"":""2026-01-01""},{""addr"":""東京都西東京市富士町２丁目８５６番６"",""use"":""1低専"",""price"":307000,""tsubo"":1014876,""yoy"":3.7,""dist"":950,""far"":100.0,""kind"":""公示"",""asof"":""2026-01-01""},{""addr"":""東京都西東京市東伏見５丁目３番４９外"",""use"":""1低専"",""price"":331000,""tsubo"":1094215,""yoy"":3.8,""dist"":950,""far"":100.0,""kind"":""公示"",""asof"":""2026-01-01""},{""addr"":""東京都西東京市中町四丁目２０１１番２４"",""use"":""1低専"",""price"":291000,""tsubo"":961983,""yoy"":3.2,""dist"":1200,""far"":100.0,""kind"":""基準"",""asof"":""2026-07-01""}]"
東北沢駅,2,3099173,7.25,2,3099173,0,,"[{""addr"":""東京都世田谷区北沢１丁目５０１番３"",""use"":""1住居"",""price"":981000,""tsubo"":3242975,""yoy"":7.3,""dist"":220,""far"":200.0,""kind"":""公示"",""asof"":""2026-01-01""},{""addr"":""東京都世田谷区北沢４丁目６５０番１１"",""use"":""1低専"",""price"":894000,""tsubo"":2955372,""yoy"":7.2,""dist"":550,""far"":150.0,""kind"":""公示"",""asof"":""2026-01-01""}]"
東十条駅,6,3140496,12.5,1,2224793,5,3966942,"[{""addr"":""東京都北区東十条３丁目９番３４"",""use"":""商業"",""price"":1440000,""tsubo"":4760330,""yoy"":12.5,""dist"":160,""far"":500.0,""kind"":""公示"",""asof"":""2026-01-01""},{""addr"":""東京都北区東十条三丁目９番３４"",""use"":""商業"",""price"":1530000,""tsubo"":5057851,""yoy"":12.5,""dist"":160,""far"":500.0,""kind"":""基準"",""asof"":""2026-07-01""},{""addr"":""東京都北区東十条四丁目８番２"",""use"":""商業"",""price"":1200000,""tsubo"":3966942,""yoy"":18.8,""dist"":400,""far"":500.0,""kind"":""基準"",""asof"":""2026-07-01""},{""addr"":""東京都北区東十条１丁目１５番１"",""use"":""準工"",""price"":663000,""tsubo"":2191735,""yoy"":10.0,""dist"":490,""far"":300.0,""kind"":""公示"",""asof"":""2026-01-01""},{""addr"":""東京都北区東十条六丁目５番５１"",""use"":""準工"",""price"":700000,""tsubo"":2314050,""yoy"":12.9,""dist"":720,""far"":200.0,""kind"":""基準"",""asof"":""2026-07-01""},{""addr"":""東京都北区神谷二丁目１０番１２"",""use"":""1住居"",""price"":673000,""tsubo"":2224793,""yoy"":11.6,""dist"":780,""far"":200.0,""kind"":""基準"",""asof"":""2026-07-01""}]"
東向島駅,2,1927272,13.55,0,,2,1927272,"[{""addr"":""東京都墨田区東向島五丁目２２５番３外"",""use"":""近商"",""price"":612000,""tsubo"":2023140,""yoy"":13.1,""dist"":50,""far"":300.0,""kind"":""基準"",""asof"":""2026-07-01""},{""addr"":""東京都墨田区東向島三丁目２０８番７"",""use"":""準工"",""price"":554000,""tsubo"":1831405,""yoy"":14.0,""dist"":610,""far"":200.0,""kind"":""基準"",""asof"":""2026-07-01""}]"
東大前駅,2,4661156,15.2,1,3867768,1,5454545,"[{""addr"":""東京都文京区向丘１丁目１５２番１２"",""use"":""1住居"",""price"":1170000,""tsubo"":3867768,""yoy"":12.5,""dist"":300,""far"":300.0,""kind"":""公示"",""asof"":""2026-01-01""},{""addr"":""東京都文京区西片２丁目１４番１外"",""use"":""近商"",""price"":1650000,""tsubo"":5454545,""yoy"":17.9,""dist"":400,""far"":400.0,""kind"":""公示"",""asof"":""2026-01-01""}]"
東大和市駅,18,720661,2.85,15,723967,3,717355,"[{""addr"":""東京都東大和市南街５丁目９５番６"",""use"":""近商"",""price"":313000,""tsubo"":1034711,""yoy"":2.6,""dist"":270,""far"":300.0,""kind"":""公示"",""asof"":""2026-01-01""},{""addr"":""東京都東大和市南街５丁目７３番２"",""use"":""1中専"",""price"":248000,""tsubo"":819835,""yoy"":2.9,""dist"":330,""far"":150.0,""kind"":""公示"",""asof"":""2026-01-01""},{""addr"":""東京都小平市中島町２５番３１"",""use"":""1低専"",""price"":219000,""tsubo"":723967,""yoy"":3.3,""dist"":430,""far"":80.0,""kind"":""基準"",""asof"":""2026-07-01""},{""addr"":""東京都小平市小川町１丁目４０６番５"",""use"":""2中専"",""price"":259000,""tsubo"":856198,""yoy"":3.6,""dist"":500,""far"":200.0,""kind"":""公示"",""asof"":""2026-01-01""},{""addr"":""東京都小平市栄町１丁目１００番４９"",""use"":""1低専"",""price"":219000,""tsubo"":723967,""yoy"":2.8,""dist"":600,""far"":80.0,""kind"":""公示"",""asof"":""2026-01-01""},{""addr"":""東京都東大和市南街六丁目６４番７"",""use"":""1低専"",""price"":230000,""tsubo"":760331,""yoy"":3.1,""dist"":600,""far"":100.0,""kind"":""基準"",""asof"":""2026-07-01""},{""addr"":""東京都東大和市向原５丁目１１２９番１１"",""use"":""1低専"",""price"":217000,""tsubo"":717355,""yoy"":2.8,""dist"":800,""far"":100.0,""kind"":""公示"",""asof"":""2026-01-01""},{""addr"":""東京都東大和市南街１丁目３７番２"",""use"":""1低専"",""price"":228000,""tsubo"":753719,""yoy"":2.7,""dist"":850,""far"":100.0,""kind"":""公示"",""asof"":""2026-01-01""},{""addr"":""東京都東大和市南街一丁目３７番２"",""use"":""1低専"",""price"":231000,""tsubo"":763636,""yoy"":3.1,""dist"":850,""far"":100.0,""kind"":""基準"",""asof"":""2026-07-01""},{""addr"":""東京都小平市小川町１丁目４４４番３１"",""use"":""準工"",""price"":211000,""tsubo"":697521,""yoy"":2.9,""dist"":900,""far"":200.0,""kind"":""公示"",""asof"":""2026-01-01""}]"
東大島駅,4,1991735,11.6,1,1593388,3,2181818,"[{""addr"":""東京都江東区大島８丁目２７２番２７"",""use"":""準工"",""price"":545000,""tsubo"":1801653,""yoy"":9.7,""dist"":460,""far"":300.0,""kind"":""公示"",""asof"":""2026-01-01""},{""addr"":""東京都江東区亀戸９丁目２００番３２"",""use"":""準工"",""price"":722000,""tsubo"":2386777,""yoy"":15.0,""dist"":720,""far"":300.0,""kind"":""公示"",""asof"":""2026-01-01""},{""addr"":""東京都江東区東砂２丁目２１２番５"",""use"":""1住居"",""price"":482000,""tsubo"":1593388,""yoy"":9.8,""dist"":1100,""far"":300.0,""kind"":""公示"",""asof"":""2026-01-01""},{""addr"":""東京都江東区東砂三丁目４２番２"",""use"":""準工"",""price"":660000,""tsubo"":2181818,""yoy"":13.4,""dist"":1100,""far"":400.0,""kind"":""基準"",""asof"":""2026-07-01""}]"
東小金井駅,6,1396694,4.55,5,1375207,1,2009917,"[{""addr"":""東京都小金井市東町４丁目１１８９番１０４"",""use"":""近商"",""price"":608000,""tsubo"":2009917,""yoy"":6.1,""dist"":200,""far"":300.0,""kind"":""公示"",""asof"":""2026-01-01""},{""addr"":""東京都小金井市東町３丁目１２６番６３"",""use"":""1低専"",""price"":429000,""tsubo"":1418182,""yoy"":4.6,""dist"":510,""far"":80.0,""kind"":""公示"",""asof"":""2026-01-01""},{""addr"":""東京都小金井市中町２丁目４９番１１"",""use"":""1中専"",""price"":435000,""tsubo"":1438016,""yoy"":4.3,""dist"":750,""far"":200.0,""kind"":""公示"",""asof"":""2026-01-01""},{""addr"":""東京都小金井市梶野町４丁目２２６番３６"",""use"":""1低専"",""price"":416000,""tsubo"":1375207,""yoy"":5.1,""dist"":850,""far"":80.0,""kind"":""公示"",""asof"":""2026-01-01""},{""addr"":""東京都小金井市梶野町二丁目２１９番１２９"",""use"":""1低専"",""price"":402000,""tsubo"":1328926,""yoy"":4.1,""dist"":1100,""far"":80.0,""kind"":""基準"",""asof"":""2026-07-01""},{""addr"":""東京都小金井市緑町４丁目２４１０番２"",""use"":""1低専"",""price"":370000,""tsubo"":1223140,""yoy"":4.5,""dist"":1300,""far"":80.0,""kind"":""公示"",""asof"":""2026-01-01""}]"
東尾久三丁目駅,1,3021487,16.1,0,,1,3021487,"[{""addr"":""東京都荒川区東尾久６丁目９７８番１"",""use"":""近商"",""price"":914000,""tsubo"":3021487,""yoy"":16.1,""dist"":0,""far"":400.0,""kind"":""公示"",""asof"":""2026-01-01""}]"
東府中駅,8,1433057,5.6,6,1347107,2,2514049,"[{""addr"":""東京都府中市清水が丘１丁目９番２８外"",""use"":""商業"",""price"":885000,""tsubo"":2925620,""yoy"":12.0,""dist"":90,""far"":500.0,""kind"":""公示"",""asof"":""2026-01-01""},{""addr"":""東京都府中市若松町二丁目３番４"",""use"":""近商"",""price"":636000,""tsubo"":2102479,""yoy"":9.5,""dist"":350,""far"":300.0,""kind"":""基準"",""asof"":""2026-07-01""},{""addr"":""東京都府中市清水が丘二丁目１０番２２"",""use"":""1低専"",""price"":440000,""tsubo"":1454545,""yoy"":3.0,""dist"":450,""far"":100.0,""kind"":""基準"",""asof"":""2026-07-01""},{""addr"":""東京都府中市若松町３丁目２５番１７"",""use"":""1低専"",""price"":386000,""tsubo"":1276033,""yoy"":5.2,""dist"":950,""far"":80.0,""kind"":""公示"",""asof"":""2026-01-01""},{""addr"":""東京都府中市若松町三丁目２５番１７"",""use"":""1低専"",""price"":388000,""tsubo"":1282645,""yoy"":3.2,""dist"":950,""far"":80.0,""kind"":""基準"",""asof"":""2026-07-01""},{""addr"":""東京都府中市緑町２丁目３１番２"",""use"":""1低専"",""price"":457000,""tsubo"":1510744,""yoy"":6.0,""dist"":1100,""far"":150.0,""kind"":""公示"",""asof"":""2026-01-01""},{""addr"":""東京都府中市若松町四丁目９番１２"",""use"":""準住居"",""price"":427000,""tsubo"":1411570,""yoy"":6.8,""dist"":1200,""far"":300.0,""kind"":""基準"",""asof"":""2026-07-01""},{""addr"":""東京都府中市若松町４丁目１７番５１"",""use"":""1低専"",""price"":326000,""tsubo"":1077686,""yoy"":5.2,""dist"":1400,""far"":80.0,""kind"":""公示"",""asof"":""2026-01-01""}]"
東新宿駅,5,5983471,14.0,2,3570248,3,10842975,"[{""addr"":""東京都新宿区大久保２丁目１６番８外"",""use"":""商業"",""price"":3490000,""tsubo"":11537190,""yoy"":19.9,""dist"":200,""far"":600.0,""kind"":""公示"",""asof"":""2026-01-01""},{""addr"":""東京都新宿区歌舞伎町二丁目４３５番１５"",""use"":""商業"",""price"":3280000,""tsubo"":10842975,""yoy"":16.7,""dist"":200,""far"":600.0,""kind"":""基準"",""asof"":""2026-07-01""},{""addr"":""東京都新宿区新宿七丁目９３番２２外"",""use"":""1中専"",""price"":1060000,""tsubo"":3504132,""yoy"":14.0,""dist"":440,""far"":300.0,""kind"":""基準"",""asof"":""2026-07-01""},{""addr"":""東京都新宿区新宿６丁目４３８番６"",""use"":""1住居"",""price"":1100000,""tsubo"":3636364,""yoy"":11.1,""dist"":560,""far"":300.0,""kind"":""公示"",""asof"":""2026-01-01""},{""addr"":""東京都新宿区余丁町２４番４"",""use"":""近商"",""price"":1810000,""tsubo"":5983471,""yoy"":13.1,""dist"":600,""far"":400.0,""kind"":""公示"",""asof"":""2026-01-01""}]"
東日本橋駅,1,5950413,16.9,0,,1,5950413,"[{""addr"":""東京都中央区東日本橋二丁目１２番２３外"",""use"":""商業"",""price"":1800000,""tsubo"":5950413,""yoy"":16.9,""dist"":250,""far"":500.0,""kind"":""基準"",""asof"":""2026-07-01""}]"
東村山駅,13,680992,3.2,9,677686,4,1128925,"[{""addr"":""東京都東村山市本町二丁目３番６９"",""use"":""商業"",""price"":450000,""tsubo"":1487603,""yoy"":3.0,""dist"":0,""far"":400.0,""kind"":""基準"",""asof"":""2026-07-01""},{""addr"":""東京都東村山市野口町１丁目１７番５"",""use"":""商業"",""price"":355000,""tsubo"":1173554,""yoy"":3.5,""dist"":80,""far"":400.0,""kind"":""公示"",""asof"":""2026-01-01""},{""addr"":""東京都東村山市野口町１丁目１５番４"",""use"":""商業"",""price"":328000,""tsubo"":1084297,""yoy"":3.5,""dist"":280,""far"":400.0,""kind"":""公示"",""asof"":""2026-01-01""},{""addr"":""東京都東村山市諏訪町１丁目７番２５"",""use"":""1中専"",""price"":225000,""tsubo"":743802,""yoy"":3.2,""dist"":700,""far"":200.0,""kind"":""公示"",""asof"":""2026-01-01""},{""addr"":""東京都東村山市本町三丁目２０番８４外"",""use"":""1低専"",""price"":236000,""tsubo"":780165,""yoy"":3.1,""dist"":820,""far"":100.0,""kind"":""基準"",""asof"":""2026-07-01""},{""addr"":""東京都東村山市久米川町３丁目２番１５外"",""use"":""1住居"",""price"":255000,""tsubo"":842975,""yoy"":3.7,""dist"":860,""far"":200.0,""kind"":""公示"",""asof"":""2026-01-01""},{""addr"":""東京都東村山市美住町２丁目１７番９"",""use"":""1低専"",""price"":203000,""tsubo"":671074,""yoy"":3.0,""dist"":1100,""far"":100.0,""kind"":""公示"",""asof"":""2026-01-01""},{""addr"":""東京都東村山市久米川町３丁目１０番３４"",""use"":""1低専"",""price"":205000,""tsubo"":677686,""yoy"":3.5,""dist"":1200,""far"":100.0,""kind"":""公示"",""asof"":""2026-01-01""},{""addr"":""東京都東村山市恩多町４丁目３番１６"",""use"":""1低専"",""price"":206000,""tsubo"":680992,""yoy"":3.5,""dist"":1200,""far"":100.0,""kind"":""公示"",""asof"":""2026-01-01""},{""addr"":""東京都東村山市野口町二丁目２５番４７"",""use"":""1低専"",""price"":200000,""tsubo"":661157,""yoy"":3.1,""dist"":1200,""far"":100.0,""kind"":""基準"",""asof"":""2026-07-01""}]"
東松原駅,3,2552066,8.3,2,2535537,1,3041322,"[{""addr"":""東京都世田谷区松原５丁目１６８番４０"",""use"":""近商"",""price"":920000,""tsubo"":3041322,""yoy"":8.6,""dist"":90,""far"":300.0,""kind"":""公示"",""asof"":""2026-01-01""},{""addr"":""東京都世田谷区羽根木１丁目１６５５番２３"",""use"":""1低専"",""price"":772000,""tsubo"":2552066,""yoy"":8.3,""dist"":350,""far"":150.0,""kind"":""公示"",""asof"":""2026-01-01""},{""addr"":""東京都世田谷区松原５丁目４２２番３"",""use"":""1低専"",""price"":762000,""tsubo"":2519008,""yoy"":7.3,""dist"":380,""far"":150.0,""kind"":""公示"",""asof"":""2026-01-01""}]"
東武練馬駅,15,2228099,8.2,9,1993388,6,3457851,"[{""addr"":""東京都練馬区練馬１丁目６０８２番５２外"",""use"":""商業"",""price"":1260000,""tsubo"":4165289,""yoy"":10.5,""dist"":130,""far"":500.0,""kind"":""公示"",""asof"":""2026-01-01""},{""addr"":""東京都板橋区徳丸三丁目１１５番６"",""use"":""近商"",""price"":832000,""tsubo"":2750413,""yoy"":11.8,""dist"":130,""far"":300.0,""kind"":""基準"",""asof"":""2026-07-01""},{""addr"":""東京都練馬区豊玉北６丁目１番１３"",""use"":""商業"",""price"":1920000,""tsubo"":6347107,""yoy"":10.3,""dist"":300,""far"":600.0,""kind"":""公示"",""asof"":""2026-01-01""},{""addr"":""東京都練馬区豊玉北六丁目１番１３"",""use"":""商業"",""price"":2030000,""tsubo"":6710744,""yoy"":10.9,""dist"":300,""far"":600.0,""kind"":""基準"",""asof"":""2026-07-01""},{""addr"":""東京都板橋区徳丸３丁目１５３番１０"",""use"":""1中専"",""price"":563000,""tsubo"":1861157,""yoy"":8.3,""dist"":380,""far"":200.0,""kind"":""公示"",""asof"":""2026-01-01""},{""addr"":""東京都練馬区練馬１丁目６９６８番３"",""use"":""1中専"",""price"":616000,""tsubo"":2036364,""yoy"":8.1,""dist"":420,""far"":200.0,""kind"":""公示"",""asof"":""2026-01-01""},{""addr"":""東京都練馬区豊玉北４丁目２５番９"",""use"":""1中専"",""price"":727000,""tsubo"":2403306,""yoy"":8.8,""dist"":450,""far"":200.0,""kind"":""公示"",""asof"":""2026-01-01""},{""addr"":""東京都練馬区北町一丁目１８１番５"",""use"":""近商"",""price"":712000,""tsubo"":2353719,""yoy"":7.7,""dist"":450,""far"":400.0,""kind"":""基準"",""asof"":""2026-07-01""},{""addr"":""東京都練馬区北町一丁目４９０番１"",""use"":""準工"",""price"":536000,""tsubo"":1771901,""yoy"":7.6,""dist"":520,""far"":200.0,""kind"":""基準"",""asof"":""2026-07-01""},{""addr"":""東京都練馬区練馬２丁目６２６０番２４"",""use"":""1低専"",""price"":573000,""tsubo"":1894215,""yoy"":7.7,""dist"":570,""far"":100.0,""kind"":""公示"",""asof"":""2026-01-01""}]"
東池袋駅,2,2659504,6.25,2,2659504,0,,"[{""addr"":""東京都豊島区南池袋２丁目２７番３０"",""use"":""1住居"",""price"":828000,""tsubo"":2737190,""yoy"":12.5,""dist"":250,""far"":300.0,""kind"":""公示"",""asof"":""2026-01-01""},{""addr"":""東京都豊島区東池袋５丁目１４９番６外"",""use"":""1住居"",""price"":781000,""tsubo"":2581818,""yoy"":0.0,""dist"":460,""far"":300.0,""kind"":""公示"",""asof"":""2026-01-01""}]"
東福生駅,1,485950,1.4,1,485950,0,,"[{""addr"":""東京都福生市大字福生字武蔵野２２６３番８"",""use"":""1低専"",""price"":147000,""tsubo"":485950,""yoy"":1.4,""dist"":550,""far"":80.0,""kind"":""公示"",""asof"":""2026-01-01""}]"
東秋留駅,7,383471,0.0,6,388429,1,290909,"[{""addr"":""東京都あきる野市二宮字森腰１１３３番４０"",""use"":""1低専"",""price"":129000,""tsubo"":426446,""yoy"":0.0,""dist"":250,""far"":80.0,""kind"":""公示"",""asof"":""2026-01-01""},{""addr"":""東京都あきる野市野辺字宅地附２３７番５"",""use"":""1低専"",""price"":116000,""tsubo"":383471,""yoy"":0.0,""dist"":680,""far"":80.0,""kind"":""公示"",""asof"":""2026-01-01""},{""addr"":""東京都あきる野市平沢字西平６００番１２"",""use"":""1低専"",""price"":111000,""tsubo"":366942,""yoy"":0.0,""dist"":850,""far"":80.0,""kind"":""公示"",""asof"":""2026-01-01""},{""addr"":""東京都あきる野市野辺字横吹１１６３番１７"",""use"":""1低専"",""price"":119000,""tsubo"":393388,""yoy"":0.0,""dist"":900,""far"":80.0,""kind"":""基準"",""asof"":""2026-07-01""},{""addr"":""東京都あきる野市平沢東１丁目３番３"",""use"":""準工"",""price"":88000,""tsubo"":290909,""yoy"":5.8,""dist"":1100,""far"":200.0,""kind"":""公示"",""asof"":""2026-01-01""},{""addr"":""東京都あきる野市秋留４丁目８番１９"",""use"":""1低専"",""price"":129000,""tsubo"":426446,""yoy"":1.6,""dist"":1200,""far"":100.0,""kind"":""公示"",""asof"":""2026-01-01""},{""addr"":""東京都八王子市高月町１２３７番５"",""use"":""_"",""price"":53500,""tsubo"":176859,""yoy"":0.0,""dist"":1500,""far"":80.0,""kind"":""基準"",""asof"":""2026-07-01""}]"
東銀座駅,5,18016528,16.2,0,,5,18016528,"[{""addr"":""東京都中央区銀座５丁目２０１番４外"",""use"":""商業"",""price"":11700000,""tsubo"":38677684,""yoy"":11.4,""dist"":60,""far"":800.0,""kind"":""公示"",""asof"":""2026-01-01""},{""addr"":""東京都中央区銀座三丁目２０５番１０"",""use"":""商業"",""price"":3650000,""tsubo"":12066115,""yoy"":16.2,""dist"":100,""far"":600.0,""kind"":""基準"",""asof"":""2026-07-01""},{""addr"":""東京都中央区銀座二丁目２０３番１７"",""use"":""商業"",""price"":10200000,""tsubo"":33719007,""yoy"":9.6,""dist"":120,""far"":800.0,""kind"":""基準"",""asof"":""2026-07-01""},{""addr"":""東京都中央区銀座２丁目２１３番１４"",""use"":""商業"",""price"":4770000,""tsubo"":15768594,""yoy"":18.4,""dist"":230,""far"":600.0,""kind"":""公示"",""asof"":""2026-01-01""},{""addr"":""東京都中央区銀座七丁目２０５番１４"",""use"":""商業"",""price"":5450000,""tsubo"":18016528,""yoy"":19.5,""dist"":280,""far"":700.0,""kind"":""基準"",""asof"":""2026-07-01""}]"
東長崎駅,4,2991735,11.1,2,2561983,2,3421487,"[{""addr"":""東京都豊島区南長崎５丁目３８７２番４外"",""use"":""商業"",""price"":1010000,""tsubo"":3338843,""yoy"":11.0,""dist"":80,""far"":400.0,""kind"":""公示"",""asof"":""2026-01-01""},{""addr"":""東京都豊島区南長崎五丁目３８７２番４外"",""use"":""商業"",""price"":1060000,""tsubo"":3504132,""yoy"":11.2,""dist"":80,""far"":400.0,""kind"":""基準"",""asof"":""2026-07-01""},{""addr"":""東京都豊島区南長崎六丁目３９５２番８"",""use"":""1中専"",""price"":750000,""tsubo"":2479339,""yoy"":10.3,""dist"":380,""far"":200.0,""kind"":""基準"",""asof"":""2026-07-01""},{""addr"":""東京都豊島区長崎三丁目３３番５"",""use"":""1中専"",""price"":800000,""tsubo"":2644628,""yoy"":11.7,""dist"":560,""far"":200.0,""kind"":""基準"",""asof"":""2026-07-01""}]"
東陽町駅,8,2694215,13.2,3,1960331,5,2948760,"[{""addr"":""東京都江東区東陽五丁目２８番７"",""use"":""準工"",""price"":892000,""tsubo"":2948760,""yoy"":12.9,""dist"":370,""far"":300.0,""kind"":""基準"",""asof"":""2026-07-01""},{""addr"":""東京都江東区東陽３丁目１１番２外"",""use"":""商業"",""price"":1120000,""tsubo"":3702479,""yoy"":17.4,""dist"":400,""far"":600.0,""kind"":""公示"",""asof"":""2026-01-01""},{""addr"":""東京都江東区東陽１丁目３０番２"",""use"":""1住居"",""price"":772000,""tsubo"":2552066,""yoy"":13.5,""dist"":500,""far"":300.0,""kind"":""公示"",""asof"":""2026-01-01""},{""addr"":""東京都江東区塩浜２丁目４８３番５１"",""use"":""準工"",""price"":858000,""tsubo"":2836364,""yoy"":14.4,""dist"":770,""far"":300.0,""kind"":""公示"",""asof"":""2026-01-01""},{""addr"":""東京都江東区南砂２丁目４３番２８"",""use"":""1住居"",""price"":567000,""tsubo"":1874380,""yoy"":10.7,""dist"":900,""far"":300.0,""kind"":""公示"",""asof"":""2026-01-01""},{""addr"":""東京都江東区南砂二丁目４３番２８"",""use"":""1住居"",""price"":593000,""tsubo"":1960331,""yoy"":9.6,""dist"":900,""far"":300.0,""kind"":""基準"",""asof"":""2026-07-01""},{""addr"":""東京都江東区南砂２丁目９３８番６"",""use"":""準工"",""price"":895000,""tsubo"":2958678,""yoy"":15.9,""dist"":1100,""far"":400.0,""kind"":""公示"",""asof"":""2026-01-01""},{""addr"":""東京都江東区南砂一丁目２８１番２外"",""use"":""準工"",""price"":618000,""tsubo"":2042975,""yoy"":9.6,""dist"":1300,""far"":300.0,""kind"":""基準"",""asof"":""2026-07-01""}]"
東雲駅,3,2505785,16.7,0,,3,2505785,"[{""addr"":""東京都江東区東雲二丁目１２番３５"",""use"":""準工"",""price"":1150000,""tsubo"":3801653,""yoy"":15.2,""dist"":180,""far"":400.0,""kind"":""基準"",""asof"":""2026-07-01""},{""addr"":""東京都江東区東雲２丁目９番４２"",""use"":""準工"",""price"":700000,""tsubo"":2314050,""yoy"":16.7,""dist"":400,""far"":200.0,""kind"":""公示"",""asof"":""2026-01-01""},{""addr"":""東京都江東区東雲二丁目９番４２"",""use"":""準工"",""price"":758000,""tsubo"":2505785,""yoy"":16.8,""dist"":400,""far"":200.0,""kind"":""基準"",""asof"":""2026-07-01""}]"
東青梅駅,5,380165,1.0,4,358677,1,611570,"[{""addr"":""東京都青梅市東青梅１丁目４番３"",""use"":""商業"",""price"":185000,""tsubo"":611570,""yoy"":1.1,""dist"":80,""far"":400.0,""kind"":""公示"",""asof"":""2026-01-01""},{""addr"":""東京都青梅市勝沼１丁目２００番１２"",""use"":""1住居"",""price"":122000,""tsubo"":403306,""yoy"":0.8,""dist"":500,""far"":200.0,""kind"":""公示"",""asof"":""2026-01-01""},{""addr"":""東京都青梅市千ヶ瀬町４丁目３７２番８"",""use"":""1住居"",""price"":115000,""tsubo"":380165,""yoy"":0.9,""dist"":790,""far"":200.0,""kind"":""公示"",""asof"":""2026-01-01""},{""addr"":""東京都青梅市吹上２６７番１５"",""use"":""1低専"",""price"":102000,""tsubo"":337190,""yoy"":1.0,""dist"":1200,""far"":80.0,""kind"":""基準"",""asof"":""2026-07-01""},{""addr"":""東京都青梅市長淵三丁目２９２番１２"",""use"":""1中専"",""price"":74400,""tsubo"":245950,""yoy"":1.1,""dist"":1500,""far"":200.0,""kind"":""基準"",""asof"":""2026-07-01""}]"
東高円寺駅,6,2393388,9.15,5,2393388,1,6082644,"[{""addr"":""東京都杉並区和田三丁目１３番１４"",""use"":""商業"",""price"":1840000,""tsubo"":6082644,""yoy"":17.2,""dist"":140,""far"":400.0,""kind"":""基準"",""asof"":""2026-07-01""},{""addr"":""東京都杉並区高円寺南１丁目５１１番２８"",""use"":""1中専"",""price"":864000,""tsubo"":2856198,""yoy"":9.6,""dist"":300,""far"":200.0,""kind"":""公示"",""asof"":""2026-01-01""},{""addr"":""東京都杉並区和田３丁目９２番５５"",""use"":""1中専"",""price"":724000,""tsubo"":2393388,""yoy"":8.5,""dist"":390,""far"":200.0,""kind"":""公示"",""asof"":""2026-01-01""},{""addr"":""東京都杉並区高円寺南２丁目３５８番２３"",""use"":""2中専"",""price"":724000,""tsubo"":2393388,""yoy"":8.9,""dist"":500,""far"":200.0,""kind"":""公示"",""asof"":""2026-01-01""},{""addr"":""東京都杉並区和田一丁目１０５２番１５"",""use"":""1低専"",""price"":700000,""tsubo"":2314050,""yoy"":9.4,""dist"":700,""far"":150.0,""kind"":""基準"",""asof"":""2026-07-01""},{""addr"":""東京都杉並区和田２丁目９９７番４７"",""use"":""1低専"",""price"":628000,""tsubo"":2076033,""yoy"":8.1,""dist"":940,""far"":150.0,""kind"":""公示"",""asof"":""2026-01-01""}]"
松原駅,3,2644628,7.0,3,2644628,0,,"[{""addr"":""東京都世田谷区赤堤３丁目２７１番１４"",""use"":""1低専"",""price"":800000,""tsubo"":2644628,""yoy"":7.0,""dist"":320,""far"":100.0,""kind"":""公示"",""asof"":""2026-01-01""},{""addr"":""東京都世田谷区赤堤三丁目２７１番１４"",""use"":""1低専"",""price"":815000,""tsubo"":2694215,""yoy"":5.7,""dist"":320,""far"":100.0,""kind"":""基準"",""asof"":""2026-07-01""},{""addr"":""東京都世田谷区松原４丁目１０７５番７"",""use"":""1低専"",""price"":738000,""tsubo"":2439669,""yoy"":7.0,""dist"":480,""far"":150.0,""kind"":""公示"",""asof"":""2026-01-01""}]"
松陰神社前駅,4,2662809,7.15,3,2624793,1,3130578,"[{""addr"":""東京都世田谷区世田谷４丁目５０番７"",""use"":""近商"",""price"":947000,""tsubo"":3130578,""yoy"":7.1,""dist"":0,""far"":300.0,""kind"":""公示"",""asof"":""2026-01-01""},{""addr"":""東京都世田谷区若林３丁目２１６番６"",""use"":""1中専"",""price"":794000,""tsubo"":2624793,""yoy"":7.6,""dist"":230,""far"":200.0,""kind"":""公示"",""asof"":""2026-01-01""},{""addr"":""東京都世田谷区上馬５丁目９番３４"",""use"":""1低専"",""price"":782000,""tsubo"":2585124,""yoy"":6.1,""dist"":570,""far"":150.0,""kind"":""公示"",""asof"":""2026-01-01""},{""addr"":""東京都世田谷区弦巻１丁目１５番２８"",""use"":""1低専"",""price"":817000,""tsubo"":2700826,""yoy"":7.2,""dist"":650,""far"":100.0,""kind"":""公示"",""asof"":""2026-01-01""}]"
板橋区役所前駅,4,2975206,11.95,1,1904132,3,3570248,"[{""addr"":""東京都板橋区仲宿６３番４外"",""use"":""商業"",""price"":1080000,""tsubo"":3570248,""yoy"":12.9,""dist"":130,""far"":400.0,""kind"":""公示"",""asof"":""2026-01-01""},{""addr"":""東京都板橋区板橋二丁目６５番９外"",""use"":""商業"",""price"":1490000,""tsubo"":4925620,""yoy"":18.3,""dist"":220,""far"":600.0,""kind"":""基準"",""asof"":""2026-07-01""},{""addr"":""東京都板橋区仲宿１９番１２内"",""use"":""1住居"",""price"":576000,""tsubo"":1904132,""yoy"":11.0,""dist"":650,""far"":300.0,""kind"":""公示"",""asof"":""2026-01-01""},{""addr"":""東京都板橋区加賀１丁目３３５６番３"",""use"":""準工"",""price"":720000,""tsubo"":2380165,""yoy"":10.6,""dist"":700,""far"":300.0,""kind"":""公示"",""asof"":""2026-01-01""}]"
板橋本町駅,5,2082645,11.2,2,1932231,3,2204959,"[{""addr"":""東京都板橋区大和町１４番２外"",""use"":""商業"",""price"":1240000,""tsubo"":4099173,""yoy"":17.0,""dist"":0,""far"":600.0,""kind"":""公示"",""asof"":""2026-01-01""},{""addr"":""東京都板橋区大和町３５番３１"",""use"":""1住居"",""price"":630000,""tsubo"":2082645,""yoy"":11.9,""dist"":220,""far"":300.0,""kind"":""公示"",""asof"":""2026-01-01""},{""addr"":""東京都板橋区宮本町３０番１０"",""use"":""準工"",""price"":561000,""tsubo"":1854545,""yoy"":8.9,""dist"":550,""far"":200.0,""kind"":""基準"",""asof"":""2026-07-01""},{""addr"":""東京都板橋区双葉町２番１０"",""use"":""近商"",""price"":667000,""tsubo"":2204959,""yoy"":11.2,""dist"":640,""far"":300.0,""kind"":""基準"",""asof"":""2026-07-01""},{""addr"":""東京都板橋区稲荷台３番２１"",""use"":""1住居"",""price"":539000,""tsubo"":1781818,""yoy"":9.6,""dist"":900,""far"":300.0,""kind"":""公示"",""asof"":""2026-01-01""}]"
板橋駅,5,4066116,17.1,1,2743802,4,4710744,"[{""addr"":""東京都北区滝野川七丁目８番３"",""use"":""商業"",""price"":1970000,""tsubo"":6512396,""yoy"":18.0,""dist"":60,""far"":500.0,""kind"":""基準"",""asof"":""2026-07-01""},{""addr"":""東京都板橋区板橋一丁目１３番６外"",""use"":""商業"",""price"":1620000,""tsubo"":5355372,""yoy"":18.2,""dist"":100,""far"":600.0,""kind"":""基準"",""asof"":""2026-07-01""},{""addr"":""東京都板橋区板橋１丁目４６番７"",""use"":""商業"",""price"":1230000,""tsubo"":4066116,""yoy"":17.1,""dist"":350,""far"":600.0,""kind"":""公示"",""asof"":""2026-01-01""},{""addr"":""東京都北区滝野川６丁目２８番５"",""use"":""近商"",""price"":832000,""tsubo"":2750413,""yoy"":13.7,""dist"":500,""far"":400.0,""kind"":""公示"",""asof"":""2026-01-01""},{""addr"":""東京都北区滝野川七丁目２６番５外"",""use"":""1住居"",""price"":830000,""tsubo"":2743802,""yoy"":14.5,""dist"":520,""far"":300.0,""kind"":""基準"",""asof"":""2026-07-01""}]"
柴又駅,3,1256198,5.0,1,1203306,2,1444628,"[{""addr"":""東京都葛飾区柴又七丁目１６３５番３"",""use"":""商業"",""price"":494000,""tsubo"":1633058,""yoy"":9.8,""dist"":1,""far"":400.0,""kind"":""基準"",""asof"":""2026-07-01""},{""addr"":""東京都葛飾区柴又１丁目１２７７番３"",""use"":""1中専"",""price"":364000,""tsubo"":1203306,""yoy"":4.3,""dist"":450,""far"":200.0,""kind"":""公示"",""asof"":""2026-01-01""},{""addr"":""東京都葛飾区柴又二丁目２３１番２"",""use"":""準工"",""price"":380000,""tsubo"":1256198,""yoy"":5.0,""dist"":800,""far"":200.0,""kind"":""基準"",""asof"":""2026-07-01""}]"
柴崎体育館駅,1,783471,5.3,1,783471,0,,"[{""addr"":""東京都立川市柴崎町五丁目１２３番１１"",""use"":""1低専"",""price"":237000,""tsubo"":783471,""yoy"":5.3,""dist"":800,""far"":80.0,""kind"":""基準"",""asof"":""2026-07-01""}]"
柴崎駅,9,1414876,5.2,7,1414876,2,1386777,"[{""addr"":""東京都調布市菊野台３丁目５番６"",""use"":""1低専"",""price"":450000,""tsubo"":1487603,""yoy"":6.9,""dist"":200,""far"":80.0,""kind"":""公示"",""asof"":""2026-01-01""},{""addr"":""東京都調布市柴崎一丁目６番１外"",""use"":""準住居"",""price"":455000,""tsubo"":1504132,""yoy"":4.1,""dist"":370,""far"":200.0,""kind"":""基準"",""asof"":""2026-07-01""},{""addr"":""東京都調布市菊野台二丁目９番３２"",""use"":""1低専"",""price"":452000,""tsubo"":1494215,""yoy"":5.9,""dist"":500,""far"":80.0,""kind"":""基準"",""asof"":""2026-07-01""},{""addr"":""東京都調布市西つつじケ丘１丁目５番１３"",""use"":""準工"",""price"":448000,""tsubo"":1480992,""yoy"":6.7,""dist"":520,""far"":200.0,""kind"":""公示"",""asof"":""2026-01-01""},{""addr"":""東京都調布市菊野台２丁目５６番３"",""use"":""1低専"",""price"":428000,""tsubo"":1414876,""yoy"":5.2,""dist"":550,""far"":80.0,""kind"":""公示"",""asof"":""2026-01-01""},{""addr"":""東京都調布市柴崎１丁目４５番３７"",""use"":""1低専"",""price"":400000,""tsubo"":1322314,""yoy"":0.0,""dist"":800,""far"":80.0,""kind"":""公示"",""asof"":""2026-01-01""},{""addr"":""東京都調布市柴崎一丁目５０番９"",""use"":""準工"",""price"":391000,""tsubo"":1292562,""yoy"":5.4,""dist"":800,""far"":200.0,""kind"":""基準"",""asof"":""2026-07-01""},{""addr"":""東京都狛江市西野川４丁目９９９番２８"",""use"":""1低専"",""price"":343000,""tsubo"":1133884,""yoy"":4.9,""dist"":1000,""far"":80.0,""kind"":""公示"",""asof"":""2026-01-01""},{""addr"":""東京都狛江市西野川２丁目８４１番１９"",""use"":""1低専"",""price"":343000,""tsubo"":1133884,""yoy"":4.9,""dist"":1500,""far"":80.0,""kind"":""公示"",""asof"":""2026-01-01""}]"
根津駅,3,4628099,13.1,2,4132231,1,7107438,"[{""addr"":""東京都文京区根津１丁目３０９番２"",""use"":""商業"",""price"":2150000,""tsubo"":7107438,""yoy"":18.8,""dist"":60,""far"":600.0,""kind"":""公示"",""asof"":""2026-01-01""},{""addr"":""東京都台東区池之端４丁目２１９番３１"",""use"":""1住居"",""price"":1100000,""tsubo"":3636364,""yoy"":13.1,""dist"":400,""far"":300.0,""kind"":""公示"",""asof"":""2026-01-01""},{""addr"":""東京都文京区弥生２丁目３番６２"",""use"":""2中専"",""price"":1400000,""tsubo"":4628099,""yoy"":12.9,""dist"":450,""far"":300.0,""kind"":""公示"",""asof"":""2026-01-01""}]"
桜上水駅,5,2191735,8.4,3,2128926,2,3487603,"[{""addr"":""東京都世田谷区桜上水４丁目４３０番１２"",""use"":""近商"",""price"":1010000,""tsubo"":3338843,""yoy"":8.8,""dist"":70,""far"":300.0,""kind"":""公示"",""asof"":""2026-01-01""},{""addr"":""東京都杉並区下高井戸３丁目２４２番１"",""use"":""近商"",""price"":1100000,""tsubo"":3636364,""yoy"":17.8,""dist"":350,""far"":300.0,""kind"":""公示"",""asof"":""2026-01-01""},{""addr"":""東京都世田谷区桜上水５丁目４８０番１２"",""use"":""1低専"",""price"":663000,""tsubo"":2191735,""yoy"":5.4,""dist"":420,""far"":100.0,""kind"":""公示"",""asof"":""2026-01-01""},{""addr"":""東京都杉並区下高井戸１丁目１８０番６"",""use"":""1住居"",""price"":644000,""tsubo"":2128926,""yoy"":8.4,""dist"":540,""far"":200.0,""kind"":""公示"",""asof"":""2026-01-01""},{""addr"":""東京都杉並区下高井戸２丁目５５１番１０"",""use"":""1低専"",""price"":634000,""tsubo"":2095868,""yoy"":7.1,""dist"":640,""far"":80.0,""kind"":""公示"",""asof"":""2026-01-01""}]"
桜台駅,4,2948760,9.2,1,2076033,3,3302479,"[{""addr"":""東京都練馬区豊玉上二丁目１４番１８外"",""use"":""商業"",""price"":1270000,""tsubo"":4198347,""yoy"":10.4,""dist"":100,""far"":500.0,""kind"":""基準"",""asof"":""2026-07-01""},{""addr"":""東京都練馬区桜台４丁目６０８０番１１"",""use"":""近商"",""price"":785000,""tsubo"":2595041,""yoy"":8.3,""dist"":180,""far"":300.0,""kind"":""公示"",""asof"":""2026-01-01""},{""addr"":""東京都練馬区桜台４丁目６０３１番３"",""use"":""1中専"",""price"":628000,""tsubo"":2076033,""yoy"":8.1,""dist"":300,""far"":200.0,""kind"":""公示"",""asof"":""2026-01-01""},{""addr"":""東京都練馬区豊玉北４丁目４番５"",""use"":""商業"",""price"":999000,""tsubo"":3302479,""yoy"":10.1,""dist"":540,""far"":400.0,""kind"":""公示"",""asof"":""2026-01-01""}]"
桜新町駅,11,3057851,7.0,8,3019835,3,3900826,"[{""addr"":""東京都世田谷区桜新町２丁目５２５番１３"",""use"":""近商"",""price"":1340000,""tsubo"":4429752,""yoy"":10.7,""dist"":130,""far"":300.0,""kind"":""公示"",""asof"":""2026-01-01""},{""addr"":""東京都世田谷区桜新町一丁目４１３番５"",""use"":""1低専"",""price"":935000,""tsubo"":3090909,""yoy"":7.3,""dist"":210,""far"":100.0,""kind"":""基準"",""asof"":""2026-07-01""},{""addr"":""東京都世田谷区新町３丁目３２４番１２"",""use"":""1低専"",""price"":918000,""tsubo"":3034711,""yoy"":6.4,""dist"":390,""far"":150.0,""kind"":""公示"",""asof"":""2026-01-01""},{""addr"":""東京都世田谷区桜新町２丁目５２１番１"",""use"":""準工"",""price"":1150000,""tsubo"":3801653,""yoy"":10.6,""dist"":430,""far"":200.0,""kind"":""公示"",""asof"":""2026-01-01""},{""addr"":""東京都世田谷区桜新町二丁目５２１番１"",""use"":""準工"",""price"":1180000,""tsubo"":3900826,""yoy"":8.3,""dist"":430,""far"":200.0,""kind"":""基準"",""asof"":""2026-07-01""},{""addr"":""東京都世田谷区用賀２丁目４番５"",""use"":""準住居"",""price"":925000,""tsubo"":3057851,""yoy"":9.6,""dist"":750,""far"":300.0,""kind"":""公示"",""asof"":""2026-01-01""},{""addr"":""東京都世田谷区深沢８丁目１０８番２７"",""use"":""1低専"",""price"":909000,""tsubo"":3004959,""yoy"":0.0,""dist"":800,""far"":100.0,""kind"":""公示"",""asof"":""2026-01-01""},{""addr"":""東京都世田谷区弦巻３丁目１４番１"",""use"":""1中専"",""price"":1010000,""tsubo"":3338843,""yoy"":0.0,""dist"":820,""far"":200.0,""kind"":""公示"",""asof"":""2026-01-01""},{""addr"":""東京都世田谷区駒沢四丁目８０番１５"",""use"":""1低専"",""price"":850000,""tsubo"":2809917,""yoy"":5.7,""dist"":1000,""far"":100.0,""kind"":""基準"",""asof"":""2026-07-01""},{""addr"":""東京都世田谷区新町１丁目６６番８"",""use"":""1低専"",""price"":780000,""tsubo"":2578512,""yoy"":7.0,""dist"":1100,""far"":100.0,""kind"":""公示"",""asof"":""2026-01-01""}]"
桜街道駅,4,633057,2.75,3,654545,1,545455,"[{""addr"":""東京都東大和市上北台三丁目４５９番３"",""use"":""1住居"",""price"":230000,""tsubo"":760331,""yoy"":2.7,""dist"":130,""far"":200.0,""kind"":""基準"",""asof"":""2026-07-01""},{""addr"":""東京都東大和市桜が丘４丁目３１８番３１"",""use"":""1低専"",""price"":185000,""tsubo"":611570,""yoy"":2.8,""dist"":440,""far"":80.0,""kind"":""公示"",""asof"":""2026-01-01""},{""addr"":""東京都東大和市上北台３丁目４４５番１１"",""use"":""1中専"",""price"":198000,""tsubo"":654545,""yoy"":2.6,""dist"":500,""far"":200.0,""kind"":""公示"",""asof"":""2026-01-01""},{""addr"":""東京都東大和市立野３丁目５８０番１外"",""use"":""工業"",""price"":165000,""tsubo"":545455,""yoy"":3.1,""dist"":900,""far"":200.0,""kind"":""公示"",""asof"":""2026-01-01""}]"
梅ヶ丘駅,4,2861157,7.1,3,2836364,1,3603306,"[{""addr"":""東京都世田谷区梅丘一丁目１４６２番１５"",""use"":""近商"",""price"":1090000,""tsubo"":3603306,""yoy"":7.9,""dist"":70,""far"":300.0,""kind"":""基準"",""asof"":""2026-07-01""},{""addr"":""東京都世田谷区梅丘一丁目１４７４番２"",""use"":""1低専"",""price"":873000,""tsubo"":2885950,""yoy"":7.1,""dist"":350,""far"":150.0,""kind"":""基準"",""asof"":""2026-07-01""},{""addr"":""東京都世田谷区代田三丁目４２１番１４"",""use"":""1低専"",""price"":858000,""tsubo"":2836364,""yoy"":7.0,""dist"":460,""far"":150.0,""kind"":""基準"",""asof"":""2026-07-01""},{""addr"":""東京都世田谷区梅丘２丁目１３６３番１１"",""use"":""1低専"",""price"":740000,""tsubo"":2446281,""yoy"":7.1,""dist"":710,""far"":150.0,""kind"":""公示"",""asof"":""2026-01-01""}]"
梅屋敷駅,4,1818182,7.5,2,1818182,2,2548760,"[{""addr"":""東京都大田区大森西六丁目１５番７"",""use"":""商業"",""price"":1010000,""tsubo"":3338843,""yoy"":11.0,""dist"":90,""far"":400.0,""kind"":""基準"",""asof"":""2026-07-01""},{""addr"":""東京都大田区大森中３丁目４８４番２"",""use"":""1住居"",""price"":540000,""tsubo"":1785124,""yoy"":8.0,""dist"":590,""far"":200.0,""kind"":""公示"",""asof"":""2026-01-01""},{""addr"":""東京都大田区大森中三丁目４８４番２"",""use"":""1住居"",""price"":560000,""tsubo"":1851240,""yoy"":6.7,""dist"":590,""far"":200.0,""kind"":""基準"",""asof"":""2026-07-01""},{""addr"":""東京都大田区大森西七丁目２５６番１１外"",""use"":""準工"",""price"":532000,""tsubo"":1758678,""yoy"":7.0,""dist"":800,""far"":300.0,""kind"":""基準"",""asof"":""2026-07-01""}]"
梅島駅,8,1391735,5.65,2,1360330,6,1401653,"[{""addr"":""東京都足立区梅田七丁目１９０４番９"",""use"":""近商"",""price"":796000,""tsubo"":2631405,""yoy"":6.0,""dist"":150,""far"":400.0,""kind"":""基準"",""asof"":""2026-07-01""},{""addr"":""東京都足立区梅島１丁目２９番２３"",""use"":""1住居"",""price"":441000,""tsubo"":1457851,""yoy"":6.0,""dist"":340,""far"":300.0,""kind"":""公示"",""asof"":""2026-01-01""},{""addr"":""東京都足立区梅島三丁目８１８番６"",""use"":""準工"",""price"":401000,""tsubo"":1325620,""yoy"":4.4,""dist"":430,""far"":200.0,""kind"":""基準"",""asof"":""2026-07-01""},{""addr"":""東京都足立区梅田七丁目１５６０番１３"",""use"":""1住居"",""price"":382000,""tsubo"":1262810,""yoy"":5.5,""dist"":800,""far"":300.0,""kind"":""基準"",""asof"":""2026-07-01""},{""addr"":""東京都足立区中央本町一丁目４６３番７"",""use"":""近商"",""price"":463000,""tsubo"":1530578,""yoy"":4.0,""dist"":800,""far"":400.0,""kind"":""基準"",""asof"":""2026-07-01""},{""addr"":""東京都足立区中央本町１丁目２５１２番１"",""use"":""準工"",""price"":447000,""tsubo"":1477686,""yoy"":6.7,""dist"":1000,""far"":300.0,""kind"":""公示"",""asof"":""2026-01-01""},{""addr"":""東京都足立区中央本町４丁目１６４５番１４外"",""use"":""準工"",""price"":345000,""tsubo"":1140496,""yoy"":5.2,""dist"":1100,""far"":300.0,""kind"":""公示"",""asof"":""2026-01-01""},{""addr"":""東京都足立区関原２丁目１６７番４"",""use"":""準工"",""price"":308000,""tsubo"":1018182,""yoy"":5.8,""dist"":1100,""far"":200.0,""kind"":""公示"",""asof"":""2026-01-01""}]"
梶原駅,2,2077685,11.6,1,1963636,1,2191735,"[{""addr"":""東京都北区堀船３丁目２９番２１"",""use"":""近商"",""price"":663000,""tsubo"":2191735,""yoy"":12.8,""dist"":90,""far"":300.0,""kind"":""公示"",""asof"":""2026-01-01""},{""addr"":""東京都北区堀船３丁目１９番８"",""use"":""1住居"",""price"":594000,""tsubo"":1963636,""yoy"":10.4,""dist"":400,""far"":200.0,""kind"":""公示"",""asof"":""2026-01-01""}]"
森下駅,4,3009917,15.6,0,,4,3009917,"[{""addr"":""東京都墨田区千歳三丁目８番５"",""use"":""商業"",""price"":1180000,""tsubo"":3900826,""yoy"":15.7,""dist"":230,""far"":500.0,""kind"":""基準"",""asof"":""2026-07-01""},{""addr"":""東京都江東区高橋３番１３"",""use"":""近商"",""price"":906000,""tsubo"":2995041,""yoy"":17.2,""dist"":360,""far"":400.0,""kind"":""公示"",""asof"":""2026-01-01""},{""addr"":""東京都墨田区立川２丁目１番１３外"",""use"":""準工"",""price"":671000,""tsubo"":2218182,""yoy"":13.5,""dist"":560,""far"":300.0,""kind"":""公示"",""asof"":""2026-01-01""},{""addr"":""東京都墨田区千歳１丁目６番７"",""use"":""準工"",""price"":915000,""tsubo"":3024793,""yoy"":15.5,""dist"":650,""far"":400.0,""kind"":""公示"",""asof"":""2026-01-01""}]"
椎名町駅,3,3057851,11.4,1,2499173,2,3330578,"[{""addr"":""東京都豊島区長崎一丁目５４番１３外"",""use"":""近商"",""price"":925000,""tsubo"":3057851,""yoy"":11.4,""dist"":200,""far"":300.0,""kind"":""基準"",""asof"":""2026-07-01""},{""addr"":""東京都豊島区南長崎１丁目２０３１番８"",""use"":""近商"",""price"":1090000,""tsubo"":3603306,""yoy"":14.6,""dist"":610,""far"":400.0,""kind"":""公示"",""asof"":""2026-01-01""},{""addr"":""東京都豊島区南長崎２丁目２０８０番１３"",""use"":""1中専"",""price"":756000,""tsubo"":2499173,""yoy"":11.2,""dist"":650,""far"":200.0,""kind"":""公示"",""asof"":""2026-01-01""}]"
武蔵五日市駅,7,233719,0.0,6,227272,1,330248,"[{""addr"":""東京都あきる野市舘谷字追原１４２番１６外"",""use"":""1低専"",""price"":85000,""tsubo"":280992,""yoy"":0.0,""dist"":450,""far"":80.0,""kind"":""公示"",""asof"":""2026-01-01""},{""addr"":""東京都あきる野市五日市字原ヶ谷戸３７６番３"",""use"":""1低専"",""price"":84300,""tsubo"":278678,""yoy"":0.0,""dist"":680,""far"":100.0,""kind"":""基準"",""asof"":""2026-07-01""},{""addr"":""東京都あきる野市留原字中村７６１番８"",""use"":""1低専"",""price"":70700,""tsubo"":233719,""yoy"":0.0,""dist"":700,""far"":80.0,""kind"":""公示"",""asof"":""2026-01-01""},{""addr"":""東京都あきる野市五日市字中宿１８番１"",""use"":""近商"",""price"":99900,""tsubo"":330248,""yoy"":0.0,""dist"":700,""far"":300.0,""kind"":""基準"",""asof"":""2026-07-01""},{""addr"":""東京都あきる野市高尾字橋本１８５番４"",""use"":""1低専"",""price"":66800,""tsubo"":220826,""yoy"":0.0,""dist"":1200,""far"":80.0,""kind"":""公示"",""asof"":""2026-01-01""},{""addr"":""東京都あきる野市小和田字北ノ前１４０番８"",""use"":""_"",""price"":51500,""tsubo"":170248,""yoy"":0.0,""dist"":1500,""far"":80.0,""kind"":""公示"",""asof"":""2026-01-01""},{""addr"":""東京都あきる野市留原字東３２番２"",""use"":""1低専"",""price"":61000,""tsubo"":201653,""yoy"":0.0,""dist"":1500,""far"":80.0,""kind"":""基準"",""asof"":""2026-07-01""}]"
武蔵境駅,18,1709091,5.3,13,1609917,5,3123967,"[{""addr"":""東京都武蔵野市境南町２丁目５４８番３"",""use"":""商業"",""price"":2130000,""tsubo"":7041322,""yoy"":9.8,""dist"":0,""far"":500.0,""kind"":""公示"",""asof"":""2026-01-01""},{""addr"":""東京都武蔵野市境二丁目５０４番２６"",""use"":""商業"",""price"":1460000,""tsubo"":4826446,""yoy"":7.4,""dist"":280,""far"":500.0,""kind"":""基準"",""asof"":""2026-07-01""},{""addr"":""東京都武蔵野市境南町２丁目５９１番１外"",""use"":""近商"",""price"":945000,""tsubo"":3123967,""yoy"":7.4,""dist"":320,""far"":300.0,""kind"":""公示"",""asof"":""2026-01-01""},{""addr"":""東京都武蔵野市境１丁目４８６番４９"",""use"":""近商"",""price"":762000,""tsubo"":2519008,""yoy"":6.9,""dist"":410,""far"":300.0,""kind"":""公示"",""asof"":""2026-01-01""},{""addr"":""東京都武蔵野市境南町１丁目１００番４５"",""use"":""1低専"",""price"":574000,""tsubo"":1897521,""yoy"":5.5,""dist"":550,""far"":80.0,""kind"":""公示"",""asof"":""2026-01-01""},{""addr"":""東京都武蔵野市境南町３丁目８０５番４９"",""use"":""1低専"",""price"":577000,""tsubo"":1907438,""yoy"":5.9,""dist"":640,""far"":100.0,""kind"":""公示"",""asof"":""2026-01-01""},{""addr"":""東京都武蔵野市境２丁目１２９８番３１"",""use"":""1低専"",""price"":559000,""tsubo"":1847934,""yoy"":5.3,""dist"":700,""far"":80.0,""kind"":""公示"",""asof"":""2026-01-01""},{""addr"":""東京都武蔵野市境三丁目３２４番３３外"",""use"":""1低専"",""price"":583000,""tsubo"":1927273,""yoy"":5.2,""dist"":700,""far"":80.0,""kind"":""基準"",""asof"":""2026-07-01""},{""addr"":""東京都武蔵野市関前５丁目１２３２番５"",""use"":""1低専"",""price"":487000,""tsubo"":1609917,""yoy"":4.1,""dist"":1100,""far"":80.0,""kind"":""公示"",""asof"":""2026-01-01""},{""addr"":""東京都三鷹市井口３丁目１９２番１"",""use"":""1低専"",""price"":450000,""tsubo"":1487603,""yoy"":5.6,""dist"":1100,""far"":80.0,""kind"":""公示"",""asof"":""2026-01-01""}]"
武蔵増戸駅,6,305950,0.1,6,305950,0,,"[{""addr"":""東京都あきる野市伊奈字北伊奈前９０３番９"",""use"":""1低専"",""price"":112000,""tsubo"":370248,""yoy"":0.9,""dist"":400,""far"":80.0,""kind"":""公示"",""asof"":""2026-01-01""},{""addr"":""東京都あきる野市伊奈字前原１２５８番２７"",""use"":""1低専"",""price"":93200,""tsubo"":308099,""yoy"":0.2,""dist"":600,""far"":80.0,""kind"":""基準"",""asof"":""2026-07-01""},{""addr"":""東京都あきる野市山田字上分９５６番７"",""use"":""1低専"",""price"":90000,""tsubo"":297521,""yoy"":0.0,""dist"":840,""far"":80.0,""kind"":""公示"",""asof"":""2026-01-01""},{""addr"":""東京都西多摩郡日の出町大字平井字東本宿２０２４番７"",""use"":""2低専"",""price"":99800,""tsubo"":329917,""yoy"":0.2,""dist"":850,""far"":100.0,""kind"":""公示"",""asof"":""2026-01-01""},{""addr"":""東京都あきる野市伊奈字新宿１１３２番５"",""use"":""1中専"",""price"":91900,""tsubo"":303802,""yoy"":0.0,""dist"":1100,""far"":200.0,""kind"":""公示"",""asof"":""2026-01-01""},{""addr"":""東京都西多摩郡日の出町大字平井字中野２１９６番１６７"",""use"":""1低専"",""price"":62700,""tsubo"":207273,""yoy"":0.0,""dist"":1500,""far"":80.0,""kind"":""基準"",""asof"":""2026-07-01""}]"
武蔵大和駅,9,552066,2.6,7,522314,2,583471,"[{""addr"":""東京都東大和市清水３丁目７８４番１２"",""use"":""1低専"",""price"":180000,""tsubo"":595041,""yoy"":2.3,""dist"":400,""far"":80.0,""kind"":""公示"",""asof"":""2026-01-01""},{""addr"":""東京都東大和市狭山三丁目１３１１番４"",""use"":""近商"",""price"":177000,""tsubo"":585124,""yoy"":2.3,""dist"":500,""far"":200.0,""kind"":""基準"",""asof"":""2026-07-01""},{""addr"":""東京都東大和市清水４丁目９６８番３４"",""use"":""1低専"",""price"":167000,""tsubo"":552066,""yoy"":2.5,""dist"":900,""far"":100.0,""kind"":""公示"",""asof"":""2026-01-01""},{""addr"":""東京都東村山市富士見町四丁目８番３６"",""use"":""1低専"",""price"":185000,""tsubo"":611570,""yoy"":2.8,""dist"":1000,""far"":100.0,""kind"":""基準"",""asof"":""2026-07-01""},{""addr"":""東京都東大和市湖畔３丁目９７２番１３"",""use"":""1低専"",""price"":136000,""tsubo"":449587,""yoy"":3.0,""dist"":1200,""far"":80.0,""kind"":""公示"",""asof"":""2026-01-01""},{""addr"":""東京都東大和市清水６丁目１２５７番１２"",""use"":""近商"",""price"":176000,""tsubo"":581818,""yoy"":2.3,""dist"":1200,""far"":200.0,""kind"":""公示"",""asof"":""2026-01-01""},{""addr"":""東京都東大和市狭山五丁目１６１４番１９"",""use"":""1低専"",""price"":150000,""tsubo"":495868,""yoy"":2.7,""dist"":1200,""far"":80.0,""kind"":""基準"",""asof"":""2026-07-01""},{""addr"":""東京都東大和市高木３丁目２６８番９"",""use"":""1低専"",""price"":153000,""tsubo"":505785,""yoy"":2.7,""dist"":1300,""far"":80.0,""kind"":""公示"",""asof"":""2026-01-01""},{""addr"":""東京都東大和市清水六丁目１１８４番３"",""use"":""1低専"",""price"":158000,""tsubo"":522314,""yoy"":2.6,""dist"":1300,""far"":80.0,""kind"":""基準"",""asof"":""2026-07-01""}]"
武蔵小山駅,7,4297520,13.4,3,3603306,4,5057851,"[{""addr"":""東京都品川区小山３丁目１３７番６外"",""use"":""商業"",""price"":2280000,""tsubo"":7537190,""yoy"":16.9,""dist"":220,""far"":500.0,""kind"":""公示"",""asof"":""2026-01-01""},{""addr"":""東京都目黒区目黒本町５丁目２２番３外"",""use"":""近商"",""price"":1360000,""tsubo"":4495868,""yoy"":0.0,""dist"":230,""far"":300.0,""kind"":""公示"",""asof"":""2026-01-01""},{""addr"":""東京都品川区小山台１丁目１６６番９"",""use"":""近商"",""price"":1290000,""tsubo"":4264463,""yoy"":12.2,""dist"":240,""far"":300.0,""kind"":""公示"",""asof"":""2026-01-01""},{""addr"":""東京都品川区荏原４丁目１５７番２外"",""use"":""商業"",""price"":1700000,""tsubo"":5619834,""yoy"":16.4,""dist"":400,""far"":500.0,""kind"":""公示"",""asof"":""2026-01-01""},{""addr"":""東京都目黒区目黒本町５丁目１０５番１"",""use"":""1住居"",""price"":932000,""tsubo"":3080992,""yoy"":13.4,""dist"":550,""far"":200.0,""kind"":""公示"",""asof"":""2026-01-01""},{""addr"":""東京都品川区荏原三丁目２００番２８"",""use"":""1住居"",""price"":1090000,""tsubo"":3603306,""yoy"":11.2,""dist"":580,""far"":300.0,""kind"":""基準"",""asof"":""2026-07-01""},{""addr"":""東京都目黒区目黒本町３丁目１３６番１外"",""use"":""1住居"",""price"":1300000,""tsubo"":4297520,""yoy"":14.0,""dist"":650,""far"":300.0,""kind"":""公示"",""asof"":""2026-01-01""}]"
武蔵小金井駅,23,1414876,4.7,18,1307438,5,2168595,"[{""addr"":""東京都小金井市本町５丁目１７７９番１３外"",""use"":""商業"",""price"":1990000,""tsubo"":6578512,""yoy"":9.3,""dist"":0,""far"":500.0,""kind"":""公示"",""asof"":""2026-01-01""},{""addr"":""東京都小金井市本町一丁目１８８１番１１"",""use"":""商業"",""price"":2040000,""tsubo"":6743801,""yoy"":8.5,""dist"":100,""far"":500.0,""kind"":""基準"",""asof"":""2026-07-01""},{""addr"":""東京都小金井市本町１丁目１８５８番５外"",""use"":""近商"",""price"":656000,""tsubo"":2168595,""yoy"":6.7,""dist"":300,""far"":300.0,""kind"":""公示"",""asof"":""2026-01-01""},{""addr"":""東京都小金井市本町３丁目２５９１番１４外"",""use"":""近商"",""price"":632000,""tsubo"":2089256,""yoy"":8.4,""dist"":560,""far"":300.0,""kind"":""公示"",""asof"":""2026-01-01""},{""addr"":""東京都小金井市本町三丁目２５９１番１４外"",""use"":""近商"",""price"":648000,""tsubo"":2142149,""yoy"":7.8,""dist"":560,""far"":300.0,""kind"":""基準"",""asof"":""2026-07-01""},{""addr"":""東京都小金井市本町６丁目１６９２番１３"",""use"":""1中専"",""price"":523000,""tsubo"":1728926,""yoy"":5.9,""dist"":590,""far"":200.0,""kind"":""公示"",""asof"":""2026-01-01""},{""addr"":""東京都小金井市本町五丁目１７２８番４０"",""use"":""1低専"",""price"":550000,""tsubo"":1818182,""yoy"":6.0,""dist"":700,""far"":80.0,""kind"":""基準"",""asof"":""2026-07-01""},{""addr"":""東京都小金井市本町２丁目２５３３番４０"",""use"":""1中専"",""price"":467000,""tsubo"":1543802,""yoy"":5.9,""dist"":770,""far"":200.0,""kind"":""公示"",""asof"":""2026-01-01""},{""addr"":""東京都小金井市本町４丁目２６６２番３"",""use"":""1低専"",""price"":422000,""tsubo"":1395041,""yoy"":5.8,""dist"":900,""far"":80.0,""kind"":""公示"",""asof"":""2026-01-01""},{""addr"":""東京都小金井市中町３丁目２１２９番７"",""use"":""1低専"",""price"":437000,""tsubo"":1444628,""yoy"":4.5,""dist"":900,""far"":100.0,""kind"":""公示"",""asof"":""2026-01-01""}]"
武蔵引田駅,5,306116,0.4,5,306116,0,,"[{""addr"":""東京都西多摩郡日の出町大字平井字三吉野桜木２０９番３"",""use"":""1低専"",""price"":130000,""tsubo"":429752,""yoy"":0.8,""dist"":980,""far"":100.0,""kind"":""公示"",""asof"":""2026-01-01""},{""addr"":""東京都あきる野市引田字静ノ郷６１３番５"",""use"":""1低専"",""price"":95000,""tsubo"":314050,""yoy"":0.3,""dist"":1000,""far"":80.0,""kind"":""公示"",""asof"":""2026-01-01""},{""addr"":""東京都西多摩郡日の出町大字平井字三吉野宿通１３４０番２"",""use"":""1低専"",""price"":82300,""tsubo"":272066,""yoy"":0.0,""dist"":1400,""far"":80.0,""kind"":""基準"",""asof"":""2026-07-01""},{""addr"":""東京都西多摩郡日の出町大字平井字三吉野下平井１０５８番１"",""use"":""1低専"",""price"":81200,""tsubo"":268430,""yoy"":0.4,""dist"":1500,""far"":80.0,""kind"":""公示"",""asof"":""2026-01-01""},{""addr"":""東京都西多摩郡日の出町大字平井字三吉野清坊６８６番１２"",""use"":""1住居"",""price"":92600,""tsubo"":306116,""yoy"":0.8,""dist"":1500,""far"":200.0,""kind"":""公示"",""asof"":""2026-01-01""}]"
武蔵新田駅,6,1978512,8.45,1,1950413,5,2006611,"[{""addr"":""東京都大田区矢口一丁目２７２番４外"",""use"":""近商"",""price"":867000,""tsubo"":2866116,""yoy"":10.0,""dist"":100,""far"":300.0,""kind"":""基準"",""asof"":""2026-07-01""},{""addr"":""東京都大田区下丸子一丁目４３番２"",""use"":""1住居"",""price"":590000,""tsubo"":1950413,""yoy"":8.5,""dist"":410,""far"":200.0,""kind"":""基準"",""asof"":""2026-07-01""},{""addr"":""東京都大田区千鳥２丁目３８番３１"",""use"":""準工"",""price"":607000,""tsubo"":2006611,""yoy"":8.4,""dist"":450,""far"":200.0,""kind"":""公示"",""asof"":""2026-01-01""},{""addr"":""東京都大田区矢口２丁目７８番１"",""use"":""準工"",""price"":587000,""tsubo"":1940496,""yoy"":7.5,""dist"":650,""far"":200.0,""kind"":""公示"",""asof"":""2026-01-01""},{""addr"":""東京都大田区下丸子２丁目２３５番２"",""use"":""準工"",""price"":509000,""tsubo"":1682645,""yoy"":8.3,""dist"":700,""far"":200.0,""kind"":""公示"",""asof"":""2026-01-01""},{""addr"":""東京都大田区下丸子２丁目２７２番４外"",""use"":""工業"",""price"":656000,""tsubo"":2168595,""yoy"":10.8,""dist"":800,""far"":200.0,""kind"":""公示"",""asof"":""2026-01-01""}]"
武蔵砂川駅,7,661157,5.0,6,669421,1,661157,"[{""addr"":""東京都立川市上砂町４丁目４６番２７"",""use"":""1低専"",""price"":210000,""tsubo"":694215,""yoy"":5.0,""dist"":400,""far"":80.0,""kind"":""公示"",""asof"":""2026-01-01""},{""addr"":""東京都立川市上砂町三丁目４５番１４"",""use"":""1低専"",""price"":200000,""tsubo"":661157,""yoy"":8.1,""dist"":850,""far"":80.0,""kind"":""基準"",""asof"":""2026-07-01""},{""addr"":""東京都立川市砂川町３丁目５番１外"",""use"":""1住居"",""price"":224000,""tsubo"":740496,""yoy"":5.2,""dist"":1000,""far"":200.0,""kind"":""公示"",""asof"":""2026-01-01""},{""addr"":""東京都武蔵村山市大南１丁目１５８番１"",""use"":""1中専"",""price"":167000,""tsubo"":552066,""yoy"":2.5,""dist"":1000,""far"":200.0,""kind"":""公示"",""asof"":""2026-01-01""},{""addr"":""東京都武蔵村山市大南一丁目１５８番１"",""use"":""1中専"",""price"":169000,""tsubo"":558678,""yoy"":2.4,""dist"":1000,""far"":200.0,""kind"":""基準"",""asof"":""2026-07-01""},{""addr"":""東京都立川市砂川町４丁目２７番３２外"",""use"":""1低専"",""price"":205000,""tsubo"":677686,""yoy"":4.6,""dist"":1100,""far"":80.0,""kind"":""公示"",""asof"":""2026-01-01""},{""addr"":""東京都立川市一番町４丁目４２番２"",""use"":""工業"",""price"":200000,""tsubo"":661157,""yoy"":5.8,""dist"":1200,""far"":200.0,""kind"":""公示"",""asof"":""2026-01-01""}]"
武蔵野台駅,3,1252893,7.1,3,1252893,0,,"[{""addr"":""東京都府中市白糸台２丁目１３番２８"",""use"":""1低専"",""price"":392000,""tsubo"":1295868,""yoy"":7.4,""dist"":420,""far"":80.0,""kind"":""公示"",""asof"":""2026-01-01""},{""addr"":""東京都府中市白糸台三丁目１４番２５"",""use"":""1中専"",""price"":379000,""tsubo"":1252893,""yoy"":7.1,""dist"":730,""far"":200.0,""kind"":""基準"",""asof"":""2026-07-01""},{""addr"":""東京都府中市小柳町３丁目７番７０"",""use"":""1低専"",""price"":315000,""tsubo"":1041322,""yoy"":3.6,""dist"":780,""far"":100.0,""kind"":""公示"",""asof"":""2026-01-01""}]"
武蔵関駅,12,1576859,6.15,10,1555372,2,2583471,"[{""addr"":""東京都練馬区関町北２丁目５６８番９"",""use"":""近商"",""price"":926000,""tsubo"":3061157,""yoy"":7.9,""dist"":0,""far"":400.0,""kind"":""公示"",""asof"":""2026-01-01""},{""addr"":""東京都練馬区関町北２丁目６２８番２３"",""use"":""1中専"",""price"":510000,""tsubo"":1685950,""yoy"":6.3,""dist"":410,""far"":150.0,""kind"":""公示"",""asof"":""2026-01-01""},{""addr"":""東京都練馬区関町北二丁目６２８番２３"",""use"":""1中専"",""price"":526000,""tsubo"":1738843,""yoy"":5.6,""dist"":410,""far"":150.0,""kind"":""基準"",""asof"":""2026-07-01""},{""addr"":""東京都練馬区関町東一丁目４６番７"",""use"":""1低専"",""price"":488000,""tsubo"":1613223,""yoy"":5.6,""dist"":570,""far"":100.0,""kind"":""基準"",""asof"":""2026-07-01""},{""addr"":""東京都練馬区関町南４丁目７４３番１"",""use"":""近商"",""price"":637000,""tsubo"":2105785,""yoy"":7.8,""dist"":710,""far"":300.0,""kind"":""公示"",""asof"":""2026-01-01""},{""addr"":""東京都練馬区関町北４丁目４２９番２３外"",""use"":""1低専"",""price"":430000,""tsubo"":1421488,""yoy"":6.2,""dist"":770,""far"":100.0,""kind"":""公示"",""asof"":""2026-01-01""},{""addr"":""東京都練馬区関町北５丁目３３２番６"",""use"":""1低専"",""price"":409000,""tsubo"":1352066,""yoy"":5.7,""dist"":800,""far"":100.0,""kind"":""公示"",""asof"":""2026-01-01""},{""addr"":""東京都練馬区上石神井４丁目７２５番１０"",""use"":""1低専"",""price"":443000,""tsubo"":1464463,""yoy"":6.2,""dist"":810,""far"":100.0,""kind"":""公示"",""asof"":""2026-01-01""},{""addr"":""東京都練馬区関町南三丁目７８２番１４"",""use"":""1低専"",""price"":471000,""tsubo"":1557025,""yoy"":5.4,""dist"":850,""far"":100.0,""kind"":""基準"",""asof"":""2026-07-01""},{""addr"":""東京都練馬区南大泉１丁目１９１番４０"",""use"":""1低専"",""price"":353000,""tsubo"":1166942,""yoy"":3.5,""dist"":1400,""far"":100.0,""kind"":""公示"",""asof"":""2026-01-01""}]"
水天宮前駅,7,6280992,16.7,0,,7,6280992,"[{""addr"":""東京都中央区日本橋蛎殻町２丁目１３番１５"",""use"":""商業"",""price"":1700000,""tsubo"":5619834,""yoy"":18.9,""dist"":130,""far"":700.0,""kind"":""公示"",""asof"":""2026-01-01""},{""addr"":""東京都中央区日本橋蛎殻町１丁目１６番５外"",""use"":""商業"",""price"":3710000,""tsubo"":12264462,""yoy"":18.5,""dist"":200,""far"":700.0,""kind"":""公示"",""asof"":""2026-01-01""},{""addr"":""東京都中央区日本橋蛎殻町一丁目２６番１０外"",""use"":""商業"",""price"":2380000,""tsubo"":7867768,""yoy"":16.7,""dist"":210,""far"":500.0,""kind"":""基準"",""asof"":""2026-07-01""},{""addr"":""東京都中央区日本橋箱崎町２０番３３外"",""use"":""商業"",""price"":1960000,""tsubo"":6479339,""yoy"":19.5,""dist"":220,""far"":500.0,""kind"":""公示"",""asof"":""2026-01-01""},{""addr"":""東京都中央区日本橋箱崎町３５番２"",""use"":""商業"",""price"":1700000,""tsubo"":5619834,""yoy"":16.4,""dist"":250,""far"":500.0,""kind"":""基準"",""asof"":""2026-07-01""},{""addr"":""東京都中央区日本橋中洲１０番２"",""use"":""商業"",""price"":1900000,""tsubo"":6280992,""yoy"":14.5,""dist"":370,""far"":500.0,""kind"":""公示"",""asof"":""2026-01-01""},{""addr"":""東京都江東区佐賀２丁目１４番１"",""use"":""準工"",""price"":769000,""tsubo"":2542149,""yoy"":15.5,""dist"":680,""far"":300.0,""kind"":""公示"",""asof"":""2026-01-01""}]"
水道橋駅,8,13107437,16.9,0,,8,13107437,"[{""addr"":""東京都文京区本郷１丁目２３番２２外"",""use"":""商業"",""price"":3550000,""tsubo"":11735537,""yoy"":18.3,""dist"":0,""far"":600.0,""kind"":""公示"",""asof"":""2026-01-01""},{""addr"":""東京都千代田区神田三崎町３丁目７番８外"",""use"":""商業"",""price"":4470000,""tsubo"":14776859,""yoy"":12.6,""dist"":120,""far"":600.0,""kind"":""公示"",""asof"":""2026-01-01""},{""addr"":""東京都千代田区飯田橋３丁目２５番２外"",""use"":""商業"",""price"":4980000,""tsubo"":16462809,""yoy"":12.7,""dist"":200,""far"":500.0,""kind"":""公示"",""asof"":""2026-01-01""},{""addr"":""東京都千代田区神田三崎町３丁目５番８外"",""use"":""商業"",""price"":2230000,""tsubo"":7371901,""yoy"":20.5,""dist"":290,""far"":500.0,""kind"":""公示"",""asof"":""2026-01-01""},{""addr"":""東京都文京区本郷１丁目１０７番１"",""use"":""近商"",""price"":2900000,""tsubo"":9586776,""yoy"":20.8,""dist"":320,""far"":400.0,""kind"":""公示"",""asof"":""2026-01-01""},{""addr"":""東京都千代田区西神田一丁目４番２外"",""use"":""商業"",""price"":5700000,""tsubo"":18842974,""yoy"":8.6,""dist"":340,""far"":700.0,""kind"":""基準"",""asof"":""2026-07-01""},{""addr"":""東京都文京区後楽１丁目４番９８外"",""use"":""商業"",""price"":4380000,""tsubo"":14479338,""yoy"":16.2,""dist"":400,""far"":500.0,""kind"":""公示"",""asof"":""2026-01-01""},{""addr"":""東京都千代田区神田猿楽町２丁目４番２"",""use"":""商業"",""price"":2540000,""tsubo"":8396694,""yoy"":17.6,""dist"":440,""far"":500.0,""kind"":""公示"",""asof"":""2026-01-01""}]"
氷川台駅,9,1851240,7.5,6,1842975,3,2813223,"[{""addr"":""東京都練馬区氷川台３丁目３２１番４外"",""use"":""近商"",""price"":851000,""tsubo"":2813223,""yoy"":8.1,""dist"":120,""far"":300.0,""kind"":""公示"",""asof"":""2026-01-01""},{""addr"":""東京都練馬区氷川台三丁目３２１番４外"",""use"":""近商"",""price"":890000,""tsubo"":2942149,""yoy"":8.5,""dist"":120,""far"":300.0,""kind"":""基準"",""asof"":""2026-07-01""},{""addr"":""東京都練馬区氷川台３丁目９２番１８"",""use"":""1住居"",""price"":565000,""tsubo"":1867769,""yoy"":7.6,""dist"":500,""far"":200.0,""kind"":""公示"",""asof"":""2026-01-01""},{""addr"":""東京都練馬区氷川台４丁目８４番１４"",""use"":""1低専"",""price"":560000,""tsubo"":1851240,""yoy"":7.5,""dist"":550,""far"":200.0,""kind"":""公示"",""asof"":""2026-01-01""},{""addr"":""東京都練馬区早宮一丁目５６番３９"",""use"":""1低専"",""price"":555000,""tsubo"":1834711,""yoy"":7.8,""dist"":550,""far"":100.0,""kind"":""基準"",""asof"":""2026-07-01""},{""addr"":""東京都練馬区羽沢３丁目２６番２"",""use"":""準工"",""price"":548000,""tsubo"":1811570,""yoy"":7.0,""dist"":700,""far"":200.0,""kind"":""公示"",""asof"":""2026-01-01""},{""addr"":""東京都練馬区桜台五丁目５７４９番１６"",""use"":""1低専"",""price"":570000,""tsubo"":1884297,""yoy"":7.3,""dist"":810,""far"":100.0,""kind"":""基準"",""asof"":""2026-07-01""},{""addr"":""東京都練馬区桜台６丁目５６０５番２８"",""use"":""1低専"",""price"":532000,""tsubo"":1758678,""yoy"":7.0,""dist"":830,""far"":100.0,""kind"":""公示"",""asof"":""2026-01-01""},{""addr"":""東京都練馬区氷川台２丁目１３５番１３"",""use"":""1低専"",""price"":512000,""tsubo"":1692562,""yoy"":0.0,""dist"":950,""far"":200.0,""kind"":""公示"",""asof"":""2026-01-01""}]"
永田町駅,4,11008264,10.65,3,9256198,1,12760330,"[{""addr"":""東京都千代田区紀尾井町１番４外"",""use"":""2住居"",""price"":4200000,""tsubo"":13884297,""yoy"":7.7,""dist"":150,""far"":300.0,""kind"":""公示"",""asof"":""2026-01-01""},{""addr"":""東京都千代田区永田町２丁目２７番１"",""use"":""商業"",""price"":3860000,""tsubo"":12760330,""yoy"":18.0,""dist"":160,""far"":500.0,""kind"":""公示"",""asof"":""2026-01-01""},{""addr"":""東京都千代田区平河町２丁目２１番１"",""use"":""2住居"",""price"":2510000,""tsubo"":8297520,""yoy"":10.6,""dist"":240,""far"":400.0,""kind"":""公示"",""asof"":""2026-01-01""},{""addr"":""東京都千代田区紀尾井町３番２７外"",""use"":""2住居"",""price"":2800000,""tsubo"":9256198,""yoy"":10.7,""dist"":300,""far"":400.0,""kind"":""公示"",""asof"":""2026-01-01""}]"
永福町駅,4,2684297,7.9,3,2641322,1,5223140,"[{""addr"":""東京都杉並区永福４丁目４７番２５"",""use"":""近商"",""price"":1580000,""tsubo"":5223140,""yoy"":17.9,""dist"":90,""far"":300.0,""kind"":""公示"",""asof"":""2026-01-01""},{""addr"":""東京都杉並区永福一丁目３８７番７"",""use"":""1低専"",""price"":825000,""tsubo"":2727273,""yoy"":6.9,""dist"":360,""far"":100.0,""kind"":""基準"",""asof"":""2026-07-01""},{""addr"":""東京都杉並区和泉３丁目７３４番８"",""use"":""1低専"",""price"":799000,""tsubo"":2641322,""yoy"":8.0,""dist"":600,""far"":100.0,""kind"":""公示"",""asof"":""2026-01-01""},{""addr"":""東京都杉並区大宮１丁目１６３４番６"",""use"":""1低専"",""price"":582000,""tsubo"":1923967,""yoy"":7.8,""dist"":1000,""far"":100.0,""kind"":""公示"",""asof"":""2026-01-01""}]"
汐留駅,2,28859503,8.95,0,,2,28859503,"[{""addr"":""東京都港区東新橋１丁目１２番２外"",""use"":""商業"",""price"":12400000,""tsubo"":40991734,""yoy"":4.2,""dist"":240,""far"":700.0,""kind"":""公示"",""asof"":""2026-01-01""},{""addr"":""東京都港区東新橋２丁目５９番６外"",""use"":""商業"",""price"":5060000,""tsubo"":16727272,""yoy"":13.7,""dist"":270,""far"":700.0,""kind"":""公示"",""asof"":""2026-01-01""}]"
江北駅,5,1071074,5.9,2,1117355,3,892562,"[{""addr"":""東京都足立区扇三丁目２００番５"",""use"":""近商"",""price"":590000,""tsubo"":1950413,""yoy"":6.3,""dist"":140,""far"":400.0,""kind"":""基準"",""asof"":""2026-07-01""},{""addr"":""東京都足立区江北５丁目６６６番"",""use"":""1中専"",""price"":352000,""tsubo"":1163636,""yoy"":5.7,""dist"":490,""far"":200.0,""kind"":""公示"",""asof"":""2026-01-01""},{""addr"":""東京都足立区興野２丁目８１５番１５"",""use"":""1中専"",""price"":324000,""tsubo"":1071074,""yoy"":5.9,""dist"":780,""far"":200.0,""kind"":""公示"",""asof"":""2026-01-01""},{""addr"":""東京都足立区堀之内２丁目２番８外"",""use"":""準工"",""price"":270000,""tsubo"":892562,""yoy"":7.1,""dist"":1400,""far"":300.0,""kind"":""公示"",""asof"":""2026-01-01""},{""addr"":""東京都足立区堀之内２丁目１２番３"",""use"":""準工"",""price"":255000,""tsubo"":842975,""yoy"":4.5,""dist"":1500,""far"":200.0,""kind"":""公示"",""asof"":""2026-01-01""}]"
江古田駅,4,2647934,8.65,2,2152066,2,3332231,"[{""addr"":""東京都練馬区栄町６番２０外"",""use"":""商業"",""price"":1070000,""tsubo"":3537190,""yoy"":9.5,""dist"":200,""far"":500.0,""kind"":""公示"",""asof"":""2026-01-01""},{""addr"":""東京都練馬区小竹町１丁目５１番４２"",""use"":""1低専"",""price"":656000,""tsubo"":2168595,""yoy"":8.3,""dist"":330,""far"":150.0,""kind"":""公示"",""asof"":""2026-01-01""},{""addr"":""東京都練馬区旭丘一丁目５８番９外"",""use"":""近商"",""price"":946000,""tsubo"":3127273,""yoy"":9.0,""dist"":350,""far"":400.0,""kind"":""基準"",""asof"":""2026-07-01""},{""addr"":""東京都練馬区旭丘二丁目２２番４３"",""use"":""1低専"",""price"":646000,""tsubo"":2135537,""yoy"":8.2,""dist"":680,""far"":150.0,""kind"":""基準"",""asof"":""2026-07-01""}]"
江戸川橋駅,7,4595041,16.8,2,3950413,5,6644628,"[{""addr"":""東京都文京区関口１丁目５１４番１１"",""use"":""商業"",""price"":1390000,""tsubo"":4595041,""yoy"":16.8,""dist"":190,""far"":500.0,""kind"":""公示"",""asof"":""2026-01-01""},{""addr"":""東京都新宿区山吹町３３２番１０外"",""use"":""商業"",""price"":2570000,""tsubo"":8495867,""yoy"":16.8,""dist"":230,""far"":500.0,""kind"":""基準"",""asof"":""2026-07-01""},{""addr"":""東京都文京区関口一丁目４４番１６"",""use"":""商業"",""price"":2200000,""tsubo"":7272727,""yoy"":18.3,""dist"":230,""far"":500.0,""kind"":""基準"",""asof"":""2026-07-01""},{""addr"":""東京都新宿区水道町５２番８外"",""use"":""商業"",""price"":2010000,""tsubo"":6644628,""yoy"":18.2,""dist"":250,""far"":500.0,""kind"":""公示"",""asof"":""2026-01-01""},{""addr"":""東京都文京区水道２丁目５８番１"",""use"":""近商"",""price"":1210000,""tsubo"":4000000,""yoy"":16.3,""dist"":260,""far"":300.0,""kind"":""公示"",""asof"":""2026-01-01""},{""addr"":""東京都文京区関口２丁目８番１"",""use"":""1低専"",""price"":1190000,""tsubo"":3933884,""yoy"":12.3,""dist"":470,""far"":150.0,""kind"":""公示"",""asof"":""2026-01-01""},{""addr"":""東京都文京区小日向２丁目４９番３"",""use"":""1低専"",""price"":1200000,""tsubo"":3966942,""yoy"":12.1,""dist"":600,""far"":150.0,""kind"":""公示"",""asof"":""2026-01-01""}]"
江戸川駅,1,1652892,8.7,0,,1,1652892,"[{""addr"":""東京都江戸川区北小岩１丁目６０１番５"",""use"":""近商"",""price"":500000,""tsubo"":1652892,""yoy"":8.7,""dist"":600,""far"":400.0,""kind"":""公示"",""asof"":""2026-01-01""}]"
池ノ上駅,2,3272727,8.2,2,3272727,0,,"[{""addr"":""東京都世田谷区代沢２丁目１番１０"",""use"":""1低専"",""price"":996000,""tsubo"":3292562,""yoy"":7.1,""dist"":430,""far"":150.0,""kind"":""公示"",""asof"":""2026-01-01""},{""addr"":""東京都世田谷区代沢１丁目８１番２２"",""use"":""1低専"",""price"":984000,""tsubo"":3252892,""yoy"":9.3,""dist"":500,""far"":150.0,""kind"":""公示"",""asof"":""2026-01-01""}]"
池上駅,5,1990083,7.6,4,1957025,1,4694215,"[{""addr"":""東京都大田区池上六丁目７３番１０外"",""use"":""商業"",""price"":1420000,""tsubo"":4694215,""yoy"":11.8,""dist"":1,""far"":500.0,""kind"":""基準"",""asof"":""2026-07-01""},{""addr"":""東京都大田区池上５丁目６５３番２"",""use"":""1住居"",""price"":582000,""tsubo"":1923967,""yoy"":7.6,""dist"":520,""far"":200.0,""kind"":""公示"",""asof"":""2026-01-01""},{""addr"":""東京都大田区池上７丁目４０番４"",""use"":""1中専"",""price"":660000,""tsubo"":2181818,""yoy"":9.6,""dist"":620,""far"":200.0,""kind"":""公示"",""asof"":""2026-01-01""},{""addr"":""東京都大田区池上二丁目２３８番１内"",""use"":""1住居"",""price"":602000,""tsubo"":1990083,""yoy"":6.9,""dist"":700,""far"":200.0,""kind"":""基準"",""asof"":""2026-07-01""},{""addr"":""東京都大田区中央６丁目２１３番３"",""use"":""1住居"",""price"":567000,""tsubo"":1874380,""yoy"":6.2,""dist"":1200,""far"":200.0,""kind"":""公示"",""asof"":""2026-01-01""}]"
池尻大橋駅,9,4429752,13.3,6,3834710,3,6347107,"[{""addr"":""東京都目黒区大橋二丁目６６５番４"",""use"":""商業"",""price"":2980000,""tsubo"":9851239,""yoy"":13.3,""dist"":140,""far"":500.0,""kind"":""基準"",""asof"":""2026-07-01""},{""addr"":""東京都目黒区東山３丁目９８２番１１外"",""use"":""近商"",""price"":1350000,""tsubo"":4462810,""yoy"":15.4,""dist"":160,""far"":300.0,""kind"":""公示"",""asof"":""2026-01-01""},{""addr"":""東京都目黒区東山３丁目１０２１番２"",""use"":""1住居"",""price"":1340000,""tsubo"":4429752,""yoy"":14.5,""dist"":280,""far"":200.0,""kind"":""公示"",""asof"":""2026-01-01""},{""addr"":""東京都世田谷区池尻２丁目１３２番２"",""use"":""1住居"",""price"":1050000,""tsubo"":3471074,""yoy"":11.5,""dist"":300,""far"":200.0,""kind"":""公示"",""asof"":""2026-01-01""},{""addr"":""東京都世田谷区池尻三丁目２３５番７"",""use"":""1住居"",""price"":1050000,""tsubo"":3471074,""yoy"":9.5,""dist"":490,""far"":200.0,""kind"":""基準"",""asof"":""2026-07-01""},{""addr"":""東京都目黒区大橋２丁目６２８番１０"",""use"":""2中専"",""price"":1270000,""tsubo"":4198347,""yoy"":12.4,""dist"":600,""far"":200.0,""kind"":""公示"",""asof"":""2026-01-01""},{""addr"":""東京都世田谷区池尻３丁目１５９番１３外"",""use"":""商業"",""price"":1920000,""tsubo"":6347107,""yoy"":13.6,""dist"":630,""far"":500.0,""kind"":""公示"",""asof"":""2026-01-01""},{""addr"":""東京都目黒区青葉台３丁目３１４番３"",""use"":""1住居"",""price"":1630000,""tsubo"":5388430,""yoy"":14.8,""dist"":760,""far"":300.0,""kind"":""公示"",""asof"":""2026-01-01""},{""addr"":""東京都世田谷区三宿２丁目２４５番４"",""use"":""1中専"",""price"":895000,""tsubo"":2958678,""yoy"":7.1,""dist"":1100,""far"":200.0,""kind"":""公示"",""asof"":""2026-01-01""}]"
池袋駅,21,11768595,15.4,1,3206611,20,11818181,"[{""addr"":""東京都豊島区西池袋１丁目１０番３"",""use"":""商業"",""price"":6870000,""tsubo"":22710743,""yoy"":16.4,""dist"":0,""far"":800.0,""kind"":""公示"",""asof"":""2026-01-01""},{""addr"":""東京都豊島区西池袋一丁目１９番１"",""use"":""商業"",""price"":12500000,""tsubo"":41322312,""yoy"":12.6,""dist"":0,""far"":900.0,""kind"":""基準"",""asof"":""2026-07-01""},{""addr"":""東京都豊島区西池袋１丁目２４番６"",""use"":""商業"",""price"":2560000,""tsubo"":8462810,""yoy"":15.8,""dist"":100,""far"":800.0,""kind"":""公示"",""asof"":""2026-01-01""},{""addr"":""東京都豊島区南池袋１丁目１番１１外"",""use"":""商業"",""price"":10300000,""tsubo"":34049586,""yoy"":13.2,""dist"":120,""far"":900.0,""kind"":""公示"",""asof"":""2026-01-01""},{""addr"":""東京都豊島区東池袋１丁目１番１５外"",""use"":""商業"",""price"":18800000,""tsubo"":62148758,""yoy"":10.6,""dist"":130,""far"":900.0,""kind"":""公示"",""asof"":""2026-01-01""},{""addr"":""東京都豊島区西池袋１丁目１７番３外"",""use"":""商業"",""price"":9330000,""tsubo"":30842974,""yoy"":13.0,""dist"":130,""far"":900.0,""kind"":""公示"",""asof"":""2026-01-01""},{""addr"":""東京都豊島区西池袋１丁目３７番２"",""use"":""商業"",""price"":3760000,""tsubo"":12429752,""yoy"":15.3,""dist"":180,""far"":800.0,""kind"":""公示"",""asof"":""2026-01-01""},{""addr"":""東京都豊島区池袋２丁目４７番５"",""use"":""商業"",""price"":2380000,""tsubo"":7867768,""yoy"":18.4,""dist"":250,""far"":800.0,""kind"":""公示"",""asof"":""2026-01-01""},{""addr"":""東京都豊島区南池袋２丁目９７番１３"",""use"":""商業"",""price"":5570000,""tsubo"":18413222,""yoy"":14.1,""dist"":280,""far"":800.0,""kind"":""公示"",""asof"":""2026-01-01""},{""addr"":""東京都豊島区南池袋二丁目９７番１３"",""use"":""商業"",""price"":6000000,""tsubo"":19834710,""yoy"":15.4,""dist"":280,""far"":800.0,""kind"":""基準"",""asof"":""2026-07-01""}]"
河辺駅,11,568595,1.2,6,550413,5,644628,"[{""addr"":""東京都青梅市河辺町１０丁目８番２外"",""use"":""商業"",""price"":325000,""tsubo"":1074380,""yoy"":1.9,""dist"":130,""far"":400.0,""kind"":""公示"",""asof"":""2026-01-01""},{""addr"":""東京都青梅市河辺町五丁目８番１"",""use"":""近商"",""price"":212000,""tsubo"":700826,""yoy"":1.4,""dist"":140,""far"":300.0,""kind"":""基準"",""asof"":""2026-07-01""},{""addr"":""東京都青梅市河辺町５丁目１７番１０"",""use"":""近商"",""price"":187000,""tsubo"":618182,""yoy"":1.1,""dist"":300,""far"":300.0,""kind"":""公示"",""asof"":""2026-01-01""},{""addr"":""東京都青梅市東青梅４丁目１７番４"",""use"":""1住居"",""price"":185000,""tsubo"":611570,""yoy"":1.1,""dist"":400,""far"":200.0,""kind"":""公示"",""asof"":""2026-01-01""},{""addr"":""東京都青梅市野上町四丁目４番５"",""use"":""近商"",""price"":195000,""tsubo"":644628,""yoy"":1.6,""dist"":580,""far"":300.0,""kind"":""基準"",""asof"":""2026-07-01""},{""addr"":""東京都青梅市東青梅５丁目７番２５"",""use"":""2中専"",""price"":172000,""tsubo"":568595,""yoy"":1.2,""dist"":600,""far"":200.0,""kind"":""公示"",""asof"":""2026-01-01""},{""addr"":""東京都青梅市師岡町３丁目４番１３"",""use"":""1中専"",""price"":166000,""tsubo"":548760,""yoy"":1.2,""dist"":800,""far"":200.0,""kind"":""公示"",""asof"":""2026-01-01""},{""addr"":""東京都青梅市師岡町三丁目４番１３"",""use"":""1中専"",""price"":167000,""tsubo"":552066,""yoy"":1.2,""dist"":800,""far"":200.0,""kind"":""基準"",""asof"":""2026-07-01""},{""addr"":""東京都青梅市野上町３丁目２０番３３"",""use"":""1中専"",""price"":156000,""tsubo"":515702,""yoy"":1.3,""dist"":1000,""far"":200.0,""kind"":""公示"",""asof"":""2026-01-01""},{""addr"":""東京都青梅市師岡町２丁目３４３番１"",""use"":""1低専"",""price"":113000,""tsubo"":373554,""yoy"":0.9,""dist"":1200,""far"":80.0,""kind"":""公示"",""asof"":""2026-01-01""}]"
沼袋駅,5,2257851,8.5,3,2076033,2,2608264,"[{""addr"":""東京都中野区沼袋１丁目２５７番９外"",""use"":""近商"",""price"":763000,""tsubo"":2522314,""yoy"":11.1,""dist"":90,""far"":300.0,""kind"":""公示"",""asof"":""2026-01-01""},{""addr"":""東京都中野区新井４丁目４８番６"",""use"":""1中専"",""price"":683000,""tsubo"":2257851,""yoy"":8.2,""dist"":500,""far"":200.0,""kind"":""公示"",""asof"":""2026-01-01""},{""addr"":""東京都中野区江古田４丁目１６５８番５"",""use"":""近商"",""price"":815000,""tsubo"":2694215,""yoy"":11.0,""dist"":550,""far"":300.0,""kind"":""公示"",""asof"":""2026-01-01""},{""addr"":""東京都中野区沼袋二丁目２００番２１"",""use"":""1低専"",""price"":628000,""tsubo"":2076033,""yoy"":8.5,""dist"":550,""far"":150.0,""kind"":""基準"",""asof"":""2026-07-01""},{""addr"":""東京都中野区江古田４丁目１６４１番１８"",""use"":""1低専"",""price"":594000,""tsubo"":1963636,""yoy"":6.8,""dist"":800,""far"":150.0,""kind"":""公示"",""asof"":""2026-01-01""}]"
沼部駅,1,2191735,7.6,0,,1,2191735,"[{""addr"":""東京都大田区田園調布南１９番５９"",""use"":""近商"",""price"":663000,""tsubo"":2191735,""yoy"":7.6,""dist"":400,""far"":300.0,""kind"":""公示"",""asof"":""2026-01-01""}]"
泉体育館駅,4,955372,3.6,4,955372,0,,"[{""addr"":""東京都立川市柏町一丁目１５番１２"",""use"":""1低専"",""price"":290000,""tsubo"":958678,""yoy"":3.6,""dist"":540,""far"":80.0,""kind"":""基準"",""asof"":""2026-07-01""},{""addr"":""東京都立川市栄町５丁目４７番５"",""use"":""1低専"",""price"":288000,""tsubo"":952066,""yoy"":6.7,""dist"":850,""far"":80.0,""kind"":""公示"",""asof"":""2026-01-01""},{""addr"":""東京都立川市栄町五丁目４７番５"",""use"":""1低専"",""price"":290000,""tsubo"":958678,""yoy"":3.6,""dist"":850,""far"":80.0,""kind"":""基準"",""asof"":""2026-07-01""},{""addr"":""東京都立川市幸町三丁目９番２４"",""use"":""1低専"",""price"":270000,""tsubo"":892562,""yoy"":2.3,""dist"":1200,""far"":80.0,""kind"":""基準"",""asof"":""2026-07-01""}]"
泉岳寺駅,3,19768594,19.6,1,6446281,2,20925619,"[{""addr"":""東京都港区高輪２丁目１番９"",""use"":""商業"",""price"":5980000,""tsubo"":19768594,""yoy"":19.6,""dist"":0,""far"":600.0,""kind"":""公示"",""asof"":""2026-01-01""},{""addr"":""東京都港区高輪二丁目１番９"",""use"":""商業"",""price"":6680000,""tsubo"":22082644,""yoy"":21.5,""dist"":1,""far"":600.0,""kind"":""基準"",""asof"":""2026-07-01""},{""addr"":""東京都港区高輪２丁目４５番１７"",""use"":""1中専"",""price"":1950000,""tsubo"":6446281,""yoy"":16.1,""dist"":270,""far"":300.0,""kind"":""公示"",""asof"":""2026-01-01""}]"
洗足池駅,4,2307438,8.2,3,2138843,1,2651240,"[{""addr"":""東京都大田区上池台二丁目１１２０番４"",""use"":""近商"",""price"":802000,""tsubo"":2651240,""yoy"":9.0,""dist"":200,""far"":200.0,""kind"":""基準"",""asof"":""2026-07-01""},{""addr"":""東京都大田区上池台２丁目１１０９番３外"",""use"":""1中専"",""price"":638000,""tsubo"":2109091,""yoy"":7.4,""dist"":430,""far"":200.0,""kind"":""公示"",""asof"":""2026-01-01""},{""addr"":""東京都大田区東雪谷１丁目４６４番３"",""use"":""1低専"",""price"":647000,""tsubo"":2138843,""yoy"":6.2,""dist"":500,""far"":100.0,""kind"":""公示"",""asof"":""2026-01-01""},{""addr"":""東京都大田区南千束３丁目３１２番３"",""use"":""1低専"",""price"":749000,""tsubo"":2476033,""yoy"":9.2,""dist"":510,""far"":100.0,""kind"":""公示"",""asof"":""2026-01-01""}]"
洗足駅,4,3669421,14.2,3,3603306,1,4099173,"[{""addr"":""東京都目黒区洗足二丁目１４６２番６"",""use"":""近商"",""price"":1240000,""tsubo"":4099173,""yoy"":14.8,""dist"":70,""far"":300.0,""kind"":""基準"",""asof"":""2026-07-01""},{""addr"":""東京都品川区小山７丁目５０９番１７"",""use"":""1低専"",""price"":1130000,""tsubo"":3735537,""yoy"":15.3,""dist"":310,""far"":100.0,""kind"":""公示"",""asof"":""2026-01-01""},{""addr"":""東京都目黒区洗足２丁目１４７４番６"",""use"":""1低専"",""price"":1060000,""tsubo"":3504132,""yoy"":13.6,""dist"":330,""far"":100.0,""kind"":""公示"",""asof"":""2026-01-01""},{""addr"":""東京都品川区旗の台六丁目１０８３番１８"",""use"":""1低専"",""price"":1090000,""tsubo"":3603306,""yoy"":9.0,""dist"":540,""far"":100.0,""kind"":""基準"",""asof"":""2026-07-01""}]"
流通センター駅,3,2942149,12.4,0,,3,2942149,"[{""addr"":""東京都大田区東海２丁目７番１"",""use"":""商業"",""price"":890000,""tsubo"":2942149,""yoy"":8.1,""dist"":500,""far"":400.0,""kind"":""公示"",""asof"":""2026-01-01""},{""addr"":""東京都大田区東海二丁目７番１"",""use"":""商業"",""price"":950000,""tsubo"":3140496,""yoy"":12.4,""dist"":500,""far"":400.0,""kind"":""基準"",""asof"":""2026-07-01""},{""addr"":""東京都大田区平和島三丁目１３番３"",""use"":""準工"",""price"":690000,""tsubo"":2280992,""yoy"":12.9,""dist"":540,""far"":300.0,""kind"":""基準"",""asof"":""2026-07-01""}]"
浅草橋駅,8,5438016,19.05,0,,8,5438016,"[{""addr"":""東京都台東区浅草橋１丁目２２番２"",""use"":""商業"",""price"":4090000,""tsubo"":13520661,""yoy"":19.6,""dist"":0,""far"":700.0,""kind"":""公示"",""asof"":""2026-01-01""},{""addr"":""東京都台東区浅草橋一丁目２２番２"",""use"":""商業"",""price"":4330000,""tsubo"":14314049,""yoy"":17.0,""dist"":1,""far"":700.0,""kind"":""基準"",""asof"":""2026-07-01""},{""addr"":""東京都台東区浅草橋一丁目３０番８"",""use"":""商業"",""price"":1670000,""tsubo"":5520661,""yoy"":20.1,""dist"":190,""far"":500.0,""kind"":""基準"",""asof"":""2026-07-01""},{""addr"":""東京都台東区柳橋一丁目２３番４"",""use"":""商業"",""price"":1620000,""tsubo"":5355372,""yoy"":20.0,""dist"":250,""far"":500.0,""kind"":""基準"",""asof"":""2026-07-01""},{""addr"":""東京都千代田区東神田３丁目６番２"",""use"":""商業"",""price"":1600000,""tsubo"":5289256,""yoy"":19.4,""dist"":290,""far"":500.0,""kind"":""公示"",""asof"":""2026-01-01""},{""addr"":""東京都中央区日本橋馬喰町２丁目３番２０"",""use"":""商業"",""price"":1970000,""tsubo"":6512396,""yoy"":18.7,""dist"":300,""far"":500.0,""kind"":""公示"",""asof"":""2026-01-01""},{""addr"":""東京都台東区浅草橋３丁目２９番２"",""use"":""商業"",""price"":1220000,""tsubo"":4033058,""yoy"":18.4,""dist"":450,""far"":500.0,""kind"":""公示"",""asof"":""2026-01-01""},{""addr"":""東京都台東区柳橋２丁目１１番２５"",""use"":""商業"",""price"":1110000,""tsubo"":3669421,""yoy"":18.6,""dist"":510,""far"":500.0,""kind"":""公示"",""asof"":""2026-01-01""}]"
浅草駅,17,5619834,23.8,0,,17,5619834,"[{""addr"":""東京都台東区浅草１丁目１６番１４外"",""use"":""商業"",""price"":9150000,""tsubo"":30247933,""yoy"":27.6,""dist"":0,""far"":700.0,""kind"":""公示"",""asof"":""2026-01-01""},{""addr"":""東京都台東区西浅草２丁目６６番２"",""use"":""商業"",""price"":3230000,""tsubo"":10677686,""yoy"":25.2,""dist"":160,""far"":700.0,""kind"":""公示"",""asof"":""2026-01-01""},{""addr"":""東京都台東区西浅草３丁目２番１０"",""use"":""商業"",""price"":1610000,""tsubo"":5322314,""yoy"":23.8,""dist"":160,""far"":600.0,""kind"":""公示"",""asof"":""2026-01-01""},{""addr"":""東京都台東区西浅草二丁目６６番２"",""use"":""商業"",""price"":3600000,""tsubo"":11900826,""yoy"":25.0,""dist"":160,""far"":700.0,""kind"":""基準"",""asof"":""2026-07-01""},{""addr"":""東京都台東区駒形一丁目５番５"",""use"":""商業"",""price"":2370000,""tsubo"":7834710,""yoy"":23.4,""dist"":190,""far"":700.0,""kind"":""基準"",""asof"":""2026-07-01""},{""addr"":""東京都台東区浅草一丁目７番１９"",""use"":""商業"",""price"":2350000,""tsubo"":7768595,""yoy"":21.8,""dist"":230,""far"":600.0,""kind"":""基準"",""asof"":""2026-07-01""},{""addr"":""東京都台東区浅草２丁目２４番６"",""use"":""商業"",""price"":1240000,""tsubo"":4099173,""yoy"":24.2,""dist"":280,""far"":600.0,""kind"":""公示"",""asof"":""2026-01-01""},{""addr"":""東京都台東区雷門１丁目２７番１"",""use"":""商業"",""price"":1700000,""tsubo"":5619834,""yoy"":21.4,""dist"":280,""far"":500.0,""kind"":""公示"",""asof"":""2026-01-01""},{""addr"":""東京都台東区浅草一丁目１７番９"",""use"":""商業"",""price"":4900000,""tsubo"":16198347,""yoy"":26.9,""dist"":350,""far"":600.0,""kind"":""基準"",""asof"":""2026-07-01""},{""addr"":""東京都台東区西浅草３丁目１５番１０"",""use"":""商業"",""price"":1890000,""tsubo"":6247934,""yoy"":21.2,""dist"":380,""far"":600.0,""kind"":""公示"",""asof"":""2026-01-01""}]"
浜松町駅,4,12363636,16.85,0,,4,12363636,"[{""addr"":""東京都港区浜松町一丁目１２５番１０外"",""use"":""商業"",""price"":9570000,""tsubo"":31636362,""yoy"":17.0,""dist"":110,""far"":700.0,""kind"":""基準"",""asof"":""2026-07-01""},{""addr"":""東京都港区浜松町２丁目１０７番８"",""use"":""商業"",""price"":2750000,""tsubo"":9090909,""yoy"":0.0,""dist"":240,""far"":600.0,""kind"":""公示"",""asof"":""2026-01-01""},{""addr"":""東京都港区浜松町１丁目１１５番９外"",""use"":""商業"",""price"":2510000,""tsubo"":8297520,""yoy"":16.7,""dist"":350,""far"":600.0,""kind"":""公示"",""asof"":""2026-01-01""},{""addr"":""東京都港区海岸１丁目２１番９外"",""use"":""準工"",""price"":4730000,""tsubo"":15636363,""yoy"":20.1,""dist"":400,""far"":400.0,""kind"":""公示"",""asof"":""2026-01-01""}]"
浜田山駅,8,2557025,7.9,6,2388430,2,4115702,"[{""addr"":""東京都杉並区浜田山３丁目９３７番２９"",""use"":""近商"",""price"":1200000,""tsubo"":3966942,""yoy"":17.6,""dist"":0,""far"":300.0,""kind"":""公示"",""asof"":""2026-01-01""},{""addr"":""東京都杉並区浜田山三丁目９３７番２９"",""use"":""近商"",""price"":1290000,""tsubo"":4264463,""yoy"":16.2,""dist"":1,""far"":300.0,""kind"":""基準"",""asof"":""2026-07-01""},{""addr"":""東京都杉並区浜田山４丁目１０３６番１"",""use"":""1低専"",""price"":750000,""tsubo"":2479339,""yoy"":8.1,""dist"":450,""far"":100.0,""kind"":""公示"",""asof"":""2026-01-01""},{""addr"":""東京都杉並区浜田山三丁目９１９番３２外"",""use"":""1低専"",""price"":853000,""tsubo"":2819835,""yoy"":7.2,""dist"":450,""far"":100.0,""kind"":""基準"",""asof"":""2026-07-01""},{""addr"":""東京都杉並区浜田山２丁目８５７番３８"",""use"":""1低専"",""price"":797000,""tsubo"":2634711,""yoy"":8.0,""dist"":610,""far"":100.0,""kind"":""公示"",""asof"":""2026-01-01""},{""addr"":""東京都杉並区高井戸東３丁目１９８９番４４"",""use"":""1低専"",""price"":695000,""tsubo"":2297521,""yoy"":7.8,""dist"":700,""far"":100.0,""kind"":""公示"",""asof"":""2026-01-01""},{""addr"":""東京都杉並区高井戸東４丁目１０５４番１１１"",""use"":""1低専"",""price"":627000,""tsubo"":2072727,""yoy"":7.2,""dist"":870,""far"":100.0,""kind"":""公示"",""asof"":""2026-01-01""},{""addr"":""東京都杉並区高井戸東四丁目１０５４番１１１"",""use"":""1低専"",""price"":658000,""tsubo"":2175207,""yoy"":7.0,""dist"":870,""far"":100.0,""kind"":""基準"",""asof"":""2026-07-01""}]"
浜町駅,2,6479338,17.85,0,,2,6479338,"[{""addr"":""東京都中央区日本橋浜町２丁目６７番９"",""use"":""商業"",""price"":1310000,""tsubo"":4330578,""yoy"":20.2,""dist"":150,""far"":500.0,""kind"":""公示"",""asof"":""2026-01-01""},{""addr"":""東京都中央区日本橋浜町二丁目５４番１"",""use"":""商業"",""price"":2610000,""tsubo"":8628099,""yoy"":15.5,""dist"":260,""far"":700.0,""kind"":""基準"",""asof"":""2026-07-01""}]"
浮間舟渡駅,4,1523966,10.1,0,,4,1523966,"[{""addr"":""東京都板橋区舟渡２丁目２２番１３"",""use"":""準工"",""price"":440000,""tsubo"":1454545,""yoy"":7.8,""dist"":450,""far"":200.0,""kind"":""公示"",""asof"":""2026-01-01""},{""addr"":""東京都北区浮間２丁目２４番７３"",""use"":""準工"",""price"":482000,""tsubo"":1593388,""yoy"":10.0,""dist"":480,""far"":200.0,""kind"":""公示"",""asof"":""2026-01-01""},{""addr"":""東京都北区浮間４丁目６番１２"",""use"":""近商"",""price"":592000,""tsubo"":1957025,""yoy"":11.9,""dist"":740,""far"":300.0,""kind"":""公示"",""asof"":""2026-01-01""},{""addr"":""東京都板橋区舟渡３丁目１２番３"",""use"":""工業"",""price"":367000,""tsubo"":1213223,""yoy"":10.2,""dist"":850,""far"":200.0,""kind"":""公示"",""asof"":""2026-01-01""}]"
淡路町駅,3,24925619,11.2,0,,3,24925619,"[{""addr"":""東京都千代田区神田小川町１丁目１番１外"",""use"":""商業"",""price"":7540000,""tsubo"":24925619,""yoy"":11.2,""dist"":0,""far"":800.0,""kind"":""公示"",""asof"":""2026-01-01""},{""addr"":""東京都千代田区神田小川町一丁目１番１外"",""use"":""商業"",""price"":7920000,""tsubo"":26181817,""yoy"":10.2,""dist"":1,""far"":800.0,""kind"":""基準"",""asof"":""2026-07-01""},{""addr"":""東京都千代田区神田司町二丁目１４番１"",""use"":""商業"",""price"":2630000,""tsubo"":8694215,""yoy"":15.4,""dist"":210,""far"":600.0,""kind"":""基準"",""asof"":""2026-07-01""}]"
清澄白河駅,3,2975206,16.4,0,,3,2975206,"[{""addr"":""東京都江東区清澄３丁目４番１９"",""use"":""商業"",""price"":1270000,""tsubo"":4198347,""yoy"":16.5,""dist"":110,""far"":500.0,""kind"":""公示"",""asof"":""2026-01-01""},{""addr"":""東京都江東区清澄２丁目９番７"",""use"":""準工"",""price"":849000,""tsubo"":2806611,""yoy"":13.4,""dist"":370,""far"":300.0,""kind"":""公示"",""asof"":""2026-01-01""},{""addr"":""東京都江東区平野３丁目９番１３外"",""use"":""商業"",""price"":900000,""tsubo"":2975206,""yoy"":16.4,""dist"":800,""far"":400.0,""kind"":""公示"",""asof"":""2026-01-01""}]"
清瀬駅,17,826446,2.8,13,770248,4,1558678,"[{""addr"":""東京都清瀬市元町一丁目２番"",""use"":""商業"",""price"":513000,""tsubo"":1695868,""yoy"":3.0,""dist"":0,""far"":500.0,""kind"":""基準"",""asof"":""2026-07-01""},{""addr"":""東京都清瀬市松山１丁目９９７番４"",""use"":""商業"",""price"":467000,""tsubo"":1543802,""yoy"":3.5,""dist"":80,""far"":400.0,""kind"":""公示"",""asof"":""2026-01-01""},{""addr"":""東京都清瀬市松山一丁目９９７番４"",""use"":""商業"",""price"":476000,""tsubo"":1573554,""yoy"":3.9,""dist"":80,""far"":400.0,""kind"":""基準"",""asof"":""2026-07-01""},{""addr"":""東京都清瀬市松山１丁目９８５番２"",""use"":""商業"",""price"":300000,""tsubo"":991736,""yoy"":3.4,""dist"":270,""far"":400.0,""kind"":""公示"",""asof"":""2026-01-01""},{""addr"":""東京都清瀬市松山２丁目９７７番３１外"",""use"":""1中専"",""price"":303000,""tsubo"":1001653,""yoy"":2.7,""dist"":460,""far"":200.0,""kind"":""公示"",""asof"":""2026-01-01""},{""addr"":""東京都清瀬市松山二丁目９７７番３１外"",""use"":""1中専"",""price"":307000,""tsubo"":1014876,""yoy"":2.7,""dist"":460,""far"":200.0,""kind"":""基準"",""asof"":""2026-07-01""},{""addr"":""東京都清瀬市松山１丁目１００９番３８"",""use"":""1中専"",""price"":261000,""tsubo"":862810,""yoy"":2.8,""dist"":500,""far"":200.0,""kind"":""公示"",""asof"":""2026-01-01""},{""addr"":""東京都清瀬市元町２丁目５９２番１７"",""use"":""1低専"",""price"":250000,""tsubo"":826446,""yoy"":2.9,""dist"":750,""far"":100.0,""kind"":""公示"",""asof"":""2026-01-01""},{""addr"":""東京都東久留米市小山３丁目５５４番１１"",""use"":""1低専"",""price"":242000,""tsubo"":800000,""yoy"":3.0,""dist"":800,""far"":80.0,""kind"":""公示"",""asof"":""2026-01-01""},{""addr"":""東京都清瀬市中里三丁目１７３１番６外"",""use"":""2中専"",""price"":217000,""tsubo"":717355,""yoy"":2.4,""dist"":900,""far"":200.0,""kind"":""基準"",""asof"":""2026-07-01""}]"
渋谷駅,25,30545453,11.0,4,7190082,21,32561982,"[{""addr"":""東京都渋谷区宇田川町７７番１４外"",""use"":""商業"",""price"":35300000,""tsubo"":116694210,""yoy"":5.4,""dist"":150,""far"":800.0,""kind"":""公示"",""asof"":""2026-01-01""},{""addr"":""東京都渋谷区道玄坂２丁目３６番１０"",""use"":""商業"",""price"":27000000,""tsubo"":89256195,""yoy"":5.5,""dist"":200,""far"":800.0,""kind"":""公示"",""asof"":""2026-01-01""},{""addr"":""東京都渋谷区道玄坂１丁目１６番１８"",""use"":""商業"",""price"":7750000,""tsubo"":25619834,""yoy"":13.5,""dist"":230,""far"":800.0,""kind"":""公示"",""asof"":""2026-01-01""},{""addr"":""東京都渋谷区桜丘町１５番６外"",""use"":""商業"",""price"":4450000,""tsubo"":14710743,""yoy"":29.0,""dist"":240,""far"":500.0,""kind"":""公示"",""asof"":""2026-01-01""},{""addr"":""東京都渋谷区宇田川町８６番７"",""use"":""商業"",""price"":19800000,""tsubo"":65454543,""yoy"":7.6,""dist"":240,""far"":700.0,""kind"":""公示"",""asof"":""2026-01-01""},{""addr"":""東京都渋谷区神南一丁目１０番２外"",""use"":""商業"",""price"":20200000,""tsubo"":66776857,""yoy"":9.2,""dist"":250,""far"":800.0,""kind"":""基準"",""asof"":""2026-07-01""},{""addr"":""東京都渋谷区渋谷３丁目８番１"",""use"":""商業"",""price"":12500000,""tsubo"":41322312,""yoy"":0.0,""dist"":260,""far"":800.0,""kind"":""公示"",""asof"":""2026-01-01""},{""addr"":""東京都渋谷区渋谷１丁目１６番１外"",""use"":""商業"",""price"":15600000,""tsubo"":51570246,""yoy"":5.4,""dist"":270,""far"":800.0,""kind"":""公示"",""asof"":""2026-01-01""},{""addr"":""東京都渋谷区道玄坂２丁目２１３番"",""use"":""商業"",""price"":20300000,""tsubo"":67107436,""yoy"":8.0,""dist"":300,""far"":700.0,""kind"":""公示"",""asof"":""2026-01-01""},{""addr"":""東京都渋谷区道玄坂二丁目２１３番"",""use"":""商業"",""price"":21000000,""tsubo"":69421485,""yoy"":8.2,""dist"":300,""far"":700.0,""kind"":""基準"",""asof"":""2026-07-01""}]"
湯島駅,4,7933884,16.4,0,,4,7933884,"[{""addr"":""東京都文京区湯島３丁目２２番１９"",""use"":""商業"",""price"":1520000,""tsubo"":5024793,""yoy"":16.0,""dist"":60,""far"":600.0,""kind"":""公示"",""asof"":""2026-01-01""},{""addr"":""東京都台東区上野１丁目２７番１"",""use"":""商業"",""price"":2160000,""tsubo"":7140496,""yoy"":18.7,""dist"":120,""far"":600.0,""kind"":""公示"",""asof"":""2026-01-01""},{""addr"":""東京都台東区上野２丁目４４番５外"",""use"":""商業"",""price"":3000000,""tsubo"":9917355,""yoy"":14.1,""dist"":190,""far"":600.0,""kind"":""公示"",""asof"":""2026-01-01""},{""addr"":""東京都台東区池之端１丁目１４番１"",""use"":""商業"",""price"":2640000,""tsubo"":8727272,""yoy"":16.8,""dist"":380,""far"":600.0,""kind"":""公示"",""asof"":""2026-01-01""}]"
溜池山王駅,6,27371900,12.75,2,24148759,4,31173552,"[{""addr"":""東京都港区赤坂２丁目２０７番"",""use"":""商業"",""price"":11100000,""tsubo"":36694214,""yoy"":4.7,""dist"":0,""far"":700.0,""kind"":""公示"",""asof"":""2026-01-01""},{""addr"":""東京都港区赤坂一丁目１１０２番５"",""use"":""商業"",""price"":9800000,""tsubo"":32396693,""yoy"":8.9,""dist"":1,""far"":700.0,""kind"":""基準"",""asof"":""2026-07-01""},{""addr"":""東京都港区赤坂２丁目７０１番１"",""use"":""商業"",""price"":4270000,""tsubo"":14115702,""yoy"":17.0,""dist"":180,""far"":600.0,""kind"":""公示"",""asof"":""2026-01-01""},{""addr"":""東京都千代田区霞が関三丁目５３番２外"",""use"":""商業"",""price"":9060000,""tsubo"":29950412,""yoy"":6.2,""dist"":270,""far"":700.0,""kind"":""基準"",""asof"":""2026-07-01""},{""addr"":""東京都港区赤坂１丁目１４２４番１"",""use"":""2住居"",""price"":7110000,""tsubo"":23504131,""yoy"":20.5,""dist"":420,""far"":400.0,""kind"":""公示"",""asof"":""2026-01-01""},{""addr"":""東京都港区赤坂一丁目１４２４番１"",""use"":""2住居"",""price"":7500000,""tsubo"":24793388,""yoy"":16.6,""dist"":420,""far"":400.0,""kind"":""基準"",""asof"":""2026-07-01""}]"
潮見駅,1,2125620,16.9,0,,1,2125620,"[{""addr"":""東京都江東区新砂一丁目６３１番１６外"",""use"":""工専"",""price"":643000,""tsubo"":2125620,""yoy"":16.9,""dist"":600,""far"":200.0,""kind"":""基準"",""asof"":""2026-07-01""}]"
熊川駅,3,525620,1.3,3,525620,0,,"[{""addr"":""東京都福生市大字熊川字北５８３番１外"",""use"":""1低専"",""price"":173000,""tsubo"":571901,""yoy"":1.2,""dist"":330,""far"":80.0,""kind"":""公示"",""asof"":""2026-01-01""},{""addr"":""東京都福生市南田園３丁目６番１２"",""use"":""1低専"",""price"":159000,""tsubo"":525620,""yoy"":1.3,""dist"":750,""far"":150.0,""kind"":""公示"",""asof"":""2026-01-01""},{""addr"":""東京都福生市南田園一丁目９番２２"",""use"":""1低専"",""price"":147000,""tsubo"":485950,""yoy"":1.4,""dist"":800,""far"":150.0,""kind"":""基準"",""asof"":""2026-07-01""}]"
熊野前駅,1,2333884,11.9,0,,1,2333884,"[{""addr"":""東京都荒川区東尾久５丁目２４００番１０６"",""use"":""近商"",""price"":706000,""tsubo"":2333884,""yoy"":11.9,""dist"":400,""far"":300.0,""kind"":""公示"",""asof"":""2026-01-01""}]"
片倉駅,12,509091,4.3,12,509091,0,,"[{""addr"":""東京都八王子市片倉町８０７番４"",""use"":""1低専"",""price"":181000,""tsubo"":598347,""yoy"":5.2,""dist"":200,""far"":100.0,""kind"":""公示"",""asof"":""2026-01-01""},{""addr"":""東京都八王子市片倉町７００番４"",""use"":""2中専"",""price"":181000,""tsubo"":598347,""yoy"":4.0,""dist"":300,""far"":200.0,""kind"":""公示"",""asof"":""2026-01-01""},{""addr"":""東京都八王子市片倉町９５６番２外"",""use"":""1低専"",""price"":160000,""tsubo"":528926,""yoy"":3.2,""dist"":400,""far"":80.0,""kind"":""基準"",""asof"":""2026-07-01""},{""addr"":""東京都八王子市子安町三丁目５８６番４５"",""use"":""2中専"",""price"":260000,""tsubo"":859504,""yoy"":9.2,""dist"":500,""far"":200.0,""kind"":""基準"",""asof"":""2026-07-01""},{""addr"":""東京都八王子市片倉町２９５番１"",""use"":""1低専"",""price"":154000,""tsubo"":509091,""yoy"":3.4,""dist"":540,""far"":80.0,""kind"":""基準"",""asof"":""2026-07-01""},{""addr"":""東京都八王子市緑町８９３番５外"",""use"":""1低専"",""price"":172000,""tsubo"":568595,""yoy"":6.8,""dist"":600,""far"":80.0,""kind"":""基準"",""asof"":""2026-07-01""},{""addr"":""東京都八王子市片倉町４５３番４"",""use"":""1低専"",""price"":152000,""tsubo"":502479,""yoy"":5.6,""dist"":630,""far"":100.0,""kind"":""公示"",""asof"":""2026-01-01""},{""addr"":""東京都八王子市片倉町２１６８番２外"",""use"":""1低専"",""price"":136000,""tsubo"":449587,""yoy"":4.6,""dist"":750,""far"":80.0,""kind"":""公示"",""asof"":""2026-01-01""},{""addr"":""東京都八王子市打越町１４８１番５９"",""use"":""1低専"",""price"":154000,""tsubo"":509091,""yoy"":4.8,""dist"":800,""far"":80.0,""kind"":""公示"",""asof"":""2026-01-01""},{""addr"":""東京都八王子市小比企町１０２５番４"",""use"":""2中専"",""price"":135000,""tsubo"":446281,""yoy"":2.3,""dist"":1100,""far"":200.0,""kind"":""公示"",""asof"":""2026-01-01""}]"
牛浜駅,7,611570,1.1,5,611570,2,618182,"[{""addr"":""東京都福生市牛浜８６番１"",""use"":""商業"",""price"":225000,""tsubo"":743802,""yoy"":2.3,""dist"":0,""far"":400.0,""kind"":""公示"",""asof"":""2026-01-01""},{""addr"":""東京都福生市志茂１１４番５"",""use"":""1中専"",""price"":193000,""tsubo"":638017,""yoy"":1.0,""dist"":400,""far"":200.0,""kind"":""基準"",""asof"":""2026-07-01""},{""addr"":""東京都福生市大字熊川字北８５３番１８外"",""use"":""1低専"",""price"":185000,""tsubo"":611570,""yoy"":1.1,""dist"":450,""far"":80.0,""kind"":""公示"",""asof"":""2026-01-01""},{""addr"":""東京都福生市大字熊川字北８５３番１８外"",""use"":""1低専"",""price"":186000,""tsubo"":614876,""yoy"":1.1,""dist"":450,""far"":80.0,""kind"":""基準"",""asof"":""2026-07-01""},{""addr"":""東京都福生市大字福生字武蔵野２３２２番２１"",""use"":""1低専"",""price"":159000,""tsubo"":525620,""yoy"":1.3,""dist"":550,""far"":80.0,""kind"":""公示"",""asof"":""2026-01-01""},{""addr"":""東京都福生市志茂１８番３"",""use"":""1中専"",""price"":178000,""tsubo"":588430,""yoy"":1.1,""dist"":630,""far"":200.0,""kind"":""公示"",""asof"":""2026-01-01""},{""addr"":""東京都福生市大字福生字武蔵野２４７７番６外"",""use"":""近商"",""price"":149000,""tsubo"":492562,""yoy"":4.2,""dist"":800,""far"":300.0,""kind"":""基準"",""asof"":""2026-07-01""}]"
牛込柳町駅,3,5024793,14.0,2,4132231,1,8925620,"[{""addr"":""東京都新宿区市谷柳町２４番３"",""use"":""商業"",""price"":2700000,""tsubo"":8925620,""yoy"":17.4,""dist"":50,""far"":500.0,""kind"":""基準"",""asof"":""2026-07-01""},{""addr"":""東京都新宿区市谷甲良町３５番２外"",""use"":""1中専"",""price"":1520000,""tsubo"":5024793,""yoy"":11.8,""dist"":230,""far"":300.0,""kind"":""基準"",""asof"":""2026-07-01""},{""addr"":""東京都新宿区南榎町７０番２"",""use"":""1中専"",""price"":980000,""tsubo"":3239669,""yoy"":14.0,""dist"":450,""far"":300.0,""kind"":""基準"",""asof"":""2026-07-01""}]"
牛込神楽坂駅,1,4991735,11.9,1,4991735,0,,"[{""addr"":""東京都新宿区中町３２番１"",""use"":""1中専"",""price"":1510000,""tsubo"":4991735,""yoy"":11.9,""dist"":320,""far"":300.0,""kind"":""公示"",""asof"":""2026-01-01""}]"
狛江駅,7,1355372,6.7,5,1322314,2,2009917,"[{""addr"":""東京都狛江市東和泉１丁目２２６５番２９"",""use"":""近商"",""price"":665000,""tsubo"":2198347,""yoy"":7.6,""dist"":110,""far"":300.0,""kind"":""公示"",""asof"":""2026-01-01""},{""addr"":""東京都狛江市中和泉１丁目１８７３番１８"",""use"":""近商"",""price"":551000,""tsubo"":1821488,""yoy"":7.8,""dist"":270,""far"":200.0,""kind"":""公示"",""asof"":""2026-01-01""},{""addr"":""東京都狛江市東和泉一丁目２４５０番４外"",""use"":""1中専"",""price"":460000,""tsubo"":1520661,""yoy"":6.2,""dist"":360,""far"":200.0,""kind"":""基準"",""asof"":""2026-07-01""},{""addr"":""東京都狛江市岩戸南１丁目７６８番３１"",""use"":""1低専"",""price"":400000,""tsubo"":1322314,""yoy"":6.7,""dist"":700,""far"":80.0,""kind"":""公示"",""asof"":""2026-01-01""},{""addr"":""東京都狛江市中和泉３丁目７７８番３"",""use"":""1低専"",""price"":410000,""tsubo"":1355372,""yoy"":7.9,""dist"":850,""far"":80.0,""kind"":""公示"",""asof"":""2026-01-01""},{""addr"":""東京都狛江市和泉本町３丁目９９３番６３"",""use"":""1低専"",""price"":378000,""tsubo"":1249587,""yoy"":5.0,""dist"":1200,""far"":80.0,""kind"":""公示"",""asof"":""2026-01-01""},{""addr"":""東京都狛江市中和泉４丁目５８０番２０"",""use"":""1低専"",""price"":345000,""tsubo"":1140496,""yoy"":5.2,""dist"":1400,""far"":80.0,""kind"":""公示"",""asof"":""2026-01-01""}]"
狭間駅,2,441322,3.9,2,441322,0,,"[{""addr"":""東京都八王子市館町２９８番８"",""use"":""2中専"",""price"":133000,""tsubo"":439669,""yoy"":3.9,""dist"":1000,""far"":200.0,""kind"":""公示"",""asof"":""2026-01-01""},{""addr"":""東京都八王子市館町２９８番８"",""use"":""2中専"",""price"":134000,""tsubo"":442975,""yoy"":3.9,""dist"":1000,""far"":200.0,""kind"":""基準"",""asof"":""2026-07-01""}]"
玉川上水駅,3,694215,5.0,3,694215,0,,"[{""addr"":""東京都立川市幸町６丁目１５番２３"",""use"":""1低専"",""price"":272000,""tsubo"":899174,""yoy"":5.4,""dist"":550,""far"":80.0,""kind"":""公示"",""asof"":""2026-01-01""},{""addr"":""東京都武蔵村山市大南５丁目１０番３"",""use"":""1低専"",""price"":170000,""tsubo"":561983,""yoy"":2.4,""dist"":1200,""far"":80.0,""kind"":""公示"",""asof"":""2026-01-01""},{""addr"":""東京都立川市砂川町六丁目３１番９"",""use"":""1低専"",""price"":210000,""tsubo"":694215,""yoy"":5.0,""dist"":1300,""far"":80.0,""kind"":""基準"",""asof"":""2026-07-01""}]"
玉川学園前駅,11,604959,2.8,10,603306,1,1180165,"[{""addr"":""東京都町田市玉川学園２丁目３８９０番４"",""use"":""近商"",""price"":357000,""tsubo"":1180165,""yoy"":4.4,""dist"":80,""far"":300.0,""kind"":""公示"",""asof"":""2026-01-01""},{""addr"":""東京都町田市玉川学園２丁目３９１２番６"",""use"":""1低専"",""price"":263000,""tsubo"":869421,""yoy"":4.8,""dist"":300,""far"":80.0,""kind"":""公示"",""asof"":""2026-01-01""},{""addr"":""東京都町田市玉川学園５丁目４０１４番８"",""use"":""1低専"",""price"":198000,""tsubo"":654545,""yoy"":4.2,""dist"":460,""far"":80.0,""kind"":""公示"",""asof"":""2026-01-01""},{""addr"":""東京都町田市玉川学園四丁目３９２７番３"",""use"":""1低専"",""price"":210000,""tsubo"":694215,""yoy"":4.5,""dist"":550,""far"":80.0,""kind"":""基準"",""asof"":""2026-07-01""},{""addr"":""東京都町田市玉川学園８丁目６４２番８"",""use"":""1低専"",""price"":179000,""tsubo"":591736,""yoy"":3.5,""dist"":650,""far"":80.0,""kind"":""公示"",""asof"":""2026-01-01""},{""addr"":""東京都町田市玉川学園三丁目３６９０番６５"",""use"":""1低専"",""price"":185000,""tsubo"":611570,""yoy"":2.2,""dist"":1000,""far"":80.0,""kind"":""基準"",""asof"":""2026-07-01""},{""addr"":""東京都町田市玉川学園４丁目３５８３番９６"",""use"":""1低専"",""price"":182000,""tsubo"":601653,""yoy"":2.8,""dist"":1100,""far"":80.0,""kind"":""公示"",""asof"":""2026-01-01""},{""addr"":""東京都町田市玉川学園四丁目３５８３番９６"",""use"":""1低専"",""price"":183000,""tsubo"":604959,""yoy"":2.2,""dist"":1100,""far"":80.0,""kind"":""基準"",""asof"":""2026-07-01""},{""addr"":""東京都町田市金井ヶ丘１丁目２６１２番９２"",""use"":""1低専"",""price"":161000,""tsubo"":532231,""yoy"":2.5,""dist"":1200,""far"":80.0,""kind"":""公示"",""asof"":""2026-01-01""},{""addr"":""東京都町田市東玉川学園２丁目３５６９番３１"",""use"":""1低専"",""price"":150000,""tsubo"":495868,""yoy"":0.7,""dist"":1300,""far"":80.0,""kind"":""公示"",""asof"":""2026-01-01""}]"
王子神谷駅,6,1985124,11.3,1,2234711,5,1735537,"[{""addr"":""東京都北区王子５丁目３番３３"",""use"":""商業"",""price"":1290000,""tsubo"":4264463,""yoy"":18.3,""dist"":130,""far"":500.0,""kind"":""公示"",""asof"":""2026-01-01""},{""addr"":""東京都北区豊島八丁目２７番１９"",""use"":""1住居"",""price"":676000,""tsubo"":2234711,""yoy"":11.4,""dist"":470,""far"":200.0,""kind"":""基準"",""asof"":""2026-07-01""},{""addr"":""東京都足立区新田１丁目８番７"",""use"":""準工"",""price"":291000,""tsubo"":961983,""yoy"":4.7,""dist"":1100,""far"":200.0,""kind"":""公示"",""asof"":""2026-01-01""},{""addr"":""東京都北区豊島四丁目１番２９"",""use"":""近商"",""price"":725000,""tsubo"":2396694,""yoy"":11.7,""dist"":1100,""far"":300.0,""kind"":""基準"",""asof"":""2026-07-01""},{""addr"":""東京都足立区新田３丁目４番３８"",""use"":""準工"",""price"":316000,""tsubo"":1044628,""yoy"":4.3,""dist"":1200,""far"":200.0,""kind"":""公示"",""asof"":""2026-01-01""},{""addr"":""東京都北区豊島四丁目２０番５４"",""use"":""準工"",""price"":525000,""tsubo"":1735537,""yoy"":11.2,""dist"":1200,""far"":200.0,""kind"":""基準"",""asof"":""2026-07-01""}]"
王子駅,10,2319008,12.45,5,2082645,5,6247934,"[{""addr"":""東京都北区王子一丁目１０番８"",""use"":""商業"",""price"":4290000,""tsubo"":14181818,""yoy"":18.2,""dist"":0,""far"":600.0,""kind"":""基準"",""asof"":""2026-07-01""},{""addr"":""東京都北区王子１丁目６番１５"",""use"":""商業"",""price"":1890000,""tsubo"":6247934,""yoy"":18.9,""dist"":250,""far"":600.0,""kind"":""公示"",""asof"":""2026-01-01""},{""addr"":""東京都北区王子１丁目１３番２４"",""use"":""商業"",""price"":2440000,""tsubo"":8066115,""yoy"":19.0,""dist"":280,""far"":600.0,""kind"":""公示"",""asof"":""2026-01-01""},{""addr"":""東京都北区王子本町一丁目２８番１０外"",""use"":""近商"",""price"":1240000,""tsubo"":4099173,""yoy"":17.0,""dist"":550,""far"":400.0,""kind"":""基準"",""asof"":""2026-07-01""},{""addr"":""東京都北区王子本町２丁目２７番６"",""use"":""1住居"",""price"":771000,""tsubo"":2548760,""yoy"":11.3,""dist"":650,""far"":200.0,""kind"":""公示"",""asof"":""2026-01-01""},{""addr"":""東京都北区岸町１丁目１７番１４"",""use"":""1中専"",""price"":630000,""tsubo"":2082645,""yoy"":11.3,""dist"":670,""far"":150.0,""kind"":""公示"",""asof"":""2026-01-01""},{""addr"":""東京都北区王子２丁目１７番１７"",""use"":""1住居"",""price"":632000,""tsubo"":2089256,""yoy"":11.7,""dist"":750,""far"":200.0,""kind"":""公示"",""asof"":""2026-01-01""},{""addr"":""東京都北区滝野川２丁目５４番３"",""use"":""1中専"",""price"":612000,""tsubo"":2023140,""yoy"":12.9,""dist"":750,""far"":200.0,""kind"":""公示"",""asof"":""2026-01-01""},{""addr"":""東京都北区豊島３丁目１番６４"",""use"":""1中専"",""price"":569000,""tsubo"":1880992,""yoy"":10.3,""dist"":1100,""far"":150.0,""kind"":""公示"",""asof"":""2026-01-01""},{""addr"":""東京都北区堀船二丁目３３番１外"",""use"":""工業"",""price"":467000,""tsubo"":1543802,""yoy"":12.0,""dist"":1100,""far"":200.0,""kind"":""基準"",""asof"":""2026-07-01""}]"
瑞江駅,11,1355372,5.9,10,1345454,1,3834711,"[{""addr"":""東京都江戸川区瑞江二丁目３番１８外"",""use"":""商業"",""price"":1160000,""tsubo"":3834711,""yoy"":11.5,""dist"":90,""far"":400.0,""kind"":""基準"",""asof"":""2026-07-01""},{""addr"":""東京都江戸川区南篠崎町３丁目２１５番４"",""use"":""1住居"",""price"":546000,""tsubo"":1804959,""yoy"":6.4,""dist"":400,""far"":300.0,""kind"":""公示"",""asof"":""2026-01-01""},{""addr"":""東京都江戸川区瑞江四丁目３５番９"",""use"":""1住居"",""price"":532000,""tsubo"":1758678,""yoy"":7.7,""dist"":410,""far"":300.0,""kind"":""基準"",""asof"":""2026-07-01""},{""addr"":""東京都江戸川区瑞江１丁目１５３番３"",""use"":""1住居"",""price"":481000,""tsubo"":1590083,""yoy"":5.7,""dist"":700,""far"":300.0,""kind"":""公示"",""asof"":""2026-01-01""},{""addr"":""東京都江戸川区南篠崎町１丁目３６３番１３"",""use"":""1中専"",""price"":435000,""tsubo"":1438016,""yoy"":6.1,""dist"":750,""far"":150.0,""kind"":""公示"",""asof"":""2026-01-01""},{""addr"":""東京都江戸川区江戸川２丁目２番１７外"",""use"":""1中専"",""price"":404000,""tsubo"":1335537,""yoy"":5.5,""dist"":800,""far"":200.0,""kind"":""公示"",""asof"":""2026-01-01""},{""addr"":""東京都江戸川区東瑞江２丁目４５番２"",""use"":""1住居"",""price"":372000,""tsubo"":1229752,""yoy"":4.8,""dist"":1000,""far"":200.0,""kind"":""公示"",""asof"":""2026-01-01""},{""addr"":""東京都江戸川区春江町３丁目１０番１８７"",""use"":""1中専"",""price"":388000,""tsubo"":1282645,""yoy"":5.7,""dist"":1100,""far"":100.0,""kind"":""公示"",""asof"":""2026-01-01""},{""addr"":""東京都江戸川区江戸川一丁目４２番９"",""use"":""1中専"",""price"":372000,""tsubo"":1229752,""yoy"":6.9,""dist"":1100,""far"":200.0,""kind"":""基準"",""asof"":""2026-07-01""},{""addr"":""東京都江戸川区南篠崎町一丁目３７番３"",""use"":""1中専"",""price"":410000,""tsubo"":1355372,""yoy"":5.9,""dist"":1200,""far"":150.0,""kind"":""基準"",""asof"":""2026-07-01""}]"
用賀駅,13,2780165,7.4,11,2750413,2,3462810,"[{""addr"":""東京都世田谷区用賀４丁目４２５番８"",""use"":""近商"",""price"":1150000,""tsubo"":3801653,""yoy"":9.5,""dist"":200,""far"":300.0,""kind"":""公示"",""asof"":""2026-01-01""},{""addr"":""東京都世田谷区用賀４丁目３２６番２"",""use"":""1住居"",""price"":953000,""tsubo"":3150413,""yoy"":7.8,""dist"":270,""far"":200.0,""kind"":""公示"",""asof"":""2026-01-01""},{""addr"":""東京都世田谷区玉川台二丁目４６９番６"",""use"":""2低専"",""price"":910000,""tsubo"":3008264,""yoy"":7.2,""dist"":500,""far"":150.0,""kind"":""基準"",""asof"":""2026-07-01""},{""addr"":""東京都世田谷区用賀３丁目５１１番１２"",""use"":""1中専"",""price"":1100000,""tsubo"":3636364,""yoy"":11.3,""dist"":650,""far"":200.0,""kind"":""公示"",""asof"":""2026-01-01""},{""addr"":""東京都世田谷区上用賀１丁目１４番１７"",""use"":""1中専"",""price"":841000,""tsubo"":2780165,""yoy"":9.1,""dist"":850,""far"":200.0,""kind"":""公示"",""asof"":""2026-01-01""},{""addr"":""東京都世田谷区瀬田２丁目８１２番１１"",""use"":""近商"",""price"":945000,""tsubo"":3123967,""yoy"":6.3,""dist"":850,""far"":300.0,""kind"":""公示"",""asof"":""2026-01-01""},{""addr"":""東京都世田谷区瀬田三丁目７７６番４"",""use"":""1住居"",""price"":832000,""tsubo"":2750413,""yoy"":7.1,""dist"":930,""far"":200.0,""kind"":""基準"",""asof"":""2026-07-01""},{""addr"":""東京都世田谷区用賀１丁目６番４"",""use"":""1低専"",""price"":882000,""tsubo"":2915702,""yoy"":8.2,""dist"":940,""far"":100.0,""kind"":""公示"",""asof"":""2026-01-01""},{""addr"":""東京都世田谷区上用賀四丁目１６６番６"",""use"":""1低専"",""price"":818000,""tsubo"":2704132,""yoy"":6.0,""dist"":1000,""far"":100.0,""kind"":""基準"",""asof"":""2026-07-01""},{""addr"":""東京都世田谷区瀬田４丁目３３４番１７外"",""use"":""1低専"",""price"":785000,""tsubo"":2595041,""yoy"":6.7,""dist"":1100,""far"":100.0,""kind"":""公示"",""asof"":""2026-01-01""}]"
田原町駅,4,5355371,20.4,0,,4,5355371,"[{""addr"":""東京都台東区雷門１丁目４６番２"",""use"":""商業"",""price"":2040000,""tsubo"":6743801,""yoy"":21.4,""dist"":200,""far"":700.0,""kind"":""公示"",""asof"":""2026-01-01""},{""addr"":""東京都台東区寿４丁目１２番７"",""use"":""商業"",""price"":1200000,""tsubo"":3966942,""yoy"":18.8,""dist"":250,""far"":500.0,""kind"":""公示"",""asof"":""2026-01-01""},{""addr"":""東京都台東区浅草一丁目５６番２"",""use"":""商業"",""price"":5080000,""tsubo"":16793388,""yoy"":21.2,""dist"":270,""far"":700.0,""kind"":""基準"",""asof"":""2026-07-01""},{""addr"":""東京都台東区寿一丁目８番７"",""use"":""商業"",""price"":1100000,""tsubo"":3636364,""yoy"":19.6,""dist"":300,""far"":500.0,""kind"":""基準"",""asof"":""2026-07-01""}]"
田園調布駅,9,2671074,6.0,7,2611570,2,3550413,"[{""addr"":""東京都大田区田園調布２丁目５１番２０"",""use"":""近商"",""price"":1340000,""tsubo"":4429752,""yoy"":9.8,""dist"":90,""far"":200.0,""kind"":""公示"",""asof"":""2026-01-01""},{""addr"":""東京都大田区田園調布３丁目２３番３"",""use"":""1低専"",""price"":1260000,""tsubo"":4165289,""yoy"":5.9,""dist"":280,""far"":80.0,""kind"":""公示"",""asof"":""2026-01-01""},{""addr"":""東京都世田谷区玉川田園調布２丁目７２８番２"",""use"":""1低専"",""price"":815000,""tsubo"":2694215,""yoy"":6.8,""dist"":680,""far"":100.0,""kind"":""公示"",""asof"":""2026-01-01""},{""addr"":""東京都大田区田園調布２丁目５番４"",""use"":""近商"",""price"":808000,""tsubo"":2671074,""yoy"":8.5,""dist"":700,""far"":200.0,""kind"":""公示"",""asof"":""2026-01-01""},{""addr"":""東京都大田区田園調布３丁目４４番７"",""use"":""1低専"",""price"":853000,""tsubo"":2819835,""yoy"":0.0,""dist"":730,""far"":80.0,""kind"":""公示"",""asof"":""2026-01-01""},{""addr"":""東京都世田谷区東玉川二丁目１５８番４６"",""use"":""1低専"",""price"":781000,""tsubo"":2581818,""yoy"":6.0,""dist"":730,""far"":100.0,""kind"":""基準"",""asof"":""2026-07-01""},{""addr"":""東京都大田区田園調布４丁目２７番１"",""use"":""1低専"",""price"":762000,""tsubo"":2519008,""yoy"":6.0,""dist"":780,""far"":80.0,""kind"":""公示"",""asof"":""2026-01-01""},{""addr"":""東京都大田区田園調布四丁目２７番１"",""use"":""1低専"",""price"":790000,""tsubo"":2611570,""yoy"":6.8,""dist"":780,""far"":80.0,""kind"":""基準"",""asof"":""2026-07-01""},{""addr"":""東京都大田区田園調布五丁目５３番１１"",""use"":""1低専"",""price"":508000,""tsubo"":1679339,""yoy"":5.2,""dist"":1100,""far"":100.0,""kind"":""基準"",""asof"":""2026-07-01""}]"
田無駅,14,1168595,3.95,10,1143801,4,2438016,"[{""addr"":""東京都西東京市田無町４丁目４０３番４０"",""use"":""商業"",""price"":1040000,""tsubo"":3438016,""yoy"":10.6,""dist"":210,""far"":500.0,""kind"":""公示"",""asof"":""2026-01-01""},{""addr"":""東京都西東京市田無町四丁目４０３番４０"",""use"":""商業"",""price"":1080000,""tsubo"":3570248,""yoy"":11.1,""dist"":210,""far"":500.0,""kind"":""基準"",""asof"":""2026-07-01""},{""addr"":""東京都西東京市田無町４丁目１７３８番１４"",""use"":""1住居"",""price"":408000,""tsubo"":1348760,""yoy"":4.3,""dist"":530,""far"":200.0,""kind"":""公示"",""asof"":""2026-01-01""},{""addr"":""東京都西東京市田無町四丁目１７３８番１４"",""use"":""1住居"",""price"":412000,""tsubo"":1361983,""yoy"":3.5,""dist"":530,""far"":200.0,""kind"":""基準"",""asof"":""2026-07-01""},{""addr"":""東京都西東京市南町５丁目４７７番９"",""use"":""1低専"",""price"":357000,""tsubo"":1180165,""yoy"":4.1,""dist"":550,""far"":100.0,""kind"":""公示"",""asof"":""2026-01-01""},{""addr"":""東京都西東京市南町四丁目８８３番２７"",""use"":""1低専"",""price"":350000,""tsubo"":1157025,""yoy"":4.2,""dist"":600,""far"":100.0,""kind"":""基準"",""asof"":""2026-07-01""},{""addr"":""東京都西東京市田無町四丁目１７１８番８"",""use"":""近商"",""price"":435000,""tsubo"":1438016,""yoy"":6.1,""dist"":600,""far"":300.0,""kind"":""基準"",""asof"":""2026-07-01""},{""addr"":""東京都西東京市田無町１丁目２７２８番７"",""use"":""近商"",""price"":382000,""tsubo"":1262810,""yoy"":4.7,""dist"":700,""far"":300.0,""kind"":""公示"",""asof"":""2026-01-01""},{""addr"":""東京都西東京市南町３丁目６８３番３７"",""use"":""1低専"",""price"":348000,""tsubo"":1150413,""yoy"":3.6,""dist"":850,""far"":80.0,""kind"":""公示"",""asof"":""2026-01-01""},{""addr"":""東京都西東京市田無町７丁目１９３３番１７"",""use"":""1低専"",""price"":324000,""tsubo"":1071074,""yoy"":3.5,""dist"":930,""far"":80.0,""kind"":""公示"",""asof"":""2026-01-01""}]"
田町駅,4,14611569,19.25,0,,4,14611569,"[{""addr"":""東京都港区芝５丁目２０２番１外"",""use"":""商業"",""price"":8050000,""tsubo"":26611569,""yoy"":19.8,""dist"":170,""far"":700.0,""kind"":""公示"",""asof"":""2026-01-01""},{""addr"":""東京都港区芝浦３丁目１６番４"",""use"":""商業"",""price"":6100000,""tsubo"":20165288,""yoy"":16.6,""dist"":210,""far"":500.0,""kind"":""公示"",""asof"":""2026-01-01""},{""addr"":""東京都港区芝浦２丁目１番３３"",""use"":""準工"",""price"":2740000,""tsubo"":9057851,""yoy"":20.2,""dist"":760,""far"":400.0,""kind"":""公示"",""asof"":""2026-01-01""},{""addr"":""東京都港区芝浦四丁目１番３４"",""use"":""準工"",""price"":2600000,""tsubo"":8595041,""yoy"":18.7,""dist"":840,""far"":400.0,""kind"":""基準"",""asof"":""2026-07-01""}]"
田端駅,8,3085950,13.3,2,2814876,6,3530578,"[{""addr"":""東京都北区田端五丁目４７６番７"",""use"":""近商"",""price"":1140000,""tsubo"":3768595,""yoy"":18.5,""dist"":260,""far"":300.0,""kind"":""基準"",""asof"":""2026-07-01""},{""addr"":""東京都北区田端１丁目１５番３"",""use"":""1住居"",""price"":832000,""tsubo"":2750413,""yoy"":11.7,""dist"":380,""far"":300.0,""kind"":""公示"",""asof"":""2026-01-01""},{""addr"":""東京都北区東田端２丁目１１番１６"",""use"":""近商"",""price"":996000,""tsubo"":3292562,""yoy"":14.5,""dist"":400,""far"":400.0,""kind"":""公示"",""asof"":""2026-01-01""},{""addr"":""東京都北区田端２丁目１１番１５"",""use"":""1住居"",""price"":871000,""tsubo"":2879339,""yoy"":12.1,""dist"":420,""far"":300.0,""kind"":""公示"",""asof"":""2026-01-01""},{""addr"":""東京都北区田端新町２丁目３３番１"",""use"":""準工"",""price"":762000,""tsubo"":2519008,""yoy"":12.1,""dist"":630,""far"":300.0,""kind"":""公示"",""asof"":""2026-01-01""},{""addr"":""東京都北区田端１丁目２２２番５"",""use"":""商業"",""price"":1510000,""tsubo"":4991735,""yoy"":18.9,""dist"":670,""far"":500.0,""kind"":""公示"",""asof"":""2026-01-01""},{""addr"":""東京都北区田端新町２丁目４４番２"",""use"":""商業"",""price"":1250000,""tsubo"":4132231,""yoy"":19.0,""dist"":700,""far"":500.0,""kind"":""公示"",""asof"":""2026-01-01""},{""addr"":""東京都荒川区東尾久４丁目２０８６番３"",""use"":""準工"",""price"":585000,""tsubo"":1933884,""yoy"":9.3,""dist"":800,""far"":300.0,""kind"":""公示"",""asof"":""2026-01-01""}]"
甲州街道駅,2,766942,4.2,2,766942,0,,"[{""addr"":""東京都日野市大字日野１４２０番４外"",""use"":""1低専"",""price"":257000,""tsubo"":849587,""yoy"":4.9,""dist"":350,""far"":100.0,""kind"":""基準"",""asof"":""2026-07-01""},{""addr"":""東京都日野市大字日野７７７３番１５６"",""use"":""1低専"",""price"":207000,""tsubo"":684297,""yoy"":3.5,""dist"":600,""far"":80.0,""kind"":""公示"",""asof"":""2026-01-01""}]"
町屋駅,8,2315702,11.25,0,,8,2315702,"[{""addr"":""東京都荒川区荒川６丁目５番５"",""use"":""商業"",""price"":1860000,""tsubo"":6148760,""yoy"":18.5,""dist"":100,""far"":500.0,""kind"":""公示"",""asof"":""2026-01-01""},{""addr"":""東京都荒川区町屋一丁目９１２番１３"",""use"":""準工"",""price"":683000,""tsubo"":2257851,""yoy"":10.5,""dist"":460,""far"":300.0,""kind"":""基準"",""asof"":""2026-07-01""},{""addr"":""東京都荒川区荒川６丁目５６番５"",""use"":""準工"",""price"":579000,""tsubo"":1914050,""yoy"":9.9,""dist"":470,""far"":300.0,""kind"":""公示"",""asof"":""2026-01-01""},{""addr"":""東京都荒川区町屋３丁目１０１０番５"",""use"":""商業"",""price"":1230000,""tsubo"":4066116,""yoy"":17.1,""dist"":500,""far"":500.0,""kind"":""公示"",""asof"":""2026-01-01""},{""addr"":""東京都荒川区荒川２丁目２１番３５外"",""use"":""準工"",""price"":673000,""tsubo"":2224793,""yoy"":10.0,""dist"":530,""far"":300.0,""kind"":""公示"",""asof"":""2026-01-01""},{""addr"":""東京都荒川区荒川二丁目２１番３５外"",""use"":""準工"",""price"":718000,""tsubo"":2373554,""yoy"":12.0,""dist"":530,""far"":300.0,""kind"":""基準"",""asof"":""2026-07-01""},{""addr"":""東京都荒川区町屋三丁目１２３３番５"",""use"":""近商"",""price"":765000,""tsubo"":2528926,""yoy"":13.7,""dist"":800,""far"":400.0,""kind"":""基準"",""asof"":""2026-07-01""},{""addr"":""東京都荒川区町屋４丁目１３５５番２８"",""use"":""準工"",""price"":518000,""tsubo"":1712397,""yoy"":9.7,""dist"":900,""far"":300.0,""kind"":""公示"",""asof"":""2026-01-01""}]"
町田駅,29,1226446,5.7,17,852893,12,3851239,"[{""addr"":""東京都町田市原町田６丁目４３６番１"",""use"":""商業"",""price"":2420000,""tsubo"":8000000,""yoy"":9.5,""dist"":0,""far"":600.0,""kind"":""公示"",""asof"":""2026-01-01""},{""addr"":""東京都町田市森野１丁目１３８５番１"",""use"":""商業"",""price"":960000,""tsubo"":3173554,""yoy"":5.8,""dist"":100,""far"":500.0,""kind"":""公示"",""asof"":""2026-01-01""},{""addr"":""東京都町田市原町田６丁目７８２番５外"",""use"":""商業"",""price"":3110000,""tsubo"":10280991,""yoy"":4.7,""dist"":120,""far"":700.0,""kind"":""公示"",""asof"":""2026-01-01""},{""addr"":""東京都町田市原町田六丁目７８２番５外"",""use"":""商業"",""price"":3150000,""tsubo"":10413223,""yoy"":4.7,""dist"":120,""far"":700.0,""kind"":""基準"",""asof"":""2026-07-01""},{""addr"":""東京都町田市森野一丁目１３７８番３"",""use"":""商業"",""price"":1360000,""tsubo"":4495868,""yoy"":7.1,""dist"":150,""far"":600.0,""kind"":""基準"",""asof"":""2026-07-01""},{""addr"":""東京都町田市原町田４丁目８２５番５"",""use"":""商業"",""price"":2010000,""tsubo"":6644628,""yoy"":5.2,""dist"":220,""far"":600.0,""kind"":""公示"",""asof"":""2026-01-01""},{""addr"":""東京都町田市森野１丁目１３３２番１"",""use"":""商業"",""price"":1350000,""tsubo"":4462810,""yoy"":7.1,""dist"":270,""far"":600.0,""kind"":""公示"",""asof"":""2026-01-01""},{""addr"":""東京都町田市森野１丁目１３２１番２"",""use"":""近商"",""price"":475000,""tsubo"":1570248,""yoy"":6.7,""dist"":300,""far"":300.0,""kind"":""公示"",""asof"":""2026-01-01""},{""addr"":""東京都町田市原町田４丁目１２５４番２外"",""use"":""商業"",""price"":980000,""tsubo"":3239669,""yoy"":9.5,""dist"":400,""far"":600.0,""kind"":""公示"",""asof"":""2026-01-01""},{""addr"":""東京都町田市森野２丁目１２２１番３"",""use"":""2中専"",""price"":403000,""tsubo"":1332231,""yoy"":7.8,""dist"":600,""far"":200.0,""kind"":""公示"",""asof"":""2026-01-01""}]"
白山駅,5,4595041,15.8,2,4446280,3,7371901,"[{""addr"":""東京都文京区白山一丁目９０番６"",""use"":""商業"",""price"":2560000,""tsubo"":8462810,""yoy"":15.8,""dist"":80,""far"":600.0,""kind"":""基準"",""asof"":""2026-07-01""},{""addr"":""東京都文京区白山１丁目１３７番６外"",""use"":""近商"",""price"":1350000,""tsubo"":4462810,""yoy"":16.4,""dist"":270,""far"":300.0,""kind"":""公示"",""asof"":""2026-01-01""},{""addr"":""東京都文京区白山４丁目３１０番３２"",""use"":""1低専"",""price"":1300000,""tsubo"":4297520,""yoy"":12.1,""dist"":400,""far"":150.0,""kind"":""公示"",""asof"":""2026-01-01""},{""addr"":""東京都文京区白山四丁目３１０番３２"",""use"":""1低専"",""price"":1390000,""tsubo"":4595041,""yoy"":13.9,""dist"":400,""far"":150.0,""kind"":""基準"",""asof"":""2026-07-01""},{""addr"":""東京都文京区白山２丁目１０７番１１"",""use"":""商業"",""price"":2230000,""tsubo"":7371901,""yoy"":16.8,""dist"":450,""far"":600.0,""kind"":""公示"",""asof"":""2026-01-01""}]"
白糸台駅,1,1345454,0.0,1,1345454,0,,"[{""addr"":""東京都府中市白糸台１丁目７２番１５"",""use"":""1中専"",""price"":407000,""tsubo"":1345454,""yoy"":0.0,""dist"":200,""far"":200.0,""kind"":""公示"",""asof"":""2026-01-01""}]"
白金台駅,4,7190082,15.1,3,7107438,1,18115702,"[{""addr"":""東京都港区白金台４丁目２７３番１９６"",""use"":""1住居"",""price"":1520000,""tsubo"":5024793,""yoy"":15.2,""dist"":180,""far"":300.0,""kind"":""公示"",""asof"":""2026-01-01""},{""addr"":""東京都港区白金台３丁目５５番４外"",""use"":""商業"",""price"":5480000,""tsubo"":18115702,""yoy"":16.6,""dist"":180,""far"":500.0,""kind"":""公示"",""asof"":""2026-01-01""},{""addr"":""東京都港区白金４丁目４６８番４９外"",""use"":""1中専"",""price"":2150000,""tsubo"":7107438,""yoy"":15.0,""dist"":310,""far"":300.0,""kind"":""公示"",""asof"":""2026-01-01""},{""addr"":""東京都港区白金台五丁目２５９番１５"",""use"":""1中専"",""price"":2200000,""tsubo"":7272727,""yoy"":14.6,""dist"":640,""far"":300.0,""kind"":""基準"",""asof"":""2026-07-01""}]"
白金高輪駅,7,8099173,15.1,3,7570248,4,9520661,"[{""addr"":""東京都港区白金１丁目３３９番１３外"",""use"":""準工"",""price"":3160000,""tsubo"":10446281,""yoy"":17.0,""dist"":200,""far"":400.0,""kind"":""公示"",""asof"":""2026-01-01""},{""addr"":""東京都港区高輪１丁目７０１番６１"",""use"":""1中専"",""price"":2160000,""tsubo"":7140496,""yoy"":14.9,""dist"":250,""far"":300.0,""kind"":""公示"",""asof"":""2026-01-01""},{""addr"":""東京都港区高輪一丁目７０１番６１"",""use"":""1中専"",""price"":2290000,""tsubo"":7570248,""yoy"":15.1,""dist"":250,""far"":300.0,""kind"":""基準"",""asof"":""2026-07-01""},{""addr"":""東京都港区三田４丁目５３９番４外"",""use"":""商業"",""price"":3130000,""tsubo"":10347107,""yoy"":18.1,""dist"":260,""far"":500.0,""kind"":""公示"",""asof"":""2026-01-01""},{""addr"":""東京都港区高輪一丁目７１番１"",""use"":""近商"",""price"":2630000,""tsubo"":8694215,""yoy"":17.4,""dist"":500,""far"":400.0,""kind"":""基準"",""asof"":""2026-07-01""},{""addr"":""東京都港区白金３丁目７１番４"",""use"":""準工"",""price"":2290000,""tsubo"":7570248,""yoy"":15.1,""dist"":580,""far"":300.0,""kind"":""公示"",""asof"":""2026-01-01""},{""addr"":""東京都港区南麻布１丁目２２５番４８外"",""use"":""1中専"",""price"":2450000,""tsubo"":8099173,""yoy"":15.0,""dist"":760,""far"":200.0,""kind"":""公示"",""asof"":""2026-01-01""}]"
百草園駅,4,788429,3.95,3,733884,1,975207,"[{""addr"":""東京都日野市百草２０３番３"",""use"":""近商"",""price"":295000,""tsubo"":975207,""yoy"":4.2,""dist"":90,""far"":200.0,""kind"":""公示"",""asof"":""2026-01-01""},{""addr"":""東京都日野市落川９番９"",""use"":""1低専"",""price"":255000,""tsubo"":842975,""yoy"":3.7,""dist"":500,""far"":100.0,""kind"":""公示"",""asof"":""2026-01-01""},{""addr"":""東京都日野市落川２２０７番５"",""use"":""1低専"",""price"":222000,""tsubo"":733884,""yoy"":3.7,""dist"":500,""far"":100.0,""kind"":""公示"",""asof"":""2026-01-01""},{""addr"":""東京都日野市三沢２丁目４０番９外"",""use"":""1低専"",""price"":120000,""tsubo"":396694,""yoy"":9.1,""dist"":1100,""far"":80.0,""kind"":""公示"",""asof"":""2026-01-01""}]"
目白駅,5,4330578,12.5,3,4165289,2,7289256,"[{""addr"":""東京都豊島区目白三丁目１７１４番９"",""use"":""商業"",""price"":2860000,""tsubo"":9454545,""yoy"":16.3,""dist"":130,""far"":500.0,""kind"":""基準"",""asof"":""2026-07-01""},{""addr"":""東京都豊島区目白２丁目１６４３番７"",""use"":""1住居"",""price"":1200000,""tsubo"":3966942,""yoy"":12.1,""dist"":200,""far"":300.0,""kind"":""公示"",""asof"":""2026-01-01""},{""addr"":""東京都新宿区下落合２丁目４１７番２１"",""use"":""1低専"",""price"":1310000,""tsubo"":4330578,""yoy"":10.1,""dist"":450,""far"":150.0,""kind"":""公示"",""asof"":""2026-01-01""},{""addr"":""東京都豊島区目白４丁目４３番７２外"",""use"":""1低専"",""price"":1260000,""tsubo"":4165289,""yoy"":12.5,""dist"":570,""far"":150.0,""kind"":""公示"",""asof"":""2026-01-01""},{""addr"":""東京都新宿区下落合３丁目４８４番５"",""use"":""商業"",""price"":1550000,""tsubo"":5123967,""yoy"":15.7,""dist"":800,""far"":400.0,""kind"":""公示"",""asof"":""2026-01-01""}]"
目黒駅,12,5917355,13.9,5,5619834,7,7438016,"[{""addr"":""東京都品川区上大崎２丁目５６１番１"",""use"":""商業"",""price"":5450000,""tsubo"":18016528,""yoy"":19.0,""dist"":200,""far"":600.0,""kind"":""公示"",""asof"":""2026-01-01""},{""addr"":""東京都品川区上大崎２丁目５７０番１"",""use"":""商業"",""price"":1830000,""tsubo"":6049587,""yoy"":12.3,""dist"":200,""far"":500.0,""kind"":""公示"",""asof"":""2026-01-01""},{""addr"":""東京都目黒区下目黒１丁目１１９番１２外"",""use"":""商業"",""price"":5640000,""tsubo"":18644627,""yoy"":13.5,""dist"":200,""far"":600.0,""kind"":""公示"",""asof"":""2026-01-01""},{""addr"":""東京都品川区上大崎二丁目５６１番１"",""use"":""商業"",""price"":5820000,""tsubo"":19239669,""yoy"":14.8,""dist"":200,""far"":600.0,""kind"":""基準"",""asof"":""2026-07-01""},{""addr"":""東京都品川区上大崎３丁目３００番１５"",""use"":""1中専"",""price"":1720000,""tsubo"":5685950,""yoy"":14.7,""dist"":500,""far"":200.0,""kind"":""公示"",""asof"":""2026-01-01""},{""addr"":""東京都品川区上大崎１丁目４４４番６８"",""use"":""商業"",""price"":2250000,""tsubo"":7438016,""yoy"":17.2,""dist"":500,""far"":500.0,""kind"":""公示"",""asof"":""2026-01-01""},{""addr"":""東京都品川区上大崎２丁目２７０番７０"",""use"":""1低専"",""price"":1700000,""tsubo"":5619834,""yoy"":14.1,""dist"":680,""far"":150.0,""kind"":""公示"",""asof"":""2026-01-01""},{""addr"":""東京都品川区上大崎二丁目２７０番７０"",""use"":""1低専"",""price"":1780000,""tsubo"":5884297,""yoy"":11.9,""dist"":680,""far"":150.0,""kind"":""基準"",""asof"":""2026-07-01""},{""addr"":""東京都目黒区下目黒２丁目２２０番１外"",""use"":""準工"",""price"":1110000,""tsubo"":3669421,""yoy"":14.4,""dist"":740,""far"":300.0,""kind"":""公示"",""asof"":""2026-01-01""},{""addr"":""東京都目黒区下目黒３丁目６０４番６外"",""use"":""商業"",""price"":1800000,""tsubo"":5950413,""yoy"":12.5,""dist"":750,""far"":500.0,""kind"":""公示"",""asof"":""2026-01-01""}]"
相原駅,6,391735,1.7,6,391735,0,,"[{""addr"":""東京都町田市相原町字中ケ谷戸８５７番４１"",""use"":""1低専"",""price"":118000,""tsubo"":390083,""yoy"":1.7,""dist"":450,""far"":80.0,""kind"":""公示"",""asof"":""2026-01-01""},{""addr"":""東京都町田市相原町字中ケ谷戸８５７番４１"",""use"":""1低専"",""price"":119000,""tsubo"":393388,""yoy"":1.7,""dist"":450,""far"":80.0,""kind"":""基準"",""asof"":""2026-07-01""},{""addr"":""東京都町田市相原町字丸山表１７０１番７外"",""use"":""1低専"",""price"":119000,""tsubo"":393388,""yoy"":2.6,""dist"":800,""far"":80.0,""kind"":""基準"",""asof"":""2026-07-01""},{""addr"":""東京都町田市相原町字丸山表１６６７番３"",""use"":""2中専"",""price"":132000,""tsubo"":436364,""yoy"":3.1,""dist"":850,""far"":200.0,""kind"":""基準"",""asof"":""2026-07-01""},{""addr"":""東京都町田市相原町字丸山１８０６番３８"",""use"":""1低専"",""price"":91700,""tsubo"":303140,""yoy"":0.3,""dist"":1000,""far"":80.0,""kind"":""公示"",""asof"":""2026-01-01""},{""addr"":""東京都町田市相原町字坂下４８０番１２１"",""use"":""1低専"",""price"":86600,""tsubo"":286281,""yoy"":0.0,""dist"":1300,""far"":80.0,""kind"":""基準"",""asof"":""2026-07-01""}]"
矢口渡駅,4,2462810,7.75,1,2638016,3,2350413,"[{""addr"":""東京都大田区多摩川１丁目２９７番４内"",""use"":""近商"",""price"":779000,""tsubo"":2575207,""yoy"":8.3,""dist"":130,""far"":300.0,""kind"":""公示"",""asof"":""2026-01-01""},{""addr"":""東京都大田区東矢口２丁目１８５番５"",""use"":""近商"",""price"":711000,""tsubo"":2350413,""yoy"":8.1,""dist"":300,""far"":300.0,""kind"":""公示"",""asof"":""2026-01-01""},{""addr"":""東京都大田区多摩川１丁目１１６６番３外"",""use"":""準住居"",""price"":798000,""tsubo"":2638016,""yoy"":0.0,""dist"":300,""far"":300.0,""kind"":""公示"",""asof"":""2026-01-01""},{""addr"":""東京都大田区多摩川二丁目６９４番１０"",""use"":""準工"",""price"":510000,""tsubo"":1685950,""yoy"":7.4,""dist"":650,""far"":200.0,""kind"":""基準"",""asof"":""2026-07-01""}]"
矢川駅,6,975206,7.65,4,975206,2,1054545,"[{""addr"":""東京都国立市富士見台４丁目１０番４"",""use"":""近商"",""price"":412000,""tsubo"":1361983,""yoy"":8.4,""dist"":90,""far"":400.0,""kind"":""公示"",""asof"":""2026-01-01""},{""addr"":""東京都国立市富士見台３丁目３５番７"",""use"":""1中専"",""price"":368000,""tsubo"":1216529,""yoy"":7.9,""dist"":120,""far"":150.0,""kind"":""公示"",""asof"":""2026-01-01""},{""addr"":""東京都国立市大字谷保字中峯下６９０６番１外"",""use"":""1住居"",""price"":317000,""tsubo"":1047934,""yoy"":7.8,""dist"":180,""far"":300.0,""kind"":""基準"",""asof"":""2026-07-01""},{""addr"":""東京都国立市大字谷保字栗原６０６９番１"",""use"":""1低専"",""price"":233000,""tsubo"":770248,""yoy"":5.9,""dist"":560,""far"":80.0,""kind"":""公示"",""asof"":""2026-01-01""},{""addr"":""東京都国立市青柳１丁目２１番３"",""use"":""1低専"",""price"":273000,""tsubo"":902479,""yoy"":7.5,""dist"":750,""far"":80.0,""kind"":""公示"",""asof"":""2026-01-01""},{""addr"":""東京都国立市泉１丁目１番２"",""use"":""準工"",""price"":226000,""tsubo"":747107,""yoy"":5.1,""dist"":1500,""far"":300.0,""kind"":""公示"",""asof"":""2026-01-01""}]"
矢野口駅,8,953719,3.95,5,915702,3,1034711,"[{""addr"":""東京都稲城市大字矢野口字宿６９１番６外"",""use"":""近商"",""price"":327000,""tsubo"":1080992,""yoy"":5.5,""dist"":200,""far"":200.0,""kind"":""公示"",""asof"":""2026-01-01""},{""addr"":""東京都稲城市大字矢野口字中島３７５０番４５外"",""use"":""2中専"",""price"":330000,""tsubo"":1090909,""yoy"":4.1,""dist"":300,""far"":200.0,""kind"":""基準"",""asof"":""2026-07-01""},{""addr"":""東京都稲城市大字矢野口字塚戸５４２番１３"",""use"":""準工"",""price"":313000,""tsubo"":1034711,""yoy"":0.0,""dist"":400,""far"":200.0,""kind"":""公示"",""asof"":""2026-01-01""},{""addr"":""東京都稲城市大字矢野口字宿７７２番４外"",""use"":""2中専"",""price"":300000,""tsubo"":991736,""yoy"":5.3,""dist"":500,""far"":200.0,""kind"":""公示"",""asof"":""2026-01-01""},{""addr"":""東京都稲城市大字押立字稲荷島１７４４番１２３"",""use"":""1低専"",""price"":259000,""tsubo"":856198,""yoy"":2.8,""dist"":620,""far"":100.0,""kind"":""公示"",""asof"":""2026-01-01""},{""addr"":""東京都稲城市大字矢野口字中島３７番９"",""use"":""1低専"",""price"":275000,""tsubo"":909091,""yoy"":3.0,""dist"":870,""far"":80.0,""kind"":""基準"",""asof"":""2026-07-01""},{""addr"":""東京都稲城市大字押立字稲荷島１７１６番３"",""use"":""準工"",""price"":273000,""tsubo"":902479,""yoy"":3.8,""dist"":950,""far"":200.0,""kind"":""基準"",""asof"":""2026-07-01""},{""addr"":""東京都稲城市大字押立字中関７６３番１"",""use"":""1低専"",""price"":277000,""tsubo"":915702,""yoy"":4.1,""dist"":1000,""far"":80.0,""kind"":""公示"",""asof"":""2026-01-01""}]"
石川台駅,3,2161983,6.7,2,2054545,1,2661157,"[{""addr"":""東京都大田区東雪谷２丁目３５４番５"",""use"":""近商"",""price"":805000,""tsubo"":2661157,""yoy"":8.2,""dist"":350,""far"":300.0,""kind"":""公示"",""asof"":""2026-01-01""},{""addr"":""東京都大田区南雪谷１丁目３３４番３"",""use"":""1中専"",""price"":654000,""tsubo"":2161983,""yoy"":6.7,""dist"":400,""far"":200.0,""kind"":""公示"",""asof"":""2026-01-01""},{""addr"":""東京都大田区東雪谷５丁目８７９番９"",""use"":""1低専"",""price"":589000,""tsubo"":1947107,""yoy"":6.7,""dist"":960,""far"":100.0,""kind"":""公示"",""asof"":""2026-01-01""}]"
石神井公園駅,12,1510744,6.3,10,1428099,2,3186777,"[{""addr"":""東京都練馬区石神井町３丁目１３１５番１外"",""use"":""商業"",""price"":1290000,""tsubo"":4264463,""yoy"":10.3,""dist"":80,""far"":500.0,""kind"":""公示"",""asof"":""2026-01-01""},{""addr"":""東京都練馬区石神井町６丁目１２１７番１６"",""use"":""1低専"",""price"":715000,""tsubo"":2363636,""yoy"":7.7,""dist"":500,""far"":100.0,""kind"":""公示"",""asof"":""2026-01-01""},{""addr"":""東京都練馬区石神井町８丁目１６８０番１９７"",""use"":""1低専"",""price"":536000,""tsubo"":1771901,""yoy"":7.4,""dist"":630,""far"":100.0,""kind"":""公示"",""asof"":""2026-01-01""},{""addr"":""東京都練馬区石神井町二丁目１４３８番３７"",""use"":""1中専"",""price"":554000,""tsubo"":1831405,""yoy"":7.8,""dist"":650,""far"":150.0,""kind"":""基準"",""asof"":""2026-07-01""},{""addr"":""東京都練馬区石神井町７丁目１８５４番１３外"",""use"":""近商"",""price"":638000,""tsubo"":2109091,""yoy"":7.6,""dist"":800,""far"":300.0,""kind"":""公示"",""asof"":""2026-01-01""},{""addr"":""東京都練馬区高野台３丁目２３１２番１０"",""use"":""1低専"",""price"":476000,""tsubo"":1573554,""yoy"":6.3,""dist"":830,""far"":100.0,""kind"":""公示"",""asof"":""2026-01-01""},{""addr"":""東京都練馬区三原台１丁目１２４７番１"",""use"":""1低専"",""price"":402000,""tsubo"":1328926,""yoy"":5.0,""dist"":970,""far"":100.0,""kind"":""公示"",""asof"":""2026-01-01""},{""addr"":""東京都練馬区下石神井三丁目６８３番２"",""use"":""1低専"",""price"":426000,""tsubo"":1408264,""yoy"":5.4,""dist"":1000,""far"":100.0,""kind"":""基準"",""asof"":""2026-07-01""},{""addr"":""東京都練馬区石神井台３丁目１７６８番９外"",""use"":""1低専"",""price"":438000,""tsubo"":1447934,""yoy"":6.3,""dist"":1200,""far"":100.0,""kind"":""公示"",""asof"":""2026-01-01""},{""addr"":""東京都練馬区石神井町５丁目８１９番７"",""use"":""1中専"",""price"":419000,""tsubo"":1385124,""yoy"":5.0,""dist"":1200,""far"":150.0,""kind"":""公示"",""asof"":""2026-01-01""}]"
砂川七番駅,6,917355,4.55,5,909091,1,1097521,"[{""addr"":""東京都立川市幸町５丁目２番１６外"",""use"":""近商"",""price"":332000,""tsubo"":1097521,""yoy"":3.8,""dist"":70,""far"":200.0,""kind"":""公示"",""asof"":""2026-01-01""},{""addr"":""東京都立川市幸町２丁目４１番１８"",""use"":""1住居"",""price"":280000,""tsubo"":925620,""yoy"":6.5,""dist"":450,""far"":200.0,""kind"":""公示"",""asof"":""2026-01-01""},{""addr"":""東京都立川市幸町五丁目６７番２６"",""use"":""1低専"",""price"":280000,""tsubo"":925620,""yoy"":4.5,""dist"":450,""far"":80.0,""kind"":""基準"",""asof"":""2026-07-01""},{""addr"":""東京都立川市柏町３丁目３２番１８"",""use"":""1低専"",""price"":275000,""tsubo"":909091,""yoy"":4.6,""dist"":500,""far"":80.0,""kind"":""公示"",""asof"":""2026-01-01""},{""addr"":""東京都立川市柏町４丁目１２番２５"",""use"":""1中専"",""price"":275000,""tsubo"":909091,""yoy"":3.8,""dist"":700,""far"":150.0,""kind"":""公示"",""asof"":""2026-01-01""},{""addr"":""東京都立川市幸町４丁目２６番７"",""use"":""1低専"",""price"":253000,""tsubo"":836364,""yoy"":6.8,""dist"":1300,""far"":80.0,""kind"":""公示"",""asof"":""2026-01-01""}]"
祐天寺駅,6,4016528,14.1,4,3502479,2,4545454,"[{""addr"":""東京都目黒区祐天寺２丁目１１３８番１７"",""use"":""近商"",""price"":1330000,""tsubo"":4396694,""yoy"":13.7,""dist"":130,""far"":300.0,""kind"":""公示"",""asof"":""2026-01-01""},{""addr"":""東京都目黒区祐天寺二丁目１１３８番１７"",""use"":""近商"",""price"":1420000,""tsubo"":4694215,""yoy"":15.4,""dist"":130,""far"":300.0,""kind"":""基準"",""asof"":""2026-07-01""},{""addr"":""東京都目黒区祐天寺１丁目２１５３番２２"",""use"":""1低専"",""price"":1180000,""tsubo"":3900826,""yoy"":14.6,""dist"":400,""far"":150.0,""kind"":""公示"",""asof"":""2026-01-01""},{""addr"":""東京都目黒区祐天寺一丁目２１５３番２２"",""use"":""1低専"",""price"":1250000,""tsubo"":4132231,""yoy"":13.6,""dist"":400,""far"":150.0,""kind"":""基準"",""asof"":""2026-07-01""},{""addr"":""東京都世田谷区下馬一丁目１２５番３"",""use"":""1中専"",""price"":939000,""tsubo"":3104132,""yoy"":7.9,""dist"":950,""far"":200.0,""kind"":""基準"",""asof"":""2026-07-01""},{""addr"":""東京都目黒区中町１丁目９６６番５２"",""use"":""1中専"",""price"":933000,""tsubo"":3084297,""yoy"":14.5,""dist"":1100,""far"":200.0,""kind"":""公示"",""asof"":""2026-01-01""}]"
祖師ヶ谷大蔵駅,10,2297520,6.6,9,2214876,1,3471074,"[{""addr"":""東京都世田谷区祖師谷１丁目１３８番１３"",""use"":""1低専"",""price"":732000,""tsubo"":2419835,""yoy"":6.7,""dist"":270,""far"":150.0,""kind"":""公示"",""asof"":""2026-01-01""},{""addr"":""東京都世田谷区祖師谷一丁目１３８番１３"",""use"":""1低専"",""price"":752000,""tsubo"":2485950,""yoy"":6.4,""dist"":270,""far"":150.0,""kind"":""基準"",""asof"":""2026-07-01""},{""addr"":""東京都世田谷区祖師谷一丁目１３１番１５"",""use"":""近商"",""price"":1050000,""tsubo"":3471074,""yoy"":7.3,""dist"":280,""far"":300.0,""kind"":""基準"",""asof"":""2026-07-01""},{""addr"":""東京都世田谷区砧８丁目６２番９"",""use"":""1低専"",""price"":788000,""tsubo"":2604959,""yoy"":6.9,""dist"":560,""far"":100.0,""kind"":""公示"",""asof"":""2026-01-01""},{""addr"":""東京都世田谷区砧４丁目２５７番１"",""use"":""1低専"",""price"":720000,""tsubo"":2380165,""yoy"":8.4,""dist"":670,""far"":100.0,""kind"":""公示"",""asof"":""2026-01-01""},{""addr"":""東京都世田谷区砧三丁目１９７番３８"",""use"":""1低専"",""price"":670000,""tsubo"":2214876,""yoy"":6.0,""dist"":780,""far"":100.0,""kind"":""基準"",""asof"":""2026-07-01""},{""addr"":""東京都世田谷区祖師谷５丁目５８３番６３"",""use"":""1低専"",""price"":491000,""tsubo"":1623140,""yoy"":6.5,""dist"":1200,""far"":80.0,""kind"":""公示"",""asof"":""2026-01-01""},{""addr"":""東京都世田谷区砧１丁目３４７番８０"",""use"":""1低専"",""price"":565000,""tsubo"":1867769,""yoy"":7.0,""dist"":1200,""far"":100.0,""kind"":""公示"",""asof"":""2026-01-01""},{""addr"":""東京都世田谷区千歳台二丁目８５４番６"",""use"":""1低専"",""price"":511000,""tsubo"":1689256,""yoy"":5.8,""dist"":1300,""far"":100.0,""kind"":""基準"",""asof"":""2026-07-01""},{""addr"":""東京都世田谷区祖師谷６丁目７１３番１４"",""use"":""1低専"",""price"":453000,""tsubo"":1497521,""yoy"":6.1,""dist"":1500,""far"":80.0,""kind"":""公示"",""asof"":""2026-01-01""}]"
神保町駅,6,8231405,16.3,0,,6,8231405,"[{""addr"":""東京都千代田区神田神保町２丁目２番１５"",""use"":""商業"",""price"":7070000,""tsubo"":23371900,""yoy"":10.6,""dist"":0,""far"":700.0,""kind"":""公示"",""asof"":""2026-01-01""},{""addr"":""東京都千代田区神田神保町二丁目２０番２外"",""use"":""商業"",""price"":2500000,""tsubo"":8264463,""yoy"":14.2,""dist"":150,""far"":500.0,""kind"":""基準"",""asof"":""2026-07-01""},{""addr"":""東京都千代田区神田神保町１丁目２９番３外"",""use"":""商業"",""price"":2480000,""tsubo"":8198347,""yoy"":19.2,""dist"":170,""far"":600.0,""kind"":""公示"",""asof"":""2026-01-01""},{""addr"":""東京都千代田区一ツ橋２丁目９番１７"",""use"":""商業"",""price"":2450000,""tsubo"":8099173,""yoy"":18.4,""dist"":170,""far"":600.0,""kind"":""公示"",""asof"":""2026-01-01""},{""addr"":""東京都千代田区神田神保町１丁目２０番６"",""use"":""商業"",""price"":1270000,""tsubo"":4198347,""yoy"":21.0,""dist"":170,""far"":500.0,""kind"":""公示"",""asof"":""2026-01-01""},{""addr"":""東京都千代田区神田錦町３丁目１８番１外"",""use"":""商業"",""price"":5060000,""tsubo"":16727272,""yoy"":12.4,""dist"":290,""far"":600.0,""kind"":""公示"",""asof"":""2026-01-01""}]"
神楽坂駅,3,3867768,13.8,2,3735537,1,9586776,"[{""addr"":""東京都新宿区神楽坂６丁目６４番"",""use"":""商業"",""price"":2900000,""tsubo"":9586776,""yoy"":16.0,""dist"":150,""far"":500.0,""kind"":""公示"",""asof"":""2026-01-01""},{""addr"":""東京都新宿区矢来町３５番５"",""use"":""1中専"",""price"":1170000,""tsubo"":3867768,""yoy"":10.4,""dist"":350,""far"":300.0,""kind"":""公示"",""asof"":""2026-01-01""},{""addr"":""東京都新宿区赤城下町６９番２外"",""use"":""2住居"",""price"":1090000,""tsubo"":3603306,""yoy"":13.8,""dist"":350,""far"":300.0,""kind"":""公示"",""asof"":""2026-01-01""}]"
神泉駅,7,7636363,16.2,4,6727272,3,8892562,"[{""addr"":""東京都渋谷区神泉町５番１１"",""use"":""1住居"",""price"":1370000,""tsubo"":4528925,""yoy"":16.1,""dist"":100,""far"":300.0,""kind"":""公示"",""asof"":""2026-01-01""},{""addr"":""東京都渋谷区円山町８６番２外"",""use"":""商業"",""price"":2690000,""tsubo"":8892562,""yoy"":19.6,""dist"":100,""far"":500.0,""kind"":""基準"",""asof"":""2026-07-01""},{""addr"":""東京都渋谷区円山町３１番１外"",""use"":""商業"",""price"":2310000,""tsubo"":7636363,""yoy"":16.7,""dist"":320,""far"":400.0,""kind"":""公示"",""asof"":""2026-01-01""},{""addr"":""東京都目黒区青葉台４丁目５８０番７"",""use"":""1住居"",""price"":2450000,""tsubo"":8099173,""yoy"":17.8,""dist"":550,""far"":300.0,""kind"":""公示"",""asof"":""2026-01-01""},{""addr"":""東京都目黒区青葉台３丁目５０３番３"",""use"":""商業"",""price"":3660000,""tsubo"":12099173,""yoy"":16.2,""dist"":590,""far"":600.0,""kind"":""公示"",""asof"":""2026-01-01""},{""addr"":""東京都渋谷区松濤２丁目１４番３０"",""use"":""1低専"",""price"":1900000,""tsubo"":6280992,""yoy"":8.6,""dist"":640,""far"":150.0,""kind"":""公示"",""asof"":""2026-01-01""},{""addr"":""東京都目黒区青葉台２丁目５２２番６９外"",""use"":""1低専"",""price"":2170000,""tsubo"":7173553,""yoy"":13.0,""dist"":720,""far"":100.0,""kind"":""公示"",""asof"":""2026-01-01""}]"
神田駅,8,13553718,14.65,0,,8,13553718,"[{""addr"":""東京都千代田区神田須田町一丁目２６番２"",""use"":""商業"",""price"":7320000,""tsubo"":24198346,""yoy"":10.1,""dist"":70,""far"":800.0,""kind"":""基準"",""asof"":""2026-07-01""},{""addr"":""東京都千代田区神田紺屋町４７番１"",""use"":""商業"",""price"":2920000,""tsubo"":9652892,""yoy"":15.0,""dist"":160,""far"":600.0,""kind"":""公示"",""asof"":""2026-01-01""},{""addr"":""東京都千代田区鍛冶町２丁目２番２８"",""use"":""商業"",""price"":5250000,""tsubo"":17355371,""yoy"":11.0,""dist"":170,""far"":600.0,""kind"":""公示"",""asof"":""2026-01-01""},{""addr"":""東京都千代田区内神田２丁目９番１５"",""use"":""商業"",""price"":4330000,""tsubo"":14314049,""yoy"":19.0,""dist"":200,""far"":600.0,""kind"":""公示"",""asof"":""2026-01-01""},{""addr"":""東京都千代田区神田富山町２２番１外"",""use"":""商業"",""price"":3870000,""tsubo"":12793388,""yoy"":15.2,""dist"":230,""far"":600.0,""kind"":""基準"",""asof"":""2026-07-01""},{""addr"":""東京都千代田区内神田二丁目２３番６"",""use"":""商業"",""price"":6480000,""tsubo"":21421487,""yoy"":10.0,""dist"":320,""far"":700.0,""kind"":""基準"",""asof"":""2026-07-01""},{""addr"":""東京都千代田区神田美倉町１０番１"",""use"":""商業"",""price"":3520000,""tsubo"":11636363,""yoy"":14.3,""dist"":450,""far"":600.0,""kind"":""基準"",""asof"":""2026-07-01""},{""addr"":""東京都千代田区岩本町一丁目４４番９"",""use"":""商業"",""price"":3610000,""tsubo"":11933884,""yoy"":16.1,""dist"":500,""far"":600.0,""kind"":""基準"",""asof"":""2026-07-01""}]"
神谷町駅,2,29206610,12.4,0,,2,29206610,"[{""addr"":""東京都港区虎ノ門５丁目１４番１外"",""use"":""商業"",""price"":9340000,""tsubo"":30876032,""yoy"":17.6,""dist"":0,""far"":600.0,""kind"":""公示"",""asof"":""2026-01-01""},{""addr"":""東京都港区虎ノ門４丁目１７番１２"",""use"":""商業"",""price"":8330000,""tsubo"":27537189,""yoy"":7.2,""dist"":150,""far"":500.0,""kind"":""公示"",""asof"":""2026-01-01""}]"
福生駅,9,813223,1.9,4,596694,5,1107438,"[{""addr"":""東京都福生市東町３番５"",""use"":""商業"",""price"":446000,""tsubo"":1474380,""yoy"":3.0,""dist"":0,""far"":500.0,""kind"":""公示"",""asof"":""2026-01-01""},{""addr"":""東京都福生市本町１１８番１外"",""use"":""商業"",""price"":335000,""tsubo"":1107438,""yoy"":1.5,""dist"":160,""far"":500.0,""kind"":""公示"",""asof"":""2026-01-01""},{""addr"":""東京都福生市本町１１８番１外"",""use"":""商業"",""price"":340000,""tsubo"":1123967,""yoy"":2.4,""dist"":160,""far"":500.0,""kind"":""基準"",""asof"":""2026-07-01""},{""addr"":""東京都福生市東町６番５"",""use"":""1住居"",""price"":246000,""tsubo"":813223,""yoy"":2.1,""dist"":200,""far"":200.0,""kind"":""公示"",""asof"":""2026-01-01""},{""addr"":""東京都福生市東町１０番９"",""use"":""近商"",""price"":254000,""tsubo"":839669,""yoy"":2.4,""dist"":350,""far"":300.0,""kind"":""公示"",""asof"":""2026-01-01""},{""addr"":""東京都福生市志茂２０２番６"",""use"":""商業"",""price"":213000,""tsubo"":704132,""yoy"":1.9,""dist"":500,""far"":400.0,""kind"":""基準"",""asof"":""2026-07-01""},{""addr"":""東京都福生市大字福生字奈賀１１７３番５"",""use"":""1低専"",""price"":161000,""tsubo"":532231,""yoy"":1.3,""dist"":750,""far"":100.0,""kind"":""公示"",""asof"":""2026-01-01""},{""addr"":""東京都福生市武蔵野台２丁目８番９"",""use"":""1中専"",""price"":182000,""tsubo"":601653,""yoy"":1.1,""dist"":750,""far"":200.0,""kind"":""公示"",""asof"":""2026-01-01""},{""addr"":""東京都福生市加美平一丁目２４番１８"",""use"":""1低専"",""price"":179000,""tsubo"":591736,""yoy"":1.1,""dist"":1100,""far"":150.0,""kind"":""基準"",""asof"":""2026-07-01""}]"
秋川駅,11,409917,0.6,9,409917,2,566942,"[{""addr"":""東京都あきる野市秋川２丁目７番４"",""use"":""近商"",""price"":222000,""tsubo"":733884,""yoy"":0.0,""dist"":150,""far"":400.0,""kind"":""公示"",""asof"":""2026-01-01""},{""addr"":""東京都あきる野市油平字阿岐野１８番１０"",""use"":""1低専"",""price"":130000,""tsubo"":429752,""yoy"":0.8,""dist"":240,""far"":80.0,""kind"":""基準"",""asof"":""2026-07-01""},{""addr"":""東京都あきる野市秋川２丁目１７番７"",""use"":""2中専"",""price"":169000,""tsubo"":558678,""yoy"":0.6,""dist"":400,""far"":150.0,""kind"":""公示"",""asof"":""2026-01-01""},{""addr"":""東京都あきる野市秋川６丁目１４番３"",""use"":""1低専"",""price"":158000,""tsubo"":522314,""yoy"":0.6,""dist"":650,""far"":100.0,""kind"":""公示"",""asof"":""2026-01-01""},{""addr"":""東京都あきる野市雨間字澤田４１５番１５"",""use"":""1低専"",""price"":124000,""tsubo"":409917,""yoy"":0.8,""dist"":680,""far"":80.0,""kind"":""公示"",""asof"":""2026-01-01""},{""addr"":""東京都あきる野市雨間字澤田４１５番１５"",""use"":""1低専"",""price"":124000,""tsubo"":409917,""yoy"":0.8,""dist"":680,""far"":80.0,""kind"":""基準"",""asof"":""2026-07-01""},{""addr"":""東京都あきる野市秋川五丁目９番２０"",""use"":""準住居"",""price"":167000,""tsubo"":552066,""yoy"":0.0,""dist"":800,""far"":300.0,""kind"":""基準"",""asof"":""2026-07-01""},{""addr"":""東京都あきる野市瀬戸岡字天神前３９４番５"",""use"":""1低専"",""price"":100000,""tsubo"":330578,""yoy"":0.2,""dist"":1100,""far"":80.0,""kind"":""公示"",""asof"":""2026-01-01""},{""addr"":""東京都西多摩郡日の出町大字平井字三吉野下原３５番６外"",""use"":""工業"",""price"":121000,""tsubo"":400000,""yoy"":6.1,""dist"":1200,""far"":200.0,""kind"":""公示"",""asof"":""2026-01-01""},{""addr"":""東京都あきる野市上代継字中丸３０５番２３"",""use"":""1低専"",""price"":102000,""tsubo"":337190,""yoy"":0.0,""dist"":1200,""far"":80.0,""kind"":""基準"",""asof"":""2026-07-01""}]"
秋津駅,5,704132,2.6,4,694214,1,1216529,"[{""addr"":""東京都東村山市秋津町五丁目８番４５"",""use"":""近商"",""price"":368000,""tsubo"":1216529,""yoy"":3.7,""dist"":90,""far"":300.0,""kind"":""基準"",""asof"":""2026-07-01""},{""addr"":""東京都清瀬市野塩５丁目２０６番７"",""use"":""1低専"",""price"":207000,""tsubo"":684297,""yoy"":3.0,""dist"":630,""far"":100.0,""kind"":""公示"",""asof"":""2026-01-01""},{""addr"":""東京都清瀬市野塩一丁目１６８番１３"",""use"":""1低専"",""price"":213000,""tsubo"":704132,""yoy"":2.4,""dist"":700,""far"":100.0,""kind"":""基準"",""asof"":""2026-07-01""},{""addr"":""東京都清瀬市梅園三丁目１６１０番１０"",""use"":""1中専"",""price"":216000,""tsubo"":714050,""yoy"":2.4,""dist"":820,""far"":200.0,""kind"":""基準"",""asof"":""2026-07-01""},{""addr"":""東京都清瀬市梅園２丁目６７０番１０"",""use"":""1中専"",""price"":199000,""tsubo"":657851,""yoy"":2.6,""dist"":1400,""far"":200.0,""kind"":""公示"",""asof"":""2026-01-01""}]"
秋葉原駅,9,16628099,11.1,0,,9,16628099,"[{""addr"":""東京都千代田区神田相生町１０１番外"",""use"":""商業"",""price"":11800000,""tsubo"":39008263,""yoy"":10.3,""dist"":0,""far"":800.0,""kind"":""公示"",""asof"":""2026-01-01""},{""addr"":""東京都千代田区外神田１丁目５６番２"",""use"":""商業"",""price"":7150000,""tsubo"":23636363,""yoy"":10.2,""dist"":120,""far"":800.0,""kind"":""公示"",""asof"":""2026-01-01""},{""addr"":""東京都千代田区神田須田町二丁目１３番１２"",""use"":""商業"",""price"":3820000,""tsubo"":12628099,""yoy"":14.4,""dist"":130,""far"":800.0,""kind"":""基準"",""asof"":""2026-07-01""},{""addr"":""東京都千代田区神田松永町１３番"",""use"":""商業"",""price"":5030000,""tsubo"":16628099,""yoy"":10.1,""dist"":140,""far"":800.0,""kind"":""基準"",""asof"":""2026-07-01""},{""addr"":""東京都千代田区外神田四丁目１００番外"",""use"":""商業"",""price"":16000000,""tsubo"":52892560,""yoy"":11.1,""dist"":250,""far"":700.0,""kind"":""基準"",""asof"":""2026-07-01""},{""addr"":""東京都千代田区神田和泉町１番２９２"",""use"":""商業"",""price"":2280000,""tsubo"":7537190,""yoy"":17.5,""dist"":300,""far"":500.0,""kind"":""基準"",""asof"":""2026-07-01""},{""addr"":""東京都千代田区神田佐久間町３丁目２４番３外"",""use"":""商業"",""price"":2470000,""tsubo"":8165289,""yoy"":18.8,""dist"":340,""far"":600.0,""kind"":""公示"",""asof"":""2026-01-01""},{""addr"":""東京都千代田区外神田三丁目１０番１外"",""use"":""商業"",""price"":9510000,""tsubo"":31438015,""yoy"":10.1,""dist"":390,""far"":700.0,""kind"":""基準"",""asof"":""2026-07-01""},{""addr"":""東京都台東区台東１丁目２４番２"",""use"":""商業"",""price"":1700000,""tsubo"":5619834,""yoy"":18.9,""dist"":600,""far"":500.0,""kind"":""公示"",""asof"":""2026-01-01""}]"
程久保駅,2,396694,4.35,2,396694,0,,"[{""addr"":""東京都日野市三沢５丁目２５番１３"",""use"":""1低専"",""price"":122000,""tsubo"":403306,""yoy"":6.1,""dist"":450,""far"":80.0,""kind"":""公示"",""asof"":""2026-01-01""},{""addr"":""東京都日野市程久保１丁目８番２外"",""use"":""1低専"",""price"":118000,""tsubo"":390083,""yoy"":2.6,""dist"":570,""far"":80.0,""kind"":""公示"",""asof"":""2026-01-01""}]"
稲城長沼駅,10,1013223,3.8,9,1001653,1,1269421,"[{""addr"":""東京都稲城市大字東長沼字四号１０４０番４"",""use"":""近商"",""price"":384000,""tsubo"":1269421,""yoy"":2.9,""dist"":200,""far"":300.0,""kind"":""基準"",""asof"":""2026-07-01""},{""addr"":""東京都稲城市大字大丸字一号１１２番３外"",""use"":""2中専"",""price"":322000,""tsubo"":1064463,""yoy"":3.9,""dist"":300,""far"":200.0,""kind"":""基準"",""asof"":""2026-07-01""},{""addr"":""東京都稲城市大字東長沼字四号１２８３番４"",""use"":""1低専"",""price"":315000,""tsubo"":1041322,""yoy"":5.0,""dist"":370,""far"":80.0,""kind"":""公示"",""asof"":""2026-01-01""},{""addr"":""東京都稲城市大字東長沼字四号１２８３番４"",""use"":""1低専"",""price"":320000,""tsubo"":1057851,""yoy"":4.9,""dist"":370,""far"":80.0,""kind"":""基準"",""asof"":""2026-07-01""},{""addr"":""東京都稲城市大字東長沼字一号４６番７"",""use"":""1低専"",""price"":269000,""tsubo"":889256,""yoy"":3.5,""dist"":500,""far"":80.0,""kind"":""基準"",""asof"":""2026-07-01""},{""addr"":""東京都稲城市大字東長沼字一号３２１番５"",""use"":""2中専"",""price"":310000,""tsubo"":1024793,""yoy"":3.7,""dist"":580,""far"":150.0,""kind"":""公示"",""asof"":""2026-01-01""},{""addr"":""東京都稲城市大字東長沼字一号２４番１８"",""use"":""1低専"",""price"":245000,""tsubo"":809917,""yoy"":4.3,""dist"":650,""far"":80.0,""kind"":""公示"",""asof"":""2026-01-01""},{""addr"":""東京都稲城市大字東長沼字六号１９８６番９"",""use"":""1低専"",""price"":284000,""tsubo"":938843,""yoy"":3.3,""dist"":700,""far"":80.0,""kind"":""公示"",""asof"":""2026-01-01""},{""addr"":""東京都稲城市大字東長沼字五号１７１９番７"",""use"":""2中専"",""price"":303000,""tsubo"":1001653,""yoy"":3.1,""dist"":1000,""far"":150.0,""kind"":""公示"",""asof"":""2026-01-01""},{""addr"":""東京都稲城市大字押立字上関３９６番２９"",""use"":""1低専"",""price"":275000,""tsubo"":909091,""yoy"":4.6,""dist"":1000,""far"":80.0,""kind"":""基準"",""asof"":""2026-07-01""}]"
稲城駅,11,842975,3.3,9,842975,2,1092561,"[{""addr"":""東京都稲城市大字東長沼字十八号３１０６番５"",""use"":""近商"",""price"":407000,""tsubo"":1345454,""yoy"":0.0,""dist"":170,""far"":400.0,""kind"":""基準"",""asof"":""2026-07-01""},{""addr"":""東京都稲城市大字百村字十七号１６２０番１８"",""use"":""1低専"",""price"":303000,""tsubo"":1001653,""yoy"":3.4,""dist"":280,""far"":100.0,""kind"":""公示"",""asof"":""2026-01-01""},{""addr"":""東京都稲城市大字東長沼字七号２１２０番２"",""use"":""2中専"",""price"":350000,""tsubo"":1157025,""yoy"":4.5,""dist"":320,""far"":150.0,""kind"":""公示"",""asof"":""2026-01-01""},{""addr"":""東京都稲城市大字東長沼字七号２１３２番２"",""use"":""1低専"",""price"":307000,""tsubo"":1014876,""yoy"":4.4,""dist"":560,""far"":100.0,""kind"":""公示"",""asof"":""2026-01-01""},{""addr"":""東京都稲城市大字東長沼字八号２４１８番１"",""use"":""1低専"",""price"":307000,""tsubo"":1014876,""yoy"":3.0,""dist"":560,""far"":100.0,""kind"":""公示"",""asof"":""2026-01-01""},{""addr"":""東京都稲城市向陽台１丁目６番６"",""use"":""1低専"",""price"":247000,""tsubo"":816529,""yoy"":2.9,""dist"":850,""far"":80.0,""kind"":""公示"",""asof"":""2026-01-01""},{""addr"":""東京都稲城市大字百村字三号２５１番７"",""use"":""1低専"",""price"":209000,""tsubo"":690909,""yoy"":3.5,""dist"":900,""far"":80.0,""kind"":""公示"",""asof"":""2026-01-01""},{""addr"":""東京都稲城市向陽台二丁目４番５０"",""use"":""1低専"",""price"":255000,""tsubo"":842975,""yoy"":3.2,""dist"":1200,""far"":80.0,""kind"":""基準"",""asof"":""2026-07-01""},{""addr"":""東京都稲城市大字坂浜字二号１１０番３"",""use"":""2中専"",""price"":226000,""tsubo"":747107,""yoy"":2.7,""dist"":1200,""far"":200.0,""kind"":""基準"",""asof"":""2026-07-01""},{""addr"":""東京都稲城市大字坂浜字四十二号３１７３番５"",""use"":""1低専"",""price"":178000,""tsubo"":588430,""yoy"":6.6,""dist"":1400,""far"":80.0,""kind"":""公示"",""asof"":""2026-01-01""}]"
稲荷町駅,1,3900826,18.0,0,,1,3900826,"[{""addr"":""東京都台東区東上野６丁目６２番１外"",""use"":""商業"",""price"":1180000,""tsubo"":3900826,""yoy"":18.0,""dist"":450,""far"":600.0,""kind"":""公示"",""asof"":""2026-01-01""}]"
穴守稲荷駅,3,1761983,9.1,1,1761983,2,1795041,"[{""addr"":""東京都大田区羽田３丁目３番４"",""use"":""近商"",""price"":626000,""tsubo"":2069421,""yoy"":9.1,""dist"":270,""far"":300.0,""kind"":""公示"",""asof"":""2026-01-01""},{""addr"":""東京都大田区羽田五丁目２５番１８"",""use"":""1住居"",""price"":533000,""tsubo"":1761983,""yoy"":8.3,""dist"":500,""far"":200.0,""kind"":""基準"",""asof"":""2026-07-01""},{""addr"":""東京都大田区東糀谷６丁目１３３５番１外"",""use"":""工専"",""price"":460000,""tsubo"":1520661,""yoy"":11.9,""dist"":1400,""far"":200.0,""kind"":""公示"",""asof"":""2026-01-01""}]"
立会川駅,2,3021487,11.15,0,,2,3021487,"[{""addr"":""東京都品川区東大井２丁目１０６４番１"",""use"":""準工"",""price"":913000,""tsubo"":3018182,""yoy"":12.7,""dist"":220,""far"":300.0,""kind"":""公示"",""asof"":""2026-01-01""},{""addr"":""東京都品川区南大井四丁目１６３９番１５"",""use"":""準工"",""price"":915000,""tsubo"":3024793,""yoy"":9.6,""dist"":460,""far"":200.0,""kind"":""基準"",""asof"":""2026-07-01""}]"
立川駅,31,1504132,8.1,15,1209917,16,3388429,"[{""addr"":""東京都立川市曙町２丁目９１番６外"",""use"":""商業"",""price"":6100000,""tsubo"":20165288,""yoy"":4.3,""dist"":160,""far"":600.0,""kind"":""公示"",""asof"":""2026-01-01""},{""addr"":""東京都立川市曙町二丁目９１番６外"",""use"":""商業"",""price"":6200000,""tsubo"":20495867,""yoy"":4.7,""dist"":160,""far"":600.0,""kind"":""基準"",""asof"":""2026-07-01""},{""addr"":""東京都立川市錦町２丁目１０１番"",""use"":""商業"",""price"":2450000,""tsubo"":8099173,""yoy"":10.4,""dist"":250,""far"":400.0,""kind"":""公示"",""asof"":""2026-01-01""},{""addr"":""東京都立川市柴崎町二丁目３２２番"",""use"":""商業"",""price"":1130000,""tsubo"":3735537,""yoy"":10.8,""dist"":250,""far"":400.0,""kind"":""基準"",""asof"":""2026-07-01""},{""addr"":""東京都立川市錦町二丁目１０１番"",""use"":""商業"",""price"":2550000,""tsubo"":8429752,""yoy"":9.4,""dist"":250,""far"":400.0,""kind"":""基準"",""asof"":""2026-07-01""},{""addr"":""東京都立川市曙町２丁目２４５番６"",""use"":""商業"",""price"":1090000,""tsubo"":3603306,""yoy"":11.2,""dist"":400,""far"":600.0,""kind"":""公示"",""asof"":""2026-01-01""},{""addr"":""東京都立川市柴崎町３丁目１０６番５"",""use"":""商業"",""price"":1000000,""tsubo"":3305785,""yoy"":13.6,""dist"":450,""far"":400.0,""kind"":""公示"",""asof"":""2026-01-01""},{""addr"":""東京都立川市曙町二丁目２２１番７"",""use"":""商業"",""price"":1650000,""tsubo"":5454545,""yoy"":10.0,""dist"":450,""far"":600.0,""kind"":""基準"",""asof"":""2026-07-01""},{""addr"":""東京都立川市西砂町１丁目３９番４１"",""use"":""1低専"",""price"":207000,""tsubo"":684297,""yoy"":5.1,""dist"":500,""far"":80.0,""kind"":""公示"",""asof"":""2026-01-01""},{""addr"":""東京都立川市曙町１丁目３５番２外"",""use"":""商業"",""price"":1050000,""tsubo"":3471074,""yoy"":16.7,""dist"":500,""far"":500.0,""kind"":""公示"",""asof"":""2026-01-01""}]"
競艇場前駅,1,938843,4.4,1,938843,0,,"[{""addr"":""東京都府中市小柳町５丁目３３番１６外"",""use"":""1低専"",""price"":284000,""tsubo"":938843,""yoy"":4.4,""dist"":500,""far"":80.0,""kind"":""公示"",""asof"":""2026-01-01""}]"
竹ノ塚駅,19,1477686,5.1,11,1292562,8,1732231,"[{""addr"":""東京都足立区西竹の塚二丁目１３８８番１８外"",""use"":""商業"",""price"":675000,""tsubo"":2231405,""yoy"":6.6,""dist"":170,""far"":500.0,""kind"":""基準"",""asof"":""2026-07-01""},{""addr"":""東京都足立区竹の塚１丁目２９番１５外"",""use"":""商業"",""price"":636000,""tsubo"":2102479,""yoy"":7.1,""dist"":200,""far"":500.0,""kind"":""公示"",""asof"":""2026-01-01""},{""addr"":""東京都足立区竹の塚六丁目９番３"",""use"":""商業"",""price"":915000,""tsubo"":3024793,""yoy"":7.0,""dist"":250,""far"":500.0,""kind"":""基準"",""asof"":""2026-07-01""},{""addr"":""東京都足立区西竹の塚２丁目１１１５番１９"",""use"":""1住居"",""price"":447000,""tsubo"":1477686,""yoy"":5.9,""dist"":330,""far"":200.0,""kind"":""公示"",""asof"":""2026-01-01""},{""addr"":""東京都足立区竹の塚１丁目１５番３外"",""use"":""1住居"",""price"":481000,""tsubo"":1590083,""yoy"":5.5,""dist"":630,""far"":300.0,""kind"":""公示"",""asof"":""2026-01-01""},{""addr"":""東京都足立区竹の塚５丁目１番２"",""use"":""近商"",""price"":518000,""tsubo"":1712397,""yoy"":5.3,""dist"":670,""far"":300.0,""kind"":""公示"",""asof"":""2026-01-01""},{""addr"":""東京都足立区竹の塚五丁目１番２"",""use"":""近商"",""price"":530000,""tsubo"":1752066,""yoy"":4.7,""dist"":670,""far"":300.0,""kind"":""基準"",""asof"":""2026-07-01""},{""addr"":""東京都足立区伊興四丁目３３１５番４"",""use"":""1中専"",""price"":384000,""tsubo"":1269421,""yoy"":4.1,""dist"":680,""far"":200.0,""kind"":""基準"",""asof"":""2026-07-01""},{""addr"":""東京都足立区竹の塚５丁目２９番８"",""use"":""1中専"",""price"":391000,""tsubo"":1292562,""yoy"":5.7,""dist"":720,""far"":300.0,""kind"":""公示"",""asof"":""2026-01-01""},{""addr"":""東京都足立区竹の塚２丁目１９番２"",""use"":""1中専"",""price"":460000,""tsubo"":1520661,""yoy"":5.0,""dist"":850,""far"":300.0,""kind"":""公示"",""asof"":""2026-01-01""}]"
竹橋駅,2,28099172,10.7,0,,2,28099172,"[{""addr"":""東京都千代田区大手町１丁目１１番外"",""use"":""商業"",""price"":14900000,""tsubo"":49256196,""yoy"":2.1,""dist"":0,""far"":900.0,""kind"":""公示"",""asof"":""2026-01-01""},{""addr"":""東京都千代田区神田錦町２丁目７番１５"",""use"":""商業"",""price"":2100000,""tsubo"":6942148,""yoy"":19.3,""dist"":400,""far"":600.0,""kind"":""公示"",""asof"":""2026-01-01""}]"
笹塚駅,3,2909091,8.6,2,2608264,1,4958678,"[{""addr"":""東京都渋谷区笹塚２丁目４４番３"",""use"":""近商"",""price"":1500000,""tsubo"":4958678,""yoy"":14.5,""dist"":310,""far"":300.0,""kind"":""公示"",""asof"":""2026-01-01""},{""addr"":""東京都世田谷区北沢五丁目８２３番１５"",""use"":""1低専"",""price"":880000,""tsubo"":2909091,""yoy"":8.4,""dist"":460,""far"":150.0,""kind"":""基準"",""asof"":""2026-07-01""},{""addr"":""東京都杉並区方南１丁目８６番４９"",""use"":""1中専"",""price"":698000,""tsubo"":2307438,""yoy"":8.6,""dist"":950,""far"":200.0,""kind"":""公示"",""asof"":""2026-01-01""}]"
等々力駅,5,2657851,6.4,5,2657851,0,,"[{""addr"":""東京都世田谷区中町２丁目４５番４３"",""use"":""1低専"",""price"":804000,""tsubo"":2657851,""yoy"":7.6,""dist"":330,""far"":100.0,""kind"":""公示"",""asof"":""2026-01-01""},{""addr"":""東京都世田谷区中町一丁目５５番３３"",""use"":""1低専"",""price"":815000,""tsubo"":2694215,""yoy"":6.4,""dist"":500,""far"":100.0,""kind"":""基準"",""asof"":""2026-07-01""},{""addr"":""東京都世田谷区等々力８丁目７３番４"",""use"":""1中専"",""price"":890000,""tsubo"":2942149,""yoy"":0.0,""dist"":840,""far"":200.0,""kind"":""公示"",""asof"":""2026-01-01""},{""addr"":""東京都世田谷区野毛１丁目９５番５外"",""use"":""1低専"",""price"":613000,""tsubo"":2026446,""yoy"":4.3,""dist"":1000,""far"":80.0,""kind"":""公示"",""asof"":""2026-01-01""},{""addr"":""東京都世田谷区深沢５丁目１０番８外"",""use"":""1低専"",""price"":750000,""tsubo"":2479339,""yoy"":6.7,""dist"":1000,""far"":100.0,""kind"":""公示"",""asof"":""2026-01-01""}]"
箱根ケ崎駅,12,375206,1.8,9,370248,3,439669,"[{""addr"":""東京都西多摩郡瑞穂町大字箱根ケ崎字狭山２９５番４"",""use"":""商業"",""price"":138000,""tsubo"":456198,""yoy"":2.2,""dist"":0,""far"":400.0,""kind"":""公示"",""asof"":""2026-01-01""},{""addr"":""東京都西多摩郡瑞穂町大字箱根ケ崎字宿西４０９番２"",""use"":""1低専"",""price"":132000,""tsubo"":436364,""yoy"":1.5,""dist"":200,""far"":100.0,""kind"":""基準"",""asof"":""2026-07-01""},{""addr"":""東京都西多摩郡瑞穂町大字箱根ケ崎字狭山１６１番４"",""use"":""1住居"",""price"":122000,""tsubo"":403306,""yoy"":1.7,""dist"":240,""far"":200.0,""kind"":""公示"",""asof"":""2026-01-01""},{""addr"":""東京都西多摩郡瑞穂町大字箱根ケ崎字狭山１８８番６"",""use"":""近商"",""price"":122000,""tsubo"":403306,""yoy"":1.7,""dist"":360,""far"":200.0,""kind"":""公示"",""asof"":""2026-01-01""},{""addr"":""東京都西多摩郡瑞穂町大字箱根ケ崎字宿東２３６５番４"",""use"":""1低専"",""price"":111000,""tsubo"":366942,""yoy"":1.8,""dist"":700,""far"":80.0,""kind"":""公示"",""asof"":""2026-01-01""},{""addr"":""東京都西多摩郡瑞穂町大字箱根ケ崎字池廻り５２０番８"",""use"":""1低専"",""price"":94000,""tsubo"":310744,""yoy"":1.8,""dist"":700,""far"":80.0,""kind"":""公示"",""asof"":""2026-01-01""},{""addr"":""東京都西多摩郡瑞穂町大字箱根ケ崎字宿東２３６５番４"",""use"":""1低専"",""price"":112000,""tsubo"":370248,""yoy"":1.8,""dist"":700,""far"":80.0,""kind"":""基準"",""asof"":""2026-07-01""},{""addr"":""東京都西多摩郡瑞穂町大字箱根ケ崎字宿東２３６９番１"",""use"":""近商"",""price"":133000,""tsubo"":439669,""yoy"":1.5,""dist"":720,""far"":200.0,""kind"":""基準"",""asof"":""2026-07-01""},{""addr"":""東京都西多摩郡瑞穂町大字箱根ケ崎字池廻り７４０番２２"",""use"":""1低専"",""price"":95500,""tsubo"":315702,""yoy"":2.1,""dist"":900,""far"":80.0,""kind"":""基準"",""asof"":""2026-07-01""},{""addr"":""東京都西多摩郡瑞穂町箱根ケ崎東松原３１番４"",""use"":""1低専"",""price"":112000,""tsubo"":370248,""yoy"":1.8,""dist"":1100,""far"":100.0,""kind"":""公示"",""asof"":""2026-01-01""}]"
築地市場駅,1,11735537,9.2,0,,1,11735537,"[{""addr"":""東京都中央区築地５丁目２番１１外"",""use"":""商業"",""price"":3550000,""tsubo"":11735537,""yoy"":9.2,""dist"":230,""far"":600.0,""kind"":""公示"",""asof"":""2026-01-01""}]"
築地駅,6,10165289,15.4,1,8363636,5,10876033,"[{""addr"":""東京都中央区築地三丁目９０３番１"",""use"":""商業"",""price"":4370000,""tsubo"":14446280,""yoy"":15.0,""dist"":1,""far"":700.0,""kind"":""基準"",""asof"":""2026-07-01""},{""addr"":""東京都中央区築地２丁目１４０４番６"",""use"":""商業"",""price"":3290000,""tsubo"":10876033,""yoy"":18.8,""dist"":90,""far"":600.0,""kind"":""公示"",""asof"":""2026-01-01""},{""addr"":""東京都中央区築地３丁目１２０９番６外"",""use"":""商業"",""price"":2060000,""tsubo"":6809917,""yoy"":19.8,""dist"":130,""far"":500.0,""kind"":""公示"",""asof"":""2026-01-01""},{""addr"":""東京都中央区築地４丁目２番１"",""use"":""商業"",""price"":5290000,""tsubo"":17487603,""yoy"":10.4,""dist"":170,""far"":800.0,""kind"":""公示"",""asof"":""2026-01-01""},{""addr"":""東京都中央区築地七丁目３番１４"",""use"":""商業"",""price"":2860000,""tsubo"":9454545,""yoy"":15.8,""dist"":400,""far"":500.0,""kind"":""基準"",""asof"":""2026-07-01""},{""addr"":""東京都中央区明石町５２８番２"",""use"":""2住居"",""price"":2530000,""tsubo"":8363636,""yoy"":14.5,""dist"":430,""far"":400.0,""kind"":""公示"",""asof"":""2026-01-01""}]"
篠崎駅,12,1328925,6.1,8,1246280,4,1352066,"[{""addr"":""東京都江戸川区篠崎町７丁目４２７番９"",""use"":""商業"",""price"":835000,""tsubo"":2760330,""yoy"":11.0,""dist"":0,""far"":400.0,""kind"":""公示"",""asof"":""2026-01-01""},{""addr"":""東京都江戸川区篠崎町七丁目１８８番４"",""use"":""1住居"",""price"":473000,""tsubo"":1563636,""yoy"":7.0,""dist"":390,""far"":200.0,""kind"":""基準"",""asof"":""2026-07-01""},{""addr"":""東京都江戸川区篠崎町２丁目４３９番１１"",""use"":""1住居"",""price"":471000,""tsubo"":1557025,""yoy"":6.1,""dist"":470,""far"":300.0,""kind"":""公示"",""asof"":""2026-01-01""},{""addr"":""東京都江戸川区篠崎町６丁目５０番３外"",""use"":""準工"",""price"":383000,""tsubo"":1266116,""yoy"":6.7,""dist"":500,""far"":200.0,""kind"":""公示"",""asof"":""2026-01-01""},{""addr"":""東京都江戸川区篠崎町１丁目３５２番１"",""use"":""1中専"",""price"":443000,""tsubo"":1464463,""yoy"":5.7,""dist"":520,""far"":150.0,""kind"":""公示"",""asof"":""2026-01-01""},{""addr"":""東京都江戸川区篠崎町５丁目８８番５７"",""use"":""1中専"",""price"":398000,""tsubo"":1315702,""yoy"":6.1,""dist"":630,""far"":150.0,""kind"":""公示"",""asof"":""2026-01-01""},{""addr"":""東京都江戸川区上篠崎１丁目１４８番"",""use"":""1中専"",""price"":356000,""tsubo"":1176859,""yoy"":5.6,""dist"":1100,""far"":150.0,""kind"":""公示"",""asof"":""2026-01-01""},{""addr"":""東京都江戸川区鹿骨２丁目１４０番３"",""use"":""1中専"",""price"":324000,""tsubo"":1071074,""yoy"":3.5,""dist"":1300,""far"":150.0,""kind"":""公示"",""asof"":""2026-01-01""},{""addr"":""東京都江戸川区新堀二丁目１４番５外"",""use"":""1住居"",""price"":352000,""tsubo"":1163636,""yoy"":6.0,""dist"":1300,""far"":300.0,""kind"":""基準"",""asof"":""2026-07-01""},{""addr"":""東京都江戸川区篠崎町四丁目２５４番４８"",""use"":""近商"",""price"":412000,""tsubo"":1361983,""yoy"":7.6,""dist"":1300,""far"":300.0,""kind"":""基準"",""asof"":""2026-07-01""}]"
糀谷駅,4,2280991,7.4,1,1801653,3,2760330,"[{""addr"":""東京都大田区西糀谷４丁目７１番３"",""use"":""近商"",""price"":835000,""tsubo"":2760330,""yoy"":8.4,""dist"":70,""far"":300.0,""kind"":""公示"",""asof"":""2026-01-01""},{""addr"":""東京都大田区南蒲田３丁目１４６１番６"",""use"":""近商"",""price"":1020000,""tsubo"":3371901,""yoy"":0.0,""dist"":150,""far"":400.0,""kind"":""公示"",""asof"":""2026-01-01""},{""addr"":""東京都大田区西糀谷４丁目１６４番１"",""use"":""1住居"",""price"":545000,""tsubo"":1801653,""yoy"":7.9,""dist"":300,""far"":200.0,""kind"":""公示"",""asof"":""2026-01-01""},{""addr"":""東京都大田区萩中二丁目１９７番１５"",""use"":""準工"",""price"":545000,""tsubo"":1801653,""yoy"":6.9,""dist"":600,""far"":200.0,""kind"":""基準"",""asof"":""2026-07-01""}]"
経堂駅,7,2740496,7.5,6,2695868,1,4231405,"[{""addr"":""東京都世田谷区経堂１丁目３６番２１"",""use"":""近商"",""price"":1280000,""tsubo"":4231405,""yoy"":8.5,""dist"":140,""far"":300.0,""kind"":""公示"",""asof"":""2026-01-01""},{""addr"":""東京都世田谷区経堂２丁目２４４番３９"",""use"":""1住居"",""price"":829000,""tsubo"":2740496,""yoy"":7.1,""dist"":370,""far"":200.0,""kind"":""公示"",""asof"":""2026-01-01""},{""addr"":""東京都世田谷区経堂一丁目９０番３"",""use"":""1低専"",""price"":870000,""tsubo"":2876033,""yoy"":8.1,""dist"":410,""far"":150.0,""kind"":""基準"",""asof"":""2026-07-01""},{""addr"":""東京都世田谷区赤堤一丁目２３４番２６"",""use"":""1低専"",""price"":872000,""tsubo"":2882645,""yoy"":6.0,""dist"":450,""far"":100.0,""kind"":""基準"",""asof"":""2026-07-01""},{""addr"":""東京都世田谷区宮坂３丁目２３４４番１１"",""use"":""1低専"",""price"":802000,""tsubo"":2651240,""yoy"":7.5,""dist"":540,""far"":100.0,""kind"":""公示"",""asof"":""2026-01-01""},{""addr"":""東京都世田谷区経堂５丁目８９９番２７外"",""use"":""1低専"",""price"":761000,""tsubo"":2515702,""yoy"":8.3,""dist"":720,""far"":150.0,""kind"":""公示"",""asof"":""2026-01-01""},{""addr"":""東京都世田谷区桜上水１丁目１０１番２０"",""use"":""1低専"",""price"":640000,""tsubo"":2115702,""yoy"":7.0,""dist"":1000,""far"":100.0,""kind"":""公示"",""asof"":""2026-01-01""}]"
綾瀬駅,17,2320661,9.5,12,1920661,5,3305785,"[{""addr"":""東京都足立区綾瀬１丁目１１１番２外"",""use"":""近商"",""price"":1260000,""tsubo"":4165289,""yoy"":16.7,""dist"":80,""far"":300.0,""kind"":""公示"",""asof"":""2026-01-01""},{""addr"":""東京都葛飾区小菅４丁目１１番６"",""use"":""商業"",""price"":1000000,""tsubo"":3305785,""yoy"":13.4,""dist"":90,""far"":400.0,""kind"":""公示"",""asof"":""2026-01-01""},{""addr"":""東京都足立区綾瀬一丁目４０９番６"",""use"":""近商"",""price"":880000,""tsubo"":2909091,""yoy"":11.4,""dist"":130,""far"":300.0,""kind"":""基準"",""asof"":""2026-07-01""},{""addr"":""東京都足立区綾瀬２丁目２６番９"",""use"":""商業"",""price"":910000,""tsubo"":3008264,""yoy"":11.9,""dist"":180,""far"":400.0,""kind"":""公示"",""asof"":""2026-01-01""},{""addr"":""東京都足立区綾瀬４丁目６４番３"",""use"":""1住居"",""price"":715000,""tsubo"":2363636,""yoy"":12.2,""dist"":230,""far"":300.0,""kind"":""公示"",""asof"":""2026-01-01""},{""addr"":""東京都足立区綾瀬三丁目１６番５"",""use"":""商業"",""price"":1270000,""tsubo"":4198347,""yoy"":16.5,""dist"":280,""far"":500.0,""kind"":""基準"",""asof"":""2026-07-01""},{""addr"":""東京都葛飾区小菅４丁目５番１１"",""use"":""1中専"",""price"":599000,""tsubo"":1980165,""yoy"":5.5,""dist"":350,""far"":200.0,""kind"":""公示"",""asof"":""2026-01-01""},{""addr"":""東京都足立区綾瀬一丁目２４３番３"",""use"":""1中専"",""price"":563000,""tsubo"":1861157,""yoy"":7.0,""dist"":360,""far"":300.0,""kind"":""基準"",""asof"":""2026-07-01""},{""addr"":""東京都足立区綾瀬３丁目２２番１０"",""use"":""1住居"",""price"":847000,""tsubo"":2800000,""yoy"":12.9,""dist"":420,""far"":300.0,""kind"":""公示"",""asof"":""2026-01-01""},{""addr"":""東京都足立区綾瀬三丁目２２番１０"",""use"":""1住居"",""price"":874000,""tsubo"":2889256,""yoy"":10.4,""dist"":420,""far"":300.0,""kind"":""基準"",""asof"":""2026-07-01""}]"
緑が丘駅,2,3586777,11.65,2,3586777,0,,"[{""addr"":""東京都目黒区緑が丘３丁目３１８２番１"",""use"":""1低専"",""price"":940000,""tsubo"":3107438,""yoy"":10.5,""dist"":220,""far"":150.0,""kind"":""公示"",""asof"":""2026-01-01""},{""addr"":""東京都目黒区緑が丘二丁目２５０１番１３"",""use"":""1低専"",""price"":1230000,""tsubo"":4066116,""yoy"":12.8,""dist"":600,""far"":150.0,""kind"":""基準"",""asof"":""2026-07-01""}]"
練馬春日町駅,5,1573554,6.4,5,1573554,0,,"[{""addr"":""東京都練馬区春日町１丁目２２１１番１９"",""use"":""1低専"",""price"":512000,""tsubo"":1692562,""yoy"":6.7,""dist"":490,""far"":100.0,""kind"":""公示"",""asof"":""2026-01-01""},{""addr"":""東京都練馬区春日町一丁目２２１１番１９"",""use"":""1低専"",""price"":531000,""tsubo"":1755372,""yoy"":7.3,""dist"":490,""far"":100.0,""kind"":""基準"",""asof"":""2026-07-01""},{""addr"":""東京都練馬区春日町３丁目２０００番１６"",""use"":""1低専"",""price"":476000,""tsubo"":1573554,""yoy"":6.3,""dist"":540,""far"":100.0,""kind"":""公示"",""asof"":""2026-01-01""},{""addr"":""東京都練馬区春日町４丁目２６１７番１４"",""use"":""1低専"",""price"":470000,""tsubo"":1553719,""yoy"":6.1,""dist"":750,""far"":100.0,""kind"":""公示"",""asof"":""2026-01-01""},{""addr"":""東京都練馬区高松二丁目３８２７番８"",""use"":""1低専"",""price"":434000,""tsubo"":1434711,""yoy"":6.4,""dist"":1100,""far"":100.0,""kind"":""基準"",""asof"":""2026-07-01""}]"
練馬駅,15,2228099,8.2,9,1993388,6,3457851,"[{""addr"":""東京都練馬区練馬１丁目６０８２番５２外"",""use"":""商業"",""price"":1260000,""tsubo"":4165289,""yoy"":10.5,""dist"":130,""far"":500.0,""kind"":""公示"",""asof"":""2026-01-01""},{""addr"":""東京都板橋区徳丸三丁目１１５番６"",""use"":""近商"",""price"":832000,""tsubo"":2750413,""yoy"":11.8,""dist"":130,""far"":300.0,""kind"":""基準"",""asof"":""2026-07-01""},{""addr"":""東京都練馬区豊玉北６丁目１番１３"",""use"":""商業"",""price"":1920000,""tsubo"":6347107,""yoy"":10.3,""dist"":300,""far"":600.0,""kind"":""公示"",""asof"":""2026-01-01""},{""addr"":""東京都練馬区豊玉北六丁目１番１３"",""use"":""商業"",""price"":2030000,""tsubo"":6710744,""yoy"":10.9,""dist"":300,""far"":600.0,""kind"":""基準"",""asof"":""2026-07-01""},{""addr"":""東京都板橋区徳丸３丁目１５３番１０"",""use"":""1中専"",""price"":563000,""tsubo"":1861157,""yoy"":8.3,""dist"":380,""far"":200.0,""kind"":""公示"",""asof"":""2026-01-01""},{""addr"":""東京都練馬区練馬１丁目６９６８番３"",""use"":""1中専"",""price"":616000,""tsubo"":2036364,""yoy"":8.1,""dist"":420,""far"":200.0,""kind"":""公示"",""asof"":""2026-01-01""},{""addr"":""東京都練馬区豊玉北４丁目２５番９"",""use"":""1中専"",""price"":727000,""tsubo"":2403306,""yoy"":8.8,""dist"":450,""far"":200.0,""kind"":""公示"",""asof"":""2026-01-01""},{""addr"":""東京都練馬区北町一丁目１８１番５"",""use"":""近商"",""price"":712000,""tsubo"":2353719,""yoy"":7.7,""dist"":450,""far"":400.0,""kind"":""基準"",""asof"":""2026-07-01""},{""addr"":""東京都練馬区北町一丁目４９０番１"",""use"":""準工"",""price"":536000,""tsubo"":1771901,""yoy"":7.6,""dist"":520,""far"":200.0,""kind"":""基準"",""asof"":""2026-07-01""},{""addr"":""東京都練馬区練馬２丁目６２６０番２４"",""use"":""1低専"",""price"":573000,""tsubo"":1894215,""yoy"":7.7,""dist"":570,""far"":100.0,""kind"":""公示"",""asof"":""2026-01-01""}]"
練馬高野台駅,7,1656198,5.9,6,1611570,1,3669421,"[{""addr"":""東京都練馬区高野台１丁目２４３３番６"",""use"":""近商"",""price"":1110000,""tsubo"":3669421,""yoy"":8.8,""dist"":0,""far"":400.0,""kind"":""公示"",""asof"":""2026-01-01""},{""addr"":""東京都練馬区富士見台３丁目７６９番８"",""use"":""1低専"",""price"":501000,""tsubo"":1656198,""yoy"":5.9,""dist"":320,""far"":100.0,""kind"":""公示"",""asof"":""2026-01-01""},{""addr"":""東京都練馬区南田中三丁目７０７番１"",""use"":""準住居"",""price"":750000,""tsubo"":2479339,""yoy"":8.2,""dist"":530,""far"":300.0,""kind"":""基準"",""asof"":""2026-07-01""},{""addr"":""東京都練馬区南田中３丁目６８８番２４"",""use"":""1低専"",""price"":474000,""tsubo"":1566942,""yoy"":5.6,""dist"":550,""far"":100.0,""kind"":""公示"",""asof"":""2026-01-01""},{""addr"":""東京都練馬区石神井町１丁目１０５８番３"",""use"":""1低専"",""price"":555000,""tsubo"":1834711,""yoy"":7.6,""dist"":580,""far"":100.0,""kind"":""公示"",""asof"":""2026-01-01""},{""addr"":""東京都練馬区富士見台２丁目２２６番１１"",""use"":""1低専"",""price"":457000,""tsubo"":1510744,""yoy"":5.1,""dist"":800,""far"":100.0,""kind"":""公示"",""asof"":""2026-01-01""},{""addr"":""東京都練馬区高野台２丁目９１３番９"",""use"":""2住居"",""price"":472000,""tsubo"":1560331,""yoy"":5.8,""dist"":830,""far"":200.0,""kind"":""公示"",""asof"":""2026-01-01""}]"
羽村駅,12,500826,1.25,10,479339,2,633058,"[{""addr"":""東京都羽村市神明台一丁目１５番５外"",""use"":""1中専"",""price"":195000,""tsubo"":644628,""yoy"":1.0,""dist"":570,""far"":200.0,""kind"":""基準"",""asof"":""2026-07-01""},{""addr"":""東京都羽村市緑ヶ丘１丁目１４番４"",""use"":""近商"",""price"":191000,""tsubo"":631405,""yoy"":1.6,""dist"":650,""far"":300.0,""kind"":""公示"",""asof"":""2026-01-01""},{""addr"":""東京都羽村市羽東三丁目４３２番１７"",""use"":""1低専"",""price"":140000,""tsubo"":462810,""yoy"":0.7,""dist"":650,""far"":80.0,""kind"":""基準"",""asof"":""2026-07-01""},{""addr"":""東京都羽村市緑ヶ丘一丁目１４番４"",""use"":""近商"",""price"":192000,""tsubo"":634711,""yoy"":1.6,""dist"":650,""far"":300.0,""kind"":""基準"",""asof"":""2026-07-01""},{""addr"":""東京都羽村市羽中１丁目２７９３番３８"",""use"":""1低専"",""price"":150000,""tsubo"":495868,""yoy"":1.4,""dist"":1000,""far"":80.0,""kind"":""公示"",""asof"":""2026-01-01""},{""addr"":""東京都羽村市羽中３丁目２６３８番２３"",""use"":""1低専"",""price"":138000,""tsubo"":456198,""yoy"":1.5,""dist"":1100,""far"":80.0,""kind"":""公示"",""asof"":""2026-01-01""},{""addr"":""東京都羽村市川崎３丁目９３番３"",""use"":""1低専"",""price"":137000,""tsubo"":452893,""yoy"":1.5,""dist"":1200,""far"":80.0,""kind"":""公示"",""asof"":""2026-01-01""},{""addr"":""東京都羽村市緑ヶ丘５丁目１０番４０"",""use"":""1低専"",""price"":180000,""tsubo"":595041,""yoy"":1.1,""dist"":1200,""far"":100.0,""kind"":""公示"",""asof"":""2026-01-01""},{""addr"":""東京都羽村市羽字玉川附６９０番６２"",""use"":""1低専"",""price"":89000,""tsubo"":294215,""yoy"":0.9,""dist"":1200,""far"":80.0,""kind"":""公示"",""asof"":""2026-01-01""},{""addr"":""東京都羽村市富士見平二丁目２１番１１"",""use"":""1中専"",""price"":173000,""tsubo"":571901,""yoy"":1.2,""dist"":1300,""far"":200.0,""kind"":""基準"",""asof"":""2026-07-01""}]"
聖蹟桜ヶ丘駅,19,872727,4.3,15,747107,4,3214876,"[{""addr"":""東京都多摩市関戸１丁目１１番９"",""use"":""商業"",""price"":945000,""tsubo"":3123967,""yoy"":12.5,""dist"":100,""far"":500.0,""kind"":""公示"",""asof"":""2026-01-01""},{""addr"":""東京都多摩市関戸二丁目４０番２７"",""use"":""商業"",""price"":1100000,""tsubo"":3636364,""yoy"":10.2,""dist"":100,""far"":500.0,""kind"":""基準"",""asof"":""2026-07-01""},{""addr"":""東京都多摩市関戸一丁目１１番９"",""use"":""商業"",""price"":1000000,""tsubo"":3305785,""yoy"":12.4,""dist"":100,""far"":500.0,""kind"":""基準"",""asof"":""2026-07-01""},{""addr"":""東京都多摩市一ノ宮２丁目１３番３外"",""use"":""商業"",""price"":568000,""tsubo"":1877686,""yoy"":9.7,""dist"":300,""far"":500.0,""kind"":""公示"",""asof"":""2026-01-01""},{""addr"":""東京都多摩市関戸４丁目２７番３"",""use"":""2住居"",""price"":322000,""tsubo"":1064463,""yoy"":5.2,""dist"":400,""far"":200.0,""kind"":""公示"",""asof"":""2026-01-01""},{""addr"":""東京都多摩市関戸２丁目９番５"",""use"":""1低専"",""price"":283000,""tsubo"":935537,""yoy"":5.2,""dist"":450,""far"":80.0,""kind"":""公示"",""asof"":""2026-01-01""},{""addr"":""東京都多摩市桜ケ丘１丁目５７番６"",""use"":""1低専"",""price"":273000,""tsubo"":902479,""yoy"":5.8,""dist"":500,""far"":80.0,""kind"":""公示"",""asof"":""2026-01-01""},{""addr"":""東京都多摩市一ノ宮２丁目２５番６"",""use"":""2中専"",""price"":264000,""tsubo"":872727,""yoy"":4.3,""dist"":600,""far"":150.0,""kind"":""公示"",""asof"":""2026-01-01""},{""addr"":""東京都多摩市一ノ宮４丁目１３番１３"",""use"":""1低専"",""price"":305000,""tsubo"":1008264,""yoy"":4.1,""dist"":680,""far"":80.0,""kind"":""公示"",""asof"":""2026-01-01""},{""addr"":""東京都多摩市一ノ宮四丁目１３番１３"",""use"":""1低専"",""price"":310000,""tsubo"":1024793,""yoy"":4.0,""dist"":680,""far"":80.0,""kind"":""基準"",""asof"":""2026-07-01""}]"
自由が丘駅,6,5950413,14.2,2,5570247,4,10925619,"[{""addr"":""東京都目黒区自由が丘２丁目２３番２外"",""use"":""商業"",""price"":7150000,""tsubo"":23636363,""yoy"":15.1,""dist"":0,""far"":600.0,""kind"":""公示"",""asof"":""2026-01-01""},{""addr"":""東京都目黒区自由が丘１丁目７番７"",""use"":""商業"",""price"":4730000,""tsubo"":15636363,""yoy"":14.8,""dist"":100,""far"":400.0,""kind"":""公示"",""asof"":""2026-01-01""},{""addr"":""東京都目黒区自由が丘１丁目１４７番１０外"",""use"":""近商"",""price"":1880000,""tsubo"":6214876,""yoy"":14.6,""dist"":300,""far"":300.0,""kind"":""公示"",""asof"":""2026-01-01""},{""addr"":""東京都世田谷区奥沢５丁目３１６番９"",""use"":""近商"",""price"":1660000,""tsubo"":5487603,""yoy"":12.9,""dist"":380,""far"":300.0,""kind"":""公示"",""asof"":""2026-01-01""},{""addr"":""東京都目黒区自由が丘２丁目１２３番８"",""use"":""1低専"",""price"":1650000,""tsubo"":5454545,""yoy"":13.8,""dist"":500,""far"":100.0,""kind"":""公示"",""asof"":""2026-01-01""},{""addr"":""東京都目黒区自由が丘二丁目１２３番８"",""use"":""1低専"",""price"":1720000,""tsubo"":5685950,""yoy"":12.4,""dist"":500,""far"":100.0,""kind"":""基準"",""asof"":""2026-07-01""}]"
舎人公園駅,3,1047934,6.7,2,970248,1,1160331,"[{""addr"":""東京都足立区西伊興２丁目３９番１５１"",""use"":""1低専"",""price"":317000,""tsubo"":1047934,""yoy"":6.7,""dist"":780,""far"":150.0,""kind"":""公示"",""asof"":""2026-01-01""},{""addr"":""東京都足立区皿沼１丁目１６番４９"",""use"":""1住居"",""price"":270000,""tsubo"":892562,""yoy"":4.2,""dist"":1000,""far"":200.0,""kind"":""公示"",""asof"":""2026-01-01""},{""addr"":""東京都足立区入谷６丁目３２２１番"",""use"":""準工"",""price"":351000,""tsubo"":1160331,""yoy"":17.0,""dist"":1200,""far"":300.0,""kind"":""公示"",""asof"":""2026-01-01""}]"
舎人駅,5,1038016,5.7,3,1038016,2,1302479,"[{""addr"":""東京都足立区舎人一丁目２８番７外"",""use"":""準工"",""price"":481000,""tsubo"":1590083,""yoy"":5.0,""dist"":1,""far"":400.0,""kind"":""基準"",""asof"":""2026-07-01""},{""addr"":""東京都足立区舎人一丁目１番２"",""use"":""1中専"",""price"":324000,""tsubo"":1071074,""yoy"":4.5,""dist"":450,""far"":200.0,""kind"":""基準"",""asof"":""2026-07-01""},{""addr"":""東京都足立区古千谷本町２丁目２１番１"",""use"":""1低専"",""price"":314000,""tsubo"":1038016,""yoy"":5.7,""dist"":600,""far"":150.0,""kind"":""公示"",""asof"":""2026-01-01""},{""addr"":""東京都足立区入谷４丁目６番２９"",""use"":""1中専"",""price"":275000,""tsubo"":909091,""yoy"":6.6,""dist"":950,""far"":200.0,""kind"":""公示"",""asof"":""2026-01-01""},{""addr"":""東京都足立区入谷四丁目２１番１１外"",""use"":""準工"",""price"":307000,""tsubo"":1014876,""yoy"":8.1,""dist"":1100,""far"":300.0,""kind"":""基準"",""asof"":""2026-07-01""}]"
船堀駅,13,1586777,6.7,6,1528925,7,1609917,"[{""addr"":""東京都江戸川区船堀２丁目５６６番"",""use"":""商業"",""price"":1030000,""tsubo"":3404959,""yoy"":11.4,""dist"":130,""far"":500.0,""kind"":""公示"",""asof"":""2026-01-01""},{""addr"":""東京都江戸川区船堀２丁目５０７番１"",""use"":""1住居"",""price"":546000,""tsubo"":1804959,""yoy"":6.6,""dist"":450,""far"":200.0,""kind"":""公示"",""asof"":""2026-01-01""},{""addr"":""東京都江戸川区松江５丁目１１４４番１"",""use"":""近商"",""price"":650000,""tsubo"":2148760,""yoy"":15.0,""dist"":590,""far"":400.0,""kind"":""公示"",""asof"":""2026-01-01""},{""addr"":""東京都江戸川区松江５丁目１１２６番１"",""use"":""準工"",""price"":463000,""tsubo"":1530578,""yoy"":9.2,""dist"":590,""far"":200.0,""kind"":""公示"",""asof"":""2026-01-01""},{""addr"":""東京都江戸川区船堀５丁目１３２７番"",""use"":""準工"",""price"":457000,""tsubo"":1510744,""yoy"":6.0,""dist"":850,""far"":200.0,""kind"":""公示"",""asof"":""2026-01-01""},{""addr"":""東京都江戸川区船堀７丁目１４３７番２"",""use"":""1中専"",""price"":480000,""tsubo"":1586777,""yoy"":6.7,""dist"":920,""far"":150.0,""kind"":""公示"",""asof"":""2026-01-01""},{""addr"":""東京都江戸川区船堀七丁目１４３７番２"",""use"":""1中専"",""price"":490000,""tsubo"":1619835,""yoy"":6.8,""dist"":920,""far"":150.0,""kind"":""基準"",""asof"":""2026-07-01""},{""addr"":""東京都江戸川区船堀７丁目１４６９番３"",""use"":""近商"",""price"":490000,""tsubo"":1619835,""yoy"":6.8,""dist"":950,""far"":300.0,""kind"":""公示"",""asof"":""2026-01-01""},{""addr"":""東京都江戸川区東小松川４丁目６０４６番８"",""use"":""1住居"",""price"":411000,""tsubo"":1358678,""yoy"":6.2,""dist"":960,""far"":200.0,""kind"":""公示"",""asof"":""2026-01-01""},{""addr"":""東京都江戸川区北葛西２丁目６８１番６"",""use"":""1中専"",""price"":445000,""tsubo"":1471074,""yoy"":6.0,""dist"":1000,""far"":100.0,""kind"":""公示"",""asof"":""2026-01-01""}]"
芝公園駅,1,17619834,17.1,0,,1,17619834,"[{""addr"":""東京都港区芝３丁目３１番４４"",""use"":""商業"",""price"":5330000,""tsubo"":17619834,""yoy"":17.1,""dist"":0,""far"":600.0,""kind"":""公示"",""asof"":""2026-01-01""}]"
芦花公園駅,4,1890909,6.8,4,1890909,0,,"[{""addr"":""東京都世田谷区南烏山３丁目８６５番１"",""use"":""準住居"",""price"":855000,""tsubo"":2826446,""yoy"":8.0,""dist"":300,""far"":300.0,""kind"":""公示"",""asof"":""2026-01-01""},{""addr"":""東京都世田谷区北烏山一丁目９２０番６"",""use"":""1低専"",""price"":564000,""tsubo"":1864463,""yoy"":5.0,""dist"":700,""far"":100.0,""kind"":""基準"",""asof"":""2026-07-01""},{""addr"":""東京都杉並区上高井戸１丁目３３４番１０"",""use"":""1低専"",""price"":578000,""tsubo"":1910744,""yoy"":7.4,""dist"":760,""far"":80.0,""kind"":""公示"",""asof"":""2026-01-01""},{""addr"":""東京都世田谷区粕谷２丁目１８９番１９外"",""use"":""1低専"",""price"":566000,""tsubo"":1871074,""yoy"":6.2,""dist"":880,""far"":100.0,""kind"":""公示"",""asof"":""2026-01-01""}]"
花小金井駅,13,971901,3.4,10,909090,3,1338843,"[{""addr"":""東京都小平市花小金井１丁目６番７外"",""use"":""近商"",""price"":434000,""tsubo"":1434711,""yoy"":4.1,""dist"":170,""far"":300.0,""kind"":""公示"",""asof"":""2026-01-01""},{""addr"":""東京都小平市花小金井１丁目８０７番９"",""use"":""1中専"",""price"":355000,""tsubo"":1173554,""yoy"":3.5,""dist"":300,""far"":200.0,""kind"":""公示"",""asof"":""2026-01-01""},{""addr"":""東京都小平市花小金井一丁目８０７番９"",""use"":""1中専"",""price"":362000,""tsubo"":1196694,""yoy"":3.4,""dist"":300,""far"":200.0,""kind"":""基準"",""asof"":""2026-07-01""},{""addr"":""東京都小平市花小金井南町１丁目１０６番９"",""use"":""商業"",""price"":403000,""tsubo"":1332231,""yoy"":4.1,""dist"":350,""far"":400.0,""kind"":""公示"",""asof"":""2026-01-01""},{""addr"":""東京都小平市花小金井南町一丁目１０６番９"",""use"":""商業"",""price"":405000,""tsubo"":1338843,""yoy"":3.6,""dist"":350,""far"":400.0,""kind"":""基準"",""asof"":""2026-07-01""},{""addr"":""東京都小平市花小金井南町二丁目１１１４番３２"",""use"":""1低専"",""price"":294000,""tsubo"":971901,""yoy"":3.5,""dist"":750,""far"":80.0,""kind"":""基準"",""asof"":""2026-07-01""},{""addr"":""東京都小平市鈴木町２丁目２０５番１１２"",""use"":""1低専"",""price"":277000,""tsubo"":915702,""yoy"":3.4,""dist"":800,""far"":80.0,""kind"":""公示"",""asof"":""2026-01-01""},{""addr"":""東京都小平市花小金井２丁目７３７番２４"",""use"":""1低専"",""price"":265000,""tsubo"":876033,""yoy"":3.1,""dist"":1000,""far"":80.0,""kind"":""公示"",""asof"":""2026-01-01""},{""addr"":""東京都小平市花小金井五丁目５６７番８０"",""use"":""1低専"",""price"":273000,""tsubo"":902479,""yoy"":3.4,""dist"":1000,""far"":80.0,""kind"":""基準"",""asof"":""2026-07-01""},{""addr"":""東京都小平市花小金井南町３丁目６番９０"",""use"":""1低専"",""price"":272000,""tsubo"":899174,""yoy"":3.4,""dist"":1100,""far"":80.0,""kind"":""公示"",""asof"":""2026-01-01""}]"
若松河田駅,4,5388429,14.8,2,3487603,2,7834710,"[{""addr"":""東京都新宿区余丁町５２番８"",""use"":""1中専"",""price"":1070000,""tsubo"":3537190,""yoy"":12.2,""dist"":250,""far"":300.0,""kind"":""公示"",""asof"":""2026-01-01""},{""addr"":""東京都新宿区若松町１１０番３"",""use"":""商業"",""price"":2190000,""tsubo"":7239669,""yoy"":15.3,""dist"":300,""far"":500.0,""kind"":""公示"",""asof"":""2026-01-01""},{""addr"":""東京都新宿区若松町１１０番３"",""use"":""商業"",""price"":2550000,""tsubo"":8429752,""yoy"":21.4,""dist"":300,""far"":500.0,""kind"":""基準"",""asof"":""2026-07-01""},{""addr"":""東京都新宿区戸山一丁目４３番２６０"",""use"":""1中専"",""price"":1040000,""tsubo"":3438016,""yoy"":14.3,""dist"":480,""far"":300.0,""kind"":""基準"",""asof"":""2026-07-01""}]"
若林駅,2,2834710,7.15,1,2591735,1,3077686,"[{""addr"":""東京都世田谷区若林５丁目５７６番４"",""use"":""近商"",""price"":931000,""tsubo"":3077686,""yoy"":8.6,""dist"":170,""far"":300.0,""kind"":""公示"",""asof"":""2026-01-01""},{""addr"":""東京都世田谷区若林５丁目５９８番１内"",""use"":""1中専"",""price"":784000,""tsubo"":2591735,""yoy"":5.7,""dist"":340,""far"":200.0,""kind"":""公示"",""asof"":""2026-01-01""}]"
茅場町駅,6,13140495,18.1,0,,6,13140495,"[{""addr"":""東京都中央区日本橋兜町１３３番外"",""use"":""商業"",""price"":7020000,""tsubo"":23206611,""yoy"":10.7,""dist"":0,""far"":700.0,""kind"":""公示"",""asof"":""2026-01-01""},{""addr"":""東京都中央区日本橋茅場町二丁目５番９"",""use"":""商業"",""price"":5720000,""tsubo"":18909090,""yoy"":10.0,""dist"":50,""far"":700.0,""kind"":""基準"",""asof"":""2026-07-01""},{""addr"":""東京都中央区日本橋茅場町２丁目１０番３"",""use"":""商業"",""price"":3410000,""tsubo"":11272727,""yoy"":18.4,""dist"":100,""far"":600.0,""kind"":""公示"",""asof"":""2026-01-01""},{""addr"":""東京都中央区新川１丁目５番１４"",""use"":""商業"",""price"":3640000,""tsubo"":12033057,""yoy"":17.8,""dist"":250,""far"":700.0,""kind"":""公示"",""asof"":""2026-01-01""},{""addr"":""東京都中央区日本橋茅場町３丁目１６番５外"",""use"":""商業"",""price"":4310000,""tsubo"":14247933,""yoy"":18.4,""dist"":300,""far"":600.0,""kind"":""公示"",""asof"":""2026-01-01""},{""addr"":""東京都中央区新川１丁目２０８番４"",""use"":""商業"",""price"":1780000,""tsubo"":5884297,""yoy"":20.3,""dist"":450,""far"":500.0,""kind"":""公示"",""asof"":""2026-01-01""}]"
茗荷谷駅,5,5289256,15.9,2,4892562,3,7702479,"[{""addr"":""東京都文京区小石川五丁目３番２２"",""use"":""商業"",""price"":2760000,""tsubo"":9123967,""yoy"":14.5,""dist"":220,""far"":600.0,""kind"":""基準"",""asof"":""2026-07-01""},{""addr"":""東京都文京区小石川５丁目１７番１２"",""use"":""2中専"",""price"":1430000,""tsubo"":4727273,""yoy"":16.3,""dist"":310,""far"":300.0,""kind"":""公示"",""asof"":""2026-01-01""},{""addr"":""東京都文京区小石川五丁目１７番１２"",""use"":""2中専"",""price"":1530000,""tsubo"":5057851,""yoy"":15.9,""dist"":310,""far"":300.0,""kind"":""基準"",""asof"":""2026-07-01""},{""addr"":""東京都文京区大塚三丁目５番３"",""use"":""商業"",""price"":2330000,""tsubo"":7702479,""yoy"":15.9,""dist"":310,""far"":600.0,""kind"":""基準"",""asof"":""2026-07-01""},{""addr"":""東京都文京区小石川五丁目３３番１６"",""use"":""準工"",""price"":1600000,""tsubo"":5289256,""yoy"":17.6,""dist"":560,""far"":400.0,""kind"":""基準"",""asof"":""2026-07-01""}]"
荏原中延駅,3,3256198,11.6,2,3181818,1,4727273,"[{""addr"":""東京都品川区中延二丁目２９４番５外"",""use"":""近商"",""price"":1430000,""tsubo"":4727273,""yoy"":15.3,""dist"":70,""far"":400.0,""kind"":""基準"",""asof"":""2026-07-01""},{""addr"":""東京都品川区西中延２丁目２５５番５"",""use"":""1住居"",""price"":940000,""tsubo"":3107438,""yoy"":11.6,""dist"":310,""far"":200.0,""kind"":""公示"",""asof"":""2026-01-01""},{""addr"":""東京都品川区西中延二丁目２５５番５"",""use"":""1住居"",""price"":985000,""tsubo"":3256198,""yoy"":9.4,""dist"":310,""far"":200.0,""kind"":""基準"",""asof"":""2026-07-01""}]"
荏原町駅,2,3310743,9.55,1,2290909,1,4330578,"[{""addr"":""東京都品川区中延五丁目９４５番５"",""use"":""近商"",""price"":1310000,""tsubo"":4330578,""yoy"":10.1,""dist"":120,""far"":400.0,""kind"":""基準"",""asof"":""2026-07-01""},{""addr"":""東京都大田区北馬込１丁目７０番７６"",""use"":""1中専"",""price"":693000,""tsubo"":2290909,""yoy"":9.0,""dist"":500,""far"":150.0,""kind"":""公示"",""asof"":""2026-01-01""}]"
荒川区役所前駅,1,1947107,11.6,0,,1,1947107,"[{""addr"":""東京都荒川区南千住六丁目２３番３"",""use"":""準工"",""price"":589000,""tsubo"":1947107,""yoy"":11.6,""dist"":350,""far"":300.0,""kind"":""基準"",""asof"":""2026-07-01""}]"
荒川車庫前駅,1,2181818,0.0,0,,1,2181818,"[{""addr"":""東京都荒川区西尾久７丁目２４１番７"",""use"":""準工"",""price"":660000,""tsubo"":2181818,""yoy"":0.0,""dist"":270,""far"":300.0,""kind"":""公示"",""asof"":""2026-01-01""}]"
荒川遊園地前駅,1,1851240,9.2,1,1851240,0,,"[{""addr"":""東京都荒川区西尾久８丁目２９４番９０"",""use"":""1住居"",""price"":560000,""tsubo"":1851240,""yoy"":9.2,""dist"":350,""far"":300.0,""kind"":""公示"",""asof"":""2026-01-01""}]"
荻窪駅,16,2988430,9.05,10,2566942,6,5636363,"[{""addr"":""東京都杉並区上荻１丁目７番４外"",""use"":""商業"",""price"":4980000,""tsubo"":16462809,""yoy"":19.4,""dist"":0,""far"":600.0,""kind"":""公示"",""asof"":""2026-01-01""},{""addr"":""東京都杉並区荻窪５丁目１２６番３"",""use"":""商業"",""price"":2940000,""tsubo"":9719008,""yoy"":19.5,""dist"":90,""far"":600.0,""kind"":""公示"",""asof"":""2026-01-01""},{""addr"":""東京都杉並区上荻一丁目４８番１０"",""use"":""商業"",""price"":2150000,""tsubo"":7107438,""yoy"":18.8,""dist"":320,""far"":500.0,""kind"":""基準"",""asof"":""2026-07-01""},{""addr"":""東京都杉並区荻窪四丁目５４番４"",""use"":""1中専"",""price"":960000,""tsubo"":3173554,""yoy"":10.1,""dist"":430,""far"":200.0,""kind"":""基準"",""asof"":""2026-07-01""},{""addr"":""東京都杉並区南荻窪４丁目５２番３"",""use"":""1低専"",""price"":823000,""tsubo"":2720661,""yoy"":9.0,""dist"":570,""far"":100.0,""kind"":""公示"",""asof"":""2026-01-01""},{""addr"":""東京都杉並区荻窪５丁目６３番３"",""use"":""近商"",""price"":1090000,""tsubo"":3603306,""yoy"":17.7,""dist"":600,""far"":400.0,""kind"":""公示"",""asof"":""2026-01-01""},{""addr"":""東京都杉並区荻窪３丁目９番外"",""use"":""1低専"",""price"":973000,""tsubo"":3216529,""yoy"":9.1,""dist"":630,""far"":100.0,""kind"":""公示"",""asof"":""2026-01-01""},{""addr"":""東京都杉並区天沼３丁目１８６番１５"",""use"":""1中専"",""price"":708000,""tsubo"":2340496,""yoy"":8.3,""dist"":650,""far"":200.0,""kind"":""公示"",""asof"":""2026-01-01""},{""addr"":""東京都杉並区天沼一丁目４０７番７"",""use"":""1中専"",""price"":738000,""tsubo"":2439669,""yoy"":8.7,""dist"":700,""far"":200.0,""kind"":""基準"",""asof"":""2026-07-01""},{""addr"":""東京都杉並区荻窪２丁目２４番１６外"",""use"":""近商"",""price"":1210000,""tsubo"":4000000,""yoy"":17.5,""dist"":790,""far"":300.0,""kind"":""公示"",""asof"":""2026-01-01""}]"
菊川駅,3,2885950,14.3,0,,3,2885950,"[{""addr"":""東京都江東区森下３丁目２１番６外"",""use"":""商業"",""price"":1070000,""tsubo"":3537190,""yoy"":14.3,""dist"":230,""far"":500.0,""kind"":""公示"",""asof"":""2026-01-01""},{""addr"":""東京都墨田区菊川三丁目５番２２"",""use"":""準工"",""price"":858000,""tsubo"":2836364,""yoy"":15.0,""dist"":250,""far"":300.0,""kind"":""基準"",""asof"":""2026-07-01""},{""addr"":""東京都墨田区立川３丁目１０番１１"",""use"":""商業"",""price"":873000,""tsubo"":2885950,""yoy"":14.0,""dist"":350,""far"":500.0,""kind"":""公示"",""asof"":""2026-01-01""}]"
萩山駅,2,841322,3.45,2,841322,0,,"[{""addr"":""東京都東村山市萩山町１丁目３８番１８"",""use"":""1低専"",""price"":247000,""tsubo"":816529,""yoy"":3.3,""dist"":450,""far"":100.0,""kind"":""公示"",""asof"":""2026-01-01""},{""addr"":""東京都東村山市萩山町４丁目７番４０"",""use"":""1低専"",""price"":262000,""tsubo"":866116,""yoy"":3.6,""dist"":550,""far"":100.0,""kind"":""公示"",""asof"":""2026-01-01""}]"
落合南長崎駅,4,2647934,9.95,3,2618182,1,4495868,"[{""addr"":""東京都新宿区中落合３丁目１５５６番１外"",""use"":""近商"",""price"":1360000,""tsubo"":4495868,""yoy"":19.3,""dist"":150,""far"":400.0,""kind"":""公示"",""asof"":""2026-01-01""},{""addr"":""東京都新宿区中落合三丁目１５８６番４"",""use"":""1低専"",""price"":792000,""tsubo"":2618182,""yoy"":10.0,""dist"":350,""far"":100.0,""kind"":""基準"",""asof"":""2026-07-01""},{""addr"":""東京都新宿区西落合３丁目１５８番６"",""use"":""1低専"",""price"":810000,""tsubo"":2677686,""yoy"":9.9,""dist"":400,""far"":100.0,""kind"":""公示"",""asof"":""2026-01-01""},{""addr"":""東京都新宿区中落合４丁目１６８０番１３７外"",""use"":""1低専"",""price"":762000,""tsubo"":2519008,""yoy"":0.0,""dist"":420,""far"":100.0,""kind"":""公示"",""asof"":""2026-01-01""}]"
落合駅,3,4694215,17.4,1,2522314,2,4710744,"[{""addr"":""東京都新宿区上落合２丁目５２４番１７"",""use"":""近商"",""price"":1420000,""tsubo"":4694215,""yoy"":17.4,""dist"":180,""far"":400.0,""kind"":""公示"",""asof"":""2026-01-01""},{""addr"":""東京都中野区東中野３丁目１２３番８"",""use"":""近商"",""price"":1430000,""tsubo"":4727273,""yoy"":19.2,""dist"":230,""far"":400.0,""kind"":""公示"",""asof"":""2026-01-01""},{""addr"":""東京都新宿区上落合１丁目５１７番８"",""use"":""1住居"",""price"":763000,""tsubo"":2522314,""yoy"":7.5,""dist"":350,""far"":300.0,""kind"":""公示"",""asof"":""2026-01-01""}]"
葛西臨海公園駅,3,1719008,12.1,1,1467769,2,1768595,"[{""addr"":""東京都江戸川区臨海町３丁目６番２５"",""use"":""準工"",""price"":520000,""tsubo"":1719008,""yoy"":12.1,""dist"":1200,""far"":300.0,""kind"":""公示"",""asof"":""2026-01-01""},{""addr"":""東京都江戸川区臨海町三丁目６番２５"",""use"":""準工"",""price"":550000,""tsubo"":1818182,""yoy"":16.3,""dist"":1200,""far"":300.0,""kind"":""基準"",""asof"":""2026-07-01""},{""addr"":""東京都江戸川区南葛西５丁目８番４６"",""use"":""1住居"",""price"":444000,""tsubo"":1467769,""yoy"":4.7,""dist"":1500,""far"":300.0,""kind"":""公示"",""asof"":""2026-01-01""}]"
葛西駅,13,1715702,4.9,11,1646281,2,3851239,"[{""addr"":""東京都江戸川区中葛西三丁目３７番４"",""use"":""商業"",""price"":1260000,""tsubo"":4165289,""yoy"":11.5,""dist"":100,""far"":500.0,""kind"":""基準"",""asof"":""2026-07-01""},{""addr"":""東京都江戸川区東葛西６丁目２番１２外"",""use"":""商業"",""price"":1070000,""tsubo"":3537190,""yoy"":10.9,""dist"":210,""far"":500.0,""kind"":""公示"",""asof"":""2026-01-01""},{""addr"":""東京都江戸川区中葛西３丁目２３番２１"",""use"":""1住居"",""price"":598000,""tsubo"":1976859,""yoy"":4.2,""dist"":450,""far"":300.0,""kind"":""公示"",""asof"":""2026-01-01""},{""addr"":""東京都江戸川区東葛西５丁目１６０２番１"",""use"":""1住居"",""price"":566000,""tsubo"":1871074,""yoy"":0.0,""dist"":460,""far"":200.0,""kind"":""公示"",""asof"":""2026-01-01""},{""addr"":""東京都江戸川区東葛西６丁目２３番３"",""use"":""1住居"",""price"":564000,""tsubo"":1864463,""yoy"":5.6,""dist"":480,""far"":300.0,""kind"":""公示"",""asof"":""2026-01-01""},{""addr"":""東京都江戸川区中葛西８丁目４０１７番５外"",""use"":""1住居"",""price"":452000,""tsubo"":1494215,""yoy"":4.9,""dist"":850,""far"":200.0,""kind"":""公示"",""asof"":""2026-01-01""},{""addr"":""東京都江戸川区中葛西７丁目２３番１５"",""use"":""1住居"",""price"":519000,""tsubo"":1715702,""yoy"":4.4,""dist"":860,""far"":300.0,""kind"":""公示"",""asof"":""2026-01-01""},{""addr"":""東京都江戸川区中葛西１丁目３５番１６"",""use"":""1住居"",""price"":482000,""tsubo"":1593388,""yoy"":4.6,""dist"":950,""far"":300.0,""kind"":""公示"",""asof"":""2026-01-01""},{""addr"":""東京都江戸川区東葛西４丁目３３番４"",""use"":""1住居"",""price"":457000,""tsubo"":1510744,""yoy"":4.8,""dist"":1100,""far"":300.0,""kind"":""公示"",""asof"":""2026-01-01""},{""addr"":""東京都江戸川区南葛西１丁目９番１"",""use"":""1住居"",""price"":568000,""tsubo"":1877686,""yoy"":8.6,""dist"":1100,""far"":300.0,""kind"":""公示"",""asof"":""2026-01-01""}]"
蒲田駅,15,3933884,10.9,4,2133884,11,4561983,"[{""addr"":""東京都大田区西蒲田７丁目６６番２"",""use"":""商業"",""price"":5650000,""tsubo"":18677685,""yoy"":15.3,""dist"":0,""far"":700.0,""kind"":""公示"",""asof"":""2026-01-01""},{""addr"":""東京都大田区蒲田４丁目１５番４１"",""use"":""商業"",""price"":1810000,""tsubo"":5983471,""yoy"":8.4,""dist"":0,""far"":500.0,""kind"":""公示"",""asof"":""2026-01-01""},{""addr"":""東京都大田区南蒲田１丁目１１番１２外"",""use"":""商業"",""price"":1380000,""tsubo"":4561983,""yoy"":11.3,""dist"":150,""far"":500.0,""kind"":""公示"",""asof"":""2026-01-01""},{""addr"":""東京都大田区蒲田５丁目１８番１６"",""use"":""商業"",""price"":3180000,""tsubo"":10512396,""yoy"":12.0,""dist"":170,""far"":700.0,""kind"":""公示"",""asof"":""2026-01-01""},{""addr"":""東京都大田区西蒲田７丁目４８番１６"",""use"":""商業"",""price"":2610000,""tsubo"":8628099,""yoy"":8.8,""dist"":170,""far"":600.0,""kind"":""公示"",""asof"":""2026-01-01""},{""addr"":""東京都大田区蒲田四丁目２２番１０"",""use"":""商業"",""price"":2500000,""tsubo"":8264463,""yoy"":16.8,""dist"":400,""far"":700.0,""kind"":""基準"",""asof"":""2026-07-01""},{""addr"":""東京都大田区西蒲田７丁目５１番９"",""use"":""商業"",""price"":1150000,""tsubo"":3801653,""yoy"":11.7,""dist"":430,""far"":500.0,""kind"":""公示"",""asof"":""2026-01-01""},{""addr"":""東京都大田区西蒲田七丁目５１番９"",""use"":""商業"",""price"":1250000,""tsubo"":4132231,""yoy"":14.7,""dist"":430,""far"":500.0,""kind"":""基準"",""asof"":""2026-07-01""},{""addr"":""東京都大田区西蒲田８丁目１６番１５"",""use"":""1住居"",""price"":689000,""tsubo"":2277686,""yoy"":9.5,""dist"":530,""far"":300.0,""kind"":""公示"",""asof"":""2026-01-01""},{""addr"":""東京都大田区蒲田三丁目１５番３"",""use"":""1住居"",""price"":620000,""tsubo"":2049587,""yoy"":8.4,""dist"":600,""far"":300.0,""kind"":""基準"",""asof"":""2026-07-01""}]"
蓮根駅,5,1613223,9.9,2,1583471,3,2029752,"[{""addr"":""東京都板橋区坂下二丁目３９番８"",""use"":""1住居"",""price"":488000,""tsubo"":1613223,""yoy"":9.9,""dist"":350,""far"":200.0,""kind"":""基準"",""asof"":""2026-07-01""},{""addr"":""東京都板橋区蓮根二丁目５番３０"",""use"":""近商"",""price"":645000,""tsubo"":2132231,""yoy"":10.1,""dist"":380,""far"":300.0,""kind"":""基準"",""asof"":""2026-07-01""},{""addr"":""東京都板橋区蓮根２丁目６番７７"",""use"":""1中専"",""price"":470000,""tsubo"":1553719,""yoy"":7.1,""dist"":480,""far"":200.0,""kind"":""公示"",""asof"":""2026-01-01""},{""addr"":""東京都板橋区坂下３丁目１４番４外"",""use"":""準工"",""price"":438000,""tsubo"":1447934,""yoy"":7.4,""dist"":870,""far"":200.0,""kind"":""公示"",""asof"":""2026-01-01""},{""addr"":""東京都板橋区東坂下２丁目１１番４"",""use"":""近商"",""price"":614000,""tsubo"":2029752,""yoy"":12.2,""dist"":880,""far"":300.0,""kind"":""公示"",""asof"":""2026-01-01""}]"
蓮沼駅,3,1943802,8.5,3,1943802,0,,"[{""addr"":""東京都大田区東矢口１丁目６６番７"",""use"":""1住居"",""price"":603000,""tsubo"":1993388,""yoy"":7.5,""dist"":430,""far"":200.0,""kind"":""公示"",""asof"":""2026-01-01""},{""addr"":""東京都大田区新蒲田２丁目１２０番３"",""use"":""1住居"",""price"":565000,""tsubo"":1867769,""yoy"":8.7,""dist"":700,""far"":200.0,""kind"":""公示"",""asof"":""2026-01-01""},{""addr"":""東京都大田区新蒲田二丁目１２０番３"",""use"":""1住居"",""price"":588000,""tsubo"":1943802,""yoy"":8.5,""dist"":700,""far"":200.0,""kind"":""基準"",""asof"":""2026-07-01""}]"
蔵前駅,4,4793388,18.4,0,,4,4793388,"[{""addr"":""東京都台東区蔵前３丁目１８番６外"",""use"":""商業"",""price"":928000,""tsubo"":3067768,""yoy"":17.5,""dist"":120,""far"":500.0,""kind"":""公示"",""asof"":""2026-01-01""},{""addr"":""東京都台東区蔵前４丁目４２番１０外"",""use"":""商業"",""price"":2280000,""tsubo"":7537190,""yoy"":19.4,""dist"":130,""far"":700.0,""kind"":""公示"",""asof"":""2026-01-01""},{""addr"":""東京都台東区浅草橋３丁目１０番２外"",""use"":""商業"",""price"":1600000,""tsubo"":5289256,""yoy"":0.0,""dist"":320,""far"":600.0,""kind"":""公示"",""asof"":""2026-01-01""},{""addr"":""東京都台東区三筋１丁目１番３０"",""use"":""商業"",""price"":1300000,""tsubo"":4297520,""yoy"":19.3,""dist"":350,""far"":600.0,""kind"":""公示"",""asof"":""2026-01-01""}]"
虎ノ門ヒルズ駅,3,22842974,15.0,0,,3,22842974,"[{""addr"":""東京都港区虎ノ門一丁目２２４番７"",""use"":""商業"",""price"":6910000,""tsubo"":22842974,""yoy"":15.0,""dist"":1,""far"":700.0,""kind"":""基準"",""asof"":""2026-07-01""},{""addr"":""東京都港区西新橋２丁目３１１番１７"",""use"":""商業"",""price"":2340000,""tsubo"":7735537,""yoy"":18.2,""dist"":370,""far"":600.0,""kind"":""公示"",""asof"":""2026-01-01""},{""addr"":""東京都港区西新橋二丁目１２３番１外"",""use"":""商業"",""price"":9900000,""tsubo"":32727272,""yoy"":11.9,""dist"":410,""far"":600.0,""kind"":""基準"",""asof"":""2026-07-01""}]"
虎ノ門駅,3,53223138,4.1,0,,3,53223138,"[{""addr"":""東京都千代田区霞が関１丁目１１番外"",""use"":""商業"",""price"":16100000,""tsubo"":53223138,""yoy"":3.2,""dist"":0,""far"":800.0,""kind"":""公示"",""asof"":""2026-01-01""},{""addr"":""東京都港区虎ノ門一丁目１０５番外"",""use"":""商業"",""price"":16100000,""tsubo"":53223138,""yoy"":5.2,""dist"":1,""far"":800.0,""kind"":""基準"",""asof"":""2026-07-01""},{""addr"":""東京都港区虎ノ門１丁目３５番"",""use"":""商業"",""price"":12800000,""tsubo"":42314048,""yoy"":4.1,""dist"":60,""far"":700.0,""kind"":""公示"",""asof"":""2026-01-01""}]"
表参道駅,10,12099173,12.2,7,10545454,3,34710742,"[{""addr"":""東京都港区北青山三丁目３３番２"",""use"":""商業"",""price"":32600000,""tsubo"":107768591,""yoy"":6.5,""dist"":50,""far"":600.0,""kind"":""基準"",""asof"":""2026-07-01""},{""addr"":""東京都港区南青山３丁目３８５番外"",""use"":""2住居"",""price"":15200000,""tsubo"":50247932,""yoy"":6.3,""dist"":100,""far"":300.0,""kind"":""公示"",""asof"":""2026-01-01""},{""addr"":""東京都港区南青山５丁目３９６番"",""use"":""2中専"",""price"":7000000,""tsubo"":23140495,""yoy"":0.0,""dist"":230,""far"":300.0,""kind"":""公示"",""asof"":""2026-01-01""},{""addr"":""東京都港区南青山４丁目３４２番外"",""use"":""1中専"",""price"":3770000,""tsubo"":12462809,""yoy"":17.1,""dist"":360,""far"":300.0,""kind"":""公示"",""asof"":""2026-01-01""},{""addr"":""東京都渋谷区神宮前４丁目１５番４"",""use"":""1中専"",""price"":3190000,""tsubo"":10545454,""yoy"":16.0,""dist"":360,""far"":200.0,""kind"":""公示"",""asof"":""2026-01-01""},{""addr"":""東京都港区南青山五丁目４９５番"",""use"":""商業"",""price"":10500000,""tsubo"":34710742,""yoy"":6.6,""dist"":390,""far"":600.0,""kind"":""基準"",""asof"":""2026-07-01""},{""addr"":""東京都渋谷区神宮前３丁目５番４４"",""use"":""近商"",""price"":3550000,""tsubo"":11735537,""yoy"":12.7,""dist"":400,""far"":300.0,""kind"":""公示"",""asof"":""2026-01-01""},{""addr"":""東京都渋谷区渋谷４丁目３番５外"",""use"":""2中専"",""price"":2300000,""tsubo"":7603306,""yoy"":11.7,""dist"":500,""far"":300.0,""kind"":""公示"",""asof"":""2026-01-01""},{""addr"":""東京都港区南青山四丁目４８７番"",""use"":""1中専"",""price"":2870000,""tsubo"":9487603,""yoy"":16.2,""dist"":560,""far"":300.0,""kind"":""基準"",""asof"":""2026-07-01""},{""addr"":""東京都渋谷区神宮前三丁目１３番１３"",""use"":""1中専"",""price"":2720000,""tsubo"":8991735,""yoy"":15.3,""dist"":590,""far"":200.0,""kind"":""基準"",""asof"":""2026-07-01""}]"
西ケ原駅,1,2370248,12.7,1,2370248,0,,"[{""addr"":""東京都北区西ケ原３丁目４０番９"",""use"":""1中専"",""price"":717000,""tsubo"":2370248,""yoy"":12.7,""dist"":520,""far"":150.0,""kind"":""公示"",""asof"":""2026-01-01""}]"
西ヶ原四丁目駅,1,2462810,12.5,1,2462810,0,,"[{""addr"":""東京都北区滝野川一丁目７６番３３"",""use"":""1中専"",""price"":745000,""tsubo"":2462810,""yoy"":12.5,""dist"":210,""far"":200.0,""kind"":""基準"",""asof"":""2026-07-01""}]"
西八王子駅,20,629752,5.65,13,568595,7,737190,"[{""addr"":""東京都八王子市台町４丁目１５１番３"",""use"":""商業"",""price"":433000,""tsubo"":1431405,""yoy"":6.9,""dist"":120,""far"":600.0,""kind"":""公示"",""asof"":""2026-01-01""},{""addr"":""東京都八王子市千人町二丁目１３番３３"",""use"":""商業"",""price"":398000,""tsubo"":1315702,""yoy"":5.9,""dist"":230,""far"":600.0,""kind"":""基準"",""asof"":""2026-07-01""},{""addr"":""東京都八王子市散田町３丁目６６４番２"",""use"":""1住居"",""price"":246000,""tsubo"":813223,""yoy"":5.6,""dist"":450,""far"":200.0,""kind"":""公示"",""asof"":""2026-01-01""},{""addr"":""東京都八王子市千人町三丁目４７番２４"",""use"":""準工"",""price"":236000,""tsubo"":780165,""yoy"":6.3,""dist"":500,""far"":200.0,""kind"":""基準"",""asof"":""2026-07-01""},{""addr"":""東京都八王子市散田町三丁目７９７番１"",""use"":""1住居"",""price"":247000,""tsubo"":816529,""yoy"":6.0,""dist"":520,""far"":200.0,""kind"":""基準"",""asof"":""2026-07-01""},{""addr"":""東京都八王子市台町４丁目１４０番７"",""use"":""1住居"",""price"":250000,""tsubo"":826446,""yoy"":4.2,""dist"":700,""far"":200.0,""kind"":""公示"",""asof"":""2026-01-01""},{""addr"":""東京都八王子市散田町一丁目１０２０番１０９"",""use"":""1住居"",""price"":172000,""tsubo"":568595,""yoy"":5.5,""dist"":700,""far"":200.0,""kind"":""基準"",""asof"":""2026-07-01""},{""addr"":""東京都八王子市元本郷町４丁目４１番７"",""use"":""準工"",""price"":223000,""tsubo"":737190,""yoy"":5.7,""dist"":900,""far"":200.0,""kind"":""公示"",""asof"":""2026-01-01""},{""addr"":""東京都八王子市台町二丁目９９番１９"",""use"":""2中専"",""price"":224000,""tsubo"":740496,""yoy"":5.7,""dist"":900,""far"":200.0,""kind"":""基準"",""asof"":""2026-07-01""},{""addr"":""東京都八王子市並木町５００番１２"",""use"":""近商"",""price"":200000,""tsubo"":661157,""yoy"":6.4,""dist"":1000,""far"":300.0,""kind"":""公示"",""asof"":""2026-01-01""}]"
西台駅,5,1583471,6.9,3,1494215,2,2428099,"[{""addr"":""東京都板橋区高島平一丁目７９番２外"",""use"":""商業"",""price"":990000,""tsubo"":3272727,""yoy"":13.8,""dist"":130,""far"":400.0,""kind"":""基準"",""asof"":""2026-07-01""},{""addr"":""東京都板橋区蓮根３丁目１９番２０"",""use"":""1住居"",""price"":494000,""tsubo"":1633058,""yoy"":7.9,""dist"":420,""far"":200.0,""kind"":""公示"",""asof"":""2026-01-01""},{""addr"":""東京都板橋区高島平九丁目２９番３外"",""use"":""準工"",""price"":479000,""tsubo"":1583471,""yoy"":6.4,""dist"":680,""far"":300.0,""kind"":""基準"",""asof"":""2026-07-01""},{""addr"":""東京都板橋区高島平１丁目３７番３"",""use"":""1中専"",""price"":436000,""tsubo"":1441322,""yoy"":6.9,""dist"":750,""far"":200.0,""kind"":""公示"",""asof"":""2026-01-01""},{""addr"":""東京都板橋区高島平一丁目３７番３"",""use"":""1中専"",""price"":452000,""tsubo"":1494215,""yoy"":6.6,""dist"":750,""far"":200.0,""kind"":""基準"",""asof"":""2026-07-01""}]"
西国分寺駅,8,1353719,5.7,7,1292562,1,1761983,"[{""addr"":""東京都国分寺市泉町３丁目２６７１番４"",""use"":""近商"",""price"":533000,""tsubo"":1761983,""yoy"":5.8,""dist"":130,""far"":300.0,""kind"":""公示"",""asof"":""2026-01-01""},{""addr"":""東京都国分寺市西恋ケ窪２丁目９番２８外"",""use"":""1低専"",""price"":428000,""tsubo"":1414876,""yoy"":5.2,""dist"":200,""far"":80.0,""kind"":""公示"",""asof"":""2026-01-01""},{""addr"":""東京都府中市武蔵台三丁目３４番２８"",""use"":""1低専"",""price"":435000,""tsubo"":1438016,""yoy"":5.6,""dist"":450,""far"":80.0,""kind"":""基準"",""asof"":""2026-07-01""},{""addr"":""東京都国分寺市泉町３丁目２６１８番４"",""use"":""1中専"",""price"":448000,""tsubo"":1480992,""yoy"":9.5,""dist"":550,""far"":200.0,""kind"":""公示"",""asof"":""2026-01-01""},{""addr"":""東京都府中市武蔵台２丁目１６番１２外"",""use"":""1中専"",""price"":391000,""tsubo"":1292562,""yoy"":5.1,""dist"":900,""far"":200.0,""kind"":""公示"",""asof"":""2026-01-01""},{""addr"":""東京都国分寺市日吉町一丁目４４番５０"",""use"":""1低専"",""price"":372000,""tsubo"":1229752,""yoy"":8.5,""dist"":1000,""far"":80.0,""kind"":""基準"",""asof"":""2026-07-01""},{""addr"":""東京都府中市北山町４丁目２０番３"",""use"":""1低専"",""price"":325000,""tsubo"":1074380,""yoy"":4.8,""dist"":1400,""far"":80.0,""kind"":""公示"",""asof"":""2026-01-01""},{""addr"":""東京都国分寺市日吉町三丁目１１番３０"",""use"":""1低専"",""price"":368000,""tsubo"":1216529,""yoy"":9.9,""dist"":1400,""far"":80.0,""kind"":""基準"",""asof"":""2026-07-01""}]"
西国立駅,5,1160331,7.0,5,1160331,0,,"[{""addr"":""東京都立川市錦町四丁目２２番２"",""use"":""1住居"",""price"":475000,""tsubo"":1570248,""yoy"":7.0,""dist"":350,""far"":200.0,""kind"":""基準"",""asof"":""2026-07-01""},{""addr"":""東京都立川市錦町１丁目９３番８"",""use"":""1住居"",""price"":476000,""tsubo"":1573554,""yoy"":9.4,""dist"":400,""far"":200.0,""kind"":""公示"",""asof"":""2026-01-01""},{""addr"":""東京都立川市羽衣町３丁目３４番６外"",""use"":""1低専"",""price"":338000,""tsubo"":1117355,""yoy"":7.3,""dist"":500,""far"":80.0,""kind"":""公示"",""asof"":""2026-01-01""},{""addr"":""東京都立川市羽衣町一丁目２２番５２"",""use"":""1低専"",""price"":325000,""tsubo"":1074380,""yoy"":5.5,""dist"":550,""far"":80.0,""kind"":""基準"",""asof"":""2026-07-01""},{""addr"":""東京都立川市羽衣町２丁目２８番３５"",""use"":""1低専"",""price"":351000,""tsubo"":1160331,""yoy"":6.4,""dist"":600,""far"":80.0,""kind"":""公示"",""asof"":""2026-01-01""}]"
西大井駅,4,3155372,14.55,1,2753719,3,3338843,"[{""addr"":""東京都品川区二葉２丁目５５８番４"",""use"":""準工"",""price"":899000,""tsubo"":2971901,""yoy"":13.1,""dist"":300,""far"":200.0,""kind"":""公示"",""asof"":""2026-01-01""},{""addr"":""東京都品川区二葉４丁目４０１番４"",""use"":""近商"",""price"":1010000,""tsubo"":3338843,""yoy"":16.0,""dist"":500,""far"":300.0,""kind"":""公示"",""asof"":""2026-01-01""},{""addr"":""東京都品川区大井５丁目４５４５番４"",""use"":""近商"",""price"":1090000,""tsubo"":3603306,""yoy"":17.7,""dist"":870,""far"":400.0,""kind"":""公示"",""asof"":""2026-01-01""},{""addr"":""東京都品川区大井７丁目４７６９番２４"",""use"":""1低専"",""price"":833000,""tsubo"":2753719,""yoy"":10.8,""dist"":900,""far"":150.0,""kind"":""公示"",""asof"":""2026-01-01""}]"
西大島駅,3,2244628,16.0,0,,3,2244628,"[{""addr"":""東京都江東区大島一丁目２５６番５"",""use"":""商業"",""price"":1160000,""tsubo"":3834711,""yoy"":16.0,""dist"":100,""far"":500.0,""kind"":""基準"",""asof"":""2026-07-01""},{""addr"":""東京都江東区大島二丁目８０３番１１"",""use"":""準工"",""price"":590000,""tsubo"":1950413,""yoy"":12.4,""dist"":480,""far"":300.0,""kind"":""基準"",""asof"":""2026-07-01""},{""addr"":""東京都江東区北砂１丁目２１２番２"",""use"":""準工"",""price"":679000,""tsubo"":2244628,""yoy"":16.1,""dist"":1100,""far"":300.0,""kind"":""公示"",""asof"":""2026-01-01""}]"
西太子堂駅,1,2707438,6.2,1,2707438,0,,"[{""addr"":""東京都世田谷区若林２丁目４６５番６"",""use"":""1低専"",""price"":819000,""tsubo"":2707438,""yoy"":6.2,""dist"":350,""far"":150.0,""kind"":""公示"",""asof"":""2026-01-01""}]"
西小山駅,4,3752066,12.65,2,3537190,2,4099173,"[{""addr"":""東京都目黒区原町１丁目１２５６番１８"",""use"":""近商"",""price"":1180000,""tsubo"":3900826,""yoy"":12.4,""dist"":120,""far"":300.0,""kind"":""公示"",""asof"":""2026-01-01""},{""addr"":""東京都品川区小山六丁目３７４番１"",""use"":""商業"",""price"":1300000,""tsubo"":4297520,""yoy"":10.2,""dist"":130,""far"":400.0,""kind"":""基準"",""asof"":""2026-07-01""},{""addr"":""東京都品川区小山５丁目３７番１５"",""use"":""1住居"",""price"":1050000,""tsubo"":3471074,""yoy"":12.9,""dist"":400,""far"":300.0,""kind"":""公示"",""asof"":""2026-01-01""},{""addr"":""東京都目黒区原町一丁目１２１６番４４"",""use"":""1住居"",""price"":1090000,""tsubo"":3603306,""yoy"":13.3,""dist"":450,""far"":200.0,""kind"":""基準"",""asof"":""2026-07-01""}]"
西巣鴨駅,5,2720661,12.9,3,2274380,2,3925620,"[{""addr"":""東京都北区滝野川６丁目１７番７"",""use"":""1住居"",""price"":657000,""tsubo"":2171901,""yoy"":12.9,""dist"":300,""far"":300.0,""kind"":""公示"",""asof"":""2026-01-01""},{""addr"":""東京都北区滝野川５丁目６番４外"",""use"":""商業"",""price"":1420000,""tsubo"":4694215,""yoy"":18.3,""dist"":300,""far"":600.0,""kind"":""公示"",""asof"":""2026-01-01""},{""addr"":""東京都豊島区西巣鴨三丁目４０５番３７"",""use"":""近商"",""price"":955000,""tsubo"":3157025,""yoy"":12.4,""dist"":500,""far"":400.0,""kind"":""基準"",""asof"":""2026-07-01""},{""addr"":""東京都北区滝野川５丁目４８番１９"",""use"":""1中専"",""price"":688000,""tsubo"":2274380,""yoy"":12.2,""dist"":600,""far"":200.0,""kind"":""公示"",""asof"":""2026-01-01""},{""addr"":""東京都豊島区巣鴨五丁目１１９番１８"",""use"":""1中専"",""price"":823000,""tsubo"":2720661,""yoy"":13.5,""dist"":750,""far"":300.0,""kind"":""基準"",""asof"":""2026-07-01""}]"
西府駅,4,1130578,4.4,4,1130578,0,,"[{""addr"":""東京都府中市西府町１丁目２７番２０"",""use"":""1低専"",""price"":380000,""tsubo"":1256198,""yoy"":8.9,""dist"":380,""far"":100.0,""kind"":""公示"",""asof"":""2026-01-01""},{""addr"":""東京都府中市本宿町四丁目２７番３"",""use"":""2中専"",""price"":365000,""tsubo"":1206612,""yoy"":5.2,""dist"":950,""far"":200.0,""kind"":""基準"",""asof"":""2026-07-01""},{""addr"":""東京都府中市本宿町４丁目２０番１１外"",""use"":""1低専"",""price"":319000,""tsubo"":1054545,""yoy"":2.9,""dist"":1100,""far"":80.0,""kind"":""公示"",""asof"":""2026-01-01""},{""addr"":""東京都府中市日新町４丁目３７番３６"",""use"":""1低専"",""price"":233000,""tsubo"":770248,""yoy"":3.6,""dist"":1300,""far"":80.0,""kind"":""公示"",""asof"":""2026-01-01""}]"
西新井大師西駅,6,1114049,5.55,4,981818,2,1414876,"[{""addr"":""東京都足立区谷在家２丁目１番１０"",""use"":""準工"",""price"":499000,""tsubo"":1649587,""yoy"":6.4,""dist"":200,""far"":400.0,""kind"":""公示"",""asof"":""2026-01-01""},{""addr"":""東京都足立区西新井７丁目９番４"",""use"":""1住居"",""price"":374000,""tsubo"":1236364,""yoy"":6.9,""dist"":430,""far"":300.0,""kind"":""公示"",""asof"":""2026-01-01""},{""addr"":""東京都足立区江北七丁目１４番１５外"",""use"":""近商"",""price"":357000,""tsubo"":1180165,""yoy"":4.7,""dist"":680,""far"":300.0,""kind"":""基準"",""asof"":""2026-07-01""},{""addr"":""東京都足立区江北７丁目１０番１５"",""use"":""1住居"",""price"":317000,""tsubo"":1047934,""yoy"":6.0,""dist"":830,""far"":300.0,""kind"":""公示"",""asof"":""2026-01-01""},{""addr"":""東京都足立区鹿浜６丁目１０番２１"",""use"":""1住居"",""price"":270000,""tsubo"":892562,""yoy"":5.1,""dist"":1200,""far"":200.0,""kind"":""公示"",""asof"":""2026-01-01""},{""addr"":""東京都足立区鹿浜六丁目１０番２１"",""use"":""1住居"",""price"":277000,""tsubo"":915702,""yoy"":4.5,""dist"":1200,""far"":200.0,""kind"":""基準"",""asof"":""2026-07-01""}]"
西新井駅,7,1147107,4.8,2,1115702,5,1266116,"[{""addr"":""東京都足立区西新井栄町２丁目１２１５番２"",""use"":""商業"",""price"":1360000,""tsubo"":4495868,""yoy"":11.5,""dist"":200,""far"":400.0,""kind"":""公示"",""asof"":""2026-01-01""},{""addr"":""東京都足立区関原三丁目１３６２番２５"",""use"":""近商"",""price"":466000,""tsubo"":1540496,""yoy"":5.0,""dist"":680,""far"":300.0,""kind"":""基準"",""asof"":""2026-07-01""},{""addr"":""東京都足立区島根３丁目４４５番５"",""use"":""1中専"",""price"":328000,""tsubo"":1084297,""yoy"":4.8,""dist"":730,""far"":200.0,""kind"":""公示"",""asof"":""2026-01-01""},{""addr"":""東京都足立区関原三丁目１７５６番１０外"",""use"":""準工"",""price"":383000,""tsubo"":1266116,""yoy"":0.0,""dist"":800,""far"":300.0,""kind"":""基準"",""asof"":""2026-07-01""},{""addr"":""東京都足立区島根四丁目２７３番１外"",""use"":""1中専"",""price"":347000,""tsubo"":1147107,""yoy"":5.5,""dist"":870,""far"":200.0,""kind"":""基準"",""asof"":""2026-07-01""},{""addr"":""東京都足立区本木東町２９番１５"",""use"":""準工"",""price"":284000,""tsubo"":938843,""yoy"":4.0,""dist"":1400,""far"":200.0,""kind"":""基準"",""asof"":""2026-07-01""},{""addr"":""東京都足立区本木二丁目２１６３番１２"",""use"":""近商"",""price"":338000,""tsubo"":1117355,""yoy"":3.7,""dist"":1400,""far"":300.0,""kind"":""基準"",""asof"":""2026-07-01""}]"
西新宿五丁目駅,5,4528925,10.7,2,2948760,3,11041322,"[{""addr"":""東京都新宿区西新宿４丁目３７５番２１外"",""use"":""商業"",""price"":3340000,""tsubo"":11041322,""yoy"":9.9,""dist"":90,""far"":600.0,""kind"":""公示"",""asof"":""2026-01-01""},{""addr"":""東京都新宿区西新宿４丁目２８９番１０"",""use"":""商業"",""price"":1370000,""tsubo"":4528925,""yoy"":16.1,""dist"":350,""far"":400.0,""kind"":""公示"",""asof"":""2026-01-01""},{""addr"":""東京都新宿区西新宿五丁目５３１番３"",""use"":""商業"",""price"":3520000,""tsubo"":11636363,""yoy"":16.6,""dist"":390,""far"":700.0,""kind"":""基準"",""asof"":""2026-07-01""},{""addr"":""東京都新宿区西新宿５丁目４９８番２"",""use"":""2住居"",""price"":1020000,""tsubo"":3371901,""yoy"":10.7,""dist"":500,""far"":300.0,""kind"":""公示"",""asof"":""2026-01-01""},{""addr"":""東京都中野区弥生町１丁目３９番１３"",""use"":""1中専"",""price"":764000,""tsubo"":2525620,""yoy"":9.1,""dist"":500,""far"":200.0,""kind"":""公示"",""asof"":""2026-01-01""}]"
西新宿駅,3,7834710,12.3,0,,3,7834710,"[{""addr"":""東京都新宿区西新宿七丁目１２２番１外"",""use"":""商業"",""price"":6700000,""tsubo"":22148760,""yoy"":6.3,""dist"":190,""far"":700.0,""kind"":""基準"",""asof"":""2026-07-01""},{""addr"":""東京都新宿区西新宿８丁目１３９番１７"",""use"":""商業"",""price"":1280000,""tsubo"":4231405,""yoy"":12.3,""dist"":200,""far"":500.0,""kind"":""公示"",""asof"":""2026-01-01""},{""addr"":""東京都新宿区北新宿１丁目３００番６"",""use"":""商業"",""price"":2370000,""tsubo"":7834710,""yoy"":19.7,""dist"":440,""far"":500.0,""kind"":""公示"",""asof"":""2026-01-01""}]"
西日暮里駅,1,3702479,12.7,1,3702479,0,,"[{""addr"":""東京都荒川区西日暮里四丁目１０４０番２５内"",""use"":""1住居"",""price"":1120000,""tsubo"":3702479,""yoy"":12.7,""dist"":430,""far"":300.0,""kind"":""基準"",""asof"":""2026-07-01""}]"
西早稲田駅,3,4595041,11.2,2,3834710,1,10644628,"[{""addr"":""東京都新宿区西早稲田二丁目６６０番４外"",""use"":""商業"",""price"":3220000,""tsubo"":10644628,""yoy"":23.8,""dist"":80,""far"":600.0,""kind"":""基準"",""asof"":""2026-07-01""},{""addr"":""東京都新宿区西早稲田２丁目６５６番６"",""use"":""1住居"",""price"":1390000,""tsubo"":4595041,""yoy"":11.2,""dist"":120,""far"":400.0,""kind"":""公示"",""asof"":""2026-01-01""},{""addr"":""東京都新宿区西早稲田２丁目３５番５"",""use"":""1中専"",""price"":930000,""tsubo"":3074380,""yoy"":10.7,""dist"":260,""far"":300.0,""kind"":""公示"",""asof"":""2026-01-01""}]"
西武園駅,2,558678,1.65,2,558678,0,,"[{""addr"":""東京都東村山市多摩湖町４丁目２３番４"",""use"":""1低専"",""price"":151000,""tsubo"":499174,""yoy"":0.0,""dist"":170,""far"":100.0,""kind"":""公示"",""asof"":""2026-01-01""},{""addr"":""東京都東村山市野口町３丁目３５番１０"",""use"":""1低専"",""price"":187000,""tsubo"":618182,""yoy"":3.3,""dist"":900,""far"":100.0,""kind"":""公示"",""asof"":""2026-01-01""}]"
西武新宿駅,18,35702478,7.4,0,,18,35702478,"[{""addr"":""東京都新宿区西新宿１丁目７番３"",""use"":""商業"",""price"":23300000,""tsubo"":77024790,""yoy"":5.0,""dist"":0,""far"":1000.0,""kind"":""公示"",""asof"":""2026-01-01""},{""addr"":""東京都新宿区新宿３丁目８０７番１外"",""use"":""商業"",""price"":42000000,""tsubo"":138842970,""yoy"":5.0,""dist"":0,""far"":900.0,""kind"":""公示"",""asof"":""2026-01-01""},{""addr"":""東京都新宿区新宿３丁目１０７番１４"",""use"":""商業"",""price"":20200000,""tsubo"":66776857,""yoy"":9.2,""dist"":150,""far"":800.0,""kind"":""公示"",""asof"":""2026-01-01""},{""addr"":""東京都新宿区西新宿一丁目１８番２"",""use"":""商業"",""price"":23700000,""tsubo"":78347104,""yoy"":6.3,""dist"":170,""far"":1000.0,""kind"":""基準"",""asof"":""2026-07-01""},{""addr"":""東京都新宿区新宿三丁目８０２番６外"",""use"":""商業"",""price"":20100000,""tsubo"":66446279,""yoy"":8.1,""dist"":200,""far"":900.0,""kind"":""基準"",""asof"":""2026-07-01""},{""addr"":""東京都新宿区歌舞伎町一丁目１８番１１外"",""use"":""商業"",""price"":11500000,""tsubo"":38016528,""yoy"":20.0,""dist"":340,""far"":900.0,""kind"":""基準"",""asof"":""2026-07-01""},{""addr"":""東京都新宿区西新宿１丁目１２番１７"",""use"":""商業"",""price"":9050000,""tsubo"":29917354,""yoy"":10.6,""dist"":350,""far"":1000.0,""kind"":""公示"",""asof"":""2026-01-01""},{""addr"":""東京都渋谷区代々木２丁目１１番１３外"",""use"":""商業"",""price"":11100000,""tsubo"":36694214,""yoy"":4.7,""dist"":400,""far"":800.0,""kind"":""公示"",""asof"":""2026-01-01""},{""addr"":""東京都新宿区西新宿７丁目７３７番１４外"",""use"":""商業"",""price"":7800000,""tsubo"":25785123,""yoy"":6.3,""dist"":410,""far"":700.0,""kind"":""公示"",""asof"":""2026-01-01""},{""addr"":""東京都渋谷区千駄ケ谷五丁目３２番５外"",""use"":""商業"",""price"":10500000,""tsubo"":34710742,""yoy"":9.5,""dist"":430,""far"":600.0,""kind"":""基準"",""asof"":""2026-07-01""}]"
西武柳沢駅,7,1031405,3.7,5,1031405,2,1247934,"[{""addr"":""東京都西東京市保谷町３丁目４４１番１０"",""use"":""商業"",""price"":447000,""tsubo"":1477686,""yoy"":4.7,""dist"":100,""far"":400.0,""kind"":""公示"",""asof"":""2026-01-01""},{""addr"":""東京都西東京市保谷町２丁目１０４８番２７"",""use"":""1低専"",""price"":360000,""tsubo"":1190083,""yoy"":3.7,""dist"":480,""far"":100.0,""kind"":""公示"",""asof"":""2026-01-01""},{""addr"":""東京都西東京市保谷町６丁目１１２０番７０"",""use"":""1中専"",""price"":328000,""tsubo"":1084297,""yoy"":4.5,""dist"":680,""far"":150.0,""kind"":""公示"",""asof"":""2026-01-01""},{""addr"":""東京都西東京市柳沢５丁目５９番１５"",""use"":""準工"",""price"":308000,""tsubo"":1018182,""yoy"":3.7,""dist"":850,""far"":200.0,""kind"":""公示"",""asof"":""2026-01-01""},{""addr"":""東京都西東京市柳沢五丁目１４番３１"",""use"":""1低専"",""price"":312000,""tsubo"":1031405,""yoy"":3.0,""dist"":1000,""far"":100.0,""kind"":""基準"",""asof"":""2026-07-01""},{""addr"":""東京都西東京市泉町１丁目１４７６番５５"",""use"":""1低専"",""price"":288000,""tsubo"":952066,""yoy"":2.5,""dist"":1300,""far"":80.0,""kind"":""公示"",""asof"":""2026-01-01""},{""addr"":""東京都西東京市泉町二丁目１７２２番８"",""use"":""1低専"",""price"":279000,""tsubo"":922314,""yoy"":3.0,""dist"":1400,""far"":100.0,""kind"":""基準"",""asof"":""2026-07-01""}]"
西武立川駅,31,1504132,8.1,15,1209917,16,3388429,"[{""addr"":""東京都立川市曙町２丁目９１番６外"",""use"":""商業"",""price"":6100000,""tsubo"":20165288,""yoy"":4.3,""dist"":160,""far"":600.0,""kind"":""公示"",""asof"":""2026-01-01""},{""addr"":""東京都立川市曙町二丁目９１番６外"",""use"":""商業"",""price"":6200000,""tsubo"":20495867,""yoy"":4.7,""dist"":160,""far"":600.0,""kind"":""基準"",""asof"":""2026-07-01""},{""addr"":""東京都立川市錦町２丁目１０１番"",""use"":""商業"",""price"":2450000,""tsubo"":8099173,""yoy"":10.4,""dist"":250,""far"":400.0,""kind"":""公示"",""asof"":""2026-01-01""},{""addr"":""東京都立川市柴崎町二丁目３２２番"",""use"":""商業"",""price"":1130000,""tsubo"":3735537,""yoy"":10.8,""dist"":250,""far"":400.0,""kind"":""基準"",""asof"":""2026-07-01""},{""addr"":""東京都立川市錦町二丁目１０１番"",""use"":""商業"",""price"":2550000,""tsubo"":8429752,""yoy"":9.4,""dist"":250,""far"":400.0,""kind"":""基準"",""asof"":""2026-07-01""},{""addr"":""東京都立川市曙町２丁目２４５番６"",""use"":""商業"",""price"":1090000,""tsubo"":3603306,""yoy"":11.2,""dist"":400,""far"":600.0,""kind"":""公示"",""asof"":""2026-01-01""},{""addr"":""東京都立川市柴崎町３丁目１０６番５"",""use"":""商業"",""price"":1000000,""tsubo"":3305785,""yoy"":13.6,""dist"":450,""far"":400.0,""kind"":""公示"",""asof"":""2026-01-01""},{""addr"":""東京都立川市曙町二丁目２２１番７"",""use"":""商業"",""price"":1650000,""tsubo"":5454545,""yoy"":10.0,""dist"":450,""far"":600.0,""kind"":""基準"",""asof"":""2026-07-01""},{""addr"":""東京都立川市西砂町１丁目３９番４１"",""use"":""1低専"",""price"":207000,""tsubo"":684297,""yoy"":5.1,""dist"":500,""far"":80.0,""kind"":""公示"",""asof"":""2026-01-01""},{""addr"":""東京都立川市曙町１丁目３５番２外"",""use"":""商業"",""price"":1050000,""tsubo"":3471074,""yoy"":16.7,""dist"":500,""far"":500.0,""kind"":""公示"",""asof"":""2026-01-01""}]"
西永福駅,4,3133884,7.6,3,3077686,1,3603306,"[{""addr"":""東京都杉並区永福３丁目２３６番７"",""use"":""近商"",""price"":1090000,""tsubo"":3603306,""yoy"":16.8,""dist"":0,""far"":300.0,""kind"":""公示"",""asof"":""2026-01-01""},{""addr"":""東京都杉並区永福３丁目２５３番３"",""use"":""1低専"",""price"":931000,""tsubo"":3077686,""yoy"":8.0,""dist"":290,""far"":100.0,""kind"":""公示"",""asof"":""2026-01-01""},{""addr"":""東京都杉並区永福三丁目２５３番３"",""use"":""1低専"",""price"":965000,""tsubo"":3190083,""yoy"":7.2,""dist"":290,""far"":100.0,""kind"":""基準"",""asof"":""2026-07-01""},{""addr"":""東京都杉並区成田東１丁目５６１番９"",""use"":""1低専"",""price"":563000,""tsubo"":1861157,""yoy"":7.2,""dist"":1200,""far"":100.0,""kind"":""公示"",""asof"":""2026-01-01""}]"
西立川駅,4,1009917,6.35,3,958678,1,1061157,"[{""addr"":""東京都昭島市東町３丁目２１７番３９"",""use"":""近商"",""price"":321000,""tsubo"":1061157,""yoy"":8.4,""dist"":300,""far"":300.0,""kind"":""公示"",""asof"":""2026-01-01""},{""addr"":""東京都昭島市東町１丁目１７３番６"",""use"":""1中専"",""price"":290000,""tsubo"":958678,""yoy"":3.2,""dist"":450,""far"":200.0,""kind"":""公示"",""asof"":""2026-01-01""},{""addr"":""東京都立川市富士見町一丁目４１番７外"",""use"":""1中専"",""price"":367000,""tsubo"":1213223,""yoy"":7.9,""dist"":550,""far"":200.0,""kind"":""基準"",""asof"":""2026-07-01""},{""addr"":""東京都昭島市東町３丁目２７０番２４"",""use"":""1低専"",""price"":238000,""tsubo"":786777,""yoy"":4.8,""dist"":750,""far"":80.0,""kind"":""公示"",""asof"":""2026-01-01""}]"
西荻窪駅,16,2667768,8.35,12,2583471,4,4016529,"[{""addr"":""東京都杉並区西荻北２丁目１０９番３"",""use"":""商業"",""price"":1980000,""tsubo"":6545454,""yoy"":20.7,""dist"":140,""far"":500.0,""kind"":""公示"",""asof"":""2026-01-01""},{""addr"":""東京都杉並区西荻南三丁目１９９番６"",""use"":""商業"",""price"":1350000,""tsubo"":4462810,""yoy"":16.4,""dist"":210,""far"":500.0,""kind"":""基準"",""asof"":""2026-07-01""},{""addr"":""東京都杉並区西荻北３丁目２１番１６"",""use"":""1低専"",""price"":828000,""tsubo"":2737190,""yoy"":8.2,""dist"":330,""far"":150.0,""kind"":""公示"",""asof"":""2026-01-01""},{""addr"":""東京都杉並区西荻北２丁目２３番１１"",""use"":""1低専"",""price"":795000,""tsubo"":2628099,""yoy"":8.9,""dist"":520,""far"":100.0,""kind"":""公示"",""asof"":""2026-01-01""},{""addr"":""東京都杉並区西荻北二丁目２３番１１"",""use"":""1低専"",""price"":823000,""tsubo"":2720661,""yoy"":7.2,""dist"":520,""far"":100.0,""kind"":""基準"",""asof"":""2026-07-01""},{""addr"":""東京都杉並区西荻南４丁目６４番４"",""use"":""1低専"",""price"":815000,""tsubo"":2694215,""yoy"":9.0,""dist"":550,""far"":100.0,""kind"":""公示"",""asof"":""2026-01-01""},{""addr"":""東京都杉並区西荻南四丁目６４番４"",""use"":""1低専"",""price"":848000,""tsubo"":2803306,""yoy"":7.3,""dist"":550,""far"":100.0,""kind"":""基準"",""asof"":""2026-07-01""},{""addr"":""東京都杉並区西荻南二丁目３４３番１７"",""use"":""1低専"",""price"":799000,""tsubo"":2641322,""yoy"":8.0,""dist"":700,""far"":150.0,""kind"":""基準"",""asof"":""2026-07-01""},{""addr"":""東京都杉並区松庵２丁目５２番１２"",""use"":""1低専"",""price"":747000,""tsubo"":2469421,""yoy"":8.9,""dist"":830,""far"":100.0,""kind"":""公示"",""asof"":""2026-01-01""},{""addr"":""東京都武蔵野市吉祥寺東町四丁目７５番６"",""use"":""1低専"",""price"":657000,""tsubo"":2171901,""yoy"":6.0,""dist"":850,""far"":80.0,""kind"":""基準"",""asof"":""2026-07-01""}]"
西葛西駅,12,1980165,6.85,8,1836363,4,4785123,"[{""addr"":""東京都江戸川区西葛西６丁目１５番２８外"",""use"":""商業"",""price"":2180000,""tsubo"":7206611,""yoy"":8.5,""dist"":0,""far"":500.0,""kind"":""公示"",""asof"":""2026-01-01""},{""addr"":""東京都江戸川区西葛西六丁目１５番２８外"",""use"":""商業"",""price"":2270000,""tsubo"":7504132,""yoy"":8.6,""dist"":0,""far"":500.0,""kind"":""基準"",""asof"":""2026-07-01""},{""addr"":""東京都江戸川区西葛西三丁目５番６２"",""use"":""1住居"",""price"":648000,""tsubo"":2142149,""yoy"":8.5,""dist"":400,""far"":300.0,""kind"":""基準"",""asof"":""2026-07-01""},{""addr"":""東京都江戸川区西葛西３丁目１０番５"",""use"":""準工"",""price"":635000,""tsubo"":2099173,""yoy"":8.4,""dist"":580,""far"":300.0,""kind"":""公示"",""asof"":""2026-01-01""},{""addr"":""東京都江戸川区中葛西５丁目６番２４"",""use"":""1住居"",""price"":585000,""tsubo"":1933884,""yoy"":4.3,""dist"":800,""far"":300.0,""kind"":""公示"",""asof"":""2026-01-01""},{""addr"":""東京都江戸川区中葛西五丁目６番２４"",""use"":""1住居"",""price"":603000,""tsubo"":1993388,""yoy"":5.1,""dist"":800,""far"":300.0,""kind"":""基準"",""asof"":""2026-07-01""},{""addr"":""東京都江戸川区西葛西７丁目２３番１４"",""use"":""1住居"",""price"":595000,""tsubo"":1966942,""yoy"":8.8,""dist"":850,""far"":300.0,""kind"":""公示"",""asof"":""2026-01-01""},{""addr"":""東京都江戸川区西葛西８丁目９番５２"",""use"":""1住居"",""price"":526000,""tsubo"":1738843,""yoy"":5.0,""dist"":950,""far"":300.0,""kind"":""公示"",""asof"":""2026-01-01""},{""addr"":""東京都江戸川区北葛西四丁目２５番１２外"",""use"":""近商"",""price"":715000,""tsubo"":2363636,""yoy"":8.0,""dist"":960,""far"":400.0,""kind"":""基準"",""asof"":""2026-07-01""},{""addr"":""東京都江戸川区清新町２丁目７番５"",""use"":""1中専"",""price"":502000,""tsubo"":1659504,""yoy"":5.7,""dist"":1200,""far"":200.0,""kind"":""公示"",""asof"":""2026-01-01""}]"
西調布駅,7,1282645,6.1,6,1290909,1,1266116,"[{""addr"":""東京都調布市下石原２丁目２４番１１"",""use"":""1低専"",""price"":410000,""tsubo"":1355372,""yoy"":7.9,""dist"":580,""far"":100.0,""kind"":""公示"",""asof"":""2026-01-01""},{""addr"":""東京都調布市上石原１丁目１４番６"",""use"":""1低専"",""price"":388000,""tsubo"":1282645,""yoy"":10.2,""dist"":600,""far"":80.0,""kind"":""公示"",""asof"":""2026-01-01""},{""addr"":""東京都調布市富士見町一丁目２３番５"",""use"":""1低専"",""price"":350000,""tsubo"":1157025,""yoy"":6.1,""dist"":660,""far"":80.0,""kind"":""基準"",""asof"":""2026-07-01""},{""addr"":""東京都調布市上石原１丁目１３番１"",""use"":""準住居"",""price"":440000,""tsubo"":1454545,""yoy"":9.7,""dist"":690,""far"":200.0,""kind"":""公示"",""asof"":""2026-01-01""},{""addr"":""東京都調布市上石原３丁目１７番１４外"",""use"":""1低専"",""price"":345000,""tsubo"":1140496,""yoy"":4.9,""dist"":750,""far"":80.0,""kind"":""公示"",""asof"":""2026-01-01""},{""addr"":""東京都調布市下石原三丁目２９番６"",""use"":""1低専"",""price"":393000,""tsubo"":1299174,""yoy"":5.4,""dist"":800,""far"":80.0,""kind"":""基準"",""asof"":""2026-07-01""},{""addr"":""東京都調布市多摩川１丁目２８番７"",""use"":""準工"",""price"":383000,""tsubo"":1266116,""yoy"":5.8,""dist"":950,""far"":200.0,""kind"":""公示"",""asof"":""2026-01-01""}]"
西馬込駅,8,2266115,8.25,4,2067768,4,2471074,"[{""addr"":""東京都大田区南馬込五丁目５９番１３"",""use"":""準住居"",""price"":1000000,""tsubo"":3305785,""yoy"":10.9,""dist"":70,""far"":300.0,""kind"":""基準"",""asof"":""2026-07-01""},{""addr"":""東京都大田区南馬込５丁目５５番１３外"",""use"":""近商"",""price"":735000,""tsubo"":2429752,""yoy"":8.4,""dist"":150,""far"":200.0,""kind"":""公示"",""asof"":""2026-01-01""},{""addr"":""東京都大田区西馬込２丁目３４番７外"",""use"":""1中専"",""price"":615000,""tsubo"":2033058,""yoy"":7.0,""dist"":380,""far"":150.0,""kind"":""公示"",""asof"":""2026-01-01""},{""addr"":""東京都大田区西馬込二丁目３４番７外"",""use"":""1中専"",""price"":636000,""tsubo"":2102479,""yoy"":6.9,""dist"":380,""far"":150.0,""kind"":""基準"",""asof"":""2026-07-01""},{""addr"":""東京都大田区南馬込４丁目１４３２番１"",""use"":""1低専"",""price"":600000,""tsubo"":1983471,""yoy"":7.1,""dist"":700,""far"":100.0,""kind"":""公示"",""asof"":""2026-01-01""},{""addr"":""東京都大田区仲池上１丁目２２５番６外"",""use"":""準工"",""price"":562000,""tsubo"":1857851,""yoy"":8.1,""dist"":1000,""far"":200.0,""kind"":""公示"",""asof"":""2026-01-01""},{""addr"":""東京都大田区久が原２丁目１６０番１"",""use"":""準工"",""price"":760000,""tsubo"":2512397,""yoy"":10.9,""dist"":1100,""far"":200.0,""kind"":""公示"",""asof"":""2026-01-01""},{""addr"":""東京都大田区上池台３丁目７５３番２"",""use"":""近商"",""price"":778000,""tsubo"":2571901,""yoy"":8.7,""dist"":1100,""far"":300.0,""kind"":""公示"",""asof"":""2026-01-01""}]"
西高島平駅,2,1266116,4.9,2,1266116,0,,"[{""addr"":""東京都板橋区高島平５丁目４７番７"",""use"":""1低専"",""price"":402000,""tsubo"":1328926,""yoy"":5.5,""dist"":450,""far"":100.0,""kind"":""公示"",""asof"":""2026-01-01""},{""addr"":""東京都板橋区三園１丁目２２番９"",""use"":""1中専"",""price"":364000,""tsubo"":1203306,""yoy"":4.3,""dist"":550,""far"":200.0,""kind"":""公示"",""asof"":""2026-01-01""}]"
要町駅,6,2760330,12.8,4,2747107,2,3626446,"[{""addr"":""東京都豊島区要町１丁目５番１０"",""use"":""商業"",""price"":1410000,""tsubo"":4661157,""yoy"":17.5,""dist"":170,""far"":500.0,""kind"":""公示"",""asof"":""2026-01-01""},{""addr"":""東京都豊島区千早１丁目３５番４２"",""use"":""1中専"",""price"":776000,""tsubo"":2565289,""yoy"":11.5,""dist"":250,""far"":200.0,""kind"":""公示"",""asof"":""2026-01-01""},{""addr"":""東京都豊島区池袋３丁目１６３８番５"",""use"":""1中専"",""price"":886000,""tsubo"":2928926,""yoy"":13.0,""dist"":300,""far"":300.0,""kind"":""公示"",""asof"":""2026-01-01""},{""addr"":""東京都豊島区高松１丁目２３番３５"",""use"":""近商"",""price"":784000,""tsubo"":2591735,""yoy"":12.0,""dist"":300,""far"":300.0,""kind"":""公示"",""asof"":""2026-01-01""},{""addr"":""東京都豊島区西池袋四丁目１４８０番２３外"",""use"":""1中専"",""price"":950000,""tsubo"":3140496,""yoy"":13.8,""dist"":540,""far"":300.0,""kind"":""基準"",""asof"":""2026-07-01""},{""addr"":""東京都板橋区南町１９番１３"",""use"":""1中専"",""price"":761000,""tsubo"":2515702,""yoy"":12.6,""dist"":700,""far"":200.0,""kind"":""公示"",""asof"":""2026-01-01""}]"
見沼代親水公園駅,2,1095867,6.95,2,1095867,0,,"[{""addr"":""東京都足立区舎人５丁目１６番２"",""use"":""1低専"",""price"":347000,""tsubo"":1147107,""yoy"":6.8,""dist"":270,""far"":150.0,""kind"":""公示"",""asof"":""2026-01-01""},{""addr"":""東京都足立区舎人３丁目９番４１"",""use"":""1低専"",""price"":316000,""tsubo"":1044628,""yoy"":7.1,""dist"":500,""far"":150.0,""kind"":""公示"",""asof"":""2026-01-01""}]"
調布駅,13,1768595,5.9,9,1705785,4,5123966,"[{""addr"":""東京都調布市布田４丁目８番９外"",""use"":""1住居"",""price"":750000,""tsubo"":2479339,""yoy"":8.7,""dist"":230,""far"":200.0,""kind"":""公示"",""asof"":""2026-01-01""},{""addr"":""東京都調布市小島町１丁目１１番２"",""use"":""商業"",""price"":2280000,""tsubo"":7537190,""yoy"":12.9,""dist"":230,""far"":500.0,""kind"":""公示"",""asof"":""2026-01-01""},{""addr"":""東京都調布市布田４丁目１９番１１"",""use"":""商業"",""price"":1530000,""tsubo"":5057851,""yoy"":6.3,""dist"":300,""far"":500.0,""kind"":""公示"",""asof"":""2026-01-01""},{""addr"":""東京都調布市布田四丁目１９番１１"",""use"":""商業"",""price"":1570000,""tsubo"":5190082,""yoy"":7.5,""dist"":300,""far"":500.0,""kind"":""基準"",""asof"":""2026-07-01""},{""addr"":""東京都調布市小島町２丁目１５番７"",""use"":""1低専"",""price"":535000,""tsubo"":1768595,""yoy"":10.8,""dist"":530,""far"":100.0,""kind"":""公示"",""asof"":""2026-01-01""},{""addr"":""東京都調布市調布ケ丘一丁目２８番４"",""use"":""1低専"",""price"":602000,""tsubo"":1990083,""yoy"":4.5,""dist"":600,""far"":100.0,""kind"":""基準"",""asof"":""2026-07-01""},{""addr"":""東京都調布市布田６丁目３番１３"",""use"":""1低専"",""price"":490000,""tsubo"":1619835,""yoy"":4.3,""dist"":650,""far"":80.0,""kind"":""公示"",""asof"":""2026-01-01""},{""addr"":""東京都調布市小島町三丁目１７番１４"",""use"":""1低専"",""price"":485000,""tsubo"":1603306,""yoy"":5.9,""dist"":820,""far"":80.0,""kind"":""基準"",""asof"":""2026-07-01""},{""addr"":""東京都調布市小島町３丁目５２番６６"",""use"":""1低専"",""price"":515000,""tsubo"":1702479,""yoy"":7.3,""dist"":880,""far"":80.0,""kind"":""公示"",""asof"":""2026-01-01""},{""addr"":""東京都調布市調布ケ丘１丁目１６番２３"",""use"":""1低専"",""price"":516000,""tsubo"":1705785,""yoy"":4.7,""dist"":1000,""far"":100.0,""kind"":""公示"",""asof"":""2026-01-01""}]"
護国寺駅,4,4330578,15.3,2,3094214,2,6462810,"[{""addr"":""東京都文京区音羽２丁目２０７番４外"",""use"":""商業"",""price"":2350000,""tsubo"":7768595,""yoy"":18.1,""dist"":70,""far"":600.0,""kind"":""公示"",""asof"":""2026-01-01""},{""addr"":""東京都文京区目白台３丁目４１番１６"",""use"":""1中専"",""price"":1060000,""tsubo"":3504132,""yoy"":11.9,""dist"":460,""far"":200.0,""kind"":""公示"",""asof"":""2026-01-01""},{""addr"":""東京都文京区目白台２丁目４３番１１"",""use"":""商業"",""price"":1560000,""tsubo"":5157025,""yoy"":19.1,""dist"":500,""far"":400.0,""kind"":""公示"",""asof"":""2026-01-01""},{""addr"":""東京都豊島区雑司が谷１丁目６４番７"",""use"":""1中専"",""price"":812000,""tsubo"":2684297,""yoy"":12.5,""dist"":690,""far"":300.0,""kind"":""公示"",""asof"":""2026-01-01""}]"
谷保駅,6,1046281,4.5,5,1018182,1,1722314,"[{""addr"":""東京都国立市富士見台１丁目２２番１７"",""use"":""1中専"",""price"":384000,""tsubo"":1269421,""yoy"":7.3,""dist"":300,""far"":150.0,""kind"":""公示"",""asof"":""2026-01-01""},{""addr"":""東京都国立市富士見台二丁目２番２"",""use"":""近商"",""price"":521000,""tsubo"":1722314,""yoy"":10.4,""dist"":500,""far"":400.0,""kind"":""基準"",""asof"":""2026-07-01""},{""addr"":""東京都国立市大字谷保字栗原５８６４番５外"",""use"":""1低専"",""price"":250000,""tsubo"":826446,""yoy"":4.2,""dist"":700,""far"":80.0,""kind"":""基準"",""asof"":""2026-07-01""},{""addr"":""東京都府中市西原町四丁目１１番１５外"",""use"":""1低専"",""price"":325000,""tsubo"":1074380,""yoy"":4.8,""dist"":860,""far"":80.0,""kind"":""基準"",""asof"":""2026-07-01""},{""addr"":""東京都府中市西府町４丁目１２番７６"",""use"":""1低専"",""price"":308000,""tsubo"":1018182,""yoy"":3.4,""dist"":1000,""far"":80.0,""kind"":""公示"",""asof"":""2026-01-01""},{""addr"":""東京都府中市西原町２丁目１６番１３"",""use"":""1低専"",""price"":293000,""tsubo"":968595,""yoy"":2.8,""dist"":1400,""far"":80.0,""kind"":""公示"",""asof"":""2026-01-01""}]"
谷在家駅,2,1107438,2.5,2,1107438,0,,"[{""addr"":""東京都足立区西新井４丁目４０番２３"",""use"":""1低専"",""price"":354000,""tsubo"":1170248,""yoy"":5.0,""dist"":220,""far"":150.0,""kind"":""公示"",""asof"":""2026-01-01""},{""addr"":""東京都足立区西新井４丁目３番２８"",""use"":""1住居"",""price"":316000,""tsubo"":1044628,""yoy"":0.0,""dist"":910,""far"":200.0,""kind"":""公示"",""asof"":""2026-01-01""}]"
豊島園駅,5,1844628,7.4,3,1831405,2,2504132,"[{""addr"":""東京都練馬区練馬四丁目６７１３番３"",""use"":""近商"",""price"":870000,""tsubo"":2876033,""yoy"":9.7,""dist"":1,""far"":300.0,""kind"":""基準"",""asof"":""2026-07-01""},{""addr"":""東京都練馬区練馬４丁目６６９１番２６"",""use"":""1低専"",""price"":554000,""tsubo"":1831405,""yoy"":7.4,""dist"":120,""far"":100.0,""kind"":""公示"",""asof"":""2026-01-01""},{""addr"":""東京都練馬区向山二丁目３番２１"",""use"":""1低専"",""price"":558000,""tsubo"":1844628,""yoy"":7.1,""dist"":470,""far"":100.0,""kind"":""基準"",""asof"":""2026-07-01""},{""addr"":""東京都練馬区向山３丁目１５０２番８"",""use"":""1低専"",""price"":519000,""tsubo"":1715702,""yoy"":6.8,""dist"":670,""far"":100.0,""kind"":""公示"",""asof"":""2026-01-01""},{""addr"":""東京都練馬区春日町１丁目２２９５番１１"",""use"":""近商"",""price"":645000,""tsubo"":2132231,""yoy"":8.2,""dist"":750,""far"":300.0,""kind"":""公示"",""asof"":""2026-01-01""}]"
豊洲駅,3,6314049,17.2,0,,3,6314049,"[{""addr"":""東京都江東区豊洲４丁目１番１２"",""use"":""商業"",""price"":1910000,""tsubo"":6314049,""yoy"":19.4,""dist"":0,""far"":400.0,""kind"":""公示"",""asof"":""2026-01-01""},{""addr"":""東京都江東区豊洲３丁目１番５４"",""use"":""工業"",""price"":3000000,""tsubo"":9917355,""yoy"":17.2,""dist"":80,""far"":200.0,""kind"":""公示"",""asof"":""2026-01-01""},{""addr"":""東京都江東区豊洲４丁目３番１１"",""use"":""準工"",""price"":1160000,""tsubo"":3834711,""yoy"":16.0,""dist"":550,""far"":300.0,""kind"":""公示"",""asof"":""2026-01-01""}]"
豊田駅,15,912397,4.5,12,902479,3,1864463,"[{""addr"":""東京都日野市豊田３丁目４０番１１外"",""use"":""商業"",""price"":564000,""tsubo"":1864463,""yoy"":6.4,""dist"":150,""far"":500.0,""kind"":""公示"",""asof"":""2026-01-01""},{""addr"":""東京都日野市多摩平１丁目３番１２"",""use"":""商業"",""price"":600000,""tsubo"":1983471,""yoy"":5.3,""dist"":250,""far"":400.0,""kind"":""公示"",""asof"":""2026-01-01""},{""addr"":""東京都日野市豊田３丁目１７番９外"",""use"":""1低専"",""price"":298000,""tsubo"":985124,""yoy"":4.2,""dist"":500,""far"":80.0,""kind"":""公示"",""asof"":""2026-01-01""},{""addr"":""東京都日野市豊田四丁目１９番３６"",""use"":""1低専"",""price"":287000,""tsubo"":948760,""yoy"":3.2,""dist"":500,""far"":100.0,""kind"":""基準"",""asof"":""2026-07-01""},{""addr"":""東京都日野市旭が丘一丁目１１番６"",""use"":""1低専"",""price"":276000,""tsubo"":912397,""yoy"":4.2,""dist"":940,""far"":100.0,""kind"":""基準"",""asof"":""2026-07-01""},{""addr"":""東京都日野市豊田２丁目２０番４９"",""use"":""1低専"",""price"":270000,""tsubo"":892562,""yoy"":4.2,""dist"":950,""far"":100.0,""kind"":""公示"",""asof"":""2026-01-01""},{""addr"":""東京都日野市多摩平３丁目１５番３２"",""use"":""1低専"",""price"":330000,""tsubo"":1090909,""yoy"":5.8,""dist"":970,""far"":100.0,""kind"":""公示"",""asof"":""2026-01-01""},{""addr"":""東京都日野市旭が丘３丁目１番９外"",""use"":""工業"",""price"":216000,""tsubo"":714050,""yoy"":5.4,""dist"":1100,""far"":200.0,""kind"":""公示"",""asof"":""2026-01-01""},{""addr"":""東京都日野市多摩平５丁目２番５１"",""use"":""1低専"",""price"":303000,""tsubo"":1001653,""yoy"":4.5,""dist"":1200,""far"":100.0,""kind"":""公示"",""asof"":""2026-01-01""},{""addr"":""東京都日野市東豊田４丁目１９番１５"",""use"":""1低専"",""price"":247000,""tsubo"":816529,""yoy"":3.8,""dist"":1200,""far"":100.0,""kind"":""公示"",""asof"":""2026-01-01""}]"
豪徳寺駅,4,2915702,7.05,2,2798347,2,3013223,"[{""addr"":""東京都世田谷区豪徳寺１丁目２０３２番８"",""use"":""近商"",""price"":901000,""tsubo"":2978512,""yoy"":7.1,""dist"":90,""far"":300.0,""kind"":""公示"",""asof"":""2026-01-01""},{""addr"":""東京都世田谷区豪徳寺一丁目２０３２番８"",""use"":""近商"",""price"":922000,""tsubo"":3047934,""yoy"":7.0,""dist"":90,""far"":300.0,""kind"":""基準"",""asof"":""2026-07-01""},{""addr"":""東京都世田谷区豪徳寺一丁目１８８３番９"",""use"":""1住居"",""price"":830000,""tsubo"":2743802,""yoy"":7.0,""dist"":300,""far"":200.0,""kind"":""基準"",""asof"":""2026-07-01""},{""addr"":""東京都世田谷区赤堤２丁目１１３６番３３"",""use"":""1住居"",""price"":863000,""tsubo"":2852892,""yoy"":7.1,""dist"":450,""far"":200.0,""kind"":""公示"",""asof"":""2026-01-01""}]"
赤土小学校前駅,1,3735537,17.1,0,,1,3735537,"[{""addr"":""東京都荒川区東尾久三丁目８０５番４"",""use"":""商業"",""price"":1130000,""tsubo"":3735537,""yoy"":17.1,""dist"":220,""far"":500.0,""kind"":""基準"",""asof"":""2026-07-01""}]"
赤坂見附駅,4,26545453,17.0,0,,4,26545453,"[{""addr"":""東京都港区赤坂３丁目１００１番２"",""use"":""商業"",""price"":8350000,""tsubo"":27603305,""yoy"":17.6,""dist"":60,""far"":500.0,""kind"":""公示"",""asof"":""2026-01-01""},{""addr"":""東京都千代田区永田町２丁目８１番１外"",""use"":""商業"",""price"":9400000,""tsubo"":31074379,""yoy"":5.0,""dist"":140,""far"":700.0,""kind"":""公示"",""asof"":""2026-01-01""},{""addr"":""東京都港区赤坂４丁目１４７番１外"",""use"":""商業"",""price"":7710000,""tsubo"":25487602,""yoy"":17.0,""dist"":200,""far"":700.0,""kind"":""公示"",""asof"":""2026-01-01""},{""addr"":""東京都港区元赤坂１丁目５０７番１外"",""use"":""商業"",""price"":3510000,""tsubo"":11603305,""yoy"":17.0,""dist"":220,""far"":500.0,""kind"":""公示"",""asof"":""2026-01-01""}]"
赤坂駅,4,18512396,15.45,1,6314049,3,22214875,"[{""addr"":""東京都港区赤坂２丁目１３０１番５外"",""use"":""商業"",""price"":6720000,""tsubo"":22214875,""yoy"":16.9,""dist"":90,""far"":600.0,""kind"":""公示"",""asof"":""2026-01-01""},{""addr"":""東京都港区赤坂二丁目１３０１番５外"",""use"":""商業"",""price"":7100000,""tsubo"":23471074,""yoy"":14.5,""dist"":90,""far"":600.0,""kind"":""基準"",""asof"":""2026-07-01""},{""addr"":""東京都港区赤坂６丁目１３１０番"",""use"":""商業"",""price"":4480000,""tsubo"":14809917,""yoy"":16.4,""dist"":220,""far"":600.0,""kind"":""公示"",""asof"":""2026-01-01""},{""addr"":""東京都港区赤坂４丁目１１２２番"",""use"":""1住居"",""price"":1910000,""tsubo"":6314049,""yoy"":14.4,""dist"":550,""far"":300.0,""kind"":""公示"",""asof"":""2026-01-01""}]"
赤羽岩淵駅,3,1947107,10.1,2,1882644,1,6776859,"[{""addr"":""東京都北区赤羽１丁目３２番１４"",""use"":""商業"",""price"":2050000,""tsubo"":6776859,""yoy"":18.5,""dist"":140,""far"":600.0,""kind"":""公示"",""asof"":""2026-01-01""},{""addr"":""東京都北区赤羽３丁目２１２番１８"",""use"":""1住居"",""price"":589000,""tsubo"":1947107,""yoy"":10.1,""dist"":350,""far"":200.0,""kind"":""公示"",""asof"":""2026-01-01""},{""addr"":""東京都北区岩淵町４７５番３"",""use"":""1中専"",""price"":550000,""tsubo"":1818182,""yoy"":9.6,""dist"":440,""far"":200.0,""kind"":""公示"",""asof"":""2026-01-01""}]"
赤羽橋駅,5,9851239,16.4,2,8528925,3,10809917,"[{""addr"":""東京都港区東麻布一丁目１０番１３"",""use"":""商業"",""price"":4960000,""tsubo"":16396694,""yoy"":15.3,""dist"":260,""far"":600.0,""kind"":""基準"",""asof"":""2026-07-01""},{""addr"":""東京都港区東麻布２丁目３２番１６外"",""use"":""近商"",""price"":3270000,""tsubo"":10809917,""yoy"":16.8,""dist"":280,""far"":400.0,""kind"":""公示"",""asof"":""2026-01-01""},{""addr"":""東京都港区東麻布２丁目１７番１５"",""use"":""1住居"",""price"":2180000,""tsubo"":7206611,""yoy"":15.3,""dist"":300,""far"":300.0,""kind"":""公示"",""asof"":""2026-01-01""},{""addr"":""東京都港区東麻布一丁目１６番６"",""use"":""近商"",""price"":2410000,""tsubo"":7966942,""yoy"":16.4,""dist"":300,""far"":400.0,""kind"":""基準"",""asof"":""2026-07-01""},{""addr"":""東京都港区三田２丁目３５番１"",""use"":""1住居"",""price"":2980000,""tsubo"":9851239,""yoy"":18.3,""dist"":560,""far"":400.0,""kind"":""公示"",""asof"":""2026-01-01""}]"
赤羽駅,14,2685950,13.25,7,2300826,7,6743801,"[{""addr"":""東京都北区赤羽１丁目８番１０"",""use"":""商業"",""price"":5700000,""tsubo"":18842974,""yoy"":21.3,""dist"":0,""far"":600.0,""kind"":""公示"",""asof"":""2026-01-01""},{""addr"":""東京都北区赤羽西１丁目５１０番１３外"",""use"":""商業"",""price"":3020000,""tsubo"":9983471,""yoy"":19.8,""dist"":0,""far"":500.0,""kind"":""公示"",""asof"":""2026-01-01""},{""addr"":""東京都北区赤羽一丁目２１番５"",""use"":""商業"",""price"":2450000,""tsubo"":8099173,""yoy"":19.5,""dist"":250,""far"":500.0,""kind"":""基準"",""asof"":""2026-07-01""},{""addr"":""東京都北区赤羽２丁目１０番４"",""use"":""商業"",""price"":2040000,""tsubo"":6743801,""yoy"":14.6,""dist"":390,""far"":500.0,""kind"":""公示"",""asof"":""2026-01-01""},{""addr"":""東京都北区赤羽１丁目３６番２４"",""use"":""商業"",""price"":1080000,""tsubo"":3570248,""yoy"":16.9,""dist"":400,""far"":500.0,""kind"":""公示"",""asof"":""2026-01-01""},{""addr"":""東京都北区赤羽南１丁目１５番１"",""use"":""1住居"",""price"":1640000,""tsubo"":5421487,""yoy"":14.7,""dist"":450,""far"":300.0,""kind"":""公示"",""asof"":""2026-01-01""},{""addr"":""東京都北区赤羽西１丁目１９番"",""use"":""1中専"",""price"":696000,""tsubo"":2300826,""yoy"":9.8,""dist"":590,""far"":150.0,""kind"":""公示"",""asof"":""2026-01-01""},{""addr"":""東京都北区志茂２丁目４９番６外"",""use"":""近商"",""price"":857000,""tsubo"":2833058,""yoy"":13.1,""dist"":600,""far"":300.0,""kind"":""公示"",""asof"":""2026-01-01""},{""addr"":""東京都北区志茂１丁目１４番６２"",""use"":""1住居"",""price"":632000,""tsubo"":2089256,""yoy"":10.9,""dist"":700,""far"":200.0,""kind"":""公示"",""asof"":""2026-01-01""},{""addr"":""東京都北区赤羽２丁目３４９番２"",""use"":""1住居"",""price"":719000,""tsubo"":2376859,""yoy"":11.0,""dist"":750,""far"":300.0,""kind"":""公示"",""asof"":""2026-01-01""}]"
越中島駅,1,2522314,10.7,0,,1,2522314,"[{""addr"":""東京都江東区古石場１丁目１５番１７"",""use"":""準工"",""price"":763000,""tsubo"":2522314,""yoy"":10.7,""dist"":340,""far"":300.0,""kind"":""公示"",""asof"":""2026-01-01""}]"
足立小台駅,1,909091,4.2,0,,1,909091,"[{""addr"":""東京都足立区宮城１丁目１５番１３"",""use"":""準工"",""price"":275000,""tsubo"":909091,""yoy"":4.2,""dist"":1500,""far"":200.0,""kind"":""公示"",""asof"":""2026-01-01""}]"
軍畑駅,1,137190,-0.2,1,137190,0,,"[{""addr"":""東京都青梅市沢井１丁目４３４番９外"",""use"":""1低専"",""price"":41500,""tsubo"":137190,""yoy"":-0.2,""dist"":600,""far"":80.0,""kind"":""公示"",""asof"":""2026-01-01""}]"
辰巳駅,2,2575206,14.25,0,,2,2575206,"[{""addr"":""東京都江東区辰巳３丁目１０番１"",""use"":""準工"",""price"":864000,""tsubo"":2856198,""yoy"":14.9,""dist"":320,""far"":300.0,""kind"":""公示"",""asof"":""2026-01-01""},{""addr"":""東京都江東区辰巳１丁目１番１３"",""use"":""準工"",""price"":694000,""tsubo"":2294215,""yoy"":13.6,""dist"":750,""far"":300.0,""kind"":""公示"",""asof"":""2026-01-01""}]"
都立大学駅,11,3801653,12.4,8,3735537,3,6247934,"[{""addr"":""東京都目黒区平町１丁目２１５番２１外"",""use"":""商業"",""price"":2480000,""tsubo"":8198347,""yoy"":15.9,""dist"":0,""far"":400.0,""kind"":""公示"",""asof"":""2026-01-01""},{""addr"":""東京都目黒区八雲一丁目２７４番５"",""use"":""商業"",""price"":1890000,""tsubo"":6247934,""yoy"":15.2,""dist"":280,""far"":400.0,""kind"":""基準"",""asof"":""2026-07-01""},{""addr"":""東京都目黒区平町１丁目１７７番８"",""use"":""1低専"",""price"":1180000,""tsubo"":3900826,""yoy"":12.4,""dist"":450,""far"":100.0,""kind"":""公示"",""asof"":""2026-01-01""},{""addr"":""東京都目黒区中根２丁目１１５番１"",""use"":""準工"",""price"":1390000,""tsubo"":4595041,""yoy"":15.8,""dist"":450,""far"":200.0,""kind"":""公示"",""asof"":""2026-01-01""},{""addr"":""東京都目黒区中根２丁目１０９番９"",""use"":""1中専"",""price"":1210000,""tsubo"":4000000,""yoy"":14.2,""dist"":520,""far"":200.0,""kind"":""公示"",""asof"":""2026-01-01""},{""addr"":""東京都目黒区平町２丁目７１番３"",""use"":""2住居"",""price"":1120000,""tsubo"":3702479,""yoy"":12.0,""dist"":650,""far"":300.0,""kind"":""公示"",""asof"":""2026-01-01""},{""addr"":""東京都目黒区碑文谷４丁目３４番１２"",""use"":""1低専"",""price"":1130000,""tsubo"":3735537,""yoy"":13.0,""dist"":830,""far"":150.0,""kind"":""公示"",""asof"":""2026-01-01""},{""addr"":""東京都目黒区柿の木坂２丁目１８９番９"",""use"":""1低専"",""price"":1130000,""tsubo"":3735537,""yoy"":11.9,""dist"":840,""far"":100.0,""kind"":""公示"",""asof"":""2026-01-01""},{""addr"":""東京都目黒区八雲２丁目２４番６"",""use"":""1低専"",""price"":1120000,""tsubo"":3702479,""yoy"":12.0,""dist"":890,""far"":150.0,""kind"":""公示"",""asof"":""2026-01-01""},{""addr"":""東京都目黒区八雲４丁目８番２外"",""use"":""1中専"",""price"":1150000,""tsubo"":3801653,""yoy"":11.7,""dist"":1100,""far"":200.0,""kind"":""公示"",""asof"":""2026-01-01""}]"
都立家政駅,3,1867769,7.6,2,1803306,1,3147107,"[{""addr"":""東京都中野区鷺宮三丁目２１５番３２"",""use"":""近商"",""price"":952000,""tsubo"":3147107,""yoy"":11.1,""dist"":1,""far"":300.0,""kind"":""基準"",""asof"":""2026-07-01""},{""addr"":""東京都練馬区中村南１丁目２９番１７"",""use"":""1低専"",""price"":526000,""tsubo"":1738843,""yoy"":6.9,""dist"":600,""far"":200.0,""kind"":""公示"",""asof"":""2026-01-01""},{""addr"":""東京都中野区若宮２丁目６６番１４外"",""use"":""1低専"",""price"":565000,""tsubo"":1867769,""yoy"":7.6,""dist"":620,""far"":150.0,""kind"":""公示"",""asof"":""2026-01-01""}]"
野方駅,7,3074380,11.5,3,1838016,4,3276033,"[{""addr"":""東京都中野区野方６丁目７３４番１６"",""use"":""商業"",""price"":992000,""tsubo"":3279339,""yoy"":11.8,""dist"":70,""far"":400.0,""kind"":""公示"",""asof"":""2026-01-01""},{""addr"":""東京都中野区野方六丁目７３４番１６"",""use"":""商業"",""price"":1050000,""tsubo"":3471074,""yoy"":12.5,""dist"":70,""far"":400.0,""kind"":""基準"",""asof"":""2026-07-01""},{""addr"":""東京都中野区野方六丁目１７番１０"",""use"":""近商"",""price"":930000,""tsubo"":3074380,""yoy"":11.5,""dist"":650,""far"":300.0,""kind"":""基準"",""asof"":""2026-07-01""},{""addr"":""東京都中野区野方４丁目５７５番７"",""use"":""1低専"",""price"":551000,""tsubo"":1821488,""yoy"":7.4,""dist"":700,""far"":150.0,""kind"":""公示"",""asof"":""2026-01-01""},{""addr"":""東京都中野区大和町１丁目１４９７番４"",""use"":""近商"",""price"":990000,""tsubo"":3272727,""yoy"":18.1,""dist"":740,""far"":300.0,""kind"":""公示"",""asof"":""2026-01-01""},{""addr"":""東京都中野区野方２丁目１４２３番１１"",""use"":""1低専"",""price"":567000,""tsubo"":1874380,""yoy"":7.6,""dist"":800,""far"":150.0,""kind"":""公示"",""asof"":""2026-01-01""},{""addr"":""東京都練馬区豊玉南三丁目８番３０"",""use"":""1中専"",""price"":556000,""tsubo"":1838016,""yoy"":7.1,""dist"":870,""far"":200.0,""kind"":""基準"",""asof"":""2026-07-01""}]"
金町駅,14,1442975,5.95,8,1395041,6,1737190,"[{""addr"":""東京都葛飾区金町６丁目１６３４番１外"",""use"":""商業"",""price"":1270000,""tsubo"":4198347,""yoy"":13.4,""dist"":0,""far"":500.0,""kind"":""公示"",""asof"":""2026-01-01""},{""addr"":""東京都葛飾区東金町一丁目２１３６番１６４外"",""use"":""商業"",""price"":717000,""tsubo"":2370248,""yoy"":12.0,""dist"":230,""far"":400.0,""kind"":""基準"",""asof"":""2026-07-01""},{""addr"":""東京都葛飾区金町５丁目１９２２番５１"",""use"":""1住居"",""price"":414000,""tsubo"":1368595,""yoy"":6.2,""dist"":300,""far"":200.0,""kind"":""公示"",""asof"":""2026-01-01""},{""addr"":""東京都葛飾区東金町３丁目１２番１１"",""use"":""近商"",""price"":501000,""tsubo"":1656198,""yoy"":8.9,""dist"":400,""far"":300.0,""kind"":""公示"",""asof"":""2026-01-01""},{""addr"":""東京都葛飾区金町２丁目１２４９番３"",""use"":""準工"",""price"":398000,""tsubo"":1315702,""yoy"":5.3,""dist"":540,""far"":200.0,""kind"":""公示"",""asof"":""2026-01-01""},{""addr"":""東京都葛飾区東金町２丁目３６５番５"",""use"":""1中専"",""price"":430000,""tsubo"":1421488,""yoy"":5.4,""dist"":550,""far"":200.0,""kind"":""公示"",""asof"":""2026-01-01""},{""addr"":""東京都葛飾区東金町１丁目３５００番１"",""use"":""準工"",""price"":550000,""tsubo"":1818182,""yoy"":8.3,""dist"":580,""far"":200.0,""kind"":""公示"",""asof"":""2026-01-01""},{""addr"":""東京都葛飾区東金町３丁目１０４番５"",""use"":""1住居"",""price"":443000,""tsubo"":1464463,""yoy"":5.5,""dist"":600,""far"":200.0,""kind"":""公示"",""asof"":""2026-01-01""},{""addr"":""東京都葛飾区東金町三丁目１０４番５"",""use"":""1住居"",""price"":459000,""tsubo"":1517355,""yoy"":6.7,""dist"":600,""far"":200.0,""kind"":""基準"",""asof"":""2026-07-01""},{""addr"":""東京都葛飾区金町三丁目８２５番２"",""use"":""2低専"",""price"":455000,""tsubo"":1504132,""yoy"":6.6,""dist"":720,""far"":200.0,""kind"":""基準"",""asof"":""2026-07-01""}]"
銀座一丁目駅,3,163966936,11.7,0,,3,163966936,"[{""addr"":""東京都中央区銀座２丁目２番１９外"",""use"":""商業"",""price"":49600000,""tsubo"":163966936,""yoy"":11.7,""dist"":0,""far"":800.0,""kind"":""公示"",""asof"":""2026-01-01""},{""addr"":""東京都中央区銀座二丁目２番１９外"",""use"":""商業"",""price"":52500000,""tsubo"":173553712,""yoy"":11.9,""dist"":1,""far"":800.0,""kind"":""基準"",""asof"":""2026-07-01""},{""addr"":""東京都中央区銀座２丁目１０３番６"",""use"":""商業"",""price"":7100000,""tsubo"":23471074,""yoy"":10.1,""dist"":90,""far"":700.0,""kind"":""公示"",""asof"":""2026-01-01""}]"
銀座駅,10,116694210,10.9,0,,10,116694210,"[{""addr"":""東京都中央区銀座４丁目１０３番１外"",""use"":""商業"",""price"":35600000,""tsubo"":117685946,""yoy"":10.9,""dist"":0,""far"":800.0,""kind"":""公示"",""asof"":""2026-01-01""},{""addr"":""東京都中央区銀座４丁目２番４"",""use"":""商業"",""price"":67100000,""tsubo"":221818174,""yoy"":10.9,""dist"":0,""far"":800.0,""kind"":""公示"",""asof"":""2026-01-01""},{""addr"":""東京都中央区銀座５丁目１０３番１６"",""use"":""商業"",""price"":57000000,""tsubo"":188429745,""yoy"":10.3,""dist"":0,""far"":800.0,""kind"":""公示"",""asof"":""2026-01-01""},{""addr"":""東京都中央区銀座６丁目４番１３外"",""use"":""商業"",""price"":35000000,""tsubo"":115702475,""yoy"":13.6,""dist"":150,""far"":700.0,""kind"":""公示"",""asof"":""2026-01-01""},{""addr"":""東京都中央区銀座六丁目４番１３外"",""use"":""商業"",""price"":37000000,""tsubo"":122314045,""yoy"":12.1,""dist"":150,""far"":700.0,""kind"":""基準"",""asof"":""2026-07-01""},{""addr"":""東京都中央区銀座３丁目３番１"",""use"":""商業"",""price"":19700000,""tsubo"":65123965,""yoy"":11.3,""dist"":160,""far"":700.0,""kind"":""公示"",""asof"":""2026-01-01""},{""addr"":""東京都中央区銀座７丁目１番２外"",""use"":""商業"",""price"":47600000,""tsubo"":157355366,""yoy"":10.4,""dist"":260,""far"":800.0,""kind"":""公示"",""asof"":""2026-01-01""},{""addr"":""東京都中央区銀座七丁目１０２番１９外"",""use"":""商業"",""price"":7510000,""tsubo"":24826445,""yoy"":10.0,""dist"":360,""far"":800.0,""kind"":""基準"",""asof"":""2026-07-01""},{""addr"":""東京都中央区銀座７丁目５番２"",""use"":""商業"",""price"":9390000,""tsubo"":31041321,""yoy"":10.3,""dist"":400,""far"":700.0,""kind"":""公示"",""asof"":""2026-01-01""},{""addr"":""東京都中央区銀座七丁目５番２"",""use"":""商業"",""price"":10100000,""tsubo"":33388429,""yoy"":14.1,""dist"":400,""far"":700.0,""kind"":""基準"",""asof"":""2026-07-01""}]"
錦糸町駅,4,5719008,16.8,0,,4,5719008,"[{""addr"":""東京都墨田区江東橋３丁目７番７外"",""use"":""商業"",""price"":3230000,""tsubo"":10677686,""yoy"":19.6,""dist"":150,""far"":700.0,""kind"":""公示"",""asof"":""2026-01-01""},{""addr"":""東京都墨田区錦糸３丁目２１番３"",""use"":""商業"",""price"":1410000,""tsubo"":4661157,""yoy"":16.5,""dist"":260,""far"":500.0,""kind"":""公示"",""asof"":""2026-01-01""},{""addr"":""東京都墨田区江東橋一丁目５番７"",""use"":""商業"",""price"":2050000,""tsubo"":6776859,""yoy"":17.1,""dist"":400,""far"":700.0,""kind"":""基準"",""asof"":""2026-07-01""},{""addr"":""東京都墨田区亀沢４丁目２１番２０"",""use"":""準工"",""price"":746000,""tsubo"":2466116,""yoy"":14.8,""dist"":800,""far"":300.0,""kind"":""公示"",""asof"":""2026-01-01""}]"
鐘ヶ淵駅,2,1583471,12.95,0,,2,1583471,"[{""addr"":""東京都墨田区墨田２丁目１１７８番１外"",""use"":""近商"",""price"":501000,""tsubo"":1656198,""yoy"":11.6,""dist"":160,""far"":300.0,""kind"":""公示"",""asof"":""2026-01-01""},{""addr"":""東京都墨田区墨田４丁目２５２番３"",""use"":""準工"",""price"":457000,""tsubo"":1510744,""yoy"":14.3,""dist"":350,""far"":200.0,""kind"":""公示"",""asof"":""2026-01-01""}]"
長原駅,4,2548760,7.55,3,2181818,1,3173554,"[{""addr"":""東京都大田区上池台一丁目１００６番７外"",""use"":""近商"",""price"":960000,""tsubo"":3173554,""yoy"":10.9,""dist"":1,""far"":300.0,""kind"":""基準"",""asof"":""2026-07-01""},{""addr"":""東京都大田区上池台１丁目１０１３番１２"",""use"":""1低専"",""price"":600000,""tsubo"":1983471,""yoy"":6.2,""dist"":300,""far"":100.0,""kind"":""公示"",""asof"":""2026-01-01""},{""addr"":""東京都大田区上池台１丁目９番４"",""use"":""準住居"",""price"":882000,""tsubo"":2915702,""yoy"":8.9,""dist"":300,""far"":300.0,""kind"":""公示"",""asof"":""2026-01-01""},{""addr"":""東京都大田区上池台四丁目１７５番４"",""use"":""1低専"",""price"":660000,""tsubo"":2181818,""yoy"":5.9,""dist"":600,""far"":100.0,""kind"":""基準"",""asof"":""2026-07-01""}]"
長沼駅,4,557024,5.0,4,557024,0,,"[{""addr"":""東京都八王子市長沼町７６５番５"",""use"":""1低専"",""price"":170000,""tsubo"":561983,""yoy"":4.3,""dist"":300,""far"":80.0,""kind"":""公示"",""asof"":""2026-01-01""},{""addr"":""東京都八王子市長沼町２６８番１１"",""use"":""2中専"",""price"":180000,""tsubo"":595041,""yoy"":5.9,""dist"":500,""far"":200.0,""kind"":""公示"",""asof"":""2026-01-01""},{""addr"":""東京都日野市西平山２丁目１１番３５"",""use"":""1低専"",""price"":167000,""tsubo"":552066,""yoy"":5.7,""dist"":550,""far"":80.0,""kind"":""公示"",""asof"":""2026-01-01""},{""addr"":""東京都八王子市長沼町１０４番９８"",""use"":""1低専"",""price"":107000,""tsubo"":353719,""yoy"":3.9,""dist"":1400,""far"":80.0,""kind"":""公示"",""asof"":""2026-01-01""}]"
門前仲町駅,6,3743801,16.55,1,2760330,5,4396694,"[{""addr"":""東京都江東区門前仲町二丁目１番２外"",""use"":""商業"",""price"":3320000,""tsubo"":10975206,""yoy"":17.3,""dist"":1,""far"":600.0,""kind"":""基準"",""asof"":""2026-07-01""},{""addr"":""東京都江東区富岡１丁目３１番４７"",""use"":""1住居"",""price"":835000,""tsubo"":2760330,""yoy"":13.0,""dist"":280,""far"":300.0,""kind"":""公示"",""asof"":""2026-01-01""},{""addr"":""東京都江東区富岡一丁目１２番３８"",""use"":""商業"",""price"":2200000,""tsubo"":7272727,""yoy"":16.4,""dist"":280,""far"":600.0,""kind"":""基準"",""asof"":""2026-07-01""},{""addr"":""東京都江東区永代二丁目５８番５"",""use"":""準工"",""price"":850000,""tsubo"":2809917,""yoy"":10.8,""dist"":320,""far"":300.0,""kind"":""基準"",""asof"":""2026-07-01""},{""addr"":""東京都江東区牡丹３丁目２番５"",""use"":""近商"",""price"":935000,""tsubo"":3090909,""yoy"":16.9,""dist"":350,""far"":300.0,""kind"":""公示"",""asof"":""2026-01-01""},{""addr"":""東京都江東区永代１丁目１番１５"",""use"":""商業"",""price"":1330000,""tsubo"":4396694,""yoy"":16.7,""dist"":470,""far"":600.0,""kind"":""公示"",""asof"":""2026-01-01""}]"
阿佐ケ谷駅,7,4165289,17.8,3,2426446,4,7289256,"[{""addr"":""東京都杉並区阿佐谷南３丁目７７４番３"",""use"":""商業"",""price"":3140000,""tsubo"":10380165,""yoy"":19.4,""dist"":0,""far"":600.0,""kind"":""公示"",""asof"":""2026-01-01""},{""addr"":""東京都杉並区阿佐谷南三丁目７７４番３"",""use"":""商業"",""price"":3310000,""tsubo"":10942148,""yoy"":17.8,""dist"":0,""far"":600.0,""kind"":""基準"",""asof"":""2026-07-01""},{""addr"":""東京都杉並区阿佐谷北１丁目８０８番１７"",""use"":""商業"",""price"":1260000,""tsubo"":4165289,""yoy"":17.8,""dist"":140,""far"":500.0,""kind"":""公示"",""asof"":""2026-01-01""},{""addr"":""東京都杉並区阿佐谷北１丁目４５４番１３"",""use"":""1低専"",""price"":729000,""tsubo"":2409917,""yoy"":9.1,""dist"":400,""far"":150.0,""kind"":""公示"",""asof"":""2026-01-01""},{""addr"":""東京都杉並区阿佐谷南３丁目５８５番７"",""use"":""1中専"",""price"":734000,""tsubo"":2426446,""yoy"":8.9,""dist"":460,""far"":200.0,""kind"":""公示"",""asof"":""2026-01-01""},{""addr"":""東京都杉並区阿佐谷北２丁目４９３番１４"",""use"":""1中専"",""price"":802000,""tsubo"":2651240,""yoy"":9.0,""dist"":460,""far"":200.0,""kind"":""公示"",""asof"":""2026-01-01""},{""addr"":""東京都杉並区阿佐谷北４丁目２４０番３"",""use"":""近商"",""price"":1270000,""tsubo"":4198347,""yoy"":18.7,""dist"":650,""far"":400.0,""kind"":""公示"",""asof"":""2026-01-01""}]"
雑司が谷駅,4,3143801,13.2,3,2915702,1,4892562,"[{""addr"":""東京都豊島区雑司が谷３丁目５４３番３"",""use"":""1中専"",""price"":882000,""tsubo"":2915702,""yoy"":13.1,""dist"":210,""far"":300.0,""kind"":""公示"",""asof"":""2026-01-01""},{""addr"":""東京都豊島区高田１丁目３２７番５１外"",""use"":""近商"",""price"":1480000,""tsubo"":4892562,""yoy"":18.4,""dist"":210,""far"":400.0,""kind"":""公示"",""asof"":""2026-01-01""},{""addr"":""東京都豊島区高田一丁目３４３番５"",""use"":""1中専"",""price"":1020000,""tsubo"":3371901,""yoy"":13.3,""dist"":220,""far"":300.0,""kind"":""基準"",""asof"":""2026-07-01""},{""addr"":""東京都豊島区高田１丁目１６番１２"",""use"":""1住居"",""price"":764000,""tsubo"":2525620,""yoy"":12.2,""dist"":1000,""far"":300.0,""kind"":""公示"",""asof"":""2026-01-01""}]"
雑色駅,8,1674380,8.2,1,1798347,7,1669421,"[{""addr"":""東京都大田区仲六郷２丁目１０番５９"",""use"":""近商"",""price"":836000,""tsubo"":2763636,""yoy"":8.4,""dist"":80,""far"":300.0,""kind"":""公示"",""asof"":""2026-01-01""},{""addr"":""東京都大田区仲六郷２丁目１６番５４"",""use"":""近商"",""price"":678000,""tsubo"":2241322,""yoy"":8.3,""dist"":130,""far"":300.0,""kind"":""公示"",""asof"":""2026-01-01""},{""addr"":""東京都大田区仲六郷３丁目１２番１３外"",""use"":""準工"",""price"":508000,""tsubo"":1679339,""yoy"":8.1,""dist"":400,""far"":200.0,""kind"":""公示"",""asof"":""2026-01-01""},{""addr"":""東京都大田区仲六郷一丁目１９番８"",""use"":""1住居"",""price"":544000,""tsubo"":1798347,""yoy"":8.6,""dist"":550,""far"":200.0,""kind"":""基準"",""asof"":""2026-07-01""},{""addr"":""東京都大田区南六郷２丁目１０番３４"",""use"":""準工"",""price"":505000,""tsubo"":1669421,""yoy"":7.9,""dist"":700,""far"":200.0,""kind"":""公示"",""asof"":""2026-01-01""},{""addr"":""東京都大田区東六郷１丁目１０番５１"",""use"":""準工"",""price"":505000,""tsubo"":1669421,""yoy"":8.1,""dist"":770,""far"":200.0,""kind"":""公示"",""asof"":""2026-01-01""},{""addr"":""東京都大田区西六郷二丁目１６番１３"",""use"":""準工"",""price"":505000,""tsubo"":1669421,""yoy"":8.6,""dist"":800,""far"":200.0,""kind"":""基準"",""asof"":""2026-07-01""},{""addr"":""東京都大田区南六郷３丁目１６番２９"",""use"":""工業"",""price"":484000,""tsubo"":1600000,""yoy"":8.0,""dist"":920,""far"":200.0,""kind"":""公示"",""asof"":""2026-01-01""}]"
雪が谷大塚駅,6,2733884,8.05,3,2188430,3,3213223,"[{""addr"":""東京都大田区南雪谷２丁目７１８番２"",""use"":""近商"",""price"":972000,""tsubo"":3213223,""yoy"":9.3,""dist"":0,""far"":300.0,""kind"":""公示"",""asof"":""2026-01-01""},{""addr"":""東京都大田区南雪谷２丁目２５８番２"",""use"":""近商"",""price"":996000,""tsubo"":3292562,""yoy"":10.4,""dist"":190,""far"":300.0,""kind"":""公示"",""asof"":""2026-01-01""},{""addr"":""東京都大田区南雪谷二丁目６０１番１４"",""use"":""近商"",""price"":940000,""tsubo"":3107438,""yoy"":10.6,""dist"":330,""far"":300.0,""kind"":""基準"",""asof"":""2026-07-01""},{""addr"":""東京都大田区雪谷大塚町６２２番５"",""use"":""1住居"",""price"":655000,""tsubo"":2165289,""yoy"":6.2,""dist"":430,""far"":200.0,""kind"":""公示"",""asof"":""2026-01-01""},{""addr"":""東京都大田区南雪谷３丁目６４２番１０"",""use"":""1低専"",""price"":662000,""tsubo"":2188430,""yoy"":6.8,""dist"":540,""far"":100.0,""kind"":""公示"",""asof"":""2026-01-01""},{""addr"":""東京都世田谷区東玉川１丁目６７番１０"",""use"":""1低専"",""price"":714000,""tsubo"":2360330,""yoy"":5.9,""dist"":600,""far"":100.0,""kind"":""公示"",""asof"":""2026-01-01""}]"
青井駅,3,1398347,5.5,2,1457851,1,1322314,"[{""addr"":""東京都足立区青井三丁目３０番７"",""use"":""1中専"",""price"":459000,""tsubo"":1517355,""yoy"":3.4,""dist"":310,""far"":200.0,""kind"":""基準"",""asof"":""2026-07-01""},{""addr"":""東京都足立区青井２丁目１９０５番１１"",""use"":""1中専"",""price"":423000,""tsubo"":1398347,""yoy"":5.5,""dist"":690,""far"":200.0,""kind"":""公示"",""asof"":""2026-01-01""},{""addr"":""東京都足立区綾瀬６丁目４５５番１外"",""use"":""工業"",""price"":400000,""tsubo"":1322314,""yoy"":9.3,""dist"":740,""far"":200.0,""kind"":""公示"",""asof"":""2026-01-01""}]"
青山一丁目駅,3,10545454,16.0,2,10297520,1,49256196,"[{""addr"":""東京都港区南青山２丁目７７番１外"",""use"":""商業"",""price"":14900000,""tsubo"":49256196,""yoy"":3.5,""dist"":0,""far"":700.0,""kind"":""公示"",""asof"":""2026-01-01""},{""addr"":""東京都港区南青山２丁目２６番３外"",""use"":""2住居"",""price"":3190000,""tsubo"":10545454,""yoy"":16.0,""dist"":230,""far"":400.0,""kind"":""公示"",""asof"":""2026-01-01""},{""addr"":""東京都港区赤坂８丁目１３０番外"",""use"":""1中専"",""price"":3040000,""tsubo"":10049586,""yoy"":16.9,""dist"":320,""far"":300.0,""kind"":""公示"",""asof"":""2026-01-01""}]"
青梅街道駅,2,894215,3.25,2,894215,0,,"[{""addr"":""東京都小平市仲町６５２番４"",""use"":""2中専"",""price"":276000,""tsubo"":912397,""yoy"":3.4,""dist"":400,""far"":200.0,""kind"":""基準"",""asof"":""2026-07-01""},{""addr"":""東京都小平市小川町２丁目１３６５番１０"",""use"":""1低専"",""price"":265000,""tsubo"":876033,""yoy"":3.1,""dist"":440,""far"":80.0,""kind"":""公示"",""asof"":""2026-01-01""}]"
青梅駅,5,403306,0.9,2,355702,3,439669,"[{""addr"":""東京都青梅市仲町２９５番外"",""use"":""商業"",""price"":146000,""tsubo"":482645,""yoy"":1.4,""dist"":280,""far"":500.0,""kind"":""基準"",""asof"":""2026-07-01""},{""addr"":""東京都青梅市西分町２丁目４９番１外"",""use"":""近商"",""price"":133000,""tsubo"":439669,""yoy"":1.5,""dist"":550,""far"":300.0,""kind"":""公示"",""asof"":""2026-01-01""},{""addr"":""東京都青梅市西分町三丁目８４番１５"",""use"":""1住居"",""price"":122000,""tsubo"":403306,""yoy"":0.8,""dist"":620,""far"":150.0,""kind"":""基準"",""asof"":""2026-07-01""},{""addr"":""東京都青梅市裏宿町６７６番３"",""use"":""準工"",""price"":95700,""tsubo"":316364,""yoy"":0.8,""dist"":950,""far"":150.0,""kind"":""公示"",""asof"":""2026-01-01""},{""addr"":""東京都青梅市大柳町１４１４番３"",""use"":""1住居"",""price"":93200,""tsubo"":308099,""yoy"":0.9,""dist"":1100,""far"":150.0,""kind"":""公示"",""asof"":""2026-01-01""}]"
青物横丁駅,2,4661156,14.95,0,,2,4661156,"[{""addr"":""東京都品川区南品川三丁目４３４番１外"",""use"":""近商"",""price"":1440000,""tsubo"":4760330,""yoy"":9.9,""dist"":130,""far"":300.0,""kind"":""基準"",""asof"":""2026-07-01""},{""addr"":""東京都品川区東品川４丁目１３番"",""use"":""準工"",""price"":1380000,""tsubo"":4561983,""yoy"":20.0,""dist"":350,""far"":300.0,""kind"":""公示"",""asof"":""2026-01-01""}]"
青砥駅,8,1555372,6.55,4,1588429,4,1462810,"[{""addr"":""東京都葛飾区青戸三丁目３６番１"",""use"":""商業"",""price"":775000,""tsubo"":2561983,""yoy"":13.1,""dist"":180,""far"":500.0,""kind"":""基準"",""asof"":""2026-07-01""},{""addr"":""東京都葛飾区青戸１丁目６１番１"",""use"":""1住居"",""price"":492000,""tsubo"":1626446,""yoy"":5.8,""dist"":350,""far"":200.0,""kind"":""公示"",""asof"":""2026-01-01""},{""addr"":""東京都葛飾区青戸一丁目６１番１"",""use"":""1住居"",""price"":503000,""tsubo"":1662810,""yoy"":7.0,""dist"":350,""far"":200.0,""kind"":""基準"",""asof"":""2026-07-01""},{""addr"":""東京都葛飾区青戸５丁目１４９番４"",""use"":""1住居"",""price"":469000,""tsubo"":1550413,""yoy"":6.1,""dist"":360,""far"":200.0,""kind"":""公示"",""asof"":""2026-01-01""},{""addr"":""東京都葛飾区立石六丁目１８７番１"",""use"":""1住居"",""price"":430000,""tsubo"":1421488,""yoy"":7.5,""dist"":600,""far"":200.0,""kind"":""基準"",""asof"":""2026-07-01""},{""addr"":""東京都葛飾区高砂１丁目１４番４１"",""use"":""準工"",""price"":336000,""tsubo"":1110744,""yoy"":4.3,""dist"":850,""far"":200.0,""kind"":""公示"",""asof"":""2026-01-01""},{""addr"":""東京都葛飾区青戸４丁目１１２５番８"",""use"":""準工"",""price"":413000,""tsubo"":1365289,""yoy"":5.9,""dist"":890,""far"":200.0,""kind"":""公示"",""asof"":""2026-01-01""},{""addr"":""東京都葛飾区青戸７丁目２４７７番３外"",""use"":""準工"",""price"":472000,""tsubo"":1560331,""yoy"":9.8,""dist"":1100,""far"":400.0,""kind"":""公示"",""asof"":""2026-01-01""}]"
飛田給駅,5,1391735,5.7,4,1191735,1,1900826,"[{""addr"":""東京都調布市飛田給一丁目２５番２３"",""use"":""近商"",""price"":575000,""tsubo"":1900826,""yoy"":6.5,""dist"":130,""far"":200.0,""kind"":""基準"",""asof"":""2026-07-01""},{""addr"":""東京都調布市飛田給２丁目１５番１３外"",""use"":""1低専"",""price"":427000,""tsubo"":1411570,""yoy"":5.7,""dist"":180,""far"":80.0,""kind"":""公示"",""asof"":""2026-01-01""},{""addr"":""東京都府中市白糸台６丁目３番８"",""use"":""1中専"",""price"":421000,""tsubo"":1391735,""yoy"":6.0,""dist"":510,""far"":200.0,""kind"":""公示"",""asof"":""2026-01-01""},{""addr"":""東京都府中市押立町２丁目２３番４０外"",""use"":""1低専"",""price"":300000,""tsubo"":991736,""yoy"":3.4,""dist"":1000,""far"":80.0,""kind"":""公示"",""asof"":""2026-01-01""},{""addr"":""東京都府中市押立町五丁目１２番２８"",""use"":""1低専"",""price"":291000,""tsubo"":961983,""yoy"":4.7,""dist"":1500,""far"":100.0,""kind"":""基準"",""asof"":""2026-07-01""}]"
飯田橋駅,9,8925620,13.3,2,6958677,7,10809917,"[{""addr"":""東京都千代田区飯田橋４丁目１１番８"",""use"":""商業"",""price"":5330000,""tsubo"":17619834,""yoy"":10.1,""dist"":90,""far"":700.0,""kind"":""公示"",""asof"":""2026-01-01""},{""addr"":""東京都千代田区飯田橋二丁目１８番１１外"",""use"":""商業"",""price"":2700000,""tsubo"":8925620,""yoy"":0.0,""dist"":150,""far"":700.0,""kind"":""基準"",""asof"":""2026-07-01""},{""addr"":""東京都千代田区富士見二丁目２番４外"",""use"":""商業"",""price"":3970000,""tsubo"":13123966,""yoy"":14.4,""dist"":160,""far"":500.0,""kind"":""基準"",""asof"":""2026-07-01""},{""addr"":""東京都新宿区神楽坂２丁目１２番１８"",""use"":""商業"",""price"":4310000,""tsubo"":14247933,""yoy"":11.7,""dist"":200,""far"":500.0,""kind"":""公示"",""asof"":""2026-01-01""},{""addr"":""東京都新宿区揚場町３番４外"",""use"":""商業"",""price"":3270000,""tsubo"":10809917,""yoy"":16.8,""dist"":200,""far"":500.0,""kind"":""基準"",""asof"":""2026-07-01""},{""addr"":""東京都千代田区富士見１丁目８番６"",""use"":""1住居"",""price"":2180000,""tsubo"":7206611,""yoy"":10.7,""dist"":360,""far"":400.0,""kind"":""公示"",""asof"":""2026-01-01""},{""addr"":""東京都新宿区神楽坂３丁目１番１６"",""use"":""商業"",""price"":2230000,""tsubo"":7371901,""yoy"":16.8,""dist"":370,""far"":500.0,""kind"":""公示"",""asof"":""2026-01-01""},{""addr"":""東京都新宿区東五軒町１５番１外"",""use"":""準工"",""price"":1700000,""tsubo"":5619834,""yoy"":13.3,""dist"":630,""far"":300.0,""kind"":""基準"",""asof"":""2026-07-01""},{""addr"":""東京都新宿区市谷船河原町１９番８外"",""use"":""1住居"",""price"":2030000,""tsubo"":6710744,""yoy"":16.0,""dist"":680,""far"":300.0,""kind"":""基準"",""asof"":""2026-07-01""}]"
馬喰横山駅,2,7570247,8.35,0,,2,7570247,"[{""addr"":""東京都中央区東日本橋３丁目１０番５外"",""use"":""商業"",""price"":3320000,""tsubo"":10975206,""yoy"":0.0,""dist"":70,""far"":600.0,""kind"":""公示"",""asof"":""2026-01-01""},{""addr"":""東京都千代田区東神田一丁目８番４３"",""use"":""商業"",""price"":1260000,""tsubo"":4165289,""yoy"":16.7,""dist"":190,""far"":600.0,""kind"":""基準"",""asof"":""2026-07-01""}]"
馬喰町駅,1,13553718,12.3,0,,1,13553718,"[{""addr"":""東京都中央区日本橋馬喰町一丁目１番１４外"",""use"":""商業"",""price"":4100000,""tsubo"":13553718,""yoy"":12.3,""dist"":1,""far"":700.0,""kind"":""基準"",""asof"":""2026-07-01""}]"
馬込駅,5,2062810,9.2,4,2047934,1,2694215,"[{""addr"":""東京都大田区東馬込１丁目５５番３２"",""use"":""1中専"",""price"":615000,""tsubo"":2033058,""yoy"":9.2,""dist"":230,""far"":200.0,""kind"":""公示"",""asof"":""2026-01-01""},{""addr"":""東京都大田区北馬込二丁目６９番１９"",""use"":""近商"",""price"":815000,""tsubo"":2694215,""yoy"":9.2,""dist"":430,""far"":200.0,""kind"":""基準"",""asof"":""2026-07-01""},{""addr"":""東京都大田区中馬込１丁目２３番１８"",""use"":""1中専"",""price"":624000,""tsubo"":2062810,""yoy"":8.5,""dist"":560,""far"":200.0,""kind"":""公示"",""asof"":""2026-01-01""},{""addr"":""東京都大田区中馬込１丁目２番２外"",""use"":""1中専"",""price"":739000,""tsubo"":2442975,""yoy"":10.3,""dist"":840,""far"":200.0,""kind"":""公示"",""asof"":""2026-01-01""},{""addr"":""東京都大田区南馬込一丁目７７０番３"",""use"":""1低専"",""price"":612000,""tsubo"":2023140,""yoy"":6.4,""dist"":870,""far"":100.0,""kind"":""基準"",""asof"":""2026-07-01""}]"
駒場東大前駅,4,4809917,12.4,2,4809917,2,4710744,"[{""addr"":""東京都目黒区駒場１丁目８３３番５"",""use"":""近商"",""price"":1160000,""tsubo"":3834711,""yoy"":10.5,""dist"":210,""far"":300.0,""kind"":""公示"",""asof"":""2026-01-01""},{""addr"":""東京都目黒区駒場二丁目７３０番７１"",""use"":""1中専"",""price"":1360000,""tsubo"":4495868,""yoy"":14.3,""dist"":300,""far"":200.0,""kind"":""基準"",""asof"":""2026-07-01""},{""addr"":""東京都目黒区駒場４丁目８６１番８５"",""use"":""1低専"",""price"":1550000,""tsubo"":5123967,""yoy"":14.8,""dist"":520,""far"":100.0,""kind"":""公示"",""asof"":""2026-01-01""},{""addr"":""東京都渋谷区上原２丁目１１８６番２２"",""use"":""近商"",""price"":1690000,""tsubo"":5586777,""yoy"":9.7,""dist"":700,""far"":300.0,""kind"":""公示"",""asof"":""2026-01-01""}]"
駒沢大学駅,8,2829752,8.95,5,2826446,3,3570248,"[{""addr"":""東京都世田谷区駒沢２丁目９６３番１８"",""use"":""商業"",""price"":1620000,""tsubo"":5355372,""yoy"":10.2,""dist"":400,""far"":500.0,""kind"":""公示"",""asof"":""2026-01-01""},{""addr"":""東京都世田谷区上馬４丁目３４番１０"",""use"":""1低専"",""price"":855000,""tsubo"":2826446,""yoy"":8.6,""dist"":430,""far"":100.0,""kind"":""公示"",""asof"":""2026-01-01""},{""addr"":""東京都世田谷区野沢四丁目２５５番２７"",""use"":""近商"",""price"":1080000,""tsubo"":3570248,""yoy"":8.8,""dist"":550,""far"":300.0,""kind"":""基準"",""asof"":""2026-07-01""},{""addr"":""東京都世田谷区野沢４丁目２４５番１０"",""use"":""1低専"",""price"":801000,""tsubo"":2647934,""yoy"":9.1,""dist"":600,""far"":150.0,""kind"":""公示"",""asof"":""2026-01-01""},{""addr"":""東京都目黒区東が丘二丁目１６番４５"",""use"":""1低専"",""price"":1170000,""tsubo"":3867768,""yoy"":13.6,""dist"":600,""far"":150.0,""kind"":""基準"",""asof"":""2026-07-01""},{""addr"":""東京都世田谷区駒沢二丁目１０３３番１１"",""use"":""1低専"",""price"":857000,""tsubo"":2833058,""yoy"":7.3,""dist"":600,""far"":100.0,""kind"":""基準"",""asof"":""2026-07-01""},{""addr"":""東京都世田谷区上馬１丁目５９５番２"",""use"":""1低専"",""price"":814000,""tsubo"":2690909,""yoy"":9.6,""dist"":750,""far"":150.0,""kind"":""公示"",""asof"":""2026-01-01""},{""addr"":""東京都世田谷区深沢６丁目４１番２２"",""use"":""近商"",""price"":833000,""tsubo"":2753719,""yoy"":8.0,""dist"":1400,""far"":300.0,""kind"":""公示"",""asof"":""2026-01-01""}]"
駒込駅,12,3900826,15.3,5,4231405,7,3570248,"[{""addr"":""東京都豊島区駒込１丁目１４番１外"",""use"":""1住居"",""price"":1410000,""tsubo"":4661157,""yoy"":17.5,""dist"":260,""far"":400.0,""kind"":""公示"",""asof"":""2026-01-01""},{""addr"":""東京都文京区本駒込６丁目３７２番２２"",""use"":""商業"",""price"":2460000,""tsubo"":8132231,""yoy"":19.4,""dist"":330,""far"":600.0,""kind"":""公示"",""asof"":""2026-01-01""},{""addr"":""東京都北区西ケ原１丁目５５番１０"",""use"":""近商"",""price"":1030000,""tsubo"":3404959,""yoy"":13.3,""dist"":410,""far"":300.0,""kind"":""公示"",""asof"":""2026-01-01""},{""addr"":""東京都北区中里二丁目２０番８"",""use"":""1住居"",""price"":1030000,""tsubo"":3404959,""yoy"":14.4,""dist"":410,""far"":300.0,""kind"":""基準"",""asof"":""2026-07-01""},{""addr"":""東京都北区田端４丁目１０６番４"",""use"":""近商"",""price"":1050000,""tsubo"":3471074,""yoy"":19.0,""dist"":430,""far"":400.0,""kind"":""公示"",""asof"":""2026-01-01""},{""addr"":""東京都文京区本駒込五丁目５６番９"",""use"":""近商"",""price"":1080000,""tsubo"":3570248,""yoy"":13.2,""dist"":470,""far"":300.0,""kind"":""基準"",""asof"":""2026-07-01""},{""addr"":""東京都豊島区駒込４丁目１５番４１"",""use"":""1中専"",""price"":1280000,""tsubo"":4231405,""yoy"":17.4,""dist"":500,""far"":300.0,""kind"":""公示"",""asof"":""2026-01-01""},{""addr"":""東京都北区西ケ原１丁目１０６番１４外"",""use"":""商業"",""price"":1570000,""tsubo"":5190082,""yoy"":18.9,""dist"":500,""far"":500.0,""kind"":""公示"",""asof"":""2026-01-01""},{""addr"":""東京都文京区本駒込五丁目４番７"",""use"":""商業"",""price"":2290000,""tsubo"":7570248,""yoy"":16.2,""dist"":550,""far"":600.0,""kind"":""基準"",""asof"":""2026-07-01""},{""addr"":""東京都文京区本駒込５丁目２２番１２"",""use"":""1住居"",""price"":1380000,""tsubo"":4561983,""yoy"":14.0,""dist"":650,""far"":300.0,""kind"":""公示"",""asof"":""2026-01-01""}]"
高井戸駅,5,2280992,7.3,4,2165289,1,3570248,"[{""addr"":""東京都杉並区高井戸西１丁目７０１番６外"",""use"":""近商"",""price"":1080000,""tsubo"":3570248,""yoy"":17.0,""dist"":130,""far"":300.0,""kind"":""公示"",""asof"":""2026-01-01""},{""addr"":""東京都杉並区高井戸東２丁目６６９番２５外"",""use"":""1低専"",""price"":748000,""tsubo"":2472727,""yoy"":7.8,""dist"":390,""far"":80.0,""kind"":""公示"",""asof"":""2026-01-01""},{""addr"":""東京都杉並区高井戸西１丁目８１１番２５"",""use"":""1低専"",""price"":690000,""tsubo"":2280992,""yoy"":0.0,""dist"":450,""far"":80.0,""kind"":""公示"",""asof"":""2026-01-01""},{""addr"":""東京都杉並区高井戸西３丁目２１２２番１７"",""use"":""1低専"",""price"":615000,""tsubo"":2033058,""yoy"":7.3,""dist"":860,""far"":100.0,""kind"":""公示"",""asof"":""2026-01-01""},{""addr"":""東京都杉並区荻窪１丁目４１９番２８"",""use"":""1低専"",""price"":620000,""tsubo"":2049587,""yoy"":7.3,""dist"":1200,""far"":100.0,""kind"":""公示"",""asof"":""2026-01-01""}]"
高円寺駅,12,2689256,9.7,8,2520661,4,6380165,"[{""addr"":""東京都杉並区高円寺北二丁目６番６外"",""use"":""商業"",""price"":4100000,""tsubo"":13553718,""yoy"":17.1,""dist"":0,""far"":600.0,""kind"":""基準"",""asof"":""2026-07-01""},{""addr"":""東京都杉並区高円寺南４丁目２３番３外"",""use"":""商業"",""price"":2010000,""tsubo"":6644628,""yoy"":19.6,""dist"":190,""far"":500.0,""kind"":""公示"",""asof"":""2026-01-01""},{""addr"":""東京都杉並区高円寺南三丁目９７６番１７外"",""use"":""商業"",""price"":1850000,""tsubo"":6115702,""yoy"":16.4,""dist"":230,""far"":500.0,""kind"":""基準"",""asof"":""2026-07-01""},{""addr"":""東京都杉並区高円寺南四丁目８０７番３５"",""use"":""2中専"",""price"":905000,""tsubo"":2991735,""yoy"":8.6,""dist"":320,""far"":200.0,""kind"":""基準"",""asof"":""2026-07-01""},{""addr"":""東京都杉並区高円寺北３丁目１０１２番２０"",""use"":""1低専"",""price"":702000,""tsubo"":2320661,""yoy"":9.3,""dist"":440,""far"":150.0,""kind"":""公示"",""asof"":""2026-01-01""},{""addr"":""東京都杉並区高円寺北２丁目７３０番２７"",""use"":""1中専"",""price"":827000,""tsubo"":2733884,""yoy"":9.0,""dist"":450,""far"":200.0,""kind"":""公示"",""asof"":""2026-01-01""},{""addr"":""東京都杉並区高円寺南３丁目４３３番８外"",""use"":""1中専"",""price"":731000,""tsubo"":2416529,""yoy"":8.5,""dist"":520,""far"":200.0,""kind"":""公示"",""asof"":""2026-01-01""},{""addr"":""東京都杉並区高円寺北二丁目７０５番１１"",""use"":""近商"",""price"":1240000,""tsubo"":4099173,""yoy"":18.1,""dist"":550,""far"":300.0,""kind"":""基準"",""asof"":""2026-07-01""},{""addr"":""東京都中野区大和町一丁目６７番１５"",""use"":""1中専"",""price"":710000,""tsubo"":2347107,""yoy"":8.7,""dist"":750,""far"":200.0,""kind"":""基準"",""asof"":""2026-07-01""},{""addr"":""東京都杉並区高円寺北一丁目６８８番１０"",""use"":""1低専"",""price"":800000,""tsubo"":2644628,""yoy"":11.9,""dist"":820,""far"":150.0,""kind"":""基準"",""asof"":""2026-07-01""}]"
高尾駅,14,533884,4.65,12,522314,2,829752,"[{""addr"":""東京都八王子市高尾町１５８３番５"",""use"":""近商"",""price"":316000,""tsubo"":1044628,""yoy"":6.0,""dist"":1,""far"":300.0,""kind"":""基準"",""asof"":""2026-07-01""},{""addr"":""東京都八王子市廿里町２４番５"",""use"":""1低専"",""price"":180000,""tsubo"":595041,""yoy"":4.7,""dist"":340,""far"":80.0,""kind"":""基準"",""asof"":""2026-07-01""},{""addr"":""東京都八王子市初沢町１２９３番１"",""use"":""1住居"",""price"":250000,""tsubo"":826446,""yoy"":4.2,""dist"":350,""far"":200.0,""kind"":""基準"",""asof"":""2026-07-01""},{""addr"":""東京都八王子市高尾町１７３３番３"",""use"":""1住居"",""price"":160000,""tsubo"":528926,""yoy"":6.7,""dist"":700,""far"":200.0,""kind"":""公示"",""asof"":""2026-01-01""},{""addr"":""東京都八王子市東浅川町３４０番９"",""use"":""1住居"",""price"":156000,""tsubo"":515702,""yoy"":6.1,""dist"":750,""far"":200.0,""kind"":""公示"",""asof"":""2026-01-01""},{""addr"":""東京都八王子市狭間町１７５２番５"",""use"":""1中専"",""price"":177000,""tsubo"":585124,""yoy"":4.7,""dist"":800,""far"":200.0,""kind"":""基準"",""asof"":""2026-07-01""},{""addr"":""東京都八王子市狭間町１７３７番５"",""use"":""2中専"",""price"":163000,""tsubo"":538843,""yoy"":5.2,""dist"":950,""far"":200.0,""kind"":""公示"",""asof"":""2026-01-01""},{""addr"":""東京都八王子市初沢町１４２９番６４"",""use"":""1低専"",""price"":75000,""tsubo"":247934,""yoy"":1.1,""dist"":1100,""far"":80.0,""kind"":""公示"",""asof"":""2026-01-01""},{""addr"":""東京都八王子市西浅川町５６番７"",""use"":""1低専"",""price"":113000,""tsubo"":373554,""yoy"":4.6,""dist"":1100,""far"":80.0,""kind"":""公示"",""asof"":""2026-01-01""},{""addr"":""東京都八王子市狭間町１８０４番３２"",""use"":""1低専"",""price"":103000,""tsubo"":340496,""yoy"":2.0,""dist"":1400,""far"":80.0,""kind"":""公示"",""asof"":""2026-01-01""}]"
高島平駅,4,1428099,8.5,1,1699173,3,1157025,"[{""addr"":""東京都板橋区高島平８丁目１５番１"",""use"":""商業"",""price"":666000,""tsubo"":2201653,""yoy"":7.6,""dist"":110,""far"":500.0,""kind"":""公示"",""asof"":""2026-01-01""},{""addr"":""東京都板橋区高島平２丁目７番３"",""use"":""準住居"",""price"":514000,""tsubo"":1699173,""yoy"":10.3,""dist"":790,""far"":300.0,""kind"":""公示"",""asof"":""2026-01-01""},{""addr"":""東京都板橋区新河岸２丁目５５番２外"",""use"":""工業"",""price"":336000,""tsubo"":1110744,""yoy"":9.4,""dist"":1100,""far"":200.0,""kind"":""公示"",""asof"":""2026-01-01""},{""addr"":""東京都板橋区新河岸一丁目１１４４番８"",""use"":""準工"",""price"":350000,""tsubo"":1157025,""yoy"":6.4,""dist"":1200,""far"":200.0,""kind"":""基準"",""asof"":""2026-07-01""}]"
高幡不動駅,8,823140,4.3,6,808264,2,2089256,"[{""addr"":""東京都日野市高幡３番３"",""use"":""商業"",""price"":564000,""tsubo"":1864463,""yoy"":5.0,""dist"":100,""far"":400.0,""kind"":""公示"",""asof"":""2026-01-01""},{""addr"":""東京都日野市高幡１００１番８外"",""use"":""商業"",""price"":700000,""tsubo"":2314050,""yoy"":5.1,""dist"":120,""far"":500.0,""kind"":""公示"",""asof"":""2026-01-01""},{""addr"":""東京都日野市高幡１０１５番１７"",""use"":""1低専"",""price"":305000,""tsubo"":1008264,""yoy"":3.4,""dist"":700,""far"":100.0,""kind"":""基準"",""asof"":""2026-07-01""},{""addr"":""東京都日野市三沢四丁目１４番６"",""use"":""1低専"",""price"":242000,""tsubo"":800000,""yoy"":3.0,""dist"":750,""far"":80.0,""kind"":""基準"",""asof"":""2026-07-01""},{""addr"":""東京都日野市南平一丁目３０番４"",""use"":""1低専"",""price"":175000,""tsubo"":578512,""yoy"":6.1,""dist"":750,""far"":80.0,""kind"":""基準"",""asof"":""2026-07-01""},{""addr"":""東京都日野市新井３丁目７番２４"",""use"":""1低専"",""price"":251000,""tsubo"":829752,""yoy"":3.7,""dist"":770,""far"":80.0,""kind"":""公示"",""asof"":""2026-01-01""},{""addr"":""東京都日野市万願寺６丁目３８番１４外"",""use"":""1低専"",""price"":237000,""tsubo"":783471,""yoy"":4.4,""dist"":1200,""far"":100.0,""kind"":""公示"",""asof"":""2026-01-01""},{""addr"":""東京都日野市万願寺６丁目２９番３外"",""use"":""2中専"",""price"":247000,""tsubo"":816529,""yoy"":4.2,""dist"":1200,""far"":200.0,""kind"":""公示"",""asof"":""2026-01-01""}]"
高田馬場駅,12,5404958,15.45,4,3348760,8,8975206,"[{""addr"":""東京都新宿区高田馬場３丁目１６１番８"",""use"":""商業"",""price"":1820000,""tsubo"":6016529,""yoy"":13.0,""dist"":80,""far"":400.0,""kind"":""公示"",""asof"":""2026-01-01""},{""addr"":""東京都新宿区高田馬場四丁目１５３番８外"",""use"":""商業"",""price"":5130000,""tsubo"":16958677,""yoy"":14.0,""dist"":80,""far"":700.0,""kind"":""基準"",""asof"":""2026-07-01""},{""addr"":""東京都新宿区高田馬場１丁目３０２番１５"",""use"":""商業"",""price"":5130000,""tsubo"":16958677,""yoy"":11.8,""dist"":100,""far"":700.0,""kind"":""公示"",""asof"":""2026-01-01""},{""addr"":""東京都豊島区高田３丁目１０番３８"",""use"":""商業"",""price"":1450000,""tsubo"":4793388,""yoy"":16.0,""dist"":230,""far"":400.0,""kind"":""公示"",""asof"":""2026-01-01""},{""addr"":""東京都新宿区高田馬場１丁目１８２番３２外"",""use"":""1中専"",""price"":1070000,""tsubo"":3537190,""yoy"":15.1,""dist"":390,""far"":300.0,""kind"":""公示"",""asof"":""2026-01-01""},{""addr"":""東京都新宿区高田馬場一丁目１８２番３２外"",""use"":""1中専"",""price"":1130000,""tsubo"":3735537,""yoy"":15.8,""dist"":390,""far"":300.0,""kind"":""基準"",""asof"":""2026-07-01""},{""addr"":""東京都新宿区高田馬場２丁目１４０番１３外"",""use"":""商業"",""price"":3300000,""tsubo"":10909090,""yoy"":17.0,""dist"":450,""far"":600.0,""kind"":""公示"",""asof"":""2026-01-01""},{""addr"":""東京都新宿区高田馬場二丁目１４０番１３外"",""use"":""商業"",""price"":3460000,""tsubo"":11438016,""yoy"":16.9,""dist"":450,""far"":600.0,""kind"":""基準"",""asof"":""2026-07-01""},{""addr"":""東京都新宿区高田馬場３丁目３６０番１２"",""use"":""商業"",""price"":2130000,""tsubo"":7041322,""yoy"":17.0,""dist"":500,""far"":500.0,""kind"":""公示"",""asof"":""2026-01-01""},{""addr"":""東京都豊島区高田三丁目７７０番１"",""use"":""準工"",""price"":1400000,""tsubo"":4628099,""yoy"":16.7,""dist"":540,""far"":300.0,""kind"":""基準"",""asof"":""2026-07-01""}]"
高輪ゲートウェイ駅,1,11504132,16.8,1,11504132,0,,"[{""addr"":""東京都港区高輪３丁目３５６番９"",""use"":""1中専"",""price"":3480000,""tsubo"":11504132,""yoy"":16.8,""dist"":600,""far"":300.0,""kind"":""公示"",""asof"":""2026-01-01""}]"
高輪台駅,5,5884297,14.2,4,5851239,1,11768595,"[{""addr"":""東京都港区白金台２丁目２１番５外"",""use"":""商業"",""price"":3560000,""tsubo"":11768595,""yoy"":18.3,""dist"":0,""far"":500.0,""kind"":""公示"",""asof"":""2026-01-01""},{""addr"":""東京都港区高輪三丁目２番８１"",""use"":""1住居"",""price"":2100000,""tsubo"":6942148,""yoy"":14.8,""dist"":240,""far"":300.0,""kind"":""基準"",""asof"":""2026-07-01""},{""addr"":""東京都港区白金台２丁目１８４番５"",""use"":""1中専"",""price"":1780000,""tsubo"":5884297,""yoy"":14.1,""dist"":320,""far"":200.0,""kind"":""公示"",""asof"":""2026-01-01""},{""addr"":""東京都品川区東五反田４丁目８番７８"",""use"":""1中専"",""price"":1370000,""tsubo"":4528925,""yoy"":14.2,""dist"":450,""far"":200.0,""kind"":""公示"",""asof"":""2026-01-01""},{""addr"":""東京都品川区東五反田三丁目１９１番４３９"",""use"":""1低専"",""price"":1760000,""tsubo"":5818182,""yoy"":11.4,""dist"":500,""far"":150.0,""kind"":""基準"",""asof"":""2026-07-01""}]"
鮫洲駅,1,4727273,17.2,0,,1,4727273,"[{""addr"":""東京都品川区東大井１丁目１２７２番１５"",""use"":""商業"",""price"":1430000,""tsubo"":4727273,""yoy"":17.2,""dist"":220,""far"":500.0,""kind"":""公示"",""asof"":""2026-01-01""}]"
鳩ノ巣駅,1,77025,0.0,1,77025,0,,"[{""addr"":""東京都西多摩郡奥多摩町棚澤字中夏地４４９番３外"",""use"":""_"",""price"":23300,""tsubo"":77025,""yoy"":0.0,""dist"":400,""far"":0.0,""kind"":""基準"",""asof"":""2026-07-01""}]"
鵜の木駅,1,1851240,6.7,1,1851240,0,,"[{""addr"":""東京都大田区田園調布南５番２９"",""use"":""1住居"",""price"":560000,""tsubo"":1851240,""yoy"":6.7,""dist"":750,""far"":200.0,""kind"":""公示"",""asof"":""2026-01-01""}]"
鶯谷駅,4,4049586,15.05,3,3900826,1,4561983,"[{""addr"":""東京都台東区根岸三丁目１１６番３"",""use"":""商業"",""price"":1380000,""tsubo"":4561983,""yoy"":16.9,""dist"":290,""far"":600.0,""kind"":""基準"",""asof"":""2026-07-01""},{""addr"":""東京都台東区上野桜木１丁目１６番６"",""use"":""1中専"",""price"":1180000,""tsubo"":3900826,""yoy"":13.5,""dist"":640,""far"":300.0,""kind"":""公示"",""asof"":""2026-01-01""},{""addr"":""東京都台東区上野桜木一丁目１６番６"",""use"":""1中専"",""price"":1270000,""tsubo"":4198347,""yoy"":15.5,""dist"":640,""far"":300.0,""kind"":""基準"",""asof"":""2026-07-01""},{""addr"":""東京都台東区根岸４丁目６４番３"",""use"":""1住居"",""price"":825000,""tsubo"":2727273,""yoy"":14.6,""dist"":760,""far"":300.0,""kind"":""公示"",""asof"":""2026-01-01""}]"
鶴川駅,9,595041,4.5,8,590082,1,1795041,"[{""addr"":""東京都町田市能ヶ谷１丁目１９７番"",""use"":""商業"",""price"":543000,""tsubo"":1795041,""yoy"":12.0,""dist"":0,""far"":500.0,""kind"":""公示"",""asof"":""2026-01-01""},{""addr"":""東京都町田市能ヶ谷２丁目１００４番５"",""use"":""1低専"",""price"":163000,""tsubo"":538843,""yoy"":4.5,""dist"":550,""far"":80.0,""kind"":""公示"",""asof"":""2026-01-01""},{""addr"":""東京都町田市大蔵町字大蔵１４７番１６外"",""use"":""1低専"",""price"":195000,""tsubo"":644628,""yoy"":6.0,""dist"":750,""far"":80.0,""kind"":""基準"",""asof"":""2026-07-01""},{""addr"":""東京都町田市鶴川１丁目１７番５７"",""use"":""1低専"",""price"":189000,""tsubo"":624793,""yoy"":5.6,""dist"":800,""far"":100.0,""kind"":""公示"",""asof"":""2026-01-01""},{""addr"":""東京都町田市大蔵町字大蔵２６５番１２"",""use"":""準住居"",""price"":180000,""tsubo"":595041,""yoy"":4.0,""dist"":1200,""far"":200.0,""kind"":""公示"",""asof"":""2026-01-01""},{""addr"":""東京都町田市大蔵町字大蔵２５９番７"",""use"":""1低専"",""price"":177000,""tsubo"":585124,""yoy"":5.4,""dist"":1200,""far"":80.0,""kind"":""基準"",""asof"":""2026-07-01""},{""addr"":""東京都町田市大蔵町字大蔵２６５番１２"",""use"":""準住居"",""price"":186000,""tsubo"":614876,""yoy"":4.5,""dist"":1200,""far"":200.0,""kind"":""基準"",""asof"":""2026-07-01""},{""addr"":""東京都町田市鶴川２丁目１６番１６"",""use"":""1低専"",""price"":169000,""tsubo"":558678,""yoy"":3.0,""dist"":1300,""far"":100.0,""kind"":""公示"",""asof"":""2026-01-01""},{""addr"":""東京都町田市鶴川二丁目１６番１６"",""use"":""1低専"",""price"":172000,""tsubo"":568595,""yoy"":3.0,""dist"":1300,""far"":100.0,""kind"":""基準"",""asof"":""2026-07-01""}]"
鷹の台駅,7,892562,3.4,6,877686,1,1044628,"[{""addr"":""東京都小平市たかの台１４３９番６"",""use"":""近商"",""price"":316000,""tsubo"":1044628,""yoy"":3.6,""dist"":0,""far"":200.0,""kind"":""公示"",""asof"":""2026-01-01""},{""addr"":""東京都小平市上水本町一丁目１３００番１５"",""use"":""1低専"",""price"":270000,""tsubo"":892562,""yoy"":3.4,""dist"":400,""far"":80.0,""kind"":""基準"",""asof"":""2026-07-01""},{""addr"":""東京都小平市津田町１丁目１４６０番８"",""use"":""1低専"",""price"":270000,""tsubo"":892562,""yoy"":3.4,""dist"":440,""far"":80.0,""kind"":""公示"",""asof"":""2026-01-01""},{""addr"":""東京都小平市津田町一丁目１４６０番８"",""use"":""1低専"",""price"":273000,""tsubo"":902479,""yoy"":3.4,""dist"":440,""far"":80.0,""kind"":""基準"",""asof"":""2026-07-01""},{""addr"":""東京都小平市上水本町２丁目１２８２番６５外"",""use"":""1低専"",""price"":261000,""tsubo"":862810,""yoy"":3.2,""dist"":940,""far"":80.0,""kind"":""公示"",""asof"":""2026-01-01""},{""addr"":""東京都小平市上水新町２丁目１３５０番４１"",""use"":""1低専"",""price"":211000,""tsubo"":697521,""yoy"":3.4,""dist"":1100,""far"":80.0,""kind"":""公示"",""asof"":""2026-01-01""},{""addr"":""東京都小平市小川町１丁目８８０番３"",""use"":""1低専"",""price"":201000,""tsubo"":664463,""yoy"":3.1,""dist"":1300,""far"":80.0,""kind"":""公示"",""asof"":""2026-01-01""}]"
鷺ノ宮駅,6,1968595,7.45,5,1947107,1,3702479,"[{""addr"":""東京都中野区鷺宮三丁目１１８６番４外"",""use"":""近商"",""price"":1120000,""tsubo"":3702479,""yoy"":12.0,""dist"":70,""far"":300.0,""kind"":""基準"",""asof"":""2026-07-01""},{""addr"":""東京都中野区鷺宮３丁目１５３番４"",""use"":""1低専"",""price"":602000,""tsubo"":1990083,""yoy"":7.5,""dist"":320,""far"":150.0,""kind"":""公示"",""asof"":""2026-01-01""},{""addr"":""東京都中野区鷺宮三丁目１５３番４"",""use"":""1低専"",""price"":630000,""tsubo"":2082645,""yoy"":8.6,""dist"":320,""far"":150.0,""kind"":""基準"",""asof"":""2026-07-01""},{""addr"":""東京都中野区鷺宮４丁目４７８番８"",""use"":""1低専"",""price"":562000,""tsubo"":1857851,""yoy"":7.3,""dist"":600,""far"":150.0,""kind"":""公示"",""asof"":""2026-01-01""},{""addr"":""東京都中野区白鷺３丁目９１２番２９"",""use"":""1低専"",""price"":566000,""tsubo"":1871074,""yoy"":7.4,""dist"":750,""far"":150.0,""kind"":""公示"",""asof"":""2026-01-01""},{""addr"":""東京都杉並区阿佐谷北６丁目１５４番９"",""use"":""1低専"",""price"":589000,""tsubo"":1947107,""yoy"":6.1,""dist"":850,""far"":100.0,""kind"":""公示"",""asof"":""2026-01-01""}]"
麹町駅,5,18644627,8.7,2,10115702,3,26016528,"[{""addr"":""東京都千代田区二番町３番４"",""use"":""商業"",""price"":5640000,""tsubo"":18644627,""yoy"":8.7,""dist"":80,""far"":600.0,""kind"":""公示"",""asof"":""2026-01-01""},{""addr"":""東京都千代田区二番町１２番１０"",""use"":""2住居"",""price"":3370000,""tsubo"":11140495,""yoy"":12.0,""dist"":190,""far"":400.0,""kind"":""基準"",""asof"":""2026-07-01""},{""addr"":""東京都千代田区麹町４丁目４番２"",""use"":""商業"",""price"":7870000,""tsubo"":26016528,""yoy"":8.6,""dist"":200,""far"":800.0,""kind"":""公示"",""asof"":""2026-01-01""},{""addr"":""東京都千代田区麹町四丁目４番２"",""use"":""商業"",""price"":8180000,""tsubo"":27041321,""yoy"":8.2,""dist"":200,""far"":800.0,""kind"":""基準"",""asof"":""2026-07-01""},{""addr"":""東京都千代田区麹町５丁目７番１外"",""use"":""2住居"",""price"":2750000,""tsubo"":9090909,""yoy"":16.0,""dist"":400,""far"":400.0,""kind"":""公示"",""asof"":""2026-01-01""}]"
麻布十番駅,8,12413222,17.05,4,9537190,4,15933884,"[{""addr"":""東京都港区麻布十番２丁目２０番２外"",""use"":""商業"",""price"":5220000,""tsubo"":17256198,""yoy"":18.9,""dist"":80,""far"":600.0,""kind"":""公示"",""asof"":""2026-01-01""},{""addr"":""東京都港区麻布十番二丁目５番２外"",""use"":""商業"",""price"":4880000,""tsubo"":16132231,""yoy"":15.1,""dist"":90,""far"":500.0,""kind"":""基準"",""asof"":""2026-07-01""},{""addr"":""東京都港区麻布十番３丁目７番２外"",""use"":""商業"",""price"":3990000,""tsubo"":13190082,""yoy"":17.4,""dist"":220,""far"":500.0,""kind"":""公示"",""asof"":""2026-01-01""},{""addr"":""東京都港区東麻布三丁目３番２外"",""use"":""1住居"",""price"":2480000,""tsubo"":8198347,""yoy"":15.9,""dist"":280,""far"":300.0,""kind"":""基準"",""asof"":""2026-07-01""},{""addr"":""東京都港区南麻布１丁目３５番１外"",""use"":""準工"",""price"":4760000,""tsubo"":15735537,""yoy"":17.0,""dist"":350,""far"":400.0,""kind"":""公示"",""asof"":""2026-01-01""},{""addr"":""東京都港区六本木５丁目３６７番１"",""use"":""2中専"",""price"":3290000,""tsubo"":10876033,""yoy"":17.1,""dist"":400,""far"":300.0,""kind"":""公示"",""asof"":""2026-01-01""},{""addr"":""東京都港区六本木五丁目３６７番１"",""use"":""2中専"",""price"":3520000,""tsubo"":11636363,""yoy"":17.3,""dist"":400,""far"":300.0,""kind"":""基準"",""asof"":""2026-07-01""},{""addr"":""東京都港区三田２丁目３０９番１６"",""use"":""1中専"",""price"":2380000,""tsubo"":7867768,""yoy"":15.0,""dist"":700,""far"":300.0,""kind"":""公示"",""asof"":""2026-01-01""}]"
