種類,価格情報区分,地域,市区町村コード,都道府県名,市区町村名,地区名,最寄駅：名称,最寄駅：距離（分）,取引価格（総額）,坪単価,面積（㎡）,取引価格（㎡単価）,土地の形状,間口,延床面積（㎡）,建築年,建物の構造,用途,今後の利用目的,前面道路：方位,前面道路：種類,前面道路：幅員（ｍ）,都市計画,建ぺい率（％）,容積率（％）,取引時期,取引の事情等
宅地(土地と建物),成約価格情報,,13101,東京都,千代田区,富士見,飯田橋,5,650000000,,110,,,,175,2005年,鉄骨造,,,南西,公道,4,２種住居,80,160,2026年第1四半期,
宅地(土地と建物),不動産取引価格情報,商業地,13101,東京都,千代田区,飯田橋,飯田橋,1,640000000,,75,,長方形,7.5,460,1985年,ＳＲＣ,共同住宅、事務所、倉庫,事務所,南西,都道,26.8,商業,80,800,2026年第1四半期,
宅地(土地と建物),不動産取引価格情報,商業地,13101,東京都,千代田区,神田三崎町,水道橋,3,400000000,,115,,長方形,8.5,560,1976年,鉄骨造,住宅、事務所、店舗,その他,南西,区道,11,商業,80,500,2026年第1四半期,隣地の購入
宅地(土地と建物),不動産取引価格情報,商業地,13101,東京都,千代田区,平河町,半蔵門,4,1700000000,,185,,不整形,9.7,1200,1984年,ＳＲＣ,事務所、店舗,,東,区道,16,商業,80,600,2026年第1四半期,
宅地(土地と建物),成約価格情報,,13102,東京都,中央区,月島,月島,5,62000000,,40,,,,80,1992年,木造,,,南西,私道,2.7,２種住居,80,400,2026年第1四半期,
宅地(土地と建物),成約価格情報,,13102,東京都,中央区,佃,月島,5,71000000,,35,,,,60,2021年,木造,,,南西,私道,2.7,２種住居,80,160,2026年第1四半期,
宅地(土地と建物),成約価格情報,,13102,東京都,中央区,佃,月島,5,120000000,,100,,,,35,戦前,木造,,,西,私道,2.5,２種住居,80,108,2026年第1四半期,
宅地(土地と建物),不動産取引価格情報,住宅地,13102,東京都,中央区,勝どき,勝どき,6,320000000,,115,,ほぼ長方形,7.8,95,1953年,木造,住宅,住宅,北東,区道,11,２種住居,80,400,2026年第1四半期,
宅地(土地と建物),不動産取引価格情報,商業地,13102,東京都,中央区,銀座,銀座,1,2700000000,,85,,長方形,,690,1965年,ＳＲＣ,住宅、倉庫、店舗,店舗,南東,区道,14.6,商業,80,800,2026年第1四半期,
宅地(土地と建物),不動産取引価格情報,商業地,13102,東京都,中央区,新川,茅場町,2,1000000000,,135,,ほぼ長方形,8,1000,1971年,ＳＲＣ,事務所、駐車場、店舗,店舗,北東,都道,33,商業,80,700,2026年第1四半期,
宅地(土地と建物),不動産取引価格情報,住宅地,13102,東京都,中央区,月島,月島,4,270000000,,50,,長方形,5,170,2020年,ＲＣ,共同住宅,住宅,北東,区道,10.9,２種住居,80,400,2026年第1四半期,
宅地(土地と建物),不動産取引価格情報,住宅地,13102,東京都,中央区,佃,月島,2,240000000,,50,,ほぼ長方形,5.7,140,2026年,木造,住宅,住宅,北東,区道,10.9,２種住居,80,400,2026年第1四半期,
宅地(土地と建物),不動産取引価格情報,商業地,13102,東京都,中央区,日本橋馬喰町,馬喰町,2,620000000,,125,,ほぼ長方形,10,480,2020年,ＲＣ,共同住宅、店舗,住宅,南東,区道,6,商業,80,700,2026年第1四半期,
宅地(土地と建物),不動産取引価格情報,商業地,13102,東京都,中央区,日本橋馬喰町,馬喰町,2,180000000,,50,,長方形,5,230,1975年,ＲＣ,共同住宅、事務所,住宅,北西,区道,11,商業,80,600,2026年第1四半期,
宅地(土地),不動産取引価格情報,商業地,13102,東京都,中央区,日本橋横山町,馬喰横山,1,450000000,18000000,80,5500000,長方形,3.7,,,,,店舗,北西,区道,11.7,商業,80,600,2026年第1四半期,隣地の購入、関係者間取引
宅地(土地と建物),不動産取引価格情報,商業地,13102,東京都,中央区,東日本橋,東日本橋,1,280000000,,75,,ほぼ長方形,8,360,1970年,鉄骨造,住宅、事務所、倉庫、店舗,その他,南東,区道,8,商業,80,600,2026年第1四半期,
宅地(土地と建物),成約価格情報,,13103,東京都,港区,白金,白金高輪,10,210000000,,65,,,,110,2002年,木造,,,北,私道,4,準工業,60,240,2026年第1四半期,
宅地(土地と建物),成約価格情報,,13103,東京都,港区,高輪,品川,10,110000000,,50,,,,75,2000年,木造,,,西,私道,4,１中住専,60,160,2026年第1四半期,
宅地(土地と建物),成約価格情報,,13103,東京都,港区,南麻布,広尾,10,490000000,,105,,,,175,2010年,ＲＣ,,,北,公道,4.4,１中住専,60,178,2026年第1四半期,
宅地(土地と建物),成約価格情報,,13103,東京都,港区,白金台,白金台,5,100000000,,40,,,,60,1987年,木造,,,南東,公道,4,１種住居,60,160,2026年第1四半期,
宅地(土地と建物),成約価格情報,,13103,東京都,港区,三田,麻布十番,10,340000000,,100,,,,145,1999年,木造,,,北東,私道,3.4,１中住専,60,160,2026年第1四半期,
宅地(土地と建物),不動産取引価格情報,商業地,13103,東京都,港区,麻布十番,麻布十番,1,550000000,,120,,ほぼ長方形,17.4,490,1984年,ＲＣ,共同住宅、店舗,その他,東,区道,8.2,商業,80,500,2026年第1四半期,
宅地(土地と建物),不動産取引価格情報,住宅地,13103,東京都,港区,白金,白金台,5,3600000000,,960,,ほぼ整形,32,890,2000年,ＲＣ,住宅、駐車場,住宅,北西,区道,9,１中住専,60,300,2026年第1四半期,
宅地(土地),不動産取引価格情報,住宅地,13103,東京都,港区,白金台,白金台,11,500000000,13000000,130,3800000,長方形,9.2,,,,,住宅,西,区道,22.1,準工業,60,400,2026年第1四半期,
宅地(土地),不動産取引価格情報,住宅地,13103,東京都,港区,白金台,高輪台,5,620000000,11000000,180,3500000,長方形,9,,,,,,西,区道,4,１中住専,60,200,2026年第1四半期,
宅地(土地と建物),不動産取引価格情報,商業地,13103,東京都,港区,新橋,新橋,2,1000000000,,55,,ほぼ長方形,5.3,140,1985年,鉄骨造,店舗,その他,北東,区道,17.8,商業,80,700,2026年第1四半期,
宅地(土地),不動産取引価格情報,住宅地,13103,東京都,港区,西麻布,乃木坂,7,330000000,13000000,85,3900000,ほぼ長方形,6,,,,,その他,北西,区道,5.4,２中住専,60,300,2026年第1四半期,
宅地(土地と建物),不動産取引価格情報,住宅地,13103,東京都,港区,西麻布,六本木,7,2100000000,,300,,不整形,14,230,1998年,ＲＣ,住宅,住宅,東,区道,5.5,２中住専,60,200,2026年第1四半期,
宅地(土地と建物),不動産取引価格情報,住宅地,13103,東京都,港区,東麻布,麻布十番,3,530000000,,280,,長方形,11,930,2016年,ＲＣ,共同住宅、事務所、店舗,事務所,南,区道,9.9,１種住居,60,300,2026年第1四半期,関係者間取引
宅地(土地),不動産取引価格情報,住宅地,13103,東京都,港区,三田,白金高輪,5,2600000000,12000000,700,3700000,不整形,,,,,,住宅,北東,区道,8.3,準工業,60,300,2026年第1四半期,
宅地(土地),不動産取引価格情報,商業地,13103,東京都,港区,南麻布,麻布十番,3,360000000,14000000,85,4100000,ほぼ台形,20,,,,,その他,北,区道,10,商業,80,400,2026年第1四半期,
宅地(土地と建物),不動産取引価格情報,住宅地,13103,東京都,港区,南麻布,白金高輪,7,600000000,,85,,長方形,8.4,270,2004年,,,事務所,南西,区道,4,準工業,60,400,2026年第1四半期,
宅地(土地と建物),不動産取引価格情報,住宅地,13103,東京都,港区,南麻布,広尾,10,530000000,,100,,長方形,8.2,175,2010年,ＲＣ,住宅,その他,北,区道,4.4,１中住専,60,200,2026年第1四半期,
宅地(土地),不動産取引価格情報,住宅地,13103,東京都,港区,元麻布,麻布十番,6,120000000,12000000,35,3700000,ほぼ長方形,10,,,,,その他,北,区道,9.3,近隣商業,80,400,2026年第1四半期,
宅地(土地と建物),不動産取引価格情報,住宅地,13103,東京都,港区,元麻布,広尾,9,1200000000,,190,,ほぼ長方形,11,380,1985年,ＲＣ,共同住宅,その他,南東,区道,3.5,近隣商業,80,400,2026年第1四半期,
宅地(土地と建物),成約価格情報,,13104,東京都,新宿区,北新宿,中野坂上,15,80000000,,45,,,,70,2025年,木造,,,北東,私道,4,１中住専,60,160,2026年第1四半期,
宅地(土地と建物),成約価格情報,,13104,東京都,新宿区,北新宿,中野坂上,10,73000000,,50,,,,75,2002年,木造,,,北,私道,4,１中住専,60,160,2026年第1四半期,
宅地(土地と建物),成約価格情報,,13104,東京都,新宿区,北新宿,東中野,5,100000000,,75,,,,90,2006年,木造,,,西,公道,4,１種住居,60,400,2026年第1四半期,
宅地(土地と建物),成約価格情報,,13104,東京都,新宿区,西早稲田,早稲田(メトロ),10,75000000,,45,,,,75,2014年,木造,,,,,,１種住居,60,300,2026年第1四半期,
宅地(土地と建物),成約価格情報,,13104,東京都,新宿区,中落合,下落合(東京),10,100000000,,110,,,,150,2000年,,,,,,,１低住専,60,150,2026年第1四半期,
宅地(土地と建物),成約価格情報,,13104,東京都,新宿区,中落合,落合南長崎,10,86000000,,85,,,,85,1999年,木造,,,北東,公道,4.2,１低住専,50,100,2026年第1四半期,
宅地(土地と建物),成約価格情報,,13104,東京都,新宿区,中落合,落合南長崎,10,75000000,,50,,,,85,2017年,木造,,,北東,公道,4,１中住専,60,160,2026年第1四半期,
宅地(土地と建物),成約価格情報,,13104,東京都,新宿区,中落合,落合南長崎,10,210000000,,205,,,,120,1979年,ＲＣ,,,西,公道,3.6,１中住専,60,300,2026年第1四半期,
宅地(土地と建物),成約価格情報,,13104,東京都,新宿区,西落合,落合南長崎,10,130000000,,100,,,,100,2018年,木造,,,北西,私道,4.5,１低住専,50,100,2026年第1四半期,
宅地(土地と建物),成約価格情報,,13104,東京都,新宿区,山吹町,江戸川橋,10,110000000,,85,,,,95,2019年,木造,,,北,公道,6.2,準工業,64,372,2026年第1四半期,
宅地(土地と建物),成約価格情報,,13104,東京都,新宿区,若葉,四ツ谷,10,270000000,,105,,,,170,2001年,ＲＣ,,,東,公道,4,１中住専,60,160,2026年第1四半期,
宅地(土地と建物),成約価格情報,,13104,東京都,新宿区,大久保,新大久保,10,93000000,,65,,,,75,2021年,木造,,,,,,１中住専,70,160,2026年第1四半期,
宅地(土地と建物),成約価格情報,,13104,東京都,新宿区,上落合,下落合(東京),5,90000000,,50,,,,80,2021年,木造,,,東,公道,4,１種住居,60,160,2026年第1四半期,
宅地(土地と建物),成約価格情報,,13104,東京都,新宿区,上落合,中井,5,79000000,,60,,,,95,1997年,木造,,,北,公道,3.9,１種住居,60,300,2026年第1四半期,
宅地(土地と建物),成約価格情報,,13104,東京都,新宿区,余丁町,若松河田,5,140000000,,55,,,,100,2022年,木造,,,南西,私道,4,１中住専,60,300,2026年第1四半期,
宅地(土地),不動産取引価格情報,商業地,13104,東京都,新宿区,歌舞伎町,新宿,5,360000000,13000000,90,3900000,ほぼ正方形,5.4,,,,,店舗,西,区道,9.1,商業,80,900,2026年第1四半期,
宅地(土地と建物),不動産取引価格情報,住宅地,13104,東京都,新宿区,北新宿,西新宿,8,60000000,,35,,ほぼ長方形,4.5,55,2002年,木造,住宅、店舗,その他,西,区道,1.8,１種住居,60,300,2026年第1四半期,
宅地(土地と建物),不動産取引価格情報,商業地,13104,東京都,新宿区,新宿,新宿御苑前,2,1600000000,,490,,不整形,18.6,180,2001年,鉄骨造,工場、店舗,住宅,南,区道,6,商業,80,600,2026年第1四半期,
宅地(土地と建物),不動産取引価格情報,商業地,13104,東京都,新宿区,新宿,新宿御苑前,2,520000000,,105,,不整形,8,200,1985年,鉄骨造,共同住宅、店舗,住宅,東,区道,8,商業,80,600,2026年第1四半期,
宅地(土地と建物),不動産取引価格情報,商業地,13104,東京都,新宿区,新宿,新宿御苑前,2,650000000,,65,,長方形,5,100,1967年,木造,住宅、店舗,住宅,東,区道,8,商業,80,600,2026年第1四半期,隣地の購入
宅地(土地と建物),不動産取引価格情報,商業地,13104,東京都,新宿区,住吉町,曙橋,,410000000,,95,,長方形,6.3,540,1991年,鉄骨造,事務所、店舗,事務所,北,都道,25,商業,80,600,2026年第1四半期,
宅地(土地と建物),不動産取引価格情報,住宅地,13104,東京都,新宿区,大京町,四谷三丁目,6,690000000,,125,,ほぼ長方形,12,240,2023年,ＲＣ,その他,店舗,東,区道,4.8,１種住居,60,300,2026年第1四半期,
宅地(土地と建物),不動産取引価格情報,住宅地,13104,東京都,新宿区,中落合,落合南長崎,6,110000000,,85,,長方形,6.9,80,2020年,木造,共同住宅,住宅,南東,区道,4,１低住専,50,100,2026年第1四半期,私道を含む取引
宅地(土地と建物),不動産取引価格情報,住宅地,13104,東京都,新宿区,中落合,落合南長崎,6,97000000,,80,,ほぼ長方形,6.5,75,2019年,木造,共同住宅,住宅,北,区道,4,１低住専,50,100,2026年第1四半期,私道を含む取引
宅地(土地と建物),不動産取引価格情報,住宅地,13104,東京都,新宿区,中落合,下落合(東京),2,1400000000,,440,,長方形,41,1300,2015年,ＲＣ,共同住宅,その他,北,道道,25,近隣商業,80,400,2026年第1四半期,
宅地(土地と建物),不動産取引価格情報,商業地,13104,東京都,新宿区,西新宿,新宿,5,2000000000,,165,,ほぼ正方形,14,1500,1992年,ＳＲＣ,事務所、店舗、その他,店舗,北,区道,10,商業,80,1000,2026年第1四半期,
宅地(土地と建物),不動産取引価格情報,商業地,13104,東京都,新宿区,馬場下町,早稲田(メトロ),2,270000000,,50,,ほぼ台形,6,,2021年,ＲＣ,共同住宅,その他,北,都道,20,近隣商業,80,400,2026年第1四半期,
宅地(土地と建物),不動産取引価格情報,商業地,13104,東京都,新宿区,弁天町,早稲田(メトロ),6,450000000,,75,,長方形,10.9,280,2025年,ＲＣ,共同住宅,その他,南,区道,9.1,近隣商業,80,400,2026年第1四半期,
宅地(土地),不動産取引価格情報,住宅地,13104,東京都,新宿区,余丁町,若松河田,6,120000000,5600000,70,1700000,ほぼ長方形,7.6,,,,,住宅,南東,区道,3.1,１中住専,60,300,2026年第1四半期,
宅地(土地と建物),成約価格情報,,13105,東京都,文京区,小石川,茗荷谷,15,150000000,,55,,,,95,2026年,木造,,,南東,公道,3.2,１種住居,60,300,2026年第1四半期,
宅地(土地と建物),成約価格情報,,13105,東京都,文京区,千石,新大塚,10,95000000,,45,,,,75,2023年,木造,,,南西,公道,5.3,１中住専,60,200,2026年第1四半期,
宅地(土地と建物),成約価格情報,,13105,東京都,文京区,千石,巣鴨,10,100000000,,60,,,,135,1994年,ＲＣ,,,,公道,,近隣商業,80,300,2026年第1四半期,
宅地(土地と建物),成約価格情報,,13105,東京都,文京区,千駄木,本駒込,10,47000000,,115,,,,95,1965年,木造,,,,,,１中住専,60,300,2026年第1四半期,
宅地(土地と建物),成約価格情報,,13105,東京都,文京区,千駄木,千駄木,10,200000000,,135,,,,240,1993年,木造,,,北西,公道,5.2,１中住専,60,200,2026年第1四半期,
宅地(土地と建物),成約価格情報,,13105,東京都,文京区,本駒込,駒込,15,150000000,,75,,,,105,2005年,木造,,,南西,公道,7.8,１中住専,60,300,2026年第1四半期,
宅地(土地と建物),成約価格情報,,13105,東京都,文京区,本駒込,駒込,10,96000000,,40,,,,80,2026年,木造,,,,,,１種住居,60,300,2026年第1四半期,
宅地(土地と建物),成約価格情報,,13105,東京都,文京区,白山,白山(東京),10,150000000,,75,,,,110,2004年,木造,,,北西,公道,4,１種住居,60,300,2026年第1四半期,
宅地(土地と建物),成約価格情報,,13105,東京都,文京区,白山,白山(東京),5,110000000,,65,,,,75,2017年,木造,,,西,私道,4,１種住居,60,160,2026年第1四半期,
宅地(土地と建物),成約価格情報,,13105,東京都,文京区,春日,茗荷谷,15,120000000,,70,,,,85,2019年,軽量鉄骨造,,,南東,公道,2.9,１中住専,60,200,2026年第1四半期,
宅地(土地と建物),成約価格情報,,13105,東京都,文京区,水道,江戸川橋,15,35000000,,55,,,,55,1961年,木造,,,,,,１種住居,60,300,2026年第1四半期,
宅地(土地と建物),成約価格情報,,13105,東京都,文京区,水道,江戸川橋,10,170000000,,110,,,,190,1989年,鉄骨造,,,南,私道,3.6,準工業,60,300,2026年第1四半期,
宅地(土地と建物),成約価格情報,,13105,東京都,文京区,本郷,本郷三丁目,10,220000000,,80,,,,125,2015年,木造,,,南,公道,4,１種住居,60,300,2026年第1四半期,
宅地(土地),不動産取引価格情報,商業地,13105,東京都,文京区,大塚,新大塚,1,560000000,12000000,160,3500000,台形,13.5,,,,,その他,東,国道,15.7,商業,80,500,2026年第1四半期,
宅地(土地),不動産取引価格情報,商業地,13105,東京都,文京区,千石,巣鴨,5,39000000,4300000,30,1300000,長方形,10.3,,,,,,北東,国道,40,商業,80,600,2026年第1四半期,
宅地(土地),不動産取引価格情報,住宅地,13105,東京都,文京区,千駄木,千駄木,9,58000000,3200000,60,970000,ほぼ長方形,2.6,,,,,住宅,北西,私道,4,１中住専,60,200,2026年第1四半期,私道を含む取引
宅地(土地と建物),不動産取引価格情報,住宅地,13105,東京都,文京区,西片,東大前,3,180000000,,100,,ほぼ正方形,10,105,1973年,木造,住宅,住宅,南西,区道,4.6,１種住居,60,300,2026年第1四半期,
宅地(土地と建物),不動産取引価格情報,住宅地,13105,東京都,文京区,本郷,春日(東京),1,220000000,,100,,ほぼ長方形,12.5,155,1968年,木造,住宅,住宅,北,私道,3.2,１種住居,60,300,2026年第1四半期,
宅地(土地と建物),不動産取引価格情報,住宅地,13105,東京都,文京区,本郷,本郷三丁目,3,120000000,,40,,ほぼ長方形,5.3,80,,,住宅,住宅,南,区道,3.5,近隣商業,80,400,2026年第1四半期,
宅地(土地と建物),不動産取引価格情報,住宅地,13105,東京都,文京区,本駒込,駒込,7,40000000,,45,,ほぼ長方形,6.8,55,1983年,木造,住宅,住宅,北東,私道,3.1,近隣商業,80,300,2026年第1四半期,
宅地(土地と建物),不動産取引価格情報,住宅地,13105,東京都,文京区,本駒込,本駒込,7,45000000,,75,,ほぼ整形,6.9,75,1977年,鉄骨造,住宅,住宅,北西,私道,3,１中住専,60,300,2026年第1四半期,
宅地(土地と建物),不動産取引価格情報,住宅地,13105,東京都,文京区,本駒込,本駒込,13,130000000,,105,,ほぼ長方形,8.5,270,1989年,鉄骨造,共同住宅,住宅,北西,区道,6,１中住専,60,300,2026年第1四半期,
宅地(土地と建物),不動産取引価格情報,住宅地,13105,東京都,文京区,湯島,末広町(東京),4,460000000,,100,,ほぼ長方形,12.5,280,2023年,ＲＣ,共同住宅,住宅,東,区道,4,商業,80,600,2026年第1四半期,
宅地(土地と建物),不動産取引価格情報,商業地,13105,東京都,文京区,湯島,湯島,1,60000000,,45,,ほぼ長方形,3.8,70,1975年,鉄骨造,住宅、店舗,その他,西,区道,8,商業,80,600,2026年第1四半期,
宅地(土地と建物),成約価格情報,,13106,東京都,台東区,根岸,入谷(東京),10,65000000,,55,,,,60,1967年,木造,,,北西,公道,2.7,１種住居,60,160,2026年第1四半期,
宅地(土地と建物),成約価格情報,,13106,東京都,台東区,谷中,千駄木,10,130000000,,55,,,,90,2016年,木造,,,北西,公道,4,１中住専,60,160,2026年第1四半期,
宅地(土地),不動産取引価格情報,商業地,13106,東京都,台東区,浅草,浅草(東武・都営・メトロ),14,230000000,6500000,115,2000000,ほぼ長方形,7.5,,,,,住宅,東,区道,22,商業,80,500,2026年第1四半期,
宅地(土地と建物),不動産取引価格情報,商業地,13106,東京都,台東区,浅草,浅草(東武・都営・メトロ),4,340000000,,40,,ほぼ長方形,4,70,,木造,店舗,店舗,北,区道,5.5,商業,80,600,2026年第1四半期,
宅地(土地と建物),不動産取引価格情報,商業地,13106,東京都,台東区,浅草,浅草(つくばＥＸＰ),11,660000000,,165,,ほぼ長方形,7.2,810,2017年,ＲＣ,共同住宅,住宅,南,区道,15,商業,80,400,2026年第1四半期,
宅地(土地と建物),不動産取引価格情報,住宅地,13106,東京都,台東区,浅草,浅草(つくばＥＸＰ),10,68000000,,35,,ほぼ長方形,3.1,65,2017年,木造,住宅,住宅,南東,区道,6,商業,80,400,2026年第1四半期,
宅地(土地と建物),不動産取引価格情報,商業地,13106,東京都,台東区,浅草橋,浅草橋,3,72000000,,35,,ほぼ長方形,9.7,,,,,その他,東,区道,6,商業,80,500,2026年第1四半期,
宅地(土地),不動産取引価格情報,商業地,13106,東京都,台東区,浅草橋,浅草橋,3,33000000,2800000,40,850000,長方形,5,,,,,住宅,北東,区道,6,商業,80,500,2026年第1四半期,
宅地(土地と建物),不動産取引価格情報,商業地,13106,東京都,台東区,浅草橋,浅草橋,2,94000000,,35,,ほぼ長方形,3.5,85,1987年,鉄骨造,住宅,住宅,南西,区道,15,商業,80,500,2026年第1四半期,
宅地(土地と建物),不動産取引価格情報,住宅地,13106,東京都,台東区,池之端,根津,5,40000000,,45,,ほぼ長方形,5.9,100,1992年,木造,住宅,事務所,南東,私道,1.7,１種住居,60,300,2026年第1四半期,
宅地(土地と建物),不動産取引価格情報,商業地,13106,東京都,台東区,入谷,入谷(東京),5,440000000,,175,,長方形,20.4,165,1978年,鉄骨造,住宅、事務所、駐車場,住宅,東,区道,16,商業,80,600,2026年第1四半期,
宅地(土地),不動産取引価格情報,商業地,13106,東京都,台東区,上野,上野広小路,2,320000000,9200000,115,2800000,不整形,8.8,,,,,店舗,東,区道,6,商業,80,600,2026年第1四半期,
宅地(土地),不動産取引価格情報,商業地,13106,東京都,台東区,上野,上野広小路,3,650000000,19000000,115,5700000,ほぼ正方形,10.5,,,,,事務所,南,区道,11,商業,80,600,2026年第1四半期,
宅地(土地と建物),不動産取引価格情報,住宅地,13106,東京都,台東区,上野桜木,鶯谷,8,170000000,,130,,台形,16,130,,鉄骨造,住宅,住宅,北東,区道,4.2,１中住専,60,300,2026年第1四半期,調停・競売等
宅地(土地),不動産取引価格情報,商業地,13106,東京都,台東区,蔵前,蔵前,1,17000000,1100000,50,330000,長方形,13.2,,,,,その他,接面道路無,,,商業,80,500,2026年第1四半期,隣地の購入
宅地(土地と建物),不動産取引価格情報,商業地,13106,東京都,台東区,小島,新御徒町,4,400000000,,115,,ほぼ長方形,9.2,390,2024年,ＲＣ,共同住宅,その他,東,区道,6,商業,80,500,2026年第1四半期,
宅地(土地と建物),不動産取引価格情報,住宅地,13106,東京都,台東区,下谷,入谷(東京),3,110000000,,130,,不整形,10.5,320,1991年,鉄骨造,住宅、事務所、倉庫、駐車場,事務所,南東,区道,6,商業,80,500,2026年第1四半期,私道を含む取引
宅地(土地と建物),不動産取引価格情報,商業地,13106,東京都,台東区,千束,入谷(東京),7,89000000,,105,,ほぼ長方形,7.7,260,1972年,鉄骨造,共同住宅、倉庫,住宅,西,区道,6,商業,80,700,2026年第1四半期,
宅地(土地と建物),不動産取引価格情報,住宅地,13106,東京都,台東区,根岸,入谷(東京),5,10000000,,30,,不整形,3.5,55,1971年,木造,住宅,住宅,南東,区道,4,１種住居,60,300,2026年第1四半期,
宅地(土地と建物),不動産取引価格情報,商業地,13106,東京都,台東区,東上野,稲荷町(東京),4,45000000,,55,,ほぼ長方形,6.4,80,,木造,住宅、事務所,その他,東,区道,8,商業,80,500,2026年第1四半期,
宅地(土地と建物),不動産取引価格情報,商業地,13106,東京都,台東区,東上野,稲荷町(東京),6,59000000,,30,,ほぼ長方形,3.8,75,1979年,木造,住宅、事務所,住宅,北西,区道,6,商業,80,600,2026年第1四半期,
宅地(土地と建物),不動産取引価格情報,商業地,13106,東京都,台東区,東上野,仲御徒町,3,2400000000,,135,,ほぼ長方形,8.5,790,2025年,ＲＣ,その他,その他,南,区道,11,商業,80,600,2026年第1四半期,
宅地(土地),不動産取引価格情報,商業地,13106,東京都,台東区,柳橋,浅草橋,2,400000000,10000000,130,3100000,長方形,7,,,,,,南西,区道,6,商業,80,500,2026年第1四半期,
宅地(土地),不動産取引価格情報,商業地,13106,東京都,台東区,竜泉,三ノ輪,8,210000000,4600000,150,1400000,不整形,6.7,,,,,住宅,南,区道,11,商業,80,400,2026年第1四半期,
宅地(土地と建物),成約価格情報,,13107,東京都,墨田区,京島,小村井,10,15000000,,35,,,,50,1965年,木造,,,,,,準工業,80,200,2026年第1四半期,
宅地(土地と建物),成約価格情報,,13107,東京都,墨田区,京島,押上,10,85000000,,50,,,,90,2024年,木造,,,,,,準工業,80,200,2026年第1四半期,
宅地(土地と建物),成約価格情報,,13107,東京都,墨田区,京島,京成曳舟,5,78000000,,70,,,,105,2007年,木造,,,北東,公道,8.8,準工業,80,200,2026年第1四半期,
宅地(土地と建物),成約価格情報,,13107,東京都,墨田区,墨田,鐘ケ淵,10,56000000,,60,,,,90,2007年,木造,,,北東,私道,4,準工業,80,200,2026年第1四半期,
宅地(土地と建物),成約価格情報,,13107,東京都,墨田区,墨田,八広,10,43000000,,60,,,,80,2020年,木造,,,西,私道,3.5,準工業,80,200,2026年第1四半期,
宅地(土地と建物),成約価格情報,,13107,東京都,墨田区,墨田,堀切,10,42000000,,35,,,,65,2025年,木造,,,西,公道,5.4,準工業,80,200,2026年第1四半期,
宅地(土地と建物),成約価格情報,,13107,東京都,墨田区,墨田,堀切,5,45000000,,55,,,,90,2019年,木造,,,西,,4,準工業,80,200,2026年第1四半期,
宅地(土地と建物),成約価格情報,,13107,東京都,墨田区,墨田,東向島,10,58000000,,60,,,,95,2019年,木造,,,西,私道,4,準工業,80,200,2026年第1四半期,
宅地(土地と建物),成約価格情報,,13107,東京都,墨田区,菊川,菊川(東京),5,86000000,,50,,,,180,1988年,鉄骨造,,,北,公道,6.1,準工業,60,300,2026年第1四半期,
宅地(土地と建物),成約価格情報,,13107,東京都,墨田区,立花,平井(東京),10,57000000,,50,,,,85,2019年,木造,,,北,私道,4,準工業,80,200,2026年第1四半期,
宅地(土地と建物),成約価格情報,,13107,東京都,墨田区,立花,平井(東京),10,56000000,,70,,,,90,2005年,木造,,,南東,私道,4.5,準工業,80,200,2026年第1四半期,
宅地(土地と建物),成約価格情報,,13107,東京都,墨田区,立花,東あずま,5,65000000,,80,,,,100,2014年,木造,,,北東,私道,4,準工業,80,200,2026年第1四半期,
宅地(土地と建物),成約価格情報,,13107,東京都,墨田区,立花,平井(東京),10,240000000,,360,,,,320,1982年,鉄骨造,,,北西,,11,準工業,80,200,2026年第1四半期,
宅地(土地と建物),成約価格情報,,13107,東京都,墨田区,立花,東あずま,5,55000000,,45,,,,85,2026年,木造,,,北,私道,4,準工業,80,200,2026年第1四半期,
宅地(土地と建物),成約価格情報,,13107,東京都,墨田区,立花,東あずま,10,55000000,,70,,,,105,2011年,木造,,,北,私道,5,準工業,80,200,2026年第1四半期,
宅地(土地と建物),成約価格情報,,13107,東京都,墨田区,本所,本所吾妻橋,10,30000000,,90,,,,115,1966年,木造,,,北,,8,準工業,60,300,2026年第1四半期,
宅地(土地と建物),成約価格情報,,13107,東京都,墨田区,押上,押上,5,200000000,,85,,,,180,2019年,木造,,,南西,公道,15.5,近隣商業,80,300,2026年第1四半期,
宅地(土地と建物),成約価格情報,,13107,東京都,墨田区,押上,押上,10,26000000,,40,,,,45,1980年,木造,,,北西,公道,4.1,準工業,80,200,2026年第1四半期,
宅地(土地と建物),成約価格情報,,13107,東京都,墨田区,押上,押上,5,25000000,,70,,,,90,1964年,木造,,,,,,準工業,80,200,2026年第1四半期,
宅地(土地と建物),成約価格情報,,13107,東京都,墨田区,東向島,東向島,10,61000000,,50,,,,95,2026年,木造,,,東,公道,4.8,準工業,80,289,2026年第1四半期,
宅地(土地と建物),成約価格情報,,13107,東京都,墨田区,東向島,京成曳舟,5,28000000,,35,,,,50,1966年,木造,,,南,公道,4,近隣商業,80,200,2026年第1四半期,
宅地(土地と建物),成約価格情報,,13107,東京都,墨田区,東向島,東向島,10,75000000,,60,,,,100,2020年,木造,,,西,公道,4.5,準工業,80,270,2026年第1四半期,
宅地(土地と建物),成約価格情報,,13107,東京都,墨田区,文花,押上,15,70000000,,60,,,,110,1991年,鉄骨造,,,南西,公道,6.4,準工業,80,300,2026年第1四半期,
宅地(土地と建物),成約価格情報,,13107,東京都,墨田区,八広,八広,10,21000000,,45,,,,50,1988年,木造,,,東,私道,2.3,準工業,80,200,2026年第1四半期,
宅地(土地と建物),成約価格情報,,13107,東京都,墨田区,八広,京成曳舟,15,54000000,,35,,,,65,2022年,木造,,,南,公道,3.4,準工業,80,200,2026年第1四半期,
宅地(土地と建物),成約価格情報,,13107,東京都,墨田区,八広,八広,15,60000000,,55,,,,95,2023年,木造,,,,,,準工業,80,200,2026年第1四半期,
宅地(土地と建物),成約価格情報,,13107,東京都,墨田区,八広,八広,10,4800000,,35,,,,20,1948年,木造,,,,,,準工業,80,200,2026年第1四半期,
宅地(土地と建物),成約価格情報,,13107,東京都,墨田区,八広,京成曳舟,10,3900000,,45,,,,40,1973年,木造,,,,,,準工業,80,200,2026年第1四半期,
宅地(土地と建物),成約価格情報,,13107,東京都,墨田区,八広,京成曳舟,5,57000000,,60,,,,65,1995年,木造,,,北,公道,4,準工業,80,200,2026年第1四半期,
宅地(土地と建物),成約価格情報,,13107,東京都,墨田区,八広,八広,5,100000000,,50,,,,90,2025年,木造,,,,,,準工業,80,200,2026年第1四半期,
宅地(土地と建物),成約価格情報,,13107,東京都,墨田区,八広,八広,10,53000000,,50,,,,85,2016年,木造,,,東,私道,4,準工業,80,200,2026年第1四半期,
宅地(土地と建物),成約価格情報,,13107,東京都,墨田区,八広,八広,10,7000000,,35,,,,20,1948年,木造,,,,,0,準工業,80,200,2026年第1四半期,
宅地(土地),不動産取引価格情報,住宅地,13107,東京都,墨田区,押上,京成曳舟,10,120000000,3000000,130,920000,ほぼ長方形,5.8,,,,,住宅,北東,区道,4.1,準工業,80,200,2026年第1四半期,
宅地(土地),不動産取引価格情報,商業地,13107,東京都,墨田区,京島,京成曳舟,5,50000000,2000000,85,600000,長方形,10.2,,,,,その他,南東,私道,4,近隣商業,80,300,2026年第1四半期,
宅地(土地),不動産取引価格情報,住宅地,13107,東京都,墨田区,京島,京成曳舟,8,67000000,1600000,135,490000,長方形,15.2,,,,,住宅,南東,区道,6.2,準工業,80,200,2026年第1四半期,
宅地(土地と建物),不動産取引価格情報,商業地,13107,東京都,墨田区,江東橋,錦糸町,6,500000000,,90,,長方形,6.5,370,2018年,鉄骨造,共同住宅、事務所,事務所,南,区道,11,商業,80,600,2026年第1四半期,
宅地(土地と建物),不動産取引価格情報,商業地,13107,東京都,墨田区,江東橋,錦糸町,4,220000000,,70,,不整形,9,180,2003年,ＲＣ,共同住宅,その他,北,区道,4,商業,80,700,2026年第1四半期,
宅地(土地),不動産取引価格情報,住宅地,13107,東京都,墨田区,墨田,鐘ケ淵,6,17000000,1200000,45,370000,ほぼ長方形,4.5,,,,,住宅,東,区道,4,準工業,80,200,2026年第1四半期,
宅地(土地),不動産取引価格情報,住宅地,13107,東京都,墨田区,墨田,鐘ケ淵,8,77000000,1800000,140,560000,ほぼ長方形,9.5,,,,,,北東,私道,3.6,準工業,80,200,2026年第1四半期,私道を含む取引
宅地(土地と建物),不動産取引価格情報,住宅地,13107,東京都,墨田区,墨田,鐘ケ淵,5,2600000,,30,,長方形,3.8,40,1972年,木造,住宅、店舗,その他,東,私道,1.7,準工業,80,200,2026年第1四半期,私道を含む取引
宅地(土地と建物),不動産取引価格情報,住宅地,13107,東京都,墨田区,墨田,東向島,7,39000000,,45,,長方形,3.6,50,1997年,木造,住宅,店舗,西,私道,2.8,近隣商業,80,300,2026年第1四半期,私道を含む取引
宅地(土地と建物),不動産取引価格情報,住宅地,13107,東京都,墨田区,墨田,堀切,6,42000000,,50,,ほぼ長方形,4.7,65,2025年,木造,住宅,住宅,西,区道,5.3,準工業,80,200,2026年第1四半期,私道を含む取引
宅地(土地と建物),不動産取引価格情報,住宅地,13107,東京都,墨田区,墨田,八広,8,220000000,,120,,長方形,14.4,250,2023年,鉄骨造,共同住宅,その他,南,区道,5.4,準工業,80,200,2026年第1四半期,
宅地(土地と建物),不動産取引価格情報,住宅地,13107,東京都,墨田区,立花,小村井,7,80000000,,95,,長方形,12.7,145,2009年,木造,住宅,住宅,西,区道,3.3,準工業,80,200,2026年第1四半期,
宅地(土地と建物),不動産取引価格情報,住宅地,13107,東京都,墨田区,立花,小村井,8,25000000,,65,,ほぼ長方形,9.5,85,1967年,木造,住宅、作業場,住宅,南,区道,4,準工業,80,200,2026年第1四半期,
宅地(土地と建物),不動産取引価格情報,商業地,13107,東京都,墨田区,東駒形,浅草(東武・都営・メトロ),8,180000000,,75,,長方形,7.3,230,1998年,鉄骨造,事務所、作業場,事務所,東,区道,11,近隣商業,80,300,2026年第1四半期,
宅地(土地と建物),不動産取引価格情報,住宅地,13107,東京都,墨田区,東向島,京成曳舟,3,98000000,,55,,ほぼ台形,7.3,90,2017年,木造,住宅,その他,西,私道,2.9,近隣商業,80,200,2026年第1四半期,
宅地(土地と建物),不動産取引価格情報,住宅地,13107,東京都,墨田区,東向島,東向島,4,12000000,,30,,ほぼ長方形,6.3,45,1969年,木造,住宅,住宅,東,私道,4,準工業,80,200,2026年第1四半期,
宅地(土地と建物),不動産取引価格情報,住宅地,13107,東京都,墨田区,東向島,東向島,8,700000000,,470,,不整形,19.5,880,2025年,鉄骨造,共同住宅,住宅,西,区道,4,準工業,80,200,2026年第1四半期,
宅地(土地と建物),不動産取引価格情報,住宅地,13107,東京都,墨田区,東向島,東向島,3,61000000,,55,,ほぼ長方形,4.6,75,2022年,木造,住宅,住宅,西,私道,4,準工業,80,300,2026年第1四半期,私道を含む取引
宅地(土地),不動産取引価格情報,商業地,13107,東京都,墨田区,東向島,東向島,7,53000000,2900000,60,870000,ほぼ台形,6.9,,,,,住宅,南東,区道,18.3,準工業,80,400,2026年第1四半期,
宅地(土地と建物),不動産取引価格情報,住宅地,13107,東京都,墨田区,東向島,八広,7,16000000,,60,,ほぼ長方形,6.3,70,1969年,木造,住宅、店舗,,南東,区道,3.2,準工業,80,300,2026年第1四半期,
宅地(土地),不動産取引価格情報,商業地,13107,東京都,墨田区,緑,菊川(東京),9,120000000,7500000,50,2300000,ほぼ台形,12.7,,,,,その他,南,国道,27,商業,80,600,2026年第1四半期,隣地の購入、私道を含む取引
宅地(土地),不動産取引価格情報,商業地,13107,東京都,墨田区,緑,菊川(東京),9,110000000,6900000,50,2100000,長方形,18.5,,,,,その他,北,国道,27,商業,80,600,2026年第1四半期,
宅地(土地),不動産取引価格情報,商業地,13107,東京都,墨田区,緑,菊川(東京),9,260000000,6500000,135,2000000,ほぼ長方形,18.5,,,,,住宅,北,区道,6,商業,80,400,2026年第1四半期,
宅地(土地と建物),不動産取引価格情報,商業地,13107,東京都,墨田区,緑,錦糸町,9,460000000,,220,,不整形,5.4,790,1988年,ＲＣ,共同住宅,住宅,北,区道,8,商業,80,400,2026年第1四半期,
宅地(土地と建物),不動産取引価格情報,住宅地,13107,東京都,墨田区,緑,両国,6,110000000,,105,,ほぼ長方形,6.7,380,1981年,鉄骨造,住宅、共同住宅、事務所,その他,北,区道,11,商業,80,400,2026年第1四半期,
宅地(土地と建物),不動産取引価格情報,商業地,13107,東京都,墨田区,向島,押上,8,930000000,,170,,不整形,11,890,2025年,ＲＣ,共同住宅,住宅,北西,国道,21.2,商業,80,500,2026年第1四半期,
宅地(土地),不動産取引価格情報,住宅地,13107,東京都,墨田区,向島,本所吾妻橋,6,88000000,5300000,55,1600000,長方形,8.2,,,,,住宅,北西,区道,6,準工業,60,300,2026年第1四半期,
宅地(土地),不動産取引価格情報,住宅地,13107,東京都,墨田区,八広,京成曳舟,13,26000000,1500000,55,460000,ほぼ長方形,8,,,,,その他,北,区道,3.6,準工業,80,200,2026年第1四半期,隣地の購入
宅地(土地と建物),不動産取引価格情報,住宅地,13107,東京都,墨田区,八広,京成曳舟,10,9800000,,40,,ほぼ長方形,6.5,35,1963年,木造,住宅,その他,西,私道,2.7,準工業,80,200,2026年第1四半期,私道を含む取引
宅地(土地と建物),不動産取引価格情報,商業地,13107,東京都,墨田区,八広,八広,7,44000000,,50,,ほぼ長方形,5.5,85,2007年,木造,住宅,その他,西,区道,11,商業,80,400,2026年第1四半期,
宅地(土地と建物),成約価格情報,,13108,東京都,江東区,北砂,西大島,15,53000000,,45,,,,80,2015年,木造,,,北,,5.4,近隣商業,80,300,2026年第1四半期,
宅地(土地と建物),成約価格情報,,13108,東京都,江東区,新大橋,森下(東京),5,85000000,,40,,,,165,1991年,ＲＣ,,,北東,公道,14.9,近隣商業,80,400,2026年第1四半期,
宅地(土地と建物),成約価格情報,,13108,東京都,江東区,新大橋,森下(東京),5,23000000,,60,,,,55,戦前,木造,,,北,公道,5.8,近隣商業,80,348,2026年第1四半期,
宅地(土地と建物),成約価格情報,,13108,東京都,江東区,高橋,清澄白河,5,75000000,,40,,,,85,2008年,鉄骨造,,,南,公道,6,準工業,60,300,2026年第1四半期,
宅地(土地と建物),成約価格情報,,13108,東京都,江東区,三好,清澄白河,5,88000000,,45,,,,75,2017年,木造,,,北西,公道,6,準工業,60,300,2026年第1四半期,
宅地(土地と建物),成約価格情報,,13108,東京都,江東区,森下,清澄白河,10,240000000,,120,,,,155,1997年,軽量鉄骨造,,,西,私道,4,近隣商業,90,300,2026年第1四半期,
宅地(土地と建物),成約価格情報,,13108,東京都,江東区,大島,大島(東京),5,61000000,,55,,,,85,2012年,木造,,,南,私道,3.8,近隣商業,80,300,2026年第1四半期,
宅地(土地と建物),成約価格情報,,13108,東京都,江東区,大島,西大島,5,41000000,,45,,,,105,,軽量鉄骨造,,,南,公道,7.2,準工業,60,300,2026年第1四半期,
宅地(土地と建物),成約価格情報,,13108,東京都,江東区,大島,大島(東京),5,20000000,,40,,,,45,1959年,木造,,,,,,準工業,60,300,2026年第1四半期,
宅地(土地と建物),成約価格情報,,13108,東京都,江東区,大島,西大島,5,100000000,,65,,,,120,2026年,木造,,,南,私道,3.6,準工業,60,240,2026年第1四半期,
宅地(土地と建物),成約価格情報,,13108,東京都,江東区,大島,西大島,5,96000000,,65,,,,120,2026年,木造,,,南,私道,3.6,準工業,60,240,2026年第1四半期,
宅地(土地と建物),成約価格情報,,13108,東京都,江東区,大島,西大島,10,83000000,,55,,,,105,2026年,木造,,,東,私道,3.3,準工業,60,240,2026年第1四半期,
宅地(土地と建物),成約価格情報,,13108,東京都,江東区,大島,西大島,10,84000000,,55,,,,105,2026年,木造,,,東,私道,3.3,準工業,60,240,2026年第1四半期,
宅地(土地と建物),成約価格情報,,13108,東京都,江東区,大島,大島(東京),5,16000000,,25,,,,55,1981年,鉄骨造,,,東,公道,3.9,準工業,60,300,2026年第1四半期,
宅地(土地と建物),成約価格情報,,13108,東京都,江東区,大島,大島(東京),5,85000000,,70,,,,105,2019年,木造,,,,,,準工業,60,300,2026年第1四半期,
宅地(土地と建物),成約価格情報,,13108,東京都,江東区,亀戸,押上,10,100000000,,80,,,,100,2026年,木造,,,南東,公道,4,１種住居,60,300,2026年第1四半期,
宅地(土地と建物),成約価格情報,,13108,東京都,江東区,亀戸,亀戸,10,65000000,,70,,,,100,2012年,木造,,,,,,準工業,60,240,2026年第1四半期,
宅地(土地と建物),成約価格情報,,13108,東京都,江東区,猿江,住吉(東京),5,120000000,,70,,,,150,1997年,鉄骨造,,,西,公道,7.9,準工業,60,300,2026年第1四半期,
宅地(土地と建物),成約価格情報,,13108,東京都,江東区,潮見,潮見,10,170000000,,140,,,,290,1991年,鉄骨造,,,南西,公道,11.9,準工業,60,300,2026年第1四半期,
宅地(土地と建物),成約価格情報,,13108,東京都,江東区,冬木,門前仲町,10,74000000,,65,,,,85,2001年,木造,,,南東,公道,4,準工業,60,240,2026年第1四半期,
宅地(土地と建物),成約価格情報,,13108,東京都,江東区,塩浜,木場,15,93000000,,85,,,,140,2010年,木造,,,南,公道,4,準工業,60,200,2026年第1四半期,
宅地(土地と建物),成約価格情報,,13108,東京都,江東区,白河,清澄白河,5,200000000,,95,,,,210,1999年,鉄骨造,,,東,公道,6,近隣商業,80,300,2026年第1四半期,
宅地(土地と建物),成約価格情報,,13108,東京都,江東区,東砂,東大島,15,64000000,,70,,,,85,2025年,木造,,,西,私道,4,準工業,70,240,2026年第1四半期,
宅地(土地と建物),成約価格情報,,13108,東京都,江東区,東砂,南砂町,25,62000000,,60,,,,95,2019年,木造,,,南西,私道,6,準工業,60,300,2026年第1四半期,
宅地(土地と建物),成約価格情報,,13108,東京都,江東区,東砂,南砂町,20,70000000,,65,,,,120,2025年,木造,,,西,公道,3.8,近隣商業,70,240,2026年第1四半期,
宅地(土地と建物),成約価格情報,,13108,東京都,江東区,東砂,南砂町,20,84000000,,70,,,,135,2026年,木造,,,北,公道,5,準工業,70,300,2026年第1四半期,
宅地(土地と建物),成約価格情報,,13108,東京都,江東区,東砂,南砂町,15,65000000,,50,,,,105,2026年,木造,,,,,,準工業,60,300,2026年第1四半期,
宅地(土地と建物),成約価格情報,,13108,東京都,江東区,牡丹,門前仲町,10,95000000,,45,,,,85,2025年,木造,,,南西,,5.9,準工業,60,300,2026年第1四半期,
宅地(土地と建物),成約価格情報,,13108,東京都,江東区,牡丹,門前仲町,5,96000000,,40,,,,70,2019年,木造,,,南西,公道,15,準工業,60,300,2026年第1四半期,
宅地(土地と建物),成約価格情報,,13108,東京都,江東区,南砂,南砂町,10,72000000,,85,,,,165,1988年,鉄骨造,,,北東,公道,4,準工業,60,300,2026年第1四半期,
宅地(土地と建物),成約価格情報,,13108,東京都,江東区,南砂,南砂町,5,52000000,,40,,,,60,2019年,木造,,,南東,,4,準工業,60,240,2026年第1四半期,
宅地(土地と建物),成約価格情報,,13108,東京都,江東区,南砂,南砂町,15,75000000,,130,,,,90,1971年,木造,,,西,公道,3,準工業,60,240,2026年第1四半期,
宅地(土地と建物),成約価格情報,,13108,東京都,江東区,毛利,住吉(東京),5,76000000,,35,,,,65,2026年,木造,,,東,公道,5.9,準工業,60,300,2026年第1四半期,
宅地(土地と建物),成約価格情報,,13108,東京都,江東区,石島,住吉(東京),15,79000000,,50,,,,95,2020年,木造,,,北,公道,3.4,準工業,60,240,2026年第1四半期,
宅地(土地),不動産取引価格情報,住宅地,13108,東京都,江東区,永代,門前仲町,4,85000000,5200000,55,1600000,ほぼ台形,4.7,,,,,その他,南東,区道,14.9,準工業,60,300,2026年第1四半期,
宅地(土地と建物),不動産取引価格情報,商業地,13108,東京都,江東区,扇橋,住吉(東京),7,110000000,,80,,長方形,5.8,85,1961年,木造,住宅、店舗,住宅,北,都道,22,商業,80,400,2026年第1四半期,
宅地(土地),不動産取引価格情報,住宅地,13108,東京都,江東区,大島,大島(東京),3,61000000,3200000,65,960000,ほぼ長方形,6.4,,,,,住宅,西,区道,4.4,準工業,60,400,2026年第1四半期,
宅地(土地と建物),不動産取引価格情報,住宅地,13108,東京都,江東区,大島,西大島,5,58000000,,35,,長方形,4.5,60,2025年,木造,住宅,住宅,南,私道,2.7,準工業,60,300,2026年第1四半期,
宅地(土地と建物),不動産取引価格情報,住宅地,13108,東京都,江東区,大島,東大島,7,130000000,,145,,ほぼ長方形,15.6,100,,木造,住宅,住宅,北,私道,2.6,準工業,60,400,2026年第1四半期,
宅地(土地と建物),不動産取引価格情報,住宅地,13108,東京都,江東区,亀戸,亀戸,9,50000000,,50,,長方形,5.5,55,1978年,木造,住宅,その他,南西,私道,4,準工業,60,300,2026年第1四半期,私道を含む取引
宅地(土地と建物),不動産取引価格情報,商業地,13108,東京都,江東区,亀戸,亀戸,6,330000000,,150,,ほぼ長方形,11,115,,木造,住宅、店舗,住宅,東,区道,10,商業,80,500,2026年第1四半期,
宅地(土地と建物),不動産取引価格情報,商業地,13108,東京都,江東区,亀戸,亀戸,4,240000000,,230,,不整形,10.2,600,1979年,鉄骨造,共同住宅、事務所、店舗,住宅,南西,区道,6,商業,80,400,2026年第1四半期,
宅地(土地と建物),不動産取引価格情報,商業地,13108,東京都,江東区,亀戸,亀戸,7,180000000,,230,,ほぼ長方形,16.2,240,1979年,鉄骨造,その他,,西,区道,5.5,１種住居,60,300,2026年第1四半期,
宅地(土地),不動産取引価格情報,住宅地,13108,東京都,江東区,亀戸,亀戸,7,29000000,1800000,55,540000,ほぼ長方形,6,,,,,,西,私道,2,１種住居,60,300,2026年第1四半期,私道を含む取引
宅地(土地と建物),不動産取引価格情報,住宅地,13108,東京都,江東区,亀戸,亀戸,14,17000000,,40,,ほぼ長方形,6.9,75,1978年,木造,住宅,住宅,西,区道,3.3,商業,80,400,2026年第1四半期,
宅地(土地と建物),不動産取引価格情報,住宅地,13108,東京都,江東区,亀戸,亀戸,7,69000000,,105,,ほぼ長方形,4.6,,,,,,南西,私道,2.9,１種住居,60,300,2026年第1四半期,私道を含む取引
宅地(土地),不動産取引価格情報,住宅地,13108,東京都,江東区,亀戸,亀戸,10,19000000,1500000,40,460000,ほぼ長方形,9.4,,,,,住宅,東,私道,3.4,準工業,60,300,2026年第1四半期,
宅地(土地),不動産取引価格情報,住宅地,13108,東京都,江東区,北砂,大島(東京),10,54000000,3400000,50,1000000,長方形,5.1,,,,,住宅,東,私道,4,準工業,60,300,2026年第1四半期,私道を含む取引
宅地(土地と建物),不動産取引価格情報,住宅地,13108,東京都,江東区,北砂,西大島,17,87000000,,140,,長方形,6.4,250,1991年,鉄骨造,共同住宅、店舗,住宅,東,区道,5.4,準工業,60,300,2026年第1四半期,私道を含む取引
宅地(土地),不動産取引価格情報,商業地,13108,東京都,江東区,千田,住吉(東京),9,180000000,4600000,130,1400000,長方形,6.7,,,,,その他,東,区道,6,準工業,60,300,2026年第1四半期,
宅地(土地),不動産取引価格情報,住宅地,13108,東京都,江東区,東陽,木場,6,290000000,6000000,160,1800000,長方形,12,,,,,住宅,北西,区道,6,準工業,60,300,2026年第1四半期,
宅地(土地),不動産取引価格情報,住宅地,13108,東京都,江東区,東砂,東大島,16,48000000,2500000,65,750000,ほぼ長方形,6.3,,,,,住宅,北,区道,5.4,準工業,60,300,2026年第1四半期,
宅地(土地と建物),不動産取引価格情報,住宅地,13108,東京都,江東区,東砂,南砂町,20,69000000,,70,,長方形,5.1,110,2025年,木造,住宅,住宅,西,道路,3.8,準工業,60,300,2026年第1四半期,私道を含む取引
宅地(土地と建物),不動産取引価格情報,住宅地,13108,東京都,江東区,東砂,南砂町,20,70000000,,65,,ほぼ長方形,3.9,105,2025年,木造,住宅,住宅,西,道路,3.8,準工業,60,300,2026年第1四半期,私道を含む取引
宅地(土地と建物),不動産取引価格情報,商業地,13108,東京都,江東区,深川,門前仲町,5,90000000,,35,,長方形,4.8,95,1967年,鉄骨造,その他,その他,南西,区道,11,商業,80,500,2026年第1四半期,
宅地(土地),不動産取引価格情報,住宅地,13108,東京都,江東区,冬木,門前仲町,8,280000000,3300000,280,1000000,ほぼ長方形,,,,,,住宅,北西,区道,4,準工業,60,400,2026年第1四半期,
宅地(土地),不動産取引価格情報,住宅地,13108,東京都,江東区,南砂,南砂町,6,84000000,3400000,85,1000000,長方形,7.5,,,,,住宅,北東,道路,3.6,１種住居,60,300,2026年第1四半期,
宅地(土地と建物),不動産取引価格情報,住宅地,13108,東京都,江東区,南砂,南砂町,4,52000000,,35,,ほぼ正方形,2.8,60,2019年,木造,住宅,住宅,南東,私道,4,準工業,60,300,2026年第1四半期,
宅地(土地と建物),不動産取引価格情報,商業地,13108,東京都,江東区,門前仲町,門前仲町,2,300000000,,50,,ほぼ長方形,6.1,80,2025年,鉄骨造,店舗,住宅,北東,区道,4,商業,80,400,2026年第1四半期,
宅地(土地と建物),成約価格情報,,13109,東京都,品川区,荏原,西小山,10,100000000,,50,,,,75,2009年,木造,,,南東,私道,4,１種住居,60,160,2026年第1四半期,
宅地(土地と建物),成約価格情報,,13109,東京都,品川区,大井,大森(東京),10,54000000,,70,,,,90,1996年,木造,,,南西,公道,4,１低住専,60,150,2026年第1四半期,
宅地(土地と建物),成約価格情報,,13109,東京都,品川区,大井,大井町,10,83000000,,50,,,,95,1991年,鉄骨造,,,西,公道,5.3,近隣商業,80,300,2026年第1四半期,
宅地(土地と建物),成約価格情報,,13109,東京都,品川区,大井,大井町,10,110000000,,50,,,,75,2024年,木造,,,北東,公道,3.3,１中住専,60,200,2026年第1四半期,
宅地(土地と建物),成約価格情報,,13109,東京都,品川区,大井,西大井,15,160000000,,80,,,,130,2026年,木造,,,北西,公道,4,１中住専,80,160,2026年第1四半期,
宅地(土地と建物),成約価格情報,,13109,東京都,品川区,西大井,西大井,10,100000000,,75,,,,100,2022年,木造,,,東,公道,4,１中住専,60,160,2026年第1四半期,
宅地(土地と建物),成約価格情報,,13109,東京都,品川区,西大井,西大井,15,90000000,,120,,,,100,2005年,木造,,,,,,１低住専,60,150,2026年第1四半期,
宅地(土地と建物),成約価格情報,,13109,東京都,品川区,西品川,大崎,10,140000000,,100,,,,100,1993年,木造,,,東,公道,4,１種住居,70,160,2026年第1四半期,
宅地(土地と建物),成約価格情報,,13109,東京都,品川区,北品川,北品川,10,190000000,,70,,,,95,2021年,木造,,,西,私道,4,１低住専,60,150,2026年第1四半期,
宅地(土地と建物),成約価格情報,,13109,東京都,品川区,戸越,戸越公園,5,130000000,,65,,,,100,2019年,木造,,,南,公道,4.1,１種住居,60,200,2026年第1四半期,
宅地(土地と建物),成約価格情報,,13109,東京都,品川区,旗の台,旗の台,10,600000000,,420,,,,310,2020年,木造,,,,,,１低住専,60,150,2026年第1四半期,
宅地(土地と建物),成約価格情報,,13109,東京都,品川区,旗の台,旗の台,10,120000000,,125,,,,125,1994年,木造,,,北西,私道,4.9,１低住専,50,100,2026年第1四半期,
宅地(土地と建物),成約価格情報,,13109,東京都,品川区,旗の台,洗足,10,120000000,,95,,,,95,2012年,木造,,,南東,私道,4.5,１低住専,50,100,2026年第1四半期,
宅地(土地と建物),成約価格情報,,13109,東京都,品川区,旗の台,旗の台,5,93000000,,95,,,,85,2025年,木造,,,南,私道,2.9,１中住専,60,200,2026年第1四半期,
宅地(土地と建物),成約価格情報,,13109,東京都,品川区,旗の台,旗の台,10,42000000,,55,,,,90,1983年,木造,,,東,私道,2.7,１中住専,,,2026年第1四半期,
宅地(土地と建物),成約価格情報,,13109,東京都,品川区,南品川,新馬場,10,110000000,,60,,,,100,2014年,木造,,,北西,公道,3.8,準工業,60,240,2026年第1四半期,
宅地(土地と建物),成約価格情報,,13109,東京都,品川区,南品川,大井町,10,97000000,,45,,,,75,2026年,木造,,,西,公道,4,１種住居,60,160,2026年第1四半期,
宅地(土地と建物),成約価格情報,,13109,東京都,品川区,小山,武蔵小山,10,39000000,,35,,,,45,1976年,木造,,,南,私道,2.6,準工業,70,240,2026年第1四半期,
宅地(土地と建物),成約価格情報,,13109,東京都,品川区,西中延,中延,10,80000000,,50,,,,80,2008年,木造,,,西,私道,3.1,１種住居,60,200,2026年第1四半期,
宅地(土地と建物),成約価格情報,,13109,東京都,品川区,西中延,荏原中延,10,160000000,,125,,,,145,1976年,木造,,,北,私道,3.1,１種住居,60,168,2026年第1四半期,
宅地(土地と建物),成約価格情報,,13109,東京都,品川区,二葉,西大井,10,140000000,,120,,,,115,2019年,木造,,,南東,公道,5.5,近隣商業,80,300,2026年第1四半期,
宅地(土地と建物),成約価格情報,,13109,東京都,品川区,豊町,大井町,15,140000000,,70,,,,125,2009年,軽量鉄骨造,,,東,公道,4.1,１中住専,60,200,2026年第1四半期,
宅地(土地と建物),成約価格情報,,13109,東京都,品川区,豊町,戸越,10,130000000,,65,,,,115,2023年,木造,,,北,私道,4,１種住居,60,160,2026年第1四半期,
宅地(土地と建物),成約価格情報,,13109,東京都,品川区,豊町,戸越公園,5,120000000,,65,,,,105,2018年,木造,,,北東,公道,4.3,１種住居,60,200,2026年第1四半期,
宅地(土地と建物),成約価格情報,,13109,東京都,品川区,南大井,大森(東京),15,77000000,,45,,,,75,2026年,木造,,,南,私道,3.8,準工業,60,200,2026年第1四半期,
宅地(土地と建物),成約価格情報,,13109,東京都,品川区,南大井,大森(東京),15,78000000,,45,,,,80,2026年,木造,,,南,私道,3.8,準工業,60,200,2026年第1四半期,
宅地(土地と建物),不動産取引価格情報,住宅地,13109,東京都,品川区,荏原,西小山,3,130000000,,50,,長方形,5.3,105,2016年,木造,住宅,住宅,西,区道,11.2,近隣商業,80,300,2026年第1四半期,
宅地(土地),不動産取引価格情報,住宅地,13109,東京都,品川区,大井,大井町,8,110000000,3900000,95,1200000,ほぼ整形,7.8,,,,,住宅,北東,区道,4,１種住居,60,200,2026年第1四半期,私道を含む取引
宅地(土地と建物),不動産取引価格情報,住宅地,13109,東京都,品川区,大井,大森(東京),11,77000000,,40,,不整形,9.8,70,2025年,木造,住宅,その他,東,都道,15.6,１種住居,60,200,2026年第1四半期,
宅地(土地と建物),不動産取引価格情報,住宅地,13109,東京都,品川区,小山,西小山,4,450000000,,110,,ほぼ台形,7.3,320,2025年,ＲＣ,共同住宅,住宅,北西,区道,7.1,１種住居,60,300,2026年第1四半期,
宅地(土地と建物),不動産取引価格情報,住宅地,13109,東京都,品川区,小山,武蔵小山,7,53000000,,35,,長方形,4.4,60,1994年,鉄骨造,住宅,住宅,西,区道,6.9,１種住居,60,300,2026年第1四半期,
宅地(土地と建物),不動産取引価格情報,住宅地,13109,東京都,品川区,戸越,戸越,5,250000000,,85,,長方形,7,210,2025年,ＲＣ,共同住宅,住宅,東,私道,4,近隣商業,80,300,2026年第1四半期,
宅地(土地),不動産取引価格情報,住宅地,13109,東京都,品川区,中延,荏原中延,3,140000000,6000000,75,1800000,長方形,7.7,,,,,住宅,東,区道,6.3,１種住居,60,200,2026年第1四半期,
宅地(土地と建物),不動産取引価格情報,住宅地,13109,東京都,品川区,中延,荏原町,1,85000000,,50,,ほぼ長方形,9.1,75,2026年,木造,住宅,住宅,東,私道,4,１種住居,60,200,2026年第1四半期,
宅地(土地と建物),不動産取引価格情報,住宅地,13109,東京都,品川区,西大井,西大井,8,53000000,,65,,不整形,4.2,40,2006年,木造,店舗,事務所,東,区道,6.3,近隣商業,80,200,2026年第1四半期,
宅地(土地),不動産取引価格情報,住宅地,13109,東京都,品川区,東大井,鮫洲,1,120000000,3100000,130,920000,袋地等,2.6,,,,,住宅,北西,区道,3.2,準工業,60,200,2026年第1四半期,
宅地(土地と建物),不動産取引価格情報,住宅地,13109,東京都,品川区,二葉,下神明,4,110000000,,60,,ほぼ長方形,7.5,95,2025年,木造,住宅,住宅,南東,区道,6,１種住居,60,200,2026年第1四半期,
宅地(土地と建物),不動産取引価格情報,住宅地,13109,東京都,品川区,二葉,西大井,11,75000000,,55,,ほぼ整形,4.7,70,2025年,木造,住宅,住宅,南東,私道,2,１種住居,60,200,2026年第1四半期,
宅地(土地と建物),不動産取引価格情報,住宅地,13109,東京都,品川区,南大井,立会川,5,68000000,,120,,長方形,8,195,1964年,木造,住宅、作業場,事務所,東,区道,10.7,準工業,60,300,2026年第1四半期,
宅地(土地),不動産取引価格情報,住宅地,13109,東京都,品川区,南品川,青物横丁,4,150000000,4400000,110,1300000,長方形,6,,,,,住宅,南西,区道,3.8,１種住居,60,200,2026年第1四半期,
宅地(土地と建物),不動産取引価格情報,住宅地,13109,東京都,品川区,南品川,青物横丁,3,410000000,,270,,ほぼ長方形,11.7,340,1960年,ＲＣ,住宅、事務所,その他,東,区道,7,近隣商業,80,300,2026年第1四半期,
宅地(土地と建物),不動産取引価格情報,住宅地,13109,東京都,品川区,南品川,新馬場,4,150000000,,130,,長方形,,200,2025年,木造,住宅,住宅,東,私道,1.8,１種住居,60,200,2026年第1四半期,
宅地(土地と建物),不動産取引価格情報,住宅地,13109,東京都,品川区,豊町,下神明,6,17000000,,50,,長方形,4,30,1971年,木造,住宅,住宅,南東,私道,2.6,１種住居,60,200,2026年第1四半期,
宅地(土地と建物),不動産取引価格情報,住宅地,13109,東京都,品川区,豊町,中延,6,120000000,,65,,長方形,7.2,100,2026年,木造,住宅,住宅,南,区道,4.3,１種住居,60,200,2026年第1四半期,
宅地(土地と建物),成約価格情報,,13110,東京都,目黒区,上目黒,池尻大橋,15,150000000,,75,,,,85,2012年,木造,,,北西,公道,3.8,１低住専,60,150,2026年第1四半期,
宅地(土地と建物),成約価格情報,,13110,東京都,目黒区,上目黒,祐天寺,10,210000000,,100,,,,110,2018年,木造,,,東,私道,5,１低住専,60,150,2026年第1四半期,
宅地(土地と建物),成約価格情報,,13110,東京都,目黒区,上目黒,祐天寺,10,200000000,,85,,,,125,2020年,木造,,,北,公道,4,１低住専,60,150,2026年第1四半期,
宅地(土地と建物),成約価格情報,,13110,東京都,目黒区,上目黒,池尻大橋,10,84000000,,55,,,,90,1994年,木造,,,南東,私道,4,１低住専,60,150,2026年第1四半期,
宅地(土地と建物),成約価格情報,,13110,東京都,目黒区,上目黒,中目黒,10,260000000,,145,,,,135,1997年,木造,,,,,,１低住専,60,150,2026年第1四半期,
宅地(土地と建物),成約価格情報,,13110,東京都,目黒区,平町,大岡山,10,130000000,,80,,,,115,2011年,木造,,,北,公道,4,１低住専,60,150,2026年第1四半期,
宅地(土地と建物),成約価格情報,,13110,東京都,目黒区,平町,都立大学,10,110000000,,75,,,,80,2018年,木造,,,南西,私道,4,１中住専,60,160,2026年第1四半期,
宅地(土地と建物),成約価格情報,,13110,東京都,目黒区,平町,都立大学,10,120000000,,120,,,,115,2000年,木造,,,西,公道,6,１低住専,50,100,2026年第1四半期,
宅地(土地と建物),成約価格情報,,13110,東京都,目黒区,中央町,学芸大学,10,150000000,,95,,,,115,2006年,木造,,,南,私道,4,１中住専,60,200,2026年第1四半期,
宅地(土地と建物),成約価格情報,,13110,東京都,目黒区,碑文谷,都立大学,10,87000000,,60,,,,85,2011年,木造,,,南東,私道,4,２種住居,60,160,2026年第1四半期,
宅地(土地と建物),成約価格情報,,13110,東京都,目黒区,碑文谷,都立大学,15,140000000,,75,,,,100,2021年,木造,,,北西,公道,6,１低住専,60,150,2026年第1四半期,
宅地(土地と建物),成約価格情報,,13110,東京都,目黒区,柿の木坂,学芸大学,15,69000000,,50,,,,85,1999年,木造,,,南東,公道,3.7,１低住専,60,150,2026年第1四半期,
宅地(土地と建物),成約価格情報,,13110,東京都,目黒区,柿の木坂,都立大学,20,65000000,,70,,,,85,1977年,木造,,,北西,私道,4,１低住専,60,150,2026年第1四半期,
宅地(土地と建物),成約価格情報,,13110,東京都,目黒区,下目黒,目黒,,190000000,,120,,,,170,2005年,木造,,,東,公道,5.3,１低住専,60,150,2026年第1四半期,
宅地(土地と建物),成約価格情報,,13110,東京都,目黒区,洗足,洗足,5,95000000,,70,,,,125,1983年,木造,,,北東,,5.4,１低住専,60,150,2026年第1四半期,
宅地(土地と建物),成約価格情報,,13110,東京都,目黒区,三田,恵比寿,15,160000000,,80,,,,85,2013年,木造,,,北,公道,3.9,１中住専,60,200,2026年第1四半期,
宅地(土地と建物),成約価格情報,,13110,東京都,目黒区,目黒本町,学芸大学,15,120000000,,95,,,,100,2013年,木造,,,,公道,,１中住専,60,200,2026年第1四半期,
宅地(土地と建物),成約価格情報,,13110,東京都,目黒区,目黒本町,学芸大学,15,69000000,,50,,,,85,2002年,木造,,,北,私道,3.8,１中住専,60,160,2026年第1四半期,
宅地(土地と建物),成約価格情報,,13110,東京都,目黒区,目黒本町,武蔵小山,10,130000000,,75,,,,105,2021年,木造,,,東,私道,4,１種住居,60,300,2026年第1四半期,
宅地(土地と建物),成約価格情報,,13110,東京都,目黒区,目黒本町,武蔵小山,15,78000000,,55,,,,90,1998年,木造,,,北,公道,3.5,１中住専,60,160,2026年第1四半期,
宅地(土地と建物),成約価格情報,,13110,東京都,目黒区,目黒本町,武蔵小山,15,89000000,,45,,,,75,2022年,木造,,,北,公道,4,１種住居,60,200,2026年第1四半期,
宅地(土地と建物),成約価格情報,,13110,東京都,目黒区,目黒本町,武蔵小山,15,77000000,,50,,,,85,2007年,木造,,,南西,私道,3.3,１種住居,60,160,2026年第1四半期,
宅地(土地と建物),成約価格情報,,13110,東京都,目黒区,駒場,駒場東大前,5,340000000,,150,,,,245,1990年,ＲＣ,,,西,公道,4,１中住専,60,160,2026年第1四半期,
宅地(土地と建物),成約価格情報,,13110,東京都,目黒区,中町,学芸大学,15,84000000,,65,,,,85,2005年,木造,,,北西,公道,4,１中住専,60,200,2026年第1四半期,
宅地(土地と建物),成約価格情報,,13110,東京都,目黒区,中町,祐天寺,15,130000000,,80,,,,95,2022年,木造,,,南東,,3.3,１低住専,60,150,2026年第1四半期,
宅地(土地と建物),成約価格情報,,13110,東京都,目黒区,中目黒,中目黒,10,230000000,,70,,,,110,2020年,木造,,,南西,,3.7,１中住専,60,160,2026年第1四半期,
宅地(土地と建物),成約価格情報,,13110,東京都,目黒区,中目黒,中目黒,10,140000000,,50,,,,75,2003年,木造,,,北西,私道,4,２中住専,60,160,2026年第1四半期,
宅地(土地と建物),成約価格情報,,13110,東京都,目黒区,中目黒,中目黒,15,260000000,,130,,,,100,1972年,ＲＣ,,,南東,公道,6.1,１低住専,50,100,2026年第1四半期,
宅地(土地と建物),成約価格情報,,13110,東京都,目黒区,東山,池尻大橋,15,60000000,,125,,,,110,1983年,木造,,,,,,１低住専,60,150,2026年第1四半期,
宅地(土地と建物),成約価格情報,,13110,東京都,目黒区,緑が丘,緑が丘(東京),10,150000000,,105,,,,115,2003年,,,,南,公道,9.7,１低住専,50,100,2026年第1四半期,
宅地(土地と建物),成約価格情報,,13110,東京都,目黒区,緑が丘,緑が丘(東京),5,110000000,,50,,,,85,2011年,木造,,,西,公道,8,１中住専,60,200,2026年第1四半期,
宅地(土地と建物),成約価格情報,,13110,東京都,目黒区,南,大岡山,15,120000000,,100,,,,95,2021年,木造,,,北,公道,4,１低住専,60,150,2026年第1四半期,
宅地(土地と建物),成約価格情報,,13110,東京都,目黒区,南,大岡山,10,150000000,,135,,,,110,1991年,木造,,,北西,公道,3.2,１低住専,60,150,2026年第1四半期,
宅地(土地と建物),成約価格情報,,13110,東京都,目黒区,八雲,都立大学,15,160000000,,135,,,,125,2013年,木造,,,,私道,,１低住専,60,150,2026年第1四半期,
宅地(土地と建物),成約価格情報,,13110,東京都,目黒区,八雲,都立大学,10,120000000,,95,,,,115,1995年,木造,,,南,私道,4,１低住専,50,100,2026年第1四半期,
宅地(土地と建物),成約価格情報,,13110,東京都,目黒区,目黒,祐天寺,15,100000000,,55,,,,85,2001年,木造,,,南東,公道,7.2,１低住専,60,150,2026年第1四半期,
宅地(土地),不動産取引価格情報,住宅地,13110,東京都,目黒区,柿の木坂,都立大学,9,390000000,4500000,280,1400000,ほぼ長方形,14,,,,,住宅,西,区道,5.4,１低住専,50,100,2026年第1四半期,
宅地(土地),不動産取引価格情報,住宅地,13110,東京都,目黒区,上目黒,中目黒,7,140000000,7100000,65,2200000,長方形,7.1,,,,,住宅,南東,区道,2.7,１種住居,60,200,2026年第1四半期,
宅地(土地と建物),不動産取引価格情報,住宅地,13110,東京都,目黒区,上目黒,祐天寺,4,330000000,,300,,ほぼ長方形,13.1,280,1991年,木造,共同住宅,その他,南西,私道,2.4,１低住専,60,150,2026年第1四半期,私道を含む取引
宅地(土地),不動産取引価格情報,住宅地,13110,東京都,目黒区,上目黒,祐天寺,4,30000000,2800000,35,860000,ほぼ長方形,5,,,,,住宅,北東,私道,3,１低住専,60,150,2026年第1四半期,
宅地(土地と建物),不動産取引価格情報,商業地,13110,東京都,目黒区,五本木,祐天寺,5,270000000,,100,,ほぼ長方形,8.5,200,2025年,木造,共同住宅,住宅,東,区道,7.2,近隣商業,80,200,2026年第1四半期,
宅地(土地),不動産取引価格情報,住宅地,13110,東京都,目黒区,駒場,駒場東大前,9,310000000,5500000,185,1700000,長方形,11,,,,,その他,南,私道,3.2,１低住専,50,100,2026年第1四半期,
宅地(土地と建物),不動産取引価格情報,住宅地,13110,東京都,目黒区,駒場,神泉,5,1200000000,,250,,ほぼ整形,17.8,590,2025年,ＲＣ,共同住宅,その他,北西,区道,9.8,１中住専,60,200,2026年第1四半期,
宅地(土地),不動産取引価格情報,住宅地,13110,東京都,目黒区,自由が丘,自由が丘(東京),8,250000000,5600000,150,1700000,ほぼ長方形,7,,,,,その他,南,道路,3,１低住専,60,150,2026年第1四半期,私道を含む取引
宅地(土地),不動産取引価格情報,住宅地,13110,東京都,目黒区,自由が丘,自由が丘(東京),7,90000000,4500000,65,1400000,ほぼ正方形,8,,,,,住宅,西,都道,7.8,１中住専,60,200,2026年第1四半期,
宅地(土地と建物),不動産取引価格情報,商業地,13110,東京都,目黒区,自由が丘,自由が丘(東京),1,360000000,,70,,台形,6,160,1972年,鉄骨造,店舗,店舗,北,区道,6.1,商業,80,600,2026年第1四半期,
宅地(土地),不動産取引価格情報,住宅地,13110,東京都,目黒区,鷹番,学芸大学,5,190000000,5100000,125,1500000,長方形,13.8,,,,,その他,西,私道,2.8,１中住専,60,200,2026年第1四半期,私道を含む取引
宅地(土地),不動産取引価格情報,住宅地,13110,東京都,目黒区,中央町,学芸大学,11,120000000,5900000,65,1800000,ほぼ長方形,6.5,,,,,住宅,南西,私道,3.4,準工業,60,200,2026年第1四半期,私道を含む取引
宅地(土地),不動産取引価格情報,住宅地,13110,東京都,目黒区,中根,都立大学,4,250000000,5600000,150,1700000,台形,12,,,,,住宅,南西,区道,4.5,１中住専,60,200,2026年第1四半期,
宅地(土地),不動産取引価格情報,住宅地,13110,東京都,目黒区,東が丘,駒沢大学,13,110000000,3600000,100,1100000,ほぼ長方形,5,,,,,住宅,北西,区道,4,１低住専,60,150,2026年第1四半期,
宅地(土地),不動産取引価格情報,住宅地,13110,東京都,目黒区,三田,目黒,11,430000000,9200000,155,2800000,ほぼ長方形,10,,,,,住宅,北東,区道,5.7,１低住専,60,150,2026年第1四半期,
宅地(土地と建物),不動産取引価格情報,住宅地,13110,東京都,目黒区,目黒本町,武蔵小山,5,85000000,,125,,不整形,,50,1982年,木造,住宅,住宅,北東,区道,4.2,１種住居,60,200,2026年第1四半期,
宅地(土地と建物),不動産取引価格情報,住宅地,13110,東京都,目黒区,目黒本町,武蔵小山,8,100000000,,95,,不整形,2.2,140,1997年,木造,住宅,住宅,東,区道,4.2,１種住居,60,200,2026年第1四半期,
宅地(土地と建物),不動産取引価格情報,住宅地,13110,東京都,目黒区,目黒本町,武蔵小山,5,310000000,,300,,ほぼ長方形,13.2,370,1984年,鉄骨造,共同住宅,住宅,南西,私道,2.5,１種住居,60,200,2026年第1四半期,私道を含む取引
宅地(土地と建物),不動産取引価格情報,住宅地,13110,東京都,目黒区,目黒本町,武蔵小山,6,460000000,,400,,ほぼ整形,17.9,310,1995年,鉄骨造,共同住宅,住宅,北,区道,4.3,近隣商業,80,300,2026年第1四半期,
宅地(土地と建物),不動産取引価格情報,商業地,13110,東京都,目黒区,祐天寺,祐天寺,4,620000000,,310,,ほぼ長方形,8.1,720,1992年,ＲＣ,共同住宅,事務所,南,区道,5,近隣商業,80,200,2026年第1四半期,
宅地(土地と建物),成約価格情報,,13111,東京都,大田区,池上,池上,15,79000000,,80,,,,110,2008年,木造,,,南西,公道,4,１種住居,60,160,2026年第1四半期,
宅地(土地と建物),成約価格情報,,13111,東京都,大田区,池上,蓮沼,10,54000000,,50,,,,85,2000年,木造,,,南,公道,8.9,１種住居,60,200,2026年第1四半期,
宅地(土地と建物),成約価格情報,,13111,東京都,大田区,池上,池上,10,68000000,,55,,,,75,2026年,木造,,,南,私道,4,１種住居,60,200,2026年第1四半期,
宅地(土地と建物),成約価格情報,,13111,東京都,大田区,池上,池上,10,63000000,,125,,,,120,1992年,木造,,,北東,私道,4,１種住居,60,160,2026年第1四半期,
宅地(土地と建物),成約価格情報,,13111,東京都,大田区,石川町,石川台,10,80000000,,80,,,,120,2003年,木造,,,,,4,１中住専,60,200,2026年第1四半期,
宅地(土地と建物),成約価格情報,,13111,東京都,大田区,石川町,雪が谷大塚,10,140000000,,105,,,,145,2026年,木造,,,北,私道,4,１中住専,70,160,2026年第1四半期,
宅地(土地と建物),成約価格情報,,13111,東京都,大田区,蒲田本町,蒲田,15,46000000,,65,,,,85,1989年,木造,,,北,公道,5.3,近隣商業,80,300,2026年第1四半期,
宅地(土地と建物),成約価格情報,,13111,東京都,大田区,蒲田本町,蒲田,10,100000000,,65,,,,125,2026年,木造,,,北,公道,4.1,準工業,60,200,2026年第1四半期,
宅地(土地と建物),成約価格情報,,13111,東京都,大田区,北糀谷,梅屋敷(東京),20,52000000,,50,,,,80,2011年,木造,,,,,,準工業,60,200,2026年第1四半期,
宅地(土地と建物),成約価格情報,,13111,東京都,大田区,北糀谷,梅屋敷(東京),10,42000000,,45,,,,70,1997年,木造,,,北東,公道,5.3,準工業,60,200,2026年第1四半期,
宅地(土地と建物),成約価格情報,,13111,東京都,大田区,下丸子,武蔵新田,10,58000000,,45,,,,70,2026年,木造,,,南東,私道,4,１種住居,60,200,2026年第1四半期,
宅地(土地と建物),成約価格情報,,13111,東京都,大田区,田園調布本町,御嶽山,10,67000000,,50,,,,75,2020年,木造,,,南西,公道,5.5,１中住専,60,200,2026年第1四半期,
宅地(土地と建物),成約価格情報,,13111,東京都,大田区,田園調布本町,御嶽山,10,85000000,,90,,,,85,2002年,木造,,,東,公道,4,１低住専,50,100,2026年第1四半期,
宅地(土地と建物),成約価格情報,,13111,東京都,大田区,田園調布本町,沼部,5,75000000,,120,,,,120,1996年,木造,,,北西,公道,7.1,１低住専,50,100,2026年第1四半期,
宅地(土地と建物),成約価格情報,,13111,東京都,大田区,仲池上,西馬込,15,60000000,,55,,,,75,2018年,木造,,,南西,公道,5.7,準工業,60,200,2026年第1四半期,
宅地(土地と建物),成約価格情報,,13111,東京都,大田区,西糀谷,糀谷,10,100000000,,105,,,,185,1993年,木造,,,南,公道,7.1,近隣商業,80,300,2026年第1四半期,
宅地(土地と建物),成約価格情報,,13111,東京都,大田区,西糀谷,糀谷,10,50000000,,50,,,,85,2008年,木造,,,,,,１種住居,60,200,2026年第1四半期,
宅地(土地と建物),成約価格情報,,13111,東京都,大田区,西糀谷,糀谷,15,67000000,,65,,,,100,2017年,木造,,,北,公道,6.3,準工業,60,200,2026年第1四半期,
宅地(土地と建物),成約価格情報,,13111,東京都,大田区,西糀谷,大鳥居,10,68000000,,70,,,,95,2026年,木造,,,北東,私道,3.6,近隣商業,80,400,2026年第1四半期,
宅地(土地と建物),成約価格情報,,13111,東京都,大田区,西糀谷,大鳥居,10,69000000,,75,,,,100,2026年,木造,,,西,公道,3.8,近隣商業,80,400,2026年第1四半期,
宅地(土地と建物),成約価格情報,,13111,東京都,大田区,西糀谷,糀谷,5,58000000,,45,,,,75,2008年,木造,,,北東,公道,4.1,準工業,70,200,2026年第1四半期,
宅地(土地と建物),成約価格情報,,13111,東京都,大田区,西糀谷,京急蒲田,10,25000000,,60,,,,85,1974年,木造,,,北,公道,2.3,１種住居,60,160,2026年第1四半期,
宅地(土地と建物),成約価格情報,,13111,東京都,大田区,西馬込,西馬込,10,40000000,,80,,,,70,1978年,木造,,,,,,１中住専,60,150,2026年第1四半期,
宅地(土地と建物),成約価格情報,,13111,東京都,大田区,西馬込,西馬込,10,65000000,,70,,,,105,2001年,木造,,,南西,公道,5.4,１中住専,60,150,2026年第1四半期,
宅地(土地と建物),成約価格情報,,13111,東京都,大田区,東糀谷,大鳥居,15,63000000,,65,,,,125,2009年,木造,,,西,公道,5.3,準工業,70,200,2026年第1四半期,
宅地(土地と建物),成約価格情報,,13111,東京都,大田区,南雪谷,雪が谷大塚,10,80000000,,75,,,,85,2026年,木造,,,,,,１中住専,60,200,2026年第1四半期,
宅地(土地と建物),成約価格情報,,13111,東京都,大田区,南雪谷,雪が谷大塚,10,81000000,,55,,,,95,2026年,木造,,,,,,１中住専,60,200,2026年第1四半期,
宅地(土地と建物),成約価格情報,,13111,東京都,大田区,南雪谷,雪が谷大塚,10,70000000,,55,,,,85,2008年,木造,,,西,私道,3.9,１中住専,60,160,2026年第1四半期,
宅地(土地と建物),成約価格情報,,13111,東京都,大田区,大森北,大森(東京),10,70000000,,45,,,,75,2026年,木造,,,南西,公道,4,１種住居,60,300,2026年第1四半期,
宅地(土地と建物),成約価格情報,,13111,東京都,大田区,大森北,大森(東京),10,67000000,,50,,,,70,2026年,木造,,,北西,公道,3.2,１種住居,60,160,2026年第1四半期,
宅地(土地と建物),成約価格情報,,13111,東京都,大田区,大森北,平和島,5,73000000,,60,,,,105,2018年,木造,,,西,公道,5.2,１種住居,60,210,2026年第1四半期,
宅地(土地と建物),成約価格情報,,13111,東京都,大田区,大森北,大森海岸,10,120000000,,85,,,,130,2008年,軽量鉄骨造,,,東,公道,6,１種住居,60,240,2026年第1四半期,
宅地(土地と建物),成約価格情報,,13111,東京都,大田区,大森北,平和島,5,63000000,,45,,,,75,2026年,木造,,,東,私道,4,１種住居,60,300,2026年第1四半期,
宅地(土地と建物),成約価格情報,,13111,東京都,大田区,大森北,平和島,10,89000000,,70,,,,110,2026年,木造,,,西,私道,4,１種住居,60,300,2026年第1四半期,
宅地(土地と建物),成約価格情報,,13111,東京都,大田区,大森西,大森町,15,60000000,,50,,,,85,2022年,木造,,,北東,私道,4,準工業,60,200,2026年第1四半期,
宅地(土地と建物),成約価格情報,,13111,東京都,大田区,大森西,平和島,15,52000000,,35,,,,60,2026年,木造,,,北,私道,4,準工業,70,227,2026年第1四半期,
宅地(土地と建物),成約価格情報,,13111,東京都,大田区,大森西,大森町,5,70000000,,50,,,,85,2026年,木造,,,南,私道,4,１種住居,60,160,2026年第1四半期,
宅地(土地と建物),成約価格情報,,13111,東京都,大田区,大森西,平和島,5,59000000,,50,,,,75,2012年,木造,,,,,,１種住居,70,196,2026年第1四半期,
宅地(土地と建物),成約価格情報,,13111,東京都,大田区,大森南,梅屋敷(東京),15,46000000,,55,,,,90,2025年,木造,,,,,,準工業,60,200,2026年第1四半期,
宅地(土地と建物),成約価格情報,,13111,東京都,大田区,大森南,昭和島,20,63000000,,40,,,,100,2026年,木造,,,北,公道,8,近隣商業,80,300,2026年第1四半期,
宅地(土地と建物),成約価格情報,,13111,東京都,大田区,大森南,梅屋敷(東京),20,36000000,,55,,,,85,1997年,木造,,,,私道,4,準工業,60,200,2026年第1四半期,
宅地(土地と建物),成約価格情報,,13111,東京都,大田区,大森南,梅屋敷(東京),20,32000000,,35,,,,60,2019年,木造,,,東,私道,2.9,準工業,60,200,2026年第1四半期,
宅地(土地と建物),成約価格情報,,13111,東京都,大田区,上池台,西馬込,15,73000000,,130,,,,95,1995年,木造,,,北東,,6.7,２中住専,60,200,2026年第1四半期,
宅地(土地と建物),成約価格情報,,13111,東京都,大田区,上池台,長原(東京),10,150000000,,115,,,,165,2019年,木造,,,北東,公道,6.7,１低住専,50,100,2026年第1四半期,
宅地(土地と建物),成約価格情報,,13111,東京都,大田区,上池台,長原(東京),5,200000000,,365,,,,295,1990年,鉄骨造,,,西,公道,5,１低住専,50,100,2026年第1四半期,
宅地(土地と建物),成約価格情報,,13111,東京都,大田区,上池台,西馬込,15,75000000,,65,,,,110,2026年,木造,,,,,,１中住専,60,200,2026年第1四半期,
宅地(土地と建物),成約価格情報,,13111,東京都,大田区,上池台,洗足池,20,110000000,,165,,,,205,2014年,木造,,,北東,公道,6.9,準工業,60,200,2026年第1四半期,
宅地(土地と建物),成約価格情報,,13111,東京都,大田区,上池台,長原(東京),10,94000000,,105,,,,95,2006年,木造,,,南,公道,6.8,１低住専,50,100,2026年第1四半期,
宅地(土地と建物),成約価格情報,,13111,東京都,大田区,北馬込,荏原町,10,120000000,,70,,,,120,2026年,木造,,,,,,１中住専,60,200,2026年第1四半期,
宅地(土地と建物),成約価格情報,,13111,東京都,大田区,久が原,久が原,10,130000000,,165,,,,130,1996年,木造,,,南,私道,3.4,１低住専,50,100,2026年第1四半期,
宅地(土地と建物),成約価格情報,,13111,東京都,大田区,久が原,久が原,15,86000000,,95,,,,95,2017年,木造,,,北,公道,7.2,１低住専,50,100,2026年第1四半期,
宅地(土地と建物),成約価格情報,,13111,東京都,大田区,久が原,久が原,10,120000000,,115,,,,100,2026年,木造,,,南,公道,7.2,１低住専,50,100,2026年第1四半期,
宅地(土地と建物),成約価格情報,,13111,東京都,大田区,久が原,久が原,10,140000000,,110,,,,120,2026年,木造,,,南,公道,7.2,１低住専,50,100,2026年第1四半期,
宅地(土地と建物),成約価格情報,,13111,東京都,大田区,久が原,西馬込,15,72000000,,55,,,,85,2026年,木造,,,西,公道,5.3,１種住居,60,200,2026年第1四半期,
宅地(土地と建物),成約価格情報,,13111,東京都,大田区,久が原,久が原,10,120000000,,165,,,,165,2003年,ＲＣ,,,南,私道,3.3,１低住専,50,100,2026年第1四半期,
宅地(土地と建物),成約価格情報,,13111,東京都,大田区,千鳥,武蔵新田,5,91000000,,105,,,,185,1986年,ＲＣ,,,北,公道,4,１種住居,60,160,2026年第1四半期,
宅地(土地と建物),成約価格情報,,13111,東京都,大田区,千鳥,池上,15,93000000,,75,,,,125,2025年,木造,,,南東,私道,,１種住居,60,200,2026年第1四半期,
宅地(土地と建物),成約価格情報,,13111,東京都,大田区,中馬込,西馬込,10,30000000,,120,,,,85,,木造,,,,,,１中住専,60,200,2026年第1四半期,
宅地(土地と建物),成約価格情報,,13111,東京都,大田区,中馬込,西馬込,10,72000000,,75,,,,85,2018年,木造,,,東,私道,4,１中住専,60,200,2026年第1四半期,
宅地(土地と建物),成約価格情報,,13111,東京都,大田区,仲六郷,雑色,10,76000000,,100,,,,90,2026年,木造,,,東,公道,5.3,準工業,60,200,2026年第1四半期,
宅地(土地と建物),成約価格情報,,13111,東京都,大田区,西六郷,蒲田,20,58000000,,45,,,,80,2025年,木造,,,北,公道,4,準工業,60,200,2026年第1四半期,
宅地(土地と建物),成約価格情報,,13111,東京都,大田区,西六郷,蒲田,20,54000000,,50,,,,85,2026年,木造,,,東,私道,4,準工業,60,200,2026年第1四半期,
宅地(土地と建物),成約価格情報,,13111,東京都,大田区,西六郷,雑色,15,84000000,,85,,,,120,2025年,木造,,,東,私道,4,準工業,60,200,2026年第1四半期,
宅地(土地と建物),成約価格情報,,13111,東京都,大田区,西六郷,蒲田,20,87000000,,100,,,,120,2026年,木造,,,北,公道,4,準工業,60,200,2026年第1四半期,
宅地(土地と建物),成約価格情報,,13111,東京都,大田区,西六郷,蒲田,,94000000,,105,,,,110,2026年,木造,,,西,私道,3.3,準工業,60,200,2026年第1四半期,
宅地(土地と建物),成約価格情報,,13111,東京都,大田区,西六郷,蒲田,,87000000,,110,,,,115,2025年,木造,,,西,私道,3.3,準工業,60,200,2026年第1四半期,
宅地(土地と建物),成約価格情報,,13111,東京都,大田区,西六郷,蒲田,,96000000,,105,,,,130,2026年,木造,,,西,私道,3.3,準工業,60,200,2026年第1四半期,
宅地(土地と建物),成約価格情報,,13111,東京都,大田区,西六郷,六郷土手,5,18000000,,55,,,,65,1985年,木造,,,東,私道,4,工業,60,200,2026年第1四半期,
宅地(土地と建物),成約価格情報,,13111,東京都,大田区,西六郷,六郷土手,5,49000000,,45,,,,75,2014年,木造,,,南,私道,4,工業,60,200,2026年第1四半期,
宅地(土地と建物),成約価格情報,,13111,東京都,大田区,萩中,大鳥居,5,25000000,,45,,,,50,1980年,鉄骨造,,,北,公道,5.4,１種住居,60,200,2026年第1四半期,
宅地(土地と建物),成約価格情報,,13111,東京都,大田区,大森東,大森町,15,64000000,,95,,,,95,2020年,木造,,,北西,公道,4,１種住居,60,160,2026年第1四半期,
宅地(土地と建物),成約価格情報,,13111,東京都,大田区,大森東,梅屋敷(東京),15,68000000,,105,,,,95,2006年,木造,,,,,,準工業,60,200,2026年第1四半期,
宅地(土地と建物),成約価格情報,,13111,東京都,大田区,北千束,洗足,5,89000000,,50,,,,85,2016年,木造,,,北,,3.3,１中住専,60,160,2026年第1四半期,
宅地(土地と建物),成約価格情報,,13111,東京都,大田区,北嶺町,御嶽山,10,42000000,,60,,,,80,1998年,木造,,,南西,私道,4,１低住専,50,100,2026年第1四半期,
宅地(土地と建物),成約価格情報,,13111,東京都,大田区,山王,大森(東京),15,95000000,,85,,,,90,2008年,木造,,,,公道,,１低住専,60,150,2026年第1四半期,
宅地(土地と建物),成約価格情報,,13111,東京都,大田区,新蒲田,蒲田,15,49000000,,105,,,,65,2013年,木造,,,南,私道,4,１種住居,60,160,2026年第1四半期,
宅地(土地と建物),成約価格情報,,13111,東京都,大田区,新蒲田,蒲田,15,76000000,,50,,,,95,2025年,木造,,,南,公道,8.2,１種住居,60,200,2026年第1四半期,
宅地(土地と建物),成約価格情報,,13111,東京都,大田区,新蒲田,蒲田,15,73000000,,50,,,,95,2025年,木造,,,東,公道,8.2,１種住居,60,200,2026年第1四半期,
宅地(土地と建物),成約価格情報,,13111,東京都,大田区,中央,池上,15,79000000,,70,,,,120,2026年,木造,,,南,公道,6.5,近隣商業,80,200,2026年第1四半期,
宅地(土地と建物),成約価格情報,,13111,東京都,大田区,中央,池上,15,75000000,,90,,,,100,2026年,木造,,,西,公道,8.2,近隣商業,80,200,2026年第1四半期,
宅地(土地と建物),成約価格情報,,13111,東京都,大田区,中央,池上,20,74000000,,75,,,,100,2026年,木造,,,,,,１種住居,60,200,2026年第1四半期,
宅地(土地と建物),成約価格情報,,13111,東京都,大田区,中央,池上,20,75000000,,75,,,,100,2026年,木造,,,,,,１種住居,60,200,2026年第1四半期,
宅地(土地と建物),成約価格情報,,13111,東京都,大田区,中央,大森町,20,43000000,,40,,,,65,2026年,木造,,,南東,私道,4,１種住居,60,200,2026年第1四半期,
宅地(土地と建物),成約価格情報,,13111,東京都,大田区,中央,西馬込,15,70000000,,145,,,,145,1996年,木造,,,南,公道,5.4,１低住専,50,100,2026年第1四半期,
宅地(土地と建物),成約価格情報,,13111,東京都,大田区,中央,西馬込,15,80000000,,105,,,,95,2017年,木造,,,北,公道,5.3,１低住専,50,100,2026年第1四半期,
宅地(土地と建物),成約価格情報,,13111,東京都,大田区,中央,大森町,20,37000000,,35,,,,55,2026年,木造,,,南東,私道,4,準工業,60,200,2026年第1四半期,
宅地(土地と建物),成約価格情報,,13111,東京都,大田区,中央,大森町,20,37000000,,35,,,,55,2026年,木造,,,南東,私道,4,準工業,60,200,2026年第1四半期,
宅地(土地と建物),成約価格情報,,13111,東京都,大田区,中央,蒲田,15,55000000,,50,,,,75,2018年,木造,,,,,,準工業,60,200,2026年第1四半期,
宅地(土地と建物),成約価格情報,,13111,東京都,大田区,中央,蒲田,20,65000000,,55,,,,95,2026年,木造,,,,,,１種住居,60,200,2026年第1四半期,
宅地(土地と建物),成約価格情報,,13111,東京都,大田区,中央,大森(東京),20,30000000,,45,,,,75,1985年,木造,,,北東,私道,4,１種住居,60,160,2026年第1四半期,
宅地(土地と建物),成約価格情報,,13111,東京都,大田区,中央,蒲田,15,40000000,,45,,,,75,2011年,木造,,,南,私道,4,１種住居,60,160,2026年第1四半期,
宅地(土地と建物),成約価格情報,,13111,東京都,大田区,中央,大森(東京),20,63000000,,55,,,,85,2026年,木造,,,南西,公道,4,１種住居,60,200,2026年第1四半期,
宅地(土地と建物),成約価格情報,,13111,東京都,大田区,中央,大森(東京),20,7800000,,30,,,,35,,木造,,,南西,公道,5.3,近隣商業,80,300,2026年第1四半期,
宅地(土地と建物),成約価格情報,,13111,東京都,大田区,田園調布,田園調布,10,220000000,,195,,,,125,2017年,木造,,,,,,１低住専,40,80,2026年第1四半期,
宅地(土地と建物),成約価格情報,,13111,東京都,大田区,田園調布,田園調布,15,140000000,,150,,,,150,2017年,木造,,,北西,公道,4.3,１低住専,50,100,2026年第1四半期,
宅地(土地と建物),成約価格情報,,13111,東京都,大田区,田園調布,多摩川,15,100000000,,70,,,,70,2020年,軽量鉄骨造,,,南東,公道,9,１低住専,60,100,2026年第1四半期,
宅地(土地と建物),成約価格情報,,13111,東京都,大田区,田園調布,田園調布,10,250000000,,215,,,,175,1993年,木造,,,南東,公道,4.3,１低住専,50,100,2026年第1四半期,
宅地(土地と建物),成約価格情報,,13111,東京都,大田区,田園調布,多摩川,10,120000000,,75,,,,120,2017年,木造,,,北西,,5.5,近隣商業,80,200,2026年第1四半期,
宅地(土地と建物),成約価格情報,,13111,東京都,大田区,田園調布,田園調布,15,130000000,,160,,,,150,2006年,木造,,,北西,,4,１低住専,40,80,2026年第1四半期,
宅地(土地と建物),成約価格情報,,13111,東京都,大田区,西蒲田,蓮沼,5,94000000,,75,,,,115,2026年,木造,,,南,公道,3.6,１種住居,60,160,2026年第1四半期,
宅地(土地と建物),成約価格情報,,13111,東京都,大田区,西蒲田,蒲田,15,66000000,,50,,,,90,2026年,木造,,,南,,4.5,１種住居,60,200,2026年第1四半期,
宅地(土地と建物),成約価格情報,,13111,東京都,大田区,西蒲田,蒲田,15,60000000,,55,,,,90,1997年,木造,,,,,,１低住専,60,200,2026年第1四半期,
宅地(土地と建物),成約価格情報,,13111,東京都,大田区,西蒲田,池上,15,100000000,,85,,,,140,2026年,木造,,,北東,私道,4,１種住居,60,160,2026年第1四半期,
宅地(土地と建物),成約価格情報,,13111,東京都,大田区,西蒲田,蒲田,15,51000000,,50,,,,75,2017年,木造,,,北,私道,3.6,１種住居,60,160,2026年第1四半期,
宅地(土地と建物),成約価格情報,,13111,東京都,大田区,東雪谷,洗足池,10,65000000,,85,,,,80,2018年,木造,,,南,私道,4,１低住専,60,100,2026年第1四半期,
宅地(土地と建物),成約価格情報,,13111,東京都,大田区,東雪谷,洗足池,20,59000000,,45,,,,70,2026年,木造,,,南,私道,4,１中住専,60,200,2026年第1四半期,
宅地(土地と建物),成約価格情報,,13111,東京都,大田区,東雪谷,石川台,5,93000000,,110,,,,105,2016年,木造,,,南東,私道,3.4,１低住専,50,100,2026年第1四半期,
宅地(土地と建物),成約価格情報,,13111,東京都,大田区,東雪谷,石川台,15,190000000,,490,,,,145,2012年,木造,,,北東,私道,4,１低住専,50,100,2026年第1四半期,
宅地(土地と建物),成約価格情報,,13111,東京都,大田区,東雪谷,洗足池,15,75000000,,100,,,,80,1966年,木造,,,南,私道,4,１中住専,60,160,2026年第1四半期,
宅地(土地と建物),成約価格情報,,13111,東京都,大田区,南千束,北千束,5,150000000,,130,,,,125,2014年,木造,,,南,,5.4,１低住専,50,100,2026年第1四半期,
宅地(土地と建物),成約価格情報,,13111,東京都,大田区,南千束,大岡山,10,77000000,,50,,,,80,2001年,,,,西,私道,4,１中住専,60,200,2026年第1四半期,
宅地(土地と建物),成約価格情報,,13111,東京都,大田区,南千束,北千束,5,150000000,,210,,,,115,1978年,木造,,,東,公道,5.5,１低住専,50,100,2026年第1四半期,
宅地(土地と建物),成約価格情報,,13111,東京都,大田区,矢口,矢口渡,15,55000000,,70,,,,95,2013年,木造,,,,,,準工業,60,200,2026年第1四半期,
宅地(土地と建物),成約価格情報,,13111,東京都,大田区,矢口,矢口渡,10,65000000,,70,,,,105,2009年,木造,,,東,公道,5.4,準工業,60,200,2026年第1四半期,
宅地(土地と建物),成約価格情報,,13111,東京都,大田区,鵜の木,鵜の木,5,60000000,,45,,,,80,2016年,木造,,,,,,１種住居,60,200,2026年第1四半期,
宅地(土地と建物),成約価格情報,,13111,東京都,大田区,鵜の木,鵜の木,10,75000000,,80,,,,100,2003年,木造,,,南,私道,2,１種住居,60,200,2026年第1四半期,
宅地(土地と建物),成約価格情報,,13111,東京都,大田区,多摩川,矢口渡,5,67000000,,65,,,,90,1999年,鉄骨造,,,東,私道,3.4,準住居,60,160,2026年第1四半期,
宅地(土地と建物),成約価格情報,,13111,東京都,大田区,多摩川,矢口渡,5,64000000,,50,,,,80,2017年,木造,,,北東,公道,11.7,１種住居,60,200,2026年第1四半期,
宅地(土地と建物),成約価格情報,,13111,東京都,大田区,東馬込,馬込,5,160000000,,120,,,,175,2025年,木造,,,南東,公道,7.1,１低住専,50,100,2026年第1四半期,
宅地(土地と建物),成約価格情報,,13111,東京都,大田区,東六郷,雑色,20,58000000,,55,,,,95,2025年,木造,,,南,私道,3.2,準工業,60,200,2026年第1四半期,
宅地(土地と建物),成約価格情報,,13111,東京都,大田区,本羽田,糀谷,15,55000000,,65,,,,100,1999年,木造,,,北,公道,6.6,工業,60,200,2026年第1四半期,
宅地(土地と建物),成約価格情報,,13111,東京都,大田区,南蒲田,京急蒲田,5,63000000,,70,,,,100,2026年,木造,,,,,,準工業,60,200,2026年第1四半期,
宅地(土地と建物),成約価格情報,,13111,東京都,大田区,南久が原,鵜の木,5,100000000,,100,,,,100,2025年,木造,,,,,,準住居,60,160,2026年第1四半期,
宅地(土地と建物),成約価格情報,,13111,東京都,大田区,南久が原,久が原,5,60000000,,85,,,,110,1998年,木造,,,北,,6,１低住専,50,100,2026年第1四半期,
宅地(土地と建物),成約価格情報,,13111,東京都,大田区,南久が原,千鳥町,10,78000000,,80,,,,85,2025年,木造,,,南東,公道,6,１低住専,50,100,2026年第1四半期,
宅地(土地と建物),成約価格情報,,13111,東京都,大田区,南久が原,久が原,10,120000000,,135,,,,130,2006年,軽量鉄骨造,,,,公道,,１低住専,50,100,2026年第1四半期,
宅地(土地と建物),成約価格情報,,13111,東京都,大田区,南馬込,馬込,15,68000000,,85,,,,95,2005年,木造,,,北西,公道,6.7,１種住居,60,200,2026年第1四半期,
宅地(土地と建物),成約価格情報,,13111,東京都,大田区,南馬込,馬込,10,63000000,,85,,,,85,2003年,木造,,,北西,私道,4,１低住専,50,100,2026年第1四半期,
宅地(土地と建物),成約価格情報,,13111,東京都,大田区,南馬込,大森(東京),20,84000000,,95,,,,95,2016年,木造,,,南,公道,4.3,１低住専,50,100,2026年第1四半期,
宅地(土地と建物),成約価格情報,,13111,東京都,大田区,南馬込,西馬込,15,100000000,,95,,,,90,2020年,木造,,,南西,公道,,１低住専,60,100,2026年第1四半期,
宅地(土地と建物),成約価格情報,,13111,東京都,大田区,南馬込,馬込,10,85000000,,95,,,,90,2016年,木造,,,南,公道,4.2,１低住専,50,100,2026年第1四半期,
宅地(土地と建物),成約価格情報,,13111,東京都,大田区,南六郷,雑色,10,57000000,,50,,,,85,2014年,木造,,,北東,公道,6.5,準工業,70,200,2026年第1四半期,
宅地(土地と建物),成約価格情報,,13111,東京都,大田区,南六郷,雑色,15,70000000,,55,,,,95,2026年,木造,,,,,,準工業,60,200,2026年第1四半期,
宅地(土地と建物),成約価格情報,,13111,東京都,大田区,南六郷,雑色,15,72000000,,55,,,,95,2026年,木造,,,,,,準工業,60,200,2026年第1四半期,
宅地(土地),不動産取引価格情報,住宅地,13111,東京都,大田区,池上,池上,11,46000000,3300000,45,990000,長方形,6,,,,,住宅,南西,区道,5.4,１種住居,60,200,2026年第1四半期,
宅地(土地),不動産取引価格情報,住宅地,13111,東京都,大田区,鵜の木,鵜の木,3,130000000,1600000,260,480000,長方形,14,,,,,住宅,南東,区道,4,１低住専,50,100,2026年第1四半期,
宅地(土地),不動産取引価格情報,住宅地,13111,東京都,大田区,鵜の木,鵜の木,2,5000000,220000,75,67000,袋地等,,,,,,住宅,北東,区道,6.2,１種住居,60,200,2026年第1四半期,
宅地(土地と建物),不動産取引価格情報,住宅地,13111,東京都,大田区,大森北,大森(東京),9,100000000,,230,,ほぼ長方形,13.3,470,1980年,ＲＣ,共同住宅,住宅,北,区道,6,１種住居,60,300,2026年第1四半期,
宅地(土地と建物),不動産取引価格情報,住宅地,13111,東京都,大田区,大森西,梅屋敷(東京),7,50000000,,90,,ほぼ長方形,6.5,115,1990年,木造,住宅,その他,北東,区道,5.3,１種住居,60,200,2026年第1四半期,
宅地(土地と建物),不動産取引価格情報,住宅地,13111,東京都,大田区,大森西,梅屋敷(東京),5,52000000,,65,,ほぼ長方形,6.5,,,,,住宅,南東,私道,4,１種住居,60,200,2026年第1四半期,私道を含む取引
宅地(土地と建物),不動産取引価格情報,住宅地,13111,東京都,大田区,大森西,平和島,10,15000000,,35,,ほぼ長方形,4.2,,,木造,住宅,住宅,北,私道,2.4,準工業,60,200,2026年第1四半期,
宅地(土地),不動産取引価格情報,住宅地,13111,東京都,大田区,大森西,平和島,10,220000000,3800000,195,1100000,ほぼ台形,9.5,,,,,住宅,北西,都道,20,準工業,60,300,2026年第1四半期,
宅地(土地と建物),不動産取引価格情報,住宅地,13111,東京都,大田区,大森東,梅屋敷(東京),15,47000000,,50,,長方形,6.5,75,2017年,木造,住宅,その他,南西,区道,4,準工業,60,200,2026年第1四半期,
宅地(土地と建物),不動産取引価格情報,住宅地,13111,東京都,大田区,大森南,梅屋敷(東京),18,260000000,,350,,ほぼ長方形,15,500,1988年,鉄骨造,住宅、工場、事務所,,北東,区道,11,準工業,60,200,2026年第1四半期,
宅地(土地と建物),不動産取引価格情報,住宅地,13111,東京都,大田区,大森南,梅屋敷(東京),16,42000000,,75,,ほぼ長方形,5.5,85,1973年,木造,住宅,,南西,区道,4.1,準工業,60,200,2026年第1四半期,
宅地(土地),不動産取引価格情報,住宅地,13111,東京都,大田区,大森南,大鳥居,15,25000000,1700000,50,520000,長方形,5.4,,,,,,西,私道,4,準工業,60,200,2026年第1四半期,
宅地(土地と建物),不動産取引価格情報,住宅地,13111,東京都,大田区,蒲田,梅屋敷(東京),6,65000000,,60,,ほぼ長方形,,95,2026年,木造,住宅,住宅,北,私道,4,１種住居,60,300,2026年第1四半期,
宅地(土地),不動産取引価格情報,住宅地,13111,東京都,大田区,蒲田,京急蒲田,3,150000000,6800000,75,2100000,長方形,6.5,,,,,事務所,北東,区道,13,商業,80,700,2026年第1四半期,
宅地(土地と建物),不動産取引価格情報,住宅地,13111,東京都,大田区,北糀谷,京急蒲田,13,70000000,,65,,ほぼ長方形,6,90,2025年,木造,住宅,,南,区道,5.5,準工業,60,200,2026年第1四半期,
宅地(土地と建物),不動産取引価格情報,住宅地,13111,東京都,大田区,北馬込,荏原町,8,640000000,,210,,ほぼ正方形,15,500,2025年,ＲＣ,共同住宅,住宅,南,区道,5.5,１中住専,60,200,2026年第1四半期,
宅地(土地),不動産取引価格情報,住宅地,13111,東京都,大田区,北嶺町,御嶽山,6,110000000,3900000,95,1200000,長方形,,,,,,住宅,南,私道,4,１低住専,50,100,2026年第1四半期,
宅地(土地と建物),不動産取引価格情報,住宅地,13111,東京都,大田区,久が原,久が原,7,130000000,,115,,不整形,2.9,105,2025年,木造,住宅,住宅,北西,区道,7.1,１低住専,50,100,2026年第1四半期,
宅地(土地),不動産取引価格情報,工業地,13111,東京都,大田区,京浜島,昭和島,23,990000000,2000000,1600,610000,ほぼ長方形,42.8,,,,,工場,南西,区道,12,工業専用,60,200,2026年第1四半期,
宅地(土地),不動産取引価格情報,商業地,13111,東京都,大田区,山王,大森(東京),10,100000000,4100000,80,1200000,ほぼ長方形,5.6,,,,,住宅,南西,区道,6.4,商業,80,400,2026年第1四半期,
宅地(土地と建物),不動産取引価格情報,住宅地,13111,東京都,大田区,新蒲田,蓮沼,9,75000000,,50,,ほぼ長方形,6.5,90,2025年,木造,住宅,住宅,南,区道,8,１種住居,60,200,2026年第1四半期,
宅地(土地と建物),不動産取引価格情報,住宅地,13111,東京都,大田区,新蒲田,矢口渡,13,61000000,,90,,袋地等,2.5,90,2026年,木造,住宅,住宅,南,私道,4,１種住居,60,200,2026年第1四半期,
宅地(土地),不動産取引価格情報,住宅地,13111,東京都,大田区,千鳥,千鳥町,4,75000000,2600000,95,800000,ほぼ正方形,9.5,,,,,住宅,南,都道,8.4,１種住居,60,200,2026年第1四半期,私道を含む取引
宅地(土地と建物),不動産取引価格情報,住宅地,13111,東京都,大田区,中央,池上,13,99000000,,165,,袋地等,3.7,200,1993年,木造,住宅,住宅,北西,区道,6.8,１種住居,60,200,2026年第1四半期,
宅地(土地),不動産取引価格情報,住宅地,13111,東京都,大田区,中央,大森(東京),15,36000000,3100000,40,930000,長方形,5.4,,,,,住宅,北西,私道,4,１種住居,60,200,2026年第1四半期,
宅地(土地),不動産取引価格情報,住宅地,13111,東京都,大田区,田園調布,田園調布,11,130000000,3100000,135,950000,長方形,9.1,,,,,住宅,北西,区道,3.4,１低住専,50,100,2026年第1四半期,
宅地(土地と建物),不動産取引価格情報,商業地,13111,東京都,大田区,中馬込,馬込,4,63000000,,70,,長方形,4.9,155,1986年,ＲＣ,住宅,住宅,東,区道,8,近隣商業,80,300,2026年第1四半期,
宅地(土地と建物),不動産取引価格情報,住宅地,13111,東京都,大田区,仲六郷,六郷土手,3,30000000,,125,,袋地等,,55,1973年,木造,住宅,その他,西,区道,3.8,準工業,60,200,2026年第1四半期,
宅地(土地と建物),不動産取引価格情報,住宅地,13111,東京都,大田区,西蒲田,蓮沼,7,61000000,,35,,ほぼ長方形,4.7,65,2018年,木造,住宅,住宅,北西,区道,4,１種住居,60,300,2026年第1四半期,
宅地(土地),不動産取引価格情報,住宅地,13111,東京都,大田区,西蒲田,蓮沼,9,42000000,2800000,50,850000,長方形,4.7,,,,,,南東,区道,8.8,１種住居,60,200,2026年第1四半期,
宅地(土地と建物),不動産取引価格情報,住宅地,13111,東京都,大田区,西糀谷,大鳥居,2,75000000,,70,,ほぼ台形,6.7,105,2026年,木造,住宅,住宅,南,私道,4,準工業,60,200,2026年第1四半期,
宅地(土地),不動産取引価格情報,住宅地,13111,東京都,大田区,西馬込,西馬込,6,44000000,1900000,75,570000,不整形,2.3,,,,,その他,南西,区道,6.1,１中住専,60,150,2026年第1四半期,
宅地(土地と建物),不動産取引価格情報,住宅地,13111,東京都,大田区,西六郷,雑色,12,83000000,,95,,長方形,6.9,100,2025年,木造,住宅,住宅,東,私道,4,準工業,60,200,2026年第1四半期,私道を含む取引
宅地(土地),不動産取引価格情報,工業地,13111,東京都,大田区,萩中,大鳥居,8,550000000,2500000,730,750000,不整形,30,,,,,住宅,南,区道,5,準工業,60,200,2026年第1四半期,私道を含む取引
宅地(土地),不動産取引価格情報,住宅地,13111,東京都,大田区,羽田,穴守稲荷,6,110000000,2000000,185,590000,ほぼ長方形,12,,,,,その他,西,区道,5.4,１種住居,60,200,2026年第1四半期,
宅地(土地と建物),不動産取引価格情報,住宅地,13111,東京都,大田区,羽田,穴守稲荷,8,120000000,,110,,ほぼ長方形,9.1,165,2026年,木造,共同住宅,その他,北,区道,4,１種住居,60,200,2026年第1四半期,
宅地(土地と建物),不動産取引価格情報,住宅地,13111,東京都,大田区,東嶺町,久が原,6,120000000,,125,,長方形,11.9,125,1990年,木造,住宅,住宅,南東,区道,6.1,１低住専,50,100,2026年第1四半期,
宅地(土地と建物),不動産取引価格情報,商業地,13111,東京都,大田区,東雪谷,石川台,9,70000000,,45,,長方形,5,85,2025年,木造,住宅,住宅,北西,区道,6.5,近隣商業,80,200,2026年第1四半期,
宅地(土地),不動産取引価格情報,住宅地,13111,東京都,大田区,東雪谷,石川台,10,11000000,470000,75,140000,長方形,5.7,,,,,,北東,私道,4,１低住専,50,100,2026年第1四半期,
宅地(土地と建物),不動産取引価格情報,住宅地,13111,東京都,大田区,東雪谷,石川台,9,83000000,,70,,長方形,4.9,95,2026年,木造,住宅,住宅,南西,私道,4,１中住専,60,200,2026年第1四半期,
宅地(土地),不動産取引価格情報,住宅地,13111,東京都,大田区,東六郷,雑色,7,17000000,1300000,45,390000,長方形,4.8,,,,,住宅,南西,私道,4,準工業,60,200,2026年第1四半期,私道を含む取引
宅地(土地と建物),不動産取引価格情報,住宅地,13111,東京都,大田区,本羽田,大鳥居,14,45000000,,55,,ほぼ正方形,7,65,1968年,木造,住宅,住宅,南,私道,2,１種住居,60,200,2026年第1四半期,
宅地(土地),不動産取引価格情報,住宅地,13111,東京都,大田区,本羽田,糀谷,9,95000000,1800000,170,560000,長方形,13,,,,,住宅,南,区道,5.1,準工業,60,200,2026年第1四半期,
宅地(土地と建物),不動産取引価格情報,住宅地,13111,東京都,大田区,本羽田,糀谷,12,30000000,,80,,長方形,6,85,1973年,木造,住宅,住宅,東,私道,3.2,準工業,60,200,2026年第1四半期,
宅地(土地と建物),不動産取引価格情報,住宅地,13111,東京都,大田区,本羽田,糀谷,12,26000000,,45,,長方形,6,50,1979年,木造,住宅,その他,北,私道,4,準工業,60,200,2026年第1四半期,
宅地(土地と建物),不動産取引価格情報,住宅地,13111,東京都,大田区,南蒲田,京急蒲田,6,230000000,,150,,不整形,11,190,2019年,鉄骨造,住宅,住宅,南西,道路,3.3,近隣商業,80,300,2026年第1四半期,
宅地(土地と建物),不動産取引価格情報,住宅地,13111,東京都,大田区,南久が原,久が原,5,78000000,,100,,ほぼ長方形,5.7,85,2001年,木造,住宅,住宅,南東,区道,6.2,１中住専,60,200,2026年第1四半期,
宅地(土地と建物),不動産取引価格情報,住宅地,13111,東京都,大田区,南雪谷,雪が谷大塚,3,94000000,,65,,ほぼ台形,5.2,110,2025年,木造,住宅,住宅,北,区道,7.8,１中住専,,,2026年第1四半期,
宅地(土地と建物),不動産取引価格情報,住宅地,13111,東京都,大田区,南雪谷,雪が谷大塚,9,160000000,,100,,ほぼ長方形,7.8,100,1997年,木造,住宅,住宅,南,区道,6.2,１低住専,50,100,2026年第1四半期,
宅地(土地と建物),不動産取引価格情報,住宅地,13111,東京都,大田区,南六郷,雑色,9,68000000,,70,,不整形,7,95,2025年,木造,住宅,住宅,北西,私道,2.6,準工業,60,200,2026年第1四半期,
宅地(土地),不動産取引価格情報,住宅地,13111,東京都,大田区,南六郷,雑色,12,30000000,2000000,50,600000,ほぼ長方形,3.8,,,,,,南西,私道,4,工業,60,200,2026年第1四半期,
宅地(土地と建物),不動産取引価格情報,住宅地,13111,東京都,大田区,矢口,矢口渡,10,70000000,,90,,台形,,100,2025年,木造,住宅,住宅,北西,私道,4,準工業,60,200,2026年第1四半期,私道を含む取引
宅地(土地と建物),成約価格情報,,13112,東京都,世田谷区,宇奈根,二子玉川,,55000000,,105,,,,100,2008年,木造,,,北西,公道,5,２低住専,40,120,2026年第1四半期,
宅地(土地と建物),成約価格情報,,13112,東京都,世田谷区,宇奈根,二子玉川,,59000000,,95,,,,90,2014年,木造,,,,公道,3.2,１中住専,60,200,2026年第1四半期,
宅地(土地と建物),成約価格情報,,13112,東京都,世田谷区,桜上水,桜上水,15,83000000,,80,,,,80,2017年,木造,,,南西,公道,5,１低住専,50,100,2026年第1四半期,
宅地(土地と建物),成約価格情報,,13112,東京都,世田谷区,祖師谷,千歳烏山,15,90000000,,100,,,,100,2013年,木造,,,北東,公道,5,１低住専,50,100,2026年第1四半期,
宅地(土地と建物),成約価格情報,,13112,東京都,世田谷区,祖師谷,祖師ケ谷大蔵,20,73000000,,140,,,,105,1985年,木造,,,南,私道,4.1,１低住専,40,80,2026年第1四半期,
宅地(土地と建物),成約価格情報,,13112,東京都,世田谷区,祖師谷,祖師ケ谷大蔵,5,75000000,,45,,,,75,2020年,木造,,,北,公道,3.8,近隣商業,80,240,2026年第1四半期,
宅地(土地と建物),成約価格情報,,13112,東京都,世田谷区,祖師谷,祖師ケ谷大蔵,15,130000000,,145,,,,115,2011年,木造,,,東,公道,3.9,１低住専,40,80,2026年第1四半期,
宅地(土地と建物),成約価格情報,,13112,東京都,世田谷区,祖師谷,祖師ケ谷大蔵,15,89000000,,145,,,,100,2025年,木造,,,北東,公道,4,１低住専,40,80,2026年第1四半期,
宅地(土地と建物),成約価格情報,,13112,東京都,世田谷区,祖師谷,祖師ケ谷大蔵,15,130000000,,160,,,,115,2017年,木造,,,西,私道,4,１低住専,40,80,2026年第1四半期,
宅地(土地と建物),成約価格情報,,13112,東京都,世田谷区,千歳台,祖師ケ谷大蔵,15,75000000,,110,,,,90,2007年,木造,,,,,,１低住専,40,80,2026年第1四半期,
宅地(土地と建物),成約価格情報,,13112,東京都,世田谷区,千歳台,祖師ケ谷大蔵,15,85000000,,100,,,,100,2020年,木造,,,南,公道,4.9,１低住専,50,100,2026年第1四半期,
宅地(土地と建物),成約価格情報,,13112,東京都,世田谷区,千歳台,祖師ケ谷大蔵,20,77000000,,100,,,,100,2003年,木造,,,北,私道,5,１低住専,50,100,2026年第1四半期,
宅地(土地と建物),成約価格情報,,13112,東京都,世田谷区,千歳台,祖師ケ谷大蔵,,90000000,,95,,,,100,2025年,木造,,,南,公道,5,１低住専,50,100,2026年第1四半期,
宅地(土地と建物),成約価格情報,,13112,東京都,世田谷区,千歳台,祖師ケ谷大蔵,15,60000000,,85,,,,105,1992年,木造,,,北,公道,4,１低住専,50,100,2026年第1四半期,
宅地(土地と建物),成約価格情報,,13112,東京都,世田谷区,野毛,上野毛,15,79000000,,135,,,,120,1977年,鉄骨造,,,,,,１低住専,40,80,2026年第1四半期,
宅地(土地と建物),成約価格情報,,13112,東京都,世田谷区,野毛,等々力,20,90000000,,135,,,,105,2026年,木造,,,,,,１低住専,40,80,2026年第1四半期,
宅地(土地と建物),成約価格情報,,13112,東京都,世田谷区,羽根木,東松原,10,130000000,,75,,,,120,2026年,木造,,,南東,公道,3.6,１低住専,60,150,2026年第1四半期,
宅地(土地と建物),成約価格情報,,13112,東京都,世田谷区,東玉川,雪が谷大塚,10,18000000,,50,,,,60,1983年,木造,,,南東,私道,2.5,１低住専,50,100,2026年第1四半期,
宅地(土地と建物),成約価格情報,,13112,東京都,世田谷区,深沢,桜新町,25,130000000,,110,,,,105,1994年,木造,,,,,,１低住専,50,100,2026年第1四半期,
宅地(土地と建物),成約価格情報,,13112,東京都,世田谷区,深沢,自由が丘(東京),,95000000,,70,,,,100,2003年,木造,,,北東,公道,6,１中住専,60,200,2026年第1四半期,
宅地(土地と建物),成約価格情報,,13112,東京都,世田谷区,松原,明大前,10,89000000,,50,,,,85,2026年,木造,,,北西,公道,4,１低住専,60,150,2026年第1四半期,
宅地(土地と建物),成約価格情報,,13112,東京都,世田谷区,松原,代田橋,5,45000000,,45,,,,60,2008年,木造,,,東,公道,4,１種住居,60,200,2026年第1四半期,
宅地(土地と建物),成約価格情報,,13112,東京都,世田谷区,松原,下高井戸,10,98000000,,95,,,,90,2015年,木造,,,南東,公道,4.5,１低住専,60,150,2026年第1四半期,
宅地(土地と建物),成約価格情報,,13112,東京都,世田谷区,松原,明大前,10,62000000,,95,,,,65,戦前,木造,,,北東,公道,5.4,１中住専,60,200,2026年第1四半期,
宅地(土地と建物),成約価格情報,,13112,東京都,世田谷区,松原,東松原,5,25000000,,45,,,,40,1986年,木造,,,北東,私道,3.1,１種住居,60,181,2026年第1四半期,
宅地(土地と建物),成約価格情報,,13112,東京都,世田谷区,南烏山,千歳烏山,5,160000000,,150,,,,145,1996年,木造,,,南,公道,6,１低住専,50,100,2026年第1四半期,
宅地(土地と建物),成約価格情報,,13112,東京都,世田谷区,南烏山,千歳烏山,10,79000000,,65,,,,85,2017年,木造,,,東,,4,１種住居,60,160,2026年第1四半期,
宅地(土地と建物),成約価格情報,,13112,東京都,世田谷区,南烏山,芦花公園,5,47000000,,55,,,,85,1998年,木造,,,東,私道,3.8,１種住居,60,152,2026年第1四半期,
宅地(土地と建物),成約価格情報,,13112,東京都,世田谷区,南烏山,芦花公園,10,83000000,,75,,,,110,2025年,木造,,,,私道,,１中住専,60,200,2026年第1四半期,
宅地(土地と建物),成約価格情報,,13112,東京都,世田谷区,南烏山,千歳烏山,5,60000000,,50,,,,70,2017年,木造,,,北西,公道,4,１種住居,60,160,2026年第1四半期,
宅地(土地と建物),成約価格情報,,13112,東京都,世田谷区,南烏山,八幡山,10,80000000,,75,,,,100,2025年,木造,,,南西,私道,4,１中住専,60,200,2026年第1四半期,
宅地(土地と建物),成約価格情報,,13112,東京都,世田谷区,岡本,用賀,15,93000000,,100,,,,95,2013年,木造,,,,,,１低住専,50,100,2026年第1四半期,
宅地(土地と建物),成約価格情報,,13112,東京都,世田谷区,岡本,二子玉川,20,93000000,,110,,,,100,2016年,木造,,,南東,公道,6,２低住専,60,200,2026年第1四半期,
宅地(土地と建物),成約価格情報,,13112,東京都,世田谷区,岡本,用賀,25,70000000,,100,,,,80,2007年,木造,,,北東,公道,3.9,１低住専,50,100,2026年第1四半期,
宅地(土地と建物),成約価格情報,,13112,東京都,世田谷区,上祖師谷,千歳烏山,10,110000000,,235,,,,260,1988年,ＲＣ,,,南,公道,8,１低住専,50,100,2026年第1四半期,
宅地(土地と建物),成約価格情報,,13112,東京都,世田谷区,上祖師谷,千歳烏山,20,68000000,,120,,,,85,2015年,木造,,,南東,公道,5.4,１中住専,60,200,2026年第1四半期,
宅地(土地と建物),成約価格情報,,13112,東京都,世田谷区,上祖師谷,仙川,15,50000000,,40,,,,75,2021年,木造,,,,,5.3,１中住専,60,200,2026年第1四半期,
宅地(土地と建物),成約価格情報,,13112,東京都,世田谷区,上祖師谷,成城学園前,,77000000,,140,,,,100,2026年,木造,,,,私道,,１低住専,40,80,2026年第1四半期,
宅地(土地と建物),成約価格情報,,13112,東京都,世田谷区,上祖師谷,千歳烏山,5,74000000,,50,,,,85,2011年,木造,,,北,公道,11,１中住専,60,200,2026年第1四半期,
宅地(土地と建物),成約価格情報,,13112,東京都,世田谷区,上祖師谷,千歳烏山,10,90000000,,105,,,,110,1986年,木造,,,北東,私道,4,１中住専,60,200,2026年第1四半期,
宅地(土地と建物),成約価格情報,,13112,東京都,世田谷区,上祖師谷,仙川,15,32000000,,65,,,,75,1970年,木造,,,,,,１中住専,60,200,2026年第1四半期,
宅地(土地と建物),成約価格情報,,13112,東京都,世田谷区,上祖師谷,千歳烏山,10,60000000,,55,,,,80,2000年,木造,,,,公道,,１低住専,50,100,2026年第1四半期,
宅地(土地と建物),成約価格情報,,13112,東京都,世田谷区,上用賀,用賀,10,120000000,,85,,,,85,2019年,木造,,,南,公道,4,１低住専,50,100,2026年第1四半期,
宅地(土地と建物),成約価格情報,,13112,東京都,世田谷区,上用賀,用賀,20,110000000,,100,,,,95,2019年,木造,,,,,,１低住専,50,100,2026年第1四半期,
宅地(土地と建物),成約価格情報,,13112,東京都,世田谷区,北沢,池ノ上,10,90000000,,80,,,,120,1990年,木造,,,西,公道,4,１中住専,60,160,2026年第1四半期,
宅地(土地と建物),成約価格情報,,13112,東京都,世田谷区,喜多見,喜多見,25,54000000,,90,,,,85,2022年,木造,,,西,公道,6.3,１低住専,50,100,2026年第1四半期,
宅地(土地と建物),成約価格情報,,13112,東京都,世田谷区,喜多見,成城学園前,15,130000000,,110,,,,105,2024年,木造,,,南,公道,6.3,１低住専,50,100,2026年第1四半期,
宅地(土地と建物),成約価格情報,,13112,東京都,世田谷区,喜多見,喜多見,10,79000000,,80,,,,110,2025年,木造,,,,,,１種住居,60,200,2026年第1四半期,
宅地(土地と建物),成約価格情報,,13112,東京都,世田谷区,喜多見,狛江,,48000000,,95,,,,75,2022年,木造,,,,,,１低住専,50,100,2026年第1四半期,
宅地(土地と建物),成約価格情報,,13112,東京都,世田谷区,喜多見,成城学園前,20,110000000,,145,,,,115,2024年,木造,,,,,,１低住専,40,80,2026年第1四半期,
宅地(土地と建物),成約価格情報,,13112,東京都,世田谷区,給田,千歳烏山,15,160000000,,200,,,,155,2018年,木造,,,南,私道,4,１低住専,40,80,2026年第1四半期,
宅地(土地と建物),成約価格情報,,13112,東京都,世田谷区,給田,仙川,15,25000000,,40,,,,85,1987年,木造,,,,私道,,１低住専,50,100,2026年第1四半期,
宅地(土地と建物),成約価格情報,,13112,東京都,世田谷区,給田,千歳烏山,15,17000000,,105,,,,30,1955年,木造,,,,,,１低住専,50,100,2026年第1四半期,
宅地(土地と建物),成約価格情報,,13112,東京都,世田谷区,給田,千歳烏山,10,92000000,,115,,,,100,2005年,木造,,,南,公道,5.6,１低住専,50,100,2026年第1四半期,
宅地(土地と建物),成約価格情報,,13112,東京都,世田谷区,経堂,経堂,10,130000000,,100,,,,120,2021年,木造,,,,,,１低住専,60,150,2026年第1四半期,
宅地(土地と建物),成約価格情報,,13112,東京都,世田谷区,経堂,経堂,15,160000000,,235,,,,135,1990年,木造,,,北西,私道,4,１低住専,60,150,2026年第1四半期,
宅地(土地と建物),成約価格情報,,13112,東京都,世田谷区,経堂,経堂,10,45000000,,80,,,,85,1977年,木造,,,,,,１低住専,60,150,2026年第1四半期,
宅地(土地と建物),成約価格情報,,13112,東京都,世田谷区,経堂,千歳船橋,10,69000000,,50,,,,80,2021年,軽量鉄骨造,,,北,公道,5.8,１中住専,60,200,2026年第1四半期,
宅地(土地と建物),成約価格情報,,13112,東京都,世田谷区,桜,宮の坂,10,70000000,,50,,,,70,2012年,木造,,,北西,公道,6,１中住専,60,200,2026年第1四半期,
宅地(土地と建物),成約価格情報,,13112,東京都,世田谷区,桜,上町,5,90000000,,80,,,,120,2010年,,,,,,,１低住専,60,150,2026年第1四半期,
宅地(土地と建物),成約価格情報,,13112,東京都,世田谷区,成城,成城学園前,10,100000000,,125,,,,120,1997年,,,,南西,公道,4.5,１低住専,40,80,2026年第1四半期,
宅地(土地と建物),成約価格情報,,13112,東京都,世田谷区,成城,成城学園前,10,130000000,,135,,,,120,2023年,木造,,,南東,公道,5,１低住専,40,100,2026年第1四半期,
宅地(土地と建物),成約価格情報,,13112,東京都,世田谷区,成城,成城学園前,10,150000000,,140,,,,185,1995年,木造,,,北,公道,5.6,１種住居,60,200,2026年第1四半期,
宅地(土地と建物),成約価格情報,,13112,東京都,世田谷区,玉川田園調布,田園調布,5,340000000,,260,,,,120,1999年,木造,,,南西,公道,4.3,１低住専,50,100,2026年第1四半期,
宅地(土地と建物),成約価格情報,,13112,東京都,世田谷区,玉川田園調布,田園調布,10,280000000,,150,,,,150,2006年,ＲＣ,,,西,私道,4.5,１低住専,50,100,2026年第1四半期,
宅地(土地と建物),成約価格情報,,13112,東京都,世田谷区,中町,上野毛,15,120000000,,130,,,,105,2007年,木造,,,北西,私道,5,１低住専,50,100,2026年第1四半期,
宅地(土地と建物),成約価格情報,,13112,東京都,世田谷区,中町,上野毛,15,74000000,,50,,,,95,2014年,木造,,,北,公道,4,近隣商業,80,200,2026年第1四半期,
宅地(土地と建物),成約価格情報,,13112,東京都,世田谷区,中町,上野毛,10,200000000,,215,,,,185,1985年,木造,,,,,,１低住専,50,100,2026年第1四半期,
宅地(土地と建物),成約価格情報,,13112,東京都,世田谷区,中町,用賀,15,110000000,,65,,,,110,2026年,木造,,,,,,１種住居,60,200,2026年第1四半期,
宅地(土地と建物),成約価格情報,,13112,東京都,世田谷区,船橋,千歳船橋,20,53000000,,140,,,,110,1983年,軽量鉄骨造,,,,,,準工業,60,200,2026年第1四半期,
宅地(土地と建物),成約価格情報,,13112,東京都,世田谷区,船橋,千歳船橋,15,84000000,,75,,,,100,2020年,木造,,,南東,公道,4,１中住専,60,160,2026年第1四半期,
宅地(土地と建物),成約価格情報,,13112,東京都,世田谷区,船橋,千歳船橋,10,85000000,,75,,,,95,2016年,木造,,,,公道,4,１中住専,60,200,2026年第1四半期,
宅地(土地と建物),成約価格情報,,13112,東京都,世田谷区,船橋,経堂,20,100000000,,125,,,,185,1997年,木造,,,南西,公道,3.1,準工業,60,200,2026年第1四半期,
宅地(土地と建物),成約価格情報,,13112,東京都,世田谷区,宮坂,経堂,10,130000000,,100,,,,115,2009年,木造,,,南,公道,4.6,１低住専,50,100,2026年第1四半期,
宅地(土地と建物),成約価格情報,,13112,東京都,世田谷区,梅丘,梅ケ丘,15,100000000,,80,,,,100,2011年,木造,,,西,公道,6.3,１低住専,60,150,2026年第1四半期,
宅地(土地と建物),成約価格情報,,13112,東京都,世田谷区,梅丘,豪徳寺,15,120000000,,80,,,,105,2026年,木造,,,,,,１低住専,60,150,2026年第1四半期,
宅地(土地と建物),成約価格情報,,13112,東京都,世田谷区,梅丘,豪徳寺,10,150000000,,100,,,,145,2016年,木造,,,北,公道,3.7,１低住専,60,150,2026年第1四半期,
宅地(土地と建物),成約価格情報,,13112,東京都,世田谷区,梅丘,梅ケ丘,15,110000000,,80,,,,110,2025年,木造,,,東,私道,4,１低住専,60,150,2026年第1四半期,
宅地(土地と建物),成約価格情報,,13112,東京都,世田谷区,梅丘,梅ケ丘,15,120000000,,80,,,,115,2025年,木造,,,東,私道,4,１低住専,60,150,2026年第1四半期,
宅地(土地と建物),成約価格情報,,13112,東京都,世田谷区,梅丘,豪徳寺,10,140000000,,105,,,,100,2013年,木造,,,北,公道,5,１低住専,60,150,2026年第1四半期,
宅地(土地と建物),成約価格情報,,13112,東京都,世田谷区,大原,笹塚,5,110000000,,45,,,,80,2023年,木造,,,西,公道,5,１中住専,60,200,2026年第1四半期,
宅地(土地と建物),成約価格情報,,13112,東京都,世田谷区,大原,下北沢,10,140000000,,60,,,,95,2025年,ＲＣ,,,東,公道,4,１低住専,50,150,2026年第1四半期,
宅地(土地と建物),成約価格情報,,13112,東京都,世田谷区,大原,下北沢,10,75000000,,65,,,,90,1994年,木造,,,東,公道,3.2,１低住専,50,150,2026年第1四半期,
宅地(土地と建物),成約価格情報,,13112,東京都,世田谷区,奥沢,自由が丘(東京),10,170000000,,70,,,,125,2025年,木造,,,東,私道,4,１種住居,60,160,2026年第1四半期,
宅地(土地と建物),成約価格情報,,13112,東京都,世田谷区,奥沢,自由が丘(東京),10,160000000,,75,,,,125,2025年,木造,,,東,私道,4,１種住居,60,160,2026年第1四半期,
宅地(土地と建物),成約価格情報,,13112,東京都,世田谷区,奥沢,奥沢,10,380000000,,330,,,,225,2003年,木造,,,北,公道,3.8,１低住専,50,100,2026年第1四半期,
宅地(土地と建物),成約価格情報,,13112,東京都,世田谷区,奥沢,奥沢,15,21000000,,45,,,,80,1985年,,,,北,私道,4,１低住専,50,100,2026年第1四半期,
宅地(土地と建物),成約価格情報,,13112,東京都,世田谷区,奥沢,九品仏,5,92000000,,45,,,,75,2019年,木造,,,東,公道,8,近隣商業,80,300,2026年第1四半期,
宅地(土地と建物),成約価格情報,,13112,東京都,世田谷区,奥沢,尾山台,10,74000000,,55,,,,55,2004年,木造,,,東,公道,3.6,１低住専,50,100,2026年第1四半期,
宅地(土地と建物),成約価格情報,,13112,東京都,世田谷区,奥沢,奥沢,10,200000000,,250,,,,150,2012年,木造,,,西,公道,5.4,１種住居,60,200,2026年第1四半期,
宅地(土地と建物),成約価格情報,,13112,東京都,世田谷区,奥沢,緑が丘(東京),5,120000000,,75,,,,80,2006年,軽量鉄骨造,,,南,公道,4.4,１中住専,60,200,2026年第1四半期,
宅地(土地と建物),成約価格情報,,13112,東京都,世田谷区,奥沢,奥沢,15,210000000,,150,,,,190,2006年,木造,,,北,公道,5.4,１低住専,50,100,2026年第1四半期,
宅地(土地と建物),成約価格情報,,13112,東京都,世田谷区,奥沢,九品仏,5,340000000,,170,,,,205,2025年,木造,,,北,私道,4,１低住専,50,100,2026年第1四半期,
宅地(土地と建物),成約価格情報,,13112,東京都,世田谷区,尾山台,尾山台,10,130000000,,160,,,,100,2019年,木造,,,東,公道,6.1,２種住居,40,200,2026年第1四半期,
宅地(土地と建物),成約価格情報,,13112,東京都,世田谷区,尾山台,尾山台,15,220000000,,180,,,,135,2026年,木造,,,,,,１低住専,40,80,2026年第1四半期,
宅地(土地と建物),成約価格情報,,13112,東京都,世田谷区,粕谷,千歳烏山,15,75000000,,95,,,,85,2019年,木造,,,東,公道,4,１低住専,50,100,2026年第1四半期,
宅地(土地と建物),成約価格情報,,13112,東京都,世田谷区,粕谷,千歳烏山,10,45000000,,35,,,,45,2026年,木造,,,南西,公道,4,１低住専,70,150,2026年第1四半期,
宅地(土地と建物),成約価格情報,,13112,東京都,世田谷区,粕谷,芦花公園,15,86000000,,110,,,,85,2026年,木造,,,北,私道,4.5,１低住専,50,100,2026年第1四半期,
宅地(土地と建物),成約価格情報,,13112,東京都,世田谷区,粕谷,千歳烏山,10,60000000,,40,,,,75,2013年,木造,,,南,公道,8,１中住専,70,200,2026年第1四半期,
宅地(土地と建物),成約価格情報,,13112,東京都,世田谷区,上馬,松陰神社前,5,190000000,,130,,,,130,2023年,木造,,,西,公道,11,２種住居,60,150,2026年第1四半期,
宅地(土地と建物),成約価格情報,,13112,東京都,世田谷区,上野毛,上野毛,5,170000000,,135,,,,185,2014年,木造,,,北,公道,6.1,１低住専,45,100,2026年第1四半期,
宅地(土地と建物),成約価格情報,,13112,東京都,世田谷区,北烏山,富士見ケ丘,15,65000000,,75,,,,60,2023年,木造,,,北,私道,4,１低住専,50,100,2026年第1四半期,
宅地(土地と建物),成約価格情報,,13112,東京都,世田谷区,北烏山,千歳烏山,20,120000000,,150,,,,120,2026年,木造,,,北東,公道,4,１低住専,40,80,2026年第1四半期,
宅地(土地と建物),成約価格情報,,13112,東京都,世田谷区,北烏山,千歳烏山,15,90000000,,110,,,,100,2009年,木造,,,西,私道,6,１低住専,50,100,2026年第1四半期,
宅地(土地と建物),成約価格情報,,13112,東京都,世田谷区,北烏山,千歳烏山,15,77000000,,85,,,,85,2006年,木造,,,南西,私道,5,１低住専,50,100,2026年第1四半期,
宅地(土地と建物),成約価格情報,,13112,東京都,世田谷区,北烏山,千歳烏山,15,120000000,,105,,,,125,2026年,木造,,,北,私道,44,１低住専,50,100,2026年第1四半期,
宅地(土地と建物),成約価格情報,,13112,東京都,世田谷区,北烏山,芦花公園,5,65000000,,100,,,,100,1989年,木造,,,西,公道,3.9,１低住専,40,80,2026年第1四半期,
宅地(土地と建物),成約価格情報,,13112,東京都,世田谷区,北烏山,芦花公園,10,95000000,,100,,,,100,2018年,木造,,,,公道,6,１低住専,50,100,2026年第1四半期,
宅地(土地と建物),成約価格情報,,13112,東京都,世田谷区,北烏山,千歳烏山,15,100000000,,150,,,,170,1987年,木造,,,,,,１中住専,60,200,2026年第1四半期,
宅地(土地と建物),成約価格情報,,13112,東京都,世田谷区,北烏山,千歳烏山,20,74000000,,110,,,,85,2023年,木造,,,東,公道,4.5,１低住専,40,80,2026年第1四半期,
宅地(土地と建物),成約価格情報,,13112,東京都,世田谷区,北烏山,千歳烏山,20,10000000,,40,,,,50,1963年,木造,,,,,0,１低住専,40,80,2026年第1四半期,
宅地(土地と建物),成約価格情報,,13112,東京都,世田谷区,北烏山,千歳烏山,25,66000000,,70,,,,105,2026年,木造,,,南西,公道,4,１中住専,60,160,2026年第1四半期,
宅地(土地と建物),成約価格情報,,13112,東京都,世田谷区,北烏山,千歳烏山,20,60000000,,110,,,,90,2004年,木造,,,北,公道,5,１低住専,50,100,2026年第1四半期,
宅地(土地と建物),成約価格情報,,13112,東京都,世田谷区,駒沢,駒沢大学,15,44000000,,60,,,,80,1992年,木造,,,南西,私道,4,１低住専,50,100,2026年第1四半期,
宅地(土地と建物),成約価格情報,,13112,東京都,世田谷区,駒沢,駒沢大学,15,160000000,,100,,,,100,2024年,木造,,,西,公道,4,１低住専,50,100,2026年第1四半期,
宅地(土地と建物),成約価格情報,,13112,東京都,世田谷区,駒沢,駒沢大学,15,98000000,,110,,,,95,2001年,木造,,,西,公道,3.5,１低住専,50,100,2026年第1四半期,
宅地(土地と建物),成約価格情報,,13112,東京都,世田谷区,駒沢,駒沢大学,10,79000000,,50,,,,85,1996年,木造,,,南西,公道,4,１中住専,60,150,2026年第1四半期,
宅地(土地と建物),成約価格情報,,13112,東京都,世田谷区,駒沢,駒沢大学,5,120000000,,70,,,,105,2016年,木造,,,北,私道,3.3,１種住居,60,200,2026年第1四半期,
宅地(土地と建物),成約価格情報,,13112,東京都,世田谷区,駒沢,駒沢大学,10,240000000,,145,,,,205,2008年,木造,,,南,公道,5.4,１低住専,50,100,2026年第1四半期,
宅地(土地と建物),成約価格情報,,13112,東京都,世田谷区,駒沢,駒沢大学,10,80000000,,65,,,,55,2013年,木造,,,北東,私道,2.4,１低住専,50,100,2026年第1四半期,
宅地(土地と建物),成約価格情報,,13112,東京都,世田谷区,下馬,祐天寺,15,170000000,,100,,,,135,2014年,木造,,,北,公道,4.2,近隣商業,80,300,2026年第1四半期,
宅地(土地と建物),成約価格情報,,13112,東京都,世田谷区,下馬,祐天寺,15,78000000,,50,,,,80,2001年,木造,,,南東,,8,１中住専,60,200,2026年第1四半期,
宅地(土地と建物),成約価格情報,,13112,東京都,世田谷区,下馬,祐天寺,15,160000000,,70,,,,130,2025年,木造,,,北,公道,3.4,１中住専,70,160,2026年第1四半期,
宅地(土地と建物),成約価格情報,,13112,東京都,世田谷区,下馬,祐天寺,15,180000000,,80,,,,135,2025年,木造,,,南,公道,3.6,１中住専,70,160,2026年第1四半期,
宅地(土地と建物),成約価格情報,,13112,東京都,世田谷区,下馬,祐天寺,15,82000000,,45,,,,70,2019年,木造,,,,公道,,１種住居,60,200,2026年第1四半期,
宅地(土地と建物),成約価格情報,,13112,東京都,世田谷区,下馬,学芸大学,15,75000000,,125,,,,125,1969年,木造,,,,,,１中住専,60,200,2026年第1四半期,
宅地(土地と建物),成約価格情報,,13112,東京都,世田谷区,下馬,三軒茶屋,15,120000000,,80,,,,115,2017年,木造,,,北西,私道,4,１中住専,60,160,2026年第1四半期,
宅地(土地と建物),成約価格情報,,13112,東京都,世田谷区,新町,駒沢大学,15,130000000,,100,,,,100,2019年,木造,,,西,公道,8,１低住専,50,100,2026年第1四半期,
宅地(土地と建物),成約価格情報,,13112,東京都,世田谷区,新町,桜新町,10,140000000,,115,,,,125,2013年,木造,,,東,公道,3.9,１低住専,50,100,2026年第1四半期,
宅地(土地と建物),成約価格情報,,13112,東京都,世田谷区,新町,桜新町,10,94000000,,90,,,,85,2009年,木造,,,西,私道,4.8,１低住専,50,100,2026年第1四半期,
宅地(土地と建物),成約価格情報,,13112,東京都,世田谷区,新町,桜新町,10,110000000,,100,,,,100,2022年,,,,西,私道,4.5,１低住専,50,100,2026年第1四半期,
宅地(土地と建物),成約価格情報,,13112,東京都,世田谷区,代沢,池ノ上,15,110000000,,90,,,,105,2002年,木造,,,南東,公道,4.3,１中住専,50,150,2026年第1四半期,
宅地(土地と建物),成約価格情報,,13112,東京都,世田谷区,代沢,池ノ上,10,140000000,,85,,,,110,2012年,木造,,,北東,,3.2,１低住専,50,150,2026年第1四半期,
宅地(土地と建物),成約価格情報,,13112,東京都,世田谷区,太子堂,西太子堂,10,130000000,,75,,,,95,2013年,木造,,,南,私道,4.5,１低住専,70,150,2026年第1四半期,
宅地(土地と建物),成約価格情報,,13112,東京都,世田谷区,太子堂,三軒茶屋,10,99000000,,55,,,,90,2003年,木造,,,西,公道,5.2,１種住居,60,200,2026年第1四半期,
宅地(土地と建物),成約価格情報,,13112,東京都,世田谷区,等々力,等々力,15,120000000,,85,,,,115,2013年,木造,,,南,公道,7.9,１中住専,60,200,2026年第1四半期,
宅地(土地と建物),成約価格情報,,13112,東京都,世田谷区,等々力,自由が丘(東京),15,230000000,,185,,,,185,2026年,木造,,,東,,4,１低住専,50,100,2026年第1四半期,
宅地(土地と建物),成約価格情報,,13112,東京都,世田谷区,等々力,等々力,10,120000000,,85,,,,85,2021年,木造,,,東,公道,6,１低住専,50,100,2026年第1四半期,
宅地(土地と建物),成約価格情報,,13112,東京都,世田谷区,等々力,尾山台,5,200000000,,145,,,,145,2021年,木造,,,北東,公道,6.1,１低住専,50,100,2026年第1四半期,
宅地(土地と建物),成約価格情報,,13112,東京都,世田谷区,野沢,駒沢大学,10,100000000,,90,,,,80,2022年,木造,,,北西,公道,3.7,１低住専,60,150,2026年第1四半期,
宅地(土地と建物),成約価格情報,,13112,東京都,世田谷区,野沢,学芸大学,20,58000000,,55,,,,80,2000年,木造,,,,,,１低住専,50,150,2026年第1四半期,
宅地(土地と建物),成約価格情報,,13112,東京都,世田谷区,用賀,用賀,5,110000000,,80,,,,110,1994年,木造,,,北東,公道,6,１種住居,60,200,2026年第1四半期,
宅地(土地と建物),成約価格情報,,13112,東京都,世田谷区,用賀,用賀,10,300000000,,395,,,,190,1988年,木造,,,,,,１低住専,50,100,2026年第1四半期,
宅地(土地と建物),成約価格情報,,13112,東京都,世田谷区,赤堤,豪徳寺,10,96000000,,85,,,,110,2004年,木造,,,南,私道,3.7,１低住専,60,150,2026年第1四半期,
宅地(土地と建物),成約価格情報,,13112,東京都,世田谷区,赤堤,豪徳寺,10,78000000,,105,,,,85,1999年,木造,,,南西,公道,4.5,１低住専,60,150,2026年第1四半期,
宅地(土地と建物),成約価格情報,,13112,東京都,世田谷区,赤堤,豪徳寺,10,140000000,,115,,,,130,2025年,木造,,,北,公道,4,１低住専,60,150,2026年第1四半期,
宅地(土地と建物),成約価格情報,,13112,東京都,世田谷区,赤堤,経堂,10,250000000,,225,,,,255,2001年,軽量鉄骨造,,,西,公道,6,１低住専,50,100,2026年第1四半期,
宅地(土地と建物),成約価格情報,,13112,東京都,世田谷区,赤堤,経堂,10,150000000,,115,,,,105,2011年,木造,,,北,公道,5.4,１低住専,50,100,2026年第1四半期,
宅地(土地と建物),成約価格情報,,13112,東京都,世田谷区,赤堤,豪徳寺,10,140000000,,120,,,,125,2025年,木造,,,北,公道,4,１低住専,60,150,2026年第1四半期,
宅地(土地と建物),成約価格情報,,13112,東京都,世田谷区,池尻,池尻大橋,10,170000000,,140,,,,105,2009年,木造,,,,,,２中住専,60,160,2026年第1四半期,
宅地(土地と建物),成約価格情報,,13112,東京都,世田谷区,鎌田,二子玉川,,59000000,,130,,,,90,2018年,木造,,,西,,3.7,１低住専,40,80,2026年第1四半期,
宅地(土地と建物),成約価格情報,,13112,東京都,世田谷区,鎌田,二子玉川,20,64000000,,90,,,,80,2026年,木造,,,,,,１中住専,60,200,2026年第1四半期,
宅地(土地と建物),成約価格情報,,13112,東京都,世田谷区,上北沢,上北沢,10,67000000,,100,,,,95,2002年,ＲＣ,,,南,公道,4.4,１低住専,50,100,2026年第1四半期,
宅地(土地と建物),成約価格情報,,13112,東京都,世田谷区,上北沢,上北沢,5,100000000,,75,,,,100,2026年,木造,,,北,公道,3.7,近隣商業,90,240,2026年第1四半期,
宅地(土地と建物),成約価格情報,,13112,東京都,世田谷区,上北沢,桜上水,10,83000000,,110,,,,100,2005年,木造,,,南東,公道,5.5,１低住専,50,100,2026年第1四半期,
宅地(土地と建物),成約価格情報,,13112,東京都,世田谷区,砧,成城学園前,10,110000000,,270,,,,145,1996年,軽量鉄骨造,,,南東,公道,3.6,１低住専,50,100,2026年第1四半期,
宅地(土地と建物),成約価格情報,,13112,東京都,世田谷区,砧,祖師ケ谷大蔵,20,98000000,,110,,,,115,2025年,木造,,,,私道,,１低住専,50,100,2026年第1四半期,
宅地(土地と建物),成約価格情報,,13112,東京都,世田谷区,砧,祖師ケ谷大蔵,10,90000000,,90,,,,90,2025年,木造,,,,,,１低住専,50,100,2026年第1四半期,
宅地(土地と建物),成約価格情報,,13112,東京都,世田谷区,砧,祖師ケ谷大蔵,5,110000000,,90,,,,85,2014年,木造,,,西,公道,3.8,１低住専,50,100,2026年第1四半期,
宅地(土地と建物),成約価格情報,,13112,東京都,世田谷区,砧,祖師ケ谷大蔵,10,77000000,,60,,,,100,2012年,木造,,,北,公道,4,１種住居,60,160,2026年第1四半期,
宅地(土地と建物),成約価格情報,,13112,東京都,世田谷区,桜丘,千歳船橋,15,120000000,,100,,,,95,2014年,木造,,,南西,私道,5,１低住専,60,150,2026年第1四半期,
宅地(土地と建物),成約価格情報,,13112,東京都,世田谷区,桜丘,千歳船橋,10,100000000,,85,,,,130,2018年,木造,,,,,,１低住専,60,150,2026年第1四半期,
宅地(土地と建物),成約価格情報,,13112,東京都,世田谷区,桜丘,千歳船橋,10,40000000,,35,,,,50,1983年,木造,,,南,私道,4,１低住専,60,150,2026年第1四半期,
宅地(土地と建物),成約価格情報,,13112,東京都,世田谷区,桜丘,千歳船橋,5,120000000,,120,,,,120,2013年,木造,,,南,私道,4.5,１低住専,60,150,2026年第1四半期,
宅地(土地と建物),成約価格情報,,13112,東京都,世田谷区,桜丘,千歳船橋,10,96000000,,100,,,,110,1990年,木造,,,北西,公道,6.5,１低住専,60,150,2026年第1四半期,
宅地(土地と建物),成約価格情報,,13112,東京都,世田谷区,三軒茶屋,三軒茶屋,10,120000000,,70,,,,120,2011年,木造,,,西,私道,4,１中住専,60,160,2026年第1四半期,
宅地(土地と建物),成約価格情報,,13112,東京都,世田谷区,三軒茶屋,三軒茶屋,10,150000000,,70,,,,115,2026年,木造,,,東,公道,4,１種住居,60,160,2026年第1四半期,
宅地(土地と建物),成約価格情報,,13112,東京都,世田谷区,瀬田,用賀,15,120000000,,95,,,,95,2025年,木造,,,南,公道,6,１低住専,50,100,2026年第1四半期,
宅地(土地と建物),成約価格情報,,13112,東京都,世田谷区,瀬田,二子玉川,15,240000000,,120,,,,120,2019年,軽量鉄骨造,,,北,公道,6,１低住専,50,100,2026年第1四半期,
宅地(土地と建物),成約価格情報,,13112,東京都,世田谷区,瀬田,用賀,15,160000000,,105,,,,120,2026年,木造,,,南,,6,１低住専,70,100,2026年第1四半期,
宅地(土地と建物),成約価格情報,,13112,東京都,世田谷区,瀬田,用賀,15,97000000,,80,,,,100,2012年,木造,,,西,私道,4,１種住居,60,200,2026年第1四半期,
宅地(土地と建物),成約価格情報,,13112,東京都,世田谷区,世田谷,世田谷,5,21000000,,40,,,,40,1983年,木造,,,北西,私道,4,２種住居,60,300,2026年第1四半期,
宅地(土地と建物),成約価格情報,,13112,東京都,世田谷区,世田谷,松陰神社前,10,130000000,,75,,,,110,2025年,木造,,,西,私道,4,１低住専,60,150,2026年第1四半期,
宅地(土地と建物),成約価格情報,,13112,東京都,世田谷区,世田谷,松陰神社前,5,67000000,,50,,,,90,1997年,木造,,,南,公道,4.7,２種住居,60,188,2026年第1四半期,
宅地(土地と建物),成約価格情報,,13112,東京都,世田谷区,玉堤,尾山台,15,98000000,,140,,,,110,2017年,木造,,,北,,4,１中住専,60,160,2026年第1四半期,
宅地(土地と建物),成約価格情報,,13112,東京都,世田谷区,弦巻,駒沢大学,15,120000000,,100,,,,105,1999年,木造,,,北,私道,5,１低住専,60,150,2026年第1四半期,
宅地(土地と建物),成約価格情報,,13112,東京都,世田谷区,弦巻,桜新町,10,230000000,,205,,,,170,2008年,木造,,,東,私道,4,１低住専,60,150,2026年第1四半期,
宅地(土地と建物),成約価格情報,,13112,東京都,世田谷区,弦巻,世田谷,10,89000000,,85,,,,90,2002年,木造,,,東,私道,4,１低住専,60,150,2026年第1四半期,
宅地(土地と建物),成約価格情報,,13112,東京都,世田谷区,三宿,池尻大橋,15,110000000,,70,,,,105,2012年,木造,,,南,私道,4,１種住居,60,160,2026年第1四半期,
宅地(土地と建物),成約価格情報,,13112,東京都,世田谷区,若林,松陰神社前,5,100000000,,85,,,,105,2020年,木造,,,西,公道,4,２種住居,60,160,2026年第1四半期,
宅地(土地と建物),成約価格情報,,13112,東京都,世田谷区,若林,若林(東京),10,82000000,,50,,,,85,2025年,木造,,,,,,近隣商業,80,200,2026年第1四半期,
宅地(土地と建物),成約価格情報,,13112,東京都,世田谷区,若林,三軒茶屋,20,110000000,,65,,,,110,2026年,木造,,,南西,公道,6,１中住専,60,200,2026年第1四半期,
宅地(土地と建物),不動産取引価格情報,住宅地,13112,東京都,世田谷区,池尻,池尻大橋,3,79000000,,45,,ほぼ長方形,4,55,2025年,木造,住宅,住宅,南,私道,4,１種住居,60,200,2026年第1四半期,私道を含む取引
宅地(土地),不動産取引価格情報,住宅地,13112,東京都,世田谷区,奥沢,奥沢,1,190000000,6300000,100,1900000,長方形,5.2,,,,,住宅,南,区道,4.4,１低住専,60,150,2026年第1四半期,
宅地(土地),不動産取引価格情報,住宅地,13112,東京都,世田谷区,上馬,駒沢大学,10,300000000,4200000,230,1300000,ほぼ正方形,12,,,,,,南,区道,6.1,１低住専,60,150,2026年第1四半期,
宅地(土地と建物),不動産取引価格情報,住宅地,13112,東京都,世田谷区,上馬,駒沢大学,6,98000000,,90,,袋地等,,105,1991年,木造,住宅,住宅,東,区道,3.9,１低住専,60,150,2026年第1四半期,
宅地(土地),不動産取引価格情報,住宅地,13112,東京都,世田谷区,上馬,松陰神社前,9,110000000,2800000,130,860000,ほぼ整形,16,,,,,住宅,南,区道,10.9,１低住専,60,150,2026年第1四半期,
宅地(土地と建物),不動産取引価格情報,住宅地,13112,東京都,世田谷区,上用賀,用賀,11,260000000,,195,,不整形,,310,2017年,木造,共同住宅,その他,西,区道,6,１中住専,60,200,2026年第1四半期,
宅地(土地),不動産取引価格情報,住宅地,13112,東京都,世田谷区,上用賀,用賀,13,130000000,3400000,130,1000000,長方形,,,,,,住宅,西,区道,4,１低住専,50,100,2026年第1四半期,
宅地(土地と建物),不動産取引価格情報,住宅地,13112,東京都,世田谷区,喜多見,喜多見,11,75000000,,80,,ほぼ整形,,90,2025年,木造,住宅,住宅,南西,私道,4.5,１種住居,60,200,2026年第1四半期,
宅地(土地と建物),不動産取引価格情報,住宅地,13112,東京都,世田谷区,砧,祖師ケ谷大蔵,11,95000000,,90,,ほぼ整形,5,110,2025年,木造,住宅,住宅,北西,私道,4.5,１中住専,60,200,2026年第1四半期,
宅地(土地),不動産取引価格情報,住宅地,13112,東京都,世田谷区,砧,祖師ケ谷大蔵,9,100000000,2900000,115,870000,長方形,7.5,,,,,住宅,西,区道,4.5,１低住専,50,100,2026年第1四半期,
宅地(土地と建物),不動産取引価格情報,住宅地,13112,東京都,世田谷区,給田,千歳烏山,14,57000000,,50,,ほぼ長方形,4.9,80,2013年,木造,住宅,住宅,南西,都道,11,１中住専,60,200,2026年第1四半期,
宅地(土地と建物),不動産取引価格情報,商業地,13112,東京都,世田谷区,桜,経堂,6,64000000,,80,,ほぼ長方形,,85,1979年,木造,住宅、店舗,住宅,北東,区道,11,１種住居,60,200,2026年第1四半期,
宅地(土地と建物),不動産取引価格情報,商業地,13112,東京都,世田谷区,桜,経堂,6,30000000,,35,,ほぼ長方形,3.7,40,1979年,木造,住宅、店舗,店舗,北東,区道,11,１種住居,60,200,2026年第1四半期,
宅地(土地と建物),不動産取引価格情報,住宅地,13112,東京都,世田谷区,桜,宮の坂,12,170000000,,115,,ほぼ整形,8.6,125,2026年,木造,住宅,住宅,南,道路,3.8,１低住専,60,150,2026年第1四半期,私道を含む取引
宅地(土地と建物),不動産取引価格情報,住宅地,13112,東京都,世田谷区,桜丘,千歳船橋,15,23000000,,85,,ほぼ長方形,10,80,1973年,木造,共同住宅,住宅,接面道路無,,,１低住専,60,150,2026年第1四半期,
宅地(土地),不動産取引価格情報,住宅地,13112,東京都,世田谷区,桜丘,千歳船橋,11,580000000,2700000,720,810000,長方形,19,,,,,住宅,西,区道,4.5,１低住専,60,150,2026年第1四半期,
宅地(土地と建物),不動産取引価格情報,住宅地,13112,東京都,世田谷区,桜新町,桜新町,4,510000000,,270,,長方形,11,195,2016年,鉄骨造,店舗,店舗,東,区道,6,準工業,60,200,2026年第1四半期,
宅地(土地と建物),不動産取引価格情報,商業地,13112,東京都,世田谷区,三軒茶屋,三軒茶屋,2,500000000,,170,,ほぼ整形,12.5,330,1991年,ＲＣ,共同住宅,その他,北,区道,2.7,近隣商業,80,300,2026年第1四半期,
宅地(土地),不動産取引価格情報,住宅地,13112,東京都,世田谷区,下馬,学芸大学,8,180000000,4800000,125,1500000,ほぼ長方形,,,,,,住宅,西,区道,3.7,１低住専,50,150,2026年第1四半期,
宅地(土地と建物),不動産取引価格情報,住宅地,13112,東京都,世田谷区,瀬田,二子玉川,6,460000000,,250,,ほぼ正方形,15.1,180,2002年,木造,住宅、駐車場,住宅,南東,区道,4.9,１中住専,60,200,2026年第1四半期,
宅地(土地と建物),不動産取引価格情報,住宅地,13112,東京都,世田谷区,世田谷,上町,3,340000000,,85,,長方形,8,240,2025年,ＲＣ,共同住宅,住宅,北,区道,3.6,近隣商業,80,300,2026年第1四半期,
宅地(土地と建物),不動産取引価格情報,住宅地,13112,東京都,世田谷区,祖師谷,祖師ケ谷大蔵,18,120000000,,270,,ほぼ正方形,16.5,145,1970年,,,,北,私道,4.2,１低住専,40,80,2026年第1四半期,私道を含む取引
宅地(土地と建物),不動産取引価格情報,住宅地,13112,東京都,世田谷区,代田,世田谷代田,8,790000000,,230,,ほぼ長方形,9.5,460,2025年,ＲＣ,共同住宅,その他,南,区道,3.9,１低住専,50,150,2026年第1四半期,私道を含む取引
宅地(土地と建物),不動産取引価格情報,商業地,13112,東京都,世田谷区,玉川台,用賀,8,1100000000,,280,,台形,10.1,800,2025年,ＲＣ,共同住宅,住宅,東,区道,5.9,近隣商業,80,300,2026年第1四半期,
宅地(土地と建物),不動産取引価格情報,住宅地,13112,東京都,世田谷区,中町,等々力,8,220000000,,200,,ほぼ長方形,10,200,1994年,木造,住宅,住宅,北東,区道,6,１低住専,50,100,2026年第1四半期,
宅地(土地),不動産取引価格情報,住宅地,13112,東京都,世田谷区,野毛,等々力,14,120000000,2600000,160,780000,ほぼ長方形,8.2,,,,,住宅,東,区道,4.4,１低住専,40,80,2026年第1四半期,
宅地(土地と建物),不動産取引価格情報,住宅地,13112,東京都,世田谷区,野沢,駒沢大学,15,270000000,,370,,ほぼ長方形,18,680,1967年,ＲＣ,共同住宅,住宅,南東,道路,3.3,１中住専,60,200,2026年第1四半期,
宅地(土地と建物),不動産取引価格情報,住宅地,13112,東京都,世田谷区,深沢,駒沢大学,20,27000000,,50,,ほぼ長方形,5,90,1948年,木造,住宅,住宅,北西,区道,8,近隣商業,80,300,2026年第1四半期,
宅地(土地),不動産取引価格情報,住宅地,13112,東京都,世田谷区,深沢,都立大学,18,90000000,2700000,110,800000,ほぼ長方形,7.9,,,,,住宅,北,区道,5.9,１低住専,50,100,2026年第1四半期,
宅地(土地),不動産取引価格情報,商業地,13112,東京都,世田谷区,若林,若林(東京),1,63000000,3700000,55,1100000,ほぼ長方形,2,,,,,住宅,東,都道,25,近隣商業,80,300,2026年第1四半期,
宅地(土地と建物),成約価格情報,,13113,東京都,渋谷区,幡ケ谷,笹塚,10,95000000,,80,,,,75,1982年,軽量鉄骨造,,,南東,公道,5.2,１種住居,60,300,2026年第1四半期,
宅地(土地と建物),成約価格情報,,13113,東京都,渋谷区,東,恵比寿,10,77000000,,50,,,,75,2010年,木造,,,北東,公道,6.2,２中住専,60,300,2026年第1四半期,
宅地(土地と建物),成約価格情報,,13113,東京都,渋谷区,広尾,広尾,15,48000000,,70,,,,70,,木造,,,,,0,１低住専,60,150,2026年第1四半期,
宅地(土地と建物),成約価格情報,,13113,東京都,渋谷区,広尾,恵比寿,15,150000000,,60,,,,80,2026年,木造,,,南東,公道,2.9,２中住専,60,160,2026年第1四半期,
宅地(土地と建物),成約価格情報,,13113,東京都,渋谷区,上原,代々木上原,10,250000000,,100,,,,180,2005年,鉄骨造,,,南東,私道,4,近隣商業,80,240,2026年第1四半期,
宅地(土地と建物),成約価格情報,,13113,東京都,渋谷区,上原,代々木上原,5,190000000,,80,,,,125,2000年,鉄骨造,,,南西,公道,5.2,２中住専,60,208,2026年第1四半期,
宅地(土地と建物),成約価格情報,,13113,東京都,渋谷区,上原,代々木上原,10,120000000,,55,,,,90,2000年,木造,,,北,公道,3.2,１低住専,60,150,2026年第1四半期,
宅地(土地と建物),成約価格情報,,13113,東京都,渋谷区,本町,初台,10,250000000,,160,,,,150,2014年,木造,,,南東,公道,3.8,１種住居,60,160,2026年第1四半期,
宅地(土地と建物),成約価格情報,,13113,東京都,渋谷区,本町,幡ケ谷,15,29000000,,45,,,,60,1965年,木造,,,北,私道,1,１種住居,60,300,2026年第1四半期,
宅地(土地と建物),成約価格情報,,13113,東京都,渋谷区,代々木,参宮橋,10,650000000,,340,,,,465,2010年,軽量鉄骨造,,,西,私道,4,２低住専,60,200,2026年第1四半期,
宅地(土地と建物),成約価格情報,,13113,東京都,渋谷区,恵比寿,恵比寿,15,73000000,,45,,,,45,2011年,木造,,,南,公道,3.3,１種住居,60,160,2026年第1四半期,
宅地(土地と建物),成約価格情報,,13113,東京都,渋谷区,笹塚,笹塚,10,150000000,,95,,,,120,2025年,木造,,,,,,１中住専,60,200,2026年第1四半期,
宅地(土地と建物),成約価格情報,,13113,東京都,渋谷区,笹塚,笹塚,10,130000000,,75,,,,120,2025年,木造,,,,,,１中住専,60,200,2026年第1四半期,
宅地(土地と建物),成約価格情報,,13113,東京都,渋谷区,笹塚,笹塚,5,230000000,,195,,,,150,2000年,木造,,,北西,公道,4,１種住居,70,160,2026年第1四半期,
宅地(土地と建物),成約価格情報,,13113,東京都,渋谷区,初台,初台,5,80000000,,55,,,,65,1976年,木造,,,,,,１低住専,60,150,2026年第1四半期,
宅地(土地と建物),不動産取引価格情報,住宅地,13113,東京都,渋谷区,恵比寿,広尾,10,360000000,,100,,ほぼ長方形,6,180,2022年,ＲＣ,住宅、駐車場,その他,西,区道,3.3,１種住居,60,300,2026年第1四半期,
宅地(土地と建物),不動産取引価格情報,商業地,13113,東京都,渋谷区,渋谷,渋谷,8,540000000,,75,,ほぼ長方形,5,320,1983年,ＲＣ,住宅、事務所、店舗,店舗,南東,区道,15,商業,80,500,2026年第1四半期,
宅地(土地と建物),不動産取引価格情報,商業地,13113,東京都,渋谷区,神宮前,明治神宮前,6,900000000,,70,,ほぼ長方形,5.9,160,2003年,鉄骨造,店舗,店舗,南東,都道,30,商業,80,500,2026年第1四半期,
宅地(土地と建物),不動産取引価格情報,住宅地,13113,東京都,渋谷区,千駄ケ谷,原宿,4,570000000,,120,,ほぼ台形,9.5,200,2014年,ＲＣ,住宅、事務所、駐車場,店舗,南西,私道,4,２種住居,60,400,2026年第1四半期,私道を含む取引
宅地(土地と建物),不動産取引価格情報,住宅地,13113,東京都,渋谷区,富ケ谷,代々木公園,6,190000000,,60,,長方形,6,95,2016年,木造,住宅,住宅,北西,区道,6.2,１低住専,60,150,2026年第1四半期,
宅地(土地),不動産取引価格情報,住宅地,13113,東京都,渋谷区,富ケ谷,代々木八幡,6,520000000,1600000,1100,480000,ほぼ整形,38,,,,,その他,南西,私道,4,２種住居,60,400,2026年第1四半期,私道を含む取引
宅地(土地と建物),不動産取引価格情報,住宅地,13113,東京都,渋谷区,富ケ谷,代々木八幡,5,1400000000,,280,,台形,16.4,1100,1996年,ＳＲＣ,共同住宅,事務所,東,都道,40,２種住居,60,400,2026年第1四半期,
宅地(土地と建物),不動産取引価格情報,住宅地,13113,東京都,渋谷区,西原,代々木上原,6,330000000,,210,,ほぼ長方形,10,220,2017年,軽量鉄骨造,住宅、共同住宅,住宅,北西,区道,2.6,１低住専,60,150,2026年第1四半期,
宅地(土地と建物),不動産取引価格情報,住宅地,13113,東京都,渋谷区,幡ケ谷,幡ケ谷,3,63000000,,45,,ほぼ長方形,4.9,65,2005年,木造,住宅,住宅,南西,区道,3.6,１種住居,60,300,2026年第1四半期,
宅地(土地と建物),不動産取引価格情報,商業地,13113,東京都,渋谷区,広尾,恵比寿,15,1700000000,,200,,ほぼ長方形,31,980,2025年,ＲＣ,共同住宅,住宅,西,区道,13,２種住居,60,400,2026年第1四半期,
宅地(土地と建物),不動産取引価格情報,住宅地,13113,東京都,渋谷区,本町,西新宿五丁目,8,620000000,,165,,ほぼ長方形,8.7,390,2025年,ＲＣ,共同住宅,住宅,北東,区道,5.3,１種住居,60,300,2026年第1四半期,
宅地(土地と建物),不動産取引価格情報,住宅地,13113,東京都,渋谷区,本町,幡ケ谷,8,60000000,,165,,ほぼ整形,10,190,1963年,木造,住宅,,南,私道,4,１種住居,60,300,2026年第1四半期,関係者間取引
宅地(土地),不動産取引価格情報,住宅地,13113,東京都,渋谷区,代々木,参宮橋,6,1000000000,9800000,350,3000000,ほぼ長方形,8,,,,,住宅,南東,区道,5.9,２種住居,60,400,2026年第1四半期,
宅地(土地と建物),不動産取引価格情報,住宅地,13113,東京都,渋谷区,代々木,南新宿,5,370000000,,210,,長方形,13.6,,,,,住宅,北,私道,2.8,２種住居,60,300,2026年第1四半期,
宅地(土地と建物),成約価格情報,,13114,東京都,中野区,上鷺宮,富士見台,10,87000000,,115,,,,90,2018年,木造,,,西,私道,4.5,１低住専,40,80,2026年第1四半期,
宅地(土地と建物),成約価格情報,,13114,東京都,中野区,上鷺宮,鷺ノ宮,15,62000000,,100,,,,95,2002年,木造,,,北西,公道,5.2,１低住専,50,150,2026年第1四半期,
宅地(土地と建物),成約価格情報,,13114,東京都,中野区,上鷺宮,富士見台,15,80000000,,100,,,,80,2026年,木造,,,,,,１低住専,40,80,2026年第1四半期,
宅地(土地と建物),成約価格情報,,13114,東京都,中野区,鷺宮,下井草,10,75000000,,115,,,,115,2014年,木造,,,東,私道,4.5,１低住専,50,150,2026年第1四半期,
宅地(土地と建物),成約価格情報,,13114,東京都,中野区,鷺宮,都立家政,5,60000000,,125,,,,95,1979年,木造,,,東,公道,3.8,１種住居,50,150,2026年第1四半期,
宅地(土地と建物),成約価格情報,,13114,東京都,中野区,鷺宮,都立家政,10,64000000,,115,,,,110,1995年,軽量鉄骨造,,,西,私道,4,１低住専,60,150,2026年第1四半期,
宅地(土地と建物),成約価格情報,,13114,東京都,中野区,鷺宮,都立家政,10,65000000,,70,,,,95,2020年,木造,,,北,公道,6,１低住専,60,150,2026年第1四半期,
宅地(土地と建物),成約価格情報,,13114,東京都,中野区,中央,中野坂上,10,60000000,,35,,,,55,2024年,木造,,,北,私道,4,１中住専,60,160,2026年第1四半期,
宅地(土地と建物),成約価格情報,,13114,東京都,中野区,中央,新中野,10,180000000,,140,,,,160,1997年,軽量鉄骨造,,,北,私道,4,１中住専,60,160,2026年第1四半期,
宅地(土地と建物),成約価格情報,,13114,東京都,中野区,中央,中野坂上,10,120000000,,70,,,,110,2026年,木造,,,南,私道,3.4,１中住専,60,160,2026年第1四半期,
宅地(土地と建物),成約価格情報,,13114,東京都,中野区,中央,中野坂上,10,130000000,,65,,,,115,2026年,木造,,,南,私道,2.9,１中住専,60,164,2026年第1四半期,
宅地(土地と建物),成約価格情報,,13114,東京都,中野区,中央,中野(東京),10,110000000,,60,,,,110,2023年,木造,,,東,公道,3.6,１中住専,60,200,2026年第1四半期,
宅地(土地と建物),成約価格情報,,13114,東京都,中野区,中野,中野(東京),10,43000000,,35,,,,45,1967年,木造,,,北東,私道,4,１中住専,60,160,2026年第1四半期,
宅地(土地と建物),成約価格情報,,13114,東京都,中野区,中野,東中野,10,110000000,,60,,,,100,2026年,木造,,,,,,１低住専,60,150,2026年第1四半期,
宅地(土地と建物),成約価格情報,,13114,東京都,中野区,沼袋,沼袋,10,80000000,,65,,,,110,2026年,木造,,,南,公道,3.8,１低住専,60,150,2026年第1四半期,
宅地(土地と建物),成約価格情報,,13114,東京都,中野区,沼袋,沼袋,10,78000000,,85,,,,110,2025年,木造,,,,,,１低住専,60,150,2026年第1四半期,
宅地(土地と建物),成約価格情報,,13114,東京都,中野区,沼袋,沼袋,10,75000000,,90,,,,80,2025年,木造,,,,,,１低住専,60,150,2026年第1四半期,
宅地(土地と建物),成約価格情報,,13114,東京都,中野区,沼袋,沼袋,10,68000000,,65,,,,85,2025年,木造,,,西,私道,4,１低住専,60,150,2026年第1四半期,
宅地(土地と建物),成約価格情報,,13114,東京都,中野区,東中野,東中野,10,35000000,,50,,,,65,1988年,木造,,,北,,,１低住専,60,150,2026年第1四半期,
宅地(土地と建物),成約価格情報,,13114,東京都,中野区,東中野,落合,5,130000000,,80,,,,180,1980年,ＲＣ,,,,,,近隣商業,80,400,2026年第1四半期,
宅地(土地と建物),成約価格情報,,13114,東京都,中野区,大和町,高円寺,15,70000000,,80,,,,85,2022年,木造,,,,,,１低住専,60,150,2026年第1四半期,
宅地(土地と建物),成約価格情報,,13114,東京都,中野区,大和町,高円寺,15,81000000,,70,,,,95,2017年,木造,,,北,公道,4,１低住専,60,150,2026年第1四半期,
宅地(土地と建物),成約価格情報,,13114,東京都,中野区,大和町,高円寺,15,84000000,,100,,,,95,1987年,木造,,,南,,3.8,１低住専,70,150,2026年第1四半期,
宅地(土地と建物),成約価格情報,,13114,東京都,中野区,新井,中野(東京),15,160000000,,100,,,,150,2026年,木造,,,南西,公道,8,１中住専,60,200,2026年第1四半期,
宅地(土地と建物),成約価格情報,,13114,東京都,中野区,江古田,新江古田,15,74000000,,60,,,,100,2025年,木造,,,北,公道,5.3,１低住専,60,150,2026年第1四半期,
宅地(土地と建物),成約価格情報,,13114,東京都,中野区,江古田,沼袋,10,54000000,,50,,,,75,2021年,木造,,,東,私道,4,１中住専,60,160,2026年第1四半期,
宅地(土地と建物),成約価格情報,,13114,東京都,中野区,上高田,新井薬師前,10,25000000,,110,,,,60,1957年,木造,,,,,,１低住専,60,150,2026年第1四半期,
宅地(土地と建物),成約価格情報,,13114,東京都,中野区,上高田,中野(東京),15,120000000,,85,,,,135,2025年,木造,,,,,,１低住専,60,150,2026年第1四半期,
宅地(土地と建物),成約価格情報,,13114,東京都,中野区,上高田,新井薬師前,5,72000000,,65,,,,95,2005年,木造,,,北東,公道,6,近隣商業,80,300,2026年第1四半期,
宅地(土地と建物),成約価格情報,,13114,東京都,中野区,野方,野方,5,70000000,,85,,,,105,2002年,木造,,,南,私道,3.6,１低住専,60,150,2026年第1四半期,
宅地(土地と建物),成約価格情報,,13114,東京都,中野区,野方,野方,10,95000000,,105,,,,120,2017年,軽量鉄骨造,,,北西,公道,5.4,１低住専,60,150,2026年第1四半期,
宅地(土地と建物),成約価格情報,,13114,東京都,中野区,本町,新中野,5,38000000,,55,,,,85,2001年,木造,,,南,私道,4,１中住専,60,200,2026年第1四半期,
宅地(土地と建物),成約価格情報,,13114,東京都,中野区,本町,新中野,10,95000000,,65,,,,95,2015年,木造,,,西,私道,4,１中住専,60,200,2026年第1四半期,
宅地(土地と建物),成約価格情報,,13114,東京都,中野区,本町,中野新橋,5,130000000,,45,,,,125,2026年,木造,,,南,公道,11,１種住居,60,300,2026年第1四半期,
宅地(土地と建物),成約価格情報,,13114,東京都,中野区,江原町,新江古田,10,81000000,,75,,,,100,2002年,鉄骨造,,,南東,公道,4,１低住専,60,150,2026年第1四半期,
宅地(土地と建物),成約価格情報,,13114,東京都,中野区,白鷺,鷺ノ宮,10,83000000,,95,,,,115,2025年,木造,,,北,公道,4,１低住専,60,150,2026年第1四半期,
宅地(土地と建物),成約価格情報,,13114,東京都,中野区,白鷺,鷺ノ宮,10,84000000,,95,,,,110,2025年,木造,,,北,公道,4,１低住専,60,150,2026年第1四半期,
宅地(土地と建物),成約価格情報,,13114,東京都,中野区,白鷺,下井草,10,69000000,,90,,,,100,2022年,木造,,,北西,,4,１低住専,60,150,2026年第1四半期,
宅地(土地と建物),成約価格情報,,13114,東京都,中野区,白鷺,鷺ノ宮,10,74000000,,80,,,,90,2026年,木造,,,,公道,,１低住専,50,150,2026年第1四半期,
宅地(土地と建物),成約価格情報,,13114,東京都,中野区,南台,方南町,15,20000000,,80,,,,65,1979年,木造,,,東,公道,3.7,１中住専,60,200,2026年第1四半期,
宅地(土地と建物),成約価格情報,,13114,東京都,中野区,南台,方南町,10,120000000,,85,,,,130,2025年,木造,,,東,私道,4,１中住専,60,200,2026年第1四半期,
宅地(土地と建物),成約価格情報,,13114,東京都,中野区,南台,方南町,10,99000000,,65,,,,105,2026年,木造,,,,,,１中住専,60,200,2026年第1四半期,
宅地(土地と建物),成約価格情報,,13114,東京都,中野区,南台,笹塚,15,84000000,,70,,,,100,2017年,木造,,,南,私道,4,１中住専,60,160,2026年第1四半期,
宅地(土地と建物),成約価格情報,,13114,東京都,中野区,南台,方南町,15,110000000,,85,,,,110,2026年,木造,,,東,公道,4,１中住専,60,200,2026年第1四半期,
宅地(土地と建物),成約価格情報,,13114,東京都,中野区,弥生町,西新宿五丁目,10,52000000,,60,,,,85,1964年,木造,,,南西,,2.7,１中住専,60,160,2026年第1四半期,
宅地(土地と建物),成約価格情報,,13114,東京都,中野区,若宮,都立家政,15,24000000,,40,,,,65,1989年,木造,,,北東,公道,4,１低住専,60,150,2026年第1四半期,
宅地(土地と建物),成約価格情報,,13114,東京都,中野区,若宮,野方,5,66000000,,65,,,,85,2026年,木造,,,南,公道,4.5,１低住専,60,150,2026年第1四半期,
宅地(土地と建物),成約価格情報,,13114,東京都,中野区,若宮,鷺ノ宮,10,110000000,,100,,,,105,2021年,木造,,,,,,１低住専,60,150,2026年第1四半期,
宅地(土地と建物),不動産取引価格情報,住宅地,13114,東京都,中野区,新井,新井薬師前,6,97000000,,105,,長方形,7,95,2016年,木造,住宅,住宅,北東,区道,6,１中住専,60,200,2026年第1四半期,
宅地(土地と建物),不動産取引価格情報,住宅地,13114,東京都,中野区,新井,新井薬師前,4,130000000,,170,,不整形,,,,,,住宅,北東,区道,8,１中住専,60,200,2026年第1四半期,
宅地(土地と建物),不動産取引価格情報,住宅地,13114,東京都,中野区,新井,中野(東京),12,550000000,,240,,長方形,10.5,440,2024年,ＲＣ,共同住宅,住宅,北,区道,4,１中住専,60,200,2026年第1四半期,
宅地(土地と建物),不動産取引価格情報,住宅地,13114,東京都,中野区,新井,中野(東京),10,400000000,,640,,ほぼ長方形,27,950,1990年,ＲＣ,住宅、共同住宅,住宅,西,私道,2.8,１種住居,60,200,2026年第1四半期,私道を含む取引
宅地(土地),不動産取引価格情報,住宅地,13114,東京都,中野区,新井,沼袋,12,75000000,3700000,65,1100000,長方形,6.3,,,,,,西,区道,4.3,１中住専,60,200,2026年第1四半期,
宅地(土地と建物),不動産取引価格情報,住宅地,13114,東京都,中野区,江古田,沼袋,13,40000000,,70,,ほぼ長方形,5.9,20,,木造,住宅,住宅,南,区道,7.9,１低住専,60,150,2026年第1四半期,
宅地(土地と建物),不動産取引価格情報,商業地,13114,東京都,中野区,江古田,沼袋,9,600000000,,870,,不整形,25.8,1500,1996年,ＲＣ,,住宅,西,区道,8.2,近隣商業,80,300,2026年第1四半期,
宅地(土地),不動産取引価格情報,住宅地,13114,東京都,中野区,上鷺宮,鷺ノ宮,13,190000000,1900000,330,580000,ほぼ長方形,20.3,,,,,住宅,西,区道,4,１低住専,40,80,2026年第1四半期,
宅地(土地と建物),不動産取引価格情報,住宅地,13114,東京都,中野区,上鷺宮,下井草,9,80000000,,110,,不整形,7,110,2026年,木造,住宅,住宅,西,区道,4.1,１低住専,40,80,2026年第1四半期,
宅地(土地と建物),不動産取引価格情報,住宅地,13114,東京都,中野区,上高田,東中野,11,73000000,,80,,長方形,7.2,75,1994年,木造,共同住宅,住宅,東,私道,4,１低住専,60,150,2026年第1四半期,私道を含む取引
宅地(土地と建物),不動産取引価格情報,住宅地,13114,東京都,中野区,鷺宮,鷺ノ宮,3,35000000,,45,,ほぼ整形,4.3,70,1992年,木造,住宅,住宅,東,私道,3,１低住専,50,150,2026年第1四半期,
宅地(土地と建物),不動産取引価格情報,住宅地,13114,東京都,中野区,鷺宮,鷺ノ宮,9,73000000,,75,,長方形,5,75,2026年,木造,住宅,住宅,西,区道,4.2,１低住専,50,150,2026年第1四半期,
宅地(土地と建物),不動産取引価格情報,住宅地,13114,東京都,中野区,鷺宮,鷺ノ宮,9,80000000,,80,,不整形,5.3,80,2026年,木造,住宅,住宅,西,区道,4,１低住専,50,150,2026年第1四半期,
宅地(土地),不動産取引価格情報,住宅地,13114,東京都,中野区,鷺宮,鷺ノ宮,9,110000000,2000000,170,620000,ほぼ正方形,11,,,,,住宅,北西,区道,5.4,１低住専,50,150,2026年第1四半期,
宅地(土地),不動産取引価格情報,住宅地,13114,東京都,中野区,白鷺,鷺ノ宮,7,78000000,3500000,75,1000000,ほぼ長方形,4.6,,,,,,北,区道,5.4,１低住専,50,150,2026年第1四半期,
宅地(土地),不動産取引価格情報,住宅地,13114,東京都,中野区,白鷺,鷺ノ宮,10,62000000,2200000,95,660000,ほぼ長方形,9,,,,,住宅,西,区道,4,１低住専,50,150,2026年第1四半期,
宅地(土地と建物),不動産取引価格情報,住宅地,13114,東京都,中野区,白鷺,鷺ノ宮,9,75000000,,125,,ほぼ長方形,9,120,1992年,軽量鉄骨造,住宅,住宅,北,区道,5.2,１低住専,50,150,2026年第1四半期,
宅地(土地と建物),不動産取引価格情報,住宅地,13114,東京都,中野区,白鷺,鷺ノ宮,10,83000000,,95,,ほぼ長方形,5.4,95,1979年,木造,住宅、共同住宅,住宅,北,区道,4,１低住専,50,150,2026年第1四半期,
宅地(土地と建物),不動産取引価格情報,住宅地,13114,東京都,中野区,中央,新中野,4,110000000,,130,,長方形,12,100,2011年,木造,共同住宅,住宅,北,私道,4,近隣商業,80,400,2026年第1四半期,私道を含む取引
宅地(土地),不動産取引価格情報,住宅地,13114,東京都,中野区,中央,新中野,6,130000000,3700000,115,1100000,長方形,8.2,,,,,住宅,西,区道,3,１中住専,60,200,2026年第1四半期,
宅地(土地と建物),不動産取引価格情報,住宅地,13114,東京都,中野区,中央,新中野,4,550000000,,210,,ほぼ長方形,11.8,,,,住宅,住宅,東,区道,4,１中住専,60,200,2026年第1四半期,
宅地(土地と建物),不動産取引価格情報,住宅地,13114,東京都,中野区,中央,中野(東京),9,160000000,,110,,ほぼ整形,12.6,125,2019年,木造,共同住宅,住宅,南東,区道,4,１中住専,60,200,2026年第1四半期,
宅地(土地と建物),不動産取引価格情報,住宅地,13114,東京都,中野区,中央,中野坂上,3,92000000,,95,,ほぼ長方形,5.7,185,1982年,木造,住宅,その他,北東,区道,3.8,１中住専,60,200,2026年第1四半期,
宅地(土地と建物),不動産取引価格情報,住宅地,13114,東京都,中野区,中野,中野(東京),8,300000000,,165,,ほぼ長方形,11.5,185,,木造,住宅、共同住宅,住宅,西,区道,3.8,近隣商業,80,400,2026年第1四半期,
宅地(土地と建物),不動産取引価格情報,住宅地,13114,東京都,中野区,中野,中野(東京),3,410000000,,60,,ほぼ長方形,5,165,2025年,ＲＣ,住宅,事務所,西,区道,6.1,商業,80,600,2026年第1四半期,
宅地(土地と建物),不動産取引価格情報,住宅地,13114,東京都,中野区,中野,中野(東京),7,880000000,,320,,長方形,11.8,660,2017年,ＲＣ,共同住宅,住宅,西,区道,4.5,１中住専,60,200,2026年第1四半期,
宅地(土地と建物),不動産取引価格情報,住宅地,13114,東京都,中野区,中野,中野(東京),10,350000000,,165,,ほぼ長方形,12,660,1973年,ＲＣ,事務所,事務所,南西,都道,15,近隣商業,80,400,2026年第1四半期,
宅地(土地と建物),不動産取引価格情報,住宅地,13114,東京都,中野区,中野,東中野,8,120000000,,70,,ほぼ整形,6.7,90,2025年,木造,住宅,住宅,東,区道,4,１低住専,60,150,2026年第1四半期,私道を含む取引
宅地(土地と建物),不動産取引価格情報,住宅地,13114,東京都,中野区,中野,東中野,13,75000000,,65,,長方形,6.1,70,1980年,木造,住宅,住宅,西,区道,4.5,１中住専,60,200,2026年第1四半期,
宅地(土地と建物),不動産取引価格情報,住宅地,13114,東京都,中野区,沼袋,沼袋,2,1000000000,,140,,ほぼ長方形,9,165,2016年,木造,共同住宅,住宅,南東,道路,3.5,１低住専,60,150,2026年第1四半期,調停・競売等
宅地(土地と建物),不動産取引価格情報,住宅地,13114,東京都,中野区,沼袋,沼袋,4,65000000,,60,,ほぼ長方形,5.2,55,2010年,木造,,,南東,区道,5.5,１低住専,60,150,2026年第1四半期,
宅地(土地と建物),不動産取引価格情報,住宅地,13114,東京都,中野区,沼袋,沼袋,4,83000000,,65,,ほぼ長方形,6.1,100,2026年,木造,住宅,住宅,北西,区道,5.6,１低住専,60,150,2026年第1四半期,
宅地(土地と建物),不動産取引価格情報,住宅地,13114,東京都,中野区,沼袋,沼袋,10,85000000,,85,,ほぼ長方形,5.5,95,2025年,木造,住宅,住宅,南,私道,3.4,１低住専,60,150,2026年第1四半期,
宅地(土地と建物),不動産取引価格情報,住宅地,13114,東京都,中野区,沼袋,沼袋,7,66000000,,60,,ほぼ長方形,4.6,75,2025年,木造,住宅,住宅,南西,私道,4,１低住専,60,150,2026年第1四半期,
宅地(土地と建物),不動産取引価格情報,住宅地,13114,東京都,中野区,沼袋,沼袋,8,94000000,,65,,長方形,5,110,2025年,木造,住宅,住宅,北,区道,4,１低住専,60,150,2026年第1四半期,
宅地(土地と建物),不動産取引価格情報,住宅地,13114,東京都,中野区,野方,野方,9,9900000,,30,,ほぼ長方形,3.7,35,1976年,木造,住宅,住宅,北東,区道,3.5,１低住専,60,150,2026年第1四半期,
宅地(土地と建物),不動産取引価格情報,住宅地,13114,東京都,中野区,野方,野方,6,66000000,,75,,ほぼ長方形,9.8,105,2001年,木造,住宅,住宅,東,区道,5.4,１低住専,60,150,2026年第1四半期,
宅地(土地と建物),不動産取引価格情報,住宅地,13114,東京都,中野区,野方,野方,3,83000000,,80,,ほぼ長方形,8.2,85,2018年,木造,住宅,住宅,東,区道,3.8,１低住専,60,150,2026年第1四半期,
宅地(土地),不動産取引価格情報,住宅地,13114,東京都,中野区,野方,野方,8,140000000,2200000,210,660000,不整形,5,,,,,,北東,区道,3.7,１低住専,60,150,2026年第1四半期,
宅地(土地),不動産取引価格情報,住宅地,13114,東京都,中野区,東中野,東中野,8,10000000,150000,230,44000,長方形,,,,,,その他,西,道路,,１低住専,60,150,2026年第1四半期,
宅地(土地と建物),不動産取引価格情報,住宅地,13114,東京都,中野区,東中野,東中野,4,24000000,,40,,長方形,4.2,35,1972年,木造,住宅,住宅,南西,私道,4,１中住専,60,200,2026年第1四半期,私道を含む取引
宅地(土地と建物),不動産取引価格情報,住宅地,13114,東京都,中野区,本町,新中野,4,56000000,,50,,長方形,4.7,65,1999年,木造,住宅,住宅,西,私道,4,１中住専,60,200,2026年第1四半期,私道を含む取引
宅地(土地と建物),不動産取引価格情報,住宅地,13114,東京都,中野区,本町,新中野,5,38000000,,50,,長方形,10.5,80,2001年,木造,住宅,その他,東,道路,3.4,１中住専,60,200,2026年第1四半期,
宅地(土地と建物),不動産取引価格情報,住宅地,13114,東京都,中野区,本町,中野坂上,9,84000000,,45,,ほぼ長方形,4.1,75,2026年,木造,住宅,住宅,南,区道,4,１中住専,60,200,2026年第1四半期,私道を含む取引
宅地(土地と建物),不動産取引価格情報,住宅地,13114,東京都,中野区,本町,中野坂上,8,320000000,,190,,ほぼ台形,16.5,380,1988年,ＲＣ,共同住宅,,北,区道,5.5,１中住専,60,200,2026年第1四半期,
宅地(土地),不動産取引価格情報,住宅地,13114,東京都,中野区,本町,中野坂上,8,520000000,5000000,340,1500000,不整形,16,,,,,住宅,北東,区道,5.3,１中住専,60,200,2026年第1四半期,
宅地(土地と建物),不動産取引価格情報,住宅地,13114,東京都,中野区,松が丘,新井薬師前,12,20000000,,55,,ほぼ長方形,4.9,55,1998年,木造,住宅,住宅,北西,私道,2,１低住専,60,150,2026年第1四半期,私道を含む取引
宅地(土地と建物),不動産取引価格情報,住宅地,13114,東京都,中野区,丸山,野方,9,74000000,,145,,ほぼ長方形,14.9,165,1989年,木造,共同住宅,住宅,西,区道,6,１低住専,60,150,2026年第1四半期,
宅地(土地と建物),不動産取引価格情報,住宅地,13114,東京都,中野区,南台,笹塚,12,84000000,,65,,不整形,2,100,2017年,木造,住宅,住宅,南,私道,4,１中住専,60,200,2026年第1四半期,
宅地(土地と建物),不動産取引価格情報,住宅地,13114,東京都,中野区,南台,方南町,10,99000000,,60,,ほぼ長方形,5.6,90,2025年,木造,住宅,住宅,東,私道,3.8,１中住専,60,200,2026年第1四半期,
宅地(土地と建物),不動産取引価格情報,商業地,13114,東京都,中野区,南台,方南町,9,390000000,,110,,ほぼ長方形,12.2,340,2025年,ＲＣ,共同住宅,住宅,南,区道,6.4,近隣商業,80,300,2026年第1四半期,私道を含む取引
宅地(土地と建物),不動産取引価格情報,住宅地,13114,東京都,中野区,大和町,阿佐ケ谷,18,79000000,,75,,ほぼ長方形,14,90,2026年,木造,住宅,住宅,西,区道,3.8,１低住専,60,150,2026年第1四半期,私道を含む取引
宅地(土地),不動産取引価格情報,住宅地,13114,東京都,中野区,弥生町,中野新橋,6,60000000,2600000,75,790000,長方形,8.2,,,,,住宅,西,区道,5,１中住専,60,200,2026年第1四半期,
宅地(土地と建物),不動産取引価格情報,住宅地,13114,東京都,中野区,若宮,都立家政,6,25000000,,60,,ほぼ長方形,9.6,65,1967年,木造,住宅、店舗,店舗,南東,区道,5.6,１低住専,60,150,2026年第1四半期,
宅地(土地と建物),成約価格情報,,13115,東京都,杉並区,井草,下井草,5,100000000,,105,,,,100,2019年,軽量鉄骨造,,,南,公道,5.4,１低住専,50,100,2026年第1四半期,
宅地(土地と建物),成約価格情報,,13115,東京都,杉並区,井草,下井草,5,12000000,,35,,,,45,1974年,木造,,,北,私道,4,１低住専,50,100,2026年第1四半期,
宅地(土地と建物),成約価格情報,,13115,東京都,杉並区,井草,下井草,5,65000000,,95,,,,160,1997年,軽量鉄骨造,,,南,公道,5.4,２中住専,60,200,2026年第1四半期,
宅地(土地と建物),成約価格情報,,13115,東京都,杉並区,井草,下井草,10,88000000,,95,,,,90,2026年,木造,,,,,,１低住専,50,100,2026年第1四半期,
宅地(土地と建物),成約価格情報,,13115,東京都,杉並区,今川,荻窪,,77000000,,75,,,,80,2026年,木造,,,西,私道,4,１低住専,50,100,2026年第1四半期,
宅地(土地と建物),成約価格情報,,13115,東京都,杉並区,今川,荻窪,25,93000000,,110,,,,100,2025年,木造,,,,,,１低住専,60,100,2026年第1四半期,
宅地(土地と建物),成約価格情報,,13115,東京都,杉並区,永福,永福町,10,130000000,,145,,,,110,2003年,木造,,,,私道,4,１低住専,40,100,2026年第1四半期,
宅地(土地と建物),成約価格情報,,13115,東京都,杉並区,永福,永福町,10,130000000,,175,,,,135,1992年,木造,,,北東,公道,8.8,１低住専,40,80,2026年第1四半期,
宅地(土地と建物),成約価格情報,,13115,東京都,杉並区,永福,永福町,5,91000000,,105,,,,175,1991年,木造,,,北東,公道,4,１低住専,50,100,2026年第1四半期,
宅地(土地と建物),成約価格情報,,13115,東京都,杉並区,永福,西永福,5,120000000,,90,,,,110,2026年,木造,,,東,,4,１低住専,60,150,2026年第1四半期,
宅地(土地と建物),成約価格情報,,13115,東京都,杉並区,永福,西永福,5,120000000,,90,,,,110,2026年,木造,,,東,,4,１低住専,60,150,2026年第1四半期,
宅地(土地と建物),成約価格情報,,13115,東京都,杉並区,大宮,永福町,15,89000000,,170,,,,140,1988年,木造,,,北東,公道,1.9,１低住専,60,100,2026年第1四半期,
宅地(土地と建物),成約価格情報,,13115,東京都,杉並区,荻窪,南阿佐ケ谷,20,66000000,,100,,,,90,1992年,木造,,,北西,公道,3.5,１低住専,40,80,2026年第1四半期,
宅地(土地と建物),成約価格情報,,13115,東京都,杉並区,荻窪,荻窪,15,200000000,,200,,,,185,2020年,木造,,,,,,１低住専,50,100,2026年第1四半期,
宅地(土地と建物),成約価格情報,,13115,東京都,杉並区,荻窪,高井戸,15,56000000,,40,,,,70,2000年,木造,,,南,公道,5.4,近隣商業,80,300,2026年第1四半期,
宅地(土地と建物),成約価格情報,,13115,東京都,杉並区,荻窪,荻窪,15,110000000,,150,,,,120,1998年,木造,,,西,私道,9.2,１低住専,50,100,2026年第1四半期,
宅地(土地と建物),成約価格情報,,13115,東京都,杉並区,荻窪,荻窪,20,75000000,,85,,,,85,2011年,木造,,,西,公道,4.5,１低住専,50,100,2026年第1四半期,
宅地(土地と建物),成約価格情報,,13115,東京都,杉並区,荻窪,荻窪,10,81000000,,115,,,,110,1985年,木造,,,,公道,7,１低住専,50,100,2026年第1四半期,
宅地(土地と建物),成約価格情報,,13115,東京都,杉並区,高円寺北,高円寺,10,260000000,,175,,,,295,1996年,木造,,,,,,近隣商業,80,300,2026年第1四半期,
宅地(土地と建物),成約価格情報,,13115,東京都,杉並区,清水,荻窪,15,140000000,,125,,,,145,2026年,木造,,,北,公道,5.2,１低住専,60,150,2026年第1四半期,
宅地(土地と建物),成約価格情報,,13115,東京都,杉並区,善福寺,上石神井,15,83000000,,130,,,,105,2013年,木造,,,北東,公道,6,１低住専,40,80,2026年第1四半期,
宅地(土地と建物),成約価格情報,,13115,東京都,杉並区,善福寺,西荻窪,20,70000000,,130,,,,95,2005年,木造,,,東,公道,5.4,１低住専,40,80,2026年第1四半期,
宅地(土地と建物),成約価格情報,,13115,東京都,杉並区,善福寺,上石神井,15,120000000,,170,,,,140,2002年,木造,,,南,公道,5.4,１低住専,40,80,2026年第1四半期,
宅地(土地と建物),成約価格情報,,13115,東京都,杉並区,善福寺,吉祥寺,20,150000000,,270,,,,35,2018年,木造,,,南西,公道,7.1,１低住専,40,80,2026年第1四半期,
宅地(土地と建物),成約価格情報,,13115,東京都,杉並区,善福寺,西荻窪,15,70000000,,75,,,,105,2005年,木造,,,,,,１低住専,60,150,2026年第1四半期,
宅地(土地と建物),成約価格情報,,13115,東京都,杉並区,善福寺,西荻窪,20,72000000,,85,,,,70,2013年,木造,,,西,私道,4,１低住専,40,80,2026年第1四半期,
宅地(土地と建物),成約価格情報,,13115,東京都,杉並区,善福寺,西荻窪,20,90000000,,125,,,,100,2026年,木造,,,東,私道,4,１低住専,40,80,2026年第1四半期,
宅地(土地と建物),成約価格情報,,13115,東京都,杉並区,成田東,浜田山,20,78000000,,125,,,,110,2005年,軽量鉄骨造,,,南西,公道,6,１低住専,50,100,2026年第1四半期,
宅地(土地と建物),成約価格情報,,13115,東京都,杉並区,成田東,南阿佐ケ谷,15,60000000,,30,,,,70,2026年,木造,,,北,私道,4,１低住専,50,100,2026年第1四半期,
宅地(土地と建物),成約価格情報,,13115,東京都,杉並区,成田東,南阿佐ケ谷,10,80000000,,75,,,,80,2014年,木造,,,北東,公道,5.4,１中住専,60,200,2026年第1四半期,
宅地(土地と建物),成約価格情報,,13115,東京都,杉並区,成田東,西永福,15,73000000,,130,,,,95,1999年,木造,,,北西,公道,3.5,１低住専,40,80,2026年第1四半期,
宅地(土地と建物),成約価格情報,,13115,東京都,杉並区,松ノ木,新高円寺,10,120000000,,270,,,,200,1986年,木造,,,南,公道,3.5,１低住専,50,100,2026年第1四半期,
宅地(土地と建物),成約価格情報,,13115,東京都,杉並区,南荻窪,荻窪,15,150000000,,195,,,,255,1992年,,,,北東,公道,4.5,１低住専,50,100,2026年第1四半期,
宅地(土地と建物),成約価格情報,,13115,東京都,杉並区,南荻窪,荻窪,15,130000000,,80,,,,135,2016年,木造,,,北,公道,5,２中住専,60,200,2026年第1四半期,
宅地(土地と建物),成約価格情報,,13115,東京都,杉並区,南荻窪,荻窪,15,120000000,,105,,,,105,2012年,木造,,,北,公道,6.3,１低住専,50,100,2026年第1四半期,
宅地(土地と建物),成約価格情報,,13115,東京都,杉並区,南荻窪,荻窪,15,130000000,,125,,,,105,2025年,木造,,,北,公道,5.4,１低住専,50,100,2026年第1四半期,
宅地(土地と建物),成約価格情報,,13115,東京都,杉並区,阿佐谷北,阿佐ケ谷,10,84000000,,80,,,,75,2022年,木造,,,西,私道,4,１低住専,50,100,2026年第1四半期,
宅地(土地と建物),成約価格情報,,13115,東京都,杉並区,阿佐谷北,阿佐ケ谷,10,130000000,,110,,,,125,1999年,軽量鉄骨造,,,東,私道,4,１低住専,50,100,2026年第1四半期,
宅地(土地と建物),成約価格情報,,13115,東京都,杉並区,阿佐谷北,阿佐ケ谷,20,63000000,,45,,,,65,2026年,木造,,,南,公道,4,１低住専,50,100,2026年第1四半期,
宅地(土地と建物),成約価格情報,,13115,東京都,杉並区,阿佐谷南,阿佐ケ谷,5,95000000,,65,,,,90,2000年,,,,南西,公道,4,１低住専,60,150,2026年第1四半期,
宅地(土地と建物),成約価格情報,,13115,東京都,杉並区,阿佐谷南,阿佐ケ谷,10,100000000,,125,,,,125,2001年,木造,,,北西,公道,3.5,１低住専,60,150,2026年第1四半期,
宅地(土地と建物),成約価格情報,,13115,東京都,杉並区,阿佐谷南,阿佐ケ谷,5,85000000,,85,,,,135,1984年,木造,,,南東,公道,4.3,２中住専,60,172,2026年第1四半期,
宅地(土地と建物),成約価格情報,,13115,東京都,杉並区,和泉,永福町,5,200000000,,100,,,,170,2022年,木造,,,,,,１中住専,60,200,2026年第1四半期,
宅地(土地と建物),成約価格情報,,13115,東京都,杉並区,和泉,代田橋,5,140000000,,130,,,,105,2021年,木造,,,北,公道,4,１中住専,70,160,2026年第1四半期,
宅地(土地と建物),成約価格情報,,13115,東京都,杉並区,和泉,永福町,10,85000000,,95,,,,85,2011年,木造,,,西,,4.2,準住居,60,168,2026年第1四半期,
宅地(土地と建物),成約価格情報,,13115,東京都,杉並区,和泉,方南町,15,100000000,,105,,,,100,,木造,,,南,私道,4,１低住専,60,100,2026年第1四半期,
宅地(土地と建物),成約価格情報,,13115,東京都,杉並区,和泉,代田橋,10,95000000,,95,,,,95,2026年,木造,,,南東,私道,4,１低住専,50,100,2026年第1四半期,
宅地(土地と建物),成約価格情報,,13115,東京都,杉並区,和泉,方南町,10,74000000,,85,,,,70,2026年,木造,,,北西,公道,6,１低住専,50,100,2026年第1四半期,
宅地(土地と建物),成約価格情報,,13115,東京都,杉並区,和泉,永福町,15,82000000,,130,,,,75,戦前,木造,,,北東,私道,4,１低住専,50,100,2026年第1四半期,
宅地(土地と建物),成約価格情報,,13115,東京都,杉並区,上井草,上井草,10,92000000,,100,,,,100,2024年,木造,,,北,私道,5,１低住専,60,100,2026年第1四半期,
宅地(土地と建物),成約価格情報,,13115,東京都,杉並区,上井草,井荻,10,78000000,,100,,,,100,2003年,木造,,,東,私道,4.5,１低住専,50,100,2026年第1四半期,
宅地(土地と建物),成約価格情報,,13115,東京都,杉並区,上井草,上井草,15,80000000,,60,,,,120,2026年,木造,,,南,公道,11,２中住専,60,200,2026年第1四半期,
宅地(土地と建物),成約価格情報,,13115,東京都,杉並区,上高井戸,芦花公園,10,68000000,,90,,,,70,2025年,木造,,,,私道,,１低住専,40,80,2026年第1四半期,
宅地(土地と建物),成約価格情報,,13115,東京都,杉並区,上高井戸,富士見ケ丘,10,85000000,,100,,,,80,2021年,木造,,,北,公道,4,１低住専,40,80,2026年第1四半期,
宅地(土地と建物),成約価格情報,,13115,東京都,杉並区,上高井戸,八幡山,15,65000000,,75,,,,60,2015年,木造,,,北,公道,4,１低住専,40,80,2026年第1四半期,
宅地(土地と建物),成約価格情報,,13115,東京都,杉並区,松庵,三鷹台,10,90000000,,95,,,,95,2023年,木造,,,北西,公道,4.4,１低住専,50,100,2026年第1四半期,
宅地(土地と建物),成約価格情報,,13115,東京都,杉並区,松庵,西荻窪,10,150000000,,145,,,,125,2009年,木造,,,東,公道,4.5,１低住専,60,100,2026年第1四半期,
宅地(土地と建物),成約価格情報,,13115,東京都,杉並区,浜田山,浜田山,10,120000000,,120,,,,150,1985年,ＲＣ,,,北東,私道,4,１低住専,50,100,2026年第1四半期,
宅地(土地と建物),成約価格情報,,13115,東京都,杉並区,浜田山,浜田山,10,120000000,,105,,,,125,2007年,,,,北東,私道,4,１低住専,50,100,2026年第1四半期,
宅地(土地と建物),成約価格情報,,13115,東京都,杉並区,浜田山,西永福,10,69000000,,105,,,,65,2006年,木造,,,南,私道,4,１低住専,40,80,2026年第1四半期,
宅地(土地と建物),成約価格情報,,13115,東京都,杉並区,浜田山,浜田山,10,110000000,,160,,,,65,1996年,木造,,,南東,私道,5,１低住専,40,80,2026年第1四半期,
宅地(土地と建物),成約価格情報,,13115,東京都,杉並区,本天沼,荻窪,20,75000000,,75,,,,75,2017年,木造,,,北東,私道,4,１低住専,50,100,2026年第1四半期,
宅地(土地と建物),成約価格情報,,13115,東京都,杉並区,本天沼,荻窪,20,66000000,,110,,,,100,1999年,木造,,,,,,１低住専,50,100,2026年第1四半期,
宅地(土地と建物),成約価格情報,,13115,東京都,杉並区,本天沼,阿佐ケ谷,20,91000000,,85,,,,85,2025年,木造,,,南東,公道,4,１低住専,60,100,2026年第1四半期,
宅地(土地と建物),成約価格情報,,13115,東京都,杉並区,本天沼,荻窪,15,79000000,,80,,,,75,2023年,木造,,,南東,公道,5.4,１低住専,60,150,2026年第1四半期,
宅地(土地と建物),成約価格情報,,13115,東京都,杉並区,桃井,荻窪,20,77000000,,100,,,,100,2019年,木造,,,北,私道,4,１低住専,60,100,2026年第1四半期,
宅地(土地と建物),成約価格情報,,13115,東京都,杉並区,桃井,西荻窪,20,52000000,,50,,,,75,2003年,木造,,,,,,１中住専,60,200,2026年第1四半期,
宅地(土地と建物),成約価格情報,,13115,東京都,杉並区,和田,東高円寺,10,75000000,,65,,,,95,2012年,木造,,,南東,公道,6,１中住専,60,200,2026年第1四半期,
宅地(土地と建物),成約価格情報,,13115,東京都,杉並区,和田,東高円寺,15,65000000,,55,,,,65,1984年,木造,,,南東,私道,,１低住専,60,150,2026年第1四半期,
宅地(土地と建物),成約価格情報,,13115,東京都,杉並区,和田,中野富士見町,5,84000000,,65,,,,105,2026年,木造,,,北東,私道,4,１低住専,60,150,2026年第1四半期,
宅地(土地と建物),成約価格情報,,13115,東京都,杉並区,天沼,荻窪,5,120000000,,70,,,,100,2022年,木造,,,北西,公道,3.4,近隣商業,80,240,2026年第1四半期,
宅地(土地と建物),成約価格情報,,13115,東京都,杉並区,天沼,荻窪,10,73000000,,70,,,,80,2010年,木造,,,西,公道,4,近隣商業,80,240,2026年第1四半期,
宅地(土地と建物),成約価格情報,,13115,東京都,杉並区,成田西,西永福,15,140000000,,210,,,,125,1985年,木造,,,北西,公道,4,１低住専,40,80,2026年第1四半期,
宅地(土地と建物),成約価格情報,,13115,東京都,杉並区,成田西,浜田山,15,100000000,,130,,,,100,2024年,木造,,,南東,私道,4,１低住専,40,80,2026年第1四半期,
宅地(土地と建物),成約価格情報,,13115,東京都,杉並区,成田西,浜田山,15,80000000,,110,,,,90,2010年,木造,,,北,公道,4.9,１低住専,40,80,2026年第1四半期,
宅地(土地と建物),成約価格情報,,13115,東京都,杉並区,成田西,西永福,15,74000000,,115,,,,90,2005年,木造,,,,公道,4.5,１低住専,40,80,2026年第1四半期,
宅地(土地と建物),成約価格情報,,13115,東京都,杉並区,方南,笹塚,10,75000000,,60,,,,75,2026年,木造,,,南西,私道,4,１低住専,60,150,2026年第1四半期,
宅地(土地と建物),成約価格情報,,13115,東京都,杉並区,方南,方南町,10,90000000,,95,,,,110,1997年,木造,,,西,公道,5,１低住専,60,150,2026年第1四半期,
宅地(土地と建物),成約価格情報,,13115,東京都,杉並区,方南,方南町,10,74000000,,75,,,,95,2016年,木造,,,南西,公道,4.5,１低住専,60,150,2026年第1四半期,
宅地(土地と建物),成約価格情報,,13115,東京都,杉並区,梅里,新高円寺,5,85000000,,65,,,,85,2017年,木造,,,東,私道,4,１中住専,60,200,2026年第1四半期,
宅地(土地と建物),成約価格情報,,13115,東京都,杉並区,梅里,東高円寺,10,93000000,,90,,,,110,2017年,木造,,,南東,公道,4,１種住居,60,160,2026年第1四半期,
宅地(土地と建物),成約価格情報,,13115,東京都,杉並区,高円寺南,高円寺,10,100000000,,55,,,,95,2026年,木造,,,南西,公道,6,２中住専,60,200,2026年第1四半期,
宅地(土地と建物),成約価格情報,,13115,東京都,杉並区,下井草,下井草,10,69000000,,70,,,,70,2022年,木造,,,東,私道,4,１低住専,50,100,2026年第1四半期,
宅地(土地と建物),成約価格情報,,13115,東京都,杉並区,下井草,下井草,5,84000000,,160,,,,105,2009年,木造,,,南西,公道,8,１低住専,50,100,2026年第1四半期,
宅地(土地と建物),成約価格情報,,13115,東京都,杉並区,下井草,下井草,5,87000000,,100,,,,100,2006年,木造,,,南,私道,4.5,１低住専,50,100,2026年第1四半期,
宅地(土地と建物),成約価格情報,,13115,東京都,杉並区,下井草,下井草,10,68000000,,65,,,,65,2026年,木造,,,南東,公道,5.4,１低住専,50,100,2026年第1四半期,
宅地(土地と建物),成約価格情報,,13115,東京都,杉並区,下井草,下井草,10,63000000,,70,,,,80,2026年,木造,,,西,私道,4,１低住専,,,2026年第1四半期,
宅地(土地と建物),成約価格情報,,13115,東京都,杉並区,下井草,阿佐ケ谷,20,95000000,,110,,,,120,2026年,木造,,,東,私道,4,１低住専,50,100,2026年第1四半期,
宅地(土地と建物),成約価格情報,,13115,東京都,杉並区,下井草,鷺ノ宮,15,84000000,,85,,,,85,2026年,木造,,,,,,１低住専,50,100,2026年第1四半期,
宅地(土地と建物),成約価格情報,,13115,東京都,杉並区,下高井戸,西永福,15,58000000,,110,,,,85,1967年,木造,,,,,,１低住専,40,80,2026年第1四半期,
宅地(土地と建物),成約価格情報,,13115,東京都,杉並区,下高井戸,桜上水,15,60000000,,60,,,,60,2026年,木造,,,東,私道,4,１低住専,40,80,2026年第1四半期,
宅地(土地と建物),成約価格情報,,13115,東京都,杉並区,高井戸西,高井戸,5,190000000,,315,,,,190,1984年,木造,,,東,,4,１低住専,40,80,2026年第1四半期,
宅地(土地と建物),成約価格情報,,13115,東京都,杉並区,高井戸東,高井戸,15,70000000,,70,,,,70,2020年,木造,,,北西,私道,5,１低住専,50,100,2026年第1四半期,
宅地(土地と建物),成約価格情報,,13115,東京都,杉並区,高井戸東,高井戸,10,39000000,,60,,,,65,1996年,木造,,,東,公道,3.4,１低住専,40,80,2026年第1四半期,
宅地(土地と建物),成約価格情報,,13115,東京都,杉並区,高井戸東,高井戸,10,89000000,,90,,,,70,2026年,木造,,,南西,公道,4,１低住専,40,80,2026年第1四半期,
宅地(土地と建物),成約価格情報,,13115,東京都,杉並区,高井戸東,浜田山,15,78000000,,95,,,,75,2025年,木造,,,南東,私道,4,１低住専,40,80,2026年第1四半期,
宅地(土地と建物),成約価格情報,,13115,東京都,杉並区,高井戸東,浜田山,10,50000000,,75,,,,75,1982年,木造,,,東,公道,3.6,１低住専,60,100,2026年第1四半期,
宅地(土地と建物),成約価格情報,,13115,東京都,杉並区,高井戸東,高井戸,5,80000000,,125,,,,100,2009年,木造,,,南,公道,4,１低住専,40,80,2026年第1四半期,
宅地(土地と建物),成約価格情報,,13115,東京都,杉並区,高井戸東,高井戸,10,75000000,,110,,,,90,2002年,木造,,,南東,公道,3.9,１低住専,40,80,2026年第1四半期,
宅地(土地と建物),成約価格情報,,13115,東京都,杉並区,西荻北,西荻窪,10,33000000,,50,,,,45,1972年,木造,,,南西,私道,4,１低住専,60,100,2026年第1四半期,
宅地(土地と建物),成約価格情報,,13115,東京都,杉並区,西荻北,西荻窪,10,76000000,,125,,,,135,1992年,木造,,,北東,私道,3.9,１低住専,50,100,2026年第1四半期,
宅地(土地と建物),成約価格情報,,13115,東京都,杉並区,西荻北,西荻窪,10,95000000,,70,,,,100,2026年,木造,,,,,,１低住専,60,100,2026年第1四半期,
宅地(土地と建物),成約価格情報,,13115,東京都,杉並区,西荻北,西荻窪,10,96000000,,95,,,,90,2007年,木造,,,北西,公道,4.5,１低住専,60,100,2026年第1四半期,
宅地(土地と建物),成約価格情報,,13115,東京都,杉並区,西荻南,西荻窪,10,110000000,,120,,,,120,1996年,木造,,,南東,私道,3.3,１低住専,50,100,2026年第1四半期,
宅地(土地と建物),成約価格情報,,13115,東京都,杉並区,西荻南,西荻窪,10,88000000,,80,,,,90,2008年,鉄骨造,,,北東,公道,6.3,近隣商業,80,300,2026年第1四半期,
宅地(土地と建物),成約価格情報,,13115,東京都,杉並区,西荻南,西荻窪,10,130000000,,170,,,,155,1998年,木造,,,北西,,4,１低住専,50,100,2026年第1四半期,
宅地(土地と建物),成約価格情報,,13115,東京都,杉並区,西荻南,西荻窪,10,93000000,,90,,,,100,2003年,木造,,,北,公道,5.4,１低住専,60,150,2026年第1四半期,
宅地(土地と建物),成約価格情報,,13115,東京都,杉並区,西荻南,西荻窪,10,53000000,,50,,,,65,,木造,,,北西,公道,7.3,近隣商業,80,300,2026年第1四半期,
宅地(土地と建物),成約価格情報,,13115,東京都,杉並区,堀ノ内,方南町,15,62000000,,80,,,,90,2012年,木造,,,南,公道,3.8,１種住居,60,160,2026年第1四半期,
宅地(土地と建物),成約価格情報,,13115,東京都,杉並区,宮前,富士見ケ丘,10,78000000,,75,,,,80,2026年,木造,,,,,,１低住専,50,100,2026年第1四半期,
宅地(土地と建物),成約価格情報,,13115,東京都,杉並区,宮前,高井戸,15,57000000,,60,,,,75,2013年,木造,,,,,,準住居,60,300,2026年第1四半期,
宅地(土地と建物),成約価格情報,,13115,東京都,杉並区,宮前,西荻窪,15,130000000,,275,,,,195,1999年,軽量鉄骨造,,,,公道,6,１低住専,50,100,2026年第1四半期,
宅地(土地と建物),成約価格情報,,13115,東京都,杉並区,宮前,久我山,10,180000000,,220,,,,165,1986年,木造,,,北西,公道,5.7,１低住専,60,100,2026年第1四半期,
宅地(土地と建物),成約価格情報,,13115,東京都,杉並区,宮前,富士見ケ丘,10,110000000,,90,,,,90,2026年,木造,,,南,私道,4,１低住専,50,100,2026年第1四半期,
宅地(土地と建物),成約価格情報,,13115,東京都,杉並区,宮前,久我山,10,95000000,,140,,,,95,1983年,木造,,,北西,公道,4,１低住専,50,100,2026年第1四半期,
宅地(土地と建物),成約価格情報,,13115,東京都,杉並区,宮前,久我山,15,94000000,,100,,,,95,2016年,木造,,,北西,私道,5,１低住専,50,100,2026年第1四半期,
宅地(土地と建物),成約価格情報,,13115,東京都,杉並区,宮前,富士見ケ丘,15,74000000,,70,,,,75,2021年,木造,,,,,,２種住居,60,200,2026年第1四半期,
宅地(土地と建物),不動産取引価格情報,住宅地,13115,東京都,杉並区,阿佐谷北,阿佐ケ谷,8,110000000,,70,,ほぼ長方形,5.5,95,2026年,木造,住宅,住宅,西,区道,4.5,１低住専,60,150,2026年第1四半期,
宅地(土地),不動産取引価格情報,商業地,13115,東京都,杉並区,阿佐谷北,阿佐ケ谷,14,100000000,2300000,145,700000,ほぼ長方形,8.5,,,,,住宅,南,都道,15,近隣商業,80,300,2026年第1四半期,
宅地(土地と建物),不動産取引価格情報,住宅地,13115,東京都,杉並区,阿佐谷北,阿佐ケ谷,7,280000000,,350,,袋地等,,350,2017年,鉄骨造,共同住宅,住宅,南西,区道,5.3,１低住専,50,100,2026年第1四半期,
宅地(土地と建物),不動産取引価格情報,住宅地,13115,東京都,杉並区,阿佐谷北,阿佐ケ谷,6,150000000,,170,,ほぼ長方形,20,185,2002年,木造,共同住宅,住宅,北,区道,2.6,１中住専,60,200,2026年第1四半期,
宅地(土地と建物),不動産取引価格情報,住宅地,13115,東京都,杉並区,阿佐谷北,阿佐ケ谷,9,97000000,,70,,不整形,2.8,90,2026年,木造,住宅,住宅,南西,区道,4,１低住専,60,150,2026年第1四半期,私道を含む取引
宅地(土地),不動産取引価格情報,住宅地,13115,東京都,杉並区,阿佐谷北,鷺ノ宮,14,78000000,2300000,110,700000,ほぼ整形,5,,,,,住宅,南,区道,3.6,１低住専,50,100,2026年第1四半期,私道を含む取引
宅地(土地),不動産取引価格情報,住宅地,13115,東京都,杉並区,阿佐谷北,鷺ノ宮,15,130000000,2000000,210,610000,ほぼ長方形,13.9,,,,,住宅,東,私道,4,１低住専,50,100,2026年第1四半期,
宅地(土地と建物),不動産取引価格情報,住宅地,13115,東京都,杉並区,阿佐谷南,高円寺,7,60000000,,50,,ほぼ長方形,3.8,85,1991年,鉄骨造,共同住宅、店舗,店舗,東,区道,5.4,１中住専,60,200,2026年第1四半期,私道を含む取引
宅地(土地),不動産取引価格情報,住宅地,13115,東京都,杉並区,天沼,荻窪,7,110000000,3000000,120,920000,長方形,6,,,,,住宅,北東,私道,2.6,１中住専,60,200,2026年第1四半期,
宅地(土地),不動産取引価格情報,住宅地,13115,東京都,杉並区,天沼,荻窪,9,130000000,3400000,130,1000000,ほぼ台形,11,,,,,,北東,区道,3.8,近隣商業,80,300,2026年第1四半期,私道を含む取引
宅地(土地と建物),不動産取引価格情報,住宅地,13115,東京都,杉並区,天沼,荻窪,6,52000000,,45,,ほぼ長方形,4.3,70,1978年,木造,住宅,住宅,南,区道,3.5,１中住専,60,200,2026年第1四半期,私道を含む取引
宅地(土地),不動産取引価格情報,住宅地,13115,東京都,杉並区,天沼,荻窪,7,84000000,2200000,130,660000,ほぼ長方形,12,,,,,,西,区道,3.6,１低住専,50,100,2026年第1四半期,私道を含む取引
宅地(土地),不動産取引価格情報,住宅地,13115,東京都,杉並区,井草,下井草,4,140000000,1500000,290,470000,ほぼ長方形,8.6,,,,,住宅,西,私道,4,１低住専,50,100,2026年第1四半期,私道を含む取引
宅地(土地と建物),不動産取引価格情報,住宅地,13115,東京都,杉並区,和泉,代田橋,10,140000000,,165,,長方形,9.5,160,2014年,木造,共同住宅,その他,北西,区道,4,１低住専,50,100,2026年第1四半期,
宅地(土地),不動産取引価格情報,住宅地,13115,東京都,杉並区,和泉,代田橋,12,94000000,2200000,140,670000,不整形,,,,,,住宅,南,私道,3.4,１低住専,50,100,2026年第1四半期,私道を含む取引
宅地(土地),不動産取引価格情報,住宅地,13115,東京都,杉並区,和泉,代田橋,11,59000000,2400000,80,720000,ほぼ台形,9,,,,,住宅,南東,私道,3.4,１低住専,50,100,2026年第1四半期,私道を含む取引
宅地(土地と建物),不動産取引価格情報,住宅地,13115,東京都,杉並区,今川,井荻,11,83000000,,85,,ほぼ長方形,5.6,90,2026年,木造,住宅,住宅,南,区道,4,１低住専,60,150,2026年第1四半期,
宅地(土地と建物),不動産取引価格情報,住宅地,13115,東京都,杉並区,今川,上井草,15,68000000,,80,,長方形,6.6,75,2015年,木造,住宅,住宅,東,区道,4,１低住専,50,100,2026年第1四半期,
宅地(土地と建物),不動産取引価格情報,商業地,13115,東京都,杉並区,梅里,新高円寺,2,380000000,,390,,不整形,15.3,1800,1991年,ＳＲＣ,事務所、駐車場,住宅,北,都道,25,商業,80,400,2026年第1四半期,
宅地(土地と建物),不動産取引価格情報,住宅地,13115,東京都,杉並区,永福,下高井戸,9,84000000,,95,,ほぼ長方形,7.5,75,2025年,木造,住宅,住宅,南,私道,4,１低住専,40,80,2026年第1四半期,
宅地(土地),不動産取引価格情報,住宅地,13115,東京都,杉並区,荻窪,荻窪,18,85000000,1600000,180,480000,袋地等,3,,,,,,西,区道,8,近隣商業,80,300,2026年第1四半期,
宅地(土地と建物),不動産取引価格情報,住宅地,13115,東京都,杉並区,荻窪,荻窪,6,550000000,,130,,ほぼ長方形,8.5,450,2022年,ＲＣ,共同住宅,住宅,南東,区道,8.6,近隣商業,80,400,2026年第1四半期,
宅地(土地),不動産取引価格情報,住宅地,13115,東京都,杉並区,荻窪,高井戸,13,210000000,2600000,270,780000,不整形,13,,,,,その他,南,区道,7,１中住専,60,200,2026年第1四半期,
宅地(土地と建物),不動産取引価格情報,住宅地,13115,東京都,杉並区,荻窪,南阿佐ケ谷,12,28000000,,220,,不整形,,,,,,住宅,接面道路無,,,１低住専,50,100,2026年第1四半期,
宅地(土地と建物),不動産取引価格情報,住宅地,13115,東京都,杉並区,上井草,上井草,6,32000000,,125,,ほぼ整形,6.5,95,1977年,木造,住宅,住宅,南東,区道,7,１低住専,50,100,2026年第1四半期,私道を含む取引
宅地(土地と建物),不動産取引価格情報,住宅地,13115,東京都,杉並区,上荻,荻窪,7,290000000,,210,,袋地等,5.4,300,2019年,鉄骨造,共同住宅,住宅,東,私道,4,２中住専,60,200,2026年第1四半期,
宅地(土地と建物),不動産取引価格情報,住宅地,13115,東京都,杉並区,久我山,久我山,5,210000000,,290,,長方形,14.1,260,1994年,木造,共同住宅,住宅,東,区道,5,１低住専,50,100,2026年第1四半期,
宅地(土地と建物),不動産取引価格情報,住宅地,13115,東京都,杉並区,久我山,久我山,10,93000000,,85,,ほぼ正方形,7.5,80,2025年,木造,住宅,住宅,東,区道,5.4,１低住専,50,100,2026年第1四半期,私道を含む取引
宅地(土地と建物),不動産取引価格情報,住宅地,13115,東京都,杉並区,高円寺北,阿佐ケ谷,9,130000000,,100,,長方形,5.8,95,2018年,木造,共同住宅,その他,南西,区道,4,１低住専,50,100,2026年第1四半期,
宅地(土地),不動産取引価格情報,住宅地,13115,東京都,杉並区,高円寺北,高円寺,8,98000000,3300000,100,1000000,ほぼ長方形,8.5,,,,,住宅,西,区道,3.3,１低住専,60,150,2026年第1四半期,
宅地(土地と建物),不動産取引価格情報,住宅地,13115,東京都,杉並区,高円寺南,新高円寺,6,120000000,,70,,ほぼ長方形,7.9,100,2026年,木造,住宅,住宅,東,区道,4.5,１低住専,60,150,2026年第1四半期,
宅地(土地),不動産取引価格情報,住宅地,13115,東京都,杉並区,高円寺南,中野(東京),9,790000000,4600000,560,1400000,不整形,12.7,,,,,住宅,北,区道,4,１低住専,60,150,2026年第1四半期,
宅地(土地と建物),不動産取引価格情報,住宅地,13115,東京都,杉並区,高円寺南,東高円寺,4,140000000,,95,,長方形,4.5,100,2015年,木造,共同住宅,その他,南,区道,4,１中住専,60,200,2026年第1四半期,私道を含む取引
宅地(土地と建物),不動産取引価格情報,住宅地,13115,東京都,杉並区,高円寺南,東高円寺,4,100000000,,75,,長方形,6.1,80,2015年,木造,共同住宅,その他,南,区道,4,１中住専,60,200,2026年第1四半期,
宅地(土地と建物),不動産取引価格情報,住宅地,13115,東京都,杉並区,清水,荻窪,18,340000000,,810,,長方形,19,750,1973年,ＲＣ,共同住宅,住宅,北,区道,8,１低住専,50,100,2026年第1四半期,
宅地(土地と建物),不動産取引価格情報,住宅地,13115,東京都,杉並区,松庵,西荻窪,10,88000000,,70,,ほぼ長方形,5,80,2021年,木造,住宅,住宅,北西,区道,5.4,１低住専,50,100,2026年第1四半期,
宅地(土地と建物),不動産取引価格情報,住宅地,13115,東京都,杉並区,松庵,西荻窪,9,150000000,,95,,ほぼ長方形,5,95,2025年,木造,住宅,住宅,南東,区道,4.5,１低住専,50,100,2026年第1四半期,
宅地(土地と建物),不動産取引価格情報,住宅地,13115,東京都,杉並区,松庵,三鷹台,12,75000000,,70,,長方形,5.7,100,2010年,木造,住宅,住宅,東,区道,5.3,準住居,60,200,2026年第1四半期,私道を含む取引
宅地(土地と建物),不動産取引価格情報,住宅地,13115,東京都,杉並区,高井戸西,高井戸,9,60000000,,95,,ほぼ長方形,7.1,90,1987年,木造,住宅,住宅,南,私道,4,１低住専,50,100,2026年第1四半期,私道を含む取引
宅地(土地),不動産取引価格情報,住宅地,13115,東京都,杉並区,高井戸東,高井戸,12,65000000,2200000,100,650000,長方形,9,,,,,住宅,南,区道,5,１低住専,40,80,2026年第1四半期,
宅地(土地),不動産取引価格情報,住宅地,13115,東京都,杉並区,高井戸東,高井戸,7,100000000,2500000,140,740000,ほぼ台形,8.1,,,,,住宅,南,区道,6.3,１低住専,50,100,2026年第1四半期,
宅地(土地と建物),不動産取引価格情報,住宅地,13115,東京都,杉並区,高井戸東,浜田山,8,160000000,,95,,長方形,7.2,95,2025年,木造,住宅,住宅,東,区道,5,１低住専,50,100,2026年第1四半期,
宅地(土地と建物),不動産取引価格情報,住宅地,13115,東京都,杉並区,高井戸東,浜田山,7,90000000,,100,,不整形,2.3,95,2026年,木造,住宅,住宅,南,区道,4.7,１低住専,50,100,2026年第1四半期,
宅地(土地と建物),不動産取引価格情報,住宅地,13115,東京都,杉並区,成田西,南阿佐ケ谷,14,80000000,,250,,不整形,,185,1992年,木造,住宅,住宅,西,私道,4,１低住専,40,80,2026年第1四半期,
宅地(土地と建物),不動産取引価格情報,住宅地,13115,東京都,杉並区,成田東,西永福,18,110000000,,125,,長方形,9,95,1966年,木造,住宅,住宅,南,私道,4,１低住専,50,100,2026年第1四半期,
宅地(土地),不動産取引価格情報,住宅地,13115,東京都,杉並区,成田東,南阿佐ケ谷,10,78000000,2500000,100,760000,ほぼ長方形,6.2,,,,,住宅,西,区道,4,１低住専,50,100,2026年第1四半期,
宅地(土地と建物),不動産取引価格情報,住宅地,13115,東京都,杉並区,成田東,南阿佐ケ谷,6,72000000,,65,,長方形,6,80,2008年,木造,共同住宅,住宅,東,区道,3.8,１中住専,60,200,2026年第1四半期,
宅地(土地と建物),不動産取引価格情報,住宅地,13115,東京都,杉並区,西荻北,西荻窪,8,190000000,,260,,ほぼ長方形,9.5,190,2012年,木造,住宅,その他,北西,私道,6.2,１低住専,50,100,2026年第1四半期,私道を含む取引
宅地(土地),不動産取引価格情報,商業地,13115,東京都,杉並区,西荻北,西荻窪,6,120000000,3900000,105,1200000,ほぼ長方形,21,,,,,その他,東,区道,11,近隣商業,80,300,2026年第1四半期,
宅地(土地と建物),不動産取引価格情報,商業地,13115,東京都,杉並区,西荻北,西荻窪,,1500000000,,260,,ほぼ長方形,11,1600,1970年,ＲＣ,事務所、店舗,店舗,南,区道,11.2,商業,80,500,2026年第1四半期,
宅地(土地と建物),不動産取引価格情報,商業地,13115,東京都,杉並区,西荻南,西荻窪,9,250000000,,195,,台形,12.5,300,2004年,鉄骨造,共同住宅,住宅,南西,都道,11,近隣商業,80,300,2026年第1四半期,私道を含む取引
宅地(土地と建物),不動産取引価格情報,住宅地,13115,東京都,杉並区,浜田山,浜田山,7,110000000,,250,,ほぼ長方形,11.1,190,2002年,軽量鉄骨造,共同住宅,その他,南,私道,4,１低住専,50,100,2026年第1四半期,
宅地(土地と建物),不動産取引価格情報,住宅地,13115,東京都,杉並区,方南,方南町,4,70000000,,85,,長方形,11,145,2005年,木造,共同住宅,住宅,南東,私道,3,近隣商業,80,400,2026年第1四半期,
宅地(土地),不動産取引価格情報,住宅地,13115,東京都,杉並区,方南,方南町,11,17000000,1700000,35,500000,台形,4.8,,,,,その他,北東,私道,3.6,１低住専,60,150,2026年第1四半期,
宅地(土地),不動産取引価格情報,住宅地,13115,東京都,杉並区,堀ノ内,新高円寺,7,47000000,2000000,75,610000,不整形,2,,,,,住宅,北西,私道,3,１低住専,50,100,2026年第1四半期,
宅地(土地と建物),不動産取引価格情報,住宅地,13115,東京都,杉並区,堀ノ内,新高円寺,8,51000000,,95,,長方形,6.6,95,2016年,木造,住宅、事務所,事務所,北東,私道,4,１低住専,50,100,2026年第1四半期,
宅地(土地と建物),不動産取引価格情報,住宅地,13115,東京都,杉並区,堀ノ内,新高円寺,14,96000000,,90,,長方形,8,115,2025年,木造,住宅,住宅,西,私道,4,１種住居,60,200,2026年第1四半期,私道を含む取引
宅地(土地と建物),不動産取引価格情報,住宅地,13115,東京都,杉並区,堀ノ内,方南町,11,49000000,,70,,ほぼ長方形,5.2,75,1978年,木造,住宅,住宅,南,私道,3.3,１種住居,60,200,2026年第1四半期,
宅地(土地と建物),不動産取引価格情報,住宅地,13115,東京都,杉並区,堀ノ内,方南町,7,10000000,,110,,ほぼ整形,9.5,140,1970年,木造,共同住宅,店舗,西,区道,5.7,１種住居,60,200,2026年第1四半期,
宅地(土地と建物),不動産取引価格情報,住宅地,13115,東京都,杉並区,本天沼,阿佐ケ谷,16,90000000,,80,,ほぼ長方形,7.2,80,2025年,木造,住宅,住宅,南東,区道,4,１低住専,50,100,2026年第1四半期,
宅地(土地),不動産取引価格情報,住宅地,13115,東京都,杉並区,南荻窪,荻窪,12,87000000,2200000,130,660000,袋地等,2.6,,,,,住宅,西,区道,4,１低住専,50,100,2026年第1四半期,
宅地(土地),不動産取引価格情報,住宅地,13115,東京都,杉並区,南荻窪,荻窪,16,110000000,2100000,175,630000,ほぼ長方形,6.8,,,,,,南西,区道,4.5,１低住専,50,100,2026年第1四半期,
宅地(土地),不動産取引価格情報,住宅地,13115,東京都,杉並区,宮前,久我山,9,270000000,2700000,330,820000,ほぼ正方形,17.2,,,,,住宅,西,私道,4,１低住専,50,100,2026年第1四半期,
宅地(土地),不動産取引価格情報,住宅地,13115,東京都,杉並区,桃井,荻窪,16,80000000,2300000,115,690000,ほぼ正方形,10.5,,,,,住宅,北,私道,4,１低住専,50,100,2026年第1四半期,
宅地(土地と建物),不動産取引価格情報,商業地,13115,東京都,杉並区,桃井,荻窪,11,320000000,,90,,長方形,5,290,2025年,鉄骨造,共同住宅,住宅,南西,都道,25,商業,80,400,2026年第1四半期,
宅地(土地と建物),不動産取引価格情報,住宅地,13115,東京都,杉並区,和田,中野富士見町,6,590000000,,210,,ほぼ長方形,12,470,2025年,ＲＣ,共同住宅,,北東,区道,5.8,準工業,60,200,2026年第1四半期,
宅地(土地と建物),不動産取引価格情報,住宅地,13115,東京都,杉並区,和田,東高円寺,10,83000000,,80,,袋地等,2.7,75,2025年,木造,住宅,住宅,北東,私道,4,１低住専,60,150,2026年第1四半期,
宅地(土地と建物),成約価格情報,,13116,東京都,豊島区,上池袋,板橋,15,90000000,,80,,,,105,2025年,木造,,,南,私道,3.3,１中住専,60,300,2026年第1四半期,
宅地(土地と建物),成約価格情報,,13116,東京都,豊島区,駒込,駒込,5,95000000,,60,,,,85,1996年,木造,,,,公道,,１中住専,60,300,2026年第1四半期,
宅地(土地と建物),成約価格情報,,13116,東京都,豊島区,高田,早稲田(都電),5,78000000,,50,,,,85,2006年,木造,,,北,公道,,１種住居,60,300,2026年第1四半期,
宅地(土地と建物),成約価格情報,,13116,東京都,豊島区,高田,雑司が谷(東京メトロ),5,170000000,,80,,,,125,2025年,木造,,,,私道,4,１中住専,60,160,2026年第1四半期,
宅地(土地と建物),成約価格情報,,13116,東京都,豊島区,高田,雑司が谷(東京メトロ),10,75000000,,35,,,,75,2026年,木造,,,南,私道,4,準工業,60,300,2026年第1四半期,
宅地(土地と建物),成約価格情報,,13116,東京都,豊島区,千早,千川,10,95000000,,120,,,,110,2016年,木造,,,北東,公道,5.2,１低住専,60,150,2026年第1四半期,
宅地(土地と建物),成約価格情報,,13116,東京都,豊島区,池袋,池袋,10,150000000,,85,,,,135,2026年,木造,,,北東,私道,3.4,１種住居,60,160,2026年第1四半期,
宅地(土地と建物),成約価格情報,,13116,東京都,豊島区,池袋,池袋,10,150000000,,85,,,,125,2026年,木造,,,北東,私道,3.2,１種住居,60,160,2026年第1四半期,
宅地(土地と建物),成約価格情報,,13116,東京都,豊島区,池袋,池袋,10,150000000,,85,,,,130,2026年,木造,,,北東,私道,3.2,１種住居,60,160,2026年第1四半期,
宅地(土地と建物),成約価格情報,,13116,東京都,豊島区,池袋,池袋,10,65000000,,70,,,,70,1978年,木造,,,南西,私道,4,１種住居,80,400,2026年第1四半期,
宅地(土地と建物),成約価格情報,,13116,東京都,豊島区,池袋本町,下板橋,5,77000000,,70,,,,105,2007年,木造,,,南東,公道,4,１中住専,60,160,2026年第1四半期,
宅地(土地と建物),成約価格情報,,13116,東京都,豊島区,北大塚,巣鴨,5,110000000,,75,,,,125,1997年,木造,,,南東,公道,4,１中住専,60,300,2026年第1四半期,
宅地(土地と建物),成約価格情報,,13116,東京都,豊島区,高松,要町,10,75000000,,55,,,,80,2012年,木造,,,北西,公道,3.9,１中住専,60,160,2026年第1四半期,
宅地(土地と建物),成約価格情報,,13116,東京都,豊島区,長崎,東長崎,10,90000000,,60,,,,115,2025年,木造,,,北東,公道,4.3,１中住専,60,200,2026年第1四半期,
宅地(土地と建物),成約価格情報,,13116,東京都,豊島区,長崎,千川,10,51000000,,50,,,,70,1996年,木造,,,北西,公道,4,１低住専,60,150,2026年第1四半期,
宅地(土地と建物),成約価格情報,,13116,東京都,豊島区,長崎,千川,10,80000000,,60,,,,100,2026年,木造,,,北東,公道,5.4,１種住居,60,200,2026年第1四半期,
宅地(土地と建物),成約価格情報,,13116,東京都,豊島区,長崎,東長崎,5,63000000,,75,,,,85,2003年,木造,,,北西,公道,5.2,１低住専,60,150,2026年第1四半期,
宅地(土地と建物),成約価格情報,,13116,東京都,豊島区,長崎,東長崎,5,90000000,,90,,,,95,2025年,木造,,,,,,１低住専,60,150,2026年第1四半期,
宅地(土地と建物),成約価格情報,,13116,東京都,豊島区,長崎,東長崎,5,95000000,,75,,,,100,2025年,木造,,,,,,１低住専,60,150,2026年第1四半期,
宅地(土地と建物),成約価格情報,,13116,東京都,豊島区,長崎,椎名町,10,120000000,,75,,,,130,2026年,木造,,,南,公道,4.3,１中住専,60,176,2026年第1四半期,
宅地(土地と建物),成約価格情報,,13116,東京都,豊島区,長崎,東長崎,10,75000000,,70,,,,80,2020年,木造,,,北東,公道,5.4,１低住専,60,150,2026年第1四半期,
宅地(土地と建物),成約価格情報,,13116,東京都,豊島区,目白,目白,15,130000000,,55,,,,80,2022年,木造,,,北西,公道,4.2,１低住専,60,150,2026年第1四半期,
宅地(土地と建物),成約価格情報,,13116,東京都,豊島区,要町,千川,5,60000000,,90,,,,95,2008年,木造,,,東,公道,5.3,１低住専,60,150,2026年第1四半期,
宅地(土地と建物),成約価格情報,,13116,東京都,豊島区,巣鴨,駒込,10,130000000,,80,,,,120,2017年,木造,,,北西,公道,6,１低住専,60,150,2026年第1四半期,
宅地(土地と建物),成約価格情報,,13116,東京都,豊島区,巣鴨,巣鴨,15,250000000,,165,,,,285,2007年,ＲＣ,,,南東,公道,8.2,１中住専,60,300,2026年第1四半期,
宅地(土地と建物),成約価格情報,,13116,東京都,豊島区,西池袋,要町,5,170000000,,90,,,,130,1996年,ＲＣ,,,西,公道,4,１中住専,60,160,2026年第1四半期,
宅地(土地と建物),成約価格情報,,13116,東京都,豊島区,西池袋,椎名町,10,34000000,,40,,,,30,1971年,木造,,,南,私道,4,１低住専,60,150,2026年第1四半期,
宅地(土地と建物),成約価格情報,,13116,東京都,豊島区,南大塚,大塚(東京),15,75000000,,45,,,,70,2018年,木造,,,北東,公道,3.7,１中住専,60,300,2026年第1四半期,
宅地(土地と建物),成約価格情報,,13116,東京都,豊島区,南長崎,東長崎,5,87000000,,75,,,,105,2004年,木造,,,北東,公道,4.3,１中住専,60,172,2026年第1四半期,
宅地(土地と建物),成約価格情報,,13116,東京都,豊島区,南長崎,落合南長崎,10,62000000,,70,,,,100,1998年,木造,,,東,公道,4,１中住専,60,160,2026年第1四半期,
宅地(土地と建物),成約価格情報,,13116,東京都,豊島区,南長崎,椎名町,10,85000000,,65,,,,90,2024年,木造,,,,私道,,１中住専,60,200,2026年第1四半期,
宅地(土地と建物),不動産取引価格情報,商業地,13116,東京都,豊島区,池袋,池袋,9,750000000,,350,,ほぼ整形,29,430,1981年,ＲＣ,共同住宅,,北,区道,5,近隣商業,80,400,2026年第1四半期,
宅地(土地と建物),不動産取引価格情報,住宅地,13116,東京都,豊島区,池袋,要町,10,80000000,,90,,ほぼ長方形,,95,1990年,木造,共同住宅,住宅,南東,私道,4,１種住居,60,300,2026年第1四半期,
宅地(土地と建物),不動産取引価格情報,住宅地,13116,東京都,豊島区,池袋本町,北池袋,2,28000000,,35,,ほぼ長方形,6.7,60,1965年,木造,共同住宅,住宅,北東,区道,4.3,１中住専,60,300,2026年第1四半期,
宅地(土地),不動産取引価格情報,住宅地,13116,東京都,豊島区,駒込,巣鴨,14,700000000,3300000,710,990000,ほぼ長方形,34.6,,,,,住宅,北,区道,12,１種住居,60,300,2026年第1四半期,
宅地(土地),不動産取引価格情報,住宅地,13116,東京都,豊島区,駒込,西巣鴨,12,160000000,3600000,145,1100000,ほぼ長方形,10.6,,,,,住宅,北西,区道,12.2,１種住居,80,300,2026年第1四半期,
宅地(土地),不動産取引価格情報,住宅地,13116,東京都,豊島区,雑司が谷,護国寺,8,89000000,3100000,95,930000,ほぼ長方形,4.4,,,,,住宅,南東,区道,3.4,１中住専,60,300,2026年第1四半期,私道を含む取引
宅地(土地),不動産取引価格情報,住宅地,13116,東京都,豊島区,高松,要町,8,46000000,1700000,90,500000,不整形,6.2,,,,,,南,区道,3.4,１中住専,60,200,2026年第1四半期,
宅地(土地),不動産取引価格情報,住宅地,13116,東京都,豊島区,千早,東長崎,9,50000000,5000000,35,1500000,長方形,4.5,,,,,,北東,区道,2.7,１低住専,60,150,2026年第1四半期,
宅地(土地),不動産取引価格情報,住宅地,13116,東京都,豊島区,千早,東長崎,9,50000000,5400000,30,1600000,長方形,4.2,,,,,,北東,区道,2.7,１低住専,60,150,2026年第1四半期,
宅地(土地と建物),不動産取引価格情報,住宅地,13116,東京都,豊島区,長崎,東長崎,5,200000000,,120,,長方形,11.9,180,2025年,木造,共同住宅,住宅,南東,区道,3.7,１中住専,60,200,2026年第1四半期,私道を含む取引
宅地(土地と建物),不動産取引価格情報,住宅地,13116,東京都,豊島区,西池袋,椎名町,7,45000000,,100,,ほぼ長方形,,110,1967年,木造,共同住宅,住宅,東,私道,3.6,１低住専,60,150,2026年第1四半期,
宅地(土地と建物),不動産取引価格情報,住宅地,13116,東京都,豊島区,東池袋,東池袋,3,260000000,,210,,ほぼ長方形,10.7,230,1988年,木造,共同住宅,その他,北東,区道,6,近隣商業,80,400,2026年第1四半期,
宅地(土地と建物),成約価格情報,,13117,東京都,北区,浮間,北赤羽,5,78000000,,70,,,,125,2026年,木造,,,北東,公道,5.9,１中住専,60,200,2026年第1四半期,
宅地(土地と建物),成約価格情報,,13117,東京都,北区,志茂,志茂,5,84000000,,85,,,,105,2025年,木造,,,南,公道,4,１中住専,60,160,2026年第1四半期,
宅地(土地と建物),成約価格情報,,13117,東京都,北区,志茂,志茂,5,73000000,,85,,,,100,2026年,木造,,,,公道,,１中住専,60,200,2026年第1四半期,
宅地(土地と建物),成約価格情報,,13117,東京都,北区,志茂,赤羽,15,60000000,,45,,,,75,2026年,木造,,,,公道,5.4,１種住居,60,200,2026年第1四半期,
宅地(土地と建物),成約価格情報,,13117,東京都,北区,十条仲原,十条(東京),10,66000000,,40,,,,85,2026年,木造,,,北,私道,2.8,近隣商業,60,240,2026年第1四半期,
宅地(土地と建物),成約価格情報,,13117,東京都,北区,豊島,王子神谷,10,75000000,,85,,,,120,2009年,軽量鉄骨造,,,北,公道,7.8,近隣商業,80,300,2026年第1四半期,
宅地(土地と建物),成約価格情報,,13117,東京都,北区,豊島,梶原,20,32000000,,35,,,,55,2025年,木造,,,南東,,4,準工業,60,200,2026年第1四半期,
宅地(土地と建物),成約価格情報,,13117,東京都,北区,豊島,王子,20,50000000,,50,,,,85,2026年,木造,,,南西,私道,4,１種住居,60,200,2026年第1四半期,
宅地(土地と建物),成約価格情報,,13117,東京都,北区,西が丘,赤羽,15,98000000,,120,,,,145,2025年,木造,,,北,私道,3,２低住専,60,150,2026年第1四半期,
宅地(土地と建物),成約価格情報,,13117,東京都,北区,西が丘,赤羽,20,26000000,,135,,,,100,1973年,木造,,,,,,２低住専,60,150,2026年第1四半期,
宅地(土地と建物),成約価格情報,,13117,東京都,北区,西ケ原,西ケ原,5,47000000,,50,,,,70,2011年,木造,,,南東,私道,4,１中住専,60,150,2026年第1四半期,
宅地(土地と建物),成約価格情報,,13117,東京都,北区,西ケ原,西ケ原四丁目,5,110000000,,130,,,,200,1990年,鉄骨造,,,北,公道,3.8,１中住専,60,160,2026年第1四半期,
宅地(土地と建物),成約価格情報,,13117,東京都,北区,中里,駒込,10,85000000,,70,,,,90,2010年,木造,,,南西,公道,3.4,１中住専,70,150,2026年第1四半期,
宅地(土地と建物),成約価格情報,,13117,東京都,北区,中里,駒込,10,80000000,,55,,,,90,2019年,木造,,,西,公道,4,１中住専,60,150,2026年第1四半期,
宅地(土地と建物),成約価格情報,,13117,東京都,北区,中里,駒込,10,19000000,,55,,,,90,1965年,木造,,,,,0,１中住専,60,150,2026年第1四半期,
宅地(土地と建物),成約価格情報,,13117,東京都,北区,赤羽,赤羽岩淵,5,63000000,,50,,,,75,2026年,木造,,,西,私道,4,１種住居,70,160,2026年第1四半期,
宅地(土地と建物),成約価格情報,,13117,東京都,北区,赤羽,赤羽,,20000000,,55,,,,70,1971年,木造,,,,,,１種住居,60,200,2026年第1四半期,
宅地(土地と建物),成約価格情報,,13117,東京都,北区,赤羽北,北赤羽,10,64000000,,65,,,,100,2025年,木造,,,北東,公道,6,１中住専,60,200,2026年第1四半期,
宅地(土地と建物),成約価格情報,,13117,東京都,北区,赤羽北,北赤羽,10,85000000,,90,,,,110,2025年,木造,,,南東,私道,4,１種住居,60,200,2026年第1四半期,
宅地(土地と建物),成約価格情報,,13117,東京都,北区,赤羽北,北赤羽,10,65000000,,65,,,,100,2025年,木造,,,北東,公道,6,１中住専,60,200,2026年第1四半期,
宅地(土地と建物),成約価格情報,,13117,東京都,北区,赤羽北,北赤羽,10,52000000,,50,,,,75,2023年,木造,,,,,,準工業,60,200,2026年第1四半期,
宅地(土地と建物),成約価格情報,,13117,東京都,北区,赤羽北,北赤羽,5,53000000,,50,,,,80,2016年,木造,,,,私道,,工業,60,200,2026年第1四半期,
宅地(土地と建物),成約価格情報,,13117,東京都,北区,上中里,上中里,5,190000000,,190,,,,275,1991年,ＲＣ,,,北東,公道,3.3,準工業,60,200,2026年第1四半期,
宅地(土地と建物),成約価格情報,,13117,東京都,北区,上中里,上中里,10,59000000,,40,,,,75,2026年,木造,,,北,公道,3,準工業,60,300,2026年第1四半期,
宅地(土地と建物),成約価格情報,,13117,東京都,北区,上中里,上中里,5,55000000,,50,,,,80,2026年,木造,,,東,私道,4,準工業,60,200,2026年第1四半期,
宅地(土地と建物),成約価格情報,,13117,東京都,北区,滝野川,新板橋,10,61000000,,50,,,,75,2020年,木造,,,北,私道,4,１中住専,60,150,2026年第1四半期,
宅地(土地と建物),成約価格情報,,13117,東京都,北区,滝野川,西巣鴨,10,18000000,,50,,,,50,1960年,木造,,,,,,１種住居,60,300,2026年第1四半期,
宅地(土地と建物),成約価格情報,,13117,東京都,北区,滝野川,王子,15,72000000,,55,,,,90,2026年,木造,,,,,,１中住専,60,200,2026年第1四半期,
宅地(土地と建物),成約価格情報,,13117,東京都,北区,滝野川,王子,15,74000000,,55,,,,80,2026年,木造,,,,,,１中住専,60,200,2026年第1四半期,
宅地(土地と建物),成約価格情報,,13117,東京都,北区,滝野川,西巣鴨,5,80000000,,65,,,,105,2026年,木造,,,北西,,4,１種住居,60,160,2026年第1四半期,
宅地(土地と建物),成約価格情報,,13117,東京都,北区,東十条,東十条,10,110000000,,80,,,,125,2026年,木造,,,北東,私道,3.3,近隣商業,80,300,2026年第1四半期,
宅地(土地と建物),成約価格情報,,13117,東京都,北区,赤羽西,赤羽,15,70000000,,80,,,,95,2025年,木造,,,東,公道,4.4,１中住専,60,150,2026年第1四半期,
宅地(土地と建物),成約価格情報,,13117,東京都,北区,赤羽西,赤羽,15,80000000,,70,,,,120,2025年,木造,,,東,公道,4.4,１中住専,60,150,2026年第1四半期,
宅地(土地と建物),成約価格情報,,13117,東京都,北区,赤羽西,赤羽,15,73000000,,80,,,,95,2025年,木造,,,東,公道,4.4,１中住専,60,150,2026年第1四半期,
宅地(土地と建物),成約価格情報,,13117,東京都,北区,赤羽西,十条(東京),20,38000000,,45,,,,50,2025年,木造,,,南東,私道,4,１中住専,60,150,2026年第1四半期,
宅地(土地と建物),成約価格情報,,13117,東京都,北区,赤羽西,赤羽,15,55000000,,75,,,,90,2020年,木造,,,北,私道,4,１中住専,60,150,2026年第1四半期,
宅地(土地と建物),成約価格情報,,13117,東京都,北区,赤羽西,赤羽,15,57000000,,85,,,,90,2012年,木造,,,南,公道,4,１中住専,60,150,2026年第1四半期,
宅地(土地と建物),成約価格情報,,13117,東京都,北区,赤羽西,赤羽,15,46000000,,45,,,,70,2026年,木造,,,西,私道,4,１中住専,60,150,2026年第1四半期,
宅地(土地と建物),成約価格情報,,13117,東京都,北区,赤羽西,赤羽,10,70000000,,65,,,,75,2000年,軽量鉄骨造,,,南東,公道,5.6,１中住専,60,224,2026年第1四半期,
宅地(土地と建物),成約価格情報,,13117,東京都,北区,赤羽西,赤羽,15,72000000,,80,,,,95,2025年,木造,,,,,,１中住専,60,150,2026年第1四半期,
宅地(土地と建物),成約価格情報,,13117,東京都,北区,王子,王子,10,57000000,,85,,,,100,2013年,木造,,,南,公道,6.1,１種住居,60,200,2026年第1四半期,
宅地(土地と建物),成約価格情報,,13117,東京都,北区,王子,王子,10,13000000,,40,,,,45,1978年,木造,,,北東,公道,10.7,近隣商業,90,300,2026年第1四半期,
宅地(土地と建物),成約価格情報,,13117,東京都,北区,上十条,十条(東京),10,87000000,,70,,,,115,2025年,木造,,,北西,私道,4,１種住居,60,200,2026年第1四半期,
宅地(土地と建物),成約価格情報,,13117,東京都,北区,上十条,十条(東京),10,85000000,,70,,,,115,2025年,木造,,,北東,公道,4,１種住居,60,200,2026年第1四半期,
宅地(土地と建物),成約価格情報,,13117,東京都,北区,上十条,十条(東京),15,72000000,,85,,,,100,2026年,木造,,,,私道,4,１中住専,60,150,2026年第1四半期,
宅地(土地と建物),成約価格情報,,13117,東京都,北区,神谷,東十条,15,65000000,,50,,,,90,2024年,木造,,,北,私道,4,近隣商業,80,240,2026年第1四半期,
宅地(土地と建物),成約価格情報,,13117,東京都,北区,神谷,王子神谷,10,67000000,,80,,,,115,2008年,木造,,,西,私道,2.4,準工業,60,300,2026年第1四半期,
宅地(土地と建物),成約価格情報,,13117,東京都,北区,神谷,赤羽,15,87000000,,95,,,,90,2026年,木造,,,,公道,,１種住居,60,200,2026年第1四半期,
宅地(土地と建物),成約価格情報,,13117,東京都,北区,神谷,赤羽,15,88000000,,70,,,,105,2026年,木造,,,,公道,,１種住居,60,200,2026年第1四半期,
宅地(土地と建物),成約価格情報,,13117,東京都,北区,神谷,東十条,10,70000000,,50,,,,80,2026年,木造,,,南,,4,１種住居,60,160,2026年第1四半期,
宅地(土地と建物),成約価格情報,,13117,東京都,北区,栄町,王子,10,62000000,,55,,,,85,2020年,木造,,,北,公道,3.8,準工業,60,150,2026年第1四半期,
宅地(土地と建物),成約価格情報,,13117,東京都,北区,田端,駒込,10,110000000,,95,,,,105,2003年,木造,,,北西,公道,4,１種住居,60,160,2026年第1四半期,
宅地(土地と建物),不動産取引価格情報,住宅地,13117,東京都,北区,赤羽北,北赤羽,9,62000000,,65,,長方形,4.9,85,2025年,木造,住宅,住宅,北東,区道,6,１中住専,60,200,2026年第1四半期,
宅地(土地),不動産取引価格情報,住宅地,13117,東京都,北区,赤羽西,赤羽,6,110000000,2100000,170,640000,不整形,19.5,,,,,住宅,南,都道,20,１中住専,60,300,2026年第1四半期,
宅地(土地と建物),不動産取引価格情報,住宅地,13117,東京都,北区,赤羽西,赤羽,8,29000000,,130,,不整形,15,65,1960年,木造,住宅,住宅,南,私道,1.8,１中住専,60,150,2026年第1四半期,
宅地(土地と建物),不動産取引価格情報,住宅地,13117,東京都,北区,赤羽西,赤羽,11,15000000,,75,,ほぼ台形,6.5,50,1968年,木造,住宅,住宅,東,私道,4,１中住専,60,150,2026年第1四半期,私道を含む取引
宅地(土地と建物),不動産取引価格情報,住宅地,13117,東京都,北区,赤羽南,赤羽,5,700000000,,440,,台形,13,,1971年,木造,住宅、共同住宅,住宅,北西,区道,15,準工業,60,300,2026年第1四半期,
宅地(土地と建物),不動産取引価格情報,住宅地,13117,東京都,北区,浮間,北赤羽,8,69000000,,60,,長方形,6.3,105,2026年,木造,住宅,住宅,北,区道,6,１中住専,60,200,2026年第1四半期,
宅地(土地と建物),不動産取引価格情報,住宅地,13117,東京都,北区,王子,王子,7,37000000,,75,,ほぼ長方形,8.6,100,1959年,木造,住宅,住宅,南,区道,3.6,１種住居,60,200,2026年第1四半期,
宅地(土地と建物),不動産取引価格情報,商業地,13117,東京都,北区,上十条,十条(東京),10,270000000,,200,,ほぼ長方形,11,135,1968年,木造,共同住宅,住宅,北,都道,25,近隣商業,80,400,2026年第1四半期,
宅地(土地),不動産取引価格情報,商業地,13117,東京都,北区,上十条,十条(東京),0,50000000,4100000,40,1200000,ほぼ台形,6.2,,,,,その他,南,都道,30,近隣商業,80,400,2026年第1四半期,
宅地(土地),不動産取引価格情報,住宅地,13117,東京都,北区,上中里,上中里,8,90000000,1300000,230,400000,不整形,13,,,,,住宅,南,区道,2,１中住専,60,150,2026年第1四半期,
宅地(土地),不動産取引価格情報,住宅地,13117,東京都,北区,上中里,上中里,9,49000000,1700000,95,510000,ほぼ長方形,8,,,,,住宅,南,私道,3,準工業,60,200,2026年第1四半期,私道を含む取引
宅地(土地と建物),不動産取引価格情報,住宅地,13117,東京都,北区,神谷,志茂,8,90000000,,60,,ほぼ長方形,4.9,105,2025年,木造,住宅,住宅,東,区道,6.1,準工業,60,200,2026年第1四半期,私道を含む取引
宅地(土地),不動産取引価格情報,住宅地,13117,東京都,北区,志茂,志茂,6,56000000,2400000,80,720000,ほぼ長方形,7,,,,,住宅,南西,区道,4.5,１中住専,60,200,2026年第1四半期,
宅地(土地と建物),不動産取引価格情報,商業地,13117,東京都,北区,志茂,志茂,4,68000000,,100,,台形,9,185,1985年,ＲＣ,住宅,その他,南西,国道,27,商業,80,500,2026年第1四半期,
宅地(土地と建物),不動産取引価格情報,住宅地,13117,東京都,北区,志茂,志茂,7,190000000,,150,,ほぼ台形,14.2,250,2026年,木造,共同住宅,住宅,東,区道,4.8,１中住専,60,200,2026年第1四半期,
宅地(土地),不動産取引価格情報,住宅地,13117,東京都,北区,志茂,志茂,3,99000000,2900000,115,860000,ほぼ長方形,9.5,,,,,住宅,南,私道,4,準工業,60,200,2026年第1四半期,私道を含む取引
宅地(土地),不動産取引価格情報,住宅地,13117,東京都,北区,志茂,志茂,4,46000000,2100000,75,620000,長方形,5.5,,,,,,南,私道,3,準工業,60,200,2026年第1四半期,私道を含む取引
宅地(土地),不動産取引価格情報,住宅地,13117,東京都,北区,十条仲原,十条(東京),5,51000000,2200000,80,660000,台形,12,,,,,その他,北,区道,4,１種住居,60,300,2026年第1四半期,
宅地(土地と建物),不動産取引価格情報,住宅地,13117,東京都,北区,滝野川,王子,6,47000000,,80,,ほぼ長方形,4.5,60,1958年,木造,住宅,住宅,南,私道,4,１中住専,60,150,2026年第1四半期,私道を含む取引
宅地(土地),不動産取引価格情報,商業地,13117,東京都,北区,滝野川,西巣鴨,7,200000000,2300000,280,710000,不整形,10.1,,,,,,南東,国道,35,商業,80,500,2026年第1四半期,
宅地(土地と建物),不動産取引価格情報,商業地,13117,東京都,北区,田端新町,田端,10,80000000,,100,,不整形,16.5,155,1996年,鉄骨造,住宅、事務所,住宅,北西,区道,6.2,近隣商業,80,300,2026年第1四半期,
宅地(土地),不動産取引価格情報,住宅地,13117,東京都,北区,豊島,王子,13,74000000,1800000,130,560000,不整形,11.5,,,,,その他,南西,区道,6.6,１種住居,60,200,2026年第1四半期,
宅地(土地と建物),不動産取引価格情報,住宅地,13117,東京都,北区,豊島,王子神谷,15,85000000,,100,,台形,15.1,,,木造,住宅,住宅,南,区道,7.8,１種住居,60,200,2026年第1四半期,
宅地(土地と建物),不動産取引価格情報,住宅地,13117,東京都,北区,豊島,王子神谷,15,56000000,,45,,ほぼ長方形,4.5,75,2026年,木造,住宅,住宅,東,区道,3,近隣商業,80,300,2026年第1四半期,
宅地(土地),不動産取引価格情報,住宅地,13117,東京都,北区,中十条,十条(東京),8,74000000,1400000,175,420000,長方形,14.9,,,,,住宅,西,私道,4,１種住居,60,200,2026年第1四半期,私道を含む取引
宅地(土地),不動産取引価格情報,住宅地,13117,東京都,北区,中十条,東十条,6,68000000,2100000,110,620000,ほぼ台形,5.5,,,,,その他,北,区道,3.3,１種住居,60,300,2026年第1四半期,
宅地(土地と建物),不動産取引価格情報,住宅地,13117,東京都,北区,中十条,東十条,4,90000000,,90,,ほぼ長方形,5.5,110,2026年,木造,住宅,住宅,北,私道,2.5,１種住居,60,200,2026年第1四半期,私道を含む取引
宅地(土地と建物),不動産取引価格情報,住宅地,13117,東京都,北区,中十条,東十条,3,80000000,,60,,長方形,5.9,105,2026年,,,住宅,南東,私道,4,１種住居,60,200,2026年第1四半期,
宅地(土地),不動産取引価格情報,住宅地,13117,東京都,北区,西ケ原,駒込,7,110000000,3000000,115,910000,正方形,10.3,,,,,住宅,南西,区道,3.2,１中住専,60,200,2026年第1四半期,私道を含む取引
宅地(土地と建物),不動産取引価格情報,商業地,13117,東京都,北区,東十条,東十条,2,190000000,,190,,ほぼ長方形,6.7,720,1980年,木造,,住宅,南西,区道,5.9,商業,80,500,2026年第1四半期,
宅地(土地),不動産取引価格情報,住宅地,13117,東京都,北区,堀船,王子,9,5700000,560000,35,170000,ほぼ長方形,6.5,,,,,住宅,南,区道,11,１種住居,60,200,2026年第1四半期,
宅地(土地と建物),成約価格情報,,13118,東京都,荒川区,東尾久,町屋,15,69000000,,65,,,,110,2025年,木造,,,北東,私道,4,準工業,90,240,2026年第1四半期,
宅地(土地と建物),成約価格情報,,13118,東京都,荒川区,東尾久,新三河島,10,120000000,,165,,,,80,1970年,木造,,,西,公道,3.2,準工業,80,240,2026年第1四半期,
宅地(土地と建物),成約価格情報,,13118,東京都,荒川区,東尾久,町屋,15,90000000,,100,,,,105,2025年,木造,,,東,公道,4,準工業,80,240,2026年第1四半期,
宅地(土地と建物),成約価格情報,,13118,東京都,荒川区,東尾久,東尾久三丁目,5,46000000,,45,,,,75,2026年,木造,,,南西,私道,4,準工業,80,300,2026年第1四半期,
宅地(土地と建物),成約価格情報,,13118,東京都,荒川区,東尾久,赤土小学校前,10,65000000,,60,,,,85,2005年,木造,,,,,,準工業,80,300,2026年第1四半期,
宅地(土地と建物),成約価格情報,,13118,東京都,荒川区,東尾久,東尾久三丁目,5,84000000,,65,,,,130,2025年,木造,,,北,私道,4,準工業,90,240,2026年第1四半期,
宅地(土地と建物),成約価格情報,,13118,東京都,荒川区,町屋,町屋,20,73000000,,75,,,,120,2026年,木造,,,南西,私道,4,工業,60,200,2026年第1四半期,
宅地(土地と建物),成約価格情報,,13118,東京都,荒川区,町屋,町屋駅前,10,57000000,,45,,,,80,2026年,木造,,,北,公道,4,準工業,80,300,2026年第1四半期,
宅地(土地と建物),成約価格情報,,13118,東京都,荒川区,町屋,町屋,15,51000000,,45,,,,85,2018年,木造,,,南東,私道,4,準工業,80,300,2026年第1四半期,
宅地(土地と建物),成約価格情報,,13118,東京都,荒川区,荒川,町屋,5,100000000,,150,,,,120,2007年,木造,,,東,公道,4,近隣商業,80,240,2026年第1四半期,
宅地(土地と建物),成約価格情報,,13118,東京都,荒川区,荒川,荒川区役所前,10,67000000,,60,,,,100,2012年,木造,,,南,公道,6,工業,60,200,2026年第1四半期,
宅地(土地と建物),成約価格情報,,13118,東京都,荒川区,西尾久,荒川遊園地前,5,43000000,,50,,,,75,2019年,木造,,,,私道,4,１種住居,80,300,2026年第1四半期,
宅地(土地と建物),成約価格情報,,13118,東京都,荒川区,西尾久,尾久,10,80000000,,70,,,,130,2026年,木造,,,南,公道,5.2,準工業,80,300,2026年第1四半期,
宅地(土地と建物),成約価格情報,,13118,東京都,荒川区,西尾久,小台,5,96000000,,115,,,,100,2026年,木造,,,南,公道,3.8,近隣商業,80,240,2026年第1四半期,
宅地(土地と建物),成約価格情報,,13118,東京都,荒川区,西尾久,荒川遊園地前,10,76000000,,70,,,,105,2026年,木造,,,東,,,１種住居,80,300,2026年第1四半期,
宅地(土地と建物),成約価格情報,,13118,東京都,荒川区,西尾久,小台,5,43000000,,45,,,,75,2014年,木造,,,北,公道,4,準工業,90,240,2026年第1四半期,
宅地(土地と建物),成約価格情報,,13118,東京都,荒川区,東日暮里,三河島,5,56000000,,70,,,,60,1980年,鉄骨造,,,北,公道,3.7,準工業,80,300,2026年第1四半期,
宅地(土地と建物),成約価格情報,,13118,東京都,荒川区,東日暮里,三河島,5,47000000,,35,,,,70,1980年,鉄骨造,,,北,私道,3.7,準工業,80,300,2026年第1四半期,
宅地(土地と建物),成約価格情報,,13118,東京都,荒川区,東日暮里,三河島,10,17000000,,85,,,,65,1967年,木造,,,,,,準工業,80,300,2026年第1四半期,
宅地(土地と建物),成約価格情報,,13118,東京都,荒川区,西日暮里,三河島,5,98000000,,60,,,,115,2026年,木造,,,南,公道,5.1,準工業,90,300,2026年第1四半期,
宅地(土地と建物),成約価格情報,,13118,東京都,荒川区,西日暮里,西日暮里,10,52000000,,35,,,,55,2026年,木造,,,南東,公道,4,準工業,80,240,2026年第1四半期,
宅地(土地と建物),成約価格情報,,13118,東京都,荒川区,南千住,南千住,15,45000000,,50,,,,70,2002年,木造,,,南西,公道,6,準工業,80,300,2026年第1四半期,
宅地(土地と建物),成約価格情報,,13118,東京都,荒川区,南千住,三ノ輪,5,73000000,,60,,,,110,2019年,木造,,,,,,準工業,60,300,2026年第1四半期,
宅地(土地と建物),成約価格情報,,13118,東京都,荒川区,南千住,南千住,15,95000000,,105,,,,100,2001年,軽量鉄骨造,,,北東,公道,6,準工業,80,300,2026年第1四半期,
宅地(土地と建物),成約価格情報,,13118,東京都,荒川区,南千住,三ノ輪,10,52000000,,35,,,,70,2026年,木造,,,西,公道,5.4,近隣商業,80,300,2026年第1四半期,
宅地(土地),不動産取引価格情報,住宅地,13118,東京都,荒川区,荒川,荒川区役所前,7,50000000,2700000,65,800000,長方形,,,,,,住宅,西,私道,4.5,工業,60,200,2026年第1四半期,
宅地(土地),不動産取引価格情報,住宅地,13118,東京都,荒川区,荒川,荒川二丁目,2,42000000,1100000,125,340000,ほぼ長方形,,,,,,,南,私道,2,準工業,80,300,2026年第1四半期,
宅地(土地),不動産取引価格情報,住宅地,13118,東京都,荒川区,荒川,荒川二丁目,1,120000000,2600000,155,780000,ほぼ長方形,30,,,,,,西,区道,11,準工業,80,300,2026年第1四半期,
宅地(土地),不動産取引価格情報,住宅地,13118,東京都,荒川区,荒川,町屋,6,36000000,1800000,65,540000,ほぼ長方形,4.6,,,,,,西,区道,8.2,準工業,80,300,2026年第1四半期,私道を含む取引
宅地(土地と建物),不動産取引価格情報,商業地,13118,東京都,荒川区,荒川,三河島,4,110000000,,80,,ほぼ長方形,5.9,180,1981年,ＲＣ,共同住宅,住宅,西,区道,3.6,準工業,80,300,2026年第1四半期,
宅地(土地と建物),不動産取引価格情報,住宅地,13118,東京都,荒川区,西尾久,小台,5,62000000,,85,,不整形,3.8,80,2026年,木造,住宅,,西,私道,3.5,準工業,80,300,2026年第1四半期,私道を含む取引
宅地(土地),不動産取引価格情報,住宅地,13118,東京都,荒川区,西尾久,小台,2,26000000,2000000,45,610000,ほぼ長方形,6,,,,,その他,西,区道,5.6,準工業,80,300,2026年第1四半期,
宅地(土地と建物),不動産取引価格情報,住宅地,13118,東京都,荒川区,西尾久,宮ノ前,6,99000000,,175,,不整形,3,240,1997年,鉄骨造,共同住宅,住宅,東,私道,4,準工業,80,300,2026年第1四半期,
宅地(土地と建物),不動産取引価格情報,住宅地,13118,東京都,荒川区,西日暮里,新三河島,4,68000000,,50,,長方形,6.4,75,2026年,木造,住宅,住宅,北,区道,2.5,準工業,80,300,2026年第1四半期,
宅地(土地),不動産取引価格情報,住宅地,13118,東京都,荒川区,西日暮里,西日暮里,6,78000000,3900000,65,1200000,長方形,3.5,,,,,住宅,北東,区道,3.9,１種住居,60,300,2026年第1四半期,
宅地(土地と建物),不動産取引価格情報,住宅地,13118,東京都,荒川区,西日暮里,日暮里,4,38000000,,30,,ほぼ長方形,4.5,45,1972年,木造,住宅、店舗,店舗,南東,区道,10.8,準工業,60,400,2026年第1四半期,
宅地(土地),不動産取引価格情報,住宅地,13118,東京都,荒川区,東尾久,熊野前,8,8000000,510000,50,150000,不整形,2.1,,,,,住宅,西,区道,4,準工業,80,300,2026年第1四半期,
宅地(土地),不動産取引価格情報,住宅地,13118,東京都,荒川区,東日暮里,鶯谷,9,170000000,4800000,115,1500000,長方形,6.5,,,,,その他,北,区道,6,準工業,60,300,2026年第1四半期,
宅地(土地と建物),不動産取引価格情報,商業地,13118,東京都,荒川区,東日暮里,日暮里,9,830000000,,160,,ほぼ長方形,17,870,2026年,ＲＣ,,住宅,南,区道,15,商業,80,500,2026年第1四半期,
宅地(土地と建物),不動産取引価格情報,住宅地,13118,東京都,荒川区,東日暮里,三河島,9,600000000,,230,,長方形,13,730,2012年,ＲＣ,共同住宅,住宅,西,区道,7,準工業,60,300,2026年第1四半期,
宅地(土地),不動産取引価格情報,住宅地,13118,東京都,荒川区,東日暮里,三ノ輪,7,250000000,4900000,170,1500000,台形,14,,,,,住宅,東,区道,11.2,準工業,60,300,2026年第1四半期,
宅地(土地と建物),不動産取引価格情報,住宅地,13118,東京都,荒川区,南千住,荒川一中前,1,11000000,,75,,長方形,,,,木造,住宅,住宅,接面道路無,,,近隣商業,80,300,2026年第1四半期,
宅地(土地),不動産取引価格情報,住宅地,13118,東京都,荒川区,南千住,南千住,5,550000000,2300000,780,710000,不整形,50.0m以上,,,,,住宅,北,区道,6,準工業,60,300,2026年第1四半期,
宅地(土地と建物),不動産取引価格情報,住宅地,13118,東京都,荒川区,南千住,三ノ輪,5,28000000,,40,,長方形,4,45,1970年,木造,住宅,住宅,東,私道,4,準工業,80,300,2026年第1四半期,私道を含む取引
宅地(土地と建物),成約価格情報,,13119,東京都,板橋区,上板橋,上板橋,10,98000000,,70,,,,120,2026年,木造,,,北西,公道,6,１種住居,60,200,2026年第1四半期,
宅地(土地と建物),成約価格情報,,13119,東京都,板橋区,栄町,中板橋,10,61000000,,65,,,,100,2012年,木造,,,南,私道,4,１種住居,60,160,2026年第1四半期,
宅地(土地と建物),成約価格情報,,13119,東京都,板橋区,志村,志村三丁目,5,51000000,,80,,,,100,2005年,木造,,,北西,私道,4,１種住居,60,200,2026年第1四半期,
宅地(土地と建物),成約価格情報,,13119,東京都,板橋区,中板橋,中板橋,10,70000000,,70,,,,110,2014年,木造,,,東,公道,8.1,近隣商業,80,300,2026年第1四半期,
宅地(土地と建物),成約価格情報,,13119,東京都,板橋区,仲宿,板橋区役所前,10,25000000,,45,,,,80,1995年,木造,,,東,私道,4,１種住居,60,160,2026年第1四半期,
宅地(土地と建物),成約価格情報,,13119,東京都,板橋区,西台,西台,15,45000000,,105,,,,85,2014年,木造,,,北東,公道,4.1,１低住専,50,100,2026年第1四半期,
宅地(土地と建物),成約価格情報,,13119,東京都,板橋区,西台,東武練馬,15,58000000,,90,,,,90,2024年,木造,,,北東,公道,4,１中住専,60,200,2026年第1四半期,
宅地(土地と建物),成約価格情報,,13119,東京都,板橋区,板橋,新板橋,10,15000000,,25,,,,50,1988年,,,,,,,１種住居,60,300,2026年第1四半期,
宅地(土地と建物),成約価格情報,,13119,東京都,板橋区,大谷口,千川,10,65000000,,75,,,,100,2005年,木造,,,北西,私道,4.5,１中住専,60,180,2026年第1四半期,
宅地(土地と建物),成約価格情報,,13119,東京都,板橋区,大谷口上町,千川,15,72000000,,95,,,,95,2016年,木造,,,北,私道,4,近隣商業,80,300,2026年第1四半期,
宅地(土地と建物),成約価格情報,,13119,東京都,板橋区,大山金井町,大山(東京),10,75000000,,55,,,,105,2025年,木造,,,北,公道,4.3,近隣商業,96,260,2026年第1四半期,
宅地(土地と建物),成約価格情報,,13119,東京都,板橋区,大山東町,大山(東京),5,100000000,,85,,,,130,2011年,木造,,,,,,２種住居,60,160,2026年第1四半期,
宅地(土地と建物),成約価格情報,,13119,東京都,板橋区,赤塚,新高島平,20,68000000,,140,,,,110,2017年,木造,,,北西,公道,6,１中住専,60,200,2026年第1四半期,
宅地(土地と建物),成約価格情報,,13119,東京都,板橋区,赤塚,成増,15,77000000,,70,,,,120,2025年,木造,,,西,公道,4,１中住専,60,160,2026年第1四半期,
宅地(土地と建物),成約価格情報,,13119,東京都,板橋区,赤塚,成増,15,79000000,,85,,,,105,2025年,木造,,,南,公道,4,１中住専,60,160,2026年第1四半期,
宅地(土地と建物),成約価格情報,,13119,東京都,板橋区,赤塚,成増,15,85000000,,90,,,,115,2025年,木造,,,南,公道,4,１中住専,60,160,2026年第1四半期,
宅地(土地と建物),成約価格情報,,13119,東京都,板橋区,赤塚,成増,15,50000000,,110,,,,90,2006年,木造,,,,,,１低住専,40,80,2026年第1四半期,
宅地(土地と建物),成約価格情報,,13119,東京都,板橋区,赤塚,地下鉄赤塚,5,16000000,,65,,,,85,1973年,木造,,,北,私道,2.5,１種住居,60,200,2026年第1四半期,
宅地(土地と建物),成約価格情報,,13119,東京都,板橋区,赤塚,地下鉄赤塚,5,6500000,,70,,,,35,,木造,,,,私道,1.7,１種住居,60,200,2026年第1四半期,
宅地(土地と建物),成約価格情報,,13119,東京都,板橋区,赤塚,下赤塚,10,52000000,,60,,,,85,2014年,木造,,,北西,公道,4,１種住居,60,200,2026年第1四半期,
宅地(土地と建物),成約価格情報,,13119,東京都,板橋区,赤塚,成増,15,59000000,,95,,,,75,2007年,木造,,,南西,公道,4,１低住専,40,80,2026年第1四半期,
宅地(土地と建物),成約価格情報,,13119,東京都,板橋区,赤塚,下赤塚,10,57000000,,65,,,,100,2011年,木造,,,,,,１中住専,60,200,2026年第1四半期,
宅地(土地と建物),成約価格情報,,13119,東京都,板橋区,赤塚,成増,15,31000000,,90,,,,85,2000年,木造,,,東,私道,4,１低住専,50,100,2026年第1四半期,
宅地(土地と建物),成約価格情報,,13119,東京都,板橋区,赤塚,下赤塚,20,120000000,,225,,,,180,2010年,木造,,,東,公道,4,１中住専,60,200,2026年第1四半期,
宅地(土地と建物),成約価格情報,,13119,東京都,板橋区,赤塚,成増,10,70000000,,100,,,,100,2005年,木造,,,北東,私道,4.5,１中住専,60,200,2026年第1四半期,
宅地(土地と建物),成約価格情報,,13119,東京都,板橋区,赤塚,成増,10,140000000,,195,,,,190,2006年,木造,,,北東,公道,5.9,１中住専,60,200,2026年第1四半期,
宅地(土地と建物),成約価格情報,,13119,東京都,板橋区,大谷口北町,中板橋,15,38000000,,50,,,,105,2000年,鉄骨造,,,北,公道,6.3,近隣商業,80,300,2026年第1四半期,
宅地(土地と建物),成約価格情報,,13119,東京都,板橋区,幸町,大山(東京),10,91000000,,75,,,,120,2025年,木造,,,,,,近隣商業,80,300,2026年第1四半期,
宅地(土地と建物),成約価格情報,,13119,東京都,板橋区,高島平,西台,10,58000000,,50,,,,80,2026年,木造,,,,私道,4,１中住専,60,160,2026年第1四半期,
宅地(土地と建物),成約価格情報,,13119,東京都,板橋区,高島平,西台,10,100000000,,165,,,,220,2004年,軽量鉄骨造,,,南,公道,5.9,１中住専,60,200,2026年第1四半期,
宅地(土地と建物),成約価格情報,,13119,東京都,板橋区,高島平,高島平,15,52000000,,65,,,,90,2012年,木造,,,東,公道,5.9,準住居,60,300,2026年第1四半期,
宅地(土地と建物),成約価格情報,,13119,東京都,板橋区,徳丸,高島平,15,60000000,,80,,,,135,2016年,木造,,,北東,公道,6,１中住専,60,200,2026年第1四半期,
宅地(土地と建物),成約価格情報,,13119,東京都,板橋区,徳丸,下赤塚,20,49000000,,120,,,,100,2007年,木造,,,西,公道,4,１中住専,60,200,2026年第1四半期,
宅地(土地と建物),成約価格情報,,13119,東京都,板橋区,徳丸,東武練馬,10,71000000,,75,,,,105,2025年,木造,,,西,公道,5.9,１中住専,60,200,2026年第1四半期,
宅地(土地と建物),成約価格情報,,13119,東京都,板橋区,徳丸,東武練馬,15,15000000,,70,,,,70,1975年,木造,,,,,,１中住専,60,200,2026年第1四半期,
宅地(土地と建物),成約価格情報,,13119,東京都,板橋区,徳丸,東武練馬,10,46000000,,50,,,,90,2007年,木造,,,南,私道,4.3,１中住専,60,200,2026年第1四半期,
宅地(土地と建物),成約価格情報,,13119,東京都,板橋区,徳丸,東武練馬,20,53000000,,75,,,,105,2018年,木造,,,北,私道,4.5,１中住専,60,200,2026年第1四半期,
宅地(土地と建物),成約価格情報,,13119,東京都,板橋区,徳丸,東武練馬,20,38000000,,100,,,,115,1994年,木造,,,南,公道,11,１中住専,60,200,2026年第1四半期,
宅地(土地と建物),成約価格情報,,13119,東京都,板橋区,徳丸,東武練馬,10,46000000,,50,,,,90,2007年,木造,,,南,私道,4.3,１中住専,60,200,2026年第1四半期,
宅地(土地と建物),成約価格情報,,13119,東京都,板橋区,徳丸,東武練馬,15,2100000,,85,,,,35,1959年,木造,,,,,,１中住専,60,200,2026年第1四半期,
宅地(土地と建物),成約価格情報,,13119,東京都,板橋区,東山町,ときわ台(東京),10,77000000,,120,,,,105,1995年,木造,,,西,公道,4,１中住専,60,200,2026年第1四半期,
宅地(土地と建物),成約価格情報,,13119,東京都,板橋区,若木,上板橋,15,43000000,,45,,,,70,2026年,木造,,,北西,私道,4,１中住専,60,200,2026年第1四半期,
宅地(土地と建物),成約価格情報,,13119,東京都,板橋区,若木,上板橋,15,7000000,,120,,,,85,,木造,,,,,,１中住専,60,200,2026年第1四半期,
宅地(土地と建物),成約価格情報,,13119,東京都,板橋区,若木,上板橋,10,49000000,,65,,,,115,2011年,木造,,,北,公道,2.8,準工業,60,200,2026年第1四半期,
宅地(土地と建物),成約価格情報,,13119,東京都,板橋区,若木,上板橋,15,51000000,,65,,,,85,2021年,木造,,,南,公道,4,１中住専,60,160,2026年第1四半期,
宅地(土地と建物),成約価格情報,,13119,東京都,板橋区,若木,上板橋,10,57000000,,55,,,,100,2009年,木造,,,西,公道,4,近隣商業,80,240,2026年第1四半期,
宅地(土地と建物),成約価格情報,,13119,東京都,板橋区,清水町,本蓮沼,5,96000000,,165,,,,205,1998年,鉄骨造,,,南,私道,3.5,準工業,60,200,2026年第1四半期,
宅地(土地と建物),成約価格情報,,13119,東京都,板橋区,東新町,小竹向原,15,75000000,,105,,,,90,2025年,木造,,,,,,１中住専,50,100,2026年第1四半期,
宅地(土地と建物),成約価格情報,,13119,東京都,板橋区,東新町,ときわ台(東京),10,75000000,,65,,,,95,2025年,木造,,,東,公道,4,１中住専,60,200,2026年第1四半期,
宅地(土地と建物),成約価格情報,,13119,東京都,板橋区,成増,成増,10,68000000,,95,,,,80,2023年,木造,,,東,公道,4,１低住専,40,80,2026年第1四半期,
宅地(土地と建物),成約価格情報,,13119,東京都,板橋区,成増,地下鉄成増,10,52000000,,95,,,,100,2004年,木造,,,南東,私道,4.5,準工業,60,200,2026年第1四半期,
宅地(土地と建物),成約価格情報,,13119,東京都,板橋区,成増,地下鉄成増,10,48000000,,85,,,,95,1982年,軽量鉄骨造,,,南西,私道,4,準工業,60,200,2026年第1四半期,
宅地(土地と建物),成約価格情報,,13119,東京都,板橋区,成増,成増,15,75000000,,95,,,,110,2025年,木造,,,,,,近隣商業,80,200,2026年第1四半期,
宅地(土地と建物),成約価格情報,,13119,東京都,板橋区,三園,西高島平,10,38000000,,65,,,,110,1998年,木造,,,北,公道,6,１種住居,60,200,2026年第1四半期,
宅地(土地と建物),成約価格情報,,13119,東京都,板橋区,三園,西高島平,5,35000000,,65,,,,90,1997年,木造,,,,,,１種住居,60,200,2026年第1四半期,
宅地(土地と建物),成約価格情報,,13119,東京都,板橋区,桜川,上板橋,10,72000000,,70,,,,90,2025年,木造,,,,,,１中住専,60,160,2026年第1四半期,
宅地(土地と建物),成約価格情報,,13119,東京都,板橋区,桜川,上板橋,15,80000000,,65,,,,115,2025年,木造,,,東,公道,5.9,１中住専,70,200,2026年第1四半期,
宅地(土地と建物),成約価格情報,,13119,東京都,板橋区,大門,新高島平,15,43000000,,65,,,,105,2001年,木造,,,,,,１中住専,60,200,2026年第1四半期,
宅地(土地と建物),成約価格情報,,13119,東京都,板橋区,常盤台,ときわ台(東京),15,83000000,,65,,,,100,2025年,木造,,,南,公道,6,近隣商業,80,300,2026年第1四半期,
宅地(土地と建物),成約価格情報,,13119,東京都,板橋区,常盤台,ときわ台(東京),10,94000000,,80,,,,100,2026年,木造,,,南,,6,１中住専,60,200,2026年第1四半期,
宅地(土地と建物),成約価格情報,,13119,東京都,板橋区,常盤台,ときわ台(東京),10,99000000,,75,,,,130,2025年,木造,,,南,公道,4,近隣商業,80,240,2026年第1四半期,
宅地(土地と建物),成約価格情報,,13119,東京都,板橋区,常盤台,ときわ台(東京),10,99000000,,75,,,,130,2025年,木造,,,南,公道,4,近隣商業,80,240,2026年第1四半期,
宅地(土地と建物),成約価格情報,,13119,東京都,板橋区,常盤台,ときわ台(東京),10,87000000,,80,,,,90,2026年,木造,,,,,,１中住専,60,200,2026年第1四半期,
宅地(土地と建物),成約価格情報,,13119,東京都,板橋区,中台,上板橋,15,16000000,,125,,,,105,1976年,木造,,,,,,１中住専,,,2026年第1四半期,
宅地(土地と建物),成約価格情報,,13119,東京都,板橋区,蓮根,蓮根,10,70000000,,105,,,,155,1996年,鉄骨造,,,南,,3.9,準工業,60,200,2026年第1四半期,
宅地(土地と建物),成約価格情報,,13119,東京都,板橋区,蓮根,蓮根,10,62000000,,80,,,,115,2016年,木造,,,北,公道,4,近隣商業,80,240,2026年第1四半期,
宅地(土地と建物),成約価格情報,,13119,東京都,板橋区,前野町,ときわ台(東京),10,52000000,,50,,,,75,2002年,木造,,,北,私道,4,準工業,60,200,2026年第1四半期,
宅地(土地と建物),成約価格情報,,13119,東京都,板橋区,前野町,志村三丁目,10,62000000,,65,,,,105,2026年,木造,,,,,,１種住居,60,200,2026年第1四半期,
宅地(土地と建物),成約価格情報,,13119,東京都,板橋区,前野町,志村坂上,10,60000000,,60,,,,90,2015年,木造,,,西,公道,4,準工業,60,200,2026年第1四半期,
宅地(土地と建物),成約価格情報,,13119,東京都,板橋区,前野町,ときわ台(東京),20,50000000,,50,,,,80,2013年,木造,,,,,,１種住居,60,160,2026年第1四半期,
宅地(土地と建物),成約価格情報,,13119,東京都,板橋区,弥生町,中板橋,5,55000000,,55,,,,90,2005年,木造,,,南東,私道,4,１種住居,60,160,2026年第1四半期,
宅地(土地と建物),不動産取引価格情報,住宅地,13119,東京都,板橋区,赤塚,地下鉄赤塚,9,79000000,,85,,ほぼ長方形,5.8,100,2025年,木造,住宅,店舗,南東,区道,4,１中住専,60,200,2026年第1四半期,
宅地(土地と建物),不動産取引価格情報,住宅地,13119,東京都,板橋区,赤塚,成増,16,43000000,,130,,ほぼ長方形,12.1,105,2018年,木造,住宅,その他,接面道路無,,,１低住専,40,80,2026年第1四半期,
宅地(土地),不動産取引価格情報,住宅地,13119,東京都,板橋区,赤塚,成増,5,280000000,3000000,300,920000,ほぼ長方形,12,,,,,住宅,北東,区道,6,１中住専,60,200,2026年第1四半期,
宅地(土地と建物),不動産取引価格情報,住宅地,13119,東京都,板橋区,赤塚,成増,12,31000000,,85,,不整形,2.5,80,2000年,木造,住宅,その他,北東,私道,4,１低住専,50,100,2026年第1四半期,
宅地(土地と建物),不動産取引価格情報,住宅地,13119,東京都,板橋区,赤塚,西高島平,15,50000000,,100,,ほぼ整形,8.2,85,2018年,木造,住宅,住宅,北東,私道,3.5,１低住専,40,80,2026年第1四半期,
宅地(土地と建物),不動産取引価格情報,住宅地,13119,東京都,板橋区,赤塚,西高島平,15,4000000,,50,,ほぼ整形,7.7,55,1963年,木造,住宅,住宅,接面道路無,,,１低住専,40,80,2026年第1四半期,
宅地(土地と建物),不動産取引価格情報,住宅地,13119,東京都,板橋区,赤塚新町,地下鉄成増,9,15000000,,65,,ほぼ長方形,11,55,1975年,木造,住宅,住宅,接面道路無,,,２中住専,60,300,2026年第1四半期,
宅地(土地),不動産取引価格情報,住宅地,13119,東京都,板橋区,小豆沢,志村坂上,7,100000000,2500000,135,750000,長方形,9,,,,,,南東,道路,,準工業,60,200,2026年第1四半期,
宅地(土地と建物),不動産取引価格情報,商業地,13119,東京都,板橋区,小豆沢,本蓮沼,6,120000000,,85,,長方形,10,210,1991年,鉄骨造,事務所、店舗,住宅,南西,国道,25,商業,80,400,2026年第1四半期,
宅地(土地と建物),不動産取引価格情報,住宅地,13119,東京都,板橋区,泉町,本蓮沼,6,65000000,,80,,長方形,8.1,100,2020年,木造,住宅,住宅,北,区道,4,１種住居,60,200,2026年第1四半期,
宅地(土地と建物),不動産取引価格情報,住宅地,13119,東京都,板橋区,泉町,本蓮沼,2,27000000,,70,,長方形,,,1948年,木造,,住宅,西,区道,5,準工業,60,200,2026年第1四半期,
宅地(土地),不動産取引価格情報,商業地,13119,東京都,板橋区,板橋,板橋,2,740000000,12000000,200,3600000,ほぼ長方形,10.3,,,,,住宅,南西,区道,12,商業,80,600,2026年第1四半期,
宅地(土地),不動産取引価格情報,住宅地,13119,東京都,板橋区,板橋,新板橋,5,53000000,1800000,100,540000,長方形,9,,,,,,北東,区道,10.8,１種住居,60,300,2026年第1四半期,
宅地(土地と建物),不動産取引価格情報,住宅地,13119,東京都,板橋区,稲荷台,板橋本町,8,13000000,,40,,不整形,5.3,40,1974年,木造,共同住宅,住宅,北,道路,3.2,１種住居,60,300,2026年第1四半期,
宅地(土地と建物),不動産取引価格情報,住宅地,13119,東京都,板橋区,稲荷台,板橋本町,8,12000000,,35,,ほぼ長方形,4,50,1974年,木造,住宅,住宅,北,道路,3.2,１種住居,60,300,2026年第1四半期,
宅地(土地と建物),不動産取引価格情報,住宅地,13119,東京都,板橋区,大原町,本蓮沼,7,42000000,,40,,ほぼ長方形,5.9,70,2007年,木造,住宅,その他,北東,道路,,準工業,60,200,2026年第1四半期,
宅地(土地と建物),不動産取引価格情報,商業地,13119,東京都,板橋区,大山町,大山(東京),2,160000000,,120,,不整形,6.1,160,1963年,木造,共同住宅、店舗,店舗,北西,区道,6.3,近隣商業,80,300,2026年第1四半期,
宅地(土地と建物),不動産取引価格情報,商業地,13119,東京都,板橋区,大山町,大山(東京),2,400000000,,140,,ほぼ長方形,7.6,390,2026年,ＲＣ,共同住宅,その他,西,区道,6.3,近隣商業,80,300,2026年第1四半期,
宅地(土地),不動産取引価格情報,住宅地,13119,東京都,板橋区,大山西町,大山(東京),6,50000000,2000000,80,610000,ほぼ長方形,8.6,,,,,その他,南東,区道,3.7,１中住専,60,200,2026年第1四半期,私道を含む取引
宅地(土地と建物),不動産取引価格情報,住宅地,13119,東京都,板橋区,大山西町,大山(東京),12,45000000,,45,,長方形,4.2,70,2015年,木造,住宅,,北,区道,3.4,１中住専,60,200,2026年第1四半期,私道を含む取引
宅地(土地と建物),不動産取引価格情報,商業地,13119,東京都,板橋区,大山東町,大山(東京),3,210000000,,230,,長方形,13,560,1984年,ＲＣ,その他,店舗,南,区道,7.6,商業,80,400,2026年第1四半期,
宅地(土地と建物),不動産取引価格情報,住宅地,13119,東京都,板橋区,加賀,板橋区役所前,9,23000000,,125,,ほぼ台形,,140,1961年,木造,住宅,住宅,南西,私道,4,準工業,60,300,2026年第1四半期,
宅地(土地と建物),不動産取引価格情報,商業地,13119,東京都,板橋区,上板橋,上板橋,3,32000000,,70,,ほぼ長方形,4.7,105,1982年,木造,住宅、店舗,,南西,区道,7.7,近隣商業,80,300,2026年第1四半期,隣地の購入
宅地(土地),不動産取引価格情報,住宅地,13119,東京都,板橋区,小茂根,小竹向原,3,67000000,1700000,130,520000,長方形,,,,,,住宅,南,私道,4,１中住専,60,200,2026年第1四半期,
宅地(土地と建物),不動産取引価格情報,商業地,13119,東京都,板橋区,幸町,大山(東京),9,100000000,,130,,ほぼ長方形,10,300,1990年,鉄骨造,住宅、店舗,住宅,南,国道,,近隣商業,80,300,2026年第1四半期,
宅地(土地と建物),不動産取引価格情報,住宅地,13119,東京都,板橋区,坂下,志村三丁目,8,68000000,,70,,長方形,6.7,105,2026年,木造,住宅,住宅,南,区道,4,準工業,60,200,2026年第1四半期,
宅地(土地),不動産取引価格情報,住宅地,13119,東京都,板橋区,桜川,上板橋,12,63000000,2500000,85,740000,長方形,8.1,,,,,住宅,東,区道,5.9,１中住専,60,200,2026年第1四半期,
宅地(土地),不動産取引価格情報,住宅地,13119,東京都,板橋区,清水町,板橋本町,4,66000000,2900000,75,870000,長方形,7,,,,,住宅,東,私道,3.4,準工業,60,200,2026年第1四半期,
宅地(土地と建物),不動産取引価格情報,住宅地,13119,東京都,板橋区,清水町,板橋本町,5,430000000,,180,,長方形,10.5,410,2025年,ＲＣ,共同住宅,住宅,北,私道,4,準工業,60,200,2026年第1四半期,
宅地(土地),不動産取引価格情報,商業地,13119,東京都,板橋区,清水町,本蓮沼,6,40000000,1800000,75,540000,ほぼ長方形,7.5,,,,,住宅,東,区道,5.4,近隣商業,80,300,2026年第1四半期,
宅地(土地と建物),不動産取引価格情報,住宅地,13119,東京都,板橋区,新河岸,高島平,13,57000000,,65,,ほぼ長方形,4.8,100,2020年,木造,住宅,,南,区道,5,準工業,60,200,2026年第1四半期,
宅地(土地),不動産取引価格情報,住宅地,13119,東京都,板橋区,高島平,新高島平,6,22000000,1400000,50,420000,長方形,,,,,,,南,区道,4,１中住専,60,200,2026年第1四半期,
宅地(土地と建物),不動産取引価格情報,住宅地,13119,東京都,板橋区,高島平,西台,3,68000000,,60,,長方形,6.1,120,2005年,ＲＣ,住宅,住宅,南西,区道,6,準住居,60,300,2026年第1四半期,
宅地(土地),不動産取引価格情報,住宅地,13119,東京都,板橋区,高島平,西台,7,20000000,950000,70,290000,不整形,4.4,,,,,,北,道路,4,準工業,60,300,2026年第1四半期,
宅地(土地と建物),不動産取引価格情報,住宅地,13119,東京都,板橋区,東新町,ときわ台(東京),9,73000000,,60,,ほぼ長方形,9.3,80,2025年,木造,住宅,住宅,東,区道,4.1,１中住専,60,200,2026年第1四半期,
宅地(土地と建物),不動産取引価格情報,住宅地,13119,東京都,板橋区,常盤台,ときわ台(東京),8,99000000,,80,,長方形,7.7,110,2025年,木造,住宅,住宅,南,区道,3.1,近隣商業,80,300,2026年第1四半期,
宅地(土地と建物),不動産取引価格情報,住宅地,13119,東京都,板橋区,徳丸,東武練馬,12,68000000,,115,,ほぼ整形,10.3,180,2002年,ＲＣ、木造,住宅,住宅,南,道路,4.6,１中住専,60,200,2026年第1四半期,私道を含む取引
宅地(土地と建物),不動産取引価格情報,住宅地,13119,東京都,板橋区,徳丸,東武練馬,11,55000000,,95,,不整形,5.5,135,2003年,鉄骨造,住宅,住宅,北,区道,4,１中住専,60,200,2026年第1四半期,
宅地(土地と建物),不動産取引価格情報,商業地,13119,東京都,板橋区,徳丸,東武練馬,8,660000000,,230,,長方形,7.6,700,2025年,鉄骨造,共同住宅,住宅,南,区道,11,近隣商業,80,300,2026年第1四半期,
宅地(土地),不動産取引価格情報,商業地,13119,東京都,板橋区,中板橋,中板橋,3,14000000,1100000,40,340000,長方形,4.7,,,,,住宅,南,私道,4,商業,80,400,2026年第1四半期,
宅地(土地と建物),不動産取引価格情報,住宅地,13119,東京都,板橋区,仲宿,板橋区役所前,6,36000000,,60,,不整形,11.3,70,1997年,木造,住宅,住宅,南,私道,4,１種住居,60,300,2026年第1四半期,調停・競売等
宅地(土地と建物),不動産取引価格情報,住宅地,13119,東京都,板橋区,中台,志村三丁目,10,130000000,,110,,ほぼ長方形,5.5,,2026年,木造,共同住宅,住宅,北,区道,4,１中住専,60,200,2026年第1四半期,
宅地(土地と建物),不動産取引価格情報,住宅地,13119,東京都,板橋区,仲町,中板橋,5,480000000,,140,,ほぼ長方形,9.1,490,2025年,ＲＣ,共同住宅,その他,北,区道,8,１種住居,60,300,2026年第1四半期,
宅地(土地と建物),不動産取引価格情報,商業地,13119,東京都,板橋区,成増,地下鉄成増,1,38000000,,50,,ほぼ長方形,5.6,70,1968年,木造,店舗,店舗,南西,私道,3.3,商業,80,500,2026年第1四半期,
宅地(土地と建物),不動産取引価格情報,住宅地,13119,東京都,板橋区,西台,東武練馬,21,37000000,,65,,不整形,7.5,,2025年,木造,住宅,住宅,南,区道,3.5,１低住専,50,150,2026年第1四半期,
宅地(土地),不動産取引価格情報,住宅地,13119,東京都,板橋区,西台,西台,19,5000000,110000,155,32000,不整形,2,,,,,住宅,南,区道,4,１中住専,50,150,2026年第1四半期,
宅地(土地),不動産取引価格情報,住宅地,13119,東京都,板橋区,西台,西台,19,83000000,1600000,170,480000,ほぼ長方形,11,,,,,住宅,南,区道,4,１中住専,50,150,2026年第1四半期,
宅地(土地と建物),不動産取引価格情報,住宅地,13119,東京都,板橋区,西台,西台,16,69000000,,135,,ほぼ長方形,9.5,,,,,住宅,北西,区道,4,１低住専,50,150,2026年第1四半期,
宅地(土地と建物),不動産取引価格情報,住宅地,13119,東京都,板橋区,蓮根,西台,7,120000000,,100,,ほぼ長方形,9.9,,2026年,木造,共同住宅,その他,南,区道,1.9,１種住居,60,200,2026年第1四半期,
宅地(土地と建物),不動産取引価格情報,商業地,13119,東京都,板橋区,蓮根,蓮根,2,140000000,,240,,不整形,17.6,570,1971年,ＲＣ,住宅、店舗,店舗,南,都道,30,近隣商業,80,300,2026年第1四半期,
宅地(土地と建物),不動産取引価格情報,商業地,13119,東京都,板橋区,蓮根,蓮根,6,30000000,,85,,長方形,,,,,,住宅,西,区道,10,近隣商業,80,300,2026年第1四半期,
宅地(土地と建物),不動産取引価格情報,住宅地,13119,東京都,板橋区,東坂下,志村坂上,11,13000000,,35,,長方形,5.5,40,1972年,木造,住宅,店舗,南,区道,8,工業専用,60,200,2026年第1四半期,
宅地(土地),不動産取引価格情報,商業地,13119,東京都,板橋区,舟渡,浮間舟渡,2,110000000,2100000,170,650000,ほぼ正方形,10.5,,,,,住宅,南東,私道,4,商業,80,400,2026年第1四半期,私道を含む取引
宅地(土地と建物),不動産取引価格情報,住宅地,13119,東京都,板橋区,本町,板橋本町,9,18000000,,45,,ほぼ長方形,5,35,1956年,木造,住宅,住宅,南東,私道,1.8,１種住居,60,300,2026年第1四半期,
宅地(土地と建物),不動産取引価格情報,住宅地,13119,東京都,板橋区,前野町,志村坂上,13,50000000,,80,,長方形,6.3,90,2002年,木造,住宅,住宅,東,区道,4,１中住専,60,200,2026年第1四半期,
宅地(土地と建物),不動産取引価格情報,住宅地,13119,東京都,板橋区,前野町,志村坂上,15,59000000,,55,,台形,6.3,90,2025年,木造,住宅,住宅,東,区道,7.9,１中住専,60,200,2026年第1四半期,
宅地(土地と建物),不動産取引価格情報,商業地,13119,東京都,板橋区,南町,要町,8,340000000,,110,,ほぼ長方形,13.2,,,,共同住宅,住宅,南東,区道,5.4,商業,80,500,2026年第1四半期,
宅地(土地と建物),不動産取引価格情報,住宅地,13119,東京都,板橋区,大和町,板橋本町,8,28000000,,40,,長方形,3.8,70,2000年,木造,住宅,住宅,北東,私道,3,１種住居,60,300,2026年第1四半期,
宅地(土地と建物),不動産取引価格情報,住宅地,13119,東京都,板橋区,大和町,板橋本町,2,80000000,,60,,ほぼ長方形,4.7,105,2026年,木造,住宅,住宅,南西,区道,3.9,１種住居,60,300,2026年第1四半期,
宅地(土地),不動産取引価格情報,商業地,13119,東京都,板橋区,弥生町,中板橋,8,23000000,410000,185,130000,ほぼ整形,10.8,,,,,住宅,南西,国道,25,近隣商業,80,400,2026年第1四半期,
宅地(土地と建物),不動産取引価格情報,住宅地,13119,東京都,板橋区,四葉,下赤塚,13,56000000,,140,,ほぼ長方形,15,270,1976年,ＲＣ,共同住宅,住宅,西,国道,38,１種住居,60,200,2026年第1四半期,調停・競売等
宅地(土地),不動産取引価格情報,住宅地,13119,東京都,板橋区,若木,上板橋,9,57000000,2900000,65,880000,ほぼ正方形,8.4,,,,,住宅,西,区道,4.5,１種住居,60,200,2026年第1四半期,
宅地(土地と建物),成約価格情報,,13120,東京都,練馬区,大泉学園町,大泉学園,,30000000,,80,,,,80,1984年,木造,,,東,公道,4,１低住専,50,100,2026年第1四半期,
宅地(土地と建物),成約価格情報,,13120,東京都,練馬区,大泉学園町,大泉学園,,37000000,,115,,,,85,2017年,木造,,,西,公道,5,１低住専,50,100,2026年第1四半期,
宅地(土地と建物),成約価格情報,,13120,東京都,練馬区,大泉学園町,大泉学園,,41000000,,75,,,,75,2023年,木造,,,,,,１低住専,50,100,2026年第1四半期,
宅地(土地と建物),成約価格情報,,13120,東京都,練馬区,大泉学園町,大泉学園,,27000000,,105,,,,100,1979年,木造,,,東,私道,4.5,１低住専,40,100,2026年第1四半期,
宅地(土地と建物),成約価格情報,,13120,東京都,練馬区,大泉学園町,大泉学園,20,75000000,,105,,,,100,2025年,木造,,,,,,１低住専,50,100,2026年第1四半期,
宅地(土地と建物),成約価格情報,,13120,東京都,練馬区,大泉学園町,大泉学園,25,59000000,,100,,,,105,2025年,木造,,,,,,１低住専,50,100,2026年第1四半期,
宅地(土地と建物),成約価格情報,,13120,東京都,練馬区,大泉学園町,大泉学園,,51000000,,190,,,,90,1998年,軽量鉄骨造,,,,,0,１低住専,50,100,2026年第1四半期,
宅地(土地と建物),成約価格情報,,13120,東京都,練馬区,大泉学園町,大泉学園,,55000000,,95,,,,90,2026年,木造,,,,,,１低住専,50,100,2026年第1四半期,
宅地(土地と建物),成約価格情報,,13120,東京都,練馬区,大泉学園町,大泉学園,15,85000000,,120,,,,115,2025年,木造,,,南,公道,4,１低住専,50,100,2026年第1四半期,
宅地(土地と建物),成約価格情報,,13120,東京都,練馬区,大泉学園町,大泉学園,20,76000000,,110,,,,100,2025年,木造,,,,,,１低住専,60,100,2026年第1四半期,
宅地(土地と建物),成約価格情報,,13120,東京都,練馬区,大泉学園町,大泉学園,20,73000000,,105,,,,100,2026年,木造,,,,,,１低住専,50,100,2026年第1四半期,
宅地(土地と建物),成約価格情報,,13120,東京都,練馬区,大泉学園町,大泉学園,,28000000,,125,,,,100,1974年,木造,,,,,,１低住専,50,100,2026年第1四半期,
宅地(土地と建物),成約価格情報,,13120,東京都,練馬区,早宮,豊島園,15,71000000,,135,,,,115,1969年,木造,,,,私道,,１低住専,50,100,2026年第1四半期,
宅地(土地と建物),成約価格情報,,13120,東京都,練馬区,早宮,氷川台,10,72000000,,105,,,,100,2003年,木造,,,北,公道,4,１低住専,50,100,2026年第1四半期,
宅地(土地と建物),成約価格情報,,13120,東京都,練馬区,早宮,氷川台,10,100000000,,105,,,,120,2025年,木造,,,,,,１中住専,60,200,2026年第1四半期,
宅地(土地と建物),成約価格情報,,13120,東京都,練馬区,三原台,石神井公園,20,61000000,,150,,,,120,2009年,木造,,,,,,１低住専,50,100,2026年第1四半期,
宅地(土地と建物),成約価格情報,,13120,東京都,練馬区,三原台,石神井公園,15,70000000,,70,,,,70,2026年,木造,,,西,公道,5,１低住専,50,100,2026年第1四半期,
宅地(土地と建物),成約価格情報,,13120,東京都,練馬区,三原台,石神井公園,15,69000000,,95,,,,95,2026年,木造,,,,,,１低住専,50,100,2026年第1四半期,
宅地(土地と建物),成約価格情報,,13120,東京都,練馬区,三原台,石神井公園,20,60000000,,115,,,,95,,木造,,,南東,公道,3.3,１低住専,50,100,2026年第1四半期,
宅地(土地と建物),成約価格情報,,13120,東京都,練馬区,石神井台,武蔵関,20,60000000,,105,,,,85,2025年,木造,,,西,公道,5,１低住専,60,100,2026年第1四半期,
宅地(土地と建物),成約価格情報,,13120,東京都,練馬区,石神井台,武蔵関,20,70000000,,100,,,,105,2025年,木造,,,西,公道,5,１低住専,60,100,2026年第1四半期,
宅地(土地と建物),成約価格情報,,13120,東京都,練馬区,石神井台,武蔵関,20,66000000,,105,,,,110,2025年,木造,,,,公道,,１中住専,59,166,2026年第1四半期,
宅地(土地と建物),成約価格情報,,13120,東京都,練馬区,石神井台,武蔵関,10,64000000,,70,,,,120,2026年,木造,,,北,私道,4,１中住専,60,200,2026年第1四半期,
宅地(土地と建物),成約価格情報,,13120,東京都,練馬区,石神井台,武蔵関,10,64000000,,75,,,,120,2026年,木造,,,北,私道,4,１中住専,60,200,2026年第1四半期,
宅地(土地と建物),成約価格情報,,13120,東京都,練馬区,石神井台,上石神井,20,73000000,,100,,,,120,2026年,木造,,,西,公道,4,１低住専,60,100,2026年第1四半期,
宅地(土地と建物),成約価格情報,,13120,東京都,練馬区,石神井台,上石神井,15,48000000,,70,,,,85,2000年,木造,,,北,私道,4,１中住専,50,150,2026年第1四半期,
宅地(土地と建物),成約価格情報,,13120,東京都,練馬区,石神井台,武蔵関,15,75000000,,115,,,,105,2024年,木造,,,,公道,4,１低住専,50,100,2026年第1四半期,
宅地(土地と建物),成約価格情報,,13120,東京都,練馬区,石神井台,上石神井,15,61000000,,60,,,,95,2026年,木造,,,南東,公道,4,１中住専,60,200,2026年第1四半期,
宅地(土地と建物),成約価格情報,,13120,東京都,練馬区,石神井台,武蔵関,20,79000000,,120,,,,100,2026年,木造,,,西,私道,6,１低住専,50,100,2026年第1四半期,
宅地(土地と建物),成約価格情報,,13120,東京都,練馬区,石神井台,大泉学園,15,74000000,,80,,,,110,2026年,木造,,,北西,公道,5,１低住専,50,100,2026年第1四半期,
宅地(土地と建物),成約価格情報,,13120,東京都,練馬区,石神井台,大泉学園,,6100000,,50,,,,45,1966年,木造,,,,,0,１低住専,50,100,2026年第1四半期,
宅地(土地と建物),成約価格情報,,13120,東京都,練馬区,関町北,東伏見,10,65000000,,115,,,,105,2026年,木造,,,,公道,,１低住専,50,100,2026年第1四半期,
宅地(土地と建物),成約価格情報,,13120,東京都,練馬区,関町北,武蔵関,10,69000000,,90,,,,85,,木造,,,北,私道,4,１低住専,50,100,2026年第1四半期,
宅地(土地と建物),成約価格情報,,13120,東京都,練馬区,関町北,武蔵関,10,66000000,,90,,,,90,,木造,,,北,私道,4,１低住専,50,100,2026年第1四半期,
宅地(土地と建物),成約価格情報,,13120,東京都,練馬区,関町北,武蔵関,10,27000000,,60,,,,70,1990年,木造,,,,,,１中住専,50,150,2026年第1四半期,
宅地(土地と建物),成約価格情報,,13120,東京都,練馬区,関町北,武蔵関,15,12000000,,100,,,,80,1986年,木造,,,南,私道,4,１低住専,50,100,2026年第1四半期,
宅地(土地と建物),成約価格情報,,13120,東京都,練馬区,関町北,武蔵関,15,50000000,,105,,,,100,1979年,木造,,,南,,5,１低住専,50,100,2026年第1四半期,
宅地(土地と建物),成約価格情報,,13120,東京都,練馬区,関町北,三鷹,,81000000,,105,,,,110,2026年,木造,,,南,公道,5,１低住専,50,100,2026年第1四半期,
宅地(土地と建物),成約価格情報,,13120,東京都,練馬区,関町北,武蔵関,10,36000000,,50,,,,90,2001年,軽量鉄骨造,,,南,公道,4,近隣商業,80,240,2026年第1四半期,
宅地(土地と建物),成約価格情報,,13120,東京都,練馬区,関町南,上石神井,15,42000000,,90,,,,125,2005年,木造,,,北東,私道,4,１低住専,50,100,2026年第1四半期,
宅地(土地と建物),成約価格情報,,13120,東京都,練馬区,高野台,練馬高野台,15,65000000,,100,,,,105,2017年,木造,,,北東,私道,6,２種住居,60,200,2026年第1四半期,
宅地(土地と建物),成約価格情報,,13120,東京都,練馬区,高野台,練馬高野台,10,68000000,,85,,,,80,2026年,木造,,,南,私道,4,１低住専,50,100,2026年第1四半期,
宅地(土地と建物),成約価格情報,,13120,東京都,練馬区,高野台,練馬高野台,10,66000000,,85,,,,80,2026年,木造,,,南,私道,4,１低住専,50,100,2026年第1四半期,
宅地(土地と建物),成約価格情報,,13120,東京都,練馬区,立野町,吉祥寺,20,80000000,,110,,,,105,2005年,木造,,,西,公道,5,１低住専,50,100,2026年第1四半期,
宅地(土地と建物),成約価格情報,,13120,東京都,練馬区,土支田,石神井公園,25,41000000,,60,,,,70,2022年,木造,,,北西,公道,7.1,１種住居,70,200,2026年第1四半期,
宅地(土地と建物),成約価格情報,,13120,東京都,練馬区,土支田,光が丘,15,62000000,,95,,,,95,2003年,木造,,,南,公道,4.5,１低住専,50,100,2026年第1四半期,
宅地(土地と建物),成約価格情報,,13120,東京都,練馬区,土支田,光が丘,25,17000000,,55,,,,70,1998年,木造,,,北西,私道,4.2,１低住専,50,100,2026年第1四半期,
宅地(土地と建物),成約価格情報,,13120,東京都,練馬区,土支田,光が丘,,50000000,,120,,,,100,2018年,木造,,,南西,私道,4,１低住専,50,100,2026年第1四半期,
宅地(土地と建物),成約価格情報,,13120,東京都,練馬区,土支田,光が丘,20,57000000,,110,,,,105,2017年,木造,,,北西,公道,6,１低住専,50,100,2026年第1四半期,
宅地(土地と建物),成約価格情報,,13120,東京都,練馬区,貫井,中村橋,10,22000000,,60,,,,75,1986年,木造,,,,,,準住居,60,300,2026年第1四半期,
宅地(土地と建物),成約価格情報,,13120,東京都,練馬区,貫井,中村橋,15,69000000,,115,,,,95,2018年,木造,,,東,公道,5.7,１種住居,60,200,2026年第1四半期,
宅地(土地と建物),成約価格情報,,13120,東京都,練馬区,貫井,富士見台,15,74000000,,85,,,,95,2026年,木造,,,北,公道,4,１低住専,60,100,2026年第1四半期,
宅地(土地と建物),成約価格情報,,13120,東京都,練馬区,貫井,富士見台,5,75000000,,155,,,,105,2026年,木造,,,,,,準工業,60,200,2026年第1四半期,
宅地(土地と建物),成約価格情報,,13120,東京都,練馬区,氷川台,氷川台,10,100000000,,85,,,,150,2025年,木造,,,南,公道,6,１低住専,60,200,2026年第1四半期,
宅地(土地と建物),成約価格情報,,13120,東京都,練馬区,氷川台,氷川台,15,100000000,,100,,,,100,2026年,木造,,,,,,１低住専,60,200,2026年第1四半期,
宅地(土地と建物),成約価格情報,,13120,東京都,練馬区,氷川台,氷川台,10,50000000,,75,,,,100,1983年,木造,,,南西,公道,11,１低住専,60,200,2026年第1四半期,
宅地(土地と建物),成約価格情報,,13120,東京都,練馬区,富士見台,富士見台,15,82000000,,120,,,,105,2026年,木造,,,東,公道,4,１低住専,60,100,2026年第1四半期,
宅地(土地と建物),成約価格情報,,13120,東京都,練馬区,富士見台,富士見台,15,88000000,,105,,,,105,2026年,木造,,,東,公道,4,１低住専,60,100,2026年第1四半期,
宅地(土地と建物),成約価格情報,,13120,東京都,練馬区,富士見台,富士見台,15,72000000,,85,,,,85,2026年,木造,,,北,公道,5.4,１低住専,50,100,2026年第1四半期,
宅地(土地と建物),成約価格情報,,13120,東京都,練馬区,富士見台,富士見台,15,68000000,,85,,,,85,2026年,木造,,,北,公道,5.4,１低住専,50,100,2026年第1四半期,
宅地(土地と建物),成約価格情報,,13120,東京都,練馬区,富士見台,富士見台,15,68000000,,85,,,,85,2026年,木造,,,北,公道,5.4,１低住専,50,100,2026年第1四半期,
宅地(土地と建物),成約価格情報,,13120,東京都,練馬区,富士見台,練馬高野台,10,59000000,,60,,,,70,2020年,木造,,,北,公道,5,１種住居,70,300,2026年第1四半期,
宅地(土地と建物),成約価格情報,,13120,東京都,練馬区,富士見台,富士見台,15,71000000,,110,,,,100,2001年,木造,,,東,公道,5,１低住専,50,100,2026年第1四半期,
宅地(土地と建物),成約価格情報,,13120,東京都,練馬区,富士見台,富士見台,5,70000000,,100,,,,90,2006年,木造,,,,,,１低住専,50,100,2026年第1四半期,
宅地(土地と建物),成約価格情報,,13120,東京都,練馬区,富士見台,富士見台,10,99000000,,95,,,,95,2026年,木造,,,,,,１低住専,50,100,2026年第1四半期,
宅地(土地と建物),成約価格情報,,13120,東京都,練馬区,富士見台,富士見台,15,60000000,,70,,,,70,2026年,木造,,,,,,１低住専,60,100,2026年第1四半期,
宅地(土地と建物),成約価格情報,,13120,東京都,練馬区,南大泉,保谷,15,18000000,,85,,,,100,1990年,木造,,,,,,１低住専,50,100,2026年第1四半期,
宅地(土地と建物),成約価格情報,,13120,東京都,練馬区,南大泉,保谷,10,59000000,,95,,,,115,2012年,木造,,,西,公道,4,１低住専,60,100,2026年第1四半期,
宅地(土地と建物),成約価格情報,,13120,東京都,練馬区,南大泉,保谷,20,50000000,,60,,,,90,2025年,木造,,,北東,公道,4,１種住居,60,160,2026年第1四半期,
宅地(土地と建物),成約価格情報,,13120,東京都,練馬区,南大泉,東伏見,15,53000000,,115,,,,100,1999年,木造,,,東,公道,6,１低住専,50,100,2026年第1四半期,
宅地(土地と建物),成約価格情報,,13120,東京都,練馬区,南大泉,保谷,15,57000000,,110,,,,105,2018年,木造,,,南東,私道,4,１低住専,50,100,2026年第1四半期,
宅地(土地と建物),成約価格情報,,13120,東京都,練馬区,南大泉,武蔵関,15,65000000,,85,,,,100,2026年,木造,,,南,公道,2.9,１低住専,60,300,2026年第1四半期,
宅地(土地と建物),成約価格情報,,13120,東京都,練馬区,南大泉,武蔵関,15,63000000,,85,,,,100,2026年,木造,,,南,公道,2.9,１低住専,60,300,2026年第1四半期,
宅地(土地と建物),成約価格情報,,13120,東京都,練馬区,南大泉,東伏見,20,53000000,,95,,,,90,2025年,木造,,,東,私道,4,１低住専,50,100,2026年第1四半期,
宅地(土地と建物),成約価格情報,,13120,東京都,練馬区,南大泉,保谷,15,60000000,,80,,,,80,2026年,木造,,,,,,１低住専,50,100,2026年第1四半期,
宅地(土地と建物),成約価格情報,,13120,東京都,練馬区,南大泉,保谷,15,40000000,,90,,,,100,1995年,木造,,,南,私道,4,１低住専,50,100,2026年第1四半期,
宅地(土地と建物),成約価格情報,,13120,東京都,練馬区,南大泉,保谷,20,23000000,,155,,,,105,1993年,木造,,,東,私道,2.6,１低住専,50,100,2026年第1四半期,
宅地(土地と建物),成約価格情報,,13120,東京都,練馬区,南大泉,大泉学園,15,52000000,,105,,,,85,1968年,木造,,,東,公道,4.5,１低住専,50,100,2026年第1四半期,
宅地(土地と建物),成約価格情報,,13120,東京都,練馬区,南大泉,武蔵関,20,56000000,,190,,,,60,1961年,木造,,,東,公道,,１低住専,50,100,2026年第1四半期,
宅地(土地と建物),成約価格情報,,13120,東京都,練馬区,大泉町,大泉学園,20,13000000,,90,,,,125,1995年,木造,,,,,,準住居,60,300,2026年第1四半期,
宅地(土地と建物),成約価格情報,,13120,東京都,練馬区,大泉町,大泉学園,,45000000,,130,,,,100,1997年,木造,,,南東,公道,5,１低住専,50,100,2026年第1四半期,
宅地(土地と建物),成約価格情報,,13120,東京都,練馬区,大泉町,大泉学園,,51000000,,95,,,,105,2025年,木造,,,,,,１種住居,60,200,2026年第1四半期,
宅地(土地と建物),成約価格情報,,13120,東京都,練馬区,大泉町,大泉学園,,50000000,,105,,,,110,2025年,木造,,,,,,１中住専,60,200,2026年第1四半期,
宅地(土地と建物),成約価格情報,,13120,東京都,練馬区,大泉町,大泉学園,,46000000,,85,,,,95,2025年,木造,,,,,,１中住専,60,200,2026年第1四半期,
宅地(土地と建物),成約価格情報,,13120,東京都,練馬区,大泉町,大泉学園,30分～60分,42000000,,110,,,,95,1998年,軽量鉄骨造,,,北,公道,5.4,１種住居,60,216,2026年第1四半期,
宅地(土地と建物),成約価格情報,,13120,東京都,練馬区,大泉町,光が丘,30分～60分,70000000,,180,,,,135,2006年,木造,,,,,6,１低住専,50,100,2026年第1四半期,
宅地(土地と建物),成約価格情報,,13120,東京都,練馬区,大泉町,大泉学園,15,78000000,,100,,,,105,2026年,木造,,,北西,公道,6.3,１低住専,50,100,2026年第1四半期,
宅地(土地と建物),成約価格情報,,13120,東京都,練馬区,大泉町,大泉学園,,54000000,,85,,,,80,2025年,木造,,,北,公道,5,１低住専,60,100,2026年第1四半期,
宅地(土地と建物),成約価格情報,,13120,東京都,練馬区,大泉町,大泉学園,,9800000,,70,,,,50,1965年,木造,,,,,,１種住居,60,300,2026年第1四半期,
宅地(土地と建物),成約価格情報,,13120,東京都,練馬区,上石神井,上石神井,5,36000000,,60,,,,85,1996年,木造,,,南,私道,4,近隣商業,80,300,2026年第1四半期,
宅地(土地と建物),成約価格情報,,13120,東京都,練馬区,上石神井,武蔵関,15,61000000,,120,,,,90,2026年,木造,,,西,公道,6,１中住専,60,200,2026年第1四半期,
宅地(土地と建物),成約価格情報,,13120,東京都,練馬区,上石神井,上石神井,10,71000000,,100,,,,90,2025年,木造,,,,,,１低住専,50,100,2026年第1四半期,
宅地(土地と建物),成約価格情報,,13120,東京都,練馬区,上石神井,上石神井,5,93000000,,130,,,,100,2026年,木造,,,東,私道,4,１低住専,50,100,2026年第1四半期,
宅地(土地と建物),成約価格情報,,13120,東京都,練馬区,上石神井,上石神井,10,73000000,,120,,,,160,1975年,木造,,,北,,7.2,１中住専,,,2026年第1四半期,
宅地(土地と建物),成約価格情報,,13120,東京都,練馬区,上石神井,上石神井,10,45000000,,140,,,,55,2007年,木造,,,,私道,,１低住専,50,100,2026年第1四半期,
宅地(土地と建物),成約価格情報,,13120,東京都,練馬区,北町,地下鉄赤塚,10,84000000,,95,,,,90,2024年,木造,,,西,公道,4,１低住専,50,100,2026年第1四半期,
宅地(土地と建物),成約価格情報,,13120,東京都,練馬区,北町,東武練馬,5,130000000,,180,,,,190,1997年,軽量鉄骨造,,,西,公道,5,準工業,60,200,2026年第1四半期,
宅地(土地と建物),成約価格情報,,13120,東京都,練馬区,向山,中村橋,10,63000000,,75,,,,75,2025年,木造,,,北,私道,3.8,１低住専,50,100,2026年第1四半期,
宅地(土地と建物),成約価格情報,,13120,東京都,練馬区,向山,中村橋,10,59000000,,145,,,,130,1988年,木造,,,東,公道,2.9,１低住専,50,100,2026年第1四半期,
宅地(土地と建物),成約価格情報,,13120,東京都,練馬区,向山,中村橋,10,50000000,,85,,,,115,1996年,木造,,,北,公道,4.5,１低住専,50,100,2026年第1四半期,
宅地(土地と建物),成約価格情報,,13120,東京都,練馬区,向山,中村橋,15,6000000,,70,,,,30,1959年,木造,,,,,,１低住専,50,100,2026年第1四半期,
宅地(土地と建物),成約価格情報,,13120,東京都,練馬区,桜台,氷川台,10,85000000,,65,,,,110,2025年,木造,,,北,私道,4,１低住専,60,150,2026年第1四半期,
宅地(土地と建物),成約価格情報,,13120,東京都,練馬区,桜台,桜台(東京),5,99000000,,115,,,,115,2025年,木造,,,南,公道,4.8,１低住専,50,100,2026年第1四半期,
宅地(土地と建物),成約価格情報,,13120,東京都,練馬区,桜台,氷川台,5,80000000,,90,,,,110,2026年,木造,,,南,公道,6,１中住専,50,150,2026年第1四半期,
宅地(土地と建物),成約価格情報,,13120,東京都,練馬区,桜台,氷川台,5,80000000,,90,,,,110,2026年,木造,,,南,公道,6,１中住専,50,150,2026年第1四半期,
宅地(土地と建物),成約価格情報,,13120,東京都,練馬区,桜台,氷川台,15,89000000,,110,,,,105,2011年,木造,,,東,公道,5,１低住専,50,100,2026年第1四半期,
宅地(土地と建物),成約価格情報,,13120,東京都,練馬区,桜台,桜台(東京),10,120000000,,120,,,,130,2026年,木造,,,南東,私道,4,１低住専,50,100,2026年第1四半期,
宅地(土地と建物),成約価格情報,,13120,東京都,練馬区,桜台,氷川台,15,75000000,,80,,,,75,2025年,木造,,,西,公道,4,１低住専,50,100,2026年第1四半期,
宅地(土地と建物),成約価格情報,,13120,東京都,練馬区,桜台,氷川台,15,74000000,,80,,,,80,2025年,木造,,,西,公道,4,１低住専,50,100,2026年第1四半期,
宅地(土地と建物),成約価格情報,,13120,東京都,練馬区,石神井町,石神井公園,15,62000000,,105,,,,120,1990年,鉄骨造,,,北,公道,4,１中住専,50,150,2026年第1四半期,
宅地(土地と建物),成約価格情報,,13120,東京都,練馬区,石神井町,石神井公園,10,68000000,,90,,,,80,2025年,木造,,,,,,１低住専,50,100,2026年第1四半期,
宅地(土地と建物),成約価格情報,,13120,東京都,練馬区,石神井町,石神井公園,5,150000000,,210,,,,220,1987年,木造,,,西,公道,6,１中住専,40,200,2026年第1四半期,
宅地(土地と建物),成約価格情報,,13120,東京都,練馬区,石神井町,石神井公園,10,110000000,,160,,,,135,1984年,軽量鉄骨造,,,西,公道,5,１低住専,50,100,2026年第1四半期,
宅地(土地と建物),成約価格情報,,13120,東京都,練馬区,石神井町,石神井公園,5,130000000,,120,,,,140,2016年,木造,,,北西,私道,4.4,１中住専,40,176,2026年第1四半期,
宅地(土地と建物),成約価格情報,,13120,東京都,練馬区,関町東,武蔵関,10,63000000,,110,,,,105,2000年,木造,,,北東,公道,3.7,１低住専,50,100,2026年第1四半期,
宅地(土地と建物),成約価格情報,,13120,東京都,練馬区,関町東,武蔵関,10,68000000,,90,,,,90,2026年,木造,,,,,,１低住専,50,100,2026年第1四半期,
宅地(土地と建物),成約価格情報,,13120,東京都,練馬区,田柄,地下鉄赤塚,15,59000000,,85,,,,85,2005年,木造,,,南西,私道,6,１低住専,50,100,2026年第1四半期,
宅地(土地と建物),成約価格情報,,13120,東京都,練馬区,田柄,地下鉄赤塚,15,65000000,,70,,,,70,2025年,木造,,,南,,4,１低住専,50,100,2026年第1四半期,
宅地(土地と建物),成約価格情報,,13120,東京都,練馬区,田柄,地下鉄赤塚,15,59000000,,85,,,,85,2005年,木造,,,,,,１低住専,50,100,2026年第1四半期,
宅地(土地と建物),成約価格情報,,13120,東京都,練馬区,田柄,地下鉄赤塚,10,120000000,,110,,,,110,2012年,木造,,,,,,１中住専,50,100,2026年第1四半期,
宅地(土地と建物),成約価格情報,,13120,東京都,練馬区,田柄,地下鉄赤塚,15,75000000,,85,,,,85,2026年,木造,,,,,,１低住専,40,80,2026年第1四半期,
宅地(土地と建物),成約価格情報,,13120,東京都,練馬区,田柄,光が丘,15,90000000,,85,,,,105,2025年,木造,,,,,,１中住専,60,200,2026年第1四半期,
宅地(土地と建物),成約価格情報,,13120,東京都,練馬区,田柄,光が丘,20,81000000,,125,,,,100,2018年,木造,,,南,私道,4.5,１低住専,50,100,2026年第1四半期,
宅地(土地と建物),成約価格情報,,13120,東京都,練馬区,田柄,平和台(東京),15,33000000,,75,,,,60,1969年,木造,,,,,,１低住専,50,100,2026年第1四半期,
宅地(土地と建物),成約価格情報,,13120,東京都,練馬区,豊玉北,練馬,15,76000000,,85,,,,100,2004年,木造,,,東,公道,13.7,１中住専,60,200,2026年第1四半期,
宅地(土地と建物),成約価格情報,,13120,東京都,練馬区,錦,上板橋,15,20000000,,55,,,,55,1973年,木造,,,東,私道,4,近隣商業,80,300,2026年第1四半期,
宅地(土地と建物),成約価格情報,,13120,東京都,練馬区,錦,上板橋,15,78000000,,100,,,,100,2025年,木造,,,,,,１低住専,60,200,2026年第1四半期,
宅地(土地と建物),成約価格情報,,13120,東京都,練馬区,東大泉,大泉学園,20,39000000,,155,,,,115,1991年,木造,,,西,私道,4,１低住専,50,100,2026年第1四半期,
宅地(土地と建物),成約価格情報,,13120,東京都,練馬区,東大泉,大泉学園,5,93000000,,85,,,,115,2025年,木造,,,東,私道,4,１中住専,50,150,2026年第1四半期,
宅地(土地と建物),成約価格情報,,13120,東京都,練馬区,東大泉,大泉学園,5,90000000,,85,,,,105,2025年,木造,,,東,私道,4,１中住専,50,150,2026年第1四半期,
宅地(土地と建物),成約価格情報,,13120,東京都,練馬区,東大泉,大泉学園,,68000000,,95,,,,105,2025年,木造,,,南,公道,4,１種住居,60,200,2026年第1四半期,
宅地(土地と建物),成約価格情報,,13120,東京都,練馬区,東大泉,大泉学園,20,63000000,,145,,,,100,2009年,木造,,,南,公道,4,１低住専,50,100,2026年第1四半期,
宅地(土地と建物),成約価格情報,,13120,東京都,練馬区,東大泉,大泉学園,20,50000000,,85,,,,80,2016年,木造,,,,,,１低住専,50,100,2026年第1四半期,
宅地(土地と建物),成約価格情報,,13120,東京都,練馬区,東大泉,大泉学園,15,43000000,,65,,,,55,2019年,木造,,,,公道,,１種住居,60,160,2026年第1四半期,
宅地(土地と建物),成約価格情報,,13120,東京都,練馬区,旭丘,江古田,10,50000000,,55,,,,85,1999年,木造,,,東,私道,4,１中住専,60,200,2026年第1四半期,
宅地(土地と建物),成約価格情報,,13120,東京都,練馬区,旭町,光が丘,20,71000000,,90,,,,100,2026年,木造,,,,,,１低住専,50,100,2026年第1四半期,
宅地(土地と建物),成約価格情報,,13120,東京都,練馬区,春日町,平和台(東京),15,54000000,,65,,,,65,2015年,木造,,,西,私道,4,１低住専,50,100,2026年第1四半期,
宅地(土地と建物),成約価格情報,,13120,東京都,練馬区,春日町,練馬春日町,10,65000000,,60,,,,105,2014年,木造,,,西,公道,4,近隣商業,80,240,2026年第1四半期,
宅地(土地と建物),成約価格情報,,13120,東京都,練馬区,春日町,平和台(東京),15,81000000,,105,,,,105,2019年,木造,,,東,公道,6,１低住専,60,100,2026年第1四半期,
宅地(土地と建物),成約価格情報,,13120,東京都,練馬区,下石神井,石神井公園,15,77000000,,75,,,,120,2026年,木造,,,北東,公道,5.4,近隣商業,80,200,2026年第1四半期,
宅地(土地と建物),成約価格情報,,13120,東京都,練馬区,下石神井,上井草,5,80000000,,110,,,,100,2025年,木造,,,東,私道,4,１中住専,60,200,2026年第1四半期,
宅地(土地と建物),成約価格情報,,13120,東京都,練馬区,下石神井,石神井公園,20,56000000,,75,,,,75,2026年,木造,,,北,私道,4,１低住専,50,100,2026年第1四半期,
宅地(土地と建物),成約価格情報,,13120,東京都,練馬区,下石神井,上井草,15,110000000,,200,,,,140,1973年,木造,,,南,,4,１低住専,50,100,2026年第1四半期,
宅地(土地と建物),成約価格情報,,13120,東京都,練馬区,下石神井,下井草,15,73000000,,105,,,,105,2025年,木造,,,北,公道,5,１低住専,50,100,2026年第1四半期,
宅地(土地と建物),成約価格情報,,13120,東京都,練馬区,下石神井,上井草,10,82000000,,115,,,,100,2025年,木造,,,,,,１低住専,50,100,2026年第1四半期,
宅地(土地と建物),成約価格情報,,13120,東京都,練馬区,下石神井,上井草,15,65000000,,105,,,,105,1995年,木造,,,,,,１中住専,60,200,2026年第1四半期,
宅地(土地と建物),成約価格情報,,13120,東京都,練馬区,高松,練馬春日町,15,83000000,,120,,,,105,2025年,木造,,,北西,私道,4,１低住専,50,100,2026年第1四半期,
宅地(土地と建物),成約価格情報,,13120,東京都,練馬区,高松,光が丘,10,63000000,,70,,,,65,2026年,木造,,,南,公道,4,１低住専,50,100,2026年第1四半期,
宅地(土地と建物),成約価格情報,,13120,東京都,練馬区,高松,光が丘,15,110000000,,130,,,,190,2012年,木造,,,,公道,13.9,１中住専,70,200,2026年第1四半期,
宅地(土地と建物),成約価格情報,,13120,東京都,練馬区,高松,光が丘,10,70000000,,90,,,,90,2017年,木造,,,西,公道,6,１低住専,50,100,2026年第1四半期,
宅地(土地と建物),成約価格情報,,13120,東京都,練馬区,高松,光が丘,15,73000000,,95,,,,85,2024年,木造,,,西,私道,2.6,１低住専,50,100,2026年第1四半期,
宅地(土地と建物),成約価格情報,,13120,東京都,練馬区,中村,練馬,15,100000000,,80,,,,160,2026年,木造,,,北,公道,6,１低住専,60,200,2026年第1四半期,
宅地(土地と建物),成約価格情報,,13120,東京都,練馬区,西大泉,保谷,,58000000,,110,,,,110,2026年,木造,,,東,私道,4.2,１低住専,50,100,2026年第1四半期,
宅地(土地と建物),成約価格情報,,13120,東京都,練馬区,西大泉,保谷,,59000000,,115,,,,110,2026年,木造,,,東,私道,4.2,１低住専,60,200,2026年第1四半期,
宅地(土地と建物),成約価格情報,,13120,東京都,練馬区,西大泉,保谷,25,9900000,,80,,,,55,1968年,木造,,,,,,１低住専,50,100,2026年第1四半期,
宅地(土地と建物),成約価格情報,,13120,東京都,練馬区,西大泉,保谷,20,54000000,,125,,,,95,1999年,軽量鉄骨造,,,南,公道,4.5,１低住専,50,100,2026年第1四半期,
宅地(土地と建物),成約価格情報,,13120,東京都,練馬区,西大泉,保谷,25,36000000,,90,,,,85,2011年,木造,,,,,,１低住専,50,100,2026年第1四半期,
宅地(土地と建物),成約価格情報,,13120,東京都,練馬区,西大泉,大泉学園,15,2000000,,50,,,,70,1963年,木造,,,北,私道,3,１低住専,50,100,2026年第1四半期,
宅地(土地と建物),成約価格情報,,13120,東京都,練馬区,西大泉,保谷,15,69000000,,95,,,,90,2026年,木造,,,,,,１低住専,50,100,2026年第1四半期,
宅地(土地と建物),成約価格情報,,13120,東京都,練馬区,西大泉,保谷,15,66000000,,95,,,,90,2026年,木造,,,,,,１低住専,50,100,2026年第1四半期,
宅地(土地と建物),成約価格情報,,13120,東京都,練馬区,練馬,練馬,10,19000000,,95,,,,70,1967年,木造,,,,,,１種住居,60,200,2026年第1四半期,
宅地(土地と建物),成約価格情報,,13120,東京都,練馬区,羽沢,新桜台,5,93000000,,85,,,,95,2016年,木造,,,東,,4,１低住専,60,150,2026年第1四半期,
宅地(土地と建物),成約価格情報,,13120,東京都,練馬区,平和台,平和台(東京),15,43000000,,70,,,,65,2009年,木造,,,東,私道,4,１低住専,60,160,2026年第1四半期,
宅地(土地と建物),成約価格情報,,13120,東京都,練馬区,平和台,氷川台,15,53000000,,50,,,,80,2004年,木造,,,北東,公道,11,１種住居,60,200,2026年第1四半期,
宅地(土地と建物),成約価格情報,,13120,東京都,練馬区,平和台,上板橋,15,10000000,,65,,,,70,1983年,軽量鉄骨造,,,,,,１低住専,50,100,2026年第1四半期,
宅地(土地と建物),成約価格情報,,13120,東京都,練馬区,南田中,井荻,15,64000000,,100,,,,90,2018年,木造,,,北東,公道,3.8,１低住専,50,100,2026年第1四半期,
宅地(土地と建物),成約価格情報,,13120,東京都,練馬区,南田中,練馬高野台,5,80000000,,90,,,,105,2025年,木造,,,東,公道,4,１低住専,50,100,2026年第1四半期,
宅地(土地と建物),成約価格情報,,13120,東京都,練馬区,南田中,練馬高野台,10,63000000,,85,,,,80,2003年,木造,,,東,公道,4,１低住専,50,100,2026年第1四半期,
宅地(土地と建物),成約価格情報,,13120,東京都,練馬区,南田中,富士見台,15,62000000,,95,,,,90,2011年,木造,,,,,,１低住専,50,100,2026年第1四半期,
宅地(土地と建物),成約価格情報,,13120,東京都,練馬区,南田中,練馬高野台,15,60000000,,115,,,,100,1966年,木造,,,,,,１低住専,,,2026年第1四半期,
宅地(土地と建物),成約価格情報,,13120,東京都,練馬区,南田中,井荻,15,64000000,,110,,,,100,2010年,木造,,,,,,１低住専,50,100,2026年第1四半期,
宅地(土地と建物),成約価格情報,,13120,東京都,練馬区,谷原,石神井公園,20,65000000,,85,,,,85,2025年,木造,,,,,,１低住専,50,100,2026年第1四半期,
宅地(土地と建物),成約価格情報,,13120,東京都,練馬区,谷原,練馬高野台,20,50000000,,95,,,,85,2014年,木造,,,南,私道,6,１低住専,50,100,2026年第1四半期,
宅地(土地と建物),成約価格情報,,13120,東京都,練馬区,谷原,石神井公園,15,64000000,,100,,,,90,2017年,木造,,,西,公道,4,１低住専,50,100,2026年第1四半期,
宅地(土地と建物),成約価格情報,,13120,東京都,練馬区,谷原,石神井公園,20,65000000,,140,,,,130,1985年,木造,,,,,4,１低住専,50,100,2026年第1四半期,
宅地(土地と建物),不動産取引価格情報,住宅地,13120,東京都,練馬区,旭丘,江古田,6,91000000,,90,,長方形,7.5,280,1983年,鉄骨造,住宅、事務所、倉庫,住宅,北東,区道,5.5,近隣商業,80,300,2026年第1四半期,調停・競売等
宅地(土地),不動産取引価格情報,商業地,13120,東京都,練馬区,大泉学園町,大泉学園,30分～60分,40000000,1700000,75,520000,長方形,50.0m以上,,,,,その他,西,区道,12.7,近隣商業,80,300,2026年第1四半期,
宅地(土地と建物),不動産取引価格情報,住宅地,13120,東京都,練馬区,大泉学園町,大泉学園,26,50000000,,90,,ほぼ長方形,7.3,80,2025年,木造,住宅,住宅,南,区道,5,１低住専,50,100,2026年第1四半期,
宅地(土地と建物),不動産取引価格情報,住宅地,13120,東京都,練馬区,大泉学園町,大泉学園,20,67000000,,115,,ほぼ長方形,8.1,100,2025年,木造,住宅,住宅,北,区道,6,１低住専,50,100,2026年第1四半期,
宅地(土地),不動産取引価格情報,住宅地,13120,東京都,練馬区,大泉学園町,大泉学園,26,290000000,780000,1200,240000,不整形,28.1,,,,,,南,区道,6,１低住専,50,100,2026年第1四半期,
宅地(土地と建物),不動産取引価格情報,住宅地,13120,東京都,練馬区,大泉学園町,大泉学園,29,59000000,,100,,ほぼ長方形,9.5,100,2026年,木造,住宅,住宅,東,区道,4,１低住専,50,100,2026年第1四半期,
宅地(土地と建物),不動産取引価格情報,住宅地,13120,東京都,練馬区,大泉学園町,大泉学園,19,73000000,,110,,ほぼ長方形,8.3,100,2026年,木造,住宅,住宅,西,区道,4.5,１低住専,50,100,2026年第1四半期,
宅地(土地),不動産取引価格情報,住宅地,13120,東京都,練馬区,大泉町,大泉学園,15,25000000,1300000,65,380000,ほぼ正方形,7,,,,,,北東,道路,4,１低住専,50,100,2026年第1四半期,
宅地(土地と建物),不動産取引価格情報,住宅地,13120,東京都,練馬区,大泉町,大泉学園,15,14000000,,40,,長方形,4.5,55,1966年,木造,住宅、店舗,住宅,東,区道,4.5,１低住専,50,100,2026年第1四半期,
宅地(土地),不動産取引価格情報,住宅地,13120,東京都,練馬区,大泉町,大泉学園,30分～60分,38000000,890000,140,270000,ほぼ台形,4.6,,,,,住宅,西,私道,5,１低住専,50,100,2026年第1四半期,
宅地(土地と建物),不動産取引価格情報,住宅地,13120,東京都,練馬区,大泉町,大泉学園,16,64000000,,90,,ほぼ長方形,5.1,85,2026年,木造,住宅,住宅,東,区道,5,１低住専,50,100,2026年第1四半期,
宅地(土地と建物),不動産取引価格情報,住宅地,13120,東京都,練馬区,大泉町,石神井公園,30分～60分,54000000,,105,,袋地等,2.6,95,2025年,木造,住宅,住宅,北東,区道,6,１低住専,50,100,2026年第1四半期,
宅地(土地と建物),不動産取引価格情報,住宅地,13120,東京都,練馬区,大泉町,光が丘,25,71000000,,100,,長方形,10.7,90,2026年,木造,住宅,住宅,北東,区道,4.5,１低住専,50,100,2026年第1四半期,
宅地(土地と建物),不動産取引価格情報,住宅地,13120,東京都,練馬区,大泉町,光が丘,25,72000000,,115,,ほぼ長方形,5.9,90,2026年,木造,住宅,住宅,南,区道,4.5,１低住専,50,100,2026年第1四半期,
宅地(土地と建物),不動産取引価格情報,住宅地,13120,東京都,練馬区,春日町,練馬春日町,5,90000000,,90,,ほぼ台形,7.2,90,2026年,木造,住宅,住宅,北,区道,4,１低住専,50,100,2026年第1四半期,私道を含む取引
宅地(土地と建物),不動産取引価格情報,住宅地,13120,東京都,練馬区,上石神井,上石神井,5,90000000,,120,,ほぼ台形,9.3,140,2013年,木造,共同住宅,住宅,南,都道,12.7,１種住居,60,200,2026年第1四半期,
宅地(土地),不動産取引価格情報,住宅地,13120,東京都,練馬区,上石神井南町,上石神井,11,61000000,1800000,110,540000,ほぼ長方形,8.6,,,,,住宅,北東,区道,6,１低住専,50,100,2026年第1四半期,
宅地(土地),不動産取引価格情報,住宅地,13120,東京都,練馬区,小竹町,江古田,6,72000000,2100000,110,640000,ほぼ整形,11.4,,,,,住宅,東,私道,4,１低住専,60,150,2026年第1四半期,
宅地(土地),不動産取引価格情報,住宅地,13120,東京都,練馬区,小竹町,新桜台,6,180000000,2700000,220,820000,ほぼ長方形,15.3,,,,,住宅,南西,区道,4,１低住専,60,150,2026年第1四半期,
宅地(土地と建物),不動産取引価格情報,住宅地,13120,東京都,練馬区,桜台,新桜台,5,120000000,,195,,台形,15,180,1973年,木造,住宅,住宅,東,道路,3.5,１低住専,60,150,2026年第1四半期,
宅地(土地と建物),不動産取引価格情報,商業地,13120,東京都,練馬区,桜台,氷川台,7,210000000,,140,,ほぼ長方形,9.4,330,2012年,鉄骨造,共同住宅,住宅,東,区道,9,近隣商業,80,300,2026年第1四半期,私道を含む取引
宅地(土地と建物),不動産取引価格情報,住宅地,13120,東京都,練馬区,桜台,氷川台,10,89000000,,85,,ほぼ整形,7.7,85,2025年,木造,住宅,住宅,南東,道路,4,１低住専,50,100,2026年第1四半期,
宅地(土地と建物),不動産取引価格情報,住宅地,13120,東京都,練馬区,桜台,氷川台,8,53000000,,50,,ほぼ長方形,5.8,45,2026年,木造,住宅,住宅,南,道路,4,１低住専,50,100,2026年第1四半期,
宅地(土地と建物),不動産取引価格情報,住宅地,13120,東京都,練馬区,下石神井,井荻,13,47000000,,90,,袋地等,2.5,80,2005年,木造,住宅,住宅,南,区道,6,１低住専,50,100,2026年第1四半期,
宅地(土地と建物),不動産取引価格情報,住宅地,13120,東京都,練馬区,下石神井,上井草,5,69000000,,100,,ほぼ長方形,7,95,2026年,木造,住宅,住宅,北,私道,4,１中住専,60,200,2026年第1四半期,
宅地(土地と建物),不動産取引価格情報,住宅地,13120,東京都,練馬区,石神井台,上石神井,13,38000000,,60,,ほぼ正方形,7.4,75,1999年,木造,住宅,住宅,南,私道,4,１低住専,50,100,2026年第1四半期,
宅地(土地),不動産取引価格情報,住宅地,13120,東京都,練馬区,石神井台,上石神井,11,55000000,1600000,115,480000,長方形,12.3,,,,,住宅,北,私道,3.8,１中住専,50,150,2026年第1四半期,
宅地(土地),不動産取引価格情報,住宅地,13120,東京都,練馬区,石神井台,石神井公園,24,44000000,1800000,80,540000,ほぼ長方形,12.1,,,,,住宅,西,区道,4.2,１低住専,50,100,2026年第1四半期,
宅地(土地と建物),不動産取引価格情報,住宅地,13120,東京都,練馬区,石神井台,武蔵関,10,42000000,,100,,ほぼ長方形,8.7,120,1970年,木造,住宅,住宅,東,区道,4,１低住専,50,100,2026年第1四半期,
宅地(土地),不動産取引価格情報,住宅地,13120,東京都,練馬区,石神井台,武蔵関,15,81000000,1600000,165,490000,台形,12.9,,,,,,南,区道,5,１低住専,50,100,2026年第1四半期,
宅地(土地),不動産取引価格情報,住宅地,13120,東京都,練馬区,石神井町,練馬高野台,6,80000000,2300000,115,700000,ほぼ長方形,9.1,,,,,住宅,西,区道,4,１低住専,50,100,2026年第1四半期,
宅地(土地と建物),不動産取引価格情報,住宅地,13120,東京都,練馬区,関町北,武蔵関,6,63000000,,105,,袋地等,2.5,85,2025年,木造,住宅,住宅,南,区道,6,１低住専,50,100,2026年第1四半期,
宅地(土地と建物),不動産取引価格情報,住宅地,13120,東京都,練馬区,関町北,武蔵関,8,60000000,,55,,長方形,6.5,55,2024年,木造,共同住宅,住宅,西,区道,6,近隣商業,80,300,2026年第1四半期,私道を含む取引
宅地(土地),不動産取引価格情報,住宅地,13120,東京都,練馬区,関町南,武蔵関,9,1100000000,1300000,"2,000㎡以上",380000,ほぼ長方形,36.9,,,,,,北,区道,6,１低住専,50,100,2026年第1四半期,
宅地(土地と建物),不動産取引価格情報,住宅地,13120,東京都,練馬区,高野台,練馬高野台,9,64000000,,90,,袋地等,3,80,2026年,木造,住宅,住宅,南,私道,4,１低住専,50,100,2026年第1四半期,私道を含む取引
宅地(土地),不動産取引価格情報,住宅地,13120,東京都,練馬区,高松,練馬春日町,12,37000000,1400000,90,420000,ほぼ整形,29.3,,,,,その他,西,区道,5.4,１低住専,50,100,2026年第1四半期,
宅地(土地),不動産取引価格情報,住宅地,13120,東京都,練馬区,高松,練馬春日町,10,61000000,1400000,140,440000,ほぼ整形,42,,,,,その他,西,区道,5.3,１低住専,50,100,2026年第1四半期,
宅地(土地と建物),不動産取引価格情報,住宅地,13120,東京都,練馬区,高松,練馬春日町,14,87000000,,100,,ほぼ長方形,10.1,100,2026年,木造,住宅,住宅,東,私道,6,１低住専,50,100,2026年第1四半期,
宅地(土地と建物),不動産取引価格情報,住宅地,13120,東京都,練馬区,田柄,地下鉄赤塚,9,120000000,,110,,ほぼ台形,6.9,110,2012年,木造,住宅,住宅,北西,区道,6,１低住専,50,100,2026年第1四半期,
宅地(土地と建物),不動産取引価格情報,住宅地,13120,東京都,練馬区,田柄,地下鉄赤塚,15,85000000,,95,,ほぼ正方形,10,90,2025年,木造,住宅,住宅,西,区道,4.5,１低住専,50,100,2026年第1四半期,
宅地(土地と建物),不動産取引価格情報,住宅地,13120,東京都,練馬区,田柄,平和台(東京),13,85000000,,90,,ほぼ長方形,9.5,95,2025年,木造,住宅,住宅,南,区道,12,１種住居,60,200,2026年第1四半期,
宅地(土地と建物),不動産取引価格情報,住宅地,13120,東京都,練馬区,豊玉北,桜台(東京),7,550000000,,650,,ほぼ長方形,30,165,,木造,住宅、その他,住宅,南東,区道,6,１中住専,60,200,2026年第1四半期,
宅地(土地),不動産取引価格情報,商業地,13120,東京都,練馬区,豊玉北,練馬,5,80000000,3700000,70,1100000,ほぼ長方形,6.6,,,,,住宅,東,区道,4,近隣商業,80,300,2026年第1四半期,
宅地(土地と建物),不動産取引価格情報,住宅地,13120,東京都,練馬区,中村,中村橋,9,160000000,,130,,台形,14,230,2026年,木造,共同住宅,住宅,南,区道,11,１種住居,60,200,2026年第1四半期,
宅地(土地と建物),不動産取引価格情報,商業地,13120,東京都,練馬区,中村北,中村橋,3,360000000,,105,,ほぼ正方形,9.9,310,2025年,ＲＣ,共同住宅,その他,西,都道,7,近隣商業,80,300,2026年第1四半期,
宅地(土地と建物),不動産取引価格情報,住宅地,13120,東京都,練馬区,西大泉,大泉学園,16,58000000,,110,,ほぼ長方形,8.9,100,2026年,木造,住宅,住宅,東,区道,6,１低住専,50,100,2026年第1四半期,
宅地(土地と建物),不動産取引価格情報,住宅地,13120,東京都,練馬区,西大泉,保谷,19,39000000,,80,,長方形,7.3,65,2026年,木造,住宅,住宅,東,私道,4,１低住専,50,100,2026年第1四半期,
宅地(土地と建物),不動産取引価格情報,住宅地,13120,東京都,練馬区,貫井,富士見台,5,2200000000,,910,,不整形,37.1,"2,000㎡以上",2025年,ＲＣ,共同住宅、店舗,住宅,南東,区道,5.5,１種住居,60,200,2026年第1四半期,私道を含む取引
宅地(土地と建物),不動産取引価格情報,住宅地,13120,東京都,練馬区,練馬,練馬,7,88000000,,110,,袋地等,4.7,90,2026年,木造,住宅,住宅,東,道路,4,近隣商業,80,300,2026年第1四半期,
宅地(土地と建物),不動産取引価格情報,住宅地,13120,東京都,練馬区,早宮,豊島園,9,200000000,,70,,ほぼ長方形,10.2,240,2020年,ＲＣ,共同住宅,住宅,北,都道,16,近隣商業,80,300,2026年第1四半期,
宅地(土地),不動産取引価格情報,住宅地,13120,東京都,練馬区,早宮,平和台(東京),7,93000000,1800000,165,560000,袋地等,,,,,,その他,北,区道,4,１低住専,50,100,2026年第1四半期,
宅地(土地),不動産取引価格情報,住宅地,13120,東京都,練馬区,東大泉,大泉学園,13,65000000,2000000,110,600000,ほぼ整形,9.3,,,,,住宅,南西,区道,4.9,１低住専,50,100,2026年第1四半期,
宅地(土地),不動産取引価格情報,住宅地,13120,東京都,練馬区,東大泉,大泉学園,12,64000000,2000000,105,600000,ほぼ長方形,7.2,,,,,住宅,南東,区道,4,１低住専,50,100,2026年第1四半期,
宅地(土地と建物),不動産取引価格情報,住宅地,13120,東京都,練馬区,富士見台,練馬高野台,4,140000000,,145,,長方形,11.3,135,2025年,木造,共同住宅,住宅,東,区道,5,１低住専,50,100,2026年第1四半期,
宅地(土地と建物),不動産取引価格情報,住宅地,13120,東京都,練馬区,富士見台,富士見台,8,26000000,,80,,袋地等,2,75,1978年,木造,住宅,住宅,北西,私道,4,１中住専,60,200,2026年第1四半期,
宅地(土地と建物),不動産取引価格情報,住宅地,13120,東京都,練馬区,平和台,平和台(東京),13,61000000,,130,,長方形,10,140,1990年,軽量鉄骨造,共同住宅,その他,北西,区道,6,１低住専,60,200,2026年第1四半期,
宅地(土地と建物),不動産取引価格情報,住宅地,13120,東京都,練馬区,平和台,平和台(東京),9,98000000,,180,,正方形,13.3,330,2025年,木造,共同住宅,住宅,北,区道,6,１低住専,60,200,2026年第1四半期,
宅地(土地と建物),不動産取引価格情報,住宅地,13120,東京都,練馬区,平和台,平和台(東京),12,75000000,,140,,長方形,13,120,1990年,鉄骨造,共同住宅,住宅,北東,区道,4,１低住専,60,200,2026年第1四半期,
宅地(土地),不動産取引価格情報,商業地,13120,東京都,練馬区,南大泉,保谷,3,25000000,1500000,55,450000,ほぼ長方形,9.9,,,,,その他,西,区道,5.2,近隣商業,80,200,2026年第1四半期,私道を含む取引
宅地(土地と建物),不動産取引価格情報,住宅地,13120,東京都,練馬区,南大泉,保谷,11,270000000,,380,,ほぼ長方形,10.6,370,2023年,軽量鉄骨造,共同住宅,住宅,東,区道,5.5,１低住専,50,100,2026年第1四半期,
宅地(土地と建物),不動産取引価格情報,住宅地,13120,東京都,練馬区,南田中,井荻,8,77000000,,80,,ほぼ長方形,6,85,2025年,木造,住宅,住宅,南西,都道,8,１中住専,60,200,2026年第1四半期,
宅地(土地と建物),不動産取引価格情報,住宅地,13120,東京都,練馬区,南田中,練馬高野台,11,85000000,,95,,不整形,6.7,95,2025年,木造,住宅,住宅,北東,私道,4,１低住専,50,100,2026年第1四半期,
宅地(土地と建物),不動産取引価格情報,住宅地,13120,東京都,練馬区,三原台,石神井公園,13,51000000,,140,,ほぼ長方形,13.5,110,2002年,,住宅,住宅,北,区道,4,１低住専,50,100,2026年第1四半期,
宅地(土地と建物),成約価格情報,,13121,東京都,足立区,綾瀬,綾瀬,5,65000000,,50,,,,100,2024年,木造,,,北西,公道,4,近隣商業,60,240,2026年第1四半期,
宅地(土地と建物),成約価格情報,,13121,東京都,足立区,綾瀬,綾瀬,5,60000000,,60,,,,100,2014年,木造,,,西,公道,5.5,１種住居,60,300,2026年第1四半期,
宅地(土地と建物),成約価格情報,,13121,東京都,足立区,綾瀬,綾瀬,10,60000000,,70,,,,105,2016年,木造,,,北,公道,4,１中住専,60,160,2026年第1四半期,
宅地(土地と建物),成約価格情報,,13121,東京都,足立区,綾瀬,綾瀬,10,52000000,,65,,,,75,2009年,木造,,,南,公道,4,１種住居,70,160,2026年第1四半期,
宅地(土地と建物),成約価格情報,,13121,東京都,足立区,綾瀬,綾瀬,10,50000000,,75,,,,115,2000年,木造,,,南東,公道,10.9,１中住専,60,300,2026年第1四半期,
宅地(土地と建物),成約価格情報,,13121,東京都,足立区,綾瀬,綾瀬,10,34000000,,40,,,,55,2006年,木造,,,北,公道,5.9,１種住居,70,300,2026年第1四半期,
宅地(土地と建物),成約価格情報,,13121,東京都,足立区,古千谷本町,舎人,10,32000000,,40,,,,60,2025年,木造,,,,私道,,１低住専,50,150,2026年第1四半期,
宅地(土地と建物),成約価格情報,,13121,東京都,足立区,古千谷本町,舎人,15,43000000,,95,,,,95,2015年,木造,,,北東,公道,7.4,１低住専,50,150,2026年第1四半期,
宅地(土地と建物),成約価格情報,,13121,東京都,足立区,古千谷本町,舎人,15,42000000,,65,,,,100,2026年,木造,,,,,,１低住専,50,150,2026年第1四半期,
宅地(土地と建物),成約価格情報,,13121,東京都,足立区,関原,梅島,20,42000000,,90,,,,115,2006年,木造,,,,公道,4,準工業,80,200,2026年第1四半期,
宅地(土地と建物),成約価格情報,,13121,東京都,足立区,関原,西新井,15,39000000,,50,,,,75,2007年,木造,,,北,公道,4,準工業,80,200,2026年第1四半期,
宅地(土地と建物),成約価格情報,,13121,東京都,足立区,関原,梅島,15,54000000,,65,,,,120,2026年,木造,,,,,,準工業,80,200,2026年第1四半期,
宅地(土地と建物),成約価格情報,,13121,東京都,足立区,関原,梅島,20,24000000,,55,,,,95,1984年,鉄骨造,,,東,公道,3.6,準工業,80,200,2026年第1四半期,
宅地(土地と建物),成約価格情報,,13121,東京都,足立区,関原,西新井,15,65000000,,90,,,,120,2026年,木造,,,西,私道,4,準工業,80,200,2026年第1四半期,
宅地(土地と建物),成約価格情報,,13121,東京都,足立区,千住元町,北千住,20,7500000,,50,,,,65,1963年,木造,,,,,,近隣商業,80,200,2026年第1四半期,
宅地(土地と建物),成約価格情報,,13121,東京都,足立区,千住元町,北千住,20,47000000,,40,,,,75,2026年,木造,,,南西,私道,4,準工業,80,300,2026年第1四半期,
宅地(土地と建物),成約価格情報,,13121,東京都,足立区,辰沼,北綾瀬,20,65000000,,100,,,,105,2026年,木造,,,南,公道,5,１低住専,50,150,2026年第1四半期,
宅地(土地と建物),成約価格情報,,13121,東京都,足立区,椿,西新井大師西,15,31000000,,55,,,,90,2015年,木造,,,東,公道,6,１種住居,60,300,2026年第1四半期,
宅地(土地と建物),成約価格情報,,13121,東京都,足立区,椿,江北(東京),20,49000000,,85,,,,90,2021年,木造,,,南,公道,6,準工業,60,200,2026年第1四半期,
宅地(土地と建物),成約価格情報,,13121,東京都,足立区,中川,亀有,10,47000000,,70,,,,110,2004年,木造,,,,,4,近隣商業,80,240,2026年第1四半期,
宅地(土地と建物),成約価格情報,,13121,東京都,足立区,中川,亀有,10,75000000,,75,,,,135,2026年,木造,,,北西,公道,4,準工業,60,200,2026年第1四半期,
宅地(土地と建物),成約価格情報,,13121,東京都,足立区,東六月町,六町,20,52000000,,100,,,,100,2012年,木造,,,北,公道,6,１低住専,50,150,2026年第1四半期,
宅地(土地と建物),成約価格情報,,13121,東京都,足立区,保木間,竹ノ塚,25,20000000,,65,,,,50,1977年,木造,,,,公道,6,１低住専,60,200,2026年第1四半期,
宅地(土地と建物),成約価格情報,,13121,東京都,足立区,保木間,竹ノ塚,20,50000000,,65,,,,105,2025年,木造,,,東,公道,5,１種住居,60,200,2026年第1四半期,
宅地(土地と建物),成約価格情報,,13121,東京都,足立区,保木間,竹ノ塚,,53000000,,120,,,,100,2025年,木造,,,北,公道,8,１種住居,60,200,2026年第1四半期,
宅地(土地と建物),成約価格情報,,13121,東京都,足立区,保木間,竹ノ塚,,53000000,,120,,,,100,2025年,木造,,,北,公道,8,１種住居,60,200,2026年第1四半期,
宅地(土地と建物),成約価格情報,,13121,東京都,足立区,保木間,竹ノ塚,,37000000,,50,,,,90,2026年,木造,,,南,公道,12,１種住居,60,200,2026年第1四半期,
宅地(土地と建物),成約価格情報,,13121,東京都,足立区,保木間,谷塚,20,14000000,,45,,,,50,1977年,木造,,,南,私道,4,１中住専,60,200,2026年第1四半期,
宅地(土地と建物),成約価格情報,,13121,東京都,足立区,南花畑,六町,20,53000000,,110,,,,100,2026年,木造,,,南西,公道,19,準住居,60,300,2026年第1四半期,
宅地(土地と建物),成約価格情報,,13121,東京都,足立区,南花畑,六町,10,38000000,,75,,,,85,2003年,木造,,,南,公道,4.7,準工業,60,200,2026年第1四半期,
宅地(土地と建物),成約価格情報,,13121,東京都,足立区,南花畑,六町,10,39000000,,85,,,,65,2008年,木造,,,北西,公道,5,１種住居,60,200,2026年第1四半期,
宅地(土地と建物),成約価格情報,,13121,東京都,足立区,本木西町,扇大橋,15,40000000,,120,,,,135,1987年,木造,,,北,公道,4,準工業,80,200,2026年第1四半期,
宅地(土地と建物),成約価格情報,,13121,東京都,足立区,谷在家,谷在家,5,62000000,,65,,,,105,2026年,木造,,,西,公道,6,１種住居,80,200,2026年第1四半期,
宅地(土地と建物),成約価格情報,,13121,東京都,足立区,谷在家,谷在家,10,45000000,,65,,,,100,2026年,木造,,,,,,１種住居,70,200,2026年第1四半期,
宅地(土地と建物),成約価格情報,,13121,東京都,足立区,伊興本町,竹ノ塚,10,64000000,,90,,,,95,2025年,木造,,,南西,公道,4,１低住専,60,100,2026年第1四半期,
宅地(土地と建物),成約価格情報,,13121,東京都,足立区,伊興本町,竹ノ塚,10,65000000,,85,,,,85,2025年,木造,,,南東,公道,6,１低住専,60,100,2026年第1四半期,
宅地(土地と建物),成約価格情報,,13121,東京都,足立区,梅島,梅島,5,49000000,,75,,,,100,2011年,木造,,,南西,私道,5,１種住居,60,200,2026年第1四半期,
宅地(土地と建物),成約価格情報,,13121,東京都,足立区,梅島,西新井,5,3700000,,30,,,,35,1962年,木造,,,,,0,準工業,60,200,2026年第1四半期,
宅地(土地と建物),成約価格情報,,13121,東京都,足立区,梅島,梅島,10,22000000,,50,,,,55,1968年,木造,,,北,公道,8.7,準工業,60,200,2026年第1四半期,
宅地(土地と建物),成約価格情報,,13121,東京都,足立区,梅島,梅島,5,33000000,,40,,,,50,1976年,木造,,,南西,私道,4,１種住居,60,160,2026年第1四半期,
宅地(土地と建物),成約価格情報,,13121,東京都,足立区,興野,高野(東京),10,54000000,,110,,,,95,2014年,木造,,,南,私道,4.5,１中住専,60,200,2026年第1四半期,
宅地(土地と建物),成約価格情報,,13121,東京都,足立区,興野,高野(東京),10,46000000,,70,,,,80,2024年,木造,,,南,私道,4,１中住専,60,200,2026年第1四半期,
宅地(土地と建物),成約価格情報,,13121,東京都,足立区,興野,高野(東京),10,49000000,,70,,,,90,2024年,木造,,,東,公道,6.3,１中住専,70,200,2026年第1四半期,
宅地(土地と建物),成約価格情報,,13121,東京都,足立区,興野,高野(東京),20,36000000,,35,,,,70,2026年,木造,,,,,,準工業,80,200,2026年第1四半期,
宅地(土地と建物),成約価格情報,,13121,東京都,足立区,加平,北綾瀬,10,44000000,,85,,,,95,2012年,木造,,,西,公道,12.9,１種住居,60,300,2026年第1四半期,
宅地(土地と建物),成約価格情報,,13121,東京都,足立区,加平,北綾瀬,10,32000000,,70,,,,75,2005年,木造,,,東,公道,9.4,準工業,60,200,2026年第1四半期,
宅地(土地と建物),成約価格情報,,13121,東京都,足立区,加平,北綾瀬,10,14000000,,35,,,,45,1978年,木造,,,北,公道,4.8,準工業,60,200,2026年第1四半期,
宅地(土地と建物),成約価格情報,,13121,東京都,足立区,江北,江北(東京),5,53000000,,70,,,,120,2025年,木造,,,,公道,4.5,準工業,60,200,2026年第1四半期,
宅地(土地と建物),成約価格情報,,13121,東京都,足立区,江北,江北(東京),20,44000000,,65,,,,90,2026年,木造,,,南西,私道,4,１種住居,60,160,2026年第1四半期,
宅地(土地と建物),成約価格情報,,13121,東京都,足立区,江北,西新井大師西,10,62000000,,95,,,,105,2026年,木造,,,,,,１種住居,60,300,2026年第1四半期,
宅地(土地と建物),成約価格情報,,13121,東京都,足立区,江北,西新井大師西,10,57000000,,95,,,,105,2026年,木造,,,,,,１種住居,,,2026年第1四半期,
宅地(土地と建物),成約価格情報,,13121,東京都,足立区,江北,西新井大師西,10,60000000,,95,,,,105,2026年,木造,,,,,,１種住居,,,2026年第1四半期,
宅地(土地と建物),成約価格情報,,13121,東京都,足立区,江北,江北(東京),5,70000000,,80,,,,130,2026年,木造,,,,,,１中住専,60,200,2026年第1四半期,
宅地(土地と建物),成約価格情報,,13121,東京都,足立区,江北,江北(東京),15,48000000,,100,,,,110,2017年,木造,,,,私道,,１種住居,60,200,2026年第1四半期,
宅地(土地と建物),成約価格情報,,13121,東京都,足立区,江北,江北(東京),15,46000000,,165,,,,145,1979年,木造,,,,,,近隣商業,80,300,2026年第1四半期,
宅地(土地と建物),成約価格情報,,13121,東京都,足立区,佐野,北綾瀬,20,50000000,,75,,,,120,2025年,木造,,,,,,２中住専,60,200,2026年第1四半期,
宅地(土地と建物),成約価格情報,,13121,東京都,足立区,佐野,北綾瀬,25,27000000,,90,,,,95,1998年,木造,,,北東,公道,7,２中住専,60,200,2026年第1四半期,
宅地(土地と建物),成約価格情報,,13121,東京都,足立区,佐野,亀有,,19000000,,70,,,,70,1995年,木造,,,南東,私道,4,１中住専,60,160,2026年第1四半期,
宅地(土地と建物),成約価格情報,,13121,東京都,足立区,新田,王子神谷,15,38000000,,70,,,,100,1994年,鉄骨造,,,南,公道,3.6,準工業,60,200,2026年第1四半期,
宅地(土地と建物),成約価格情報,,13121,東京都,足立区,新田,王子神谷,15,62000000,,80,,,,110,2026年,木造,,,,,,準工業,60,200,2026年第1四半期,
宅地(土地と建物),成約価格情報,,13121,東京都,足立区,千住東,北千住,5,24000000,,30,,,,40,1974年,木造,,,南西,公道,7.2,近隣商業,80,300,2026年第1四半期,
宅地(土地と建物),成約価格情報,,13121,東京都,足立区,竹の塚,竹ノ塚,10,96000000,,145,,,,240,1999年,軽量鉄骨造,,,南東,公道,5.9,１種住居,60,300,2026年第1四半期,
宅地(土地と建物),成約価格情報,,13121,東京都,足立区,竹の塚,竹ノ塚,10,18000000,,45,,,,55,1973年,木造,,,,,,準工業,60,200,2026年第1四半期,
宅地(土地と建物),成約価格情報,,13121,東京都,足立区,東和,亀有,15,2000000,,25,,,,30,1966年,木造,,,,,,近隣商業,80,300,2026年第1四半期,
宅地(土地と建物),成約価格情報,,13121,東京都,足立区,東和,北綾瀬,15,52000000,,55,,,,85,2025年,木造,,,北,私道,4,１種住居,70,160,2026年第1四半期,
宅地(土地と建物),成約価格情報,,13121,東京都,足立区,東和,亀有,15,67000000,,80,,,,130,2025年,木造,,,,,,１種住居,60,300,2026年第1四半期,
宅地(土地と建物),成約価格情報,,13121,東京都,足立区,東和,亀有,15,45000000,,60,,,,75,2025年,木造,,,北,私道,4,１種住居,60,300,2026年第1四半期,
宅地(土地と建物),成約価格情報,,13121,東京都,足立区,西新井,西新井大師西,10,44000000,,50,,,,90,2021年,木造,,,西,公道,6,１種住居,60,300,2026年第1四半期,
宅地(土地と建物),成約価格情報,,13121,東京都,足立区,西新井,大師前,10,42000000,,70,,,,80,2021年,木造,,,,,,近隣商業,60,300,2026年第1四半期,
宅地(土地と建物),成約価格情報,,13121,東京都,足立区,西新井,大師前,10,51000000,,75,,,,85,2026年,木造,,,南西,私道,4,１種住居,60,160,2026年第1四半期,
宅地(土地と建物),成約価格情報,,13121,東京都,足立区,西新井本町,大師前,10,84000000,,135,,,,185,2023年,木造,,,北西,私道,4,１種住居,80,160,2026年第1四半期,
宅地(土地と建物),成約価格情報,,13121,東京都,足立区,西新井本町,江北(東京),15,54000000,,80,,,,115,2025年,木造,,,東,私道,5,１種住居,80,200,2026年第1四半期,
宅地(土地と建物),成約価格情報,,13121,東京都,足立区,西新井本町,江北(東京),15,55000000,,75,,,,100,2025年,木造,,,西,私道,5,１種住居,80,200,2026年第1四半期,
宅地(土地と建物),成約価格情報,,13121,東京都,足立区,西新井本町,西新井,15,44000000,,40,,,,70,2026年,木造,,,西,公道,5,準工業,80,200,2026年第1四半期,
宅地(土地と建物),成約価格情報,,13121,東京都,足立区,西新井本町,西新井,15,43000000,,35,,,,75,2026年,木造,,,西,公道,5,準工業,80,200,2026年第1四半期,
宅地(土地と建物),成約価格情報,,13121,東京都,足立区,西新井本町,西新井,15,65000000,,70,,,,130,2026年,木造,,,北,公道,5.4,準工業,90,200,2026年第1四半期,
宅地(土地と建物),成約価格情報,,13121,東京都,足立区,西新井本町,江北(東京),15,40000000,,50,,,,85,2026年,木造,,,,,,１種住居,80,200,2026年第1四半期,
宅地(土地と建物),成約価格情報,,13121,東京都,足立区,西竹の塚,竹ノ塚,5,20000000,,65,,,,40,1980年,木造,,,,,,１低住専,50,150,2026年第1四半期,
宅地(土地と建物),成約価格情報,,13121,東京都,足立区,西竹の塚,竹ノ塚,5,110000000,,155,,,,130,2009年,木造,,,北,,4,近隣商業,80,300,2026年第1四半期,
宅地(土地と建物),成約価格情報,,13121,東京都,足立区,西竹の塚,竹ノ塚,10,35000000,,70,,,,80,1983年,木造,,,北西,公道,3.9,１低住専,50,150,2026年第1四半期,
宅地(土地と建物),成約価格情報,,13121,東京都,足立区,東伊興,竹ノ塚,20,45000000,,90,,,,90,2026年,木造,,,,私道,,１低住専,50,150,2026年第1四半期,
宅地(土地と建物),成約価格情報,,13121,東京都,足立区,東伊興,竹ノ塚,10,48000000,,90,,,,85,2010年,木造,,,北,私道,4.5,１低住専,50,150,2026年第1四半期,
宅地(土地と建物),成約価格情報,,13121,東京都,足立区,東伊興,竹ノ塚,20,30000000,,50,,,,65,2026年,木造,,,西,私道,4,１低住専,50,150,2026年第1四半期,
宅地(土地と建物),成約価格情報,,13121,東京都,足立区,本木,西新井,25,51000000,,110,,,,90,2026年,木造,,,,私道,,準工業,80,200,2026年第1四半期,
宅地(土地と建物),成約価格情報,,13121,東京都,足立区,本木南町,扇大橋,15,46000000,,70,,,,105,2025年,木造,,,西,公道,4.5,準工業,100,200,2026年第1四半期,
宅地(土地と建物),成約価格情報,,13121,東京都,足立区,本木南町,扇大橋,20,36000000,,105,,,,150,1994年,鉄骨造,,,南,公道,4.6,近隣商業,80,276,2026年第1四半期,
宅地(土地と建物),成約価格情報,,13121,東京都,足立区,本木南町,扇大橋,20,48000000,,80,,,,125,2026年,木造,,,,,,準工業,90,200,2026年第1四半期,
宅地(土地と建物),成約価格情報,,13121,東京都,足立区,本木南町,扇大橋,15,50000000,,90,,,,115,2026年,木造,,,,,,準工業,80,200,2026年第1四半期,
宅地(土地と建物),成約価格情報,,13121,東京都,足立区,本木南町,扇大橋,15,45000000,,75,,,,105,2026年,木造,,,東,公道,4,準工業,80,200,2026年第1四半期,
宅地(土地と建物),成約価格情報,,13121,東京都,足立区,谷中,北綾瀬,10,26000000,,70,,,,65,1994年,木造,,,北西,私道,4,１中住専,60,300,2026年第1四半期,
宅地(土地と建物),成約価格情報,,13121,東京都,足立区,柳原,北千住,10,47000000,,40,,,,65,2021年,木造,,,西,私道,2,準工業,80,300,2026年第1四半期,
宅地(土地と建物),成約価格情報,,13121,東京都,足立区,伊興,竹ノ塚,15,90000000,,240,,,,175,2005年,木造,,,,公道,4,１低住専,60,150,2026年第1四半期,
宅地(土地と建物),成約価格情報,,13121,東京都,足立区,伊興,竹ノ塚,15,52000000,,100,,,,105,2002年,木造,,,東,公道,5.5,１中住専,60,200,2026年第1四半期,
宅地(土地と建物),成約価格情報,,13121,東京都,足立区,伊興,竹ノ塚,10,58000000,,100,,,,100,2026年,木造,,,,,,１中住専,60,200,2026年第1四半期,
宅地(土地と建物),成約価格情報,,13121,東京都,足立区,伊興,竹ノ塚,10,57000000,,110,,,,100,2026年,木造,,,,,,１中住専,60,200,2026年第1四半期,
宅地(土地と建物),成約価格情報,,13121,東京都,足立区,大谷田,北綾瀬,15,53000000,,90,,,,100,2016年,木造,,,西,公道,8,１種住居,60,200,2026年第1四半期,
宅地(土地と建物),成約価格情報,,13121,東京都,足立区,大谷田,北綾瀬,10,38000000,,40,,,,60,2025年,木造,,,南東,私道,4,２中住専,60,200,2026年第1四半期,
宅地(土地と建物),成約価格情報,,13121,東京都,足立区,大谷田,北綾瀬,10,39000000,,70,,,,80,2003年,木造,,,西,公道,7,１種住居,60,200,2026年第1四半期,
宅地(土地と建物),成約価格情報,,13121,東京都,足立区,大谷田,北綾瀬,20,32000000,,55,,,,70,2004年,木造,,,西,私道,2.9,準工業,60,200,2026年第1四半期,
宅地(土地と建物),成約価格情報,,13121,東京都,足立区,大谷田,亀有,20,45000000,,65,,,,105,2018年,木造,,,南東,公道,4,準工業,60,200,2026年第1四半期,
宅地(土地と建物),成約価格情報,,13121,東京都,足立区,大谷田,北綾瀬,20,33000000,,70,,,,95,2012年,木造,,,北,公道,12,１種住居,60,200,2026年第1四半期,
宅地(土地と建物),成約価格情報,,13121,東京都,足立区,大谷田,北綾瀬,20,62000000,,85,,,,110,2026年,木造,,,南,公道,4,１中住専,70,160,2026年第1四半期,
宅地(土地と建物),成約価格情報,,13121,東京都,足立区,弘道,五反野,10,49000000,,60,,,,100,2019年,木造,,,北,公道,4,１中住専,60,160,2026年第1四半期,
宅地(土地と建物),成約価格情報,,13121,東京都,足立区,鹿浜,谷在家,10,46000000,,125,,,,105,1995年,軽量鉄骨造,,,南,公道,6,１種住居,60,200,2026年第1四半期,
宅地(土地と建物),成約価格情報,,13121,東京都,足立区,鹿浜,西新井大師西,30分～60分,39000000,,95,,,,95,2014年,木造,,,南,公道,6,１種住居,70,200,2026年第1四半期,
宅地(土地と建物),成約価格情報,,13121,東京都,足立区,鹿浜,谷在家,10,43000000,,80,,,,80,2006年,木造,,,南,公道,6,１種住居,60,200,2026年第1四半期,
宅地(土地と建物),成約価格情報,,13121,東京都,足立区,島根,西新井,10,50000000,,65,,,,90,2019年,木造,,,西,私道,4,１中住専,60,160,2026年第1四半期,
宅地(土地と建物),成約価格情報,,13121,東京都,足立区,舎人,見沼代親水公園,10,48000000,,75,,,,105,2020年,木造,,,東,公道,15.2,１中住専,80,200,2026年第1四半期,
宅地(土地と建物),成約価格情報,,13121,東京都,足立区,舎人,舎人,5,45000000,,90,,,,85,2020年,木造,,,南,私道,4.5,１中住専,50,150,2026年第1四半期,
宅地(土地と建物),成約価格情報,,13121,東京都,足立区,舎人,見沼代親水公園,15,51000000,,70,,,,95,2026年,木造,,,北東,公道,7.4,１低住専,50,150,2026年第1四半期,
宅地(土地と建物),成約価格情報,,13121,東京都,足立区,西伊興,舎人公園,15,41000000,,125,,,,105,2003年,木造,,,南,公道,15.9,１種住居,60,300,2026年第1四半期,
宅地(土地と建物),成約価格情報,,13121,東京都,足立区,西伊興,谷在家,15,53000000,,95,,,,95,2025年,木造,,,,公道,7.4,１低住専,50,150,2026年第1四半期,
宅地(土地と建物),成約価格情報,,13121,東京都,足立区,西伊興,舎人公園,15,43000000,,55,,,,90,2026年,木造,,,南,私道,4,１中住専,50,150,2026年第1四半期,
宅地(土地と建物),成約価格情報,,13121,東京都,足立区,西伊興,谷在家,10,13000000,,50,,,,25,2011年,軽量鉄骨造,,,西,公道,7,１低住専,50,150,2026年第1四半期,
宅地(土地と建物),成約価格情報,,13121,東京都,足立区,花畑,谷塚,30分～60分,33000000,,105,,,,95,2006年,木造,,,西,公道,,１種住居,60,300,2026年第1四半期,
宅地(土地と建物),成約価格情報,,13121,東京都,足立区,花畑,谷塚,25,43000000,,85,,,,95,2025年,木造,,,西,公道,11.9,１種住居,60,200,2026年第1四半期,
宅地(土地と建物),成約価格情報,,13121,東京都,足立区,花畑,谷塚,25,35000000,,100,,,,100,2008年,木造,,,南,公道,6,１中住専,60,200,2026年第1四半期,
宅地(土地と建物),成約価格情報,,13121,東京都,足立区,花畑,竹ノ塚,,32000000,,105,,,,115,1986年,木造,,,南,公道,6,１中住専,70,200,2026年第1四半期,
宅地(土地と建物),成約価格情報,,13121,東京都,足立区,花畑,谷塚,,37000000,,75,,,,85,2017年,木造,,,東,公道,6,１中住専,60,200,2026年第1四半期,
宅地(土地と建物),成約価格情報,,13121,東京都,足立区,一ツ家,六町,25,41000000,,80,,,,80,2019年,木造,,,,,,２中住専,60,200,2026年第1四半期,
宅地(土地と建物),成約価格情報,,13121,東京都,足立区,一ツ家,六町,15,49000000,,85,,,,95,2010年,木造,,,東,公道,6,１中住専,60,200,2026年第1四半期,
宅地(土地と建物),成約価格情報,,13121,東京都,足立区,一ツ家,六町,15,52000000,,85,,,,100,2020年,木造,,,西,公道,6,準住居,60,240,2026年第1四半期,
宅地(土地と建物),成約価格情報,,13121,東京都,足立区,平野,六町,15,45000000,,110,,,,105,2016年,木造,,,北西,公道,5,１中住専,50,150,2026年第1四半期,
宅地(土地と建物),成約価格情報,,13121,東京都,足立区,平野,六町,20,44000000,,90,,,,90,2014年,木造,,,北,公道,4,１低住専,50,150,2026年第1四半期,
宅地(土地と建物),成約価格情報,,13121,東京都,足立区,六月,西新井,20,32000000,,70,,,,80,1997年,木造,,,西,公道,6,１中住専,60,200,2026年第1四半期,
宅地(土地と建物),成約価格情報,,13121,東京都,足立区,青井,青井,15,12000000,,55,,,,40,1966年,木造,,,,,,準工業,60,200,2026年第1四半期,
宅地(土地と建物),成約価格情報,,13121,東京都,足立区,青井,青井,5,60000000,,105,,,,115,2002年,軽量鉄骨造,,,南,公道,6,１中住専,60,200,2026年第1四半期,
宅地(土地と建物),成約価格情報,,13121,東京都,足立区,青井,青井,10,66000000,,70,,,,125,2026年,木造,,,北東,公道,5,１中住専,60,200,2026年第1四半期,
宅地(土地と建物),成約価格情報,,13121,東京都,足立区,青井,青井,15,55000000,,60,,,,100,2026年,木造,,,東,私道,4,１中住専,60,160,2026年第1四半期,
宅地(土地と建物),成約価格情報,,13121,東京都,足立区,青井,青井,5,33000000,,70,,,,70,2001年,木造,,,東,公道,8.6,準工業,60,200,2026年第1四半期,
宅地(土地と建物),成約価格情報,,13121,東京都,足立区,青井,青井,15,45000000,,80,,,,110,2026年,木造,,,,私道,,１種住居,60,200,2026年第1四半期,
宅地(土地と建物),成約価格情報,,13121,東京都,足立区,青井,青井,15,54000000,,75,,,,105,2017年,木造,,,,私道,5,１中住専,60,200,2026年第1四半期,
宅地(土地と建物),成約価格情報,,13121,東京都,足立区,足立,五反野,10,67000000,,85,,,,95,2023年,木造,,,東,私道,3.8,準工業,80,240,2026年第1四半期,
宅地(土地と建物),成約価格情報,,13121,東京都,足立区,加賀,谷在家,20,16000000,,55,,,,60,1993年,木造,,,北,私道,4,１種住居,60,160,2026年第1四半期,
宅地(土地と建物),成約価格情報,,13121,東京都,足立区,神明,八潮,25,49000000,,115,,,,100,2026年,木造,,,西,公道,5,１低住専,50,150,2026年第1四半期,
宅地(土地と建物),成約価格情報,,13121,東京都,足立区,神明南,六町,20,26000000,,90,,,,95,1979年,木造,,,北,私道,4,１種住居,60,200,2026年第1四半期,
宅地(土地と建物),成約価格情報,,13121,東京都,足立区,神明南,北綾瀬,20,58000000,,110,,,,120,2025年,木造,,,南,私道,4,１低住専,50,150,2026年第1四半期,
宅地(土地と建物),成約価格情報,,13121,東京都,足立区,神明南,北綾瀬,20,55000000,,95,,,,90,2026年,木造,,,南,公道,4,１低住専,50,150,2026年第1四半期,
宅地(土地と建物),成約価格情報,,13121,東京都,足立区,千住大川町,北千住,20,27000000,,45,,,,60,1988年,木造,,,南,私道,3.2,準工業,80,240,2026年第1四半期,
宅地(土地と建物),成約価格情報,,13121,東京都,足立区,千住大川町,北千住,20,28000000,,55,,,,75,1994年,木造,,,北,公道,6,１種住居,80,300,2026年第1四半期,
宅地(土地と建物),成約価格情報,,13121,東京都,足立区,千住寿町,北千住,15,49000000,,55,,,,75,2015年,木造,,,南,私道,2,１種住居,80,240,2026年第1四半期,
宅地(土地と建物),成約価格情報,,13121,東京都,足立区,千住関屋町,牛田(東京),15,57000000,,70,,,,105,2003年,木造,,,東,私道,4,工業,60,200,2026年第1四半期,
宅地(土地と建物),成約価格情報,,13121,東京都,足立区,中央本町,梅島,20,60000000,,95,,,,100,2026年,木造,,,南,公道,4,準工業,60,240,2026年第1四半期,
宅地(土地と建物),成約価格情報,,13121,東京都,足立区,中央本町,梅島,15,40000000,,100,,,,225,1999年,鉄骨造,,,北,公道,9.5,近隣商業,80,300,2026年第1四半期,
宅地(土地と建物),成約価格情報,,13121,東京都,足立区,西綾瀬,五反野,10,39000000,,75,,,,85,2012年,木造,,,西,,4.1,１中住専,60,166,2026年第1四半期,
宅地(土地と建物),成約価格情報,,13121,東京都,足立区,西新井栄町,西新井,10,12000000,,35,,,,50,1965年,木造,,,南,私道,1.8,準工業,80,200,2026年第1四半期,
宅地(土地と建物),成約価格情報,,13121,東京都,足立区,西保木間,竹ノ塚,20,44000000,,75,,,,100,2018年,木造,,,,,,準工業,60,200,2026年第1四半期,
宅地(土地と建物),成約価格情報,,13121,東京都,足立区,宮城,小台,20,49000000,,60,,,,115,2026年,木造,,,北,公道,6,準工業,60,200,2026年第1四半期,
宅地(土地と建物),成約価格情報,,13121,東京都,足立区,宮城,小台,20,49000000,,55,,,,105,2026年,木造,,,北,公道,6,準工業,60,200,2026年第1四半期,
宅地(土地と建物),成約価格情報,,13121,東京都,足立区,六木,八潮,,56000000,,100,,,,105,2025年,木造,,,南,公道,6,１中住専,60,200,2026年第1四半期,
宅地(土地と建物),成約価格情報,,13121,東京都,足立区,六木,北綾瀬,25,35000000,,85,,,,100,2020年,木造,,,東,公道,7,１中住専,60,200,2026年第1四半期,
宅地(土地と建物),成約価格情報,,13121,東京都,足立区,六木,八潮,25,41000000,,80,,,,90,2024年,木造,,,北,公道,16,１種住居,60,300,2026年第1四半期,
宅地(土地と建物),成約価格情報,,13121,東京都,足立区,六木,八潮,25,42000000,,80,,,,80,2024年,木造,,,北,公道,16,１種住居,60,300,2026年第1四半期,
宅地(土地と建物),成約価格情報,,13121,東京都,足立区,六木,八潮,,37000000,,110,,,,95,2005年,木造,,,西,公道,7,１種住居,60,270,2026年第1四半期,
宅地(土地と建物),成約価格情報,,13121,東京都,足立区,六木,八潮,,42000000,,85,,,,95,2025年,木造,,,南,公道,4.5,１低住専,60,150,2026年第1四半期,
宅地(土地と建物),不動産取引価格情報,住宅地,13121,東京都,足立区,伊興,竹ノ塚,6,16000000,,45,,ほぼ台形,,55,1975年,木造,住宅,住宅,東,私道,1.5,１中住専,60,200,2026年第1四半期,
宅地(土地),不動産取引価格情報,商業地,13121,東京都,足立区,入谷,舎人,15,400000000,2000000,660,600000,ほぼ長方形,28.4,,,,,,北,区道,16,１種住居,60,300,2026年第1四半期,
宅地(土地と建物),不動産取引価格情報,住宅地,13121,東京都,足立区,梅島,梅島,5,30000000,,65,,袋地等,2.5,80,2000年,木造,住宅,住宅,北,区道,5.9,１種住居,60,300,2026年第1四半期,
宅地(土地),不動産取引価格情報,住宅地,13121,東京都,足立区,梅島,西新井,8,42000000,1400000,100,420000,長方形,8.2,,,,,その他,南,私道,3.5,準工業,60,200,2026年第1四半期,
宅地(土地),不動産取引価格情報,住宅地,13121,東京都,足立区,梅田,梅島,9,20000000,290000,230,88000,ほぼ長方形,11,,,,,,南,私道,4,工業,60,200,2026年第1四半期,
宅地(土地と建物),不動産取引価格情報,住宅地,13121,東京都,足立区,興野,高野(東京),11,100000000,,120,,ほぼ長方形,6.2,190,2025年,木造,共同住宅,住宅,北,区道,4.5,準工業,80,200,2026年第1四半期,
宅地(土地),不動産取引価格情報,住宅地,13121,東京都,足立区,小台,足立小台,14,29000000,870000,110,260000,ほぼ整形,8.3,,,,,住宅,東,区道,4,準工業,60,200,2026年第1四半期,
宅地(土地と建物),不動産取引価格情報,住宅地,13121,東京都,足立区,加平,北綾瀬,4,20000000,,70,,ほぼ長方形,10.9,65,1974年,木造,住宅,住宅,南,私道,4,準住居,60,400,2026年第1四半期,私道を含む取引
宅地(土地),不動産取引価格情報,商業地,13121,東京都,足立区,栗原,大師前,14,31000000,1600000,65,500000,ほぼ長方形,4.6,,,,,住宅,西,区道,10.7,近隣商業,80,300,2026年第1四半期,
宅地(土地),不動産取引価格情報,住宅地,13121,東京都,足立区,鹿浜,西新井大師西,23,23000000,970000,80,290000,長方形,,,,,,住宅,南,私道,4,１種住居,60,200,2026年第1四半期,隣地の購入、私道を含む取引
宅地(土地と建物),不動産取引価格情報,住宅地,13121,東京都,足立区,島根,梅島,12,53000000,,85,,ほぼ台形,8.6,95,2017年,木造,住宅,住宅,東,私道,3.8,１中住専,60,200,2026年第1四半期,
宅地(土地と建物),不動産取引価格情報,住宅地,13121,東京都,足立区,島根,西新井,15,51000000,,75,,ほぼ台形,9.9,90,2026年,木造,住宅,住宅,北東,区道,5.5,１中住専,60,200,2026年第1四半期,
宅地(土地と建物),不動産取引価格情報,住宅地,13121,東京都,足立区,神明南,北綾瀬,18,60000000,,110,,長方形,5.6,100,2025年,木造,住宅,住宅,南,区道,4,１種住居,60,300,2026年第1四半期,
宅地(土地と建物),不動産取引価格情報,住宅地,13121,東京都,足立区,神明南,北千住,18,39000000,,65,,ほぼ整形,7.4,85,2026年,木造,住宅,住宅,南,私道,4,１低住専,50,150,2026年第1四半期,
宅地(土地と建物),不動産取引価格情報,住宅地,13121,東京都,足立区,関原,西新井,15,67000000,,100,,長方形,8.6,100,2025年,木造,住宅,住宅,南,区道,4,準工業,80,200,2026年第1四半期,
宅地(土地と建物),不動産取引価格情報,住宅地,13121,東京都,足立区,千住旭町,北千住,4,29000000,,50,,ほぼ長方形,9.2,,,,,,東,区道,3.3,１種住居,80,300,2026年第1四半期,
宅地(土地と建物),不動産取引価格情報,住宅地,13121,東京都,足立区,千住東,北千住,5,170000000,,65,,ほぼ台形,7.5,175,2018年,ＲＣ,共同住宅,住宅,西,区道,4.3,準工業,80,300,2026年第1四半期,
宅地(土地),不動産取引価格情報,商業地,13121,東京都,足立区,千住河原町,千住大橋,6,18000000,600000,100,180000,不整形,2.3,,,,,住宅,接面道路無,,,近隣商業,80,300,2026年第1四半期,
宅地(土地と建物),不動産取引価格情報,住宅地,13121,東京都,足立区,千住寿町,北千住,11,49000000,,60,,ほぼ台形,5.8,75,2015年,木造,住宅,,南,私道,2,１種住居,80,300,2026年第1四半期,私道を含む取引
宅地(土地と建物),不動産取引価格情報,住宅地,13121,東京都,足立区,千住緑町,千住大橋,11,47000000,,55,,ほぼ長方形,7.9,100,2011年,木造,住宅,住宅,北,区道,7.2,準工業,60,300,2026年第1四半期,
宅地(土地と建物),不動産取引価格情報,住宅地,13121,東京都,足立区,千住緑町,千住大橋,7,130000000,,135,,ほぼ整形,13.5,330,1986年,ＲＣ,共同住宅,住宅,北西,区道,7.4,準工業,60,300,2026年第1四半期,
宅地(土地),不動産取引価格情報,住宅地,13121,東京都,足立区,千住宮元町,北千住,14,110000000,2700000,135,820000,ほぼ台形,10.4,,,,,住宅,北,区道,5.5,準工業,60,400,2026年第1四半期,
宅地(土地と建物),不動産取引価格情報,住宅地,13121,東京都,足立区,東和,亀有,13,39000000,,45,,ほぼ長方形,4.7,70,2025年,木造,住宅,住宅,北,私道,3.8,１種住居,60,300,2026年第1四半期,
宅地(土地と建物),不動産取引価格情報,住宅地,13121,東京都,足立区,東和,北綾瀬,10,57000000,,75,,不整形,3,100,2026年,木造,住宅,住宅,北東,私道,4,１種住居,60,300,2026年第1四半期,
宅地(土地と建物),不動産取引価格情報,住宅地,13121,東京都,足立区,舎人,見沼代親水公園,3,69000000,,130,,ほぼ整形,11,105,2025年,木造,住宅,住宅,南,区道,7.3,１低住専,50,150,2026年第1四半期,
宅地(土地と建物),不動産取引価格情報,住宅地,13121,東京都,足立区,舎人,見沼代親水公園,3,43000000,,90,,不整形,8.9,90,2018年,木造,住宅,住宅,南,区道,5.1,１中住専,50,150,2026年第1四半期,
宅地(土地と建物),不動産取引価格情報,住宅地,13121,東京都,足立区,中川,亀有,11,47000000,,80,,袋地等,2.5,100,2014年,木造,住宅,住宅,北,私道,4,１中住専,60,200,2026年第1四半期,
宅地(土地と建物),不動産取引価格情報,住宅地,13121,東京都,足立区,西綾瀬,小菅,6,61000000,,80,,ほぼ長方形,7,90,2025年,木造,住宅,住宅,南,区道,7.3,１種住居,60,200,2026年第1四半期,
宅地(土地と建物),不動産取引価格情報,住宅地,13121,東京都,足立区,西綾瀬,五反野,9,74000000,,80,,長方形,4.8,100,2025年,木造,住宅,住宅,南,私道,4,１中住専,60,200,2026年第1四半期,私道を含む取引
宅地(土地と建物),不動産取引価格情報,住宅地,13121,東京都,足立区,西新井本町,西新井,15,58000000,,60,,ほぼ長方形,5.7,100,2025年,木造,住宅,住宅,東,道路,4,準工業,80,200,2026年第1四半期,
宅地(土地),不動産取引価格情報,住宅地,13121,東京都,足立区,西伊興,舎人公園,9,220000000,810000,880,240000,ほぼ長方形,,,,,,,北,区道,7.4,１低住専,50,150,2026年第1四半期,
宅地(土地),不動産取引価格情報,住宅地,13121,東京都,足立区,西伊興,舎人公園,9,120000000,1300000,310,390000,長方形,,,,,,事務所,南,都道,16,１種住居,60,300,2026年第1四半期,
宅地(土地と建物),不動産取引価格情報,住宅地,13121,東京都,足立区,西伊興,舎人公園,14,68000000,,110,,ほぼ長方形,6.4,95,2025年,木造,住宅,住宅,南,区道,11.4,１中住専,50,150,2026年第1四半期,
宅地(土地と建物),不動産取引価格情報,住宅地,13121,東京都,足立区,西伊興,舎人公園,12,53000000,,85,,ほぼ長方形,8.4,95,2025年,木造,住宅,住宅,北,私道,4.5,１中住専,50,150,2026年第1四半期,
宅地(土地),不動産取引価格情報,商業地,13121,東京都,足立区,西竹の塚,竹ノ塚,0,700000000,6600000,350,2000000,ほぼ台形,26.4,,,,,店舗,東,道路,9,商業,80,400,2026年第1四半期,
宅地(土地),不動産取引価格情報,商業地,13121,東京都,足立区,西竹の塚,竹ノ塚,12,100000000,2100000,165,620000,ほぼ台形,12.4,,,,,住宅,西,都道,20,準住居,60,300,2026年第1四半期,私道を含む取引
宅地(土地と建物),不動産取引価格情報,住宅地,13121,東京都,足立区,西保木間,竹ノ塚,16,57000000,,135,,不整形,5,100,2026年,木造,住宅,住宅,南,私道,4,準工業,60,200,2026年第1四半期,
宅地(土地と建物),不動産取引価格情報,住宅地,13121,東京都,足立区,東伊興,竹ノ塚,21,39000000,,85,,長方形,7.7,85,2018年,木造,住宅,住宅,南,私道,4,１低住専,50,150,2026年第1四半期,
宅地(土地と建物),不動産取引価格情報,住宅地,13121,東京都,足立区,東伊興,舎人,19,42000000,,50,,長方形,7,85,2026年,木造,住宅,住宅,東,私道,4,１低住専,50,150,2026年第1四半期,
宅地(土地),不動産取引価格情報,住宅地,13121,東京都,足立区,東六月町,竹ノ塚,23,250000000,1500000,550,450000,ほぼ長方形,12.5,,,,,その他,南,区道,7.6,１低住専,50,150,2026年第1四半期,
宅地(土地と建物),不動産取引価格情報,商業地,13121,東京都,足立区,東六月町,竹ノ塚,20,180000000,,300,,ほぼ長方形,12,280,1984年,鉄骨造,住宅、店舗,事務所,西,国道,25,近隣商業,80,400,2026年第1四半期,
宅地(土地と建物),不動産取引価格情報,住宅地,13121,東京都,足立区,日ノ出町,北千住,8,300000000,,110,,ほぼ長方形,7.1,290,2020年,ＲＣ,共同住宅,住宅,西,区道,7.3,準工業,60,300,2026年第1四半期,
宅地(土地と建物),不動産取引価格情報,住宅地,13121,東京都,足立区,南花畑,六町,16,360000000,,970,,台形,,610,1980年,鉄骨造,倉庫,工場,南,区道,15,準工業,60,300,2026年第1四半期,
宅地(土地),不動産取引価格情報,住宅地,13121,東京都,足立区,南花畑,六町,5,56000000,1900000,100,560000,長方形,5.7,,,,,住宅,南,区道,6,１中住専,60,200,2026年第1四半期,
宅地(土地と建物),不動産取引価格情報,住宅地,13121,東京都,足立区,南花畑,六町,19,100000000,,290,,長方形,,230,1990年,木造,共同住宅,住宅,東,区道,12,準工業,60,200,2026年第1四半期,
宅地(土地と建物),不動産取引価格情報,住宅地,13121,東京都,足立区,南花畑,六町,10,230000000,,220,,ほぼ長方形,9.3,340,2023年,軽量鉄骨造,共同住宅,住宅,西,区道,6,２中住専,60,200,2026年第1四半期,
宅地(土地),不動産取引価格情報,工業地,13121,東京都,足立区,宮城,扇大橋,19,60000000,490000,400,150000,ほぼ台形,,,,,,その他,東,区道,6,工業,60,300,2026年第1四半期,
宅地(土地と建物),不動産取引価格情報,住宅地,13121,東京都,足立区,六木,八潮,21,42000000,,85,,ほぼ長方形,8.7,95,2025年,木造,住宅,住宅,南,私道,4.5,１低住専,50,150,2026年第1四半期,
宅地(土地),不動産取引価格情報,商業地,13121,東京都,足立区,本木,扇大橋,18,42000000,1100000,120,350000,不整形,25.1,,,,,事務所,南,都道,20,準工業,80,300,2026年第1四半期,
宅地(土地と建物),成約価格情報,,13122,東京都,葛飾区,青戸,亀有,15,48000000,,75,,,,90,2026年,木造,,,,,,１中住専,60,200,2026年第1四半期,
宅地(土地と建物),成約価格情報,,13122,東京都,葛飾区,奥戸,小岩,,46000000,,75,,,,90,2019年,木造,,,東,公道,6,１中住専,60,200,2026年第1四半期,
宅地(土地と建物),成約価格情報,,13122,東京都,葛飾区,奥戸,小岩,20,48000000,,85,,,,95,2013年,木造,,,南,私道,4.5,１種住居,60,180,2026年第1四半期,
宅地(土地と建物),成約価格情報,,13122,東京都,葛飾区,奥戸,小岩,20,24000000,,60,,,,65,1976年,木造,,,南西,私道,4,１中住専,50,150,2026年第1四半期,
宅地(土地と建物),成約価格情報,,13122,東京都,葛飾区,奥戸,新小岩,25,22000000,,65,,,,75,1980年,木造,,,,,,１種住居,60,200,2026年第1四半期,
宅地(土地と建物),成約価格情報,,13122,東京都,葛飾区,新小岩,新小岩,10,80000000,,135,,,,145,1989年,木造,,,北,公道,6.3,１種住居,60,254,2026年第1四半期,
宅地(土地と建物),成約価格情報,,13122,東京都,葛飾区,新小岩,新小岩,10,110000000,,150,,,,180,2007年,木造,,,北東,私道,3.9,１種住居,70,160,2026年第1四半期,
宅地(土地と建物),成約価格情報,,13122,東京都,葛飾区,新小岩,新小岩,10,72000000,,70,,,,105,2008年,木造,,,南西,公道,6.4,１種住居,60,256,2026年第1四半期,
宅地(土地と建物),成約価格情報,,13122,東京都,葛飾区,東新小岩,新小岩,20,54000000,,70,,,,105,2021年,木造,,,東,私道,4,準工業,60,200,2026年第1四半期,
宅地(土地と建物),成約価格情報,,13122,東京都,葛飾区,東新小岩,新小岩,20,34000000,,75,,,,85,2001年,木造,,,,,,１種住居,60,200,2026年第1四半期,
宅地(土地と建物),成約価格情報,,13122,東京都,葛飾区,金町,金町,10,63000000,,60,,,,110,2026年,木造,,,北西,私道,3.1,２低住専,60,160,2026年第1四半期,
宅地(土地と建物),成約価格情報,,13122,東京都,葛飾区,金町,金町,15,61000000,,115,,,,95,2026年,木造,,,南東,公道,6,準工業,60,200,2026年第1四半期,
宅地(土地と建物),成約価格情報,,13122,東京都,葛飾区,金町,金町,15,60000000,,115,,,,95,2026年,木造,,,南東,公道,6,準工業,60,200,2026年第1四半期,
宅地(土地と建物),成約価格情報,,13122,東京都,葛飾区,金町,金町,10,65000000,,65,,,,110,2026年,木造,,,南東,公道,6.3,２低住専,60,200,2026年第1四半期,
宅地(土地と建物),成約価格情報,,13122,東京都,葛飾区,鎌倉,新柴又,15,55000000,,110,,,,100,2023年,木造,,,北西,私道,7.2,２低住専,50,150,2026年第1四半期,
宅地(土地と建物),成約価格情報,,13122,東京都,葛飾区,鎌倉,京成小岩,5,31000000,,85,,,,85,1969年,木造,,,,,,１種住居,60,200,2026年第1四半期,
宅地(土地と建物),成約価格情報,,13122,東京都,葛飾区,鎌倉,京成高砂,15,25000000,,80,,,,70,1978年,木造,,,,公道,,２低住専,,,2026年第1四半期,
宅地(土地と建物),成約価格情報,,13122,東京都,葛飾区,柴又,新柴又,5,40000000,,65,,,,70,2026年,木造,,,北東,公道,11,１中住専,60,200,2026年第1四半期,
宅地(土地と建物),成約価格情報,,13122,東京都,葛飾区,柴又,新柴又,5,46000000,,50,,,,90,2026年,木造,,,南西,公道,7.7,１中住専,60,200,2026年第1四半期,
宅地(土地と建物),成約価格情報,,13122,東京都,葛飾区,白鳥,お花茶屋,10,45000000,,75,,,,100,2026年,木造,,,,,,工業,60,200,2026年第1四半期,
宅地(土地と建物),成約価格情報,,13122,東京都,葛飾区,高砂,京成高砂,10,56000000,,60,,,,105,2025年,木造,,,北東,公道,11.7,１種住居,60,200,2026年第1四半期,
宅地(土地と建物),成約価格情報,,13122,東京都,葛飾区,高砂,京成高砂,10,63000000,,75,,,,110,2022年,木造,,,,,,２低住専,50,150,2026年第1四半期,
宅地(土地と建物),成約価格情報,,13122,東京都,葛飾区,高砂,京成高砂,10,30000000,,65,,,,70,1993年,木造,,,,私道,,１中住専,60,200,2026年第1四半期,
宅地(土地と建物),成約価格情報,,13122,東京都,葛飾区,高砂,京成高砂,10,13000000,,35,,,,45,1968年,木造,,,南,公道,4,１種住居,60,160,2026年第1四半期,
宅地(土地と建物),成約価格情報,,13122,東京都,葛飾区,新宿,金町,15,68000000,,160,,,,150,1994年,木造,,,北東,公道,15,１種住居,60,200,2026年第1四半期,
宅地(土地と建物),成約価格情報,,13122,東京都,葛飾区,新宿,亀有,20,45000000,,60,,,,90,2018年,木造,,,,,,１種住居,60,200,2026年第1四半期,
宅地(土地と建物),成約価格情報,,13122,東京都,葛飾区,新宿,亀有,20,30000000,,50,,,,75,2007年,木造,,,南,公道,9.5,１種住居,60,200,2026年第1四半期,
宅地(土地と建物),成約価格情報,,13122,東京都,葛飾区,新宿,京成高砂,15,46000000,,55,,,,90,2024年,木造,,,南西,公道,5.4,１種住居,60,200,2026年第1四半期,
宅地(土地と建物),成約価格情報,,13122,東京都,葛飾区,新宿,京成高砂,20,62000000,,70,,,,120,2026年,木造,,,南西,公道,5,１種住居,80,200,2026年第1四半期,
宅地(土地と建物),成約価格情報,,13122,東京都,葛飾区,新宿,亀有,20,65000000,,100,,,,115,2026年,木造,,,,,,１種住居,60,200,2026年第1四半期,
宅地(土地と建物),成約価格情報,,13122,東京都,葛飾区,新宿,亀有,20,67000000,,100,,,,110,2026年,木造,,,,,,１種住居,60,200,2026年第1四半期,
宅地(土地と建物),成約価格情報,,13122,東京都,葛飾区,西新小岩,新小岩,15,40000000,,70,,,,95,2000年,木造,,,西,公道,6,準工業,60,200,2026年第1四半期,
宅地(土地と建物),成約価格情報,,13122,東京都,葛飾区,西新小岩,新小岩,15,58000000,,70,,,,110,2025年,木造,,,東,私道,4,準工業,60,200,2026年第1四半期,
宅地(土地と建物),成約価格情報,,13122,東京都,葛飾区,西新小岩,新小岩,15,54000000,,70,,,,105,2018年,木造,,,,,,準工業,60,200,2026年第1四半期,
宅地(土地と建物),成約価格情報,,13122,東京都,葛飾区,西新小岩,新小岩,15,82000000,,70,,,,130,2026年,木造,,,北,私道,4.5,準工業,70,200,2026年第1四半期,
宅地(土地と建物),成約価格情報,,13122,東京都,葛飾区,西新小岩,新小岩,20,39000000,,105,,,,100,1989年,木造,,,北西,公道,3.9,準工業,70,200,2026年第1四半期,
宅地(土地と建物),成約価格情報,,13122,東京都,葛飾区,東立石,京成立石,10,22000000,,25,,,,40,1975年,木造,,,北,,4,準工業,60,200,2026年第1四半期,
宅地(土地と建物),成約価格情報,,13122,東京都,葛飾区,東立石,京成立石,10,35000000,,50,,,,85,1998年,木造,,,北,公道,6.3,準工業,60,200,2026年第1四半期,
宅地(土地と建物),成約価格情報,,13122,東京都,葛飾区,細田,京成高砂,10,27000000,,70,,,,65,1982年,木造,,,北東,私道,4,２低住専,50,150,2026年第1四半期,
宅地(土地と建物),成約価格情報,,13122,東京都,葛飾区,亀有,亀有,15,83000000,,70,,,,120,2025年,木造,,,,,,準工業,60,200,2026年第1四半期,
宅地(土地と建物),成約価格情報,,13122,東京都,葛飾区,亀有,亀有,10,70000000,,120,,,,215,1990年,鉄骨造,,,南,私道,3.9,準工業,60,200,2026年第1四半期,
宅地(土地と建物),成約価格情報,,13122,東京都,葛飾区,立石,京成立石,10,11000000,,45,,,,50,1976年,木造,,,,,,準工業,60,200,2026年第1四半期,
宅地(土地と建物),成約価格情報,,13122,東京都,葛飾区,西亀有,綾瀬,20,51000000,,120,,,,130,2003年,木造,,,南,公道,6,１中住専,60,200,2026年第1四半期,
宅地(土地と建物),成約価格情報,,13122,東京都,葛飾区,西亀有,亀有,15,60000000,,55,,,,110,2026年,木造,,,北,公道,6,１種住居,60,200,2026年第1四半期,
宅地(土地と建物),成約価格情報,,13122,東京都,葛飾区,西亀有,お花茶屋,15,53000000,,75,,,,95,2025年,木造,,,,,,１中住専,60,200,2026年第1四半期,
宅地(土地と建物),成約価格情報,,13122,東京都,葛飾区,西亀有,綾瀬,20,52000000,,70,,,,105,2016年,木造,,,北,公道,6,１中住専,60,200,2026年第1四半期,
宅地(土地と建物),成約価格情報,,13122,東京都,葛飾区,西亀有,亀有,15,52000000,,50,,,,80,2018年,木造,,,南,公道,4,１種住居,60,200,2026年第1四半期,
宅地(土地と建物),成約価格情報,,13122,東京都,葛飾区,西水元,金町,30分～60分,38000000,,175,,,,80,1979年,木造,,,,,15,２低住専,50,150,2026年第1四半期,
宅地(土地と建物),成約価格情報,,13122,東京都,葛飾区,西水元,金町,,44000000,,90,,,,95,2025年,木造,,,西,私道,5,２低住専,60,150,2026年第1四半期,
宅地(土地と建物),成約価格情報,,13122,東京都,葛飾区,西水元,金町,,39000000,,90,,,,80,2025年,木造,,,北,公道,7,２低住専,50,150,2026年第1四半期,
宅地(土地と建物),成約価格情報,,13122,東京都,葛飾区,西水元,金町,,37000000,,90,,,,85,2025年,木造,,,北,公道,7,２低住専,50,150,2026年第1四半期,
宅地(土地と建物),成約価格情報,,13122,東京都,葛飾区,西水元,亀有,,39000000,,140,,,,115,2002年,木造,,,東,私道,4.5,１低住専,50,100,2026年第1四半期,
宅地(土地と建物),成約価格情報,,13122,東京都,葛飾区,西水元,金町,,43000000,,90,,,,85,2025年,木造,,,北,私道,5,２低住専,50,150,2026年第1四半期,
宅地(土地と建物),成約価格情報,,13122,東京都,葛飾区,西水元,金町,,43000000,,90,,,,85,2025年,木造,,,北,私道,5,２低住専,50,150,2026年第1四半期,
宅地(土地と建物),成約価格情報,,13122,東京都,葛飾区,西水元,金町,,41000000,,90,,,,85,2026年,木造,,,西,私道,5,２低住専,50,150,2026年第1四半期,
宅地(土地と建物),成約価格情報,,13122,東京都,葛飾区,西水元,金町,,43000000,,90,,,,90,2025年,木造,,,北,私道,5,２低住専,50,150,2026年第1四半期,
宅地(土地と建物),成約価格情報,,13122,東京都,葛飾区,西水元,金町,30分～60分,26000000,,75,,,,80,2008年,木造,,,,,,２低住専,50,150,2026年第1四半期,
宅地(土地と建物),成約価格情報,,13122,東京都,葛飾区,西水元,金町,,23000000,,90,,,,105,1994年,木造,,,南,公道,7.6,２種住居,50,150,2026年第1四半期,
宅地(土地と建物),成約価格情報,,13122,東京都,葛飾区,西水元,金町,,28000000,,75,,,,70,2014年,木造,,,,私道,4.5,１低住専,50,100,2026年第1四半期,
宅地(土地と建物),成約価格情報,,13122,東京都,葛飾区,西水元,八潮,,38000000,,95,,,,90,2025年,木造,,,南西,公道,9,１低住専,50,100,2026年第1四半期,
宅地(土地と建物),成約価格情報,,13122,東京都,葛飾区,西水元,亀有,,35000000,,85,,,,85,2018年,木造,,,西,公道,5,２低住専,50,150,2026年第1四半期,
宅地(土地と建物),成約価格情報,,13122,東京都,葛飾区,西水元,八潮,30分～60分,35000000,,55,,,,90,2026年,木造,,,北,公道,,２低住専,50,150,2026年第1四半期,
宅地(土地と建物),成約価格情報,,13122,東京都,葛飾区,西水元,金町,,29000000,,100,,,,90,2013年,木造,,,,私道,4.5,１中住専,60,200,2026年第1四半期,
宅地(土地と建物),成約価格情報,,13122,東京都,葛飾区,西水元,亀有,,40000000,,125,,,,95,2002年,木造,,,南,公道,7,２低住専,50,150,2026年第1四半期,
宅地(土地と建物),成約価格情報,,13122,東京都,葛飾区,西水元,金町,,47000000,,90,,,,95,,木造,,,東,私道,5,２低住専,60,150,2026年第1四半期,
宅地(土地と建物),成約価格情報,,13122,東京都,葛飾区,東金町,金町,,50000000,,150,,,,100,2025年,木造,,,北西,公道,6,２低住専,40,200,2026年第1四半期,
宅地(土地と建物),成約価格情報,,13122,東京都,葛飾区,東金町,金町,,50000000,,165,,,,95,2023年,木造,,,西,公道,9.2,準工業,40,400,2026年第1四半期,
宅地(土地と建物),成約価格情報,,13122,東京都,葛飾区,東金町,金町,25,50000000,,95,,,,85,2026年,木造,,,北,私道,4.5,２低住専,60,200,2026年第1四半期,
宅地(土地と建物),成約価格情報,,13122,東京都,葛飾区,東金町,金町,25,48000000,,95,,,,90,2026年,木造,,,北,私道,4.5,２低住専,60,200,2026年第1四半期,
宅地(土地と建物),成約価格情報,,13122,東京都,葛飾区,東金町,金町,25,51000000,,95,,,,90,2026年,木造,,,南,私道,4.5,２低住専,60,200,2026年第1四半期,
宅地(土地と建物),成約価格情報,,13122,東京都,葛飾区,東金町,金町,25,50000000,,95,,,,90,2026年,木造,,,南,私道,4.5,２低住専,60,200,2026年第1四半期,
宅地(土地と建物),成約価格情報,,13122,東京都,葛飾区,東金町,金町,25,51000000,,95,,,,90,2026年,木造,,,南,私道,4.5,２低住専,60,200,2026年第1四半期,
宅地(土地と建物),成約価格情報,,13122,東京都,葛飾区,東金町,金町,25,50000000,,95,,,,90,2026年,木造,,,南,私道,4.5,２低住専,60,200,2026年第1四半期,
宅地(土地と建物),成約価格情報,,13122,東京都,葛飾区,東金町,金町,5,58000000,,70,,,,105,2012年,木造,,,南,公道,6,１種住居,60,300,2026年第1四半期,
宅地(土地と建物),成約価格情報,,13122,東京都,葛飾区,東金町,金町,10,5000000,,40,,,,40,1968年,木造,,,,,,１種住居,60,200,2026年第1四半期,
宅地(土地と建物),成約価格情報,,13122,東京都,葛飾区,東金町,金町,15,56000000,,55,,,,90,2025年,木造,,,北東,公道,6,１中住専,60,200,2026年第1四半期,
宅地(土地と建物),成約価格情報,,13122,東京都,葛飾区,東堀切,お花茶屋,10,59000000,,70,,,,95,2025年,木造,,,東,私道,4.3,１種住居,70,160,2026年第1四半期,
宅地(土地と建物),成約価格情報,,13122,東京都,葛飾区,東堀切,お花茶屋,5,8000000,,35,,,,40,1970年,木造,,,北東,公道,6,１種住居,60,200,2026年第1四半期,
宅地(土地と建物),成約価格情報,,13122,東京都,葛飾区,東堀切,お花茶屋,15,40000000,,55,,,,90,1997年,木造,,,東,公道,4,１種住居,60,200,2026年第1四半期,
宅地(土地と建物),成約価格情報,,13122,東京都,葛飾区,東水元,金町,,52000000,,150,,,,105,2025年,木造,,,南,私道,4,１低住専,40,80,2026年第1四半期,
宅地(土地と建物),成約価格情報,,13122,東京都,葛飾区,東水元,金町,30分～60分,30000000,,95,,,,90,2006年,木造,,,南,私道,4.5,２低住専,50,150,2026年第1四半期,
宅地(土地と建物),成約価格情報,,13122,東京都,葛飾区,東水元,金町,,39000000,,105,,,,80,2012年,木造,,,南,公道,4,１低住専,40,80,2026年第1四半期,
宅地(土地と建物),成約価格情報,,13122,東京都,葛飾区,堀切,堀切菖蒲園,5,50000000,,70,,,,85,2007年,木造,,,,,,準工業,60,200,2026年第1四半期,
宅地(土地と建物),成約価格情報,,13122,東京都,葛飾区,堀切,堀切菖蒲園,5,51000000,,55,,,,100,2026年,木造,,,南,私道,4,準工業,60,200,2026年第1四半期,
宅地(土地と建物),成約価格情報,,13122,東京都,葛飾区,堀切,堀切菖蒲園,5,46000000,,60,,,,85,2015年,木造,,,,,,１種住居,60,200,2026年第1四半期,
宅地(土地と建物),成約価格情報,,13122,東京都,葛飾区,水元,金町,,34000000,,85,,,,85,2015年,木造,,,,,,１中住専,60,200,2026年第1四半期,
宅地(土地と建物),成約価格情報,,13122,東京都,葛飾区,水元,亀有,25,40000000,,75,,,,100,2021年,木造,,,西,公道,9,１種住居,70,200,2026年第1四半期,
宅地(土地と建物),成約価格情報,,13122,東京都,葛飾区,水元,金町,,44000000,,85,,,,110,2026年,木造,,,,私道,4,１中住専,60,200,2026年第1四半期,
宅地(土地と建物),成約価格情報,,13122,東京都,葛飾区,水元,金町,,25000000,,80,,,,95,1985年,木造,,,北,私道,4,１中住専,60,200,2026年第1四半期,
宅地(土地と建物),成約価格情報,,13122,東京都,葛飾区,水元,金町,,43000000,,70,,,,110,2026年,木造,,,,,,１中住専,60,200,2026年第1四半期,
宅地(土地と建物),成約価格情報,,13122,東京都,葛飾区,水元,金町,,42000000,,105,,,,95,2026年,木造,,,西,公道,7,１中住専,60,200,2026年第1四半期,
宅地(土地と建物),成約価格情報,,13122,東京都,葛飾区,水元,金町,,46000000,,85,,,,95,2026年,木造,,,西,公道,7,１中住専,70,200,2026年第1四半期,
宅地(土地と建物),成約価格情報,,13122,東京都,葛飾区,水元,金町,,5000000,,40,,,,40,1965年,木造,,,,,,２低住専,50,150,2026年第1四半期,
宅地(土地と建物),成約価格情報,,13122,東京都,葛飾区,水元,金町,,45000000,,75,,,,100,2026年,木造,,,,,,１中住専,60,200,2026年第1四半期,
宅地(土地と建物),成約価格情報,,13122,東京都,葛飾区,水元,金町,,42000000,,60,,,,115,2026年,木造,,,,,,１中住専,60,200,2026年第1四半期,
宅地(土地と建物),成約価格情報,,13122,東京都,葛飾区,水元,金町,,45000000,,125,,,,120,2001年,鉄骨造,,,南,私道,4,１中住専,60,200,2026年第1四半期,
宅地(土地と建物),成約価格情報,,13122,東京都,葛飾区,水元,金町,,30000000,,110,,,,85,2018年,木造,,,北,公道,4,１低住専,40,80,2026年第1四半期,
宅地(土地と建物),成約価格情報,,13122,東京都,葛飾区,四つ木,四ツ木,15,50000000,,55,,,,105,2025年,木造,,,北西,私道,4,準工業,60,200,2026年第1四半期,
宅地(土地と建物),成約価格情報,,13122,東京都,葛飾区,四つ木,四ツ木,15,57000000,,65,,,,110,2026年,木造,,,北,公道,4,準工業,60,200,2026年第1四半期,
宅地(土地と建物),成約価格情報,,13122,東京都,葛飾区,お花茶屋,お花茶屋,10,53000000,,70,,,,115,2014年,木造,,,北,私道,4,１種住居,60,200,2026年第1四半期,
宅地(土地と建物),成約価格情報,,13122,東京都,葛飾区,お花茶屋,お花茶屋,15,43000000,,50,,,,75,2026年,木造,,,,,,１種住居,60,200,2026年第1四半期,
宅地(土地と建物),成約価格情報,,13122,東京都,葛飾区,東四つ木,四ツ木,10,44000000,,45,,,,80,2017年,木造,,,北,私道,4,工業,70,200,2026年第1四半期,
宅地(土地と建物),成約価格情報,,13122,東京都,葛飾区,東四つ木,四ツ木,5,18000000,,60,,,,50,1971年,木造,,,南,私道,3.3,準工業,60,200,2026年第1四半期,
宅地(土地と建物),成約価格情報,,13122,東京都,葛飾区,南水元,金町,25,31000000,,105,,,,85,2012年,木造,,,北西,公道,5,２低住専,60,150,2026年第1四半期,
宅地(土地と建物),成約価格情報,,13122,東京都,葛飾区,南水元,金町,,30000000,,95,,,,110,1997年,木造,,,東,私道,4,２低住専,50,150,2026年第1四半期,
宅地(土地と建物),成約価格情報,,13122,東京都,葛飾区,南水元,金町,,11000000,,60,,,,70,1979年,木造,,,,,,２低住専,50,150,2026年第1四半期,
宅地(土地),不動産取引価格情報,住宅地,13122,東京都,葛飾区,青戸,青砥,15,24000000,1200000,70,350000,ほぼ長方形,5.6,,,,,住宅,東,区道,8.2,準工業,60,200,2026年第1四半期,
宅地(土地),不動産取引価格情報,住宅地,13122,東京都,葛飾区,お花茶屋,お花茶屋,3,37000000,1500000,80,460000,不整形,2.5,,,,,住宅,南,区道,4,１種住居,60,200,2026年第1四半期,
宅地(土地と建物),不動産取引価格情報,住宅地,13122,東京都,葛飾区,亀有,亀有,14,5600000,,60,,不整形,2,60,2002年,木造,住宅,その他,北東,私道,4,１種住居,60,200,2026年第1四半期,私道を含む取引
宅地(土地),不動産取引価格情報,住宅地,13122,東京都,葛飾区,亀有,亀有,11,39000000,970000,135,290000,袋地等,,,,,,住宅,西,私道,4,１種住居,60,200,2026年第1四半期,
宅地(土地と建物),不動産取引価格情報,住宅地,13122,東京都,葛飾区,小菅,綾瀬,19,79000000,,200,,ほぼ長方形,8,220,2015年,木造,共同住宅,住宅,南西,都道,18,１種住居,60,200,2026年第1四半期,
宅地(土地),不動産取引価格情報,住宅地,13122,東京都,葛飾区,柴又,柴又,10,40000000,2100000,60,640000,ほぼ長方形,6.5,,,,,住宅,南東,区道,4,１種住居,60,200,2026年第1四半期,
宅地(土地と建物),不動産取引価格情報,住宅地,13122,東京都,葛飾区,柴又,新柴又,4,58000000,,80,,ほぼ長方形,10,95,2026年,木造,住宅,住宅,南東,私道,4,２低住専,60,200,2026年第1四半期,私道を含む取引
宅地(土地と建物),不動産取引価格情報,住宅地,13122,東京都,葛飾区,柴又,新柴又,5,21000000,,85,,不整形,2,80,1978年,木造,住宅,事務所,北東,区道,4,２低住専,60,200,2026年第1四半期,私道を含む取引
宅地(土地と建物),不動産取引価格情報,住宅地,13122,東京都,葛飾区,白鳥,お花茶屋,5,90000000,,155,,ほぼ台形,8,280,1996年,鉄骨造,住宅、駐車場,住宅,北西,区道,11,工業,60,200,2026年第1四半期,
宅地(土地と建物),不動産取引価格情報,住宅地,13122,東京都,葛飾区,白鳥,お花茶屋,7,10000000,,50,,長方形,5.6,,,,,住宅,西,区道,28.1,工業,60,200,2026年第1四半期,私道を含む取引
宅地(土地と建物),不動産取引価格情報,住宅地,13122,東京都,葛飾区,新小岩,新小岩,15,56000000,,65,,ほぼ長方形,6,80,2020年,木造,住宅,住宅,北,私道,4.5,１種住居,60,200,2026年第1四半期,私道を含む取引
宅地(土地と建物),不動産取引価格情報,住宅地,13122,東京都,葛飾区,高砂,青砥,13,40000000,,165,,ほぼ整形,13.6,55,2016年,軽量鉄骨造,倉庫,倉庫,西,区道,6.9,準工業,60,200,2026年第1四半期,
宅地(土地と建物),不動産取引価格情報,住宅地,13122,東京都,葛飾区,高砂,京成高砂,6,65000000,,65,,長方形,8.1,100,2026年,木造,住宅,住宅,南,区道,5.4,１種住居,60,200,2026年第1四半期,私道を含む取引
宅地(土地と建物),不動産取引価格情報,住宅地,13122,東京都,葛飾区,立石,京成立石,4,89000000,,55,,長方形,4.5,85,2025年,木造,その他,その他,南,区道,4,１種住居,60,200,2026年第1四半期,
宅地(土地),不動産取引価格情報,住宅地,13122,東京都,葛飾区,西亀有,亀有,15,100000000,2200000,150,660000,ほぼ台形,13,,,,,,西,区道,7.6,１種住居,60,200,2026年第1四半期,
宅地(土地),不動産取引価格情報,住宅地,13122,東京都,葛飾区,西新小岩,新小岩,9,54000000,2400000,75,720000,長方形,9,,,,,住宅,西,私道,4,準工業,60,200,2026年第1四半期,
宅地(土地と建物),不動産取引価格情報,住宅地,13122,東京都,葛飾区,西新小岩,新小岩,15,45000000,,175,,ほぼ長方形,12.3,260,1987年,鉄骨造,共同住宅,住宅,東,区道,4,準工業,60,400,2026年第1四半期,私道を含む取引
宅地(土地),不動産取引価格情報,住宅地,13122,東京都,葛飾区,西水元,亀有,30分～60分,200000000,1000000,660,300000,ほぼ長方形,18.5,,,,,,北,区道,7,２低住専,50,150,2026年第1四半期,
宅地(土地と建物),不動産取引価格情報,住宅地,13122,東京都,葛飾区,西水元,亀有,30分～60分,39000000,,85,,長方形,7.5,80,2025年,木造,住宅,住宅,北,区道,7,２低住専,50,150,2026年第1四半期,
宅地(土地と建物),不動産取引価格情報,住宅地,13122,東京都,葛飾区,東金町,金町,8,240000000,,350,,ほぼ台形,22,610,1986年,鉄骨造,共同住宅,,北,区道,4.5,１種住居,60,200,2026年第1四半期,
宅地(土地と建物),不動産取引価格情報,住宅地,13122,東京都,葛飾区,東金町,金町,15,17000000,,130,,不整形,5.5,85,1979年,木造,住宅,住宅,南西,区道,6,２低住専,60,200,2026年第1四半期,私道を含む取引
宅地(土地と建物),不動産取引価格情報,住宅地,13122,東京都,葛飾区,東新小岩,新小岩,20,8900000,,65,,ほぼ長方形,5.5,75,1969年,木造,住宅,住宅,南,私道,2,準工業,60,200,2026年第1四半期,
宅地(土地),不動産取引価格情報,住宅地,13122,東京都,葛飾区,東堀切,お花茶屋,10,11000000,700000,50,210000,長方形,9,,,,,その他,西,道路,4,１種住居,60,200,2026年第1四半期,私道を含む取引
宅地(土地と建物),不動産取引価格情報,住宅地,13122,東京都,葛飾区,東水元,金町,30分～60分,45000000,,95,,ほぼ長方形,7.6,90,2025年,木造,住宅,住宅,南東,区道,6,２低住専,60,200,2026年第1四半期,
宅地(土地と建物),不動産取引価格情報,住宅地,13122,東京都,葛飾区,東水元,金町,30分～60分,51000000,,150,,不整形,4.9,105,2025年,木造,住宅,住宅,南,私道,4,１低住専,40,80,2026年第1四半期,
宅地(土地と建物),不動産取引価格情報,住宅地,13122,東京都,葛飾区,東四つ木,四ツ木,5,120000000,,155,,ほぼ台形,10,130,2025年,鉄骨造,共同住宅,住宅,西,私道,4,準工業,60,200,2026年第1四半期,私道を含む取引
宅地(土地と建物),不動産取引価格情報,住宅地,13122,東京都,葛飾区,細田,京成小岩,14,16000000,,40,,長方形,5.5,40,2000年,木造,住宅,住宅,北東,私道,4,２低住専,50,150,2026年第1四半期,
宅地(土地),不動産取引価格情報,住宅地,13122,東京都,葛飾区,堀切,堀切菖蒲園,3,19000000,1400000,45,420000,ほぼ台形,8,,,,,住宅,南,区道,5.4,準工業,60,200,2026年第1四半期,
宅地(土地),不動産取引価格情報,住宅地,13122,東京都,葛飾区,水元,金町,30分～60分,29000000,1100000,85,330000,長方形,7.3,,,,,住宅,北,私道,4.5,１中住専,60,200,2026年第1四半期,
宅地(土地と建物),不動産取引価格情報,住宅地,13122,東京都,葛飾区,水元,金町,30分～60分,45000000,,175,,正方形,12.2,220,1987年,鉄骨造,共同住宅、店舗,住宅,東,区道,11.6,２低住専,50,150,2026年第1四半期,私道を含む取引
宅地(土地と建物),不動産取引価格情報,住宅地,13122,東京都,葛飾区,四つ木,お花茶屋,9,20000000,,50,,長方形,5.5,50,1977年,木造,住宅,倉庫,北東,私道,4,準工業,60,200,2026年第1四半期,私道を含む取引
宅地(土地),不動産取引価格情報,商業地,13122,東京都,葛飾区,四つ木,四ツ木,8,40000000,1900000,70,570000,不整形,5,,,,,住宅,北,区道,16,商業,80,400,2026年第1四半期,
宅地(土地と建物),不動産取引価格情報,住宅地,13122,東京都,葛飾区,四つ木,四ツ木,13,12000000,,50,,長方形,5,55,1976年,木造,住宅,住宅,北西,私道,4,準工業,60,200,2026年第1四半期,私道を含む取引
宅地(土地と建物),成約価格情報,,13123,東京都,江戸川区,一之江,一之江,25,9900000,,40,,,,55,1980年,木造,,,南西,私道,4,１中住専,50,100,2026年第1四半期,
宅地(土地と建物),成約価格情報,,13123,東京都,江戸川区,一之江,船堀,15,50000000,,70,,,,90,2004年,木造,,,南,公道,4,１中住専,60,160,2026年第1四半期,
宅地(土地と建物),成約価格情報,,13123,東京都,江戸川区,大杉,新小岩,30分～60分,48000000,,80,,,,105,2017年,木造,,,東,公道,6.5,１中住専,60,150,2026年第1四半期,
宅地(土地と建物),成約価格情報,,13123,東京都,江戸川区,大杉,新小岩,30分～60分,58000000,,75,,,,105,2026年,木造,,,,,,１中住専,60,200,2026年第1四半期,
宅地(土地と建物),成約価格情報,,13123,東京都,江戸川区,大杉,新小岩,30分～60分,58000000,,70,,,,105,2026年,木造,,,,,,１中住専,60,200,2026年第1四半期,
宅地(土地と建物),成約価格情報,,13123,東京都,江戸川区,大杉,新小岩,30分～60分,60000000,,75,,,,105,2026年,木造,,,,,,１中住専,60,200,2026年第1四半期,
宅地(土地と建物),成約価格情報,,13123,東京都,江戸川区,大杉,新小岩,30分～60分,55000000,,100,,,,95,2026年,木造,,,,,,１中住専,60,200,2026年第1四半期,
宅地(土地と建物),成約価格情報,,13123,東京都,江戸川区,大杉,新小岩,30分～60分,59000000,,90,,,,100,2026年,木造,,,,,,１中住専,60,200,2026年第1四半期,
宅地(土地と建物),成約価格情報,,13123,東京都,江戸川区,大杉,新小岩,,52000000,,115,,,,100,2026年,木造,,,,,,１中住専,60,150,2026年第1四半期,
宅地(土地と建物),成約価格情報,,13123,東京都,江戸川区,大杉,一之江,,67000000,,115,,,,105,2026年,木造,,,南,公道,4,１中住専,60,150,2026年第1四半期,
宅地(土地と建物),成約価格情報,,13123,東京都,江戸川区,大杉,新小岩,30分～60分,51000000,,75,,,,90,2026年,木造,,,西,公道,4,１中住専,60,150,2026年第1四半期,
宅地(土地と建物),成約価格情報,,13123,東京都,江戸川区,大杉,新小岩,30分～60分,39000000,,90,,,,90,2010年,木造,,,西,公道,8.5,１中住専,60,150,2026年第1四半期,
宅地(土地と建物),成約価格情報,,13123,東京都,江戸川区,大杉,新小岩,,11000000,,40,,,,50,1970年,木造,,,,,,１中住専,60,150,2026年第1四半期,
宅地(土地と建物),成約価格情報,,13123,東京都,江戸川区,北篠崎,篠崎,25,31000000,,65,,,,80,2003年,木造,,,北,公道,,１中住専,60,150,2026年第1四半期,
宅地(土地と建物),成約価格情報,,13123,東京都,江戸川区,北篠崎,篠崎,25,18000000,,60,,,,60,1984年,木造,,,,,,１中住専,60,150,2026年第1四半期,
宅地(土地と建物),成約価格情報,,13123,東京都,江戸川区,鹿骨,篠崎,25,60000000,,85,,,,130,2026年,木造,,,西,公道,8.6,１中住専,70,150,2026年第1四半期,
宅地(土地と建物),成約価格情報,,13123,東京都,江戸川区,鹿骨,篠崎,25,62000000,,75,,,,125,2026年,木造,,,南,公道,5,１中住専,70,150,2026年第1四半期,
宅地(土地と建物),成約価格情報,,13123,東京都,江戸川区,鹿骨,小岩,,6000000,,50,,,,60,1972年,木造,,,,,,１中住専,60,150,2026年第1四半期,
宅地(土地と建物),成約価格情報,,13123,東京都,江戸川区,中葛西,葛西,15,20000000,,45,,,,50,1969年,木造,,,,,,１種住居,60,200,2026年第1四半期,
宅地(土地と建物),成約価格情報,,13123,東京都,江戸川区,中葛西,葛西,20,63000000,,75,,,,25,2026年,木造,,,,,,１種住居,60,300,2026年第1四半期,
宅地(土地と建物),成約価格情報,,13123,東京都,江戸川区,東小岩,小岩,,45000000,,70,,,,105,2014年,木造,,,北西,公道,5,１中住専,60,150,2026年第1四半期,
宅地(土地と建物),成約価格情報,,13123,東京都,江戸川区,東小岩,小岩,10,30000000,,105,,,,105,1972年,木造,,,南,公道,5.4,１種住居,60,300,2026年第1四半期,
宅地(土地と建物),成約価格情報,,13123,東京都,江戸川区,東小岩,小岩,25,79000000,,195,,,,190,1984年,鉄骨造,,,北,公道,8,１中住専,60,150,2026年第1四半期,
宅地(土地と建物),成約価格情報,,13123,東京都,江戸川区,東小岩,小岩,,54000000,,90,,,,100,2026年,木造,,,西,私道,4.5,１中住専,60,150,2026年第1四半期,
宅地(土地と建物),成約価格情報,,13123,東京都,江戸川区,東小岩,江戸川,15,62000000,,80,,,,100,2026年,木造,,,,,,１種住居,60,300,2026年第1四半期,
宅地(土地と建物),成約価格情報,,13123,東京都,江戸川区,東小岩,江戸川,15,30000000,,35,,,,45,2010年,木造,,,,,,近隣商業,80,400,2026年第1四半期,
宅地(土地と建物),成約価格情報,,13123,東京都,江戸川区,東小岩,小岩,20,68000000,,100,,,,100,2026年,木造,,,南,公道,5.3,１種住居,60,200,2026年第1四半期,
宅地(土地と建物),成約価格情報,,13123,東京都,江戸川区,東小岩,小岩,20,45000000,,95,,,,65,1965年,木造,,,北東,公道,6,１中住専,60,150,2026年第1四半期,
宅地(土地と建物),成約価格情報,,13123,東京都,江戸川区,東松本,小岩,25,47000000,,50,,,,75,2025年,木造,,,,,,１中住専,60,150,2026年第1四半期,
宅地(土地と建物),成約価格情報,,13123,東京都,江戸川区,東瑞江,瑞江,10,94000000,,90,,,,120,2025年,木造,,,,,,１種住居,60,300,2026年第1四半期,
宅地(土地と建物),成約価格情報,,13123,東京都,江戸川区,南葛西,葛西臨海公園,20,74000000,,90,,,,115,2025年,木造,,,,公道,10,１種住居,60,300,2026年第1四半期,
宅地(土地と建物),成約価格情報,,13123,東京都,江戸川区,南葛西,葛西,,75000000,,70,,,,120,2026年,木造,,,,,,１種住居,60,300,2026年第1四半期,
宅地(土地と建物),成約価格情報,,13123,東京都,江戸川区,南葛西,葛西,,77000000,,75,,,,120,2026年,木造,,,,,,１種住居,60,300,2026年第1四半期,
宅地(土地と建物),成約価格情報,,13123,東京都,江戸川区,南篠崎町,瑞江,10,43000000,,70,,,,105,2000年,木造,,,南西,私道,4,１中住専,60,150,2026年第1四半期,
宅地(土地と建物),成約価格情報,,13123,東京都,江戸川区,江戸川,瑞江,15,40000000,,70,,,,195,1993年,鉄骨造,,,南西,公道,5.4,１中住専,60,200,2026年第1四半期,
宅地(土地と建物),成約価格情報,,13123,東京都,江戸川区,江戸川,一之江,15,34000000,,40,,,,55,2022年,木造,,,南東,公道,3.6,１中住専,60,160,2026年第1四半期,
宅地(土地と建物),成約価格情報,,13123,東京都,江戸川区,江戸川,一之江,20,49000000,,60,,,,95,2026年,木造,,,,私道,4,１中住専,60,150,2026年第1四半期,
宅地(土地と建物),成約価格情報,,13123,東京都,江戸川区,江戸川,瑞江,15,40000000,,40,,,,85,2026年,木造,,,南東,公道,6.1,１中住専,60,200,2026年第1四半期,
宅地(土地と建物),成約価格情報,,13123,東京都,江戸川区,江戸川,一之江,15,45000000,,40,,,,70,2026年,木造,,,北,私道,4,１中住専,60,200,2026年第1四半期,
宅地(土地と建物),成約価格情報,,13123,東京都,江戸川区,江戸川,一之江,20,54000000,,65,,,,105,2026年,木造,,,,,4,１中住専,60,160,2026年第1四半期,
宅地(土地と建物),成約価格情報,,13123,東京都,江戸川区,江戸川,一之江,15,55000000,,75,,,,100,2026年,木造,,,南,公道,10.5,近隣商業,80,300,2026年第1四半期,
宅地(土地と建物),成約価格情報,,13123,東京都,江戸川区,江戸川,船堀,20,63000000,,95,,,,105,2006年,木造,,,,公道,,１種住居,60,200,2026年第1四半期,
宅地(土地と建物),成約価格情報,,13123,東京都,江戸川区,江戸川,葛西,,63000000,,110,,,,105,2026年,木造,,,,,,１中住専,50,100,2026年第1四半期,
宅地(土地と建物),成約価格情報,,13123,東京都,江戸川区,江戸川,瑞江,15,53000000,,115,,,,95,2006年,木造,,,,公道,6,１中住専,60,200,2026年第1四半期,
宅地(土地と建物),成約価格情報,,13123,東京都,江戸川区,江戸川,瑞江,15,62000000,,70,,,,105,2026年,木造,,,,,,１中住専,60,200,2026年第1四半期,
宅地(土地と建物),成約価格情報,,13123,東京都,江戸川区,上篠崎,篠崎,15,61000000,,70,,,,105,2022年,木造,,,南,私道,4.5,１中住専,60,150,2026年第1四半期,
宅地(土地と建物),成約価格情報,,13123,東京都,江戸川区,上篠崎,篠崎,15,68000000,,70,,,,110,2026年,木造,,,,,,１中住専,60,150,2026年第1四半期,
宅地(土地と建物),成約価格情報,,13123,東京都,江戸川区,上篠崎,篠崎,15,10000000,,70,,,,45,1967年,木造,,,,,,１中住専,60,150,2026年第1四半期,
宅地(土地と建物),成約価格情報,,13123,東京都,江戸川区,上篠崎,篠崎,15,19000000,,75,,,,80,1978年,木造,,,北,私道,4,１中住専,50,100,2026年第1四半期,
宅地(土地と建物),成約価格情報,,13123,東京都,江戸川区,北葛西,船堀,20,55000000,,70,,,,100,2017年,木造,,,北西,公道,7.2,１中住専,60,150,2026年第1四半期,
宅地(土地と建物),成約価格情報,,13123,東京都,江戸川区,北葛西,西葛西,15,35000000,,65,,,,55,1976年,木造,,,北西,公道,4,準工業,60,200,2026年第1四半期,
宅地(土地と建物),成約価格情報,,13123,東京都,江戸川区,北葛西,船堀,15,28000000,,125,,,,80,1968年,木造,,,,私道,2.1,１中住専,60,150,2026年第1四半期,
宅地(土地と建物),成約価格情報,,13123,東京都,江戸川区,北葛西,船堀,20,60000000,,50,,,,85,2026年,木造,,,南東,公道,4,１種住居,60,160,2026年第1四半期,
宅地(土地と建物),成約価格情報,,13123,東京都,江戸川区,北葛西,葛西,20,33000000,,45,,,,70,2001年,木造,,,南西,公道,4,１種住居,60,300,2026年第1四半期,
宅地(土地と建物),成約価格情報,,13123,東京都,江戸川区,北葛西,西葛西,15,19000000,,100,,,,95,1969年,木造,,,,,,１中住専,60,150,2026年第1四半期,
宅地(土地と建物),成約価格情報,,13123,東京都,江戸川区,北葛西,船堀,10,79000000,,85,,,,100,2026年,木造,,,,,,１中住専,60,150,2026年第1四半期,
宅地(土地と建物),成約価格情報,,13123,東京都,江戸川区,北小岩,京成小岩,15,57000000,,80,,,,125,2025年,木造,,,東,公道,8,１中住専,60,150,2026年第1四半期,
宅地(土地と建物),成約価格情報,,13123,東京都,江戸川区,北小岩,江戸川,5,61000000,,85,,,,110,2025年,木造,,,,,,１中住専,60,200,2026年第1四半期,
宅地(土地と建物),成約価格情報,,13123,東京都,江戸川区,北小岩,江戸川,5,61000000,,75,,,,100,2026年,木造,,,北,公道,3.3,１中住専,60,150,2026年第1四半期,
宅地(土地と建物),成約価格情報,,13123,東京都,江戸川区,北小岩,江戸川,10,59000000,,80,,,,105,2020年,木造,,,東,公道,5.5,１中住専,60,200,2026年第1四半期,
宅地(土地と建物),成約価格情報,,13123,東京都,江戸川区,北小岩,江戸川,10,18000000,,40,,,,45,1967年,木造,,,東,公道,5,１中住専,60,200,2026年第1四半期,
宅地(土地と建物),成約価格情報,,13123,東京都,江戸川区,北小岩,江戸川,10,46000000,,60,,,,95,2026年,木造,,,北,,4,１中住専,70,160,2026年第1四半期,
宅地(土地と建物),成約価格情報,,13123,東京都,江戸川区,北小岩,江戸川,5,55000000,,70,,,,105,2020年,木造,,,南,公道,4,１中住専,60,200,2026年第1四半期,
宅地(土地と建物),成約価格情報,,13123,東京都,江戸川区,北小岩,京成小岩,15,45000000,,80,,,,80,2018年,木造,,,,,,１中住専,60,150,2026年第1四半期,
宅地(土地と建物),成約価格情報,,13123,東京都,江戸川区,北小岩,江戸川,5,52000000,,60,,,,105,2026年,木造,,,南,公道,3.9,１中住専,60,160,2026年第1四半期,
宅地(土地と建物),成約価格情報,,13123,東京都,江戸川区,北小岩,京成小岩,15,7900000,,45,,,,60,1966年,木造,,,,,,１中住専,60,150,2026年第1四半期,
宅地(土地と建物),成約価格情報,,13123,東京都,江戸川区,北小岩,新柴又,10,73000000,,110,,,,105,2026年,木造,,,西,公道,4,１中住専,60,150,2026年第1四半期,
宅地(土地と建物),成約価格情報,,13123,東京都,江戸川区,北小岩,江戸川,10,32000000,,80,,,,75,2007年,木造,,,南西,公道,5,１中住専,60,150,2026年第1四半期,
宅地(土地と建物),成約価格情報,,13123,東京都,江戸川区,篠崎町,篠崎,20,39000000,,70,,,,110,1997年,木造,,,北東,公道,,１中住専,60,150,2026年第1四半期,
宅地(土地と建物),成約価格情報,,13123,東京都,江戸川区,篠崎町,篠崎,10,32000000,,40,,,,50,2013年,木造,,,,公道,,１中住専,60,300,2026年第1四半期,
宅地(土地と建物),成約価格情報,,13123,東京都,江戸川区,篠崎町,篠崎,10,67000000,,135,,,,230,1995年,鉄骨造,,,北,公道,6,１中住専,60,150,2026年第1四半期,
宅地(土地と建物),成約価格情報,,13123,東京都,江戸川区,篠崎町,篠崎,10,29000000,,55,,,,105,1999年,木造,,,南東,私道,4,１低住専,40,80,2026年第1四半期,
宅地(土地と建物),成約価格情報,,13123,東京都,江戸川区,篠崎町,篠崎,15,48000000,,75,,,,90,2012年,木造,,,,,,１中住専,60,150,2026年第1四半期,
宅地(土地と建物),成約価格情報,,13123,東京都,江戸川区,篠崎町,篠崎,10,53000000,,70,,,,105,2015年,木造,,,,,,１中住専,60,150,2026年第1四半期,
宅地(土地と建物),成約価格情報,,13123,東京都,江戸川区,篠崎町,篠崎,25,7700000,,35,,,,40,1972年,木造,,,西,私道,4,１種住居,60,200,2026年第1四半期,
宅地(土地と建物),成約価格情報,,13123,東京都,江戸川区,下篠崎町,篠崎,,59000000,,100,,,,100,2026年,木造,,,,,,１種住居,60,200,2026年第1四半期,
宅地(土地と建物),成約価格情報,,13123,東京都,江戸川区,東小松川,新小岩,25,12000000,,35,,,,60,1984年,木造,,,東,私道,4,準工業,60,300,2026年第1四半期,
宅地(土地と建物),成約価格情報,,13123,東京都,江戸川区,東小松川,船堀,15,59000000,,80,,,,85,2014年,鉄骨造,,,南,私道,4.5,準工業,60,300,2026年第1四半期,
宅地(土地と建物),成約価格情報,,13123,東京都,江戸川区,東小松川,船堀,25,51000000,,80,,,,90,2026年,木造,,,,,,準工業,60,300,2026年第1四半期,
宅地(土地と建物),成約価格情報,,13123,東京都,江戸川区,東小松川,船堀,25,54000000,,80,,,,90,2026年,木造,,,,,,準工業,60,300,2026年第1四半期,
宅地(土地と建物),成約価格情報,,13123,東京都,江戸川区,東篠崎,瑞江,,68000000,,135,,,,105,2026年,木造,,,北西,公道,13,１種住居,60,200,2026年第1四半期,
宅地(土地と建物),成約価格情報,,13123,東京都,江戸川区,本一色,新小岩,20,50000000,,110,,,,90,2022年,木造,,,北,公道,7.7,１中住専,60,150,2026年第1四半期,
宅地(土地と建物),成約価格情報,,13123,東京都,江戸川区,本一色,新小岩,,42000000,,55,,,,70,2025年,木造,,,西,私道,4,１中住専,60,150,2026年第1四半期,
宅地(土地と建物),成約価格情報,,13123,東京都,江戸川区,本一色,新小岩,20,39000000,,75,,,,95,1998年,木造,,,,,,１中住専,60,150,2026年第1四半期,
宅地(土地と建物),成約価格情報,,13123,東京都,江戸川区,本一色,新小岩,20,27000000,,45,,,,55,1976年,木造,,,,,,１中住専,60,150,2026年第1四半期,
宅地(土地と建物),成約価格情報,,13123,東京都,江戸川区,中央,新小岩,,62000000,,95,,,,105,2026年,木造,,,西,公道,5.4,準工業,70,200,2026年第1四半期,
宅地(土地と建物),成約価格情報,,13123,東京都,江戸川区,西一之江,一之江,25,50000000,,135,,,,135,1988年,軽量鉄骨造,,,北西,公道,7,１中住専,60,150,2026年第1四半期,
宅地(土地と建物),成約価格情報,,13123,東京都,江戸川区,西葛西,西葛西,10,120000000,,105,,,,155,2010年,鉄骨造,,,南,公道,5.9,１種住居,60,236,2026年第1四半期,
宅地(土地と建物),成約価格情報,,13123,東京都,江戸川区,西葛西,西葛西,10,96000000,,80,,,,105,2026年,木造,,,,,,１種住居,60,300,2026年第1四半期,
宅地(土地と建物),成約価格情報,,13123,東京都,江戸川区,西葛西,西葛西,20,51000000,,60,,,,90,2003年,木造,,,北東,公道,4.2,１中住専,60,150,2026年第1四半期,
宅地(土地と建物),成約価格情報,,13123,東京都,江戸川区,西篠崎,篠崎,15,13000000,,35,,,,55,1968年,木造,,,,,,１中住専,50,100,2026年第1四半期,
宅地(土地と建物),成約価格情報,,13123,東京都,江戸川区,西瑞江,瑞江,15,54000000,,50,,,,85,2026年,木造,,,,,,１中住専,60,200,2026年第1四半期,
宅地(土地と建物),成約価格情報,,13123,東京都,江戸川区,西瑞江,瑞江,15,62000000,,75,,,,110,2026年,木造,,,,,,１種住居,60,160,2026年第1四半期,
宅地(土地と建物),成約価格情報,,13123,東京都,江戸川区,西瑞江,瑞江,10,11000000,,40,,,,85,1994年,鉄骨造,,,,,,１中住専,60,160,2026年第1四半期,
宅地(土地と建物),成約価格情報,,13123,東京都,江戸川区,西瑞江,一之江,10,32000000,,35,,,,50,2009年,木造,,,北,私道,4,１中住専,60,200,2026年第1四半期,
宅地(土地と建物),成約価格情報,,13123,東京都,江戸川区,東葛西,葛西,20,65000000,,95,,,,100,2025年,木造,,,西,公道,3.8,１中住専,70,150,2026年第1四半期,
宅地(土地と建物),成約価格情報,,13123,東京都,江戸川区,東葛西,葛西,15,58000000,,55,,,,90,2025年,木造,,,西,私道,4,１種住居,60,200,2026年第1四半期,
宅地(土地と建物),成約価格情報,,13123,東京都,江戸川区,東葛西,葛西,15,70000000,,140,,,,105,2001年,木造,,,,,,２中住専,60,150,2026年第1四半期,
宅地(土地と建物),成約価格情報,,13123,東京都,江戸川区,東葛西,葛西,10,180000000,,215,,,,240,1984年,木造,,,北,公道,8,１種住居,60,200,2026年第1四半期,
宅地(土地と建物),成約価格情報,,13123,東京都,江戸川区,東葛西,葛西,15,72000000,,60,,,,100,2026年,木造,,,南,私道,4,１中住専,60,150,2026年第1四半期,
宅地(土地と建物),成約価格情報,,13123,東京都,江戸川区,東葛西,葛西,15,78000000,,130,,,,115,2026年,木造,,,,,,１中住専,70,150,2026年第1四半期,
宅地(土地と建物),成約価格情報,,13123,東京都,江戸川区,東葛西,葛西,15,75000000,,90,,,,100,2025年,木造,,,,,,１中住専,60,150,2026年第1四半期,
宅地(土地と建物),成約価格情報,,13123,東京都,江戸川区,東葛西,葛西,20,38000000,,40,,,,60,2026年,木造,,,南西,,4,１中住専,60,150,2026年第1四半期,
宅地(土地と建物),成約価格情報,,13123,東京都,江戸川区,松江,船堀,20,58000000,,100,,,,145,2009年,木造,,,北,公道,4.5,１種住居,60,180,2026年第1四半期,
宅地(土地と建物),成約価格情報,,13123,東京都,江戸川区,松江,船堀,15,52000000,,90,,,,85,2017年,木造,,,北,私道,4,１種住居,60,160,2026年第1四半期,
宅地(土地と建物),成約価格情報,,13123,東京都,江戸川区,松江,一之江,15,60000000,,90,,,,100,2026年,木造,,,,,,１種住居,60,200,2026年第1四半期,
宅地(土地と建物),成約価格情報,,13123,東京都,江戸川区,松江,船堀,20,55000000,,100,,,,105,2003年,木造,,,,,,１種住居,60,200,2026年第1四半期,
宅地(土地と建物),成約価格情報,,13123,東京都,江戸川区,松島,新小岩,15,48000000,,50,,,,70,2017年,木造,,,北,公道,3.8,１種住居,60,300,2026年第1四半期,
宅地(土地と建物),成約価格情報,,13123,東京都,江戸川区,松島,新小岩,25,56000000,,95,,,,100,2021年,木造,,,西,公道,4,１種住居,60,300,2026年第1四半期,
宅地(土地と建物),成約価格情報,,13123,東京都,江戸川区,瑞江,瑞江,10,34000000,,55,,,,70,2000年,木造,,,北東,公道,6,１種住居,60,300,2026年第1四半期,
宅地(土地と建物),成約価格情報,,13123,東京都,江戸川区,瑞江,瑞江,10,62000000,,75,,,,140,2006年,木造,,,南西,公道,6,１種住居,70,240,2026年第1四半期,
宅地(土地と建物),成約価格情報,,13123,東京都,江戸川区,宇喜田町,船堀,15,52000000,,85,,,,85,2000年,木造,,,北東,公道,8.5,１中住専,50,100,2026年第1四半期,
宅地(土地と建物),成約価格情報,,13123,東京都,江戸川区,宇喜田町,船堀,10,65000000,,80,,,,115,2019年,木造,,,南西,公道,8.5,１中住専,60,150,2026年第1四半期,
宅地(土地と建物),成約価格情報,,13123,東京都,江戸川区,春江町,瑞江,15,21000000,,55,,,,85,1987年,木造,,,,公道,5.4,１中住専,50,100,2026年第1四半期,
宅地(土地と建物),成約価格情報,,13123,東京都,江戸川区,春江町,瑞江,15,60000000,,95,,,,95,2025年,木造,,,東,私道,4,１中住専,50,100,2026年第1四半期,
宅地(土地と建物),成約価格情報,,13123,東京都,江戸川区,春江町,一之江,15,65000000,,75,,,,110,2025年,木造,,,,,,１中住専,60,200,2026年第1四半期,
宅地(土地と建物),成約価格情報,,13123,東京都,江戸川区,春江町,瑞江,15,65000000,,100,,,,100,2026年,木造,,,,,,１中住専,50,100,2026年第1四半期,
宅地(土地と建物),成約価格情報,,13123,東京都,江戸川区,春江町,瑞江,15,32000000,,45,,,,45,2026年,木造,,,,私道,,１中住専,50,100,2026年第1四半期,
宅地(土地と建物),成約価格情報,,13123,東京都,江戸川区,春江町,瑞江,15,41000000,,55,,,,55,2026年,木造,,,,,,１中住専,50,100,2026年第1四半期,
宅地(土地と建物),成約価格情報,,13123,東京都,江戸川区,平井,平井(東京),5,35000000,,35,,,,55,2026年,木造,,,南西,公道,10.8,１種住居,60,200,2026年第1四半期,
宅地(土地と建物),成約価格情報,,13123,東京都,江戸川区,平井,平井(東京),10,64000000,,75,,,,85,2020年,木造,,,南東,私道,3.2,１種住居,60,160,2026年第1四半期,
宅地(土地と建物),成約価格情報,,13123,東京都,江戸川区,平井,平井(東京),15,40000000,,60,,,,70,2004年,木造,,,北東,公道,8.1,１種住居,60,200,2026年第1四半期,
宅地(土地と建物),成約価格情報,,13123,東京都,江戸川区,平井,平井(東京),10,64000000,,85,,,,105,2001年,木造,,,北西,公道,6.1,準工業,60,200,2026年第1四半期,
宅地(土地と建物),成約価格情報,,13123,東京都,江戸川区,南小岩,小岩,25,56000000,,60,,,,105,2025年,木造,,,南,私道,4,１中住専,60,150,2026年第1四半期,
宅地(土地と建物),成約価格情報,,13123,東京都,江戸川区,南小岩,小岩,,14000000,,40,,,,50,1962年,木造,,,,,,１中住専,60,150,2026年第1四半期,
宅地(土地と建物),成約価格情報,,13123,東京都,江戸川区,南小岩,小岩,10,14000000,,75,,,,70,1964年,木造,,,,,,近隣商業,80,300,2026年第1四半期,
宅地(土地と建物),成約価格情報,,13123,東京都,江戸川区,南小岩,小岩,15,75000000,,75,,,,120,2026年,木造,,,,,,近隣商業,80,300,2026年第1四半期,
宅地(土地と建物),不動産取引価格情報,住宅地,13123,東京都,江戸川区,宇喜田町,船堀,16,53000000,,100,,ほぼ長方形,12,100,2000年,木造,住宅,住宅,南東,区道,13.5,１中住専,50,100,2026年第1四半期,
宅地(土地),不動産取引価格情報,住宅地,13123,東京都,江戸川区,江戸川,一之江,19,26000000,1000000,80,320000,長方形,9.1,,,,,住宅,北西,区道,4.8,１中住専,60,150,2026年第1四半期,
宅地(土地と建物),不動産取引価格情報,住宅地,13123,東京都,江戸川区,江戸川,瑞江,14,49000000,,70,,正方形,8.1,95,2014年,木造,住宅,住宅,南東,私道,4.5,１中住専,60,200,2026年第1四半期,
宅地(土地と建物),不動産取引価格情報,住宅地,13123,東京都,江戸川区,江戸川,瑞江,15,46000000,,65,,ほぼ整形,4.9,80,2026年,木造,住宅,,北東,私道,4,１中住専,60,200,2026年第1四半期,
宅地(土地と建物),不動産取引価格情報,住宅地,13123,東京都,江戸川区,大杉,新小岩,30分～60分,30000000,,75,,長方形,6.4,135,1996年,木造,住宅、駐車場,事務所,南,区道,5.5,１中住専,60,150,2026年第1四半期,
宅地(土地),不動産取引価格情報,住宅地,13123,東京都,江戸川区,上篠崎,篠崎,7,80000000,1900000,140,560000,長方形,8.3,,,,,住宅,西,区道,8,１中住専,60,150,2026年第1四半期,
宅地(土地),不動産取引価格情報,住宅地,13123,東京都,江戸川区,北葛西,船堀,13,160000000,1500000,360,440000,ほぼ長方形,10,,,,,住宅,北東,区道,6.4,１中住専,50,100,2026年第1四半期,私道を含む取引
宅地(土地と建物),不動産取引価格情報,住宅地,13123,東京都,江戸川区,北篠崎,篠崎,21,56000000,,100,,長方形,8,90,2026年,木造,住宅,,北東,区道,8,１中住専,60,150,2026年第1四半期,私道を含む取引
宅地(土地と建物),不動産取引価格情報,住宅地,13123,東京都,江戸川区,鹿骨,篠崎,24,4500000,,65,,ほぼ長方形,4.5,40,1967年,木造,住宅,住宅,北,道路,2.5,１中住専,60,150,2026年第1四半期,私道を含む取引
宅地(土地と建物),不動産取引価格情報,住宅地,13123,東京都,江戸川区,篠崎町,篠崎,10,19000000,,70,,長方形,8.5,55,1976年,木造,住宅,住宅,南,私道,4,１中住専,60,150,2026年第1四半期,私道を含む取引
宅地(土地と建物),不動産取引価格情報,住宅地,13123,東京都,江戸川区,中央,新小岩,23,430000000,,1200,,長方形,17,950,2001年,木造,,住宅,東,区道,10.9,準工業,60,200,2026年第1四半期,
宅地(土地と建物),不動産取引価格情報,住宅地,13123,東京都,江戸川区,中葛西,葛西,15,85000000,,80,,ほぼ台形,6.5,100,2026年,木造,住宅,住宅,南,区道,6,１種住居,60,300,2026年第1四半期,
宅地(土地と建物),不動産取引価格情報,住宅地,13123,東京都,江戸川区,中葛西,葛西,19,27000000,,70,,ほぼ長方形,6,,1984年,木造,住宅、倉庫,住宅,北西,区道,22,１種住居,60,300,2026年第1四半期,
宅地(土地と建物),不動産取引価格情報,住宅地,13123,東京都,江戸川区,中葛西,葛西,19,35000000,,90,,ほぼ台形,7.8,100,1986年,木造,住宅、店舗,住宅,北西,市道,22,１種住居,60,300,2026年第1四半期,
宅地(土地),不動産取引価格情報,住宅地,13123,東京都,江戸川区,西一之江,一之江,21,140000000,1400000,330,420000,ほぼ整形,19,,,,,,北西,区道,7.5,１中住専,60,150,2026年第1四半期,
宅地(土地と建物),不動産取引価格情報,住宅地,13123,東京都,江戸川区,西一之江,一之江,16,76000000,,260,,不整形,10,110,1994年,木造,共同住宅,事務所,北西,区道,8.5,１種住居,60,200,2026年第1四半期,
宅地(土地と建物),不動産取引価格情報,住宅地,13123,東京都,江戸川区,西小岩,小岩,11,240000000,,135,,長方形,15.5,460,1990年,鉄骨造、木造,共同住宅、店舗,,北,都道,15,１種住居,60,300,2026年第1四半期,
宅地(土地と建物),不動産取引価格情報,住宅地,13123,東京都,江戸川区,西篠崎,篠崎,12,13000000,,40,,長方形,5.6,50,1968年,木造,住宅,,北西,道路,3.6,１中住専,50,100,2026年第1四半期,私道を含む取引
宅地(土地と建物),不動産取引価格情報,住宅地,13123,東京都,江戸川区,西瑞江,瑞江,11,26000000,,45,,長方形,5,80,1968年,木造,住宅,住宅,南,私道,3.5,１中住専,60,200,2026年第1四半期,私道を含む取引
宅地(土地と建物),不動産取引価格情報,住宅地,13123,東京都,江戸川区,春江町,一之江,15,65000000,,75,,ほぼ台形,6.7,100,2025年,木造,住宅,住宅,南東,区道,7.1,１中住専,60,200,2026年第1四半期,
宅地(土地と建物),不動産取引価格情報,住宅地,13123,東京都,江戸川区,春江町,船堀,14,26000000,,75,,ほぼ長方形,7.1,65,1976年,木造,,住宅,北,区道,6,１中住専,60,200,2026年第1四半期,私道を含む取引
宅地(土地と建物),不動産取引価格情報,住宅地,13123,東京都,江戸川区,東葛西,葛西,10,49000000,,65,,長方形,6,105,1991年,木造,住宅,住宅,南西,区道,7,１中住専,60,150,2026年第1四半期,私道を含む取引
宅地(土地と建物),不動産取引価格情報,住宅地,13123,東京都,江戸川区,東小松川,新小岩,28,40000000,,80,,不整形,10.5,100,1984年,木造,共同住宅,住宅,東,私道,4,準工業,60,300,2026年第1四半期,
宅地(土地と建物),不動産取引価格情報,住宅地,13123,東京都,江戸川区,東小松川,新小岩,28,11000000,,35,,ほぼ整形,,60,1984年,木造,住宅,住宅,東,私道,4,準工業,60,300,2026年第1四半期,
宅地(土地と建物),不動産取引価格情報,住宅地,13123,東京都,江戸川区,平井,平井(東京),12,67000000,,70,,ほぼ長方形,7,115,2025年,木造,住宅,住宅,南東,区道,5.4,１種住居,60,200,2026年第1四半期,私道を含む取引
宅地(土地と建物),不動産取引価格情報,住宅地,13123,東京都,江戸川区,平井,平井(東京),9,73000000,,65,,ほぼ長方形,7,100,2025年,木造,住宅,住宅,南西,区道,5.4,準工業,60,200,2026年第1四半期,
宅地(土地と建物),不動産取引価格情報,住宅地,13123,東京都,江戸川区,平井,平井(東京),14,11000000,,35,,不整形,10,55,1984年,木造,住宅,住宅,北西,区道,6,１種住居,60,300,2026年第1四半期,
宅地(土地),不動産取引価格情報,住宅地,13123,東京都,江戸川区,平井,平井(東京),13,25000000,400000,210,120000,不整形,8,,,,,住宅,北東,区道,3.8,１種住居,60,200,2026年第1四半期,
宅地(土地と建物),不動産取引価格情報,住宅地,13123,東京都,江戸川区,本一色,新小岩,20,500000,,85,,不整形,1.8,95,1960年,木造,住宅,その他,北,道路,3.3,１中住専,60,150,2026年第1四半期,
宅地(土地と建物),不動産取引価格情報,住宅地,13123,東京都,江戸川区,松江,一之江,13,40000000,,70,,ほぼ長方形,,100,2007年,鉄骨造,住宅,住宅,南西,私道,4,近隣商業,80,300,2026年第1四半期,私道を含む取引
宅地(土地),不動産取引価格情報,住宅地,13123,東京都,江戸川区,松島,新小岩,20,20000000,1100000,60,330000,長方形,5.5,,,,,住宅,北東,区道,8,１種住居,60,300,2026年第1四半期,
宅地(土地),不動産取引価格情報,商業地,13123,東京都,江戸川区,松本,新小岩,24,70000000,950000,240,290000,ほぼ台形,13.4,,,,,住宅,南西,区道,8.2,近隣商業,80,200,2026年第1四半期,
宅地(土地),不動産取引価格情報,商業地,13123,東京都,江戸川区,南小岩,小岩,13,14000000,390000,115,120000,ほぼ長方形,9,,,,,住宅,南東,国道,12.2,近隣商業,80,400,2026年第1四半期,私道を含む取引
宅地(土地と建物),不動産取引価格情報,商業地,13123,東京都,江戸川区,南篠崎町,瑞江,3,400000000,,450,,不整形,24,570,1997年,鉄骨造,共同住宅、店舗,その他,西,区道,14,近隣商業,80,300,2026年第1四半期,
宅地(土地と建物),成約価格情報,,13201,東京都,八王子市,暁町,八王子,,16000000,,475,,,,145,1987年,木造,,,西,公道,6,１中住専,60,200,2026年第1四半期,
宅地(土地と建物),成約価格情報,,13201,東京都,八王子市,泉町,西八王子,,28000000,,120,,,,95,2025年,木造,,,南西,公道,5,１低住専,40,80,2026年第1四半期,
宅地(土地と建物),成約価格情報,,13201,東京都,八王子市,泉町,西八王子,,12000000,,115,,,,70,2017年,木造,,,西,公道,5,１低住専,40,80,2026年第1四半期,
宅地(土地と建物),成約価格情報,,13201,東京都,八王子市,泉町,西八王子,,29000000,,135,,,,95,2026年,木造,,,東,公道,5.5,１低住専,40,80,2026年第1四半期,
宅地(土地と建物),成約価格情報,,13201,東京都,八王子市,川町,高尾(東京),,9900000,,215,,,,140,1988年,木造,,,西,公道,6,１低住専,40,80,2026年第1四半期,
宅地(土地と建物),成約価格情報,,13201,東京都,八王子市,清川町,西八王子,25,30000000,,205,,,,195,1996年,軽量鉄骨造,,,北,公道,4,１低住専,50,100,2026年第1四半期,
宅地(土地と建物),成約価格情報,,13201,東京都,八王子市,清川町,西八王子,,30000000,,105,,,,105,2022年,木造,,,,,,１低住専,50,100,2026年第1四半期,
宅地(土地と建物),成約価格情報,,13201,東京都,八王子市,下恩方町,高尾(東京),,26000000,,135,,,,100,2025年,木造,,,南西,私道,6,１低住専,40,80,2026年第1四半期,
宅地(土地と建物),成約価格情報,,13201,東京都,八王子市,下恩方町,高尾(東京),,25000000,,130,,,,95,2025年,木造,,,南西,私道,6,１低住専,40,80,2026年第1四半期,
宅地(土地と建物),成約価格情報,,13201,東京都,八王子市,下恩方町,高尾(東京),,27000000,,155,,,,105,2025年,木造,,,南西,私道,6,１低住専,40,80,2026年第1四半期,
宅地(土地と建物),成約価格情報,,13201,東京都,八王子市,下恩方町,高尾(東京),,29000000,,150,,,,105,2025年,木造,,,南西,私道,6,１低住専,40,80,2026年第1四半期,
宅地(土地と建物),成約価格情報,,13201,東京都,八王子市,下恩方町,高尾(東京),,31000000,,260,,,,100,2025年,木造,,,南東,私道,4,１低住専,40,80,2026年第1四半期,
宅地(土地と建物),成約価格情報,,13201,東京都,八王子市,館町,めじろ台,20,20000000,,130,,,,110,1990年,木造,,,北,公道,4,１低住専,50,100,2026年第1四半期,
宅地(土地と建物),成約価格情報,,13201,東京都,八王子市,館町,めじろ台,,8000000,,105,,,,80,1989年,木造,,,,,,１低住専,40,80,2026年第1四半期,
宅地(土地と建物),成約価格情報,,13201,東京都,八王子市,館町,狭間,15,36000000,,160,,,,100,2025年,木造,,,北,公道,3.3,１低住専,40,80,2026年第1四半期,
宅地(土地と建物),成約価格情報,,13201,東京都,八王子市,館町,狭間,30分～60分,21000000,,185,,,,105,2004年,木造,,,南,公道,5,１低住専,50,80,2026年第1四半期,
宅地(土地と建物),成約価格情報,,13201,東京都,八王子市,中野山王,八王子,30分～60分,35000000,,105,,,,105,2025年,木造,,,北,公道,4,準工業,60,200,2026年第1四半期,
宅地(土地と建物),成約価格情報,,13201,東京都,八王子市,中野山王,八王子,,33000000,,110,,,,90,2025年,木造,,,西,公道,4,準工業,60,200,2026年第1四半期,
宅地(土地と建物),成約価格情報,,13201,東京都,八王子市,中野山王,八王子,,22000000,,110,,,,95,1998年,木造,,,西,公道,4.8,準工業,60,200,2026年第1四半期,
宅地(土地と建物),成約価格情報,,13201,東京都,八王子市,中野山王,八王子,,32000000,,100,,,,100,2007年,木造,,,,,,準工業,60,200,2026年第1四半期,
宅地(土地と建物),成約価格情報,,13201,東京都,八王子市,中山,北野(東京),,33000000,,140,,,,100,2026年,木造,,,南,私道,4.5,１低住専,40,80,2026年第1四半期,
宅地(土地と建物),成約価格情報,,13201,東京都,八王子市,中山,北野(東京),,35000000,,140,,,,100,2026年,木造,,,南,私道,4.5,１低住専,40,80,2026年第1四半期,
宅地(土地と建物),成約価格情報,,13201,東京都,八王子市,楢原町,八王子,,33000000,,145,,,,105,2025年,木造,,,,,,１低住専,40,80,2026年第1四半期,
宅地(土地と建物),成約価格情報,,13201,東京都,八王子市,楢原町,八王子,,25000000,,135,,,,105,2020年,木造,,,南東,私道,5,１低住専,40,80,2026年第1四半期,
宅地(土地と建物),成約価格情報,,13201,東京都,八王子市,楢原町,西八王子,,26000000,,140,,,,100,2002年,木造,,,,,,１低住専,40,80,2026年第1四半期,
宅地(土地と建物),成約価格情報,,13201,東京都,八王子市,東中野,京王堀之内,25,52000000,,190,,,,110,2019年,軽量鉄骨造,,,,,,１低住専,40,80,2026年第1四半期,
宅地(土地と建物),成約価格情報,,13201,東京都,八王子市,東中野,京王堀之内,15,49000000,,170,,,,100,2010年,木造,,,,,,１低住専,40,80,2026年第1四半期,
宅地(土地と建物),成約価格情報,,13201,東京都,八王子市,富士見町,京王八王子,,41000000,,115,,,,110,2025年,木造,,,北,公道,4,１低住専,50,100,2026年第1四半期,
宅地(土地と建物),成約価格情報,,13201,東京都,八王子市,富士見町,京王八王子,,41000000,,115,,,,110,2025年,木造,,,北,公道,4,１低住専,50,100,2026年第1四半期,
宅地(土地と建物),成約価格情報,,13201,東京都,八王子市,富士見町,京王八王子,20,45000000,,130,,,,105,2026年,木造,,,西,公道,4,１低住専,50,100,2026年第1四半期,
宅地(土地と建物),成約価格情報,,13201,東京都,八王子市,富士見町,京王八王子,,41000000,,115,,,,110,2025年,木造,,,北,公道,4,１低住専,50,100,2026年第1四半期,
宅地(土地と建物),成約価格情報,,13201,東京都,八王子市,別所,南大沢,15,66000000,,170,,,,135,2006年,木造,,,北東,公道,6,１中住専,50,150,2026年第1四半期,
宅地(土地と建物),成約価格情報,,13201,東京都,八王子市,別所,京王堀之内,20,38000000,,190,,,,135,1994年,木造,,,北,公道,6,１中住専,50,80,2026年第1四半期,
宅地(土地と建物),成約価格情報,,13201,東京都,八王子市,別所,南大沢,15,67000000,,190,,,,140,2006年,木造,,,南,公道,16,１中住専,50,150,2026年第1四半期,
宅地(土地と建物),成約価格情報,,13201,東京都,八王子市,別所,南大沢,,56000000,,190,,,,125,1999年,木造,,,北西,公道,6,１低住専,40,80,2026年第1四半期,
宅地(土地と建物),成約価格情報,,13201,東京都,八王子市,南大沢,南大沢,15,40000000,,190,,,,120,1992年,木造,,,北,公道,5.9,１低住専,40,80,2026年第1四半期,
宅地(土地と建物),成約価格情報,,13201,東京都,八王子市,横川町,西八王子,,16000000,,135,,,,90,1999年,木造,,,北西,公道,6,１低住専,40,80,2026年第1四半期,
宅地(土地と建物),成約価格情報,,13201,東京都,八王子市,横川町,西八王子,,39000000,,175,,,,105,2025年,木造,,,,公道,5,１低住専,40,80,2026年第1四半期,
宅地(土地と建物),成約価格情報,,13201,東京都,八王子市,横川町,西八王子,15,17000000,,100,,,,75,1992年,木造,,,,,2.7,１低住専,40,80,2026年第1四半期,
宅地(土地と建物),成約価格情報,,13201,東京都,八王子市,兵衛,八王子みなみ野,10,49000000,,170,,,,120,2007年,軽量鉄骨造,,,西,公道,6.5,１低住専,50,100,2026年第1四半期,
宅地(土地と建物),成約価格情報,,13201,東京都,八王子市,石川町,小宮,10,27000000,,150,,,,90,1995年,木造,,,南西,公道,5,１低住専,40,80,2026年第1四半期,
宅地(土地と建物),成約価格情報,,13201,東京都,八王子市,犬目町,西八王子,,27000000,,105,,,,85,2025年,木造,,,,,,１低住専,40,80,2026年第1四半期,
宅地(土地と建物),成約価格情報,,13201,東京都,八王子市,打越町,北野(東京),10,18000000,,95,,,,75,1994年,軽量鉄骨造,,,西,公道,5.4,１低住専,40,80,2026年第1四半期,
宅地(土地と建物),成約価格情報,,13201,東京都,八王子市,打越町,片倉,15,33000000,,105,,,,80,2025年,木造,,,北西,公道,4,１低住専,40,80,2026年第1四半期,
宅地(土地と建物),成約価格情報,,13201,東京都,八王子市,打越町,片倉,15,42000000,,205,,,,155,1997年,軽量鉄骨造,,,南西,公道,5,１低住専,40,80,2026年第1四半期,
宅地(土地と建物),成約価格情報,,13201,東京都,八王子市,打越町,北野(東京),15,35000000,,105,,,,95,2010年,木造,,,南東,公道,5,２中住専,60,200,2026年第1四半期,
宅地(土地と建物),成約価格情報,,13201,東京都,八王子市,宇津木町,八王子,,34000000,,110,,,,100,2025年,木造,,,,,,準工業,60,200,2026年第1四半期,
宅地(土地と建物),成約価格情報,,13201,東京都,八王子市,宇津木町,八王子,,11000000,,165,,,,90,1975年,木造,,,,,6,１低住専,40,80,2026年第1四半期,
宅地(土地と建物),成約価格情報,,13201,東京都,八王子市,叶谷町,八王子,,20000000,,130,,,,100,2011年,木造,,,,,,１低住専,40,80,2026年第1四半期,
宅地(土地と建物),成約価格情報,,13201,東京都,八王子市,北野台,八王子,,44000000,,205,,,,110,2025年,木造,,,北,公道,5.9,１低住専,40,80,2026年第1四半期,
宅地(土地と建物),成約価格情報,,13201,東京都,八王子市,北野台,北野(東京),,56000000,,175,,,,110,2025年,木造,,,,公道,6,１低住専,40,80,2026年第1四半期,
宅地(土地と建物),成約価格情報,,13201,東京都,八王子市,北野町,北野(東京),5,39000000,,230,,,,55,2015年,木造,,,南西,公道,6,準工業,60,200,2026年第1四半期,
宅地(土地と建物),成約価格情報,,13201,東京都,八王子市,越野,京王堀之内,20,70000000,,235,,,,135,2014年,軽量鉄骨造,,,北東,公道,6,１低住専,40,80,2026年第1四半期,
宅地(土地と建物),成約価格情報,,13201,東京都,八王子市,小比企町,京王片倉,15,40000000,,165,,,,110,1999年,軽量鉄骨造,,,南,公道,6,１低住専,40,80,2026年第1四半期,
宅地(土地と建物),成約価格情報,,13201,東京都,八王子市,小比企町,山田(東京),10,18000000,,130,,,,120,1989年,軽量鉄骨造,,,南西,公道,4.5,準住居,40,80,2026年第1四半期,
宅地(土地と建物),成約価格情報,,13201,東京都,八王子市,小比企町,山田(東京),10,26000000,,825,,,,90,1971年,木造,,,,,,２中住専,60,200,2026年第1四半期,
宅地(土地と建物),成約価格情報,,13201,東京都,八王子市,台町,西八王子,15,48000000,,155,,,,110,2006年,木造,,,南,公道,6,準工業,60,200,2026年第1四半期,
宅地(土地と建物),成約価格情報,,13201,東京都,八王子市,台町,西八王子,10,49000000,,90,,,,105,2025年,木造,,,南,公道,6,１種住居,70,200,2026年第1四半期,
宅地(土地と建物),成約価格情報,,13201,東京都,八王子市,台町,西八王子,15,41000000,,90,,,,90,2026年,木造,,,北,公道,6,１中住専,60,200,2026年第1四半期,
宅地(土地と建物),成約価格情報,,13201,東京都,八王子市,台町,八王子,25,34000000,,110,,,,100,2025年,木造,,,南,公道,11,２中住専,60,200,2026年第1四半期,
宅地(土地と建物),成約価格情報,,13201,東京都,八王子市,寺田町,めじろ台,,36000000,,140,,,,105,2025年,木造,,,,,,１低住専,40,80,2026年第1四半期,
宅地(土地と建物),成約価格情報,,13201,東京都,八王子市,寺田町,めじろ台,,32000000,,285,,,,45,1953年,木造,,,南,公道,19.7,２中住専,60,200,2026年第1四半期,
宅地(土地と建物),成約価格情報,,13201,東京都,八王子市,中野町,八王子,,29000000,,125,,,,100,2023年,木造,,,南東,私道,6,１低住専,40,80,2026年第1四半期,
宅地(土地と建物),成約価格情報,,13201,東京都,八王子市,中野町,八王子,,25000000,,130,,,,105,2007年,木造,,,,,,１低住専,40,80,2026年第1四半期,
宅地(土地と建物),成約価格情報,,13201,東京都,八王子市,西寺方町,高尾(東京),,5500000,,110,,,,40,1969年,木造,,,南西,公道,3.6,２中住専,60,200,2026年第1四半期,
宅地(土地と建物),成約価格情報,,13201,東京都,八王子市,西寺方町,高尾(東京),,15000000,,195,,,,110,1978年,軽量鉄骨造,,,,,,１低住専,40,80,2026年第1四半期,
宅地(土地と建物),成約価格情報,,13201,東京都,八王子市,狭間町,高尾(東京),15,35000000,,110,,,,95,2025年,木造,,,,,,１中住専,60,200,2026年第1四半期,
宅地(土地と建物),成約価格情報,,13201,東京都,八王子市,狭間町,高尾(東京),10,35000000,,120,,,,100,2013年,木造,,,,私道,,１中住専,60,200,2026年第1四半期,
宅地(土地と建物),成約価格情報,,13201,東京都,八王子市,緑町,八王子,20,35000000,,175,,,,130,1995年,木造,,,北西,私道,5,１低住専,40,80,2026年第1四半期,
宅地(土地と建物),成約価格情報,,13201,東京都,八王子市,緑町,山田(東京),10,45000000,,150,,,,110,2025年,木造,,,南西,私道,4.5,１低住専,40,80,2026年第1四半期,
宅地(土地と建物),成約価格情報,,13201,東京都,八王子市,緑町,八王子,15,50000000,,150,,,,105,2026年,木造,,,南,公道,4,１低住専,40,80,2026年第1四半期,
宅地(土地と建物),成約価格情報,,13201,東京都,八王子市,緑町,山田(東京),5,26000000,,125,,,,95,2010年,木造,,,西,私道,5,１中住専,60,200,2026年第1四半期,
宅地(土地と建物),成約価格情報,,13201,東京都,八王子市,元八王子町,高尾(東京),,15000000,,265,,,,165,1994年,木造,,,南東,公道,6,１低住専,40,80,2026年第1四半期,
宅地(土地と建物),成約価格情報,,13201,東京都,八王子市,元八王子町,高尾(東京),,29000000,,125,,,,100,2025年,木造,,,南,私道,5,１低住専,40,80,2026年第1四半期,
宅地(土地と建物),成約価格情報,,13201,東京都,八王子市,元八王子町,高尾(東京),,23000000,,130,,,,105,2025年,木造,,,西,私道,5,１低住専,40,80,2026年第1四半期,
宅地(土地と建物),成約価格情報,,13201,東京都,八王子市,元八王子町,高尾(東京),,26000000,,125,,,,100,2025年,木造,,,北,私道,5,１低住専,40,80,2026年第1四半期,
宅地(土地と建物),成約価格情報,,13201,東京都,八王子市,元八王子町,高尾(東京),,27000000,,120,,,,95,2025年,木造,,,南西,私道,5,１低住専,40,80,2026年第1四半期,
宅地(土地と建物),成約価格情報,,13201,東京都,八王子市,元八王子町,高尾(東京),,27000000,,125,,,,100,2025年,木造,,,南,私道,5,１低住専,40,80,2026年第1四半期,
宅地(土地と建物),成約価格情報,,13201,東京都,八王子市,元八王子町,高尾(東京),,32000000,,125,,,,100,2025年,木造,,,南,私道,5,１低住専,40,80,2026年第1四半期,
宅地(土地と建物),成約価格情報,,13201,東京都,八王子市,元八王子町,高尾(東京),,19000000,,200,,,,120,1987年,木造,,,西,公道,6,１低住専,40,80,2026年第1四半期,
宅地(土地と建物),成約価格情報,,13201,東京都,八王子市,元八王子町,高尾(東京),25,30000000,,130,,,,100,2025年,木造,,,北,公道,7,１低住専,40,80,2026年第1四半期,
宅地(土地と建物),成約価格情報,,13201,東京都,八王子市,元八王子町,高尾(東京),25,28000000,,125,,,,90,2025年,木造,,,北,公道,5,１低住専,40,80,2026年第1四半期,
宅地(土地と建物),成約価格情報,,13201,東京都,八王子市,元八王子町,高尾(東京),,28000000,,125,,,,100,2026年,木造,,,,,,１低住専,40,80,2026年第1四半期,
宅地(土地と建物),成約価格情報,,13201,東京都,八王子市,元八王子町,高尾(東京),,13000000,,130,,,,80,1990年,木造,,,,公道,4,１低住専,40,80,2026年第1四半期,
宅地(土地と建物),成約価格情報,,13201,東京都,八王子市,元八王子町,高尾(東京),,20000000,,130,,,,80,1991年,木造,,,,,,１低住専,40,80,2026年第1四半期,
宅地(土地と建物),成約価格情報,,13201,東京都,八王子市,谷野町,八王子,,21000000,,140,,,,95,2010年,木造,,,,公道,,１低住専,40,80,2026年第1四半期,
宅地(土地と建物),成約価格情報,,13201,東京都,八王子市,山田町,めじろ台,15,26000000,,155,,,,100,1983年,木造,,,南西,公道,20,１低住専,40,80,2026年第1四半期,
宅地(土地と建物),成約価格情報,,13201,東京都,八王子市,山田町,山田(東京),10,26000000,,120,,,,100,1998年,木造,,,南東,公道,6,１低住専,50,100,2026年第1四半期,
宅地(土地と建物),成約価格情報,,13201,東京都,八王子市,みなみ野,八王子みなみ野,15,54000000,,180,,,,140,2002年,木造,,,北西,公道,6,１低住専,50,100,2026年第1四半期,
宅地(土地と建物),成約価格情報,,13201,東京都,八王子市,大塚,大塚・帝京大学,5,18000000,,220,,,,165,1990年,軽量鉄骨造,,,南,公道,4,１低住専,40,80,2026年第1四半期,
宅地(土地と建物),成約価格情報,,13201,東京都,八王子市,大谷町,八王子,,39000000,,150,,,,105,2025年,木造,,,,,,１低住専,50,100,2026年第1四半期,
宅地(土地と建物),成約価格情報,,13201,東京都,八王子市,大和田町,八王子,,29000000,,110,,,,90,2025年,木造,,,南,私道,5,１低住専,40,80,2026年第1四半期,
宅地(土地と建物),成約価格情報,,13201,東京都,八王子市,小門町,八王子,20,46000000,,95,,,,100,2021年,木造,,,北,公道,7,準工業,60,200,2026年第1四半期,
宅地(土地と建物),成約価格情報,,13201,東京都,八王子市,小門町,西八王子,15,42000000,,105,,,,85,2025年,木造,,,,,,準工業,60,200,2026年第1四半期,
宅地(土地と建物),成約価格情報,,13201,東京都,八王子市,鹿島,松が谷,10,49000000,,115,,,,90,2026年,木造,,,北,公道,6,１低住専,40,80,2026年第1四半期,
宅地(土地と建物),成約価格情報,,13201,東京都,八王子市,鹿島,松が谷,10,55000000,,115,,,,95,2026年,木造,,,南,公道,6,１低住専,40,80,2026年第1四半期,
宅地(土地と建物),成約価格情報,,13201,東京都,八王子市,上壱分方町,西八王子,,22000000,,140,,,,95,2014年,木造,,,西,私道,4.5,１低住専,40,80,2026年第1四半期,
宅地(土地と建物),成約価格情報,,13201,東京都,八王子市,上壱分方町,西八王子,,15000000,,140,,,,80,2001年,木造,,,西,私道,4.5,１低住専,40,80,2026年第1四半期,
宅地(土地と建物),成約価格情報,,13201,東京都,八王子市,川口町,八王子,,25000000,,155,,,,100,2025年,木造,,,北東,私道,5,１低住専,40,80,2026年第1四半期,
宅地(土地と建物),成約価格情報,,13201,東京都,八王子市,川口町,八王子,,28000000,,155,,,,105,2025年,木造,,,南東,私道,5,１低住専,40,80,2026年第1四半期,
宅地(土地と建物),成約価格情報,,13201,東京都,八王子市,川口町,八王子,,32000000,,140,,,,100,2025年,木造,,,東,私道,4.5,１低住専,40,80,2026年第1四半期,
宅地(土地と建物),成約価格情報,,13201,東京都,八王子市,川口町,八王子,,34000000,,210,,,,105,2025年,木造,,,北西,公道,9,１低住専,40,80,2026年第1四半期,
宅地(土地と建物),成約価格情報,,13201,東京都,八王子市,川口町,八王子,,15000000,,140,,,,85,2000年,木造,,,,,,１低住専,40,80,2026年第1四半期,
宅地(土地と建物),成約価格情報,,13201,東京都,八王子市,川口町,八王子,,22000000,,165,,,,100,2025年,木造,,,南東,公道,2.9,１低住専,40,80,2026年第1四半期,
宅地(土地と建物),成約価格情報,,13201,東京都,八王子市,川口町,八王子,,25000000,,135,,,,100,2025年,木造,,,南西,私道,5,１低住専,40,80,2026年第1四半期,
宅地(土地と建物),成約価格情報,,13201,東京都,八王子市,絹ケ丘,北野(東京),20,42000000,,245,,,,195,1999年,木造,,,北東,公道,6.5,１低住専,40,80,2026年第1四半期,
宅地(土地と建物),成約価格情報,,13201,東京都,八王子市,絹ケ丘,長沼(東京),15,50000000,,240,,,,105,2025年,木造,,,北西,公道,4.5,１低住専,40,80,2026年第1四半期,
宅地(土地と建物),成約価格情報,,13201,東京都,八王子市,絹ケ丘,北野(東京),25,36000000,,160,,,,115,2012年,木造,,,南西,公道,4,１低住専,40,80,2026年第1四半期,
宅地(土地と建物),成約価格情報,,13201,東京都,八王子市,小宮町,小宮,10,37000000,,130,,,,100,2025年,木造,,,北西,私道,4.5,１低住専,40,80,2026年第1四半期,
宅地(土地と建物),成約価格情報,,13201,東京都,八王子市,子安町,八王子,15,43000000,,60,,,,110,2025年,木造,,,東,公道,5,２種住居,60,200,2026年第1四半期,
宅地(土地と建物),成約価格情報,,13201,東京都,八王子市,子安町,八王子,15,41000000,,80,,,,100,2025年,木造,,,東,公道,5,２種住居,60,200,2026年第1四半期,
宅地(土地と建物),成約価格情報,,13201,東京都,八王子市,子安町,八王子,10,130000000,,435,,,,180,2000年,鉄骨造,,,北,公道,6,２中住専,60,200,2026年第1四半期,
宅地(土地と建物),成約価格情報,,13201,東京都,八王子市,子安町,八王子,10,75000000,,105,,,,85,2021年,軽量鉄骨造,,,北,公道,8,１種住居,60,200,2026年第1四半期,
宅地(土地と建物),成約価格情報,,13201,東京都,八王子市,子安町,八王子,10,69000000,,130,,,,190,1987年,軽量鉄骨造,,,北,公道,7.9,２中住専,60,200,2026年第1四半期,
宅地(土地と建物),成約価格情報,,13201,東京都,八王子市,散田町,西八王子,20,36000000,,105,,,,85,2025年,木造,,,,,,１低住専,40,80,2026年第1四半期,
宅地(土地と建物),成約価格情報,,13201,東京都,八王子市,散田町,西八王子,5,42000000,,85,,,,105,2013年,軽量鉄骨造,,,南東,公道,6,１種住居,60,200,2026年第1四半期,
宅地(土地と建物),成約価格情報,,13201,東京都,八王子市,散田町,西八王子,10,52000000,,95,,,,105,2025年,木造,,,,,,１種住居,60,200,2026年第1四半期,
宅地(土地と建物),成約価格情報,,13201,東京都,八王子市,散田町,西八王子,15,35000000,,105,,,,80,2025年,木造,,,,,,１低住専,40,80,2026年第1四半期,
宅地(土地と建物),成約価格情報,,13201,東京都,八王子市,散田町,西八王子,15,49000000,,125,,,,95,2026年,木造,,,,私道,5,１低住専,40,80,2026年第1四半期,
宅地(土地と建物),成約価格情報,,13201,東京都,八王子市,散田町,西八王子,15,44000000,,125,,,,100,2026年,木造,,,,私道,5,１低住専,40,80,2026年第1四半期,
宅地(土地と建物),成約価格情報,,13201,東京都,八王子市,諏訪町,西八王子,,28000000,,125,,,,90,2025年,木造,,,南東,公道,5,１低住専,40,80,2026年第1四半期,
宅地(土地と建物),成約価格情報,,13201,東京都,八王子市,諏訪町,西八王子,,27000000,,125,,,,100,2025年,木造,,,北東,公道,5.5,１低住専,50,80,2026年第1四半期,
宅地(土地と建物),成約価格情報,,13201,東京都,八王子市,丹木町,八王子,,31000000,,135,,,,100,2023年,木造,,,南西,公道,4.7,１低住専,40,80,2026年第1四半期,
宅地(土地と建物),成約価格情報,,13201,東京都,八王子市,戸吹町,秋川,,17000000,,140,,,,100,2006年,木造,,,,,,１低住専,40,80,2026年第1四半期,
宅地(土地と建物),成約価格情報,,13201,東京都,八王子市,長沼町,長沼(東京),5,50000000,,135,,,,110,2025年,木造,,,,,,１低住専,40,80,2026年第1四半期,
宅地(土地と建物),成約価格情報,,13201,東京都,八王子市,長沼町,長沼(東京),5,25000000,,105,,,,90,2005年,木造,,,南西,私道,4.5,１低住専,40,80,2026年第1四半期,
宅地(土地と建物),成約価格情報,,13201,東京都,八王子市,長沼町,平山城址公園,15,10000000,,70,,,,105,1989年,木造,,,北,私道,4.7,１低住専,40,80,2026年第1四半期,
宅地(土地と建物),成約価格情報,,13201,東京都,八王子市,長沼町,平山城址公園,10,50000000,,205,,,,115,2021年,木造,,,,,,１低住専,40,80,2026年第1四半期,
宅地(土地と建物),成約価格情報,,13201,東京都,八王子市,長房町,西八王子,20,33000000,,200,,,,95,2025年,木造,,,南,公道,4,１低住専,50,100,2026年第1四半期,
宅地(土地と建物),成約価格情報,,13201,東京都,八王子市,南陽台,北野(東京),,17000000,,235,,,,120,1977年,木造,,,北,公道,5,１低住専,40,80,2026年第1四半期,
宅地(土地と建物),成約価格情報,,13201,東京都,八王子市,南陽台,長沼(東京),20,19000000,,220,,,,160,1990年,木造,,,北西,公道,6,１低住専,40,80,2026年第1四半期,
宅地(土地と建物),成約価格情報,,13201,東京都,八王子市,南陽台,長沼(東京),25,30000000,,195,,,,120,1996年,木造,,,南東,公道,6,１低住専,40,80,2026年第1四半期,
宅地(土地と建物),成約価格情報,,13201,東京都,八王子市,南陽台,長沼(東京),25,27000000,,170,,,,135,1996年,軽量鉄骨造,,,北,公道,6,１低住専,40,80,2026年第1四半期,
宅地(土地と建物),成約価格情報,,13201,東京都,八王子市,南陽台,長沼(東京),20,56000000,,255,,,,285,1998年,ＲＣ,,,,,,２中住専,60,200,2026年第1四半期,
宅地(土地と建物),成約価格情報,,13201,東京都,八王子市,堀之内,京王堀之内,20,80000000,,215,,,,145,2020年,軽量鉄骨造,,,,公道,,１低住専,40,80,2026年第1四半期,
宅地(土地と建物),成約価格情報,,13201,東京都,八王子市,めじろ台,めじろ台,15,48000000,,190,,,,110,2025年,木造,,,西,公道,18.8,１低住専,40,80,2026年第1四半期,
宅地(土地と建物),成約価格情報,,13201,東京都,八王子市,めじろ台,めじろ台,15,46000000,,195,,,,110,2025年,木造,,,西,公道,18.8,１低住専,40,80,2026年第1四半期,
宅地(土地と建物),成約価格情報,,13201,東京都,八王子市,めじろ台,めじろ台,10,47000000,,230,,,,155,2006年,木造,,,北西,公道,5,１低住専,40,80,2026年第1四半期,
宅地(土地と建物),成約価格情報,,13201,東京都,八王子市,めじろ台,めじろ台,15,27000000,,110,,,,90,1994年,木造,,,南西,私道,5,１低住専,40,80,2026年第1四半期,
宅地(土地と建物),成約価格情報,,13201,東京都,八王子市,めじろ台,めじろ台,5,50000000,,230,,,,135,1998年,軽量鉄骨造,,,南東,公道,5,１低住専,40,80,2026年第1四半期,
宅地(土地と建物),成約価格情報,,13201,東京都,八王子市,元横山町,八王子,20,43000000,,85,,,,100,2026年,木造,,,南,私道,4,準工業,60,200,2026年第1四半期,
宅地(土地と建物),成約価格情報,,13201,東京都,八王子市,元横山町,八王子,10,62000000,,80,,,,105,2024年,木造,,,南,公道,7.5,近隣商業,80,300,2026年第1四半期,
宅地(土地と建物),成約価格情報,,13201,東京都,八王子市,西片倉,八王子みなみ野,10,37000000,,180,,,,145,1997年,木造,,,北東,公道,5,１低住専,50,100,2026年第1四半期,
宅地(土地と建物),成約価格情報,,13201,東京都,八王子市,片倉町,片倉,15,56000000,,205,,,,110,2026年,木造,,,,,,１低住専,50,80,2026年第1四半期,
宅地(土地と建物),成約価格情報,,13201,東京都,八王子市,片倉町,片倉,5,62000000,,305,,,,125,1987年,木造,,,,,,１低住専,50,100,2026年第1四半期,
宅地(土地と建物),成約価格情報,,13201,東京都,八王子市,片倉町,京王片倉,5,62000000,,215,,,,185,2006年,木造,,,北,公道,13.3,２中住専,60,200,2026年第1四半期,
宅地(土地と建物),成約価格情報,,13201,東京都,八王子市,上柚木,南大沢,,39000000,,120,,,,95,2026年,木造,,,西,公道,3.3,１低住専,40,80,2026年第1四半期,
宅地(土地と建物),成約価格情報,,13201,東京都,八王子市,上柚木,南大沢,15,40000000,,145,,,,110,2025年,木造,,,南,公道,6,１低住専,40,80,2026年第1四半期,
宅地(土地と建物),成約価格情報,,13201,東京都,八王子市,久保山町,小宮,20,13000000,,135,,,,100,1987年,木造,,,,,,１種住居,60,200,2026年第1四半期,
宅地(土地と建物),成約価格情報,,13201,東京都,八王子市,下柚木,南大沢,,30000000,,165,,,,135,2003年,木造,,,南西,公道,6,１低住専,40,80,2026年第1四半期,
宅地(土地と建物),成約価格情報,,13201,東京都,八王子市,下柚木,京王堀之内,,42000000,,200,,,,105,2025年,木造,,,,,,１低住専,40,80,2026年第1四半期,
宅地(土地と建物),成約価格情報,,13201,東京都,八王子市,千人町,西八王子,10,35000000,,90,,,,95,2003年,木造,,,南,公道,7.3,準工業,60,200,2026年第1四半期,
宅地(土地と建物),成約価格情報,,13201,東京都,八王子市,弐分方町,西八王子,,19000000,,130,,,,105,2012年,木造,,,,公道,5,１低住専,40,80,2026年第1四半期,
宅地(土地と建物),成約価格情報,,13201,東京都,八王子市,弐分方町,西八王子,,9500000,,130,,,,70,1985年,木造,,,北,私道,4,１低住専,40,80,2026年第1四半期,
宅地(土地と建物),成約価格情報,,13201,東京都,八王子市,東浅川町,めじろ台,10,30000000,,110,,,,80,2012年,木造,,,東,公道,,１種住居,60,200,2026年第1四半期,
宅地(土地と建物),成約価格情報,,13201,東京都,八王子市,本町,八王子,20,36000000,,140,,,,100,2003年,木造,,,北,公道,4.9,準工業,60,200,2026年第1四半期,
宅地(土地と建物),成約価格情報,,13201,東京都,八王子市,丸山町,小宮,25,17000000,,100,,,,80,1996年,木造,,,北,公道,6,１低住専,40,80,2026年第1四半期,
宅地(土地と建物),成約価格情報,,13201,東京都,八王子市,七国,八王子みなみ野,25,40000000,,170,,,,105,2005年,木造,,,西,公道,6,１低住専,50,100,2026年第1四半期,
宅地(土地と建物),成約価格情報,,13201,東京都,八王子市,七国,八王子みなみ野,,42000000,,190,,,,95,2007年,木造,,,南西,公道,11,１低住専,40,80,2026年第1四半期,
宅地(土地と建物),成約価格情報,,13201,東京都,八王子市,七国,八王子みなみ野,20,50000000,,175,,,,110,2014年,木造,,,北東,公道,6,１低住専,50,100,2026年第1四半期,
宅地(土地と建物),成約価格情報,,13201,東京都,八王子市,七国,八王子みなみ野,,52000000,,265,,,,155,2004年,軽量鉄骨造,,,南西,公道,6,１低住専,50,100,2026年第1四半期,
宅地(土地と建物),不動産取引価格情報,住宅地,13201,東京都,八王子市,暁町,八王子,25,39000000,,110,,袋地等,2.2,100,2021年,木造,共同住宅,住宅,南,市道,4,準工業,60,200,2026年第1四半期,
宅地(土地と建物),不動産取引価格情報,住宅地,13201,東京都,八王子市,暁町,八王子,29,28000000,,135,,ほぼ長方形,7.8,,2025年,木造,住宅,住宅,北,市道,4.5,１低住専,40,80,2026年第1四半期,
宅地(土地と建物),不動産取引価格情報,住宅地,13201,東京都,八王子市,大船町,八王子みなみ野,25,11000000,,200,,袋地等,4.4,120,1994年,木造,住宅,住宅,北西,市道,6,１低住専,40,80,2026年第1四半期,
宅地(土地),不動産取引価格情報,住宅地,13201,東京都,八王子市,大船町,めじろ台,30分～60分,20000000,370000,175,110000,ほぼ台形,12.5,,,,,住宅,南,市道,4.5,１低住専,40,80,2026年第1四半期,
宅地(土地と建物),不動産取引価格情報,住宅地,13201,東京都,八王子市,大谷町,八王子,30分～60分,4500000,,155,,袋地等,,130,1987年,木造,住宅,住宅,南,私道,4,１低住専,50,100,2026年第1四半期,
宅地(土地),不動産取引価格情報,住宅地,13201,東京都,八王子市,大谷町,八王子,30分～60分,14000000,300000,150,92000,袋地等,5,,,,,,西,私道,5,１低住専,50,100,2026年第1四半期,
宅地(土地と建物),不動産取引価格情報,住宅地,13201,東京都,八王子市,大和田町,京王八王子,19,41000000,,110,,長方形,8,100,2025年,木造,住宅,住宅,南,市道,4,１低住専,50,100,2026年第1四半期,
宅地(土地と建物),不動産取引価格情報,住宅地,13201,東京都,八王子市,片倉町,片倉,3,41000000,,175,,不整形,5,70,,,,住宅,東,私道,5,１低住専,40,80,2026年第1四半期,
宅地(土地と建物),不動産取引価格情報,住宅地,13201,東京都,八王子市,片倉町,片倉,3,40000000,,165,,ほぼ台形,16.5,85,2026年,木造,住宅,住宅,北西,私道,5,１低住専,40,80,2026年第1四半期,
宅地(土地),不動産取引価格情報,住宅地,13201,東京都,八王子市,片倉町,京王片倉,8,6500000,280000,80,84000,ほぼ長方形,9.7,,,,,住宅,北,私道,4,１低住専,40,80,2026年第1四半期,
宅地(土地と建物),不動産取引価格情報,住宅地,13201,東京都,八王子市,叶谷町,八王子,1H～1H30,20000000,,130,,袋地等,2,100,2011年,木造,住宅,住宅,南西,市道,5,１低住専,40,80,2026年第1四半期,
宅地(土地と建物),不動産取引価格情報,住宅地,13201,東京都,八王子市,上壱分方町,豊田,1H～1H30,3000000,,95,,ほぼ長方形,10.2,60,1977年,木造,住宅,住宅,北西,私道,4.5,１低住専,40,80,2026年第1四半期,
宅地(土地),不動産取引価格情報,住宅地,13201,東京都,八王子市,上壱分方町,八王子,1H～1H30,15000000,210000,240,64000,ほぼ長方形,11.1,,,,,住宅,南,私道,5,１低住専,40,80,2026年第1四半期,
宅地(土地),不動産取引価格情報,住宅地,13201,東京都,八王子市,上壱分方町,八王子,1H～1H30,22000000,150000,470,47000,ほぼ台形,11.1,,,,,住宅,南西,市道,3.6,１低住専,40,80,2026年第1四半期,
宅地(土地と建物),不動産取引価格情報,住宅地,13201,東京都,八王子市,川口町,八王子,1H30～2H,26000000,,170,,ほぼ整形,4.5,100,2025年,木造,住宅,住宅,北東,道路,4.8,１低住専,40,80,2026年第1四半期,
宅地(土地と建物),不動産取引価格情報,住宅地,13201,東京都,八王子市,川口町,八王子,1H～1H30,5500000,,100,,不整形,4.3,70,1986年,木造,住宅,住宅,北東,私道,4,準工業,60,200,2026年第1四半期,
宅地(土地と建物),不動産取引価格情報,住宅地,13201,東京都,八王子市,川口町,八王子,1H30～2H,7800000,,165,,袋地等,2.5,100,2000年,木造,住宅,住宅,南東,市道,5,１低住専,40,80,2026年第1四半期,調停・競売等
宅地(土地と建物),不動産取引価格情報,住宅地,13201,東京都,八王子市,川口町,八王子,1H～1H30,23000000,,145,,袋地等,3,100,2025年,木造,住宅,住宅,北,市道,4.2,１中住専,50,200,2026年第1四半期,
宅地(土地と建物),不動産取引価格情報,住宅地,13201,東京都,八王子市,川口町,八王子,1H～1H30,35000000,,590,,ほぼ長方形,20,340,1985年,鉄骨造、木造,共同住宅、店舗,住宅,東,市道,4.5,１低住専,40,80,2026年第1四半期,
宅地(土地),不動産取引価格情報,住宅地,13201,東京都,八王子市,北野台,北野(東京),30分～60分,25000000,370000,220,110000,長方形,13.1,,,,,住宅,北西,市道,,１低住専,40,80,2026年第1四半期,
宅地(土地と建物),不動産取引価格情報,住宅地,13201,東京都,八王子市,北野町,北野(東京),6,37000000,,100,,ほぼ長方形,9,85,2002年,木造,住宅,住宅,北,市道,,１種住居,60,200,2026年第1四半期,
宅地(土地と建物),不動産取引価格情報,住宅地,13201,東京都,八王子市,絹ケ丘,北野(東京),18,26000000,,115,,ほぼ台形,,90,1989年,木造,住宅,住宅,北西,市道,4.5,１低住専,40,80,2026年第1四半期,
宅地(土地と建物),不動産取引価格情報,住宅地,13201,東京都,八王子市,絹ケ丘,北野(東京),15,42000000,,240,,ほぼ長方形,11.6,190,1999年,木造,住宅,住宅,北東,市道,6.5,１低住専,40,80,2026年第1四半期,
宅地(土地と建物),不動産取引価格情報,住宅地,13201,東京都,八王子市,椚田町,狭間,8,48000000,,110,,ほぼ長方形,5.9,110,2025年,木造,住宅,住宅,北,私道,4.5,準工業,60,200,2026年第1四半期,
宅地(土地),不動産取引価格情報,工業地,13201,東京都,八王子市,小宮町,小宮,9,40000000,350000,380,110000,ほぼ整形,7,,,,,,北西,市道,2.8,準工業,60,200,2026年第1四半期,
宅地(土地と建物),不動産取引価格情報,住宅地,13201,東京都,八王子市,子安町,八王子,4,67000000,,60,,ほぼ長方形,5.8,100,2025年,木造,住宅,住宅,南,市道,4,近隣商業,80,300,2026年第1四半期,
宅地(土地と建物),不動産取引価格情報,住宅地,13201,東京都,八王子市,子安町,八王子,12,110000000,,120,,長方形,10,180,2023年,木造,共同住宅,住宅,南西,市道,5,１種住居,60,200,2026年第1四半期,
宅地(土地と建物),不動産取引価格情報,住宅地,13201,東京都,八王子市,左入町,八王子,30分～60分,17000000,,160,,不整形,7.7,100,2000年,木造,住宅,住宅,北,市道,4,１低住専,40,80,2026年第1四半期,
宅地(土地と建物),不動産取引価格情報,住宅地,13201,東京都,八王子市,散田町,西八王子,6,52000000,,95,,ほぼ長方形,7.3,100,2025年,木造,住宅,住宅,東,市道,11,１種住居,60,200,2026年第1四半期,
宅地(土地),不動産取引価格情報,住宅地,13201,東京都,八王子市,下恩方町,高尾(東京),1H～1H30,7500000,40000,620,12000,ほぼ台形,20,,,,,,接面道路無,,,調整区域,40,80,2026年第1四半期,
宅地(土地と建物),不動産取引価格情報,住宅地,13201,東京都,八王子市,下恩方町,高尾(東京),30分～60分,25000000,,135,,ほぼ長方形,11,100,2025年,木造,住宅,住宅,南西,私道,6,１低住専,40,80,2026年第1四半期,
宅地(土地と建物),不動産取引価格情報,住宅地,13201,東京都,八王子市,下柚木,南大沢,26,39000000,,160,,ほぼ長方形,6.7,100,2015年,木造,住宅,住宅,南,市道,8.4,２中住専,60,200,2026年第1四半期,
宅地(土地と建物),不動産取引価格情報,住宅地,13201,東京都,八王子市,諏訪町,八王子,1H～1H30,29000000,,340,,袋地等,4.1,185,1990年,軽量鉄骨造,住宅,住宅,南西,市道,4,１低住専,40,80,2026年第1四半期,私道を含む取引
宅地(土地),不動産取引価格情報,住宅地,13201,東京都,八王子市,千人町,西八王子,4,35000000,1300000,85,400000,長方形,11.7,,,,,住宅,北東,市道,8,準工業,60,200,2026年第1四半期,
宅地(土地),不動産取引価格情報,住宅地,13201,東京都,八王子市,台町,西八王子,11,34000000,1100000,105,330000,長方形,11,,,,,住宅,北,市道,6,準工業,60,200,2026年第1四半期,
宅地(土地と建物),不動産取引価格情報,住宅地,13201,東京都,八王子市,台町,西八王子,8,8400000,,40,,ほぼ整形,7,55,1975年,木造,共同住宅,住宅,北,市道,15,近隣商業,80,200,2026年第1四半期,
宅地(土地と建物),不動産取引価格情報,商業地,13201,東京都,八王子市,大楽寺町,八王子,1H～1H30,22000000,,220,,台形,27.6,120,1982年,木造,住宅,倉庫,北東,都道,12,近隣商業,80,200,2026年第1四半期,
宅地(土地),不動産取引価格情報,住宅地,13201,東京都,八王子市,高尾町,高尾山口,4,30000,140,690,44,不整形,25,,,,,,東,市道,5,調整区域,40,80,2026年第1四半期,
宅地(土地),不動産取引価格情報,住宅地,13201,東京都,八王子市,館町,高尾(東京),18,15000000,98000,510,30000,ほぼ整形,26.8,,,,,その他,接面道路無,,,１中住専,60,200,2026年第1四半期,
宅地(土地と建物),不動産取引価格情報,住宅地,13201,東京都,八王子市,丹木町,八王子,1H～1H30,31000000,,135,,ほぼ台形,11.6,100,2023年,木造,住宅,住宅,南西,市道,4,１低住専,40,80,2026年第1四半期,
宅地(土地と建物),不動産取引価格情報,住宅地,13201,東京都,八王子市,寺田町,めじろ台,26,34000000,,155,,袋地等,2.8,100,2025年,木造,住宅,住宅,北西,市道,9,１低住専,40,80,2026年第1四半期,
宅地(土地と建物),不動産取引価格情報,住宅地,13201,東京都,八王子市,戸吹町,豊田,1H30～2H,2500000,,165,,ほぼ整形,13.6,80,1976年,木造,住宅,,東,市道,3.6,調整区域,,,2026年第1四半期,
宅地(土地と建物),不動産取引価格情報,商業地,13201,東京都,八王子市,中町,八王子,6,60000000,,195,,ほぼ長方形,10,270,1984年,鉄骨造,住宅、店舗,,西,市道,4,商業,80,400,2026年第1四半期,
宅地(土地と建物),不動産取引価格情報,住宅地,13201,東京都,八王子市,長沼町,北野(東京),4,50000000,,140,,ほぼ長方形,7.5,110,2025年,木造,住宅,住宅,北,市道,4.4,１低住専,40,80,2026年第1四半期,
宅地(土地と建物),不動産取引価格情報,住宅地,13201,東京都,八王子市,長沼町,長沼(東京),15,41000000,,185,,長方形,12,110,2021年,木造,住宅,その他,南西,市道,4,１低住専,40,80,2026年第1四半期,
宅地(土地と建物),不動産取引価格情報,住宅地,13201,東京都,八王子市,長沼町,長沼(東京),14,6800000,,115,,ほぼ長方形,5.7,80,1980年,木造,住宅,住宅,南,市道,4.5,１低住専,40,80,2026年第1四半期,
宅地(土地と建物),不動産取引価格情報,住宅地,13201,東京都,八王子市,長沼町,長沼(東京),10,140000000,,250,,ほぼ長方形,12,330,2026年,木造,共同住宅,住宅,南西,市道,15,工業,60,200,2026年第1四半期,
宅地(土地と建物),不動産取引価格情報,住宅地,13201,東京都,八王子市,中野上町,八王子,30分～60分,26000000,,115,,長方形,12.8,90,2008年,木造,住宅,住宅,西,私道,4,準工業,60,200,2026年第1四半期,
宅地(土地と建物),不動産取引価格情報,住宅地,13201,東京都,八王子市,中野上町,八王子,30分～60分,7500000,,155,,長方形,12.6,130,1976年,木造,住宅,住宅,南,私道,4,準工業,60,200,2026年第1四半期,私道を含む取引
宅地(土地と建物),不動産取引価格情報,住宅地,13201,東京都,八王子市,中野上町,八王子,30分～60分,7800000,,65,,長方形,9.6,60,1977年,木造,住宅,住宅,北西,私道,4.5,１中住専,60,200,2026年第1四半期,
宅地(土地),不動産取引価格情報,住宅地,13201,東京都,八王子市,長房町,高尾(東京),18,29000000,260000,360,80000,ほぼ正方形,18.9,,,,,住宅,東,市道,4,１低住専,40,80,2026年第1四半期,
宅地(土地),不動産取引価格情報,商業地,13201,東京都,八王子市,長房町,西八王子,21,270000000,370000,"2,000㎡以上",110000,不整形,18.6,,,,,住宅,南,市道,10.5,近隣商業,80,200,2026年第1四半期,
宅地(土地と建物),不動産取引価格情報,住宅地,13201,東京都,八王子市,中山,北野(東京),30分～60分,49000000,,135,,長方形,9.2,100,1996年,木造,住宅,住宅,北,私道,4.5,１低住専,40,80,2026年第1四半期,
宅地(土地と建物),不動産取引価格情報,住宅地,13201,東京都,八王子市,楢原町,八王子,30分～60分,34000000,,150,,ほぼ長方形,8.5,105,2025年,木造,住宅,住宅,北,市道,6,１低住専,40,80,2026年第1四半期,
宅地(土地と建物),不動産取引価格情報,住宅地,13201,東京都,八王子市,楢原町,八王子,30分～60分,22000000,,120,,不整形,14.5,85,1994年,木造,住宅,住宅,北,市道,4.5,１低住専,40,80,2026年第1四半期,
宅地(土地と建物),不動産取引価格情報,住宅地,13201,東京都,八王子市,楢原町,八王子,30分～60分,37000000,,150,,ほぼ正方形,12.4,110,2026年,木造,住宅,住宅,北,市道,6,１低住専,40,80,2026年第1四半期,
宅地(土地と建物),不動産取引価格情報,住宅地,13201,東京都,八王子市,西寺方町,高尾(東京),1H～1H30,12000000,,145,,長方形,14.4,95,2004年,木造,住宅,住宅,北東,私道,6,１低住専,40,80,2026年第1四半期,
宅地(土地),不動産取引価格情報,住宅地,13201,東京都,八王子市,弐分方町,八王子,1H～1H30,21000000,140000,500,42000,長方形,,,,,,住宅,南西,私道,4,１低住専,40,80,2026年第1四半期,
宅地(土地と建物),不動産取引価格情報,住宅地,13201,東京都,八王子市,初沢町,高尾(東京),15,12000000,,190,,ほぼ長方形,12,110,1976年,,住宅,住宅,西,道路,4,１低住専,40,80,2026年第1四半期,
宅地(土地),不動産取引価格情報,住宅地,13201,東京都,八王子市,東浅川町,高尾(東京),16,34000000,940000,120,290000,ほぼ台形,10.7,,,,,住宅,東,市道,3.4,１低住専,40,80,2026年第1四半期,
宅地(土地と建物),不動産取引価格情報,住宅地,13201,東京都,八王子市,東浅川町,高尾(東京),20,100000000,,430,,ほぼ長方形,11,790,1980年,ＲＣ,共同住宅,住宅,南東,市道,6,準工業,60,200,2026年第1四半期,
宅地(土地と建物),不動産取引価格情報,住宅地,13201,東京都,八王子市,東浅川町,狭間,7,48000000,,130,,台形,7.7,105,2025年,木造,住宅,住宅,南東,市道,6,準工業,60,200,2026年第1四半期,
宅地(土地と建物),不動産取引価格情報,住宅地,13201,東京都,八王子市,東浅川町,狭間,8,28000000,,75,,不整形,4,115,1996年,木造,住宅,住宅,北西,市道,8,準工業,60,200,2026年第1四半期,
宅地(土地と建物),不動産取引価格情報,商業地,13201,東京都,八王子市,東中野,大塚・帝京大学,3,47000000,,95,,ほぼ長方形,24.6,105,2026年,木造,共同住宅,住宅,北,都道,28,準住居,60,200,2026年第1四半期,
宅地(土地と建物),不動産取引価格情報,住宅地,13201,東京都,八王子市,別所,京王堀之内,15,38000000,,190,,ほぼ長方形,10,130,1994年,木造,住宅,住宅,北西,市道,6,１低住専,40,80,2026年第1四半期,
宅地(土地と建物),不動産取引価格情報,住宅地,13201,東京都,八王子市,堀之内,京王堀之内,8,95000000,,400,,ほぼ長方形,17.9,160,1984年,ＲＣ,住宅,住宅,北,都道,30,準住居,60,200,2026年第1四半期,
宅地(土地と建物),不動産取引価格情報,住宅地,13201,東京都,八王子市,松が谷,松が谷,10,14000000,,145,,ほぼ長方形,7.4,70,1976年,ＲＣ,住宅,住宅,北東,市道,6,１低住専,40,80,2026年第1四半期,
宅地(土地と建物),不動産取引価格情報,住宅地,13201,東京都,八王子市,みつい台,八王子,30分～60分,25000000,,185,,長方形,11.5,110,1982年,木造,住宅,住宅,南,市道,5,１低住専,40,80,2026年第1四半期,
宅地(土地と建物),不動産取引価格情報,住宅地,13201,東京都,八王子市,緑町,京王片倉,6,38000000,,135,,ほぼ正方形,12,85,2026年,木造,住宅,住宅,南東,私道,4,１低住専,40,80,2026年第1四半期,
宅地(土地と建物),不動産取引価格情報,住宅地,13201,東京都,八王子市,宮下町,八王子,1H～1H30,27000000,,110,,不整形,4,65,1981年,木造,住宅,工場,南,市道,1.8,１低住専,40,80,2026年第1四半期,
宅地(土地),不動産取引価格情報,商業地,13201,東京都,八王子市,明神町,八王子,11,5000000,200000,85,60000,ほぼ台形,9,,,,,住宅,北,市道,18,近隣商業,80,200,2026年第1四半期,
宅地(土地と建物),不動産取引価格情報,住宅地,13201,東京都,八王子市,めじろ台,めじろ台,7,55000000,,250,,ほぼ台形,23,110,2025年,木造,住宅,住宅,北西,市道,5,１低住専,40,80,2026年第1四半期,
宅地(土地),不動産取引価格情報,住宅地,13201,東京都,八王子市,めじろ台,めじろ台,8,40000000,470000,280,140000,長方形,20,,,,,住宅,北,市道,5,１低住専,40,80,2026年第1四半期,
宅地(土地と建物),不動産取引価格情報,住宅地,13201,東京都,八王子市,元八王子町,高尾(東京),30分～60分,31000000,,145,,長方形,8.6,100,2026年,木造,住宅,住宅,北東,道路,4,１低住専,40,80,2026年第1四半期,
宅地(土地と建物),不動産取引価格情報,住宅地,13201,東京都,八王子市,元八王子町,高尾(東京),30分～60分,27000000,,120,,台形,10.9,95,2025年,木造,住宅,住宅,北東,私道,5,１低住専,40,80,2026年第1四半期,
宅地(土地と建物),不動産取引価格情報,住宅地,13201,東京都,八王子市,元本郷町,西八王子,11,46000000,,130,,長方形,12.3,200,1988年,鉄骨造,共同住宅、店舗,住宅,南,市道,5.5,準工業,60,200,2026年第1四半期,
宅地(土地と建物),不動産取引価格情報,住宅地,13201,東京都,八王子市,谷野町,八王子,1H～1H30,1500000,,330,,ほぼ台形,20,,,,倉庫,,南西,私道,4.6,１低住専,30,50,2026年第1四半期,
宅地(土地と建物),不動産取引価格情報,住宅地,13201,東京都,八王子市,山田町,山田(東京),11,28000000,,125,,ほぼ長方形,6.4,100,2002年,木造,住宅,住宅,西,市道,6,１低住専,50,100,2026年第1四半期,
宅地(土地と建物),不動産取引価格情報,住宅地,13201,東京都,八王子市,横川町,西八王子,15,6500000,,65,,長方形,5.8,45,1976年,木造,住宅,住宅,西,市道,2.7,１低住専,40,80,2026年第1四半期,
宅地(土地),不動産取引価格情報,住宅地,13201,東京都,八王子市,横川町,西八王子,19,18000000,500000,115,150000,長方形,10.2,,,,,住宅,南,私道,4,１低住専,40,80,2026年第1四半期,
宅地(土地と建物),不動産取引価格情報,商業地,13201,東京都,八王子市,万町,八王子,9,180000000,,210,,ほぼ長方形,12,360,2025年,木造,共同住宅,その他,西,市道,4,近隣商業,80,200,2026年第1四半期,
宅地(土地と建物),成約価格情報,,13202,東京都,立川市,栄町,国立,,73000000,,205,,,,160,2000年,木造,,,北,公道,6,１低住専,40,80,2026年第1四半期,
宅地(土地と建物),成約価格情報,,13202,東京都,立川市,栄町,国立,,38000000,,85,,,,70,2025年,木造,,,南西,私道,4.4,１低住専,40,80,2026年第1四半期,
宅地(土地と建物),成約価格情報,,13202,東京都,立川市,栄町,泉体育館,5,37000000,,100,,,,95,1998年,木造,,,北,公道,5.1,１低住専,40,80,2026年第1四半期,
宅地(土地と建物),成約価格情報,,13202,東京都,立川市,栄町,立飛,15,48000000,,90,,,,75,2025年,木造,,,南東,公道,4,１低住専,40,80,2026年第1四半期,
宅地(土地と建物),成約価格情報,,13202,東京都,立川市,栄町,立川,,34000000,,85,,,,70,2026年,木造,,,,,,１低住専,40,80,2026年第1四半期,
宅地(土地と建物),成約価格情報,,13202,東京都,立川市,栄町,立川,,34000000,,85,,,,70,2026年,木造,,,,,,１低住専,40,80,2026年第1四半期,
宅地(土地と建物),成約価格情報,,13202,東京都,立川市,富士見町,立川,,46000000,,125,,,,95,2024年,木造,,,南,公道,5,１低住専,40,80,2026年第1四半期,
宅地(土地と建物),成約価格情報,,13202,東京都,立川市,富士見町,西立川,15,50000000,,90,,,,100,2025年,木造,,,北,公道,5.4,１種住居,60,200,2026年第1四半期,
宅地(土地と建物),成約価格情報,,13202,東京都,立川市,富士見町,西立川,10,44000000,,125,,,,60,2008年,木造,,,南,公道,15,１種住居,60,200,2026年第1四半期,
宅地(土地と建物),成約価格情報,,13202,東京都,立川市,富士見町,西立川,15,52000000,,90,,,,115,2026年,木造,,,,,,１中住専,60,200,2026年第1四半期,
宅地(土地と建物),成約価格情報,,13202,東京都,立川市,若葉町,国立,,46000000,,255,,,,150,1990年,木造,,,東,公道,6,１低住専,40,80,2026年第1四半期,
宅地(土地と建物),成約価格情報,,13202,東京都,立川市,若葉町,国立,25,48000000,,120,,,,90,2026年,木造,,,西,公道,5,１低住専,40,80,2026年第1四半期,
宅地(土地と建物),成約価格情報,,13202,東京都,立川市,若葉町,立川,,32000000,,110,,,,85,2003年,木造,,,,,,１種住居,60,200,2026年第1四半期,
宅地(土地と建物),成約価格情報,,13202,東京都,立川市,若葉町,東大和市,25,31000000,,115,,,,90,2004年,木造,,,南東,公道,5,１低住専,40,80,2026年第1四半期,
宅地(土地と建物),成約価格情報,,13202,東京都,立川市,一番町,武蔵砂川,10,33000000,,120,,,,105,2015年,木造,,,東,公道,4.4,１種住居,60,176,2026年第1四半期,
宅地(土地と建物),成約価格情報,,13202,東京都,立川市,一番町,西武立川,15,60000000,,165,,,,115,2026年,木造,,,東,公道,6,１低住専,40,80,2026年第1四半期,
宅地(土地と建物),成約価格情報,,13202,東京都,立川市,一番町,西武立川,20,27000000,,100,,,,95,2012年,木造,,,北,公道,4.5,２中住専,60,180,2026年第1四半期,
宅地(土地と建物),成約価格情報,,13202,東京都,立川市,一番町,西武立川,15,32000000,,120,,,,90,2010年,木造,,,,,,１低住専,40,80,2026年第1四半期,
宅地(土地と建物),成約価格情報,,13202,東京都,立川市,一番町,西武立川,15,30000000,,140,,,,100,2018年,木造,,,,,,１中住専,60,200,2026年第1四半期,
宅地(土地と建物),成約価格情報,,13202,東京都,立川市,曙町,高松(東京),20,55000000,,90,,,,90,2026年,木造,,,南,私道,4,１低住専,50,100,2026年第1四半期,
宅地(土地と建物),成約価格情報,,13202,東京都,立川市,上砂町,武蔵砂川,20,41000000,,135,,,,100,,木造,,,北東,私道,4,１中住専,50,150,2026年第1四半期,
宅地(土地と建物),成約価格情報,,13202,東京都,立川市,上砂町,武蔵砂川,15,39000000,,115,,,,90,2026年,木造,,,北西,公道,3.8,１低住専,40,80,2026年第1四半期,
宅地(土地と建物),成約価格情報,,13202,東京都,立川市,錦町,柴崎体育館,5,42000000,,100,,,,80,2013年,木造,,,西,公道,4,１低住専,40,80,2026年第1四半期,
宅地(土地と建物),成約価格情報,,13202,東京都,立川市,錦町,立川,10,66000000,,60,,,,100,2026年,木造,,,,,,１中住専,70,160,2026年第1四半期,
宅地(土地と建物),成約価格情報,,13202,東京都,立川市,錦町,立川,15,69000000,,125,,,,100,2007年,木造,,,西,公道,8.1,１低住専,40,80,2026年第1四半期,
宅地(土地と建物),成約価格情報,,13202,東京都,立川市,羽衣町,西国立,10,58000000,,70,,,,115,2026年,木造,,,東,,3.2,１種住居,60,128,2026年第1四半期,
宅地(土地と建物),成約価格情報,,13202,東京都,立川市,柏町,玉川上水,5,58000000,,115,,,,90,2018年,木造,,,西,公道,6.5,１低住専,40,80,2026年第1四半期,
宅地(土地と建物),成約価格情報,,13202,東京都,立川市,幸町,玉川上水,15,55000000,,155,,,,120,2008年,軽量鉄骨造,,,西,公道,5,１低住専,40,80,2026年第1四半期,
宅地(土地と建物),成約価格情報,,13202,東京都,立川市,幸町,砂川七番,10,67000000,,125,,,,100,2026年,木造,,,西,私道,6,１低住専,50,100,2026年第1四半期,
宅地(土地と建物),成約価格情報,,13202,東京都,立川市,幸町,砂川七番,5,78000000,,190,,,,160,1999年,木造,,,東,,,１低住専,40,80,2026年第1四半期,
宅地(土地と建物),成約価格情報,,13202,東京都,立川市,幸町,玉川上水,10,52000000,,125,,,,90,2025年,木造,,,南,公道,5.2,１低住専,40,80,2026年第1四半期,
宅地(土地と建物),成約価格情報,,13202,東京都,立川市,幸町,泉体育館,10,25000000,,85,,,,70,2001年,木造,,,,,,１低住専,40,80,2026年第1四半期,
宅地(土地と建物),成約価格情報,,13202,東京都,立川市,幸町,砂川七番,10,56000000,,100,,,,95,2026年,木造,,,東,公道,4,１中住専,50,150,2026年第1四半期,
宅地(土地と建物),成約価格情報,,13202,東京都,立川市,柴崎町,柴崎体育館,15,17000000,,85,,,,80,1985年,木造,,,東,私道,3.4,１低住専,40,80,2026年第1四半期,
宅地(土地と建物),成約価格情報,,13202,東京都,立川市,柴崎町,立川,,44000000,,175,,,,110,2026年,木造,,,南,私道,4,１低住専,40,80,2026年第1四半期,
宅地(土地と建物),成約価格情報,,13202,東京都,立川市,柴崎町,立川,,58000000,,75,,,,100,2025年,木造,,,,公道,7.5,１中住専,60,200,2026年第1四半期,
宅地(土地と建物),成約価格情報,,13202,東京都,立川市,柴崎町,立川,,56000000,,80,,,,120,2025年,木造,,,南,公道,7.6,１中住専,60,200,2026年第1四半期,
宅地(土地と建物),成約価格情報,,13202,東京都,立川市,砂川町,砂川七番,15,54000000,,115,,,,95,2025年,木造,,,,,6,１低住専,40,80,2026年第1四半期,
宅地(土地と建物),成約価格情報,,13202,東京都,立川市,砂川町,玉川上水,15,50000000,,100,,,,80,2026年,木造,,,南東,公道,7.5,１低住専,40,80,2026年第1四半期,
宅地(土地と建物),成約価格情報,,13202,東京都,立川市,砂川町,玉川上水,15,40000000,,120,,,,95,2026年,木造,,,南東,公道,7.6,１低住専,40,80,2026年第1四半期,
宅地(土地と建物),成約価格情報,,13202,東京都,立川市,砂川町,武蔵砂川,10,35000000,,120,,,,95,2026年,木造,,,北東,公道,3.8,１低住専,40,80,2026年第1四半期,
宅地(土地と建物),成約価格情報,,13202,東京都,立川市,砂川町,玉川上水,20,12000000,,110,,,,80,1991年,木造,,,南東,私道,4.5,１低住専,40,80,2026年第1四半期,
宅地(土地と建物),成約価格情報,,13202,東京都,立川市,砂川町,武蔵砂川,15,37000000,,125,,,,95,2012年,鉄骨造,,,,公道,6.5,１低住専,40,80,2026年第1四半期,
宅地(土地と建物),成約価格情報,,13202,東京都,立川市,砂川町,玉川上水,15,47000000,,140,,,,105,2025年,木造,,,,私道,6,１低住専,40,80,2026年第1四半期,
宅地(土地と建物),成約価格情報,,13202,東京都,立川市,砂川町,玉川上水,15,47000000,,140,,,,110,2025年,木造,,,,私道,6,１低住専,40,80,2026年第1四半期,
宅地(土地と建物),成約価格情報,,13202,東京都,立川市,砂川町,武蔵砂川,15,17000000,,110,,,,80,1979年,木造,,,南東,私道,5,１低住専,40,80,2026年第1四半期,
宅地(土地と建物),成約価格情報,,13202,東京都,立川市,砂川町,武蔵砂川,15,53000000,,265,,,,160,2002年,木造,,,東,私道,4,１低住専,40,80,2026年第1四半期,
宅地(土地と建物),成約価格情報,,13202,東京都,立川市,高松町,立川,20,63000000,,100,,,,95,2021年,木造,,,北西,公道,4.5,１低住専,50,100,2026年第1四半期,
宅地(土地と建物),成約価格情報,,13202,東京都,立川市,高松町,高松(東京),5,60000000,,65,,,,110,2026年,木造,,,北西,私道,4,１中住専,60,160,2026年第1四半期,
宅地(土地と建物),成約価格情報,,13202,東京都,立川市,西砂町,西武立川,5,49000000,,120,,,,110,2013年,軽量鉄骨造,,,南,公道,5,１中住専,60,200,2026年第1四半期,
宅地(土地と建物),成約価格情報,,13202,東京都,立川市,西砂町,西武立川,15,24000000,,120,,,,90,1993年,木造,,,,公道,,１低住専,40,80,2026年第1四半期,
宅地(土地と建物),成約価格情報,,13202,東京都,立川市,西砂町,西武立川,5,54000000,,120,,,,95,2026年,木造,,,東,公道,6,１低住専,40,80,2026年第1四半期,
宅地(土地と建物),成約価格情報,,13202,東京都,立川市,西砂町,西武立川,5,57000000,,120,,,,95,2026年,木造,,,西,公道,6,１低住専,40,80,2026年第1四半期,
宅地(土地と建物),成約価格情報,,13202,東京都,立川市,西砂町,西武立川,5,57000000,,120,,,,95,2026年,木造,,,西,公道,6,１低住専,40,80,2026年第1四半期,
宅地(土地と建物),成約価格情報,,13202,東京都,立川市,西砂町,西武立川,10,47000000,,120,,,,95,2018年,木造,,,東,公道,6,１低住専,40,80,2026年第1四半期,
宅地(土地と建物),成約価格情報,,13202,東京都,立川市,西砂町,西武立川,15,45000000,,125,,,,100,2025年,木造,,,東,公道,6,１低住専,50,80,2026年第1四半期,
宅地(土地と建物),不動産取引価格情報,住宅地,13202,東京都,立川市,曙町,立川,18,47000000,,145,,長方形,10,110,2006年,木造,共同住宅,住宅,東,市道,5.4,１低住専,50,100,2026年第1四半期,
宅地(土地と建物),不動産取引価格情報,住宅地,13202,東京都,立川市,柏町,砂川七番,11,60000000,,170,,ほぼ長方形,9.3,105,2025年,木造,住宅,住宅,西,私道,4,１低住専,40,80,2026年第1四半期,私道を含む取引
宅地(土地と建物),不動産取引価格情報,住宅地,13202,東京都,立川市,柏町,玉川上水,5,35000000,,130,,ほぼ長方形,7,150,1989年,鉄骨造,共同住宅,住宅,西,私道,4,１中住専,60,200,2026年第1四半期,調停・競売等、私道を含む取引
宅地(土地),不動産取引価格情報,住宅地,13202,東京都,立川市,上砂町,武蔵砂川,14,28000000,740000,125,220000,長方形,9.2,,,,,住宅,南東,市道,6,１低住専,40,80,2026年第1四半期,
宅地(土地),不動産取引価格情報,住宅地,13202,東京都,立川市,上砂町,武蔵砂川,8,5600000,330000,55,99000,ほぼ長方形,4,,,,,その他,南東,市道,7,１低住専,40,80,2026年第1四半期,
宅地(土地と建物),不動産取引価格情報,住宅地,13202,東京都,立川市,幸町,泉体育館,15,45000000,,170,,ほぼ長方形,10.5,110,1977年,木造,住宅,その他,南東,市道,16,１種住居,60,200,2026年第1四半期,
宅地(土地と建物),不動産取引価格情報,住宅地,13202,東京都,立川市,幸町,砂川七番,16,22000000,,115,,ほぼ長方形,7.9,90,1977年,木造,住宅,住宅,西,市道,7,１低住専,40,80,2026年第1四半期,
宅地(土地と建物),不動産取引価格情報,住宅地,13202,東京都,立川市,幸町,砂川七番,8,67000000,,120,,長方形,8.5,95,2026年,木造,住宅,住宅,北西,私道,6,１低住専,40,80,2026年第1四半期,
宅地(土地と建物),不動産取引価格情報,住宅地,13202,東京都,立川市,砂川町,泉体育館,15,35000000,,80,,袋地等,2.6,65,2026年,木造,住宅,住宅,西,市道,4,１低住専,40,80,2026年第1四半期,
宅地(土地と建物),不動産取引価格情報,住宅地,13202,東京都,立川市,砂川町,玉川上水,19,54000000,,120,,台形,7.5,95,2026年,木造,住宅,住宅,南,道路,6,１低住専,40,80,2026年第1四半期,
宅地(土地),不動産取引価格情報,住宅地,13202,東京都,立川市,砂川町,武蔵砂川,13,34000000,860000,130,260000,ほぼ長方形,9.2,,,,,,南東,道路,5,１低住専,40,80,2026年第1四半期,
宅地(土地と建物),不動産取引価格情報,住宅地,13202,東京都,立川市,錦町,立川,16,390000000,,430,,ほぼ長方形,14,540,2026年,鉄骨造,共同住宅,住宅,南東,市道,5.5,１中住専,60,200,2026年第1四半期,
宅地(土地),不動産取引価格情報,商業地,13202,東京都,立川市,錦町,立川,6,42000000,3100000,45,950000,長方形,4.1,,,,,住宅,南東,市道,5.5,近隣商業,80,300,2026年第1四半期,
宅地(土地),不動産取引価格情報,住宅地,13202,東京都,立川市,西砂町,西武立川,16,20000000,510000,130,150000,長方形,8.6,,,,,住宅,南東,市道,6,１低住専,40,80,2026年第1四半期,
宅地(土地と建物),不動産取引価格情報,住宅地,13202,東京都,立川市,西砂町,西武立川,24,5500000,,115,,ほぼ正方形,10.3,65,1975年,木造,住宅,住宅,北,私道,6,１低住専,40,80,2026年第1四半期,
宅地(土地と建物),不動産取引価格情報,住宅地,13202,東京都,立川市,羽衣町,西国立,6,230000000,,260,,長方形,19.8,530,1990年,ＲＣ,共同住宅,事務所,西,市道,4,１種住居,60,200,2026年第1四半期,
宅地(土地),不動産取引価格情報,商業地,13202,東京都,立川市,緑町,西立川,1,92000000,1300000,240,390000,ほぼ長方形,21.1,,,,,その他,南,市道,5.1,近隣商業,80,300,2026年第1四半期,
宅地(土地と建物),不動産取引価格情報,住宅地,13202,東京都,立川市,若葉町,泉体育館,18,32000000,,105,,袋地等,3.1,85,2003年,木造,住宅,住宅,北東,市道,3.6,１低住専,40,80,2026年第1四半期,
宅地(土地),不動産取引価格情報,住宅地,13202,東京都,立川市,若葉町,国立,28,32000000,910000,115,270000,長方形,11.9,,,,,住宅,西,道路,5,１低住専,40,80,2026年第1四半期,
宅地(土地),不動産取引価格情報,住宅地,13202,東京都,立川市,若葉町,国立,29,36000000,750000,160,230000,ほぼ長方形,8.8,,,,,その他,南,道路,5,１低住専,40,80,2026年第1四半期,
宅地(土地と建物),成約価格情報,,13203,東京都,武蔵野市,境,武蔵境,15,89000000,,120,,,,105,2021年,木造,,,東,私道,4.5,１低住専,40,80,2026年第1四半期,
宅地(土地と建物),成約価格情報,,13203,東京都,武蔵野市,吉祥寺南町,吉祥寺,15,160000000,,200,,,,160,1995年,木造,,,北西,,6.3,１低住専,40,80,2026年第1四半期,
宅地(土地と建物),成約価格情報,,13203,東京都,武蔵野市,関前,三鷹,15,28000000,,165,,,,135,1977年,木造,,,南東,,4,１低住専,40,80,2026年第1四半期,
宅地(土地と建物),成約価格情報,,13203,東京都,武蔵野市,関前,武蔵境,20,72000000,,120,,,,100,2005年,木造,,,西,私道,4,１低住専,40,80,2026年第1四半期,
宅地(土地と建物),成約価格情報,,13203,東京都,武蔵野市,関前,三鷹,15,120000000,,140,,,,110,2026年,木造,,,北東,公道,5,１低住専,40,80,2026年第1四半期,
宅地(土地と建物),成約価格情報,,13203,東京都,武蔵野市,中町,三鷹,15,170000000,,170,,,,150,1996年,軽量鉄骨造,,,南東,公道,12,１種住居,60,200,2026年第1四半期,
宅地(土地と建物),成約価格情報,,13203,東京都,武蔵野市,緑町,東伏見,15,93000000,,125,,,,100,2026年,木造,,,南,公道,10.9,１低住専,40,80,2026年第1四半期,
宅地(土地と建物),成約価格情報,,13203,東京都,武蔵野市,吉祥寺北町,吉祥寺,,120000000,,125,,,,100,2028年,木造,,,南,公道,9,１低住専,40,80,2026年第1四半期,
宅地(土地と建物),成約価格情報,,13203,東京都,武蔵野市,吉祥寺北町,吉祥寺,25,170000000,,285,,,,175,1998年,木造,,,南東,公道,4.5,１低住専,40,80,2026年第1四半期,
宅地(土地と建物),成約価格情報,,13203,東京都,武蔵野市,吉祥寺東町,吉祥寺,15,87000000,,120,,,,95,2004年,木造,,,東,私道,3.8,１低住専,40,80,2026年第1四半期,
宅地(土地と建物),成約価格情報,,13203,東京都,武蔵野市,境南町,武蔵境,15,63000000,,60,,,,95,2008年,木造,,,東,私道,4,２中住専,60,200,2026年第1四半期,
宅地(土地と建物),成約価格情報,,13203,東京都,武蔵野市,西久保,三鷹,20,68000000,,85,,,,90,2020年,木造,,,,,3.8,準工業,60,200,2026年第1四半期,
宅地(土地と建物),成約価格情報,,13203,東京都,武蔵野市,西久保,三鷹,20,79000000,,100,,,,145,1992年,木造,,,北東,私道,4.5,準工業,60,200,2026年第1四半期,
宅地(土地と建物),成約価格情報,,13203,東京都,武蔵野市,西久保,三鷹,20,74000000,,50,,,,95,2026年,木造,,,北西,私道,4,準工業,70,200,2026年第1四半期,
宅地(土地と建物),成約価格情報,,13203,東京都,武蔵野市,八幡町,西武柳沢,20,80000000,,100,,,,100,2027年,木造,,,北,公道,5.8,１低住専,50,100,2026年第1四半期,
宅地(土地と建物),不動産取引価格情報,商業地,13203,東京都,武蔵野市,境南町,武蔵境,14,24000000,,35,,ほぼ長方形,4.8,85,1998年,木造,住宅、店舗,住宅,南,市道,7.5,近隣商業,80,200,2026年第1四半期,
宅地(土地),不動産取引価格情報,住宅地,13203,東京都,武蔵野市,境南町,武蔵境,14,80000000,2200000,120,660000,長方形,8.8,,,,,住宅,北,私道,4,１低住専,40,80,2026年第1四半期,
宅地(土地と建物),不動産取引価格情報,住宅地,13203,東京都,武蔵野市,境,武蔵境,5,300000000,,180,,長方形,15,330,2026年,木造,共同住宅,住宅,北,私道,4,１中住専,60,200,2026年第1四半期,
宅地(土地と建物),不動産取引価格情報,住宅地,13203,東京都,武蔵野市,桜堤,東小金井,21,50000000,,105,,ほぼ長方形,9,,1975年,木造,住宅、店舗,倉庫,東,市道,11,１種住居,60,200,2026年第1四半期,
宅地(土地と建物),不動産取引価格情報,住宅地,13203,東京都,武蔵野市,桜堤,東小金井,19,170000000,,560,,不整形,13,370,2002年,鉄骨造,共同住宅,,北,市道,4,１低住専,40,80,2026年第1四半期,
宅地(土地と建物),不動産取引価格情報,商業地,13203,東京都,武蔵野市,関前,武蔵境,16,59000000,,45,,台形,5.4,80,2025年,木造,住宅,住宅,東,都道,16,近隣商業,80,200,2026年第1四半期,
宅地(土地と建物),不動産取引価格情報,住宅地,13203,東京都,武蔵野市,関前,武蔵境,14,120000000,,185,,ほぼ長方形,10,340,1988年,ＲＣ,共同住宅,住宅,南,私道,4,近隣商業,80,200,2026年第1四半期,
宅地(土地と建物),不動産取引価格情報,住宅地,13203,東京都,武蔵野市,関前,武蔵境,15,83000000,,130,,ほぼ長方形,9,105,2026年,木造,住宅,住宅,南西,私道,4,１低住専,40,80,2026年第1四半期,
宅地(土地と建物),成約価格情報,,13204,東京都,三鷹市,大沢,多磨,25,36000000,,80,,,,60,2022年,木造,,,北,私道,4,１低住専,40,80,2026年第1四半期,
宅地(土地と建物),成約価格情報,,13204,東京都,三鷹市,大沢,西調布,,42000000,,110,,,,85,2025年,木造,,,東,私道,5,１低住専,40,80,2026年第1四半期,
宅地(土地と建物),成約価格情報,,13204,東京都,三鷹市,大沢,西調布,,46000000,,110,,,,85,2025年,木造,,,東,私道,5,１低住専,40,80,2026年第1四半期,
宅地(土地と建物),成約価格情報,,13204,東京都,三鷹市,大沢,西調布,,39000000,,105,,,,80,2025年,木造,,,東,私道,5,１低住専,40,80,2026年第1四半期,
宅地(土地と建物),成約価格情報,,13204,東京都,三鷹市,大沢,調布,,38000000,,105,,,,85,2003年,木造,,,東,公道,4,１低住専,40,80,2026年第1四半期,
宅地(土地と建物),成約価格情報,,13204,東京都,三鷹市,大沢,三鷹,,45000000,,105,,,,85,2021年,木造,,,東,公道,4,１低住専,40,80,2026年第1四半期,
宅地(土地と建物),成約価格情報,,13204,東京都,三鷹市,大沢,三鷹,,60000000,,165,,,,105,2026年,木造,,,西,公道,5,１低住専,40,80,2026年第1四半期,
宅地(土地と建物),成約価格情報,,13204,東京都,三鷹市,新川,三鷹台,25,64000000,,110,,,,90,2026年,木造,,,西,公道,5,１低住専,40,80,2026年第1四半期,
宅地(土地と建物),成約価格情報,,13204,東京都,三鷹市,新川,吉祥寺,,53000000,,125,,,,85,2014年,木造,,,南西,公道,4,１低住専,40,80,2026年第1四半期,
宅地(土地と建物),成約価格情報,,13204,東京都,三鷹市,新川,仙川,,64000000,,115,,,,95,2023年,木造,,,,,,１低住専,40,80,2026年第1四半期,
宅地(土地と建物),成約価格情報,,13204,東京都,三鷹市,新川,吉祥寺,,69000000,,100,,,,100,2020年,木造,,,北,公道,4.2,１中住専,60,200,2026年第1四半期,
宅地(土地と建物),成約価格情報,,13204,東京都,三鷹市,上連雀,三鷹,25,78000000,,110,,,,85,2025年,木造,,,北,公道,4,１低住専,40,80,2026年第1四半期,
宅地(土地と建物),成約価格情報,,13204,東京都,三鷹市,上連雀,三鷹,25,80000000,,110,,,,90,2025年,木造,,,北,公道,4,１低住専,40,80,2026年第1四半期,
宅地(土地と建物),成約価格情報,,13204,東京都,三鷹市,上連雀,三鷹,25,92000000,,150,,,,115,2015年,木造,,,西,公道,4,１低住専,40,80,2026年第1四半期,
宅地(土地と建物),成約価格情報,,13204,東京都,三鷹市,上連雀,三鷹,,84000000,,140,,,,105,2025年,木造,,,,,,１低住専,40,80,2026年第1四半期,
宅地(土地と建物),成約価格情報,,13204,東京都,三鷹市,上連雀,三鷹,,82000000,,115,,,,110,2026年,木造,,,,,,近隣商業,80,200,2026年第1四半期,
宅地(土地と建物),成約価格情報,,13204,東京都,三鷹市,上連雀,三鷹,25,80000000,,90,,,,110,2026年,木造,,,,,,１低住専,40,80,2026年第1四半期,
宅地(土地と建物),成約価格情報,,13204,東京都,三鷹市,上連雀,三鷹,25,73000000,,85,,,,105,2026年,木造,,,,,,１低住専,40,80,2026年第1四半期,
宅地(土地と建物),成約価格情報,,13204,東京都,三鷹市,上連雀,武蔵境,25,55000000,,105,,,,85,1998年,木造,,,東,公道,4,１低住専,40,80,2026年第1四半期,
宅地(土地と建物),成約価格情報,,13204,東京都,三鷹市,上連雀,三鷹,,71000000,,120,,,,100,2025年,木造,,,西,公道,5.5,１低住専,40,80,2026年第1四半期,
宅地(土地と建物),成約価格情報,,13204,東京都,三鷹市,上連雀,三鷹,,69000000,,105,,,,80,2025年,木造,,,北,公道,4,１低住専,40,80,2026年第1四半期,
宅地(土地と建物),成約価格情報,,13204,東京都,三鷹市,上連雀,三鷹,25,69000000,,115,,,,90,2010年,木造,,,東,公道,4,近隣商業,80,200,2026年第1四半期,
宅地(土地と建物),成約価格情報,,13204,東京都,三鷹市,上連雀,三鷹,,75000000,,125,,,,100,2025年,木造,,,西,公道,5,１低住専,40,80,2026年第1四半期,
宅地(土地と建物),成約価格情報,,13204,東京都,三鷹市,下連雀,三鷹,20,76000000,,70,,,,100,2025年,木造,,,,私道,,１種住居,60,160,2026年第1四半期,
宅地(土地と建物),成約価格情報,,13204,東京都,三鷹市,下連雀,三鷹,10,110000000,,105,,,,100,2008年,木造,,,西,公道,5,１種住居,60,200,2026年第1四半期,
宅地(土地と建物),成約価格情報,,13204,東京都,三鷹市,下連雀,三鷹,10,150000000,,95,,,,165,2026年,木造,,,東,公道,4.2,１種住居,60,200,2026年第1四半期,
宅地(土地と建物),成約価格情報,,13204,東京都,三鷹市,下連雀,三鷹,20,48000000,,50,,,,70,2005年,木造,,,北東,私道,4,１種住居,60,160,2026年第1四半期,
宅地(土地と建物),成約価格情報,,13204,東京都,三鷹市,下連雀,三鷹,15,15000000,,75,,,,75,1966年,木造,,,,,0,１低住専,40,80,2026年第1四半期,
宅地(土地と建物),成約価格情報,,13204,東京都,三鷹市,深大寺,武蔵境,20,95000000,,135,,,,110,2025年,木造,,,,,,１低住専,40,80,2026年第1四半期,
宅地(土地と建物),成約価格情報,,13204,東京都,三鷹市,深大寺,武蔵境,25,44000000,,110,,,,90,2003年,木造,,,西,公道,4,１低住専,40,80,2026年第1四半期,
宅地(土地と建物),成約価格情報,,13204,東京都,三鷹市,中原,つつじケ丘,25,47000000,,140,,,,90,2003年,木造,,,北東,公道,4.5,１低住専,40,80,2026年第1四半期,
宅地(土地と建物),成約価格情報,,13204,東京都,三鷹市,中原,つつじケ丘,25,46000000,,100,,,,80,2008年,木造,,,南西,公道,4.1,１低住専,40,80,2026年第1四半期,
宅地(土地と建物),成約価格情報,,13204,東京都,三鷹市,中原,つつじケ丘,20,8500000,,65,,,,55,1967年,木造,,,,,,１低住専,40,80,2026年第1四半期,
宅地(土地と建物),成約価格情報,,13204,東京都,三鷹市,中原,つつじケ丘,15,69000000,,145,,,,105,2010年,木造,,,西,公道,4,１低住専,40,80,2026年第1四半期,
宅地(土地と建物),成約価格情報,,13204,東京都,三鷹市,中原,つつじケ丘,20,71000000,,110,,,,90,2025年,木造,,,,,,１低住専,50,80,2026年第1四半期,
宅地(土地と建物),成約価格情報,,13204,東京都,三鷹市,中原,つつじケ丘,20,60000000,,105,,,,80,2025年,木造,,,西,公道,4.9,１低住専,40,80,2026年第1四半期,
宅地(土地と建物),成約価格情報,,13204,東京都,三鷹市,中原,つつじケ丘,20,54000000,,105,,,,85,2006年,木造,,,南,公道,4.5,１低住専,40,80,2026年第1四半期,
宅地(土地と建物),成約価格情報,,13204,東京都,三鷹市,中原,つつじケ丘,15,67000000,,95,,,,75,2026年,木造,,,,公道,6,１低住専,40,80,2026年第1四半期,
宅地(土地と建物),成約価格情報,,13204,東京都,三鷹市,野崎,武蔵境,,50000000,,120,,,,95,2016年,木造,,,西,私道,4,１低住専,40,80,2026年第1四半期,
宅地(土地と建物),成約価格情報,,13204,東京都,三鷹市,野崎,武蔵境,25,78000000,,115,,,,95,2026年,木造,,,西,公道,5,１低住専,40,80,2026年第1四半期,
宅地(土地と建物),成約価格情報,,13204,東京都,三鷹市,野崎,武蔵境,,64000000,,130,,,,100,2025年,木造,,,北,公道,5,１低住専,40,80,2026年第1四半期,
宅地(土地と建物),成約価格情報,,13204,東京都,三鷹市,井口,武蔵境,20,69000000,,85,,,,120,2007年,木造,,,西,公道,4,１中住専,60,160,2026年第1四半期,
宅地(土地と建物),成約価格情報,,13204,東京都,三鷹市,井口,三鷹,,70000000,,95,,,,75,2026年,木造,,,,,,１低住専,40,80,2026年第1四半期,
宅地(土地と建物),成約価格情報,,13204,東京都,三鷹市,井口,武蔵境,20,58000000,,135,,,,70,2006年,木造,,,東,公道,6,１低住専,40,80,2026年第1四半期,
宅地(土地と建物),成約価格情報,,13204,東京都,三鷹市,井の頭,吉祥寺,10,230000000,,205,,,,165,2006年,木造,,,北西,公道,4.4,１低住専,40,80,2026年第1四半期,
宅地(土地と建物),成約価格情報,,13204,東京都,三鷹市,北野,久我山,,68000000,,115,,,,95,2026年,木造,,,西,公道,6,１低住専,40,80,2026年第1四半期,
宅地(土地と建物),成約価格情報,,13204,東京都,三鷹市,北野,久我山,,67000000,,115,,,,90,2026年,木造,,,西,公道,6,１低住専,40,80,2026年第1四半期,
宅地(土地と建物),成約価格情報,,13204,東京都,三鷹市,北野,仙川,25,48000000,,105,,,,80,2019年,木造,,,東,公道,4,１低住専,40,80,2026年第1四半期,
宅地(土地と建物),成約価格情報,,13204,東京都,三鷹市,北野,久我山,25,56000000,,130,,,,105,2004年,木造,,,南東,公道,5,１低住専,40,80,2026年第1四半期,
宅地(土地と建物),成約価格情報,,13204,東京都,三鷹市,北野,久我山,25,50000000,,70,,,,70,2026年,木造,,,北,公道,4,１低住専,40,80,2026年第1四半期,
宅地(土地と建物),成約価格情報,,13204,東京都,三鷹市,北野,三鷹台,20,35000000,,45,,,,40,2026年,木造,,,北,公道,3.3,１低住専,40,80,2026年第1四半期,
宅地(土地と建物),成約価格情報,,13204,東京都,三鷹市,牟礼,三鷹台,20,140000000,,315,,,,255,1972年,ＲＣ,,,南東,公道,4.5,１低住専,40,80,2026年第1四半期,
宅地(土地と建物),成約価格情報,,13204,東京都,三鷹市,牟礼,三鷹台,20,71000000,,115,,,,90,2026年,木造,,,北,公道,5,１低住専,40,80,2026年第1四半期,
宅地(土地と建物),成約価格情報,,13204,東京都,三鷹市,牟礼,三鷹台,10,140000000,,165,,,,135,2024年,木造,,,北東,公道,5.8,１低住専,40,80,2026年第1四半期,
宅地(土地と建物),成約価格情報,,13204,東京都,三鷹市,牟礼,井の頭公園,20,130000000,,170,,,,135,2000年,木造,,,西,公道,5,１低住専,40,80,2026年第1四半期,
宅地(土地と建物),不動産取引価格情報,住宅地,13204,東京都,三鷹市,井口,新小金井,9,70000000,,100,,長方形,8.5,80,2026年,木造,住宅,住宅,西,市道,5,１低住専,40,80,2026年第1四半期,
宅地(土地),不動産取引価格情報,住宅地,13204,東京都,三鷹市,大沢,多磨,30分～60分,43000000,960000,150,290000,ほぼ整形,7.8,,,,,住宅,西,都道,40,１低住専,40,80,2026年第1四半期,
宅地(土地),不動産取引価格情報,住宅地,13204,東京都,三鷹市,上連雀,三鷹,30分～60分,55000000,1600000,115,480000,ほぼ長方形,9,,,,,住宅,南,市道,5.6,１低住専,40,80,2026年第1四半期,
宅地(土地と建物),不動産取引価格情報,住宅地,13204,東京都,三鷹市,上連雀,武蔵境,23,50000000,,125,,袋地等,3.9,90,1996年,木造,住宅,住宅,東,市道,4,１低住専,40,80,2026年第1四半期,
宅地(土地と建物),不動産取引価格情報,住宅地,13204,東京都,三鷹市,北野,仙川,29,58000000,,100,,長方形,7.7,80,2026年,木造,住宅,住宅,北,市道,4,１低住専,40,80,2026年第1四半期,
宅地(土地と建物),不動産取引価格情報,住宅地,13204,東京都,三鷹市,北野,三鷹台,24,29000000,,125,,ほぼ長方形,11,70,1966年,木造,住宅,住宅,東,私道,4,１低住専,40,80,2026年第1四半期,私道を含む取引
宅地(土地と建物),不動産取引価格情報,商業地,13204,東京都,三鷹市,下連雀,三鷹,13,20000000,,40,,長方形,5,90,1972年,鉄骨造,住宅、店舗,住宅,南,市道,5.2,近隣商業,80,200,2026年第1四半期,
宅地(土地と建物),不動産取引価格情報,住宅地,13204,東京都,三鷹市,下連雀,三鷹,5,250000000,,260,,長方形,12.9,190,1960年,木造,共同住宅,住宅,西,市道,3.6,１低住専,50,100,2026年第1四半期,
宅地(土地と建物),不動産取引価格情報,住宅地,13204,東京都,三鷹市,下連雀,三鷹,15,63000000,,85,,長方形,13.2,80,1995年,木造,住宅,住宅,東,私道,4,１低住専,40,80,2026年第1四半期,
宅地(土地と建物),不動産取引価格情報,住宅地,13204,東京都,三鷹市,新川,三鷹,30分～60分,52000000,,140,,ほぼ長方形,7.8,150,1984年,木造,共同住宅,住宅,南,市道,6,１種住居,60,200,2026年第1四半期,
宅地(土地と建物),不動産取引価格情報,住宅地,13204,東京都,三鷹市,中原,つつじケ丘,9,60000000,,100,,ほぼ長方形,6.4,75,2018年,木造,住宅,住宅,南西,市道,6,１低住専,40,80,2026年第1四半期,
宅地(土地と建物),不動産取引価格情報,住宅地,13204,東京都,三鷹市,野崎,武蔵境,25,81000000,,115,,長方形,11.4,90,2026年,木造,住宅,住宅,西,市道,6,１低住専,40,80,2026年第1四半期,
宅地(土地),不動産取引価格情報,住宅地,13204,東京都,三鷹市,牟礼,井の頭公園,19,74000000,2100000,115,640000,長方形,9,,,,,住宅,北,市道,5,１低住専,40,80,2026年第1四半期,
宅地(土地と建物),不動産取引価格情報,住宅地,13204,東京都,三鷹市,牟礼,三鷹台,16,80000000,,110,,ほぼ長方形,13.5,90,2026年,木造,住宅,住宅,北,市道,5,１低住専,40,80,2026年第1四半期,
宅地(土地と建物),不動産取引価格情報,住宅地,13204,東京都,三鷹市,牟礼,三鷹台,8,160000000,,280,,ほぼ整形,12,400,1990年,ＲＣ、木造,共同住宅、倉庫,住宅,南,市道,4,１中住専,60,200,2026年第1四半期,
宅地(土地と建物),成約価格情報,,13205,東京都,青梅市,今井,金子,30分～60分,25000000,,140,,,,105,2017年,木造,,,南,公道,,１低住専,50,100,2026年第1四半期,
宅地(土地と建物),成約価格情報,,13205,東京都,青梅市,今井,小作,,7900000,,95,,,,80,1978年,木造,,,西,公道,8,１低住専,50,100,2026年第1四半期,
宅地(土地と建物),成約価格情報,,13205,東京都,青梅市,今井,河辺,,23000000,,120,,,,95,2015年,木造,,,南,,4,１低住専,40,80,2026年第1四半期,
宅地(土地と建物),成約価格情報,,13205,東京都,青梅市,今井,金子,,20000000,,140,,,,100,2015年,木造,,,,公道,4.1,１低住専,40,80,2026年第1四半期,
宅地(土地と建物),成約価格情報,,13205,東京都,青梅市,今井,小作,,31000000,,175,,,,110,2026年,木造,,,,,,１低住専,40,80,2026年第1四半期,
宅地(土地と建物),成約価格情報,,13205,東京都,青梅市,今寺,河辺,,24000000,,160,,,,110,2017年,木造,,,北,公道,4.5,１低住専,40,80,2026年第1四半期,
宅地(土地と建物),成約価格情報,,13205,東京都,青梅市,新町,小作,15,27000000,,105,,,,90,1992年,木造,,,南,公道,6,１中住専,60,150,2026年第1四半期,
宅地(土地と建物),成約価格情報,,13205,東京都,青梅市,新町,小作,20,26000000,,150,,,,155,1990年,木造,,,,,,１中住専,60,150,2026年第1四半期,
宅地(土地と建物),成約価格情報,,13205,東京都,青梅市,新町,小作,25,38000000,,145,,,,115,2017年,木造,,,北,公道,5,１中住専,60,150,2026年第1四半期,
宅地(土地と建物),成約価格情報,,13205,東京都,青梅市,新町,小作,,22000000,,120,,,,100,2015年,木造,,,西,公道,16,１種住居,60,200,2026年第1四半期,
宅地(土地と建物),成約価格情報,,13205,東京都,青梅市,新町,小作,20,40000000,,135,,,,95,2025年,木造,,,南,私道,5,１中住専,60,150,2026年第1四半期,
宅地(土地と建物),成約価格情報,,13205,東京都,青梅市,新町,小作,25,22000000,,125,,,,105,1991年,木造,,,西,公道,6,１中住専,60,150,2026年第1四半期,
宅地(土地と建物),成約価格情報,,13205,東京都,青梅市,新町,小作,20,40000000,,140,,,,105,2025年,木造,,,北,公道,6,１中住専,70,150,2026年第1四半期,
宅地(土地と建物),成約価格情報,,13205,東京都,青梅市,師岡町,河辺,15,15000000,,105,,,,90,1972年,木造,,,西,公道,5,１種住居,60,200,2026年第1四半期,
宅地(土地と建物),成約価格情報,,13205,東京都,青梅市,天ヶ瀬町,青梅,10,29000000,,185,,,,135,2009年,木造,,,北,公道,5,準工業,60,200,2026年第1四半期,
宅地(土地と建物),成約価格情報,,13205,東京都,青梅市,木野下,河辺,,32000000,,135,,,,100,2024年,木造,,,,公道,4.8,１低住専,40,80,2026年第1四半期,
宅地(土地と建物),成約価格情報,,13205,東京都,青梅市,木野下,河辺,,26000000,,165,,,,100,2026年,木造,,,北,私道,4.2,１低住専,40,80,2026年第1四半期,
宅地(土地と建物),成約価格情報,,13205,東京都,青梅市,駒木町,青梅,25,16000000,,605,,,,105,1979年,木造,,,,公道,4,１種住居,60,150,2026年第1四半期,
宅地(土地と建物),成約価格情報,,13205,東京都,青梅市,大門,河辺,,9600000,,125,,,,75,1982年,軽量鉄骨造,,,,私道,4,１低住専,40,80,2026年第1四半期,
宅地(土地と建物),成約価格情報,,13205,東京都,青梅市,大門,河辺,,35000000,,110,,,,100,,木造,,,北東,私道,6,近隣商業,80,200,2026年第1四半期,
宅地(土地と建物),成約価格情報,,13205,東京都,青梅市,柚木町,軍畑,10,22000000,,185,,,,105,2023年,木造,,,西,公道,5.2,１低住専,40,80,2026年第1四半期,
宅地(土地と建物),成約価格情報,,13205,東京都,青梅市,河辺町,河辺,15,21000000,,80,,,,90,2010年,木造,,,東,私道,4,１中住専,60,200,2026年第1四半期,
宅地(土地と建物),成約価格情報,,13205,東京都,青梅市,末広町,小作,15,4800000,,55,,,,55,1982年,木造,,,,,,１中住専,60,200,2026年第1四半期,
宅地(土地と建物),成約価格情報,,13205,東京都,青梅市,千ヶ瀬町,東青梅,15,64000000,,250,,,,220,2021年,木造,,,北,私道,4.5,準工業,60,150,2026年第1四半期,
宅地(土地と建物),成約価格情報,,13205,東京都,青梅市,千ヶ瀬町,河辺,15,28000000,,90,,,,80,2024年,木造,,,,私道,,１種住居,60,200,2026年第1四半期,
宅地(土地と建物),成約価格情報,,13205,東京都,青梅市,友田町,河辺,,11000000,,155,,,,70,1967年,木造,,,西,公道,,準工業,60,200,2026年第1四半期,
宅地(土地と建物),成約価格情報,,13205,東京都,青梅市,友田町,小作,15,7400000,,80,,,,140,1988年,鉄骨造,,,南,公道,6,１種住居,60,150,2026年第1四半期,
宅地(土地と建物),成約価格情報,,13205,東京都,青梅市,友田町,小作,25,30000000,,175,,,,95,,木造,,,南西,私道,5,準工業,60,200,2026年第1四半期,
宅地(土地と建物),成約価格情報,,13205,東京都,青梅市,友田町,小作,25,25000000,,150,,,,100,,木造,,,北西,私道,5,準工業,60,200,2026年第1四半期,
宅地(土地と建物),成約価格情報,,13205,東京都,青梅市,長淵,河辺,,23000000,,140,,,,100,2025年,木造,,,北,公道,,１種住居,60,150,2026年第1四半期,
宅地(土地と建物),成約価格情報,,13205,東京都,青梅市,長淵,青梅,25,27000000,,150,,,,100,2024年,木造,,,,公道,,準工業,60,150,2026年第1四半期,
宅地(土地と建物),成約価格情報,,13205,東京都,青梅市,根ヶ布,東青梅,25,6900000,,160,,,,105,1974年,木造,,,南東,公道,6,１低住専,40,80,2026年第1四半期,
宅地(土地と建物),成約価格情報,,13205,東京都,青梅市,根ヶ布,東青梅,15,8800000,,170,,,,115,1983年,木造,,,,,,１低住専,40,80,2026年第1四半期,
宅地(土地と建物),成約価格情報,,13205,東京都,青梅市,根ヶ布,東青梅,15,6800000,,205,,,,45,,木造,,,,,,１低住専,40,80,2026年第1四半期,
宅地(土地と建物),成約価格情報,,13205,東京都,青梅市,根ヶ布,東青梅,25,8600000,,285,,,,100,1969年,軽量鉄骨造,,,北東,公道,4.5,１低住専,40,80,2026年第1四半期,
宅地(土地と建物),成約価格情報,,13205,東京都,青梅市,畑中,宮ノ平,25,5400000,,75,,,,60,1980年,木造,,,西,私道,5,１低住専,40,80,2026年第1四半期,
宅地(土地と建物),成約価格情報,,13205,東京都,青梅市,大柳町,東青梅,15,26000000,,215,,,,95,2003年,木造,,,西,公道,4.5,１種住居,70,180,2026年第1四半期,
宅地(土地と建物),成約価格情報,,13205,東京都,青梅市,日向和田,日向和田,5,20000000,,445,,,,110,1982年,鉄骨造,,,,,,１低住専,40,80,2026年第1四半期,
宅地(土地),不動産取引価格情報,住宅地,13205,東京都,青梅市,勝沼,東青梅,4,41000000,480000,280,140000,不整形,12.8,,,,,住宅,南,市道,4.3,近隣商業,80,300,2026年第1四半期,
宅地(土地と建物),不動産取引価格情報,住宅地,13205,東京都,青梅市,駒木町,青梅,28,6000000,,580,,不整形,12.5,140,1995年,木造,住宅,その他,東,市道,3,１種住居,60,150,2026年第1四半期,
宅地(土地と建物),不動産取引価格情報,住宅地,13205,東京都,青梅市,塩船,河辺,30分～60分,29000000,,280,,ほぼ長方形,10.3,115,2000年,木造,住宅、店舗,店舗,北東,市道,5,１低住専,40,80,2026年第1四半期,
宅地(土地と建物),不動産取引価格情報,住宅地,13205,東京都,青梅市,塩船,東青梅,30分～60分,11000000,,125,,ほぼ台形,9.6,75,1999年,木造,住宅,住宅,南,市道,4,１低住専,40,80,2026年第1四半期,
宅地(土地),不動産取引価格情報,住宅地,13205,東京都,青梅市,新町,小作,15,27000000,740000,120,220000,ほぼ長方形,8.1,,,,,住宅,東,市道,4,１中住専,60,150,2026年第1四半期,
宅地(土地),不動産取引価格情報,住宅地,13205,東京都,青梅市,新町,小作,18,89000000,370000,800,110000,不整形,16.4,,,,,住宅,南西,市道,6,１中住専,60,150,2026年第1四半期,
宅地(土地),不動産取引価格情報,住宅地,13205,東京都,青梅市,新町,小作,21,17000000,420000,135,130000,袋地等,3,,,,,住宅,西,市道,6,１中住専,60,150,2026年第1四半期,
宅地(土地),不動産取引価格情報,住宅地,13205,東京都,青梅市,新町,小作,10,56000000,1100000,170,330000,ほぼ長方形,14,,,,,住宅,南,市道,4,１中住専,60,150,2026年第1四半期,
宅地(土地),不動産取引価格情報,住宅地,13205,東京都,青梅市,大門,河辺,25,8000000,160000,165,48000,正方形,12.8,,,,,住宅,北,市道,4,１低住専,40,80,2026年第1四半期,
宅地(土地と建物),不動産取引価格情報,住宅地,13205,東京都,青梅市,大門,河辺,23,35000000,,110,,長方形,7.3,95,2026年,木造,住宅,住宅,北東,私道,6,近隣商業,80,200,2026年第1四半期,
宅地(土地と建物),不動産取引価格情報,住宅地,13205,東京都,青梅市,長淵,東青梅,24,29000000,,290,,ほぼ長方形,13,210,1984年,軽量鉄骨造,共同住宅,住宅,南東,市道,5,１中住専,60,150,2026年第1四半期,
宅地(土地と建物),不動産取引価格情報,住宅地,13205,東京都,青梅市,長淵,東青梅,23,27000000,,170,,ほぼ台形,8.3,100,2025年,木造,住宅,住宅,北東,市道,5.3,１種住居,60,150,2026年第1四半期,
宅地(土地),不動産取引価格情報,住宅地,13205,東京都,青梅市,根ヶ布,東青梅,14,4000000,100000,130,31000,ほぼ整形,10.4,,,,,住宅,北東,都道,10,準工業,60,150,2026年第1四半期,
宅地(土地),不動産取引価格情報,住宅地,13205,東京都,青梅市,野上町,河辺,11,20000000,470000,140,140000,袋地等,3.8,,,,,住宅,東,私道,4.5,１中住専,60,200,2026年第1四半期,
宅地(土地),不動産取引価格情報,商業地,13205,東京都,青梅市,野上町,河辺,13,56000000,610000,310,180000,ほぼ台形,16,,,,,その他,南,都道,20,近隣商業,80,300,2026年第1四半期,
宅地(土地),不動産取引価格情報,住宅地,13205,東京都,青梅市,野上町,河辺,21,11000000,270000,135,83000,ほぼ長方形,15.1,,,,,住宅,北西,市道,4,準工業,60,150,2026年第1四半期,
宅地(土地),不動産取引価格情報,住宅地,13205,東京都,青梅市,東青梅,河辺,6,92000000,610000,500,180000,ほぼ台形,27.7,,,,,住宅,東,市道,12,２中住専,60,200,2026年第1四半期,
宅地(土地と建物),不動産取引価格情報,住宅地,13205,東京都,青梅市,日向和田,日向和田,7,17000000,,140,,不整形,12,90,2004年,木造,住宅,住宅,西,私道,5,１低住専,40,80,2026年第1四半期,
宅地(土地),不動産取引価格情報,住宅地,13205,東京都,青梅市,吹上,東青梅,14,2900000,140000,70,41000,長方形,5.6,,,,,その他,北西,市道,5,１低住専,40,80,2026年第1四半期,
宅地(土地と建物),不動産取引価格情報,住宅地,13205,東京都,青梅市,藤橋,河辺,30分～60分,55000000,,185,,ほぼ長方形,12.2,125,2026年,木造,住宅,住宅,北,市道,6,１低住専,40,80,2026年第1四半期,
宅地(土地と建物),不動産取引価格情報,商業地,13205,東京都,青梅市,本町,青梅,3,180000000,,1100,,ほぼ整形,,,,,,その他,南東,市道,2.4,近隣商業,80,300,2026年第1四半期,
宅地(土地),不動産取引価格情報,住宅地,13205,東京都,青梅市,柚木町,二俣尾,16,16000000,57000,910,17000,不整形,6,,,,,その他,南西,私道,6,１低住専,40,80,2026年第1四半期,
宅地(土地と建物),成約価格情報,,13206,東京都,府中市,朝日町,多磨,15,65000000,,110,,,,85,2026年,木造,,,,,,１低住専,40,80,2026年第1四半期,
宅地(土地と建物),成約価格情報,,13206,東京都,府中市,朝日町,多磨,5,64000000,,115,,,,95,2026年,木造,,,北,公道,4.5,１低住専,40,80,2026年第1四半期,
宅地(土地と建物),成約価格情報,,13206,東京都,府中市,押立町,飛田給,15,47000000,,120,,,,90,2025年,木造,,,西,公道,5,１低住専,40,80,2026年第1四半期,
宅地(土地と建物),成約価格情報,,13206,東京都,府中市,白糸台,飛田給,10,57000000,,95,,,,75,2026年,木造,,,南,公道,4.5,１低住専,40,80,2026年第1四半期,
宅地(土地と建物),成約価格情報,,13206,東京都,府中市,白糸台,武蔵野台,10,43000000,,75,,,,85,2021年,木造,,,南東,公道,,１中住専,60,160,2026年第1四半期,
宅地(土地と建物),成約価格情報,,13206,東京都,府中市,白糸台,多磨霊園,10,38000000,,110,,,,85,2003年,木造,,,南西,公道,4.5,１低住専,40,80,2026年第1四半期,
宅地(土地と建物),成約価格情報,,13206,東京都,府中市,白糸台,白糸台,5,59000000,,110,,,,90,2016年,木造,,,北東,公道,5,１低住専,40,80,2026年第1四半期,
宅地(土地と建物),成約価格情報,,13206,東京都,府中市,白糸台,武蔵野台,5,55000000,,75,,,,80,2027年,木造,,,南,公道,5,１中住専,60,200,2026年第1四半期,
宅地(土地と建物),成約価格情報,,13206,東京都,府中市,住吉町,中河原,5,25000000,,60,,,,60,1973年,木造,,,,,4,１低住専,40,80,2026年第1四半期,
宅地(土地と建物),成約価格情報,,13206,東京都,府中市,住吉町,中河原,10,46000000,,85,,,,85,2015年,木造,,,北東,公道,8.5,１中住専,60,200,2026年第1四半期,
宅地(土地と建物),成約価格情報,,13206,東京都,府中市,住吉町,中河原,10,37000000,,165,,,,60,2005年,木造,,,,,,１低住専,40,80,2026年第1四半期,
宅地(土地と建物),成約価格情報,,13206,東京都,府中市,住吉町,中河原,10,63000000,,135,,,,110,2026年,木造,,,東,公道,5,１中住専,60,200,2026年第1四半期,
宅地(土地と建物),成約価格情報,,13206,東京都,府中市,本町,分倍河原,5,60000000,,110,,,,90,2021年,木造,,,東,私道,4,１中住専,60,160,2026年第1四半期,
宅地(土地と建物),成約価格情報,,13206,東京都,府中市,本町,府中本町,10,50000000,,50,,,,80,2018年,木造,,,北東,公道,4,１中住専,60,160,2026年第1四半期,
宅地(土地と建物),成約価格情報,,13206,東京都,府中市,紅葉丘,武蔵野台,15,66000000,,205,,,,110,2026年,木造,,,北西,私道,4,１低住専,40,80,2026年第1四半期,
宅地(土地と建物),成約価格情報,,13206,東京都,府中市,紅葉丘,多磨,15,41000000,,125,,,,100,2007年,木造,,,南,公道,5,１低住専,40,80,2026年第1四半期,
宅地(土地と建物),成約価格情報,,13206,東京都,府中市,紅葉丘,多磨,10,58000000,,110,,,,80,2026年,木造,,,南,,4,１低住専,40,80,2026年第1四半期,
宅地(土地と建物),成約価格情報,,13206,東京都,府中市,北山町,谷保,20,48000000,,105,,,,80,2025年,木造,,,,,,１低住専,40,80,2026年第1四半期,
宅地(土地と建物),成約価格情報,,13206,東京都,府中市,北山町,谷保,20,42000000,,95,,,,75,2025年,木造,,,,,,１低住専,40,80,2026年第1四半期,
宅地(土地と建物),成約価格情報,,13206,東京都,府中市,小柳町,多磨霊園,10,49000000,,135,,,,135,1993年,ＲＣ,,,北,公道,4,１低住専,50,100,2026年第1四半期,
宅地(土地と建物),成約価格情報,,13206,東京都,府中市,小柳町,多磨霊園,10,50000000,,65,,,,90,2023年,木造,,,南西,公道,6,１中住専,60,200,2026年第1四半期,
宅地(土地と建物),成約価格情報,,13206,東京都,府中市,小柳町,武蔵野台,10,57000000,,85,,,,85,2026年,木造,,,西,公道,4.5,１低住専,50,100,2026年第1四半期,
宅地(土地と建物),成約価格情報,,13206,東京都,府中市,小柳町,武蔵野台,10,53000000,,85,,,,85,2026年,木造,,,西,公道,4.5,１低住専,50,100,2026年第1四半期,
宅地(土地と建物),成約価格情報,,13206,東京都,府中市,小柳町,武蔵野台,15,48000000,,115,,,,90,2018年,木造,,,北,公道,4,１低住専,40,80,2026年第1四半期,
宅地(土地と建物),成約価格情報,,13206,東京都,府中市,小柳町,競艇場前,5,45000000,,70,,,,110,2026年,木造,,,北,公道,7.9,近隣商業,60,200,2026年第1四半期,
宅地(土地と建物),成約価格情報,,13206,東京都,府中市,幸町,府中(東京),15,76000000,,135,,,,120,2026年,木造,,,,,,１低住専,50,100,2026年第1四半期,
宅地(土地と建物),成約価格情報,,13206,東京都,府中市,幸町,府中(東京),10,75000000,,85,,,,85,2026年,木造,,,南,公道,6,１低住専,50,100,2026年第1四半期,
宅地(土地と建物),成約価格情報,,13206,東京都,府中市,幸町,府中(東京),10,74000000,,85,,,,85,2026年,木造,,,東,公道,4,１低住専,60,100,2026年第1四半期,
宅地(土地と建物),成約価格情報,,13206,東京都,府中市,幸町,府中(東京),15,75000000,,105,,,,100,2020年,木造,,,南西,公道,4,１低住専,50,100,2026年第1四半期,
宅地(土地と建物),成約価格情報,,13206,東京都,府中市,栄町,国分寺,,66000000,,140,,,,110,2009年,軽量鉄骨造,,,北,公道,4.7,１低住専,40,80,2026年第1四半期,
宅地(土地と建物),成約価格情報,,13206,東京都,府中市,栄町,国分寺,20,47000000,,95,,,,75,2020年,木造,,,東,公道,4,１低住専,40,80,2026年第1四半期,
宅地(土地と建物),成約価格情報,,13206,東京都,府中市,栄町,北府中,20,56000000,,115,,,,90,2025年,木造,,,,,,１低住専,40,80,2026年第1四半期,
宅地(土地と建物),成約価格情報,,13206,東京都,府中市,栄町,国分寺,25,49000000,,140,,,,95,2025年,木造,,,,,,１低住専,40,80,2026年第1四半期,
宅地(土地と建物),成約価格情報,,13206,東京都,府中市,栄町,北府中,20,49000000,,115,,,,90,2005年,木造,,,,,4.5,１低住専,40,80,2026年第1四半期,
宅地(土地と建物),成約価格情報,,13206,東京都,府中市,栄町,国分寺,20,66000000,,115,,,,95,2026年,木造,,,北,公道,4,１低住専,50,80,2026年第1四半期,
宅地(土地と建物),成約価格情報,,13206,東京都,府中市,清水が丘,東府中,10,42000000,,145,,,,105,2008年,木造,,,,私道,,１低住専,40,80,2026年第1四半期,
宅地(土地と建物),成約価格情報,,13206,東京都,府中市,清水が丘,東府中,10,51000000,,70,,,,115,2023年,木造,,,,,,１中住専,60,200,2026年第1四半期,
宅地(土地と建物),成約価格情報,,13206,東京都,府中市,新町,府中(東京),25,55000000,,120,,,,95,2023年,木造,,,南,公道,4,１低住専,40,80,2026年第1四半期,
宅地(土地と建物),成約価格情報,,13206,東京都,府中市,新町,武蔵小金井,,39000000,,90,,,,90,2008年,木造,,,南東,公道,4,準住居,60,300,2026年第1四半期,
宅地(土地と建物),成約価格情報,,13206,東京都,府中市,新町,,,52000000,,100,,,,80,2026年,木造,,,西,公道,4,１低住専,40,80,2026年第1四半期,
宅地(土地と建物),成約価格情報,,13206,東京都,府中市,新町,府中(東京),,34000000,,70,,,,55,2026年,木造,,,,,4,１低住専,40,80,2026年第1四半期,
宅地(土地と建物),成約価格情報,,13206,東京都,府中市,多磨町,多磨,20,55000000,,130,,,,100,2026年,木造,,,,,,１低住専,40,80,2026年第1四半期,
宅地(土地と建物),成約価格情報,,13206,東京都,府中市,日新町,西府,20,51000000,,135,,,,100,,木造,,,南東,公道,5,１低住専,60,100,2026年第1四半期,
宅地(土地と建物),成約価格情報,,13206,東京都,府中市,日新町,西府,15,48000000,,115,,,,90,2026年,木造,,,,公道,,１低住専,40,80,2026年第1四半期,
宅地(土地と建物),成約価格情報,,13206,東京都,府中市,日新町,西府,15,54000000,,110,,,,95,2026年,木造,,,,私道,,１中住専,60,200,2026年第1四半期,
宅地(土地と建物),成約価格情報,,13206,東京都,府中市,日新町,西府,15,51000000,,105,,,,90,2026年,木造,,,,公道,,１中住専,60,200,2026年第1四半期,
宅地(土地と建物),成約価格情報,,13206,東京都,府中市,日新町,西府,15,53000000,,110,,,,100,2026年,木造,,,,公道,,１中住専,60,200,2026年第1四半期,
宅地(土地と建物),成約価格情報,,13206,東京都,府中市,日新町,西府,15,56000000,,110,,,,95,2026年,木造,,,,,,１低住専,40,80,2026年第1四半期,
宅地(土地と建物),成約価格情報,,13206,東京都,府中市,府中町,府中(東京),15,67000000,,75,,,,115,2025年,木造,,,北東,公道,6,１低住専,60,150,2026年第1四半期,
宅地(土地と建物),成約価格情報,,13206,東京都,府中市,若松町,多磨霊園,15,61000000,,165,,,,105,2025年,木造,,,,,,１低住専,40,80,2026年第1四半期,
宅地(土地と建物),成約価格情報,,13206,東京都,府中市,若松町,多磨霊園,15,60000000,,110,,,,90,2025年,木造,,,,,,１低住専,40,80,2026年第1四半期,
宅地(土地と建物),成約価格情報,,13206,東京都,府中市,若松町,多磨霊園,15,45000000,,75,,,,60,2026年,木造,,,,,,１低住専,40,80,2026年第1四半期,
宅地(土地と建物),成約価格情報,,13206,東京都,府中市,若松町,東府中,15,46000000,,80,,,,60,2026年,木造,,,,,,１低住専,40,80,2026年第1四半期,
宅地(土地と建物),成約価格情報,,13206,東京都,府中市,是政,是政,10,40000000,,80,,,,70,,木造,,,北西,公道,8.9,１中住専,50,100,2026年第1四半期,
宅地(土地と建物),成約価格情報,,13206,東京都,府中市,是政,是政,10,38000000,,100,,,,80,2015年,木造,,,,,,１低住専,40,80,2026年第1四半期,
宅地(土地と建物),成約価格情報,,13206,東京都,府中市,是政,多磨霊園,15,50000000,,120,,,,55,2026年,木造,,,,,,１中住専,60,200,2026年第1四半期,
宅地(土地と建物),成約価格情報,,13206,東京都,府中市,是政,是政,10,15000000,,60,,,,65,1994年,木造,,,北,公道,2.7,準工業,60,200,2026年第1四半期,
宅地(土地と建物),成約価格情報,,13206,東京都,府中市,浅間町,東府中,20,54000000,,85,,,,70,2026年,木造,,,,,,１低住専,40,80,2026年第1四半期,
宅地(土地と建物),成約価格情報,,13206,東京都,府中市,浅間町,東府中,20,52000000,,90,,,,70,2026年,木造,,,,,,１低住専,40,80,2026年第1四半期,
宅地(土地と建物),成約価格情報,,13206,東京都,府中市,天神町,府中(東京),20,23000000,,75,,,,95,1990年,木造,,,北,私道,3.8,１低住専,40,80,2026年第1四半期,
宅地(土地と建物),成約価格情報,,13206,東京都,府中市,西原町,国立,25,27000000,,80,,,,75,1992年,木造,,,北,,4,１低住専,40,80,2026年第1四半期,
宅地(土地と建物),成約価格情報,,13206,東京都,府中市,西府町,西府,10,22000000,,75,,,,55,1998年,木造,,,南西,私道,4,１低住専,40,80,2026年第1四半期,
宅地(土地と建物),成約価格情報,,13206,東京都,府中市,西府町,西府,5,85000000,,205,,,,105,2007年,木造,,,北東,公道,6,１低住専,60,150,2026年第1四半期,
宅地(土地と建物),成約価格情報,,13206,東京都,府中市,西府町,西府,10,31000000,,175,,,,115,1970年,ブロック造,,,南西,公道,6,１低住専,40,80,2026年第1四半期,
宅地(土地と建物),成約価格情報,,13206,東京都,府中市,分梅町,分倍河原,15,42000000,,85,,,,70,2022年,木造,,,北,公道,4.5,１低住専,40,80,2026年第1四半期,
宅地(土地と建物),成約価格情報,,13206,東京都,府中市,分梅町,中河原,10,48000000,,130,,,,105,1996年,木造,,,南西,公道,6,１低住専,40,80,2026年第1四半期,
宅地(土地と建物),成約価格情報,,13206,東京都,府中市,分梅町,分倍河原,15,68000000,,115,,,,95,2025年,木造,,,北東,公道,6,１低住専,40,80,2026年第1四半期,
宅地(土地と建物),成約価格情報,,13206,東京都,府中市,分梅町,分倍河原,15,65000000,,115,,,,95,2025年,木造,,,北東,公道,6,１低住専,40,80,2026年第1四半期,
宅地(土地と建物),成約価格情報,,13206,東京都,府中市,本宿町,西府,15,65000000,,175,,,,140,2002年,軽量鉄骨造,,,南東,私道,4,１低住専,40,80,2026年第1四半期,
宅地(土地と建物),成約価格情報,,13206,東京都,府中市,本宿町,西府,10,62000000,,140,,,,100,2026年,木造,,,南東,,4,１低住専,40,80,2026年第1四半期,
宅地(土地と建物),成約価格情報,,13206,東京都,府中市,南町,分倍河原,20,51000000,,110,,,,90,2019年,木造,,,南西,公道,4.5,２低住専,40,80,2026年第1四半期,
宅地(土地と建物),成約価格情報,,13206,東京都,府中市,南町,分倍河原,15,43000000,,100,,,,80,2003年,木造,,,北東,公道,6,１低住専,40,80,2026年第1四半期,
宅地(土地と建物),成約価格情報,,13206,東京都,府中市,南町,中河原,10,45000000,,115,,,,90,2020年,木造,,,,,,１低住専,40,80,2026年第1四半期,
宅地(土地と建物),成約価格情報,,13206,東京都,府中市,武蔵台,西国分寺,25,54000000,,100,,,,100,2025年,木造,,,,,,１中住専,60,200,2026年第1四半期,
宅地(土地と建物),成約価格情報,,13206,東京都,府中市,武蔵台,北府中,20,43000000,,95,,,,75,2025年,木造,,,,,,１低住専,40,80,2026年第1四半期,
宅地(土地と建物),成約価格情報,,13206,東京都,府中市,武蔵台,西国分寺,25,47000000,,100,,,,80,2025年,木造,,,,,,１低住専,40,80,2026年第1四半期,
宅地(土地と建物),成約価格情報,,13206,東京都,府中市,片町,分倍河原,10,30000000,,50,,,,60,2008年,木造,,,北,公道,3,１種住居,60,160,2026年第1四半期,
宅地(土地と建物),成約価格情報,,13206,東京都,府中市,緑町,東府中,10,62000000,,75,,,,95,2026年,木造,,,北西,公道,4,１種住居,60,160,2026年第1四半期,
宅地(土地と建物),成約価格情報,,13206,東京都,府中市,緑町,府中(東京),15,85000000,,105,,,,100,2018年,木造,,,北東,公道,6.2,１低住専,60,150,2026年第1四半期,
宅地(土地と建物),成約価格情報,,13206,東京都,府中市,四谷,中河原,20,44000000,,85,,,,85,2025年,木造,,,北,公道,4,２低住専,20,100,2026年第1四半期,
宅地(土地と建物),成約価格情報,,13206,東京都,府中市,四谷,中河原,10,60000000,,150,,,,145,2001年,軽量鉄骨造,,,南西,公道,5,１低住専,50,100,2026年第1四半期,
宅地(土地と建物),成約価格情報,,13206,東京都,府中市,四谷,中河原,15,30000000,,100,,,,95,1999年,木造,,,北西,公道,4,１低住専,50,100,2026年第1四半期,
宅地(土地と建物),成約価格情報,,13206,東京都,府中市,四谷,中河原,25,38000000,,100,,,,100,2018年,木造,,,南東,公道,5,１中住専,50,100,2026年第1四半期,
宅地(土地と建物),成約価格情報,,13206,東京都,府中市,四谷,中河原,,42000000,,95,,,,90,2026年,木造,,,,,,準工業,60,200,2026年第1四半期,
宅地(土地と建物),成約価格情報,,13206,東京都,府中市,四谷,中河原,20,42000000,,90,,,,80,2026年,木造,,,,,,１低住専,50,100,2026年第1四半期,
宅地(土地と建物),成約価格情報,,13206,東京都,府中市,四谷,中河原,20,44000000,,85,,,,85,2026年,木造,,,,,,１低住専,50,100,2026年第1四半期,
宅地(土地と建物),成約価格情報,,13206,東京都,府中市,四谷,中河原,20,40000000,,90,,,,85,2026年,木造,,,,,,１低住専,50,100,2026年第1四半期,
宅地(土地と建物),成約価格情報,,13206,東京都,府中市,四谷,中河原,20,45000000,,85,,,,85,2025年,木造,,,北東,公道,8,１低住専,60,100,2026年第1四半期,
宅地(土地と建物),成約価格情報,,13206,東京都,府中市,四谷,中河原,10,120000000,,380,,,,265,1971年,木造,,,南東,公道,5.5,１低住専,50,100,2026年第1四半期,
宅地(土地),不動産取引価格情報,住宅地,13206,東京都,府中市,押立町,武蔵野台,10,190000000,190000,"2,000㎡以上",58000,不整形,,,,,,,西,市道,6,１中住専,60,200,2026年第1四半期,
宅地(土地),不動産取引価格情報,商業地,13206,東京都,府中市,片町,分倍河原,,150000000,2400000,210,740000,ほぼ整形,9.3,,,,,その他,北,市道,,近隣商業,80,300,2026年第1四半期,
宅地(土地と建物),不動産取引価格情報,住宅地,13206,東京都,府中市,北山町,谷保,12,33000000,,100,,ほぼ整形,4.2,90,1998年,木造,住宅,住宅,南,私道,4,１中住専,60,200,2026年第1四半期,
宅地(土地と建物),不動産取引価格情報,住宅地,13206,東京都,府中市,清水が丘,多磨霊園,4,14000000,,70,,ほぼ長方形,6.9,80,1978年,木造,住宅,住宅,北東,私道,4,１低住専,40,80,2026年第1四半期,
宅地(土地),不動産取引価格情報,住宅地,13206,東京都,府中市,清水が丘,東府中,4,53000000,1400000,125,420000,ほぼ正方形,11,,,,,住宅,南東,私道,4,１低住専,40,80,2026年第1四半期,
宅地(土地),不動産取引価格情報,住宅地,13206,東京都,府中市,白糸台,白糸台,,330000000,1600000,710,470000,不整形,19.5,,,,,その他,北西,市道,4.5,近隣商業,80,200,2026年第1四半期,
宅地(土地),不動産取引価格情報,住宅地,13206,東京都,府中市,白糸台,白糸台,4,450000000,1600000,910,500000,不整形,27,,,,,住宅,南西,都道,10,１中住専,60,200,2026年第1四半期,
宅地(土地と建物),不動産取引価格情報,住宅地,13206,東京都,府中市,日新町,西府,19,42000000,,115,,袋地等,7.5,90,2026年,木造,住宅,住宅,北,私道,5,１低住専,40,80,2026年第1四半期,
宅地(土地と建物),不動産取引価格情報,住宅地,13206,東京都,府中市,八幡町,府中競馬正門前,2,90000000,,95,,ほぼ長方形,5.8,120,2022年,木造,住宅,住宅,北,私道,3.3,１中住専,60,200,2026年第1四半期,私道を含む取引
宅地(土地),不動産取引価格情報,住宅地,13206,東京都,府中市,緑町,府中(東京),7,190000000,2300000,270,710000,長方形,13.6,,,,,住宅,北,市道,6,１種住居,60,200,2026年第1四半期,
宅地(土地),不動産取引価格情報,住宅地,13206,東京都,府中市,南町,府中本町,14,42000000,1400000,100,420000,ほぼ台形,9.7,,,,,住宅,北東,市道,6.5,準工業,60,200,2026年第1四半期,
宅地(土地と建物),不動産取引価格情報,住宅地,13206,東京都,府中市,美好町,西府,8,67000000,,75,,長方形,7.8,95,2025年,木造,住宅,住宅,南西,市道,6,１中住専,60,200,2026年第1四半期,
宅地(土地と建物),不動産取引価格情報,住宅地,13206,東京都,府中市,美好町,西府,8,60000000,,160,,ほぼ台形,11,100,1988年,軽量鉄骨造,共同住宅,住宅,北西,市道,4,１中住専,60,200,2026年第1四半期,
宅地(土地と建物),不動産取引価格情報,住宅地,13206,東京都,府中市,美好町,分倍河原,8,64000000,,130,,ほぼ長方形,13.6,115,2003年,木造,住宅,住宅,南東,市道,4,１低住専,50,80,2026年第1四半期,
宅地(土地),不動産取引価格情報,住宅地,13206,東京都,府中市,美好町,分倍河原,2,47000000,1500000,100,460000,ほぼ長方形,12.9,,,,,その他,西,私道,4,１低住専,50,100,2026年第1四半期,
宅地(土地),不動産取引価格情報,商業地,13206,東京都,府中市,紅葉丘,多磨,4,36000000,1300000,90,400000,不整形,14.7,,,,,その他,南,都道,5.5,近隣商業,80,300,2026年第1四半期,
宅地(土地),不動産取引価格情報,住宅地,13206,東京都,府中市,紅葉丘,多磨,3,56000000,1500000,120,470000,ほぼ長方形,15.4,,,,,,南東,市道,5.5,１低住専,40,80,2026年第1四半期,
宅地(土地と建物),不動産取引価格情報,住宅地,13206,東京都,府中市,四谷,中河原,18,43000000,,85,,ほぼ台形,7.4,85,2025年,木造,住宅,住宅,北東,市道,4,２低住専,50,100,2026年第1四半期,
宅地(土地と建物),不動産取引価格情報,住宅地,13206,東京都,府中市,四谷,中河原,14,56000000,,130,,ほぼ長方形,7.8,95,2025年,木造,住宅,住宅,南,私道,4.5,１低住専,40,80,2026年第1四半期,私道を含む取引
宅地(土地と建物),不動産取引価格情報,住宅地,13206,東京都,府中市,若松町,東府中,15,72000000,,280,,ほぼ長方形,13,310,1977年,ＲＣ,住宅、事務所,その他,南,市道,4.1,１低住専,40,80,2026年第1四半期,調停・競売等
宅地(土地と建物),成約価格情報,,13207,東京都,昭島市,昭和町,昭島,10,56000000,,135,,,,110,2026年,木造,,,西,公道,11,１種住居,60,200,2026年第1四半期,
宅地(土地と建物),成約価格情報,,13207,東京都,昭島市,福島町,東中神,25,37000000,,150,,,,100,2025年,木造,,,北,公道,7.2,１中住専,60,200,2026年第1四半期,
宅地(土地と建物),成約価格情報,,13207,東京都,昭島市,緑町,拝島,20,32000000,,115,,,,95,2012年,木造,,,北西,公道,6,１低住専,40,80,2026年第1四半期,
宅地(土地と建物),成約価格情報,,13207,東京都,昭島市,緑町,昭島,15,32000000,,95,,,,75,2026年,木造,,,北,公道,4,１低住専,40,80,2026年第1四半期,
宅地(土地と建物),成約価格情報,,13207,東京都,昭島市,緑町,拝島,20,31000000,,110,,,,90,2001年,木造,,,,,,１低住専,40,80,2026年第1四半期,
宅地(土地と建物),成約価格情報,,13207,東京都,昭島市,武蔵野,中神,20,28000000,,100,,,,140,2003年,木造,,,北東,公道,11,準工業,60,200,2026年第1四半期,
宅地(土地と建物),成約価格情報,,13207,東京都,昭島市,大神町,昭島,25,30000000,,120,,,,100,2020年,木造,,,北,公道,5,１低住専,40,80,2026年第1四半期,
宅地(土地と建物),成約価格情報,,13207,東京都,昭島市,大神町,昭島,15,31000000,,135,,,,90,1999年,木造,,,,公道,,１低住専,40,80,2026年第1四半期,
宅地(土地と建物),成約価格情報,,13207,東京都,昭島市,朝日町,中神,10,57000000,,130,,,,105,2025年,木造,,,西,公道,4,１低住専,50,80,2026年第1四半期,
宅地(土地と建物),成約価格情報,,13207,東京都,昭島市,拝島町,拝島,25,19000000,,115,,,,90,2006年,木造,,,南西,,4,１低住専,40,80,2026年第1四半期,
宅地(土地と建物),成約価格情報,,13207,東京都,昭島市,拝島町,拝島,20,61000000,,335,,,,205,2001年,軽量鉄骨造,,,北東,公道,13.5,１中住専,60,200,2026年第1四半期,
宅地(土地と建物),成約価格情報,,13207,東京都,昭島市,拝島町,拝島,20,22000000,,120,,,,90,2001年,木造,,,北東,公道,5,１低住専,40,80,2026年第1四半期,
宅地(土地と建物),成約価格情報,,13207,東京都,昭島市,拝島町,拝島,,43000000,,210,,,,95,2026年,木造,,,南西,公道,5,１低住専,40,80,2026年第1四半期,
宅地(土地と建物),成約価格情報,,13207,東京都,昭島市,拝島町,昭島,25,29000000,,130,,,,95,2011年,木造,,,北東,公道,13,１中住専,60,200,2026年第1四半期,
宅地(土地と建物),成約価格情報,,13207,東京都,昭島市,郷地町,東中神,15,40000000,,105,,,,100,2021年,木造,,,南,公道,6,１低住専,50,100,2026年第1四半期,
宅地(土地と建物),成約価格情報,,13207,東京都,昭島市,郷地町,西立川,20,43000000,,95,,,,90,2025年,木造,,,西,公道,8,１低住専,40,80,2026年第1四半期,
宅地(土地と建物),成約価格情報,,13207,東京都,昭島市,郷地町,西立川,25,36000000,,100,,,,85,2001年,木造,,,,,,準工業,60,200,2026年第1四半期,
宅地(土地と建物),成約価格情報,,13207,東京都,昭島市,田中町,昭島,15,38000000,,155,,,,125,2012年,木造,,,,,,１低住専,40,80,2026年第1四半期,
宅地(土地と建物),成約価格情報,,13207,東京都,昭島市,田中町,昭島,10,35000000,,105,,,,85,2009年,木造,,,,公道,4,１低住専,40,80,2026年第1四半期,
宅地(土地と建物),成約価格情報,,13207,東京都,昭島市,中神町,中神,15,38000000,,120,,,,90,2024年,木造,,,,公道,4,１低住専,40,80,2026年第1四半期,
宅地(土地と建物),成約価格情報,,13207,東京都,昭島市,中神町,中神,15,34000000,,135,,,,80,1994年,木造,,,,公道,,１低住専,40,80,2026年第1四半期,
宅地(土地と建物),成約価格情報,,13207,東京都,昭島市,松原町,拝島,5,45000000,,80,,,,85,2026年,木造,,,,,,１中住専,60,200,2026年第1四半期,
宅地(土地と建物),成約価格情報,,13207,東京都,昭島市,松原町,拝島,5,45000000,,95,,,,85,2026年,木造,,,,,,１中住専,60,200,2026年第1四半期,
宅地(土地と建物),成約価格情報,,13207,東京都,昭島市,美堀町,西武立川,15,34000000,,100,,,,80,2025年,木造,,,南,私道,4.2,１低住専,40,80,2026年第1四半期,
宅地(土地と建物),不動産取引価格情報,住宅地,13207,東京都,昭島市,朝日町,中神,5,47000000,,95,,袋地等,2.6,80,2025年,木造,住宅,住宅,東,市道,8.6,１中住専,60,200,2026年第1四半期,
宅地(土地),不動産取引価格情報,住宅地,13207,東京都,昭島市,拝島町,拝島,21,17000000,320000,175,97000,ほぼ整形,4,,,,,その他,南西,市道,4,１低住専,40,80,2026年第1四半期,
宅地(土地と建物),不動産取引価格情報,住宅地,13207,東京都,昭島市,拝島町,拝島,19,64000000,,330,,ほぼ長方形,16.3,200,2001年,軽量鉄骨造,住宅,,北東,都道,13.4,１中住専,60,200,2026年第1四半期,
宅地(土地),不動産取引価格情報,住宅地,13207,東京都,昭島市,福島町,東中神,4,190000000,1100000,560,340000,長方形,40,,,,,事務所,北,市道,6,近隣商業,80,200,2026年第1四半期,
宅地(土地と建物),不動産取引価格情報,住宅地,13207,東京都,昭島市,美堀町,西武立川,14,41000000,,125,,ほぼ長方形,8.5,95,2026年,木造,住宅,住宅,西,私道,4,１低住専,40,80,2026年第1四半期,
宅地(土地と建物),不動産取引価格情報,住宅地,13207,東京都,昭島市,美堀町,拝島,13,120000000,,630,,ほぼ整形,24.7,330,1988年,鉄骨造,事務所、倉庫,,東,市道,7,１中住専,60,200,2026年第1四半期,
宅地(土地),不動産取引価格情報,住宅地,13207,東京都,昭島市,宮沢町,昭島,14,81000000,670000,400,200000,ほぼ長方形,26,,,,,住宅,南,市道,5,１低住専,40,80,2026年第1四半期,
宅地(土地),不動産取引価格情報,商業地,13207,東京都,昭島市,宮沢町,中神,10,55000000,940000,195,280000,台形,13.4,,,,,その他,西,都道,7,１種住居,60,200,2026年第1四半期,
宅地(土地と建物),成約価格情報,,13208,東京都,調布市,菊野台,柴崎,10,86000000,,120,,,,95,2026年,木造,,,南西,公道,6,１低住専,50,80,2026年第1四半期,
宅地(土地と建物),成約価格情報,,13208,東京都,調布市,菊野台,柴崎,10,56000000,,100,,,,80,1998年,木造,,,北西,公道,5,１低住専,40,80,2026年第1四半期,
宅地(土地と建物),成約価格情報,,13208,東京都,調布市,緑ケ丘,仙川,15,72000000,,100,,,,80,2020年,木造,,,西,公道,4.5,１低住専,40,80,2026年第1四半期,
宅地(土地と建物),成約価格情報,,13208,東京都,調布市,緑ケ丘,仙川,20,63000000,,100,,,,80,2026年,木造,,,北,公道,6.7,１低住専,40,80,2026年第1四半期,
宅地(土地と建物),成約価格情報,,13208,東京都,調布市,緑ケ丘,仙川,15,31000000,,80,,,,75,1973年,木造,,,北,私道,4,１低住専,40,80,2026年第1四半期,
宅地(土地と建物),成約価格情報,,13208,東京都,調布市,柴崎,つつじケ丘,20,74000000,,115,,,,90,2026年,木造,,,,,,１低住専,40,80,2026年第1四半期,
宅地(土地と建物),成約価格情報,,13208,東京都,調布市,染地,布田,15,57000000,,125,,,,100,2005年,木造,,,東,,4.5,１低住専,40,80,2026年第1四半期,
宅地(土地と建物),成約価格情報,,13208,東京都,調布市,調布ケ丘,調布,15,79000000,,115,,,,90,2026年,木造,,,北東,,4,１低住専,40,80,2026年第1四半期,
宅地(土地と建物),成約価格情報,,13208,東京都,調布市,調布ケ丘,調布,15,78000000,,115,,,,90,2026年,木造,,,北東,,4,１低住専,40,80,2026年第1四半期,
宅地(土地と建物),成約価格情報,,13208,東京都,調布市,西つつじケ丘,つつじケ丘,10,50000000,,265,,,,115,1979年,ＲＣ,,,,,,１低住専,40,80,2026年第1四半期,
宅地(土地と建物),成約価格情報,,13208,東京都,調布市,富士見町,調布,20,50000000,,85,,,,65,2025年,木造,,,,,,１低住専,40,80,2026年第1四半期,
宅地(土地と建物),成約価格情報,,13208,東京都,調布市,富士見町,西調布,10,65000000,,85,,,,110,2025年,木造,,,南,公道,6,準住居,60,200,2026年第1四半期,
宅地(土地と建物),成約価格情報,,13208,東京都,調布市,富士見町,調布,20,52000000,,100,,,,80,1991年,ＲＣ,,,北東,公道,5,１低住専,40,80,2026年第1四半期,
宅地(土地と建物),成約価格情報,,13208,東京都,調布市,富士見町,西調布,15,64000000,,105,,,,85,2026年,木造,,,,,,１低住専,40,80,2026年第1四半期,
宅地(土地と建物),成約価格情報,,13208,東京都,調布市,富士見町,西調布,15,58000000,,95,,,,75,2026年,木造,,,,,,１低住専,40,80,2026年第1四半期,
宅地(土地と建物),成約価格情報,,13208,東京都,調布市,富士見町,西調布,10,65000000,,85,,,,110,2025年,木造,,,南,公道,6,準住居,60,200,2026年第1四半期,
宅地(土地と建物),成約価格情報,,13208,東京都,調布市,布田,調布,15,84000000,,125,,,,100,2009年,木造,,,北東,公道,6,１低住専,40,80,2026年第1四半期,
宅地(土地と建物),成約価格情報,,13208,東京都,調布市,布田,調布,15,60000000,,90,,,,70,2026年,木造,,,,,,１低住専,40,80,2026年第1四半期,
宅地(土地と建物),成約価格情報,,13208,東京都,調布市,若葉町,仙川,15,94000000,,105,,,,100,2017年,木造,,,東,公道,5,１中住専,60,200,2026年第1四半期,
宅地(土地と建物),成約価格情報,,13208,東京都,調布市,国領町,国領,15,62000000,,100,,,,80,2025年,木造,,,北,私道,4,１低住専,40,80,2026年第1四半期,
宅地(土地と建物),成約価格情報,,13208,東京都,調布市,国領町,布田,5,40000000,,60,,,,65,2014年,木造,,,北東,私道,4,１種住居,60,200,2026年第1四半期,
宅地(土地と建物),成約価格情報,,13208,東京都,調布市,国領町,国領,15,61000000,,100,,,,80,2025年,木造,,,北,私道,4,１低住専,40,80,2026年第1四半期,
宅地(土地と建物),成約価格情報,,13208,東京都,調布市,国領町,布田,10,150000000,,295,,,,50,戦前,木造,,,南西,,2.1,１低住専,50,100,2026年第1四半期,
宅地(土地と建物),成約価格情報,,13208,東京都,調布市,佐須町,布田,20,50000000,,90,,,,75,2025年,木造,,,北西,私道,4,１低住専,40,80,2026年第1四半期,
宅地(土地と建物),成約価格情報,,13208,東京都,調布市,佐須町,布田,15,70000000,,110,,,,90,2025年,木造,,,,,,１低住専,40,80,2026年第1四半期,
宅地(土地と建物),成約価格情報,,13208,東京都,調布市,佐須町,国領,15,50000000,,125,,,,100,1997年,木造,,,南東,公道,5,１低住専,40,80,2026年第1四半期,
宅地(土地と建物),成約価格情報,,13208,東京都,調布市,佐須町,布田,15,56000000,,90,,,,70,2025年,木造,,,南西,私道,6.4,１低住専,40,80,2026年第1四半期,
宅地(土地と建物),成約価格情報,,13208,東京都,調布市,佐須町,国領,20,58000000,,130,,,,100,1999年,木造,,,北西,,4,１低住専,40,80,2026年第1四半期,
宅地(土地と建物),成約価格情報,,13208,東京都,調布市,下石原,西調布,10,60000000,,90,,,,75,2025年,木造,,,,,,１低住専,50,100,2026年第1四半期,
宅地(土地と建物),成約価格情報,,13208,東京都,調布市,深大寺北町,調布,,40000000,,100,,,,80,2006年,木造,,,,,5.4,１低住専,40,80,2026年第1四半期,
宅地(土地と建物),成約価格情報,,13208,東京都,調布市,深大寺北町,三鷹,,52000000,,110,,,,85,2025年,木造,,,北東,公道,6,１低住専,40,80,2026年第1四半期,
宅地(土地と建物),成約価格情報,,13208,東京都,調布市,深大寺北町,三鷹,,54000000,,110,,,,90,2025年,木造,,,北東,公道,8,１低住専,40,80,2026年第1四半期,
宅地(土地と建物),成約価格情報,,13208,東京都,調布市,深大寺北町,調布,,64000000,,150,,,,105,2026年,木造,,,,公道,,１低住専,40,80,2026年第1四半期,
宅地(土地と建物),成約価格情報,,13208,東京都,調布市,深大寺北町,,,57000000,,110,,,,90,2027年,木造,,,北,公道,4.5,１低住専,40,80,2026年第1四半期,
宅地(土地と建物),成約価格情報,,13208,東京都,調布市,深大寺北町,調布,,59000000,,150,,,,105,2026年,木造,,,北東,公道,4.6,１低住専,40,80,2026年第1四半期,
宅地(土地と建物),成約価格情報,,13208,東京都,調布市,深大寺北町,調布,,32000000,,135,,,,110,2004年,木造,,,,,,１低住専,40,80,2026年第1四半期,
宅地(土地と建物),成約価格情報,,13208,東京都,調布市,深大寺東町,つつじケ丘,,51000000,,110,,,,90,2025年,木造,,,北東,公道,3.8,１低住専,40,80,2026年第1四半期,
宅地(土地と建物),成約価格情報,,13208,東京都,調布市,深大寺東町,つつじケ丘,,48000000,,120,,,,90,2025年,木造,,,北東,公道,3.8,１低住専,40,80,2026年第1四半期,
宅地(土地と建物),成約価格情報,,13208,東京都,調布市,深大寺東町,つつじケ丘,,45000000,,125,,,,95,2013年,木造,,,,,,１低住専,40,80,2026年第1四半期,
宅地(土地と建物),成約価格情報,,13208,東京都,調布市,深大寺東町,三鷹,,48000000,,95,,,,75,2019年,木造,,,,,4.2,１低住専,40,80,2026年第1四半期,
宅地(土地と建物),成約価格情報,,13208,東京都,調布市,多摩川,京王多摩川,5,75000000,,120,,,,95,2017年,木造,,,東,公道,5,１低住専,40,80,2026年第1四半期,
宅地(土地と建物),成約価格情報,,13208,東京都,調布市,多摩川,京王多摩川,10,57000000,,105,,,,85,2026年,木造,,,東,公道,5.6,１低住専,40,80,2026年第1四半期,
宅地(土地と建物),成約価格情報,,13208,東京都,調布市,飛田給,飛田給,10,37000000,,110,,,,90,2003年,木造,,,,,4.5,１低住専,40,80,2026年第1四半期,
宅地(土地と建物),成約価格情報,,13208,東京都,調布市,飛田給,飛田給,10,58000000,,115,,,,90,2005年,木造,,,,,,１低住専,40,80,2026年第1四半期,
宅地(土地と建物),成約価格情報,,13208,東京都,調布市,飛田給,飛田給,5,52000000,,115,,,,95,2003年,木造,,,,,,準工業,60,200,2026年第1四半期,
宅地(土地と建物),成約価格情報,,13208,東京都,調布市,八雲台,国領,10,21000000,,55,,,,60,1976年,木造,,,北東,公道,5.6,１低住専,40,80,2026年第1四半期,
宅地(土地と建物),成約価格情報,,13208,東京都,調布市,入間町,つつじケ丘,20,130000000,,210,,,,160,2009年,木造,,,南西,公道,5,１低住専,40,80,2026年第1四半期,
宅地(土地と建物),成約価格情報,,13208,東京都,調布市,入間町,仙川,15,48000000,,110,,,,90,2006年,木造,,,,,,１低住専,40,80,2026年第1四半期,
宅地(土地と建物),成約価格情報,,13208,東京都,調布市,入間町,成城学園前,,73000000,,125,,,,100,2013年,木造,,,,,,１低住専,40,80,2026年第1四半期,
宅地(土地と建物),成約価格情報,,13208,東京都,調布市,上石原,西調布,10,52000000,,110,,,,100,2013年,木造,,,南西,公道,5,１中住専,60,150,2026年第1四半期,
宅地(土地と建物),成約価格情報,,13208,東京都,調布市,上石原,西調布,10,44000000,,75,,,,60,2025年,木造,,,,,,１低住専,40,80,2026年第1四半期,
宅地(土地と建物),成約価格情報,,13208,東京都,調布市,小島町,調布,10,62000000,,55,,,,75,2021年,木造,,,北西,公道,4,１種住居,60,160,2026年第1四半期,
宅地(土地と建物),成約価格情報,,13208,東京都,調布市,小島町,調布,10,68000000,,115,,,,85,2010年,木造,,,南西,,4.3,１低住専,40,80,2026年第1四半期,
宅地(土地と建物),成約価格情報,,13208,東京都,調布市,小島町,調布,10,90000000,,120,,,,100,2026年,木造,,,南,私道,4,１低住専,50,100,2026年第1四半期,
宅地(土地と建物),成約価格情報,,13208,東京都,調布市,深大寺南町,つつじケ丘,,49000000,,120,,,,95,2025年,木造,,,,,,１低住専,40,80,2026年第1四半期,
宅地(土地と建物),成約価格情報,,13208,東京都,調布市,深大寺南町,つつじケ丘,,57000000,,100,,,,100,2026年,木造,,,,,,２中住専,60,200,2026年第1四半期,
宅地(土地と建物),成約価格情報,,13208,東京都,調布市,深大寺南町,柴崎,20,12000000,,75,,,,60,1985年,木造,,,南東,公道,4.5,１低住専,40,80,2026年第1四半期,
宅地(土地と建物),不動産取引価格情報,住宅地,13208,東京都,調布市,上石原,飛田給,18,38000000,,70,,ほぼ整形,4.3,75,2026年,木造,住宅,住宅,南西,市道,6,１中住専,60,200,2026年第1四半期,
宅地(土地と建物),不動産取引価格情報,住宅地,13208,東京都,調布市,上石原,西調布,10,14000000,,85,,不整形,,90,1999年,木造,店舗,店舗,南東,市道,9.2,１低住専,40,80,2026年第1四半期,
宅地(土地と建物),不動産取引価格情報,商業地,13208,東京都,調布市,上石原,西調布,2,160000000,,170,,長方形,11.8,350,2013年,鉄骨造,住宅、共同住宅,住宅,南東,市道,16,近隣商業,80,300,2026年第1四半期,
宅地(土地と建物),不動産取引価格情報,住宅地,13208,東京都,調布市,佐須町,調布,20,69000000,,95,,台形,9,75,2025年,木造,住宅,住宅,北東,市道,4,１低住専,40,80,2026年第1四半期,
宅地(土地と建物),不動産取引価格情報,住宅地,13208,東京都,調布市,深大寺東町,調布,30分～60分,39000000,,70,,台形,6,55,2025年,木造,住宅,住宅,南西,市道,6.6,１低住専,40,80,2026年第1四半期,
宅地(土地),不動産取引価格情報,住宅地,13208,東京都,調布市,染地,国領,22,38000000,1100000,115,330000,ほぼ正方形,11,,,,,倉庫,南,市道,12,１低住専,40,80,2026年第1四半期,
宅地(土地と建物),不動産取引価格情報,住宅地,13208,東京都,調布市,多摩川,京王多摩川,10,39000000,,65,,ほぼ長方形,,55,2017年,木造,住宅,住宅,西,私道,4,１中住専,60,200,2026年第1四半期,
宅地(土地と建物),不動産取引価格情報,住宅地,13208,東京都,調布市,多摩川,京王多摩川,10,29000000,,80,,長方形,8,50,2024年,木造,住宅,,西,私道,4.5,１低住専,30,60,2026年第1四半期,
宅地(土地と建物),不動産取引価格情報,住宅地,13208,東京都,調布市,飛田給,飛田給,9,54000000,,100,,袋地等,3,80,2025年,木造,住宅,住宅,東,市道,6,１低住専,40,80,2026年第1四半期,
宅地(土地),不動産取引価格情報,住宅地,13208,東京都,調布市,西つつじケ丘,つつじケ丘,5,72000000,1800000,130,550000,袋地等,3,,,,,住宅,北東,市道,6,１低住専,40,80,2026年第1四半期,
宅地(土地),不動産取引価格情報,住宅地,13208,東京都,調布市,東つつじケ丘,つつじケ丘,15,16000000,1100000,50,330000,不整形,16,,,,,その他,南西,市道,6,１低住専,40,80,2026年第1四半期,
宅地(土地と建物),不動産取引価格情報,住宅地,13208,東京都,調布市,富士見町,調布,18,50000000,,80,,ほぼ長方形,7,65,2025年,木造,住宅,,西,私道,4,１低住専,40,80,2026年第1四半期,
宅地(土地と建物),不動産取引価格情報,住宅地,13208,東京都,調布市,富士見町,西調布,9,53000000,,180,,ほぼ長方形,12.1,180,1989年,鉄骨造,共同住宅,住宅,北東,市道,4.1,１中住専,50,150,2026年第1四半期,
宅地(土地と建物),不動産取引価格情報,住宅地,13208,東京都,調布市,富士見町,西調布,13,240000000,,890,,台形,32.3,,1985年,ＲＣ,住宅、事務所、倉庫,事務所,南東,都道,16,２中住専,60,200,2026年第1四半期,
宅地(土地),不動産取引価格情報,住宅地,13208,東京都,調布市,富士見町,西調布,14,22000000,2400000,30,730000,ほぼ長方形,,,,,,事務所,北,市道,4,１低住専,40,80,2026年第1四半期,隣地の購入
宅地(土地),不動産取引価格情報,住宅地,13208,東京都,調布市,布田,調布,13,59000000,1400000,135,440000,ほぼ長方形,,,,,,住宅,東,私道,4,１低住専,40,80,2026年第1四半期,
宅地(土地と建物),不動産取引価格情報,住宅地,13208,東京都,調布市,布田,布田,6,45000000,,80,,ほぼ長方形,6.2,75,1982年,木造,住宅、作業場,,東,市道,4.5,１低住専,50,100,2026年第1四半期,
宅地(土地と建物),成約価格情報,,13209,東京都,町田市,相原町,橋本(神奈川),,31000000,,80,,,,85,2025年,木造,,,,,,準住居,60,200,2026年第1四半期,
宅地(土地と建物),成約価格情報,,13209,東京都,町田市,相原町,橋本(神奈川),20,24000000,,125,,,,90,2007年,木造,,,北,公道,6,１低住専,40,80,2026年第1四半期,
宅地(土地と建物),成約価格情報,,13209,東京都,町田市,相原町,相原,,36000000,,130,,,,95,2025年,木造,,,,,,１低住専,40,80,2026年第1四半期,
宅地(土地と建物),成約価格情報,,13209,東京都,町田市,相原町,相原,,20000000,,120,,,,95,2013年,木造,,,南西,公道,4,２中住専,50,100,2026年第1四半期,
宅地(土地と建物),成約価格情報,,13209,東京都,町田市,相原町,相原,,29000000,,130,,,,95,2024年,木造,,,,,,１低住専,40,80,2026年第1四半期,
宅地(土地と建物),成約価格情報,,13209,東京都,町田市,相原町,相原,20,14000000,,175,,,,105,1991年,木造,,,北,公道,4,１低住専,40,80,2026年第1四半期,
宅地(土地と建物),成約価格情報,,13209,東京都,町田市,相原町,相原,,12000000,,125,,,,90,1984年,軽量鉄骨造,,,,,,１低住専,40,80,2026年第1四半期,
宅地(土地と建物),成約価格情報,,13209,東京都,町田市,相原町,相原,,38000000,,135,,,,110,2025年,木造,,,,,,１低住専,40,80,2026年第1四半期,
宅地(土地と建物),成約価格情報,,13209,東京都,町田市,相原町,相原,,34000000,,140,,,,95,2026年,木造,,,南西,公道,4,１低住専,40,80,2026年第1四半期,
宅地(土地と建物),成約価格情報,,13209,東京都,町田市,相原町,相原,,35000000,,155,,,,100,2026年,木造,,,南西,公道,4,１低住専,40,80,2026年第1四半期,
宅地(土地と建物),成約価格情報,,13209,東京都,町田市,旭町,町田,25,22000000,,215,,,,105,1997年,木造,,,北,私道,5,１低住専,40,80,2026年第1四半期,
宅地(土地と建物),成約価格情報,,13209,東京都,町田市,旭町,町田,,34000000,,80,,,,65,2016年,木造,,,東,私道,4,１低住専,40,80,2026年第1四半期,
宅地(土地と建物),成約価格情報,,13209,東京都,町田市,旭町,町田,15,45000000,,140,,,,105,2002年,木造,,,南東,公道,5.7,２中住専,50,100,2026年第1四半期,
宅地(土地と建物),成約価格情報,,13209,東京都,町田市,上小山田町,淵野辺,,25000000,,145,,,,100,2003年,木造,,,東,公道,6,２低住専,50,100,2026年第1四半期,
宅地(土地と建物),成約価格情報,,13209,東京都,町田市,鶴川,鶴川,,43000000,,125,,,,105,2025年,木造,,,,,6,１低住専,50,100,2026年第1四半期,
宅地(土地と建物),成約価格情報,,13209,東京都,町田市,鶴川,鶴川,,45000000,,125,,,,105,2025年,木造,,,,,6,１低住専,50,100,2026年第1四半期,
宅地(土地と建物),成約価格情報,,13209,東京都,町田市,鶴川,鶴川,,50000000,,165,,,,105,2025年,木造,,,,,,１低住専,50,100,2026年第1四半期,
宅地(土地と建物),成約価格情報,,13209,東京都,町田市,鶴川,鶴川,,35000000,,105,,,,95,2025年,木造,,,北西,公道,16.7,２中住専,50,150,2026年第1四半期,
宅地(土地と建物),成約価格情報,,13209,東京都,町田市,鶴川,鶴川,,39000000,,240,,,,70,2020年,木造,,,北,公道,6,１低住専,50,100,2026年第1四半期,
宅地(土地と建物),成約価格情報,,13209,東京都,町田市,鶴川,鶴川,,53000000,,310,,,,225,1993年,木造,,,南西,公道,13.9,１低住専,50,100,2026年第1四半期,
宅地(土地と建物),成約価格情報,,13209,東京都,町田市,鶴川,鶴川,,36000000,,105,,,,80,2025年,木造,,,北西,公道,16.7,２中住専,50,150,2026年第1四半期,
宅地(土地と建物),成約価格情報,,13209,東京都,町田市,東玉川学園,玉川学園前,15,43000000,,135,,,,105,2025年,木造,,,南西,公道,5,１低住専,40,80,2026年第1四半期,
宅地(土地と建物),成約価格情報,,13209,東京都,町田市,東玉川学園,玉川学園前,15,69000000,,220,,,,130,2025年,木造,,,北,公道,4.5,１低住専,40,80,2026年第1四半期,
宅地(土地と建物),成約価格情報,,13209,東京都,町田市,東玉川学園,玉川学園前,15,39000000,,215,,,,170,1996年,木造,,,西,公道,4,１低住専,40,80,2026年第1四半期,
宅地(土地と建物),成約価格情報,,13209,東京都,町田市,南つくし野,すずかけ台,5,53000000,,195,,,,130,1998年,木造,,,北西,公道,6,１低住専,50,100,2026年第1四半期,
宅地(土地と建物),成約価格情報,,13209,東京都,町田市,南つくし野,すずかけ台,15,28000000,,85,,,,70,2010年,木造,,,南西,公道,4,１低住専,40,80,2026年第1四半期,
宅地(土地と建物),成約価格情報,,13209,東京都,町田市,南つくし野,すずかけ台,5,7000000,,135,,,,95,1980年,木造,,,北西,,6,１低住専,50,100,2026年第1四半期,
宅地(土地と建物),成約価格情報,,13209,東京都,町田市,南つくし野,すずかけ台,15,24000000,,80,,,,80,1995年,木造,,,,,,１低住専,50,100,2026年第1四半期,
宅地(土地と建物),成約価格情報,,13209,東京都,町田市,山崎町,町田,,30000000,,180,,,,105,2010年,木造,,,南東,公道,6,１低住専,40,80,2026年第1四半期,
宅地(土地と建物),成約価格情報,,13209,東京都,町田市,山崎町,古淵,30分～60分,25000000,,215,,,,105,2010年,木造,,,北,公道,5,１低住専,40,80,2026年第1四半期,
宅地(土地と建物),成約価格情報,,13209,東京都,町田市,山崎町,町田,,27000000,,135,,,,90,2007年,木造,,,西,公道,5,１低住専,40,80,2026年第1四半期,
宅地(土地と建物),成約価格情報,,13209,東京都,町田市,山崎町,町田,,33000000,,135,,,,95,2006年,木造,,,,,,１低住専,40,80,2026年第1四半期,
宅地(土地と建物),成約価格情報,,13209,東京都,町田市,広袴,鶴川,,53000000,,210,,,,225,2002年,軽量鉄骨造,,,北,公道,6,１低住専,50,100,2026年第1四半期,
宅地(土地と建物),成約価格情報,,13209,東京都,町田市,広袴,鶴川,25,36000000,,190,,,,115,1995年,木造,,,南西,公道,4,２中住専,50,150,2026年第1四半期,
宅地(土地と建物),成約価格情報,,13209,東京都,町田市,木曽西,町田,,51000000,,190,,,,105,2025年,木造,,,,,,１中住専,60,200,2026年第1四半期,
宅地(土地と建物),成約価格情報,,13209,東京都,町田市,木曽西,町田,,51000000,,190,,,,105,2025年,木造,,,,,,１中住専,60,200,2026年第1四半期,
宅地(土地と建物),成約価格情報,,13209,東京都,町田市,木曽西,町田,,59000000,,155,,,,105,2026年,木造,,,,,,１中住専,60,200,2026年第1四半期,
宅地(土地と建物),成約価格情報,,13209,東京都,町田市,木曽西,町田,,34000000,,180,,,,100,2019年,木造,,,南西,公道,4.8,１低住専,40,80,2026年第1四半期,
宅地(土地と建物),成約価格情報,,13209,東京都,町田市,木曽西,古淵,25,55000000,,170,,,,120,2026年,木造,,,,,,１低住専,40,80,2026年第1四半期,
宅地(土地と建物),成約価格情報,,13209,東京都,町田市,木曽西,古淵,15,45000000,,120,,,,95,2026年,木造,,,西,公道,,１低住専,40,80,2026年第1四半期,
宅地(土地と建物),成約価格情報,,13209,東京都,町田市,木曽西,古淵,25,54000000,,265,,,,65,1960年,木造,,,東,公道,6.5,１低住専,40,80,2026年第1四半期,
宅地(土地と建物),成約価格情報,,13209,東京都,町田市,小川,つくし野,15,49000000,,130,,,,100,2017年,木造,,,南東,公道,4.5,１低住専,50,100,2026年第1四半期,
宅地(土地と建物),成約価格情報,,13209,東京都,町田市,小川,すずかけ台,20,64000000,,200,,,,170,2008年,軽量鉄骨造,,,南西,公道,9,１低住専,50,100,2026年第1四半期,
宅地(土地と建物),成約価格情報,,13209,東京都,町田市,小川,成瀬,10,65000000,,110,,,,100,2026年,木造,,,南西,公道,16.5,２中住専,50,150,2026年第1四半期,
宅地(土地と建物),成約価格情報,,13209,東京都,町田市,小川,成瀬,10,39000000,,175,,,,105,1976年,軽量鉄骨造,,,北東,公道,6,１低住専,50,100,2026年第1四半期,
宅地(土地と建物),成約価格情報,,13209,東京都,町田市,小川,成瀬,10,72000000,,135,,,,105,2026年,木造,,,西,公道,6,１低住専,50,100,2026年第1四半期,
宅地(土地と建物),成約価格情報,,13209,東京都,町田市,小川,成瀬,10,69000000,,150,,,,100,2026年,木造,,,北,公道,6,１低住専,50,100,2026年第1四半期,
宅地(土地と建物),成約価格情報,,13209,東京都,町田市,金井,鶴川,20,39000000,,155,,,,90,2012年,木造,,,北西,公道,6,１低住専,40,80,2026年第1四半期,
宅地(土地と建物),成約価格情報,,13209,東京都,町田市,金井,鶴川,,49000000,,170,,,,110,2026年,木造,,,,公道,,１低住専,40,80,2026年第1四半期,
宅地(土地と建物),成約価格情報,,13209,東京都,町田市,金井,鶴川,,39000000,,190,,,,140,1991年,木造,,,北,公道,6,１低住専,40,80,2026年第1四半期,
宅地(土地と建物),成約価格情報,,13209,東京都,町田市,金井,玉川学園前,25,50000000,,220,,,,110,2026年,木造,,,東,,,１低住専,40,80,2026年第1四半期,
宅地(土地と建物),成約価格情報,,13209,東京都,町田市,金井,鶴川,,21000000,,165,,,,125,1991年,木造,,,北西,公道,6,１低住専,50,80,2026年第1四半期,
宅地(土地と建物),成約価格情報,,13209,東京都,町田市,金井,鶴川,,30000000,,130,,,,100,2007年,木造,,,南東,公道,6,１低住専,40,80,2026年第1四半期,
宅地(土地と建物),成約価格情報,,13209,東京都,町田市,金井,鶴川,,35000000,,180,,,,145,1991年,木造,,,南,公道,6,１低住専,40,80,2026年第1四半期,
宅地(土地と建物),成約価格情報,,13209,東京都,町田市,金井,鶴川,,45000000,,150,,,,105,2025年,木造,,,西,公道,6,１低住専,40,80,2026年第1四半期,
宅地(土地と建物),成約価格情報,,13209,東京都,町田市,金井,町田,,43000000,,125,,,,100,2026年,木造,,,北,公道,4,１低住専,40,80,2026年第1四半期,
宅地(土地と建物),成約価格情報,,13209,東京都,町田市,金森,町田,25,43000000,,130,,,,105,2007年,軽量鉄骨造,,,,公道,5,１低住専,40,80,2026年第1四半期,
宅地(土地と建物),成約価格情報,,13209,東京都,町田市,金森,成瀬,20,25000000,,65,,,,70,2007年,木造,,,東,公道,5.9,準工業,60,200,2026年第1四半期,
宅地(土地と建物),成約価格情報,,13209,東京都,町田市,金森,南町田グランベリーパーク,,53000000,,130,,,,100,2026年,木造,,,北東,,4,１低住専,,,2026年第1四半期,
宅地(土地と建物),成約価格情報,,13209,東京都,町田市,金森,南町田グランベリーパーク,,37000000,,215,,,,60,1966年,木造,,,西,公道,6,１低住専,40,80,2026年第1四半期,
宅地(土地と建物),成約価格情報,,13209,東京都,町田市,忠生,町田,,35000000,,100,,,,95,2026年,木造,,,,,,２中住専,60,200,2026年第1四半期,
宅地(土地と建物),成約価格情報,,13209,東京都,町田市,忠生,町田,,37000000,,90,,,,95,2026年,木造,,,,,,２中住専,60,200,2026年第1四半期,
宅地(土地と建物),成約価格情報,,13209,東京都,町田市,忠生,町田,,27000000,,100,,,,95,2011年,木造,,,北西,公道,6,準住居,60,200,2026年第1四半期,
宅地(土地と建物),成約価格情報,,13209,東京都,町田市,忠生,淵野辺,25,26000000,,135,,,,95,2003年,木造,,,北東,公道,6,２中住専,60,200,2026年第1四半期,
宅地(土地と建物),成約価格情報,,13209,東京都,町田市,成瀬が丘,成瀬,10,65000000,,135,,,,105,2025年,木造,,,南西,私道,4,１低住専,40,80,2026年第1四半期,
宅地(土地と建物),成約価格情報,,13209,東京都,町田市,本町田,町田,20,65000000,,135,,,,105,2025年,木造,,,,,,１低住専,40,80,2026年第1四半期,
宅地(土地と建物),成約価格情報,,13209,東京都,町田市,本町田,町田,20,66000000,,125,,,,100,2025年,木造,,,,,,１低住専,40,80,2026年第1四半期,
宅地(土地と建物),成約価格情報,,13209,東京都,町田市,本町田,町田,,11000000,,110,,,,90,1978年,木造,,,南,私道,4,１低住専,40,80,2026年第1四半期,
宅地(土地と建物),成約価格情報,,13209,東京都,町田市,本町田,玉川学園前,25,46000000,,145,,,,110,2025年,木造,,,東,公道,5,１低住専,40,80,2026年第1四半期,
宅地(土地と建物),成約価格情報,,13209,東京都,町田市,本町田,町田,20,37000000,,125,,,,100,2012年,木造,,,,公道,5,１低住専,40,80,2026年第1四半期,
宅地(土地と建物),成約価格情報,,13209,東京都,町田市,本町田,町田,,40000000,,120,,,,90,2026年,木造,,,南西,公道,5,１低住専,40,80,2026年第1四半期,
宅地(土地と建物),成約価格情報,,13209,東京都,町田市,本町田,玉川学園前,20,47000000,,125,,,,100,2025年,木造,,,南東,公道,4,１低住専,40,80,2026年第1四半期,
宅地(土地と建物),成約価格情報,,13209,東京都,町田市,本町田,古淵,30分～60分,28000000,,425,,,,140,1971年,木造,,,北,公道,3.8,１低住専,40,80,2026年第1四半期,
宅地(土地と建物),成約価格情報,,13209,東京都,町田市,本町田,町田,25,49000000,,210,,,,105,2026年,木造,,,,,,１低住専,40,80,2026年第1四半期,
宅地(土地と建物),成約価格情報,,13209,東京都,町田市,本町田,町田,20,39000000,,110,,,,105,2009年,軽量鉄骨造,,,南,公道,5,準住居,60,200,2026年第1四半期,
宅地(土地と建物),成約価格情報,,13209,東京都,町田市,三輪緑山,鶴川,,38000000,,205,,,,150,1987年,木造,,,南東,,6,１低住専,40,80,2026年第1四半期,
宅地(土地と建物),成約価格情報,,13209,東京都,町田市,三輪緑山,鶴川,20,34000000,,135,,,,105,2006年,木造,,,北,公道,6,１低住専,40,80,2026年第1四半期,
宅地(土地と建物),成約価格情報,,13209,東京都,町田市,三輪緑山,鶴川,25,61000000,,195,,,,105,2026年,木造,,,東,公道,6,１低住専,40,80,2026年第1四半期,
宅地(土地と建物),成約価格情報,,13209,東京都,町田市,森野,町田,,41000000,,125,,,,100,2012年,木造,,,南西,公道,6,１低住専,50,80,2026年第1四半期,
宅地(土地と建物),成約価格情報,,13209,東京都,町田市,森野,町田,25,31000000,,100,,,,85,2012年,木造,,,,,,２中住専,50,100,2026年第1四半期,
宅地(土地と建物),成約価格情報,,13209,東京都,町田市,木曽東,古淵,15,22000000,,130,,,,100,1989年,木造,,,北東,公道,6,２中住専,50,100,2026年第1四半期,
宅地(土地と建物),成約価格情報,,13209,東京都,町田市,木曽東,古淵,20,55000000,,145,,,,105,2025年,木造,,,,,,２中住専,50,100,2026年第1四半期,
宅地(土地と建物),成約価格情報,,13209,東京都,町田市,木曽東,町田,,57000000,,105,,,,100,2026年,木造,,,北,公道,6,２中住専,50,100,2026年第1四半期,
宅地(土地と建物),成約価格情報,,13209,東京都,町田市,木曽東,町田,,55000000,,115,,,,100,2026年,木造,,,北,公道,6,２中住専,50,100,2026年第1四半期,
宅地(土地と建物),成約価格情報,,13209,東京都,町田市,金森東,成瀬,15,56000000,,120,,,,95,2025年,木造,,,北,公道,5,１低住専,40,80,2026年第1四半期,
宅地(土地と建物),成約価格情報,,13209,東京都,町田市,金森東,町田,,44000000,,85,,,,150,2010年,木造,,,西,公道,13,準住居,60,200,2026年第1四半期,
宅地(土地と建物),成約価格情報,,13209,東京都,町田市,小山町,矢部,30分～60分,39000000,,135,,,,105,2025年,木造,,,南東,公道,4.8,１低住専,40,80,2026年第1四半期,
宅地(土地と建物),成約価格情報,,13209,東京都,町田市,小山町,矢部,30分～60分,42000000,,135,,,,105,2025年,木造,,,南東,公道,4.8,１低住専,40,80,2026年第1四半期,
宅地(土地と建物),成約価格情報,,13209,東京都,町田市,小山町,矢部,30分～60分,34000000,,135,,,,105,2025年,木造,,,南東,公道,4.8,１低住専,40,80,2026年第1四半期,
宅地(土地と建物),成約価格情報,,13209,東京都,町田市,小山町,淵野辺,,39000000,,125,,,,100,2026年,木造,,,,,,１低住専,40,80,2026年第1四半期,
宅地(土地と建物),成約価格情報,,13209,東京都,町田市,小山町,多摩境,,42000000,,135,,,,105,2025年,木造,,,,,,１低住専,40,80,2026年第1四半期,
宅地(土地と建物),成約価格情報,,13209,東京都,町田市,小山町,多摩境,,37000000,,135,,,,105,2025年,木造,,,,,,１低住専,40,80,2026年第1四半期,
宅地(土地と建物),成約価格情報,,13209,東京都,町田市,小山町,多摩境,,42000000,,135,,,,105,2025年,木造,,,,,,１低住専,40,80,2026年第1四半期,
宅地(土地と建物),成約価格情報,,13209,東京都,町田市,小山町,多摩境,20,28000000,,120,,,,95,2002年,木造,,,南西,公道,5,１低住専,40,80,2026年第1四半期,
宅地(土地と建物),成約価格情報,,13209,東京都,町田市,小山町,相模原,25,33000000,,200,,,,140,1995年,木造,,,南西,私道,5,１低住専,40,80,2026年第1四半期,
宅地(土地と建物),成約価格情報,,13209,東京都,町田市,小山町,相模原,25,45000000,,135,,,,105,2026年,木造,,,北東,公道,4,１低住専,40,80,2026年第1四半期,
宅地(土地と建物),成約価格情報,,13209,東京都,町田市,小山町,橋本(神奈川),15,33000000,,185,,,,120,2006年,木造,,,南西,公道,5,１低住専,50,100,2026年第1四半期,
宅地(土地と建物),成約価格情報,,13209,東京都,町田市,小山町,多摩境,15,59000000,,130,,,,105,2026年,木造,,,,,,１低住専,40,80,2026年第1四半期,
宅地(土地と建物),成約価格情報,,13209,東京都,町田市,図師町,町田,,32000000,,145,,,,105,2011年,木造,,,南西,公道,5,１低住専,40,80,2026年第1四半期,
宅地(土地と建物),成約価格情報,,13209,東京都,町田市,図師町,町田,,27000000,,155,,,,105,2016年,木造,,,南西,公道,4.5,１低住専,40,80,2026年第1四半期,
宅地(土地と建物),成約価格情報,,13209,東京都,町田市,図師町,唐木田,,33000000,,140,,,,100,2026年,木造,,,,,,１低住専,40,80,2026年第1四半期,
宅地(土地と建物),成約価格情報,,13209,東京都,町田市,図師町,町田,,23000000,,115,,,,100,2009年,木造,,,南東,公道,20,準住居,60,200,2026年第1四半期,
宅地(土地と建物),成約価格情報,,13209,東京都,町田市,図師町,町田,,26000000,,185,,,,110,1995年,木造,,,北東,公道,6,１低住専,40,80,2026年第1四半期,
宅地(土地と建物),成約価格情報,,13209,東京都,町田市,図師町,古淵,30分～60分,20000000,,165,,,,195,1992年,木造,,,北,公道,6,準住居,60,200,2026年第1四半期,
宅地(土地と建物),成約価格情報,,13209,東京都,町田市,玉川学園,玉川学園前,10,39000000,,165,,,,130,1994年,木造,,,南西,公道,4.4,１低住専,40,80,2026年第1四半期,
宅地(土地と建物),成約価格情報,,13209,東京都,町田市,玉川学園,玉川学園前,15,18000000,,90,,,,75,1993年,木造,,,北西,公道,5,１低住専,40,80,2026年第1四半期,
宅地(土地と建物),成約価格情報,,13209,東京都,町田市,玉川学園,玉川学園前,15,64000000,,190,,,,135,2023年,木造,,,,,,１低住専,40,80,2026年第1四半期,
宅地(土地と建物),成約価格情報,,13209,東京都,町田市,玉川学園,玉川学園前,10,32000000,,585,,,,140,1967年,木造,,,南,私道,3.1,１低住専,40,80,2026年第1四半期,
宅地(土地と建物),成約価格情報,,13209,東京都,町田市,玉川学園,玉川学園前,5,42000000,,140,,,,95,2005年,木造,,,西,公道,7,１低住専,40,80,2026年第1四半期,
宅地(土地と建物),成約価格情報,,13209,東京都,町田市,玉川学園,玉川学園前,10,49000000,,135,,,,105,1999年,木造,,,北,公道,5,１低住専,40,80,2026年第1四半期,
宅地(土地と建物),成約価格情報,,13209,東京都,町田市,つくし野,つくし野,5,36000000,,120,,,,75,1996年,木造,,,南東,公道,6,１低住専,40,80,2026年第1四半期,
宅地(土地と建物),成約価格情報,,13209,東京都,町田市,つくし野,つくし野,10,47000000,,200,,,,145,1988年,木造,,,北,公道,6,１低住専,40,80,2026年第1四半期,
宅地(土地と建物),成約価格情報,,13209,東京都,町田市,つくし野,つくし野,10,58000000,,255,,,,190,1988年,ＲＣ,,,北東,公道,6.1,１低住専,40,80,2026年第1四半期,
宅地(土地と建物),成約価格情報,,13209,東京都,町田市,つくし野,すずかけ台,5,71000000,,260,,,,200,1991年,軽量鉄骨造,,,南,公道,5,１低住専,40,80,2026年第1四半期,
宅地(土地と建物),成約価格情報,,13209,東京都,町田市,常盤町,町田,,18000000,,215,,,,120,1992年,木造,,,東,公道,6,１低住専,40,80,2026年第1四半期,
宅地(土地と建物),成約価格情報,,13209,東京都,町田市,常盤町,淵野辺,,29000000,,165,,,,125,2004年,木造,,,,,,１低住専,40,80,2026年第1四半期,
宅地(土地と建物),成約価格情報,,13209,東京都,町田市,常盤町,相模原,30分～60分,38000000,,165,,,,95,2026年,木造,,,東,公道,4,１低住専,40,80,2026年第1四半期,
宅地(土地と建物),成約価格情報,,13209,東京都,町田市,常盤町,町田,,27000000,,130,,,,100,2010年,木造,,,南西,公道,5,１低住専,40,80,2026年第1四半期,
宅地(土地と建物),成約価格情報,,13209,東京都,町田市,常盤町,淵野辺,,42000000,,165,,,,110,2026年,木造,,,,,,１低住専,40,80,2026年第1四半期,
宅地(土地と建物),成約価格情報,,13209,東京都,町田市,常盤町,淵野辺,,28000000,,95,,,,75,2025年,木造,,,,公道,,１低住専,40,80,2026年第1四半期,
宅地(土地と建物),成約価格情報,,13209,東京都,町田市,常盤町,淵野辺,,24000000,,130,,,,95,2010年,木造,,,東,公道,5,１低住専,40,80,2026年第1四半期,
宅地(土地と建物),成約価格情報,,13209,東京都,町田市,中町,町田,15,95000000,,175,,,,160,2020年,木造,,,南西,公道,5.4,２中住専,60,200,2026年第1四半期,
宅地(土地と建物),成約価格情報,,13209,東京都,町田市,中町,町田,15,70000000,,165,,,,205,2001年,木造,,,南西,公道,5.4,２中住専,60,200,2026年第1四半期,
宅地(土地と建物),成約価格情報,,13209,東京都,町田市,中町,町田,15,56000000,,55,,,,95,2026年,木造,,,南西,公道,5.4,２中住専,60,200,2026年第1四半期,
宅地(土地と建物),成約価格情報,,13209,東京都,町田市,成瀬台,こどもの国(神奈川),25,31000000,,135,,,,95,2006年,木造,,,北,公道,6,１低住専,50,100,2026年第1四半期,
宅地(土地と建物),成約価格情報,,13209,東京都,町田市,成瀬台,こどもの国(神奈川),20,53000000,,125,,,,105,2025年,木造,,,,,,１低住専,50,100,2026年第1四半期,
宅地(土地と建物),成約価格情報,,13209,東京都,町田市,成瀬台,こどもの国(神奈川),20,55000000,,130,,,,110,2025年,木造,,,,,,１低住専,50,100,2026年第1四半期,
宅地(土地と建物),成約価格情報,,13209,東京都,町田市,成瀬台,こどもの国(神奈川),15,48000000,,215,,,,165,2000年,木造,,,北西,公道,6,１低住専,50,100,2026年第1四半期,
宅地(土地と建物),成約価格情報,,13209,東京都,町田市,成瀬台,こどもの国(神奈川),10,47000000,,165,,,,135,2003年,木造,,,東,,4,１低住専,50,100,2026年第1四半期,
宅地(土地と建物),成約価格情報,,13209,東京都,町田市,成瀬台,こどもの国(神奈川),15,43000000,,130,,,,105,2026年,木造,,,,,,１低住専,50,100,2026年第1四半期,
宅地(土地と建物),成約価格情報,,13209,東京都,町田市,成瀬台,こどもの国(神奈川),15,63000000,,195,,,,150,2011年,軽量鉄骨造,,,東,公道,6.5,１低住専,50,100,2026年第1四半期,
宅地(土地と建物),成約価格情報,,13209,東京都,町田市,成瀬台,こどもの国(神奈川),20,27000000,,135,,,,95,1978年,軽量鉄骨造,,,北,公道,6,１低住専,50,100,2026年第1四半期,
宅地(土地と建物),成約価格情報,,13209,東京都,町田市,根岸町,淵野辺,,55000000,,155,,,,110,2026年,木造,,,北東,公道,6,１低住専,50,100,2026年第1四半期,
宅地(土地と建物),成約価格情報,,13209,東京都,町田市,原町田,町田,15,66000000,,125,,,,95,2026年,木造,,,東,公道,4.5,１低住専,40,80,2026年第1四半期,
宅地(土地と建物),成約価格情報,,13209,東京都,町田市,原町田,町田,15,56000000,,135,,,,100,2026年,木造,,,,,,１低住専,40,80,2026年第1四半期,
宅地(土地と建物),成約価格情報,,13209,東京都,町田市,原町田,町田,5,75000000,,95,,,,100,1978年,木造,,,南,私道,1.8,近隣商業,80,240,2026年第1四半期,
宅地(土地と建物),成約価格情報,,13209,東京都,町田市,南大谷,玉川学園前,,49000000,,125,,,,100,2025年,木造,,,,,,１低住専,40,80,2026年第1四半期,
宅地(土地と建物),成約価格情報,,13209,東京都,町田市,南大谷,玉川学園前,,50000000,,125,,,,100,2025年,木造,,,,,,１低住専,40,80,2026年第1四半期,
宅地(土地と建物),成約価格情報,,13209,東京都,町田市,南大谷,玉川学園前,,55000000,,155,,,,105,2025年,木造,,,,,,１低住専,40,80,2026年第1四半期,
宅地(土地と建物),成約価格情報,,13209,東京都,町田市,南大谷,玉川学園前,,50000000,,180,,,,105,2025年,木造,,,,,,１低住専,40,80,2026年第1四半期,
宅地(土地と建物),成約価格情報,,13209,東京都,町田市,南大谷,町田,20,34000000,,105,,,,100,2005年,木造,,,南東,公道,4.5,２中住専,60,100,2026年第1四半期,
宅地(土地と建物),成約価格情報,,13209,東京都,町田市,南大谷,玉川学園前,20,51000000,,135,,,,110,2026年,木造,,,,,,１低住専,40,80,2026年第1四半期,
宅地(土地と建物),成約価格情報,,13209,東京都,町田市,南大谷,町田,20,29000000,,130,,,,100,1977年,軽量鉄骨造,,,南東,公道,4,１低住専,40,80,2026年第1四半期,
宅地(土地と建物),成約価格情報,,13209,東京都,町田市,南大谷,町田,,43000000,,130,,,,100,2025年,木造,,,東,公道,6.5,１低住専,40,80,2026年第1四半期,
宅地(土地と建物),成約価格情報,,13209,東京都,町田市,南大谷,町田,25,26000000,,105,,,,85,2001年,木造,,,南西,公道,4,１低住専,40,80,2026年第1四半期,
宅地(土地と建物),成約価格情報,,13209,東京都,町田市,南大谷,玉川学園前,20,27000000,,130,,,,105,2003年,木造,,,南東,私道,5,１低住専,40,80,2026年第1四半期,
宅地(土地と建物),成約価格情報,,13209,東京都,町田市,南大谷,町田,,43000000,,130,,,,100,2025年,木造,,,東,公道,6.5,１低住専,40,80,2026年第1四半期,
宅地(土地と建物),成約価格情報,,13209,東京都,町田市,矢部町,淵野辺,,21000000,,110,,,,85,2002年,木造,,,南,公道,5,１低住専,40,80,2026年第1四半期,
宅地(土地と建物),成約価格情報,,13209,東京都,町田市,真光寺,鶴川,,34000000,,170,,,,160,2000年,木造,,,西,公道,4,１低住専,50,100,2026年第1四半期,
宅地(土地と建物),成約価格情報,,13209,東京都,町田市,真光寺,港南台,,45000000,,120,,,,100,,木造,,,南東,公道,6,１低住専,50,100,2026年第1四半期,
宅地(土地と建物),成約価格情報,,13209,東京都,町田市,金井ヶ丘,鶴川,15,35000000,,125,,,,95,2018年,木造,,,北西,公道,5,１低住専,40,80,2026年第1四半期,
宅地(土地と建物),成約価格情報,,13209,東京都,町田市,金井ヶ丘,鶴川,15,50000000,,120,,,,110,2025年,木造,,,西,公道,4.8,１低住専,50,80,2026年第1四半期,
宅地(土地と建物),成約価格情報,,13209,東京都,町田市,金井ヶ丘,鶴川,20,53000000,,185,,,,100,2025年,木造,,,,,,１低住専,40,80,2026年第1四半期,
宅地(土地と建物),成約価格情報,,13209,東京都,町田市,金井ヶ丘,玉川学園前,20,40000000,,110,,,,85,2026年,木造,,,南東,私道,4.9,１低住専,40,80,2026年第1四半期,
宅地(土地と建物),成約価格情報,,13209,東京都,町田市,大蔵町,鶴川,15,35000000,,130,,,,95,2004年,木造,,,北東,,8,１低住専,50,100,2026年第1四半期,
宅地(土地と建物),成約価格情報,,13209,東京都,町田市,大蔵町,鶴川,,40000000,,130,,,,105,2025年,木造,,,南東,公道,5,１低住専,40,80,2026年第1四半期,
宅地(土地と建物),成約価格情報,,13209,東京都,町田市,大蔵町,鶴川,,38000000,,130,,,,105,2025年,木造,,,南東,公道,5,１低住専,40,80,2026年第1四半期,
宅地(土地と建物),成約価格情報,,13209,東京都,町田市,大蔵町,鶴川,10,55000000,,115,,,,90,2026年,木造,,,,,,１低住専,40,80,2026年第1四半期,
宅地(土地と建物),成約価格情報,,13209,東京都,町田市,成瀬,成瀬,25,39000000,,200,,,,115,2015年,木造,,,南,公道,5,１低住専,50,100,2026年第1四半期,
宅地(土地と建物),成約価格情報,,13209,東京都,町田市,成瀬,成瀬,15,79000000,,130,,,,110,2025年,木造,,,西,公道,,１低住専,50,80,2026年第1四半期,
宅地(土地と建物),成約価格情報,,13209,東京都,町田市,成瀬,成瀬,15,60000000,,110,,,,100,2025年,木造,,,南,公道,18,２中住専,50,150,2026年第1四半期,
宅地(土地と建物),成約価格情報,,13209,東京都,町田市,成瀬,成瀬,,58000000,,235,,,,110,2026年,木造,,,東,公道,6,１低住専,50,100,2026年第1四半期,
宅地(土地と建物),成約価格情報,,13209,東京都,町田市,成瀬,成瀬,15,50000000,,135,,,,105,2017年,木造,,,北,公道,6,１低住専,40,80,2026年第1四半期,
宅地(土地と建物),成約価格情報,,13209,東京都,町田市,野津田町,町田,,34000000,,130,,,,100,2025年,木造,,,,,,１低住専,40,80,2026年第1四半期,
宅地(土地と建物),成約価格情報,,13209,東京都,町田市,野津田町,鶴川,,45000000,,130,,,,100,2026年,木造,,,西,公道,5.5,１低住専,50,80,2026年第1四半期,
宅地(土地と建物),成約価格情報,,13209,東京都,町田市,野津田町,鶴川,,45000000,,130,,,,105,2026年,木造,,,,公道,,１低住専,40,80,2026年第1四半期,
宅地(土地と建物),成約価格情報,,13209,東京都,町田市,野津田町,鶴川,,36000000,,165,,,,115,2002年,軽量鉄骨造,,,南,公道,6,１低住専,40,80,2026年第1四半期,
宅地(土地と建物),成約価格情報,,13209,東京都,町田市,野津田町,鶴川,,24000000,,145,,,,110,2003年,木造,,,北,公道,5,１低住専,50,100,2026年第1四半期,
宅地(土地と建物),成約価格情報,,13209,東京都,町田市,野津田町,町田,,36000000,,180,,,,105,2017年,木造,,,北,公道,6,１低住専,50,100,2026年第1四半期,
宅地(土地と建物),成約価格情報,,13209,東京都,町田市,野津田町,鶴川,,35000000,,130,,,,105,2026年,木造,,,北東,公道,5,１低住専,40,80,2026年第1四半期,
宅地(土地と建物),成約価格情報,,13209,東京都,町田市,野津田町,鶴川,,39000000,,135,,,,100,2025年,木造,,,南,公道,13,１低住専,40,80,2026年第1四半期,
宅地(土地と建物),成約価格情報,,13209,東京都,町田市,野津田町,鶴川,,37000000,,135,,,,105,2024年,木造,,,,,,１低住専,40,80,2026年第1四半期,
宅地(土地と建物),成約価格情報,,13209,東京都,町田市,野津田町,鶴川,,34000000,,125,,,,95,2019年,木造,,,,公道,5,準工業,60,200,2026年第1四半期,
宅地(土地と建物),成約価格情報,,13209,東京都,町田市,野津田町,玉川学園前,,36000000,,260,,,,95,2026年,木造,,,西,公道,5.4,１低住専,30,80,2026年第1四半期,
宅地(土地と建物),成約価格情報,,13209,東京都,町田市,野津田町,玉川学園前,,37000000,,255,,,,100,2026年,木造,,,西,公道,5.4,１低住専,30,80,2026年第1四半期,
宅地(土地と建物),成約価格情報,,13209,東京都,町田市,野津田町,鶴川,30分～60分,2000000,,125,,,,75,1973年,鉄骨造,,,北,私道,4,１低住専,40,80,2026年第1四半期,
宅地(土地と建物),成約価格情報,,13209,東京都,町田市,三輪町,柿生,,48000000,,170,,,,110,2025年,木造,,,南西,私道,5,１低住専,40,80,2026年第1四半期,
宅地(土地と建物),成約価格情報,,13209,東京都,町田市,三輪町,柿生,20,49000000,,105,,,,85,2026年,木造,,,南東,,6,１低住専,40,80,2026年第1四半期,
宅地(土地と建物),成約価格情報,,13209,東京都,町田市,小山ヶ丘,多摩境,,44000000,,115,,,,100,2005年,木造,,,西,公道,6,１低住専,50,100,2026年第1四半期,
宅地(土地と建物),成約価格情報,,13209,東京都,町田市,能ヶ谷,柿生,15,73000000,,175,,,,135,2006年,木造,,,北東,公道,6,１低住専,40,80,2026年第1四半期,
宅地(土地と建物),成約価格情報,,13209,東京都,町田市,能ヶ谷,鶴川,20,49000000,,235,,,,185,2001年,木造,,,,,,１低住専,40,80,2026年第1四半期,
宅地(土地と建物),成約価格情報,,13209,東京都,町田市,能ヶ谷,柿生,10,47000000,,190,,,,140,2006年,木造,,,南,公道,6,１低住専,40,80,2026年第1四半期,
宅地(土地と建物),成約価格情報,,13209,東京都,町田市,高ヶ坂,町田,20,66000000,,175,,,,125,2025年,木造,,,南,私道,4,１低住専,40,80,2026年第1四半期,
宅地(土地と建物),成約価格情報,,13209,東京都,町田市,高ヶ坂,町田,20,46000000,,135,,,,100,2026年,木造,,,,,,１低住専,40,80,2026年第1四半期,
宅地(土地と建物),成約価格情報,,13209,東京都,町田市,高ヶ坂,町田,20,45000000,,135,,,,105,1998年,木造,,,南西,私道,4.5,１低住専,40,80,2026年第1四半期,
宅地(土地と建物),成約価格情報,,13209,東京都,町田市,高ヶ坂,町田,,33000000,,195,,,,110,1979年,ＲＣ,,,東,公道,6.1,１低住専,40,80,2026年第1四半期,
宅地(土地と建物),成約価格情報,,13209,東京都,町田市,南町田,南町田グランベリーパーク,20,59000000,,200,,,,110,2010年,木造,,,北西,公道,4.8,１低住専,40,80,2026年第1四半期,
宅地(土地),不動産取引価格情報,住宅地,13209,東京都,町田市,相原町,相原,8,10000000,340000,95,100000,ほぼ長方形,7,,,,,住宅,南西,市道,4,１低住専,40,80,2026年第1四半期,
宅地(土地),不動産取引価格情報,住宅地,13209,東京都,町田市,相原町,相原,30分～60分,740000,54000,45,16000,不整形,2.1,,,,,その他,南西,市道,9,２中住専,50,100,2026年第1四半期,
宅地(土地),不動産取引価格情報,住宅地,13209,東京都,町田市,小山町,多摩境,15,9800000,370000,90,110000,ほぼ正方形,9,,,,,住宅,西,私道,4,１低住専,40,80,2026年第1四半期,私道を含む取引
宅地(土地と建物),不動産取引価格情報,住宅地,13209,東京都,町田市,小山町,矢部,30分～60分,46000000,,130,,ほぼ長方形,9.6,105,2025年,木造,住宅,住宅,東,市道,5,１低住専,40,80,2026年第1四半期,
宅地(土地),不動産取引価格情報,住宅地,13209,東京都,町田市,金井,鶴川,15,30000000,990000,100,300000,ほぼ台形,7.3,,,,,住宅,南西,市道,6,準住居,60,200,2026年第1四半期,
宅地(土地と建物),不動産取引価格情報,住宅地,13209,東京都,町田市,金井,鶴川,30分～60分,35000000,,180,,ほぼ長方形,12,140,1991年,木造,住宅,住宅,西,市道,9,１低住専,40,80,2026年第1四半期,
宅地(土地と建物),不動産取引価格情報,住宅地,13209,東京都,町田市,金井ヶ丘,玉川学園前,19,26000000,,155,,ほぼ正方形,12.4,95,1991年,木造,住宅,住宅,北西,市道,6,１低住専,40,80,2026年第1四半期,
宅地(土地と建物),不動産取引価格情報,住宅地,13209,東京都,町田市,金井ヶ丘,玉川学園前,11,50000000,,120,,ほぼ長方形,13,100,2026年,木造,住宅,住宅,南東,市道,6,１低住専,40,80,2026年第1四半期,
宅地(土地),不動産取引価格情報,住宅地,13209,東京都,町田市,金井ヶ丘,鶴川,13,29000000,720000,135,220000,袋地等,3,,,,,,北,市道,4,１低住専,40,80,2026年第1四半期,
宅地(土地と建物),不動産取引価格情報,住宅地,13209,東京都,町田市,金森,町田,18,120000000,,210,,長方形,12.7,140,2026年,木造,共同住宅,住宅,東,都道,6.5,１低住専,40,80,2026年第1四半期,
宅地(土地),不動産取引価格情報,住宅地,13209,東京都,町田市,金森東,成瀬,10,50000000,730000,230,220000,ほぼ正方形,12,,,,,住宅,北,市道,5,１低住専,40,80,2026年第1四半期,
宅地(土地),不動産取引価格情報,住宅地,13209,東京都,町田市,上小山田町,矢部,30分～60分,20000000,440000,150,130000,不整形,19.6,,,,,,西,市道,8.5,１低住専,40,80,2026年第1四半期,
宅地(土地と建物),不動産取引価格情報,住宅地,13209,東京都,町田市,下小山田町,唐木田,30分～60分,37000000,,130,,ほぼ長方形,9,105,2025年,木造,住宅,住宅,南西,市道,5,１低住専,40,80,2026年第1四半期,
宅地(土地と建物),不動産取引価格情報,住宅地,13209,東京都,町田市,真光寺,鶴川,30分～60分,36000000,,100,,ほぼ長方形,13.3,80,2025年,木造,住宅,住宅,南西,私道,4,１低住専,40,80,2026年第1四半期,
宅地(土地と建物),不動産取引価格情報,住宅地,13209,東京都,町田市,忠生,淵野辺,30分～60分,55000000,,260,,ほぼ台形,8.9,310,1999年,軽量鉄骨造,事務所,事務所,南東,区道,6,準工業,60,200,2026年第1四半期,
宅地(土地と建物),不動産取引価格情報,住宅地,13209,東京都,町田市,忠生,淵野辺,30分～60分,29000000,,175,,台形,16.6,110,1980年,木造,住宅,住宅,南西,市道,6,１中住専,50,100,2026年第1四半期,
宅地(土地),不動産取引価格情報,住宅地,13209,東京都,町田市,玉川学園,玉川学園前,6,26000000,520000,165,160000,ほぼ台形,12,,,,,,北東,市道,4,１低住専,40,80,2026年第1四半期,
宅地(土地と建物),不動産取引価格情報,住宅地,13209,東京都,町田市,玉川学園,玉川学園前,6,39000000,,165,,ほぼ長方形,10,125,1994年,木造,,住宅,南西,市道,5,１低住専,40,80,2026年第1四半期,
宅地(土地),不動産取引価格情報,住宅地,13209,東京都,町田市,つくし野,つくし野,3,62000000,510000,400,150000,袋地等,,,,,,住宅,西,市道,6,１低住専,40,80,2026年第1四半期,
宅地(土地),不動産取引価格情報,住宅地,13209,東京都,町田市,つくし野,つくし野,10,49000000,660000,250,200000,ほぼ正方形,16,,,,,,北,市道,6,１低住専,40,80,2026年第1四半期,
宅地(土地と建物),不動産取引価格情報,住宅地,13209,東京都,町田市,鶴川,鶴川,30分～60分,35000000,,105,,長方形,6.6,80,2025年,木造,住宅,住宅,北西,都道,17,２中住専,50,150,2026年第1四半期,
宅地(土地),不動産取引価格情報,住宅地,13209,東京都,町田市,鶴間,南町田グランベリーパーク,2,46000000,920000,165,280000,ほぼ長方形,10.7,,,,,,北西,市道,6,２中住専,50,150,2026年第1四半期,
宅地(土地),不動産取引価格情報,住宅地,13209,東京都,町田市,常盤町,淵野辺,29,8400000,280000,100,84000,ほぼ長方形,9,,,,,住宅,北,市道,4,１低住専,40,80,2026年第1四半期,
宅地(土地),不動産取引価格情報,住宅地,13209,東京都,町田市,中町,町田,9,71000000,1400000,165,430000,長方形,14.6,,,,,住宅,南西,市道,5.4,２中住専,60,200,2026年第1四半期,
宅地(土地),不動産取引価格情報,商業地,13209,東京都,町田市,中町,町田,9,120000000,2200000,170,680000,不整形,10.1,,,,,事務所,南西,私道,4,近隣商業,80,400,2026年第1四半期,
宅地(土地と建物),不動産取引価格情報,住宅地,13209,東京都,町田市,野津田町,鶴川,30分～60分,25000000,,170,,不整形,,100,1985年,木造,住宅,住宅,東,私道,4.8,１低住専,40,80,2026年第1四半期,
宅地(土地と建物),不動産取引価格情報,住宅地,13209,東京都,町田市,本町田,玉川学園前,21,27000000,,125,,長方形,7.8,95,2001年,木造,住宅,住宅,北西,市道,6.6,１低住専,40,80,2026年第1四半期,
宅地(土地と建物),不動産取引価格情報,住宅地,13209,東京都,町田市,南大谷,町田,16,50000000,,140,,不整形,,125,1994年,木造,,住宅,北東,市道,4.5,１低住専,40,80,2026年第1四半期,
宅地(土地と建物),不動産取引価格情報,住宅地,13209,東京都,町田市,南大谷,町田,21,7000000,,100,,ほぼ長方形,5.5,80,1999年,木造,住宅,住宅,東,市道,5,１低住専,40,80,2026年第1四半期,
宅地(土地と建物),不動産取引価格情報,住宅地,13209,東京都,町田市,南大谷,町田,19,49000000,,120,,長方形,9.1,95,2019年,木造,住宅,住宅,南東,私道,4,１低住専,40,80,2026年第1四半期,
宅地(土地と建物),不動産取引価格情報,住宅地,13209,東京都,町田市,南大谷,町田,16,13000000,,85,,ほぼ整形,11,65,1992年,木造,住宅,住宅,北,私道,4,１低住専,40,80,2026年第1四半期,
宅地(土地と建物),不動産取引価格情報,住宅地,13209,東京都,町田市,南つくし野,すずかけ台,6,53000000,,165,,長方形,12,130,2004年,木造,住宅,,北東,市道,6,１低住専,50,100,2026年第1四半期,
宅地(土地と建物),不動産取引価格情報,住宅地,13209,東京都,町田市,南つくし野,すずかけ台,5,53000000,,195,,ほぼ長方形,7.8,125,1998年,木造,住宅,住宅,北東,市道,6,１低住専,50,100,2026年第1四半期,
宅地(土地と建物),不動産取引価格情報,住宅地,13209,東京都,町田市,南成瀬,成瀬,10,64000000,,100,,ほぼ長方形,8.8,95,2026年,木造,住宅,住宅,北,市道,9,１低住専,50,100,2026年第1四半期,
宅地(土地と建物),不動産取引価格情報,住宅地,13209,東京都,町田市,三輪緑山,鶴川,20,45000000,,210,,ほぼ長方形,16,150,1998年,木造,住宅,住宅,南,区道,6,１低住専,40,80,2026年第1四半期,
宅地(土地と建物),不動産取引価格情報,商業地,13209,東京都,町田市,森野,町田,3,320000000,,240,,不整形,18.7,440,2003年,鉄骨造,事務所、店舗,店舗,南西,市道,6,商業,80,400,2026年第1四半期,
宅地(土地),不動産取引価格情報,住宅地,13209,東京都,町田市,山崎町,古淵,28,27000000,460000,195,140000,ほぼ長方形,11.3,,,,,住宅,東,市道,4.5,１低住専,40,80,2026年第1四半期,
宅地(土地と建物),成約価格情報,,13210,東京都,小金井市,東町,東小金井,20,55000000,,100,,,,80,2018年,木造,,,西,公道,4.5,１低住専,40,80,2026年第1四半期,
宅地(土地と建物),成約価格情報,,13210,東京都,小金井市,東町,東小金井,15,80000000,,125,,,,100,2022年,木造,,,南,私道,5,１低住専,40,80,2026年第1四半期,
宅地(土地と建物),成約価格情報,,13210,東京都,小金井市,東町,東小金井,15,100000000,,170,,,,95,2017年,木造,,,北,公道,16,１中住専,60,200,2026年第1四半期,
宅地(土地と建物),成約価格情報,,13210,東京都,小金井市,東町,東小金井,20,55000000,,140,,,,105,2017年,木造,,,,,,１低住専,40,80,2026年第1四半期,
宅地(土地と建物),成約価格情報,,13210,東京都,小金井市,東町,東小金井,10,90000000,,125,,,,100,2009年,木造,,,南,私道,5,１低住専,40,80,2026年第1四半期,
宅地(土地と建物),成約価格情報,,13210,東京都,小金井市,東町,東小金井,15,48000000,,120,,,,90,2017年,木造,,,北,私道,3.3,１低住専,40,80,2026年第1四半期,
宅地(土地と建物),成約価格情報,,13210,東京都,小金井市,東町,東小金井,5,64000000,,120,,,,95,2005年,木造,,,南,私道,4,１低住専,40,80,2026年第1四半期,
宅地(土地と建物),成約価格情報,,13210,東京都,小金井市,梶野町,東小金井,15,17000000,,90,,,,90,1989年,木造,,,,,,１低住専,40,80,2026年第1四半期,
宅地(土地と建物),成約価格情報,,13210,東京都,小金井市,梶野町,東小金井,,74000000,,115,,,,90,2022年,木造,,,西,公道,5,１低住専,40,80,2026年第1四半期,
宅地(土地と建物),成約価格情報,,13210,東京都,小金井市,梶野町,東小金井,15,50000000,,100,,,,80,1996年,木造,,,東,公道,4,１低住専,40,80,2026年第1四半期,
宅地(土地と建物),成約価格情報,,13210,東京都,小金井市,桜町,武蔵小金井,20,120000000,,240,,,,185,1973年,鉄骨造,,,,,,１低住専,40,80,2026年第1四半期,
宅地(土地と建物),成約価格情報,,13210,東京都,小金井市,貫井北町,武蔵小金井,20,27000000,,70,,,,95,1992年,木造,,,南東,公道,4,１中住専,60,160,2026年第1四半期,
宅地(土地と建物),成約価格情報,,13210,東京都,小金井市,貫井北町,武蔵小金井,20,11000000,,85,,,,70,1969年,木造,,,,,0,１低住専,50,80,2026年第1四半期,
宅地(土地と建物),成約価格情報,,13210,東京都,小金井市,貫井北町,国分寺,15,82000000,,125,,,,100,2018年,木造,,,北西,公道,5,１低住専,40,80,2026年第1四半期,
宅地(土地と建物),成約価格情報,,13210,東京都,小金井市,貫井北町,武蔵小金井,20,67000000,,110,,,,90,2026年,木造,,,,,,１低住専,50,80,2026年第1四半期,
宅地(土地と建物),成約価格情報,,13210,東京都,小金井市,中町,武蔵小金井,15,75000000,,110,,,,90,2025年,木造,,,北,公道,5.4,１低住専,40,80,2026年第1四半期,
宅地(土地と建物),成約価格情報,,13210,東京都,小金井市,貫井南町,国分寺,20,50000000,,100,,,,75,2019年,木造,,,南,私道,4,１低住専,40,80,2026年第1四半期,
宅地(土地と建物),成約価格情報,,13210,東京都,小金井市,貫井南町,武蔵小金井,,35000000,,105,,,,85,2005年,木造,,,東,私道,4,１低住専,40,80,2026年第1四半期,
宅地(土地と建物),成約価格情報,,13210,東京都,小金井市,貫井南町,国分寺,25,63000000,,125,,,,100,2018年,木造,,,南,公道,4.5,１低住専,40,80,2026年第1四半期,
宅地(土地と建物),成約価格情報,,13210,東京都,小金井市,本町,武蔵小金井,15,73000000,,160,,,,100,2026年,木造,,,西,公道,3.3,１低住専,50,80,2026年第1四半期,
宅地(土地と建物),成約価格情報,,13210,東京都,小金井市,本町,武蔵小金井,5,20000000,,25,,,,45,1972年,木造,,,南,公道,13,１種住居,60,200,2026年第1四半期,
宅地(土地と建物),成約価格情報,,13210,東京都,小金井市,本町,武蔵小金井,15,64000000,,125,,,,100,2005年,木造,,,南,私道,4,１低住専,50,80,2026年第1四半期,
宅地(土地と建物),成約価格情報,,13210,東京都,小金井市,本町,武蔵小金井,15,17000000,,220,,,,125,1981年,木造,,,西,公道,4,１低住専,50,80,2026年第1四半期,
宅地(土地と建物),成約価格情報,,13210,東京都,小金井市,前原町,武蔵小金井,25,50000000,,95,,,,75,2025年,木造,,,南東,公道,4,１低住専,40,80,2026年第1四半期,
宅地(土地と建物),成約価格情報,,13210,東京都,小金井市,前原町,武蔵小金井,25,68000000,,200,,,,120,2011年,木造,,,,,,１低住専,40,80,2026年第1四半期,
宅地(土地と建物),成約価格情報,,13210,東京都,小金井市,前原町,武蔵小金井,25,45000000,,100,,,,80,2016年,木造,,,南西,私道,4,１低住専,40,80,2026年第1四半期,
宅地(土地と建物),成約価格情報,,13210,東京都,小金井市,前原町,武蔵小金井,10,87000000,,120,,,,95,2021年,木造,,,北,公道,4,１低住専,50,80,2026年第1四半期,
宅地(土地と建物),成約価格情報,,13210,東京都,小金井市,前原町,武蔵小金井,25,50000000,,110,,,,90,2026年,木造,,,,私道,,１低住専,40,80,2026年第1四半期,
宅地(土地と建物),成約価格情報,,13210,東京都,小金井市,前原町,武蔵小金井,25,34000000,,75,,,,130,2003年,木造,,,西,公道,18,１種住居,60,200,2026年第1四半期,
宅地(土地と建物),成約価格情報,,13210,東京都,小金井市,前原町,武蔵小金井,20,53000000,,90,,,,75,2025年,木造,,,西,公道,3.9,１低住専,50,80,2026年第1四半期,
宅地(土地と建物),成約価格情報,,13210,東京都,小金井市,前原町,武蔵小金井,20,43000000,,60,,,,85,2025年,木造,,,北,私道,4,１種住居,60,200,2026年第1四半期,
宅地(土地と建物),成約価格情報,,13210,東京都,小金井市,緑町,武蔵小金井,15,68000000,,65,,,,90,2026年,木造,,,東,私道,4,１中住専,60,200,2026年第1四半期,
宅地(土地と建物),成約価格情報,,13210,東京都,小金井市,緑町,武蔵小金井,15,80000000,,80,,,,110,2026年,木造,,,南西,公道,4,１中住専,60,200,2026年第1四半期,
宅地(土地と建物),成約価格情報,,13210,東京都,小金井市,緑町,武蔵小金井,15,58000000,,85,,,,85,2019年,木造,,,,,,１中住専,60,200,2026年第1四半期,
宅地(土地),不動産取引価格情報,住宅地,13210,東京都,小金井市,中町,武蔵小金井,8,85000000,1800000,155,560000,ほぼ長方形,7.1,,,,,住宅,南西,市道,5.5,１低住専,50,80,2026年第1四半期,
宅地(土地と建物),不動産取引価格情報,住宅地,13210,東京都,小金井市,中町,武蔵小金井,13,78000000,,125,,長方形,6.5,100,2025年,木造,住宅,住宅,北西,市道,4.9,１低住専,50,80,2026年第1四半期,
宅地(土地と建物),不動産取引価格情報,住宅地,13210,東京都,小金井市,中町,武蔵小金井,16,50000000,,65,,ほぼ長方形,5.7,55,2025年,木造,住宅,住宅,東,私道,4,１低住専,40,80,2026年第1四半期,
宅地(土地と建物),不動産取引価格情報,住宅地,13210,東京都,小金井市,貫井北町,国分寺,15,71000000,,110,,長方形,6.5,90,2025年,木造,住宅,住宅,南東,私道,4,１低住専,40,80,2026年第1四半期,
宅地(土地と建物),不動産取引価格情報,住宅地,13210,東京都,小金井市,貫井南町,国分寺,16,33000000,,110,,長方形,6.9,60,1966年,木造,住宅,住宅,南東,私道,4,１低住専,40,80,2026年第1四半期,私道を含む取引
宅地(土地と建物),不動産取引価格情報,住宅地,13210,東京都,小金井市,貫井南町,武蔵小金井,24,45000000,,105,,ほぼ長方形,9.3,85,2002年,木造,住宅,住宅,北東,市道,5,１低住専,40,80,2026年第1四半期,
宅地(土地と建物),不動産取引価格情報,住宅地,13210,東京都,小金井市,貫井南町,武蔵小金井,23,35000000,,65,,不整形,2.6,75,2016年,木造,住宅,住宅,西,都道,20,１種住居,60,200,2026年第1四半期,
宅地(土地と建物),不動産取引価格情報,住宅地,13210,東京都,小金井市,貫井南町,武蔵小金井,15,200000000,,720,,ほぼ長方形,40.5,460,1988年,ＲＣ,共同住宅,住宅,北東,私道,4,１低住専,50,80,2026年第1四半期,
宅地(土地と建物),不動産取引価格情報,住宅地,13210,東京都,小金井市,貫井南町,武蔵小金井,20,65000000,,125,,長方形,6.6,95,2025年,木造,住宅,住宅,南,市道,5.1,１低住専,40,80,2026年第1四半期,私道を含む取引
宅地(土地と建物),不動産取引価格情報,住宅地,13210,東京都,小金井市,東町,新小金井,10,64000000,,120,,ほぼ台形,12.2,95,2017年,木造,住宅,住宅,北,市道,5,１低住専,50,100,2026年第1四半期,
宅地(土地),不動産取引価格情報,住宅地,13210,東京都,小金井市,本町,武蔵小金井,8,93000000,2400000,130,730000,ほぼ整形,10.3,,,,,住宅,西,市道,4,１低住専,50,80,2026年第1四半期,
宅地(土地),不動産取引価格情報,住宅地,13210,東京都,小金井市,前原町,武蔵小金井,19,50000000,1500000,110,450000,ほぼ整形,10.3,,,,,住宅,北西,市道,5,１種住居,60,200,2026年第1四半期,
宅地(土地),不動産取引価格情報,住宅地,13210,東京都,小金井市,前原町,武蔵小金井,19,50000000,1400000,120,420000,台形,13,,,,,住宅,東,市道,6,１低住専,40,80,2026年第1四半期,
宅地(土地と建物),成約価格情報,,13211,東京都,小平市,小川東町,小川(東京),10,48000000,,125,,,,100,2014年,木造,,,東,公道,5,１低住専,40,80,2026年第1四半期,
宅地(土地と建物),成約価格情報,,13211,東京都,小平市,小川東町,小平,,2800000,,80,,,,40,1966年,木造,,,,,,１中住専,,,2026年第1四半期,
宅地(土地と建物),成約価格情報,,13211,東京都,小平市,学園東町,一橋学園,10,51000000,,100,,,,80,2025年,木造,,,,,,１低住専,40,80,2026年第1四半期,
宅地(土地と建物),成約価格情報,,13211,東京都,小平市,学園東町,一橋学園,10,72000000,,195,,,,110,2026年,木造,,,西,公道,4,１低住専,40,80,2026年第1四半期,
宅地(土地と建物),成約価格情報,,13211,東京都,小平市,上水新町,鷹の台,15,39000000,,115,,,,95,2014年,木造,,,北東,公道,5.5,１低住専,40,80,2026年第1四半期,
宅地(土地と建物),成約価格情報,,13211,東京都,小平市,上水新町,鷹の台,15,40000000,,130,,,,100,2025年,木造,,,,,,１低住専,40,80,2026年第1四半期,
宅地(土地と建物),成約価格情報,,13211,東京都,小平市,上水新町,鷹の台,15,43000000,,130,,,,100,2025年,木造,,,,,,１低住専,40,80,2026年第1四半期,
宅地(土地と建物),成約価格情報,,13211,東京都,小平市,上水新町,鷹の台,15,40000000,,130,,,,100,2025年,木造,,,,,,１低住専,40,80,2026年第1四半期,
宅地(土地と建物),成約価格情報,,13211,東京都,小平市,上水新町,鷹の台,15,43000000,,130,,,,100,2026年,木造,,,,,,１低住専,40,80,2026年第1四半期,
宅地(土地と建物),成約価格情報,,13211,東京都,小平市,上水新町,鷹の台,15,49000000,,125,,,,100,2026年,木造,,,,,,１低住専,40,80,2026年第1四半期,
宅地(土地と建物),成約価格情報,,13211,東京都,小平市,上水新町,鷹の台,15,48000000,,125,,,,100,2026年,木造,,,,,,１低住専,40,80,2026年第1四半期,
宅地(土地と建物),成約価格情報,,13211,東京都,小平市,上水新町,鷹の台,15,49000000,,125,,,,100,2026年,木造,,,,,,１低住専,40,80,2026年第1四半期,
宅地(土地と建物),成約価格情報,,13211,東京都,小平市,上水新町,鷹の台,10,24000000,,95,,,,80,2000年,木造,,,西,私道,4,１低住専,40,80,2026年第1四半期,
宅地(土地と建物),成約価格情報,,13211,東京都,小平市,上水新町,鷹の台,10,43000000,,120,,,,95,1998年,木造,,,北東,公道,6,１低住専,40,80,2026年第1四半期,
宅地(土地と建物),成約価格情報,,13211,東京都,小平市,上水新町,東大和市,20,23000000,,120,,,,105,1984年,木造,,,西,私道,4.5,１低住専,40,80,2026年第1四半期,
宅地(土地と建物),成約価格情報,,13211,東京都,小平市,鈴木町,花小金井,,48000000,,115,,,,90,2025年,木造,,,南,公道,6,１低住専,40,80,2026年第1四半期,
宅地(土地と建物),成約価格情報,,13211,東京都,小平市,鈴木町,武蔵小金井,,58000000,,120,,,,100,2015年,木造,,,東,,5,１低住専,40,80,2026年第1四半期,
宅地(土地と建物),成約価格情報,,13211,東京都,小平市,鈴木町,花小金井,10,49000000,,105,,,,75,2026年,木造,,,,,,１低住専,40,80,2026年第1四半期,
宅地(土地と建物),成約価格情報,,13211,東京都,小平市,天神町,小平,20,44000000,,85,,,,100,2025年,木造,,,,,,１種住居,60,200,2026年第1四半期,
宅地(土地と建物),成約価格情報,,13211,東京都,小平市,仲町,小平,15,35000000,,105,,,,85,1997年,木造,,,東,公道,6,１低住専,40,80,2026年第1四半期,
宅地(土地と建物),成約価格情報,,13211,東京都,小平市,仲町,小平,10,45000000,,95,,,,75,2025年,木造,,,,,,１低住専,40,80,2026年第1四半期,
宅地(土地と建物),成約価格情報,,13211,東京都,小平市,仲町,小平,10,44000000,,100,,,,80,2026年,木造,,,北,公道,2.7,１低住専,40,80,2026年第1四半期,
宅地(土地と建物),成約価格情報,,13211,東京都,小平市,仲町,小平,10,52000000,,110,,,,90,2026年,木造,,,東,私道,4,１低住専,40,80,2026年第1四半期,
宅地(土地と建物),成約価格情報,,13211,東京都,小平市,仲町,小平,5,46000000,,85,,,,65,2026年,木造,,,東,公道,5.4,１低住専,40,80,2026年第1四半期,
宅地(土地と建物),成約価格情報,,13211,東京都,小平市,仲町,一橋学園,15,57000000,,120,,,,95,2026年,木造,,,東,公道,4,１低住専,40,80,2026年第1四半期,
宅地(土地と建物),成約価格情報,,13211,東京都,小平市,仲町,小平,10,45000000,,110,,,,90,2012年,木造,,,南,,5,１低住専,40,80,2026年第1四半期,
宅地(土地と建物),成約価格情報,,13211,東京都,小平市,仲町,一橋学園,10,43000000,,100,,,,75,2026年,木造,,,西,私道,3.9,１低住専,40,80,2026年第1四半期,
宅地(土地と建物),成約価格情報,,13211,東京都,小平市,御幸町,武蔵小金井,25,39000000,,100,,,,80,2008年,木造,,,東,私道,6,１低住専,40,80,2026年第1四半期,
宅地(土地と建物),成約価格情報,,13211,東京都,小平市,大沼町,小平,10,42000000,,120,,,,95,2010年,木造,,,西,公道,6,１低住専,40,80,2026年第1四半期,
宅地(土地と建物),成約価格情報,,13211,東京都,小平市,大沼町,小平,20,42000000,,130,,,,100,2018年,木造,,,東,公道,6,１低住専,40,80,2026年第1四半期,
宅地(土地と建物),成約価格情報,,13211,東京都,小平市,大沼町,小平,15,47000000,,120,,,,90,,木造,,,北,私道,4,１低住専,40,80,2026年第1四半期,
宅地(土地と建物),成約価格情報,,13211,東京都,小平市,小川町,東大和市,10,20000000,,90,,,,70,1986年,木造,,,西,私道,4,１低住専,40,80,2026年第1四半期,
宅地(土地と建物),成約価格情報,,13211,東京都,小平市,小川町,青梅街道,5,61000000,,120,,,,100,2026年,木造,,,東,公道,5,１低住専,40,80,2026年第1四半期,
宅地(土地と建物),成約価格情報,,13211,東京都,小平市,小川町,青梅街道,5,59000000,,120,,,,95,2026年,木造,,,東,公道,5,１低住専,40,80,2026年第1四半期,
宅地(土地と建物),成約価格情報,,13211,東京都,小平市,小川町,青梅街道,5,59000000,,120,,,,95,2026年,木造,,,東,公道,5,１低住専,40,80,2026年第1四半期,
宅地(土地と建物),成約価格情報,,13211,東京都,小平市,小川町,青梅街道,5,59000000,,120,,,,95,2026年,木造,,,東,公道,5,１低住専,40,80,2026年第1四半期,
宅地(土地と建物),成約価格情報,,13211,東京都,小平市,小川町,青梅街道,5,58000000,,115,,,,90,2026年,木造,,,東,公道,5,１低住専,40,80,2026年第1四半期,
宅地(土地と建物),成約価格情報,,13211,東京都,小平市,小川町,東大和市,15,35000000,,110,,,,90,2015年,木造,,,西,公道,6,１低住専,40,80,2026年第1四半期,
宅地(土地と建物),成約価格情報,,13211,東京都,小平市,小川町,青梅街道,5,61000000,,120,,,,95,2026年,木造,,,西,公道,5,１低住専,40,80,2026年第1四半期,
宅地(土地と建物),成約価格情報,,13211,東京都,小平市,小川町,東大和市,10,56000000,,125,,,,100,2025年,木造,,,,公道,5,１低住専,40,80,2026年第1四半期,
宅地(土地と建物),成約価格情報,,13211,東京都,小平市,小川町,東大和市,20,51000000,,120,,,,100,2025年,木造,,,,,,１中住専,60,200,2026年第1四半期,
宅地(土地と建物),成約価格情報,,13211,東京都,小平市,小川町,東大和市,20,45000000,,120,,,,100,2025年,木造,,,,,,１中住専,60,200,2026年第1四半期,
宅地(土地と建物),成約価格情報,,13211,東京都,小平市,小川町,東大和市,20,50000000,,150,,,,105,2025年,木造,,,,,,１低住専,50,100,2026年第1四半期,
宅地(土地と建物),成約価格情報,,13211,東京都,小平市,小川町,青梅街道,10,37000000,,65,,,,50,2023年,木造,,,北,,4,１低住専,40,80,2026年第1四半期,
宅地(土地と建物),成約価格情報,,13211,東京都,小平市,小川町,新小平,10,60000000,,115,,,,90,,木造,,,東,公道,6,１低住専,40,80,2026年第1四半期,
宅地(土地と建物),成約価格情報,,13211,東京都,小平市,小川町,東大和市,10,57000000,,125,,,,100,2025年,木造,,,,公道,5,１低住専,40,80,2026年第1四半期,
宅地(土地と建物),成約価格情報,,13211,東京都,小平市,小川町,新小平,15,44000000,,100,,,,80,2008年,木造,,,西,私道,4.2,１低住専,40,80,2026年第1四半期,
宅地(土地と建物),成約価格情報,,13211,東京都,小平市,小川町,青梅街道,5,45000000,,110,,,,90,2004年,軽量鉄骨造,,,,,,１低住専,40,80,2026年第1四半期,
宅地(土地と建物),成約価格情報,,13211,東京都,小平市,学園西町,一橋学園,15,39000000,,110,,,,90,2012年,木造,,,南,公道,3.8,１低住専,40,80,2026年第1四半期,
宅地(土地と建物),成約価格情報,,13211,東京都,小平市,学園西町,一橋学園,10,47000000,,100,,,,80,2026年,木造,,,西,公道,5.4,１低住専,40,80,2026年第1四半期,
宅地(土地と建物),成約価格情報,,13211,東京都,小平市,学園西町,一橋学園,5,53000000,,100,,,,95,2027年,木造,,,西,公道,5.4,１中住専,60,200,2026年第1四半期,
宅地(土地と建物),成約価格情報,,13211,東京都,小平市,上水南町,国分寺,20,46000000,,105,,,,85,2017年,木造,,,北,私道,5,１低住専,40,80,2026年第1四半期,
宅地(土地と建物),成約価格情報,,13211,東京都,小平市,上水南町,国分寺,,75000000,,135,,,,105,2023年,木造,,,西,公道,6,１低住専,40,80,2026年第1四半期,
宅地(土地と建物),成約価格情報,,13211,東京都,小平市,上水南町,国分寺,20,75000000,,140,,,,110,2026年,木造,,,北東,私道,4,１低住専,40,80,2026年第1四半期,
宅地(土地と建物),成約価格情報,,13211,東京都,小平市,上水南町,一橋学園,25,66000000,,100,,,,95,2025年,木造,,,西,公道,6,２中住専,60,200,2026年第1四半期,
宅地(土地と建物),成約価格情報,,13211,東京都,小平市,上水南町,一橋学園,25,63000000,,100,,,,90,2025年,木造,,,西,公道,6,２中住専,60,200,2026年第1四半期,
宅地(土地と建物),成約価格情報,,13211,東京都,小平市,上水南町,一橋学園,20,39000000,,90,,,,70,2025年,木造,,,南,公道,5.7,１低住専,40,80,2026年第1四半期,
宅地(土地と建物),成約価格情報,,13211,東京都,小平市,上水南町,国分寺,20,54000000,,95,,,,85,2026年,木造,,,東,私道,4,１低住専,40,80,2026年第1四半期,
宅地(土地と建物),成約価格情報,,13211,東京都,小平市,上水南町,武蔵小金井,,45000000,,115,,,,90,2008年,木造,,,南,公道,5,１低住専,40,80,2026年第1四半期,
宅地(土地と建物),成約価格情報,,13211,東京都,小平市,美園町,小平,5,53000000,,115,,,,95,2016年,木造,,,北,私道,4.5,１低住専,50,80,2026年第1四半期,
宅地(土地と建物),成約価格情報,,13211,東京都,小平市,喜平町,一橋学園,20,48000000,,180,,,,105,1996年,軽量鉄骨造,,,,,,１低住専,40,80,2026年第1四半期,
宅地(土地と建物),成約価格情報,,13211,東京都,小平市,津田町,新小平,15,58000000,,125,,,,95,2025年,木造,,,,,,１低住専,40,80,2026年第1四半期,
宅地(土地と建物),成約価格情報,,13211,東京都,小平市,中島町,玉川上水,10,38000000,,165,,,,130,1981年,木造,,,北,公道,4,１低住専,40,80,2026年第1四半期,
宅地(土地と建物),成約価格情報,,13211,東京都,小平市,中島町,東大和市,10,43000000,,90,,,,70,2026年,木造,,,,,,１低住専,50,80,2026年第1四半期,
宅地(土地と建物),成約価格情報,,13211,東京都,小平市,中島町,玉川上水,10,42000000,,180,,,,110,2026年,木造,,,,,,１低住専,40,80,2026年第1四半期,
宅地(土地と建物),成約価格情報,,13211,東京都,小平市,花小金井,花小金井,,50000000,,140,,,,105,2005年,木造,,,東,私道,4,１低住専,40,80,2026年第1四半期,
宅地(土地と建物),成約価格情報,,13211,東京都,小平市,花小金井,花小金井,20,52000000,,120,,,,95,2024年,木造,,,西,公道,6,１低住専,40,80,2026年第1四半期,
宅地(土地と建物),成約価格情報,,13211,東京都,小平市,花小金井,花小金井,20,59000000,,125,,,,100,2025年,木造,,,南,公道,6,１低住専,40,80,2026年第1四半期,
宅地(土地と建物),成約価格情報,,13211,東京都,小平市,花小金井,花小金井,20,54000000,,120,,,,95,2025年,木造,,,東,公道,5,１低住専,40,80,2026年第1四半期,
宅地(土地と建物),成約価格情報,,13211,東京都,小平市,花小金井,花小金井,20,55000000,,120,,,,95,2024年,木造,,,東,公道,5,１低住専,40,80,2026年第1四半期,
宅地(土地と建物),成約価格情報,,13211,東京都,小平市,花小金井,花小金井,20,55000000,,125,,,,95,2024年,木造,,,西,公道,5,１低住専,40,80,2026年第1四半期,
宅地(土地と建物),成約価格情報,,13211,東京都,小平市,花小金井,花小金井,20,48000000,,110,,,,85,2019年,木造,,,南,公道,4,１低住専,40,80,2026年第1四半期,
宅地(土地と建物),成約価格情報,,13211,東京都,小平市,花小金井,花小金井,25,49000000,,115,,,,90,2025年,木造,,,,,,１低住専,40,80,2026年第1四半期,
宅地(土地と建物),成約価格情報,,13211,東京都,小平市,花小金井,花小金井,20,33000000,,115,,,,90,2008年,木造,,,北,私道,4.5,１低住専,40,80,2026年第1四半期,
宅地(土地と建物),成約価格情報,,13211,東京都,小平市,花小金井,花小金井,15,55000000,,110,,,,90,2026年,木造,,,南,私道,4.5,１低住専,40,80,2026年第1四半期,
宅地(土地と建物),成約価格情報,,13211,東京都,小平市,花小金井,花小金井,20,66000000,,115,,,,90,2026年,木造,,,北,公道,4,１低住専,40,80,2026年第1四半期,
宅地(土地と建物),成約価格情報,,13211,東京都,小平市,花小金井,花小金井,,39000000,,100,,,,100,2018年,木造,,,南,公道,7.2,準工業,60,200,2026年第1四半期,
宅地(土地と建物),成約価格情報,,13211,東京都,小平市,花小金井,花小金井,15,68000000,,125,,,,100,2025年,木造,,,西,公道,5,１低住専,40,80,2026年第1四半期,
宅地(土地と建物),成約価格情報,,13211,東京都,小平市,花小金井,花小金井,10,59000000,,120,,,,95,2012年,木造,,,東,公道,6,１低住専,40,80,2026年第1四半期,
宅地(土地と建物),成約価格情報,,13211,東京都,小平市,栄町,小川(東京),20,45000000,,120,,,,105,2025年,木造,,,,,,１低住専,50,100,2026年第1四半期,
宅地(土地と建物),成約価格情報,,13211,東京都,小平市,栄町,小川(東京),20,50000000,,145,,,,105,2025年,木造,,,,,,１低住専,50,100,2026年第1四半期,
宅地(土地),不動産取引価格情報,住宅地,13211,東京都,小平市,小川町,鷹の台,6,83000000,1100000,260,320000,ほぼ整形,11.8,,,,,その他,南,市道,6.5,１中住専,60,200,2026年第1四半期,
宅地(土地),不動産取引価格情報,住宅地,13211,東京都,小平市,小川町,東大和市,10,35000000,960000,120,290000,台形,5.5,,,,,住宅,東,市道,5,２中住専,60,200,2026年第1四半期,
宅地(土地と建物),不動産取引価格情報,住宅地,13211,東京都,小平市,小川町,東大和市,11,55000000,,125,,不整形,8,100,2025年,木造,住宅,,西,道路,5,１低住専,40,80,2026年第1四半期,
宅地(土地と建物),不動産取引価格情報,住宅地,13211,東京都,小平市,学園西町,一橋学園,11,56000000,,110,,長方形,8,90,2026年,木造,住宅,住宅,北,道路,4.8,１低住専,40,80,2026年第1四半期,
宅地(土地と建物),不動産取引価格情報,商業地,13211,東京都,小平市,学園東町,一橋学園,3,150000000,,230,,長方形,13,620,1976年,ＲＣ,共同住宅、事務所,店舗,北,市道,9.1,商業,80,400,2026年第1四半期,
宅地(土地と建物),不動産取引価格情報,住宅地,13211,東京都,小平市,栄町,小川(東京),19,300000000,,410,,長方形,15.2,500,2026年,木造,共同住宅,住宅,南,市道,12,１中住専,60,200,2026年第1四半期,
宅地(土地と建物),不動産取引価格情報,住宅地,13211,東京都,小平市,鈴木町,花小金井,16,58000000,,115,,袋地等,2.7,90,2025年,木造,住宅,住宅,西,道路,5,１低住専,40,80,2026年第1四半期,
宅地(土地と建物),不動産取引価格情報,住宅地,13211,東京都,小平市,天神町,小平,19,38000000,,100,,長方形,9.4,90,2012年,木造,住宅,住宅,南,私道,4.5,準工業,60,200,2026年第1四半期,
宅地(土地と建物),不動産取引価格情報,住宅地,13211,東京都,小平市,天神町,小平,11,45000000,,90,,ほぼ長方形,12.2,70,2026年,木造,住宅,住宅,西,市道,5,１低住専,40,80,2026年第1四半期,
宅地(土地と建物),不動産取引価格情報,住宅地,13211,東京都,小平市,花小金井,花小金井,14,56000000,,250,,ほぼ正方形,16,140,1978年,木造,住宅,住宅,東,市道,4,１低住専,40,80,2026年第1四半期,
宅地(土地と建物),成約価格情報,,13212,東京都,日野市,大字川辺堀之内,高幡不動,25,22000000,,135,,,,80,1998年,木造,,,東,私道,5,１低住専,40,80,2026年第1四半期,
宅地(土地と建物),成約価格情報,,13212,東京都,日野市,多摩平,豊田,15,71000000,,145,,,,115,2013年,軽量鉄骨造,,,北東,公道,6,１低住専,50,100,2026年第1四半期,
宅地(土地と建物),成約価格情報,,13212,東京都,日野市,多摩平,豊田,15,46000000,,80,,,,95,2025年,木造,,,北,公道,6,２中住専,60,200,2026年第1四半期,
宅地(土地と建物),成約価格情報,,13212,東京都,日野市,多摩平,豊田,20,43000000,,115,,,,100,2009年,木造,,,,公道,4,１低住専,50,100,2026年第1四半期,
宅地(土地と建物),成約価格情報,,13212,東京都,日野市,多摩平,豊田,20,63000000,,135,,,,115,2014年,木造,,,東,公道,6,１低住専,50,100,2026年第1四半期,
宅地(土地と建物),成約価格情報,,13212,東京都,日野市,東豊田,豊田,15,55000000,,105,,,,95,2026年,木造,,,南,公道,6,２中住専,60,200,2026年第1四半期,
宅地(土地と建物),成約価格情報,,13212,東京都,日野市,東豊田,豊田,20,76000000,,105,,,,105,2023年,木造,,,北,公道,6,１低住専,50,100,2026年第1四半期,
宅地(土地と建物),成約価格情報,,13212,東京都,日野市,日野本町,日野(東京),10,58000000,,110,,,,110,2025年,木造,,,南,公道,6,１低住専,50,100,2026年第1四半期,
宅地(土地と建物),成約価格情報,,13212,東京都,日野市,平山,平山城址公園,5,48000000,,100,,,,95,2026年,木造,,,東,公道,5,１低住専,50,100,2026年第1四半期,
宅地(土地と建物),成約価格情報,,13212,東京都,日野市,平山,平山城址公園,10,29000000,,210,,,,100,2007年,,,,北,公道,12.9,１低住専,50,100,2026年第1四半期,
宅地(土地と建物),成約価格情報,,13212,東京都,日野市,平山,平山城址公園,15,45000000,,240,,,,160,2000年,軽量鉄骨造,,,南東,公道,6,１低住専,50,100,2026年第1四半期,
宅地(土地と建物),成約価格情報,,13212,東京都,日野市,三沢,百草園,5,34000000,,140,,,,110,1998年,木造,,,北,私道,6,１低住専,40,80,2026年第1四半期,
宅地(土地と建物),成約価格情報,,13212,東京都,日野市,三沢,高幡不動,10,63000000,,185,,,,110,1999年,木造,,,西,私道,4.5,１低住専,50,100,2026年第1四半期,
宅地(土地と建物),成約価格情報,,13212,東京都,日野市,三沢,高幡不動,15,47000000,,175,,,,105,2026年,木造,,,北西,公道,4.4,１低住専,40,80,2026年第1四半期,
宅地(土地と建物),成約価格情報,,13212,東京都,日野市,三沢,高幡不動,10,61000000,,120,,,,95,2026年,木造,,,南,公道,5,１低住専,50,80,2026年第1四半期,
宅地(土地と建物),成約価格情報,,13212,東京都,日野市,三沢,高幡不動,10,59000000,,120,,,,95,2026年,木造,,,南,公道,5,１低住専,40,80,2026年第1四半期,
宅地(土地と建物),成約価格情報,,13212,東京都,日野市,三沢,高幡不動,10,22000000,,110,,,,85,1999年,木造,,,北西,公道,4,１低住専,30,60,2026年第1四半期,
宅地(土地と建物),成約価格情報,,13212,東京都,日野市,三沢,百草園,15,30000000,,220,,,,170,1990年,木造,,,,公道,6,１低住専,40,80,2026年第1四半期,
宅地(土地と建物),成約価格情報,,13212,東京都,日野市,百草,百草園,20,24000000,,215,,,,115,1974年,軽量鉄骨造,,,北西,公道,5,１低住専,40,80,2026年第1四半期,
宅地(土地と建物),成約価格情報,,13212,東京都,日野市,百草,百草園,15,39000000,,150,,,,110,2019年,木造,,,西,公道,4.9,１低住専,40,80,2026年第1四半期,
宅地(土地と建物),成約価格情報,,13212,東京都,日野市,大字宮,甲州街道,15,59000000,,155,,,,105,2026年,木造,,,西,公道,4.5,準工業,60,200,2026年第1四半期,
宅地(土地と建物),成約価格情報,,13212,東京都,日野市,旭が丘,豊田,20,50000000,,125,,,,110,2025年,木造,,,北,公道,6,１種住居,50,100,2026年第1四半期,
宅地(土地と建物),成約価格情報,,13212,東京都,日野市,落川,百草園,10,24000000,,140,,,,110,1999年,軽量鉄骨造,,,東,公道,4,１低住専,40,80,2026年第1四半期,
宅地(土地と建物),成約価格情報,,13212,東京都,日野市,落川,百草園,10,11000000,,105,,,,75,1979年,木造,,,南,公道,4,１低住専,40,80,2026年第1四半期,
宅地(土地と建物),成約価格情報,,13212,東京都,日野市,落川,百草園,10,48000000,,125,,,,95,2026年,木造,,,,,,１低住専,40,80,2026年第1四半期,
宅地(土地と建物),成約価格情報,,13212,東京都,日野市,新町,日野(東京),10,51000000,,135,,,,105,2025年,木造,,,,,,１低住専,40,80,2026年第1四半期,
宅地(土地と建物),成約価格情報,,13212,東京都,日野市,新町,日野(東京),10,48000000,,135,,,,105,2025年,木造,,,,,,１低住専,40,80,2026年第1四半期,
宅地(土地と建物),成約価格情報,,13212,東京都,日野市,新町,日野(東京),15,41000000,,170,,,,100,2004年,木造,,,南西,公道,4,１低住専,40,80,2026年第1四半期,
宅地(土地と建物),成約価格情報,,13212,東京都,日野市,新町,日野(東京),,46000000,,120,,,,100,2026年,木造,,,北西,公道,6,１低住専,50,100,2026年第1四半期,
宅地(土地と建物),成約価格情報,,13212,東京都,日野市,大字日野,甲州街道,5,50000000,,125,,,,90,2027年,木造,,,北,公道,13,２中住専,60,200,2026年第1四半期,
宅地(土地と建物),成約価格情報,,13212,東京都,日野市,大字日野,甲州街道,10,55000000,,120,,,,95,2025年,木造,,,南,公道,8.6,２中住専,60,200,2026年第1四半期,
宅地(土地と建物),成約価格情報,,13212,東京都,日野市,大字日野,日野(東京),20,48000000,,125,,,,100,2025年,木造,,,南,私道,4,１低住専,40,80,2026年第1四半期,
宅地(土地と建物),成約価格情報,,13212,東京都,日野市,大字日野,甲州街道,5,56000000,,140,,,,100,2026年,木造,,,東,公道,5,１低住専,50,100,2026年第1四半期,
宅地(土地と建物),成約価格情報,,13212,東京都,日野市,南平,高幡不動,15,46000000,,135,,,,90,2018年,木造,,,西,公道,8,１低住専,40,80,2026年第1四半期,
宅地(土地と建物),成約価格情報,,13212,東京都,日野市,南平,南平,5,50000000,,130,,,,100,2026年,木造,,,北西,公道,6,１低住専,40,80,2026年第1四半期,
宅地(土地と建物),成約価格情報,,13212,東京都,日野市,南平,高幡不動,15,36000000,,100,,,,80,2026年,木造,,,,,,１低住専,40,80,2026年第1四半期,
宅地(土地と建物),成約価格情報,,13212,東京都,日野市,南平,高幡不動,15,27000000,,115,,,,85,1986年,木造,,,西,公道,6,１低住専,40,80,2026年第1四半期,
宅地(土地と建物),成約価格情報,,13212,東京都,日野市,大坂上,日野(東京),15,51000000,,120,,,,95,2025年,木造,,,北,公道,4,１低住専,40,80,2026年第1四半期,
宅地(土地と建物),成約価格情報,,13212,東京都,日野市,大坂上,日野(東京),15,56000000,,120,,,,105,2025年,木造,,,西,公道,4,１低住専,50,100,2026年第1四半期,
宅地(土地と建物),成約価格情報,,13212,東京都,日野市,大坂上,日野(東京),10,14000000,,65,,,,80,1985年,木造,,,北,公道,6,１低住専,50,100,2026年第1四半期,
宅地(土地と建物),成約価格情報,,13212,東京都,日野市,大坂上,日野(東京),5,59000000,,120,,,,105,2026年,木造,,,北西,公道,4,１低住専,50,100,2026年第1四半期,
宅地(土地と建物),成約価格情報,,13212,東京都,日野市,大坂上,日野(東京),10,60000000,,125,,,,100,2026年,木造,,,南,私道,4,１低住専,40,80,2026年第1四半期,
宅地(土地と建物),成約価格情報,,13212,東京都,日野市,栄町,日野(東京),10,24000000,,120,,,,90,1993年,木造,,,北西,私道,4,１低住専,40,80,2026年第1四半期,
宅地(土地と建物),成約価格情報,,13212,東京都,日野市,神明,日野(東京),15,53000000,,110,,,,95,2025年,木造,,,,,,１低住専,50,100,2026年第1四半期,
宅地(土地と建物),成約価格情報,,13212,東京都,日野市,神明,日野(東京),15,57000000,,100,,,,95,2025年,木造,,,,,,１低住専,50,100,2026年第1四半期,
宅地(土地と建物),成約価格情報,,13212,東京都,日野市,西平山,長沼(東京),20,41000000,,115,,,,90,2025年,木造,,,北,公道,4,１低住専,50,80,2026年第1四半期,
宅地(土地と建物),成約価格情報,,13212,東京都,日野市,西平山,長沼(東京),25,35000000,,125,,,,100,2026年,木造,,,,,,１低住専,40,80,2026年第1四半期,
宅地(土地と建物),成約価格情報,,13212,東京都,日野市,日野台,日野(東京),15,50000000,,100,,,,105,2026年,木造,,,南,公道,8.2,２中住専,60,200,2026年第1四半期,
宅地(土地と建物),成約価格情報,,13212,東京都,日野市,日野台,日野(東京),15,50000000,,100,,,,105,2026年,木造,,,南,公道,8.2,２中住専,60,200,2026年第1四半期,
宅地(土地と建物),成約価格情報,,13212,東京都,日野市,日野台,北八王子,15,33000000,,130,,,,100,2014年,木造,,,南西,私道,4,１低住専,40,80,2026年第1四半期,
宅地(土地と建物),成約価格情報,,13212,東京都,日野市,日野台,北八王子,15,33000000,,95,,,,75,2026年,木造,,,,,,１低住専,40,80,2026年第1四半期,
宅地(土地と建物),成約価格情報,,13212,東京都,日野市,日野台,日野(東京),25,53000000,,150,,,,115,2026年,木造,,,,,,１低住専,50,100,2026年第1四半期,
宅地(土地と建物),成約価格情報,,13212,東京都,日野市,日野台,日野(東京),,44000000,,110,,,,105,2025年,木造,,,,公道,4,１低住専,50,100,2026年第1四半期,
宅地(土地と建物),成約価格情報,,13212,東京都,日野市,日野台,日野(東京),15,40000000,,80,,,,95,2026年,木造,,,東,私道,3.9,工業,60,200,2026年第1四半期,
宅地(土地と建物),成約価格情報,,13212,東京都,日野市,日野台,北八王子,15,44000000,,120,,,,95,2026年,木造,,,南,公道,4,１低住専,40,80,2026年第1四半期,
宅地(土地と建物),成約価格情報,,13212,東京都,日野市,程久保,程久保,10,37000000,,460,,,,145,1970年,木造,,,南東,私道,6,１低住専,40,80,2026年第1四半期,
宅地(土地と建物),成約価格情報,,13212,東京都,日野市,程久保,多摩動物公園,10,27000000,,95,,,,75,2013年,木造,,,東,,4,１低住専,40,80,2026年第1四半期,
宅地(土地と建物),成約価格情報,,13212,東京都,日野市,万願寺,万願寺,15,40000000,,145,,,,125,2014年,木造,,,北,公道,6,１低住専,50,100,2026年第1四半期,
宅地(土地と建物),成約価格情報,,13212,東京都,日野市,万願寺,万願寺,15,42000000,,150,,,,125,1995年,木造,,,東,公道,6,１低住専,50,100,2026年第1四半期,
宅地(土地と建物),成約価格情報,,13212,東京都,日野市,万願寺,万願寺,10,38000000,,190,,,,165,1991年,木造,,,東,公道,4,１低住専,50,100,2026年第1四半期,
宅地(土地と建物),成約価格情報,,13212,東京都,日野市,新井,百草園,15,43000000,,135,,,,100,2025年,木造,,,,,,１低住専,40,80,2026年第1四半期,
宅地(土地と建物),成約価格情報,,13212,東京都,日野市,新井,高幡不動,10,55000000,,160,,,,105,2025年,木造,,,,,,１低住専,40,80,2026年第1四半期,
宅地(土地と建物),成約価格情報,,13212,東京都,日野市,新井,高幡不動,10,57000000,,160,,,,105,2025年,木造,,,,,,１低住専,40,80,2026年第1四半期,
宅地(土地),不動産取引価格情報,住宅地,13212,東京都,日野市,旭が丘,豊田,17,48000000,800000,200,240000,正方形,14,,,,,,南東,市道,6,１低住専,50,100,2026年第1四半期,
宅地(土地と建物),不動産取引価格情報,住宅地,13212,東京都,日野市,新井,百草園,14,41000000,,165,,袋地等,2.9,100,2025年,木造,住宅,住宅,北,市道,7,１低住専,40,80,2026年第1四半期,私道を含む取引
宅地(土地と建物),不動産取引価格情報,住宅地,13212,東京都,日野市,大坂上,日野(東京),10,14000000,,60,,長方形,5.4,80,1985年,木造,住宅,住宅,北,市道,6,１低住専,50,100,2026年第1四半期,
宅地(土地と建物),不動産取引価格情報,住宅地,13212,東京都,日野市,栄町,日野(東京),11,50000000,,120,,不整形,12,105,2025年,木造,住宅,住宅,西,私道,4.5,１低住専,40,80,2026年第1四半期,
宅地(土地),不動産取引価格情報,住宅地,13212,東京都,日野市,多摩平,豊田,16,600000000,750000,"2,000㎡以上",230000,ほぼ長方形,50.0m以上,,,,,住宅,北,市道,8,１中住専,60,200,2026年第1四半期,
宅地(土地と建物),不動産取引価格情報,住宅地,13212,東京都,日野市,多摩平,豊田,11,49000000,,105,,不整形,2.9,85,2025年,木造,住宅,住宅,北西,市道,6,１低住専,50,100,2026年第1四半期,
宅地(土地),不動産取引価格情報,住宅地,13212,東京都,日野市,多摩平,豊田,19,42000000,910000,150,280000,ほぼ長方形,6.6,,,,,住宅,北,市道,6,１低住専,50,100,2026年第1四半期,
宅地(土地と建物),不動産取引価格情報,住宅地,13212,東京都,日野市,西平山,長沼(東京),18,11000000,,170,,台形,,80,1980年,木造,住宅,住宅,東,私道,4,１低住専,40,80,2026年第1四半期,
宅地(土地),不動産取引価格情報,住宅地,13212,東京都,日野市,東豊田,豊田,16,170000000,670000,850,200000,長方形,,,,,,住宅,南東,私道,5,１低住専,40,80,2026年第1四半期,
宅地(土地と建物),不動産取引価格情報,住宅地,13212,東京都,日野市,東豊田,豊田,20,32000000,,95,,長方形,8.3,75,2011年,木造,住宅,住宅,北東,私道,6,１低住専,40,80,2026年第1四半期,
宅地(土地と建物),不動産取引価格情報,住宅地,13212,東京都,日野市,東平山,豊田,15,36000000,,130,,ほぼ長方形,7.4,90,2011年,木造,住宅,住宅,北西,市道,6,１低住専,40,80,2026年第1四半期,
宅地(土地),不動産取引価格情報,住宅地,13212,東京都,日野市,東平山,豊田,9,26000000,660000,130,200000,長方形,6,,,,,住宅,東,道路,6,２中住専,60,200,2026年第1四半期,
宅地(土地と建物),不動産取引価格情報,住宅地,13212,東京都,日野市,大字日野,甲州街道,4,31000000,,125,,ほぼ長方形,6.5,85,2001年,木造,住宅,住宅,南東,市道,4,２中住専,60,200,2026年第1四半期,
宅地(土地と建物),不動産取引価格情報,住宅地,13212,東京都,日野市,日野台,豊田,21,33000000,,135,,不整形,3.3,95,2014年,木造,住宅,住宅,南西,私道,4,１低住専,40,80,2026年第1四半期,私道を含む取引
宅地(土地と建物),不動産取引価格情報,住宅地,13212,東京都,日野市,日野本町,日野(東京),2,49000000,,100,,ほぼ長方形,8.5,115,2004年,木造,住宅,住宅,南西,市道,7.5,商業,80,400,2026年第1四半期,
宅地(土地と建物),不動産取引価格情報,住宅地,13212,東京都,日野市,平山,平山城址公園,11,48000000,,220,,ほぼ正方形,14,105,2025年,木造,住宅,住宅,南東,市道,8,１低住専,50,100,2026年第1四半期,
宅地(土地),不動産取引価格情報,住宅地,13212,東京都,日野市,平山,平山城址公園,11,20000000,270000,240,83000,ほぼ正方形,15,,,,,住宅,北,市道,6,１低住専,50,100,2026年第1四半期,
宅地(土地),不動産取引価格情報,住宅地,13212,東京都,日野市,平山,平山城址公園,14,20000000,280000,240,83000,長方形,15,,,,,住宅,北,市道,6,１低住専,50,100,2026年第1四半期,
宅地(土地),不動産取引価格情報,住宅地,13212,東京都,日野市,平山,平山城址公園,9,11000000,280000,130,85000,長方形,9,,,,,住宅,西,市道,5,１低住専,40,80,2026年第1四半期,
宅地(土地と建物),不動産取引価格情報,住宅地,13212,東京都,日野市,程久保,程久保,2,88000000,,280,,ほぼ台形,19,220,2021年,木造,共同住宅,住宅,北,市道,5,１低住専,40,80,2026年第1四半期,
宅地(土地と建物),不動産取引価格情報,商業地,13212,東京都,日野市,万願寺,万願寺,4,64000000,,120,,長方形,10.5,230,1991年,鉄骨造,共同住宅、事務所,,北東,都道,22,２中住専,60,200,2026年第1四半期,
宅地(土地),不動産取引価格情報,宅地見込地,13212,東京都,日野市,三沢,高幡不動,13,7000000,220000,105,68000,ほぼ長方形,7,,,,,,北,私道,4,１低住専,30,60,2026年第1四半期,
宅地(土地と建物),不動産取引価格情報,住宅地,13212,東京都,日野市,三沢,高幡不動,9,41000000,,210,,ほぼ正方形,14,130,1982年,木造,住宅,住宅,北西,市道,6,１低住専,40,80,2026年第1四半期,
宅地(土地と建物),不動産取引価格情報,住宅地,13212,東京都,日野市,三沢,高幡不動,11,63000000,,185,,ほぼ長方形,10.6,105,1999年,木造,住宅,住宅,南,市道,6,１低住専,50,100,2026年第1四半期,
宅地(土地と建物),不動産取引価格情報,住宅地,13212,東京都,日野市,三沢,高幡不動,13,88000000,,400,,ほぼ長方形,19,230,1992年,軽量鉄骨造,共同住宅,住宅,東,市道,6,１低住専,50,100,2026年第1四半期,
宅地(土地),不動産取引価格情報,住宅地,13212,東京都,日野市,三沢,百草園,8,34000000,580000,195,170000,ほぼ正方形,12.4,,,,,住宅,南西,市道,6,１低住専,40,80,2026年第1四半期,
宅地(土地と建物),不動産取引価格情報,住宅地,13212,東京都,日野市,三沢,百草園,8,9500000,,75,,ほぼ長方形,10,50,1974年,木造,住宅,店舗,南,市道,4,１低住専,40,80,2026年第1四半期,
宅地(土地),不動産取引価格情報,商業地,13212,東京都,日野市,三沢,百草園,3,51000000,660000,260,200000,ほぼ長方形,13.2,,,,,,北,都道,18,２中住専,60,200,2026年第1四半期,
宅地(土地と建物),不動産取引価格情報,住宅地,13212,東京都,日野市,三沢,百草園,9,52000000,,135,,ほぼ長方形,7.8,105,2026年,木造,住宅,住宅,北,私道,4.5,１低住専,40,80,2026年第1四半期,
宅地(土地と建物),不動産取引価格情報,住宅地,13212,東京都,日野市,南平,高幡不動,14,47000000,,135,,不整形,13,100,2026年,木造,住宅,住宅,西,私道,4.5,１低住専,40,80,2026年第1四半期,私道を含む取引
宅地(土地と建物),不動産取引価格情報,住宅地,13212,東京都,日野市,南平,南平,10,55000000,,155,,長方形,7.5,145,1979年,木造,共同住宅,その他,北西,市道,4.5,１低住専,40,80,2026年第1四半期,
宅地(土地と建物),不動産取引価格情報,住宅地,13212,東京都,日野市,南平,南平,3,41000000,,105,,ほぼ長方形,5,80,2025年,木造,住宅,住宅,南西,市道,3.2,１低住専,40,80,2026年第1四半期,私道を含む取引
宅地(土地と建物),不動産取引価格情報,住宅地,13212,東京都,日野市,南平,南平,7,28000000,,185,,不整形,20,125,1969年,木造,共同住宅,住宅,北西,市道,4.2,１低住専,40,80,2026年第1四半期,
宅地(土地と建物),不動産取引価格情報,住宅地,13212,東京都,日野市,南平,南平,2,29000000,,65,,台形,,50,2025年,木造,住宅,住宅,北,私道,5,１低住専,40,80,2026年第1四半期,
宅地(土地と建物),不動産取引価格情報,住宅地,13212,東京都,日野市,南平,南平,3,42000000,,105,,ほぼ長方形,6,75,2025年,木造,住宅,住宅,南西,市道,3.2,１低住専,40,80,2026年第1四半期,私道を含む取引
宅地(土地と建物),不動産取引価格情報,住宅地,13212,東京都,日野市,南平,南平,18,28000000,,200,,長方形,13.4,110,1978年,木造,住宅,住宅,東,市道,5,１低住専,40,80,2026年第1四半期,
宅地(土地),不動産取引価格情報,住宅地,13212,東京都,日野市,大字宮,日野(東京),19,38000000,1000000,120,310000,ほぼ長方形,8.8,,,,,住宅,北,市道,6,準工業,60,200,2026年第1四半期,
宅地(土地と建物),成約価格情報,,13213,東京都,東村山市,多摩湖町,東村山,25,35000000,,135,,,,100,2025年,木造,,,,,,１低住専,50,100,2026年第1四半期,
宅地(土地と建物),成約価格情報,,13213,東京都,東村山市,多摩湖町,西武園,5,40000000,,165,,,,115,2003年,木造,,,北,公道,6,１低住専,50,100,2026年第1四半期,
宅地(土地と建物),成約価格情報,,13213,東京都,東村山市,多摩湖町,西武園,5,18000000,,135,,,,105,2007年,木造,,,東,私道,5,１低住専,50,100,2026年第1四半期,
宅地(土地と建物),成約価格情報,,13213,東京都,東村山市,多摩湖町,多摩湖,10,41000000,,145,,,,105,2026年,木造,,,,,,２種住居,50,100,2026年第1四半期,
宅地(土地と建物),成約価格情報,,13213,東京都,東村山市,多摩湖町,西武園,5,30000000,,210,,,,110,1972年,ＲＣ,,,南東,,4.9,１低住専,50,100,2026年第1四半期,
宅地(土地と建物),成約価格情報,,13213,東京都,東村山市,多摩湖町,多摩湖,10,27000000,,110,,,,90,2004年,木造,,,,私道,5,１低住専,40,80,2026年第1四半期,
宅地(土地と建物),成約価格情報,,13213,東京都,東村山市,恩多町,久米川,25,27000000,,115,,,,95,2004年,木造,,,,公道,5,１低住専,50,100,2026年第1四半期,
宅地(土地と建物),成約価格情報,,13213,東京都,東村山市,恩多町,久米川,20,28000000,,100,,,,80,2016年,木造,,,西,公道,6,１低住専,50,100,2026年第1四半期,
宅地(土地と建物),成約価格情報,,13213,東京都,東村山市,恩多町,久米川,25,40000000,,110,,,,100,2026年,木造,,,北,私道,4.5,１低住専,50,100,2026年第1四半期,
宅地(土地と建物),成約価格情報,,13213,東京都,東村山市,恩多町,東村山,20,27000000,,115,,,,90,2006年,木造,,,南,公道,6,１低住専,50,100,2026年第1四半期,
宅地(土地と建物),成約価格情報,,13213,東京都,東村山市,青葉町,新秋津,30分～60分,40000000,,110,,,,90,2026年,木造,,,南,公道,5,１低住専,50,100,2026年第1四半期,
宅地(土地と建物),成約価格情報,,13213,東京都,東村山市,青葉町,新秋津,,38000000,,115,,,,110,2025年,木造,,,,,,１低住専,50,100,2026年第1四半期,
宅地(土地と建物),成約価格情報,,13213,東京都,東村山市,青葉町,久米川,,30000000,,120,,,,90,1998年,木造,,,,,,１低住専,50,100,2026年第1四半期,
宅地(土地と建物),成約価格情報,,13213,東京都,東村山市,青葉町,新秋津,20,33000000,,75,,,,75,2026年,木造,,,,,,１低住専,50,100,2026年第1四半期,
宅地(土地と建物),成約価格情報,,13213,東京都,東村山市,青葉町,久米川,,30000000,,95,,,,135,1988年,鉄骨造,,,北西,公道,3.6,準工業,60,200,2026年第1四半期,
宅地(土地と建物),成約価格情報,,13213,東京都,東村山市,青葉町,新秋津,,47000000,,135,,,,115,2026年,木造,,,北,公道,5,１低住専,50,100,2026年第1四半期,
宅地(土地と建物),成約価格情報,,13213,東京都,東村山市,青葉町,新秋津,20,24000000,,90,,,,70,2005年,木造,,,北東,私道,4,１低住専,50,100,2026年第1四半期,
宅地(土地と建物),成約価格情報,,13213,東京都,東村山市,秋津町,秋津,10,14000000,,105,,,,85,1979年,木造,,,,,,１低住専,50,100,2026年第1四半期,
宅地(土地と建物),成約価格情報,,13213,東京都,東村山市,秋津町,新秋津,15,54000000,,115,,,,100,2026年,木造,,,西,公道,,１低住専,50,100,2026年第1四半期,
宅地(土地と建物),成約価格情報,,13213,東京都,東村山市,秋津町,新秋津,15,47000000,,115,,,,100,2026年,木造,,,西,公道,,１低住専,50,100,2026年第1四半期,
宅地(土地と建物),成約価格情報,,13213,東京都,東村山市,秋津町,新秋津,20,32000000,,105,,,,85,2015年,木造,,,,公道,,１低住専,40,80,2026年第1四半期,
宅地(土地と建物),成約価格情報,,13213,東京都,東村山市,秋津町,所沢,15,53000000,,110,,,,105,2026年,木造,,,西,私道,4,１低住専,50,100,2026年第1四半期,
宅地(土地と建物),成約価格情報,,13213,東京都,東村山市,秋津町,新秋津,10,27000000,,85,,,,70,2009年,木造,,,北西,私道,4,１低住専,50,100,2026年第1四半期,
宅地(土地と建物),成約価格情報,,13213,東京都,東村山市,栄町,八坂(東京),5,50000000,,75,,,,100,2026年,木造,,,北,公道,2.9,１中住専,60,160,2026年第1四半期,
宅地(土地と建物),成約価格情報,,13213,東京都,東村山市,栄町,八坂(東京),5,58000000,,110,,,,105,2026年,木造,,,北東,私道,5,１中住専,60,200,2026年第1四半期,
宅地(土地と建物),成約価格情報,,13213,東京都,東村山市,本町,久米川,10,46000000,,135,,,,95,2026年,木造,,,,,,１中住専,60,180,2026年第1四半期,
宅地(土地と建物),成約価格情報,,13213,東京都,東村山市,本町,東村山,10,45000000,,115,,,,115,2013年,木造,,,北,私道,5,１低住専,50,100,2026年第1四半期,
宅地(土地と建物),成約価格情報,,13213,東京都,東村山市,本町,久米川,10,45000000,,85,,,,125,2026年,木造,,,南,私道,4,近隣商業,80,200,2026年第1四半期,
宅地(土地と建物),成約価格情報,,13213,東京都,東村山市,本町,東村山,10,45000000,,60,,,,105,2026年,木造,,,,,,１中住専,60,200,2026年第1四半期,
宅地(土地と建物),成約価格情報,,13213,東京都,東村山市,本町,久米川,10,44000000,,75,,,,100,2024年,木造,,,,,,１中住専,60,200,2026年第1四半期,
宅地(土地と建物),成約価格情報,,13213,東京都,東村山市,廻田町,武蔵大和,10,44000000,,115,,,,95,2025年,木造,,,北,公道,5,１低住専,50,100,2026年第1四半期,
宅地(土地と建物),成約価格情報,,13213,東京都,東村山市,廻田町,武蔵大和,10,47000000,,120,,,,95,2025年,木造,,,北,公道,5,１低住専,50,100,2026年第1四半期,
宅地(土地と建物),成約価格情報,,13213,東京都,東村山市,廻田町,武蔵大和,10,38000000,,115,,,,95,2025年,木造,,,北,私道,4,１低住専,50,100,2026年第1四半期,
宅地(土地と建物),成約価格情報,,13213,東京都,東村山市,廻田町,武蔵大和,15,14000000,,70,,,,65,1973年,木造,,,,,,１低住専,50,100,2026年第1四半期,
宅地(土地と建物),成約価格情報,,13213,東京都,東村山市,廻田町,武蔵大和,10,29000000,,120,,,,95,2012年,木造,,,北,私道,5,１低住専,50,100,2026年第1四半期,
宅地(土地と建物),成約価格情報,,13213,東京都,東村山市,廻田町,武蔵大和,5,36000000,,125,,,,100,2023年,木造,,,,私道,,１低住専,40,80,2026年第1四半期,
宅地(土地と建物),成約価格情報,,13213,東京都,東村山市,廻田町,武蔵大和,10,35000000,,215,,,,130,1991年,木造,,,,,,１低住専,50,100,2026年第1四半期,
宅地(土地と建物),成約価格情報,,13213,東京都,東村山市,廻田町,武蔵大和,10,44000000,,115,,,,95,2025年,木造,,,北,公道,5,１低住専,50,100,2026年第1四半期,
宅地(土地と建物),成約価格情報,,13213,東京都,東村山市,廻田町,武蔵大和,10,45000000,,175,,,,160,2000年,鉄骨造,,,南,公道,7.5,近隣商業,80,200,2026年第1四半期,
宅地(土地と建物),成約価格情報,,13213,東京都,東村山市,久米川町,東村山,20,36000000,,85,,,,85,2007年,木造,,,,,,２中住専,60,160,2026年第1四半期,
宅地(土地と建物),成約価格情報,,13213,東京都,東村山市,久米川町,新秋津,25,30000000,,95,,,,85,2025年,木造,,,南,私道,4,準工業,60,200,2026年第1四半期,
宅地(土地と建物),成約価格情報,,13213,東京都,東村山市,久米川町,新秋津,25,32000000,,95,,,,85,2025年,木造,,,南,私道,4,準工業,60,200,2026年第1四半期,
宅地(土地と建物),成約価格情報,,13213,東京都,東村山市,久米川町,新秋津,25,31000000,,95,,,,85,2025年,木造,,,南,私道,4,準工業,60,200,2026年第1四半期,
宅地(土地と建物),成約価格情報,,13213,東京都,東村山市,久米川町,東村山,20,40000000,,220,,,,195,1989年,木造,,,南西,公道,5.3,１低住専,50,100,2026年第1四半期,
宅地(土地と建物),成約価格情報,,13213,東京都,東村山市,久米川町,東村山,20,23000000,,85,,,,70,2009年,木造,,,北東,公道,6,１低住専,50,100,2026年第1四半期,
宅地(土地と建物),成約価格情報,,13213,東京都,東村山市,久米川町,新秋津,25,13000000,,90,,,,70,2001年,木造,,,南西,私道,4.2,準工業,60,200,2026年第1四半期,
宅地(土地と建物),成約価格情報,,13213,東京都,東村山市,諏訪町,東村山,15,32000000,,110,,,,90,2020年,木造,,,北西,私道,4.5,１低住専,50,100,2026年第1四半期,
宅地(土地と建物),成約価格情報,,13213,東京都,東村山市,野口町,東村山,5,43000000,,160,,,,120,1980年,木造,,,,,,近隣商業,80,200,2026年第1四半期,
宅地(土地と建物),成約価格情報,,13213,東京都,東村山市,野口町,東村山,10,44000000,,105,,,,85,2019年,木造,,,北東,公道,6,１低住専,50,100,2026年第1四半期,
宅地(土地と建物),成約価格情報,,13213,東京都,東村山市,野口町,東村山,5,45000000,,100,,,,80,2020年,木造,,,,公道,5,１低住専,50,100,2026年第1四半期,
宅地(土地と建物),成約価格情報,,13213,東京都,東村山市,萩山町,萩山,10,49000000,,90,,,,45,2025年,木造,,,,,,１低住専,50,100,2026年第1四半期,
宅地(土地と建物),成約価格情報,,13213,東京都,東村山市,萩山町,小平,10,44000000,,90,,,,105,2018年,木造,,,,,,１中住専,60,200,2026年第1四半期,
宅地(土地と建物),成約価格情報,,13213,東京都,東村山市,萩山町,久米川,10,59000000,,150,,,,120,2001年,木造,,,西,公道,6,１低住専,60,100,2026年第1四半期,
宅地(土地と建物),成約価格情報,,13213,東京都,東村山市,富士見町,小川(東京),15,50000000,,100,,,,100,2025年,木造,,,南,公道,4,１低住専,60,100,2026年第1四半期,
宅地(土地と建物),成約価格情報,,13213,東京都,東村山市,富士見町,小川(東京),25,26000000,,65,,,,50,2025年,木造,,,,,,１低住専,50,100,2026年第1四半期,
宅地(土地と建物),成約価格情報,,13213,東京都,東村山市,美住町,八坂(東京),15,36000000,,100,,,,80,2017年,木造,,,北東,私道,4,１低住専,50,100,2026年第1四半期,
宅地(土地と建物),不動産取引価格情報,住宅地,13213,東京都,東村山市,青葉町,久米川,26,35000000,,110,,ほぼ正方形,11.4,100,2026年,木造,住宅,住宅,北西,市道,5,１低住専,50,100,2026年第1四半期,
宅地(土地と建物),不動産取引価格情報,住宅地,13213,東京都,東村山市,青葉町,久米川,30分～60分,35000000,,110,,不整形,10.5,105,2025年,木造,住宅,住宅,北西,私道,4.5,１低住専,50,100,2026年第1四半期,
宅地(土地),不動産取引価格情報,住宅地,13213,東京都,東村山市,青葉町,新秋津,26,25000000,500000,165,150000,ほぼ長方形,,,,,,住宅,南東,市道,,１低住専,50,100,2026年第1四半期,
宅地(土地と建物),不動産取引価格情報,住宅地,13213,東京都,東村山市,秋津町,所沢,19,32000000,,105,,長方形,6.5,85,2015年,木造,住宅,住宅,北西,市道,6.1,１低住専,50,100,2026年第1四半期,
宅地(土地と建物),不動産取引価格情報,住宅地,13213,東京都,東村山市,恩多町,久米川,23,26000000,,105,,不整形,2.5,95,2020年,木造,住宅,住宅,北東,市道,,準工業,60,200,2026年第1四半期,調停・競売等
宅地(土地と建物),不動産取引価格情報,住宅地,13213,東京都,東村山市,久米川町,東村山,28,16000000,,90,,ほぼ長方形,9,65,1977年,木造,住宅,住宅,東,市道,4.3,１中住専,60,150,2026年第1四半期,
宅地(土地と建物),不動産取引価格情報,住宅地,13213,東京都,東村山市,久米川町,東村山,20,31000000,,75,,ほぼ長方形,8,75,2015年,木造,住宅,住宅,北東,市道,7.2,１中住専,60,200,2026年第1四半期,
宅地(土地と建物),不動産取引価格情報,住宅地,13213,東京都,東村山市,久米川町,東村山,18,46000000,,120,,ほぼ長方形,15,100,2026年,木造,住宅,住宅,南西,私道,5,１低住専,50,100,2026年第1四半期,
宅地(土地と建物),不動産取引価格情報,住宅地,13213,東京都,東村山市,久米川町,東村山,26,45000000,,105,,ほぼ長方形,12,100,2026年,木造,住宅,住宅,南,私道,4,１低住専,50,100,2026年第1四半期,
宅地(土地と建物),不動産取引価格情報,住宅地,13213,東京都,東村山市,久米川町,東村山,18,47000000,,115,,台形,7,100,2026年,木造,住宅,住宅,西,私道,5,１低住専,50,100,2026年第1四半期,
宅地(土地と建物),不動産取引価格情報,住宅地,13213,東京都,東村山市,諏訪町,東村山,11,46000000,,110,,ほぼ長方形,6.5,95,2026年,木造,住宅,住宅,北東,市道,5.7,１低住専,50,100,2026年第1四半期,
宅地(土地と建物),不動産取引価格情報,住宅地,13213,東京都,東村山市,諏訪町,東村山,14,41000000,,85,,ほぼ正方形,9,85,2026年,木造,住宅,住宅,北西,私道,4,１低住専,50,100,2026年第1四半期,
宅地(土地),不動産取引価格情報,住宅地,13213,東京都,東村山市,野口町,東村山,4,88000000,2200000,135,650000,ほぼ台形,42.8,,,,,その他,南,市道,,近隣商業,80,200,2026年第1四半期,
宅地(土地),不動産取引価格情報,工業地,13213,東京都,東村山市,野口町,東村山,16,2500000000,770000,"2,000㎡以上",230000,不整形,50.0m以上,,,,,その他,南東,市道,,準工業,60,200,2026年第1四半期,
宅地(土地と建物),不動産取引価格情報,住宅地,13213,東京都,東村山市,野口町,東村山,6,46000000,,105,,ほぼ長方形,9.1,85,2019年,木造,住宅,住宅,北東,市道,,１低住専,50,100,2026年第1四半期,
宅地(土地と建物),不動産取引価格情報,住宅地,13213,東京都,東村山市,富士見町,八坂(東京),7,59000000,,300,,長方形,14.7,115,2001年,軽量鉄骨造,住宅,住宅,西,市道,10,１中住専,60,200,2026年第1四半期,
宅地(土地と建物),不動産取引価格情報,住宅地,13213,東京都,東村山市,富士見町,八坂(東京),15,25000000,,110,,ほぼ長方形,14.4,85,1981年,木造,住宅,住宅,東,市道,4,１低住専,50,100,2026年第1四半期,
宅地(土地),不動産取引価格情報,住宅地,13213,東京都,東村山市,本町,東村山,6,31000000,860000,115,260000,ほぼ長方形,6,,,,,その他,北,市道,3.3,１中住専,60,200,2026年第1四半期,
宅地(土地と建物),不動産取引価格情報,住宅地,13213,東京都,東村山市,美住町,八坂(東京),10,36000000,,100,,ほぼ長方形,5,80,2017年,,住宅,住宅,北東,私道,4,１低住専,50,100,2026年第1四半期,
宅地(土地),不動産取引価格情報,住宅地,13213,東京都,東村山市,廻田町,武蔵大和,13,35000000,650000,180,200000,ほぼ長方形,16.2,,,,,住宅,南西,市道,5.2,１低住専,50,100,2026年第1四半期,
宅地(土地と建物),成約価格情報,,13214,東京都,国分寺市,戸倉,恋ケ窪,15,57000000,,195,,,,150,1997年,木造,,,,,,１低住専,40,80,2026年第1四半期,
宅地(土地と建物),成約価格情報,,13214,東京都,国分寺市,戸倉,西国分寺,20,65000000,,115,,,,105,2025年,木造,,,南西,公道,4,１低住専,50,100,2026年第1四半期,
宅地(土地と建物),成約価格情報,,13214,東京都,国分寺市,戸倉,西国分寺,20,68000000,,115,,,,105,2025年,木造,,,北東,公道,3.6,１低住専,50,100,2026年第1四半期,
宅地(土地と建物),成約価格情報,,13214,東京都,国分寺市,戸倉,恋ケ窪,10,70000000,,140,,,,110,2026年,木造,,,北東,公道,4.2,１低住専,40,80,2026年第1四半期,
宅地(土地と建物),成約価格情報,,13214,東京都,国分寺市,戸倉,西国分寺,20,37000000,,75,,,,65,2005年,木造,,,南西,公道,4,１低住専,50,100,2026年第1四半期,
宅地(土地と建物),成約価格情報,,13214,東京都,国分寺市,戸倉,恋ケ窪,10,51000000,,150,,,,105,1995年,木造,,,南東,公道,4,１低住専,60,100,2026年第1四半期,
宅地(土地と建物),成約価格情報,,13214,東京都,国分寺市,戸倉,国立,20,52000000,,155,,,,95,1975年,木造,,,南西,公道,3.8,１低住専,50,100,2026年第1四半期,
宅地(土地と建物),成約価格情報,,13214,東京都,国分寺市,東恋ケ窪,恋ケ窪,10,81000000,,265,,,,190,1963年,木造,,,西,私道,,１低住専,50,100,2026年第1四半期,
宅地(土地と建物),成約価格情報,,13214,東京都,国分寺市,東元町,国分寺,15,64000000,,125,,,,95,2015年,木造,,,南,公道,6.2,２中住専,60,200,2026年第1四半期,
宅地(土地と建物),成約価格情報,,13214,東京都,国分寺市,高木町,国立,25,48000000,,110,,,,85,2025年,木造,,,,,,１低住専,40,80,2026年第1四半期,
宅地(土地と建物),成約価格情報,,13214,東京都,国分寺市,高木町,国立,25,55000000,,130,,,,105,2025年,木造,,,北東,公道,5,１低住専,40,80,2026年第1四半期,
宅地(土地と建物),成約価格情報,,13214,東京都,国分寺市,高木町,国立,,54000000,,120,,,,95,2025年,木造,,,,公道,6,１低住専,40,80,2026年第1四半期,
宅地(土地と建物),成約価格情報,,13214,東京都,国分寺市,高木町,国立,25,15000000,,40,,,,75,1994年,木造,,,南,公道,7.2,１種住居,60,200,2026年第1四半期,
宅地(土地と建物),成約価格情報,,13214,東京都,国分寺市,高木町,国立,,73000000,,165,,,,105,2024年,木造,,,西,公道,5,１低住専,40,80,2026年第1四半期,
宅地(土地と建物),成約価格情報,,13214,東京都,国分寺市,高木町,国立,25,26000000,,110,,,,95,1995年,木造,,,西,公道,7.6,１種住居,60,200,2026年第1四半期,
宅地(土地と建物),成約価格情報,,13214,東京都,国分寺市,高木町,国立,25,47000000,,115,,,,90,2025年,木造,,,,,,１低住専,40,80,2026年第1四半期,
宅地(土地と建物),成約価格情報,,13214,東京都,国分寺市,内藤,国立,15,54000000,,120,,,,90,2006年,木造,,,北東,私道,5,近隣商業,80,300,2026年第1四半期,
宅地(土地と建物),成約価格情報,,13214,東京都,国分寺市,内藤,国立,15,74000000,,225,,,,135,1990年,木造,,,北西,,4,１低住専,40,80,2026年第1四半期,
宅地(土地と建物),成約価格情報,,13214,東京都,国分寺市,内藤,国立,10,54000000,,85,,,,65,2026年,木造,,,北西,公道,4,１低住専,40,80,2026年第1四半期,
宅地(土地と建物),成約価格情報,,13214,東京都,国分寺市,西恋ケ窪,恋ケ窪,5,55000000,,125,,,,100,2005年,木造,,,北西,公道,6,１低住専,40,80,2026年第1四半期,
宅地(土地と建物),成約価格情報,,13214,東京都,国分寺市,西恋ケ窪,西国分寺,10,61000000,,120,,,,110,2018年,木造,,,,私道,4,１低住専,40,80,2026年第1四半期,
宅地(土地と建物),成約価格情報,,13214,東京都,国分寺市,西恋ケ窪,西国分寺,15,70000000,,155,,,,110,2007年,木造,,,南西,公道,6,１低住専,40,80,2026年第1四半期,
宅地(土地と建物),成約価格情報,,13214,東京都,国分寺市,西町,国立,20,67000000,,120,,,,100,2025年,木造,,,,,,１低住専,50,100,2026年第1四半期,
宅地(土地と建物),成約価格情報,,13214,東京都,国分寺市,西町,国立,20,68000000,,120,,,,100,2025年,木造,,,,,,１低住専,50,100,2026年第1四半期,
宅地(土地と建物),成約価格情報,,13214,東京都,国分寺市,西町,立川,,50000000,,115,,,,90,2026年,木造,,,,,,１低住専,40,80,2026年第1四半期,
宅地(土地と建物),成約価格情報,,13214,東京都,国分寺市,西町,立川,,49000000,,120,,,,95,2026年,木造,,,,,,１低住専,40,80,2026年第1四半期,
宅地(土地と建物),成約価格情報,,13214,東京都,国分寺市,西町,立川,,47000000,,115,,,,95,2026年,木造,,,,,,１低住専,40,80,2026年第1四半期,
宅地(土地と建物),成約価格情報,,13214,東京都,国分寺市,西町,立川,,42000000,,115,,,,85,2026年,木造,,,,,,１低住専,40,80,2026年第1四半期,
宅地(土地と建物),成約価格情報,,13214,東京都,国分寺市,西町,立川,,49000000,,115,,,,95,2026年,木造,,,,,,１低住専,40,80,2026年第1四半期,
宅地(土地と建物),成約価格情報,,13214,東京都,国分寺市,西町,国立,20,84000000,,140,,,,100,2023年,木造,,,北東,私道,5,１低住専,40,80,2026年第1四半期,
宅地(土地と建物),成約価格情報,,13214,東京都,国分寺市,西町,立川,,51000000,,115,,,,95,2025年,木造,,,,,,１低住専,40,80,2026年第1四半期,
宅地(土地と建物),成約価格情報,,13214,東京都,国分寺市,西町,国立,20,25000000,,110,,,,85,1993年,木造,,,南西,公道,4,１低住専,40,80,2026年第1四半期,
宅地(土地と建物),成約価格情報,,13214,東京都,国分寺市,西町,国立,20,66000000,,175,,,,130,1987年,木造,,,南東,,10.6,２中住専,60,200,2026年第1四半期,
宅地(土地と建物),成約価格情報,,13214,東京都,国分寺市,西町,立川,,37000000,,140,,,,125,1998年,木造,,,北,公道,4.5,１低住専,40,80,2026年第1四半期,
宅地(土地と建物),成約価格情報,,13214,東京都,国分寺市,西町,国立,20,62000000,,115,,,,90,2005年,木造,,,西,公道,5.4,１低住専,40,80,2026年第1四半期,
宅地(土地と建物),成約価格情報,,13214,東京都,国分寺市,西元町,西国分寺,15,60000000,,115,,,,90,2013年,木造,,,南,公道,4,１低住専,50,100,2026年第1四半期,
宅地(土地と建物),成約価格情報,,13214,東京都,国分寺市,西元町,西国分寺,15,83000000,,115,,,,85,2023年,木造,,,南東,公道,4,１低住専,50,100,2026年第1四半期,
宅地(土地と建物),成約価格情報,,13214,東京都,国分寺市,東戸倉,恋ケ窪,10,59000000,,120,,,,95,2026年,木造,,,北西,公道,6,１低住専,40,80,2026年第1四半期,
宅地(土地と建物),成約価格情報,,13214,東京都,国分寺市,東戸倉,恋ケ窪,15,60000000,,115,,,,95,2014年,木造,,,北東,公道,6,２中住専,60,200,2026年第1四半期,
宅地(土地と建物),成約価格情報,,13214,東京都,国分寺市,東戸倉,恋ケ窪,15,62000000,,125,,,,95,2001年,木造,,,南東,公道,6,１低住専,40,80,2026年第1四半期,
宅地(土地と建物),成約価格情報,,13214,東京都,国分寺市,東戸倉,恋ケ窪,15,43000000,,65,,,,85,2025年,木造,,,北,公道,7.5,２中住専,60,200,2026年第1四半期,
宅地(土地と建物),成約価格情報,,13214,東京都,国分寺市,日吉町,西国分寺,15,57000000,,100,,,,90,2007年,木造,,,北東,私道,4,１低住専,50,100,2026年第1四半期,
宅地(土地と建物),成約価格情報,,13214,東京都,国分寺市,日吉町,国立,5,30000000,,255,,,,50,1953年,木造,,,,,,１低住専,50,100,2026年第1四半期,
宅地(土地と建物),成約価格情報,,13214,東京都,国分寺市,日吉町,西国分寺,10,65000000,,140,,,,95,2011年,木造,,,南,公道,5.5,１低住専,40,80,2026年第1四半期,
宅地(土地と建物),成約価格情報,,13214,東京都,国分寺市,本多,国分寺,20,63000000,,110,,,,105,2026年,木造,,,東,公道,6,１低住専,50,100,2026年第1四半期,
宅地(土地と建物),成約価格情報,,13214,東京都,国分寺市,本多,国分寺,20,49000000,,105,,,,85,1983年,木造,,,西,公道,6,１低住専,50,100,2026年第1四半期,
宅地(土地と建物),成約価格情報,,13214,東京都,国分寺市,本多,国分寺,15,50000000,,60,,,,80,2026年,木造,,,東,,4,１種住居,60,200,2026年第1四半期,
宅地(土地と建物),成約価格情報,,13214,東京都,国分寺市,本多,国分寺,15,47000000,,85,,,,75,2026年,木造,,,東,,4,１種住居,60,200,2026年第1四半期,
宅地(土地と建物),成約価格情報,,13214,東京都,国分寺市,並木町,国立,,48000000,,115,,,,90,2026年,木造,,,,,,１低住専,40,80,2026年第1四半期,
宅地(土地と建物),成約価格情報,,13214,東京都,国分寺市,並木町,恋ケ窪,15,60000000,,115,,,,95,2026年,木造,,,東,公道,4,１低住専,50,80,2026年第1四半期,
宅地(土地と建物),成約価格情報,,13214,東京都,国分寺市,並木町,恋ケ窪,15,49000000,,95,,,,75,2026年,木造,,,,,,１低住専,40,80,2026年第1四半期,
宅地(土地と建物),成約価格情報,,13214,東京都,国分寺市,光町,国立,20,53000000,,120,,,,90,2005年,木造,,,西,公道,5.6,１低住専,40,80,2026年第1四半期,
宅地(土地と建物),成約価格情報,,13214,東京都,国分寺市,富士本,国立,15,50000000,,90,,,,70,2010年,木造,,,南東,私道,4,１低住専,50,100,2026年第1四半期,
宅地(土地と建物),成約価格情報,,13214,東京都,国分寺市,富士本,国立,25,60000000,,155,,,,105,1988年,軽量鉄骨造,,,西,公道,6,１低住専,50,100,2026年第1四半期,
宅地(土地と建物),成約価格情報,,13214,東京都,国分寺市,富士本,国立,10,78000000,,105,,,,100,2026年,木造,,,南東,公道,5,１低住専,50,100,2026年第1四半期,
宅地(土地と建物),成約価格情報,,13214,東京都,国分寺市,南町,国分寺,15,82000000,,145,,,,145,2008年,木造,,,東,私道,5.4,１低住専,50,100,2026年第1四半期,
宅地(土地と建物),成約価格情報,,13214,東京都,国分寺市,新町,国立,,64000000,,135,,,,115,2026年,木造,,,,,,１低住専,50,100,2026年第1四半期,
宅地(土地と建物),成約価格情報,,13214,東京都,国分寺市,新町,恋ケ窪,15,62000000,,125,,,,100,2025年,木造,,,東,公道,4,１低住専,40,80,2026年第1四半期,
宅地(土地と建物),不動産取引価格情報,住宅地,13214,東京都,国分寺市,北町,鷹の台,18,50000000,,115,,長方形,11.3,90,2025年,木造,住宅,住宅,南東,道路,6,１低住専,40,80,2026年第1四半期,
宅地(土地と建物),不動産取引価格情報,住宅地,13214,東京都,国分寺市,高木町,国立,25,66000000,,115,,不整形,6,,,,,住宅,北西,道路,5,１低住専,40,80,2026年第1四半期,
宅地(土地),不動産取引価格情報,住宅地,13214,東京都,国分寺市,高木町,国立,26,39000000,1100000,115,340000,長方形,12.1,,,,,住宅,南西,道路,6,１低住専,40,80,2026年第1四半期,
宅地(土地と建物),不動産取引価格情報,住宅地,13214,東京都,国分寺市,高木町,国立,24,53000000,,115,,ほぼ台形,11.1,95,2025年,木造,住宅,住宅,東,私道,6,１低住専,40,80,2026年第1四半期,
宅地(土地と建物),不動産取引価格情報,商業地,13214,東京都,国分寺市,高木町,国立,23,43000000,,300,,ほぼ長方形,19.8,80,1982年,軽量鉄骨造,その他,住宅,南,市道,7.3,１種住居,60,200,2026年第1四半期,
宅地(土地と建物),不動産取引価格情報,住宅地,13214,東京都,国分寺市,戸倉,恋ケ窪,7,33000000,,100,,台形,9.6,75,1997年,木造,,住宅,北西,市道,4,１低住専,40,80,2026年第1四半期,
宅地(土地),不動産取引価格情報,住宅地,13214,東京都,国分寺市,並木町,恋ケ窪,15,25000000,1000000,80,310000,長方形,6.8,,,,,住宅,北,市道,5,１低住専,40,80,2026年第1四半期,
宅地(土地),不動産取引価格情報,住宅地,13214,東京都,国分寺市,西恋ケ窪,西国分寺,10,15000000,350000,135,110000,台形,,,,,,住宅,北,市道,2.7,１低住専,40,80,2026年第1四半期,
宅地(土地と建物),不動産取引価格情報,住宅地,13214,東京都,国分寺市,西町,国立,18,55000000,,135,,台形,9,105,2004年,木造,住宅,住宅,東,市道,5.8,１低住専,40,80,2026年第1四半期,
宅地(土地と建物),不動産取引価格情報,住宅地,13214,東京都,国分寺市,東恋ケ窪,恋ケ窪,6,210000000,,250,,ほぼ長方形,18.1,260,1996年,ＲＣ,共同住宅、店舗,住宅,東,都道,11.9,１種住居,60,200,2026年第1四半期,私道を含む取引
宅地(土地),不動産取引価格情報,住宅地,13214,東京都,国分寺市,東恋ケ窪,国分寺,14,37000000,1800000,65,560000,ほぼ正方形,7.1,,,,,住宅,南東,私道,4,１種住居,60,200,2026年第1四半期,
宅地(土地),不動産取引価格情報,住宅地,13214,東京都,国分寺市,東元町,国分寺,11,3000000,250000,40,76000,ほぼ長方形,3.1,,,,,その他,北,市道,4.5,１低住専,40,80,2026年第1四半期,
宅地(土地),不動産取引価格情報,住宅地,13214,東京都,国分寺市,東元町,国分寺,16,51000000,1500000,115,440000,ほぼ長方形,7.2,,,,,住宅,北,道路,6,１低住専,40,80,2026年第1四半期,
宅地(土地と建物),不動産取引価格情報,住宅地,13214,東京都,国分寺市,東元町,国分寺,10,70000000,,135,,長方形,7,95,2025年,木造,住宅,住宅,北,市道,3.4,１低住専,50,100,2026年第1四半期,
宅地(土地と建物),不動産取引価格情報,住宅地,13214,東京都,国分寺市,東元町,国分寺,9,13000000,,55,,長方形,8.6,30,1964年,木造,住宅,住宅,東,私道,4,１低住専,50,100,2026年第1四半期,
宅地(土地),不動産取引価格情報,商業地,13214,東京都,国分寺市,本町,国分寺,4,220000000,2300000,320,680000,台形,14,,,,,その他,北東,市道,5.5,商業,80,500,2026年第1四半期,
宅地(土地と建物),不動産取引価格情報,商業地,13214,東京都,国分寺市,本町,国分寺,5,520000000,,180,,ほぼ長方形,10.3,450,2025年,ＲＣ,,住宅,東,私道,4,商業,80,400,2026年第1四半期,私道を含む取引
宅地(土地と建物),成約価格情報,,13215,東京都,国立市,東,国立,15,57000000,,135,,,,125,1996年,木造,,,北,公道,5.4,１低住専,50,100,2026年第1四半期,
宅地(土地と建物),成約価格情報,,13215,東京都,国立市,東,国立,20,70000000,,135,,,,130,2001年,木造,,,東,私道,4,１低住専,50,100,2026年第1四半期,
宅地(土地と建物),成約価格情報,,13215,東京都,国立市,東,国立,20,56000000,,95,,,,85,2022年,木造,,,東,公道,5.4,２中住専,60,200,2026年第1四半期,
宅地(土地と建物),成約価格情報,,13215,東京都,国立市,東,国立,5,85000000,,255,,,,165,1985年,木造,,,北,公道,5,１低住専,50,100,2026年第1四半期,
宅地(土地と建物),成約価格情報,,13215,東京都,国立市,東,国立,20,77000000,,110,,,,90,2027年,木造,,,東,公道,5,１低住専,50,100,2026年第1四半期,
宅地(土地と建物),成約価格情報,,13215,東京都,国立市,青柳,矢川,10,48000000,,85,,,,95,2025年,木造,,,北,私道,4,準工業,60,200,2026年第1四半期,
宅地(土地と建物),成約価格情報,,13215,東京都,国立市,青柳,西国立,10,55000000,,100,,,,100,2026年,木造,,,西,私道,4.5,準工業,60,200,2026年第1四半期,
宅地(土地と建物),成約価格情報,,13215,東京都,国立市,青柳,西国立,10,59000000,,100,,,,100,2026年,木造,,,北,私道,4.5,準工業,60,200,2026年第1四半期,
宅地(土地と建物),成約価格情報,,13215,東京都,国立市,青柳,矢川,20,47000000,,80,,,,110,2026年,木造,,,東,公道,6,準工業,60,200,2026年第1四半期,
宅地(土地と建物),成約価格情報,,13215,東京都,国立市,中,国立,20,82000000,,130,,,,105,2026年,木造,,,北,私道,4,１低住専,50,100,2026年第1四半期,
宅地(土地と建物),成約価格情報,,13215,東京都,国立市,北,国立,15,70000000,,100,,,,100,2009年,木造,,,南,公道,5,１低住専,60,100,2026年第1四半期,
宅地(土地と建物),成約価格情報,,13215,東京都,国立市,北,国立,15,59000000,,160,,,,85,2012年,木造,,,南西,公道,4,１低住専,50,100,2026年第1四半期,
宅地(土地と建物),成約価格情報,,13215,東京都,国立市,西,西国立,15,54000000,,105,,,,90,2025年,木造,,,,私道,,１低住専,50,100,2026年第1四半期,
宅地(土地と建物),成約価格情報,,13215,東京都,国立市,西,西国立,15,59000000,,95,,,,95,2025年,木造,,,,私道,,１低住専,50,100,2026年第1四半期,
宅地(土地と建物),成約価格情報,,13215,東京都,国立市,西,西国立,10,89000000,,140,,,,110,2019年,軽量鉄骨造,,,南,公道,5.4,１低住専,50,100,2026年第1四半期,
宅地(土地と建物),成約価格情報,,13215,東京都,国立市,西,国立,20,63000000,,95,,,,95,2025年,木造,,,南東,私道,3,１低住専,50,100,2026年第1四半期,
宅地(土地と建物),成約価格情報,,13215,東京都,国立市,西,国立,20,65000000,,130,,,,110,2025年,木造,,,,公道,5.4,１低住専,50,100,2026年第1四半期,
宅地(土地と建物),成約価格情報,,13215,東京都,国立市,西,国立,20,70000000,,130,,,,110,2025年,木造,,,,公道,5.4,１低住専,50,100,2026年第1四半期,
宅地(土地と建物),成約価格情報,,13215,東京都,国立市,西,西国立,15,64000000,,95,,,,90,2025年,木造,,,北,公道,5.4,１低住専,50,100,2026年第1四半期,
宅地(土地と建物),成約価格情報,,13215,東京都,国立市,西,矢川,10,73000000,,105,,,,110,2025年,木造,,,,,,２中住専,60,200,2026年第1四半期,
宅地(土地と建物),成約価格情報,,13215,東京都,国立市,西,国立,20,63000000,,95,,,,95,2025年,木造,,,,,,１低住専,50,100,2026年第1四半期,
宅地(土地と建物),成約価格情報,,13215,東京都,国立市,西,国立,15,31000000,,75,,,,75,2004年,木造,,,北東,私道,4,１低住専,50,100,2026年第1四半期,
宅地(土地と建物),成約価格情報,,13215,東京都,国立市,富士見台,谷保,5,54000000,,85,,,,80,2027年,木造,,,南,公道,8,１中住専,60,150,2026年第1四半期,
宅地(土地と建物),成約価格情報,,13215,東京都,国立市,谷保,矢川,10,56000000,,115,,,,95,2025年,木造,,,,,,１低住専,48,114,2026年第1四半期,
宅地(土地と建物),成約価格情報,,13215,東京都,国立市,谷保,矢川,10,44000000,,110,,,,95,2005年,木造,,,西,公道,5,２中住専,60,200,2026年第1四半期,
宅地(土地と建物),成約価格情報,,13215,東京都,国立市,矢川,矢川,15,55000000,,125,,,,100,2025年,木造,,,,,,１低住専,60,150,2026年第1四半期,
宅地(土地と建物),不動産取引価格情報,住宅地,13215,東京都,国立市,青柳,矢川,14,59000000,,100,,台形,10.6,100,2026年,木造,住宅,住宅,北,私道,4.5,準工業,60,200,2026年第1四半期,
宅地(土地と建物),不動産取引価格情報,住宅地,13215,東京都,国立市,西,国立,16,57000000,,80,,ほぼ長方形,5.8,,2025年,木造,住宅,住宅,北,市道,5.5,１低住専,50,100,2026年第1四半期,
宅地(土地と建物),不動産取引価格情報,住宅地,13215,東京都,国立市,西,国立,11,70000000,,230,,長方形,12.8,200,,木造,共同住宅,住宅,南,市道,5.5,１低住専,50,100,2026年第1四半期,
宅地(土地と建物),不動産取引価格情報,住宅地,13215,東京都,国立市,西,国立,13,54000000,,75,,不整形,2.5,75,2025年,木造,住宅,住宅,東,市道,5.5,１低住専,50,100,2026年第1四半期,
宅地(土地),不動産取引価格情報,住宅地,13215,東京都,国立市,東,国立,15,55000000,2000000,90,620000,ほぼ長方形,7.2,,,,,住宅,北,市道,5.5,１低住専,50,100,2026年第1四半期,
宅地(土地と建物),不動産取引価格情報,住宅地,13215,東京都,国立市,富士見台,矢川,10,220000000,,360,,長方形,15.4,680,2003年,鉄骨造,共同住宅、事務所,住宅,南,市道,20,１種住居,60,300,2026年第1四半期,
宅地(土地と建物),不動産取引価格情報,商業地,13215,東京都,国立市,富士見台,矢川,2,37000000,,65,,ほぼ台形,7.6,65,2000年,木造,共同住宅,住宅,北西,市道,6,近隣商業,80,400,2026年第1四半期,
宅地(土地と建物),不動産取引価格情報,住宅地,13215,東京都,国立市,富士見台,谷保,6,33000000,,70,,ほぼ長方形,5.5,50,2025年,木造,住宅,住宅,北東,市道,4,１低住専,40,80,2026年第1四半期,
宅地(土地と建物),不動産取引価格情報,商業地,13215,東京都,国立市,富士見台,谷保,6,33000000,,45,,長方形,5.1,55,2011年,木造,住宅、事務所,店舗,東,市道,6,近隣商業,80,400,2026年第1四半期,
宅地(土地と建物),不動産取引価格情報,住宅地,13215,東京都,国立市,富士見台,谷保,8,67000000,,980,,ほぼ長方形,25,"2,000㎡以上",1990年,ＲＣ,共同住宅、駐車場,住宅,北,市道,20,１種住居,60,300,2026年第1四半期,
宅地(土地),不動産取引価格情報,住宅地,13215,東京都,国立市,谷保,谷保,11,39000000,810000,160,240000,長方形,8.6,,,,,住宅,北東,私道,4.5,１低住専,30,60,2026年第1四半期,
宅地(土地と建物),成約価格情報,,13218,東京都,福生市,大字熊川,拝島,5,28000000,,225,,,,120,1985年,木造,,,北,公道,4,準工業,60,200,2026年第1四半期,
宅地(土地と建物),成約価格情報,,13218,東京都,福生市,大字熊川,牛浜,10,43000000,,250,,,,170,1991年,軽量鉄骨造,,,南,私道,4,１低住専,40,80,2026年第1四半期,
宅地(土地と建物),成約価格情報,,13218,東京都,福生市,大字熊川,拝島,20,22000000,,110,,,,90,2008年,木造,,,北西,公道,4,１低住専,40,80,2026年第1四半期,
宅地(土地と建物),成約価格情報,,13218,東京都,福生市,大字熊川,拝島,10,39000000,,130,,,,95,2020年,木造,,,北,公道,5,１低住専,40,80,2026年第1四半期,
宅地(土地と建物),成約価格情報,,13218,東京都,福生市,大字熊川,拝島,15,31000000,,105,,,,75,2025年,木造,,,東,公道,7,１種住居,60,200,2026年第1四半期,
宅地(土地と建物),成約価格情報,,13218,東京都,福生市,大字熊川,拝島,10,48000000,,130,,,,100,2026年,木造,,,西,私道,4,１低住専,40,80,2026年第1四半期,
宅地(土地と建物),成約価格情報,,13218,東京都,福生市,大字熊川,拝島,10,51000000,,140,,,,110,2026年,木造,,,南,公道,7,１低住専,40,80,2026年第1四半期,
宅地(土地と建物),成約価格情報,,13218,東京都,福生市,大字福生,福生,15,42000000,,115,,,,90,2026年,木造,,,,,,１低住専,40,80,2026年第1四半期,
宅地(土地と建物),成約価格情報,,13218,東京都,福生市,大字福生,福生,15,35000000,,210,,,,105,1998年,木造,,,北西,私道,4,１低住専,40,80,2026年第1四半期,
宅地(土地と建物),成約価格情報,,13218,東京都,福生市,加美平,羽村,20,42000000,,135,,,,100,2025年,木造,,,北,公道,6,１低住専,50,150,2026年第1四半期,
宅地(土地と建物),成約価格情報,,13218,東京都,福生市,加美平,羽村,20,39000000,,130,,,,100,2025年,木造,,,北,公道,6,１低住専,50,150,2026年第1四半期,
宅地(土地と建物),成約価格情報,,13218,東京都,福生市,加美平,福生,15,37000000,,105,,,,100,2025年,木造,,,南東,公道,8,１低住専,50,150,2026年第1四半期,
宅地(土地と建物),成約価格情報,,13218,東京都,福生市,加美平,福生,15,33000000,,115,,,,85,2025年,木造,,,南東,公道,8,１低住専,50,150,2026年第1四半期,
宅地(土地と建物),成約価格情報,,13218,東京都,福生市,南田園,牛浜,15,24000000,,75,,,,70,2025年,木造,,,南西,公道,6,１低住専,60,150,2026年第1四半期,
宅地(土地と建物),不動産取引価格情報,住宅地,13218,東京都,福生市,加美平,福生,16,37000000,,100,,長方形,7.5,95,2025年,木造,住宅,住宅,南東,市道,8,１低住専,50,150,2026年第1四半期,
宅地(土地と建物),不動産取引価格情報,住宅地,13218,東京都,福生市,大字熊川,牛浜,6,120000000,,440,,ほぼ長方形,13.5,450,1986年,鉄骨造,共同住宅,その他,北東,市道,4,１低住専,40,80,2026年第1四半期,
宅地(土地),不動産取引価格情報,住宅地,13218,東京都,福生市,本町,福生,5,50000000,810000,210,240000,ほぼ長方形,10.1,,,,,住宅,南,市道,4,近隣商業,80,300,2026年第1四半期,
宅地(土地と建物),不動産取引価格情報,住宅地,13218,東京都,福生市,武蔵野台,東福生,3,36000000,,80,,ほぼ台形,4.2,85,2026年,木造,住宅,住宅,東,市道,16,１中住専,60,200,2026年第1四半期,
宅地(土地と建物),成約価格情報,,13219,東京都,狛江市,岩戸北,喜多見,5,84000000,,95,,,,100,2014年,木造,,,南東,公道,5,１種住居,60,200,2026年第1四半期,
宅地(土地と建物),成約価格情報,,13219,東京都,狛江市,岩戸南,狛江,25,45000000,,135,,,,110,1983年,木造,,,南東,公道,4.8,１低住専,40,80,2026年第1四半期,
宅地(土地と建物),成約価格情報,,13219,東京都,狛江市,岩戸南,狛江,15,56000000,,130,,,,105,2003年,木造,,,南,私道,2.9,１低住専,40,80,2026年第1四半期,
宅地(土地と建物),成約価格情報,,13219,東京都,狛江市,中和泉,狛江,20,55000000,,120,,,,95,2013年,木造,,,南,公道,5,１低住専,40,80,2026年第1四半期,
宅地(土地と建物),成約価格情報,,13219,東京都,狛江市,中和泉,狛江,20,44000000,,50,,,,90,2007年,木造,,,,,,近隣商業,80,200,2026年第1四半期,
宅地(土地と建物),成約価格情報,,13219,東京都,狛江市,中和泉,狛江,10,85000000,,125,,,,100,2025年,木造,,,,,,１低住専,40,80,2026年第1四半期,
宅地(土地と建物),成約価格情報,,13219,東京都,狛江市,中和泉,狛江,15,63000000,,105,,,,85,2007年,軽量鉄骨造,,,南東,公道,4.5,１低住専,50,80,2026年第1四半期,
宅地(土地と建物),成約価格情報,,13219,東京都,狛江市,中和泉,狛江,,49000000,,95,,,,80,2018年,木造,,,,,,１低住専,40,80,2026年第1四半期,
宅地(土地と建物),成約価格情報,,13219,東京都,狛江市,西野川,柴崎,15,72000000,,150,,,,110,2025年,木造,,,南東,私道,4,１低住専,40,80,2026年第1四半期,
宅地(土地と建物),成約価格情報,,13219,東京都,狛江市,東野川,喜多見,15,64000000,,105,,,,85,2021年,木造,,,北東,公道,4,１低住専,40,80,2026年第1四半期,
宅地(土地と建物),成約価格情報,,13219,東京都,狛江市,和泉本町,喜多見,20,60000000,,90,,,,90,2027年,木造,,,,,,近隣商業,60,200,2026年第1四半期,
宅地(土地と建物),成約価格情報,,13219,東京都,狛江市,猪方,狛江,10,70000000,,100,,,,80,2026年,木造,,,北,公道,4,１低住専,40,80,2026年第1四半期,
宅地(土地と建物),成約価格情報,,13219,東京都,狛江市,猪方,狛江,15,55000000,,105,,,,85,2018年,木造,,,南東,公道,4,１低住専,40,80,2026年第1四半期,
宅地(土地と建物),成約価格情報,,13219,東京都,狛江市,猪方,和泉多摩川,10,45000000,,105,,,,85,2014年,木造,,,南,公道,4.5,１低住専,40,80,2026年第1四半期,
宅地(土地と建物),成約価格情報,,13219,東京都,狛江市,駒井町,狛江,20,56000000,,105,,,,80,2025年,木造,,,,,,１低住専,40,80,2026年第1四半期,
宅地(土地と建物),成約価格情報,,13219,東京都,狛江市,駒井町,狛江,20,62000000,,105,,,,85,2025年,木造,,,,,,１低住専,40,80,2026年第1四半期,
宅地(土地と建物),成約価格情報,,13219,東京都,狛江市,駒井町,和泉多摩川,20,16000000,,50,,,,55,1997年,木造,,,,,,１低住専,40,80,2026年第1四半期,
宅地(土地),不動産取引価格情報,住宅地,13219,東京都,狛江市,猪方,和泉多摩川,5,110000000,810000,450,240000,袋地等,,,,,,,西,市道,4,１低住専,40,80,2026年第1四半期,
宅地(土地と建物),不動産取引価格情報,住宅地,13219,東京都,狛江市,岩戸南,狛江,19,25000000,,55,,ほぼ長方形,4.5,50,1991年,木造,共同住宅,住宅,北東,私道,3.5,１低住専,40,80,2026年第1四半期,私道を含む取引
宅地(土地と建物),不動産取引価格情報,住宅地,13219,東京都,狛江市,西野川,国領,18,150000000,,200,,ほぼ長方形,,250,2007年,,,住宅,南,市道,6.2,１中住専,60,200,2026年第1四半期,
宅地(土地と建物),不動産取引価格情報,住宅地,13219,東京都,狛江市,西野川,柴崎,15,54000000,,115,,不整形,11.4,90,2006年,木造,住宅,住宅,北,私道,4.5,１低住専,40,80,2026年第1四半期,
宅地(土地と建物),不動産取引価格情報,住宅地,13219,東京都,狛江市,東野川,狛江,21,66000000,,85,,長方形,7.3,100,2025年,木造,住宅,住宅,北,市道,4,近隣商業,80,200,2026年第1四半期,
宅地(土地と建物),成約価格情報,,13220,東京都,東大和市,清水,武蔵大和,10,33000000,,110,,,,90,2019年,木造,,,北,公道,4,１低住専,50,80,2026年第1四半期,
宅地(土地と建物),成約価格情報,,13220,東京都,東大和市,仲原,東大和市,25,29000000,,110,,,,90,2018年,木造,,,北,公道,6,１低住専,50,100,2026年第1四半期,
宅地(土地と建物),成約価格情報,,13220,東京都,東大和市,狭山,武蔵大和,10,38000000,,120,,,,100,2023年,木造,,,,公道,5,１低住専,40,80,2026年第1四半期,
宅地(土地と建物),成約価格情報,,13220,東京都,東大和市,新堀,東大和市,20,33000000,,120,,,,100,2018年,木造,,,,,,２中住専,60,200,2026年第1四半期,
宅地(土地と建物),成約価格情報,,13220,東京都,東大和市,蔵敷,上北台,15,48000000,,275,,,,170,1999年,軽量鉄骨造,,,北東,公道,3.8,１低住専,40,80,2026年第1四半期,
宅地(土地と建物),成約価格情報,,13220,東京都,東大和市,奈良橋,上北台,25,41000000,,135,,,,100,2025年,木造,,,,,,１低住専,40,80,2026年第1四半期,
宅地(土地と建物),成約価格情報,,13220,東京都,東大和市,奈良橋,上北台,20,30000000,,120,,,,90,2011年,木造,,,,,,１低住専,40,80,2026年第1四半期,
宅地(土地と建物),成約価格情報,,13220,東京都,東大和市,奈良橋,上北台,15,48000000,,185,,,,130,2006年,軽量鉄骨造,,,西,公道,4.5,１低住専,40,80,2026年第1四半期,
宅地(土地と建物),成約価格情報,,13220,東京都,東大和市,奈良橋,上北台,20,23000000,,115,,,,90,2008年,木造,,,,,,１低住専,40,80,2026年第1四半期,
宅地(土地と建物),成約価格情報,,13220,東京都,東大和市,奈良橋,上北台,20,40000000,,135,,,,100,2026年,木造,,,,,,１低住専,40,80,2026年第1四半期,
宅地(土地と建物),成約価格情報,,13220,東京都,東大和市,奈良橋,上北台,20,41000000,,125,,,,100,2026年,木造,,,,,,１低住専,40,80,2026年第1四半期,
宅地(土地と建物),成約価格情報,,13220,東京都,東大和市,奈良橋,上北台,20,42000000,,125,,,,100,2026年,木造,,,,,,１低住専,40,80,2026年第1四半期,
宅地(土地と建物),成約価格情報,,13220,東京都,東大和市,奈良橋,上北台,20,40000000,,125,,,,100,2026年,木造,,,,,,１低住専,40,80,2026年第1四半期,
宅地(土地と建物),成約価格情報,,13220,東京都,東大和市,向原,東大和市,15,41000000,,120,,,,95,2016年,木造,,,北,公道,6,１低住専,50,100,2026年第1四半期,
宅地(土地と建物),成約価格情報,,13220,東京都,東大和市,芋窪,上北台,20,34000000,,125,,,,100,2025年,木造,,,南,私道,,１低住専,40,80,2026年第1四半期,
宅地(土地と建物),成約価格情報,,13220,東京都,東大和市,芋窪,上北台,20,31000000,,120,,,,90,2025年,木造,,,北,私道,5,１低住専,40,80,2026年第1四半期,
宅地(土地と建物),成約価格情報,,13220,東京都,東大和市,芋窪,上北台,20,34000000,,120,,,,95,2025年,木造,,,北,私道,5,１低住専,40,80,2026年第1四半期,
宅地(土地と建物),成約価格情報,,13220,東京都,東大和市,芋窪,上北台,20,34000000,,120,,,,95,2025年,木造,,,北,私道,5,１低住専,40,80,2026年第1四半期,
宅地(土地と建物),成約価格情報,,13220,東京都,東大和市,芋窪,上北台,20,21000000,,115,,,,85,2007年,木造,,,東,公道,5,１低住専,40,80,2026年第1四半期,
宅地(土地と建物),成約価格情報,,13220,東京都,東大和市,芋窪,上北台,10,58000000,,125,,,,95,2023年,木造,,,南,公道,7.5,１低住専,40,80,2026年第1四半期,
宅地(土地と建物),成約価格情報,,13220,東京都,東大和市,立野,上北台,15,47000000,,110,,,,95,2025年,木造,,,東,公道,7.5,１中住専,60,200,2026年第1四半期,
宅地(土地と建物),成約価格情報,,13220,東京都,東大和市,立野,上北台,15,43000000,,130,,,,95,2025年,木造,,,東,公道,7.5,１中住専,60,200,2026年第1四半期,
宅地(土地と建物),成約価格情報,,13220,東京都,東大和市,立野,上北台,15,50000000,,120,,,,100,2026年,木造,,,,,,１中住専,60,200,2026年第1四半期,
宅地(土地と建物),成約価格情報,,13220,東京都,東大和市,中央,東大和市,,57000000,,165,,,,115,2026年,木造,,,西,公道,5,１低住専,50,80,2026年第1四半期,
宅地(土地と建物),成約価格情報,,13220,東京都,東大和市,中央,東大和市,,31000000,,100,,,,95,2014年,木造,,,東,公道,6,１低住専,50,100,2026年第1四半期,
宅地(土地と建物),不動産取引価格情報,住宅地,13220,東京都,東大和市,芋窪,上北台,16,100000000,,380,,ほぼ長方形,22,310,2007年,木造,共同住宅,その他,北西,都道,7.3,２中住専,60,200,2026年第1四半期,
宅地(土地と建物),不動産取引価格情報,住宅地,13220,東京都,東大和市,狭山,武蔵大和,7,38000000,,115,,長方形,10,90,2025年,木造,住宅,住宅,南東,私道,5,１低住専,40,80,2026年第1四半期,
宅地(土地と建物),不動産取引価格情報,住宅地,13220,東京都,東大和市,狭山,武蔵大和,11,38000000,,120,,ほぼ長方形,10.4,95,2023年,木造,住宅,住宅,東,私道,5,１低住専,40,80,2026年第1四半期,
宅地(土地と建物),不動産取引価格情報,商業地,13220,東京都,東大和市,清水,武蔵大和,15,52000000,,230,,ほぼ長方形,,420,1989年,ＳＲＣ,共同住宅、事務所、店舗,その他,西,市道,16,近隣商業,80,200,2026年第1四半期,調停・競売等
宅地(土地),不動産取引価格情報,住宅地,13220,東京都,東大和市,清水,武蔵大和,13,50000000,650000,250,200000,ほぼ台形,13,,,,,住宅,南,市道,4,１低住専,50,100,2026年第1四半期,
宅地(土地と建物),不動産取引価格情報,住宅地,13220,東京都,東大和市,高木,東大和市,25,6500000,,110,,長方形,8,120,1968年,軽量鉄骨造,住宅,住宅,南,市道,4,１低住専,50,100,2026年第1四半期,
宅地(土地と建物),不動産取引価格情報,住宅地,13220,東京都,東大和市,立野,桜街道,13,52000000,,110,,台形,9.1,90,,,,住宅,南,市道,7.5,１中住専,60,200,2026年第1四半期,
宅地(土地と建物),不動産取引価格情報,住宅地,13220,東京都,東大和市,奈良橋,上北台,13,48000000,,180,,ほぼ長方形,9,125,2006年,軽量鉄骨造,住宅,事務所,西,市道,4.5,１低住専,40,80,2026年第1四半期,
宅地(土地と建物),不動産取引価格情報,住宅地,13220,東京都,東大和市,奈良橋,武蔵大和,19,28000000,,120,,袋地等,2.6,95,2023年,木造,住宅,住宅,北東,私道,5,１低住専,40,80,2026年第1四半期,
宅地(土地),不動産取引価格情報,住宅地,13220,東京都,東大和市,南街,東大和市,8,36000000,670000,175,200000,袋地等,3,,,,,事務所,南西,市道,7.2,１低住専,50,100,2026年第1四半期,
宅地(土地と建物),不動産取引価格情報,住宅地,13220,東京都,東大和市,向原,東大和市,7,37000000,,135,,ほぼ長方形,8.2,110,1976年,木造,住宅,住宅,南西,市道,5,１中住専,60,150,2026年第1四半期,
宅地(土地と建物),不動産取引価格情報,住宅地,13220,東京都,東大和市,向原,東大和市,18,31000000,,65,,長方形,6.6,65,2024年,木造,住宅,住宅,西,市道,6,１低住専,50,100,2026年第1四半期,
宅地(土地と建物),成約価格情報,,13221,東京都,清瀬市,旭が丘,清瀬,,15000000,,100,,,,90,2001年,木造,,,西,公道,6,準工業,60,200,2026年第1四半期,
宅地(土地と建物),成約価格情報,,13221,東京都,清瀬市,元町,清瀬,10,63000000,,115,,,,105,2026年,木造,,,北東,私道,4,１中住専,60,200,2026年第1四半期,
宅地(土地と建物),成約価格情報,,13221,東京都,清瀬市,元町,清瀬,10,63000000,,120,,,,100,2026年,木造,,,,,,１低住専,50,100,2026年第1四半期,
宅地(土地と建物),成約価格情報,,13221,東京都,清瀬市,元町,清瀬,10,65000000,,125,,,,100,2026年,木造,,,,,,１低住専,50,100,2026年第1四半期,
宅地(土地と建物),成約価格情報,,13221,東京都,清瀬市,元町,清瀬,10,65000000,,125,,,,100,2026年,木造,,,,,,１低住専,50,100,2026年第1四半期,
宅地(土地と建物),成約価格情報,,13221,東京都,清瀬市,元町,清瀬,10,67000000,,125,,,,100,2026年,木造,,,,,,１低住専,50,100,2026年第1四半期,
宅地(土地と建物),成約価格情報,,13221,東京都,清瀬市,元町,清瀬,10,66000000,,125,,,,100,2026年,木造,,,,,,１低住専,50,100,2026年第1四半期,
宅地(土地と建物),成約価格情報,,13221,東京都,清瀬市,元町,清瀬,10,64000000,,125,,,,100,2026年,木造,,,,,,１低住専,50,100,2026年第1四半期,
宅地(土地と建物),成約価格情報,,13221,東京都,清瀬市,元町,清瀬,10,67000000,,125,,,,105,2026年,木造,,,,,,１低住専,50,100,2026年第1四半期,
宅地(土地と建物),成約価格情報,,13221,東京都,清瀬市,元町,清瀬,10,65000000,,125,,,,100,2026年,木造,,,,,,１低住専,50,100,2026年第1四半期,
宅地(土地と建物),成約価格情報,,13221,東京都,清瀬市,元町,清瀬,10,66000000,,125,,,,100,2026年,木造,,,,,,１低住専,50,100,2026年第1四半期,
宅地(土地と建物),成約価格情報,,13221,東京都,清瀬市,下宿,清瀬,,24000000,,110,,,,85,2000年,木造,,,西,公道,5,１低住専,50,100,2026年第1四半期,
宅地(土地と建物),成約価格情報,,13221,東京都,清瀬市,下宿,新座,20,43000000,,140,,,,105,2026年,木造,,,南西,公道,4,１低住専,50,100,2026年第1四半期,
宅地(土地と建物),成約価格情報,,13221,東京都,清瀬市,下宿,新座,20,43000000,,135,,,,105,2026年,木造,,,南西,公道,4,１低住専,50,100,2026年第1四半期,
宅地(土地と建物),成約価格情報,,13221,東京都,清瀬市,下宿,清瀬,,29000000,,120,,,,100,2013年,木造,,,南西,公道,3.9,１低住専,50,100,2026年第1四半期,
宅地(土地と建物),成約価格情報,,13221,東京都,清瀬市,竹丘,清瀬,15,51000000,,115,,,,90,,木造,,,北,公道,8,１低住専,50,100,2026年第1四半期,
宅地(土地と建物),成約価格情報,,13221,東京都,清瀬市,中里,清瀬,25,44000000,,125,,,,105,2021年,木造,,,,私道,,１低住専,50,100,2026年第1四半期,
宅地(土地と建物),成約価格情報,,13221,東京都,清瀬市,野塩,秋津,5,56000000,,125,,,,95,2025年,木造,,,東,公道,5,１低住専,50,100,2026年第1四半期,
宅地(土地と建物),成約価格情報,,13221,東京都,清瀬市,野塩,清瀬,20,39000000,,120,,,,100,2013年,木造,,,,,,１低住専,50,100,2026年第1四半期,
宅地(土地と建物),成約価格情報,,13221,東京都,清瀬市,野塩,秋津,10,48000000,,125,,,,95,2004年,木造,,,北西,公道,5,近隣商業,80,300,2026年第1四半期,
宅地(土地と建物),成約価格情報,,13221,東京都,清瀬市,野塩,秋津,5,56000000,,125,,,,95,2026年,木造,,,東,公道,5,１低住専,50,100,2026年第1四半期,
宅地(土地と建物),成約価格情報,,13221,東京都,清瀬市,松山,清瀬,5,38000000,,70,,,,70,2025年,木造,,,南,私道,4,近隣商業,80,240,2026年第1四半期,
宅地(土地と建物),成約価格情報,,13221,東京都,清瀬市,中清戸,清瀬,25,8800000,,40,,,,55,1988年,木造,,,南西,公道,4,１中住専,60,200,2026年第1四半期,
宅地(土地と建物),成約価格情報,,13221,東京都,清瀬市,上清戸,清瀬,20,31000000,,105,,,,90,1997年,木造,,,北,私道,4,１低住専,50,100,2026年第1四半期,
宅地(土地と建物),成約価格情報,,13221,東京都,清瀬市,上清戸,清瀬,10,32000000,,85,,,,80,1997年,木造,,,西,公道,5.1,１低住専,50,100,2026年第1四半期,
宅地(土地と建物),不動産取引価格情報,住宅地,13221,東京都,清瀬市,上清戸,清瀬,18,31000000,,105,,台形,10,90,1997年,木造,住宅,住宅,北西,私道,4,１低住専,50,100,2026年第1四半期,
宅地(土地と建物),不動産取引価格情報,住宅地,13221,東京都,清瀬市,下宿,清瀬,30分～60分,24000000,,105,,ほぼ正方形,10.3,85,2000年,木造,住宅,住宅,南西,市道,5,１低住専,50,100,2026年第1四半期,
宅地(土地と建物),不動産取引価格情報,住宅地,13221,東京都,清瀬市,下清戸,清瀬,30分～60分,56000000,,135,,ほぼ台形,6.6,105,2025年,木造,住宅,住宅,東,道路,6,１低住専,50,100,2026年第1四半期,
宅地(土地と建物),不動産取引価格情報,住宅地,13221,東京都,清瀬市,竹丘,秋津,26,47000000,,120,,ほぼ長方形,13,100,2025年,木造,住宅,住宅,西,市道,5.5,１低住専,50,100,2026年第1四半期,
宅地(土地),不動産取引価格情報,住宅地,13221,東京都,清瀬市,中里,清瀬,15,42000000,1100000,130,320000,ほぼ整形,11.4,,,,,住宅,西,市道,6,１低住専,50,100,2026年第1四半期,
宅地(土地),不動産取引価格情報,商業地,13221,東京都,清瀬市,松山,清瀬,5,12000000,1100000,35,330000,不整形,12,,,,,その他,北西,都道,8.8,近隣商業,80,300,2026年第1四半期,
宅地(土地と建物),成約価格情報,,13222,東京都,東久留米市,小山,東久留米,15,52000000,,270,,,,115,2008年,木造,,,西,公道,5,１低住専,40,80,2026年第1四半期,
宅地(土地と建物),成約価格情報,,13222,東京都,東久留米市,下里,東久留米,30分～60分,38000000,,115,,,,95,2026年,木造,,,東,公道,5,１低住専,40,80,2026年第1四半期,
宅地(土地と建物),成約価格情報,,13222,東京都,東久留米市,下里,東久留米,30分～60分,40000000,,115,,,,95,2026年,木造,,,東,公道,5,１低住専,40,80,2026年第1四半期,
宅地(土地と建物),成約価格情報,,13222,東京都,東久留米市,下里,東久留米,30分～60分,38000000,,115,,,,95,2026年,木造,,,東,公道,5,１低住専,40,80,2026年第1四半期,
宅地(土地と建物),成約価格情報,,13222,東京都,東久留米市,下里,東久留米,30分～60分,34000000,,120,,,,95,2026年,木造,,,東,公道,5,１低住専,40,80,2026年第1四半期,
宅地(土地と建物),成約価格情報,,13222,東京都,東久留米市,下里,東久留米,,42000000,,110,,,,90,2026年,木造,,,,,,１低住専,40,80,2026年第1四半期,
宅地(土地と建物),成約価格情報,,13222,東京都,東久留米市,下里,東久留米,,40000000,,110,,,,90,2026年,木造,,,,,,１低住専,40,80,2026年第1四半期,
宅地(土地と建物),成約価格情報,,13222,東京都,東久留米市,下里,東久留米,,22000000,,110,,,,95,1997年,木造,,,南東,私道,10,１低住専,40,80,2026年第1四半期,
宅地(土地と建物),成約価格情報,,13222,東京都,東久留米市,神宝町,東久留米,20,41000000,,95,,,,80,2025年,木造,,,東,公道,4,１低住専,40,80,2026年第1四半期,
宅地(土地と建物),成約価格情報,,13222,東京都,東久留米市,神宝町,東久留米,20,54000000,,120,,,,90,2027年,木造,,,西,公道,16,２中住専,60,200,2026年第1四半期,
宅地(土地と建物),成約価格情報,,13222,東京都,東久留米市,浅間町,ひばりケ丘(東京),5,42000000,,100,,,,110,1993年,木造,,,北西,公道,5.3,１低住専,40,80,2026年第1四半期,
宅地(土地と建物),成約価格情報,,13222,東京都,東久留米市,浅間町,ひばりケ丘(東京),10,69000000,,120,,,,90,2026年,木造,,,北西,公道,3.6,１低住専,40,80,2026年第1四半期,
宅地(土地と建物),成約価格情報,,13222,東京都,東久留米市,浅間町,ひばりケ丘(東京),10,67000000,,115,,,,90,2026年,木造,,,北西,公道,3.6,１低住専,40,80,2026年第1四半期,
宅地(土地と建物),成約価格情報,,13222,東京都,東久留米市,浅間町,ひばりケ丘(東京),15,48000000,,100,,,,80,2026年,木造,,,,,,１低住専,40,80,2026年第1四半期,
宅地(土地と建物),成約価格情報,,13222,東京都,東久留米市,浅間町,ひばりケ丘(東京),15,47000000,,100,,,,80,2026年,木造,,,,,,１低住専,40,80,2026年第1四半期,
宅地(土地と建物),成約価格情報,,13222,東京都,東久留米市,中央町,東久留米,15,37000000,,110,,,,90,2002年,木造,,,北,私道,5,１低住専,40,80,2026年第1四半期,
宅地(土地と建物),成約価格情報,,13222,東京都,東久留米市,中央町,東久留米,15,56000000,,100,,,,80,2027年,木造,,,,,,１低住専,40,80,2026年第1四半期,
宅地(土地と建物),成約価格情報,,13222,東京都,東久留米市,中央町,東久留米,15,53000000,,105,,,,80,2027年,木造,,,,,,１低住専,40,80,2026年第1四半期,
宅地(土地と建物),成約価格情報,,13222,東京都,東久留米市,中央町,東久留米,25,34000000,,95,,,,75,2026年,木造,,,北東,公道,6,１低住専,40,80,2026年第1四半期,
宅地(土地と建物),成約価格情報,,13222,東京都,東久留米市,中央町,東久留米,20,51000000,,130,,,,100,2026年,木造,,,,,,１低住専,40,80,2026年第1四半期,
宅地(土地と建物),成約価格情報,,13222,東京都,東久留米市,中央町,東久留米,25,17000000,,70,,,,105,1991年,木造,,,南東,公道,4,１低住専,40,80,2026年第1四半期,
宅地(土地と建物),成約価格情報,,13222,東京都,東久留米市,中央町,東久留米,25,47000000,,115,,,,95,2025年,木造,,,南東,,6,１低住専,40,80,2026年第1四半期,
宅地(土地と建物),成約価格情報,,13222,東京都,東久留米市,南町,ひばりケ丘(東京),,23000000,,100,,,,100,1993年,木造,,,北,私道,4.5,１低住専,40,80,2026年第1四半期,
宅地(土地と建物),成約価格情報,,13222,東京都,東久留米市,南町,ひばりケ丘(東京),,31000000,,110,,,,90,2005年,木造,,,,公道,5,１低住専,40,80,2026年第1四半期,
宅地(土地と建物),成約価格情報,,13222,東京都,東久留米市,幸町,東久留米,20,28000000,,95,,,,85,2001年,木造,,,西,公道,5.4,１種住居,60,200,2026年第1四半期,
宅地(土地と建物),成約価格情報,,13222,東京都,東久留米市,幸町,東久留米,20,12000000,,65,,,,60,1976年,木造,,,南,私道,6,１低住専,40,80,2026年第1四半期,
宅地(土地と建物),成約価格情報,,13222,東京都,東久留米市,滝山,花小金井,,46000000,,115,,,,110,2025年,木造,,,北東,公道,5,１低住専,60,150,2026年第1四半期,
宅地(土地と建物),成約価格情報,,13222,東京都,東久留米市,滝山,花小金井,,33000000,,100,,,,105,2016年,木造,,,西,公道,6,２種住居,60,200,2026年第1四半期,
宅地(土地と建物),成約価格情報,,13222,東京都,東久留米市,野火止,清瀬,15,62000000,,230,,,,110,2010年,木造,,,北西,公道,4,１低住専,50,80,2026年第1四半期,
宅地(土地と建物),成約価格情報,,13222,東京都,東久留米市,南沢,ひばりケ丘(東京),25,38000000,,125,,,,100,2017年,木造,,,南,公道,5,１低住専,50,80,2026年第1四半期,
宅地(土地と建物),成約価格情報,,13222,東京都,東久留米市,南沢,ひばりケ丘(東京),25,78000000,,290,,,,90,1967年,木造,,,,,,１低住専,40,80,2026年第1四半期,
宅地(土地と建物),成約価格情報,,13222,東京都,東久留米市,南沢,ひばりケ丘(東京),,47000000,,110,,,,90,2025年,木造,,,,,,１低住専,40,80,2026年第1四半期,
宅地(土地と建物),成約価格情報,,13222,東京都,東久留米市,南沢,ひばりケ丘(東京),,42000000,,115,,,,90,2018年,木造,,,,,,１低住専,40,80,2026年第1四半期,
宅地(土地と建物),成約価格情報,,13222,東京都,東久留米市,新川町,東久留米,15,50000000,,110,,,,85,2011年,木造,,,東,公道,5,１低住専,40,80,2026年第1四半期,
宅地(土地と建物),成約価格情報,,13222,東京都,東久留米市,新川町,東久留米,5,75000000,,125,,,,100,2026年,木造,,,南,公道,5,１低住専,40,80,2026年第1四半期,
宅地(土地と建物),成約価格情報,,13222,東京都,東久留米市,八幡町,東久留米,,35000000,,130,,,,100,2025年,木造,,,,,,２中住専,60,200,2026年第1四半期,
宅地(土地と建物),成約価格情報,,13222,東京都,東久留米市,氷川台,東久留米,15,54000000,,105,,,,85,2025年,木造,,,北,公道,4,１低住専,40,80,2026年第1四半期,
宅地(土地と建物),成約価格情報,,13222,東京都,東久留米市,氷川台,東久留米,10,56000000,,110,,,,90,2019年,木造,,,南,公道,5,１低住専,40,80,2026年第1四半期,
宅地(土地と建物),成約価格情報,,13222,東京都,東久留米市,本町,東久留米,10,63000000,,120,,,,90,2026年,木造,,,北,公道,4,１低住専,40,80,2026年第1四半期,
宅地(土地と建物),成約価格情報,,13222,東京都,東久留米市,本町,東久留米,10,72000000,,140,,,,110,2026年,木造,,,北東,公道,4,１低住専,40,80,2026年第1四半期,
宅地(土地と建物),成約価格情報,,13222,東京都,東久留米市,本町,東久留米,10,82000000,,170,,,,125,2026年,木造,,,東,公道,4,１低住専,40,80,2026年第1四半期,
宅地(土地と建物),成約価格情報,,13222,東京都,東久留米市,前沢,花小金井,25,48000000,,135,,,,100,2025年,木造,,,,,,１低住専,40,80,2026年第1四半期,
宅地(土地と建物),成約価格情報,,13222,東京都,東久留米市,前沢,花小金井,25,24000000,,110,,,,90,2004年,木造,,,西,,6,１低住専,40,80,2026年第1四半期,
宅地(土地と建物),成約価格情報,,13222,東京都,東久留米市,弥生,花小金井,,37000000,,95,,,,75,2026年,木造,,,北,私道,4.5,１低住専,40,80,2026年第1四半期,
宅地(土地と建物),不動産取引価格情報,住宅地,13222,東京都,東久留米市,幸町,東久留米,16,78000000,,350,,不整形,,200,2025年,木造,住宅,住宅,南,道路,4,１低住専,40,80,2026年第1四半期,関係者間取引
宅地(土地),不動産取引価格情報,住宅地,13222,東京都,東久留米市,滝山,花小金井,30分～60分,29000000,790000,120,240000,長方形,6.8,,,,,住宅,北西,市道,6,１低住専,60,200,2026年第1四半期,
宅地(土地と建物),不動産取引価格情報,住宅地,13222,東京都,東久留米市,中央町,東久留米,28,43000000,,115,,不整形,3.1,90,2025年,木造,住宅,住宅,北西,市道,4.5,１低住専,40,80,2026年第1四半期,私道を含む取引
宅地(土地と建物),不動産取引価格情報,住宅地,13222,東京都,東久留米市,八幡町,東久留米,30分～60分,27000000,,115,,長方形,8.1,90,1996年,木造,住宅,住宅,北西,市道,5,２中住専,60,200,2026年第1四半期,
宅地(土地と建物),不動産取引価格情報,住宅地,13222,東京都,東久留米市,氷川台,東久留米,14,53000000,,110,,長方形,7.2,90,2026年,木造,住宅,住宅,北,市道,6,１低住専,40,80,2026年第1四半期,
宅地(土地と建物),不動産取引価格情報,住宅地,13222,東京都,東久留米市,氷川台,東久留米,16,54000000,,115,,ほぼ長方形,10.9,90,2026年,木造,住宅,住宅,北,道路,6,１低住専,40,80,2026年第1四半期,
宅地(土地と建物),不動産取引価格情報,住宅地,13222,東京都,東久留米市,氷川台,東久留米,16,59000000,,120,,ほぼ長方形,7.9,95,2026年,木造,住宅,住宅,南,道路,6,１低住専,40,80,2026年第1四半期,
宅地(土地と建物),不動産取引価格情報,住宅地,13222,東京都,東久留米市,氷川台,東久留米,11,60000000,,115,,ほぼ長方形,9.7,90,2026年,木造,住宅,住宅,西,道路,5,１低住専,40,80,2026年第1四半期,
宅地(土地と建物),不動産取引価格情報,住宅地,13222,東京都,東久留米市,前沢,花小金井,30分～60分,49000000,,120,,長方形,9.7,95,2025年,木造,住宅,住宅,西,市道,6,１低住専,40,80,2026年第1四半期,
宅地(土地と建物),不動産取引価格情報,住宅地,13222,東京都,東久留米市,前沢,花小金井,30分～60分,49000000,,120,,ほぼ正方形,11.3,95,2025年,木造,住宅,住宅,南,市道,5,１低住専,40,80,2026年第1四半期,
宅地(土地と建物),不動産取引価格情報,住宅地,13222,東京都,東久留米市,南沢,東久留米,25,60000000,,115,,袋地等,2.7,95,2025年,木造,住宅,住宅,西,私道,5,１低住専,40,80,2026年第1四半期,
宅地(土地),不動産取引価格情報,住宅地,13222,東京都,東久留米市,南沢,ひばりケ丘(東京),16,35000000,960000,120,290000,長方形,9,,,,,住宅,南,私道,5,１低住専,40,80,2026年第1四半期,
宅地(土地と建物),不動産取引価格情報,住宅地,13222,東京都,東久留米市,南町,花小金井,29,31000000,,100,,長方形,8.1,100,2013年,木造,住宅,住宅,東,私道,5,準工業,60,200,2026年第1四半期,
宅地(土地と建物),成約価格情報,,13223,東京都,武蔵村山市,大南,武蔵砂川,20,43000000,,105,,,,90,2018年,軽量鉄骨造,,,東,私道,4,１中住専,60,160,2026年第1四半期,
宅地(土地と建物),成約価格情報,,13223,東京都,武蔵村山市,大南,桜街道,,31000000,,105,,,,85,2014年,木造,,,南,公道,6,１低住専,40,80,2026年第1四半期,
宅地(土地と建物),成約価格情報,,13223,東京都,武蔵村山市,大南,玉川上水,15,43000000,,130,,,,95,,木造,,,東,公道,5,１低住専,40,80,2026年第1四半期,
宅地(土地と建物),成約価格情報,,13223,東京都,武蔵村山市,大南,玉川上水,15,39000000,,130,,,,95,,木造,,,南,公道,5,１低住専,40,80,2026年第1四半期,
宅地(土地と建物),成約価格情報,,13223,東京都,武蔵村山市,大南,玉川上水,15,39000000,,135,,,,100,,木造,,,南,公道,5,１低住専,40,80,2026年第1四半期,
宅地(土地と建物),成約価格情報,,13223,東京都,武蔵村山市,大南,武蔵砂川,20,20000000,,120,,,,90,2000年,軽量鉄骨造,,,西,私道,4.5,１低住専,40,80,2026年第1四半期,
宅地(土地と建物),成約価格情報,,13223,東京都,武蔵村山市,大南,玉川上水,20,49000000,,150,,,,135,2017年,木造,,,東,公道,6,１中住専,60,200,2026年第1四半期,
宅地(土地と建物),成約価格情報,,13223,東京都,武蔵村山市,大南,玉川上水,10,43000000,,115,,,,90,2026年,木造,,,,,,１低住専,40,80,2026年第1四半期,
宅地(土地と建物),成約価格情報,,13223,東京都,武蔵村山市,神明,上北台,15,33000000,,125,,,,95,2025年,木造,,,,,,１低住専,40,80,2026年第1四半期,
宅地(土地と建物),成約価格情報,,13223,東京都,武蔵村山市,神明,上北台,25,38000000,,125,,,,95,2026年,木造,,,,,,１低住専,40,80,2026年第1四半期,
宅地(土地と建物),成約価格情報,,13223,東京都,武蔵村山市,神明,上北台,25,27000000,,135,,,,100,2016年,木造,,,,,,１低住専,40,80,2026年第1四半期,
宅地(土地と建物),成約価格情報,,13223,東京都,武蔵村山市,神明,上北台,20,30000000,,125,,,,100,,木造,,,北東,公道,4.5,１低住専,40,80,2026年第1四半期,
宅地(土地と建物),成約価格情報,,13223,東京都,武蔵村山市,神明,上北台,20,33000000,,135,,,,100,2019年,木造,,,,,,１低住専,40,80,2026年第1四半期,
宅地(土地と建物),成約価格情報,,13223,東京都,武蔵村山市,神明,上北台,25,30000000,,145,,,,95,2026年,木造,,,北,公道,3.8,１低住専,40,80,2026年第1四半期,
宅地(土地と建物),成約価格情報,,13223,東京都,武蔵村山市,神明,上北台,25,30000000,,145,,,,95,2026年,木造,,,北,公道,3.8,１低住専,40,80,2026年第1四半期,
宅地(土地と建物),成約価格情報,,13223,東京都,武蔵村山市,学園,上北台,25,29000000,,100,,,,80,2015年,木造,,,東,私道,4.5,１低住専,50,80,2026年第1四半期,
宅地(土地と建物),成約価格情報,,13223,東京都,武蔵村山市,学園,武蔵砂川,25,22000000,,130,,,,135,2004年,木造,,,,,,１低住専,60,200,2026年第1四半期,
宅地(土地と建物),成約価格情報,,13223,東京都,武蔵村山市,学園,玉川上水,,20000000,,110,,,,85,1997年,木造,,,西,公道,3.3,１低住専,40,80,2026年第1四半期,
宅地(土地と建物),成約価格情報,,13223,東京都,武蔵村山市,学園,上北台,30分～60分,15000000,,115,,,,90,1998年,木造,,,南西,公道,5,１低住専,40,80,2026年第1四半期,
宅地(土地と建物),成約価格情報,,13223,東京都,武蔵村山市,残堀,西武立川,,28000000,,135,,,,105,2019年,木造,,,北,公道,4.5,１低住専,40,80,2026年第1四半期,
宅地(土地と建物),成約価格情報,,13223,東京都,武蔵村山市,残堀,西武立川,,29000000,,130,,,,100,2020年,木造,,,南,公道,5,１低住専,40,80,2026年第1四半期,
宅地(土地と建物),成約価格情報,,13223,東京都,武蔵村山市,残堀,西武立川,,30000000,,130,,,,100,2026年,木造,,,南西,公道,5,１低住専,40,80,2026年第1四半期,
宅地(土地と建物),成約価格情報,,13223,東京都,武蔵村山市,残堀,西武立川,,30000000,,130,,,,100,2026年,木造,,,南西,公道,5,１低住専,40,80,2026年第1四半期,
宅地(土地と建物),成約価格情報,,13223,東京都,武蔵村山市,残堀,昭島,,15000000,,110,,,,85,1999年,木造,,,南西,公道,6,１低住専,40,80,2026年第1四半期,
宅地(土地と建物),成約価格情報,,13223,東京都,武蔵村山市,残堀,西武立川,,31000000,,130,,,,100,2026年,木造,,,北西,公道,6.1,１低住専,50,80,2026年第1四半期,
宅地(土地と建物),成約価格情報,,13223,東京都,武蔵村山市,残堀,西武立川,,38000000,,130,,,,100,2026年,木造,,,,,,１低住専,40,80,2026年第1四半期,
宅地(土地と建物),成約価格情報,,13223,東京都,武蔵村山市,中央,上北台,,39000000,,150,,,,105,2024年,木造,,,北,公道,,１低住専,40,80,2026年第1四半期,
宅地(土地と建物),成約価格情報,,13223,東京都,武蔵村山市,中央,上北台,,39000000,,160,,,,105,2024年,木造,,,北,公道,,１低住専,40,80,2026年第1四半期,
宅地(土地と建物),成約価格情報,,13223,東京都,武蔵村山市,中藤,上北台,30分～60分,29000000,,165,,,,125,2014年,木造,,,西,公道,4,１低住専,40,80,2026年第1四半期,
宅地(土地と建物),成約価格情報,,13223,東京都,武蔵村山市,中藤,東大和市,,31000000,,145,,,,105,2026年,木造,,,南,公道,5.4,１低住専,40,80,2026年第1四半期,
宅地(土地と建物),成約価格情報,,13223,東京都,武蔵村山市,中原,昭島,,30000000,,135,,,,95,2026年,木造,,,北西,私道,5,１低住専,40,80,2026年第1四半期,
宅地(土地と建物),成約価格情報,,13223,東京都,武蔵村山市,中原,昭島,,28000000,,130,,,,95,2026年,木造,,,北東,私道,5,１低住専,40,80,2026年第1四半期,
宅地(土地と建物),成約価格情報,,13223,東京都,武蔵村山市,中原,昭島,,30000000,,130,,,,95,2026年,木造,,,南西,私道,5,１低住専,40,80,2026年第1四半期,
宅地(土地と建物),成約価格情報,,13223,東京都,武蔵村山市,伊奈平,西武立川,,40000000,,130,,,,110,2025年,木造,,,南,,5,１中住専,60,200,2026年第1四半期,
宅地(土地と建物),成約価格情報,,13223,東京都,武蔵村山市,岸,箱根ケ崎,30分～60分,27000000,,120,,,,95,2022年,木造,,,北東,公道,5,１低住専,40,80,2026年第1四半期,
宅地(土地と建物),成約価格情報,,13223,東京都,武蔵村山市,本町,立川,,19000000,,100,,,,95,2001年,木造,,,北東,公道,7.5,１中住専,60,200,2026年第1四半期,
宅地(土地と建物),成約価格情報,,13223,東京都,武蔵村山市,本町,上北台,,36000000,,125,,,,100,2026年,木造,,,,,,近隣商業,80,200,2026年第1四半期,
宅地(土地と建物),成約価格情報,,13223,東京都,武蔵村山市,本町,上北台,,34000000,,125,,,,100,2026年,木造,,,,,,近隣商業,80,200,2026年第1四半期,
宅地(土地と建物),成約価格情報,,13223,東京都,武蔵村山市,本町,立川,,31000000,,135,,,,95,2026年,木造,,,北,公道,4.8,１低住専,40,80,2026年第1四半期,
宅地(土地と建物),成約価格情報,,13223,東京都,武蔵村山市,本町,立川,,28000000,,145,,,,95,,木造,,,西,公道,4.2,１低住専,40,80,2026年第1四半期,
宅地(土地と建物),成約価格情報,,13223,東京都,武蔵村山市,本町,立川,,30000000,,130,,,,100,2025年,木造,,,西,公道,4.2,１低住専,40,80,2026年第1四半期,
宅地(土地と建物),成約価格情報,,13223,東京都,武蔵村山市,三ツ木,箱根ケ崎,,16000000,,115,,,,90,2003年,木造,,,北東,公道,12.3,１種住居,60,200,2026年第1四半期,
宅地(土地),不動産取引価格情報,住宅地,13223,東京都,武蔵村山市,伊奈平,西武立川,30分～60分,9500000,260000,120,79000,長方形,9.1,,,,,住宅,南西,私道,5,１低住専,40,80,2026年第1四半期,
宅地(土地と建物),不動産取引価格情報,住宅地,13223,東京都,武蔵村山市,伊奈平,西武立川,29,6000000,,85,,長方形,7.1,65,1979年,木造,住宅,住宅,南,市道,7.5,１低住専,40,80,2026年第1四半期,
宅地(土地と建物),不動産取引価格情報,住宅地,13223,東京都,武蔵村山市,伊奈平,西武立川,21,13000000,,100,,ほぼ長方形,7,85,2003年,木造,住宅,住宅,南,市道,5.5,１中住専,60,200,2026年第1四半期,
宅地(土地と建物),不動産取引価格情報,住宅地,13223,東京都,武蔵村山市,大南,武蔵砂川,24,42000000,,115,,長方形,8.6,90,2025年,木造,住宅,住宅,南,市道,6,１低住専,40,80,2026年第1四半期,
宅地(土地と建物),不動産取引価格情報,住宅地,13223,東京都,武蔵村山市,大南,武蔵砂川,19,44000000,,130,,ほぼ長方形,6.9,105,2025年,木造,住宅,住宅,北,市道,6,１低住専,40,80,2026年第1四半期,
宅地(土地と建物),不動産取引価格情報,住宅地,13223,東京都,武蔵村山市,大南,武蔵砂川,23,41000000,,125,,長方形,12.8,,2025年,木造,住宅,住宅,北,市道,6,１低住専,40,80,2026年第1四半期,
宅地(土地),不動産取引価格情報,商業地,13223,東京都,武蔵村山市,残堀,西武立川,30分～60分,110000000,470000,790,140000,ほぼ長方形,25,,,,,その他,南西,市道,12,２中住専,60,200,2026年第1四半期,
宅地(土地と建物),不動産取引価格情報,住宅地,13223,東京都,武蔵村山市,神明,上北台,15,50000000,,310,,ほぼ長方形,23.9,220,1996年,ＲＣ,住宅,事務所,南東,市道,5.5,１低住専,40,80,2026年第1四半期,
宅地(土地と建物),不動産取引価格情報,住宅地,13223,東京都,武蔵村山市,神明,上北台,16,35000000,,120,,ほぼ整形,20,95,2026年,木造,住宅,住宅,東,道路,5,１低住専,40,80,2026年第1四半期,
宅地(土地と建物),不動産取引価格情報,住宅地,13223,東京都,武蔵村山市,神明,上北台,16,29000000,,130,,ほぼ台形,5.9,95,2026年,木造,住宅,住宅,南,道路,4.5,１低住専,40,80,2026年第1四半期,
宅地(土地),不動産取引価格情報,住宅地,13223,東京都,武蔵村山市,中央,上北台,30分～60分,19000000,360000,170,110000,ほぼ台形,13,,,,,住宅,北東,市道,5,１低住専,40,80,2026年第1四半期,
宅地(土地と建物),不動産取引価格情報,住宅地,13223,東京都,武蔵村山市,中藤,武蔵砂川,30分～60分,23000000,,105,,ほぼ整形,8.3,90,1997年,木造,住宅,住宅,北西,市道,4.8,１低住専,40,80,2026年第1四半期,
宅地(土地),不動産取引価格情報,商業地,13223,東京都,武蔵村山市,中原,西武立川,30分～60分,270000000,550000,1600,170000,ほぼ整形,36,,,,,その他,北東,都道,30,準住居,60,200,2026年第1四半期,
宅地(土地),不動産取引価格情報,商業地,13223,東京都,武蔵村山市,三ツ木,西武立川,30分～60分,31000000,560000,180,170000,ほぼ正方形,14,,,,,,南西,都道,30,準住居,60,200,2026年第1四半期,
宅地(土地と建物),成約価格情報,,13224,東京都,多摩市,乞田,京王永山,15,49000000,,110,,,,95,2018年,木造,,,南東,公道,6,２中住専,60,200,2026年第1四半期,
宅地(土地と建物),成約価格情報,,13224,東京都,多摩市,南野,小田急多摩センター,,31000000,,105,,,,100,2006年,木造,,,,,,２中住専,60,200,2026年第1四半期,
宅地(土地と建物),成約価格情報,,13224,東京都,多摩市,貝取,京王永山,20,39000000,,170,,,,100,1994年,木造,,,南,公道,5,１低住専,40,80,2026年第1四半期,
宅地(土地と建物),成約価格情報,,13224,東京都,多摩市,関戸,聖蹟桜ケ丘,,41000000,,185,,,,110,2001年,木造,,,南,公道,6,１低住専,40,80,2026年第1四半期,
宅地(土地と建物),成約価格情報,,13224,東京都,多摩市,桜ケ丘,聖蹟桜ケ丘,,61000000,,175,,,,100,2026年,木造,,,北,公道,8.4,１低住専,40,80,2026年第1四半期,
宅地(土地と建物),成約価格情報,,13224,東京都,多摩市,桜ケ丘,京王永山,15,60000000,,250,,,,160,2004年,軽量鉄骨造,,,北西,公道,8.1,１低住専,40,80,2026年第1四半期,
宅地(土地と建物),成約価格情報,,13224,東京都,多摩市,諏訪,京王永山,10,50000000,,135,,,,100,2004年,木造,,,東,公道,5,１低住専,40,80,2026年第1四半期,
宅地(土地と建物),成約価格情報,,13224,東京都,多摩市,鶴牧,京王多摩センター,10,95000000,,185,,,,120,2010年,木造,,,南,公道,6.1,２中住専,60,200,2026年第1四半期,
宅地(土地と建物),成約価格情報,,13224,東京都,多摩市,永山,京王永山,,51000000,,235,,,,170,1980年,ＲＣ,,,南東,公道,6,１低住専,40,80,2026年第1四半期,
宅地(土地と建物),成約価格情報,,13224,東京都,多摩市,永山,小田急永山,,28000000,,85,,,,95,2008年,木造,,,北,公道,12,２中住専,60,200,2026年第1四半期,
宅地(土地と建物),成約価格情報,,13224,東京都,多摩市,聖ケ丘,京王永山,,9300000,,105,,,,55,1967年,木造,,,,私道,4,１低住専,40,80,2026年第1四半期,
宅地(土地と建物),成約価格情報,,13224,東京都,多摩市,連光寺,聖蹟桜ケ丘,20,37000000,,95,,,,75,,木造,,,南,公道,4,１低住専,40,80,2026年第1四半期,
宅地(土地と建物),成約価格情報,,13224,東京都,多摩市,連光寺,聖蹟桜ケ丘,20,36000000,,125,,,,100,2010年,木造,,,北,私道,4.5,１低住専,40,80,2026年第1四半期,
宅地(土地と建物),成約価格情報,,13224,東京都,多摩市,連光寺,聖蹟桜ケ丘,20,38000000,,120,,,,105,2018年,木造,,,,,,２中住専,60,200,2026年第1四半期,
宅地(土地と建物),不動産取引価格情報,住宅地,13224,東京都,多摩市,貝取,京王永山,8,59000000,,90,,ほぼ長方形,7,180,1988年,鉄骨造,共同住宅,住宅,南東,市道,6,１種住居,60,200,2026年第1四半期,
宅地(土地と建物),不動産取引価格情報,住宅地,13224,東京都,多摩市,桜ケ丘,聖蹟桜ケ丘,20,59000000,,180,,台形,9.9,105,2025年,木造,住宅,住宅,南西,市道,5,１低住専,40,80,2026年第1四半期,
宅地(土地と建物),不動産取引価格情報,住宅地,13224,東京都,多摩市,諏訪,小田急永山,13,70000000,,280,,ほぼ台形,13,340,1971年,鉄骨造,住宅、店舗,住宅,北,市道,10,２中住専,60,200,2026年第1四半期,
宅地(土地と建物),不動産取引価格情報,住宅地,13224,東京都,多摩市,永山,京王永山,11,45000000,,145,,ほぼ長方形,10,145,1992年,軽量鉄骨造,共同住宅,住宅,西,市道,6,２中住専,60,200,2026年第1四半期,
宅地(土地と建物),不動産取引価格情報,住宅地,13224,東京都,多摩市,聖ケ丘,京王永山,21,68000000,,190,,長方形,11,115,2020年,軽量鉄骨造,住宅,住宅,南西,市道,6,１低住専,40,80,2026年第1四半期,
宅地(土地と建物),不動産取引価格情報,住宅地,13224,東京都,多摩市,聖ケ丘,京王永山,20,30000000,,250,,台形,16,90,1971年,木造,住宅,住宅,北,私道,4,１低住専,40,80,2026年第1四半期,
宅地(土地と建物),不動産取引価格情報,住宅地,13224,東京都,多摩市,聖ケ丘,京王永山,24,46000000,,200,,ほぼ長方形,11.5,125,1985年,木造,住宅,住宅,北,市道,6,１低住専,40,80,2026年第1四半期,
宅地(土地と建物),不動産取引価格情報,住宅地,13224,東京都,多摩市,百草,京王永山,28,9500000,,260,,不整形,15,150,1979年,木造,住宅,,接面道路無,,,１低住専,40,80,2026年第1四半期,
宅地(土地),不動産取引価格情報,住宅地,13224,東京都,多摩市,連光寺,京王永山,28,27000000,730000,120,220000,不整形,11,,,,,住宅,西,市道,6,１低住専,40,80,2026年第1四半期,
宅地(土地と建物),不動産取引価格情報,住宅地,13224,東京都,多摩市,和田,聖蹟桜ケ丘,18,54000000,,130,,ほぼ台形,7.5,95,2026年,木造,住宅,住宅,北,市道,4,準工業,60,200,2026年第1四半期,私道を含む取引
宅地(土地と建物),成約価格情報,,13225,東京都,稲城市,平尾,栗平,15,57000000,,135,,,,105,2021年,木造,,,北東,公道,6,１低住専,50,100,2026年第1四半期,
宅地(土地と建物),成約価格情報,,13225,東京都,稲城市,平尾,栗平,25,53000000,,120,,,,100,2021年,木造,,,,,,１低住専,40,80,2026年第1四半期,
宅地(土地と建物),成約価格情報,,13225,東京都,稲城市,平尾,新百合ケ丘,25,44000000,,125,,,,95,2010年,木造,,,北,公道,5,１低住専,40,80,2026年第1四半期,
宅地(土地と建物),成約価格情報,,13225,東京都,稲城市,平尾,栗平,15,60000000,,150,,,,105,2018年,木造,,,北,公道,6,１低住専,50,100,2026年第1四半期,
宅地(土地と建物),成約価格情報,,13225,東京都,稲城市,平尾,五月台,15,53000000,,240,,,,130,1973年,軽量鉄骨造,,,南西,公道,5.9,１低住専,,,2026年第1四半期,
宅地(土地と建物),成約価格情報,,13225,東京都,稲城市,平尾,新百合ケ丘,25,53000000,,120,,,,100,2021年,木造,,,,,,１低住専,40,80,2026年第1四半期,
宅地(土地と建物),成約価格情報,,13225,東京都,稲城市,平尾,栗平,20,30000000,,110,,,,100,2001年,木造,,,西,公道,6,１低住専,50,100,2026年第1四半期,
宅地(土地と建物),成約価格情報,,13225,東京都,稲城市,向陽台,稲城,15,56000000,,210,,,,155,1996年,木造,,,,,,１低住専,50,100,2026年第1四半期,
宅地(土地と建物),成約価格情報,,13225,東京都,稲城市,向陽台,稲城,15,64000000,,210,,,,180,1997年,軽量鉄骨造,,,北,公道,5.5,１低住専,50,100,2026年第1四半期,
宅地(土地と建物),成約価格情報,,13225,東京都,稲城市,押立,稲城長沼,15,54000000,,100,,,,100,2025年,木造,,,,,,準住居,70,200,2026年第1四半期,
宅地(土地と建物),成約価格情報,,13225,東京都,稲城市,押立,稲城長沼,15,54000000,,105,,,,105,2025年,木造,,,,,,準住居,70,200,2026年第1四半期,
宅地(土地と建物),成約価格情報,,13225,東京都,稲城市,押立,稲城長沼,15,54000000,,100,,,,105,2025年,木造,,,,,,準住居,60,200,2026年第1四半期,
宅地(土地と建物),成約価格情報,,13225,東京都,稲城市,押立,稲城長沼,15,53000000,,130,,,,100,2025年,木造,,,,,,１低住専,40,80,2026年第1四半期,
宅地(土地と建物),成約価格情報,,13225,東京都,稲城市,押立,稲城長沼,15,55000000,,100,,,,100,2025年,木造,,,,,,準住居,70,200,2026年第1四半期,
宅地(土地と建物),成約価格情報,,13225,東京都,稲城市,押立,矢野口,15,46000000,,110,,,,95,2025年,木造,,,北東,公道,11.5,準工業,60,200,2026年第1四半期,
宅地(土地と建物),成約価格情報,,13225,東京都,稲城市,押立,矢野口,10,45000000,,110,,,,110,2015年,木造,,,北東,私道,4.5,１低住専,50,100,2026年第1四半期,
宅地(土地と建物),成約価格情報,,13225,東京都,稲城市,長峰,若葉台,,46000000,,185,,,,130,1996年,木造,,,西,公道,6,１中住専,50,100,2026年第1四半期,
宅地(土地と建物),成約価格情報,,13225,東京都,稲城市,長峰,若葉台,,56000000,,185,,,,115,2012年,木造,,,北西,公道,20,２低住専,50,100,2026年第1四半期,
宅地(土地と建物),成約価格情報,,13225,東京都,稲城市,坂浜,稲城,,34000000,,260,,,,100,2018年,木造,,,,,,１低住専,30,50,2026年第1四半期,
宅地(土地と建物),成約価格情報,,13225,東京都,稲城市,坂浜,若葉台,20,51000000,,130,,,,115,2021年,木造,,,北西,,6,１低住専,50,100,2026年第1四半期,
宅地(土地と建物),成約価格情報,,13225,東京都,稲城市,坂浜,若葉台,20,54000000,,135,,,,105,2019年,木造,,,南,公道,6,１低住専,50,100,2026年第1四半期,
宅地(土地と建物),成約価格情報,,13225,東京都,稲城市,坂浜,稲城,,46000000,,135,,,,100,2026年,木造,,,南西,公道,4.9,１低住専,40,80,2026年第1四半期,
宅地(土地と建物),成約価格情報,,13225,東京都,稲城市,東長沼,稲城,15,66000000,,145,,,,105,2018年,木造,,,南東,,6,１低住専,50,100,2026年第1四半期,
宅地(土地と建物),成約価格情報,,13225,東京都,稲城市,東長沼,稲城,5,52000000,,150,,,,120,1995年,木造,,,南西,公道,6,１低住専,50,100,2026年第1四半期,
宅地(土地と建物),成約価格情報,,13225,東京都,稲城市,東長沼,稲城長沼,10,21000000,,70,,,,70,1984年,木造,,,,,,１低住専,40,80,2026年第1四半期,
宅地(土地と建物),成約価格情報,,13225,東京都,稲城市,東長沼,稲城長沼,10,55000000,,120,,,,95,2026年,木造,,,南西,公道,,１低住専,40,80,2026年第1四半期,
宅地(土地と建物),成約価格情報,,13225,東京都,稲城市,東長沼,稲城長沼,10,52000000,,120,,,,95,2026年,木造,,,南西,公道,,１低住専,40,80,2026年第1四半期,
宅地(土地と建物),成約価格情報,,13225,東京都,稲城市,東長沼,稲城長沼,10,59000000,,120,,,,95,2026年,木造,,,南西,公道,,１低住専,40,80,2026年第1四半期,
宅地(土地と建物),成約価格情報,,13225,東京都,稲城市,百村,稲城,5,49000000,,175,,,,105,2005年,木造,,,北西,公道,4.7,１低住専,40,60,2026年第1四半期,
宅地(土地と建物),成約価格情報,,13225,東京都,稲城市,百村,稲城,10,40000000,,130,,,,100,2009年,木造,,,北東,公道,6,１低住専,40,80,2026年第1四半期,
宅地(土地と建物),成約価格情報,,13225,東京都,稲城市,矢野口,稲城,10,50000000,,135,,,,110,2001年,木造,,,北東,公道,6,１低住専,50,80,2026年第1四半期,
宅地(土地と建物),成約価格情報,,13225,東京都,稲城市,矢野口,稲城,10,77000000,,140,,,,120,2026年,木造,,,,,,１低住専,50,100,2026年第1四半期,
宅地(土地と建物),成約価格情報,,13225,東京都,稲城市,矢野口,矢野口,15,59000000,,115,,,,90,2026年,木造,,,,,,１低住専,40,80,2026年第1四半期,
宅地(土地と建物),成約価格情報,,13225,東京都,稲城市,矢野口,矢野口,10,43000000,,85,,,,80,2026年,木造,,,北東,公道,4,２中住専,60,160,2026年第1四半期,
宅地(土地と建物),成約価格情報,,13225,東京都,稲城市,矢野口,京王よみうりランド,10,44000000,,120,,,,90,2003年,木造,,,,公道,5,１低住専,40,80,2026年第1四半期,
宅地(土地と建物),成約価格情報,,13225,東京都,稲城市,矢野口,京王よみうりランド,10,23000000,,95,,,,70,1980年,木造,,,,,,１低住専,40,80,2026年第1四半期,
宅地(土地と建物),成約価格情報,,13225,東京都,稲城市,矢野口,矢野口,5,57000000,,80,,,,105,2026年,木造,,,,公道,,準住居,60,200,2026年第1四半期,
宅地(土地と建物),成約価格情報,,13225,東京都,稲城市,若葉台,若葉台,20,80000000,,195,,,,125,2006年,軽量鉄骨造,,,南東,公道,10,１低住専,40,80,2026年第1四半期,
宅地(土地と建物),成約価格情報,,13225,東京都,稲城市,若葉台,若葉台,20,47000000,,130,,,,90,2026年,木造,,,,,,１低住専,40,80,2026年第1四半期,
宅地(土地と建物),成約価格情報,,13225,東京都,稲城市,若葉台,若葉台,20,52000000,,130,,,,100,2026年,木造,,,,,,１低住専,40,80,2026年第1四半期,
宅地(土地と建物),不動産取引価格情報,住宅地,13225,東京都,稲城市,大丸,稲城長沼,7,50000000,,190,,袋地等,,110,1982年,木造,住宅,住宅,西,市道,4,１低住専,50,100,2026年第1四半期,
宅地(土地と建物),不動産取引価格情報,住宅地,13225,東京都,稲城市,押立,稲城長沼,12,35000000,,75,,不整形,13,70,2018年,木造,住宅,住宅,南東,都道,40,準住居,60,200,2026年第1四半期,
宅地(土地と建物),不動産取引価格情報,住宅地,13225,東京都,稲城市,押立,稲城長沼,14,52000000,,125,,不整形,4.8,95,2025年,木造,住宅,住宅,北東,私道,5,１低住専,40,80,2026年第1四半期,
宅地(土地と建物),不動産取引価格情報,住宅地,13225,東京都,稲城市,長峰,若葉台,23,60000000,,185,,長方形,10.3,115,2012年,木造,住宅,住宅,南東,市道,6,２低住専,50,100,2026年第1四半期,
宅地(土地),不動産取引価格情報,住宅地,13225,東京都,稲城市,東長沼,稲城長沼,5,47000000,1100000,135,350000,長方形,7.1,,,,,住宅,北西,市道,4,１中住専,50,150,2026年第1四半期,
宅地(土地と建物),不動産取引価格情報,住宅地,13225,東京都,稲城市,平尾,栗平,18,61000000,,160,,袋地等,3,110,2026年,木造,住宅,,北西,市道,4,１低住専,50,100,2026年第1四半期,
宅地(土地と建物),不動産取引価格情報,住宅地,13225,東京都,稲城市,平尾,新百合ケ丘,21,50000000,,135,,ほぼ整形,13.9,120,2025年,ＲＣ、木造,住宅、駐車場,住宅,南,市道,6,１低住専,40,80,2026年第1四半期,
宅地(土地と建物),不動産取引価格情報,住宅地,13225,東京都,稲城市,百村,稲城,15,54000000,,145,,ほぼ長方形,9.9,105,2025年,木造,住宅,住宅,南,区画街路,6,１低住専,50,100,2026年第1四半期,
宅地(土地と建物),成約価格情報,,13227,東京都,羽村市,緑ヶ丘,羽村,15,54000000,,165,,,,120,2026年,木造,,,,,,１中住専,60,200,2026年第1四半期,
宅地(土地と建物),成約価格情報,,13227,東京都,羽村市,緑ヶ丘,羽村,20,30000000,,135,,,,100,2005年,木造,,,南,公道,6,１低住専,50,100,2026年第1四半期,
宅地(土地と建物),成約価格情報,,13227,東京都,羽村市,小作台,小作,10,30000000,,75,,,,90,2026年,木造,,,南西,公道,4.2,１中住専,60,168,2026年第1四半期,
宅地(土地と建物),成約価格情報,,13227,東京都,羽村市,小作台,小作,10,32000000,,75,,,,75,2026年,木造,,,,,,１中住専,60,200,2026年第1四半期,
宅地(土地と建物),成約価格情報,,13227,東京都,羽村市,小作台,小作,10,18000000,,125,,,,95,2013年,木造,,,,,,１中住専,60,200,2026年第1四半期,
宅地(土地と建物),成約価格情報,,13227,東京都,羽村市,神明台,羽村,10,51000000,,190,,,,150,2005年,軽量鉄骨造,,,南西,公道,6,１中住専,60,200,2026年第1四半期,
宅地(土地と建物),成約価格情報,,13227,東京都,羽村市,栄町,小作,10,46000000,,135,,,,105,2026年,木造,,,南西,公道,6,１中住専,70,200,2026年第1四半期,
宅地(土地と建物),成約価格情報,,13227,東京都,羽村市,栄町,小作,10,28000000,,170,,,,170,1984年,木造,,,北西,公道,5,１中住専,60,200,2026年第1四半期,
宅地(土地と建物),成約価格情報,,13227,東京都,羽村市,羽加美,小作,20,49000000,,785,,,,125,1962年,木造,,,東,公道,,１低住専,40,80,2026年第1四半期,
宅地(土地と建物),成約価格情報,,13227,東京都,羽村市,羽中,羽村,20,27000000,,180,,,,100,2008年,木造,,,南東,公道,2.7,１低住専,40,80,2026年第1四半期,
宅地(土地と建物),成約価格情報,,13227,東京都,羽村市,羽中,羽村,15,37000000,,150,,,,105,2021年,木造,,,,,,１低住専,40,80,2026年第1四半期,
宅地(土地と建物),成約価格情報,,13227,東京都,羽村市,羽中,羽村,15,43000000,,130,,,,100,2024年,木造,,,東,私道,5,１低住専,40,80,2026年第1四半期,
宅地(土地と建物),成約価格情報,,13227,東京都,羽村市,羽西,小作,15,19000000,,120,,,,90,2006年,木造,,,北東,公道,5.5,１低住専,40,80,2026年第1四半期,
宅地(土地と建物),不動産取引価格情報,住宅地,13227,東京都,羽村市,小作台,小作,6,44000000,,130,,長方形,7.7,95,2026年,木造,住宅,,南東,市道,6,１中住専,60,200,2026年第1四半期,
宅地(土地と建物),不動産取引価格情報,住宅地,13227,東京都,羽村市,川崎,羽村,7,140000000,,430,,長方形,19.1,240,2025年,木造,共同住宅,事務所,北西,区画街路,5.5,１中住専,60,150,2026年第1四半期,
宅地(土地),不動産取引価格情報,住宅地,13227,東京都,羽村市,五ノ神,羽村,6,28000000,920000,100,280000,長方形,6.7,,,,,住宅,北西,市道,6,１中住専,60,200,2026年第1四半期,
宅地(土地と建物),不動産取引価格情報,住宅地,13227,東京都,羽村市,神明台,羽村,21,23000000,,100,,長方形,8.7,100,2017年,木造,住宅,住宅,南,市道,8,１中住専,60,200,2026年第1四半期,
宅地(土地),不動産取引価格情報,工業地,13227,東京都,羽村市,神明台,羽村,18,88000000,490000,590,150000,袋地等,,,,,,工場,南西,市道,8,工業,60,200,2026年第1四半期,
宅地(土地と建物),成約価格情報,,13228,東京都,あきる野市,瀬戸岡,秋川,,32000000,,145,,,,100,2026年,木造,,,北,公道,4.5,１中住専,60,150,2026年第1四半期,
宅地(土地と建物),成約価格情報,,13228,東京都,あきる野市,瀬戸岡,秋川,,32000000,,145,,,,105,2026年,木造,,,北,公道,4.5,１種住居,60,200,2026年第1四半期,
宅地(土地と建物),成約価格情報,,13228,東京都,あきる野市,瀬戸岡,秋川,20,8400000,,140,,,,80,1984年,木造,,,北,私道,5,１中住専,60,150,2026年第1四半期,
宅地(土地と建物),成約価格情報,,13228,東京都,あきる野市,瀬戸岡,秋川,25,7700000,,110,,,,65,1963年,木造,,,,公道,6,１低住専,60,200,2026年第1四半期,
宅地(土地と建物),成約価格情報,,13228,東京都,あきる野市,留原,武蔵五日市,10,17000000,,500,,,,105,1998年,木造,,,南,公道,5,１低住専,40,80,2026年第1四半期,
宅地(土地と建物),成約価格情報,,13228,東京都,あきる野市,二宮,東秋留,10,13000000,,135,,,,100,1989年,木造,,,,,,１低住専,40,80,2026年第1四半期,
宅地(土地と建物),成約価格情報,,13228,東京都,あきる野市,二宮,東秋留,10,24000000,,115,,,,75,2015年,木造,,,,,,１低住専,50,80,2026年第1四半期,
宅地(土地と建物),成約価格情報,,13228,東京都,あきる野市,二宮,東秋留,5,24000000,,125,,,,85,2015年,木造,,,,,,１低住専,50,80,2026年第1四半期,
宅地(土地と建物),成約価格情報,,13228,東京都,あきる野市,原小宮,秋川,25,36000000,,145,,,,105,2020年,木造,,,西,公道,5.6,１低住専,50,100,2026年第1四半期,
宅地(土地と建物),成約価格情報,,13228,東京都,あきる野市,油平,秋川,10,22000000,,135,,,,85,1992年,軽量鉄骨造,,,,公道,1.8,１種住居,60,200,2026年第1四半期,
宅地(土地と建物),成約価格情報,,13228,東京都,あきる野市,舘谷,武蔵五日市,10,22000000,,145,,,,100,2003年,木造,,,北,公道,22,近隣商業,80,200,2026年第1四半期,
宅地(土地と建物),成約価格情報,,13228,東京都,あきる野市,舘谷,武蔵五日市,10,17000000,,115,,,,90,2003年,木造,,,東,公道,3.5,１低住専,40,80,2026年第1四半期,
宅地(土地と建物),成約価格情報,,13228,東京都,あきる野市,野辺,東秋留,10,11000000,,105,,,,60,1979年,木造,,,南,私道,5,１低住専,40,80,2026年第1四半期,
宅地(土地と建物),成約価格情報,,13228,東京都,あきる野市,野辺,東秋留,15,21000000,,155,,,,100,2010年,木造,,,,,,１低住専,40,80,2026年第1四半期,
宅地(土地と建物),成約価格情報,,13228,東京都,あきる野市,野辺,東秋留,10,28000000,,110,,,,85,2025年,木造,,,南,公道,3.7,１低住専,40,80,2026年第1四半期,
宅地(土地と建物),成約価格情報,,13228,東京都,あきる野市,野辺,東秋留,10,31000000,,110,,,,90,2025年,木造,,,南,公道,3.7,１低住専,40,80,2026年第1四半期,
宅地(土地と建物),成約価格情報,,13228,東京都,あきる野市,野辺,東秋留,15,28000000,,155,,,,100,2025年,木造,,,北,公道,4,１低住専,40,80,2026年第1四半期,
宅地(土地と建物),成約価格情報,,13228,東京都,あきる野市,野辺,東秋留,15,29000000,,155,,,,100,2025年,木造,,,北,公道,4,１低住専,40,80,2026年第1四半期,
宅地(土地と建物),成約価格情報,,13228,東京都,あきる野市,野辺,東秋留,20,30000000,,125,,,,90,2026年,木造,,,南,,6,準工業,60,200,2026年第1四半期,
宅地(土地と建物),成約価格情報,,13228,東京都,あきる野市,下代継,秋川,5,24000000,,130,,,,55,2019年,木造,,,南西,私道,4,１低住専,50,80,2026年第1四半期,
宅地(土地と建物),成約価格情報,,13228,東京都,あきる野市,引田,武蔵引田,15,35000000,,140,,,,110,2025年,木造,,,,,,１低住専,40,80,2026年第1四半期,
宅地(土地と建物),成約価格情報,,13228,東京都,あきる野市,引田,武蔵引田,15,30000000,,130,,,,100,2025年,木造,,,,,,１低住専,40,80,2026年第1四半期,
宅地(土地と建物),成約価格情報,,13228,東京都,あきる野市,引田,武蔵引田,15,32000000,,135,,,,105,2025年,木造,,,,,,１低住専,40,80,2026年第1四半期,
宅地(土地と建物),成約価格情報,,13228,東京都,あきる野市,引田,武蔵引田,10,10000000,,115,,,,75,1995年,木造,,,,公道,,１低住専,40,80,2026年第1四半期,
宅地(土地と建物),成約価格情報,,13228,東京都,あきる野市,雨間,秋川,10,13000000,,105,,,,80,1986年,木造,,,東,私道,4,１低住専,50,80,2026年第1四半期,
宅地(土地と建物),成約価格情報,,13228,東京都,あきる野市,牛沼,秋川,20,23000000,,125,,,,95,2025年,木造,,,東,公道,4.5,１低住専,40,80,2026年第1四半期,
宅地(土地と建物),成約価格情報,,13228,東京都,あきる野市,牛沼,秋川,15,28000000,,140,,,,90,2025年,木造,,,西,私道,4.5,１低住専,40,80,2026年第1四半期,
宅地(土地と建物),成約価格情報,,13228,東京都,あきる野市,牛沼,秋川,15,29000000,,160,,,,105,2025年,木造,,,西,私道,4.5,１低住専,50,80,2026年第1四半期,
宅地(土地と建物),成約価格情報,,13228,東京都,あきる野市,牛沼,秋川,20,34000000,,140,,,,110,2026年,木造,,,南,公道,4.5,１低住専,40,80,2026年第1四半期,
宅地(土地と建物),成約価格情報,,13228,東京都,あきる野市,小川,東秋留,15,35000000,,145,,,,110,2025年,木造,,,西,公道,3.5,１低住専,40,80,2026年第1四半期,
宅地(土地と建物),成約価格情報,,13228,東京都,あきる野市,小川,東秋留,20,32000000,,130,,,,100,2025年,木造,,,,,,１低住専,40,80,2026年第1四半期,
宅地(土地と建物),成約価格情報,,13228,東京都,あきる野市,草花,福生,20,27000000,,130,,,,100,2025年,木造,,,北,私道,4,１低住専,40,80,2026年第1四半期,
宅地(土地と建物),成約価格情報,,13228,東京都,あきる野市,草花,東秋留,20,14000000,,140,,,,110,1994年,木造,,,,,,２中住専,60,150,2026年第1四半期,
宅地(土地と建物),成約価格情報,,13228,東京都,あきる野市,草花,東秋留,20,14000000,,125,,,,75,1996年,木造,,,北,公道,4.5,１低住専,40,80,2026年第1四半期,
宅地(土地と建物),成約価格情報,,13228,東京都,あきる野市,草花,東秋留,20,19000000,,110,,,,85,1998年,木造,,,西,公道,3.5,１低住専,40,80,2026年第1四半期,
宅地(土地と建物),成約価格情報,,13228,東京都,あきる野市,草花,福生,25,20000000,,125,,,,70,1992年,軽量鉄骨造,,,南,公道,,１低住専,40,80,2026年第1四半期,
宅地(土地と建物),成約価格情報,,13228,東京都,あきる野市,平沢,東秋留,15,23000000,,175,,,,100,2018年,木造,,,,,,１低住専,40,80,2026年第1四半期,
宅地(土地と建物),不動産取引価格情報,住宅地,13228,東京都,あきる野市,秋川,秋川,12,110000000,,850,,ほぼ長方形,27,660,1997年,軽量鉄骨造,共同住宅,,南,市道,6,１低住専,50,100,2026年第1四半期,
宅地(土地と建物),不動産取引価格情報,住宅地,13228,東京都,あきる野市,雨間,東秋留,18,1000000,,150,,袋地等,3,90,2000年,木造,住宅,住宅,西,市道,4,調整区域,40,80,2026年第1四半期,
宅地(土地と建物),不動産取引価格情報,住宅地,13228,東京都,あきる野市,伊奈,武蔵増戸,8,9900000,,90,,ほぼ長方形,9.5,70,1980年,木造,住宅,住宅,南,市道,4.5,１低住専,40,80,2026年第1四半期,
宅地(土地),不動産取引価格情報,宅地見込地,13228,東京都,あきる野市,乙津,武蔵五日市,30分～60分,500000,3400,490,1000,ほぼ台形,34,,,,,,北東,農道,4.5,調整区域,40,80,2026年第1四半期,
宅地(土地と建物),不動産取引価格情報,住宅地,13228,東京都,あきる野市,草花,秋川,29,28000000,,110,,ほぼ台形,15.8,85,2025年,木造,住宅,住宅,西,市道,5,１低住専,40,80,2026年第1四半期,
宅地(土地と建物),不動産取引価格情報,住宅地,13228,東京都,あきる野市,瀬戸岡,秋川,19,7700000,,105,,不整形,21.2,65,1963年,木造,住宅,住宅,南,都道,11.6,１低住専,40,80,2026年第1四半期,
宅地(土地と建物),不動産取引価格情報,住宅地,13228,東京都,あきる野市,高尾,武蔵五日市,14,8700000,,150,,不整形,10,115,1996年,木造,住宅,住宅,東,市道,6.5,１低住専,40,80,2026年第1四半期,
宅地(土地),不動産取引価格情報,宅地見込地,13228,東京都,あきる野市,戸倉,武蔵五日市,30分～60分,20000,240,270,74,不整形,18,,,,,,南西,市道,3.2,調整区域,40,80,2026年第1四半期,
宅地(土地と建物),不動産取引価格情報,住宅地,13228,東京都,あきる野市,野辺,東秋留,11,16000000,,130,,不整形,2.5,70,1996年,木造,住宅,住宅,南西,市道,4.5,１低住専,40,80,2026年第1四半期,
宅地(土地と建物),成約価格情報,,13229,東京都,西東京市,下保谷,保谷,15,9000000,,75,,,,65,,木造,,,,,,１低住専,40,80,2026年第1四半期,
宅地(土地と建物),成約価格情報,,13229,東京都,西東京市,下保谷,保谷,15,48000000,,105,,,,85,2012年,木造,,,,公道,6,１低住専,40,80,2026年第1四半期,
宅地(土地と建物),成約価格情報,,13229,東京都,西東京市,下保谷,保谷,10,37000000,,100,,,,90,1977年,木造,,,南東,私道,5,１低住専,50,100,2026年第1四半期,
宅地(土地と建物),成約価格情報,,13229,東京都,西東京市,住吉町,ひばりケ丘(東京),10,76000000,,110,,,,95,2021年,木造,,,北,公道,4.5,１低住専,50,100,2026年第1四半期,
宅地(土地と建物),成約価格情報,,13229,東京都,西東京市,田無町,田無,10,25000000,,190,,,,80,,木造,,,,,,１種住居,60,200,2026年第1四半期,
宅地(土地と建物),成約価格情報,,13229,東京都,西東京市,中町,西武柳沢,20,55000000,,175,,,,90,1970年,木造,,,東,,4,準住居,60,160,2026年第1四半期,
宅地(土地と建物),成約価格情報,,13229,東京都,西東京市,中町,東伏見,20,48000000,,80,,,,80,2022年,木造,,,東,公道,5,１低住専,50,100,2026年第1四半期,
宅地(土地と建物),成約価格情報,,13229,東京都,西東京市,中町,東伏見,20,55000000,,90,,,,85,2026年,木造,,,西,私道,5,１低住専,50,100,2026年第1四半期,
宅地(土地と建物),成約価格情報,,13229,東京都,西東京市,東町,保谷,10,44000000,,110,,,,90,2005年,木造,,,北,公道,5,１低住専,40,80,2026年第1四半期,
宅地(土地と建物),成約価格情報,,13229,東京都,西東京市,東町,保谷,20,48000000,,85,,,,80,2016年,木造,,,,,,１低住専,50,100,2026年第1四半期,
宅地(土地と建物),成約価格情報,,13229,東京都,西東京市,東町,保谷,10,47000000,,110,,,,95,1998年,木造,,,北東,,6,１低住専,40,80,2026年第1四半期,
宅地(土地と建物),成約価格情報,,13229,東京都,西東京市,東町,保谷,10,57000000,,85,,,,95,2025年,木造,,,,,,１種住居,60,200,2026年第1四半期,
宅地(土地と建物),成約価格情報,,13229,東京都,西東京市,東町,保谷,10,58000000,,85,,,,95,2025年,木造,,,,,,１種住居,60,200,2026年第1四半期,
宅地(土地と建物),成約価格情報,,13229,東京都,西東京市,保谷町,西武柳沢,15,68000000,,200,,,,155,2003年,木造,,,東,公道,4,１低住専,40,80,2026年第1四半期,
宅地(土地と建物),成約価格情報,,13229,東京都,西東京市,保谷町,西武柳沢,20,35000000,,115,,,,100,1981年,木造,,,南,私道,5,１低住専,40,80,2026年第1四半期,
宅地(土地と建物),成約価格情報,,13229,東京都,西東京市,保谷町,西武柳沢,15,47000000,,125,,,,95,2018年,木造,,,東,私道,4.5,１低住専,40,80,2026年第1四半期,
宅地(土地と建物),成約価格情報,,13229,東京都,西東京市,保谷町,西武柳沢,10,60000000,,100,,,,100,2026年,木造,,,,,,１低住専,50,100,2026年第1四半期,
宅地(土地と建物),成約価格情報,,13229,東京都,西東京市,保谷町,西武柳沢,5,44000000,,115,,,,90,2011年,木造,,,東,公道,5.6,１中住専,50,150,2026年第1四半期,
宅地(土地と建物),成約価格情報,,13229,東京都,西東京市,保谷町,西武柳沢,20,59000000,,130,,,,100,2026年,木造,,,北,私道,5,１低住専,40,80,2026年第1四半期,
宅地(土地と建物),成約価格情報,,13229,東京都,西東京市,保谷町,西武柳沢,5,48000000,,70,,,,70,2026年,木造,,,,,,１低住専,50,100,2026年第1四半期,
宅地(土地と建物),成約価格情報,,13229,東京都,西東京市,柳沢,西武柳沢,15,67000000,,145,,,,100,2025年,木造,,,北,公道,6,１低住専,40,80,2026年第1四半期,
宅地(土地と建物),成約価格情報,,13229,東京都,西東京市,泉町,保谷,20,38000000,,110,,,,90,2008年,木造,,,北,公道,5,１低住専,40,80,2026年第1四半期,
宅地(土地と建物),成約価格情報,,13229,東京都,西東京市,泉町,保谷,15,38000000,,80,,,,90,1997年,木造,,,西,公道,5,準工業,60,200,2026年第1四半期,
宅地(土地と建物),成約価格情報,,13229,東京都,西東京市,泉町,ひばりケ丘(東京),25,64000000,,145,,,,110,2025年,木造,,,北,公道,4,１低住専,50,80,2026年第1四半期,
宅地(土地と建物),成約価格情報,,13229,東京都,西東京市,泉町,保谷,20,51000000,,105,,,,85,2025年,木造,,,,,,１低住専,40,80,2026年第1四半期,
宅地(土地と建物),成約価格情報,,13229,東京都,西東京市,泉町,保谷,20,43000000,,165,,,,120,1993年,軽量鉄骨造,,,,私道,4,１低住専,40,80,2026年第1四半期,
宅地(土地と建物),成約価格情報,,13229,東京都,西東京市,泉町,保谷,20,55000000,,105,,,,115,2025年,木造,,,東,私道,4,１低住専,50,100,2026年第1四半期,
宅地(土地と建物),成約価格情報,,13229,東京都,西東京市,泉町,西武柳沢,20,40000000,,105,,,,75,2026年,木造,,,,,,１低住専,50,100,2026年第1四半期,
宅地(土地と建物),成約価格情報,,13229,東京都,西東京市,泉町,西武柳沢,20,37000000,,90,,,,95,2026年,木造,,,,,,１低住専,50,100,2026年第1四半期,
宅地(土地と建物),成約価格情報,,13229,東京都,西東京市,泉町,保谷,15,31000000,,75,,,,130,1994年,木造,,,西,公道,5,準工業,60,200,2026年第1四半期,
宅地(土地と建物),成約価格情報,,13229,東京都,西東京市,北原町,田無,15,62000000,,115,,,,95,2026年,木造,,,,私道,4,１低住専,40,80,2026年第1四半期,
宅地(土地と建物),成約価格情報,,13229,東京都,西東京市,北原町,田無,15,21000000,,70,,,,65,1995年,木造,,,,,,１低住専,40,80,2026年第1四半期,
宅地(土地と建物),成約価格情報,,13229,東京都,西東京市,芝久保町,田無,15,52000000,,105,,,,105,2002年,木造,,,東,公道,7,準工業,60,200,2026年第1四半期,
宅地(土地と建物),成約価格情報,,13229,東京都,西東京市,芝久保町,花小金井,20,44000000,,105,,,,90,2026年,木造,,,西,私道,5,２中住専,50,150,2026年第1四半期,
宅地(土地と建物),成約価格情報,,13229,東京都,西東京市,芝久保町,花小金井,20,53000000,,110,,,,90,2025年,木造,,,,,,１低住専,40,80,2026年第1四半期,
宅地(土地と建物),成約価格情報,,13229,東京都,西東京市,芝久保町,花小金井,20,57000000,,110,,,,90,2025年,木造,,,,,,１低住専,40,80,2026年第1四半期,
宅地(土地と建物),成約価格情報,,13229,東京都,西東京市,芝久保町,花小金井,20,56000000,,110,,,,90,2025年,木造,,,,,,１低住専,40,80,2026年第1四半期,
宅地(土地と建物),成約価格情報,,13229,東京都,西東京市,芝久保町,田無,15,83000000,,240,,,,250,1991年,木造,,,東,私道,4,準工業,60,200,2026年第1四半期,
宅地(土地と建物),成約価格情報,,13229,東京都,西東京市,芝久保町,花小金井,,28000000,,110,,,,85,2006年,木造,,,北西,公道,4.5,１低住専,40,80,2026年第1四半期,
宅地(土地と建物),成約価格情報,,13229,東京都,西東京市,芝久保町,花小金井,25,30000000,,100,,,,80,2014年,木造,,,西,公道,5,１低住専,40,80,2026年第1四半期,
宅地(土地と建物),成約価格情報,,13229,東京都,西東京市,芝久保町,田無,20,30000000,,100,,,,80,2005年,軽量鉄骨造,,,東,私道,4,準工業,60,200,2026年第1四半期,
宅地(土地と建物),成約価格情報,,13229,東京都,西東京市,芝久保町,花小金井,20,32000000,,75,,,,105,2010年,木造,,,南東,私道,4,１低住専,40,80,2026年第1四半期,
宅地(土地と建物),成約価格情報,,13229,東京都,西東京市,西原町,ひばりケ丘(東京),,24000000,,55,,,,65,1987年,木造,,,南東,公道,7,１低住専,50,80,2026年第1四半期,
宅地(土地と建物),成約価格情報,,13229,東京都,西東京市,東伏見,東伏見,5,53000000,,80,,,,75,2026年,木造,,,北西,私道,4,１低住専,50,100,2026年第1四半期,
宅地(土地と建物),成約価格情報,,13229,東京都,西東京市,向台町,田無,20,59000000,,130,,,,95,2022年,木造,,,南,公道,6.5,１中住専,60,200,2026年第1四半期,
宅地(土地と建物),成約価格情報,,13229,東京都,西東京市,向台町,田無,15,42000000,,115,,,,90,1991年,軽量鉄骨造,,,南,私道,4,１低住専,40,80,2026年第1四半期,
宅地(土地と建物),成約価格情報,,13229,東京都,西東京市,北町,保谷,20,57000000,,115,,,,90,2026年,木造,,,東,公道,6,１低住専,40,80,2026年第1四半期,
宅地(土地と建物),成約価格情報,,13229,東京都,西東京市,北町,保谷,20,54000000,,115,,,,95,2026年,木造,,,東,公道,6,１低住専,40,80,2026年第1四半期,
宅地(土地と建物),成約価格情報,,13229,東京都,西東京市,北町,保谷,20,52000000,,115,,,,90,2026年,木造,,,北,公道,6,１低住専,40,80,2026年第1四半期,
宅地(土地と建物),成約価格情報,,13229,東京都,西東京市,北町,ひばりケ丘(東京),20,36000000,,105,,,,80,2004年,木造,,,南,公道,5,１低住専,40,80,2026年第1四半期,
宅地(土地と建物),成約価格情報,,13229,東京都,西東京市,北町,保谷,25,42000000,,120,,,,110,2015年,木造,,,北西,公道,5,１低住専,50,100,2026年第1四半期,
宅地(土地と建物),成約価格情報,,13229,東京都,西東京市,北町,保谷,15,66000000,,110,,,,100,2026年,木造,,,北,公道,5,１種住居,60,200,2026年第1四半期,
宅地(土地と建物),成約価格情報,,13229,東京都,西東京市,北町,保谷,15,72000000,,110,,,,105,2026年,木造,,,北,公道,5,１種住居,60,200,2026年第1四半期,
宅地(土地と建物),成約価格情報,,13229,東京都,西東京市,北町,保谷,15,72000000,,110,,,,105,2026年,木造,,,南,公道,25,１種住居,60,200,2026年第1四半期,
宅地(土地と建物),成約価格情報,,13229,東京都,西東京市,北町,保谷,15,64000000,,105,,,,100,2026年,木造,,,西,私道,4.5,１種住居,60,200,2026年第1四半期,
宅地(土地と建物),成約価格情報,,13229,東京都,西東京市,北町,保谷,15,66000000,,115,,,,105,2026年,木造,,,北,私道,4.5,１種住居,60,200,2026年第1四半期,
宅地(土地と建物),成約価格情報,,13229,東京都,西東京市,新町,田無,20,53000000,,110,,,,90,2012年,木造,,,北,公道,8.1,１低住専,40,80,2026年第1四半期,
宅地(土地と建物),成約価格情報,,13229,東京都,西東京市,新町,武蔵境,20,43000000,,75,,,,60,2025年,木造,,,,,,１低住専,40,80,2026年第1四半期,
宅地(土地と建物),成約価格情報,,13229,東京都,西東京市,新町,武蔵境,25,69000000,,110,,,,90,2025年,木造,,,,,,１低住専,40,80,2026年第1四半期,
宅地(土地と建物),成約価格情報,,13229,東京都,西東京市,ひばりが丘,ひばりケ丘(東京),10,63000000,,105,,,,100,2018年,木造,,,,,,１低住専,50,100,2026年第1四半期,
宅地(土地と建物),成約価格情報,,13229,東京都,西東京市,富士町,東伏見,10,40000000,,70,,,,70,2018年,木造,,,東,公道,5,１低住専,50,100,2026年第1四半期,
宅地(土地と建物),成約価格情報,,13229,東京都,西東京市,富士町,東伏見,15,50000000,,110,,,,90,2016年,木造,,,南,公道,4.5,１低住専,40,80,2026年第1四半期,
宅地(土地と建物),成約価格情報,,13229,東京都,西東京市,富士町,西武柳沢,15,47000000,,95,,,,80,2025年,木造,,,東,私道,5,準住居,60,200,2026年第1四半期,
宅地(土地と建物),成約価格情報,,13229,東京都,西東京市,富士町,東伏見,5,38000000,,65,,,,70,2011年,軽量鉄骨造,,,,,,１中住専,50,150,2026年第1四半期,
宅地(土地と建物),成約価格情報,,13229,東京都,西東京市,富士町,西武柳沢,10,63000000,,115,,,,95,2022年,軽量鉄骨造,,,西,公道,5,１低住専,50,100,2026年第1四半期,
宅地(土地と建物),成約価格情報,,13229,東京都,西東京市,富士町,西武柳沢,10,70000000,,120,,,,100,2025年,木造,,,,,,準住居,60,200,2026年第1四半期,
宅地(土地と建物),成約価格情報,,13229,東京都,西東京市,緑町,ひばりケ丘(東京),25,37000000,,135,,,,105,2009年,木造,,,北西,私道,4,１低住専,40,80,2026年第1四半期,
宅地(土地と建物),成約価格情報,,13229,東京都,西東京市,緑町,ひばりケ丘(東京),,45000000,,115,,,,95,2019年,木造,,,北東,私道,4.5,１低住専,40,80,2026年第1四半期,
宅地(土地と建物),成約価格情報,,13229,東京都,西東京市,南町,田無,10,57000000,,95,,,,75,2025年,木造,,,北西,公道,4,１低住専,40,80,2026年第1四半期,
宅地(土地と建物),成約価格情報,,13229,東京都,西東京市,南町,田無,15,53000000,,100,,,,90,2026年,木造,,,,私道,,１中住専,60,200,2026年第1四半期,
宅地(土地と建物),成約価格情報,,13229,東京都,西東京市,南町,田無,15,64000000,,100,,,,100,2026年,木造,,,,私道,,１中住専,60,200,2026年第1四半期,
宅地(土地と建物),成約価格情報,,13229,東京都,西東京市,南町,田無,15,52000000,,105,,,,90,2026年,木造,,,,私道,,１中住専,60,200,2026年第1四半期,
宅地(土地と建物),成約価格情報,,13229,東京都,西東京市,南町,田無,15,63000000,,100,,,,100,2026年,木造,,,,私道,,１中住専,60,200,2026年第1四半期,
宅地(土地と建物),成約価格情報,,13229,東京都,西東京市,南町,田無,15,67000000,,100,,,,100,2026年,木造,,,,私道,,１中住専,60,200,2026年第1四半期,
宅地(土地と建物),成約価格情報,,13229,東京都,西東京市,南町,田無,15,65000000,,100,,,,95,2026年,木造,,,,公道,6,１中住専,60,200,2026年第1四半期,
宅地(土地と建物),成約価格情報,,13229,東京都,西東京市,南町,田無,15,54000000,,100,,,,90,2026年,木造,,,,私道,,１中住専,60,200,2026年第1四半期,
宅地(土地と建物),成約価格情報,,13229,東京都,西東京市,南町,田無,15,66000000,,100,,,,100,2026年,木造,,,,私道,,１中住専,60,200,2026年第1四半期,
宅地(土地と建物),成約価格情報,,13229,東京都,西東京市,南町,田無,15,56000000,,90,,,,75,2025年,木造,,,,,,１低住専,40,80,2026年第1四半期,
宅地(土地と建物),成約価格情報,,13229,東京都,西東京市,南町,田無,10,60000000,,110,,,,90,2026年,木造,,,,,,１低住専,40,80,2026年第1四半期,
宅地(土地と建物),成約価格情報,,13229,東京都,西東京市,南町,田無,10,66000000,,110,,,,90,2025年,木造,,,,,,１低住専,40,80,2026年第1四半期,
宅地(土地と建物),成約価格情報,,13229,東京都,西東京市,南町,田無,10,70000000,,110,,,,90,2025年,木造,,,,,,１低住専,40,80,2026年第1四半期,
宅地(土地と建物),成約価格情報,,13229,東京都,西東京市,南町,田無,10,71000000,,110,,,,90,2025年,木造,,,,,,１低住専,40,80,2026年第1四半期,
宅地(土地と建物),成約価格情報,,13229,東京都,西東京市,南町,田無,10,49000000,,105,,,,85,2000年,木造,,,北西,公道,4.5,１低住専,40,80,2026年第1四半期,
宅地(土地と建物),成約価格情報,,13229,東京都,西東京市,南町,田無,10,43000000,,85,,,,80,2010年,木造,,,南,私道,4,１低住専,50,100,2026年第1四半期,
宅地(土地と建物),成約価格情報,,13229,東京都,西東京市,谷戸町,ひばりケ丘(東京),15,67000000,,110,,,,90,2026年,木造,,,,,,１低住専,40,80,2026年第1四半期,
宅地(土地と建物),成約価格情報,,13229,東京都,西東京市,谷戸町,ひばりケ丘(東京),15,40000000,,165,,,,110,1996年,木造,,,南,私道,4,１低住専,40,80,2026年第1四半期,
宅地(土地と建物),不動産取引価格情報,住宅地,13229,東京都,西東京市,北町,保谷,16,11000000,,90,,袋地等,3.5,65,1969年,木造,住宅,,西,私道,4,１低住専,40,80,2026年第1四半期,
宅地(土地と建物),不動産取引価格情報,住宅地,13229,東京都,西東京市,芝久保町,花小金井,11,43000000,,85,,ほぼ長方形,7,65,2026年,木造,住宅,住宅,南,私道,4,１低住専,40,80,2026年第1四半期,
宅地(土地と建物),不動産取引価格情報,住宅地,13229,東京都,西東京市,芝久保町,花小金井,15,57000000,,130,,ほぼ長方形,10,90,2025年,木造,住宅,住宅,西,私道,4,１低住専,50,100,2026年第1四半期,
宅地(土地),不動産取引価格情報,住宅地,13229,東京都,西東京市,新町,田無,21,73000000,1300000,190,380000,長方形,7.5,,,,,,西,私道,4,１低住専,50,100,2026年第1四半期,
宅地(土地と建物),不動産取引価格情報,住宅地,13229,東京都,西東京市,ひばりが丘,ひばりケ丘(東京),14,7000000,,60,,ほぼ長方形,7.5,55,1970年,木造,倉庫,住宅,接面道路無,,,近隣商業,80,200,2026年第1四半期,
宅地(土地),不動産取引価格情報,住宅地,13229,東京都,西東京市,ひばりが丘,ひばりケ丘(東京),11,68000000,800000,280,240000,袋地等,,,,,,住宅,北東,市道,4,１低住専,50,100,2026年第1四半期,
宅地(土地と建物),不動産取引価格情報,住宅地,13229,東京都,西東京市,富士町,西武柳沢,6,43000000,,105,,長方形,6,75,1985年,木造,共同住宅,住宅,北,私道,3.8,１中住専,50,150,2026年第1四半期,
宅地(土地と建物),不動産取引価格情報,住宅地,13229,東京都,西東京市,保谷町,西武柳沢,15,55000000,,115,,長方形,9.5,90,2004年,木造,住宅,住宅,南西,市道,4.5,１低住専,40,80,2026年第1四半期,
宅地(土地と建物),不動産取引価格情報,住宅地,13229,東京都,西東京市,保谷町,田無,12,16000000,,165,,袋地等,,120,1968年,木造,住宅,住宅,南,私道,2,準住居,60,200,2026年第1四半期,
宅地(土地と建物),不動産取引価格情報,住宅地,13229,東京都,西東京市,谷戸町,ひばりケ丘(東京),7,130000000,,175,,ほぼ長方形,10,240,2019年,木造,住宅,住宅,北東,市道,4,近隣商業,80,200,2026年第1四半期,
宅地(土地と建物),成約価格情報,,13303,東京都,西多摩郡瑞穂町,大字殿ケ谷,箱根ケ崎,25,32000000,,160,,,,100,,木造,,,西,公道,4.5,１低住専,40,80,2026年第1四半期,
宅地(土地と建物),成約価格情報,,13303,東京都,西多摩郡瑞穂町,大字殿ケ谷,箱根ケ崎,30分～60分,25000000,,145,,,,105,2018年,木造,,,,,,１低住専,40,80,2026年第1四半期,
宅地(土地と建物),成約価格情報,,13303,東京都,西多摩郡瑞穂町,大字二本木,,,24000000,,135,,,,105,2020年,木造,,,,,,１中住専,60,150,2026年第1四半期,
宅地(土地と建物),成約価格情報,,13303,東京都,西多摩郡瑞穂町,大字箱根ケ崎,箱根ケ崎,5,55000000,,275,,,,280,1990年,鉄骨造,,,南東,公道,5.5,１種住居,60,200,2026年第1四半期,
宅地(土地と建物),成約価格情報,,13303,東京都,西多摩郡瑞穂町,箱根ケ崎東松原,箱根ケ崎,15,37000000,,140,,,,90,2025年,木造,,,南西,公道,6,１低住専,50,100,2026年第1四半期,
宅地(土地と建物),成約価格情報,,13303,東京都,西多摩郡瑞穂町,大字武蔵,箱根ケ崎,25,7500000,,105,,,,110,2007年,木造,,,,,,工業,60,200,2026年第1四半期,
宅地(土地と建物),成約価格情報,,13303,東京都,西多摩郡瑞穂町,大字高根,箱根ケ崎,25,19000000,,140,,,,110,2016年,木造,,,南,公道,5.4,１低住専,40,80,2026年第1四半期,
宅地(土地と建物),不動産取引価格情報,住宅地,13303,東京都,西多摩郡瑞穂町,大字高根,箱根ケ崎,29,18000000,,400,,ほぼ長方形,15,175,1981年,木造,共同住宅,住宅,北東,町道,4.5,１低住専,40,80,2026年第1四半期,
宅地(土地と建物),不動産取引価格情報,住宅地,13303,東京都,西多摩郡瑞穂町,大字長岡長谷部,箱根ケ崎,21,3000000,,280,,不整形,,85,1975年,木造,住宅,住宅,南東,町道,6.4,調整区域,40,80,2026年第1四半期,
宅地(土地と建物),不動産取引価格情報,住宅地,13303,東京都,西多摩郡瑞穂町,箱根ケ崎西松原,箱根ケ崎,16,9000000,,120,,長方形,9.3,85,1985年,木造,住宅,住宅,南,町道,5,１低住専,50,100,2026年第1四半期,隣地の購入
宅地(土地と建物),不動産取引価格情報,工業地,13303,東京都,西多摩郡瑞穂町,箱根ケ崎東松原,箱根ケ崎,13,110000000,,910,,長方形,24.8,250,1998年,軽量鉄骨造,倉庫,工場,南西,町道,9,工業,60,200,2026年第1四半期,
宅地(土地と建物),不動産取引価格情報,住宅地,13303,東京都,西多摩郡瑞穂町,大字武蔵,箱根ケ崎,16,7500000,,100,,長方形,8.3,105,2007年,木造,共同住宅,住宅,南東,区画街路,8,工業,60,200,2026年第1四半期,
宅地(土地と建物),成約価格情報,,13305,東京都,西多摩郡日の出町,大字大久野,武蔵五日市,,24000000,,150,,,,115,2010年,木造,,,,,,１低住専,40,80,2026年第1四半期,
宅地(土地と建物),成約価格情報,,13305,東京都,西多摩郡日の出町,大字大久野,武蔵五日市,25,25000000,,125,,,,100,2025年,木造,,,,公道,,１低住専,50,80,2026年第1四半期,
宅地(土地と建物),成約価格情報,,13305,東京都,西多摩郡日の出町,大字大久野,武蔵五日市,,22000000,,140,,,,90,2002年,木造,,,東,公道,4.2,２低住専,50,100,2026年第1四半期,
宅地(土地と建物),成約価格情報,,13305,東京都,西多摩郡日の出町,大字平井,武蔵増戸,20,10000000,,155,,,,115,1976年,軽量鉄骨造,,,,,,１低住専,40,80,2026年第1四半期,
宅地(土地),不動産取引価格情報,住宅地,13305,東京都,西多摩郡日の出町,大字平井,武蔵増戸,11,5000000,180000,95,54000,不整形,,,,,,その他,西,私道,4,１低住専,40,80,2026年第1四半期,
宅地(土地),不動産取引価格情報,住宅地,13308,東京都,西多摩郡奥多摩町,小丹波,古里(東京),7,30000,340,290,100,不整形,35,,,,,,接面道路無,,,都計外,,,2026年第1四半期,
宅地(土地),不動産取引価格情報,住宅地,13308,東京都,西多摩郡奥多摩町,白丸,白丸,2,2300000,44000,175,13000,不整形,6.5,,,,,,北,町道,1.8,都計外,,,2026年第1四半期,
宅地(土地),不動産取引価格情報,住宅地,13361,東京都,大島町,泉津,,,300000,3700,270,1100,ほぼ台形,,,,,,その他,南西,都道,12.2,非線引き,70,200,2026年第1四半期,
宅地(土地),不動産取引価格情報,住宅地,13361,東京都,大島町,元町,,,1000000,9600,350,2900,不整形,15,,,,,住宅,西,町道,4,１種住居,60,200,2026年第1四半期,
宅地(土地と建物),不動産取引価格情報,住宅地,13361,東京都,大島町,元町,,,10000000,,"2,000㎡以上",,不整形,38,270,2001年,木造,住宅、作業場、倉庫、店舗,住宅,北西,町道,8.5,非線引き,70,200,2026年第1四半期,
宅地(土地),不動産取引価格情報,住宅地,13363,東京都,新島村,本村,,,2200000,13000,550,4000,ほぼ長方形,21,,,,,その他,西,村道,2.4,非線引き,70,200,2026年第1四半期,
宅地(土地と建物),不動産取引価格情報,住宅地,13401,東京都,八丈町,大賀郷,,,12000000,,820,,ほぼ長方形,19,280,1980年,ＲＣ,共同住宅,住宅,東,町道,4.8,非線引き,70,200,2026年第1四半期,
宅地(土地と建物),不動産取引価格情報,住宅地,13401,東京都,八丈町,三根,,,5600000,,370,,ほぼ正方形,,70,1996年,木造,住宅,住宅,南,私道,3,非線引き,70,200,2026年第1四半期,
