種類,価格情報区分,市区町村コード,都道府県名,市区町村名,地区名,最寄駅：名称,最寄駅：距離（分）,取引価格（総額）,間取り,面積（㎡）,建築年,建物の構造,用途,今後の利用目的,都市計画,建ぺい率（％）,容積率（％）,取引時期,改装,取引の事情等
中古マンション等,成約価格情報,13101,東京都,千代田区,岩本町,岩本町,5,53000000,１Ｒ,60,1988年,ＲＣ,,,商業,,,2026年第1四半期,,
中古マンション等,成約価格情報,13101,東京都,千代田区,岩本町,小伝馬町,3,74000000,１ＬＤＫ,40,2013年,ＲＣ,,,商業,,,2026年第1四半期,,
中古マンション等,成約価格情報,13101,東京都,千代田区,岩本町,岩本町,3,43000000,１Ｒ,25,2020年,ＲＣ,,,商業,,,2026年第1四半期,,
中古マンション等,成約価格情報,13101,東京都,千代田区,岩本町,岩本町,3,63000000,１ＬＤＫ,35,2016年,ＲＣ,,,商業,,,2026年第1四半期,,
中古マンション等,成約価格情報,13101,東京都,千代田区,平河町,半蔵門,3,110000000,１ＬＤＫ,70,1999年,ＲＣ,,,商業,,,2026年第1四半期,,
中古マンション等,成約価格情報,13101,東京都,千代田区,平河町,麹町,3,34000000,１ＤＫ,30,1977年,ＲＣ,,,商業,,,2026年第1四半期,,
中古マンション等,成約価格情報,13101,東京都,千代田区,平河町,半蔵門,3,190000000,２ＬＤＫ,60,2018年,ＲＣ,,,商業,,,2026年第1四半期,,
中古マンション等,成約価格情報,13101,東京都,千代田区,平河町,半蔵門,2,65000000,１ＬＤＫ,45,1984年,ＳＲＣ,,,商業,,,2026年第1四半期,,
中古マンション等,成約価格情報,13101,東京都,千代田区,富士見,飯田橋,3,400000000,２ＬＤＫ,75,2014年,ＲＣ,,,商業,,,2026年第1四半期,改装済み,
中古マンション等,成約価格情報,13101,東京都,千代田区,富士見,九段下,5,270000000,２ＬＤＫ,75,2025年,ＲＣ,,,１種住居,,,2026年第1四半期,,
中古マンション等,成約価格情報,13101,東京都,千代田区,富士見,飯田橋,1,170000000,２ＬＤＫ,60,2008年,ＳＲＣ,,,,,,2026年第1四半期,,
中古マンション等,成約価格情報,13101,東京都,千代田区,四番町,市ケ谷,4,530000000,２ＬＤＫ＋Ｓ,150,2009年,ＲＣ,,,１種住居,,,2026年第1四半期,,
中古マンション等,成約価格情報,13101,東京都,千代田区,神田佐久間町,秋葉原,6,60000000,１ＤＫ,45,2008年,ＲＣ,,,商業,,,2026年第1四半期,,
中古マンション等,成約価格情報,13101,東京都,千代田区,神田佐久間町,秋葉原,5,75000000,１ＬＤＫ,45,2017年,ＲＣ,,,商業,,,2026年第1四半期,,
中古マンション等,成約価格情報,13101,東京都,千代田区,神田佐久間町,秋葉原,5,69000000,１ＬＤＫ,35,2019年,ＲＣ,,,商業,,,2026年第1四半期,,
中古マンション等,成約価格情報,13101,東京都,千代田区,神田佐久間町,秋葉原,4,130000000,３ＬＤＫ,70,2000年,ＳＲＣ,,,商業,,,2026年第1四半期,,
中古マンション等,成約価格情報,13101,東京都,千代田区,神田佐久間町,秋葉原,5,76000000,１ＬＤＫ,50,2006年,ＲＣ,,,商業,,,2026年第1四半期,,
中古マンション等,成約価格情報,13101,東京都,千代田区,神田神保町,神保町,2,70000000,１ＬＤＫ,35,2014年,ＲＣ,,,商業,,,2026年第1四半期,,
中古マンション等,成約価格情報,13101,東京都,千代田区,神田神保町,九段下,2,56000000,１Ｒ,40,1998年,ＳＲＣ,,,商業,,,2026年第1四半期,,
中古マンション等,成約価格情報,13101,東京都,千代田区,神田神保町,神保町,2,48000000,１ＬＤＫ,35,2009年,ＲＣ,,,商業,,,2026年第1四半期,,
中古マンション等,成約価格情報,13101,東京都,千代田区,神田神保町,神保町,1,220000000,２ＬＤＫ,70,2003年,ＲＣ,,,商業,,,2026年第1四半期,,
中古マンション等,成約価格情報,13101,東京都,千代田区,神田神保町,神保町,3,77000000,１ＬＤＫ,35,2007年,ＳＲＣ,,,商業,,,2026年第1四半期,,
中古マンション等,成約価格情報,13101,東京都,千代田区,神田神保町,神保町,1,240000000,２ＬＤＫ,70,2003年,ＲＣ,,,商業,,,2026年第1四半期,,
中古マンション等,成約価格情報,13101,東京都,千代田区,神田神保町,神保町,1,200000000,３ＬＤＫ,75,2003年,ＳＲＣ,,,商業,,,2026年第1四半期,,
中古マンション等,成約価格情報,13101,東京都,千代田区,神田神保町,九段下,2,110000000,１ＬＤＫ＋Ｓ,55,2000年,ＳＲＣ,,,商業,,,2026年第1四半期,,
中古マンション等,成約価格情報,13101,東京都,千代田区,神田神保町,神保町,2,40000000,１Ｒ,40,1984年,ＳＲＣ,,,商業,,,2026年第1四半期,,
中古マンション等,成約価格情報,13101,東京都,千代田区,神田神保町,九段下,3,64000000,１ＤＫ,40,2000年,ＳＲＣ,,,商業,,,2026年第1四半期,,
中古マンション等,成約価格情報,13101,東京都,千代田区,神田多町,小川町(東京),2,70000000,１Ｒ,30,2024年,ＲＣ,,,商業,,,2026年第1四半期,,
中古マンション等,成約価格情報,13101,東京都,千代田区,神田多町,淡路町,2,95000000,１ＬＤＫ,40,2024年,ＲＣ,,,商業,,,2026年第1四半期,,
中古マンション等,成約価格情報,13101,東京都,千代田区,神田多町,淡路町,3,130000000,２ＬＤＫ,55,2012年,ＲＣ,,,商業,,,2026年第1四半期,,
中古マンション等,成約価格情報,13101,東京都,千代田区,神田多町,神田(東京),3,140000000,１ＬＤＫ,45,2026年,ＲＣ,,,商業,,,2026年第1四半期,,
中古マンション等,成約価格情報,13101,東京都,千代田区,神田司町,淡路町,2,99000000,１ＬＤＫ,45,2017年,ＲＣ,,,商業,,,2026年第1四半期,,
中古マンション等,成約価格情報,13101,東京都,千代田区,神田練塀町,秋葉原,4,85000000,１ＬＤＫ,45,2006年,ＲＣ,,,商業,,,2026年第1四半期,,
中古マンション等,成約価格情報,13101,東京都,千代田区,神田東松下町,岩本町,2,120000000,２ＬＤＫ,60,2018年,ＲＣ,,,商業,,,2026年第1四半期,,
中古マンション等,成約価格情報,13101,東京都,千代田区,神田美土代町,淡路町,1,110000000,１ＬＤＫ＋Ｓ,40,2017年,ＲＣ,,,商業,,,2026年第1四半期,,
中古マンション等,成約価格情報,13101,東京都,千代田区,麹町,麹町,4,270000000,２ＬＤＫ,85,2023年,ＲＣ,,,２種住居,,,2026年第1四半期,,
中古マンション等,成約価格情報,13101,東京都,千代田区,麹町,麹町,1,140000000,１ＬＤＫ,45,2019年,ＲＣ,,,商業,,,2026年第1四半期,改装済み,
中古マンション等,成約価格情報,13101,東京都,千代田区,麹町,半蔵門,1,23000000,１Ｒ,25,1982年,ＳＲＣ,,,商業,,,2026年第1四半期,,
中古マンション等,成約価格情報,13101,東京都,千代田区,麹町,麹町,1,600000000,３ＬＤＫ,135,2019年,ＲＣ,,,商業,,,2026年第1四半期,,
中古マンション等,成約価格情報,13101,東京都,千代田区,三番町,半蔵門,8,590000000,３ＬＤＫ,115,2024年,ＲＣ,,,１種住居,,,2026年第1四半期,,
中古マンション等,成約価格情報,13101,東京都,千代田区,三番町,半蔵門,5,22000000,１Ｒ,25,1986年,ＲＣ,,,２種住居,,,2026年第1四半期,,
中古マンション等,成約価格情報,13101,東京都,千代田区,三番町,半蔵門,7,47000000,２ＤＫ,40,1970年,ＳＲＣ,,,１種住居,,,2026年第1四半期,,
中古マンション等,成約価格情報,13101,東京都,千代田区,二番町,四ツ谷,5,36000000,１Ｋ,30,2006年,ＲＣ,,,２種住居,,,2026年第1四半期,,
中古マンション等,成約価格情報,13101,東京都,千代田区,二番町,麹町,2,82000000,１ＬＤＫ＋Ｓ,55,1982年,ＳＲＣ,,,商業,,,2026年第1四半期,,
中古マンション等,成約価格情報,13101,東京都,千代田区,二番町,麹町,2,25000000,１Ｋ＋Ｓ,25,1982年,ＳＲＣ,,,２種住居,,,2026年第1四半期,,
中古マンション等,成約価格情報,13101,東京都,千代田区,二番町,麹町,3,56000000,１Ｒ,35,1997年,ＳＲＣ,,,２種住居,,,2026年第1四半期,,
中古マンション等,成約価格情報,13101,東京都,千代田区,六番町,麹町,2,230000000,２ＬＤＫ,75,1999年,ＲＣ,,,商業,,,2026年第1四半期,,
中古マンション等,成約価格情報,13101,東京都,千代田区,六番町,四ツ谷,4,170000000,２ＬＤＫ,75,1978年,ＳＲＣ,,,２種住居,,,2026年第1四半期,,
中古マンション等,成約価格情報,13101,東京都,千代田区,内神田,大手町(東京),5,96000000,１ＤＫ,40,2019年,ＲＣ,,,商業,,,2026年第1四半期,,
中古マンション等,成約価格情報,13101,東京都,千代田区,内神田,小川町(東京),6,20000000,１Ｒ,20,1979年,ＲＣ,,,商業,,,2026年第1四半期,,
中古マンション等,成約価格情報,13101,東京都,千代田区,神田淡路町,新御茶ノ水,3,240000000,２ＬＤＫ,70,2013年,ＲＣ,,,商業,,,2026年第1四半期,,
中古マンション等,成約価格情報,13101,東京都,千代田区,神田駿河台,御茶ノ水,3,20000000,１Ｒ,15,1977年,ＳＲＣ,,,商業,,,2026年第1四半期,,
中古マンション等,成約価格情報,13101,東京都,千代田区,神田錦町,大手町(東京),5,57000000,１Ｋ,30,2017年,ＲＣ,,,商業,,,2026年第1四半期,,
中古マンション等,成約価格情報,13101,東京都,千代田区,九段南,市ケ谷,8,150000000,２ＬＤＫ,70,2003年,ＳＲＣ,,,商業,,,2026年第1四半期,,
中古マンション等,成約価格情報,13101,東京都,千代田区,東神田,秋葉原,6,78000000,１ＬＤＫ,45,2019年,ＲＣ,,,商業,,,2026年第1四半期,,
中古マンション等,成約価格情報,13101,東京都,千代田区,東神田,岩本町,5,100000000,２ＬＤＫ,60,2006年,ＲＣ,,,商業,,,2026年第1四半期,,
中古マンション等,成約価格情報,13101,東京都,千代田区,東神田,浅草橋,2,76000000,１ＬＤＫ,40,2015年,ＲＣ,,,商業,,,2026年第1四半期,,
中古マンション等,成約価格情報,13101,東京都,千代田区,東神田,浅草橋,3,60000000,１ＬＤＫ,35,2015年,ＲＣ,,,商業,,,2026年第1四半期,,
中古マンション等,成約価格情報,13101,東京都,千代田区,東神田,馬喰町,4,17000000,１Ｒ,25,1981年,ＳＲＣ,,,商業,,,2026年第1四半期,,
中古マンション等,成約価格情報,13101,東京都,千代田区,東神田,岩本町,6,40000000,１Ｋ,25,2019年,ＲＣ,,,商業,,,2026年第1四半期,,
中古マンション等,成約価格情報,13101,東京都,千代田区,神田三崎町,水道橋,3,63000000,１Ｒ,40,1998年,ＳＲＣ,,,商業,,,2026年第1四半期,,
中古マンション等,成約価格情報,13101,東京都,千代田区,神田三崎町,水道橋,3,85000000,１ＬＤＫ,40,2013年,ＲＣ,,,商業,,,2026年第1四半期,改装済み,
中古マンション等,成約価格情報,13101,東京都,千代田区,飯田橋,飯田橋,2,67000000,１ＬＤＫ,45,1982年,ＳＲＣ,,,商業,,,2026年第1四半期,,
中古マンション等,成約価格情報,13101,東京都,千代田区,飯田橋,九段下,4,140000000,１ＬＤＫ＋Ｓ,55,2003年,ＲＣ,,,商業,,,2026年第1四半期,,
中古マンション等,成約価格情報,13101,東京都,千代田区,飯田橋,飯田橋,4,73000000,１ＬＤＫ,35,2013年,ＲＣ,,,商業,,,2026年第1四半期,,
中古マンション等,成約価格情報,13101,東京都,千代田区,飯田橋,飯田橋,2,230000000,２ＬＤＫ,65,2021年,ＲＣ,,,商業,,,2026年第1四半期,,
中古マンション等,成約価格情報,13101,東京都,千代田区,飯田橋,九段下,5,100000000,１ＬＤＫ,55,2003年,ＲＣ,,,商業,,,2026年第1四半期,,
中古マンション等,成約価格情報,13101,東京都,千代田区,一番町,半蔵門,3,300000000,２ＬＤＫ,85,2001年,ＳＲＣ,,,２種住居,,,2026年第1四半期,,
中古マンション等,成約価格情報,13101,東京都,千代田区,一番町,半蔵門,3,340000000,２ＬＤＫ,85,2011年,ＲＣ,,,２種住居,,,2026年第1四半期,,
中古マンション等,成約価格情報,13101,東京都,千代田区,一番町,半蔵門,3,350000000,２ＬＤＫ,95,2011年,ＲＣ,,,２種住居,,,2026年第1四半期,,
中古マンション等,成約価格情報,13101,東京都,千代田区,一番町,半蔵門,2,110000000,２ＬＤＫ,60,1977年,ＲＣ,,,２種住居,,,2026年第1四半期,,
中古マンション等,成約価格情報,13101,東京都,千代田区,神田和泉町,秋葉原,5,87000000,１ＬＤＫ,45,2013年,ＲＣ,,,商業,,,2026年第1四半期,,
中古マンション等,成約価格情報,13101,東京都,千代田区,神田須田町,淡路町,3,220000000,２ＬＤＫ,65,2018年,ＲＣ,,,商業,,,2026年第1四半期,,
中古マンション等,成約価格情報,13101,東京都,千代田区,神田須田町,岩本町,2,58000000,１Ｒ,65,1979年,ＳＲＣ,,,商業,,,2026年第1四半期,,
中古マンション等,成約価格情報,13101,東京都,千代田区,神田須田町,神田(東京),1,49000000,１ＬＤＫ,45,2016年,ＲＣ,,,商業,,,2026年第1四半期,,
中古マンション等,成約価格情報,13101,東京都,千代田区,外神田,末広町(東京),4,130000000,２ＬＤＫ,60,2018年,ＲＣ,,,商業,,,2026年第1四半期,,
中古マンション等,成約価格情報,13101,東京都,千代田区,外神田,末広町(東京),4,180000000,３ＬＤＫ,70,2018年,ＲＣ,,,商業,,,2026年第1四半期,,
中古マンション等,成約価格情報,13101,東京都,千代田区,外神田,秋葉原,5,320000000,３ＬＤＫ,100,2004年,ＲＣ,,,商業,,,2026年第1四半期,,
中古マンション等,成約価格情報,13101,東京都,千代田区,外神田,秋葉原,6,130000000,２ＬＤＫ,60,2019年,ＲＣ,,,商業,,,2026年第1四半期,,
中古マンション等,不動産取引価格情報,13101,東京都,千代田区,飯田橋,飯田橋,3,90000000,１ＬＤＫ,45,2012年,ＲＣ,住宅,住宅,商業,80,500,2026年第1四半期,未改装,
中古マンション等,不動産取引価格情報,13101,東京都,千代田区,飯田橋,九段下,4,34000000,１Ｋ,20,2004年,ＳＲＣ,住宅,住宅,商業,80,700,2026年第1四半期,未改装,
中古マンション等,不動産取引価格情報,13101,東京都,千代田区,内神田,神田(東京),3,39000000,１Ｋ,20,2005年,ＲＣ,住宅,,商業,80,800,2026年第1四半期,未改装,
中古マンション等,不動産取引価格情報,13101,東京都,千代田区,神田和泉町,秋葉原,8,87000000,１ＬＤＫ,40,2013年,ＲＣ,住宅,住宅,商業,80,500,2026年第1四半期,未改装,
中古マンション等,不動産取引価格情報,13101,東京都,千代田区,神田和泉町,秋葉原,3,30000000,１Ｋ,20,2005年,ＲＣ,住宅,住宅,商業,80,500,2026年第1四半期,,
中古マンション等,不動産取引価格情報,13101,東京都,千代田区,神田猿楽町,水道橋,5,100000000,２ＬＤＫ,65,1977年,ＳＲＣ,住宅,住宅,商業,80,500,2026年第1四半期,未改装,
中古マンション等,不動産取引価格情報,13101,東京都,千代田区,神田神保町,神保町,1,36000000,１Ｋ,30,2000年,ＳＲＣ,住宅,住宅,商業,80,600,2026年第1四半期,,
中古マンション等,不動産取引価格情報,13101,東京都,千代田区,神田神保町,神保町,2,70000000,１ＬＤＫ,30,2014年,ＲＣ,住宅,住宅,商業,80,500,2026年第1四半期,未改装,
中古マンション等,不動産取引価格情報,13101,東京都,千代田区,紀尾井町,永田町,0,300000000,１ＬＤＫ,55,2016年,ＲＣ,住宅,住宅,２種住居,60,300,2026年第1四半期,未改装,
中古マンション等,不動産取引価格情報,13101,東京都,千代田区,紀尾井町,永田町,0,760000000,２ＬＤＫ,105,2016年,ＲＣ,住宅,住宅,２種住居,60,300,2026年第1四半期,未改装,
中古マンション等,不動産取引価格情報,13101,東京都,千代田区,紀尾井町,永田町,0,110000000,,105,2016年,ＲＣ,住宅,住宅,２種住居,60,300,2026年第1四半期,,
中古マンション等,不動産取引価格情報,13101,東京都,千代田区,紀尾井町,永田町,0,400000000,１ＤＫ,55,2016年,ＲＣ,住宅,住宅,２種住居,60,300,2026年第1四半期,,
中古マンション等,不動産取引価格情報,13101,東京都,千代田区,麹町,麹町,2,160000000,２ＤＫ,50,2015年,ＲＣ,住宅,住宅,商業,80,800,2026年第1四半期,改装済み,
中古マンション等,不動産取引価格情報,13101,東京都,千代田区,麹町,麹町,0,140000000,１ＬＤＫ,40,2019年,ＲＣ,住宅,住宅,商業,80,800,2026年第1四半期,改装済み,
中古マンション等,不動産取引価格情報,13101,東京都,千代田区,麹町,半蔵門,0,23000000,１ＤＫ,20,1982年,ＳＲＣ,住宅,住宅,商業,80,700,2026年第1四半期,未改装,
中古マンション等,不動産取引価格情報,13101,東京都,千代田区,麹町,半蔵門,2,50000000,１Ｋ,25,2004年,ＳＲＣ,住宅,住宅,商業,80,500,2026年第1四半期,,
中古マンション等,不動産取引価格情報,13101,東京都,千代田区,外神田,秋葉原,2,95000000,,45,2004年,ＲＣ,住宅,,商業,80,800,2026年第1四半期,,
中古マンション等,不動産取引価格情報,13101,東京都,千代田区,永田町,永田町,2,450000000,３ＬＤＫ,100,2008年,ＲＣ,住宅,住宅,商業,80,500,2026年第1四半期,改装済み,
中古マンション等,不動産取引価格情報,13101,東京都,千代田区,二番町,麹町,1,82000000,１ＬＤＫ,50,1982年,ＳＲＣ,住宅,住宅,商業,80,500,2026年第1四半期,未改装,
中古マンション等,不動産取引価格情報,13101,東京都,千代田区,東神田,馬喰町,4,42000000,１ＬＤＫ,30,2015年,ＲＣ,住宅,住宅,商業,80,500,2026年第1四半期,未改装,
中古マンション等,不動産取引価格情報,13101,東京都,千代田区,四番町,麹町,4,850000000,３ＬＤＫ,140,2022年,ＲＣ,住宅,住宅,１種住居,60,300,2026年第1四半期,改装済み,
中古マンション等,成約価格情報,13102,東京都,中央区,新富,新富町(東京),3,16000000,１Ｒ,20,1981年,ＲＣ,,,商業,,,2026年第1四半期,,
中古マンション等,成約価格情報,13102,東京都,中央区,新富,新富町(東京),3,53000000,１Ｒ,55,1979年,ＳＲＣ,,,商業,,,2026年第1四半期,,
中古マンション等,成約価格情報,13102,東京都,中央区,新富,新富町(東京),3,75000000,１ＬＤＫ,50,2013年,ＲＣ,,,商業,,,2026年第1四半期,,
中古マンション等,成約価格情報,13102,東京都,中央区,新富,新富町(東京),4,58000000,１ＤＫ,45,1999年,ＳＲＣ,,,商業,,,2026年第1四半期,,
中古マンション等,成約価格情報,13102,東京都,中央区,日本橋蛎殻町,水天宮前,5,61000000,２ＤＫ,45,2002年,ＳＲＣ,,,商業,,,2026年第1四半期,,
中古マンション等,成約価格情報,13102,東京都,中央区,日本橋蛎殻町,水天宮前,3,130000000,３ＬＤＫ,60,2020年,ＲＣ,,,商業,,,2026年第1四半期,,
中古マンション等,成約価格情報,13102,東京都,中央区,日本橋蛎殻町,水天宮前,2,19000000,１Ｋ,25,1985年,ＳＲＣ,,,商業,,,2026年第1四半期,,
中古マンション等,成約価格情報,13102,東京都,中央区,日本橋茅場町,八丁堀(東京),3,34000000,１Ｋ,20,2009年,ＲＣ,,,商業,,,2026年第1四半期,,
中古マンション等,成約価格情報,13102,東京都,中央区,日本橋茅場町,茅場町,2,20000000,１Ｒ,25,1979年,ＳＲＣ,,,商業,,,2026年第1四半期,,
中古マンション等,成約価格情報,13102,東京都,中央区,日本橋茅場町,茅場町,2,96000000,１ＬＤＫ,50,2000年,ＲＣ,,,商業,,,2026年第1四半期,,
中古マンション等,成約価格情報,13102,東京都,中央区,日本橋小伝馬町,小伝馬町,2,25000000,１Ｋ,25,2003年,ＲＣ,,,商業,,,2026年第1四半期,,
中古マンション等,成約価格情報,13102,東京都,中央区,日本橋小伝馬町,小伝馬町,2,140000000,１ＬＤＫ＋Ｓ,65,2011年,ＲＣ,,,商業,,,2026年第1四半期,,
中古マンション等,成約価格情報,13102,東京都,中央区,日本橋小伝馬町,小伝馬町,1,110000000,２ＬＤＫ,60,2008年,ＳＲＣ,,,商業,,,2026年第1四半期,,
中古マンション等,成約価格情報,13102,東京都,中央区,日本橋人形町,人形町,3,150000000,２ＬＤＫ＋Ｓ,80,2002年,ＳＲＣ,,,商業,,,2026年第1四半期,,
中古マンション等,成約価格情報,13102,東京都,中央区,日本橋人形町,水天宮前,1,82000000,１ＬＤＫ,40,2008年,ＲＣ,,,商業,,,2026年第1四半期,,
中古マンション等,成約価格情報,13102,東京都,中央区,日本橋人形町,人形町,1,67000000,１ＬＤＫ,40,1999年,ＲＣ,,,商業,,,2026年第1四半期,,
中古マンション等,成約価格情報,13102,東京都,中央区,日本橋人形町,人形町,3,190000000,１ＬＤＫ,65,2020年,ＲＣ,,,商業,,,2026年第1四半期,,
中古マンション等,成約価格情報,13102,東京都,中央区,日本橋人形町,人形町,4,90000000,２ＤＫ,55,1998年,ＲＣ,,,商業,,,2026年第1四半期,改装済み,
中古マンション等,成約価格情報,13102,東京都,中央区,日本橋人形町,人形町,3,92000000,１ＬＤＫ,45,2020年,ＲＣ,,,商業,,,2026年第1四半期,,
中古マンション等,成約価格情報,13102,東京都,中央区,日本橋人形町,人形町,3,37000000,３ＬＤＫ,85,2025年,ＲＣ,,,商業,,,2026年第1四半期,,
中古マンション等,成約価格情報,13102,東京都,中央区,日本橋馬喰町,馬喰町,1,98000000,２ＬＤＫ,65,2018年,ＲＣ,,,商業,,,2026年第1四半期,,
中古マンション等,成約価格情報,13102,東京都,中央区,日本橋久松町,東日本橋,3,150000000,２ＬＤＫ,55,2020年,ＲＣ,,,商業,,,2026年第1四半期,,
中古マンション等,成約価格情報,13102,東京都,中央区,日本橋堀留町,人形町,3,37000000,１ＬＤＫ,45,1980年,ＲＣ,,,商業,,,2026年第1四半期,,
中古マンション等,成約価格情報,13102,東京都,中央区,日本橋堀留町,人形町,4,150000000,２ＬＤＫ,75,2002年,ＲＣ,,,商業,,,2026年第1四半期,,
中古マンション等,成約価格情報,13102,東京都,中央区,晴海,勝どき,15,160000000,４ＬＤＫ,85,2023年,ＲＣ,,,商業,,,2026年第1四半期,,
中古マンション等,成約価格情報,13102,東京都,中央区,晴海,勝どき,11,160000000,３ＬＤＫ,70,2019年,ＲＣ,,,準工業,,,2026年第1四半期,,
中古マンション等,成約価格情報,13102,東京都,中央区,晴海,勝どき,15,150000000,３ＬＤＫ,75,2025年,ＲＣ,,,商業,,,2026年第1四半期,,
中古マンション等,成約価格情報,13102,東京都,中央区,晴海,月島,12,140000000,３ＬＤＫ,75,2019年,ＲＣ,,,準工業,,,2026年第1四半期,,
中古マンション等,成約価格情報,13102,東京都,中央区,晴海,勝どき,14,160000000,３ＬＤＫ,80,2023年,ＲＣ,,,商業,,,2026年第1四半期,,
中古マンション等,成約価格情報,13102,東京都,中央区,晴海,勝どき,10,90000000,１ＬＤＫ＋Ｓ,60,2009年,ＳＲＣ,,,商業,,,2026年第1四半期,,
中古マンション等,成約価格情報,13102,東京都,中央区,晴海,勝どき,18,160000000,３ＬＤＫ,80,2025年,ＲＣ,,,商業,,,2026年第1四半期,,
中古マンション等,成約価格情報,13102,東京都,中央区,晴海,勝どき,7,110000000,２ＬＤＫ,55,2015年,ＲＣ,,,１種住居,,,2026年第1四半期,,
中古マンション等,成約価格情報,13102,東京都,中央区,晴海,勝どき,12,130000000,１ＬＤＫ,65,2013年,ＲＣ,,,準工業,,,2026年第1四半期,,
中古マンション等,成約価格情報,13102,東京都,中央区,晴海,勝どき,5,93000000,１ＬＤＫ,45,2015年,ＲＣ,,,準工業,,,2026年第1四半期,,
中古マンション等,成約価格情報,13102,東京都,中央区,晴海,勝どき,7,120000000,２ＬＤＫ,60,2015年,ＲＣ,,,１種住居,,,2026年第1四半期,,
中古マンション等,成約価格情報,13102,東京都,中央区,晴海,勝どき,12,140000000,２ＬＤＫ,65,2013年,ＲＣ,,,準工業,,,2026年第1四半期,,
中古マンション等,成約価格情報,13102,東京都,中央区,晴海,勝どき,21,180000000,３ＬＤＫ,90,2023年,ＲＣ,,,商業,,,2026年第1四半期,,
中古マンション等,成約価格情報,13102,東京都,中央区,晴海,勝どき,18,120000000,２ＬＤＫ,65,2023年,ＲＣ,,,商業,,,2026年第1四半期,,
中古マンション等,成約価格情報,13102,東京都,中央区,晴海,勝どき,15,110000000,２ＬＤＫ,70,2016年,ＲＣ,,,準工業,,,2026年第1四半期,,
中古マンション等,成約価格情報,13102,東京都,中央区,晴海,勝どき,14,120000000,２ＬＤＫ,65,2025年,ＲＣ,,,商業,,,2026年第1四半期,,
中古マンション等,成約価格情報,13102,東京都,中央区,晴海,勝どき,14,120000000,２ＬＤＫ,65,2025年,ＲＣ,,,商業,,,2026年第1四半期,,
中古マンション等,成約価格情報,13102,東京都,中央区,晴海,勝どき,15,310000000,３ＬＤＫ,100,2025年,ＲＣ,,,商業,,,2026年第1四半期,,
中古マンション等,成約価格情報,13102,東京都,中央区,晴海,勝どき,18,130000000,３ＬＤＫ,80,2023年,ＲＣ,,,商業,,,2026年第1四半期,,
中古マンション等,成約価格情報,13102,東京都,中央区,晴海,勝どき,5,150000000,２ＬＤＫ,60,2015年,ＲＣ,,,準工業,,,2026年第1四半期,,
中古マンション等,成約価格情報,13102,東京都,中央区,晴海,勝どき,5,170000000,２ＬＤＫ,65,2015年,ＲＣ,,,準工業,,,2026年第1四半期,,
中古マンション等,成約価格情報,13102,東京都,中央区,晴海,勝どき,14,280000000,３ＬＤＫ,95,2025年,ＲＣ,,,商業,,,2026年第1四半期,,
中古マンション等,成約価格情報,13102,東京都,中央区,晴海,月島,12,110000000,２ＬＤＫ,60,2019年,ＲＣ,,,準工業,,,2026年第1四半期,,
中古マンション等,成約価格情報,13102,東京都,中央区,晴海,勝どき,11,110000000,２ＬＤＫ,70,2013年,ＲＣ,,,準工業,,,2026年第1四半期,,
中古マンション等,成約価格情報,13102,東京都,中央区,晴海,勝どき,14,94000000,１ＬＤＫ,50,2025年,ＲＣ,,,商業,,,2026年第1四半期,,
中古マンション等,成約価格情報,13102,東京都,中央区,晴海,勝どき,5,140000000,２ＬＤＫ,60,2015年,,,,準工業,,,2026年第1四半期,,
中古マンション等,成約価格情報,13102,東京都,中央区,晴海,勝どき,5,100000000,１ＬＤＫ,45,2015年,ＲＣ,,,準工業,,,2026年第1四半期,,
中古マンション等,成約価格情報,13102,東京都,中央区,晴海,勝どき,15,110000000,２ＬＤＫ,55,2025年,ＲＣ,,,商業,,,2026年第1四半期,,
中古マンション等,成約価格情報,13102,東京都,中央区,晴海,勝どき,5,170000000,２ＬＤＫ,75,2015年,ＲＣ,,,準工業,,,2026年第1四半期,,
中古マンション等,成約価格情報,13102,東京都,中央区,晴海,勝どき,5,200000000,２ＬＤＫ,75,2015年,ＲＣ,,,準工業,,,2026年第1四半期,,
中古マンション等,成約価格情報,13102,東京都,中央区,晴海,勝どき,10,66000000,１ＬＤＫ,40,2009年,ＳＲＣ,,,商業,,,2026年第1四半期,,
中古マンション等,成約価格情報,13102,東京都,中央区,晴海,月島,12,92000000,１ＬＤＫ,50,2019年,ＲＣ,,,準工業,,,2026年第1四半期,,
中古マンション等,成約価格情報,13102,東京都,中央区,晴海,勝どき,5,160000000,３ＬＤＫ,75,2015年,ＲＣ,,,準工業,,,2026年第1四半期,,
中古マンション等,成約価格情報,13102,東京都,中央区,晴海,勝どき,7,110000000,２ＬＤＫ,60,2015年,ＲＣ,,,１種住居,,,2026年第1四半期,,
中古マンション等,成約価格情報,13102,東京都,中央区,晴海,勝どき,15,160000000,３ＬＤＫ,75,2025年,ＲＣ,,,商業,,,2026年第1四半期,,
中古マンション等,成約価格情報,13102,東京都,中央区,晴海,勝どき,12,130000000,２ＬＤＫ,75,2009年,ＳＲＣ,,,商業,,,2026年第1四半期,,
中古マンション等,成約価格情報,13102,東京都,中央区,晴海,勝どき,15,120000000,２ＬＤＫ,70,2025年,ＲＣ,,,商業,,,2026年第1四半期,,
中古マンション等,成約価格情報,13102,東京都,中央区,晴海,勝どき,10,38000000,１ＤＫ,45,1998年,鉄骨造,,,１種住居,,,2026年第1四半期,,
中古マンション等,成約価格情報,13102,東京都,中央区,晴海,勝どき,13,150000000,３ＬＤＫ,90,2016年,ＲＣ,,,準工業,,,2026年第1四半期,,
中古マンション等,成約価格情報,13102,東京都,中央区,晴海,月島,11,130000000,３ＬＤＫ,70,2019年,ＲＣ,,,準工業,,,2026年第1四半期,,
中古マンション等,成約価格情報,13102,東京都,中央区,晴海,月島,12,140000000,３ＬＤＫ,75,2019年,ＲＣ,,,準工業,,,2026年第1四半期,,
中古マンション等,成約価格情報,13102,東京都,中央区,晴海,月島,12,160000000,３ＬＤＫ,70,2019年,ＲＣ,,,準工業,,,2026年第1四半期,,
中古マンション等,成約価格情報,13102,東京都,中央区,晴海,勝どき,19,120000000,２ＬＤＫ,70,2023年,ＲＣ,,,商業,,,2026年第1四半期,,
中古マンション等,成約価格情報,13102,東京都,中央区,晴海,勝どき,5,130000000,２ＬＤＫ,60,2015年,ＲＣ,,,準工業,,,2026年第1四半期,,
中古マンション等,成約価格情報,13102,東京都,中央区,晴海,月島,12,140000000,３ＬＤＫ,70,2019年,ＲＣ,,,準工業,,,2026年第1四半期,,
中古マンション等,成約価格情報,13102,東京都,中央区,晴海,勝どき,18,160000000,３ＬＤＫ,75,2025年,ＲＣ,,,商業,,,2026年第1四半期,,
中古マンション等,成約価格情報,13102,東京都,中央区,晴海,勝どき,5,190000000,２ＬＤＫ,90,2015年,ＲＣ,,,準工業,,,2026年第1四半期,,
中古マンション等,成約価格情報,13102,東京都,中央区,晴海,勝どき,12,110000000,２ＬＤＫ,60,2013年,ＲＣ,,,準工業,,,2026年第1四半期,,
中古マンション等,成約価格情報,13102,東京都,中央区,晴海,勝どき,7,140000000,３ＬＤＫ,70,2015年,ＲＣ,,,１種住居,,,2026年第1四半期,,
中古マンション等,成約価格情報,13102,東京都,中央区,晴海,月島,12,350000000,３ＬＤＫ,110,2019年,ＲＣ,,,準工業,,,2026年第1四半期,,
中古マンション等,成約価格情報,13102,東京都,中央区,晴海,勝どき,11,150000000,２ＬＤＫ,70,2013年,ＲＣ,,,準工業,,,2026年第1四半期,,
中古マンション等,成約価格情報,13102,東京都,中央区,晴海,勝どき,5,120000000,１ＬＤＫ,50,2015年,ＲＣ,,,準工業,,,2026年第1四半期,,
中古マンション等,成約価格情報,13102,東京都,中央区,晴海,勝どき,5,190000000,３ＬＤＫ,85,2015年,ＲＣ,,,準工業,,,2026年第1四半期,,
中古マンション等,成約価格情報,13102,東京都,中央区,晴海,勝どき,12,120000000,２ＬＤＫ,75,2009年,ＳＲＣ,,,商業,,,2026年第1四半期,,
中古マンション等,成約価格情報,13102,東京都,中央区,晴海,勝どき,19,130000000,３ＬＤＫ,85,2023年,ＲＣ,,,商業,,,2026年第1四半期,,
中古マンション等,成約価格情報,13102,東京都,中央区,晴海,勝どき,5,150000000,２ＬＤＫ,60,2015年,ＲＣ,,,準工業,,,2026年第1四半期,,
中古マンション等,成約価格情報,13102,東京都,中央区,晴海,月島,6,110000000,１ＬＤＫ＋Ｓ,70,1998年,ＳＲＣ,,,１種住居,,,2026年第1四半期,,
中古マンション等,成約価格情報,13102,東京都,中央区,晴海,勝どき,12,120000000,２ＬＤＫ,65,2013年,ＲＣ,,,準工業,,,2026年第1四半期,,
中古マンション等,成約価格情報,13102,東京都,中央区,晴海,月島,11,94000000,１ＬＤＫ,45,2019年,ＲＣ,,,準工業,,,2026年第1四半期,,
中古マンション等,成約価格情報,13102,東京都,中央区,晴海,勝どき,13,110000000,２ＬＤＫ,60,2016年,ＲＣ,,,準工業,,,2026年第1四半期,,
中古マンション等,成約価格情報,13102,東京都,中央区,晴海,勝どき,12,80000000,１ＬＤＫ,45,2013年,ＲＣ,,,準工業,,,2026年第1四半期,,
中古マンション等,成約価格情報,13102,東京都,中央区,晴海,勝どき,18,290000000,３ＬＤＫ,110,2023年,ＲＣ,,,商業,,,2026年第1四半期,,
中古マンション等,成約価格情報,13102,東京都,中央区,晴海,月島,6,100000000,３ＬＤＫ,80,1998年,鉄骨造,,,１種住居,,,2026年第1四半期,,
中古マンション等,成約価格情報,13102,東京都,中央区,晴海,勝どき,5,180000000,１ＬＤＫ＋Ｓ,75,2015年,ＲＣ,,,準工業,,,2026年第1四半期,,
中古マンション等,成約価格情報,13102,東京都,中央区,晴海,勝どき,5,140000000,２ＬＤＫ,60,2015年,ＲＣ,,,準工業,,,2026年第1四半期,,
中古マンション等,成約価格情報,13102,東京都,中央区,晴海,月島,7,50000000,１ＤＫ,45,1998年,ＲＣ,,,１種住居,,,2026年第1四半期,,
中古マンション等,成約価格情報,13102,東京都,中央区,晴海,勝どき,15,290000000,３ＬＤＫ,90,2025年,ＲＣ,,,商業,,,2026年第1四半期,,
中古マンション等,成約価格情報,13102,東京都,中央区,晴海,勝どき,12,86000000,１ＬＤＫ,60,2009年,ＳＲＣ,,,商業,,,2026年第1四半期,,
中古マンション等,成約価格情報,13102,東京都,中央区,晴海,勝どき,18,130000000,２ＬＤＫ,70,2025年,ＲＣ,,,商業,,,2026年第1四半期,,
中古マンション等,成約価格情報,13102,東京都,中央区,勝どき,勝どき,1,250000000,３ＬＤＫ,85,2023年,ＲＣ,,,商業,,,2026年第1四半期,,
中古マンション等,成約価格情報,13102,東京都,中央区,勝どき,勝どき,2,260000000,２ＬＤＫ,80,2023年,ＲＣ,,,２種住居,,,2026年第1四半期,,
中古マンション等,成約価格情報,13102,東京都,中央区,勝どき,勝どき,8,95000000,３ＬＤＫ,80,2007年,ＲＣ,,,１種住居,,,2026年第1四半期,,
中古マンション等,成約価格情報,13102,東京都,中央区,勝どき,勝どき,5,57000000,１ＬＤＫ,45,2008年,ＲＣ,,,２種住居,,,2026年第1四半期,,
中古マンション等,成約価格情報,13102,東京都,中央区,勝どき,勝どき,2,220000000,３ＬＤＫ,75,2023年,ＲＣ,,,２種住居,,,2026年第1四半期,,
中古マンション等,成約価格情報,13102,東京都,中央区,勝どき,勝どき,2,230000000,３ＬＤＫ,75,2023年,ＲＣ,,,２種住居,,,2026年第1四半期,,
中古マンション等,成約価格情報,13102,東京都,中央区,勝どき,勝どき,8,130000000,２ＬＤＫ,80,2012年,ＲＣ,,,準工業,,,2026年第1四半期,,
中古マンション等,成約価格情報,13102,東京都,中央区,勝どき,勝どき,7,190000000,３ＬＤＫ,75,2016年,ＲＣ,,,商業,,,2026年第1四半期,,
中古マンション等,成約価格情報,13102,東京都,中央区,勝どき,勝どき,10,170000000,２ＬＤＫ,120,2000年,ＲＣ,,,準工業,,,2026年第1四半期,,
中古マンション等,成約価格情報,13102,東京都,中央区,勝どき,勝どき,1,480000000,３ＬＤＫ,105,2023年,ＲＣ,,,商業,,,2026年第1四半期,,
中古マンション等,成約価格情報,13102,東京都,中央区,勝どき,勝どき,7,110000000,２ＬＤＫ,70,2007年,ＲＣ,,,商業,,,2026年第1四半期,,
中古マンション等,成約価格情報,13102,東京都,中央区,勝どき,勝どき,1,180000000,２ＬＤＫ,60,2023年,ＲＣ,,,商業,,,2026年第1四半期,,
中古マンション等,成約価格情報,13102,東京都,中央区,勝どき,勝どき,8,110000000,１ＬＤＫ,60,2008年,ＲＣ,,,商業,,,2026年第1四半期,,
中古マンション等,成約価格情報,13102,東京都,中央区,勝どき,勝どき,8,110000000,３ＬＤＫ,75,2007年,ＲＣ,,,１種住居,,,2026年第1四半期,,
中古マンション等,成約価格情報,13102,東京都,中央区,勝どき,勝どき,7,220000000,２ＬＤＫ,95,2016年,ＲＣ,,,商業,,,2026年第1四半期,,
中古マンション等,成約価格情報,13102,東京都,中央区,勝どき,勝どき,8,66000000,１ＬＤＫ,45,2012年,ＲＣ,,,商業,,,2026年第1四半期,,
中古マンション等,成約価格情報,13102,東京都,中央区,勝どき,勝どき,1,34000000,１Ｒ,20,1976年,ＳＲＣ,,,商業,,,2026年第1四半期,,
中古マンション等,成約価格情報,13102,東京都,中央区,勝どき,勝どき,1,63000000,１Ｋ,25,2023年,ＲＣ,,,２種住居,,,2026年第1四半期,,
中古マンション等,成約価格情報,13102,東京都,中央区,勝どき,勝どき,7,100000000,３ＬＤＫ,65,2007年,ＲＣ,,,商業,,,2026年第1四半期,,
中古マンション等,成約価格情報,13102,東京都,中央区,勝どき,勝どき,9,58000000,１ＬＤＫ,30,2021年,ＲＣ,,,準工業,,,2026年第1四半期,,
中古マンション等,成約価格情報,13102,東京都,中央区,勝どき,勝どき,1,130000000,２ＬＤＫ,55,2010年,ＲＣ,,,商業,,,2026年第1四半期,,
中古マンション等,成約価格情報,13102,東京都,中央区,勝どき,勝どき,6,190000000,３ＬＤＫ,85,2008年,ＲＣ,,,商業,,,2026年第1四半期,,
中古マンション等,成約価格情報,13102,東京都,中央区,勝どき,勝どき,1,79000000,２ＬＤＫ,70,1975年,ＳＲＣ,,,商業,,,2026年第1四半期,,
中古マンション等,成約価格情報,13102,東京都,中央区,勝どき,勝どき,5,27000000,１Ｋ,25,2008年,ＲＣ,,,２種住居,,,2026年第1四半期,,
中古マンション等,成約価格情報,13102,東京都,中央区,勝どき,勝どき,1,100000000,１Ｒ,65,1981年,ＲＣ,,,商業,,,2026年第1四半期,,
中古マンション等,成約価格情報,13102,東京都,中央区,勝どき,勝どき,6,160000000,３ＬＤＫ,85,2008年,ＲＣ,,,商業,,,2026年第1四半期,,
中古マンション等,成約価格情報,13102,東京都,中央区,勝どき,勝どき,3,110000000,３ＬＤＫ,60,2000年,ＲＣ,,,２種住居,,,2026年第1四半期,,
中古マンション等,成約価格情報,13102,東京都,中央区,勝どき,勝どき,4,40000000,２ＤＫ,50,2002年,ＲＣ,,,商業,,,2026年第1四半期,,
中古マンション等,成約価格情報,13102,東京都,中央区,勝どき,勝どき,1,230000000,２ＬＤＫ,70,2023年,ＲＣ,,,２種住居,,,2026年第1四半期,,
中古マンション等,成約価格情報,13102,東京都,中央区,勝どき,勝どき,6,200000000,３ＬＤＫ,95,2008年,ＲＣ,,,商業,,,2026年第1四半期,,
中古マンション等,成約価格情報,13102,東京都,中央区,勝どき,勝どき,7,320000000,３ＬＤＫ,140,2008年,ＲＣ,,,商業,,,2026年第1四半期,,
中古マンション等,成約価格情報,13102,東京都,中央区,勝どき,勝どき,1,110000000,２ＬＤＫ,55,2010年,ＲＣ,,,商業,,,2026年第1四半期,,
中古マンション等,成約価格情報,13102,東京都,中央区,日本橋箱崎町,人形町,8,12000000,１Ｒ,20,1985年,ＳＲＣ,,,商業,,,2026年第1四半期,,
中古マンション等,成約価格情報,13102,東京都,中央区,日本橋箱崎町,水天宮前,4,120000000,１Ｒ,60,2018年,ＲＣ,,,商業,,,2026年第1四半期,,
中古マンション等,成約価格情報,13102,東京都,中央区,日本橋箱崎町,水天宮前,2,54000000,１ＬＤＫ,40,2012年,ＳＲＣ,,,商業,,,2026年第1四半期,,
中古マンション等,成約価格情報,13102,東京都,中央区,日本橋本町,新日本橋,2,170000000,２ＬＤＫ,60,2022年,ＲＣ,,,商業,,,2026年第1四半期,,
中古マンション等,成約価格情報,13102,東京都,中央区,日本橋本町,新日本橋,2,90000000,１ＬＤＫ,55,2004年,ＲＣ,,,商業,,,2026年第1四半期,,
中古マンション等,成約価格情報,13102,東京都,中央区,日本橋本町,新日本橋,1,160000000,２ＬＤＫ,60,2014年,ＲＣ,,,商業,,,2026年第1四半期,,
中古マンション等,成約価格情報,13102,東京都,中央区,日本橋本町,小伝馬町,2,200000000,３ＬＤＫ,95,2005年,ＲＣ,,,商業,,,2026年第1四半期,,
中古マンション等,成約価格情報,13102,東京都,中央区,日本橋本町,小伝馬町,2,56000000,１ＬＤＫ,45,2005年,ＲＣ,,,商業,,,2026年第1四半期,,
中古マンション等,成約価格情報,13102,東京都,中央区,日本橋本町,小伝馬町,2,74000000,１ＬＤＫ,40,2005年,ＲＣ,,,商業,,,2026年第1四半期,,
中古マンション等,成約価格情報,13102,東京都,中央区,明石町,新富町(東京),3,150000000,２ＬＤＫ,60,2014年,ＲＣ,,,２種住居,,,2026年第1四半期,,
中古マンション等,成約価格情報,13102,東京都,中央区,明石町,築地,8,110000000,２ＬＤＫ,55,2012年,ＲＣ,,,２種住居,,,2026年第1四半期,,
中古マンション等,成約価格情報,13102,東京都,中央区,明石町,築地,4,45000000,１ＬＤＫ,40,1983年,ＲＣ,,,２種住居,,,2026年第1四半期,,
中古マンション等,成約価格情報,13102,東京都,中央区,明石町,新富町(東京),3,180000000,２ＬＤＫ,70,2014年,ＳＲＣ,,,２種住居,,,2026年第1四半期,,
中古マンション等,成約価格情報,13102,東京都,中央区,入船,八丁堀(東京),3,48000000,３Ｋ,45,1982年,ＳＲＣ,,,商業,,,2026年第1四半期,,
中古マンション等,成約価格情報,13102,東京都,中央区,入船,新富町(東京),2,30000000,１Ｋ,25,2003年,ＳＲＣ,,,商業,,,2026年第1四半期,,
中古マンション等,成約価格情報,13102,東京都,中央区,入船,八丁堀(東京),3,19000000,１Ｒ,20,1982年,ＳＲＣ,,,商業,,,2026年第1四半期,,
中古マンション等,成約価格情報,13102,東京都,中央区,入船,八丁堀(東京),3,56000000,１ＬＤＫ,35,2021年,ＲＣ,,,商業,,,2026年第1四半期,,
中古マンション等,成約価格情報,13102,東京都,中央区,銀座,銀座一丁目,5,100000000,１ＬＤＫ,75,2003年,ＲＣ,,,商業,,,2026年第1四半期,,
中古マンション等,成約価格情報,13102,東京都,中央区,銀座,東銀座,3,60000000,１Ｋ,30,2004年,ＳＲＣ,,,商業,,,2026年第1四半期,改装済み,
中古マンション等,成約価格情報,13102,東京都,中央区,銀座,銀座一丁目,6,190000000,２ＬＤＫ,55,2022年,ＲＣ,,,商業,,,2026年第1四半期,,
中古マンション等,成約価格情報,13102,東京都,中央区,銀座,築地市場,4,28000000,１Ｒ,25,1979年,ＳＲＣ,,,商業,,,2026年第1四半期,,
中古マンション等,成約価格情報,13102,東京都,中央区,銀座,東銀座,4,170000000,２ＬＤＫ,65,2015年,ＲＣ,,,商業,,,2026年第1四半期,,
中古マンション等,成約価格情報,13102,東京都,中央区,銀座,銀座一丁目,4,93000000,１ＬＤＫ,60,2003年,ＲＣ,,,商業,,,2026年第1四半期,,
中古マンション等,成約価格情報,13102,東京都,中央区,銀座,銀座一丁目,3,65000000,１Ｒ,20,2006年,ＲＣ,,,商業,,,2026年第1四半期,,
中古マンション等,成約価格情報,13102,東京都,中央区,銀座,銀座一丁目,3,64000000,１Ｒ,20,2006年,ＲＣ,,,商業,,,2026年第1四半期,,
中古マンション等,成約価格情報,13102,東京都,中央区,銀座,銀座一丁目,3,100000000,１Ｒ,35,2006年,ＲＣ,,,商業,,,2026年第1四半期,,
中古マンション等,成約価格情報,13102,東京都,中央区,銀座,新富町(東京),3,110000000,２ＬＤＫ,85,2003年,ＲＣ,,,商業,,,2026年第1四半期,,
中古マンション等,成約価格情報,13102,東京都,中央区,豊海町,勝どき,10,97000000,１ＬＤＫ,45,2026年,ＲＣ,,,準工業,,,2026年第1四半期,,
中古マンション等,成約価格情報,13102,東京都,中央区,豊海町,勝どき,10,170000000,３ＬＤＫ,75,2014年,ＲＣ,,,準工業,,,2026年第1四半期,,
中古マンション等,成約価格情報,13102,東京都,中央区,豊海町,勝どき,10,70000000,１ＬＤＫ,35,2026年,ＲＣ,,,準工業,,,2026年第1四半期,,
中古マンション等,成約価格情報,13102,東京都,中央区,豊海町,勝どき,10,130000000,２ＬＤＫ,60,2026年,ＲＣ,,,準工業,,,2026年第1四半期,,
中古マンション等,成約価格情報,13102,東京都,中央区,日本橋大伝馬町,小伝馬町,3,150000000,３ＬＤＫ,80,2004年,ＳＲＣ,,,商業,,,2026年第1四半期,,
中古マンション等,成約価格情報,13102,東京都,中央区,日本橋大伝馬町,小伝馬町,3,120000000,１ＬＤＫ＋Ｓ,60,2002年,ＳＲＣ,,,商業,,,2026年第1四半期,,
中古マンション等,成約価格情報,13102,東京都,中央区,日本橋大伝馬町,小伝馬町,3,100000000,２ＬＤＫ,60,2003年,ＳＲＣ,,,商業,,,2026年第1四半期,改装済み,
中古マンション等,成約価格情報,13102,東京都,中央区,日本橋大伝馬町,馬喰町,3,130000000,２ＬＤＫ,65,2018年,ＲＣ,,,商業,,,2026年第1四半期,,
中古マンション等,成約価格情報,13102,東京都,中央区,日本橋大伝馬町,小伝馬町,3,100000000,２ＬＤＫ,60,2002年,ＳＲＣ,,,商業,,,2026年第1四半期,,
中古マンション等,成約価格情報,13102,東京都,中央区,日本橋富沢町,人形町,2,150000000,２ＬＤＫ,60,2016年,ＲＣ,,,商業,,,2026年第1四半期,,
中古マンション等,成約価格情報,13102,東京都,中央区,日本橋富沢町,人形町,5,83000000,１ＬＤＫ＋Ｓ,45,1999年,ＳＲＣ,,,商業,,,2026年第1四半期,,
中古マンション等,成約価格情報,13102,東京都,中央区,日本橋富沢町,馬喰横山,3,120000000,２ＬＤＫ,65,2006年,ＲＣ,,,商業,,,2026年第1四半期,,
中古マンション等,成約価格情報,13102,東京都,中央区,日本橋富沢町,馬喰横山,3,81000000,１ＬＤＫ,45,2018年,ＲＣ,,,商業,,,2026年第1四半期,,
中古マンション等,成約価格情報,13102,東京都,中央区,日本橋横山町,馬喰町,1,79000000,１ＬＤＫ,40,2017年,ＲＣ,,,商業,,,2026年第1四半期,,
中古マンション等,成約価格情報,13102,東京都,中央区,東日本橋,東日本橋,3,190000000,３ＬＤＫ,70,2020年,ＲＣ,,,商業,,,2026年第1四半期,,
中古マンション等,成約価格情報,13102,東京都,中央区,東日本橋,東日本橋,1,140000000,２ＬＤＫ,65,2018年,ＲＣ,,,商業,,,2026年第1四半期,,
中古マンション等,成約価格情報,13102,東京都,中央区,東日本橋,馬喰横山,2,140000000,３ＬＤＫ,65,2005年,ＳＲＣ,,,商業,,,2026年第1四半期,,
中古マンション等,成約価格情報,13102,東京都,中央区,東日本橋,東日本橋,2,110000000,２ＬＤＫ,55,2013年,ＲＣ,,,商業,,,2026年第1四半期,,
中古マンション等,成約価格情報,13102,東京都,中央区,東日本橋,東日本橋,3,100000000,１ＬＤＫ,45,2020年,ＲＣ,,,商業,,,2026年第1四半期,,
中古マンション等,成約価格情報,13102,東京都,中央区,東日本橋,馬喰横山,2,30000000,１Ｒ,25,2002年,ＲＣ,,,商業,,,2026年第1四半期,,
中古マンション等,成約価格情報,13102,東京都,中央区,東日本橋,東日本橋,5,50000000,１ＬＤＫ,45,2004年,ＳＲＣ,,,商業,,,2026年第1四半期,,
中古マンション等,成約価格情報,13102,東京都,中央区,東日本橋,東日本橋,2,21000000,１Ｋ,20,1997年,ＲＣ,,,商業,,,2026年第1四半期,,
中古マンション等,成約価格情報,13102,東京都,中央区,東日本橋,東日本橋,4,69000000,１ＬＤＫ,45,2005年,ＲＣ,,,商業,,,2026年第1四半期,,
中古マンション等,成約価格情報,13102,東京都,中央区,東日本橋,東日本橋,1,100000000,２ＬＤＫ,50,2013年,ＲＣ,,,商業,,,2026年第1四半期,,
中古マンション等,成約価格情報,13102,東京都,中央区,東日本橋,東日本橋,2,73000000,１ＬＤＫ,45,2001年,ＳＲＣ,,,商業,,,2026年第1四半期,改装済み,
中古マンション等,成約価格情報,13102,東京都,中央区,東日本橋,東日本橋,3,110000000,１ＬＤＫ＋Ｓ,60,2004年,ＲＣ,,,商業,,,2026年第1四半期,改装済み,
中古マンション等,成約価格情報,13102,東京都,中央区,東日本橋,東日本橋,2,100000000,２ＬＤＫ,55,2014年,ＲＣ,,,商業,,,2026年第1四半期,,
中古マンション等,成約価格情報,13102,東京都,中央区,湊,新富町(東京),6,86000000,１ＬＤＫ,45,2015年,ＲＣ,,,商業,,,2026年第1四半期,,
中古マンション等,成約価格情報,13102,東京都,中央区,湊,八丁堀(東京),6,170000000,２ＬＤＫ,75,2017年,ＲＣ,,,商業,,,2026年第1四半期,,
中古マンション等,成約価格情報,13102,東京都,中央区,湊,新富町(東京),4,150000000,３ＬＤＫ,65,2005年,ＳＲＣ,,,商業,,,2026年第1四半期,,
中古マンション等,成約価格情報,13102,東京都,中央区,湊,八丁堀(東京),5,130000000,２ＬＤＫ,70,2011年,ＲＣ,,,商業,,,2026年第1四半期,,
中古マンション等,成約価格情報,13102,東京都,中央区,湊,八丁堀(東京),7,150000000,３ＬＤＫ,75,2011年,ＲＣ,,,商業,,,2026年第1四半期,改装済み,
中古マンション等,成約価格情報,13102,東京都,中央区,湊,八丁堀(東京),5,120000000,２ＬＤＫ,60,2019年,ＲＣ,,,商業,,,2026年第1四半期,,
中古マンション等,成約価格情報,13102,東京都,中央区,湊,新富町(東京),6,100000000,２ＬＤＫ,60,2005年,ＲＣ,,,商業,,,2026年第1四半期,,
中古マンション等,成約価格情報,13102,東京都,中央区,湊,新富町(東京),5,62000000,１ＬＤＫ,45,1997年,ＲＣ,,,商業,,,2026年第1四半期,,
中古マンション等,成約価格情報,13102,東京都,中央区,湊,新富町(東京),3,42000000,２ＤＫ,45,1978年,ＳＲＣ,,,商業,,,2026年第1四半期,,
中古マンション等,成約価格情報,13102,東京都,中央区,湊,八丁堀(東京),4,96000000,１ＬＤＫ,45,2023年,ＲＣ,,,商業,,,2026年第1四半期,,
中古マンション等,成約価格情報,13102,東京都,中央区,湊,八丁堀(東京),6,150000000,２ＬＤＫ,60,2017年,ＲＣ,,,商業,,,2026年第1四半期,,
中古マンション等,成約価格情報,13102,東京都,中央区,湊,八丁堀(東京),7,160000000,２ＬＤＫ,60,2019年,ＲＣ,,,商業,,,2026年第1四半期,,
中古マンション等,成約価格情報,13102,東京都,中央区,湊,新富町(東京),5,16000000,１Ｋ,20,1989年,ＳＲＣ,,,商業,,,2026年第1四半期,,
中古マンション等,成約価格情報,13102,東京都,中央区,新川,茅場町,6,140000000,２ＬＤＫ,60,2015年,ＲＣ,,,商業,,,2026年第1四半期,,
中古マンション等,成約価格情報,13102,東京都,中央区,新川,八丁堀(東京),3,29000000,１Ｋ,25,2012年,ＲＣ,,,商業,,,2026年第1四半期,,
中古マンション等,成約価格情報,13102,東京都,中央区,新川,八丁堀(東京),3,160000000,３ＬＤＫ,70,2015年,ＲＣ,,,商業,,,2026年第1四半期,,
中古マンション等,成約価格情報,13102,東京都,中央区,新川,茅場町,5,17000000,１Ｒ,20,1982年,ＳＲＣ,,,商業,,,2026年第1四半期,,
中古マンション等,成約価格情報,13102,東京都,中央区,新川,八丁堀(東京),5,46000000,１ＬＤＫ,40,2004年,ＲＣ,,,商業,,,2026年第1四半期,,
中古マンション等,成約価格情報,13102,東京都,中央区,新川,茅場町,6,130000000,３ＬＤＫ,80,1998年,ＳＲＣ,,,商業,,,2026年第1四半期,改装済み,
中古マンション等,成約価格情報,13102,東京都,中央区,新川,八丁堀(東京),3,96000000,１ＬＤＫ,60,2004年,ＳＲＣ,,,商業,,,2026年第1四半期,,
中古マンション等,成約価格情報,13102,東京都,中央区,新川,茅場町,6,130000000,２ＬＤＫ,60,2000年,ＳＲＣ,,,商業,,,2026年第1四半期,,
中古マンション等,成約価格情報,13102,東京都,中央区,新川,茅場町,5,100000000,２ＬＤＫ,55,2003年,ＲＣ,,,商業,,,2026年第1四半期,,
中古マンション等,成約価格情報,13102,東京都,中央区,新川,八丁堀(東京),5,200000000,２ＬＤＫ＋Ｓ,75,2017年,ＲＣ,,,商業,,,2026年第1四半期,,
中古マンション等,成約価格情報,13102,東京都,中央区,新川,八丁堀(東京),5,130000000,２ＬＤＫ,60,2017年,ＲＣ,,,商業,,,2026年第1四半期,,
中古マンション等,成約価格情報,13102,東京都,中央区,新川,八丁堀(東京),3,130000000,２ＬＤＫ,75,2004年,ＳＲＣ,,,商業,,,2026年第1四半期,,
中古マンション等,成約価格情報,13102,東京都,中央区,新川,八丁堀(東京),3,180000000,３ＬＤＫ,75,2019年,ＲＣ,,,商業,,,2026年第1四半期,,
中古マンション等,成約価格情報,13102,東京都,中央区,新川,八丁堀(東京),6,100000000,１ＬＤＫ,70,1997年,ＳＲＣ,,,商業,,,2026年第1四半期,,
中古マンション等,成約価格情報,13102,東京都,中央区,新川,八丁堀(東京),5,14000000,１Ｒ,20,1974年,ＳＲＣ,,,商業,,,2026年第1四半期,,
中古マンション等,成約価格情報,13102,東京都,中央区,新川,八丁堀(東京),4,31000000,１ＤＫ,35,1980年,ＳＲＣ,,,商業,,,2026年第1四半期,,
中古マンション等,成約価格情報,13102,東京都,中央区,築地,新富町(東京),2,24000000,１Ｒ,40,1971年,ＳＲＣ,,,商業,,,2026年第1四半期,,
中古マンション等,成約価格情報,13102,東京都,中央区,築地,築地,7,120000000,２ＬＤＫ,55,2021年,ＲＣ,,,商業,,,2026年第1四半期,,
中古マンション等,成約価格情報,13102,東京都,中央区,築地,築地,6,35000000,１Ｒ,30,1982年,ＳＲＣ,,,商業,,,2026年第1四半期,,
中古マンション等,成約価格情報,13102,東京都,中央区,築地,東銀座,3,67000000,２ＤＫ,45,2004年,ＲＣ,,,商業,,,2026年第1四半期,,
中古マンション等,成約価格情報,13102,東京都,中央区,築地,新富町(東京),2,30000000,１Ｒ,35,1971年,ＳＲＣ,,,商業,,,2026年第1四半期,,
中古マンション等,成約価格情報,13102,東京都,中央区,築地,築地,6,120000000,３ＬＤＫ,80,1988年,ＳＲＣ,,,商業,,,2026年第1四半期,,
中古マンション等,成約価格情報,13102,東京都,中央区,築地,築地,6,80000000,１ＬＤＫ,40,1999年,,,,商業,,,2026年第1四半期,,
中古マンション等,成約価格情報,13102,東京都,中央区,築地,築地,1,73000000,１ＬＤＫ,40,2017年,ＲＣ,,,商業,,,2026年第1四半期,,
中古マンション等,成約価格情報,13102,東京都,中央区,築地,築地,4,50000000,１ＬＤＫ,40,1980年,ＳＲＣ,,,商業,,,2026年第1四半期,,
中古マンション等,成約価格情報,13102,東京都,中央区,築地,新富町(東京),1,28000000,１Ｋ,20,2000年,ＲＣ,,,商業,,,2026年第1四半期,,
中古マンション等,成約価格情報,13102,東京都,中央区,築地,築地,1,150000000,２ＬＤＫ,60,2019年,ＲＣ,,,商業,,,2026年第1四半期,,
中古マンション等,成約価格情報,13102,東京都,中央区,築地,築地,5,150000000,２ＬＤＫ,50,2020年,ＲＣ,,,商業,,,2026年第1四半期,,
中古マンション等,成約価格情報,13102,東京都,中央区,築地,築地,3,83000000,１ＬＤＫ,65,1999年,ＳＲＣ,,,商業,,,2026年第1四半期,,
中古マンション等,成約価格情報,13102,東京都,中央区,月島,月島,3,79000000,２ＬＤＫ,60,2019年,ＲＣ,,,２種住居,,,2026年第1四半期,,
中古マンション等,成約価格情報,13102,東京都,中央区,月島,勝どき,7,21000000,１Ｋ,20,1996年,ＲＣ,,,２種住居,,,2026年第1四半期,,
中古マンション等,成約価格情報,13102,東京都,中央区,月島,月島,6,96000000,２ＬＤＫ,55,2014年,ＲＣ,,,２種住居,,,2026年第1四半期,,
中古マンション等,成約価格情報,13102,東京都,中央区,月島,月島,6,57000000,１ＬＤＫ,45,2021年,ＲＣ,,,２種住居,,,2026年第1四半期,,
中古マンション等,成約価格情報,13102,東京都,中央区,月島,月島,5,120000000,２ＬＤＫ,70,2001年,ＲＣ,,,２種住居,,,2026年第1四半期,,
中古マンション等,成約価格情報,13102,東京都,中央区,月島,月島,2,210000000,２ＬＤＫ,75,2020年,ＲＣ,,,商業,,,2026年第1四半期,,
中古マンション等,成約価格情報,13102,東京都,中央区,月島,月島,5,130000000,２ＬＤＫ,65,2012年,ＲＣ,,,２種住居,,,2026年第1四半期,,
中古マンション等,成約価格情報,13102,東京都,中央区,月島,月島,1,200000000,３ＬＤＫ,85,2003年,ＲＣ,,,商業,,,2026年第1四半期,改装済み,
中古マンション等,成約価格情報,13102,東京都,中央区,月島,月島,2,200000000,３ＬＤＫ,70,2020年,ＲＣ,,,商業,,,2026年第1四半期,,
中古マンション等,成約価格情報,13102,東京都,中央区,月島,月島,1,270000000,３ＬＤＫ,85,2015年,ＲＣ,,,商業,,,2026年第1四半期,,
中古マンション等,成約価格情報,13102,東京都,中央区,月島,月島,5,120000000,２ＬＤＫ,65,2012年,ＲＣ,,,２種住居,,,2026年第1四半期,,
中古マンション等,成約価格情報,13102,東京都,中央区,月島,月島,1,110000000,１ＬＤＫ,55,2003年,ＲＣ,,,商業,,,2026年第1四半期,,
中古マンション等,成約価格情報,13102,東京都,中央区,月島,勝どき,6,20000000,１Ｋ,20,1996年,ＲＣ,,,２種住居,,,2026年第1四半期,,
中古マンション等,成約価格情報,13102,東京都,中央区,月島,月島,5,100000000,２ＬＤＫ,55,2012年,ＲＣ,,,商業,,,2026年第1四半期,,
中古マンション等,成約価格情報,13102,東京都,中央区,月島,月島,1,110000000,１ＬＤＫ,45,2015年,ＲＣ,,,商業,,,2026年第1四半期,,
中古マンション等,成約価格情報,13102,東京都,中央区,月島,月島,3,71000000,２ＬＤＫ,55,2019年,ＲＣ,,,２種住居,,,2026年第1四半期,,
中古マンション等,成約価格情報,13102,東京都,中央区,月島,月島,1,110000000,１ＬＤＫ,40,2015年,ＲＣ,,,商業,,,2026年第1四半期,,
中古マンション等,成約価格情報,13102,東京都,中央区,月島,勝どき,5,12000000,１Ｒ,20,1974年,鉄骨造,,,２種住居,,,2026年第1四半期,,
中古マンション等,成約価格情報,13102,東京都,中央区,月島,月島,1,120000000,２ＬＤＫ,45,2015年,ＲＣ,,,商業,,,2026年第1四半期,,
中古マンション等,成約価格情報,13102,東京都,中央区,佃,月島,8,120000000,２ＬＤＫ,75,1993年,ＳＲＣ,,,１種住居,,,2026年第1四半期,,
中古マンション等,成約価格情報,13102,東京都,中央区,佃,月島,8,87000000,１ＬＤＫ,65,1993年,ＳＲＣ,,,１種住居,,,2026年第1四半期,,
中古マンション等,成約価格情報,13102,東京都,中央区,佃,月島,1,160000000,２ＬＤＫ,75,2005年,ＲＣ,,,２種住居,,,2026年第1四半期,,
中古マンション等,成約価格情報,13102,東京都,中央区,佃,月島,7,110000000,２ＬＤＫ,80,1991年,ＳＲＣ,,,１種住居,,,2026年第1四半期,,
中古マンション等,成約価格情報,13102,東京都,中央区,佃,月島,8,92000000,１ＬＤＫ,50,1999年,ＳＲＣ,,,商業,,,2026年第1四半期,,
中古マンション等,成約価格情報,13102,東京都,中央区,佃,月島,1,83000000,１ＬＤＫ＋Ｓ,65,1997年,ＳＲＣ,,,２種住居,,,2026年第1四半期,,
中古マンション等,成約価格情報,13102,東京都,中央区,佃,月島,2,130000000,２ＬＤＫ,70,2011年,ＲＣ,,,商業,,,2026年第1四半期,,
中古マンション等,成約価格情報,13102,東京都,中央区,佃,月島,1,130000000,２ＬＤＫ,70,2004年,ＲＣ,,,２種住居,,,2026年第1四半期,,
中古マンション等,成約価格情報,13102,東京都,中央区,佃,月島,3,160000000,３ＬＤＫ,75,2016年,ＲＣ,,,２種住居,,,2026年第1四半期,,
中古マンション等,成約価格情報,13102,東京都,中央区,佃,月島,8,130000000,２ＬＤＫ,70,1999年,ＳＲＣ,,,商業,,,2026年第1四半期,,
中古マンション等,成約価格情報,13102,東京都,中央区,佃,月島,9,180000000,３ＬＤＫ,90,1999年,ＳＲＣ,,,商業,,,2026年第1四半期,,
中古マンション等,成約価格情報,13102,東京都,中央区,佃,月島,8,120000000,２ＬＤＫ,70,1999年,ＳＲＣ,,,商業,,,2026年第1四半期,,
中古マンション等,成約価格情報,13102,東京都,中央区,佃,月島,8,360000000,３ＬＤＫ,150,1993年,ＲＣ,,,１中住専,,,2026年第1四半期,,
中古マンション等,成約価格情報,13102,東京都,中央区,佃,月島,4,170000000,４ＬＤＫ,90,2000年,,,,２種住居,,,2026年第1四半期,,
中古マンション等,成約価格情報,13102,東京都,中央区,佃,月島,1,69000000,１ＬＤＫ,40,2006年,ＳＲＣ,,,商業,,,2026年第1四半期,,
中古マンション等,成約価格情報,13102,東京都,中央区,佃,月島,2,120000000,２ＬＤＫ,55,2020年,ＲＣ,,,商業,,,2026年第1四半期,,
中古マンション等,成約価格情報,13102,東京都,中央区,日本橋,日本橋(東京),3,98000000,１ＬＤＫ,40,2004年,ＳＲＣ,,,商業,,,2026年第1四半期,,
中古マンション等,成約価格情報,13102,東京都,中央区,日本橋,日本橋(東京),6,130000000,１ＬＤＫ,45,2004年,ＳＲＣ,,,商業,,,2026年第1四半期,改装済み,
中古マンション等,成約価格情報,13102,東京都,中央区,日本橋兜町,東京,8,120000000,１ＬＤＫ＋Ｓ,55,2001年,ＲＣ,,,商業,,,2026年第1四半期,,
中古マンション等,成約価格情報,13102,東京都,中央区,日本橋兜町,日本橋(東京),5,30000000,１Ｒ,30,1980年,ＳＲＣ,,,商業,,,2026年第1四半期,改装済み,
中古マンション等,成約価格情報,13102,東京都,中央区,日本橋小網町,人形町,5,24000000,１Ｋ,20,1980年,ＳＲＣ,,,商業,,,2026年第1四半期,,
中古マンション等,成約価格情報,13102,東京都,中央区,日本橋小網町,茅場町,6,110000000,２ＬＤＫ,60,2003年,ＳＲＣ,,,商業,,,2026年第1四半期,,
中古マンション等,成約価格情報,13102,東京都,中央区,日本橋小網町,茅場町,4,89000000,１ＬＤＫ,40,2010年,ＲＣ,,,商業,,,2026年第1四半期,,
中古マンション等,成約価格情報,13102,東京都,中央区,日本橋中洲,水天宮前,4,100000000,２ＬＤＫ,60,1998年,ＳＲＣ,,,商業,,,2026年第1四半期,,
中古マンション等,成約価格情報,13102,東京都,中央区,日本橋中洲,水天宮前,5,61000000,１ＬＤＫ,40,2002年,ＳＲＣ,,,商業,,,2026年第1四半期,,
中古マンション等,成約価格情報,13102,東京都,中央区,日本橋中洲,水天宮前,5,24000000,１Ｋ,35,2002年,ＳＲＣ,,,商業,,,2026年第1四半期,,
中古マンション等,成約価格情報,13102,東京都,中央区,日本橋中洲,水天宮前,6,55000000,１ＬＤＫ,40,2003年,ＳＲＣ,,,商業,,,2026年第1四半期,,
中古マンション等,成約価格情報,13102,東京都,中央区,日本橋中洲,水天宮前,4,70000000,２ＬＤＫ,50,1982年,ＳＲＣ,,,商業,,,2026年第1四半期,,
中古マンション等,成約価格情報,13102,東京都,中央区,日本橋浜町,浜町,2,220000000,２ＬＤＫ＋Ｓ,85,2017年,ＲＣ,,,商業,,,2026年第1四半期,,
中古マンション等,成約価格情報,13102,東京都,中央区,日本橋浜町,浜町,1,40000000,１Ｒ,30,1999年,ＲＣ,,,商業,,,2026年第1四半期,,
中古マンション等,成約価格情報,13102,東京都,中央区,日本橋浜町,浜町,3,50000000,３ＤＫ,55,1977年,ＳＲＣ,,,商業,,,2026年第1四半期,,
中古マンション等,成約価格情報,13102,東京都,中央区,日本橋浜町,人形町,4,77000000,１ＬＤＫ,40,2020年,ＲＣ,,,商業,,,2026年第1四半期,,
中古マンション等,成約価格情報,13102,東京都,中央区,日本橋浜町,水天宮前,5,230000000,４ＬＤＫ,125,2005年,ＳＲＣ,,,商業,,,2026年第1四半期,,
中古マンション等,成約価格情報,13102,東京都,中央区,日本橋浜町,浜町,4,39000000,１ＬＤＫ,35,1980年,ＳＲＣ,,,商業,,,2026年第1四半期,,
中古マンション等,成約価格情報,13102,東京都,中央区,日本橋浜町,人形町,4,77000000,１ＬＤＫ,40,2020年,ＲＣ,,,商業,,,2026年第1四半期,,
中古マンション等,成約価格情報,13102,東京都,中央区,日本橋浜町,浜町,3,74000000,１ＬＤＫ,45,2005年,ＲＣ,,,商業,,,2026年第1四半期,,
中古マンション等,成約価格情報,13102,東京都,中央区,日本橋浜町,浜町,6,160000000,３ＬＤＫ,65,2015年,ＲＣ,,,商業,,,2026年第1四半期,,
中古マンション等,成約価格情報,13102,東京都,中央区,日本橋浜町,浜町,3,77000000,１ＬＤＫ,45,2006年,ＲＣ,,,商業,,,2026年第1四半期,,
中古マンション等,成約価格情報,13102,東京都,中央区,日本橋浜町,浜町,4,45000000,１ＬＤＫ,40,1980年,ＳＲＣ,,,商業,,,2026年第1四半期,,
中古マンション等,成約価格情報,13102,東京都,中央区,日本橋浜町,浜町,4,89000000,２ＬＤＫ,50,2011年,ＲＣ,,,商業,,,2026年第1四半期,,
中古マンション等,成約価格情報,13102,東京都,中央区,日本橋浜町,浜町,1,26000000,１Ｋ,25,2001年,ＳＲＣ,,,商業,,,2026年第1四半期,,
中古マンション等,成約価格情報,13102,東京都,中央区,日本橋浜町,浜町,5,17000000,１Ｒ,20,1984年,ＳＲＣ,,,商業,,,2026年第1四半期,,
中古マンション等,成約価格情報,13102,東京都,中央区,日本橋浜町,浜町,2,170000000,２ＬＤＫ,55,2020年,ＲＣ,,,商業,,,2026年第1四半期,,
中古マンション等,成約価格情報,13102,東京都,中央区,日本橋浜町,浜町,4,60000000,１ＤＫ,45,2004年,ＲＣ,,,商業,,,2026年第1四半期,,
中古マンション等,成約価格情報,13102,東京都,中央区,日本橋浜町,浜町,1,150000000,２ＬＤＫ,75,2003年,ＳＲＣ,,,商業,,,2026年第1四半期,,
中古マンション等,成約価格情報,13102,東京都,中央区,日本橋浜町,浜町,4,60000000,１ＬＤＫ,40,1984年,ＳＲＣ,,,商業,,,2026年第1四半期,,
中古マンション等,成約価格情報,13102,東京都,中央区,八丁堀,八丁堀(東京),1,190000000,３ＬＤＫ,85,2000年,ＲＣ,,,商業,,,2026年第1四半期,,
中古マンション等,成約価格情報,13102,東京都,中央区,八丁堀,八丁堀(東京),2,140000000,２ＬＤＫ,55,2019年,ＲＣ,,,商業,,,2026年第1四半期,,
中古マンション等,成約価格情報,13102,東京都,中央区,八丁堀,八丁堀(東京),1,40000000,１Ｋ,35,2002年,ＳＲＣ,,,商業,,,2026年第1四半期,,
中古マンション等,成約価格情報,13102,東京都,中央区,八丁堀,八丁堀(東京),2,190000000,２ＬＤＫ,70,2019年,ＲＣ,,,商業,,,2026年第1四半期,,
中古マンション等,成約価格情報,13102,東京都,中央区,八丁堀,八丁堀(東京),4,46000000,１Ｋ,25,2004年,ＲＣ,,,商業,,,2026年第1四半期,,
中古マンション等,成約価格情報,13102,東京都,中央区,八丁堀,八丁堀(東京),1,65000000,１ＬＤＫ,45,2011年,ＲＣ,,,商業,,,2026年第1四半期,,
中古マンション等,不動産取引価格情報,13102,東京都,中央区,入船,新富町(東京),3,29000000,１Ｋ,20,2002年,ＳＲＣ,,住宅,商業,80,500,2026年第1四半期,,
中古マンション等,不動産取引価格情報,13102,東京都,中央区,入船,八丁堀(東京),3,130000000,,70,2010年,ＲＣ,住宅,住宅,商業,80,500,2026年第1四半期,未改装,
中古マンション等,不動産取引価格情報,13102,東京都,中央区,勝どき,勝どき,9,93000000,２ＬＤＫ,60,2000年,ＲＣ,住宅,住宅,準工業,60,400,2026年第1四半期,未改装,
中古マンション等,不動産取引価格情報,13102,東京都,中央区,勝どき,勝どき,6,190000000,,80,2016年,ＲＣ,住宅,,商業,80,500,2026年第1四半期,,
中古マンション等,不動産取引価格情報,13102,東京都,中央区,勝どき,勝どき,5,27000000,１Ｋ,20,2007年,ＲＣ,住宅,住宅,２種住居,80,400,2026年第1四半期,未改装,
中古マンション等,不動産取引価格情報,13102,東京都,中央区,勝どき,勝どき,6,160000000,２ＬＤＫ,70,2016年,ＲＣ,住宅,住宅,商業,80,500,2026年第1四半期,未改装,
中古マンション等,不動産取引価格情報,13102,東京都,中央区,勝どき,勝どき,10,42000000,１ＤＫ,40,1973年,ＳＲＣ,住宅,住宅,１種住居,60,400,2026年第1四半期,未改装,
中古マンション等,不動産取引価格情報,13102,東京都,中央区,銀座,新富町(東京),2,100000000,,40,2007年,ＲＣ,,,商業,80,600,2026年第1四半期,,
中古マンション等,不動産取引価格情報,13102,東京都,中央区,新川,茅場町,3,26000000,１Ｋ,30,1977年,ＳＲＣ,住宅,住宅,商業,80,500,2026年第1四半期,改装済み,
中古マンション等,不動産取引価格情報,13102,東京都,中央区,新川,茅場町,7,30000000,１Ｋ,25,2012年,ＲＣ,,住宅,商業,80,500,2026年第1四半期,未改装,
中古マンション等,不動産取引価格情報,13102,東京都,中央区,新川,茅場町,5,75000000,２ＬＤＫ,60,2003年,ＳＲＣ,,住宅,商業,80,700,2026年第1四半期,未改装,
中古マンション等,不動産取引価格情報,13102,東京都,中央区,新川,茅場町,8,16000000,１Ｋ,15,1974年,ＳＲＣ,住宅,住宅,商業,80,700,2026年第1四半期,未改装,
中古マンション等,不動産取引価格情報,13102,東京都,中央区,新川,八丁堀(東京),4,24000000,１Ｋ,20,2002年,ＳＲＣ,,住宅,商業,80,500,2026年第1四半期,未改装,
中古マンション等,不動産取引価格情報,13102,東京都,中央区,新富,新富町(東京),2,100000000,１ＬＤＫ,40,2013年,ＲＣ,住宅,その他,商業,80,600,2026年第1四半期,未改装,
中古マンション等,不動産取引価格情報,13102,東京都,中央区,新富,新富町(東京),2,95000000,,40,2011年,ＲＣ,住宅,事務所,商業,80,600,2026年第1四半期,,
中古マンション等,不動産取引価格情報,13102,東京都,中央区,新富,新富町(東京),2,130000000,２ＬＤＫ,55,2013年,ＲＣ,,その他,商業,80,600,2026年第1四半期,未改装,
中古マンション等,不動産取引価格情報,13102,東京都,中央区,新富,新富町(東京),2,93000000,１ＬＤＫ,40,2013年,ＲＣ,,その他,商業,80,600,2026年第1四半期,未改装,
中古マンション等,不動産取引価格情報,13102,東京都,中央区,新富,新富町(東京),2,150000000,３ＬＤＫ,60,2013年,ＲＣ,,その他,商業,80,600,2026年第1四半期,改装済み,
中古マンション等,不動産取引価格情報,13102,東京都,中央区,新富,新富町(東京),2,150000000,３ＬＤＫ,60,2013年,ＲＣ,,その他,商業,80,600,2026年第1四半期,改装済み,
中古マンション等,不動産取引価格情報,13102,東京都,中央区,新富,新富町(東京),2,88000000,１ＬＤＫ,40,2013年,ＲＣ,住宅,その他,商業,80,600,2026年第1四半期,未改装,
中古マンション等,不動産取引価格情報,13102,東京都,中央区,新富,新富町(東京),2,25000000,１ＬＤＫ,35,1979年,ＳＲＣ,住宅,住宅,商業,80,600,2026年第1四半期,未改装,
中古マンション等,不動産取引価格情報,13102,東京都,中央区,新富,新富町(東京),2,140000000,２ＬＤＫ,55,2013年,ＲＣ,住宅,その他,商業,80,600,2026年第1四半期,改装済み,
中古マンション等,不動産取引価格情報,13102,東京都,中央区,新富,新富町(東京),2,150000000,２ＬＤＫ,55,2013年,ＲＣ,住宅,その他,商業,80,600,2026年第1四半期,改装済み,
中古マンション等,不動産取引価格情報,13102,東京都,中央区,築地,新富町(東京),2,29000000,１Ｋ,35,1971年,ＳＲＣ,住宅,事務所,商業,80,600,2026年第1四半期,改装済み,
中古マンション等,不動産取引価格情報,13102,東京都,中央区,築地,築地,3,30000000,１Ｋ,20,2005年,ＳＲＣ,住宅,住宅,商業,80,500,2026年第1四半期,,
中古マンション等,不動産取引価格情報,13102,東京都,中央区,築地,築地,1,53000000,１ＤＫ,25,2007年,ＲＣ,住宅,住宅,商業,80,700,2026年第1四半期,未改装,
中古マンション等,不動産取引価格情報,13102,東京都,中央区,月島,勝どき,6,26000000,１ＬＤＫ,25,1971年,ＳＲＣ,住宅,事務所,２種住居,80,400,2026年第1四半期,改装済み,
中古マンション等,不動産取引価格情報,13102,東京都,中央区,月島,月島,0,110000000,１ＬＤＫ,40,2015年,ＲＣ,住宅,住宅,商業,80,600,2026年第1四半期,未改装,
中古マンション等,不動産取引価格情報,13102,東京都,中央区,佃,月島,8,200000000,３ＬＤＫ,95,1993年,ＳＲＣ,,住宅,１種住居,60,400,2026年第1四半期,改装済み,
中古マンション等,不動産取引価格情報,13102,東京都,中央区,佃,月島,2,80000000,１ＬＤＫ,40,2020年,ＲＣ,,住宅,商業,80,600,2026年第1四半期,未改装,
中古マンション等,不動産取引価格情報,13102,東京都,中央区,佃,月島,9,180000000,,85,1999年,鉄骨造,,,商業,80,600,2026年第1四半期,,
中古マンション等,不動産取引価格情報,13102,東京都,中央区,日本橋,東京,2,98000000,１ＬＤＫ,35,2004年,ＳＲＣ,住宅,住宅,商業,80,700,2026年第1四半期,改装済み,
中古マンション等,不動産取引価格情報,13102,東京都,中央区,日本橋大伝馬町,小伝馬町,3,95000000,１ＬＤＫ,40,2002年,ＳＲＣ,住宅,住宅,商業,80,600,2026年第1四半期,改装済み,
中古マンション等,不動産取引価格情報,13102,東京都,中央区,日本橋大伝馬町,馬喰横山,3,26000000,１Ｋ,20,2003年,ＳＲＣ,住宅,住宅,商業,80,600,2026年第1四半期,,
中古マンション等,不動産取引価格情報,13102,東京都,中央区,日本橋蛎殻町,水天宮前,2,150000000,２ＬＤＫ,55,2005年,ＲＣ,住宅,住宅,商業,80,500,2026年第1四半期,改装済み,
中古マンション等,不動産取引価格情報,13102,東京都,中央区,日本橋兜町,茅場町,5,100000000,２ＬＤＫ,50,2001年,ＲＣ,住宅,住宅,商業,80,600,2026年第1四半期,改装済み,
中古マンション等,不動産取引価格情報,13102,東京都,中央区,日本橋茅場町,茅場町,2,7000000,１Ｋ,20,1983年,ＳＲＣ,住宅,住宅,商業,80,500,2026年第1四半期,未改装,
中古マンション等,不動産取引価格情報,13102,東京都,中央区,日本橋小伝馬町,馬喰町,3,18000000,１Ｋ,20,2004年,ＳＲＣ,住宅,その他,商業,80,600,2026年第1四半期,未改装,
中古マンション等,不動産取引価格情報,13102,東京都,中央区,日本橋富沢町,人形町,4,91000000,１ＬＤＫ,35,2009年,ＲＣ,住宅,住宅,商業,80,600,2026年第1四半期,改装済み,
中古マンション等,不動産取引価格情報,13102,東京都,中央区,日本橋箱崎町,水天宮前,3,42000000,１Ｋ,25,2018年,ＲＣ,住宅,住宅,商業,80,500,2026年第1四半期,改装済み,
中古マンション等,不動産取引価格情報,13102,東京都,中央区,日本橋箱崎町,水天宮前,3,130000000,１Ｒ,65,2001年,ＳＲＣ,,住宅,商業,80,500,2026年第1四半期,改装済み,
中古マンション等,不動産取引価格情報,13102,東京都,中央区,日本橋箱崎町,水天宮前,4,39000000,１Ｋ,25,2018年,ＲＣ,,住宅,商業,80,500,2026年第1四半期,未改装,
中古マンション等,不動産取引価格情報,13102,東京都,中央区,日本橋箱崎町,水天宮前,2,68000000,１ＬＤＫ,40,2012年,ＳＲＣ,住宅,住宅,商業,80,700,2026年第1四半期,未改装,
中古マンション等,不動産取引価格情報,13102,東京都,中央区,日本橋箱崎町,水天宮前,2,33000000,１ＬＤＫ,45,2006年,ＲＣ,住宅,住宅,商業,80,500,2026年第1四半期,未改装,
中古マンション等,不動産取引価格情報,13102,東京都,中央区,日本橋浜町,浜町,1,110000000,,60,2020年,ＲＣ,住宅,,商業,80,700,2026年第1四半期,,
中古マンション等,不動産取引価格情報,13102,東京都,中央区,日本橋浜町,浜町,1,95000000,,50,2020年,ＲＣ,住宅,,商業,80,700,2026年第1四半期,,
中古マンション等,不動産取引価格情報,13102,東京都,中央区,日本橋浜町,浜町,1,40000000,１Ｋ,25,1999年,ＲＣ,,住宅,商業,80,500,2026年第1四半期,未改装,
中古マンション等,不動産取引価格情報,13102,東京都,中央区,日本橋本町,三越前,5,5700000,１Ｋ,15,2004年,ＲＣ,住宅,住宅,商業,80,600,2026年第1四半期,未改装,関係者間取引
中古マンション等,不動産取引価格情報,13102,東京都,中央区,八丁堀,八丁堀(東京),1,36000000,１Ｋ,25,2013年,ＲＣ,,住宅,商業,80,700,2026年第1四半期,未改装,
中古マンション等,不動産取引価格情報,13102,東京都,中央区,晴海,勝どき,13,110000000,,55,2016年,ＲＣ,住宅,,準工業,60,400,2026年第1四半期,,
中古マンション等,不動産取引価格情報,13102,東京都,中央区,晴海,勝どき,9,120000000,２ＬＤＫ,55,2015年,ＲＣ,住宅,住宅,１種住居,60,400,2026年第1四半期,未改装,
中古マンション等,不動産取引価格情報,13102,東京都,中央区,晴海,勝どき,11,93000000,３ＬＤＫ,55,2009年,ＳＲＣ,住宅,住宅,商業,80,500,2026年第1四半期,,
中古マンション等,不動産取引価格情報,13102,東京都,中央区,晴海,勝どき,7,120000000,１ＬＤＫ,45,2015年,ＲＣ,住宅,住宅,準工業,60,400,2026年第1四半期,未改装,
中古マンション等,不動産取引価格情報,13102,東京都,中央区,晴海,勝どき,5,170000000,２ＬＤＫ,60,2015年,ＳＲＣ,住宅,住宅,準工業,60,400,2026年第1四半期,未改装,
中古マンション等,不動産取引価格情報,13102,東京都,中央区,晴海,勝どき,13,85000000,１ＬＤＫ,40,2016年,ＳＲＣ,住宅,住宅,準工業,60,400,2026年第1四半期,未改装,
中古マンション等,不動産取引価格情報,13102,東京都,中央区,晴海,勝どき,12,84000000,１ＬＤＫ,45,2013年,ＲＣ,住宅,その他,準工業,60,400,2026年第1四半期,未改装,
中古マンション等,不動産取引価格情報,13102,東京都,中央区,晴海,月島,8,160000000,３ＬＤＫ,90,1998年,鉄骨造,住宅,住宅,１種住居,60,400,2026年第1四半期,改装済み,
中古マンション等,不動産取引価格情報,13102,東京都,中央区,晴海,月島,14,160000000,２ＬＤＫ,70,2019年,ＲＣ,住宅,住宅,準工業,60,400,2026年第1四半期,未改装,
中古マンション等,不動産取引価格情報,13102,東京都,中央区,晴海,月島,12,150000000,３ＬＤＫ,70,2019年,ＲＣ,住宅,住宅,準工業,60,400,2026年第1四半期,改装済み,
中古マンション等,不動産取引価格情報,13102,東京都,中央区,晴海,月島,12,90000000,１ＬＤＫ,40,2019年,ＲＣ,住宅,住宅,準工業,60,400,2026年第1四半期,未改装,
中古マンション等,不動産取引価格情報,13102,東京都,中央区,東日本橋,馬喰町,2,37000000,１Ｋ,25,2004年,ＳＲＣ,住宅,住宅,商業,80,700,2026年第1四半期,,
中古マンション等,不動産取引価格情報,13102,東京都,中央区,東日本橋,浜町,3,27000000,１Ｋ,20,2004年,ＳＲＣ,,住宅,商業,80,500,2026年第1四半期,,
中古マンション等,成約価格情報,13103,東京都,港区,麻布台,六本木一丁目,7,240000000,２ＬＤＫ,75,2014年,ＲＣ,,,商業,,,2026年第1四半期,,
中古マンション等,成約価格情報,13103,東京都,港区,麻布台,六本木一丁目,8,250000000,２ＬＤＫ,75,2014年,ＲＣ,,,商業,,,2026年第1四半期,,
中古マンション等,成約価格情報,13103,東京都,港区,東新橋,汐留,3,270000000,２ＬＤＫ＋Ｓ,80,2002年,ＲＣ,,,商業,,,2026年第1四半期,,
中古マンション等,成約価格情報,13103,東京都,港区,東新橋,汐留,3,370000000,２ＬＤＫ,105,2002年,ＲＣ,,,商業,,,2026年第1四半期,,
中古マンション等,成約価格情報,13103,東京都,港区,東新橋,汐留,2,130000000,１Ｋ,45,2002年,ＲＣ,,,商業,,,2026年第1四半期,,
中古マンション等,成約価格情報,13103,東京都,港区,元麻布,麻布十番,4,320000000,２ＬＤＫ,85,2001年,ＲＣ,,,１中住専,,,2026年第1四半期,,
中古マンション等,成約価格情報,13103,東京都,港区,海岸,浜松町,10,120000000,２ＬＤＫ,55,2016年,ＲＣ,,,準工業,,,2026年第1四半期,,
中古マンション等,成約価格情報,13103,東京都,港区,海岸,日の出,2,120000000,１ＬＤＫ,55,2020年,ＲＣ,,,準工業,,,2026年第1四半期,,
中古マンション等,成約価格情報,13103,東京都,港区,海岸,浜松町,6,68000000,１Ｒ,25,2023年,ＲＣ,,,準工業,,,2026年第1四半期,,
中古マンション等,成約価格情報,13103,東京都,港区,海岸,浜松町,6,230000000,２ＬＤＫ,60,2023年,ＲＣ,,,準工業,,,2026年第1四半期,,
中古マンション等,成約価格情報,13103,東京都,港区,海岸,日の出,2,110000000,２ＬＤＫ,55,2020年,ＲＣ,,,準工業,,,2026年第1四半期,,
中古マンション等,成約価格情報,13103,東京都,港区,海岸,芝浦ふ頭,13,50000000,１ＬＤＫ,45,2004年,ＳＲＣ,,,準工業,,,2026年第1四半期,,
中古マンション等,成約価格情報,13103,東京都,港区,海岸,日の出,2,120000000,２ＬＤＫ,55,2020年,ＲＣ,,,商業,,,2026年第1四半期,,
中古マンション等,成約価格情報,13103,東京都,港区,海岸,日の出,2,120000000,２ＬＤＫ,55,2020年,ＲＣ,,,準工業,,,2026年第1四半期,,
中古マンション等,成約価格情報,13103,東京都,港区,海岸,浜松町,6,73000000,１Ｋ,25,2023年,ＲＣ,,,準工業,,,2026年第1四半期,,
中古マンション等,成約価格情報,13103,東京都,港区,海岸,芝浦ふ頭,12,88000000,３ＬＤＫ,70,2011年,ＲＣ,,,準工業,,,2026年第1四半期,,
中古マンション等,成約価格情報,13103,東京都,港区,海岸,浜松町,3,120000000,１ＬＤＫ,50,2005年,ＲＣ,,,商業,,,2026年第1四半期,,
中古マンション等,成約価格情報,13103,東京都,港区,海岸,浜松町,6,140000000,１ＬＤＫ,45,2023年,ＲＣ,,,準工業,,,2026年第1四半期,,
中古マンション等,成約価格情報,13103,東京都,港区,海岸,日の出,2,120000000,２ＬＤＫ,55,2020年,ＲＣ,,,準工業,,,2026年第1四半期,,
中古マンション等,成約価格情報,13103,東京都,港区,海岸,芝浦ふ頭,7,6500000,１Ｒ,15,1975年,ＳＲＣ,,,準工業,,,2026年第1四半期,,
中古マンション等,成約価格情報,13103,東京都,港区,海岸,浜松町,6,150000000,１ＬＤＫ,45,2023年,ＲＣ,,,準工業,,,2026年第1四半期,,
中古マンション等,成約価格情報,13103,東京都,港区,白金,白金高輪,4,40000000,１Ｋ,25,2009年,ＲＣ,,,準工業,,,2026年第1四半期,,
中古マンション等,成約価格情報,13103,東京都,港区,白金,白金高輪,1,150000000,１ＬＤＫ,55,2005年,ＲＣ,,,商業,,,2026年第1四半期,,
中古マンション等,成約価格情報,13103,東京都,港区,白金,白金台,10,340000000,３ＬＤＫ,90,2015年,ＲＣ,,,１種住居,,,2026年第1四半期,,
中古マンション等,成約価格情報,13103,東京都,港区,白金,白金高輪,7,180000000,２ＬＤＫ,80,2003年,ＲＣ,,,準工業,,,2026年第1四半期,,
中古マンション等,成約価格情報,13103,東京都,港区,白金,白金高輪,4,120000000,１ＬＤＫ,60,2003年,ＳＲＣ,,,商業,,,2026年第1四半期,,
中古マンション等,成約価格情報,13103,東京都,港区,白金,広尾,11,170000000,１ＬＤＫ＋Ｓ,65,2017年,ＲＣ,,,１中住専,,,2026年第1四半期,,
中古マンション等,成約価格情報,13103,東京都,港区,白金,白金高輪,3,220000000,２ＬＤＫ,55,2023年,ＲＣ,,,商業,,,2026年第1四半期,,
中古マンション等,成約価格情報,13103,東京都,港区,白金,白金高輪,7,200000000,３ＬＤＫ,90,2003年,ＲＣ,,,準工業,,,2026年第1四半期,,
中古マンション等,成約価格情報,13103,東京都,港区,白金,広尾,11,150000000,２ＬＤＫ,60,2017年,ＲＣ,,,近隣商業,,,2026年第1四半期,,
中古マンション等,成約価格情報,13103,東京都,港区,白金,白金高輪,3,200000000,２ＬＤＫ,60,2023年,ＲＣ,,,商業,,,2026年第1四半期,,
中古マンション等,成約価格情報,13103,東京都,港区,白金,白金台,11,75000000,１ＬＤＫ,60,2008年,ＲＣ,,,１中住専,,,2026年第1四半期,,
中古マンション等,成約価格情報,13103,東京都,港区,白金,白金高輪,4,280000000,３ＬＤＫ,80,2023年,ＲＣ,,,準工業,,,2026年第1四半期,,
中古マンション等,成約価格情報,13103,東京都,港区,白金,白金高輪,1,390000000,３ＬＤＫ,105,2005年,ＲＣ,,,商業,,,2026年第1四半期,,
中古マンション等,成約価格情報,13103,東京都,港区,白金,白金高輪,3,260000000,１ＬＤＫ,55,2023年,ＲＣ,,,準工業,,,2026年第1四半期,,
中古マンション等,成約価格情報,13103,東京都,港区,白金,白金台,6,490000000,２ＬＤＫ,125,2023年,ＲＣ,,,１中住専,,,2026年第1四半期,,
中古マンション等,成約価格情報,13103,東京都,港区,白金,白金高輪,1,250000000,３ＬＤＫ,90,2005年,ＲＣ,,,商業,,,2026年第1四半期,,
中古マンション等,成約価格情報,13103,東京都,港区,白金,白金高輪,8,14000000,１Ｒ,20,1991年,ＲＣ,,,準工業,,,2026年第1四半期,,
中古マンション等,成約価格情報,13103,東京都,港区,新橋,新橋,7,120000000,２ＬＤＫ,60,2020年,ＲＣ,,,商業,,,2026年第1四半期,,
中古マンション等,成約価格情報,13103,東京都,港区,新橋,新橋,7,210000000,２ＬＤＫ,65,2022年,ＲＣ,,,商業,,,2026年第1四半期,,
中古マンション等,成約価格情報,13103,東京都,港区,高輪,高輪台,6,43000000,１ＤＫ,30,1997年,ＳＲＣ,,,近隣商業,,,2026年第1四半期,,
中古マンション等,成約価格情報,13103,東京都,港区,高輪,泉岳寺,4,49000000,１ＬＤＫ,55,1970年,ＲＣ,,,１中住専,,,2026年第1四半期,,
中古マンション等,成約価格情報,13103,東京都,港区,高輪,品川,9,17000000,１Ｒ,25,1976年,ＲＣ,,,２種住居,,,2026年第1四半期,,
中古マンション等,成約価格情報,13103,東京都,港区,高輪,高輪ゲートウェイ,8,87000000,２ＬＤＫ,80,1985年,ＳＲＣ,,,１中住専,,,2026年第1四半期,,
中古マンション等,成約価格情報,13103,東京都,港区,高輪,白金高輪,5,600000000,３ＬＤＫ,145,2007年,ＲＣ,,,１種住居,,,2026年第1四半期,,
中古マンション等,成約価格情報,13103,東京都,港区,高輪,品川,7,88000000,１ＬＤＫ,45,2009年,ＲＣ,,,２種住居,,,2026年第1四半期,,
中古マンション等,成約価格情報,13103,東京都,港区,高輪,白金高輪,4,94000000,１ＬＤＫ,35,2019年,ＲＣ,,,２中住専,,,2026年第1四半期,,
中古マンション等,成約価格情報,13103,東京都,港区,高輪,白金高輪,5,81000000,２ＬＤＫ,55,1973年,ＳＲＣ,,,近隣商業,,,2026年第1四半期,改装済み,
中古マンション等,成約価格情報,13103,東京都,港区,高輪,白金高輪,1,230000000,２ＬＤＫ,60,2022年,ＲＣ,,,商業,,,2026年第1四半期,,
中古マンション等,成約価格情報,13103,東京都,港区,高輪,白金高輪,10,27000000,１Ｋ,25,2002年,ＲＣ,,,近隣商業,,,2026年第1四半期,,
中古マンション等,成約価格情報,13103,東京都,港区,高輪,品川,6,86000000,１ＬＤＫ,40,2003年,ＲＣ,,,１中住専,,,2026年第1四半期,,
中古マンション等,成約価格情報,13103,東京都,港区,高輪,白金高輪,1,21000000,１Ｒ,20,1978年,ＳＲＣ,,,商業,,,2026年第1四半期,,
中古マンション等,成約価格情報,13103,東京都,港区,高輪,高輪台,1,220000000,２ＬＤＫ,70,2010年,ＲＣ,,,商業,,,2026年第1四半期,,
中古マンション等,成約価格情報,13103,東京都,港区,高輪,白金高輪,6,200000000,２ＬＤＫ,105,1972年,ＲＣ,,,１種住居,,,2026年第1四半期,,
中古マンション等,成約価格情報,13103,東京都,港区,高輪,品川,9,230000000,２ＬＤＫ,70,2020年,ＲＣ,,,１中住専,,,2026年第1四半期,,
中古マンション等,成約価格情報,13103,東京都,港区,高輪,白金高輪,4,89000000,１ＬＤＫ,35,2019年,ＲＣ,,,１中住専,,,2026年第1四半期,,
中古マンション等,成約価格情報,13103,東京都,港区,高輪,泉岳寺,1,49000000,１ＬＤＫ,40,1977年,ＲＣ,,,近隣商業,,,2026年第1四半期,,
中古マンション等,成約価格情報,13103,東京都,港区,高輪,高輪台,1,170000000,２ＬＤＫ,60,2010年,ＲＣ,,,商業,,,2026年第1四半期,,
中古マンション等,成約価格情報,13103,東京都,港区,高輪,白金高輪,1,100000000,１ＬＤＫ,45,2004年,ＲＣ,,,商業,,,2026年第1四半期,,
中古マンション等,成約価格情報,13103,東京都,港区,高輪,泉岳寺,2,30000000,１Ｋ,20,2002年,ＲＣ,,,２種住居,,,2026年第1四半期,,
中古マンション等,成約価格情報,13103,東京都,港区,高輪,白金高輪,6,43000000,２ＤＫ,45,1968年,ＲＣ,,,１中住専,,,2026年第1四半期,,
中古マンション等,成約価格情報,13103,東京都,港区,高輪,白金高輪,7,170000000,２ＬＤＫ,70,2004年,ＲＣ,,,商業,,,2026年第1四半期,,
中古マンション等,成約価格情報,13103,東京都,港区,高輪,高輪台,4,90000000,１ＬＤＫ,45,2022年,ＲＣ,,,１種住居,,,2026年第1四半期,,
中古マンション等,成約価格情報,13103,東京都,港区,高輪,品川,9,300000000,３ＬＤＫ,105,2017年,ＲＣ,,,１中住専,,,2026年第1四半期,,
中古マンション等,成約価格情報,13103,東京都,港区,高輪,泉岳寺,5,220000000,３ＬＤＫ,155,1973年,ＳＲＣ,,,１中住専,,,2026年第1四半期,,
中古マンション等,成約価格情報,13103,東京都,港区,高輪,白金高輪,7,130000000,２ＬＤＫ,70,2004年,ＲＣ,,,商業,,,2026年第1四半期,,
中古マンション等,成約価格情報,13103,東京都,港区,虎ノ門,神谷町,3,48000000,１Ｋ,35,2000年,ＲＣ,,,２種住居,,,2026年第1四半期,,
中古マンション等,成約価格情報,13103,東京都,港区,虎ノ門,神谷町,3,120000000,１ＬＤＫ,45,2012年,ＲＣ,,,商業,,,2026年第1四半期,,
中古マンション等,成約価格情報,13103,東京都,港区,虎ノ門,神谷町,3,140000000,２ＬＤＫ,60,2012年,ＲＣ,,,商業,,,2026年第1四半期,,
中古マンション等,成約価格情報,13103,東京都,港区,虎ノ門,神谷町,4,250000000,２ＬＤＫ,70,2008年,ＲＣ,,,商業,,,2026年第1四半期,,
中古マンション等,成約価格情報,13103,東京都,港区,虎ノ門,神谷町,2,130000000,１ＬＤＫ,45,2021年,ＲＣ,,,商業,,,2026年第1四半期,,
中古マンション等,成約価格情報,13103,東京都,港区,虎ノ門,神谷町,3,170000000,１ＬＤＫ,55,2008年,ＲＣ,,,商業,,,2026年第1四半期,,
中古マンション等,成約価格情報,13103,東京都,港区,虎ノ門,神谷町,2,25000000,１Ｒ,25,1981年,ＳＲＣ,,,商業,,,2026年第1四半期,,
中古マンション等,成約価格情報,13103,東京都,港区,虎ノ門,神谷町,2,130000000,１ＬＤＫ,45,2021年,ＲＣ,,,商業,,,2026年第1四半期,,
中古マンション等,成約価格情報,13103,東京都,港区,虎ノ門,神谷町,4,180000000,１ＬＤＫ,55,2008年,ＲＣ,,,２種住居,,,2026年第1四半期,,
中古マンション等,成約価格情報,13103,東京都,港区,虎ノ門,神谷町,2,40000000,１Ｋ,25,2004年,ＲＣ,,,商業,,,2026年第1四半期,,
中古マンション等,成約価格情報,13103,東京都,港区,虎ノ門,神谷町,3,21000000,１Ｒ,25,1980年,ＲＣ,,,２種住居,,,2026年第1四半期,,
中古マンション等,成約価格情報,13103,東京都,港区,浜松町,浜松町,2,270000000,２ＬＤＫ,65,2024年,ＲＣ,,,商業,,,2026年第1四半期,,
中古マンション等,成約価格情報,13103,東京都,港区,浜松町,浜松町,5,270000000,２ＬＤＫ,60,2019年,ＲＣ,,,商業,,,2026年第1四半期,,
中古マンション等,成約価格情報,13103,東京都,港区,浜松町,浜松町,5,300000000,２ＬＤＫ,70,2019年,ＲＣ,,,商業,,,2026年第1四半期,,
中古マンション等,成約価格情報,13103,東京都,港区,浜松町,浜松町,2,330000000,２ＬＤＫ,70,2024年,ＳＲＣ,,,商業,,,2026年第1四半期,,
中古マンション等,成約価格情報,13103,東京都,港区,浜松町,浜松町,5,130000000,１Ｒ,40,2019年,ＲＣ,,,商業,,,2026年第1四半期,,
中古マンション等,成約価格情報,13103,東京都,港区,浜松町,大門(東京),4,25000000,１Ｋ,25,2005年,ＲＣ,,,商業,,,2026年第1四半期,,
中古マンション等,成約価格情報,13103,東京都,港区,浜松町,浜松町,5,85000000,１Ｒ,30,2019年,ＲＣ,,,商業,,,2026年第1四半期,,
中古マンション等,成約価格情報,13103,東京都,港区,浜松町,浜松町,2,240000000,２ＬＤＫ,55,2024年,ＳＲＣ,,,商業,,,2026年第1四半期,,
中古マンション等,成約価格情報,13103,東京都,港区,東麻布,赤羽橋,4,88000000,１Ｋ,35,2017年,ＲＣ,,,商業,,,2026年第1四半期,,
中古マンション等,成約価格情報,13103,東京都,港区,東麻布,麻布十番,5,79000000,１ＬＤＫ＋Ｓ,60,1980年,ＲＣ,,,１種住居,,,2026年第1四半期,,
中古マンション等,成約価格情報,13103,東京都,港区,東麻布,赤羽橋,4,66000000,１Ｋ,35,2017年,ＲＣ,,,商業,,,2026年第1四半期,,
中古マンション等,成約価格情報,13103,東京都,港区,東麻布,麻布十番,7,61000000,１ＬＤＫ,45,1978年,ＲＣ,,,近隣商業,,,2026年第1四半期,,
中古マンション等,成約価格情報,13103,東京都,港区,東麻布,赤羽橋,1,130000000,２ＬＤＫ,50,2012年,ＲＣ,,,商業,,,2026年第1四半期,,
中古マンション等,成約価格情報,13103,東京都,港区,東麻布,赤羽橋,2,130000000,１ＬＤＫ＋Ｓ,50,2000年,ＳＲＣ,,,近隣商業,,,2026年第1四半期,,
中古マンション等,成約価格情報,13103,東京都,港区,東麻布,麻布十番,1,95000000,１ＬＤＫ,50,2004年,ＲＣ,,,商業,,,2026年第1四半期,,
中古マンション等,成約価格情報,13103,東京都,港区,南青山,表参道,12,44000000,１Ｋ,30,2012年,ＲＣ,,,商業,,,2026年第1四半期,,
中古マンション等,成約価格情報,13103,東京都,港区,南青山,表参道,11,160000000,２ＬＤＫ,85,1981年,ＳＲＣ,,,商業,,,2026年第1四半期,,
中古マンション等,成約価格情報,13103,東京都,港区,南青山,表参道,7,330000000,３ＬＤＫ,115,1982年,ＲＣ,,,２中住専,,,2026年第1四半期,,
中古マンション等,成約価格情報,13103,東京都,港区,南青山,乃木坂,7,130000000,１ＬＤＫ,50,2012年,ＲＣ,,,１中住専,,,2026年第1四半期,,
中古マンション等,成約価格情報,13103,東京都,港区,南青山,外苑前,4,310000000,２ＬＤＫ,80,2004年,ＲＣ,,,近隣商業,,,2026年第1四半期,,
中古マンション等,成約価格情報,13103,東京都,港区,南青山,表参道,14,15000000,１Ｒ,15,1984年,ＲＣ,,,１中住専,,,2026年第1四半期,,
中古マンション等,成約価格情報,13103,東京都,港区,南青山,表参道,10,80000000,１ＬＤＫ,50,1979年,ＳＲＣ,,,商業,,,2026年第1四半期,,
中古マンション等,成約価格情報,13103,東京都,港区,南青山,青山一丁目,3,770000000,２ＬＤＫ,105,2017年,ＲＣ,,,商業,,,2026年第1四半期,,
中古マンション等,成約価格情報,13103,東京都,港区,南青山,表参道,5,85000000,１ＬＤＫ,45,1971年,ＲＣ,,,２中住専,,,2026年第1四半期,,
中古マンション等,成約価格情報,13103,東京都,港区,南青山,表参道,10,78000000,１ＬＤＫ,40,2002年,ＲＣ,,,商業,,,2026年第1四半期,,
中古マンション等,成約価格情報,13103,東京都,港区,南青山,表参道,4,53000000,１Ｒ,30,1972年,ＳＲＣ,,,商業,,,2026年第1四半期,,
中古マンション等,成約価格情報,13103,東京都,港区,南青山,青山一丁目,2,21000000,１Ｒ,20,1980年,ＳＲＣ,,,商業,,,2026年第1四半期,,
中古マンション等,成約価格情報,13103,東京都,港区,南青山,表参道,5,81000000,１ＬＤＫ,50,1971年,ＲＣ,,,２中住専,,,2026年第1四半期,,
中古マンション等,成約価格情報,13103,東京都,港区,南青山,表参道,11,210000000,２ＬＤＫ,85,1981年,ＳＲＣ,,,１中住専,,,2026年第1四半期,,
中古マンション等,成約価格情報,13103,東京都,港区,南青山,乃木坂,10,230000000,３ＬＤＫ,130,1983年,ＲＣ,,,２中住専,,,2026年第1四半期,,
中古マンション等,成約価格情報,13103,東京都,港区,南青山,表参道,8,25000000,１Ｒ,25,1976年,ＳＲＣ,,,商業,,,2026年第1四半期,,
中古マンション等,成約価格情報,13103,東京都,港区,南青山,青山一丁目,2,48000000,１Ｒ,30,1980年,ＲＣ,,,商業,,,2026年第1四半期,,
中古マンション等,成約価格情報,13103,東京都,港区,南青山,表参道,7,72000000,２ＬＤＫ,65,1978年,ＳＲＣ,,,２中住専,,,2026年第1四半期,,
中古マンション等,成約価格情報,13103,東京都,港区,南麻布,白金高輪,8,140000000,２ＬＤＫ,70,1995年,ＳＲＣ,,,準工業,,,2026年第1四半期,,
中古マンション等,成約価格情報,13103,東京都,港区,南麻布,広尾,4,48000000,１Ｒ,40,1978年,ＲＣ,,,１種住居,,,2026年第1四半期,,
中古マンション等,成約価格情報,13103,東京都,港区,南麻布,麻布十番,11,210000000,２ＬＤＫ＋Ｓ,75,2006年,ＲＣ,,,１中住専,,,2026年第1四半期,,
中古マンション等,成約価格情報,13103,東京都,港区,南麻布,麻布十番,7,100000000,３ＬＤＫ,75,2013年,ＲＣ,,,準工業,,,2026年第1四半期,,
中古マンション等,成約価格情報,13103,東京都,港区,南麻布,麻布十番,6,180000000,２ＬＤＫ,55,2015年,ＲＣ,,,準工業,,,2026年第1四半期,,
中古マンション等,成約価格情報,13103,東京都,港区,南麻布,広尾,7,620000000,３ＬＤＫ,145,1985年,ＳＲＣ,,,１種住居,,,2026年第1四半期,,
中古マンション等,成約価格情報,13103,東京都,港区,南麻布,麻布十番,11,100000000,３ＤＫ,60,1973年,ＲＣ,,,２種住居,,,2026年第1四半期,,
中古マンション等,成約価格情報,13103,東京都,港区,南麻布,白金高輪,13,73000000,１ＬＤＫ,50,1980年,ＲＣ,,,２中住専,,,2026年第1四半期,,
中古マンション等,成約価格情報,13103,東京都,港区,南麻布,麻布十番,7,92000000,２ＬＤＫ,55,1983年,ＳＲＣ,,,商業,,,2026年第1四半期,,
中古マンション等,成約価格情報,13103,東京都,港区,南麻布,麻布十番,5,110000000,１ＬＤＫ,50,2008年,ＲＣ,,,商業,,,2026年第1四半期,,
中古マンション等,成約価格情報,13103,東京都,港区,南麻布,広尾,11,1100000000,３ＬＤＫ,200,2020年,ＲＣ,,,１中住専,,,2026年第1四半期,,
中古マンション等,成約価格情報,13103,東京都,港区,南麻布,広尾,9,47000000,２ＬＤＫ,50,1979年,ＲＣ,,,商業,,,2026年第1四半期,,
中古マンション等,成約価格情報,13103,東京都,港区,南麻布,広尾,9,99000000,３ＬＤＫ,85,1979年,ＲＣ,,,商業,,,2026年第1四半期,,
中古マンション等,成約価格情報,13103,東京都,港区,南麻布,麻布十番,5,130000000,３ＬＤＫ,90,1965年,ＳＲＣ,,,準工業,,,2026年第1四半期,,
中古マンション等,成約価格情報,13103,東京都,港区,南麻布,麻布十番,7,90000000,２ＬＤＫ,60,2013年,ＲＣ,,,準工業,,,2026年第1四半期,,
中古マンション等,成約価格情報,13103,東京都,港区,南麻布,麻布十番,3,51000000,１ＤＫ,35,2003年,ＲＣ,,,商業,,,2026年第1四半期,,
中古マンション等,成約価格情報,13103,東京都,港区,南麻布,麻布十番,5,65000000,１Ｋ,30,2020年,ＲＣ,,,商業,,,2026年第1四半期,,
中古マンション等,成約価格情報,13103,東京都,港区,南麻布,麻布十番,7,68000000,１ＬＤＫ,45,2013年,ＲＣ,,,準工業,,,2026年第1四半期,,
中古マンション等,成約価格情報,13103,東京都,港区,南麻布,麻布十番,7,100000000,１ＬＤＫ＋Ｓ,60,2013年,ＲＣ,,,商業,,,2026年第1四半期,,
中古マンション等,成約価格情報,13103,東京都,港区,南麻布,麻布十番,7,30000000,１Ｋ,25,2001年,ＳＲＣ,,,商業,,,2026年第1四半期,,
中古マンション等,成約価格情報,13103,東京都,港区,六本木,六本木一丁目,3,33000000,１Ｒ,25,1978年,ＲＣ,,,２種住居,,,2026年第1四半期,,
中古マンション等,成約価格情報,13103,東京都,港区,六本木,六本木一丁目,2,540000000,３ＬＤＫ,85,2012年,ＲＣ,,,２中住専,,,2026年第1四半期,,
中古マンション等,成約価格情報,13103,東京都,港区,六本木,六本木,3,87000000,１ＬＤＫ,50,1979年,ＲＣ,,,２中住専,,,2026年第1四半期,,
中古マンション等,成約価格情報,13103,東京都,港区,六本木,六本木一丁目,2,260000000,１ＬＤＫ,50,2012年,ＲＣ,,,２中住専,,,2026年第1四半期,,
中古マンション等,成約価格情報,13103,東京都,港区,六本木,六本木,5,31000000,１Ｋ,20,1975年,ＳＲＣ,,,２種住居,,,2026年第1四半期,,
中古マンション等,成約価格情報,13103,東京都,港区,六本木,乃木坂,2,140000000,２ＬＤＫ,75,1978年,ＲＣ,,,近隣商業,,,2026年第1四半期,,
中古マンション等,成約価格情報,13103,東京都,港区,六本木,乃木坂,3,51000000,１ＤＫ,40,1972年,ＳＲＣ,,,１種住居,,,2026年第1四半期,,
中古マンション等,成約価格情報,13103,東京都,港区,六本木,六本木,3,52000000,１ＬＤＫ,40,1968年,ＳＲＣ,,,１種住居,,,2026年第1四半期,,
中古マンション等,成約価格情報,13103,東京都,港区,六本木,六本木一丁目,2,220000000,１ＬＤＫ,45,2012年,ＲＣ,,,２中住専,,,2026年第1四半期,,
中古マンション等,成約価格情報,13103,東京都,港区,六本木,六本木,7,140000000,１Ｋ,40,2003年,ＲＣ,,,２種住居,,,2026年第1四半期,,
中古マンション等,成約価格情報,13103,東京都,港区,六本木,六本木,5,710000000,３ＬＤＫ,125,2008年,ＳＲＣ,,,２中住専,,,2026年第1四半期,,
中古マンション等,成約価格情報,13103,東京都,港区,六本木,六本木一丁目,4,35000000,１Ｋ,30,2001年,ＲＣ,,,商業,,,2026年第1四半期,,
中古マンション等,成約価格情報,13103,東京都,港区,六本木,六本木,3,260000000,１ＬＤＫ＋Ｓ,65,2010年,ＲＣ,,,近隣商業,,,2026年第1四半期,,
中古マンション等,成約価格情報,13103,東京都,港区,六本木,六本木一丁目,5,24000000,１Ｒ,20,1982年,ＲＣ,,,２種住居,,,2026年第1四半期,,
中古マンション等,成約価格情報,13103,東京都,港区,六本木,麻布十番,3,160000000,３ＬＤＫ,145,1969年,ＲＣ,,,近隣商業,,,2026年第1四半期,改装済み,
中古マンション等,成約価格情報,13103,東京都,港区,北青山,外苑前,3,63000000,１ＬＤＫ,45,1971年,ＳＲＣ,,,商業,,,2026年第1四半期,改装済み,
中古マンション等,成約価格情報,13103,東京都,港区,港南,品川,15,110000000,１ＬＤＫ,65,2005年,ＲＣ,,,準工業,,,2026年第1四半期,,
中古マンション等,成約価格情報,13103,東京都,港区,港南,品川,10,90000000,３ＬＤＫ,85,2008年,ＲＣ,,,１種住居,,,2026年第1四半期,,
中古マンション等,成約価格情報,13103,東京都,港区,港南,品川,14,190000000,３ＬＤＫ,95,2005年,ＲＣ,,,２種住居,,,2026年第1四半期,,
中古マンション等,成約価格情報,13103,東京都,港区,港南,品川,11,120000000,３ＬＤＫ,90,2008年,ＲＣ,,,１種住居,,,2026年第1四半期,,
中古マンション等,成約価格情報,13103,東京都,港区,港南,品川,14,160000000,３ＬＤＫ,90,2005年,ＲＣ,,,準工業,,,2026年第1四半期,,
中古マンション等,成約価格情報,13103,東京都,港区,港南,品川,14,150000000,３ＬＤＫ,80,2005年,ＲＣ,,,２種住居,,,2026年第1四半期,,
中古マンション等,成約価格情報,13103,東京都,港区,港南,品川,15,85000000,１ＬＤＫ,45,2005年,ＲＣ,,,２種住居,,,2026年第1四半期,,
中古マンション等,成約価格情報,13103,東京都,港区,港南,品川,15,190000000,３ＬＤＫ,85,2005年,ＲＣ,,,２種住居,,,2026年第1四半期,,
中古マンション等,成約価格情報,13103,東京都,港区,港南,品川,8,90000000,１ＬＤＫ,50,2005年,ＲＣ,,,商業,,,2026年第1四半期,,
中古マンション等,成約価格情報,13103,東京都,港区,港南,品川,13,120000000,１ＬＤＫ,65,2006年,ＳＲＣ,,,２種住居,,,2026年第1四半期,,
中古マンション等,成約価格情報,13103,東京都,港区,港南,品川,15,110000000,１ＬＤＫ,60,2005年,ＲＣ,,,２種住居,,,2026年第1四半期,,
中古マンション等,成約価格情報,13103,東京都,港区,港南,品川,13,160000000,２ＬＤＫ,60,2026年,ＲＣ,,,準工業,,,2026年第1四半期,,
中古マンション等,成約価格情報,13103,東京都,港区,港南,品川,10,110000000,３ＬＤＫ,85,2008年,ＲＣ,,,１種住居,,,2026年第1四半期,,
中古マンション等,成約価格情報,13103,東京都,港区,港南,品川,15,230000000,２ＬＤＫ,90,2005年,ＲＣ,,,２種住居,,,2026年第1四半期,,
中古マンション等,成約価格情報,13103,東京都,港区,港南,品川,10,120000000,２ＬＤＫ＋Ｓ,70,2000年,ＳＲＣ,,,商業,,,2026年第1四半期,,
中古マンション等,成約価格情報,13103,東京都,港区,港南,品川,11,110000000,１ＬＤＫ＋Ｓ,60,2005年,ＲＣ,,,準工業,,,2026年第1四半期,,
中古マンション等,成約価格情報,13103,東京都,港区,港南,品川,15,160000000,２ＬＤＫ,85,2005年,ＲＣ,,,２種住居,,,2026年第1四半期,,
中古マンション等,成約価格情報,13103,東京都,港区,港南,品川,9,71000000,１ＬＤＫ,45,2005年,ＲＣ,,,商業,,,2026年第1四半期,,
中古マンション等,成約価格情報,13103,東京都,港区,港南,品川,13,170000000,３ＬＤＫ,75,2006年,ＲＣ,,,２種住居,,,2026年第1四半期,,
中古マンション等,成約価格情報,13103,東京都,港区,港南,品川,11,68000000,１ＤＫ,40,2005年,ＲＣ,,,準工業,,,2026年第1四半期,,
中古マンション等,成約価格情報,13103,東京都,港区,港南,品川,15,150000000,３ＬＤＫ,80,2005年,ＲＣ,,,２種住居,,,2026年第1四半期,,
中古マンション等,成約価格情報,13103,東京都,港区,港南,天王洲アイル,7,370000000,２ＬＤＫ,125,2006年,ＲＣ,,,２種住居,,,2026年第1四半期,,
中古マンション等,成約価格情報,13103,東京都,港区,港南,品川,10,100000000,２ＬＤＫ,55,2000年,ＳＲＣ,,,商業,,,2026年第1四半期,,
中古マンション等,成約価格情報,13103,東京都,港区,港南,品川,12,170000000,２ＬＤＫ,90,2005年,ＲＣ,,,準工業,,,2026年第1四半期,,
中古マンション等,成約価格情報,13103,東京都,港区,港南,品川,17,70000000,２ＬＤＫ,60,2004年,ＲＣ,,,準工業,,,2026年第1四半期,,
中古マンション等,成約価格情報,13103,東京都,港区,港南,品川,6,190000000,１Ｋ,65,2003年,ＲＣ,,,商業,,,2026年第1四半期,,
中古マンション等,成約価格情報,13103,東京都,港区,港南,品川,15,160000000,１ＬＤＫ,90,2005年,ＲＣ,,,準工業,,,2026年第1四半期,,
中古マンション等,成約価格情報,13103,東京都,港区,港南,品川,6,170000000,１ＬＤＫ＋Ｓ,60,2003年,ＳＲＣ,,,商業,,,2026年第1四半期,,
中古マンション等,成約価格情報,13103,東京都,港区,港南,品川,14,120000000,２ＬＤＫ,80,2006年,ＲＣ,,,２種住居,,,2026年第1四半期,,
中古マンション等,成約価格情報,13103,東京都,港区,港南,品川,10,99000000,２ＬＤＫ,75,2008年,ＲＣ,,,１種住居,,,2026年第1四半期,,
中古マンション等,成約価格情報,13103,東京都,港区,港南,天王洲アイル,8,210000000,３ＬＤＫ,85,2005年,ＲＣ,,,２種住居,,,2026年第1四半期,,
中古マンション等,成約価格情報,13103,東京都,港区,港南,品川,6,420000000,３ＬＤＫ,100,2003年,ＲＣ,,,商業,,,2026年第1四半期,,
中古マンション等,成約価格情報,13103,東京都,港区,港南,品川,11,150000000,２ＬＤＫ,60,2014年,ＲＣ,,,商業,,,2026年第1四半期,,
中古マンション等,成約価格情報,13103,東京都,港区,港南,品川,14,160000000,３ＬＤＫ,90,2005年,ＲＣ,,,準工業,,,2026年第1四半期,,
中古マンション等,成約価格情報,13103,東京都,港区,港南,品川,14,160000000,２ＬＤＫ,75,2006年,ＲＣ,,,２種住居,,,2026年第1四半期,,
中古マンション等,成約価格情報,13103,東京都,港区,港南,品川,11,170000000,２ＬＤＫ,90,2005年,ＲＣ,,,準工業,,,2026年第1四半期,改装済み,
中古マンション等,成約価格情報,13103,東京都,港区,港南,品川,15,140000000,３ＬＤＫ,80,2005年,ＲＣ,,,２種住居,,,2026年第1四半期,,
中古マンション等,成約価格情報,13103,東京都,港区,港南,品川,15,170000000,２ＬＤＫ＋Ｓ,95,2006年,ＲＣ,,,２種住居,,,2026年第1四半期,,
中古マンション等,成約価格情報,13103,東京都,港区,港南,品川,13,96000000,１ＬＤＫ,45,2026年,ＲＣ,,,準工業,,,2026年第1四半期,,
中古マンション等,成約価格情報,13103,東京都,港区,港南,品川,15,97000000,１ＬＤＫ,65,2005年,ＲＣ,,,２種住居,,,2026年第1四半期,,
中古マンション等,成約価格情報,13103,東京都,港区,港南,品川,6,140000000,１ＬＤＫ＋Ｓ,55,2003年,ＳＲＣ,,,商業,,,2026年第1四半期,,
中古マンション等,成約価格情報,13103,東京都,港区,芝,浜松町,6,420000000,３ＬＤＫ,105,2007年,ＲＣ,,,商業,,,2026年第1四半期,,
中古マンション等,成約価格情報,13103,東京都,港区,芝,芝公園,5,120000000,２ＬＤＫ,90,2000年,ＳＲＣ,,,商業,,,2026年第1四半期,,
中古マンション等,成約価格情報,13103,東京都,港区,芝,田町(東京),8,17000000,１Ｒ,20,1981年,ＳＲＣ,,,商業,,,2026年第1四半期,,
中古マンション等,成約価格情報,13103,東京都,港区,芝,田町(東京),5,27000000,１Ｒ,20,2003年,ＲＣ,,,商業,,,2026年第1四半期,,
中古マンション等,成約価格情報,13103,東京都,港区,芝,田町(東京),6,60000000,１Ｒ,50,1981年,ＳＲＣ,,,商業,,,2026年第1四半期,,
中古マンション等,成約価格情報,13103,東京都,港区,芝,三田(東京),3,93000000,１ＬＤＫ,50,2006年,ＲＣ,,,商業,,,2026年第1四半期,,
中古マンション等,成約価格情報,13103,東京都,港区,芝,三田(東京),5,24000000,１Ｋ,25,2006年,ＲＣ,,,商業,,,2026年第1四半期,,
中古マンション等,成約価格情報,13103,東京都,港区,芝,芝公園,3,140000000,２ＬＤＫ,50,2018年,ＲＣ,,,商業,,,2026年第1四半期,,
中古マンション等,成約価格情報,13103,東京都,港区,芝,三田(東京),6,130000000,２ＬＤＫ,60,2003年,ＳＲＣ,,,商業,,,2026年第1四半期,,
中古マンション等,成約価格情報,13103,東京都,港区,芝,三田(東京),4,15000000,１Ｒ,30,1981年,ＲＣ,,,商業,,,2026年第1四半期,,
中古マンション等,成約価格情報,13103,東京都,港区,芝,三田(東京),2,270000000,３ＬＤＫ,95,2006年,ＲＣ,,,商業,,,2026年第1四半期,,
中古マンション等,成約価格情報,13103,東京都,港区,芝,三田(東京),3,42000000,１ＬＤＫ,40,1982年,ＳＲＣ,,,商業,,,2026年第1四半期,,
中古マンション等,成約価格情報,13103,東京都,港区,芝,田町(東京),5,67000000,１ＬＤＫ＋Ｓ,60,1979年,ＳＲＣ,,,商業,,,2026年第1四半期,,
中古マンション等,成約価格情報,13103,東京都,港区,芝,田町(東京),5,140000000,１ＬＤＫ＋Ｓ,55,2006年,ＲＣ,,,商業,,,2026年第1四半期,,
中古マンション等,成約価格情報,13103,東京都,港区,芝,芝公園,3,52000000,１Ｋ,30,2018年,ＲＣ,,,商業,,,2026年第1四半期,,
中古マンション等,成約価格情報,13103,東京都,港区,芝,三田(東京),3,100000000,１ＬＤＫ,45,2006年,ＲＣ,,,商業,,,2026年第1四半期,,
中古マンション等,成約価格情報,13103,東京都,港区,芝,三田(東京),3,190000000,２ＬＤＫ,70,2006年,ＳＲＣ,,,商業,,,2026年第1四半期,,
中古マンション等,成約価格情報,13103,東京都,港区,芝,三田(東京),3,29000000,１Ｒ,45,1979年,ＳＲＣ,,,商業,,,2026年第1四半期,,
中古マンション等,成約価格情報,13103,東京都,港区,芝,芝公園,6,44000000,１Ｋ,25,2018年,ＲＣ,,,商業,,,2026年第1四半期,,
中古マンション等,成約価格情報,13103,東京都,港区,芝公園,芝公園,3,29000000,１Ｋ,20,2001年,ＲＣ,,,商業,,,2026年第1四半期,,
中古マンション等,成約価格情報,13103,東京都,港区,芝公園,大門(東京),3,38000000,１Ｋ,30,2008年,ＳＲＣ,,,商業,,,2026年第1四半期,,
中古マンション等,成約価格情報,13103,東京都,港区,芝公園,芝公園,3,28000000,１Ｋ,20,2001年,ＲＣ,,,商業,,,2026年第1四半期,,
中古マンション等,成約価格情報,13103,東京都,港区,白金台,白金台,8,50000000,１Ｋ,45,1979年,ＲＣ,,,１中住専,,,2026年第1四半期,,
中古マンション等,成約価格情報,13103,東京都,港区,白金台,白金台,4,210000000,２ＬＤＫ,60,2025年,ＲＣ,,,商業,,,2026年第1四半期,,
中古マンション等,成約価格情報,13103,東京都,港区,白金台,白金台,4,210000000,２ＬＤＫ,60,2025年,ＳＲＣ,,,商業,,,2026年第1四半期,,
中古マンション等,成約価格情報,13103,東京都,港区,白金台,白金台,4,230000000,２ＬＤＫ,60,2025年,ＲＣ,,,商業,,,2026年第1四半期,,
中古マンション等,成約価格情報,13103,東京都,港区,白金台,白金台,5,120000000,２ＬＤＫ,65,1982年,ＲＣ,,,１中住専,,,2026年第1四半期,,
中古マンション等,成約価格情報,13103,東京都,港区,白金台,白金台,5,350000000,３ＬＤＫ＋Ｓ,180,1980年,ＳＲＣ,,,２種住居,,,2026年第1四半期,,
中古マンション等,成約価格情報,13103,東京都,港区,白金台,高輪台,5,56000000,１ＬＤＫ,55,1981年,ＲＣ,,,１中住専,,,2026年第1四半期,,
中古マンション等,成約価格情報,13103,東京都,港区,白金台,白金台,1,66000000,１Ｒ,45,2000年,ＳＲＣ,,,１中住専,,,2026年第1四半期,,
中古マンション等,成約価格情報,13103,東京都,港区,白金台,白金台,3,900000000,３ＬＤＫ＋Ｓ,190,2004年,ＳＲＣ,,,２種住居,,,2026年第1四半期,,
中古マンション等,成約価格情報,13103,東京都,港区,白金台,白金台,3,130000000,２ＬＤＫ,70,1977年,ＳＲＣ,,,１中住専,,,2026年第1四半期,改装済み,
中古マンション等,成約価格情報,13103,東京都,港区,白金台,白金台,4,550000000,３ＬＤＫ,120,2025年,ＲＣ,,,１種住居,,,2026年第1四半期,,
中古マンション等,成約価格情報,13103,東京都,港区,白金台,高輪台,5,80000000,１ＬＤＫ,50,2005年,ＳＲＣ,,,商業,,,2026年第1四半期,,
中古マンション等,成約価格情報,13103,東京都,港区,白金台,白金台,3,150000000,２ＬＤＫ,70,1981年,ＳＲＣ,,,商業,,,2026年第1四半期,,
中古マンション等,成約価格情報,13103,東京都,港区,白金台,白金台,4,330000000,３ＬＤＫ,155,1980年,ＳＲＣ,,,商業,,,2026年第1四半期,,
中古マンション等,成約価格情報,13103,東京都,港区,白金台,白金台,12,20000000,１Ｋ,20,1998年,ＳＲＣ,,,準工業,,,2026年第1四半期,,
中古マンション等,成約価格情報,13103,東京都,港区,白金台,白金台,9,460000000,２ＬＤＫ,135,2006年,ＲＣ,,,１中住専,,,2026年第1四半期,,
中古マンション等,成約価格情報,13103,東京都,港区,白金台,白金台,9,510000000,２ＬＤＫ,140,2006年,ＲＣ,,,１中住専,,,2026年第1四半期,,
中古マンション等,成約価格情報,13103,東京都,港区,白金台,白金台,1,39000000,１Ｒ,35,2000年,ＳＲＣ,,,１中住専,,,2026年第1四半期,,
中古マンション等,成約価格情報,13103,東京都,港区,白金台,高輪台,5,82000000,１ＬＤＫ,45,2005年,ＳＲＣ,,,商業,,,2026年第1四半期,,
中古マンション等,成約価格情報,13103,東京都,港区,台場,お台場海浜公園,2,92000000,１Ｋ,55,2006年,ＲＣ,,,商業,,,2026年第1四半期,,
中古マンション等,成約価格情報,13103,東京都,港区,台場,お台場海浜公園,2,190000000,３ＬＤＫ,85,2006年,ＲＣ,,,商業,,,2026年第1四半期,,
中古マンション等,成約価格情報,13103,東京都,港区,西新橋,虎ノ門ヒルズ,7,75000000,１Ｒ,30,2019年,ＲＣ,,,商業,,,2026年第1四半期,,
中古マンション等,成約価格情報,13103,東京都,港区,西新橋,虎ノ門,5,140000000,１ＬＤＫ,60,2006年,ＳＲＣ,,,商業,,,2026年第1四半期,,
中古マンション等,成約価格情報,13103,東京都,港区,西新橋,虎ノ門ヒルズ,7,55000000,１Ｒ,30,2019年,ＲＣ,,,商業,,,2026年第1四半期,,
中古マンション等,成約価格情報,13103,東京都,港区,三田,赤羽橋,6,220000000,２ＬＤＫ,60,2014年,ＲＣ,,,近隣商業,,,2026年第1四半期,,
中古マンション等,成約価格情報,13103,東京都,港区,三田,麻布十番,7,410000000,３ＬＤＫ,85,2024年,ＲＣ,,,２中住専,,,2026年第1四半期,,
中古マンション等,成約価格情報,13103,東京都,港区,三田,麻布十番,9,500000000,３ＬＤＫ,155,1982年,ＲＣ,,,１中住専,,,2026年第1四半期,,
中古マンション等,成約価格情報,13103,東京都,港区,三田,麻布十番,5,950000000,２ＬＤＫ,130,2025年,ＲＣ,,,２種住居,,,2026年第1四半期,,
中古マンション等,成約価格情報,13103,東京都,港区,三田,麻布十番,8,340000000,３ＬＤＫ,130,1971年,ＳＲＣ,,,１中住専,,,2026年第1四半期,,
中古マンション等,成約価格情報,13103,東京都,港区,三田,麻布十番,6,62000000,１ＬＤＫ,55,1977年,ＲＣ,,,１中住専,,,2026年第1四半期,改装済み,
中古マンション等,成約価格情報,13103,東京都,港区,三田,泉岳寺,2,34000000,１Ｋ,30,2007年,ＳＲＣ,,,商業,,,2026年第1四半期,,
中古マンション等,成約価格情報,13103,東京都,港区,三田,麻布十番,7,130000000,１Ｒ,30,2024年,ＲＣ,,,２種住居,,,2026年第1四半期,,
中古マンション等,成約価格情報,13103,東京都,港区,三田,赤羽橋,6,240000000,２ＬＤＫ,75,2014年,ＲＣ,,,近隣商業,,,2026年第1四半期,,
中古マンション等,成約価格情報,13103,東京都,港区,三田,麻布十番,7,500000000,３ＬＤＫ,85,2024年,ＲＣ,,,２種住居,,,2026年第1四半期,,
中古マンション等,成約価格情報,13103,東京都,港区,三田,麻布十番,7,380000000,２ＬＤＫ,90,2025年,ＲＣ,,,２種住居,,,2026年第1四半期,,
中古マンション等,成約価格情報,13103,東京都,港区,三田,白金高輪,5,27000000,１Ｋ,20,2001年,ＲＣ,,,準工業,,,2026年第1四半期,,
中古マンション等,成約価格情報,13103,東京都,港区,三田,麻布十番,7,340000000,１ＬＤＫ＋Ｓ,65,2024年,ＲＣ,,,２種住居,,,2026年第1四半期,,
中古マンション等,成約価格情報,13103,東京都,港区,三田,白金高輪,3,130000000,１ＬＤＫ,55,2005年,ＲＣ,,,商業,,,2026年第1四半期,改装済み,
中古マンション等,成約価格情報,13103,東京都,港区,三田,三田(東京),5,29000000,１Ｒ,30,1978年,ＳＲＣ,,,商業,,,2026年第1四半期,,
中古マンション等,成約価格情報,13103,東京都,港区,三田,白金高輪,10,55000000,１ＬＤＫ,50,1977年,ＲＣ,,,近隣商業,,,2026年第1四半期,,
中古マンション等,成約価格情報,13103,東京都,港区,三田,麻布十番,5,72000000,１Ｒ,35,2004年,ＲＣ,,,１中住専,,,2026年第1四半期,,
中古マンション等,成約価格情報,13103,東京都,港区,三田,白金高輪,7,160000000,２ＬＤＫ,80,1998年,ＳＲＣ,,,準工業,,,2026年第1四半期,,
中古マンション等,成約価格情報,13103,東京都,港区,三田,白金高輪,8,150000000,１ＬＤＫ,65,2012年,ＲＣ,,,準工業,,,2026年第1四半期,,
中古マンション等,成約価格情報,13103,東京都,港区,三田,三田(東京),10,95000000,１ＬＤＫ,60,1978年,ＳＲＣ,,,準工業,,,2026年第1四半期,,
中古マンション等,成約価格情報,13103,東京都,港区,三田,白金高輪,5,190000000,３ＬＤＫ,80,2005年,ＲＣ,,,準工業,,,2026年第1四半期,,
中古マンション等,成約価格情報,13103,東京都,港区,三田,白金高輪,7,110000000,１ＬＤＫ,55,2001年,ＲＣ,,,準工業,,,2026年第1四半期,,
中古マンション等,成約価格情報,13103,東京都,港区,三田,白金高輪,8,120000000,１ＬＤＫ,60,1998年,ＳＲＣ,,,工業,,,2026年第1四半期,,
中古マンション等,成約価格情報,13103,東京都,港区,三田,三田(東京),11,26000000,１ＤＫ,25,1980年,ＲＣ,,,１中住専,,,2026年第1四半期,,
中古マンション等,成約価格情報,13103,東京都,港区,三田,白金高輪,8,170000000,２ＬＤＫ,60,2021年,ＲＣ,,,準工業,,,2026年第1四半期,,
中古マンション等,成約価格情報,13103,東京都,港区,三田,白金高輪,8,42000000,１ＬＤＫ,30,1978年,ＳＲＣ,,,商業,,,2026年第1四半期,,
中古マンション等,成約価格情報,13103,東京都,港区,三田,白金高輪,9,140000000,２ＬＤＫ,65,2012年,ＲＣ,,,準工業,,,2026年第1四半期,,
中古マンション等,成約価格情報,13103,東京都,港区,三田,田町(東京),6,48000000,１ＬＤＫ,40,1983年,ＳＲＣ,,,商業,,,2026年第1四半期,,
中古マンション等,成約価格情報,13103,東京都,港区,三田,赤羽橋,1,130000000,１ＬＤＫ,45,2005年,ＲＣ,,,近隣商業,,,2026年第1四半期,,
中古マンション等,成約価格情報,13103,東京都,港区,三田,麻布十番,7,1200000000,３ＬＤＫ,130,2024年,ＲＣ,,,２種住居,,,2026年第1四半期,,
中古マンション等,成約価格情報,13103,東京都,港区,三田,白金高輪,8,92000000,２ＬＤＫ,60,1978年,ＳＲＣ,,,商業,,,2026年第1四半期,,
中古マンション等,成約価格情報,13103,東京都,港区,三田,麻布十番,5,67000000,２ＬＤＫ,60,1970年,鉄骨造,,,１中住専,,,2026年第1四半期,,
中古マンション等,成約価格情報,13103,東京都,港区,三田,麻布十番,10,44000000,１Ｋ,30,2016年,ＲＣ,,,近隣商業,,,2026年第1四半期,,
中古マンション等,成約価格情報,13103,東京都,港区,三田,白金高輪,8,140000000,２ＬＤＫ,70,1972年,ＳＲＣ,,,準工業,,,2026年第1四半期,,
中古マンション等,成約価格情報,13103,東京都,港区,三田,麻布十番,7,700000000,２ＬＤＫ,100,2024年,ＲＣ,,,２種住居,,,2026年第1四半期,,
中古マンション等,成約価格情報,13103,東京都,港区,三田,白金高輪,8,520000000,３ＬＤＫ,125,2021年,ＲＣ,,,準工業,,,2026年第1四半期,,
中古マンション等,成約価格情報,13103,東京都,港区,三田,白金高輪,8,140000000,２ＬＤＫ,70,1972年,ＲＣ,,,準工業,,,2026年第1四半期,,
中古マンション等,成約価格情報,13103,東京都,港区,三田,三田(東京),5,60000000,１ＬＤＫ,50,1979年,ＳＲＣ,,,商業,,,2026年第1四半期,,
中古マンション等,成約価格情報,13103,東京都,港区,三田,泉岳寺,5,62000000,１ＬＤＫ,50,1977年,ＲＣ,,,２種住居,,,2026年第1四半期,,
中古マンション等,成約価格情報,13103,東京都,港区,三田,赤羽橋,2,200000000,２ＬＤＫ,65,2005年,ＲＣ,,,近隣商業,,,2026年第1四半期,,
中古マンション等,成約価格情報,13103,東京都,港区,三田,麻布十番,7,420000000,３ＬＤＫ,90,2024年,ＲＣ,,,２種住居,,,2026年第1四半期,,
中古マンション等,成約価格情報,13103,東京都,港区,三田,三田(東京),3,78000000,１ＬＤＫ＋Ｓ,60,1982年,ＳＲＣ,,,商業,,,2026年第1四半期,,
中古マンション等,成約価格情報,13103,東京都,港区,三田,泉岳寺,5,81000000,２ＬＤＫ,60,1971年,ＲＣ,,,２種住居,,,2026年第1四半期,,
中古マンション等,成約価格情報,13103,東京都,港区,三田,三田(東京),11,50000000,２ＬＤＫ,50,1980年,ＲＣ,,,１中住専,,,2026年第1四半期,改装済み,
中古マンション等,成約価格情報,13103,東京都,港区,三田,白金高輪,7,48000000,１ＤＫ,30,1978年,ＳＲＣ,,,準工業,,,2026年第1四半期,,
中古マンション等,成約価格情報,13103,東京都,港区,三田,麻布十番,3,430000000,３ＬＤＫ,90,2010年,ＲＣ,,,近隣商業,,,2026年第1四半期,,
中古マンション等,成約価格情報,13103,東京都,港区,三田,麻布十番,7,390000000,３ＬＤＫ,85,2024年,ＲＣ,,,２種住居,,,2026年第1四半期,,
中古マンション等,成約価格情報,13103,東京都,港区,三田,白金高輪,6,290000000,３ＬＤＫ,100,2018年,ＲＣ,,,準工業,,,2026年第1四半期,,
中古マンション等,成約価格情報,13103,東京都,港区,三田,白金高輪,8,26000000,１Ｋ,20,1978年,ＳＲＣ,,,商業,,,2026年第1四半期,,
中古マンション等,成約価格情報,13103,東京都,港区,三田,泉岳寺,4,220000000,３ＬＤＫ,85,1998年,ＳＲＣ,,,１中住専,,,2026年第1四半期,,
中古マンション等,成約価格情報,13103,東京都,港区,三田,白金高輪,7,85000000,２ＬＤＫ,55,1996年,ＳＲＣ,,,準工業,,,2026年第1四半期,,
中古マンション等,成約価格情報,13103,東京都,港区,三田,麻布十番,7,460000000,２ＬＤＫ,105,2025年,ＲＣ,,,２種住居,,,2026年第1四半期,,
中古マンション等,成約価格情報,13103,東京都,港区,赤坂,乃木坂,6,130000000,２ＬＤＫ,70,1979年,ＲＣ,,,近隣商業,,,2026年第1四半期,改装済み,
中古マンション等,成約価格情報,13103,東京都,港区,赤坂,赤坂(東京),2,17000000,１Ｒ,20,1979年,ＳＲＣ,,,２種住居,,,2026年第1四半期,,
中古マンション等,成約価格情報,13103,東京都,港区,赤坂,赤坂(東京),3,38000000,１Ｋ,25,2016年,ＲＣ,,,商業,,,2026年第1四半期,,
中古マンション等,成約価格情報,13103,東京都,港区,赤坂,乃木坂,7,27000000,１Ｒ,25,1983年,ＲＣ,,,２中住専,,,2026年第1四半期,,
中古マンション等,成約価格情報,13103,東京都,港区,赤坂,溜池山王,2,560000000,２ＬＤＫ,110,2009年,ＲＣ,,,２種住居,,,2026年第1四半期,,
中古マンション等,成約価格情報,13103,東京都,港区,赤坂,赤坂(東京),4,650000000,２ＬＤＫ,155,2009年,ＲＣ,,,２種住居,,,2026年第1四半期,,
中古マンション等,成約価格情報,13103,東京都,港区,赤坂,溜池山王,4,19000000,１Ｒ,20,1980年,ＳＲＣ,,,商業,,,2026年第1四半期,改装済み,
中古マンション等,成約価格情報,13103,東京都,港区,赤坂,溜池山王,3,220000000,２ＬＤＫ,65,2016年,ＲＣ,,,２種住居,,,2026年第1四半期,,
中古マンション等,成約価格情報,13103,東京都,港区,赤坂,赤坂(東京),4,540000000,３ＬＤＫ,95,2008年,ＲＣ,,,商業,,,2026年第1四半期,,
中古マンション等,成約価格情報,13103,東京都,港区,赤坂,乃木坂,2,27000000,１Ｋ,25,1979年,ＳＲＣ,,,商業,,,2026年第1四半期,,
中古マンション等,成約価格情報,13103,東京都,港区,赤坂,赤坂(東京),8,350000000,２ＬＤＫ,85,2009年,ＲＣ,,,２種住居,,,2026年第1四半期,,
中古マンション等,成約価格情報,13103,東京都,港区,赤坂,乃木坂,3,74000000,２ＬＤＫ,45,1978年,ＲＣ,,,２種住居,,,2026年第1四半期,,
中古マンション等,成約価格情報,13103,東京都,港区,赤坂,赤坂(東京),6,300000000,３ＬＤＫ,135,1975年,ＲＣ,,,１中住専,,,2026年第1四半期,,
中古マンション等,成約価格情報,13103,東京都,港区,赤坂,六本木,7,15000000,１Ｒ,20,1971年,ＳＲＣ,,,近隣商業,,,2026年第1四半期,,
中古マンション等,成約価格情報,13103,東京都,港区,赤坂,赤坂(東京),2,61000000,１ＬＤＫ,50,1977年,ＳＲＣ,,,２種住居,,,2026年第1四半期,,
中古マンション等,成約価格情報,13103,東京都,港区,赤坂,赤坂(東京),5,290000000,２ＬＤＫ,75,2008年,ＲＣ,,,商業,,,2026年第1四半期,,
中古マンション等,成約価格情報,13103,東京都,港区,赤坂,赤坂(東京),9,150000000,２ＬＤＫ,70,1997年,ＲＣ,,,１中住専,,,2026年第1四半期,,
中古マンション等,成約価格情報,13103,東京都,港区,赤坂,青山一丁目,8,330000000,３ＬＤＫ,120,1997年,ＳＲＣ,,,１中住専,,,2026年第1四半期,改装済み,
中古マンション等,成約価格情報,13103,東京都,港区,赤坂,乃木坂,5,78000000,１ＬＤＫ,55,1977年,ＲＣ,,,１中住専,,,2026年第1四半期,改装済み,
中古マンション等,成約価格情報,13103,東京都,港区,赤坂,青山一丁目,7,140000000,１ＬＤＫ＋Ｓ,70,1997年,ＳＲＣ,,,１中住専,,,2026年第1四半期,,
中古マンション等,成約価格情報,13103,東京都,港区,赤坂,溜池山王,2,300000000,３ＬＤＫ,125,1983年,ＳＲＣ,,,商業,,,2026年第1四半期,,
中古マンション等,成約価格情報,13103,東京都,港区,赤坂,赤坂(東京),6,48000000,１Ｋ,30,2013年,ＲＣ,,,２種住居,,,2026年第1四半期,,
中古マンション等,成約価格情報,13103,東京都,港区,赤坂,赤坂(東京),5,65000000,１ＬＤＫ,55,1982年,ＲＣ,,,商業,,,2026年第1四半期,,
中古マンション等,成約価格情報,13103,東京都,港区,赤坂,赤坂(東京),8,330000000,２ＬＤＫ,85,2009年,ＲＣ,,,２種住居,,,2026年第1四半期,,
中古マンション等,成約価格情報,13103,東京都,港区,赤坂,赤坂(東京),6,200000000,２ＬＤＫ,60,2013年,ＲＣ,,,１中住専,,,2026年第1四半期,,
中古マンション等,成約価格情報,13103,東京都,港区,赤坂,乃木坂,6,89000000,１ＬＤＫ＋Ｓ,70,1972年,ＲＣ,,,２種住居,,,2026年第1四半期,改装済み,
中古マンション等,成約価格情報,13103,東京都,港区,赤坂,青山一丁目,3,400000000,３ＬＤＫ,100,2001年,ＲＣ,,,２種住居,,,2026年第1四半期,,
中古マンション等,成約価格情報,13103,東京都,港区,赤坂,赤坂(東京),4,210000000,３ＬＤＫ,75,2014年,ＲＣ,,,２種住居,,,2026年第1四半期,,
中古マンション等,成約価格情報,13103,東京都,港区,赤坂,赤坂(東京),4,110000000,１ＬＤＫ,50,2001年,ＳＲＣ,,,２種住居,,,2026年第1四半期,,
中古マンション等,成約価格情報,13103,東京都,港区,麻布十番,麻布十番,3,150000000,２ＬＤＫ＋Ｓ,65,1997年,ＳＲＣ,,,商業,,,2026年第1四半期,,
中古マンション等,成約価格情報,13103,東京都,港区,麻布十番,麻布十番,3,60000000,３ＤＫ,60,1979年,ＳＲＣ,,,商業,,,2026年第1四半期,,
中古マンション等,成約価格情報,13103,東京都,港区,麻布十番,麻布十番,1,110000000,１ＬＤＫ,55,1983年,ＳＲＣ,,,商業,,,2026年第1四半期,,
中古マンション等,成約価格情報,13103,東京都,港区,麻布十番,麻布十番,1,140000000,１ＬＤＫ,65,2005年,ＲＣ,,,商業,,,2026年第1四半期,,
中古マンション等,成約価格情報,13103,東京都,港区,麻布狸穴町,麻布十番,5,370000000,３ＬＤＫ,100,2008年,ＲＣ,,,１中住専,,,2026年第1四半期,,
中古マンション等,成約価格情報,13103,東京都,港区,芝浦,田町(東京),10,97000000,１ＬＤＫ,45,2015年,ＲＣ,,,準工業,,,2026年第1四半期,,
中古マンション等,成約価格情報,13103,東京都,港区,芝浦,田町(東京),8,170000000,３ＬＤＫ,85,2005年,ＲＣ,,,準工業,,,2026年第1四半期,,
中古マンション等,成約価格情報,13103,東京都,港区,芝浦,田町(東京),5,58000000,１ＬＤＫ,50,1978年,ＳＲＣ,,,商業,,,2026年第1四半期,,
中古マンション等,成約価格情報,13103,東京都,港区,芝浦,田町(東京),10,80000000,２ＬＤＫ,60,1982年,ＳＲＣ,,,準工業,,,2026年第1四半期,,
中古マンション等,成約価格情報,13103,東京都,港区,芝浦,田町(東京),10,25000000,１Ｋ,20,2002年,ＲＣ,,,商業,,,2026年第1四半期,,
中古マンション等,成約価格情報,13103,東京都,港区,芝浦,田町(東京),12,140000000,２ＬＤＫ,65,2006年,ＲＣ,,,２種住居,,,2026年第1四半期,,
中古マンション等,成約価格情報,13103,東京都,港区,芝浦,田町(東京),14,150000000,３ＬＤＫ,85,2006年,ＲＣ,,,２種住居,,,2026年第1四半期,,
中古マンション等,成約価格情報,13103,東京都,港区,芝浦,田町(東京),12,160000000,２ＬＤＫ,70,2006年,ＲＣ,,,２種住居,,,2026年第1四半期,改装済み,
中古マンション等,成約価格情報,13103,東京都,港区,芝浦,田町(東京),11,59000000,２ＬＤＫ,50,1982年,ＳＲＣ,,,準工業,,,2026年第1四半期,,
中古マンション等,成約価格情報,13103,東京都,港区,芝浦,田町(東京),6,45000000,２ＤＫ,45,1978年,ＳＲＣ,,,商業,,,2026年第1四半期,,
中古マンション等,成約価格情報,13103,東京都,港区,芝浦,田町(東京),10,160000000,２ＬＤＫ,60,2015年,ＲＣ,,,準工業,,,2026年第1四半期,,
中古マンション等,成約価格情報,13103,東京都,港区,芝浦,田町(東京),9,140000000,２ＬＤＫ,65,2005年,ＲＣ,,,準工業,,,2026年第1四半期,,
中古マンション等,成約価格情報,13103,東京都,港区,芝浦,田町(東京),9,41000000,１ＬＤＫ,40,1980年,ＳＲＣ,,,準工業,,,2026年第1四半期,,
中古マンション等,成約価格情報,13103,東京都,港区,芝浦,田町(東京),12,40000000,１ＬＤＫ,40,1980年,ＲＣ,,,準工業,,,2026年第1四半期,,
中古マンション等,成約価格情報,13103,東京都,港区,芝浦,田町(東京),13,330000000,３ＬＤＫ,125,2006年,ＲＣ,,,２種住居,,,2026年第1四半期,,
中古マンション等,成約価格情報,13103,東京都,港区,芝浦,田町(東京),12,130000000,２ＬＤＫ,75,2006年,ＲＣ,,,２種住居,,,2026年第1四半期,,
中古マンション等,成約価格情報,13103,東京都,港区,芝浦,田町(東京),11,71000000,２ＬＤＫ,55,1983年,ＳＲＣ,,,準工業,,,2026年第1四半期,改装済み,
中古マンション等,成約価格情報,13103,東京都,港区,芝浦,田町(東京),12,110000000,１ＬＤＫ,60,2006年,ＲＣ,,,２種住居,,,2026年第1四半期,,
中古マンション等,成約価格情報,13103,東京都,港区,芝浦,田町(東京),10,220000000,３ＬＤＫ,80,2015年,ＲＣ,,,準工業,,,2026年第1四半期,,
中古マンション等,成約価格情報,13103,東京都,港区,芝浦,田町(東京),8,180000000,２ＤＫ,80,2007年,ＲＣ,,,商業,,,2026年第1四半期,,
中古マンション等,成約価格情報,13103,東京都,港区,芝浦,田町(東京),11,100000000,１ＬＤＫ,40,2023年,ＲＣ,,,準工業,,,2026年第1四半期,,
中古マンション等,成約価格情報,13103,東京都,港区,芝浦,田町(東京),12,140000000,２ＬＤＫ,65,2006年,ＲＣ,,,２種住居,,,2026年第1四半期,,
中古マンション等,成約価格情報,13103,東京都,港区,芝浦,田町(東京),12,210000000,２ＬＤＫ,105,2006年,ＲＣ,,,２種住居,,,2026年第1四半期,,
中古マンション等,成約価格情報,13103,東京都,港区,芝浦,田町(東京),8,42000000,１Ｋ,30,2014年,ＲＣ,,,商業,,,2026年第1四半期,,
中古マンション等,成約価格情報,13103,東京都,港区,芝浦,田町(東京),8,200000000,２ＬＤＫ,95,2007年,ＲＣ,,,準工業,,,2026年第1四半期,,
中古マンション等,成約価格情報,13103,東京都,港区,芝浦,田町(東京),9,26000000,１ＤＫ,30,1977年,ＲＣ,,,準工業,,,2026年第1四半期,,
中古マンション等,成約価格情報,13103,東京都,港区,芝浦,田町(東京),14,160000000,３ＬＤＫ,85,2006年,ＲＣ,,,２種住居,,,2026年第1四半期,,
中古マンション等,成約価格情報,13103,東京都,港区,芝浦,田町(東京),6,57000000,２ＤＫ,45,1978年,ＳＲＣ,,,商業,,,2026年第1四半期,,
中古マンション等,成約価格情報,13103,東京都,港区,芝浦,田町(東京),11,31000000,１ＤＫ,30,1982年,ＳＲＣ,,,準工業,,,2026年第1四半期,,
中古マンション等,成約価格情報,13103,東京都,港区,芝浦,田町(東京),8,160000000,２ＬＤＫ,70,2007年,ＲＣ,,,準工業,,,2026年第1四半期,,
中古マンション等,成約価格情報,13103,東京都,港区,芝浦,田町(東京),9,28000000,１Ｋ,25,2002年,ＲＣ,,,準工業,,,2026年第1四半期,,
中古マンション等,成約価格情報,13103,東京都,港区,芝浦,田町(東京),11,40000000,１ＤＫ,40,1982年,ＳＲＣ,,,準工業,,,2026年第1四半期,改装済み,
中古マンション等,成約価格情報,13103,東京都,港区,芝大門,大門(東京),1,18000000,１Ｒ,20,1979年,ＲＣ,,,商業,,,2026年第1四半期,,
中古マンション等,成約価格情報,13103,東京都,港区,芝大門,大門(東京),3,150000000,２ＬＤＫ,75,2021年,ＲＣ,,,商業,,,2026年第1四半期,,
中古マンション等,成約価格情報,13103,東京都,港区,西麻布,乃木坂,14,68000000,２ＬＤＫ,70,1976年,ＳＲＣ,,,１種住居,,,2026年第1四半期,改装済み,
中古マンション等,成約価格情報,13103,東京都,港区,西麻布,乃木坂,12,290000000,３ＬＤＫ,85,2018年,ＲＣ,,,１種住居,,,2026年第1四半期,,
中古マンション等,成約価格情報,13103,東京都,港区,西麻布,広尾,6,270000000,２ＬＤＫ,70,2014年,ＲＣ,,,近隣商業,,,2026年第1四半期,,
中古マンション等,成約価格情報,13103,東京都,港区,西麻布,広尾,6,110000000,１Ｒ,55,1999年,ＳＲＣ,,,近隣商業,,,2026年第1四半期,,
中古マンション等,成約価格情報,13103,東京都,港区,西麻布,広尾,10,78000000,１Ｒ,45,1996年,ＳＲＣ,,,商業,,,2026年第1四半期,,
中古マンション等,成約価格情報,13103,東京都,港区,西麻布,六本木,9,26000000,１Ｒ,25,1979年,ＲＣ,,,近隣商業,,,2026年第1四半期,,
中古マンション等,成約価格情報,13103,東京都,港区,西麻布,六本木,10,95000000,１ＬＤＫ,55,1999年,,,,近隣商業,,,2026年第1四半期,,
中古マンション等,成約価格情報,13103,東京都,港区,西麻布,広尾,9,87000000,２ＬＤＫ,45,1984年,ＲＣ,,,近隣商業,,,2026年第1四半期,,
中古マンション等,成約価格情報,13103,東京都,港区,西麻布,六本木,7,27000000,１Ｒ,30,1976年,ＲＣ,,,２種住居,,,2026年第1四半期,,
中古マンション等,不動産取引価格情報,13103,東京都,港区,赤坂,赤坂(東京),4,290000000,２ＬＤＫ,70,2008年,ＲＣ,住宅,住宅,商業,80,400,2026年第1四半期,未改装,
中古マンション等,不動産取引価格情報,13103,東京都,港区,赤坂,赤坂(東京),4,660000000,３ＬＤＫ,110,2008年,ＲＣ,住宅,その他,商業,80,400,2026年第1四半期,未改装,
中古マンション等,不動産取引価格情報,13103,東京都,港区,赤坂,赤坂(東京),6,16000000,１Ｋ,15,1985年,ＳＲＣ,事務所,事務所,近隣商業,80,300,2026年第1四半期,,
中古マンション等,不動産取引価格情報,13103,東京都,港区,赤坂,赤坂見附,5,60000000,１Ｋ,25,2020年,ＲＣ,住宅,,２種住居,60,400,2026年第1四半期,未改装,
中古マンション等,不動産取引価格情報,13103,東京都,港区,赤坂,溜池山王,2,160000000,１Ｋ,55,1983年,ＳＲＣ,住宅,事務所,商業,80,400,2026年第1四半期,改装済み,
中古マンション等,不動産取引価格情報,13103,東京都,港区,赤坂,溜池山王,3,220000000,２ＬＤＫ,60,2016年,ＲＣ,住宅,住宅,２種住居,60,400,2026年第1四半期,未改装,
中古マンション等,不動産取引価格情報,13103,東京都,港区,赤坂,乃木坂,2,27000000,,20,,ＳＲＣ,住宅,,商業,80,500,2026年第1四半期,改装済み,
中古マンション等,不動産取引価格情報,13103,東京都,港区,麻布十番,麻布十番,1,31000000,１Ｋ,25,1999年,ＲＣ,住宅,住宅,商業,80,600,2026年第1四半期,,
中古マンション等,不動産取引価格情報,13103,東京都,港区,海岸,芝浦ふ頭,3,27000000,１Ｋ,25,2002年,ＳＲＣ,住宅,住宅,準工業,60,400,2026年第1四半期,未改装,
中古マンション等,不動産取引価格情報,13103,東京都,港区,海岸,浜松町,6,68000000,１Ｋ,25,2023年,ＲＣ,住宅,住宅,準工業,60,400,2026年第1四半期,未改装,
中古マンション等,不動産取引価格情報,13103,東京都,港区,港南,天王洲アイル,6,180000000,３ＬＤＫ,80,2005年,ＲＣ,住宅,住宅,２種住居,60,400,2026年第1四半期,未改装,
中古マンション等,不動産取引価格情報,13103,東京都,港区,港南,天王洲アイル,6,230000000,３ＬＤＫ,85,2005年,ＲＣ,住宅,住宅,２種住居,60,400,2026年第1四半期,,
中古マンション等,不動産取引価格情報,13103,東京都,港区,港南,天王洲アイル,14,100000000,２ＬＤＫ,50,2000年,ＳＲＣ,住宅,,商業,80,600,2026年第1四半期,改装済み,
中古マンション等,不動産取引価格情報,13103,東京都,港区,港南,天王洲アイル,6,160000000,２ＬＤＫ,90,2005年,ＲＣ,住宅,住宅,２種住居,60,400,2026年第1四半期,未改装,
中古マンション等,不動産取引価格情報,13103,東京都,港区,芝,芝公園,3,150000000,,55,2004年,ＳＲＣ,,住宅,近隣商業,80,400,2026年第1四半期,,
中古マンション等,不動産取引価格情報,13103,東京都,港区,芝,芝公園,4,40000000,１Ｋ,25,2016年,ＲＣ,,住宅,近隣商業,80,400,2026年第1四半期,,
中古マンション等,不動産取引価格情報,13103,東京都,港区,芝,浜松町,7,380000000,２ＬＤＫ,100,2007年,ＲＣ,住宅,住宅,商業,80,500,2026年第1四半期,,
中古マンション等,不動産取引価格情報,13103,東京都,港区,芝,三田(東京),7,42000000,,20,2018年,ＲＣ,,住宅,商業,80,500,2026年第1四半期,,
中古マンション等,不動産取引価格情報,13103,東京都,港区,芝浦,田町(東京),9,30000000,１Ｋ,20,2005年,ＳＲＣ,,住宅,商業,80,400,2026年第1四半期,,
中古マンション等,不動産取引価格情報,13103,東京都,港区,芝浦,田町(東京),9,250000000,３ＬＤＫ,85,2021年,ＲＣ,,住宅,商業,80,400,2026年第1四半期,未改装,
中古マンション等,不動産取引価格情報,13103,東京都,港区,芝浦,田町(東京),10,100000000,１ＤＫ,40,2023年,ＳＲＣ,,住宅,準工業,60,400,2026年第1四半期,未改装,
中古マンション等,不動産取引価格情報,13103,東京都,港区,芝浦,田町(東京),10,230000000,３ＬＤＫ,70,2023年,ＳＲＣ,,住宅,準工業,60,400,2026年第1四半期,改装済み,
中古マンション等,不動産取引価格情報,13103,東京都,港区,芝浦,田町(東京),10,15000000,,15,1980年,ＳＲＣ,,住宅,準工業,60,400,2026年第1四半期,,
中古マンション等,不動産取引価格情報,13103,東京都,港区,芝浦,三田(東京),9,130000000,３ＬＤＫ,70,2001年,ＳＲＣ,,住宅,商業,80,400,2026年第1四半期,改装済み,
中古マンション等,不動産取引価格情報,13103,東京都,港区,芝大門,大門(東京),3,170000000,２ＬＤＫ,65,2021年,ＲＣ,,住宅,商業,80,600,2026年第1四半期,未改装,
中古マンション等,不動産取引価格情報,13103,東京都,港区,白金,白金台,6,160000000,,65,2005年,ＲＣ,,,１中住専,60,300,2026年第1四半期,,
中古マンション等,不動産取引価格情報,13103,東京都,港区,白金,白金台,10,230000000,,65,2015年,ＲＣ,,,１種住居,60,400,2026年第1四半期,,
中古マンション等,不動産取引価格情報,13103,東京都,港区,白金台,白金台,7,350000000,３ＬＤＫ,175,1985年,ＳＲＣ,住宅,住宅,１中住専,60,300,2026年第1四半期,未改装,
中古マンション等,不動産取引価格情報,13103,東京都,港区,白金台,白金台,4,240000000,２ＬＤＫ,55,2025年,ＲＣ,,住宅,商業,80,500,2026年第1四半期,未改装,
中古マンション等,不動産取引価格情報,13103,東京都,港区,新橋,新橋,6,50000000,１Ｋ,20,2020年,ＳＲＣ,住宅,住宅,商業,80,700,2026年第1四半期,未改装,
中古マンション等,不動産取引価格情報,13103,東京都,港区,新橋,新橋,1,160000000,オープンフロア,65,1971年,ＳＲＣ,事務所,事務所,商業,80,1000,2026年第1四半期,未改装,
中古マンション等,不動産取引価格情報,13103,東京都,港区,新橋,新橋,1,81000000,オープンフロア,25,1971年,ＳＲＣ,店舗,店舗,商業,80,1000,2026年第1四半期,改装済み,
中古マンション等,不動産取引価格情報,13103,東京都,港区,高輪,品川,8,45000000,,25,2017年,ＲＣ,住宅,,１中住専,60,200,2026年第1四半期,,
中古マンション等,不動産取引価格情報,13103,東京都,港区,高輪,品川,6,400000000,,135,1998年,ＲＣ,,,２種住居,60,300,2026年第1四半期,,
中古マンション等,不動産取引価格情報,13103,東京都,港区,高輪,品川,6,240000000,３ＬＤＫ,100,1980年,ＳＲＣ,住宅,住宅,１中住専,60,200,2026年第1四半期,改装済み,
中古マンション等,不動産取引価格情報,13103,東京都,港区,高輪,白金高輪,10,24000000,１Ｋ,20,1998年,ＲＣ,住宅,住宅,１中住専,60,300,2026年第1四半期,改装済み,
中古マンション等,不動産取引価格情報,13103,東京都,港区,高輪,白金高輪,1,110000000,１ＬＤＫ,40,2004年,ＲＣ,住宅,住宅,商業,80,500,2026年第1四半期,未改装,
中古マンション等,不動産取引価格情報,13103,東京都,港区,高輪,泉岳寺,4,56000000,１ＤＫ,45,1970年,ＲＣ,住宅,事務所,１中住専,60,300,2026年第1四半期,未改装,
中古マンション等,不動産取引価格情報,13103,東京都,港区,高輪,高輪台,7,25000000,１Ｋ,20,2004年,ＲＣ,住宅,住宅,商業,80,500,2026年第1四半期,未改装,
中古マンション等,不動産取引価格情報,13103,東京都,港区,高輪,高輪台,6,67000000,１ＬＤＫ,30,1997年,ＳＲＣ,住宅,住宅,近隣商業,80,400,2026年第1四半期,改装済み,
中古マンション等,不動産取引価格情報,13103,東京都,港区,虎ノ門,神谷町,3,60000000,１Ｋ,20,2004年,ＲＣ,住宅,住宅,商業,80,500,2026年第1四半期,改装済み,
中古マンション等,不動産取引価格情報,13103,東京都,港区,虎ノ門,神谷町,3,450000000,３ＬＤＫ,90,2008年,ＲＣ,,住宅,２種住居,60,400,2026年第1四半期,改装済み,
中古マンション等,不動産取引価格情報,13103,東京都,港区,虎ノ門,神谷町,3,300000000,,80,2008年,ＲＣ,,,２種住居,60,400,2026年第1四半期,,
中古マンション等,不動産取引価格情報,13103,東京都,港区,西麻布,広尾,8,120000000,１ＬＤＫ,65,2004年,ＲＣ,住宅,住宅,１中住専,60,200,2026年第1四半期,未改装,
中古マンション等,不動産取引価格情報,13103,東京都,港区,西麻布,広尾,10,43000000,１Ｋ,25,2011年,ＲＣ,住宅,住宅,近隣商業,80,400,2026年第1四半期,改装済み,
中古マンション等,不動産取引価格情報,13103,東京都,港区,西麻布,広尾,8,600000000,３ＬＤＫ,125,2000年,ＳＲＣ,住宅,住宅,１中住専,60,300,2026年第1四半期,未改装,
中古マンション等,不動産取引価格情報,13103,東京都,港区,西新橋,内幸町,1,220000000,オープンフロア,55,2025年,ＲＣ,事務所,事務所,商業,80,700,2026年第1四半期,,
中古マンション等,不動産取引価格情報,13103,東京都,港区,浜松町,大門(東京),4,23000000,１Ｋ,20,2002年,ＲＣ,,住宅,商業,80,600,2026年第1四半期,,
中古マンション等,不動産取引価格情報,13103,東京都,港区,東新橋,汐留,3,380000000,,110,2002年,ＲＣ,住宅,,商業,80,600,2026年第1四半期,,
中古マンション等,不動産取引価格情報,13103,東京都,港区,東新橋,汐留,3,350000000,３ＬＤＫ,100,2002年,ＲＣ,住宅,住宅,商業,80,600,2026年第1四半期,未改装,
中古マンション等,不動産取引価格情報,13103,東京都,港区,東新橋,汐留,3,430000000,,100,2002年,ＲＣ,住宅,,商業,80,600,2026年第1四半期,,
中古マンション等,不動産取引価格情報,13103,東京都,港区,三田,赤羽橋,6,250000000,２ＬＤＫ,70,2014年,ＲＣ,,住宅,１種住居,60,400,2026年第1四半期,改装済み,
中古マンション等,不動産取引価格情報,13103,東京都,港区,三田,麻布十番,7,650000000,３ＬＤＫ,100,2024年,ＲＣ,住宅,,２種住居,60,400,2026年第1四半期,未改装,
中古マンション等,不動産取引価格情報,13103,東京都,港区,三田,麻布十番,9,64000000,１ＬＤＫ,40,1972年,ＲＣ,,住宅,１中住専,60,300,2026年第1四半期,改装済み,
中古マンション等,不動産取引価格情報,13103,東京都,港区,三田,麻布十番,7,640000000,２ＬＤＫ,100,2024年,ＲＣ,住宅,住宅,２種住居,60,400,2026年第1四半期,改装済み,
中古マンション等,不動産取引価格情報,13103,東京都,港区,三田,麻布十番,7,1200000000,３ＬＤＫ,125,2024年,ＲＣ,住宅,住宅,２種住居,60,400,2026年第1四半期,未改装,
中古マンション等,不動産取引価格情報,13103,東京都,港区,三田,麻布十番,7,700000000,２ＬＤＫ,105,2024年,ＲＣ,住宅,住宅,２種住居,60,400,2026年第1四半期,未改装,
中古マンション等,不動産取引価格情報,13103,東京都,港区,三田,麻布十番,7,300000000,２ＬＤＫ,65,2024年,ＲＣ,住宅,その他,２種住居,60,400,2026年第1四半期,未改装,
中古マンション等,不動産取引価格情報,13103,東京都,港区,三田,白金高輪,7,110000000,３ＬＤＫ,55,1978年,ＳＲＣ,住宅,住宅,準工業,60,400,2026年第1四半期,改装済み,
中古マンション等,不動産取引価格情報,13103,東京都,港区,三田,白金高輪,6,160000000,４ＬＤＫ,95,1972年,ＳＲＣ,,住宅,準工業,60,400,2026年第1四半期,未改装,
中古マンション等,不動産取引価格情報,13103,東京都,港区,南青山,表参道,13,15000000,１Ｋ,10,1984年,ＲＣ,住宅,住宅,１中住専,60,200,2026年第1四半期,未改装,
中古マンション等,不動産取引価格情報,13103,東京都,港区,南青山,外苑前,7,390000000,３ＬＤＫ,160,1993年,ＳＲＣ,住宅,,１種住居,60,400,2026年第1四半期,未改装,
中古マンション等,不動産取引価格情報,13103,東京都,港区,南青山,乃木坂,0,27000000,１Ｋ,15,1980年,ＲＣ,住宅,店舗,商業,80,500,2026年第1四半期,,
中古マンション等,不動産取引価格情報,13103,東京都,港区,南青山,広尾,13,43000000,１Ｋ,25,2012年,ＲＣ,住宅,住宅,商業,80,600,2026年第1四半期,未改装,
中古マンション等,不動産取引価格情報,13103,東京都,港区,南麻布,広尾,5,110000000,１ＬＤＫ,35,2017年,ＲＣ,住宅,,１種住居,60,500,2026年第1四半期,未改装,
中古マンション等,不動産取引価格情報,13103,東京都,港区,六本木,麻布十番,2,100000000,３ＬＤＫ,75,1967年,ＳＲＣ,住宅,住宅,近隣商業,80,400,2026年第1四半期,,
中古マンション等,不動産取引価格情報,13103,東京都,港区,六本木,乃木坂,2,79000000,１ＤＫ,30,2006年,ＲＣ,住宅,住宅,近隣商業,80,400,2026年第1四半期,改装済み,
中古マンション等,不動産取引価格情報,13103,東京都,港区,六本木,六本木,2,85000000,２ＬＤＫ,55,1968年,ＳＲＣ,住宅,事務所,１種住居,60,300,2026年第1四半期,未改装,
中古マンション等,不動産取引価格情報,13103,東京都,港区,六本木,六本木一丁目,3,240000000,,75,2025年,ＲＣ,,,商業,80,500,2026年第1四半期,,
中古マンション等,不動産取引価格情報,13103,東京都,港区,六本木,六本木一丁目,2,32000000,１Ｋ,20,2002年,ＲＣ,住宅,,商業,80,500,2026年第1四半期,,
中古マンション等,成約価格情報,13104,東京都,新宿区,市谷加賀町,牛込柳町,5,120000000,２ＬＤＫ,60,2012年,ＲＣ,,,１中住専,,,2026年第1四半期,,
中古マンション等,成約価格情報,13104,東京都,新宿区,市谷加賀町,牛込柳町,6,140000000,３ＬＤＫ,75,2021年,ＲＣ,,,１中住専,,,2026年第1四半期,,
中古マンション等,成約価格情報,13104,東京都,新宿区,市谷加賀町,牛込柳町,4,130000000,１ＬＤＫ,65,2014年,ＲＣ,,,１種住居,,,2026年第1四半期,,
中古マンション等,成約価格情報,13104,東京都,新宿区,市谷加賀町,神楽坂,12,120000000,２ＬＤＫ,65,2021年,ＲＣ,,,１中住専,,,2026年第1四半期,,
中古マンション等,成約価格情報,13104,東京都,新宿区,市谷砂土原町,牛込神楽坂,7,200000000,３ＬＤＫ,75,2023年,ＲＣ,,,１中住専,,,2026年第1四半期,,
中古マンション等,成約価格情報,13104,東京都,新宿区,市谷砂土原町,市ケ谷,6,130000000,２ＬＤＫ,105,2002年,ＲＣ,,,１中住専,,,2026年第1四半期,,
中古マンション等,成約価格情報,13104,東京都,新宿区,市谷砂土原町,市ケ谷,10,13000000,１Ｒ,15,1985年,ＲＣ,,,１中住専,,,2026年第1四半期,,
中古マンション等,成約価格情報,13104,東京都,新宿区,市谷砂土原町,市ケ谷,5,230000000,２ＬＤＫ,95,2004年,ＲＣ,,,２中住専,,,2026年第1四半期,,
中古マンション等,成約価格情報,13104,東京都,新宿区,市谷砂土原町,市ケ谷,4,29000000,１Ｋ,25,2003年,ＲＣ,,,近隣商業,,,2026年第1四半期,,
中古マンション等,成約価格情報,13104,東京都,新宿区,市谷左内町,市ケ谷,6,130000000,３ＬＤＫ＋Ｓ,65,1997年,ＲＣ,,,１種住居,,,2026年第1四半期,,
中古マンション等,成約価格情報,13104,東京都,新宿区,市谷本村町,曙橋,5,130000000,２ＬＤＫ,65,2007年,ＲＣ,,,２種住居,,,2026年第1四半期,,
中古マンション等,成約価格情報,13104,東京都,新宿区,市谷本村町,曙橋,5,200000000,３ＬＤＫ,85,2007年,ＲＣ,,,２種住居,,,2026年第1四半期,,
中古マンション等,成約価格情報,13104,東京都,新宿区,市谷本村町,市ケ谷,4,49000000,１ＤＫ,35,2003年,ＳＲＣ,,,商業,,,2026年第1四半期,,
中古マンション等,成約価格情報,13104,東京都,新宿区,市谷本村町,市ケ谷,4,44000000,２ＬＤＫ,65,1969年,ＳＲＣ,,,商業,,,2026年第1四半期,,
中古マンション等,成約価格情報,13104,東京都,新宿区,市谷本村町,市ケ谷,6,34000000,１Ｋ,30,2013年,ＲＣ,,,商業,,,2026年第1四半期,,
中古マンション等,成約価格情報,13104,東京都,新宿区,市谷本村町,四ツ谷,6,83000000,１ＬＤＫ,50,2005年,ＳＲＣ,,,商業,,,2026年第1四半期,,
中古マンション等,成約価格情報,13104,東京都,新宿区,喜久井町,早稲田(メトロ),8,22000000,１Ｋ,25,2006年,ＲＣ,,,１中住専,,,2026年第1四半期,,
中古マンション等,成約価格情報,13104,東京都,新宿区,喜久井町,早稲田(メトロ),5,45000000,１ＬＤＫ,35,1998年,ＲＣ,,,１種住居,,,2026年第1四半期,,
中古マンション等,成約価格情報,13104,東京都,新宿区,北新宿,西新宿,6,160000000,３ＬＤＫ,75,2012年,ＲＣ,,,商業,,,2026年第1四半期,,
中古マンション等,成約価格情報,13104,東京都,新宿区,北新宿,大久保(東京),7,39000000,２ＬＤＫ,50,1980年,ＳＲＣ,,,近隣商業,,,2026年第1四半期,,
中古マンション等,成約価格情報,13104,東京都,新宿区,北新宿,大久保(東京),9,37000000,１ＬＤＫ,55,1977年,ＲＣ,,,１中住専,,,2026年第1四半期,,
中古マンション等,成約価格情報,13104,東京都,新宿区,北新宿,大久保(東京),9,29000000,１Ｒ,30,2004年,ＲＣ,,,近隣商業,,,2026年第1四半期,,
中古マンション等,成約価格情報,13104,東京都,新宿区,北新宿,中野坂上,6,13000000,１Ｒ,15,1983年,ＲＣ,,,１中住専,,,2026年第1四半期,,
中古マンション等,成約価格情報,13104,東京都,新宿区,北新宿,西新宿,7,30000000,１Ｒ,25,2008年,ＳＲＣ,,,商業,,,2026年第1四半期,,
中古マンション等,成約価格情報,13104,東京都,新宿区,北新宿,東中野,8,110000000,３ＬＤＫ,70,2015年,ＲＣ,,,２中住専,,,2026年第1四半期,,
中古マンション等,成約価格情報,13104,東京都,新宿区,北新宿,大久保(東京),8,85000000,２ＬＤＫ,70,2001年,ＳＲＣ,,,１中住専,,,2026年第1四半期,,
中古マンション等,成約価格情報,13104,東京都,新宿区,北新宿,東中野,4,120000000,３ＬＤＫ,70,2008年,ＲＣ,,,１中住専,,,2026年第1四半期,,
中古マンション等,成約価格情報,13104,東京都,新宿区,北新宿,大久保(東京),7,16000000,１Ｒ,25,1972年,ＲＣ,,,１中住専,,,2026年第1四半期,,
中古マンション等,成約価格情報,13104,東京都,新宿区,北新宿,東中野,4,98000000,３ＬＤＫ,65,2008年,ＲＣ,,,１中住専,,,2026年第1四半期,,
中古マンション等,成約価格情報,13104,東京都,新宿区,北新宿,東中野,5,70000000,２ＬＤＫ,55,2000年,ＳＲＣ,,,１種住居,,,2026年第1四半期,,
中古マンション等,成約価格情報,13104,東京都,新宿区,北新宿,落合,9,48000000,３ＤＫ,60,1977年,ＳＲＣ,,,商業,,,2026年第1四半期,,
中古マンション等,成約価格情報,13104,東京都,新宿区,北新宿,東中野,7,33000000,２ＤＫ,40,1978年,ＲＣ,,,２種住居,,,2026年第1四半期,,
中古マンション等,成約価格情報,13104,東京都,新宿区,北新宿,新大久保,10,55000000,２ＬＤＫ,65,1980年,ＳＲＣ,,,近隣商業,,,2026年第1四半期,,
中古マンション等,成約価格情報,13104,東京都,新宿区,北新宿,大久保(東京),10,50000000,２ＬＤＫ,60,1973年,ＳＲＣ,,,１中住専,,,2026年第1四半期,,
中古マンション等,成約価格情報,13104,東京都,新宿区,北新宿,大久保(東京),6,23000000,１Ｋ,25,2007年,ＲＣ,,,１中住専,,,2026年第1四半期,,
中古マンション等,成約価格情報,13104,東京都,新宿区,北新宿,新大久保,8,34000000,１ＬＤＫ,40,1972年,ＲＣ,,,２種住居,,,2026年第1四半期,,
中古マンション等,成約価格情報,13104,東京都,新宿区,左門町,四谷三丁目,2,36000000,１Ｋ,30,2002年,ＳＲＣ,,,商業,,,2026年第1四半期,,
中古マンション等,成約価格情報,13104,東京都,新宿区,左門町,四谷三丁目,3,72000000,１ＬＤＫ,70,1997年,ＲＣ,,,１種住居,,,2026年第1四半期,,
中古マンション等,成約価格情報,13104,東京都,新宿区,高田馬場,高田馬場,2,45000000,１ＬＤＫ,45,1995年,ＲＣ,,,１中住専,,,2026年第1四半期,,
中古マンション等,成約価格情報,13104,東京都,新宿区,高田馬場,高田馬場,7,69000000,１Ｒ,40,2025年,ＲＣ,,,商業,,,2026年第1四半期,,
中古マンション等,成約価格情報,13104,東京都,新宿区,高田馬場,高田馬場,11,63000000,２ＬＤＫ,85,1980年,ＲＣ,,,１種住居,,,2026年第1四半期,,
中古マンション等,成約価格情報,13104,東京都,新宿区,高田馬場,高田馬場,7,150000000,３ＬＤＫ,75,2025年,ＲＣ,,,商業,,,2026年第1四半期,,
中古マンション等,成約価格情報,13104,東京都,新宿区,高田馬場,高田馬場,7,210000000,３ＬＤＫ,85,2025年,ＲＣ,,,商業,,,2026年第1四半期,,
中古マンション等,成約価格情報,13104,東京都,新宿区,高田馬場,高田馬場,7,180000000,３ＬＤＫ,75,2025年,鉄骨造,,,商業,,,2026年第1四半期,,
中古マンション等,成約価格情報,13104,東京都,新宿区,高田馬場,高田馬場,7,9000000,２Ｋ,30,1970年,ＲＣ,,,１種住居,,,2026年第1四半期,,
中古マンション等,成約価格情報,13104,東京都,新宿区,高田馬場,高田馬場,5,46000000,２ＤＫ,40,1997年,ＲＣ,,,１種住居,,,2026年第1四半期,,
中古マンション等,成約価格情報,13104,東京都,新宿区,高田馬場,高田馬場,3,52000000,１Ｒ,30,2023年,ＲＣ,,,商業,,,2026年第1四半期,,
中古マンション等,成約価格情報,13104,東京都,新宿区,高田馬場,高田馬場,10,27000000,１Ｋ,25,2006年,ＲＣ,,,１中住専,,,2026年第1四半期,,
中古マンション等,成約価格情報,13104,東京都,新宿区,高田馬場,高田馬場,3,71000000,１ＬＤＫ,45,2005年,ＲＣ,,,１中住専,,,2026年第1四半期,,
中古マンション等,成約価格情報,13104,東京都,新宿区,高田馬場,高田馬場,3,22000000,１Ｒ,25,1979年,ＳＲＣ,,,商業,,,2026年第1四半期,,
中古マンション等,成約価格情報,13104,東京都,新宿区,高田馬場,高田馬場,3,23000000,１Ｋ,20,2002年,ＳＲＣ,,,商業,,,2026年第1四半期,,
中古マンション等,成約価格情報,13104,東京都,新宿区,高田馬場,高田馬場,4,97000000,２ＬＤＫ,55,2005年,ＲＣ,,,１中住専,,,2026年第1四半期,,
中古マンション等,成約価格情報,13104,東京都,新宿区,西新宿,西新宿,2,40000000,１ＬＤＫ,45,1981年,ＳＲＣ,,,商業,,,2026年第1四半期,,
中古マンション等,成約価格情報,13104,東京都,新宿区,西新宿,西新宿,2,50000000,１ＬＤＫ,55,1981年,ＳＲＣ,,,商業,,,2026年第1四半期,,
中古マンション等,成約価格情報,13104,東京都,新宿区,西新宿,新宿西口,5,39000000,１Ｋ,25,2006年,ＲＣ,,,商業,,,2026年第1四半期,,
中古マンション等,成約価格情報,13104,東京都,新宿区,西新宿,新宿西口,5,37000000,１Ｋ,25,2006年,ＲＣ,,,商業,,,2026年第1四半期,,
中古マンション等,成約価格情報,13104,東京都,新宿区,西新宿,西新宿,4,130000000,１Ｋ,50,2011年,,,,商業,,,2026年第1四半期,,
中古マンション等,成約価格情報,13104,東京都,新宿区,西新宿,西新宿五丁目,7,130000000,２ＬＤＫ,60,2017年,ＲＣ,,,２種住居,,,2026年第1四半期,,
中古マンション等,成約価格情報,13104,東京都,新宿区,西新宿,西新宿五丁目,6,62000000,１Ｋ,40,2008年,ＳＲＣ,,,商業,,,2026年第1四半期,,
中古マンション等,成約価格情報,13104,東京都,新宿区,西新宿,新宿,9,130000000,２ＬＤＫ,80,2001年,ＲＣ,,,商業,,,2026年第1四半期,,
中古マンション等,成約価格情報,13104,東京都,新宿区,西新宿,西新宿五丁目,7,150000000,２ＬＤＫ,60,2017年,ＲＣ,,,商業,,,2026年第1四半期,,
中古マンション等,成約価格情報,13104,東京都,新宿区,西新宿,西新宿五丁目,2,170000000,２ＬＤＫ,80,2005年,ＲＣ,,,商業,,,2026年第1四半期,,
中古マンション等,成約価格情報,13104,東京都,新宿区,西新宿,西新宿,9,170000000,３ＬＤＫ,80,2017年,ＲＣ,,,商業,,,2026年第1四半期,,
中古マンション等,成約価格情報,13104,東京都,新宿区,西新宿,西新宿五丁目,6,94000000,３ＬＤＫ,85,2002年,ＲＣ,,,２種住居,,,2026年第1四半期,,
中古マンション等,成約価格情報,13104,東京都,新宿区,西新宿,西新宿五丁目,5,59000000,１Ｋ,40,2008年,ＲＣ,,,商業,,,2026年第1四半期,,
中古マンション等,成約価格情報,13104,東京都,新宿区,西新宿,西新宿五丁目,6,180000000,２ＬＤＫ,65,2024年,ＲＣ,,,商業,,,2026年第1四半期,,
中古マンション等,成約価格情報,13104,東京都,新宿区,西新宿,西新宿五丁目,6,63000000,１Ｋ,40,2008年,ＲＣ,,,商業,,,2026年第1四半期,,
中古マンション等,成約価格情報,13104,東京都,新宿区,西新宿,西新宿五丁目,7,140000000,２ＬＤＫ,60,2017年,ＲＣ,,,商業,,,2026年第1四半期,,
中古マンション等,成約価格情報,13104,東京都,新宿区,西新宿,西新宿五丁目,9,180000000,２ＬＤＫ,80,2017年,ＲＣ,,,２種住居,,,2026年第1四半期,,
中古マンション等,成約価格情報,13104,東京都,新宿区,西新宿,西新宿,4,19000000,１Ｋ,20,1998年,ＲＣ,,,商業,,,2026年第1四半期,,
中古マンション等,成約価格情報,13104,東京都,新宿区,西新宿,西新宿,7,49000000,１Ｒ,30,2023年,ＲＣ,,,商業,,,2026年第1四半期,,
中古マンション等,成約価格情報,13104,東京都,新宿区,西新宿,西新宿五丁目,7,57000000,２ＬＤＫ,60,1979年,ＲＣ,,,商業,,,2026年第1四半期,改装済み,
中古マンション等,成約価格情報,13104,東京都,新宿区,西新宿,初台,6,21000000,１Ｒ,25,1984年,ＳＲＣ,,,商業,,,2026年第1四半期,,
中古マンション等,成約価格情報,13104,東京都,新宿区,西新宿,新宿,8,28000000,１Ｋ,25,2005年,ＳＲＣ,,,商業,,,2026年第1四半期,,
中古マンション等,成約価格情報,13104,東京都,新宿区,西新宿,新宿,10,170000000,３ＬＤＫ,80,2001年,ＲＣ,,,商業,,,2026年第1四半期,,
中古マンション等,成約価格情報,13104,東京都,新宿区,西新宿,都庁前,6,44000000,１ＤＫ,35,1979年,ＳＲＣ,,,商業,,,2026年第1四半期,,
中古マンション等,成約価格情報,13104,東京都,新宿区,西新宿,初台,5,24000000,１Ｋ,20,2002年,ＳＲＣ,,,商業,,,2026年第1四半期,,
中古マンション等,成約価格情報,13104,東京都,新宿区,西新宿,西新宿五丁目,4,74000000,１ＬＤＫ,45,2005年,ＳＲＣ,,,商業,,,2026年第1四半期,,
中古マンション等,成約価格情報,13104,東京都,新宿区,西新宿,西新宿,6,130000000,２ＬＤＫ,75,1997年,ＳＲＣ,,,商業,,,2026年第1四半期,,
中古マンション等,成約価格情報,13104,東京都,新宿区,西新宿,新宿西口,6,120000000,２ＬＤＫ,55,2001年,ＲＣ,,,商業,,,2026年第1四半期,,
中古マンション等,成約価格情報,13104,東京都,新宿区,西新宿,新宿,11,190000000,３ＬＤＫ,80,2001年,ＲＣ,,,商業,,,2026年第1四半期,,
中古マンション等,成約価格情報,13104,東京都,新宿区,西新宿,西新宿五丁目,7,95000000,１ＤＫ,45,2017年,ＲＣ,,,２種住居,,,2026年第1四半期,,
中古マンション等,成約価格情報,13104,東京都,新宿区,西新宿,西新宿五丁目,4,15000000,１Ｒ,20,1976年,ＳＲＣ,,,商業,,,2026年第1四半期,,
中古マンション等,成約価格情報,13104,東京都,新宿区,西新宿,西新宿,7,15000000,１Ｒ,20,1985年,ＳＲＣ,,,商業,,,2026年第1四半期,,
中古マンション等,成約価格情報,13104,東京都,新宿区,西新宿,西新宿五丁目,3,98000000,３ＬＤＫ,75,1981年,ＳＲＣ,,,商業,,,2026年第1四半期,,
中古マンション等,成約価格情報,13104,東京都,新宿区,西新宿,西新宿五丁目,1,29000000,１Ｒ,30,2011年,ＲＣ,,,商業,,,2026年第1四半期,,
中古マンション等,成約価格情報,13104,東京都,新宿区,西新宿,早稲田(メトロ),7,21000000,１Ｋ,20,1992年,ＳＲＣ,,,商業,,,2026年第1四半期,,
中古マンション等,成約価格情報,13104,東京都,新宿区,西新宿,西新宿五丁目,6,100000000,１ＬＤＫ,55,2008年,ＲＣ,,,商業,,,2026年第1四半期,,
中古マンション等,成約価格情報,13104,東京都,新宿区,西新宿,初台,8,43000000,１ＬＤＫ,50,1985年,ＳＲＣ,,,商業,,,2026年第1四半期,,
中古マンション等,成約価格情報,13104,東京都,新宿区,西新宿,西新宿五丁目,2,27000000,１Ｋ,20,2002年,ＳＲＣ,,,商業,,,2026年第1四半期,,
中古マンション等,成約価格情報,13104,東京都,新宿区,西新宿,大久保(東京),5,56000000,１Ｒ,40,2001年,ＲＣ,,,商業,,,2026年第1四半期,,
中古マンション等,成約価格情報,13104,東京都,新宿区,西新宿,西新宿,6,140000000,２ＬＤＫ,55,2008年,ＳＲＣ,,,商業,,,2026年第1四半期,,
中古マンション等,成約価格情報,13104,東京都,新宿区,西新宿,西新宿五丁目,4,33000000,１ＤＫ,25,1996年,ＲＣ,,,２中住専,,,2026年第1四半期,,
中古マンション等,成約価格情報,13104,東京都,新宿区,西新宿,西新宿,8,160000000,３ＬＤＫ,75,2006年,ＲＣ,,,商業,,,2026年第1四半期,改装済み,
中古マンション等,成約価格情報,13104,東京都,新宿区,西早稲田,西早稲田,5,68000000,１ＬＤＫ,45,2009年,ＲＣ,,,商業,,,2026年第1四半期,,
中古マンション等,成約価格情報,13104,東京都,新宿区,西早稲田,高田馬場,10,120000000,３ＬＤＫ,70,2015年,ＲＣ,,,商業,,,2026年第1四半期,,
中古マンション等,成約価格情報,13104,東京都,新宿区,西早稲田,早稲田(メトロ),9,110000000,２ＬＤＫ,75,1993年,ＳＲＣ,,,商業,,,2026年第1四半期,,
中古マンション等,成約価格情報,13104,東京都,新宿区,西早稲田,早稲田(メトロ),5,97000000,３ＬＤＫ,80,1984年,ＲＣ,,,１種住居,,,2026年第1四半期,,
中古マンション等,成約価格情報,13104,東京都,新宿区,西早稲田,西早稲田,1,71000000,１ＬＤＫ,45,1999年,ＳＲＣ,,,商業,,,2026年第1四半期,,
中古マンション等,成約価格情報,13104,東京都,新宿区,西早稲田,早稲田(都電),5,21000000,１Ｋ,25,1999年,ＲＣ,,,商業,,,2026年第1四半期,,
中古マンション等,成約価格情報,13104,東京都,新宿区,西早稲田,高田馬場,8,43000000,２ＬＤＫ,50,1975年,ＳＲＣ,,,商業,,,2026年第1四半期,,
中古マンション等,成約価格情報,13104,東京都,新宿区,原町,牛込柳町,2,120000000,２ＬＤＫ,60,2019年,ＲＣ,,,商業,,,2026年第1四半期,,
中古マンション等,成約価格情報,13104,東京都,新宿区,原町,若松河田,4,23000000,１Ｒ,25,2009年,ＲＣ,,,商業,,,2026年第1四半期,,
中古マンション等,成約価格情報,13104,東京都,新宿区,原町,早稲田(メトロ),5,21000000,１Ｋ,20,2002年,ＲＣ,,,１種住居,,,2026年第1四半期,,
中古マンション等,成約価格情報,13104,東京都,新宿区,袋町,飯田橋,5,160000000,３ＬＤＫ,80,1998年,ＲＣ,,,１種住居,,,2026年第1四半期,,
中古マンション等,成約価格情報,13104,東京都,新宿区,弁天町,神楽坂,8,18000000,１Ｋ,20,1997年,ＲＣ,,,１中住専,,,2026年第1四半期,,
中古マンション等,成約価格情報,13104,東京都,新宿区,弁天町,牛込柳町,5,160000000,２ＬＤＫ,70,2023年,ＲＣ,,,１中住専,,,2026年第1四半期,,
中古マンション等,成約価格情報,13104,東京都,新宿区,四谷三栄町,四ツ谷,6,150000000,２ＬＤＫ＋Ｓ,110,1982年,ＳＲＣ,,,１中住専,,,2026年第1四半期,,
中古マンション等,成約価格情報,13104,東京都,新宿区,四谷三栄町,四ツ谷,5,26000000,１Ｋ,25,2007年,ＲＣ,,,１種住居,,,2026年第1四半期,,
中古マンション等,成約価格情報,13104,東京都,新宿区,愛住町,四谷三丁目,1,170000000,２ＬＤＫ,75,2013年,ＲＣ,,,１種住居,,,2026年第1四半期,,
中古マンション等,成約価格情報,13104,東京都,新宿区,赤城下町,神楽坂,3,120000000,１ＬＤＫ,50,2020年,ＲＣ,,,準工業,,,2026年第1四半期,,
中古マンション等,成約価格情報,13104,東京都,新宿区,荒木町,四谷三丁目,6,220000000,２ＬＤＫ,75,2018年,ＲＣ,,,商業,,,2026年第1四半期,,
中古マンション等,成約価格情報,13104,東京都,新宿区,荒木町,四谷三丁目,4,90000000,１ＬＤＫ＋Ｓ,60,1999年,ＲＣ,,,商業,,,2026年第1四半期,改装済み,
中古マンション等,成約価格情報,13104,東京都,新宿区,市谷山伏町,牛込柳町,3,91000000,３ＬＤＫ,70,1996年,ＲＣ,,,１種住居,,,2026年第1四半期,,
中古マンション等,成約価格情報,13104,東京都,新宿区,下宮比町,飯田橋,3,49000000,１ＤＫ,35,1978年,ＲＣ,,,商業,,,2026年第1四半期,,
中古マンション等,成約価格情報,13104,東京都,新宿区,新小川町,飯田橋,5,100000000,１ＬＤＫ,60,2003年,ＲＣ,,,準工業,,,2026年第1四半期,,
中古マンション等,成約価格情報,13104,東京都,新宿区,新小川町,飯田橋,12,71000000,２ＬＤＫ,60,1980年,ＳＲＣ,,,商業,,,2026年第1四半期,,
中古マンション等,成約価格情報,13104,東京都,新宿区,新小川町,飯田橋,8,72000000,１ＬＤＫ,45,2004年,ＲＣ,,,準工業,,,2026年第1四半期,,
中古マンション等,成約価格情報,13104,東京都,新宿区,新小川町,飯田橋,9,110000000,１ＬＤＫ＋Ｓ,60,2005年,ＳＲＣ,,,２種住居,,,2026年第1四半期,,
中古マンション等,成約価格情報,13104,東京都,新宿区,新小川町,江戸川橋,9,91000000,２ＬＤＫ,70,1999年,ＳＲＣ,,,商業,,,2026年第1四半期,,
中古マンション等,成約価格情報,13104,東京都,新宿区,新小川町,飯田橋,9,150000000,２ＬＤＫ,65,2005年,ＳＲＣ,,,２種住居,,,2026年第1四半期,,
中古マンション等,成約価格情報,13104,東京都,新宿区,新小川町,江戸川橋,9,92000000,３ＬＤＫ,75,1980年,ＳＲＣ,,,２種住居,,,2026年第1四半期,改装済み,
中古マンション等,成約価格情報,13104,東京都,新宿区,新小川町,飯田橋,9,58000000,３ＤＫ,60,1979年,ＳＲＣ,,,準住居,,,2026年第1四半期,,
中古マンション等,成約価格情報,13104,東京都,新宿区,富久町,曙橋,7,51000000,１Ｋ,35,2009年,ＲＣ,,,商業,,,2026年第1四半期,,
中古マンション等,成約価格情報,13104,東京都,新宿区,富久町,新宿御苑前,7,190000000,２ＬＤＫ＋Ｓ,65,2015年,ＲＣ,,,商業,,,2026年第1四半期,,
中古マンション等,成約価格情報,13104,東京都,新宿区,富久町,新宿御苑前,6,130000000,２ＬＤＫ,60,2014年,ＲＣ,,,商業,,,2026年第1四半期,,
中古マンション等,成約価格情報,13104,東京都,新宿区,富久町,新宿御苑前,9,150000000,２ＬＤＫ,80,2002年,ＲＣ,,,商業,,,2026年第1四半期,,
中古マンション等,成約価格情報,13104,東京都,新宿区,富久町,曙橋,5,21000000,１Ｒ,25,1972年,ＳＲＣ,,,商業,,,2026年第1四半期,,
中古マンション等,成約価格情報,13104,東京都,新宿区,富久町,新宿御苑前,8,240000000,３ＬＤＫ,80,2015年,ＳＲＣ,,,商業,,,2026年第1四半期,,
中古マンション等,成約価格情報,13104,東京都,新宿区,富久町,新宿御苑前,7,290000000,３ＬＤＫ,85,2015年,ＲＣ,,,商業,,,2026年第1四半期,,
中古マンション等,成約価格情報,13104,東京都,新宿区,富久町,新宿御苑前,8,45000000,２ＤＫ,55,1976年,ＳＲＣ,,,商業,,,2026年第1四半期,,
中古マンション等,成約価格情報,13104,東京都,新宿区,中落合,下落合(東京),4,63000000,１ＬＤＫ,55,2000年,ＳＲＣ,,,準工業,,,2026年第1四半期,,
中古マンション等,成約価格情報,13104,東京都,新宿区,中落合,下落合(東京),2,8800000,１ＤＫ,25,1967年,ＲＣ,,,準工業,,,2026年第1四半期,,
中古マンション等,成約価格情報,13104,東京都,新宿区,中落合,中井,5,39000000,１Ｋ,35,2018年,ＳＲＣ,,,１中住専,,,2026年第1四半期,,
中古マンション等,成約価格情報,13104,東京都,新宿区,中落合,落合南長崎,8,59000000,１ＬＤＫ＋Ｓ,45,2003年,ＲＣ,,,１中住専,,,2026年第1四半期,,
中古マンション等,成約価格情報,13104,東京都,新宿区,中落合,下落合(東京),4,24000000,１ＬＤＫ,35,1974年,ＳＲＣ,,,準工業,,,2026年第1四半期,,
中古マンション等,成約価格情報,13104,東京都,新宿区,中落合,落合南長崎,8,16000000,１Ｋ,25,2003年,ＲＣ,,,近隣商業,,,2026年第1四半期,,
中古マンション等,成約価格情報,13104,東京都,新宿区,中落合,落合南長崎,8,17000000,１Ｋ,25,2003年,ＲＣ,,,近隣商業,,,2026年第1四半期,,
中古マンション等,成約価格情報,13104,東京都,新宿区,中落合,落合南長崎,7,38000000,１Ｋ,30,2019年,ＲＣ,,,近隣商業,,,2026年第1四半期,,
中古マンション等,成約価格情報,13104,東京都,新宿区,中落合,落合南長崎,9,81000000,２ＬＤＫ＋Ｓ,70,1997年,ＲＣ,,,近隣商業,,,2026年第1四半期,改装済み,
中古マンション等,成約価格情報,13104,東京都,新宿区,中落合,中井,5,33000000,１Ｋ,35,2018年,ＲＣ,,,１中住専,,,2026年第1四半期,,
中古マンション等,成約価格情報,13104,東京都,新宿区,中落合,落合南長崎,8,80000000,２ＬＤＫ,70,2001年,ＲＣ,,,１中住専,,,2026年第1四半期,,
中古マンション等,成約価格情報,13104,東京都,新宿区,中落合,中井,1,90000000,３ＬＤＫ,65,1999年,ＳＲＣ,,,商業,,,2026年第1四半期,,
中古マンション等,成約価格情報,13104,東京都,新宿区,中落合,下落合(東京),8,61000000,１ＬＤＫ,60,2004年,ＲＣ,,,商業,,,2026年第1四半期,,
中古マンション等,成約価格情報,13104,東京都,新宿区,中落合,落合南長崎,5,26000000,１ＬＤＫ,50,1969年,ＳＲＣ,,,近隣商業,,,2026年第1四半期,,
中古マンション等,成約価格情報,13104,東京都,新宿区,中落合,落合南長崎,3,21000000,１Ｋ,20,2006年,ＲＣ,,,近隣商業,,,2026年第1四半期,,
中古マンション等,成約価格情報,13104,東京都,新宿区,中落合,落合南長崎,5,38000000,２ＤＫ,60,1969年,ＲＣ,,,近隣商業,,,2026年第1四半期,,
中古マンション等,成約価格情報,13104,東京都,新宿区,中落合,下落合(東京),4,77000000,２ＬＤＫ,60,2012年,ＲＣ,,,準工業,,,2026年第1四半期,,
中古マンション等,成約価格情報,13104,東京都,新宿区,西落合,落合南長崎,9,68000000,３ＬＤＫ,65,1995年,ＳＲＣ,,,近隣商業,,,2026年第1四半期,,
中古マンション等,成約価格情報,13104,東京都,新宿区,西落合,落合南長崎,,19000000,１Ｋ,20,2004年,ＲＣ,,,準工業,,,2026年第1四半期,,
中古マンション等,成約価格情報,13104,東京都,新宿区,西落合,落合南長崎,3,21000000,３Ｋ,40,1973年,ＳＲＣ,,,近隣商業,,,2026年第1四半期,,
中古マンション等,成約価格情報,13104,東京都,新宿区,払方町,市ケ谷,5,120000000,２ＬＤＫ,50,2017年,ＲＣ,,,近隣商業,,,2026年第1四半期,,
中古マンション等,成約価格情報,13104,東京都,新宿区,払方町,牛込神楽坂,6,160000000,３ＬＤＫ,75,2012年,ＲＣ,,,１中住専,,,2026年第1四半期,,
中古マンション等,成約価格情報,13104,東京都,新宿区,南元町,信濃町,5,130000000,２ＬＤＫ,55,2015年,ＲＣ,,,１種住居,,,2026年第1四半期,,
中古マンション等,成約価格情報,13104,東京都,新宿区,南元町,信濃町,9,240000000,２ＬＤＫ＋Ｓ,85,2016年,ＲＣ,,,１種住居,,,2026年第1四半期,,
中古マンション等,成約価格情報,13104,東京都,新宿区,四谷,新宿御苑前,4,150000000,１ＬＤＫ,45,2024年,ＲＣ,,,商業,,,2026年第1四半期,,
中古マンション等,成約価格情報,13104,東京都,新宿区,四谷,新宿御苑前,5,54000000,１ＬＤＫ,45,1984年,ＲＣ,,,商業,,,2026年第1四半期,,
中古マンション等,成約価格情報,13104,東京都,新宿区,四谷,四谷三丁目,5,120000000,２ＬＤＫ,60,2007年,ＲＣ,,,商業,,,2026年第1四半期,,
中古マンション等,成約価格情報,13104,東京都,新宿区,四谷,新宿御苑前,4,340000000,２ＬＤＫ,75,2024年,ＲＣ,,,商業,,,2026年第1四半期,,
中古マンション等,成約価格情報,13104,東京都,新宿区,四谷,新宿御苑前,5,22000000,１Ｋ,25,1983年,ＲＣ,,,商業,,,2026年第1四半期,,
中古マンション等,成約価格情報,13104,東京都,新宿区,四谷,四谷三丁目,3,150000000,３ＬＤＫ,70,2015年,ＲＣ,,,商業,,,2026年第1四半期,,
中古マンション等,成約価格情報,13104,東京都,新宿区,四谷,新宿御苑前,5,71000000,１ＬＤＫ,50,1982年,ＳＲＣ,,,商業,,,2026年第1四半期,,
中古マンション等,成約価格情報,13104,東京都,新宿区,四谷,四谷三丁目,1,50000000,１ＤＫ,35,2004年,ＲＣ,,,商業,,,2026年第1四半期,,
中古マンション等,成約価格情報,13104,東京都,新宿区,四谷坂町,四ツ谷,8,36000000,１Ｋ,35,1989年,ＲＣ,,,１中住専,,,2026年第1四半期,,
中古マンション等,成約価格情報,13104,東京都,新宿区,改代町,江戸川橋,3,43000000,１Ｋ,40,2011年,ＲＣ,,,準工業,,,2026年第1四半期,,
中古マンション等,成約価格情報,13104,東京都,新宿区,歌舞伎町,東新宿,4,24000000,１Ｒ,20,1980年,ＳＲＣ,,,商業,,,2026年第1四半期,,
中古マンション等,成約価格情報,13104,東京都,新宿区,歌舞伎町,東新宿,4,18000000,１Ｒ,25,1980年,ＲＣ,,,商業,,,2026年第1四半期,,
中古マンション等,成約価格情報,13104,東京都,新宿区,新宿,新宿御苑前,2,24000000,１Ｒ,30,1982年,ＳＲＣ,,,商業,,,2026年第1四半期,改装済み,
中古マンション等,成約価格情報,13104,東京都,新宿区,新宿,東新宿,1,18000000,１Ｒ,20,1981年,ＳＲＣ,,,商業,,,2026年第1四半期,,
中古マンション等,成約価格情報,13104,東京都,新宿区,新宿,東新宿,2,53000000,１ＬＤＫ,45,1983年,ＳＲＣ,,,商業,,,2026年第1四半期,,
中古マンション等,成約価格情報,13104,東京都,新宿区,新宿,新宿三丁目,8,87000000,１ＬＤＫ,45,2023年,ＲＣ,,,商業,,,2026年第1四半期,,
中古マンション等,成約価格情報,13104,東京都,新宿区,新宿,東新宿,1,70000000,１ＬＤＫ,65,1983年,ＲＣ,,,１種住居,,,2026年第1四半期,,
中古マンション等,成約価格情報,13104,東京都,新宿区,新宿,新宿御苑前,2,75000000,２ＬＤＫ,70,1982年,ＳＲＣ,,,商業,,,2026年第1四半期,,
中古マンション等,成約価格情報,13104,東京都,新宿区,新宿,新宿御苑前,5,87000000,２ＬＤＫ,55,1983年,ＳＲＣ,,,商業,,,2026年第1四半期,,
中古マンション等,成約価格情報,13104,東京都,新宿区,新宿,新宿三丁目,1,35000000,２ＤＫ,50,1970年,ＳＲＣ,,,商業,,,2026年第1四半期,,
中古マンション等,成約価格情報,13104,東京都,新宿区,新宿,東新宿,2,35000000,１Ｒ,35,1989年,ＳＲＣ,,,商業,,,2026年第1四半期,,
中古マンション等,成約価格情報,13104,東京都,新宿区,新宿,新宿御苑前,7,35000000,１Ｋ,30,2014年,ＲＣ,,,商業,,,2026年第1四半期,,
中古マンション等,成約価格情報,13104,東京都,新宿区,新宿,東新宿,1,150000000,２ＬＤＫ,80,2004年,ＲＣ,,,１種住居,,,2026年第1四半期,,
中古マンション等,成約価格情報,13104,東京都,新宿区,新宿,新宿三丁目,5,26000000,１Ｒ,25,1970年,ＳＲＣ,,,商業,,,2026年第1四半期,,
中古マンション等,成約価格情報,13104,東京都,新宿区,新宿,新宿御苑前,6,72000000,３ＬＤＫ,130,1963年,ＳＲＣ,,,商業,,,2026年第1四半期,,
中古マンション等,成約価格情報,13104,東京都,新宿区,新宿,新宿御苑前,7,40000000,２ＬＤＫ,45,1969年,ＲＣ,,,商業,,,2026年第1四半期,,
中古マンション等,成約価格情報,13104,東京都,新宿区,新宿,東新宿,2,60000000,３ＤＫ,55,1973年,ＳＲＣ,,,１種住居,,,2026年第1四半期,,
中古マンション等,成約価格情報,13104,東京都,新宿区,新宿,新宿御苑前,4,30000000,１Ｒ,25,1986年,ＳＲＣ,,,商業,,,2026年第1四半期,,
中古マンション等,成約価格情報,13104,東京都,新宿区,新宿,新宿御苑前,2,27000000,１Ｒ,30,1982年,ＳＲＣ,,,商業,,,2026年第1四半期,,
中古マンション等,成約価格情報,13104,東京都,新宿区,新宿,東新宿,3,58000000,１ＬＤＫ,45,2012年,ＲＣ,,,商業,,,2026年第1四半期,,
中古マンション等,成約価格情報,13104,東京都,新宿区,新宿,新宿三丁目,4,32000000,１Ｋ,25,2010年,ＳＲＣ,,,商業,,,2026年第1四半期,,
中古マンション等,成約価格情報,13104,東京都,新宿区,新宿,東新宿,1,79000000,１ＬＤＫ,55,2004年,ＲＣ,,,商業,,,2026年第1四半期,,
中古マンション等,成約価格情報,13104,東京都,新宿区,新宿,新宿三丁目,6,71000000,１ＬＤＫ,35,2023年,ＲＣ,,,商業,,,2026年第1四半期,,
中古マンション等,成約価格情報,13104,東京都,新宿区,新宿,新宿三丁目,4,43000000,１Ｋ,25,2016年,ＲＣ,,,商業,,,2026年第1四半期,,
中古マンション等,成約価格情報,13104,東京都,新宿区,新宿,東新宿,4,32000000,２ＤＫ,40,1983年,ＳＲＣ,,,商業,,,2026年第1四半期,,
中古マンション等,成約価格情報,13104,東京都,新宿区,新宿,新宿三丁目,4,15000000,１ＤＫ,25,1977年,ＲＣ,,,商業,,,2026年第1四半期,,
中古マンション等,成約価格情報,13104,東京都,新宿区,新宿,東新宿,2,55000000,１ＬＤＫ,50,1983年,ＳＲＣ,,,商業,,,2026年第1四半期,,
中古マンション等,成約価格情報,13104,東京都,新宿区,新宿,東新宿,1,17000000,１Ｒ,25,1981年,ＳＲＣ,,,商業,,,2026年第1四半期,,
中古マンション等,成約価格情報,13104,東京都,新宿区,新宿,東新宿,4,27000000,１ＤＫ,25,1983年,ＳＲＣ,,,商業,,,2026年第1四半期,,
中古マンション等,成約価格情報,13104,東京都,新宿区,新宿,東新宿,4,26000000,１ＤＫ,25,1983年,ＳＲＣ,,,商業,,,2026年第1四半期,,
中古マンション等,成約価格情報,13104,東京都,新宿区,大京町,国立競技場,8,9000000,１Ｒ,15,1978年,鉄骨造,,,１種住居,,,2026年第1四半期,,
中古マンション等,成約価格情報,13104,東京都,新宿区,大京町,四谷三丁目,7,47000000,１ＤＫ,30,2020年,ＲＣ,,,１中住専,,,2026年第1四半期,,
中古マンション等,成約価格情報,13104,東京都,新宿区,筑土八幡町,飯田橋,4,150000000,２ＬＤＫ,65,2007年,ＲＣ,,,２種住居,,,2026年第1四半期,,
中古マンション等,成約価格情報,13104,東京都,新宿区,戸山,西早稲田,5,50000000,２ＬＤＫ＋Ｓ,60,1973年,ＳＲＣ,,,１中住専,,,2026年第1四半期,,
中古マンション等,成約価格情報,13104,東京都,新宿区,戸山,若松河田,4,110000000,２ＬＤＫ,55,2011年,ＲＣ,,,１種住居,,,2026年第1四半期,,
中古マンション等,成約価格情報,13104,東京都,新宿区,中里町,神楽坂,5,130000000,２ＬＤＫ,65,2015年,ＲＣ,,,準工業,,,2026年第1四半期,,
中古マンション等,成約価格情報,13104,東京都,新宿区,百人町,新大久保,5,31000000,１Ｋ,30,2004年,ＲＣ,,,１種住居,,,2026年第1四半期,,
中古マンション等,成約価格情報,13104,東京都,新宿区,百人町,新大久保,4,62000000,１ＬＤＫ＋Ｓ,50,1984年,ＳＲＣ,,,近隣商業,,,2026年第1四半期,,
中古マンション等,成約価格情報,13104,東京都,新宿区,百人町,大久保(東京),4,39000000,１Ｋ,30,2014年,ＲＣ,,,商業,,,2026年第1四半期,,
中古マンション等,成約価格情報,13104,東京都,新宿区,百人町,大久保(東京),6,97000000,４ＬＤＫ,85,1996年,ＲＣ,,,１中住専,,,2026年第1四半期,,
中古マンション等,成約価格情報,13104,東京都,新宿区,百人町,新大久保,9,91000000,３ＬＤＫ,85,1988年,ＲＣ,,,１中住専,,,2026年第1四半期,,
中古マンション等,成約価格情報,13104,東京都,新宿区,百人町,新大久保,5,44000000,１ＬＤＫ,40,2004年,ＲＣ,,,１種住居,,,2026年第1四半期,,
中古マンション等,成約価格情報,13104,東京都,新宿区,百人町,新大久保,6,97000000,２ＬＤＫ＋Ｓ,80,1988年,ＲＣ,,,１中住専,,,2026年第1四半期,,
中古マンション等,成約価格情報,13104,東京都,新宿区,百人町,新大久保,4,57000000,１ＬＤＫ,35,2008年,ＲＣ,,,近隣商業,,,2026年第1四半期,,
中古マンション等,成約価格情報,13104,東京都,新宿区,百人町,大久保(東京),3,76000000,２ＬＤＫ,65,1998年,ＲＣ,,,商業,,,2026年第1四半期,,
中古マンション等,成約価格情報,13104,東京都,新宿区,百人町,大久保(東京),2,36000000,２ＬＤＫ,65,1974年,ＲＣ,,,商業,,,2026年第1四半期,,
中古マンション等,成約価格情報,13104,東京都,新宿区,百人町,大久保(東京),3,40000000,１Ｋ,25,2014年,ＲＣ,,,商業,,,2026年第1四半期,,
中古マンション等,成約価格情報,13104,東京都,新宿区,舟町,四谷三丁目,2,49000000,１ＬＤＫ,35,2007年,ＲＣ,,,商業,,,2026年第1四半期,,
中古マンション等,成約価格情報,13104,東京都,新宿区,舟町,四谷三丁目,,29000000,１Ｋ,25,2003年,ＳＲＣ,,,商業,,,2026年第1四半期,,
中古マンション等,成約価格情報,13104,東京都,新宿区,舟町,曙橋,2,12000000,１Ｒ,15,1984年,ＲＣ,,,１種住居,,,2026年第1四半期,,
中古マンション等,成約価格情報,13104,東京都,新宿区,舟町,四谷三丁目,2,90000000,１ＬＤＫ,40,2023年,ＲＣ,,,商業,,,2026年第1四半期,,
中古マンション等,成約価格情報,13104,東京都,新宿区,舟町,四谷三丁目,2,63000000,１ＬＤＫ,35,2000年,ＳＲＣ,,,商業,,,2026年第1四半期,,
中古マンション等,成約価格情報,13104,東京都,新宿区,舟町,曙橋,2,11000000,１Ｒ,15,1984年,ＲＣ,,,１種住居,,,2026年第1四半期,,
中古マンション等,成約価格情報,13104,東京都,新宿区,南町,牛込神楽坂,7,37000000,１ＬＤＫ,50,1976年,ＲＣ,,,１中住専,,,2026年第1四半期,改装済み,
中古マンション等,成約価格情報,13104,東京都,新宿区,山吹町,江戸川橋,2,160000000,３ＬＤＫ,75,2017年,ＲＣ,,,商業,,,2026年第1四半期,,
中古マンション等,成約価格情報,13104,東京都,新宿区,山吹町,江戸川橋,3,18000000,１Ｒ,50,1964年,ＳＲＣ,,,準工業,,,2026年第1四半期,,
中古マンション等,成約価格情報,13104,東京都,新宿区,山吹町,江戸川橋,3,44000000,２ＤＫ,45,1979年,ＲＣ,,,準工業,,,2026年第1四半期,,
中古マンション等,成約価格情報,13104,東京都,新宿区,山吹町,江戸川橋,3,50000000,１ＬＤＫ,45,1979年,ＲＣ,,,準工業,,,2026年第1四半期,,
中古マンション等,成約価格情報,13104,東京都,新宿区,山吹町,江戸川橋,6,58000000,１ＬＤＫ,40,2020年,ＲＣ,,,準工業,,,2026年第1四半期,,
中古マンション等,成約価格情報,13104,東京都,新宿区,山吹町,江戸川橋,3,40000000,２ＤＫ,45,1979年,ＲＣ,,,準工業,,,2026年第1四半期,,
中古マンション等,成約価格情報,13104,東京都,新宿区,山吹町,神楽坂,9,63000000,２ＤＫ,45,2009年,ＳＲＣ,,,商業,,,2026年第1四半期,,
中古マンション等,成約価格情報,13104,東京都,新宿区,山吹町,江戸川橋,4,150000000,３ＬＤＫ,70,2017年,ＲＣ,,,商業,,,2026年第1四半期,,
中古マンション等,成約価格情報,13104,東京都,新宿区,山吹町,江戸川橋,2,140000000,２ＬＤＫ,60,2017年,ＲＣ,,,商業,,,2026年第1四半期,,
中古マンション等,成約価格情報,13104,東京都,新宿区,山吹町,江戸川橋,4,100000000,２ＬＤＫ,60,1995年,ＳＲＣ,,,商業,,,2026年第1四半期,,
中古マンション等,成約価格情報,13104,東京都,新宿区,若葉,信濃町,8,71000000,２ＤＫ,50,2008年,ＲＣ,,,２中住専,,,2026年第1四半期,,
中古マンション等,成約価格情報,13104,東京都,新宿区,若葉,信濃町,8,120000000,２ＬＤＫ＋Ｓ,70,1999年,ＲＣ,,,近隣商業,,,2026年第1四半期,改装済み,
中古マンション等,成約価格情報,13104,東京都,新宿区,若松町,若松河田,7,40000000,２ＤＫ,40,1984年,ＲＣ,,,１中住専,,,2026年第1四半期,,
中古マンション等,成約価格情報,13104,東京都,新宿区,若松町,若松河田,4,33000000,１Ｋ,25,2007年,ＲＣ,,,近隣商業,,,2026年第1四半期,,
中古マンション等,成約価格情報,13104,東京都,新宿区,若松町,若松河田,2,160000000,３ＬＤＫ,70,2018年,ＲＣ,,,商業,,,2026年第1四半期,,
中古マンション等,成約価格情報,13104,東京都,新宿区,若松町,若松河田,1,200000000,３ＬＤＫ,80,2003年,ＳＲＣ,,,１種住居,,,2026年第1四半期,,
中古マンション等,成約価格情報,13104,東京都,新宿区,早稲田鶴巻町,江戸川橋,5,91000000,２ＬＤＫ,55,1998年,ＲＣ,,,準工業,,,2026年第1四半期,,
中古マンション等,成約価格情報,13104,東京都,新宿区,早稲田鶴巻町,早稲田(メトロ),4,60000000,２ＤＫ,45,2011年,ＲＣ,,,２種住居,,,2026年第1四半期,,
中古マンション等,成約価格情報,13104,東京都,新宿区,早稲田鶴巻町,江戸川橋,,26000000,１Ｋ,20,2007年,ＲＣ,,,商業,,,2026年第1四半期,,
中古マンション等,成約価格情報,13104,東京都,新宿区,早稲田鶴巻町,早稲田(メトロ),4,55000000,１ＬＤＫ,35,2023年,ＲＣ,,,２種住居,,,2026年第1四半期,,
中古マンション等,成約価格情報,13104,東京都,新宿区,早稲田鶴巻町,早稲田(メトロ),4,63000000,１ＬＤＫ,35,2023年,ＲＣ,,,２種住居,,,2026年第1四半期,,
中古マンション等,成約価格情報,13104,東京都,新宿区,市谷仲之町,曙橋,5,55000000,３ＬＤＫ,75,1979年,ＲＣ,,,商業,,,2026年第1四半期,,
中古マンション等,成約価格情報,13104,東京都,新宿区,市谷仲之町,曙橋,4,99000000,２ＬＤＫ,70,1999年,ＲＣ,,,２中住専,,,2026年第1四半期,,
中古マンション等,成約価格情報,13104,東京都,新宿区,市谷仲之町,曙橋,2,100000000,２ＬＤＫ,70,1999年,ＳＲＣ,,,商業,,,2026年第1四半期,改装済み,
中古マンション等,成約価格情報,13104,東京都,新宿区,市谷薬王寺町,曙橋,6,16000000,１Ｋ,25,1985年,ＳＲＣ,,,商業,,,2026年第1四半期,,
中古マンション等,成約価格情報,13104,東京都,新宿区,市谷薬王寺町,牛込柳町,5,100000000,１ＬＤＫ＋Ｓ,95,2002年,ＲＣ,,,１中住専,,,2026年第1四半期,,
中古マンション等,成約価格情報,13104,東京都,新宿区,市谷薬王寺町,牛込柳町,4,16000000,１Ｋ,15,1984年,ＲＣ,,,１中住専,,,2026年第1四半期,,
中古マンション等,成約価格情報,13104,東京都,新宿区,市谷薬王寺町,牛込柳町,5,130000000,１ＬＤＫ＋Ｓ,80,2002年,ＲＣ,,,１中住専,,,2026年第1四半期,,
中古マンション等,成約価格情報,13104,東京都,新宿区,市谷薬王寺町,牛込柳町,3,62000000,２ＤＫ,50,1991年,ＲＣ,,,１中住専,,,2026年第1四半期,,
中古マンション等,成約価格情報,13104,東京都,新宿区,市谷薬王寺町,牛込柳町,5,82000000,２ＬＤＫ,50,2001年,ＲＣ,,,１種住居,,,2026年第1四半期,,
中古マンション等,成約価格情報,13104,東京都,新宿区,市谷薬王寺町,牛込柳町,5,14000000,１Ｋ,25,1972年,ＳＲＣ,,,商業,,,2026年第1四半期,,
中古マンション等,成約価格情報,13104,東京都,新宿区,市谷薬王寺町,牛込柳町,6,67000000,１ＬＤＫ,40,2011年,ＲＣ,,,商業,,,2026年第1四半期,,
中古マンション等,成約価格情報,13104,東京都,新宿区,市谷柳町,牛込柳町,2,62000000,１ＬＤＫ,40,2010年,ＲＣ,,,商業,,,2026年第1四半期,,
中古マンション等,成約価格情報,13104,東京都,新宿区,市谷柳町,牛込柳町,1,63000000,１ＬＤＫ,35,2021年,ＲＣ,,,商業,,,2026年第1四半期,,
中古マンション等,成約価格情報,13104,東京都,新宿区,大久保,東新宿,1,41000000,１Ｋ,30,2014年,ＲＣ,,,商業,,,2026年第1四半期,,
中古マンション等,成約価格情報,13104,東京都,新宿区,大久保,東新宿,2,42000000,１ＬＤＫ＋Ｓ,50,1979年,ＳＲＣ,,,商業,,,2026年第1四半期,,
中古マンション等,成約価格情報,13104,東京都,新宿区,大久保,高田馬場,7,63000000,１ＬＤＫ,55,1981年,ＳＲＣ,,,１種住居,,,2026年第1四半期,,
中古マンション等,成約価格情報,13104,東京都,新宿区,大久保,新大久保,4,83000000,１Ｋ,95,1988年,ＲＣ,,,１種住居,,,2026年第1四半期,,
中古マンション等,成約価格情報,13104,東京都,新宿区,大久保,東新宿,3,52000000,２ＬＤＫ,55,1976年,ＳＲＣ,,,商業,,,2026年第1四半期,,
中古マンション等,成約価格情報,13104,東京都,新宿区,大久保,新大久保,4,34000000,１ＤＫ,40,1988年,ＲＣ,,,１種住居,,,2026年第1四半期,,
中古マンション等,成約価格情報,13104,東京都,新宿区,大久保,高田馬場,7,150000000,２ＬＤＫ,60,2014年,ＲＣ,,,２種住居,,,2026年第1四半期,,
中古マンション等,成約価格情報,13104,東京都,新宿区,大久保,西早稲田,3,170000000,２ＬＤＫ,75,2018年,ＲＣ,,,商業,,,2026年第1四半期,,
中古マンション等,成約価格情報,13104,東京都,新宿区,大久保,高田馬場,7,74000000,１ＬＤＫ,45,2014年,ＲＣ,,,２種住居,,,2026年第1四半期,,
中古マンション等,成約価格情報,13104,東京都,新宿区,大久保,西早稲田,3,89000000,１ＬＤＫ,45,2018年,ＲＣ,,,１種住居,,,2026年第1四半期,,
中古マンション等,成約価格情報,13104,東京都,新宿区,大久保,高田馬場,6,170000000,２ＬＤＫ,70,2014年,ＲＣ,,,２種住居,,,2026年第1四半期,,
中古マンション等,成約価格情報,13104,東京都,新宿区,大久保,新大久保,10,56000000,３ＬＤＫ,85,1971年,ＳＲＣ,,,商業,,,2026年第1四半期,,
中古マンション等,成約価格情報,13104,東京都,新宿区,大久保,東新宿,5,25000000,１Ｋ,20,2006年,ＲＣ,,,１種住居,,,2026年第1四半期,,
中古マンション等,成約価格情報,13104,東京都,新宿区,神楽坂,神楽坂,2,19000000,１Ｒ,25,1982年,鉄骨造,,,商業,,,2026年第1四半期,,
中古マンション等,成約価格情報,13104,東京都,新宿区,神楽坂,牛込神楽坂,3,83000000,２ＬＤＫ,65,2003年,ＲＣ,,,商業,,,2026年第1四半期,,
中古マンション等,成約価格情報,13104,東京都,新宿区,神楽坂,牛込神楽坂,3,100000000,２ＬＤＫ＋Ｓ,75,2003年,ＲＣ,,,商業,,,2026年第1四半期,,
中古マンション等,成約価格情報,13104,東京都,新宿区,神楽坂,神楽坂,1,110000000,１ＬＤＫ,50,2011年,ＲＣ,,,商業,,,2026年第1四半期,,
中古マンション等,成約価格情報,13104,東京都,新宿区,上落合,落合,2,94000000,３ＬＤＫ,75,2002年,ＳＲＣ,,,近隣商業,,,2026年第1四半期,,
中古マンション等,成約価格情報,13104,東京都,新宿区,上落合,落合,4,82000000,２ＬＤＫ,60,2002年,ＲＣ,,,近隣商業,,,2026年第1四半期,,
中古マンション等,成約価格情報,13104,東京都,新宿区,上落合,下落合(東京),7,37000000,１ＬＤＫ,50,1981年,ＲＣ,,,準工業,,,2026年第1四半期,,
中古マンション等,成約価格情報,13104,東京都,新宿区,上落合,下落合(東京),6,63000000,１ＬＤＫ,70,1995年,ＲＣ,,,１種住居,,,2026年第1四半期,,
中古マンション等,成約価格情報,13104,東京都,新宿区,上落合,下落合(東京),2,28000000,１Ｋ,25,2009年,ＲＣ,,,準工業,,,2026年第1四半期,,
中古マンション等,成約価格情報,13104,東京都,新宿区,上落合,落合,8,32000000,１Ｒ,50,1981年,ＲＣ,,,準工業,,,2026年第1四半期,,
中古マンション等,成約価格情報,13104,東京都,新宿区,北町,牛込神楽坂,3,150000000,２ＬＤＫ,70,2002年,ＳＲＣ,,,商業,,,2026年第1四半期,,
中古マンション等,成約価格情報,13104,東京都,新宿区,下落合,高田馬場,9,67000000,３ＬＤＫ,75,1979年,ＳＲＣ,,,１低住専,,,2026年第1四半期,,
中古マンション等,成約価格情報,13104,東京都,新宿区,下落合,目白,6,130000000,１ＬＤＫ＋Ｓ,70,2001年,ＲＣ,,,１低住専,,,2026年第1四半期,,
中古マンション等,成約価格情報,13104,東京都,新宿区,下落合,目白,6,140000000,３ＬＤＫ,70,2001年,ＲＣ,,,１低住専,,,2026年第1四半期,,
中古マンション等,成約価格情報,13104,東京都,新宿区,下落合,下落合(東京),3,53000000,２Ｋ＋Ｓ,55,1984年,ＳＲＣ,,,準工業,,,2026年第1四半期,,
中古マンション等,成約価格情報,13104,東京都,新宿区,下落合,目白,9,58000000,２ＬＤＫ,60,1977年,ＲＣ,,,１低住専,,,2026年第1四半期,,
中古マンション等,成約価格情報,13104,東京都,新宿区,下落合,目白,6,130000000,３ＬＤＫ,70,2001年,ＲＣ,,,１低住専,,,2026年第1四半期,,
中古マンション等,成約価格情報,13104,東京都,新宿区,下落合,椎名町,9,38000000,１Ｒ,35,2010年,ＲＣ,,,商業,,,2026年第1四半期,,
中古マンション等,成約価格情報,13104,東京都,新宿区,下落合,高田馬場,4,120000000,２ＬＤＫ,60,2021年,ＲＣ,,,準工業,,,2026年第1四半期,,
中古マンション等,成約価格情報,13104,東京都,新宿区,下落合,高田馬場,5,32000000,２ＤＫ,50,1969年,ＳＲＣ,,,準工業,,,2026年第1四半期,,
中古マンション等,成約価格情報,13104,東京都,新宿区,下落合,目白,9,40000000,２ＬＤＫ,60,1968年,ＳＲＣ,,,商業,,,2026年第1四半期,,
中古マンション等,成約価格情報,13104,東京都,新宿区,下落合,高田馬場,3,67000000,１ＬＤＫ,35,2024年,ＲＣ,,,準工業,,,2026年第1四半期,,
中古マンション等,成約価格情報,13104,東京都,新宿区,下落合,目白,5,12000000,１Ｒ,15,1984年,ＲＣ,,,１種住居,,,2026年第1四半期,,
中古マンション等,成約価格情報,13104,東京都,新宿区,下落合,下落合(東京),3,47000000,１ＬＤＫ,45,1984年,ＳＲＣ,,,近隣商業,,,2026年第1四半期,,
中古マンション等,成約価格情報,13104,東京都,新宿区,下落合,下落合(東京),3,71000000,１ＬＤＫ,80,1986年,ＲＣ,,,１低住専,,,2026年第1四半期,,
中古マンション等,成約価格情報,13104,東京都,新宿区,下落合,目白,7,49000000,１ＬＤＫ,60,1968年,ＳＲＣ,,,商業,,,2026年第1四半期,,
中古マンション等,成約価格情報,13104,東京都,新宿区,下落合,高田馬場,7,35000000,１Ｋ,30,2017年,ＲＣ,,,１種住居,,,2026年第1四半期,,
中古マンション等,成約価格情報,13104,東京都,新宿区,下落合,目白,6,130000000,３ＬＤＫ,70,2001年,ＲＣ,,,１低住専,,,2026年第1四半期,,
中古マンション等,成約価格情報,13104,東京都,新宿区,下落合,高田馬場,5,53000000,２ＬＤＫ,60,1969年,ＲＣ,,,準工業,,,2026年第1四半期,,
中古マンション等,成約価格情報,13104,東京都,新宿区,下落合,目白,7,130000000,２ＬＤＫ,60,2020年,ＲＣ,,,１低住専,,,2026年第1四半期,,
中古マンション等,成約価格情報,13104,東京都,新宿区,下落合,下落合(東京),8,190000000,３ＬＤＫ,110,2003年,ＲＣ,,,１低住専,,,2026年第1四半期,,
中古マンション等,成約価格情報,13104,東京都,新宿区,白銀町,牛込神楽坂,4,32000000,１Ｒ,25,2004年,ＲＣ,,,商業,,,2026年第1四半期,,
中古マンション等,成約価格情報,13104,東京都,新宿区,白銀町,牛込神楽坂,4,84000000,１ＬＤＫ,50,2004年,ＲＣ,,,２種住居,,,2026年第1四半期,,
中古マンション等,成約価格情報,13104,東京都,新宿区,住吉町,曙橋,2,86000000,３ＬＤＫ,65,1997年,ＳＲＣ,,,商業,,,2026年第1四半期,,
中古マンション等,成約価格情報,13104,東京都,新宿区,住吉町,曙橋,1,100000000,２ＬＤＫ,60,2005年,ＲＣ,,,１種住居,,,2026年第1四半期,改装済み,
中古マンション等,成約価格情報,13104,東京都,新宿区,住吉町,曙橋,1,150000000,２ＬＤＫ＋Ｓ,60,2019年,ＲＣ,,,商業,,,2026年第1四半期,,
中古マンション等,成約価格情報,13104,東京都,新宿区,住吉町,曙橋,1,19000000,１Ｋ,25,2004年,ＲＣ,,,商業,,,2026年第1四半期,,
中古マンション等,成約価格情報,13104,東京都,新宿区,住吉町,曙橋,1,65000000,１ＬＤＫ,45,2005年,ＲＣ,,,１種住居,,,2026年第1四半期,,
中古マンション等,成約価格情報,13104,東京都,新宿区,住吉町,曙橋,3,110000000,２ＬＤＫ,75,1983年,ＲＣ,,,近隣商業,,,2026年第1四半期,,
中古マンション等,成約価格情報,13104,東京都,新宿区,住吉町,曙橋,2,92000000,３ＬＤＫ,60,1997年,ＳＲＣ,,,商業,,,2026年第1四半期,,
中古マンション等,成約価格情報,13104,東京都,新宿区,内藤町,四谷三丁目,8,110000000,３ＬＤＫ,95,1978年,ＲＣ,,,１種住居,,,2026年第1四半期,,
中古マンション等,成約価格情報,13104,東京都,新宿区,内藤町,四谷三丁目,7,130000000,２ＬＤＫ,60,2016年,ＲＣ,,,近隣商業,,,2026年第1四半期,,
中古マンション等,成約価格情報,13104,東京都,新宿区,納戸町,市ケ谷,7,180000000,２ＬＤＫ,70,2022年,ＲＣ,,,２中住専,,,2026年第1四半期,,
中古マンション等,成約価格情報,13104,東京都,新宿区,西五軒町,神楽坂,5,75000000,１ＬＤＫ,55,1990年,ＲＣ,,,準工業,,,2026年第1四半期,,
中古マンション等,成約価格情報,13104,東京都,新宿区,西五軒町,神楽坂,6,130000000,２ＬＤＫ,60,2013年,ＲＣ,,,準工業,,,2026年第1四半期,,
中古マンション等,成約価格情報,13104,東京都,新宿区,西五軒町,飯田橋,15,78000000,１ＬＤＫ,50,1992年,ＲＣ,,,準工業,,,2026年第1四半期,,
中古マンション等,成約価格情報,13104,東京都,新宿区,西五軒町,神楽坂,7,68000000,１ＬＤＫ,45,1992年,ＲＣ,,,準工業,,,2026年第1四半期,,
中古マンション等,成約価格情報,13104,東京都,新宿区,西五軒町,神楽坂,8,140000000,３ＬＤＫ,65,1996年,ＲＣ,,,準工業,,,2026年第1四半期,,
中古マンション等,成約価格情報,13104,東京都,新宿区,東五軒町,神楽坂,8,130000000,３ＬＤＫ,70,2000年,ＳＲＣ,,,準工業,,,2026年第1四半期,,
中古マンション等,成約価格情報,13104,東京都,新宿区,東五軒町,江戸川橋,6,13000000,１Ｒ,20,1977年,ＲＣ,,,商業,,,2026年第1四半期,,
中古マンション等,成約価格情報,13104,東京都,新宿区,余丁町,若松河田,4,85000000,２ＬＤＫ,60,1998年,ＲＣ,,,１種住居,,,2026年第1四半期,改装済み,
中古マンション等,成約価格情報,13104,東京都,新宿区,余丁町,若松河田,5,72000000,３ＬＤＫ,65,1985年,ＳＲＣ,,,近隣商業,,,2026年第1四半期,,
中古マンション等,成約価格情報,13104,東京都,新宿区,余丁町,若松河田,5,28000000,１Ｋ,25,2005年,ＲＣ,,,近隣商業,,,2026年第1四半期,,
中古マンション等,成約価格情報,13104,東京都,新宿区,早稲田町,早稲田(メトロ),3,69000000,１ＬＤＫ,35,2023年,ＲＣ,,,近隣商業,,,2026年第1四半期,,
中古マンション等,成約価格情報,13104,東京都,新宿区,早稲田町,早稲田(メトロ),1,25000000,１Ｋ,25,2003年,ＲＣ,,,近隣商業,,,2026年第1四半期,,
中古マンション等,不動産取引価格情報,13104,東京都,新宿区,荒木町,四谷三丁目,5,210000000,,70,2018年,ＲＣ,,,商業,80,400,2026年第1四半期,,
中古マンション等,不動産取引価格情報,13104,東京都,新宿区,市谷仲之町,曙橋,4,26000000,１Ｋ,15,2004年,ＳＲＣ,住宅,住宅,商業,80,500,2026年第1四半期,未改装,
中古マンション等,不動産取引価格情報,13104,東京都,新宿区,市谷薬王寺町,牛込柳町,4,180000000,３ＬＤＫ,70,2025年,ＲＣ,住宅,住宅,１種住居,60,300,2026年第1四半期,未改装,
中古マンション等,不動産取引価格情報,13104,東京都,新宿区,市谷柳町,牛込柳町,1,130000000,,65,2009年,ＲＣ,住宅,,商業,80,500,2026年第1四半期,未改装,
中古マンション等,不動産取引価格情報,13104,東京都,新宿区,市谷柳町,牛込柳町,1,38000000,１ＬＤＫ,40,2009年,ＲＣ,住宅,住宅,商業,80,500,2026年第1四半期,未改装,
中古マンション等,不動産取引価格情報,13104,東京都,新宿区,歌舞伎町,東新宿,4,52000000,２ＬＤＫ,55,1980年,ＳＲＣ,住宅,店舗,商業,80,700,2026年第1四半期,未改装,
中古マンション等,不動産取引価格情報,13104,東京都,新宿区,歌舞伎町,東新宿,4,14000000,１Ｒ,15,1981年,ＳＲＣ,住宅,,商業,80,600,2026年第1四半期,未改装,
中古マンション等,不動産取引価格情報,13104,東京都,新宿区,上落合,落合,1,19000000,１Ｋ,20,1997年,ＳＲＣ,住宅,住宅,近隣商業,80,400,2026年第1四半期,未改装,
中古マンション等,不動産取引価格情報,13104,東京都,新宿区,上落合,落合,3,15000000,１Ｋ,15,1989年,ＲＣ,住宅,その他,１種住居,60,300,2026年第1四半期,改装済み,
中古マンション等,不動産取引価格情報,13104,東京都,新宿区,上落合,中井,1,72000000,１ＬＤＫ,45,1992年,ＳＲＣ,住宅,住宅,近隣商業,80,400,2026年第1四半期,改装済み,
中古マンション等,不動産取引価格情報,13104,東京都,新宿区,上落合,中井,5,23000000,１Ｋ,25,,,,住宅,１種住居,60,400,2026年第1四半期,,
中古マンション等,不動産取引価格情報,13104,東京都,新宿区,北新宿,大久保(東京),8,140000000,,90,2001年,ＳＲＣ,,,１中住専,60,300,2026年第1四半期,,
中古マンション等,不動産取引価格情報,13104,東京都,新宿区,北新宿,大久保(東京),8,32000000,１Ｋ,20,2008年,ＲＣ,住宅,,１中住専,60,300,2026年第1四半期,改装済み,
中古マンション等,不動産取引価格情報,13104,東京都,新宿区,北新宿,大久保(東京),7,29000000,１Ｋ,20,2008年,ＲＣ,住宅,住宅,１中住専,60,300,2026年第1四半期,未改装,
中古マンション等,不動産取引価格情報,13104,東京都,新宿区,北山伏町,牛込柳町,4,69000000,１ＬＤＫ,35,2016年,ＲＣ,住宅,住宅,商業,80,500,2026年第1四半期,未改装,
中古マンション等,不動産取引価格情報,13104,東京都,新宿区,下落合,高田馬場,3,65000000,１ＬＤＫ,30,2024年,ＲＣ,住宅,住宅,準工業,60,200,2026年第1四半期,未改装,
中古マンション等,不動産取引価格情報,13104,東京都,新宿区,下宮比町,飯田橋,3,45000000,オープンフロア,30,1978年,ＳＲＣ,店舗,住宅,商業,80,500,2026年第1四半期,未改装,
中古マンション等,不動産取引価格情報,13104,東京都,新宿区,白銀町,神楽坂,4,32000000,１Ｒ,25,2004年,ＲＣ,住宅,住宅,２種住居,60,300,2026年第1四半期,未改装,
中古マンション等,不動産取引価格情報,13104,東京都,新宿区,新小川町,飯田橋,11,200000000,３ＬＤＫ,75,2005年,ＲＣ,住宅,住宅,２種住居,60,300,2026年第1四半期,改装済み,
中古マンション等,不動産取引価格情報,13104,東京都,新宿区,新小川町,江戸川橋,9,62000000,２ＬＤＫ,50,1979年,ＳＲＣ,住宅,住宅,準工業,60,300,2026年第1四半期,改装済み,
中古マンション等,不動産取引価格情報,13104,東京都,新宿区,新宿,新宿御苑前,3,61000000,１ＬＤＫ,35,2002年,ＲＣ,,住宅,商業,80,600,2026年第1四半期,未改装,
中古マンション等,不動産取引価格情報,13104,東京都,新宿区,新宿,新宿御苑前,7,9000000,１Ｒ,15,1985年,ＳＲＣ,その他,その他,商業,80,500,2026年第1四半期,未改装,
中古マンション等,不動産取引価格情報,13104,東京都,新宿区,住吉町,曙橋,2,26000000,,20,2001年,ＳＲＣ,,住宅,商業,80,600,2026年第1四半期,,
中古マンション等,不動産取引価格情報,13104,東京都,新宿区,住吉町,曙橋,1,150000000,２ＬＤＫ,55,2019年,ＲＣ,住宅,住宅,商業,80,600,2026年第1四半期,未改装,
中古マンション等,不動産取引価格情報,13104,東京都,新宿区,住吉町,曙橋,1,100000000,２ＬＤＫ,55,2005年,ＲＣ,住宅,住宅,商業,80,600,2026年第1四半期,改装済み,
中古マンション等,不動産取引価格情報,13104,東京都,新宿区,大京町,四谷三丁目,7,49000000,１Ｋ,25,2020年,ＲＣ,住宅,住宅,１中住専,60,300,2026年第1四半期,,
中古マンション等,不動産取引価格情報,13104,東京都,新宿区,大京町,四谷三丁目,7,270000000,３ＬＤＫ,100,2014年,ＲＣ,住宅,住宅,近隣商業,80,400,2026年第1四半期,改装済み,
中古マンション等,不動産取引価格情報,13104,東京都,新宿区,高田馬場,高田馬場,9,120000000,３ＬＤＫ,70,2001年,ＲＣ,住宅,住宅,商業,80,500,2026年第1四半期,改装済み,
中古マンション等,不動産取引価格情報,13104,東京都,新宿区,高田馬場,高田馬場,7,210000000,３ＬＤＫ,80,2025年,ＲＣ,住宅,住宅,１種住居,60,300,2026年第1四半期,未改装,
中古マンション等,不動産取引価格情報,13104,東京都,新宿区,高田馬場,高田馬場,3,25000000,１Ｋ,20,2002年,ＳＲＣ,住宅,住宅,商業,80,500,2026年第1四半期,未改装,
中古マンション等,不動産取引価格情報,13104,東京都,新宿区,高田馬場,高田馬場,11,68000000,１ＬＤＫ,50,1994年,ＲＣ,,住宅,１種住居,60,400,2026年第1四半期,改装済み,
中古マンション等,不動産取引価格情報,13104,東京都,新宿区,高田馬場,高田馬場,7,94000000,１ＬＤＫ,45,,ＲＣ,,住宅,１種住居,60,300,2026年第1四半期,未改装,
中古マンション等,不動産取引価格情報,13104,東京都,新宿区,高田馬場,西早稲田,3,25000000,１Ｋ,20,2004年,ＳＲＣ,住宅,住宅,商業,80,600,2026年第1四半期,,
中古マンション等,不動産取引価格情報,13104,東京都,新宿区,天神町,牛込神楽坂,10,65000000,オープンフロア,65,,ＳＲＣ,,その他,１種住居,60,400,2026年第1四半期,,
中古マンション等,不動産取引価格情報,13104,東京都,新宿区,富久町,曙橋,4,17000000,１Ｋ,20,1972年,ＳＲＣ,住宅,住宅,商業,80,600,2026年第1四半期,未改装,
中古マンション等,不動産取引価格情報,13104,東京都,新宿区,富久町,新宿御苑前,8,28000000,３ＬＤＫ,35,1970年,ＳＲＣ,住宅,住宅,商業,80,600,2026年第1四半期,未改装,
中古マンション等,不動産取引価格情報,13104,東京都,新宿区,戸山,西早稲田,5,50000000,２ＬＤＫ,60,1973年,ＳＲＣ,住宅,住宅,１中住専,60,300,2026年第1四半期,改装済み,
中古マンション等,不動産取引価格情報,13104,東京都,新宿区,戸山,早稲田(メトロ),6,190000000,２ＬＤＫ,75,2020年,ＲＣ,住宅,住宅,１種住居,60,400,2026年第1四半期,未改装,
中古マンション等,不動産取引価格情報,13104,東京都,新宿区,内藤町,四谷三丁目,7,130000000,２ＬＤＫ,55,2016年,ＲＣ,住宅,住宅,近隣商業,80,400,2026年第1四半期,改装済み,
中古マンション等,不動産取引価格情報,13104,東京都,新宿区,中井,中井,2,23000000,１Ｋ,20,2008年,ＲＣ,,その他,１種住居,60,300,2026年第1四半期,,
中古マンション等,不動産取引価格情報,13104,東京都,新宿区,中落合,落合南長崎,2,20000000,,20,2006年,ＲＣ,住宅,,近隣商業,80,400,2026年第1四半期,未改装,調停・競売等
中古マンション等,不動産取引価格情報,13104,東京都,新宿区,中落合,落合南長崎,2,22000000,１Ｋ,20,2006年,ＲＣ,住宅,住宅,近隣商業,80,400,2026年第1四半期,未改装,
中古マンション等,不動産取引価格情報,13104,東京都,新宿区,中落合,中井,7,24000000,１Ｋ,20,2008年,ＲＣ,住宅,住宅,１中住専,60,200,2026年第1四半期,未改装,
中古マンション等,不動産取引価格情報,13104,東京都,新宿区,西落合,落合南長崎,5,60000000,３ＬＤＫ,80,2001年,ＲＣ,住宅,住宅,１低住専,50,100,2026年第1四半期,未改装,
中古マンション等,不動産取引価格情報,13104,東京都,新宿区,西五軒町,江戸川橋,6,170000000,,75,,,,その他,,,,2026年第1四半期,,
中古マンション等,不動産取引価格情報,13104,東京都,新宿区,西新宿,新宿,7,43000000,１Ｋ,20,2006年,ＲＣ,住宅,住宅,商業,80,600,2026年第1四半期,未改装,
中古マンション等,不動産取引価格情報,13104,東京都,新宿区,西新宿,新宿,8,110000000,,65,2012年,ＲＣ,,,商業,80,600,2026年第1四半期,,
中古マンション等,不動産取引価格情報,13104,東京都,新宿区,西新宿,都庁前,7,13000000,オープンフロア,10,1981年,ＳＲＣ,住宅,事務所,商業,80,800,2026年第1四半期,未改装,
中古マンション等,不動産取引価格情報,13104,東京都,新宿区,西新宿,西新宿,3,410000000,オープンフロア,155,1995年,鉄骨造,,事務所,商業,80,800,2026年第1四半期,,
中古マンション等,不動産取引価格情報,13104,東京都,新宿区,西新宿,西新宿五丁目,6,25000000,１Ｋ,20,2001年,ＲＣ,住宅,,２種住居,60,300,2026年第1四半期,,
中古マンション等,不動産取引価格情報,13104,東京都,新宿区,西新宿,西新宿五丁目,3,26000000,１Ｋ,20,2010年,ＲＣ,住宅,住宅,２中住専,60,300,2026年第1四半期,改装済み,
中古マンション等,不動産取引価格情報,13104,東京都,新宿区,西新宿,西新宿五丁目,6,89000000,１ＤＫ,45,,ＲＣ,,住宅,２種住居,60,400,2026年第1四半期,未改装,
中古マンション等,不動産取引価格情報,13104,東京都,新宿区,西新宿,西新宿五丁目,6,180000000,２ＬＤＫ,65,,,,事務所,１種住居,60,400,2026年第1四半期,改装済み,
中古マンション等,不動産取引価格情報,13104,東京都,新宿区,西新宿,初台,6,30000000,１Ｋ,20,1983年,ＳＲＣ,住宅,住宅,商業,80,800,2026年第1四半期,改装済み,
中古マンション等,不動産取引価格情報,13104,東京都,新宿区,西早稲田,高田馬場,9,90000000,１ＤＫ,55,2001年,ＳＲＣ,住宅,住宅,商業,80,500,2026年第1四半期,改装済み,
中古マンション等,不動産取引価格情報,13104,東京都,新宿区,西早稲田,早稲田(メトロ),5,100000000,２ＬＤＫ,60,2007年,ＲＣ,住宅,住宅,商業,80,500,2026年第1四半期,改装済み,
中古マンション等,不動産取引価格情報,13104,東京都,新宿区,西早稲田,早稲田(メトロ),10,33000000,１Ｋ,25,2013年,ＲＣ,住宅,住宅,商業,80,400,2026年第1四半期,未改装,
中古マンション等,不動産取引価格情報,13104,東京都,新宿区,西早稲田,早稲田(メトロ),11,21000000,１Ｋ,20,2005年,ＲＣ,住宅,住宅,商業,80,500,2026年第1四半期,未改装,
中古マンション等,不動産取引価格情報,13104,東京都,新宿区,原町,牛込柳町,2,120000000,２ＬＤＫ,55,2019年,ＲＣ,,住宅,商業,80,500,2026年第1四半期,未改装,
中古マンション等,不動産取引価格情報,13104,東京都,新宿区,東五軒町,神楽坂,5,65000000,１ＬＤＫ,35,2018年,ＲＣ,住宅,住宅,２中住専,60,300,2026年第1四半期,未改装,
中古マンション等,不動産取引価格情報,13104,東京都,新宿区,百人町,新大久保,2,5000000,,10,,ＲＣ,住宅,住宅,近隣商業,80,400,2026年第1四半期,未改装,
中古マンション等,不動産取引価格情報,13104,東京都,新宿区,百人町,新大久保,2,10000000,１Ｋ,10,,ＲＣ,住宅,住宅,近隣商業,80,400,2026年第1四半期,未改装,
中古マンション等,不動産取引価格情報,13104,東京都,新宿区,百人町,新大久保,7,98000000,,75,,,,その他,１中住専,60,300,2026年第1四半期,,
中古マンション等,不動産取引価格情報,13104,東京都,新宿区,百人町,新大久保,4,60000000,２ＤＫ,40,1984年,ＳＲＣ,住宅,住宅,近隣商業,80,400,2026年第1四半期,,
中古マンション等,不動産取引価格情報,13104,東京都,新宿区,舟町,四谷三丁目,2,94000000,１ＬＤＫ,45,2004年,ＲＣ,住宅,住宅,商業,80,500,2026年第1四半期,未改装,
中古マンション等,不動産取引価格情報,13104,東京都,新宿区,南町,牛込神楽坂,4,200000000,３ＬＤＫ,85,2000年,ＲＣ,住宅,住宅,１中住専,,,2026年第1四半期,改装済み,
中古マンション等,不動産取引価格情報,13104,東京都,新宿区,山吹町,江戸川橋,5,65000000,１ＬＤＫ,35,2019年,ＲＣ,その他,その他,準工業,60,300,2026年第1四半期,,
中古マンション等,不動産取引価格情報,13104,東京都,新宿区,山吹町,江戸川橋,3,53000000,３ＬＤＫ,50,1990年,ＳＲＣ,住宅,住宅,商業,80,500,2026年第1四半期,未改装,
中古マンション等,不動産取引価格情報,13104,東京都,新宿区,横寺町,牛込神楽坂,4,19000000,１Ｋ,20,1998年,ＲＣ,住宅,住宅,１種住居,60,300,2026年第1四半期,未改装,
中古マンション等,不動産取引価格情報,13104,東京都,新宿区,四谷,四谷三丁目,0,40000000,１ＤＫ,30,2004年,ＲＣ,,住宅,商業,80,700,2026年第1四半期,未改装,
中古マンション等,不動産取引価格情報,13104,東京都,新宿区,四谷坂町,曙橋,5,40000000,１ＬＤＫ,30,1999年,ＲＣ,住宅,住宅,１種住居,60,300,2026年第1四半期,未改装,
中古マンション等,不動産取引価格情報,13104,東京都,新宿区,若葉,四ツ谷,10,93000000,１ＬＤＫ,45,2015年,ＲＣ,住宅,住宅,近隣商業,80,300,2026年第1四半期,未改装,
中古マンション等,不動産取引価格情報,13104,東京都,新宿区,若松町,若松河田,2,62000000,１ＬＤＫ,35,2018年,ＲＣ,,住宅,商業,80,500,2026年第1四半期,未改装,
中古マンション等,不動産取引価格情報,13104,東京都,新宿区,若松町,若松河田,2,160000000,２ＬＤＫ,65,2018年,ＲＣ,,住宅,商業,80,500,2026年第1四半期,改装済み,
中古マンション等,不動産取引価格情報,13104,東京都,新宿区,若松町,若松河田,2,18000000,１Ｒ,20,1988年,ＲＣ,住宅,,１種住居,60,300,2026年第1四半期,未改装,
中古マンション等,不動産取引価格情報,13104,東京都,新宿区,若宮町,牛込神楽坂,4,200000000,,95,,ＲＣ,,,１中住専,60,300,2026年第1四半期,,
中古マンション等,成約価格情報,13105,東京都,文京区,小石川,茗荷谷,9,18000000,１ＤＫ,30,1977年,ＲＣ,,,１種住居,,,2026年第1四半期,,
中古マンション等,成約価格情報,13105,東京都,文京区,小石川,春日(東京),3,210000000,２ＬＤＫ,65,2023年,ＲＣ,,,１種住居,,,2026年第1四半期,,
中古マンション等,成約価格情報,13105,東京都,文京区,小石川,後楽園,3,250000000,３ＬＤＫ,75,2023年,ＲＣ,,,１種住居,,,2026年第1四半期,,
中古マンション等,成約価格情報,13105,東京都,文京区,小石川,春日(東京),10,130000000,３ＬＤＫ,80,2005年,ＲＣ,,,準工業,,,2026年第1四半期,,
中古マンション等,成約価格情報,13105,東京都,文京区,小石川,後楽園,5,28000000,１Ｒ,35,1982年,ＲＣ,,,１中住専,,,2026年第1四半期,,
中古マンション等,成約価格情報,13105,東京都,文京区,小石川,後楽園,2,150000000,２ＬＤＫ,55,2020年,ＲＣ,,,準工業,,,2026年第1四半期,,
中古マンション等,成約価格情報,13105,東京都,文京区,小石川,春日(東京),10,39000000,１ＬＤＫ,40,1980年,ＲＣ,,,準工業,,,2026年第1四半期,,
中古マンション等,成約価格情報,13105,東京都,文京区,小石川,春日(東京),7,170000000,３ＬＤＫ,75,2019年,ＲＣ,,,準工業,,,2026年第1四半期,,
中古マンション等,成約価格情報,13105,東京都,文京区,小石川,後楽園,2,230000000,２ＬＤＫ,80,2020年,ＲＣ,,,準工業,,,2026年第1四半期,,
中古マンション等,成約価格情報,13105,東京都,文京区,小石川,茗荷谷,8,60000000,２ＬＤＫ,60,1968年,ＳＲＣ,,,２種住居,,,2026年第1四半期,,
中古マンション等,成約価格情報,13105,東京都,文京区,小石川,春日(東京),2,170000000,１ＬＤＫ＋Ｓ,70,2003年,ＳＲＣ,,,商業,,,2026年第1四半期,,
中古マンション等,成約価格情報,13105,東京都,文京区,小石川,茗荷谷,9,15000000,１Ｋ,30,1977年,ＲＣ,,,１種住居,,,2026年第1四半期,,
中古マンション等,成約価格情報,13105,東京都,文京区,小石川,春日(東京),5,200000000,３ＬＤＫ,95,2004年,ＲＣ,,,商業,,,2026年第1四半期,,
中古マンション等,成約価格情報,13105,東京都,文京区,小石川,春日(東京),1,160000000,２ＬＤＫ,70,2003年,ＳＲＣ,,,商業,,,2026年第1四半期,,
中古マンション等,成約価格情報,13105,東京都,文京区,小石川,春日(東京),5,87000000,１ＬＤＫ,40,2012年,ＳＲＣ,,,商業,,,2026年第1四半期,,
中古マンション等,成約価格情報,13105,東京都,文京区,小石川,春日(東京),1,380000000,３ＬＤＫ,80,2021年,ＲＣ,,,商業,,,2026年第1四半期,,
中古マンション等,成約価格情報,13105,東京都,文京区,小石川,後楽園,11,85000000,１ＬＤＫ,45,2023年,ＲＣ,,,準工業,,,2026年第1四半期,,
中古マンション等,成約価格情報,13105,東京都,文京区,小石川,春日(東京),2,37000000,２ＬＤＫ,60,1978年,ＳＲＣ,,,商業,,,2026年第1四半期,,
中古マンション等,成約価格情報,13105,東京都,文京区,小石川,後楽園,1,210000000,２ＬＤＫ,75,2012年,ＲＣ,,,商業,,,2026年第1四半期,,
中古マンション等,成約価格情報,13105,東京都,文京区,小石川,茗荷谷,9,60000000,１ＬＤＫ,50,1983年,ＲＣ,,,準工業,,,2026年第1四半期,,
中古マンション等,成約価格情報,13105,東京都,文京区,小石川,後楽園,9,74000000,１ＬＤＫ,45,2005年,ＲＣ,,,準工業,,,2026年第1四半期,,
中古マンション等,成約価格情報,13105,東京都,文京区,小石川,後楽園,1,230000000,３ＬＤＫ,90,2012年,ＲＣ,,,商業,,,2026年第1四半期,,
中古マンション等,成約価格情報,13105,東京都,文京区,小石川,後楽園,2,140000000,２ＬＤＫ,60,2020年,ＲＣ,,,商業,,,2026年第1四半期,,
中古マンション等,成約価格情報,13105,東京都,文京区,小石川,後楽園,5,90000000,１ＬＤＫ,50,1998年,ＳＲＣ,,,商業,,,2026年第1四半期,,
中古マンション等,成約価格情報,13105,東京都,文京区,小石川,後楽園,3,29000000,１Ｒ,25,1991年,ＳＲＣ,,,商業,,,2026年第1四半期,,
中古マンション等,成約価格情報,13105,東京都,文京区,小石川,後楽園,2,40000000,１ＬＤＫ,40,1999年,ＲＣ,,,準工業,,,2026年第1四半期,,
中古マンション等,成約価格情報,13105,東京都,文京区,小石川,茗荷谷,8,100000000,２ＬＤＫ,65,2010年,ＲＣ,,,商業,,,2026年第1四半期,,
中古マンション等,成約価格情報,13105,東京都,文京区,小石川,春日(東京),8,65000000,２ＬＤＫ,55,1991年,ＲＣ,,,１中住専,,,2026年第1四半期,,
中古マンション等,成約価格情報,13105,東京都,文京区,小石川,茗荷谷,5,31000000,１ＤＫ,35,2004年,ＲＣ,,,２中住専,,,2026年第1四半期,,
中古マンション等,成約価格情報,13105,東京都,文京区,小石川,後楽園,7,140000000,３ＬＤＫ,70,2015年,ＲＣ,,,準工業,,,2026年第1四半期,,
中古マンション等,成約価格情報,13105,東京都,文京区,小石川,後楽園,2,40000000,２Ｋ,45,1978年,ＳＲＣ,,,商業,,,2026年第1四半期,,
中古マンション等,成約価格情報,13105,東京都,文京区,小石川,後楽園,3,18000000,１Ｒ,20,1997年,ＲＣ,,,商業,,,2026年第1四半期,,
中古マンション等,成約価格情報,13105,東京都,文京区,小石川,春日(東京),1,150000000,２ＬＤＫ,70,2003年,ＳＲＣ,,,商業,,,2026年第1四半期,,
中古マンション等,成約価格情報,13105,東京都,文京区,小日向,茗荷谷,7,150000000,３ＬＤＫ,90,2018年,ＲＣ,,,１低住専,,,2026年第1四半期,,
中古マンション等,成約価格情報,13105,東京都,文京区,小日向,茗荷谷,7,230000000,３ＬＤＫ,90,2013年,ＲＣ,,,２種住居,,,2026年第1四半期,,
中古マンション等,成約価格情報,13105,東京都,文京区,小日向,江戸川橋,8,35000000,１ＬＤＫ,60,1973年,ＲＣ,,,１低住専,,,2026年第1四半期,,
中古マンション等,成約価格情報,13105,東京都,文京区,小日向,江戸川橋,5,190000000,２ＬＤＫ,95,2004年,ＲＣ,,,１低住専,,,2026年第1四半期,改装済み,
中古マンション等,成約価格情報,13105,東京都,文京区,関口,江戸川橋,2,49000000,１Ｒ,45,1990年,ＳＲＣ,,,商業,,,2026年第1四半期,,
中古マンション等,成約価格情報,13105,東京都,文京区,関口,江戸川橋,6,220000000,３ＬＤＫ＋Ｓ,110,2001年,ＲＣ,,,２種住居,,,2026年第1四半期,,
中古マンション等,成約価格情報,13105,東京都,文京区,関口,江戸川橋,3,170000000,２ＬＤＫ,80,2015年,ＲＣ,,,商業,,,2026年第1四半期,,
中古マンション等,成約価格情報,13105,東京都,文京区,関口,江戸川橋,3,110000000,３ＬＤＫ,85,1992年,ＳＲＣ,,,近隣商業,,,2026年第1四半期,,
中古マンション等,成約価格情報,13105,東京都,文京区,関口,江戸川橋,1,80000000,３ＤＫ,60,1983年,ＳＲＣ,,,商業,,,2026年第1四半期,,
中古マンション等,成約価格情報,13105,東京都,文京区,関口,江戸川橋,2,35000000,２Ｋ,40,1983年,ＲＣ,,,準工業,,,2026年第1四半期,,
中古マンション等,成約価格情報,13105,東京都,文京区,千石,千石,6,18000000,１Ｋ,25,2000年,ＲＣ,,,商業,,,2026年第1四半期,,
中古マンション等,成約価格情報,13105,東京都,文京区,千石,千石,9,230000000,３ＬＤＫ,90,2015年,ＲＣ,,,１低住専,,,2026年第1四半期,,
中古マンション等,成約価格情報,13105,東京都,文京区,千石,千石,6,120000000,３ＬＤＫ,75,1997年,ＳＲＣ,,,商業,,,2026年第1四半期,,
中古マンション等,成約価格情報,13105,東京都,文京区,千石,千石,5,110000000,２ＬＤＫ,60,2011年,ＲＣ,,,商業,,,2026年第1四半期,,
中古マンション等,成約価格情報,13105,東京都,文京区,千石,千石,10,110000000,２ＬＤＫ,75,1993年,ＲＣ,,,１中住専,,,2026年第1四半期,,
中古マンション等,成約価格情報,13105,東京都,文京区,千石,茗荷谷,11,120000000,２ＬＤＫ＋Ｓ,70,2018年,ＲＣ,,,商業,,,2026年第1四半期,,
中古マンション等,成約価格情報,13105,東京都,文京区,千石,茗荷谷,11,130000000,３ＬＤＫ,65,2018年,ＲＣ,,,商業,,,2026年第1四半期,,
中古マンション等,成約価格情報,13105,東京都,文京区,千石,千石,9,170000000,３ＬＤＫ,75,2015年,ＲＣ,,,１低住専,,,2026年第1四半期,,
中古マンション等,成約価格情報,13105,東京都,文京区,千石,千石,1,170000000,３ＬＤＫ,75,2012年,ＲＣ,,,商業,,,2026年第1四半期,,
中古マンション等,成約価格情報,13105,東京都,文京区,千石,千石,9,42000000,１ＬＤＫ,45,1981年,ＲＣ,,,１中住専,,,2026年第1四半期,,
中古マンション等,成約価格情報,13105,東京都,文京区,千石,茗荷谷,11,150000000,３ＬＤＫ,70,2018年,ＲＣ,,,商業,,,2026年第1四半期,,
中古マンション等,成約価格情報,13105,東京都,文京区,千石,千石,3,70000000,１ＬＤＫ,40,2019年,ＲＣ,,,商業,,,2026年第1四半期,,
中古マンション等,成約価格情報,13105,東京都,文京区,千石,千石,9,37000000,１ＬＤＫ,45,1971年,ＲＣ,,,準工業,,,2026年第1四半期,,
中古マンション等,成約価格情報,13105,東京都,文京区,千石,千石,2,140000000,２ＬＤＫ,65,2023年,ＲＣ,,,商業,,,2026年第1四半期,,
中古マンション等,成約価格情報,13105,東京都,文京区,千石,千石,8,23000000,１Ｋ,25,2005年,ＲＣ,,,２種住居,,,2026年第1四半期,,
中古マンション等,成約価格情報,13105,東京都,文京区,千駄木,千駄木,1,17000000,１Ｒ,20,1995年,ＳＲＣ,,,商業,,,2026年第1四半期,,
中古マンション等,成約価格情報,13105,東京都,文京区,千駄木,千駄木,5,120000000,２ＬＤＫ,60,2017年,ＲＣ,,,近隣商業,,,2026年第1四半期,,
中古マンション等,成約価格情報,13105,東京都,文京区,千駄木,千駄木,9,82000000,２ＬＤＫ,55,1994年,ＳＲＣ,,,商業,,,2026年第1四半期,,
中古マンション等,成約価格情報,13105,東京都,文京区,千駄木,千駄木,1,72000000,１ＬＤＫ,50,1996年,ＳＲＣ,,,近隣商業,,,2026年第1四半期,,
中古マンション等,成約価格情報,13105,東京都,文京区,千駄木,千駄木,4,55000000,１ＬＤＫ,40,2019年,ＲＣ,,,１中住専,,,2026年第1四半期,,
中古マンション等,成約価格情報,13105,東京都,文京区,千駄木,西日暮里,10,15000000,１Ｋ,20,1997年,ＳＲＣ,,,商業,,,2026年第1四半期,,
中古マンション等,成約価格情報,13105,東京都,文京区,千駄木,千駄木,2,70000000,１ＬＤＫ＋Ｓ,60,1979年,鉄骨造,,,近隣商業,,,2026年第1四半期,改装済み,
中古マンション等,成約価格情報,13105,東京都,文京区,千駄木,千駄木,5,21000000,１Ｒ,30,1990年,ＳＲＣ,,,商業,,,2026年第1四半期,,
中古マンション等,成約価格情報,13105,東京都,文京区,千駄木,千駄木,3,24000000,２ＤＫ,50,1977年,ＲＣ,,,商業,,,2026年第1四半期,,
中古マンション等,成約価格情報,13105,東京都,文京区,千駄木,千駄木,7,43000000,２ＤＫ,45,1980年,ＳＲＣ,,,商業,,,2026年第1四半期,,
中古マンション等,成約価格情報,13105,東京都,文京区,千駄木,千駄木,1,15000000,１Ｒ,20,1984年,ＳＲＣ,,,商業,,,2026年第1四半期,,
中古マンション等,成約価格情報,13105,東京都,文京区,千駄木,西日暮里,9,72000000,２ＬＤＫ,50,1983年,ＳＲＣ,,,商業,,,2026年第1四半期,,
中古マンション等,成約価格情報,13105,東京都,文京区,根津,根津,6,50000000,２ＬＤＫ,80,1988年,ＳＲＣ,,,商業,,,2026年第1四半期,,
中古マンション等,成約価格情報,13105,東京都,文京区,根津,根津,2,110000000,２ＬＤＫ＋Ｓ,70,1992年,ＳＲＣ,,,商業,,,2026年第1四半期,,
中古マンション等,成約価格情報,13105,東京都,文京区,根津,根津,2,81000000,２ＬＤＫ,60,1999年,ＳＲＣ,,,商業,,,2026年第1四半期,,
中古マンション等,成約価格情報,13105,東京都,文京区,根津,根津,2,15000000,１Ｒ,15,1986年,ＳＲＣ,,,商業,,,2026年第1四半期,,
中古マンション等,成約価格情報,13105,東京都,文京区,本駒込,千石,4,90000000,２ＬＤＫ,65,2004年,ＳＲＣ,,,商業,,,2026年第1四半期,,
中古マンション等,成約価格情報,13105,東京都,文京区,本駒込,駒込,10,100000000,２ＬＤＫ,70,2005年,ＲＣ,,,商業,,,2026年第1四半期,改装済み,
中古マンション等,成約価格情報,13105,東京都,文京区,本駒込,駒込,9,100000000,２ＬＤＫ,65,2007年,ＲＣ,,,１種住居,,,2026年第1四半期,,
中古マンション等,成約価格情報,13105,東京都,文京区,本駒込,駒込,2,38000000,１Ｋ,35,2002年,ＳＲＣ,,,商業,,,2026年第1四半期,,
中古マンション等,成約価格情報,13105,東京都,文京区,本駒込,白山(東京),3,89000000,２ＬＤＫ,55,2013年,ＲＣ,,,商業,,,2026年第1四半期,,
中古マンション等,成約価格情報,13105,東京都,文京区,本駒込,本駒込,4,190000000,４ＬＤＫ,95,2004年,ＲＣ,,,１中住専,,,2026年第1四半期,,
中古マンション等,成約価格情報,13105,東京都,文京区,本駒込,本駒込,2,54000000,１Ｋ,35,2008年,ＲＣ,,,商業,,,2026年第1四半期,,
中古マンション等,成約価格情報,13105,東京都,文京区,本駒込,駒込,5,14000000,１Ｒ,20,1981年,ＳＲＣ,,,商業,,,2026年第1四半期,,
中古マンション等,成約価格情報,13105,東京都,文京区,本駒込,駒込,9,28000000,１Ｋ,25,2006年,ＲＣ,,,商業,,,2026年第1四半期,,
中古マンション等,成約価格情報,13105,東京都,文京区,本駒込,駒込,6,50000000,１ＬＤＫ,45,1983年,ＳＲＣ,,,１種住居,,,2026年第1四半期,,
中古マンション等,成約価格情報,13105,東京都,文京区,本駒込,駒込,6,85000000,３ＬＤＫ,60,1974年,ＳＲＣ,,,商業,,,2026年第1四半期,,
中古マンション等,成約価格情報,13105,東京都,文京区,本駒込,駒込,7,210000000,２ＬＤＫ,90,2015年,ＲＣ,,,商業,,,2026年第1四半期,,
中古マンション等,成約価格情報,13105,東京都,文京区,本駒込,本駒込,4,84000000,２ＬＤＫ,60,2000年,ＳＲＣ,,,１種住居,,,2026年第1四半期,改装済み,
中古マンション等,成約価格情報,13105,東京都,文京区,本駒込,千石,4,130000000,２ＬＤＫ,60,2016年,ＲＣ,,,商業,,,2026年第1四半期,,
中古マンション等,成約価格情報,13105,東京都,文京区,本駒込,本駒込,1,51000000,１ＤＫ＋Ｓ,40,2008年,ＲＣ,,,商業,,,2026年第1四半期,,
中古マンション等,成約価格情報,13105,東京都,文京区,本駒込,駒込,7,77000000,１ＬＤＫ,40,2018年,ＲＣ,,,商業,,,2026年第1四半期,改装済み,
中古マンション等,成約価格情報,13105,東京都,文京区,目白台,護国寺,4,150000000,２ＬＤＫ＋Ｓ,80,1997年,ＳＲＣ,,,２種住居,,,2026年第1四半期,改装済み,
中古マンション等,成約価格情報,13105,東京都,文京区,目白台,護国寺,6,110000000,３ＬＤＫ,120,1988年,ＳＲＣ,,,商業,,,2026年第1四半期,,
中古マンション等,成約価格情報,13105,東京都,文京区,大塚,護国寺,4,21000000,１Ｒ,30,1979年,ＲＣ,,,１種住居,,,2026年第1四半期,,
中古マンション等,成約価格情報,13105,東京都,文京区,大塚,護国寺,6,46000000,１ＬＤＫ,50,1982年,ＳＲＣ,,,商業,,,2026年第1四半期,,
中古マンション等,成約価格情報,13105,東京都,文京区,大塚,茗荷谷,4,160000000,２ＬＤＫ,60,2019年,ＲＣ,,,商業,,,2026年第1四半期,,
中古マンション等,成約価格情報,13105,東京都,文京区,大塚,茗荷谷,7,17000000,１Ｒ,20,1997年,ＳＲＣ,,,商業,,,2026年第1四半期,,
中古マンション等,成約価格情報,13105,東京都,文京区,大塚,新大塚,7,70000000,１ＬＤＫ,45,2018年,ＲＣ,,,商業,,,2026年第1四半期,,
中古マンション等,成約価格情報,13105,東京都,文京区,大塚,茗荷谷,8,130000000,２ＬＤＫ,60,2020年,ＲＣ,,,商業,,,2026年第1四半期,,
中古マンション等,成約価格情報,13105,東京都,文京区,大塚,東池袋,5,68000000,１ＬＤＫ＋Ｓ,55,1995年,ＲＣ,,,１種住居,,,2026年第1四半期,,
中古マンション等,成約価格情報,13105,東京都,文京区,大塚,新大塚,4,180000000,３ＬＤＫ,100,2002年,ＲＣ,,,１種住居,,,2026年第1四半期,,
中古マンション等,成約価格情報,13105,東京都,文京区,大塚,新大塚,8,8600000,１Ｒ,15,1985年,ＲＣ,,,１中住専,,,2026年第1四半期,,
中古マンション等,成約価格情報,13105,東京都,文京区,大塚,新大塚,5,24000000,１Ｋ,20,2007年,ＲＣ,,,商業,,,2026年第1四半期,,
中古マンション等,成約価格情報,13105,東京都,文京区,大塚,茗荷谷,3,180000000,３ＬＤＫ,85,1999年,ＲＣ,,,商業,,,2026年第1四半期,,
中古マンション等,成約価格情報,13105,東京都,文京区,大塚,茗荷谷,5,44000000,１ＬＤＫ,55,1980年,ＲＣ,,,１中住専,,,2026年第1四半期,,
中古マンション等,成約価格情報,13105,東京都,文京区,大塚,新大塚,5,37000000,１ＬＤＫ＋Ｓ,55,1970年,ＲＣ,,,１種住居,,,2026年第1四半期,,
中古マンション等,成約価格情報,13105,東京都,文京区,大塚,新大塚,4,85000000,３ＬＤＫ,60,1997年,ＲＣ,,,準工業,,,2026年第1四半期,,
中古マンション等,成約価格情報,13105,東京都,文京区,大塚,護国寺,3,150000000,３ＬＤＫ,75,2008年,ＲＣ,,,商業,,,2026年第1四半期,,
中古マンション等,成約価格情報,13105,東京都,文京区,大塚,護国寺,6,180000000,３ＬＤＫ,70,2020年,ＲＣ,,,商業,,,2026年第1四半期,,
中古マンション等,成約価格情報,13105,東京都,文京区,大塚,護国寺,4,28000000,１ＬＤＫ,50,1965年,ＳＲＣ,,,商業,,,2026年第1四半期,,
中古マンション等,成約価格情報,13105,東京都,文京区,大塚,茗荷谷,7,18000000,１Ｒ,20,1994年,ＳＲＣ,,,商業,,,2026年第1四半期,,
中古マンション等,成約価格情報,13105,東京都,文京区,大塚,茗荷谷,1,57000000,１ＤＫ,35,2011年,ＲＣ,,,商業,,,2026年第1四半期,,
中古マンション等,成約価格情報,13105,東京都,文京区,大塚,,,22000000,１ＬＤＫ,25,2005年,ＲＣ,,,商業,,,2026年第1四半期,,
中古マンション等,成約価格情報,13105,東京都,文京区,音羽,護国寺,5,59000000,２ＬＤＫ,50,1983年,ＲＣ,,,商業,,,2026年第1四半期,,
中古マンション等,成約価格情報,13105,東京都,文京区,音羽,護国寺,6,50000000,１ＤＫ,35,1998年,ＳＲＣ,,,商業,,,2026年第1四半期,,
中古マンション等,成約価格情報,13105,東京都,文京区,音羽,江戸川橋,5,17000000,１Ｒ,25,1986年,ＳＲＣ,,,商業,,,2026年第1四半期,,
中古マンション等,成約価格情報,13105,東京都,文京区,音羽,江戸川橋,3,20000000,１Ｋ,20,1998年,ＳＲＣ,,,商業,,,2026年第1四半期,,
中古マンション等,成約価格情報,13105,東京都,文京区,音羽,護国寺,1,110000000,３ＬＤＫ,75,1987年,ＳＲＣ,,,商業,,,2026年第1四半期,,
中古マンション等,成約価格情報,13105,東京都,文京区,音羽,江戸川橋,3,100000000,２ＬＤＫ,60,2014年,ＲＣ,,,商業,,,2026年第1四半期,,
中古マンション等,成約価格情報,13105,東京都,文京区,音羽,護国寺,5,25000000,１ＤＫ,35,1985年,ＳＲＣ,,,商業,,,2026年第1四半期,,
中古マンション等,成約価格情報,13105,東京都,文京区,音羽,護国寺,2,130000000,２ＬＤＫ＋Ｓ,75,2012年,ＲＣ,,,商業,,,2026年第1四半期,,
中古マンション等,成約価格情報,13105,東京都,文京区,音羽,護国寺,4,59000000,１ＬＤＫ＋Ｓ,55,1981年,ＳＲＣ,,,商業,,,2026年第1四半期,,
中古マンション等,成約価格情報,13105,東京都,文京区,音羽,江戸川橋,3,88000000,２ＤＫ＋Ｓ,65,1997年,ＳＲＣ,,,商業,,,2026年第1四半期,,
中古マンション等,成約価格情報,13105,東京都,文京区,音羽,江戸川橋,6,160000000,３ＬＤＫ,80,2004年,ＲＣ,,,商業,,,2026年第1四半期,,
中古マンション等,成約価格情報,13105,東京都,文京区,音羽,江戸川橋,5,35000000,１ＬＤＫ,45,1983年,ＳＲＣ,,,商業,,,2026年第1四半期,,
中古マンション等,成約価格情報,13105,東京都,文京区,音羽,護国寺,,24000000,１Ｋ,20,2002年,ＲＣ,,,近隣商業,,,2026年第1四半期,,
中古マンション等,成約価格情報,13105,東京都,文京区,音羽,江戸川橋,6,56000000,１ＬＤＫ,40,2004年,ＲＣ,,,商業,,,2026年第1四半期,,
中古マンション等,成約価格情報,13105,東京都,文京区,後楽,水道橋,2,52000000,１ＤＫ,35,2003年,ＳＲＣ,,,商業,,,2026年第1四半期,,
中古マンション等,成約価格情報,13105,東京都,文京区,西片,春日(東京),1,31000000,１Ｋ,20,2009年,ＳＲＣ,,,商業,,,2026年第1四半期,,
中古マンション等,成約価格情報,13105,東京都,文京区,西片,春日(東京),1,29000000,１Ｋ,20,2009年,ＳＲＣ,,,商業,,,2026年第1四半期,,
中古マンション等,成約価格情報,13105,東京都,文京区,西片,春日(東京),6,150000000,３ＬＤＫ,60,2025年,ＲＣ,,,商業,,,2026年第1四半期,,
中古マンション等,成約価格情報,13105,東京都,文京区,西片,春日(東京),5,120000000,２ＬＤＫ,55,2025年,ＲＣ,,,２種住居,,,2026年第1四半期,,
中古マンション等,成約価格情報,13105,東京都,文京区,西片,春日(東京),3,49000000,２ＤＫ,45,1970年,ＳＲＣ,,,商業,,,2026年第1四半期,,
中古マンション等,成約価格情報,13105,東京都,文京区,西片,春日(東京),1,27000000,１Ｋ,25,2009年,ＳＲＣ,,,商業,,,2026年第1四半期,,
中古マンション等,成約価格情報,13105,東京都,文京区,西片,東大前,2,40000000,１Ｋ,40,1984年,ＳＲＣ,,,商業,,,2026年第1四半期,,
中古マンション等,成約価格情報,13105,東京都,文京区,西片,春日(東京),7,53000000,２ＤＫ,50,1971年,ＳＲＣ,,,１低住専,,,2026年第1四半期,,
中古マンション等,成約価格情報,13105,東京都,文京区,白山,白山(東京),6,50000000,１ＬＤＫ,50,1993年,ＳＲＣ,,,近隣商業,,,2026年第1四半期,,
中古マンション等,成約価格情報,13105,東京都,文京区,白山,白山(東京),5,45000000,１ＬＤＫ,45,1981年,ＳＲＣ,,,商業,,,2026年第1四半期,改装済み,
中古マンション等,成約価格情報,13105,東京都,文京区,白山,春日(東京),11,46000000,２ＤＫ,45,1982年,ＲＣ,,,準工業,,,2026年第1四半期,,
中古マンション等,成約価格情報,13105,東京都,文京区,白山,白山(東京),1,43000000,１ＬＤＫ,40,1991年,ＳＲＣ,,,商業,,,2026年第1四半期,,
中古マンション等,成約価格情報,13105,東京都,文京区,白山,白山(東京),3,21000000,１Ｋ,20,1985年,ＲＣ,,,１種住居,,,2026年第1四半期,,
中古マンション等,成約価格情報,13105,東京都,文京区,白山,千石,7,15000000,１Ｒ,20,1982年,ＲＣ,,,１種住居,,,2026年第1四半期,,
中古マンション等,成約価格情報,13105,東京都,文京区,白山,白山(東京),8,40000000,２ＤＫ,45,1982年,ＲＣ,,,１種住居,,,2026年第1四半期,,
中古マンション等,成約価格情報,13105,東京都,文京区,白山,白山(東京),4,53000000,１ＤＫ,40,2010年,ＲＣ,,,１中住専,,,2026年第1四半期,,
中古マンション等,成約価格情報,13105,東京都,文京区,白山,白山(東京),4,53000000,１ＤＫ,40,2010年,ＲＣ,,,１中住専,,,2026年第1四半期,,
中古マンション等,成約価格情報,13105,東京都,文京区,春日,後楽園,9,40000000,２ＤＫ,45,1983年,ＳＲＣ,,,商業,,,2026年第1四半期,,
中古マンション等,成約価格情報,13105,東京都,文京区,春日,後楽園,11,130000000,３ＬＤＫ,80,1996年,ＳＲＣ,,,商業,,,2026年第1四半期,,
中古マンション等,成約価格情報,13105,東京都,文京区,春日,春日(東京),8,100000000,３ＬＤＫ,70,1983年,ＳＲＣ,,,商業,,,2026年第1四半期,,
中古マンション等,成約価格情報,13105,東京都,文京区,春日,春日(東京),13,210000000,３ＬＤＫ,135,2004年,ＲＣ,,,１中住専,,,2026年第1四半期,,
中古マンション等,成約価格情報,13105,東京都,文京区,春日,後楽園,11,62000000,２ＬＤＫ,75,1964年,ＲＣ,,,１中住専,,,2026年第1四半期,,
中古マンション等,成約価格情報,13105,東京都,文京区,水道,江戸川橋,5,100000000,２ＬＤＫ,60,2016年,ＲＣ,,,準工業,,,2026年第1四半期,,
中古マンション等,成約価格情報,13105,東京都,文京区,水道,飯田橋,12,25000000,１ＤＫ,35,1980年,ＲＣ,,,２種住居,,,2026年第1四半期,,
中古マンション等,成約価格情報,13105,東京都,文京区,水道,飯田橋,10,80000000,１ＬＤＫ,50,2005年,ＳＲＣ,,,２種住居,,,2026年第1四半期,,
中古マンション等,成約価格情報,13105,東京都,文京区,水道,江戸川橋,5,110000000,３ＬＤＫ,80,1997年,ＲＣ,,,準工業,,,2026年第1四半期,,
中古マンション等,成約価格情報,13105,東京都,文京区,水道,江戸川橋,3,67000000,１ＬＤＫ＋Ｓ,55,1990年,ＳＲＣ,,,商業,,,2026年第1四半期,,
中古マンション等,成約価格情報,13105,東京都,文京区,水道,江戸川橋,8,64000000,１ＬＤＫ,40,2019年,ＲＣ,,,準工業,,,2026年第1四半期,,
中古マンション等,成約価格情報,13105,東京都,文京区,水道,江戸川橋,7,93000000,２ＬＤＫ,60,2017年,ＲＣ,,,準工業,,,2026年第1四半期,,
中古マンション等,成約価格情報,13105,東京都,文京区,水道,後楽園,9,93000000,２ＬＤＫ,55,1996年,ＲＣ,,,近隣商業,,,2026年第1四半期,,
中古マンション等,成約価格情報,13105,東京都,文京区,水道,後楽園,11,46000000,２ＤＫ,45,1980年,ＲＣ,,,２種住居,,,2026年第1四半期,,
中古マンション等,成約価格情報,13105,東京都,文京区,本郷,本郷三丁目,3,140000000,２ＬＤＫ,60,2012年,ＲＣ,,,商業,,,2026年第1四半期,,
中古マンション等,成約価格情報,13105,東京都,文京区,本郷,春日(東京),4,48000000,１Ｋ,25,2021年,ＳＲＣ,,,商業,,,2026年第1四半期,,
中古マンション等,成約価格情報,13105,東京都,文京区,本郷,本郷三丁目,2,87000000,１ＬＤＫ,45,2007年,ＲＣ,,,商業,,,2026年第1四半期,,
中古マンション等,成約価格情報,13105,東京都,文京区,本郷,本郷三丁目,3,25000000,１ＤＫ,35,1980年,ＳＲＣ,,,商業,,,2026年第1四半期,,
中古マンション等,成約価格情報,13105,東京都,文京区,本郷,本郷三丁目,5,47000000,１ＤＫ,35,2000年,ＲＣ,,,商業,,,2026年第1四半期,,
中古マンション等,成約価格情報,13105,東京都,文京区,本郷,東大前,8,35000000,１ＬＤＫ,40,1979年,ＳＲＣ,,,商業,,,2026年第1四半期,,
中古マンション等,成約価格情報,13105,東京都,文京区,本郷,本郷三丁目,4,390000000,３ＬＤＫ,100,2025年,ＲＣ,,,近隣商業,,,2026年第1四半期,,
中古マンション等,成約価格情報,13105,東京都,文京区,本郷,本郷三丁目,4,190000000,２ＬＤＫ,70,2018年,ＲＣ,,,商業,,,2026年第1四半期,,
中古マンション等,成約価格情報,13105,東京都,文京区,本郷,本郷三丁目,3,120000000,３ＬＤＫ,65,1999年,ＲＣ,,,近隣商業,,,2026年第1四半期,,
中古マンション等,成約価格情報,13105,東京都,文京区,本郷,春日(東京),4,130000000,３ＬＤＫ,75,2001年,ＲＣ,,,近隣商業,,,2026年第1四半期,,
中古マンション等,成約価格情報,13105,東京都,文京区,本郷,本郷三丁目,4,370000000,３ＬＤＫ,105,2025年,ＲＣ,,,近隣商業,,,2026年第1四半期,,
中古マンション等,成約価格情報,13105,東京都,文京区,本郷,東大前,6,60000000,２ＬＤＫ,50,1984年,ＳＲＣ,,,商業,,,2026年第1四半期,,
中古マンション等,成約価格情報,13105,東京都,文京区,本郷,春日(東京),2,91000000,１ＬＤＫ,45,2019年,ＲＣ,,,商業,,,2026年第1四半期,,
中古マンション等,成約価格情報,13105,東京都,文京区,本郷,本郷三丁目,9,32000000,２ＤＫ,55,1966年,ＳＲＣ,,,準住居,,,2026年第1四半期,,
中古マンション等,成約価格情報,13105,東京都,文京区,本郷,春日(東京),4,170000000,２ＬＤＫ,65,2021年,ＲＣ,,,近隣商業,,,2026年第1四半期,,
中古マンション等,成約価格情報,13105,東京都,文京区,本郷,本郷三丁目,7,35000000,１ＤＫ,30,1998年,ＲＣ,,,商業,,,2026年第1四半期,,
中古マンション等,成約価格情報,13105,東京都,文京区,本郷,春日(東京),4,140000000,２ＬＤＫ,60,2008年,ＲＣ,,,近隣商業,,,2026年第1四半期,,
中古マンション等,成約価格情報,13105,東京都,文京区,本郷,本郷三丁目,4,36000000,３ＤＫ,50,1977年,ＲＣ,,,商業,,,2026年第1四半期,,
中古マンション等,成約価格情報,13105,東京都,文京区,本郷,本郷三丁目,5,210000000,３ＬＤＫ,75,2015年,ＲＣ,,,商業,,,2026年第1四半期,,
中古マンション等,成約価格情報,13105,東京都,文京区,本郷,本郷三丁目,4,18000000,１ＤＫ,25,1971年,ＳＲＣ,,,商業,,,2026年第1四半期,,
中古マンション等,成約価格情報,13105,東京都,文京区,本郷,春日(東京),5,220000000,３ＬＤＫ,80,2008年,ＲＣ,,,近隣商業,,,2026年第1四半期,,
中古マンション等,成約価格情報,13105,東京都,文京区,本郷,本郷三丁目,4,43000000,３ＤＫ,50,1977年,ＳＲＣ,,,商業,,,2026年第1四半期,,
中古マンション等,成約価格情報,13105,東京都,文京区,本郷,春日(東京),4,150000000,３ＬＤＫ,85,2014年,ＲＣ,,,１種住居,,,2026年第1四半期,,
中古マンション等,成約価格情報,13105,東京都,文京区,向丘,本駒込,4,110000000,２ＬＤＫ,65,2003年,ＲＣ,,,１種住居,,,2026年第1四半期,,
中古マンション等,成約価格情報,13105,東京都,文京区,向丘,本駒込,3,48000000,１ＬＤＫ,55,1995年,ＳＲＣ,,,商業,,,2026年第1四半期,,
中古マンション等,成約価格情報,13105,東京都,文京区,向丘,東大前,5,81000000,１ＬＤＫ,45,2012年,ＲＣ,,,近隣商業,,,2026年第1四半期,,
中古マンション等,成約価格情報,13105,東京都,文京区,向丘,本駒込,2,22000000,１Ｒ,20,1992年,ＳＲＣ,,,商業,,,2026年第1四半期,,
中古マンション等,成約価格情報,13105,東京都,文京区,弥生,根津,6,35000000,１ＤＫ,45,1969年,ＲＣ,,,２中住専,,,2026年第1四半期,改装済み,
中古マンション等,成約価格情報,13105,東京都,文京区,湯島,湯島,2,75000000,１ＬＤＫ,35,2017年,ＲＣ,,,商業,,,2026年第1四半期,,
中古マンション等,成約価格情報,13105,東京都,文京区,湯島,御茶ノ水,6,95000000,１ＬＤＫ,45,2005年,ＲＣ,,,商業,,,2026年第1四半期,,
中古マンション等,成約価格情報,13105,東京都,文京区,湯島,湯島,7,170000000,３ＬＤＫ,70,2014年,ＲＣ,,,近隣商業,,,2026年第1四半期,,
中古マンション等,成約価格情報,13105,東京都,文京区,湯島,湯島,2,160000000,２ＬＤＫ,65,2017年,ＲＣ,,,商業,,,2026年第1四半期,,
中古マンション等,成約価格情報,13105,東京都,文京区,湯島,湯島,4,54000000,１Ｒ,40,2001年,ＲＣ,,,商業,,,2026年第1四半期,,
中古マンション等,成約価格情報,13105,東京都,文京区,湯島,湯島,1,170000000,３ＬＤＫ,70,2019年,ＲＣ,,,商業,,,2026年第1四半期,,
中古マンション等,成約価格情報,13105,東京都,文京区,湯島,湯島,3,43000000,２ＤＫ,60,1969年,ＳＲＣ,,,商業,,,2026年第1四半期,,
中古マンション等,成約価格情報,13105,東京都,文京区,湯島,湯島,3,120000000,３ＬＤＫ,75,2000年,ＳＲＣ,,,商業,,,2026年第1四半期,,
中古マンション等,成約価格情報,13105,東京都,文京区,湯島,湯島,2,26000000,１Ｋ,25,2004年,ＲＣ,,,商業,,,2026年第1四半期,,
中古マンション等,成約価格情報,13105,東京都,文京区,湯島,湯島,6,22000000,１Ｒ,25,1995年,ＳＲＣ,,,近隣商業,,,2026年第1四半期,改装済み,
中古マンション等,不動産取引価格情報,13105,東京都,文京区,大塚,新大塚,3,85000000,３ＬＤＫ,55,1997年,ＲＣ,住宅,住宅,準工業,60,300,2026年第1四半期,改装済み,
中古マンション等,不動産取引価格情報,13105,東京都,文京区,大塚,茗荷谷,3,160000000,２ＬＤＫ,55,2019年,ＲＣ,住宅,住宅,商業,80,600,2026年第1四半期,未改装,
中古マンション等,不動産取引価格情報,13105,東京都,文京区,小石川,春日(東京),5,200000000,３ＬＤＫ,85,2004年,ＲＣ,住宅,住宅,準工業,60,300,2026年第1四半期,未改装,
中古マンション等,不動産取引価格情報,13105,東京都,文京区,小石川,後楽園,0,46000000,１Ｋ,25,2012年,ＲＣ,住宅,住宅,商業,80,600,2026年第1四半期,未改装,
中古マンション等,不動産取引価格情報,13105,東京都,文京区,小石川,茗荷谷,4,65000000,１ＬＤＫ,40,1987年,ＳＲＣ,住宅,住宅,商業,80,600,2026年第1四半期,改装済み,
中古マンション等,不動産取引価格情報,13105,東京都,文京区,小石川,茗荷谷,7,28000000,１Ｋ,20,1999年,ＲＣ,その他,その他,準工業,60,400,2026年第1四半期,,
中古マンション等,不動産取引価格情報,13105,東京都,文京区,関口,江戸川橋,2,38000000,１ＤＫ,30,1983年,ＲＣ,住宅,住宅,準工業,60,300,2026年第1四半期,改装済み,
中古マンション等,不動産取引価格情報,13105,東京都,文京区,千石,千石,6,26000000,１Ｋ,20,2006年,ＲＣ,住宅,住宅,２種住居,60,400,2026年第1四半期,,
中古マンション等,不動産取引価格情報,13105,東京都,文京区,千石,千石,2,31000000,１ＤＫ,15,1997年,ＳＲＣ,住宅,その他,商業,80,600,2026年第1四半期,,
中古マンション等,不動産取引価格情報,13105,東京都,文京区,千石,千石,8,110000000,３ＬＤＫ,70,1993年,ＲＣ,住宅,住宅,１中住専,60,200,2026年第1四半期,未改装,
中古マンション等,不動産取引価格情報,13105,東京都,文京区,千駄木,千駄木,0,32000000,２ＤＫ,35,1983年,ＳＲＣ,住宅,住宅,商業,80,500,2026年第1四半期,未改装,
中古マンション等,不動産取引価格情報,13105,東京都,文京区,千駄木,千駄木,4,82000000,３ＬＤＫ,60,1996年,ＳＲＣ,住宅,その他,商業,80,600,2026年第1四半期,,
中古マンション等,不動産取引価格情報,13105,東京都,文京区,千駄木,千駄木,1,15000000,１Ｒ,20,1984年,ＳＲＣ,住宅,住宅,近隣商業,60,400,2026年第1四半期,未改装,
中古マンション等,不動産取引価格情報,13105,東京都,文京区,千駄木,千駄木,0,61000000,２ＬＤＫ,45,1983年,ＳＲＣ,住宅,住宅,商業,80,500,2026年第1四半期,改装済み,
中古マンション等,不動産取引価格情報,13105,東京都,文京区,千駄木,西日暮里,6,17000000,１Ｋ,20,2006年,ＳＲＣ,住宅,住宅,商業,80,500,2026年第1四半期,未改装,
中古マンション等,不動産取引価格情報,13105,東京都,文京区,西片,春日(東京),3,27000000,１Ｋ,20,2005年,ＳＲＣ,住宅,住宅,商業,80,600,2026年第1四半期,,
中古マンション等,不動産取引価格情報,13105,東京都,文京区,西片,春日(東京),0,31000000,１Ｋ,20,2009年,ＳＲＣ,住宅,住宅,商業,80,600,2026年第1四半期,未改装,
中古マンション等,不動産取引価格情報,13105,東京都,文京区,根津,根津,3,290000000,３ＬＤＫ,100,2008年,ＲＣ,住宅,住宅,２種住居,60,300,2026年第1四半期,未改装,
中古マンション等,不動産取引価格情報,13105,東京都,文京区,根津,根津,6,85000000,２ＬＤＫ,50,1992年,ＳＲＣ,,,商業,80,600,2026年第1四半期,,
中古マンション等,不動産取引価格情報,13105,東京都,文京区,白山,千石,4,95000000,,65,2000年,ＲＣ,,住宅,１種住居,60,300,2026年第1四半期,未改装,
中古マンション等,不動産取引価格情報,13105,東京都,文京区,白山,白山(東京),3,21000000,１Ｋ,20,1985年,ＲＣ,,住宅,１種住居,60,300,2026年第1四半期,改装済み,
中古マンション等,不動産取引価格情報,13105,東京都,文京区,白山,白山(東京),5,54000000,１ＬＤＫ,40,2011年,ＲＣ,,住宅,商業,80,600,2026年第1四半期,未改装,
中古マンション等,不動産取引価格情報,13105,東京都,文京区,白山,白山(東京),4,85000000,２ＬＤＫ,55,2004年,ＲＣ,,,近隣商業,80,400,2026年第1四半期,,
中古マンション等,不動産取引価格情報,13105,東京都,文京区,本郷,春日(東京),3,24000000,１Ｋ,20,2005年,ＲＣ,住宅,住宅,近隣商業,80,400,2026年第1四半期,未改装,
中古マンション等,不動産取引価格情報,13105,東京都,文京区,本郷,水道橋,4,140000000,,55,2018年,ＲＣ,住宅,,近隣商業,80,400,2026年第1四半期,,
中古マンション等,不動産取引価格情報,13105,東京都,文京区,本郷,東大前,6,15000000,１Ｋ,15,1984年,ＲＣ,住宅,住宅,近隣商業,80,300,2026年第1四半期,未改装,
中古マンション等,不動産取引価格情報,13105,東京都,文京区,本郷,東大前,6,170000000,３ＬＤＫ,65,2013年,ＲＣ,住宅,住宅,商業,80,600,2026年第1四半期,改装済み,
中古マンション等,不動産取引価格情報,13105,東京都,文京区,本郷,東大前,6,17000000,１Ｋ,15,1984年,ＲＣ,住宅,住宅,近隣商業,80,300,2026年第1四半期,改装済み,
中古マンション等,不動産取引価格情報,13105,東京都,文京区,本郷,東大前,6,180000000,３ＬＤＫ,65,2013年,ＲＣ,住宅,住宅,商業,80,600,2026年第1四半期,改装済み,
中古マンション等,不動産取引価格情報,13105,東京都,文京区,本郷,本郷三丁目,3,80000000,１ＬＤＫ,40,2007年,ＲＣ,住宅,住宅,商業,80,600,2026年第1四半期,改装済み,
中古マンション等,不動産取引価格情報,13105,東京都,文京区,本郷,本郷三丁目,6,30000000,１Ｋ,20,2003年,ＳＲＣ,住宅,その他,商業,80,600,2026年第1四半期,改装済み,
中古マンション等,不動産取引価格情報,13105,東京都,文京区,本郷,本郷三丁目,5,83000000,１ＬＤＫ,40,2006年,ＲＣ,住宅,住宅,商業,80,600,2026年第1四半期,未改装,
中古マンション等,不動産取引価格情報,13105,東京都,文京区,本郷,本郷三丁目,8,36000000,,35,2016年,ＲＣ,住宅,その他,商業,80,600,2026年第1四半期,,
中古マンション等,不動産取引価格情報,13105,東京都,文京区,本郷,本郷三丁目,7,35000000,１ＤＫ,35,1979年,ＳＲＣ,住宅,住宅,商業,80,600,2026年第1四半期,未改装,
中古マンション等,不動産取引価格情報,13105,東京都,文京区,本駒込,駒込,11,39000000,１ＤＫ,25,2020年,ＲＣ,住宅,住宅,商業,80,600,2026年第1四半期,未改装,
中古マンション等,不動産取引価格情報,13105,東京都,文京区,本駒込,駒込,2,31000000,１Ｋ,25,2002年,ＳＲＣ,,,商業,80,600,2026年第1四半期,,
中古マンション等,不動産取引価格情報,13105,東京都,文京区,本駒込,千石,4,62000000,１ＬＤＫ,35,2016年,ＲＣ,住宅,住宅,商業,80,600,2026年第1四半期,未改装,
中古マンション等,不動産取引価格情報,13105,東京都,文京区,本駒込,田端,10,21000000,１Ｋ,25,1999年,ＲＣ,,住宅,商業,80,600,2026年第1四半期,,
中古マンション等,不動産取引価格情報,13105,東京都,文京区,弥生,根津,7,31000000,１Ｋ,40,1969年,ＲＣ,住宅,住宅,２中住専,60,300,2026年第1四半期,未改装,
中古マンション等,不動産取引価格情報,13105,東京都,文京区,弥生,根津,2,33000000,１Ｋ,25,2007年,ＲＣ,住宅,住宅,２種住居,60,300,2026年第1四半期,,
中古マンション等,不動産取引価格情報,13105,東京都,文京区,湯島,御茶ノ水,6,95000000,１ＬＤＫ,40,2005年,ＲＣ,住宅,住宅,商業,80,600,2026年第1四半期,改装済み,
中古マンション等,不動産取引価格情報,13105,東京都,文京区,湯島,湯島,3,160000000,３ＬＤＫ,70,2000年,ＳＲＣ,住宅,住宅,商業,80,500,2026年第1四半期,改装済み,
中古マンション等,不動産取引価格情報,13105,東京都,文京区,湯島,湯島,2,17000000,１Ｋ,20,1973年,ＳＲＣ,住宅,住宅,商業,80,500,2026年第1四半期,未改装,
中古マンション等,不動産取引価格情報,13105,東京都,文京区,湯島,湯島,6,33000000,１Ｋ,20,2008年,ＲＣ,住宅,住宅,近隣商業,80,400,2026年第1四半期,未改装,
中古マンション等,成約価格情報,13106,東京都,台東区,上野,御徒町,5,33000000,１Ｋ,30,2014年,ＲＣ,,,商業,,,2026年第1四半期,,
中古マンション等,成約価格情報,13106,東京都,台東区,上野,上野,2,110000000,２ＬＤＫ,55,2013年,ＲＣ,,,商業,,,2026年第1四半期,,
中古マンション等,成約価格情報,13106,東京都,台東区,上野,御徒町,4,22000000,１Ｒ,30,1982年,ＳＲＣ,,,商業,,,2026年第1四半期,,
中古マンション等,成約価格情報,13106,東京都,台東区,上野,新御徒町,4,37000000,１Ｋ,40,2007年,ＲＣ,,,商業,,,2026年第1四半期,,
中古マンション等,成約価格情報,13106,東京都,台東区,上野,御徒町,2,39000000,１ＤＫ,40,1983年,ＳＲＣ,,,商業,,,2026年第1四半期,,
中古マンション等,成約価格情報,13106,東京都,台東区,上野,仲御徒町,4,33000000,１Ｋ,30,2014年,ＲＣ,,,商業,,,2026年第1四半期,,
中古マンション等,成約価格情報,13106,東京都,台東区,上野,湯島,3,46000000,１ＤＫ,35,2002年,ＳＲＣ,,,商業,,,2026年第1四半期,,
中古マンション等,成約価格情報,13106,東京都,台東区,上野,上野,5,110000000,３ＬＤＫ,80,2001年,ＳＲＣ,,,商業,,,2026年第1四半期,,
中古マンション等,成約価格情報,13106,東京都,台東区,小島,新御徒町,6,55000000,２ＤＫ,55,2007年,ＲＣ,,,商業,,,2026年第1四半期,,
中古マンション等,成約価格情報,13106,東京都,台東区,小島,新御徒町,4,90000000,２ＬＤＫ,60,1996年,ＳＲＣ,,,商業,,,2026年第1四半期,,
中古マンション等,成約価格情報,13106,東京都,台東区,駒形,蔵前,2,74000000,２ＬＤＫ,45,2023年,ＲＣ,,,商業,,,2026年第1四半期,,
中古マンション等,成約価格情報,13106,東京都,台東区,駒形,蔵前,2,53000000,１ＤＫ,30,2023年,ＲＣ,,,商業,,,2026年第1四半期,,
中古マンション等,成約価格情報,13106,東京都,台東区,駒形,浅草(東武・都営・メトロ),1,19000000,１Ｒ,40,1978年,ＳＲＣ,,,商業,,,2026年第1四半期,,
中古マンション等,成約価格情報,13106,東京都,台東区,駒形,浅草(東武・都営・メトロ),2,37000000,１ＬＤＫ,35,1985年,ＳＲＣ,,,商業,,,2026年第1四半期,改装済み,
中古マンション等,成約価格情報,13106,東京都,台東区,駒形,蔵前,1,43000000,１ＬＤＫ,35,2003年,ＲＣ,,,商業,,,2026年第1四半期,,
中古マンション等,成約価格情報,13106,東京都,台東区,千束,浅草(つくばＥＸＰ),8,80000000,３ＬＤＫ,70,2003年,ＲＣ,,,商業,,,2026年第1四半期,改装済み,
中古マンション等,成約価格情報,13106,東京都,台東区,千束,入谷(東京),9,11000000,１Ｋ,20,1990年,ＳＲＣ,,,商業,,,2026年第1四半期,,
中古マンション等,成約価格情報,13106,東京都,台東区,千束,三ノ輪,9,11000000,１Ｋ,20,1988年,ＲＣ,,,商業,,,2026年第1四半期,,
中古マンション等,成約価格情報,13106,東京都,台東区,千束,三ノ輪,9,18000000,１Ｋ,25,2008年,ＲＣ,,,商業,,,2026年第1四半期,,
中古マンション等,成約価格情報,13106,東京都,台東区,台東,秋葉原,9,24000000,１Ｋ,25,1987年,ＲＣ,,,商業,,,2026年第1四半期,,
中古マンション等,成約価格情報,13106,東京都,台東区,台東,秋葉原,11,60000000,１ＬＤＫ,45,2018年,ＲＣ,,,商業,,,2026年第1四半期,,
中古マンション等,成約価格情報,13106,東京都,台東区,台東,秋葉原,10,53000000,１ＬＤＫ,35,2023年,ＲＣ,,,商業,,,2026年第1四半期,,
中古マンション等,成約価格情報,13106,東京都,台東区,台東,新御徒町,3,110000000,３ＬＤＫ,70,2003年,ＳＲＣ,,,近隣商業,,,2026年第1四半期,,
中古マンション等,成約価格情報,13106,東京都,台東区,台東,浅草橋,9,75000000,１ＬＤＫ,45,2023年,ＲＣ,,,商業,,,2026年第1四半期,,
中古マンション等,成約価格情報,13106,東京都,台東区,台東,仲御徒町,8,18000000,１Ｒ,25,1987年,ＳＲＣ,,,商業,,,2026年第1四半期,,
中古マンション等,成約価格情報,13106,東京都,台東区,台東,秋葉原,10,52000000,１ＬＤＫ,45,2016年,ＳＲＣ,,,商業,,,2026年第1四半期,,
中古マンション等,成約価格情報,13106,東京都,台東区,台東,仲御徒町,6,22000000,１Ｋ,25,1984年,ＳＲＣ,,,商業,,,2026年第1四半期,,
中古マンション等,成約価格情報,13106,東京都,台東区,台東,入谷(東京),9,61000000,１ＬＤＫ,40,2020年,ＲＣ,,,商業,,,2026年第1四半期,,
中古マンション等,成約価格情報,13106,東京都,台東区,台東,御徒町,5,52000000,１ＬＤＫ,40,2004年,ＲＣ,,,商業,,,2026年第1四半期,,
中古マンション等,成約価格情報,13106,東京都,台東区,台東,御徒町,10,29000000,１Ｋ,30,2008年,ＲＣ,,,商業,,,2026年第1四半期,,
中古マンション等,成約価格情報,13106,東京都,台東区,台東,仲御徒町,3,72000000,４ＤＫ＋Ｓ,110,1981年,鉄骨造,,,商業,,,2026年第1四半期,,
中古マンション等,成約価格情報,13106,東京都,台東区,台東,新御徒町,4,55000000,１ＬＤＫ,35,2019年,ＲＣ,,,商業,,,2026年第1四半期,,
中古マンション等,成約価格情報,13106,東京都,台東区,台東,秋葉原,10,84000000,２ＬＤＫ,45,2023年,ＲＣ,,,商業,,,2026年第1四半期,,
中古マンション等,成約価格情報,13106,東京都,台東区,台東,新御徒町,4,51000000,１ＬＤＫ,40,2012年,ＲＣ,,,商業,,,2026年第1四半期,,
中古マンション等,成約価格情報,13106,東京都,台東区,台東,新御徒町,6,100000000,３ＬＤＫ,65,2016年,ＲＣ,,,商業,,,2026年第1四半期,,
中古マンション等,成約価格情報,13106,東京都,台東区,日本堤,三ノ輪,4,60000000,２ＬＤＫ,50,2022年,ＲＣ,,,商業,,,2026年第1四半期,,
中古マンション等,成約価格情報,13106,東京都,台東区,日本堤,三ノ輪,4,56000000,２ＬＤＫ,40,2022年,ＲＣ,,,商業,,,2026年第1四半期,,
中古マンション等,成約価格情報,13106,東京都,台東区,日本堤,三ノ輪,8,26000000,１Ｋ,30,2021年,ＲＣ,,,近隣商業,,,2026年第1四半期,,
中古マンション等,成約価格情報,13106,東京都,台東区,日本堤,三ノ輪,8,27000000,１Ｋ,25,2019年,ＲＣ,,,商業,,,2026年第1四半期,,
中古マンション等,成約価格情報,13106,東京都,台東区,日本堤,三ノ輪,8,49000000,２ＬＤＫ,60,1999年,ＳＲＣ,,,近隣商業,,,2026年第1四半期,,
中古マンション等,成約価格情報,13106,東京都,台東区,根岸,鶯谷,4,33000000,２ＤＫ,45,1984年,ＳＲＣ,,,商業,,,2026年第1四半期,,
中古マンション等,成約価格情報,13106,東京都,台東区,根岸,入谷(東京),9,75000000,３ＬＤＫ,70,2006年,ＲＣ,,,商業,,,2026年第1四半期,,
中古マンション等,成約価格情報,13106,東京都,台東区,根岸,入谷(東京),5,110000000,３ＬＤＫ,65,2022年,ＲＣ,,,商業,,,2026年第1四半期,,
中古マンション等,成約価格情報,13106,東京都,台東区,根岸,日暮里,5,19000000,１Ｋ,25,1990年,ＳＲＣ,,,商業,,,2026年第1四半期,,
中古マンション等,成約価格情報,13106,東京都,台東区,根岸,三ノ輪,6,76000000,２ＬＤＫ,60,2007年,ＲＣ,,,１種住居,,,2026年第1四半期,,
中古マンション等,成約価格情報,13106,東京都,台東区,根岸,鶯谷,5,37000000,２ＬＤＫ,50,1983年,ＳＲＣ,,,商業,,,2026年第1四半期,改装済み,
中古マンション等,成約価格情報,13106,東京都,台東区,根岸,上野,9,67000000,１ＬＤＫ,40,2021年,ＲＣ,,,商業,,,2026年第1四半期,,
中古マンション等,成約価格情報,13106,東京都,台東区,根岸,鶯谷,3,30000000,１ＤＫ,35,1972年,ＳＲＣ,,,商業,,,2026年第1四半期,,
中古マンション等,成約価格情報,13106,東京都,台東区,東浅草,浅草(東武・都営・メトロ),15,40000000,１ＬＤＫ,35,2022年,ＲＣ,,,商業,,,2026年第1四半期,,
中古マンション等,成約価格情報,13106,東京都,台東区,東上野,上野,7,110000000,２ＬＤＫ,60,2002年,ＳＲＣ,,,商業,,,2026年第1四半期,,
中古マンション等,成約価格情報,13106,東京都,台東区,東上野,稲荷町(東京),7,50000000,１ＬＤＫ,45,1989年,ＳＲＣ,,,商業,,,2026年第1四半期,,
中古マンション等,成約価格情報,13106,東京都,台東区,東上野,上野,7,130000000,２ＬＤＫ,60,2012年,ＲＣ,,,商業,,,2026年第1四半期,,
中古マンション等,成約価格情報,13106,東京都,台東区,東上野,稲荷町(東京),4,25000000,１ＤＫ,35,1974年,ＲＣ,,,商業,,,2026年第1四半期,,
中古マンション等,成約価格情報,13106,東京都,台東区,東上野,稲荷町(東京),7,40000000,１ＬＤＫ,40,1989年,ＳＲＣ,,,商業,,,2026年第1四半期,,
中古マンション等,成約価格情報,13106,東京都,台東区,東上野,稲荷町(東京),5,130000000,３ＬＤＫ,70,2014年,ＲＣ,,,商業,,,2026年第1四半期,,
中古マンション等,成約価格情報,13106,東京都,台東区,東上野,新御徒町,1,89000000,２ＬＤＫ,55,2002年,ＳＲＣ,,,商業,,,2026年第1四半期,,
中古マンション等,成約価格情報,13106,東京都,台東区,三ノ輪,三ノ輪,5,38000000,１ＤＫ,30,2007年,ＲＣ,,,商業,,,2026年第1四半期,,
中古マンション等,成約価格情報,13106,東京都,台東区,三ノ輪,三ノ輪,5,35000000,１ＤＫ,30,2007年,ＲＣ,,,商業,,,2026年第1四半期,,
中古マンション等,成約価格情報,13106,東京都,台東区,竜泉,入谷(東京),7,66000000,１ＬＤＫ＋Ｓ,65,2006年,ＳＲＣ,,,商業,,,2026年第1四半期,,
中古マンション等,成約価格情報,13106,東京都,台東区,竜泉,三ノ輪,7,63000000,２ＬＤＫ,55,2021年,ＲＣ,,,商業,,,2026年第1四半期,,
中古マンション等,成約価格情報,13106,東京都,台東区,竜泉,入谷(東京),5,64000000,３ＬＤＫ,60,1996年,ＲＣ,,,商業,,,2026年第1四半期,,
中古マンション等,成約価格情報,13106,東京都,台東区,竜泉,三ノ輪,4,43000000,１ＬＤＫ,35,2018年,ＲＣ,,,商業,,,2026年第1四半期,,
中古マンション等,成約価格情報,13106,東京都,台東区,竜泉,入谷(東京),7,52000000,２ＬＤＫ,55,1998年,ＲＣ,,,商業,,,2026年第1四半期,,
中古マンション等,成約価格情報,13106,東京都,台東区,竜泉,三ノ輪,6,38000000,１ＬＤＫ＋Ｓ,45,2018年,ＲＣ,,,商業,,,2026年第1四半期,,
中古マンション等,成約価格情報,13106,東京都,台東区,竜泉,三ノ輪,2,75000000,３ＬＤＫ,75,1997年,ＳＲＣ,,,商業,,,2026年第1四半期,,
中古マンション等,成約価格情報,13106,東京都,台東区,竜泉,入谷(東京),4,57000000,１ＬＤＫ＋Ｓ,55,1999年,ＳＲＣ,,,商業,,,2026年第1四半期,,
中古マンション等,成約価格情報,13106,東京都,台東区,竜泉,三ノ輪,2,80000000,３ＬＤＫ,65,1997年,ＳＲＣ,,,商業,,,2026年第1四半期,,
中古マンション等,成約価格情報,13106,東京都,台東区,浅草橋,浅草橋,3,51000000,２ＬＤＫ,60,1991年,ＳＲＣ,,,商業,,,2026年第1四半期,,
中古マンション等,成約価格情報,13106,東京都,台東区,浅草橋,浅草橋,3,47000000,１ＤＫ＋Ｓ,50,1983年,ＳＲＣ,,,商業,,,2026年第1四半期,改装済み,
中古マンション等,成約価格情報,13106,東京都,台東区,浅草橋,浅草橋,7,44000000,１ＬＤＫ,50,2007年,ＲＣ,,,商業,,,2026年第1四半期,,
中古マンション等,成約価格情報,13106,東京都,台東区,浅草橋,浅草橋,4,65000000,１ＬＤＫ＋Ｓ,60,1991年,ＳＲＣ,,,商業,,,2026年第1四半期,,
中古マンション等,成約価格情報,13106,東京都,台東区,浅草橋,蔵前,5,29000000,１Ｋ,25,2016年,ＲＣ,,,商業,,,2026年第1四半期,,
中古マンション等,成約価格情報,13106,東京都,台東区,浅草橋,浅草橋,4,19000000,１Ｒ,30,2001年,ＳＲＣ,,,商業,,,2026年第1四半期,,
中古マンション等,成約価格情報,13106,東京都,台東区,浅草橋,蔵前,4,98000000,２ＬＤＫ,55,2015年,ＲＣ,,,商業,,,2026年第1四半期,,
中古マンション等,成約価格情報,13106,東京都,台東区,浅草橋,浅草橋,8,110000000,３ＬＤＫ,90,1991年,ＳＲＣ,,,商業,,,2026年第1四半期,,
中古マンション等,成約価格情報,13106,東京都,台東区,浅草橋,浅草橋,6,75000000,１ＬＤＫ,50,2002年,ＲＣ,,,商業,,,2026年第1四半期,,
中古マンション等,成約価格情報,13106,東京都,台東区,浅草橋,浅草橋,4,26000000,１Ｒ,30,2001年,ＳＲＣ,,,商業,,,2026年第1四半期,,
中古マンション等,成約価格情報,13106,東京都,台東区,浅草橋,浅草橋,2,38000000,１ＬＤＫ,50,1978年,ＳＲＣ,,,商業,,,2026年第1四半期,,
中古マンション等,成約価格情報,13106,東京都,台東区,浅草橋,秋葉原,8,43000000,１ＬＤＫ,40,2002年,ＳＲＣ,,,商業,,,2026年第1四半期,,
中古マンション等,成約価格情報,13106,東京都,台東区,橋場,南千住,15,26000000,２ＤＫ,50,1980年,ＳＲＣ,,,近隣商業,,,2026年第1四半期,,
中古マンション等,成約価格情報,13106,東京都,台東区,三筋,新御徒町,5,55000000,２ＬＤＫ＋Ｓ,60,1982年,ＳＲＣ,,,商業,,,2026年第1四半期,,
中古マンション等,成約価格情報,13106,東京都,台東区,三筋,蔵前,4,85000000,１Ｒ,55,2001年,ＳＲＣ,,,商業,,,2026年第1四半期,,
中古マンション等,成約価格情報,13106,東京都,台東区,三筋,蔵前,6,50000000,１ＬＤＫ＋Ｓ,50,2003年,ＲＣ,,,商業,,,2026年第1四半期,,
中古マンション等,成約価格情報,13106,東京都,台東区,三筋,蔵前,3,88000000,２ＬＤＫ,55,2011年,ＲＣ,,,商業,,,2026年第1四半期,,
中古マンション等,成約価格情報,13106,東京都,台東区,浅草,入谷(東京),10,43000000,１ＬＤＫ＋Ｓ,50,1991年,ＳＲＣ,,,商業,,,2026年第1四半期,,
中古マンション等,成約価格情報,13106,東京都,台東区,浅草,浅草(東武・都営・メトロ),13,21000000,１Ｋ,25,2007年,ＲＣ,,,商業,,,2026年第1四半期,,
中古マンション等,成約価格情報,13106,東京都,台東区,浅草,浅草(東武・都営・メトロ),7,54000000,２ＬＤＫ,60,1984年,ＳＲＣ,,,商業,,,2026年第1四半期,,
中古マンション等,成約価格情報,13106,東京都,台東区,浅草,浅草(つくばＥＸＰ),9,64000000,２ＬＤＫ,55,2017年,ＲＣ,,,商業,,,2026年第1四半期,,
中古マンション等,成約価格情報,13106,東京都,台東区,浅草,浅草(つくばＥＸＰ),8,67000000,２ＬＤＫ＋Ｓ,60,2005年,ＲＣ,,,商業,,,2026年第1四半期,,
中古マンション等,成約価格情報,13106,東京都,台東区,浅草,浅草(つくばＥＸＰ),13,75000000,２ＬＤＫ,65,2013年,ＲＣ,,,商業,,,2026年第1四半期,,
中古マンション等,成約価格情報,13106,東京都,台東区,浅草,浅草(つくばＥＸＰ),5,75000000,３ＬＤＫ,65,1997年,ＳＲＣ,,,商業,,,2026年第1四半期,,
中古マンション等,成約価格情報,13106,東京都,台東区,浅草,浅草(つくばＥＸＰ),9,60000000,１ＬＤＫ,45,2011年,ＲＣ,,,商業,,,2026年第1四半期,,
中古マンション等,成約価格情報,13106,東京都,台東区,浅草,浅草(東武・都営・メトロ),13,37000000,２ＤＫ,50,1991年,ＲＣ,,,商業,,,2026年第1四半期,,
中古マンション等,成約価格情報,13106,東京都,台東区,浅草,浅草(つくばＥＸＰ),12,53000000,２ＬＤＫ,50,2012年,ＲＣ,,,商業,,,2026年第1四半期,,
中古マンション等,成約価格情報,13106,東京都,台東区,浅草,田原町(東京),4,140000000,１ＬＤＫ＋Ｓ,55,2023年,ＲＣ,,,商業,,,2026年第1四半期,,
中古マンション等,成約価格情報,13106,東京都,台東区,浅草,浅草(東武・都営・メトロ),7,81000000,２ＬＤＫ,50,2025年,ＲＣ,,,商業,,,2026年第1四半期,,
中古マンション等,成約価格情報,13106,東京都,台東区,浅草,浅草(つくばＥＸＰ),5,50000000,１ＬＤＫ,35,2021年,ＲＣ,,,商業,,,2026年第1四半期,,
中古マンション等,成約価格情報,13106,東京都,台東区,浅草,浅草(東武・都営・メトロ),8,77000000,１ＬＤＫ,45,2022年,ＲＣ,,,商業,,,2026年第1四半期,,
中古マンション等,成約価格情報,13106,東京都,台東区,浅草,浅草(東武・都営・メトロ),8,97000000,３ＬＤＫ,70,2005年,ＲＣ,,,商業,,,2026年第1四半期,,
中古マンション等,成約価格情報,13106,東京都,台東区,浅草,浅草(東武・都営・メトロ),10,75000000,２ＬＤＫ,65,2002年,ＳＲＣ,,,商業,,,2026年第1四半期,,
中古マンション等,成約価格情報,13106,東京都,台東区,浅草,浅草(東武・都営・メトロ),10,70000000,１ＬＤＫ＋Ｓ,70,1992年,ＳＲＣ,,,商業,,,2026年第1四半期,,
中古マンション等,成約価格情報,13106,東京都,台東区,浅草,浅草(つくばＥＸＰ),10,20000000,２ＬＤＫ＋Ｓ,85,1981年,ＲＣ,,,商業,,,2026年第1四半期,,
中古マンション等,成約価格情報,13106,東京都,台東区,浅草,浅草(つくばＥＸＰ),7,120000000,３ＬＤＫ,75,2020年,ＲＣ,,,商業,,,2026年第1四半期,,
中古マンション等,成約価格情報,13106,東京都,台東区,今戸,南千住,14,9800000,１Ｒ,20,1990年,ＲＣ,,,商業,,,2026年第1四半期,,
中古マンション等,成約価格情報,13106,東京都,台東区,今戸,浅草(東武・都営・メトロ),18,65000000,２ＬＤＫ＋Ｓ,60,2024年,ＲＣ,,,近隣商業,,,2026年第1四半期,,
中古マンション等,成約価格情報,13106,東京都,台東区,今戸,浅草(東武・都営・メトロ),16,30000000,１ＬＤＫ,45,2009年,ＲＣ,,,近隣商業,,,2026年第1四半期,,
中古マンション等,成約価格情報,13106,東京都,台東区,今戸,浅草(東武・都営・メトロ),14,42000000,１ＬＤＫ,40,2011年,ＲＣ,,,近隣商業,,,2026年第1四半期,,
中古マンション等,成約価格情報,13106,東京都,台東区,今戸,浅草(東武・都営・メトロ),15,73000000,２ＬＤＫ＋Ｓ,65,2021年,ＲＣ,,,近隣商業,,,2026年第1四半期,改装済み,
中古マンション等,成約価格情報,13106,東京都,台東区,今戸,浅草(東武・都営・メトロ),16,21000000,２ＤＫ,40,1974年,ＳＲＣ,,,近隣商業,,,2026年第1四半期,,
中古マンション等,成約価格情報,13106,東京都,台東区,今戸,浅草(東武・都営・メトロ),15,46000000,２ＬＤＫ,55,2015年,ＲＣ,,,近隣商業,,,2026年第1四半期,,
中古マンション等,成約価格情報,13106,東京都,台東区,今戸,浅草(東武・都営・メトロ),18,71000000,４ＬＤＫ,80,2001年,ＳＲＣ,,,近隣商業,,,2026年第1四半期,,
中古マンション等,成約価格情報,13106,東京都,台東区,北上野,上野,9,140000000,３ＬＤＫ,105,2002年,ＳＲＣ,,,商業,,,2026年第1四半期,,
中古マンション等,成約価格情報,13106,東京都,台東区,蔵前,蔵前,4,58000000,１ＬＤＫ,45,2007年,ＲＣ,,,商業,,,2026年第1四半期,,
中古マンション等,成約価格情報,13106,東京都,台東区,蔵前,蔵前,1,120000000,２ＬＤＫ,55,2018年,ＲＣ,,,商業,,,2026年第1四半期,,
中古マンション等,成約価格情報,13106,東京都,台東区,蔵前,蔵前,5,55000000,１ＤＫ,35,2021年,ＲＣ,,,商業,,,2026年第1四半期,,
中古マンション等,成約価格情報,13106,東京都,台東区,蔵前,蔵前,7,82000000,２ＬＤＫ,45,2025年,ＲＣ,,,商業,,,2026年第1四半期,,
中古マンション等,成約価格情報,13106,東京都,台東区,蔵前,蔵前,3,80000000,２ＬＤＫ,55,2016年,ＲＣ,,,商業,,,2026年第1四半期,,
中古マンション等,成約価格情報,13106,東京都,台東区,蔵前,蔵前,2,45000000,２ＤＫ,50,1986年,ＳＲＣ,,,商業,,,2026年第1四半期,改装済み,
中古マンション等,成約価格情報,13106,東京都,台東区,蔵前,蔵前,1,87000000,１ＬＤＫ,60,2001年,ＳＲＣ,,,商業,,,2026年第1四半期,,
中古マンション等,成約価格情報,13106,東京都,台東区,蔵前,蔵前,4,45000000,１ＬＤＫ,45,2007年,ＲＣ,,,商業,,,2026年第1四半期,,
中古マンション等,成約価格情報,13106,東京都,台東区,蔵前,蔵前,4,120000000,２ＬＤＫ,70,2008年,ＲＣ,,,商業,,,2026年第1四半期,,
中古マンション等,成約価格情報,13106,東京都,台東区,蔵前,蔵前,2,78000000,２ＬＤＫ,60,2002年,ＲＣ,,,商業,,,2026年第1四半期,,
中古マンション等,成約価格情報,13106,東京都,台東区,蔵前,蔵前,5,100000000,２ＬＤＫ,60,2012年,ＲＣ,,,商業,,,2026年第1四半期,,
中古マンション等,成約価格情報,13106,東京都,台東区,蔵前,蔵前,5,98000000,２ＬＤＫ,60,2012年,ＲＣ,,,商業,,,2026年第1四半期,,
中古マンション等,成約価格情報,13106,東京都,台東区,鳥越,蔵前,6,53000000,１ＬＤＫ,45,2009年,ＲＣ,,,商業,,,2026年第1四半期,,
中古マンション等,成約価格情報,13106,東京都,台東区,鳥越,蔵前,7,110000000,２ＬＤＫ,55,2013年,ＲＣ,,,商業,,,2026年第1四半期,,
中古マンション等,成約価格情報,13106,東京都,台東区,鳥越,蔵前,6,57000000,１ＬＤＫ,45,2009年,ＲＣ,,,商業,,,2026年第1四半期,,
中古マンション等,成約価格情報,13106,東京都,台東区,松が谷,浅草(つくばＥＸＰ),6,50000000,１ＬＤＫ,40,2024年,ＲＣ,,,商業,,,2026年第1四半期,,
中古マンション等,成約価格情報,13106,東京都,台東区,松が谷,田原町(東京),6,47000000,１ＬＤＫ,40,2017年,ＲＣ,,,商業,,,2026年第1四半期,,
中古マンション等,成約価格情報,13106,東京都,台東区,松が谷,浅草(つくばＥＸＰ),5,61000000,２ＬＤＫ,60,1993年,ＳＲＣ,,,商業,,,2026年第1四半期,,
中古マンション等,成約価格情報,13106,東京都,台東区,松が谷,田原町(東京),6,42000000,１ＬＤＫ,35,2018年,ＲＣ,,,商業,,,2026年第1四半期,,
中古マンション等,成約価格情報,13106,東京都,台東区,松が谷,入谷(東京),5,41000000,１Ｋ,30,2022年,ＲＣ,,,商業,,,2026年第1四半期,,
中古マンション等,成約価格情報,13106,東京都,台東区,松が谷,浅草(つくばＥＸＰ),5,53000000,１ＬＤＫ,50,2008年,ＳＲＣ,,,商業,,,2026年第1四半期,,
中古マンション等,成約価格情報,13106,東京都,台東区,松が谷,田原町(東京),5,62000000,１ＬＤＫ,50,2018年,ＲＣ,,,商業,,,2026年第1四半期,,
中古マンション等,成約価格情報,13106,東京都,台東区,松が谷,入谷(東京),9,11000000,１Ｒ,30,1978年,ＳＲＣ,,,商業,,,2026年第1四半期,,
中古マンション等,成約価格情報,13106,東京都,台東区,松が谷,田原町(東京),6,43000000,１ＬＤＫ,35,2018年,ＲＣ,,,商業,,,2026年第1四半期,,
中古マンション等,成約価格情報,13106,東京都,台東区,松が谷,稲荷町(東京),10,53000000,１ＬＤＫ,40,2009年,ＲＣ,,,商業,,,2026年第1四半期,,
中古マンション等,成約価格情報,13106,東京都,台東区,松が谷,浅草(つくばＥＸＰ),5,55000000,１ＬＤＫ,40,2007年,ＲＣ,,,商業,,,2026年第1四半期,改装済み,
中古マンション等,成約価格情報,13106,東京都,台東区,元浅草,田原町(東京),4,60000000,１ＬＤＫ,45,2016年,ＲＣ,,,商業,,,2026年第1四半期,,
中古マンション等,成約価格情報,13106,東京都,台東区,元浅草,田原町(東京),4,93000000,２ＬＤＫ＋Ｓ,60,2010年,ＲＣ,,,商業,,,2026年第1四半期,,
中古マンション等,成約価格情報,13106,東京都,台東区,元浅草,田原町(東京),6,53000000,１ＬＤＫ,40,2016年,ＲＣ,,,商業,,,2026年第1四半期,,
中古マンション等,成約価格情報,13106,東京都,台東区,元浅草,田原町(東京),5,68000000,１ＤＫ,45,2023年,ＲＣ,,,商業,,,2026年第1四半期,,
中古マンション等,成約価格情報,13106,東京都,台東区,元浅草,田原町(東京),4,37000000,１Ｋ,25,2024年,ＲＣ,,,商業,,,2026年第1四半期,,
中古マンション等,成約価格情報,13106,東京都,台東区,元浅草,新御徒町,5,93000000,２ＬＤＫ＋Ｓ,70,2000年,ＳＲＣ,,,商業,,,2026年第1四半期,,
中古マンション等,成約価格情報,13106,東京都,台東区,元浅草,新御徒町,2,28000000,１Ｋ,30,2014年,ＲＣ,,,商業,,,2026年第1四半期,,
中古マンション等,成約価格情報,13106,東京都,台東区,元浅草,新御徒町,4,43000000,１ＤＫ,30,2008年,ＲＣ,,,商業,,,2026年第1四半期,,
中古マンション等,成約価格情報,13106,東京都,台東区,元浅草,田原町(東京),4,65000000,１ＬＤＫ,45,2016年,ＲＣ,,,商業,,,2026年第1四半期,改装済み,
中古マンション等,成約価格情報,13106,東京都,台東区,池之端,根津,3,22000000,１Ｒ,25,2007年,ＲＣ,,,１低住専,,,2026年第1四半期,,
中古マンション等,成約価格情報,13106,東京都,台東区,池之端,根津,6,100000000,２ＬＤＫ,60,2021年,ＲＣ,,,商業,,,2026年第1四半期,,
中古マンション等,成約価格情報,13106,東京都,台東区,池之端,湯島,4,300000000,２ＬＤＫ,85,2019年,ＲＣ,,,商業,,,2026年第1四半期,,
中古マンション等,成約価格情報,13106,東京都,台東区,池之端,根津,3,110000000,２ＬＤＫ,60,2015年,ＲＣ,,,近隣商業,,,2026年第1四半期,,
中古マンション等,成約価格情報,13106,東京都,台東区,入谷,入谷(東京),4,52000000,２ＬＤＫ,55,2001年,ＳＲＣ,,,商業,,,2026年第1四半期,,
中古マンション等,成約価格情報,13106,東京都,台東区,入谷,入谷(東京),6,72000000,２ＬＤＫ,50,2023年,ＲＣ,,,商業,,,2026年第1四半期,,
中古マンション等,成約価格情報,13106,東京都,台東区,入谷,入谷(東京),2,45000000,１ＬＤＫ,45,2016年,ＲＣ,,,商業,,,2026年第1四半期,,
中古マンション等,成約価格情報,13106,東京都,台東区,入谷,入谷(東京),6,43000000,１ＬＤＫ,50,2008年,ＲＣ,,,商業,,,2026年第1四半期,,
中古マンション等,成約価格情報,13106,東京都,台東区,雷門,浅草(東武・都営・メトロ),4,35000000,１Ｋ,30,1999年,ＲＣ,,,商業,,,2026年第1四半期,,
中古マンション等,成約価格情報,13106,東京都,台東区,雷門,浅草(東武・都営・メトロ),5,30000000,２ＤＫ,45,1979年,ＳＲＣ,,,商業,,,2026年第1四半期,,
中古マンション等,成約価格情報,13106,東京都,台東区,雷門,浅草(東武・都営・メトロ),2,48000000,１Ｋ,35,2009年,ＲＣ,,,商業,,,2026年第1四半期,,
中古マンション等,成約価格情報,13106,東京都,台東区,清川,南千住,9,20000000,１Ｒ,25,2008年,ＲＣ,,,近隣商業,,,2026年第1四半期,,
中古マンション等,成約価格情報,13106,東京都,台東区,清川,南千住,13,32000000,２ＬＤＫ,60,2014年,ＲＣ,,,近隣商業,,,2026年第1四半期,,
中古マンション等,成約価格情報,13106,東京都,台東区,清川,南千住,7,65000000,２ＬＤＫ,55,2023年,ＲＣ,,,商業,,,2026年第1四半期,,
中古マンション等,成約価格情報,13106,東京都,台東区,清川,南千住,8,44000000,２ＤＫ,45,2021年,ＲＣ,,,近隣商業,,,2026年第1四半期,,
中古マンション等,成約価格情報,13106,東京都,台東区,寿,田原町(東京),6,50000000,１ＤＫ,40,2004年,ＲＣ,,,商業,,,2026年第1四半期,,
中古マンション等,成約価格情報,13106,東京都,台東区,寿,蔵前,2,31000000,１Ｋ,30,2018年,ＲＣ,,,商業,,,2026年第1四半期,,
中古マンション等,成約価格情報,13106,東京都,台東区,寿,蔵前,2,31000000,１Ｋ,30,2018年,ＲＣ,,,商業,,,2026年第1四半期,,
中古マンション等,成約価格情報,13106,東京都,台東区,寿,田原町(東京),4,40000000,２ＤＫ,45,1975年,ＳＲＣ,,,商業,,,2026年第1四半期,,
中古マンション等,成約価格情報,13106,東京都,台東区,寿,田原町(東京),5,97000000,２ＬＤＫ＋Ｓ,65,2004年,ＲＣ,,,商業,,,2026年第1四半期,,
中古マンション等,成約価格情報,13106,東京都,台東区,寿,田原町(東京),3,72000000,２ＬＤＫ,55,2017年,ＲＣ,,,商業,,,2026年第1四半期,,
中古マンション等,成約価格情報,13106,東京都,台東区,寿,田原町(東京),5,64000000,２ＬＤＫ,55,1992年,ＳＲＣ,,,商業,,,2026年第1四半期,,
中古マンション等,成約価格情報,13106,東京都,台東区,寿,蔵前,1,90000000,２ＬＤＫ,55,2003年,ＳＲＣ,,,商業,,,2026年第1四半期,,
中古マンション等,成約価格情報,13106,東京都,台東区,下谷,入谷(東京),2,29000000,２ＤＫ,45,1981年,ＳＲＣ,,,商業,,,2026年第1四半期,,
中古マンション等,成約価格情報,13106,東京都,台東区,下谷,三ノ輪,6,34000000,２ＤＫ,50,1985年,ＳＲＣ,,,商業,,,2026年第1四半期,,
中古マンション等,成約価格情報,13106,東京都,台東区,下谷,三ノ輪,4,37000000,１ＬＤＫ,45,1983年,,,,商業,,,2026年第1四半期,,
中古マンション等,成約価格情報,13106,東京都,台東区,下谷,入谷(東京),1,74000000,２ＬＤＫ,55,2010年,ＳＲＣ,,,商業,,,2026年第1四半期,,
中古マンション等,成約価格情報,13106,東京都,台東区,下谷,入谷(東京),3,100000000,３ＬＤＫ,75,2005年,ＳＲＣ,,,商業,,,2026年第1四半期,,
中古マンション等,成約価格情報,13106,東京都,台東区,下谷,入谷(東京),1,46000000,２ＬＤＫ,45,1980年,ＳＲＣ,,,商業,,,2026年第1四半期,改装済み,
中古マンション等,成約価格情報,13106,東京都,台東区,下谷,入谷(東京),2,46000000,１ＤＫ,45,2003年,ＳＲＣ,,,商業,,,2026年第1四半期,,
中古マンション等,成約価格情報,13106,東京都,台東区,下谷,上野,6,63000000,１Ｒ,55,2008年,ＲＣ,,,商業,,,2026年第1四半期,,
中古マンション等,成約価格情報,13106,東京都,台東区,西浅草,浅草(つくばＥＸＰ),5,200000000,３ＬＤＫ,80,2012年,ＲＣ,,,商業,,,2026年第1四半期,,
中古マンション等,成約価格情報,13106,東京都,台東区,西浅草,浅草(つくばＥＸＰ),4,86000000,３ＬＤＫ,90,2002年,ＳＲＣ,,,商業,,,2026年第1四半期,,
中古マンション等,成約価格情報,13106,東京都,台東区,西浅草,浅草(つくばＥＸＰ),3,100000000,２ＬＤＫ,55,2012年,,,,商業,,,2026年第1四半期,,
中古マンション等,成約価格情報,13106,東京都,台東区,西浅草,浅草(つくばＥＸＰ),2,140000000,２ＬＤＫ＋Ｓ,65,2012年,ＲＣ,,,商業,,,2026年第1四半期,,
中古マンション等,成約価格情報,13106,東京都,台東区,西浅草,浅草(つくばＥＸＰ),2,120000000,３ＬＤＫ,70,2012年,ＲＣ,,,商業,,,2026年第1四半期,,
中古マンション等,成約価格情報,13106,東京都,台東区,西浅草,浅草(つくばＥＸＰ),4,120000000,２ＬＤＫ,65,2012年,ＲＣ,,,商業,,,2026年第1四半期,,
中古マンション等,成約価格情報,13106,東京都,台東区,西浅草,田原町(東京),5,92000000,１ＬＤＫ＋Ｓ,65,2011年,ＲＣ,,,商業,,,2026年第1四半期,,
中古マンション等,成約価格情報,13106,東京都,台東区,西浅草,浅草(つくばＥＸＰ),3,35000000,１ＤＫ,30,2008年,ＲＣ,,,商業,,,2026年第1四半期,,
中古マンション等,成約価格情報,13106,東京都,台東区,西浅草,浅草(つくばＥＸＰ),3,200000000,２ＬＤＫ,75,2012年,ＲＣ,,,商業,,,2026年第1四半期,,
中古マンション等,成約価格情報,13106,東京都,台東区,西浅草,浅草(つくばＥＸＰ),5,28000000,１Ｋ,30,2007年,ＲＣ,,,商業,,,2026年第1四半期,,
中古マンション等,成約価格情報,13106,東京都,台東区,西浅草,田原町(東京),5,27000000,１ＬＤＫ,45,1972年,ＳＲＣ,,,商業,,,2026年第1四半期,,
中古マンション等,成約価格情報,13106,東京都,台東区,西浅草,浅草(つくばＥＸＰ),5,26000000,１Ｋ,25,2007年,ＲＣ,,,商業,,,2026年第1四半期,,
中古マンション等,成約価格情報,13106,東京都,台東区,谷中,根津,5,120000000,２ＬＤＫ,100,1983年,ＲＣ,,,近隣商業,,,2026年第1四半期,,
中古マンション等,成約価格情報,13106,東京都,台東区,柳橋,浅草橋,2,60000000,１ＬＤＫ,30,2020年,ＲＣ,,,商業,,,2026年第1四半期,,
中古マンション等,成約価格情報,13106,東京都,台東区,柳橋,浅草橋,1,20000000,１Ｒ,30,1964年,ＲＣ,,,商業,,,2026年第1四半期,,
中古マンション等,不動産取引価格情報,13106,東京都,台東区,浅草,浅草(東武・都営・メトロ),10,36000000,１Ｋ,20,2020年,ＲＣ,住宅,住宅,商業,80,500,2026年第1四半期,,
中古マンション等,不動産取引価格情報,13106,東京都,台東区,浅草,浅草(東武・都営・メトロ),8,58000000,,40,2021年,ＲＣ,,,商業,80,500,2026年第1四半期,,
中古マンション等,不動産取引価格情報,13106,東京都,台東区,浅草,浅草(東武・都営・メトロ),8,54000000,２ＬＤＫ,55,1984年,ＳＲＣ,住宅,住宅,商業,80,400,2026年第1四半期,,
中古マンション等,不動産取引価格情報,13106,東京都,台東区,浅草,浅草(東武・都営・メトロ),4,53000000,１ＬＤＫ,50,2005年,ＳＲＣ,住宅,住宅,商業,80,700,2026年第1四半期,未改装,
中古マンション等,不動産取引価格情報,13106,東京都,台東区,浅草,浅草(つくばＥＸＰ),9,7700000,１Ｋ,15,1988年,ＲＣ,住宅,住宅,商業,80,400,2026年第1四半期,未改装,
中古マンション等,不動産取引価格情報,13106,東京都,台東区,浅草,浅草(つくばＥＸＰ),18,26000000,１Ｋ,20,2022年,ＲＣ,住宅,住宅,商業,80,500,2026年第1四半期,未改装,
中古マンション等,不動産取引価格情報,13106,東京都,台東区,池之端,根津,7,180000000,３ＬＤＫ,70,2012年,ＲＣ,住宅,住宅,商業,80,600,2026年第1四半期,未改装,
中古マンション等,不動産取引価格情報,13106,東京都,台東区,池之端,根津,3,22000000,１Ｋ,20,2007年,ＲＣ,住宅,住宅,１種住居,60,300,2026年第1四半期,未改装,
中古マンション等,不動産取引価格情報,13106,東京都,台東区,池之端,湯島,5,95000000,２ＬＤＫ,60,1978年,ＳＲＣ,住宅,住宅,商業,80,600,2026年第1四半期,未改装,
中古マンション等,不動産取引価格情報,13106,東京都,台東区,池之端,湯島,4,170000000,３ＬＤＫ,85,2019年,ＲＣ,住宅,住宅,商業,80,600,2026年第1四半期,未改装,
中古マンション等,不動産取引価格情報,13106,東京都,台東区,今戸,浅草(東武・都営・メトロ),19,6300000,２ＬＤ＋Ｓ,55,2024年,ＲＣ,住宅,住宅,近隣商業,80,400,2026年第1四半期,未改装,
中古マンション等,不動産取引価格情報,13106,東京都,台東区,入谷,入谷(東京),5,29000000,１Ｋ,25,2012年,ＲＣ,住宅,その他,,,,2026年第1四半期,未改装,
中古マンション等,不動産取引価格情報,13106,東京都,台東区,入谷,入谷(東京),6,28000000,１Ｋ,25,2012年,ＲＣ,住宅,住宅,商業,80,600,2026年第1四半期,未改装,
中古マンション等,不動産取引価格情報,13106,東京都,台東区,入谷,入谷(東京),2,11000000,,15,1989年,ＳＲＣ,住宅,住宅,商業,80,600,2026年第1四半期,未改装,
中古マンション等,不動産取引価格情報,13106,東京都,台東区,上野,上野,2,35000000,１Ｋ,20,2009年,ＲＣ,住宅,住宅,商業,80,600,2026年第1四半期,未改装,
中古マンション等,不動産取引価格情報,13106,東京都,台東区,雷門,田原町(東京),4,28000000,１Ｋ,25,2007年,ＲＣ,住宅,住宅,商業,80,500,2026年第1四半期,未改装,
中古マンション等,不動産取引価格情報,13106,東京都,台東区,北上野,入谷(東京),4,33000000,１Ｋ,25,2006年,ＳＲＣ,住宅,住宅,商業,80,700,2026年第1四半期,,
中古マンション等,不動産取引価格情報,13106,東京都,台東区,清川,南千住,14,46000000,２ＬＤＫ,50,2018年,ＲＣ,住宅,住宅,近隣商業,80,400,2026年第1四半期,,
中古マンション等,不動産取引価格情報,13106,東京都,台東区,清川,南千住,6,33000000,１Ｋ,25,2019年,ＲＣ,住宅,住宅,近隣商業,80,400,2026年第1四半期,,
中古マンション等,不動産取引価格情報,13106,東京都,台東区,蔵前,蔵前,0,14000000,１ＤＫ,30,1977年,ＳＲＣ,住宅,住宅,商業,80,700,2026年第1四半期,未改装,
中古マンション等,不動産取引価格情報,13106,東京都,台東区,蔵前,蔵前,3,58000000,１ＬＤＫ,40,2007年,ＲＣ,住宅,住宅,商業,80,600,2026年第1四半期,未改装,
中古マンション等,不動産取引価格情報,13106,東京都,台東区,蔵前,蔵前,5,65000000,１ＬＤＫ,40,2006年,ＲＣ,住宅,住宅,商業,80,500,2026年第1四半期,改装済み,
中古マンション等,不動産取引価格情報,13106,東京都,台東区,寿,田原町(東京),4,100000000,２ＬＤＫ,50,2021年,ＲＣ,住宅,住宅,商業,80,600,2026年第1四半期,,
中古マンション等,不動産取引価格情報,13106,東京都,台東区,寿,田原町(東京),4,130000000,３ＬＤＫ,60,2021年,ＲＣ,住宅,住宅,商業,80,600,2026年第1四半期,未改装,
中古マンション等,不動産取引価格情報,13106,東京都,台東区,寿,田原町(東京),6,50000000,１ＤＫ,30,2004年,ＲＣ,住宅,住宅,商業,80,600,2026年第1四半期,未改装,
中古マンション等,不動産取引価格情報,13106,東京都,台東区,寿,田原町(東京),6,83000000,２ＬＤＫ,50,2004年,ＲＣ,住宅,住宅,商業,80,600,2026年第1四半期,未改装,
中古マンション等,不動産取引価格情報,13106,東京都,台東区,千束,浅草(つくばＥＸＰ),7,30000000,１ＤＫ,30,2010年,ＲＣ,住宅,住宅,商業,80,600,2026年第1四半期,,
中古マンション等,不動産取引価格情報,13106,東京都,台東区,千束,入谷(東京),9,40000000,２ＬＤＫ,50,2013年,ＲＣ,住宅,住宅,商業,80,400,2026年第1四半期,改装済み,
中古マンション等,不動産取引価格情報,13106,東京都,台東区,千束,三ノ輪,10,50000000,２ＬＤＫ,45,2017年,ＲＣ,住宅,住宅,商業,80,400,2026年第1四半期,未改装,
中古マンション等,不動産取引価格情報,13106,東京都,台東区,千束,三ノ輪,11,11000000,１Ｋ,15,1989年,ＳＲＣ,住宅,住宅,商業,80,400,2026年第1四半期,,
中古マンション等,不動産取引価格情報,13106,東京都,台東区,千束,三ノ輪,11,11000000,,15,1988年,ＲＣ,住宅,住宅,商業,80,400,2026年第1四半期,未改装,
中古マンション等,不動産取引価格情報,13106,東京都,台東区,台東,秋葉原,8,120000000,２ＬＤＫ,60,2008年,ＳＲＣ,住宅,住宅,商業,80,500,2026年第1四半期,未改装,
中古マンション等,不動産取引価格情報,13106,東京都,台東区,台東,秋葉原,11,28000000,１Ｋ,25,2009年,ＲＣ,住宅,住宅,商業,80,600,2026年第1四半期,,
中古マンション等,不動産取引価格情報,13106,東京都,台東区,台東,新御徒町,7,33000000,１Ｋ,25,2013年,ＲＣ,住宅,住宅,商業,80,600,2026年第1四半期,未改装,
中古マンション等,不動産取引価格情報,13106,東京都,台東区,台東,末広町(東京),8,18000000,１Ｋ,25,1987年,ＳＲＣ,住宅,事務所,商業,80,600,2026年第1四半期,,
中古マンション等,不動産取引価格情報,13106,東京都,台東区,鳥越,浅草橋,8,30000000,１Ｋ,20,2008年,ＲＣ,住宅,住宅,商業,80,600,2026年第1四半期,未改装,
中古マンション等,不動産取引価格情報,13106,東京都,台東区,西浅草,浅草(つくばＥＸＰ),4,13000000,１Ｋ,15,1985年,ＳＲＣ,住宅,,商業,80,500,2026年第1四半期,未改装,
中古マンション等,不動産取引価格情報,13106,東京都,台東区,西浅草,浅草(つくばＥＸＰ),2,71000000,２ＬＤＫ,55,2001年,ＳＲＣ,住宅,住宅,商業,80,700,2026年第1四半期,未改装,
中古マンション等,不動産取引価格情報,13106,東京都,台東区,根岸,入谷(東京),6,110000000,３ＬＤＫ,60,2022年,ＲＣ,住宅,住宅,商業,80,500,2026年第1四半期,,
中古マンション等,不動産取引価格情報,13106,東京都,台東区,根岸,日暮里,5,19000000,１Ｋ,20,1990年,ＳＲＣ,住宅,住宅,商業,80,400,2026年第1四半期,未改装,
中古マンション等,不動産取引価格情報,13106,東京都,台東区,根岸,日暮里,6,50000000,１ＤＫ,40,2012年,ＲＣ,住宅,住宅,商業,80,400,2026年第1四半期,未改装,
中古マンション等,不動産取引価格情報,13106,東京都,台東区,東上野,稲荷町(東京),3,41000000,１Ｋ,25,2020年,ＲＣ,住宅,住宅,商業,80,600,2026年第1四半期,未改装,
中古マンション等,不動産取引価格情報,13106,東京都,台東区,東上野,稲荷町(東京),4,190000000,２ＬＤＫ,55,2002年,ＳＲＣ,住宅,,商業,80,600,2026年第1四半期,改装済み,
中古マンション等,不動産取引価格情報,13106,東京都,台東区,東上野,新御徒町,4,34000000,１Ｋ,25,2014年,ＲＣ,住宅,住宅,商業,80,400,2026年第1四半期,未改装,
中古マンション等,不動産取引価格情報,13106,東京都,台東区,松が谷,田原町(東京),6,46000000,１ＬＤＫ,35,2015年,ＲＣ,住宅,住宅,商業,80,500,2026年第1四半期,未改装,
中古マンション等,不動産取引価格情報,13106,東京都,台東区,三ノ輪,三ノ輪,3,40000000,,35,1996年,ＳＲＣ,住宅,住宅,商業,80,600,2026年第1四半期,,
中古マンション等,不動産取引価格情報,13106,東京都,台東区,元浅草,新御徒町,6,28000000,,25,2009年,ＲＣ,住宅,住宅,商業,80,500,2026年第1四半期,,
中古マンション等,不動産取引価格情報,13106,東京都,台東区,元浅草,新御徒町,6,29000000,１Ｋ,25,2009年,ＲＣ,住宅,住宅,商業,80,500,2026年第1四半期,未改装,
中古マンション等,不動産取引価格情報,13106,東京都,台東区,竜泉,三ノ輪,6,56000000,２ＬＤＫ,40,2025年,ＲＣ,住宅,住宅,商業,80,700,2026年第1四半期,未改装,
中古マンション等,不動産取引価格情報,13106,東京都,台東区,竜泉,三ノ輪,6,30000000,１Ｋ,20,2021年,ＲＣ,住宅,その他,,,,2026年第1四半期,未改装,
中古マンション等,不動産取引価格情報,13106,東京都,台東区,竜泉,三ノ輪,6,52000000,１ＬＤＫ,40,2016年,ＲＣ,住宅,その他,商業,80,400,2026年第1四半期,未改装,
中古マンション等,不動産取引価格情報,13106,東京都,台東区,竜泉,三ノ輪,1,15000000,オープンフロア,25,1990年,鉄骨造,事務所,事務所,商業,80,700,2026年第1四半期,未改装,
中古マンション等,不動産取引価格情報,13106,東京都,台東区,竜泉,三ノ輪,5,27000000,１Ｋ,25,2017年,ＲＣ,住宅,住宅,商業,80,500,2026年第1四半期,,
中古マンション等,不動産取引価格情報,13106,東京都,台東区,竜泉,三ノ輪,1,16000000,オープンフロア,25,1990年,鉄骨造,事務所,事務所,商業,80,700,2026年第1四半期,未改装,
中古マンション等,成約価格情報,13107,東京都,墨田区,亀沢,両国,10,33000000,２ＤＫ,45,1977年,ＳＲＣ,,,準工業,,,2026年第1四半期,,
中古マンション等,成約価格情報,13107,東京都,墨田区,亀沢,両国,9,81000000,３ＬＤＫ,75,2001年,ＲＣ,,,近隣商業,,,2026年第1四半期,,
中古マンション等,成約価格情報,13107,東京都,墨田区,亀沢,両国,1,120000000,３ＬＤＫ,70,2012年,ＲＣ,,,商業,,,2026年第1四半期,改装済み,
中古マンション等,成約価格情報,13107,東京都,墨田区,亀沢,錦糸町,8,72000000,１ＬＤＫ,60,2012年,ＲＣ,,,近隣商業,,,2026年第1四半期,,
中古マンション等,成約価格情報,13107,東京都,墨田区,亀沢,錦糸町,9,89000000,２ＬＤＫ,60,2015年,ＲＣ,,,近隣商業,,,2026年第1四半期,,
中古マンション等,成約価格情報,13107,東京都,墨田区,亀沢,錦糸町,9,88000000,２ＬＤＫ,60,2015年,ＲＣ,,,近隣商業,,,2026年第1四半期,,
中古マンション等,成約価格情報,13107,東京都,墨田区,亀沢,錦糸町,10,50000000,１ＬＤＫ,45,2004年,ＲＣ,,,近隣商業,,,2026年第1四半期,,
中古マンション等,成約価格情報,13107,東京都,墨田区,亀沢,両国,5,52000000,１ＬＤＫ,35,2024年,ＲＣ,,,準工業,,,2026年第1四半期,,
中古マンション等,成約価格情報,13107,東京都,墨田区,亀沢,錦糸町,8,50000000,１ＬＤＫ,40,2005年,ＲＣ,,,近隣商業,,,2026年第1四半期,改装済み,
中古マンション等,成約価格情報,13107,東京都,墨田区,亀沢,錦糸町,10,100000000,３ＬＤＫ,75,1999年,ＳＲＣ,,,近隣商業,,,2026年第1四半期,改装済み,
中古マンション等,成約価格情報,13107,東京都,墨田区,亀沢,錦糸町,9,48000000,１ＬＤＫ＋Ｓ,55,1977年,ＲＣ,,,準工業,,,2026年第1四半期,,
中古マンション等,成約価格情報,13107,東京都,墨田区,亀沢,両国,2,60000000,１ＬＤＫ＋Ｓ,50,2008年,ＲＣ,,,近隣商業,,,2026年第1四半期,,
中古マンション等,成約価格情報,13107,東京都,墨田区,京島,京成曳舟,1,37000000,１ＬＤＫ,50,1980年,ＳＲＣ,,,準工業,,,2026年第1四半期,,
中古マンション等,成約価格情報,13107,東京都,墨田区,京島,京成曳舟,1,56000000,３ＬＤＫ,65,1980年,ＳＲＣ,,,商業,,,2026年第1四半期,,
中古マンション等,成約価格情報,13107,東京都,墨田区,京島,京成曳舟,2,120000000,３ＬＤＫ,75,2007年,ＲＣ,,,近隣商業,,,2026年第1四半期,,
中古マンション等,成約価格情報,13107,東京都,墨田区,京島,押上,8,69000000,３ＬＤＫ,75,1991年,ＳＲＣ,,,商業,,,2026年第1四半期,,
中古マンション等,成約価格情報,13107,東京都,墨田区,京島,京成曳舟,5,25000000,３ＤＫ,55,1981年,ＲＣ,,,近隣商業,,,2026年第1四半期,,
中古マンション等,成約価格情報,13107,東京都,墨田区,京島,曳舟,4,130000000,３ＬＤＫ,75,2015年,ＲＣ,,,近隣商業,,,2026年第1四半期,,
中古マンション等,成約価格情報,13107,東京都,墨田区,江東橋,錦糸町,4,120000000,２ＬＤＫ,60,2012年,ＲＣ,,,商業,,,2026年第1四半期,,
中古マンション等,成約価格情報,13107,東京都,墨田区,江東橋,錦糸町,9,60000000,１ＬＤＫ＋Ｓ,60,1984年,ＳＲＣ,,,商業,,,2026年第1四半期,,
中古マンション等,成約価格情報,13107,東京都,墨田区,江東橋,錦糸町,4,120000000,３ＬＤＫ,70,2012年,ＲＣ,,,商業,,,2026年第1四半期,,
中古マンション等,成約価格情報,13107,東京都,墨田区,江東橋,錦糸町,9,44000000,２ＤＫ＋Ｓ,55,1984年,ＳＲＣ,,,商業,,,2026年第1四半期,,
中古マンション等,成約価格情報,13107,東京都,墨田区,江東橋,錦糸町,4,130000000,３ＬＤＫ,70,2012年,ＲＣ,,,商業,,,2026年第1四半期,,
中古マンション等,成約価格情報,13107,東京都,墨田区,江東橋,錦糸町,5,110000000,２ＬＤＫ,65,2008年,ＲＣ,,,商業,,,2026年第1四半期,,
中古マンション等,成約価格情報,13107,東京都,墨田区,江東橋,錦糸町,4,33000000,１ＬＤＫ,40,1981年,ＳＲＣ,,,商業,,,2026年第1四半期,,
中古マンション等,成約価格情報,13107,東京都,墨田区,江東橋,錦糸町,7,62000000,２ＬＤＫ,50,1995年,,,,商業,,,2026年第1四半期,改装済み,
中古マンション等,成約価格情報,13107,東京都,墨田区,江東橋,錦糸町,7,36000000,２ＤＫ,50,1980年,ＳＲＣ,,,商業,,,2026年第1四半期,,
中古マンション等,成約価格情報,13107,東京都,墨田区,江東橋,錦糸町,3,46000000,１ＬＤＫ,50,2008年,ＲＣ,,,商業,,,2026年第1四半期,,
中古マンション等,成約価格情報,13107,東京都,墨田区,江東橋,錦糸町,4,24000000,１ＤＫ,25,1980年,ＳＲＣ,,,商業,,,2026年第1四半期,改装済み,
中古マンション等,成約価格情報,13107,東京都,墨田区,江東橋,錦糸町,5,79000000,１ＬＤＫ,45,2008年,ＲＣ,,,商業,,,2026年第1四半期,,
中古マンション等,成約価格情報,13107,東京都,墨田区,江東橋,錦糸町,4,100000000,２ＬＤＫ,60,2012年,ＲＣ,,,商業,,,2026年第1四半期,,
中古マンション等,成約価格情報,13107,東京都,墨田区,墨田,鐘ケ淵,8,34000000,３ＬＤＫ,75,1989年,ＲＣ,,,近隣商業,,,2026年第1四半期,,
中古マンション等,成約価格情報,13107,東京都,墨田区,墨田,鐘ケ淵,5,52000000,２ＬＤＫ,65,2006年,ＲＣ,,,準工業,,,2026年第1四半期,,
中古マンション等,成約価格情報,13107,東京都,墨田区,墨田,鐘ケ淵,7,40000000,３ＬＤＫ,75,1988年,ＲＣ,,,準工業,,,2026年第1四半期,,
中古マンション等,成約価格情報,13107,東京都,墨田区,太平,錦糸町,8,28000000,１Ｋ,30,2009年,ＲＣ,,,商業,,,2026年第1四半期,,
中古マンション等,成約価格情報,13107,東京都,墨田区,太平,錦糸町,10,87000000,２ＬＤＫ,60,1996年,ＲＣ,,,準工業,,,2026年第1四半期,,
中古マンション等,成約価格情報,13107,東京都,墨田区,太平,錦糸町,4,190000000,２ＬＤＫ,80,2006年,ＳＲＣ,,,商業,,,2026年第1四半期,,
中古マンション等,成約価格情報,13107,東京都,墨田区,太平,錦糸町,6,65000000,１ＬＤＫ,40,2020年,ＲＣ,,,商業,,,2026年第1四半期,,
中古マンション等,成約価格情報,13107,東京都,墨田区,太平,錦糸町,4,67000000,２ＬＤＫ,55,2000年,ＲＣ,,,商業,,,2026年第1四半期,,
中古マンション等,成約価格情報,13107,東京都,墨田区,太平,錦糸町,6,64000000,２ＬＤＫ,60,2002年,ＲＣ,,,商業,,,2026年第1四半期,,
中古マンション等,成約価格情報,13107,東京都,墨田区,太平,錦糸町,4,120000000,２ＬＤＫ,60,2006年,ＳＲＣ,,,商業,,,2026年第1四半期,,
中古マンション等,成約価格情報,13107,東京都,墨田区,太平,錦糸町,4,150000000,２ＬＤＫ,70,2006年,ＳＲＣ,,,商業,,,2026年第1四半期,,
中古マンション等,成約価格情報,13107,東京都,墨田区,太平,錦糸町,4,110000000,１ＬＤＫ,55,2006年,ＳＲＣ,,,商業,,,2026年第1四半期,,
中古マンション等,成約価格情報,13107,東京都,墨田区,立川,菊川(東京),6,31000000,１Ｋ,25,2019年,ＲＣ,,,準工業,,,2026年第1四半期,,
中古マンション等,成約価格情報,13107,東京都,墨田区,業平,押上,5,30000000,１Ｋ,30,2018年,ＲＣ,,,近隣商業,,,2026年第1四半期,,
中古マンション等,成約価格情報,13107,東京都,墨田区,業平,押上,3,41000000,１Ｋ,30,2019年,ＲＣ,,,近隣商業,,,2026年第1四半期,,
中古マンション等,成約価格情報,13107,東京都,墨田区,業平,とうきょうスカイツリー,3,32000000,２Ｋ,40,1979年,ＲＣ,,,商業,,,2026年第1四半期,,
中古マンション等,成約価格情報,13107,東京都,墨田区,業平,押上,7,85000000,３ＬＤＫ,70,2000年,ＲＣ,,,準工業,,,2026年第1四半期,,
中古マンション等,成約価格情報,13107,東京都,墨田区,業平,押上,1,100000000,３ＬＤＫ,70,2000年,ＳＲＣ,,,商業,,,2026年第1四半期,,
中古マンション等,成約価格情報,13107,東京都,墨田区,業平,押上,5,64000000,２ＬＤＫ,60,1994年,ＲＣ,,,近隣商業,,,2026年第1四半期,,
中古マンション等,成約価格情報,13107,東京都,墨田区,業平,とうきょうスカイツリー,4,35000000,１ＬＤＫ,40,1979年,,,,商業,,,2026年第1四半期,,
中古マンション等,成約価格情報,13107,東京都,墨田区,業平,押上,7,80000000,３ＬＤＫ,70,2000年,ＲＣ,,,準工業,,,2026年第1四半期,,
中古マンション等,成約価格情報,13107,東京都,墨田区,業平,本所吾妻橋,6,30000000,２ＤＫ,55,1972年,ＳＲＣ,,,近隣商業,,,2026年第1四半期,,
中古マンション等,成約価格情報,13107,東京都,墨田区,業平,押上,6,140000000,３ＬＤＫ,75,2009年,ＲＣ,,,準工業,,,2026年第1四半期,,
中古マンション等,成約価格情報,13107,東京都,墨田区,緑,両国,4,25000000,１ＬＤＫ,40,1981年,ＳＲＣ,,,商業,,,2026年第1四半期,,
中古マンション等,成約価格情報,13107,東京都,墨田区,緑,錦糸町,9,55000000,２ＬＤＫ,60,1999年,ＲＣ,,,商業,,,2026年第1四半期,,
中古マンション等,成約価格情報,13107,東京都,墨田区,緑,錦糸町,9,65000000,２ＬＤＫ,60,2013年,ＲＣ,,,商業,,,2026年第1四半期,,
中古マンション等,成約価格情報,13107,東京都,墨田区,緑,錦糸町,8,62000000,１ＬＤＫ,40,2018年,ＲＣ,,,商業,,,2026年第1四半期,,
中古マンション等,成約価格情報,13107,東京都,墨田区,緑,両国,9,56000000,１Ｒ,55,2005年,ＳＲＣ,,,商業,,,2026年第1四半期,,
中古マンション等,成約価格情報,13107,東京都,墨田区,緑,錦糸町,12,100000000,３ＬＤＫ,70,2010年,ＲＣ,,,商業,,,2026年第1四半期,,
中古マンション等,成約価格情報,13107,東京都,墨田区,緑,錦糸町,8,93000000,３ＬＤＫ,65,2011年,ＲＣ,,,商業,,,2026年第1四半期,,
中古マンション等,成約価格情報,13107,東京都,墨田区,緑,錦糸町,12,48000000,３ＤＫ,55,1995年,ＳＲＣ,,,商業,,,2026年第1四半期,,
中古マンション等,成約価格情報,13107,東京都,墨田区,緑,錦糸町,10,60000000,２ＤＫ,45,2013年,ＲＣ,,,商業,,,2026年第1四半期,,
中古マンション等,成約価格情報,13107,東京都,墨田区,緑,両国,8,42000000,２ＤＫ,45,1984年,ＳＲＣ,,,近隣商業,,,2026年第1四半期,改装済み,
中古マンション等,成約価格情報,13107,東京都,墨田区,緑,錦糸町,9,90000000,２ＬＤＫ,55,2018年,ＲＣ,,,商業,,,2026年第1四半期,,
中古マンション等,成約価格情報,13107,東京都,墨田区,緑,錦糸町,9,83000000,２ＬＤＫ,55,2018年,ＲＣ,,,商業,,,2026年第1四半期,,
中古マンション等,成約価格情報,13107,東京都,墨田区,緑,両国,6,46000000,１Ｋ,40,2011年,ＲＣ,,,近隣商業,,,2026年第1四半期,,
中古マンション等,成約価格情報,13107,東京都,墨田区,緑,錦糸町,7,83000000,２ＬＤＫ,65,2013年,ＲＣ,,,商業,,,2026年第1四半期,,
中古マンション等,成約価格情報,13107,東京都,墨田区,緑,錦糸町,12,100000000,３ＬＤＫ,65,2016年,ＲＣ,,,商業,,,2026年第1四半期,,
中古マンション等,成約価格情報,13107,東京都,墨田区,緑,菊川(東京),9,43000000,１ＬＤＫ,55,2004年,ＲＣ,,,近隣商業,,,2026年第1四半期,,
中古マンション等,成約価格情報,13107,東京都,墨田区,緑,錦糸町,12,57000000,２ＬＤＫ,60,1999年,ＳＲＣ,,,商業,,,2026年第1四半期,,
中古マンション等,成約価格情報,13107,東京都,墨田区,緑,両国,3,120000000,３ＬＤＫ,75,2009年,ＳＲＣ,,,商業,,,2026年第1四半期,,
中古マンション等,成約価格情報,13107,東京都,墨田区,緑,錦糸町,12,110000000,３ＬＤＫ,65,2016年,ＲＣ,,,商業,,,2026年第1四半期,,
中古マンション等,成約価格情報,13107,東京都,墨田区,横川,錦糸町,14,79000000,３ＬＤＫ,65,1996年,ＳＲＣ,,,準工業,,,2026年第1四半期,,
中古マンション等,成約価格情報,13107,東京都,墨田区,横川,押上,9,72000000,３ＬＤＫ,65,1996年,ＳＲＣ,,,準工業,,,2026年第1四半期,改装済み,
中古マンション等,成約価格情報,13107,東京都,墨田区,横川,とうきょうスカイツリー,9,22000000,１Ｋ,30,2013年,ＲＣ,,,準工業,,,2026年第1四半期,,
中古マンション等,成約価格情報,13107,東京都,墨田区,吾妻橋,本所吾妻橋,2,28000000,１ＬＤＫ,55,1980年,ＳＲＣ,,,商業,,,2026年第1四半期,,
中古マンション等,成約価格情報,13107,東京都,墨田区,吾妻橋,本所吾妻橋,,63000000,２ＬＤＫ,60,2004年,ＲＣ,,,近隣商業,,,2026年第1四半期,,
中古マンション等,成約価格情報,13107,東京都,墨田区,吾妻橋,本所吾妻橋,1,30000000,１Ｒ,40,1982年,ＳＲＣ,,,商業,,,2026年第1四半期,,
中古マンション等,成約価格情報,13107,東京都,墨田区,石原,両国,7,15000000,１Ｒ,20,1990年,ＲＣ,,,準工業,,,2026年第1四半期,,
中古マンション等,成約価格情報,13107,東京都,墨田区,石原,本所吾妻橋,12,38000000,１ＬＤＫ,40,1984年,ＳＲＣ,,,商業,,,2026年第1四半期,,
中古マンション等,成約価格情報,13107,東京都,墨田区,石原,両国,11,75000000,２ＬＤＫ,70,2002年,ＳＲＣ,,,準工業,,,2026年第1四半期,,
中古マンション等,成約価格情報,13107,東京都,墨田区,石原,両国,11,46000000,１ＬＤＫ,45,2017年,ＲＣ,,,商業,,,2026年第1四半期,,
中古マンション等,成約価格情報,13107,東京都,墨田区,石原,両国,11,46000000,１ＬＤＫ,45,2017年,ＲＣ,,,商業,,,2026年第1四半期,,
中古マンション等,成約価格情報,13107,東京都,墨田区,石原,両国,11,22000000,１Ｋ,30,2012年,ＲＣ,,,商業,,,2026年第1四半期,,
中古マンション等,成約価格情報,13107,東京都,墨田区,石原,本所吾妻橋,11,26000000,１Ｋ,30,2017年,ＲＣ,,,商業,,,2026年第1四半期,,
中古マンション等,成約価格情報,13107,東京都,墨田区,石原,両国,10,65000000,２ＬＤＫ,60,1991年,ＳＲＣ,,,準工業,,,2026年第1四半期,,
中古マンション等,成約価格情報,13107,東京都,墨田区,石原,両国,7,81000000,３ＬＤＫ,75,1995年,ＲＣ,,,近隣商業,,,2026年第1四半期,,
中古マンション等,成約価格情報,13107,東京都,墨田区,石原,両国,5,17000000,１Ｋ,25,1990年,ＲＣ,,,準工業,,,2026年第1四半期,,
中古マンション等,成約価格情報,13107,東京都,墨田区,石原,両国,3,25000000,１Ｋ,25,2008年,ＲＣ,,,近隣商業,,,2026年第1四半期,,
中古マンション等,成約価格情報,13107,東京都,墨田区,石原,両国,11,43000000,２ＬＤＫ,55,1980年,ＲＣ,,,商業,,,2026年第1四半期,,
中古マンション等,成約価格情報,13107,東京都,墨田区,石原,錦糸町,13,94000000,３ＬＤＫ,80,2009年,ＲＣ,,,準工業,,,2026年第1四半期,,
中古マンション等,成約価格情報,13107,東京都,墨田区,菊川,菊川(東京),1,20000000,１Ｋ,20,1998年,ＲＣ,,,商業,,,2026年第1四半期,,
中古マンション等,成約価格情報,13107,東京都,墨田区,菊川,菊川(東京),3,55000000,３ＬＤＫ,65,1987年,ＳＲＣ,,,準工業,,,2026年第1四半期,,
中古マンション等,成約価格情報,13107,東京都,墨田区,菊川,菊川(東京),3,24000000,１Ｋ,25,2012年,ＲＣ,,,準工業,,,2026年第1四半期,,
中古マンション等,成約価格情報,13107,東京都,墨田区,菊川,菊川(東京),3,71000000,２ＬＤＫ,65,1991年,ＲＣ,,,商業,,,2026年第1四半期,,
中古マンション等,成約価格情報,13107,東京都,墨田区,菊川,森下(東京),4,83000000,３ＬＤＫ,70,1996年,ＳＲＣ,,,準工業,,,2026年第1四半期,,
中古マンション等,成約価格情報,13107,東京都,墨田区,菊川,菊川(東京),2,51000000,１ＬＤＫ,45,1991年,ＳＲＣ,,,商業,,,2026年第1四半期,,
中古マンション等,成約価格情報,13107,東京都,墨田区,菊川,菊川(東京),1,130000000,４ＬＤＫ＋Ｓ,145,1992年,ＳＲＣ,,,商業,,,2026年第1四半期,,
中古マンション等,成約価格情報,13107,東京都,墨田区,菊川,菊川(東京),4,46000000,１ＬＤＫ,45,2009年,ＲＣ,,,準工業,,,2026年第1四半期,,
中古マンション等,成約価格情報,13107,東京都,墨田区,立花,東あずま,6,25000000,１Ｋ,30,2018年,ＲＣ,,,商業,,,2026年第1四半期,,
中古マンション等,成約価格情報,13107,東京都,墨田区,立花,小村井,2,54000000,２ＬＤＫ,60,2012年,ＲＣ,,,商業,,,2026年第1四半期,,
中古マンション等,成約価格情報,13107,東京都,墨田区,立花,小村井,4,55000000,３ＬＤＫ,70,1999年,ＳＲＣ,,,商業,,,2026年第1四半期,,
中古マンション等,成約価格情報,13107,東京都,墨田区,立花,東あずま,5,35000000,３ＬＤＫ,65,1997年,ＲＣ,,,準工業,,,2026年第1四半期,,
中古マンション等,成約価格情報,13107,東京都,墨田区,立花,小村井,9,54000000,４ＬＤＫ,85,1998年,ＲＣ,,,準工業,,,2026年第1四半期,,
中古マンション等,成約価格情報,13107,東京都,墨田区,立花,東あずま,6,25000000,１Ｋ,30,2018年,ＲＣ,,,商業,,,2026年第1四半期,,
中古マンション等,成約価格情報,13107,東京都,墨田区,立花,小村井,5,27000000,１Ｒ,20,2008年,ＲＣ,,,準工業,,,2026年第1四半期,,
中古マンション等,成約価格情報,13107,東京都,墨田区,立花,小村井,6,26000000,２ＬＤＫ,50,1987年,ＲＣ,,,準工業,,,2026年第1四半期,,
中古マンション等,成約価格情報,13107,東京都,墨田区,立花,亀戸水神,5,41000000,１ＬＤＫ,45,2018年,ＲＣ,,,商業,,,2026年第1四半期,,
中古マンション等,成約価格情報,13107,東京都,墨田区,千歳,森下(東京),3,54000000,２ＬＤＫ,65,1986年,ＳＲＣ,,,準工業,,,2026年第1四半期,,
中古マンション等,成約価格情報,13107,東京都,墨田区,千歳,森下(東京),6,100000000,３ＬＤＫ,70,2001年,ＲＣ,,,準工業,,,2026年第1四半期,,
中古マンション等,成約価格情報,13107,東京都,墨田区,千歳,両国,9,140000000,３ＬＤＫ,105,2003年,ＲＣ,,,準工業,,,2026年第1四半期,,
中古マンション等,成約価格情報,13107,東京都,墨田区,千歳,森下(東京),7,60000000,２ＬＤＫ,55,1983年,ＳＲＣ,,,準工業,,,2026年第1四半期,,
中古マンション等,成約価格情報,13107,東京都,墨田区,本所,本所吾妻橋,8,23000000,１Ｋ,25,2007年,ＲＣ,,,近隣商業,,,2026年第1四半期,,
中古マンション等,成約価格情報,13107,東京都,墨田区,本所,本所吾妻橋,10,11000000,１Ｒ,20,1991年,ＳＲＣ,,,商業,,,2026年第1四半期,,
中古マンション等,成約価格情報,13107,東京都,墨田区,本所,蔵前,8,25000000,１ＬＤＫ,35,1983年,ＳＲＣ,,,商業,,,2026年第1四半期,,
中古マンション等,成約価格情報,13107,東京都,墨田区,本所,蔵前,6,50000000,２ＬＤＫ,50,1984年,ＲＣ,,,近隣商業,,,2026年第1四半期,,
中古マンション等,成約価格情報,13107,東京都,墨田区,本所,本所吾妻橋,6,72000000,３ＬＤＫ,65,1997年,ＲＣ,,,準工業,,,2026年第1四半期,,
中古マンション等,成約価格情報,13107,東京都,墨田区,押上,曳舟,4,55000000,２ＤＫ,45,2021年,ＲＣ,,,商業,,,2026年第1四半期,,
中古マンション等,成約価格情報,13107,東京都,墨田区,押上,押上,1,100000000,３ＬＤＫ,75,2001年,ＳＲＣ,,,準工業,,,2026年第1四半期,,
中古マンション等,成約価格情報,13107,東京都,墨田区,押上,押上,5,58000000,２ＬＤＫ,60,1986年,ＲＣ,,,商業,,,2026年第1四半期,,
中古マンション等,成約価格情報,13107,東京都,墨田区,横網,両国,9,93000000,３ＬＤＫ,75,1998年,ＳＲＣ,,,商業,,,2026年第1四半期,改装済み,
中古マンション等,成約価格情報,13107,東京都,墨田区,錦糸,錦糸町,5,68000000,３ＬＤＫ,90,1997年,ＳＲＣ,,,商業,,,2026年第1四半期,,
中古マンション等,成約価格情報,13107,東京都,墨田区,錦糸,錦糸町,5,55000000,２ＬＤＫ,50,1978年,ＳＲＣ,,,準工業,,,2026年第1四半期,改装済み,
中古マンション等,成約価格情報,13107,東京都,墨田区,錦糸,錦糸町,5,42000000,２ＬＤＫ,55,1978年,ＳＲＣ,,,準工業,,,2026年第1四半期,,
中古マンション等,成約価格情報,13107,東京都,墨田区,東駒形,本所吾妻橋,2,51000000,１ＬＤＫ,50,1990年,ＳＲＣ,,,商業,,,2026年第1四半期,,
中古マンション等,成約価格情報,13107,東京都,墨田区,東駒形,本所吾妻橋,4,50000000,２ＬＤＫ,60,1979年,ＲＣ,,,商業,,,2026年第1四半期,改装済み,
中古マンション等,成約価格情報,13107,東京都,墨田区,東駒形,浅草(東武・都営・メトロ),5,27000000,２ＬＤＫ,50,1978年,ＲＣ,,,商業,,,2026年第1四半期,,
中古マンション等,成約価格情報,13107,東京都,墨田区,東駒形,本所吾妻橋,4,52000000,２ＬＤＫ,50,1987年,ＳＲＣ,,,近隣商業,,,2026年第1四半期,,
中古マンション等,成約価格情報,13107,東京都,墨田区,東駒形,浅草(東武・都営・メトロ),7,28000000,１Ｋ,30,2013年,ＲＣ,,,近隣商業,,,2026年第1四半期,,
中古マンション等,成約価格情報,13107,東京都,墨田区,東向島,曳舟,6,50000000,１ＬＤＫ,45,2019年,ＲＣ,,,商業,,,2026年第1四半期,,
中古マンション等,成約価格情報,13107,東京都,墨田区,東向島,東向島,7,50000000,２ＬＤＫ,55,2018年,ＲＣ,,,準工業,,,2026年第1四半期,,
中古マンション等,成約価格情報,13107,東京都,墨田区,東向島,東向島,5,48000000,１ＬＤＫ＋Ｓ,60,2009年,ＲＣ,,,商業,,,2026年第1四半期,,
中古マンション等,成約価格情報,13107,東京都,墨田区,東向島,東向島,2,7200000,１Ｋ,25,1991年,ＲＣ,,,準工業,,,2026年第1四半期,,
中古マンション等,成約価格情報,13107,東京都,墨田区,東向島,曳舟,10,73000000,３ＬＤＫ,65,2023年,ＲＣ,,,準工業,,,2026年第1四半期,,
中古マンション等,成約価格情報,13107,東京都,墨田区,東向島,東向島,5,77000000,２ＬＤＫ,55,2024年,ＲＣ,,,商業,,,2026年第1四半期,,
中古マンション等,成約価格情報,13107,東京都,墨田区,東向島,東向島,6,78000000,３ＬＤＫ,75,2002年,ＳＲＣ,,,商業,,,2026年第1四半期,,
中古マンション等,成約価格情報,13107,東京都,墨田区,東向島,八広,4,42000000,２ＬＤＫ,45,2019年,ＲＣ,,,商業,,,2026年第1四半期,,
中古マンション等,成約価格情報,13107,東京都,墨田区,東向島,曳舟,8,78000000,３ＬＤＫ,75,2004年,ＳＲＣ,,,商業,,,2026年第1四半期,,
中古マンション等,成約価格情報,13107,東京都,墨田区,東向島,曳舟,4,73000000,２ＬＤＫ,55,2013年,ＲＣ,,,商業,,,2026年第1四半期,,
中古マンション等,成約価格情報,13107,東京都,墨田区,東向島,東向島,4,56000000,３ＬＤＫ,75,2006年,ＳＲＣ,,,商業,,,2026年第1四半期,,
中古マンション等,成約価格情報,13107,東京都,墨田区,東向島,曳舟,6,40000000,１Ｋ,35,2019年,ＲＣ,,,商業,,,2026年第1四半期,,
中古マンション等,成約価格情報,13107,東京都,墨田区,東向島,東向島,5,45000000,１ＬＤＫ,45,2013年,ＲＣ,,,商業,,,2026年第1四半期,,
中古マンション等,成約価格情報,13107,東京都,墨田区,東向島,京成曳舟,3,57000000,２ＬＤＫ,55,2017年,ＲＣ,,,近隣商業,,,2026年第1四半期,,
中古マンション等,成約価格情報,13107,東京都,墨田区,東向島,東向島,5,76000000,１ＬＤＫ,55,2024年,ＲＣ,,,近隣商業,,,2026年第1四半期,,
中古マンション等,成約価格情報,13107,東京都,墨田区,東向島,八広,8,65000000,２ＬＤＫ,80,2005年,ＲＣ,,,商業,,,2026年第1四半期,,
中古マンション等,成約価格情報,13107,東京都,墨田区,東向島,東向島,4,45000000,３ＬＤＫ,65,1997年,ＳＲＣ,,,商業,,,2026年第1四半期,,
中古マンション等,成約価格情報,13107,東京都,墨田区,東向島,京成曳舟,10,35000000,１ＬＤＫ,50,1982年,ＲＣ,,,準工業,,,2026年第1四半期,,
中古マンション等,成約価格情報,13107,東京都,墨田区,東向島,東向島,10,61000000,３ＬＤＫ,75,1996年,ＳＲＣ,,,準工業,,,2026年第1四半期,改装済み,
中古マンション等,成約価格情報,13107,東京都,墨田区,東向島,京成曳舟,10,35000000,１ＬＤＫ,50,1982年,ＲＣ,,,準工業,,,2026年第1四半期,,
中古マンション等,成約価格情報,13107,東京都,墨田区,東向島,東向島,3,66000000,４ＬＤＫ,90,1997年,ＳＲＣ,,,商業,,,2026年第1四半期,,
中古マンション等,成約価格情報,13107,東京都,墨田区,東向島,東向島,8,54000000,３ＬＤＫ,65,1995年,ＲＣ,,,近隣商業,,,2026年第1四半期,,
中古マンション等,成約価格情報,13107,東京都,墨田区,東向島,曳舟,4,59000000,１ＬＤＫ,45,2013年,ＲＣ,,,商業,,,2026年第1四半期,,
中古マンション等,成約価格情報,13107,東京都,墨田区,文花,小村井,6,19000000,１Ｋ,20,2008年,ＲＣ,,,準工業,,,2026年第1四半期,,
中古マンション等,成約価格情報,13107,東京都,墨田区,文花,小村井,7,12000000,１Ｋ,20,2007年,ＲＣ,,,近隣商業,,,2026年第1四半期,,
中古マンション等,成約価格情報,13107,東京都,墨田区,文花,小村井,6,25000000,１Ｋ,20,2007年,ＲＣ,,,準工業,,,2026年第1四半期,,
中古マンション等,成約価格情報,13107,東京都,墨田区,向島,とうきょうスカイツリー,10,60000000,２ＬＤＫ,45,2018年,ＲＣ,,,商業,,,2026年第1四半期,,
中古マンション等,成約価格情報,13107,東京都,墨田区,向島,押上,7,64000000,１ＬＤＫ＋Ｓ,50,2017年,ＲＣ,,,準工業,,,2026年第1四半期,,
中古マンション等,成約価格情報,13107,東京都,墨田区,向島,押上,11,70000000,１ＬＤＫ＋Ｓ,60,2015年,ＲＣ,,,商業,,,2026年第1四半期,,
中古マンション等,成約価格情報,13107,東京都,墨田区,向島,押上,6,90000000,３ＬＤＫ,65,1995年,ＳＲＣ,,,商業,,,2026年第1四半期,,
中古マンション等,成約価格情報,13107,東京都,墨田区,向島,押上,9,81000000,２ＬＤＫ,60,2017年,ＲＣ,,,商業,,,2026年第1四半期,,
中古マンション等,成約価格情報,13107,東京都,墨田区,向島,とうきょうスカイツリー,7,55000000,３ＬＤＫ,60,1997年,ＳＲＣ,,,準工業,,,2026年第1四半期,,
中古マンション等,成約価格情報,13107,東京都,墨田区,向島,押上,12,37000000,１ＬＤＫ,45,1982年,ＳＲＣ,,,商業,,,2026年第1四半期,,
中古マンション等,成約価格情報,13107,東京都,墨田区,向島,曳舟,12,21000000,１ＤＫ,35,1980年,ＳＲＣ,,,商業,,,2026年第1四半期,,
中古マンション等,成約価格情報,13107,東京都,墨田区,向島,押上,10,27000000,１Ｋ,30,2017年,ＲＣ,,,商業,,,2026年第1四半期,,
中古マンション等,成約価格情報,13107,東京都,墨田区,向島,曳舟,5,52000000,１ＬＤＫ,55,1993年,ＳＲＣ,,,商業,,,2026年第1四半期,改装済み,
中古マンション等,成約価格情報,13107,東京都,墨田区,向島,押上,6,28000000,１Ｋ,30,2019年,ＲＣ,,,準工業,,,2026年第1四半期,,
中古マンション等,成約価格情報,13107,東京都,墨田区,向島,押上,7,63000000,１ＬＤＫ,45,2012年,ＲＣ,,,準工業,,,2026年第1四半期,,
中古マンション等,成約価格情報,13107,東京都,墨田区,八広,京成曳舟,4,70000000,３ＬＤＫ,70,1999年,ＳＲＣ,,,準工業,,,2026年第1四半期,,
中古マンション等,成約価格情報,13107,東京都,墨田区,八広,八広,7,54000000,３ＬＤＫ,70,1998年,ＲＣ,,,準工業,,,2026年第1四半期,,
中古マンション等,成約価格情報,13107,東京都,墨田区,八広,八広,3,50000000,２ＬＤＫ,75,1998年,ＲＣ,,,準工業,,,2026年第1四半期,,
中古マンション等,成約価格情報,13107,東京都,墨田区,八広,小村井,6,25000000,１Ｋ,25,2024年,ＲＣ,,,近隣商業,,,2026年第1四半期,,
中古マンション等,成約価格情報,13107,東京都,墨田区,八広,小村井,7,58000000,２ＤＫ,45,2020年,ＲＣ,,,準工業,,,2026年第1四半期,,
中古マンション等,成約価格情報,13107,東京都,墨田区,八広,八広,9,36000000,１ＬＤＫ,45,2019年,ＲＣ,,,準工業,,,2026年第1四半期,,
中古マンション等,成約価格情報,13107,東京都,墨田区,八広,八広,6,15000000,１ＤＫ,35,1981年,ＳＲＣ,,,商業,,,2026年第1四半期,,
中古マンション等,成約価格情報,13107,東京都,墨田区,八広,八広,12,18000000,２ＤＫ,45,1979年,ＳＲＣ,,,準工業,,,2026年第1四半期,,
中古マンション等,成約価格情報,13107,東京都,墨田区,八広,八広,10,23000000,１Ｋ,25,2007年,ＲＣ,,,準工業,,,2026年第1四半期,,
中古マンション等,成約価格情報,13107,東京都,墨田区,両国,両国,5,24000000,１Ｋ,30,2014年,ＲＣ,,,商業,,,2026年第1四半期,,
中古マンション等,成約価格情報,13107,東京都,墨田区,両国,両国,4,78000000,２ＬＤＫ,65,2016年,ＲＣ,,,商業,,,2026年第1四半期,,
中古マンション等,成約価格情報,13107,東京都,墨田区,両国,両国,6,44000000,１ＬＤＫ,45,1988年,ＳＲＣ,,,商業,,,2026年第1四半期,,
中古マンション等,成約価格情報,13107,東京都,墨田区,両国,両国,1,16000000,１Ｋ,20,1984年,ＳＲＣ,,,商業,,,2026年第1四半期,,
中古マンション等,成約価格情報,13107,東京都,墨田区,両国,両国,6,53000000,１ＬＤＫ,45,2017年,ＲＣ,,,商業,,,2026年第1四半期,,
中古マンション等,成約価格情報,13107,東京都,墨田区,両国,両国,6,59000000,１ＬＤＫ,45,2011年,ＲＣ,,,商業,,,2026年第1四半期,改装済み,
中古マンション等,不動産取引価格情報,13107,東京都,墨田区,吾妻橋,浅草(東武・都営・メトロ),4,23000000,１Ｋ,20,2003年,ＲＣ,,住宅,商業,80,500,2026年第1四半期,改装済み,
中古マンション等,不動産取引価格情報,13107,東京都,墨田区,石原,両国,7,26000000,１Ｋ,20,2009年,ＲＣ,住宅,その他,近隣商業,80,300,2026年第1四半期,,
中古マンション等,不動産取引価格情報,13107,東京都,墨田区,石原,両国,6,15000000,１Ｋ,15,1990年,ＳＲＣ,住宅,住宅,近隣商業,80,300,2026年第1四半期,未改装,
中古マンション等,不動産取引価格情報,13107,東京都,墨田区,亀沢,錦糸町,9,50000000,１ＬＤＫ,35,2005年,ＲＣ,住宅,住宅,近隣商業,80,400,2026年第1四半期,改装済み,
中古マンション等,不動産取引価格情報,13107,東京都,墨田区,亀沢,錦糸町,8,88000000,２ＬＤＫ,55,2015年,ＲＣ,住宅,住宅,近隣商業,80,400,2026年第1四半期,未改装,
中古マンション等,不動産取引価格情報,13107,東京都,墨田区,亀沢,両国,9,11000000,１Ｋ,15,1989年,ＳＲＣ,住宅,その他,商業,80,500,2026年第1四半期,未改装,
中古マンション等,不動産取引価格情報,13107,東京都,墨田区,菊川,菊川(東京),1,37000000,１Ｋ,25,2017年,ＲＣ,,住宅,商業,80,500,2026年第1四半期,未改装,
中古マンション等,不動産取引価格情報,13107,東京都,墨田区,菊川,菊川(東京),1,35000000,１Ｋ,25,2018年,ＲＣ,住宅,住宅,準工業,60,300,2026年第1四半期,未改装,
中古マンション等,不動産取引価格情報,13107,東京都,墨田区,菊川,菊川(東京),0,20000000,１Ｋ,20,1998年,ＲＣ,住宅,住宅,商業,80,500,2026年第1四半期,未改装,
中古マンション等,不動産取引価格情報,13107,東京都,墨田区,江東橋,錦糸町,9,35000000,,45,1984年,ＳＲＣ,住宅,,商業,80,600,2026年第1四半期,,
中古マンション等,不動産取引価格情報,13107,東京都,墨田区,墨田,鐘ケ淵,7,42000000,３ＬＤＫ,60,1988年,ＲＣ,住宅,住宅,準工業,80,200,2026年第1四半期,改装済み,
中古マンション等,不動産取引価格情報,13107,東京都,墨田区,墨田,八広,6,27000000,１Ｋ,25,2019年,ＲＣ,住宅,住宅,商業,80,500,2026年第1四半期,未改装,
中古マンション等,不動産取引価格情報,13107,東京都,墨田区,太平,錦糸町,7,30000000,１Ｋ,25,2015年,ＲＣ,住宅,住宅,商業,80,500,2026年第1四半期,未改装,
中古マンション等,不動産取引価格情報,13107,東京都,墨田区,太平,錦糸町,9,32000000,１Ｋ,25,2016年,ＲＣ,住宅,その他,近隣商業,80,400,2026年第1四半期,未改装,
中古マンション等,不動産取引価格情報,13107,東京都,墨田区,立花,小村井,3,63000000,３ＬＤＫ,65,1998年,ＳＲＣ,住宅,住宅,商業,80,400,2026年第1四半期,改装済み,
中古マンション等,不動産取引価格情報,13107,東京都,墨田区,立花,東あずま,6,48000000,３ＬＤＫ,60,1986年,ＲＣ,住宅,住宅,準工業,80,200,2026年第1四半期,改装済み,
中古マンション等,不動産取引価格情報,13107,東京都,墨田区,立川,菊川(東京),7,31000000,１Ｋ,25,2013年,ＲＣ,住宅,住宅,準工業,60,300,2026年第1四半期,,
中古マンション等,不動産取引価格情報,13107,東京都,墨田区,立川,森下(東京),5,25000000,,20,2007年,ＲＣ,住宅,住宅,準工業,60,300,2026年第1四半期,,
中古マンション等,不動産取引価格情報,13107,東京都,墨田区,立川,森下(東京),3,25000000,１Ｋ,25,2007年,ＲＣ,住宅,その他,準工業,80,300,2026年第1四半期,,
中古マンション等,不動産取引価格情報,13107,東京都,墨田区,立川,森下(東京),6,45000000,１ＬＤＫ,35,2009年,ＲＣ,住宅,住宅,準工業,60,300,2026年第1四半期,,
中古マンション等,不動産取引価格情報,13107,東京都,墨田区,立川,森下(東京),2,35000000,１Ｋ,25,2017年,ＲＣ,住宅,住宅,準工業,60,300,2026年第1四半期,未改装,
中古マンション等,不動産取引価格情報,13107,東京都,墨田区,立川,森下(東京),4,40000000,１Ｋ,25,2019年,ＲＣ,住宅,その他,準工業,60,300,2026年第1四半期,,
中古マンション等,不動産取引価格情報,13107,東京都,墨田区,堤通,東向島,13,48000000,３ＬＤＫ,65,2000年,ＲＣ,住宅,住宅,準工業,60,300,2026年第1四半期,改装済み,
中古マンション等,不動産取引価格情報,13107,東京都,墨田区,業平,押上,2,41000000,１Ｋ,25,2019年,ＲＣ,住宅,住宅,近隣商業,80,300,2026年第1四半期,未改装,
中古マンション等,不動産取引価格情報,13107,東京都,墨田区,東墨田,八広,6,29000000,１Ｋ,25,2016年,ＲＣ,住宅,住宅,工業,60,200,2026年第1四半期,,
中古マンション等,不動産取引価格情報,13107,東京都,墨田区,東向島,京成曳舟,3,14000000,１Ｋ,15,1989年,ＳＲＣ,住宅,住宅,商業,80,400,2026年第1四半期,未改装,
中古マンション等,不動産取引価格情報,13107,東京都,墨田区,東向島,東向島,7,26000000,１Ｋ,25,2020年,ＲＣ,住宅,住宅,商業,80,500,2026年第1四半期,未改装,
中古マンション等,不動産取引価格情報,13107,東京都,墨田区,東向島,東向島,7,31000000,１Ｋ,25,2018年,ＲＣ,住宅,住宅,準工業,80,400,2026年第1四半期,改装済み,
中古マンション等,不動産取引価格情報,13107,東京都,墨田区,東向島,東向島,5,40000000,１Ｋ,40,2022年,ＲＣ,住宅,住宅,準工業,80,300,2026年第1四半期,未改装,
中古マンション等,不動産取引価格情報,13107,東京都,墨田区,東向島,東向島,7,50000000,２ＬＤＫ,45,2018年,ＲＣ,住宅,住宅,準工業,80,400,2026年第1四半期,未改装,
中古マンション等,不動産取引価格情報,13107,東京都,墨田区,文花,押上,11,23000000,１Ｋ,20,2007年,ＲＣ,住宅,住宅,準工業,80,300,2026年第1四半期,,
中古マンション等,不動産取引価格情報,13107,東京都,墨田区,文花,小村井,3,29000000,１Ｋ,25,2016年,ＲＣ,住宅,住宅,商業,80,400,2026年第1四半期,,
中古マンション等,不動産取引価格情報,13107,東京都,墨田区,本所,本所吾妻橋,7,23000000,１Ｋ,20,2007年,ＲＣ,住宅,住宅,近隣商業,80,300,2026年第1四半期,,
中古マンション等,不動産取引価格情報,13107,東京都,墨田区,緑,錦糸町,11,24000000,１Ｋ,20,2007年,ＳＲＣ,住宅,住宅,商業,80,500,2026年第1四半期,,
中古マンション等,不動産取引価格情報,13107,東京都,墨田区,緑,両国,3,34000000,オープンフロア,50,1992年,鉄骨造,事務所,事務所,商業,80,400,2026年第1四半期,未改装,
中古マンション等,不動産取引価格情報,13107,東京都,墨田区,緑,両国,3,34000000,オープンフロア,50,1992年,鉄骨造,事務所,事務所,商業,80,400,2026年第1四半期,未改装,
中古マンション等,不動産取引価格情報,13107,東京都,墨田区,緑,両国,5,17000000,１Ｋ,25,2012年,ＲＣ,住宅,その他,近隣商業,80,400,2026年第1四半期,,
中古マンション等,不動産取引価格情報,13107,東京都,墨田区,向島,押上,6,32000000,１Ｋ,25,2019年,ＲＣ,住宅,住宅,準工業,60,300,2026年第1四半期,未改装,
中古マンション等,不動産取引価格情報,13107,東京都,墨田区,向島,押上,6,32000000,１Ｋ,25,2012年,ＲＣ,住宅,その他,準工業,60,300,2026年第1四半期,,
中古マンション等,不動産取引価格情報,13107,東京都,墨田区,向島,とうきょうスカイツリー,7,26000000,１ＬＤＫ,40,1982年,ＳＲＣ、ＲＣ,住宅,住宅,商業,80,500,2026年第1四半期,未改装,
中古マンション等,不動産取引価格情報,13107,東京都,墨田区,向島,とうきょうスカイツリー,6,32000000,１Ｋ,25,2016年,ＲＣ,住宅,住宅,準工業,60,300,2026年第1四半期,,
中古マンション等,不動産取引価格情報,13107,東京都,墨田区,向島,とうきょうスカイツリー,6,33000000,１Ｋ,25,2016年,ＲＣ,,住宅,準工業,60,300,2026年第1四半期,未改装,
中古マンション等,不動産取引価格情報,13107,東京都,墨田区,向島,とうきょうスカイツリー,6,33000000,１Ｋ,25,2016年,ＲＣ,,住宅,準工業,60,300,2026年第1四半期,未改装,
中古マンション等,不動産取引価格情報,13107,東京都,墨田区,向島,とうきょうスカイツリー,3,14000000,１Ｋ,15,1986年,ＳＲＣ,住宅,事務所,商業,80,400,2026年第1四半期,未改装,
中古マンション等,不動産取引価格情報,13107,東京都,墨田区,向島,曳舟,9,72000000,３ＬＤＫ,55,2025年,ＲＣ,住宅,住宅,商業,80,400,2026年第1四半期,未改装,
中古マンション等,不動産取引価格情報,13107,東京都,墨田区,向島,本所吾妻橋,5,26000000,１ＤＫ,25,1997年,ＲＣ,住宅,住宅,商業,80,500,2026年第1四半期,未改装,
中古マンション等,不動産取引価格情報,13107,東京都,墨田区,向島,本所吾妻橋,6,50000000,２ＬＤＫ,45,1989年,ＲＣ,住宅,住宅,準工業,60,300,2026年第1四半期,改装済み,
中古マンション等,不動産取引価格情報,13107,東京都,墨田区,向島,本所吾妻橋,4,55000000,１ＬＤＫ,40,1988年,ＳＲＣ,,住宅,商業,80,500,2026年第1四半期,,
中古マンション等,不動産取引価格情報,13107,東京都,墨田区,八広,小村井,5,45000000,１ＬＤＫ,40,,ＲＣ,住宅,その他,,,,2026年第1四半期,,
中古マンション等,不動産取引価格情報,13107,東京都,墨田区,八広,京成曳舟,12,24000000,１Ｋ,25,2017年,ＲＣ,住宅,住宅,準工業,80,400,2026年第1四半期,,
中古マンション等,不動産取引価格情報,13107,東京都,墨田区,八広,八広,6,60000000,２ＬＤＫ＋Ｓ,75,2005年,ＲＣ,住宅,住宅,商業,80,500,2026年第1四半期,改装済み,
中古マンション等,不動産取引価格情報,13107,東京都,墨田区,八広,八広,5,59000000,３ＬＤＫ,60,2000年,ＳＲＣ,住宅,住宅,商業,80,500,2026年第1四半期,改装済み,
中古マンション等,不動産取引価格情報,13107,東京都,墨田区,八広,八広,9,52000000,１ＬＤＫ,40,2020年,ＲＣ,住宅,その他,準工業,80,200,2026年第1四半期,未改装,
中古マンション等,不動産取引価格情報,13107,東京都,墨田区,八広,八広,7,25000000,１Ｋ,25,2018年,ＲＣ,住宅,住宅,商業,80,400,2026年第1四半期,,
中古マンション等,不動産取引価格情報,13107,東京都,墨田区,横川,押上,6,72000000,２ＬＤＫ,60,1996年,ＳＲＣ,,住宅,１種住居,60,300,2026年第1四半期,未改装,
中古マンション等,不動産取引価格情報,13107,東京都,墨田区,横川,錦糸町,13,29000000,１Ｋ,25,2017年,ＲＣ,住宅,住宅,準工業,60,300,2026年第1四半期,未改装,
中古マンション等,不動産取引価格情報,13107,東京都,墨田区,両国,両国,8,23000000,１Ｋ,15,2009年,ＲＣ,住宅,住宅,商業,80,400,2026年第1四半期,,
中古マンション等,不動産取引価格情報,13107,東京都,墨田区,両国,両国,3,33000000,,25,2016年,ＲＣ,住宅,,商業,80,500,2026年第1四半期,,
中古マンション等,不動産取引価格情報,13107,東京都,墨田区,両国,両国,6,39000000,１Ｋ,30,2015年,ＲＣ,住宅,住宅,商業,80,500,2026年第1四半期,未改装,
中古マンション等,不動産取引価格情報,13107,東京都,墨田区,両国,両国,6,32000000,２ＤＫ,45,1980年,ＳＲＣ,住宅,住宅,商業,80,500,2026年第1四半期,改装済み,
中古マンション等,不動産取引価格情報,13107,東京都,墨田区,両国,両国,2,30000000,１Ｋ,25,2014年,ＲＣ,住宅,住宅,商業,80,500,2026年第1四半期,未改装,
中古マンション等,不動産取引価格情報,13107,東京都,墨田区,両国,両国,4,27000000,スタジオ,20,2002年,ＳＲＣ,住宅,住宅,商業,80,500,2026年第1四半期,未改装,
中古マンション等,不動産取引価格情報,13107,東京都,墨田区,両国,両国,8,28000000,１Ｋ,25,1983年,ＳＲＣ,住宅,住宅,商業,80,400,2026年第1四半期,改装済み,
中古マンション等,成約価格情報,13108,東京都,江東区,有明,国際展示場,8,280000000,２ＬＤＫ,110,2019年,ＲＣ,,,１種住居,,,2026年第1四半期,,
中古マンション等,成約価格情報,13108,東京都,江東区,有明,有明(東京),4,120000000,２ＬＤＫ,55,2019年,ＲＣ,,,１種住居,,,2026年第1四半期,,
中古マンション等,成約価格情報,13108,東京都,江東区,有明,有明テニスの森,9,110000000,２ＬＤＫ,55,2014年,ＲＣ,,,準工業,,,2026年第1四半期,,
中古マンション等,成約価格情報,13108,東京都,江東区,有明,有明テニスの森,9,100000000,２ＬＤＫ,75,2014年,ＲＣ,,,準工業,,,2026年第1四半期,,
中古マンション等,成約価格情報,13108,東京都,江東区,有明,有明テニスの森,4,84000000,１ＬＤＫ,45,2008年,ＲＣ,,,準工業,,,2026年第1四半期,,
中古マンション等,成約価格情報,13108,東京都,江東区,有明,お台場海浜公園,9,110000000,２ＬＤＫ,65,2021年,ＲＣ,,,準工業,,,2026年第1四半期,,
中古マンション等,成約価格情報,13108,東京都,江東区,有明,有明(東京),4,120000000,２ＬＤＫ,60,2019年,ＲＣ,,,１種住居,,,2026年第1四半期,,
中古マンション等,成約価格情報,13108,東京都,江東区,有明,有明テニスの森,6,79000000,１ＬＤＫ,40,2010年,ＲＣ,,,準工業,,,2026年第1四半期,,
中古マンション等,成約価格情報,13108,東京都,江東区,有明,有明テニスの森,9,79000000,１ＬＤＫ,45,2009年,ＲＣ,,,準工業,,,2026年第1四半期,,
中古マンション等,成約価格情報,13108,東京都,江東区,有明,有明(東京),4,120000000,１ＬＤＫ,55,2019年,ＲＣ,,,１種住居,,,2026年第1四半期,,
中古マンション等,成約価格情報,13108,東京都,江東区,有明,有明(東京),3,170000000,２ＬＤＫ,75,2019年,ＲＣ,,,１種住居,,,2026年第1四半期,,
中古マンション等,成約価格情報,13108,東京都,江東区,有明,有明テニスの森,6,130000000,３ＬＤＫ,70,2010年,ＲＣ,,,準工業,,,2026年第1四半期,,
中古マンション等,成約価格情報,13108,東京都,江東区,有明,有明テニスの森,5,130000000,２ＬＤＫ,65,2008年,ＲＣ,,,準工業,,,2026年第1四半期,,
中古マンション等,成約価格情報,13108,東京都,江東区,有明,有明テニスの森,9,97000000,２ＬＤＫ,60,2009年,ＲＣ,,,準工業,,,2026年第1四半期,,
中古マンション等,成約価格情報,13108,東京都,江東区,有明,有明テニスの森,9,100000000,１ＬＤＫ＋Ｓ,70,2006年,ＲＣ,,,準工業,,,2026年第1四半期,,
中古マンション等,成約価格情報,13108,東京都,江東区,有明,有明(東京),4,110000000,２ＬＤＫ,55,2019年,ＲＣ,,,１種住居,,,2026年第1四半期,,
中古マンション等,成約価格情報,13108,東京都,江東区,有明,有明テニスの森,9,92000000,２ＬＤＫ,60,2009年,ＲＣ,,,準工業,,,2026年第1四半期,,
中古マンション等,成約価格情報,13108,東京都,江東区,有明,有明(東京),4,120000000,２ＬＤＫ,60,2019年,ＲＣ,,,１種住居,,,2026年第1四半期,,
中古マンション等,成約価格情報,13108,東京都,江東区,有明,有明テニスの森,6,140000000,３ＬＤＫ,75,2010年,ＲＣ,,,準工業,,,2026年第1四半期,,
中古マンション等,成約価格情報,13108,東京都,江東区,有明,有明テニスの森,9,130000000,２ＬＤＫ,85,2009年,ＲＣ,,,準工業,,,2026年第1四半期,,
中古マンション等,成約価格情報,13108,東京都,江東区,有明,お台場海浜公園,9,85000000,１ＬＤＫ,50,2021年,ＲＣ,,,準工業,,,2026年第1四半期,,
中古マンション等,成約価格情報,13108,東京都,江東区,有明,有明テニスの森,6,130000000,３ＬＤＫ,70,2010年,ＲＣ,,,準工業,,,2026年第1四半期,,
中古マンション等,成約価格情報,13108,東京都,江東区,有明,有明テニスの森,6,86000000,１ＬＤＫ,45,2010年,ＲＣ,,,準工業,,,2026年第1四半期,,
中古マンション等,成約価格情報,13108,東京都,江東区,有明,有明(東京),6,95000000,１ＬＤＫ,40,2019年,ＲＣ,,,１種住居,,,2026年第1四半期,,
中古マンション等,成約価格情報,13108,東京都,江東区,有明,有明テニスの森,6,130000000,３ＬＤＫ,70,2010年,ＲＣ,,,準工業,,,2026年第1四半期,,
中古マンション等,成約価格情報,13108,東京都,江東区,有明,有明テニスの森,5,170000000,３ＬＤＫ,100,2008年,ＲＣ,,,準工業,,,2026年第1四半期,,
中古マンション等,成約価格情報,13108,東京都,江東区,有明,有明テニスの森,9,120000000,２ＬＤＫ,80,2006年,ＲＣ,,,準工業,,,2026年第1四半期,,
中古マンション等,成約価格情報,13108,東京都,江東区,有明,有明(東京),3,180000000,３ＬＤＫ,75,2019年,ＲＣ,,,１種住居,,,2026年第1四半期,,
中古マンション等,成約価格情報,13108,東京都,江東区,有明,有明テニスの森,9,99000000,２ＬＤＫ,60,2009年,ＲＣ,,,準工業,,,2026年第1四半期,改装済み,
中古マンション等,成約価格情報,13108,東京都,江東区,有明,有明テニスの森,6,140000000,３ＬＤＫ,75,2010年,ＲＣ,,,準工業,,,2026年第1四半期,,
中古マンション等,成約価格情報,13108,東京都,江東区,有明,有明テニスの森,10,130000000,３ＬＤＫ,75,2010年,ＲＣ,,,準工業,,,2026年第1四半期,,
中古マンション等,成約価格情報,13108,東京都,江東区,有明,有明テニスの森,8,120000000,２ＬＤＫ＋Ｓ,80,2006年,ＲＣ,,,準工業,,,2026年第1四半期,,
中古マンション等,成約価格情報,13108,東京都,江東区,有明,お台場海浜公園,9,84000000,１ＬＤＫ,45,2021年,ＲＣ,,,準工業,,,2026年第1四半期,,
中古マンション等,成約価格情報,13108,東京都,江東区,有明,国際展示場,6,110000000,２ＬＤＫ,55,2019年,ＲＣ,,,１種住居,,,2026年第1四半期,,
中古マンション等,成約価格情報,13108,東京都,江東区,有明,有明(東京),3,110000000,２ＬＤＫ,55,2019年,ＲＣ,,,１種住居,,,2026年第1四半期,,
中古マンション等,成約価格情報,13108,東京都,江東区,有明,有明テニスの森,9,100000000,２ＬＤＫ,65,2009年,ＲＣ,,,準工業,,,2026年第1四半期,,
中古マンション等,成約価格情報,13108,東京都,江東区,有明,有明テニスの森,6,100000000,２ＬＤＫ,60,2010年,ＲＣ,,,準工業,,,2026年第1四半期,,
中古マンション等,成約価格情報,13108,東京都,江東区,有明,お台場海浜公園,9,88000000,１ＬＤＫ＋Ｓ,45,2021年,ＲＣ,,,準工業,,,2026年第1四半期,,
中古マンション等,成約価格情報,13108,東京都,江東区,有明,有明テニスの森,9,90000000,１ＬＤＫ,50,2014年,ＲＣ,,,準工業,,,2026年第1四半期,,
中古マンション等,成約価格情報,13108,東京都,江東区,有明,有明テニスの森,9,98000000,２ＬＤＫ,60,2009年,ＲＣ,,,準工業,,,2026年第1四半期,,
中古マンション等,成約価格情報,13108,東京都,江東区,有明,有明テニスの森,6,130000000,３ＬＤＫ,70,2011年,ＲＣ,,,準工業,,,2026年第1四半期,,
中古マンション等,成約価格情報,13108,東京都,江東区,永代,門前仲町,4,96000000,２ＬＤＫ,65,2002年,ＳＲＣ,,,商業,,,2026年第1四半期,,
中古マンション等,成約価格情報,13108,東京都,江東区,北砂,西大島,9,47000000,３ＬＤＫ,65,1996年,ＳＲＣ,,,準工業,,,2026年第1四半期,,
中古マンション等,成約価格情報,13108,東京都,江東区,北砂,西大島,7,100000000,３ＬＤＫ,75,2022年,ＲＣ,,,準工業,,,2026年第1四半期,,
中古マンション等,成約価格情報,13108,東京都,江東区,北砂,西大島,13,65000000,３ＬＤＫ,70,2002年,ＲＣ,,,商業,,,2026年第1四半期,,
中古マンション等,成約価格情報,13108,東京都,江東区,北砂,西大島,7,47000000,３ＬＤＫ,55,1974年,ＳＲＣ,,,準工業,,,2026年第1四半期,,
中古マンション等,成約価格情報,13108,東京都,江東区,北砂,南砂町,20,18000000,２ＤＫ,55,1972年,ＳＲＣ,,,準工業,,,2026年第1四半期,,
中古マンション等,成約価格情報,13108,東京都,江東区,北砂,西大島,13,90000000,３ＬＤＫ,90,2008年,ＲＣ,,,準工業,,,2026年第1四半期,,
中古マンション等,成約価格情報,13108,東京都,江東区,北砂,西大島,7,64000000,１ＬＤＫ,45,2022年,ＲＣ,,,準工業,,,2026年第1四半期,,
中古マンション等,成約価格情報,13108,東京都,江東区,北砂,大島(東京),7,66000000,３ＬＤＫ,75,2000年,ＳＲＣ,,,近隣商業,,,2026年第1四半期,,
中古マンション等,成約価格情報,13108,東京都,江東区,北砂,南砂町,15,20000000,３ＤＫ,55,1972年,ＳＲＣ,,,準工業,,,2026年第1四半期,,
中古マンション等,成約価格情報,13108,東京都,江東区,清澄,清澄白河,8,150000000,３ＬＤＫ,75,2017年,ＲＣ,,,準工業,,,2026年第1四半期,,
中古マンション等,成約価格情報,13108,東京都,江東区,新大橋,森下(東京),6,130000000,３ＬＤＫ,80,2004年,ＲＣ,,,準工業,,,2026年第1四半期,,
中古マンション等,成約価格情報,13108,東京都,江東区,新大橋,森下(東京),4,120000000,１ＬＤＫ＋Ｓ,70,2016年,ＲＣ,,,準工業,,,2026年第1四半期,,
中古マンション等,成約価格情報,13108,東京都,江東区,新大橋,森下(東京),1,75000000,２ＬＤＫ,60,2007年,ＲＣ,,,商業,,,2026年第1四半期,,
中古マンション等,成約価格情報,13108,東京都,江東区,新大橋,森下(東京),5,25000000,１ＬＤＫ,45,1968年,ＲＣ,,,商業,,,2026年第1四半期,,
中古マンション等,成約価格情報,13108,東京都,江東区,新大橋,森下(東京),4,130000000,３ＬＤＫ＋Ｓ,75,2012年,ＲＣ,,,準工業,,,2026年第1四半期,,
中古マンション等,成約価格情報,13108,東京都,江東区,新大橋,森下(東京),3,89000000,２ＬＤＫ,60,2003年,ＳＲＣ,,,商業,,,2026年第1四半期,,
中古マンション等,成約価格情報,13108,東京都,江東区,高橋,清澄白河,3,88000000,３ＤＫ,65,2014年,ＲＣ,,,商業,,,2026年第1四半期,,
中古マンション等,成約価格情報,13108,東京都,江東区,高橋,清澄白河,4,59000000,２ＬＤＫ,55,1974年,ＳＲＣ,,,準工業,,,2026年第1四半期,,
中古マンション等,成約価格情報,13108,東京都,江東区,平野,清澄白河,14,160000000,４ＬＤＫ,90,2016年,ＲＣ,,,準工業,,,2026年第1四半期,,
中古マンション等,成約価格情報,13108,東京都,江東区,平野,清澄白河,8,46000000,２ＬＤＫ,65,1980年,ＳＲＣ,,,準工業,,,2026年第1四半期,,
中古マンション等,成約価格情報,13108,東京都,江東区,平野,清澄白河,7,45000000,１Ｋ,40,2005年,,,,準工業,,,2026年第1四半期,,
中古マンション等,成約価格情報,13108,東京都,江東区,深川,門前仲町,7,52000000,２ＬＤＫ,55,1973年,ＳＲＣ,,,準工業,,,2026年第1四半期,,
中古マンション等,成約価格情報,13108,東京都,江東区,深川,門前仲町,7,60000000,１ＬＤＫ,55,1973年,ＳＲＣ,,,準工業,,,2026年第1四半期,,
中古マンション等,成約価格情報,13108,東京都,江東区,深川,清澄白河,7,56000000,１ＬＤＫ＋Ｓ,60,1972年,ＳＲＣ,,,商業,,,2026年第1四半期,,
中古マンション等,成約価格情報,13108,東京都,江東区,三好,清澄白河,11,90000000,２ＬＤＫ,70,2003年,ＲＣ,,,準工業,,,2026年第1四半期,,
中古マンション等,成約価格情報,13108,東京都,江東区,三好,清澄白河,7,27000000,１Ｋ,25,2013年,ＲＣ,,,準工業,,,2026年第1四半期,,
中古マンション等,成約価格情報,13108,東京都,江東区,森下,清澄白河,6,65000000,３ＬＤＫ,75,1981年,ＳＲＣ,,,準工業,,,2026年第1四半期,,
中古マンション等,成約価格情報,13108,東京都,江東区,森下,菊川(東京),6,22000000,１Ｋ,25,2010年,ＲＣ,,,準工業,,,2026年第1四半期,,
中古マンション等,成約価格情報,13108,東京都,江東区,森下,森下(東京),1,64000000,２ＬＤＫ,55,1993年,ＳＲＣ,,,商業,,,2026年第1四半期,,
中古マンション等,成約価格情報,13108,東京都,江東区,森下,森下(東京),6,87000000,２ＬＤＫ,75,2004年,ＲＣ,,,準工業,,,2026年第1四半期,,
中古マンション等,成約価格情報,13108,東京都,江東区,森下,菊川(東京),3,97000000,３ＬＤＫ,75,2001年,ＲＣ,,,準工業,,,2026年第1四半期,,
中古マンション等,成約価格情報,13108,東京都,江東区,枝川,潮見,9,64000000,３ＬＤＫ,75,2002年,ＲＣ,,,準工業,,,2026年第1四半期,,
中古マンション等,成約価格情報,13108,東京都,江東区,枝川,潮見,14,80000000,４ＬＤＫ,85,2002年,ＳＲＣ,,,準工業,,,2026年第1四半期,,
中古マンション等,成約価格情報,13108,東京都,江東区,枝川,潮見,11,99000000,３ＬＤＫ,95,2013年,ＲＣ,,,準工業,,,2026年第1四半期,,
中古マンション等,成約価格情報,13108,東京都,江東区,枝川,潮見,8,77000000,３ＬＤＫ,70,2002年,ＲＣ,,,準工業,,,2026年第1四半期,,
中古マンション等,成約価格情報,13108,東京都,江東区,枝川,潮見,10,49000000,３ＬＤＫ,65,1983年,ＳＲＣ,,,準工業,,,2026年第1四半期,,
中古マンション等,成約価格情報,13108,東京都,江東区,枝川,豊洲,13,47000000,３ＬＤＫ,55,1979年,ＳＲＣ,,,準工業,,,2026年第1四半期,,
中古マンション等,成約価格情報,13108,東京都,江東区,枝川,豊洲,13,85000000,３ＬＤＫ,70,2013年,ＲＣ,,,準工業,,,2026年第1四半期,,
中古マンション等,成約価格情報,13108,東京都,江東区,枝川,豊洲,7,98000000,１ＬＤＫ＋Ｓ,75,2000年,ＲＣ,,,準工業,,,2026年第1四半期,,
中古マンション等,成約価格情報,13108,東京都,江東区,枝川,豊洲,10,82000000,３ＬＤＫ,75,2001年,ＲＣ,,,準工業,,,2026年第1四半期,,
中古マンション等,成約価格情報,13108,東京都,江東区,枝川,豊洲,14,54000000,２ＬＤＫ,60,1983年,ＳＲＣ,,,準工業,,,2026年第1四半期,,
中古マンション等,成約価格情報,13108,東京都,江東区,枝川,豊洲,11,80000000,３ＬＤＫ,65,1996年,ＲＣ,,,準工業,,,2026年第1四半期,,
中古マンション等,成約価格情報,13108,東京都,江東区,扇橋,住吉(東京),7,140000000,３ＬＤＫ＋Ｓ,75,2020年,ＲＣ,,,準工業,,,2026年第1四半期,,
中古マンション等,成約価格情報,13108,東京都,江東区,扇橋,住吉(東京),7,23000000,１ＬＤＫ,40,1994年,鉄骨造,,,商業,,,2026年第1四半期,,
中古マンション等,成約価格情報,13108,東京都,江東区,扇橋,住吉(東京),7,47000000,２ＬＤＫ,55,1994年,鉄骨造,,,商業,,,2026年第1四半期,,
中古マンション等,成約価格情報,13108,東京都,江東区,扇橋,住吉(東京),7,110000000,３ＬＤＫ,70,2020年,ＲＣ,,,準工業,,,2026年第1四半期,,
中古マンション等,成約価格情報,13108,東京都,江東区,扇橋,住吉(東京),5,140000000,２ＬＤＫ＋Ｓ,75,2018年,ＲＣ,,,準工業,,,2026年第1四半期,,
中古マンション等,成約価格情報,13108,東京都,江東区,扇橋,住吉(東京),5,93000000,２ＬＤＫ,55,2011年,ＲＣ,,,商業,,,2026年第1四半期,,
中古マンション等,成約価格情報,13108,東京都,江東区,扇橋,住吉(東京),7,130000000,３ＬＤＫ,70,2020年,ＲＣ,,,準工業,,,2026年第1四半期,,
中古マンション等,成約価格情報,13108,東京都,江東区,扇橋,住吉(東京),6,110000000,４ＬＤＫ,80,1998年,ＳＲＣ,,,準工業,,,2026年第1四半期,改装済み,
中古マンション等,成約価格情報,13108,東京都,江東区,扇橋,清澄白河,11,95000000,３ＬＤＫ,70,2014年,ＲＣ,,,準工業,,,2026年第1四半期,,
中古マンション等,成約価格情報,13108,東京都,江東区,大島,大島(東京),2,25000000,１Ｒ,30,2018年,ＲＣ,,,商業,,,2026年第1四半期,,
中古マンション等,成約価格情報,13108,東京都,江東区,大島,住吉(東京),9,90000000,３ＬＤＫ,90,1997年,ＲＣ,,,準工業,,,2026年第1四半期,,
中古マンション等,成約価格情報,13108,東京都,江東区,大島,亀戸,9,73000000,３ＬＤＫ,70,2001年,ＳＲＣ,,,準工業,,,2026年第1四半期,,
中古マンション等,成約価格情報,13108,東京都,江東区,大島,亀戸,9,100000000,４ＬＤＫ,90,2001年,ＳＲＣ,,,準工業,,,2026年第1四半期,,
中古マンション等,成約価格情報,13108,東京都,江東区,大島,西大島,2,29000000,１Ｋ,30,2019年,ＲＣ,,,商業,,,2026年第1四半期,,
中古マンション等,成約価格情報,13108,東京都,江東区,大島,大島(東京),10,60000000,１ＬＤＫ,70,2004年,,,,準工業,,,2026年第1四半期,,
中古マンション等,成約価格情報,13108,東京都,江東区,大島,西大島,2,48000000,１ＬＤＫ,40,2004年,ＲＣ,,,商業,,,2026年第1四半期,,
中古マンション等,成約価格情報,13108,東京都,江東区,大島,大島(東京),1,67000000,３ＬＤＫ,70,1999年,ＳＲＣ,,,商業,,,2026年第1四半期,,
中古マンション等,成約価格情報,13108,東京都,江東区,大島,大島(東京),10,68000000,２ＬＤＫ,70,2004年,ＲＣ,,,準工業,,,2026年第1四半期,,
中古マンション等,成約価格情報,13108,東京都,江東区,大島,東大島,3,45000000,３ＬＤＫ,70,1982年,ＳＲＣ,,,準工業,,,2026年第1四半期,,
中古マンション等,成約価格情報,13108,東京都,江東区,大島,東大島,3,50000000,２ＬＤＫ＋Ｓ,55,1986年,ＳＲＣ,,,１種住居,,,2026年第1四半期,,
中古マンション等,成約価格情報,13108,東京都,江東区,大島,東大島,3,43000000,３ＬＤＫ,65,1982年,ＳＲＣ,,,準工業,,,2026年第1四半期,,
中古マンション等,成約価格情報,13108,東京都,江東区,大島,大島(東京),2,67000000,３ＬＤＫ,70,1997年,ＲＣ,,,２種住居,,,2026年第1四半期,,
中古マンション等,成約価格情報,13108,東京都,江東区,大島,大島(東京),2,64000000,２ＬＤＫ＋Ｓ,70,1997年,ＲＣ,,,２種住居,,,2026年第1四半期,,
中古マンション等,成約価格情報,13108,東京都,江東区,大島,東大島,3,40000000,１ＬＤＫ＋Ｓ,70,1986年,ＳＲＣ,,,１種住居,,,2026年第1四半期,,
中古マンション等,成約価格情報,13108,東京都,江東区,大島,東大島,8,57000000,３ＬＤＫ,75,1981年,ＳＲＣ,,,準工業,,,2026年第1四半期,,
中古マンション等,成約価格情報,13108,東京都,江東区,大島,西大島,8,130000000,３ＬＤＫ,75,2023年,ＲＣ,,,準工業,,,2026年第1四半期,,
中古マンション等,成約価格情報,13108,東京都,江東区,大島,住吉(東京),11,85000000,３ＬＤＫ,65,2020年,ＲＣ,,,準工業,,,2026年第1四半期,,
中古マンション等,成約価格情報,13108,東京都,江東区,大島,住吉(東京),11,93000000,２ＬＤＫ,60,2020年,ＲＣ,,,準工業,,,2026年第1四半期,,
中古マンション等,成約価格情報,13108,東京都,江東区,大島,大島(東京),4,50000000,２ＬＤＫ＋Ｓ,70,1995年,ＲＣ,,,準工業,,,2026年第1四半期,,
中古マンション等,成約価格情報,13108,東京都,江東区,大島,大島(東京),3,64000000,３ＬＤＫ,65,1997年,ＳＲＣ,,,２種住居,,,2026年第1四半期,,
中古マンション等,成約価格情報,13108,東京都,江東区,大島,西大島,3,45000000,４ＬＤＫ,105,1980年,ＳＲＣ,,,準工業,,,2026年第1四半期,,
中古マンション等,成約価格情報,13108,東京都,江東区,大島,東大島,8,73000000,３ＬＤＫ,75,2001年,ＳＲＣ,,,準工業,,,2026年第1四半期,改装済み,
中古マンション等,成約価格情報,13108,東京都,江東区,大島,大島(東京),3,64000000,３ＬＤＫ,65,1997年,ＳＲＣ,,,２種住居,,,2026年第1四半期,,
中古マンション等,成約価格情報,13108,東京都,江東区,大島,大島(東京),1,40000000,１ＬＤＫ,40,2005年,ＲＣ,,,商業,,,2026年第1四半期,,
中古マンション等,成約価格情報,13108,東京都,江東区,大島,大島(東京),9,53000000,３ＬＤＫ,60,1995年,ＲＣ,,,準工業,,,2026年第1四半期,,
中古マンション等,成約価格情報,13108,東京都,江東区,大島,住吉(東京),6,60000000,２ＬＤＫ＋Ｓ,75,1985年,,,,準工業,,,2026年第1四半期,,
中古マンション等,成約価格情報,13108,東京都,江東区,大島,亀戸,7,84000000,３ＬＤＫ,65,2012年,ＲＣ,,,準工業,,,2026年第1四半期,,
中古マンション等,成約価格情報,13108,東京都,江東区,大島,大島(東京),4,27000000,２ＤＫ,50,1980年,ＳＲＣ,,,準工業,,,2026年第1四半期,,
中古マンション等,成約価格情報,13108,東京都,江東区,大島,大島(東京),10,69000000,２ＬＤＫ,65,2004年,,,,準工業,,,2026年第1四半期,,
中古マンション等,成約価格情報,13108,東京都,江東区,大島,住吉(東京),11,130000000,４ＬＤＫ,85,2020年,ＲＣ,,,準工業,,,2026年第1四半期,,
中古マンション等,成約価格情報,13108,東京都,江東区,大島,大島(東京),2,69000000,２ＬＤＫ＋Ｓ,70,1997年,ＲＣ,,,１種住居,,,2026年第1四半期,,
中古マンション等,成約価格情報,13108,東京都,江東区,大島,大島(東京),2,65000000,２ＬＤＫ＋Ｓ,70,1997年,ＲＣ,,,１種住居,,,2026年第1四半期,,
中古マンション等,成約価格情報,13108,東京都,江東区,大島,大島(東京),2,71000000,３ＬＤＫ,70,1997年,ＲＣ,,,１種住居,,,2026年第1四半期,,
中古マンション等,成約価格情報,13108,東京都,江東区,大島,大島(東京),2,69000000,３ＬＤＫ,70,1997年,ＲＣ,,,１種住居,,,2026年第1四半期,,
中古マンション等,成約価格情報,13108,東京都,江東区,大島,東大島,3,62000000,４ＬＤＫ,100,1986年,ＳＲＣ,,,１種住居,,,2026年第1四半期,,
中古マンション等,成約価格情報,13108,東京都,江東区,大島,東大島,3,73000000,３ＬＤＫ,90,1986年,ＳＲＣ,,,１種住居,,,2026年第1四半期,,
中古マンション等,成約価格情報,13108,東京都,江東区,大島,大島(東京),3,69000000,２ＬＤＫ＋Ｓ,70,1997年,ＲＣ,,,１種住居,,,2026年第1四半期,改装済み,
中古マンション等,成約価格情報,13108,東京都,江東区,大島,東大島,4,53000000,３ＬＤＫ,60,1986年,ＳＲＣ,,,１種住居,,,2026年第1四半期,,
中古マンション等,成約価格情報,13108,東京都,江東区,大島,大島(東京),2,47000000,１ＬＤＫ＋Ｓ,60,2006年,ＲＣ,,,商業,,,2026年第1四半期,,
中古マンション等,成約価格情報,13108,東京都,江東区,大島,大島(東京),10,70000000,３ＬＤＫ,80,2004年,ＲＣ,,,準工業,,,2026年第1四半期,,
中古マンション等,成約価格情報,13108,東京都,江東区,大島,東大島,1,50000000,３ＬＤＫ,70,1986年,ＲＣ,,,１種住居,,,2026年第1四半期,,
中古マンション等,成約価格情報,13108,東京都,江東区,大島,西大島,2,13000000,１Ｒ,25,1992年,ＳＲＣ,,,商業,,,2026年第1四半期,,
中古マンション等,成約価格情報,13108,東京都,江東区,大島,大島(東京),2,72000000,２ＬＤＫ＋Ｓ,70,1997年,ＲＣ,,,１種住居,,,2026年第1四半期,,
中古マンション等,成約価格情報,13108,東京都,江東区,大島,大島(東京),2,65000000,２ＬＤＫ＋Ｓ,70,1997年,ＲＣ,,,１種住居,,,2026年第1四半期,,
中古マンション等,成約価格情報,13108,東京都,江東区,大島,大島(東京),2,68000000,３ＬＤＫ,75,1997年,ＲＣ,,,１種住居,,,2026年第1四半期,,
中古マンション等,成約価格情報,13108,東京都,江東区,大島,東大島,7,100000000,３ＬＤＫ,70,2022年,ＲＣ,,,準工業,,,2026年第1四半期,,
中古マンション等,成約価格情報,13108,東京都,江東区,大島,西大島,7,24000000,１Ｋ,30,2022年,ＲＣ,,,準工業,,,2026年第1四半期,,
中古マンション等,成約価格情報,13108,東京都,江東区,大島,東大島,6,42000000,１ＬＤＫ＋Ｓ,65,1990年,ＲＣ,,,準工業,,,2026年第1四半期,改装済み,
中古マンション等,成約価格情報,13108,東京都,江東区,亀戸,亀戸,3,17000000,２ＤＫ,45,1974年,ＳＲＣ,,,商業,,,2026年第1四半期,,
中古マンション等,成約価格情報,13108,東京都,江東区,亀戸,亀戸,14,12000000,１Ｒ,25,1974年,ＳＲＣ,,,商業,,,2026年第1四半期,,
中古マンション等,成約価格情報,13108,東京都,江東区,亀戸,亀戸,13,45000000,２ＬＤＫ＋Ｓ,75,1979年,ＳＲＣ,,,準工業,,,2026年第1四半期,改装済み,
中古マンション等,成約価格情報,13108,東京都,江東区,亀戸,亀戸,14,60000000,１ＬＤＫ＋Ｓ,65,2016年,ＲＣ,,,準工業,,,2026年第1四半期,,
中古マンション等,成約価格情報,13108,東京都,江東区,亀戸,亀戸,10,35000000,２ＬＤＫ,60,1982年,ＲＣ,,,準工業,,,2026年第1四半期,,
中古マンション等,成約価格情報,13108,東京都,江東区,亀戸,東大島,10,80000000,４ＬＤＫ,95,2005年,ＳＲＣ,,,１種住居,,,2026年第1四半期,,
中古マンション等,成約価格情報,13108,東京都,江東区,亀戸,亀戸,2,130000000,２ＬＤＫ,65,2021年,ＲＣ,,,商業,,,2026年第1四半期,,
中古マンション等,成約価格情報,13108,東京都,江東区,亀戸,亀戸,13,64000000,３ＬＤＫ,75,2003年,ＲＣ,,,１種住居,,,2026年第1四半期,,
中古マンション等,成約価格情報,13108,東京都,江東区,亀戸,亀戸,3,22000000,１Ｒ,30,2012年,ＲＣ,,,商業,,,2026年第1四半期,,
中古マンション等,成約価格情報,13108,東京都,江東区,亀戸,錦糸町,10,69000000,２ＬＤＫ,60,2007年,ＲＣ,,,準工業,,,2026年第1四半期,,
中古マンション等,成約価格情報,13108,東京都,江東区,亀戸,亀戸,15,37000000,２ＬＤＫ,55,1979年,ＲＣ,,,準工業,,,2026年第1四半期,,
中古マンション等,成約価格情報,13108,東京都,江東区,亀戸,錦糸町,7,90000000,３ＬＤＫ,70,2000年,ＳＲＣ,,,商業,,,2026年第1四半期,,
中古マンション等,成約価格情報,13108,東京都,江東区,亀戸,亀戸,2,110000000,２ＬＤＫ,60,2021年,ＲＣ,,,商業,,,2026年第1四半期,,
中古マンション等,成約価格情報,13108,東京都,江東区,亀戸,亀戸,2,68000000,１ＬＤＫ＋Ｓ,35,2021年,ＲＣ,,,商業,,,2026年第1四半期,,
中古マンション等,成約価格情報,13108,東京都,江東区,亀戸,亀戸,5,94000000,２ＬＤＫ,55,2020年,ＲＣ,,,商業,,,2026年第1四半期,,
中古マンション等,成約価格情報,13108,東京都,江東区,亀戸,錦糸町,14,22000000,１Ｋ,25,2014年,ＲＣ,,,商業,,,2026年第1四半期,,
中古マンション等,成約価格情報,13108,東京都,江東区,亀戸,亀戸,10,31000000,１Ｋ,30,2020年,ＲＣ,,,準工業,,,2026年第1四半期,,
中古マンション等,成約価格情報,13108,東京都,江東区,亀戸,平井(東京),11,80000000,３ＬＤＫ,85,2008年,ＳＲＣ,,,準工業,,,2026年第1四半期,,
中古マンション等,成約価格情報,13108,東京都,江東区,亀戸,亀戸,10,88000000,３ＬＤＫ,70,2017年,ＲＣ,,,１種住居,,,2026年第1四半期,,
中古マンション等,成約価格情報,13108,東京都,江東区,亀戸,亀戸,10,32000000,１ＬＤＫ,40,1978年,ＲＣ,,,準工業,,,2026年第1四半期,,
中古マンション等,成約価格情報,13108,東京都,江東区,亀戸,錦糸町,10,37000000,２ＬＤＫ,55,1969年,ＳＲＣ,,,１中住専,,,2026年第1四半期,,
中古マンション等,成約価格情報,13108,東京都,江東区,亀戸,亀戸,7,24000000,１Ｒ,40,1973年,ＳＲＣ,,,準工業,,,2026年第1四半期,,
中古マンション等,成約価格情報,13108,東京都,江東区,亀戸,亀戸,8,49000000,３ＬＤＫ,70,1982年,ＳＲＣ,,,準工業,,,2026年第1四半期,,
中古マンション等,成約価格情報,13108,東京都,江東区,亀戸,亀戸,9,22000000,１Ｋ,25,2006年,ＲＣ,,,準工業,,,2026年第1四半期,,
中古マンション等,成約価格情報,13108,東京都,江東区,亀戸,亀戸,10,14000000,１Ｋ,25,1992年,ＲＣ,,,準住居,,,2026年第1四半期,,
中古マンション等,成約価格情報,13108,東京都,江東区,亀戸,東大島,7,68000000,３ＬＤＫ,90,2003年,ＳＲＣ,,,準工業,,,2026年第1四半期,,
中古マンション等,成約価格情報,13108,東京都,江東区,亀戸,錦糸町,11,28000000,１Ｋ,25,2014年,ＲＣ,,,商業,,,2026年第1四半期,,
中古マンション等,成約価格情報,13108,東京都,江東区,亀戸,亀戸,2,69000000,１ＬＤＫ,40,2021年,ＲＣ,,,商業,,,2026年第1四半期,,
中古マンション等,成約価格情報,13108,東京都,江東区,亀戸,亀戸,7,95000000,４ＬＤＫ,85,2009年,ＲＣ,,,近隣商業,,,2026年第1四半期,,
中古マンション等,成約価格情報,13108,東京都,江東区,亀戸,錦糸町,10,48000000,３ＬＤＫ,55,1973年,鉄骨造,,,１中住専,,,2026年第1四半期,,
中古マンション等,成約価格情報,13108,東京都,江東区,亀戸,亀戸,6,24000000,１Ｋ,25,2012年,ＲＣ,,,準工業,,,2026年第1四半期,,
中古マンション等,成約価格情報,13108,東京都,江東区,亀戸,平井(東京),11,90000000,４ＬＤＫ,90,2008年,ＳＲＣ,,,準工業,,,2026年第1四半期,,
中古マンション等,成約価格情報,13108,東京都,江東区,亀戸,亀戸,13,66000000,４ＬＤＫ,85,2000年,ＲＣ,,,準工業,,,2026年第1四半期,,
中古マンション等,成約価格情報,13108,東京都,江東区,亀戸,亀戸,3,120000000,２ＬＤＫ,65,2021年,ＲＣ,,,商業,,,2026年第1四半期,,
中古マンション等,成約価格情報,13108,東京都,江東区,亀戸,亀戸,2,130000000,２ＬＤＫ,60,2021年,ＲＣ,,,商業,,,2026年第1四半期,,
中古マンション等,成約価格情報,13108,東京都,江東区,亀戸,東大島,8,84000000,４ＬＤＫ,95,2009年,ＲＣ,,,準工業,,,2026年第1四半期,,
中古マンション等,成約価格情報,13108,東京都,江東区,亀戸,平井(東京),11,93000000,３ＬＤＫ,90,2008年,ＳＲＣ,,,準工業,,,2026年第1四半期,,
中古マンション等,成約価格情報,13108,東京都,江東区,亀戸,亀戸,8,25000000,１Ｒ,35,2007年,ＲＣ,,,準工業,,,2026年第1四半期,,
中古マンション等,成約価格情報,13108,東京都,江東区,亀戸,亀戸,4,29000000,１Ｒ,35,2009年,ＲＣ,,,商業,,,2026年第1四半期,,
中古マンション等,成約価格情報,13108,東京都,江東区,亀戸,亀戸,11,77000000,４ＬＤＫ,85,2004年,ＲＣ,,,準工業,,,2026年第1四半期,改装済み,
中古マンション等,成約価格情報,13108,東京都,江東区,亀戸,亀戸,2,67000000,２ＬＤＫ,65,1999年,ＳＲＣ,,,商業,,,2026年第1四半期,,
中古マンション等,成約価格情報,13108,東京都,江東区,亀戸,亀戸水神,9,31000000,１Ｋ,30,2015年,ＲＣ,,,商業,,,2026年第1四半期,,
中古マンション等,成約価格情報,13108,東京都,江東区,亀戸,錦糸町,11,36000000,２ＬＤＫ,55,1982年,ＲＣ,,,商業,,,2026年第1四半期,,
中古マンション等,成約価格情報,13108,東京都,江東区,亀戸,亀戸,5,31000000,２Ｋ,50,1980年,ＳＲＣ,,,商業,,,2026年第1四半期,,
中古マンション等,成約価格情報,13108,東京都,江東区,亀戸,亀戸,5,38000000,２ＬＤＫ,55,1981年,ＳＲＣ,,,商業,,,2026年第1四半期,,
中古マンション等,成約価格情報,13108,東京都,江東区,亀戸,東大島,13,37000000,３ＬＤＫ,80,1980年,ＳＲＣ,,,準工業,,,2026年第1四半期,,
中古マンション等,成約価格情報,13108,東京都,江東区,亀戸,亀戸,5,43000000,２ＬＤＫ,55,1991年,ＳＲＣ,,,商業,,,2026年第1四半期,,
中古マンション等,成約価格情報,13108,東京都,江東区,亀戸,亀戸,12,38000000,２ＬＤＫ,65,1976年,ＳＲＣ,,,２種住居,,,2026年第1四半期,,
中古マンション等,成約価格情報,13108,東京都,江東区,亀戸,亀戸,5,32000000,２ＤＫ＋Ｓ,55,1982年,ＳＲＣ,,,商業,,,2026年第1四半期,,
中古マンション等,成約価格情報,13108,東京都,江東区,亀戸,亀戸,4,22000000,１Ｋ,25,2008年,ＲＣ,,,商業,,,2026年第1四半期,,
中古マンション等,成約価格情報,13108,東京都,江東区,亀戸,東大島,13,25000000,３ＬＤＫ,70,1980年,ＳＲＣ,,,準工業,,,2026年第1四半期,,
中古マンション等,成約価格情報,13108,東京都,江東区,亀戸,大島(東京),11,70000000,３ＬＤＫ,75,2003年,ＲＣ,,,１種住居,,,2026年第1四半期,,
中古マンション等,成約価格情報,13108,東京都,江東区,亀戸,亀戸,14,16000000,１Ｋ,25,2006年,ＲＣ,,,準工業,,,2026年第1四半期,,
中古マンション等,成約価格情報,13108,東京都,江東区,亀戸,亀戸,3,84000000,３ＬＤＫ,75,1997年,ＳＲＣ,,,商業,,,2026年第1四半期,,
中古マンション等,成約価格情報,13108,東京都,江東区,亀戸,亀戸,5,30000000,１Ｋ,30,2020年,ＲＣ,,,商業,,,2026年第1四半期,,
中古マンション等,成約価格情報,13108,東京都,江東区,亀戸,亀戸,5,77000000,４ＬＤＫ,80,1996年,ＳＲＣ,,,商業,,,2026年第1四半期,,
中古マンション等,成約価格情報,13108,東京都,江東区,亀戸,押上,12,50000000,２ＬＤＫ,55,1995年,ＲＣ,,,商業,,,2026年第1四半期,,
中古マンション等,成約価格情報,13108,東京都,江東区,亀戸,東大島,8,61000000,３ＬＤＫ,75,2009年,ＲＣ,,,準工業,,,2026年第1四半期,,
中古マンション等,成約価格情報,13108,東京都,江東区,木場,木場,2,45000000,２ＬＤＫ,55,1980年,ＳＲＣ,,,商業,,,2026年第1四半期,,
中古マンション等,成約価格情報,13108,東京都,江東区,木場,木場,4,20000000,２ＤＫ＋Ｓ,55,1980年,ＳＲＣ,,,商業,,,2026年第1四半期,,
中古マンション等,成約価格情報,13108,東京都,江東区,木場,木場,3,37000000,１ＬＤＫ,45,1978年,ＳＲＣ,,,商業,,,2026年第1四半期,,
中古マンション等,成約価格情報,13108,東京都,江東区,木場,木場,1,32000000,１ＬＤＫ,50,1980年,ＲＣ,,,商業,,,2026年第1四半期,,
中古マンション等,成約価格情報,13108,東京都,江東区,木場,木場,10,43000000,３ＬＤＫ,65,1981年,ＳＲＣ,,,準工業,,,2026年第1四半期,,
中古マンション等,成約価格情報,13108,東京都,江東区,木場,木場,7,100000000,３ＬＤＫ,75,2013年,ＲＣ,,,準工業,,,2026年第1四半期,,
中古マンション等,成約価格情報,13108,東京都,江東区,木場,木場,2,64000000,２ＬＤＫ,50,1991年,ＳＲＣ,,,準工業,,,2026年第1四半期,,
中古マンション等,成約価格情報,13108,東京都,江東区,木場,木場,4,46000000,１ＬＤＫ,55,1984年,ＳＲＣ,,,商業,,,2026年第1四半期,,
中古マンション等,成約価格情報,13108,東京都,江東区,木場,木場,2,70000000,２ＬＤＫ,55,1997年,ＲＣ,,,準住居,,,2026年第1四半期,,
中古マンション等,成約価格情報,13108,東京都,江東区,猿江,住吉(東京),8,35000000,３ＬＤＫ,70,1982年,ＲＣ,,,準工業,,,2026年第1四半期,,
中古マンション等,成約価格情報,13108,東京都,江東区,猿江,住吉(東京),6,70000000,３ＬＤＫ,65,1994年,ＳＲＣ,,,準工業,,,2026年第1四半期,,
中古マンション等,成約価格情報,13108,東京都,江東区,猿江,住吉(東京),6,50000000,３ＤＫ,65,1981年,ＲＣ,,,準工業,,,2026年第1四半期,,
中古マンション等,成約価格情報,13108,東京都,江東区,猿江,住吉(東京),6,75000000,２ＬＤＫ,60,1994年,ＳＲＣ,,,準工業,,,2026年第1四半期,,
中古マンション等,成約価格情報,13108,東京都,江東区,猿江,住吉(東京),7,33000000,１Ｋ,30,2020年,ＲＣ,,,準工業,,,2026年第1四半期,,
中古マンション等,成約価格情報,13108,東京都,江東区,潮見,潮見,4,83000000,３ＬＤＫ,75,2002年,ＲＣ,,,準工業,,,2026年第1四半期,,
中古マンション等,成約価格情報,13108,東京都,江東区,潮見,潮見,6,34000000,１Ｋ,30,2017年,ＲＣ,,,準工業,,,2026年第1四半期,,
中古マンション等,成約価格情報,13108,東京都,江東区,潮見,潮見,3,81000000,３ＬＤＫ,80,1999年,ＳＲＣ,,,準工業,,,2026年第1四半期,,
中古マンション等,成約価格情報,13108,東京都,江東区,潮見,潮見,3,76000000,３ＬＤＫ,80,2002年,ＲＣ,,,準工業,,,2026年第1四半期,,
中古マンション等,成約価格情報,13108,東京都,江東区,潮見,潮見,4,68000000,３ＬＤＫ,75,2002年,ＲＣ,,,準工業,,,2026年第1四半期,,
中古マンション等,成約価格情報,13108,東京都,江東区,潮見,潮見,8,76000000,３ＬＤＫ,70,2013年,ＲＣ,,,準工業,,,2026年第1四半期,,
中古マンション等,成約価格情報,13108,東京都,江東区,富岡,門前仲町,7,52000000,２ＬＤＫ,50,1980年,ＳＲＣ,,,近隣商業,,,2026年第1四半期,,
中古マンション等,成約価格情報,13108,東京都,江東区,富岡,門前仲町,7,80000000,２ＬＤＫ＋Ｓ,65,1983年,ＲＣ,,,近隣商業,,,2026年第1四半期,,
中古マンション等,成約価格情報,13108,東京都,江東区,富岡,門前仲町,4,59000000,２ＬＤＫ＋Ｓ,80,1978年,ＳＲＣ,,,準工業,,,2026年第1四半期,,
中古マンション等,成約価格情報,13108,東京都,江東区,豊洲,豊洲,6,270000000,３ＬＤＫ,110,2009年,ＲＣ,,,工業,,,2026年第1四半期,,
中古マンション等,成約価格情報,13108,東京都,江東区,豊洲,新豊洲,6,170000000,３ＬＤＫ,80,2016年,ＲＣ,,,工業,,,2026年第1四半期,,
中古マンション等,成約価格情報,13108,東京都,江東区,豊洲,豊洲,6,170000000,２ＬＤＫ,80,2009年,ＲＣ,,,工業,,,2026年第1四半期,,
中古マンション等,成約価格情報,13108,東京都,江東区,豊洲,豊洲,8,210000000,２ＬＤＫ,100,2008年,ＲＣ,,,工業,,,2026年第1四半期,,
中古マンション等,成約価格情報,13108,東京都,江東区,豊洲,豊洲,7,160000000,３ＬＤＫ,75,2008年,ＲＣ,,,工業,,,2026年第1四半期,,
中古マンション等,成約価格情報,13108,東京都,江東区,豊洲,豊洲,6,150000000,３ＬＤＫ,75,2008年,ＲＣ,,,工業,,,2026年第1四半期,,
中古マンション等,成約価格情報,13108,東京都,江東区,豊洲,豊洲,7,320000000,２ＬＤＫ,120,2009年,ＲＣ,,,工業,,,2026年第1四半期,,
中古マンション等,成約価格情報,13108,東京都,江東区,豊洲,豊洲,5,140000000,２ＬＤＫ,65,2016年,ＲＣ,,,準工業,,,2026年第1四半期,,
中古マンション等,成約価格情報,13108,東京都,江東区,豊洲,豊洲,6,190000000,３ＬＤＫ,85,2008年,ＲＣ,,,工業,,,2026年第1四半期,,
中古マンション等,成約価格情報,13108,東京都,江東区,豊洲,豊洲,6,150000000,３ＬＤＫ,90,2008年,ＲＣ,,,工業,,,2026年第1四半期,,
中古マンション等,成約価格情報,13108,東京都,江東区,豊洲,豊洲,5,120000000,１ＬＤＫ,45,2021年,ＲＣ,,,工業,,,2026年第1四半期,,
中古マンション等,成約価格情報,13108,東京都,江東区,豊洲,豊洲,5,170000000,２ＬＤＫ,65,2021年,ＲＣ,,,準工業,,,2026年第1四半期,,
中古マンション等,成約価格情報,13108,東京都,江東区,豊洲,豊洲,4,300000000,３ＬＤＫ,105,2021年,ＲＣ,,,工業,,,2026年第1四半期,,
中古マンション等,成約価格情報,13108,東京都,江東区,豊洲,豊洲,6,140000000,２ＬＤＫ,75,2008年,ＲＣ,,,工業,,,2026年第1四半期,,
中古マンション等,成約価格情報,13108,東京都,江東区,豊洲,豊洲,5,110000000,２ＬＤＫ,55,2009年,ＲＣ,,,工業,,,2026年第1四半期,,
中古マンション等,成約価格情報,13108,東京都,江東区,豊洲,豊洲,5,160000000,２ＬＤＫ,75,2016年,ＲＣ,,,準工業,,,2026年第1四半期,,
中古マンション等,成約価格情報,13108,東京都,江東区,豊洲,豊洲,12,140000000,４ＬＤＫ,120,2000年,ＲＣ,,,準工業,,,2026年第1四半期,,
中古マンション等,成約価格情報,13108,東京都,江東区,豊洲,豊洲,5,120000000,１ＬＤＫ,45,2021年,ＲＣ,,,工業,,,2026年第1四半期,,
中古マンション等,成約価格情報,13108,東京都,江東区,豊洲,豊洲,6,110000000,２ＬＤＫ,65,2008年,ＲＣ,,,工業,,,2026年第1四半期,,
中古マンション等,成約価格情報,13108,東京都,江東区,豊洲,豊洲,5,190000000,３ＬＤＫ,85,2016年,ＲＣ,,,準工業,,,2026年第1四半期,,
中古マンション等,成約価格情報,13108,東京都,江東区,豊洲,豊洲,9,100000000,３ＬＤＫ,70,2000年,ＳＲＣ,,,準工業,,,2026年第1四半期,,
中古マンション等,成約価格情報,13108,東京都,江東区,豊洲,豊洲,6,120000000,２ＬＤＫ,60,2008年,ＲＣ,,,工業,,,2026年第1四半期,,
中古マンション等,成約価格情報,13108,東京都,江東区,豊洲,豊洲,5,200000000,３ＬＤＫ,90,2016年,ＲＣ,,,準工業,,,2026年第1四半期,,
中古マンション等,成約価格情報,13108,東京都,江東区,豊洲,豊洲,5,95000000,２ＬＤＫ,60,2016年,ＲＣ,,,準工業,,,2026年第1四半期,,
中古マンション等,成約価格情報,13108,東京都,江東区,豊洲,豊洲,5,160000000,２ＬＤＫ,75,2016年,ＲＣ,,,準工業,,,2026年第1四半期,,
中古マンション等,成約価格情報,13108,東京都,江東区,豊洲,豊洲,6,140000000,２ＬＤＫ,75,2009年,ＲＣ,,,工業,,,2026年第1四半期,,
中古マンション等,成約価格情報,13108,東京都,江東区,豊洲,豊洲,4,140000000,３ＬＤＫ,90,2005年,ＳＲＣ,,,準工業,,,2026年第1四半期,,
中古マンション等,成約価格情報,13108,東京都,江東区,豊洲,豊洲,5,86000000,１ＬＤＫ,40,2009年,ＲＣ,,,工業,,,2026年第1四半期,,
中古マンション等,成約価格情報,13108,東京都,江東区,豊洲,豊洲,5,170000000,２ＬＤＫ,85,2009年,ＲＣ,,,工業,,,2026年第1四半期,改装済み,
中古マンション等,成約価格情報,13108,東京都,江東区,豊洲,豊洲,9,80000000,４ＬＤＫ,90,1981年,ＳＲＣ,,,準工業,,,2026年第1四半期,改装済み,
中古マンション等,成約価格情報,13108,東京都,江東区,豊洲,豊洲,4,130000000,４ＬＤＫ,90,2007年,ＳＲＣ,,,準工業,,,2026年第1四半期,,
中古マンション等,成約価格情報,13108,東京都,江東区,豊洲,豊洲,6,150000000,３ＬＤＫ,85,2005年,ＳＲＣ,,,準工業,,,2026年第1四半期,,
中古マンション等,成約価格情報,13108,東京都,江東区,豊洲,豊洲,4,98000000,２ＬＤＫ,70,2007年,ＳＲＣ,,,準工業,,,2026年第1四半期,,
中古マンション等,成約価格情報,13108,東京都,江東区,豊洲,豊洲,7,160000000,２ＬＤＫ,75,2008年,ＲＣ,,,工業,,,2026年第1四半期,,
中古マンション等,成約価格情報,13108,東京都,江東区,豊洲,豊洲,4,280000000,３ＬＤＫ,85,2021年,ＲＣ,,,準工業,,,2026年第1四半期,,
中古マンション等,成約価格情報,13108,東京都,江東区,豊洲,新豊洲,5,170000000,３ＬＤＫ,80,2014年,ＲＣ,,,工業,,,2026年第1四半期,,
中古マンション等,成約価格情報,13108,東京都,江東区,豊洲,豊洲,4,140000000,２ＬＤＫ,70,2009年,ＲＣ,,,工業,,,2026年第1四半期,,
中古マンション等,成約価格情報,13108,東京都,江東区,豊洲,新豊洲,5,170000000,３ＬＤＫ,75,2014年,ＲＣ,,,工業,,,2026年第1四半期,,
中古マンション等,成約価格情報,13108,東京都,江東区,豊洲,豊洲,4,120000000,２ＬＤＫ,80,2005年,ＳＲＣ,,,準工業,,,2026年第1四半期,,
中古マンション等,成約価格情報,13108,東京都,江東区,豊洲,豊洲,6,150000000,２ＬＤＫ,80,2009年,ＲＣ,,,工業,,,2026年第1四半期,,
中古マンション等,成約価格情報,13108,東京都,江東区,豊洲,新豊洲,6,190000000,２ＬＤＫ,80,2014年,ＲＣ,,,工業,,,2026年第1四半期,,
中古マンション等,成約価格情報,13108,東京都,江東区,豊洲,豊洲,5,100000000,１ＬＤＫ,60,2008年,ＲＣ,,,工業,,,2026年第1四半期,,
中古マンション等,成約価格情報,13108,東京都,江東区,豊洲,豊洲,5,110000000,３ＬＤＫ,80,2007年,ＳＲＣ,,,準工業,,,2026年第1四半期,,
中古マンション等,成約価格情報,13108,東京都,江東区,豊洲,豊洲,6,110000000,２ＬＤＫ,65,2013年,ＲＣ,,,準工業,,,2026年第1四半期,,
中古マンション等,成約価格情報,13108,東京都,江東区,豊洲,豊洲,2,100000000,２ＬＤＫ＋Ｓ,75,1984年,ＳＲＣ,,,商業,,,2026年第1四半期,改装済み,
中古マンション等,成約価格情報,13108,東京都,江東区,豊洲,豊洲,2,92000000,１ＬＤＫ,80,1984年,ＳＲＣ,,,商業,,,2026年第1四半期,,
中古マンション等,成約価格情報,13108,東京都,江東区,豊洲,新豊洲,5,140000000,２ＬＤＫ,65,2014年,ＲＣ,,,工業,,,2026年第1四半期,,
中古マンション等,成約価格情報,13108,東京都,江東区,豊洲,豊洲,6,160000000,３ＬＤＫ,70,2009年,ＲＣ,,,工業,,,2026年第1四半期,,
中古マンション等,成約価格情報,13108,東京都,江東区,豊洲,新豊洲,5,180000000,３ＬＤＫ,85,2014年,ＲＣ,,,工業,,,2026年第1四半期,,
中古マンション等,成約価格情報,13108,東京都,江東区,豊洲,新豊洲,5,160000000,３ＬＤＫ,75,2014年,ＲＣ,,,工業,,,2026年第1四半期,,
中古マンション等,成約価格情報,13108,東京都,江東区,豊洲,豊洲,9,110000000,３ＬＤＫ,75,2014年,ＲＣ,,,準工業,,,2026年第1四半期,改装済み,
中古マンション等,成約価格情報,13108,東京都,江東区,冬木,門前仲町,5,41000000,１ＤＫ,30,2024年,ＲＣ,,,準工業,,,2026年第1四半期,,
中古マンション等,成約価格情報,13108,東京都,江東区,冬木,門前仲町,10,54000000,１ＬＤＫ,40,1992年,ＳＲＣ,,,準工業,,,2026年第1四半期,,
中古マンション等,成約価格情報,13108,東京都,江東区,冬木,門前仲町,8,88000000,３ＬＤＫ,65,2000年,ＲＣ,,,準工業,,,2026年第1四半期,,
中古マンション等,成約価格情報,13108,東京都,江東区,古石場,門前仲町,9,110000000,３ＬＤＫ,80,2002年,ＲＣ,,,準工業,,,2026年第1四半期,,
中古マンション等,成約価格情報,13108,東京都,江東区,古石場,木場,9,71000000,３ＬＤＫ,60,1997年,ＳＲＣ,,,準工業,,,2026年第1四半期,,
中古マンション等,成約価格情報,13108,東京都,江東区,古石場,門前仲町,9,51000000,２ＤＫ,50,2002年,ＲＣ,,,準工業,,,2026年第1四半期,,
中古マンション等,成約価格情報,13108,東京都,江東区,越中島,越中島,6,78000000,２ＬＤＫ＋Ｓ,80,1986年,ＳＲＣ,,,１種住居,,,2026年第1四半期,,
中古マンション等,成約価格情報,13108,東京都,江東区,越中島,門前仲町,7,78000000,３ＬＤＫ,80,1986年,ＳＲＣ,,,１種住居,,,2026年第1四半期,,
中古マンション等,成約価格情報,13108,東京都,江東区,越中島,越中島,6,110000000,４ＬＤＫ,90,1997年,,,,準工業,,,2026年第1四半期,,
中古マンション等,成約価格情報,13108,東京都,江東区,越中島,越中島,5,51000000,２ＬＤＫ,65,1980年,ＳＲＣ,,,１種住居,,,2026年第1四半期,,
中古マンション等,成約価格情報,13108,東京都,江東区,越中島,門前仲町,6,75000000,１ＬＤＫ,60,1986年,ＳＲＣ,,,１種住居,,,2026年第1四半期,,
中古マンション等,成約価格情報,13108,東京都,江東区,佐賀,門前仲町,10,53000000,１ＬＤＫ,40,1997年,ＳＲＣ,,,商業,,,2026年第1四半期,,
中古マンション等,成約価格情報,13108,東京都,江東区,塩浜,木場,12,53000000,３ＬＤＫ,75,1983年,,,,準工業,,,2026年第1四半期,,
中古マンション等,成約価格情報,13108,東京都,江東区,塩浜,木場,10,22000000,１Ｋ,25,2008年,ＲＣ,,,準工業,,,2026年第1四半期,,
中古マンション等,成約価格情報,13108,東京都,江東区,塩浜,木場,12,85000000,４ＬＤＫ,85,2003年,ＳＲＣ,,,準工業,,,2026年第1四半期,,
中古マンション等,成約価格情報,13108,東京都,江東区,塩浜,東陽町,7,120000000,４ＬＤＫ,85,2010年,ＲＣ,,,準工業,,,2026年第1四半期,,
中古マンション等,成約価格情報,13108,東京都,江東区,塩浜,木場,11,97000000,３ＬＤＫ,75,2016年,ＲＣ,,,準工業,,,2026年第1四半期,,
中古マンション等,成約価格情報,13108,東京都,江東区,塩浜,豊洲,12,100000000,３ＬＤＫ,70,2012年,ＲＣ,,,準工業,,,2026年第1四半期,,
中古マンション等,成約価格情報,13108,東京都,江東区,塩浜,木場,11,75000000,３ＬＤＫ,70,2003年,ＲＣ,,,準工業,,,2026年第1四半期,,
中古マンション等,成約価格情報,13108,東京都,江東区,塩浜,東陽町,10,97000000,３ＬＤＫ,85,2006年,ＲＣ,,,準工業,,,2026年第1四半期,,
中古マンション等,成約価格情報,13108,東京都,江東区,塩浜,豊洲,16,97000000,３ＬＤＫ,85,2003年,ＳＲＣ,,,準工業,,,2026年第1四半期,,
中古マンション等,成約価格情報,13108,東京都,江東区,塩浜,木場,11,85000000,３ＬＤＫ,65,2016年,ＲＣ,,,準工業,,,2026年第1四半期,,
中古マンション等,成約価格情報,13108,東京都,江東区,塩浜,豊洲,13,150000000,３ＬＤＫ,115,2003年,ＳＲＣ,,,準工業,,,2026年第1四半期,,
中古マンション等,成約価格情報,13108,東京都,江東区,東雲,辰巳,7,130000000,３ＬＤＫ,90,2004年,ＲＣ,,,２種住居,,,2026年第1四半期,改装済み,
中古マンション等,成約価格情報,13108,東京都,江東区,東雲,辰巳,7,72000000,１ＬＤＫ,60,2007年,ＲＣ,,,２種住居,,,2026年第1四半期,,
中古マンション等,成約価格情報,13108,東京都,江東区,東雲,辰巳,9,110000000,２ＬＤＫ,85,2009年,鉄骨造,,,２種住居,,,2026年第1四半期,,
中古マンション等,成約価格情報,13108,東京都,江東区,東雲,豊洲,12,130000000,３ＬＤＫ,90,2012年,ＲＣ,,,２種住居,,,2026年第1四半期,,
中古マンション等,成約価格情報,13108,東京都,江東区,東雲,東雲(東京),7,120000000,２ＬＤＫ,70,2014年,ＲＣ,,,２種住居,,,2026年第1四半期,,
中古マンション等,成約価格情報,13108,東京都,江東区,東雲,東雲(東京),6,130000000,２ＬＤＫ,75,2014年,ＲＣ,,,２種住居,,,2026年第1四半期,,
中古マンション等,成約価格情報,13108,東京都,江東区,東雲,豊洲,12,130000000,３ＬＤＫ＋Ｓ,85,2012年,ＲＣ,,,２種住居,,,2026年第1四半期,,
中古マンション等,成約価格情報,13108,東京都,江東区,東雲,東雲(東京),4,76000000,３ＬＤＫ,70,2001年,ＲＣ,,,準工業,,,2026年第1四半期,,
中古マンション等,成約価格情報,13108,東京都,江東区,東雲,東雲(東京),3,94000000,３ＬＤＫ,90,2003年,ＲＣ,,,準工業,,,2026年第1四半期,,
中古マンション等,成約価格情報,13108,東京都,江東区,東雲,辰巳,6,110000000,２ＬＤＫ,90,2004年,ＲＣ,,,２種住居,,,2026年第1四半期,,
中古マンション等,成約価格情報,13108,東京都,江東区,東雲,辰巳,8,170000000,３ＬＤＫ,115,2004年,ＲＣ,,,２種住居,,,2026年第1四半期,,
中古マンション等,成約価格情報,13108,東京都,江東区,東雲,辰巳,9,110000000,３ＬＤＫ,75,2008年,ＲＣ,,,２種住居,,,2026年第1四半期,,
中古マンション等,成約価格情報,13108,東京都,江東区,東雲,東雲(東京),7,120000000,２ＬＤＫ,60,2014年,ＲＣ,,,２種住居,,,2026年第1四半期,,
中古マンション等,成約価格情報,13108,東京都,江東区,東雲,東雲(東京),9,120000000,４ＬＤＫ,90,2012年,ＲＣ,,,準工業,,,2026年第1四半期,,
中古マンション等,成約価格情報,13108,東京都,江東区,東雲,東雲(東京),7,140000000,３ＬＤＫ,75,2014年,ＲＣ,,,２種住居,,,2026年第1四半期,,
中古マンション等,成約価格情報,13108,東京都,江東区,東雲,豊洲,12,120000000,２ＬＤＫ＋Ｓ,80,2012年,ＲＣ,,,２種住居,,,2026年第1四半期,改装済み,
中古マンション等,成約価格情報,13108,東京都,江東区,東雲,辰巳,9,140000000,３ＬＤＫ,100,2009年,ＲＣ,,,２種住居,,,2026年第1四半期,,
中古マンション等,成約価格情報,13108,東京都,江東区,東雲,辰巳,10,90000000,２ＬＤＫ,65,2009年,ＲＣ,,,２種住居,,,2026年第1四半期,,
中古マンション等,成約価格情報,13108,東京都,江東区,東雲,辰巳,11,100000000,２ＬＤＫ,70,2012年,ＲＣ,,,２種住居,,,2026年第1四半期,,
中古マンション等,成約価格情報,13108,東京都,江東区,東雲,東雲(東京),7,120000000,２ＬＤＫ,65,2014年,ＲＣ,,,２種住居,,,2026年第1四半期,,
中古マンション等,成約価格情報,13108,東京都,江東区,東雲,豊洲,10,150000000,３ＬＤＫ,80,2020年,ＲＣ,,,工業,,,2026年第1四半期,,
中古マンション等,成約価格情報,13108,東京都,江東区,東雲,豊洲,11,210000000,４ＬＤＫ,105,2012年,ＲＣ,,,２種住居,,,2026年第1四半期,,
中古マンション等,成約価格情報,13108,東京都,江東区,東雲,辰巳,7,100000000,２ＬＤＫ,75,2007年,ＲＣ,,,２種住居,,,2026年第1四半期,,
中古マンション等,成約価格情報,13108,東京都,江東区,東雲,大崎,3,93000000,２ＬＤＫ,65,2012年,ＲＣ,,,準工業,,,2026年第1四半期,,
中古マンション等,成約価格情報,13108,東京都,江東区,東雲,辰巳,7,110000000,２ＬＤＫ,85,2004年,ＲＣ,,,２種住居,,,2026年第1四半期,,
中古マンション等,成約価格情報,13108,東京都,江東区,東雲,豊洲,11,93000000,２ＬＤＫ,60,2017年,ＲＣ,,,準工業,,,2026年第1四半期,,
中古マンション等,成約価格情報,13108,東京都,江東区,東雲,東雲(東京),7,120000000,３ＬＤＫ,80,2014年,ＲＣ,,,２種住居,,,2026年第1四半期,,
中古マンション等,成約価格情報,13108,東京都,江東区,東雲,豊洲,13,80000000,３ＬＤＫ,75,1999年,ＳＲＣ,,,準工業,,,2026年第1四半期,,
中古マンション等,成約価格情報,13108,東京都,江東区,東雲,辰巳,9,110000000,２ＬＤＫ,75,2008年,ＲＣ,,,２種住居,,,2026年第1四半期,,
中古マンション等,成約価格情報,13108,東京都,江東区,東雲,東雲(東京),4,83000000,２ＬＤＫ,60,2012年,ＲＣ,,,準工業,,,2026年第1四半期,,
中古マンション等,成約価格情報,13108,東京都,江東区,東雲,辰巳,10,99000000,２ＬＤＫ,85,2009年,ＲＣ,,,２種住居,,,2026年第1四半期,,
中古マンション等,成約価格情報,13108,東京都,江東区,東雲,辰巳,8,100000000,１ＬＤＫ＋Ｓ,85,2004年,ＲＣ,,,２種住居,,,2026年第1四半期,,
中古マンション等,成約価格情報,13108,東京都,江東区,白河,清澄白河,7,72000000,１ＬＤＫ,40,2008年,ＲＣ,,,商業,,,2026年第1四半期,,
中古マンション等,成約価格情報,13108,東京都,江東区,白河,清澄白河,7,170000000,２ＬＤＫ,80,2008年,ＲＣ,,,商業,,,2026年第1四半期,,
中古マンション等,成約価格情報,13108,東京都,江東区,白河,清澄白河,6,150000000,３ＬＤＫ,85,2010年,ＲＣ,,,商業,,,2026年第1四半期,,
中古マンション等,成約価格情報,13108,東京都,江東区,白河,清澄白河,6,140000000,３ＬＤＫ,85,2010年,ＲＣ,,,商業,,,2026年第1四半期,,
中古マンション等,成約価格情報,13108,東京都,江東区,白河,清澄白河,6,150000000,２ＬＤＫ,75,2010年,ＲＣ,,,商業,,,2026年第1四半期,,
中古マンション等,成約価格情報,13108,東京都,江東区,白河,清澄白河,1,150000000,４ＬＤＫ,90,1998年,ＳＲＣ,,,商業,,,2026年第1四半期,,
中古マンション等,成約価格情報,13108,東京都,江東区,白河,清澄白河,6,140000000,３ＬＤＫ,75,2010年,ＲＣ,,,商業,,,2026年第1四半期,,
中古マンション等,成約価格情報,13108,東京都,江東区,白河,清澄白河,1,40000000,２ＤＫ,45,1982年,ＳＲＣ,,,商業,,,2026年第1四半期,,
中古マンション等,成約価格情報,13108,東京都,江東区,新砂,南砂町,4,70000000,２ＬＤＫ,55,2005年,ＲＣ,,,準工業,,,2026年第1四半期,,
中古マンション等,成約価格情報,13108,東京都,江東区,新砂,南砂町,4,94000000,３ＬＤＫ,75,2005年,ＲＣ,,,準工業,,,2026年第1四半期,,
中古マンション等,成約価格情報,13108,東京都,江東区,新砂,東陽町,7,120000000,３ＬＤＫ,90,2007年,ＲＣ,,,準住居,,,2026年第1四半期,,
中古マンション等,成約価格情報,13108,東京都,江東区,新砂,東陽町,3,75000000,２ＬＤＫ,60,2005年,ＲＣ,,,準工業,,,2026年第1四半期,,
中古マンション等,成約価格情報,13108,東京都,江東区,新砂,南砂町,4,72000000,２ＬＤＫ,60,2005年,ＲＣ,,,準工業,,,2026年第1四半期,,
中古マンション等,成約価格情報,13108,東京都,江東区,住吉,菊川(東京),4,85000000,２ＬＤＫ,60,2004年,ＲＣ,,,商業,,,2026年第1四半期,,
中古マンション等,成約価格情報,13108,東京都,江東区,住吉,住吉(東京),5,65000000,２ＬＤＫ,60,1994年,ＲＣ,,,近隣商業,,,2026年第1四半期,,
中古マンション等,成約価格情報,13108,東京都,江東区,東陽,東陽町,2,90000000,３ＬＤＫ,70,2005年,ＳＲＣ,,,商業,,,2026年第1四半期,,
中古マンション等,成約価格情報,13108,東京都,江東区,東陽,東陽町,6,94000000,１ＬＤＫ＋Ｓ,55,2024年,ＲＣ,,,準工業,,,2026年第1四半期,,
中古マンション等,成約価格情報,13108,東京都,江東区,東陽,東陽町,3,30000000,１Ｒ,50,1974年,ＳＲＣ,,,商業,,,2026年第1四半期,,
中古マンション等,成約価格情報,13108,東京都,江東区,東陽,東陽町,8,120000000,３ＬＤＫ,70,2019年,ＲＣ,,,準工業,,,2026年第1四半期,,
中古マンション等,成約価格情報,13108,東京都,江東区,東陽,東陽町,5,120000000,３ＬＤＫ,70,2016年,ＲＣ,,,準工業,,,2026年第1四半期,,
中古マンション等,成約価格情報,13108,東京都,江東区,東陽,東陽町,11,88000000,３ＬＤＫ,85,2004年,ＳＲＣ,,,準工業,,,2026年第1四半期,,
中古マンション等,成約価格情報,13108,東京都,江東区,東陽,東陽町,8,21000000,１ＤＫ,35,1974年,ＳＲＣ,,,準工業,,,2026年第1四半期,,
中古マンション等,成約価格情報,13108,東京都,江東区,東陽,東陽町,5,53000000,３ＬＤＫ,65,1974年,ＳＲＣ,,,準工業,,,2026年第1四半期,,
中古マンション等,成約価格情報,13108,東京都,江東区,東陽,東陽町,5,80000000,２ＬＤＫ,55,2016年,ＲＣ,,,準工業,,,2026年第1四半期,,
中古マンション等,成約価格情報,13108,東京都,江東区,東陽,東陽町,8,130000000,３ＬＤＫ,75,2019年,ＲＣ,,,準工業,,,2026年第1四半期,,
中古マンション等,成約価格情報,13108,東京都,江東区,東陽,東陽町,4,120000000,１ＬＤＫ,75,2018年,ＲＣ,,,準工業,,,2026年第1四半期,,
中古マンション等,成約価格情報,13108,東京都,江東区,東陽,東陽町,4,49000000,２ＬＤＫ,55,1977年,ＳＲＣ,,,準工業,,,2026年第1四半期,,
中古マンション等,成約価格情報,13108,東京都,江東区,東陽,東陽町,8,140000000,３ＬＤＫ,75,2019年,ＲＣ,,,準工業,,,2026年第1四半期,,
中古マンション等,成約価格情報,13108,東京都,江東区,東陽,東陽町,5,120000000,３ＬＤＫ,70,2016年,ＲＣ,,,準工業,,,2026年第1四半期,,
中古マンション等,成約価格情報,13108,東京都,江東区,東陽,東陽町,5,45000000,２ＬＤＫ,65,1974年,ＳＲＣ,,,準工業,,,2026年第1四半期,,
中古マンション等,成約価格情報,13108,東京都,江東区,東陽,東陽町,3,45000000,２ＬＤＫ,55,1978年,ＳＲＣ,,,準工業,,,2026年第1四半期,,
中古マンション等,成約価格情報,13108,東京都,江東区,東陽,東陽町,5,130000000,３ＬＤＫ,70,2016年,ＲＣ,,,準工業,,,2026年第1四半期,,
中古マンション等,成約価格情報,13108,東京都,江東区,東陽,東陽町,7,55000000,３ＬＤＫ,75,1982年,ＳＲＣ,,,準工業,,,2026年第1四半期,,
中古マンション等,成約価格情報,13108,東京都,江東区,東陽,東陽町,5,50000000,３ＬＤＫ,75,1982年,ＳＲＣ,,,準工業,,,2026年第1四半期,,
中古マンション等,成約価格情報,13108,東京都,江東区,東陽,木場,,21000000,１Ｋ,20,2006年,ＲＣ,,,商業,,,2026年第1四半期,,
中古マンション等,成約価格情報,13108,東京都,江東区,東陽,東陽町,11,46000000,３ＬＤＫ,75,1978年,ＳＲＣ,,,準工業,,,2026年第1四半期,,
中古マンション等,成約価格情報,13108,東京都,江東区,東陽,東陽町,5,39000000,２ＬＤＫ,55,1974年,ＳＲＣ,,,準工業,,,2026年第1四半期,,
中古マンション等,成約価格情報,13108,東京都,江東区,東陽,東陽町,5,29000000,１Ｋ,30,2016年,ＲＣ,,,商業,,,2026年第1四半期,,
中古マンション等,成約価格情報,13108,東京都,江東区,東陽,東陽町,8,38000000,１Ｒ,55,1975年,,,,準工業,,,2026年第1四半期,,
中古マンション等,成約価格情報,13108,東京都,江東区,東砂,東大島,16,29000000,３ＬＤＫ,70,2009年,ＲＣ,,,準工業,,,2026年第1四半期,,
中古マンション等,成約価格情報,13108,東京都,江東区,東砂,大島(東京),15,25000000,１Ｒ,50,1980年,ＲＣ,,,準工業,,,2026年第1四半期,,
中古マンション等,成約価格情報,13108,東京都,江東区,東砂,南砂町,19,11000000,２ＤＫ,45,1969年,ＲＣ,,,準工業,,,2026年第1四半期,,
中古マンション等,成約価格情報,13108,東京都,江東区,東砂,南砂町,13,53000000,３ＬＤＫ,65,2000年,ＳＲＣ,,,準工業,,,2026年第1四半期,,
中古マンション等,成約価格情報,13108,東京都,江東区,東砂,大島(東京),18,47000000,３ＬＤＫ,75,1996年,ＳＲＣ,,,準工業,,,2026年第1四半期,改装済み,
中古マンション等,成約価格情報,13108,東京都,江東区,東砂,南砂町,13,87000000,２ＬＤＫ＋Ｓ,70,2022年,ＲＣ,,,準工業,,,2026年第1四半期,,
中古マンション等,成約価格情報,13108,東京都,江東区,東砂,南砂町,13,62000000,４ＬＤＫ,120,2004年,ＲＣ,,,準工業,,,2026年第1四半期,,
中古マンション等,成約価格情報,13108,東京都,江東区,東砂,大島(東京),17,42000000,２ＬＤＫ＋Ｓ,80,2001年,ＲＣ,,,準工業,,,2026年第1四半期,,
中古マンション等,成約価格情報,13108,東京都,江東区,東砂,南砂町,19,33000000,３ＬＤＫ,70,1979年,ＳＲＣ,,,準工業,,,2026年第1四半期,,
中古マンション等,成約価格情報,13108,東京都,江東区,東砂,大島(東京),13,43000000,２ＬＤＫ,70,1979年,ＳＲＣ,,,準工業,,,2026年第1四半期,,
中古マンション等,成約価格情報,13108,東京都,江東区,東砂,南砂町,12,53000000,３ＬＤＫ,70,2000年,ＳＲＣ,,,準工業,,,2026年第1四半期,,
中古マンション等,成約価格情報,13108,東京都,江東区,東砂,東大島,14,40000000,３ＬＤＫ,80,2003年,ＲＣ,,,準工業,,,2026年第1四半期,,
中古マンション等,成約価格情報,13108,東京都,江東区,東砂,大島(東京),17,51000000,３ＬＤＫ,75,1997年,ＳＲＣ,,,準工業,,,2026年第1四半期,改装済み,
中古マンション等,成約価格情報,13108,東京都,江東区,東砂,大島(東京),17,54000000,２ＬＤＫ＋Ｓ,70,2001年,ＲＣ,,,準工業,,,2026年第1四半期,,
中古マンション等,成約価格情報,13108,東京都,江東区,東砂,南砂町,13,85000000,２ＬＤＫ＋Ｓ,70,2022年,ＲＣ,,,準工業,,,2026年第1四半期,,
中古マンション等,成約価格情報,13108,東京都,江東区,東砂,南砂町,12,90000000,２ＬＤＫ＋Ｓ,70,2022年,ＲＣ,,,準工業,,,2026年第1四半期,,
中古マンション等,成約価格情報,13108,東京都,江東区,東砂,南砂町,10,35000000,３ＬＤＫ,70,1975年,ＳＲＣ,,,準工業,,,2026年第1四半期,,
中古マンション等,成約価格情報,13108,東京都,江東区,東砂,南砂町,9,73000000,３ＬＤＫ,65,2015年,ＲＣ,,,１種住居,,,2026年第1四半期,,
中古マンション等,成約価格情報,13108,東京都,江東区,東砂,南砂町,14,42000000,３ＬＤＫ,85,2004年,ＲＣ,,,準工業,,,2026年第1四半期,,
中古マンション等,成約価格情報,13108,東京都,江東区,東砂,大島(東京),14,27000000,３ＬＤＫ,75,1980年,ＲＣ,,,準工業,,,2026年第1四半期,,
中古マンション等,成約価格情報,13108,東京都,江東区,東砂,東大島,10,40000000,２ＬＤＫ,55,1982年,ＳＲＣ,,,準工業,,,2026年第1四半期,,
中古マンション等,成約価格情報,13108,東京都,江東区,東砂,南砂町,13,82000000,３ＬＤＫ,70,2020年,ＲＣ,,,準工業,,,2026年第1四半期,,
中古マンション等,成約価格情報,13108,東京都,江東区,東砂,東大島,16,43000000,２ＬＤＫ＋Ｓ,65,1996年,ＳＲＣ,,,準工業,,,2026年第1四半期,改装済み,
中古マンション等,成約価格情報,13108,東京都,江東区,東砂,大島(東京),15,25000000,２ＤＫ,50,1979年,ＳＲＣ,,,準工業,,,2026年第1四半期,,
中古マンション等,成約価格情報,13108,東京都,江東区,東砂,南砂町,12,58000000,３ＬＤＫ,80,2000年,ＳＲＣ,,,準工業,,,2026年第1四半期,,
中古マンション等,成約価格情報,13108,東京都,江東区,東砂,大島(東京),10,36000000,４ＬＤＫ,75,1984年,ＳＲＣ,,,準工業,,,2026年第1四半期,,
中古マンション等,成約価格情報,13108,東京都,江東区,東砂,南砂町,16,55000000,３ＬＤＫ,80,1997年,ＳＲＣ,,,準工業,,,2026年第1四半期,,
中古マンション等,成約価格情報,13108,東京都,江東区,東砂,南砂町,13,86000000,３ＬＤＫ,75,2020年,ＲＣ,,,準工業,,,2026年第1四半期,,
中古マンション等,成約価格情報,13108,東京都,江東区,東砂,南砂町,13,36000000,３ＤＫ,70,1975年,ＳＲＣ,,,準工業,,,2026年第1四半期,,
中古マンション等,成約価格情報,13108,東京都,江東区,東砂,東大島,9,38000000,２ＬＤＫ＋Ｓ,65,1987年,ＳＲＣ,,,準工業,,,2026年第1四半期,,
中古マンション等,成約価格情報,13108,東京都,江東区,牡丹,門前仲町,5,26000000,１ＬＤＫ,50,1974年,ＲＣ,,,準工業,,,2026年第1四半期,,
中古マンション等,成約価格情報,13108,東京都,江東区,牡丹,門前仲町,5,22000000,１Ｒ,30,1973年,ＳＲＣ,,,準工業,,,2026年第1四半期,,
中古マンション等,成約価格情報,13108,東京都,江東区,牡丹,門前仲町,7,77000000,３ＬＤＫ,70,1995年,ＲＣ,,,準工業,,,2026年第1四半期,,
中古マンション等,成約価格情報,13108,東京都,江東区,牡丹,門前仲町,4,130000000,３ＬＤＫ,70,2023年,ＲＣ,,,近隣商業,,,2026年第1四半期,,
中古マンション等,成約価格情報,13108,東京都,江東区,牡丹,門前仲町,3,16000000,１Ｒ,20,1991年,ＲＣ,,,準工業,,,2026年第1四半期,,
中古マンション等,成約価格情報,13108,東京都,江東区,牡丹,門前仲町,6,130000000,３ＬＤＫ,70,2018年,ＲＣ,,,準工業,,,2026年第1四半期,,
中古マンション等,成約価格情報,13108,東京都,江東区,牡丹,木場,8,56000000,１ＬＤＫ,40,2005年,ＳＲＣ,,,準工業,,,2026年第1四半期,,
中古マンション等,成約価格情報,13108,東京都,江東区,南砂,東陽町,14,45000000,３ＬＤＫ,70,1984年,ＳＲＣ,,,準工業,,,2026年第1四半期,,
中古マンション等,成約価格情報,13108,東京都,江東区,南砂,南砂町,5,78000000,３ＬＤＫ,75,2023年,ＲＣ,,,準工業,,,2026年第1四半期,,
中古マンション等,成約価格情報,13108,東京都,江東区,南砂,南砂町,14,41000000,２ＬＤＫ,60,2000年,ＳＲＣ,,,商業,,,2026年第1四半期,,
中古マンション等,成約価格情報,13108,東京都,江東区,南砂,南砂町,10,49000000,１ＬＤＫ＋Ｓ,70,1983年,ＳＲＣ,,,準工業,,,2026年第1四半期,,
中古マンション等,成約価格情報,13108,東京都,江東区,南砂,南砂町,9,42000000,１Ｒ,75,1981年,ＳＲＣ,,,１種住居,,,2026年第1四半期,,
中古マンション等,成約価格情報,13108,東京都,江東区,南砂,南砂町,5,77000000,３ＬＤＫ,75,2023年,ＲＣ,,,準工業,,,2026年第1四半期,,
中古マンション等,成約価格情報,13108,東京都,江東区,南砂,東陽町,2,120000000,２ＬＤＫ,85,2003年,ＳＲＣ,,,２種住居,,,2026年第1四半期,,
中古マンション等,成約価格情報,13108,東京都,江東区,南砂,住吉(東京),16,44000000,３ＬＤＫ,70,1981年,ＳＲＣ,,,準工業,,,2026年第1四半期,,
中古マンション等,成約価格情報,13108,東京都,江東区,南砂,南砂町,4,55000000,１ＬＤＫ,60,1997年,ＲＣ,,,準工業,,,2026年第1四半期,,
中古マンション等,成約価格情報,13108,東京都,江東区,南砂,南砂町,11,78000000,２ＬＤＫ,110,1988年,ＳＲＣ,,,準工業,,,2026年第1四半期,,
中古マンション等,成約価格情報,13108,東京都,江東区,南砂,東陽町,11,80000000,３ＬＤＫ,75,2008年,ＲＣ,,,準工業,,,2026年第1四半期,,
中古マンション等,成約価格情報,13108,東京都,江東区,南砂,東陽町,8,30000000,３ＤＫ,60,1974年,ＳＲＣ,,,１中住専,,,2026年第1四半期,,
中古マンション等,成約価格情報,13108,東京都,江東区,南砂,東陽町,4,95000000,２ＬＤＫ,80,2002年,ＲＣ,,,２種住居,,,2026年第1四半期,,
中古マンション等,成約価格情報,13108,東京都,江東区,南砂,南砂町,10,36000000,３ＬＤＫ,65,1983年,ＳＲＣ,,,準工業,,,2026年第1四半期,,
中古マンション等,成約価格情報,13108,東京都,江東区,南砂,南砂町,5,69000000,２ＬＤＫ,70,2023年,ＲＣ,,,準工業,,,2026年第1四半期,,
中古マンション等,成約価格情報,13108,東京都,江東区,南砂,南砂町,4,48000000,３ＬＤＫ,65,1981年,ＳＲＣ,,,１種住居,,,2026年第1四半期,,
中古マンション等,成約価格情報,13108,東京都,江東区,南砂,南砂町,10,45000000,２ＬＤＫ＋Ｓ,70,1983年,ＲＣ,,,準工業,,,2026年第1四半期,,
中古マンション等,成約価格情報,13108,東京都,江東区,南砂,東陽町,8,37000000,１ＬＤＫ＋Ｓ,60,1975年,ＳＲＣ,,,１中住専,,,2026年第1四半期,,
中古マンション等,成約価格情報,13108,東京都,江東区,南砂,南砂町,5,77000000,３ＬＤＫ,75,2023年,ＲＣ,,,準工業,,,2026年第1四半期,,
中古マンション等,成約価格情報,13108,東京都,江東区,南砂,南砂町,5,48000000,１ＬＤＫ,40,2023年,ＲＣ,,,準工業,,,2026年第1四半期,,
中古マンション等,成約価格情報,13108,東京都,江東区,南砂,南砂町,11,60000000,１ＬＤＫ＋Ｓ,85,1988年,ＳＲＣ,,,準工業,,,2026年第1四半期,改装済み,
中古マンション等,成約価格情報,13108,東京都,江東区,南砂,南砂町,16,30000000,３ＬＤＫ,65,1987年,ＲＣ,,,準工業,,,2026年第1四半期,,
中古マンション等,成約価格情報,13108,東京都,江東区,南砂,南砂町,15,70000000,２ＬＤＫ,65,2024年,ＲＣ,,,商業,,,2026年第1四半期,,
中古マンション等,成約価格情報,13108,東京都,江東区,南砂,南砂町,7,110000000,３ＬＤＫ,70,2024年,ＲＣ,,,準住居,,,2026年第1四半期,,
中古マンション等,成約価格情報,13108,東京都,江東区,南砂,南砂町,7,45000000,１ＬＤＫ＋Ｓ,40,2023年,ＲＣ,,,準工業,,,2026年第1四半期,,
中古マンション等,成約価格情報,13108,東京都,江東区,南砂,東陽町,2,98000000,３ＬＤＫ,80,2003年,ＳＲＣ,,,２種住居,,,2026年第1四半期,,
中古マンション等,成約価格情報,13108,東京都,江東区,南砂,南砂町,9,48000000,３ＬＤＫ,65,1981年,ＳＲＣ,,,１種住居,,,2026年第1四半期,,
中古マンション等,成約価格情報,13108,東京都,江東区,南砂,東陽町,2,73000000,２ＬＤＫ,70,2003年,ＳＲＣ,,,２種住居,,,2026年第1四半期,,
中古マンション等,成約価格情報,13108,東京都,江東区,南砂,南砂町,10,84000000,３ＬＤＫ,85,2001年,ＲＣ,,,準工業,,,2026年第1四半期,,
中古マンション等,成約価格情報,13108,東京都,江東区,南砂,南砂町,5,64000000,３ＬＤＫ,75,2023年,ＲＣ,,,準工業,,,2026年第1四半期,,
中古マンション等,成約価格情報,13108,東京都,江東区,南砂,南砂町,14,84000000,３ＬＤＫ,65,2024年,ＲＣ,,,商業,,,2026年第1四半期,,
中古マンション等,成約価格情報,13108,東京都,江東区,南砂,南砂町,9,88000000,３ＬＤＫ,75,2001年,ＲＣ,,,準工業,,,2026年第1四半期,,
中古マンション等,成約価格情報,13108,東京都,江東区,南砂,住吉(東京),14,33000000,３ＤＫ,65,1982年,ＳＲＣ,,,準工業,,,2026年第1四半期,,
中古マンション等,成約価格情報,13108,東京都,江東区,南砂,東陽町,9,45000000,２ＬＤＫ＋Ｓ,65,1975年,ＳＲＣ,,,１中住専,,,2026年第1四半期,,
中古マンション等,成約価格情報,13108,東京都,江東区,南砂,南砂町,4,41000000,２ＬＤＫ,65,1981年,ＳＲＣ,,,１種住居,,,2026年第1四半期,,
中古マンション等,成約価格情報,13108,東京都,江東区,毛利,住吉(東京),3,42000000,１ＬＤＫ＋Ｓ,50,1981年,ＳＲＣ,,,商業,,,2026年第1四半期,改装済み,
中古マンション等,成約価格情報,13108,東京都,江東区,毛利,錦糸町,9,110000000,３ＬＤＫ,100,1991年,ＳＲＣ,,,準工業,,,2026年第1四半期,,
中古マンション等,成約価格情報,13108,東京都,江東区,毛利,住吉(東京),4,55000000,１ＬＤＫ,50,1994年,ＲＣ,,,近隣商業,,,2026年第1四半期,,
中古マンション等,成約価格情報,13108,東京都,江東区,毛利,住吉(東京),4,61000000,１ＬＤＫ,50,1994年,ＲＣ,,,近隣商業,,,2026年第1四半期,改装済み,
中古マンション等,成約価格情報,13108,東京都,江東区,毛利,錦糸町,8,24000000,１Ｋ,30,2014年,ＲＣ,,,準工業,,,2026年第1四半期,,
中古マンション等,成約価格情報,13108,東京都,江東区,千石,木場,13,74000000,３ＬＤＫ,65,2017年,ＲＣ,,,準工業,,,2026年第1四半期,,
中古マンション等,成約価格情報,13108,東京都,江東区,千石,東陽町,13,83000000,３ＬＤＫ,75,2000年,ＳＲＣ,,,準工業,,,2026年第1四半期,,
中古マンション等,成約価格情報,13108,東京都,江東区,千石,清澄白河,15,92000000,３ＬＤＫ,65,2014年,ＲＣ,,,準工業,,,2026年第1四半期,,
中古マンション等,成約価格情報,13108,東京都,江東区,千石,木場,16,53000000,２ＬＤＫ＋Ｓ,60,1989年,ＲＣ,,,準工業,,,2026年第1四半期,,
中古マンション等,成約価格情報,13108,東京都,江東区,千石,住吉(東京),15,120000000,４ＬＤＫ,80,2024年,ＲＣ,,,準工業,,,2026年第1四半期,,
中古マンション等,成約価格情報,13108,東京都,江東区,千石,東陽町,13,92000000,３ＬＤＫ,80,2000年,ＳＲＣ,,,準工業,,,2026年第1四半期,,
中古マンション等,成約価格情報,13108,東京都,江東区,千石,東陽町,11,52000000,３ＬＤＫ,60,1997年,ＲＣ,,,商業,,,2026年第1四半期,,
中古マンション等,成約価格情報,13108,東京都,江東区,千石,住吉(東京),11,26000000,１Ｋ,30,2016年,ＲＣ,,,商業,,,2026年第1四半期,,
中古マンション等,成約価格情報,13108,東京都,江東区,千石,東陽町,11,66000000,３ＬＤＫ,60,1997年,ＲＣ,,,商業,,,2026年第1四半期,改装済み,
中古マンション等,成約価格情報,13108,東京都,江東区,辰巳,辰巳,10,71000000,２ＬＤＫ,65,2013年,ＲＣ,,,準工業,,,2026年第1四半期,,
中古マンション等,成約価格情報,13108,東京都,江東区,辰巳,辰巳,10,34000000,２ＬＤＫ＋Ｓ,60,1980年,ＳＲＣ,,,準工業,,,2026年第1四半期,,
中古マンション等,成約価格情報,13108,東京都,江東区,辰巳,辰巳,10,38000000,２ＬＤＫ,65,1980年,ＳＲＣ,,,準工業,,,2026年第1四半期,,
中古マンション等,成約価格情報,13108,東京都,江東区,辰巳,辰巳,11,98000000,２ＬＤＫ,80,2011年,ＲＣ,,,準工業,,,2026年第1四半期,改装済み,
中古マンション等,成約価格情報,13108,東京都,江東区,辰巳,辰巳,10,80000000,３ＬＤＫ,80,1998年,ＲＣ,,,準工業,,,2026年第1四半期,,
中古マンション等,成約価格情報,13108,東京都,江東区,福住,清澄白河,10,130000000,２ＬＤＫ＋Ｓ,80,2001年,ＲＣ,,,準工業,,,2026年第1四半期,,
中古マンション等,成約価格情報,13108,東京都,江東区,福住,門前仲町,8,33000000,１Ｋ,30,2020年,ＲＣ,,,準工業,,,2026年第1四半期,,
中古マンション等,成約価格情報,13108,東京都,江東区,門前仲町,門前仲町,2,20000000,１Ｋ,25,2003年,ＳＲＣ,,,商業,,,2026年第1四半期,,
中古マンション等,不動産取引価格情報,13108,東京都,江東区,有明,有明(東京),4,110000000,１ＬＤＫ,55,2019年,鉄骨造,住宅,住宅,１種住居,60,300,2026年第1四半期,未改装,
中古マンション等,不動産取引価格情報,13108,東京都,江東区,有明,有明(東京),4,120000000,２ＬＤＫ,55,2019年,鉄骨造,住宅,住宅,１種住居,60,300,2026年第1四半期,未改装,
中古マンション等,不動産取引価格情報,13108,東京都,江東区,有明,有明(東京),6,110000000,２ＬＤＫ,50,2019年,ＲＣ,住宅,住宅,１種住居,60,300,2026年第1四半期,未改装,
中古マンション等,不動産取引価格情報,13108,東京都,江東区,有明,有明(東京),7,95000000,１ＬＤＫ,35,2019年,ＲＣ,住宅,その他,１種住居,60,300,2026年第1四半期,未改装,
中古マンション等,不動産取引価格情報,13108,東京都,江東区,有明,有明(東京),4,150000000,３ＬＤＫ,70,2019年,鉄骨造,住宅,住宅,１種住居,60,300,2026年第1四半期,未改装,
中古マンション等,不動産取引価格情報,13108,東京都,江東区,有明,有明(東京),6,110000000,２ＬＤＫ,50,2019年,ＲＣ,住宅,住宅,１種住居,60,300,2026年第1四半期,未改装,
中古マンション等,不動産取引価格情報,13108,東京都,江東区,有明,有明テニスの森,3,120000000,３ＬＤＫ,70,2020年,ＲＣ,住宅,住宅,準工業,60,300,2026年第1四半期,未改装,
中古マンション等,不動産取引価格情報,13108,東京都,江東区,有明,有明テニスの森,3,130000000,４ＬＤＫ,80,2020年,ＲＣ,住宅,住宅,準工業,60,300,2026年第1四半期,未改装,
中古マンション等,不動産取引価格情報,13108,東京都,江東区,有明,有明テニスの森,8,78000000,,35,2010年,ＲＣ,住宅,住宅,準工業,60,300,2026年第1四半期,,
中古マンション等,不動産取引価格情報,13108,東京都,江東区,有明,有明テニスの森,10,130000000,２ＤＫ,65,2006年,ＲＣ,住宅,住宅,準工業,60,300,2026年第1四半期,改装済み,
中古マンション等,不動産取引価格情報,13108,東京都,江東区,有明,有明テニスの森,10,96000000,２ＬＤＫ,55,2014年,ＲＣ,住宅,住宅,準工業,60,300,2026年第1四半期,未改装,
中古マンション等,不動産取引価格情報,13108,東京都,江東区,永代,門前仲町,8,28000000,１Ｋ,20,2008年,ＳＲＣ,住宅,住宅,商業,80,600,2026年第1四半期,未改装,
中古マンション等,不動産取引価格情報,13108,東京都,江東区,永代,門前仲町,8,37000000,１Ｋ,25,2019年,ＲＣ,住宅,住宅,商業,80,600,2026年第1四半期,未改装,
中古マンション等,不動産取引価格情報,13108,東京都,江東区,枝川,潮見,7,70000000,３ＬＤＫ,80,1983年,ＲＣ,住宅,住宅,準工業,60,300,2026年第1四半期,改装済み,
中古マンション等,不動産取引価格情報,13108,東京都,江東区,枝川,豊洲,15,42000000,３ＬＤＫ,60,1983年,ＳＲＣ,住宅,住宅,準工業,60,300,2026年第1四半期,未改装,
中古マンション等,不動産取引価格情報,13108,東京都,江東区,越中島,越中島,4,160000000,４ＬＤＫ,80,2019年,ＲＣ,住宅,住宅,準工業,60,300,2026年第1四半期,改装済み,
中古マンション等,不動産取引価格情報,13108,東京都,江東区,越中島,越中島,3,78000000,３ＬＤＫ,75,1986年,ＲＣ,住宅,住宅,１種住居,60,300,2026年第1四半期,改装済み,
中古マンション等,不動産取引価格情報,13108,東京都,江東区,扇橋,住吉(東京),8,29000000,１Ｋ,25,2013年,ＲＣ,住宅,住宅,商業,80,400,2026年第1四半期,未改装,
中古マンション等,不動産取引価格情報,13108,東京都,江東区,扇橋,住吉(東京),6,100000000,２ＬＤＫ,50,2018年,ＲＣ,住宅,住宅,準工業,60,300,2026年第1四半期,未改装,
中古マンション等,不動産取引価格情報,13108,東京都,江東区,扇橋,住吉(東京),7,47000000,２ＬＤＫ,55,1994年,鉄骨造,住宅,住宅,商業,80,400,2026年第1四半期,改装済み,
中古マンション等,不動産取引価格情報,13108,東京都,江東区,大島,大島(東京),1,12000000,１Ｒ,15,1990年,ＲＣ,住宅,住宅,商業,80,500,2026年第1四半期,,
中古マンション等,不動産取引価格情報,13108,東京都,江東区,大島,大島(東京),5,30000000,１Ｋ,25,2018年,ＲＣ,住宅,その他,準工業,60,300,2026年第1四半期,未改装,
中古マンション等,不動産取引価格情報,13108,東京都,江東区,大島,住吉(東京),6,92000000,３ＬＤＫ,85,1997年,ＲＣ,住宅,住宅,準工業,60,300,2026年第1四半期,未改装,
中古マンション等,不動産取引価格情報,13108,東京都,江東区,大島,西大島,4,12000000,１Ｋ,15,1990年,ＳＲＣ,住宅,その他,商業,80,500,2026年第1四半期,,
中古マンション等,不動産取引価格情報,13108,東京都,江東区,大島,西大島,1,53000000,１ＬＤＫ,45,2022年,ＲＣ,住宅,住宅,商業,80,500,2026年第1四半期,未改装,
中古マンション等,不動産取引価格情報,13108,東京都,江東区,大島,西大島,7,26000000,,55,1984年,ＲＣ,,住宅,準工業,60,300,2026年第1四半期,未改装,
中古マンション等,不動産取引価格情報,13108,東京都,江東区,大島,西大島,4,12000000,１Ｒ,15,1990年,ＳＲＣ,住宅,住宅,商業,80,500,2026年第1四半期,,
中古マンション等,不動産取引価格情報,13108,東京都,江東区,大島,西大島,6,30000000,１Ｋ,25,2020年,ＲＣ,住宅,住宅,準工業,60,300,2026年第1四半期,未改装,
中古マンション等,不動産取引価格情報,13108,東京都,江東区,大島,西大島,4,27000000,１Ｋ,25,2018年,ＲＣ,住宅,住宅,近隣商業,80,300,2026年第1四半期,未改装,
中古マンション等,不動産取引価格情報,13108,東京都,江東区,大島,東大島,4,79000000,４ＬＤＫ,85,2000年,ＲＣ,住宅,,準工業,60,300,2026年第1四半期,未改装,
中古マンション等,不動産取引価格情報,13108,東京都,江東区,大島,東大島,1,50000000,３ＬＤＫ,70,2001年,ＳＲＣ,住宅,住宅,商業,80,500,2026年第1四半期,未改装,
中古マンション等,不動産取引価格情報,13108,東京都,江東区,大島,東大島,4,35000000,,55,1996年,ＳＲＣ,,,１種住居,60,300,2026年第1四半期,,
中古マンション等,不動産取引価格情報,13108,東京都,江東区,大島,東大島,9,26000000,１Ｋ,25,2014年,ＲＣ,住宅,住宅,準工業,60,300,2026年第1四半期,未改装,
中古マンション等,不動産取引価格情報,13108,東京都,江東区,大島,東大島,5,33000000,１Ｋ,25,2020年,ＲＣ,住宅,住宅,商業,80,400,2026年第1四半期,未改装,
中古マンション等,不動産取引価格情報,13108,東京都,江東区,大島,東大島,5,47000000,１ＬＤＫ＋Ｓ,70,1981年,ＳＲＣ,住宅,住宅,準工業,60,300,2026年第1四半期,改装済み,
中古マンション等,不動産取引価格情報,13108,東京都,江東区,大島,東大島,4,22000000,３ＬＤＫ,60,1982年,ＳＲＣ,住宅,住宅,準工業,60,300,2026年第1四半期,未改装,
中古マンション等,不動産取引価格情報,13108,東京都,江東区,大島,東大島,2,52000000,３ＬＤＫ,60,1989年,ＳＲＣ,住宅,住宅,１種住居,60,400,2026年第1四半期,改装済み,
中古マンション等,不動産取引価格情報,13108,東京都,江東区,大島,東大島,9,24000000,１Ｋ,25,2014年,ＲＣ,住宅,住宅,準工業,60,300,2026年第1四半期,未改装,
中古マンション等,不動産取引価格情報,13108,東京都,江東区,亀戸,亀戸,9,24000000,１Ｋ,20,2006年,ＲＣ,住宅,その他,準工業,60,400,2026年第1四半期,未改装,
中古マンション等,不動産取引価格情報,13108,東京都,江東区,亀戸,亀戸,9,110000000,４ＬＤＫ,85,2005年,ＲＣ,,住宅,準工業,60,300,2026年第1四半期,未改装,
中古マンション等,不動産取引価格情報,13108,東京都,江東区,亀戸,亀戸,9,28000000,１Ｋ,25,2020年,ＲＣ,住宅,住宅,準工業,60,300,2026年第1四半期,未改装,
中古マンション等,不動産取引価格情報,13108,東京都,江東区,亀戸,亀戸,6,20000000,１Ｋ,20,2005年,ＲＣ,住宅,その他,商業,80,500,2026年第1四半期,,
中古マンション等,不動産取引価格情報,13108,東京都,江東区,亀戸,亀戸,10,31000000,１Ｋ,25,2017年,ＲＣ,住宅,その他,近隣商業,80,300,2026年第1四半期,,
中古マンション等,不動産取引価格情報,13108,東京都,江東区,亀戸,亀戸,10,62000000,３ＬＤＫ,60,1999年,ＲＣ,住宅,住宅,準工業,60,300,2026年第1四半期,改装済み,
中古マンション等,不動産取引価格情報,13108,東京都,江東区,亀戸,亀戸,18,22000000,１Ｋ,25,2016年,ＲＣ,,住宅,準工業,60,300,2026年第1四半期,未改装,
中古マンション等,不動産取引価格情報,13108,東京都,江東区,亀戸,亀戸,13,40000000,１ＬＤＫ,40,2008年,ＲＣ,住宅,住宅,商業,80,500,2026年第1四半期,未改装,
中古マンション等,不動産取引価格情報,13108,東京都,江東区,亀戸,亀戸,12,32000000,１Ｋ,25,2021年,ＲＣ,住宅,住宅,商業,80,500,2026年第1四半期,未改装,
中古マンション等,不動産取引価格情報,13108,東京都,江東区,亀戸,亀戸,3,34000000,１Ｋ,25,2019年,ＲＣ,住宅,住宅,商業,80,500,2026年第1四半期,未改装,
中古マンション等,不動産取引価格情報,13108,東京都,江東区,亀戸,亀戸,11,27000000,１Ｋ,20,2013年,ＲＣ,住宅,その他,準工業,60,300,2026年第1四半期,,
中古マンション等,不動産取引価格情報,13108,東京都,江東区,亀戸,亀戸,7,22000000,１Ｋ,20,2007年,ＲＣ,住宅,その他,準工業,60,300,2026年第1四半期,未改装,
中古マンション等,不動産取引価格情報,13108,東京都,江東区,亀戸,亀戸,12,32000000,,25,2015年,ＲＣ,住宅,住宅,商業,80,500,2026年第1四半期,未改装,
中古マンション等,不動産取引価格情報,13108,東京都,江東区,亀戸,亀戸,7,19000000,１Ｋ,20,2008年,ＲＣ,住宅,住宅,近隣商業,80,300,2026年第1四半期,,
中古マンション等,不動産取引価格情報,13108,東京都,江東区,亀戸,亀戸,7,28000000,１Ｋ,25,2016年,ＲＣ,住宅,住宅,２種住居,60,400,2026年第1四半期,,
中古マンション等,不動産取引価格情報,13108,東京都,江東区,亀戸,亀戸,9,88000000,３ＬＤＫ,60,2012年,ＲＣ,住宅,住宅,準工業,60,300,2026年第1四半期,未改装,
中古マンション等,不動産取引価格情報,13108,東京都,江東区,亀戸,亀戸,8,73000000,３ＬＤＫ,65,2009年,ＲＣ,住宅,住宅,近隣商業,80,300,2026年第1四半期,改装済み,
中古マンション等,不動産取引価格情報,13108,東京都,江東区,亀戸,亀戸水神,3,30000000,１Ｋ,25,2020年,ＲＣ,住宅,住宅,準工業,60,400,2026年第1四半期,,
中古マンション等,不動産取引価格情報,13108,東京都,江東区,亀戸,錦糸町,11,25000000,１Ｋ,25,2014年,ＲＣ,住宅,住宅,商業,80,400,2026年第1四半期,未改装,
中古マンション等,不動産取引価格情報,13108,東京都,江東区,亀戸,錦糸町,11,38000000,１Ｋ,25,2022年,ＲＣ,住宅,その他,商業,80,500,2026年第1四半期,,
中古マンション等,不動産取引価格情報,13108,東京都,江東区,亀戸,錦糸町,8,40000000,,50,1969年,ＳＲＣ,住宅,住宅,１中住専,60,300,2026年第1四半期,,
中古マンション等,不動産取引価格情報,13108,東京都,江東区,亀戸,錦糸町,11,53000000,３ＬＤＫ,60,1973年,鉄骨造,住宅,住宅,１中住専,60,300,2026年第1四半期,改装済み,
中古マンション等,不動産取引価格情報,13108,東京都,江東区,亀戸,東大島,15,40000000,３ＬＤＫ,60,1980年,ＳＲＣ,住宅,住宅,準工業,60,300,2026年第1四半期,,
中古マンション等,不動産取引価格情報,13108,東京都,江東区,亀戸,東大島,15,44000000,３ＬＤＫ,60,1980年,ＳＲＣ,,住宅,準工業,60,300,2026年第1四半期,改装済み,
中古マンション等,不動産取引価格情報,13108,東京都,江東区,亀戸,東大島,15,43000000,２ＬＤＫ,65,1980年,ＳＲＣ,,住宅,準工業,60,300,2026年第1四半期,改装済み,
中古マンション等,不動産取引価格情報,13108,東京都,江東区,亀戸,東大島,9,51000000,２ＬＤＫ,65,1999年,ＳＲＣ,住宅,住宅,１種住居,60,300,2026年第1四半期,未改装,
中古マンション等,不動産取引価格情報,13108,東京都,江東区,亀戸,東大島,13,11000000,１Ｒ,20,1985年,ＳＲＣ,,住宅,商業,80,500,2026年第1四半期,,
中古マンション等,不動産取引価格情報,13108,東京都,江東区,北砂,西大島,15,92000000,４ＬＤＫ,90,2008年,ＲＣ,,住宅,準工業,60,300,2026年第1四半期,未改装,
中古マンション等,不動産取引価格情報,13108,東京都,江東区,北砂,西大島,9,59000000,３ＬＤＫ,75,2004年,ＲＣ,住宅,住宅,準工業,60,300,2026年第1四半期,未改装,
中古マンション等,不動産取引価格情報,13108,東京都,江東区,北砂,西大島,10,69000000,２ＬＤＫ,65,2005年,ＲＣ,,住宅,準工業,60,400,2026年第1四半期,未改装,
中古マンション等,不動産取引価格情報,13108,東京都,江東区,木場,木場,2,27000000,１Ｋ,20,2006年,ＲＣ,,住宅,商業,80,400,2026年第1四半期,未改装,
中古マンション等,不動産取引価格情報,13108,東京都,江東区,木場,木場,2,29000000,１Ｋ,20,2006年,ＲＣ,住宅,住宅,商業,80,400,2026年第1四半期,,
中古マンション等,不動産取引価格情報,13108,東京都,江東区,木場,木場,9,120000000,３ＬＤＫ,65,2013年,ＲＣ,住宅,住宅,商業,80,400,2026年第1四半期,改装済み,
中古マンション等,不動産取引価格情報,13108,東京都,江東区,清澄,清澄白河,5,35000000,１Ｋ,25,2013年,ＲＣ,住宅,住宅,準工業,60,400,2026年第1四半期,,
中古マンション等,不動産取引価格情報,13108,東京都,江東区,佐賀,水天宮前,6,32000000,１Ｋ,25,2019年,ＲＣ,住宅,住宅,準工業,60,300,2026年第1四半期,未改装,
中古マンション等,不動産取引価格情報,13108,東京都,江東区,猿江,住吉(東京),5,92000000,３ＬＤＫ,80,1988年,ＳＲＣ,住宅,住宅,準工業,60,300,2026年第1四半期,改装済み,
中古マンション等,不動産取引価格情報,13108,東京都,江東区,塩浜,木場,12,97000000,３ＬＤＫ,70,2016年,ＲＣ,住宅,住宅,準工業,60,300,2026年第1四半期,未改装,
中古マンション等,不動産取引価格情報,13108,東京都,江東区,塩浜,木場,12,32000000,３ＬＤＫ,70,1983年,ＳＲＣ,住宅,住宅,準工業,60,300,2026年第1四半期,未改装,
中古マンション等,不動産取引価格情報,13108,東京都,江東区,潮見,潮見,4,33000000,１Ｋ,25,2019年,ＲＣ,住宅,住宅,準工業,60,300,2026年第1四半期,未改装,
中古マンション等,不動産取引価格情報,13108,東京都,江東区,潮見,潮見,4,33000000,１ＤＫ,25,2019年,ＲＣ,住宅,住宅,準工業,60,300,2026年第1四半期,未改装,
中古マンション等,不動産取引価格情報,13108,東京都,江東区,潮見,潮見,4,32000000,,25,2019年,ＲＣ,住宅,その他,準工業,60,300,2026年第1四半期,,
中古マンション等,不動産取引価格情報,13108,東京都,江東区,東雲,東雲(東京),9,130000000,２ＬＤＫ,70,2014年,ＲＣ,住宅,住宅,２種住居,60,400,2026年第1四半期,未改装,
中古マンション等,不動産取引価格情報,13108,東京都,江東区,東雲,東雲(東京),9,120000000,３ＬＤＫ,70,2014年,ＲＣ,住宅,住宅,２種住居,60,400,2026年第1四半期,未改装,
中古マンション等,不動産取引価格情報,13108,東京都,江東区,東雲,東雲(東京),9,120000000,,80,2012年,ＲＣ,住宅,住宅,準工業,60,300,2026年第1四半期,,
中古マンション等,不動産取引価格情報,13108,東京都,江東区,東雲,東雲(東京),7,25000000,１Ｋ,25,2011年,ＲＣ,住宅,住宅,準工業,60,300,2026年第1四半期,未改装,
中古マンション等,不動産取引価格情報,13108,東京都,江東区,東雲,辰巳,10,6300000,,15,2007年,ＲＣ,駐車場,住宅,２種住居,60,400,2026年第1四半期,未改装,
中古マンション等,不動産取引価格情報,13108,東京都,江東区,東雲,辰巳,6,42000000,２ＬＤＫ,65,2004年,ＲＣ,住宅,住宅,２種住居,60,400,2026年第1四半期,未改装,
中古マンション等,不動産取引価格情報,13108,東京都,江東区,東雲,辰巳,6,65000000,２ＬＤＫ,65,2004年,ＲＣ,住宅,住宅,２種住居,60,400,2026年第1四半期,未改装,
中古マンション等,不動産取引価格情報,13108,東京都,江東区,東雲,辰巳,10,130000000,３ＬＤＫ,80,2009年,ＲＣ,住宅,住宅,２種住居,60,400,2026年第1四半期,未改装,
中古マンション等,不動産取引価格情報,13108,東京都,江東区,東雲,豊洲,11,120000000,２ＬＤＫ,65,2020年,ＲＣ,住宅,住宅,工業,60,200,2026年第1四半期,未改装,
中古マンション等,不動産取引価格情報,13108,東京都,江東区,東雲,豊洲,10,31000000,,25,2012年,ＲＣ,住宅,住宅,準工業,60,300,2026年第1四半期,未改装,
中古マンション等,不動産取引価格情報,13108,東京都,江東区,白河,清澄白河,7,130000000,３ＬＤＫ,105,1985年,ＳＲＣ,,住宅,準工業,60,300,2026年第1四半期,改装済み,
中古マンション等,不動産取引価格情報,13108,東京都,江東区,新大橋,森下(東京),5,71000000,１ＬＤＫ,45,2004年,ＲＣ,住宅,住宅,準工業,60,400,2026年第1四半期,改装済み,
中古マンション等,不動産取引価格情報,13108,東京都,江東区,新砂,東陽町,4,80000000,２ＬＤＫ,55,2005年,ＲＣ,,住宅,準住居,60,400,2026年第1四半期,改装済み,
中古マンション等,不動産取引価格情報,13108,東京都,江東区,住吉,住吉(東京),3,44000000,１ＬＤＫ,45,1994年,ＲＣ,住宅,住宅,近隣商業,80,300,2026年第1四半期,未改装,
中古マンション等,不動産取引価格情報,13108,東京都,江東区,千石,木場,18,91000000,３ＬＤＫ,65,2014年,ＲＣ,住宅,住宅,準工業,60,300,2026年第1四半期,未改装,
中古マンション等,不動産取引価格情報,13108,東京都,江東区,千石,住吉(東京),12,25000000,１Ｋ,20,2007年,ＲＣ,住宅,住宅,準工業,60,300,2026年第1四半期,未改装,
中古マンション等,不動産取引価格情報,13108,東京都,江東区,千石,住吉(東京),12,33000000,１Ｋ,25,2018年,ＲＣ,住宅,その他,準工業,60,300,2026年第1四半期,,
中古マンション等,不動産取引価格情報,13108,東京都,江東区,辰巳,辰巳,6,54000000,３ＬＤＫ,70,1981年,ＳＲＣ,住宅,住宅,準工業,60,300,2026年第1四半期,改装済み,
中古マンション等,不動産取引価格情報,13108,東京都,江東区,辰巳,辰巳,6,19000000,オープンフロア,45,1981年,ＳＲＣ,住宅,住宅,準工業,60,300,2026年第1四半期,改装済み,
中古マンション等,不動産取引価格情報,13108,東京都,江東区,東陽,木場,5,41000000,,25,2019年,ＲＣ,住宅,住宅,商業,80,600,2026年第1四半期,未改装,
中古マンション等,不動産取引価格情報,13108,東京都,江東区,東陽,木場,8,35000000,１ＤＫ,25,2023年,ＲＣ,住宅,住宅,準工業,60,300,2026年第1四半期,未改装,
中古マンション等,不動産取引価格情報,13108,東京都,江東区,東陽,東陽町,8,26000000,１Ｋ,25,2012年,ＲＣ,住宅,住宅,準工業,60,300,2026年第1四半期,未改装,
中古マンション等,不動産取引価格情報,13108,東京都,江東区,東陽,東陽町,4,60000000,３ＬＤＫ,60,1979年,ＳＲＣ,住宅,住宅,準工業,60,300,2026年第1四半期,改装済み,
中古マンション等,不動産取引価格情報,13108,東京都,江東区,東陽,東陽町,4,120000000,３ＬＤＫ,70,2018年,ＲＣ,住宅,住宅,準工業,60,300,2026年第1四半期,未改装,
中古マンション等,不動産取引価格情報,13108,東京都,江東区,常盤,森下(東京),3,33000000,１Ｋ,25,2013年,ＲＣ,住宅,住宅,準工業,60,300,2026年第1四半期,未改装,
中古マンション等,不動産取引価格情報,13108,東京都,江東区,常盤,森下(東京),3,25000000,１Ｋ,25,2013年,ＲＣ,住宅,住宅,準工業,60,300,2026年第1四半期,改装済み,
中古マンション等,不動産取引価格情報,13108,東京都,江東区,富岡,門前仲町,6,46000000,２ＬＤＫ,40,1978年,ＳＲＣ,住宅,住宅,商業,80,600,2026年第1四半期,改装済み,
中古マンション等,不動産取引価格情報,13108,東京都,江東区,富岡,門前仲町,8,60000000,１ＬＤＫ,45,1992年,ＳＲＣ,住宅,住宅,近隣商業,80,400,2026年第1四半期,改装済み,
中古マンション等,不動産取引価格情報,13108,東京都,江東区,豊洲,新豊洲,5,150000000,３ＬＤＫ,70,2014年,ＲＣ,住宅,住宅,工業,60,200,2026年第1四半期,未改装,
中古マンション等,不動産取引価格情報,13108,東京都,江東区,豊洲,新豊洲,5,180000000,３ＬＤＫ,80,2014年,ＲＣ,住宅,住宅,工業,60,200,2026年第1四半期,未改装,
中古マンション等,不動産取引価格情報,13108,東京都,江東区,豊洲,豊洲,7,170000000,３ＬＤＫ,70,2009年,ＲＣ,住宅,住宅,工業,60,200,2026年第1四半期,改装済み,
中古マンション等,不動産取引価格情報,13108,東京都,江東区,豊洲,豊洲,7,120000000,２ＬＤＫ,60,2009年,ＲＣ,住宅,住宅,工業,60,200,2026年第1四半期,未改装,
中古マンション等,不動産取引価格情報,13108,東京都,江東区,豊洲,豊洲,4,120000000,４ＬＤＫ,85,2001年,ＳＲＣ,住宅,住宅,準工業,60,300,2026年第1四半期,未改装,
中古マンション等,不動産取引価格情報,13108,東京都,江東区,豊洲,豊洲,6,160000000,２ＬＤＫ,85,2008年,ＲＣ,住宅,住宅,工業,60,200,2026年第1四半期,未改装,
中古マンション等,不動産取引価格情報,13108,東京都,江東区,豊洲,豊洲,4,120000000,３ＬＤＫ,65,2005年,ＳＲＣ,住宅,住宅,準工業,60,300,2026年第1四半期,未改装,
中古マンション等,不動産取引価格情報,13108,東京都,江東区,豊洲,豊洲,6,140000000,２ＬＤＫ,70,2008年,ＲＣ,住宅,住宅,工業,60,200,2026年第1四半期,,
中古マンション等,不動産取引価格情報,13108,東京都,江東区,東砂,大島(東京),18,47000000,,70,1996年,ＳＲＣ,住宅,住宅,準工業,60,300,2026年第1四半期,,
中古マンション等,不動産取引価格情報,13108,東京都,江東区,東砂,南砂町,13,71000000,３ＬＤＫ,70,2020年,ＲＣ,住宅,住宅,準工業,60,300,2026年第1四半期,,
中古マンション等,不動産取引価格情報,13108,東京都,江東区,東砂,南砂町,19,65000000,３ＬＤＫ,70,2001年,ＲＣ,住宅,住宅,準工業,60,300,2026年第1四半期,改装済み,
中古マンション等,不動産取引価格情報,13108,東京都,江東区,東砂,南砂町,13,64000000,３ＬＤＫ,70,2003年,ＲＣ,住宅,住宅,準工業,60,300,2026年第1四半期,未改装,
中古マンション等,不動産取引価格情報,13108,東京都,江東区,東砂,南砂町,19,56000000,２ＬＤＫ,80,2001年,ＲＣ,住宅,住宅,準工業,60,300,2026年第1四半期,,
中古マンション等,不動産取引価格情報,13108,東京都,江東区,東砂,南砂町,11,58000000,３ＬＤＫ,65,2000年,ＳＲＣ,住宅,住宅,準工業,60,300,2026年第1四半期,,
中古マンション等,不動産取引価格情報,13108,東京都,江東区,東砂,南砂町,11,47000000,３ＬＤＫ,65,2000年,ＳＲＣ,住宅,住宅,準工業,60,300,2026年第1四半期,未改装,
中古マンション等,不動産取引価格情報,13108,東京都,江東区,平野,清澄白河,10,29000000,１Ｋ,20,2007年,ＲＣ,住宅,,準工業,60,300,2026年第1四半期,,
中古マンション等,不動産取引価格情報,13108,東京都,江東区,深川,門前仲町,2,25000000,１ＤＫ,25,1979年,ＳＲＣ,住宅,住宅,商業,80,600,2026年第1四半期,改装済み,
中古マンション等,不動産取引価格情報,13108,東京都,江東区,深川,門前仲町,2,33000000,１ＤＫ,25,1979年,ＳＲＣ,住宅,住宅,商業,80,600,2026年第1四半期,未改装,
中古マンション等,不動産取引価格情報,13108,東京都,江東区,福住,門前仲町,3,25000000,１ＤＫ,30,1999年,ＳＲＣ,住宅,,商業,80,500,2026年第1四半期,,
中古マンション等,不動産取引価格情報,13108,東京都,江東区,冬木,門前仲町,6,33000000,１Ｋ,25,2013年,ＲＣ,住宅,住宅,準工業,60,300,2026年第1四半期,,
中古マンション等,不動産取引価格情報,13108,東京都,江東区,牡丹,門前仲町,4,22000000,１Ｋ,25,1973年,ＳＲＣ,住宅,住宅,準工業,60,300,2026年第1四半期,改装済み,
中古マンション等,不動産取引価格情報,13108,東京都,江東区,牡丹,門前仲町,4,5000000,１ＬＤＫ,25,1973年,ＳＲＣ,住宅,住宅,準工業,60,300,2026年第1四半期,未改装,
中古マンション等,不動産取引価格情報,13108,東京都,江東区,南砂,東陽町,2,120000000,２ＬＤＫ,80,2003年,ＲＣ,住宅,住宅,２種住居,60,300,2026年第1四半期,改装済み,
中古マンション等,不動産取引価格情報,13108,東京都,江東区,南砂,東陽町,8,45000000,２ＬＤＫ,55,1974年,ＳＲＣ,住宅,住宅,１中住専,60,300,2026年第1四半期,改装済み,
中古マンション等,不動産取引価格情報,13108,東京都,江東区,南砂,南砂町,16,33000000,１Ｋ,25,2024年,ＲＣ,住宅,住宅,商業,80,400,2026年第1四半期,未改装,
中古マンション等,不動産取引価格情報,13108,東京都,江東区,南砂,南砂町,10,78000000,２ＬＤＫ,105,1988年,ＳＲＣ,住宅,住宅,準工業,60,300,2026年第1四半期,未改装,
中古マンション等,不動産取引価格情報,13108,東京都,江東区,南砂,南砂町,8,23000000,１ＤＫ,30,1974年,ＳＲＣ,住宅,住宅,準工業,60,400,2026年第1四半期,改装済み,
中古マンション等,不動産取引価格情報,13108,東京都,江東区,三好,清澄白河,4,29000000,１Ｋ,25,2015年,ＲＣ,住宅,住宅,準工業,60,300,2026年第1四半期,未改装,
中古マンション等,不動産取引価格情報,13108,東京都,江東区,三好,清澄白河,11,24000000,,25,2013年,ＲＣ,住宅,,準工業,60,300,2026年第1四半期,,
中古マンション等,不動産取引価格情報,13108,東京都,江東区,毛利,住吉(東京),3,30000000,１Ｋ,25,2011年,ＲＣ,住宅,住宅,準工業,60,300,2026年第1四半期,,
中古マンション等,不動産取引価格情報,13108,東京都,江東区,毛利,住吉(東京),6,25000000,,25,2009年,ＲＣ,,,準工業,60,300,2026年第1四半期,,
中古マンション等,不動産取引価格情報,13108,東京都,江東区,毛利,住吉(東京),7,40000000,１Ｋ,25,2019年,ＲＣ,住宅,住宅,準工業,60,300,2026年第1四半期,未改装,
中古マンション等,不動産取引価格情報,13108,東京都,江東区,森下,森下(東京),5,33000000,１Ｋ,25,2015年,ＲＣ,住宅,住宅,近隣商業,80,300,2026年第1四半期,未改装,
中古マンション等,不動産取引価格情報,13108,東京都,江東区,門前仲町,門前仲町,2,140000000,３ＬＤＫ,70,2004年,ＲＣ,,住宅,商業,80,400,2026年第1四半期,改装済み,
中古マンション等,成約価格情報,13109,東京都,品川区,荏原,武蔵小山,9,110000000,１ＬＤＫ＋Ｓ,70,2001年,ＳＲＣ,,,１種住居,,,2026年第1四半期,,
中古マンション等,成約価格情報,13109,東京都,品川区,荏原,武蔵小山,9,130000000,２ＬＤＫ＋Ｓ,80,2001年,ＳＲＣ,,,１種住居,,,2026年第1四半期,,
中古マンション等,成約価格情報,13109,東京都,品川区,荏原,西小山,7,12000000,２Ｋ,35,1973年,ＲＣ,,,１種住居,,,2026年第1四半期,,
中古マンション等,成約価格情報,13109,東京都,品川区,荏原,西小山,8,68000000,２ＬＤＫ,50,1991年,ＲＣ,,,１種住居,,,2026年第1四半期,,
中古マンション等,成約価格情報,13109,東京都,品川区,荏原,武蔵小山,7,55000000,１ＤＫ,30,2010年,ＲＣ,,,商業,,,2026年第1四半期,,
中古マンション等,成約価格情報,13109,東京都,品川区,荏原,戸越銀座,6,90000000,３ＬＤＫ,90,2004年,ＲＣ,,,準工業,,,2026年第1四半期,,
中古マンション等,成約価格情報,13109,東京都,品川区,荏原,戸越銀座,5,37000000,１Ｒ,40,1979年,ＳＲＣ,,,商業,,,2026年第1四半期,,
中古マンション等,成約価格情報,13109,東京都,品川区,荏原,西小山,9,21000000,１Ｋ,25,2006年,ＲＣ,,,準工業,,,2026年第1四半期,,
中古マンション等,成約価格情報,13109,東京都,品川区,荏原,武蔵小山,9,100000000,１ＬＤＫ＋Ｓ,65,2001年,ＳＲＣ,,,１種住居,,,2026年第1四半期,,
中古マンション等,成約価格情報,13109,東京都,品川区,荏原,武蔵小山,12,52000000,１ＬＤＫ,45,2016年,ＲＣ,,,準工業,,,2026年第1四半期,,
中古マンション等,成約価格情報,13109,東京都,品川区,大井,西大井,8,19000000,１Ｋ,20,1994年,ＲＣ,,,近隣商業,,,2026年第1四半期,,
中古マンション等,成約価格情報,13109,東京都,品川区,大井,大井町,4,55000000,３ＤＫ,50,1980年,ＳＲＣ,,,近隣商業,,,2026年第1四半期,,
中古マンション等,成約価格情報,13109,東京都,品川区,大井,大井町,14,75000000,３ＬＤＫ,70,1997年,ＲＣ,,,１低住専,,,2026年第1四半期,,
中古マンション等,成約価格情報,13109,東京都,品川区,大井,大井町,9,150000000,１ＬＤＫ＋Ｓ,75,2006年,ＲＣ,,,近隣商業,,,2026年第1四半期,,
中古マンション等,成約価格情報,13109,東京都,品川区,大井,大井町,9,150000000,２ＬＤＫ＋Ｓ,75,2004年,ＲＣ,,,１中住専,,,2026年第1四半期,,
中古マンション等,成約価格情報,13109,東京都,品川区,大井,大井町,4,130000000,２ＬＤＫ,60,2020年,ＲＣ,,,商業,,,2026年第1四半期,,
中古マンション等,成約価格情報,13109,東京都,品川区,大井,大井町,6,230000000,２ＬＤＫ,100,2012年,ＲＣ,,,商業,,,2026年第1四半期,,
中古マンション等,成約価格情報,13109,東京都,品川区,大井,大井町,3,60000000,３ＤＫ,55,1988年,ＳＲＣ,,,商業,,,2026年第1四半期,,
中古マンション等,成約価格情報,13109,東京都,品川区,大井,大井町,5,210000000,３ＬＤＫ,75,2019年,ＲＣ,,,近隣商業,,,2026年第1四半期,,
中古マンション等,成約価格情報,13109,東京都,品川区,大井,大井町,12,54000000,１ＤＫ,40,2003年,ＳＲＣ,,,近隣商業,,,2026年第1四半期,,
中古マンション等,成約価格情報,13109,東京都,品川区,上大崎,目黒,2,240000000,２ＬＤＫ,70,2017年,ＲＣ,,,商業,,,2026年第1四半期,,
中古マンション等,成約価格情報,13109,東京都,品川区,上大崎,目黒,3,100000000,１ＬＤＫ＋Ｓ,80,1970年,ＳＲＣ,,,商業,,,2026年第1四半期,改装済み,
中古マンション等,成約価格情報,13109,東京都,品川区,上大崎,白金台,8,87000000,１ＬＤＫ,45,2022年,ＲＣ,,,１中住専,,,2026年第1四半期,,
中古マンション等,成約価格情報,13109,東京都,品川区,上大崎,目黒,4,90000000,３ＬＤＫ,100,1971年,ＳＲＣ,,,２中住専,,,2026年第1四半期,,
中古マンション等,成約価格情報,13109,東京都,品川区,上大崎,目黒,6,220000000,３ＬＤＫ,125,1985年,ＲＣ,,,１中住専,,,2026年第1四半期,,
中古マンション等,成約価格情報,13109,東京都,品川区,上大崎,目黒,11,130000000,２ＬＤＫ,60,2001年,ＲＣ,,,１中住専,,,2026年第1四半期,,
中古マンション等,成約価格情報,13109,東京都,品川区,上大崎,目黒,3,88000000,１Ｒ,30,2017年,ＲＣ,,,１種住居,,,2026年第1四半期,,
中古マンション等,成約価格情報,13109,東京都,品川区,上大崎,白金台,8,100000000,１ＬＤＫ,45,2022年,ＲＣ,,,１中住専,,,2026年第1四半期,,
中古マンション等,成約価格情報,13109,東京都,品川区,上大崎,目黒,8,70000000,１ＬＤＫ,45,1987年,ＲＣ,,,１種住居,,,2026年第1四半期,,
中古マンション等,成約価格情報,13109,東京都,品川区,上大崎,目黒,4,82000000,２ＬＤＫ,75,1971年,ＳＲＣ,,,２中住専,,,2026年第1四半期,,
中古マンション等,成約価格情報,13109,東京都,品川区,上大崎,目黒,7,71000000,２ＬＤＫ,70,1970年,ＳＲＣ,,,１中住専,,,2026年第1四半期,,
中古マンション等,成約価格情報,13109,東京都,品川区,上大崎,目黒,8,460000000,３ＬＤＫ,105,2021年,ＲＣ,,,１低住専,,,2026年第1四半期,,
中古マンション等,成約価格情報,13109,東京都,品川区,上大崎,目黒,2,92000000,１Ｒ,35,2017年,ＲＣ,,,商業,,,2026年第1四半期,,
中古マンション等,成約価格情報,13109,東京都,品川区,上大崎,目黒,3,120000000,１ＬＤＫ,45,2017年,ＲＣ,,,１種住居,,,2026年第1四半期,,
中古マンション等,成約価格情報,13109,東京都,品川区,上大崎,目黒,5,35000000,１Ｒ,40,1967年,ＳＲＣ,,,１中住専,,,2026年第1四半期,,
中古マンション等,成約価格情報,13109,東京都,品川区,上大崎,目黒,4,82000000,２ＬＤＫ,75,1971年,ＳＲＣ,,,２中住専,,,2026年第1四半期,,
中古マンション等,成約価格情報,13109,東京都,品川区,上大崎,目黒,4,90000000,３ＬＤＫ,100,1971年,ＳＲＣ,,,２中住専,,,2026年第1四半期,,
中古マンション等,成約価格情報,13109,東京都,品川区,上大崎,目黒,4,90000000,３ＬＤＫ,100,1971年,ＳＲＣ,,,２中住専,,,2026年第1四半期,,
中古マンション等,成約価格情報,13109,東京都,品川区,上大崎,目黒,10,56000000,２ＬＤＫ,70,1970年,ＳＲＣ,,,２種住居,,,2026年第1四半期,,
中古マンション等,成約価格情報,13109,東京都,品川区,西大井,西大井,9,70000000,３ＬＤＫ,85,1985年,ＳＲＣ,,,１中住専,,,2026年第1四半期,,
中古マンション等,成約価格情報,13109,東京都,品川区,西大井,西大井,2,67000000,３ＤＫ,60,1986年,ＳＲＣ,,,１種住居,,,2026年第1四半期,,
中古マンション等,成約価格情報,13109,東京都,品川区,西大井,大森(東京),12,83000000,３ＬＤＫ,65,2002年,ＲＣ,,,１低住専,,,2026年第1四半期,,
中古マンション等,成約価格情報,13109,東京都,品川区,西品川,大崎,9,76000000,２ＬＤＫ,55,2000年,ＲＣ,,,近隣商業,,,2026年第1四半期,,
中古マンション等,成約価格情報,13109,東京都,品川区,西品川,大崎,8,170000000,３ＬＤＫ,75,2018年,ＲＣ,,,準工業,,,2026年第1四半期,,
中古マンション等,成約価格情報,13109,東京都,品川区,勝島,立会川,10,55000000,３ＬＤＫ,60,1983年,ＳＲＣ,,,準工業,,,2026年第1四半期,,
中古マンション等,成約価格情報,13109,東京都,品川区,勝島,立会川,11,88000000,３ＬＤＫ,70,2017年,ＲＣ,,,準工業,,,2026年第1四半期,,
中古マンション等,成約価格情報,13109,東京都,品川区,勝島,立会川,11,77000000,３ＬＤＫ,75,2017年,ＲＣ,,,準工業,,,2026年第1四半期,,
中古マンション等,成約価格情報,13109,東京都,品川区,北品川,大崎,6,220000000,３ＬＤＫ,70,2015年,ＲＣ,,,準工業,,,2026年第1四半期,,
中古マンション等,成約価格情報,13109,東京都,品川区,北品川,北品川,7,120000000,３ＬＤＫ,75,2001年,ＲＣ,,,１中住専,,,2026年第1四半期,,
中古マンション等,成約価格情報,13109,東京都,品川区,北品川,大崎,6,130000000,１ＬＤＫ,45,2015年,ＲＣ,,,準工業,,,2026年第1四半期,,
中古マンション等,成約価格情報,13109,東京都,品川区,北品川,新馬場,4,42000000,２ＤＫ,45,1970年,ＳＲＣ,,,商業,,,2026年第1四半期,改装済み,
中古マンション等,成約価格情報,13109,東京都,品川区,北品川,大崎,4,99000000,２ＬＤＫ＋Ｓ,60,1979年,ＳＲＣ,,,準工業,,,2026年第1四半期,,
中古マンション等,成約価格情報,13109,東京都,品川区,北品川,北品川,5,37000000,１Ｋ,25,2022年,ＲＣ,,,近隣商業,,,2026年第1四半期,,
中古マンション等,成約価格情報,13109,東京都,品川区,北品川,大崎,14,150000000,１ＬＤＫ,85,2002年,ＲＣ,,,１低住専,,,2026年第1四半期,,
中古マンション等,成約価格情報,13109,東京都,品川区,北品川,新馬場,5,31000000,２Ｋ,40,1972年,,,,商業,,,2026年第1四半期,,
中古マンション等,成約価格情報,13109,東京都,品川区,北品川,大崎,6,190000000,２ＬＤＫ,60,2015年,ＲＣ,,,準工業,,,2026年第1四半期,,
中古マンション等,成約価格情報,13109,東京都,品川区,北品川,新馬場,7,47000000,２ＬＤＫ,50,1983年,ＲＣ,,,商業,,,2026年第1四半期,,
中古マンション等,成約価格情報,13109,東京都,品川区,北品川,大崎,7,200000000,３ＬＤＫ,95,1997年,ＳＲＣ,,,準工業,,,2026年第1四半期,,
中古マンション等,成約価格情報,13109,東京都,品川区,北品川,新馬場,6,30000000,１Ｋ,25,2020年,ＲＣ,,,商業,,,2026年第1四半期,,
中古マンション等,成約価格情報,13109,東京都,品川区,北品川,北品川,5,54000000,２ＬＤＫ,55,1970年,ＳＲＣ,,,１中住専,,,2026年第1四半期,,
中古マンション等,成約価格情報,13109,東京都,品川区,北品川,品川,12,35000000,１Ｋ,20,2013年,ＲＣ,,,１種住居,,,2026年第1四半期,,
中古マンション等,成約価格情報,13109,東京都,品川区,北品川,品川,13,90000000,３ＬＤＫ,85,1979年,ＲＣ,,,１低住専,,,2026年第1四半期,,
中古マンション等,成約価格情報,13109,東京都,品川区,北品川,大崎,5,100000000,２ＤＫ＋Ｓ,60,1996年,ＳＲＣ,,,準工業,,,2026年第1四半期,,
中古マンション等,成約価格情報,13109,東京都,品川区,北品川,北品川,4,120000000,２ＬＤＫ＋Ｓ,85,2011年,ＲＣ,,,１中住専,,,2026年第1四半期,,
中古マンション等,成約価格情報,13109,東京都,品川区,北品川,大崎,6,180000000,２ＬＤＫ,65,2015年,ＲＣ,,,準工業,,,2026年第1四半期,,
中古マンション等,成約価格情報,13109,東京都,品川区,戸越,中延,3,52000000,２ＬＤＫ,45,1988年,ＲＣ,,,近隣商業,,,2026年第1四半期,改装済み,
中古マンション等,成約価格情報,13109,東京都,品川区,戸越,中延,5,52000000,２ＬＤＫ,70,1970年,ＲＣ,,,近隣商業,,,2026年第1四半期,,
中古マンション等,成約価格情報,13109,東京都,品川区,戸越,戸越公園,4,110000000,２ＬＤＫ,60,2018年,ＲＣ,,,近隣商業,,,2026年第1四半期,,
中古マンション等,成約価格情報,13109,東京都,品川区,中延,荏原中延,4,140000000,３ＬＤＫ,70,2019年,ＲＣ,,,１種住居,,,2026年第1四半期,,
中古マンション等,成約価格情報,13109,東京都,品川区,中延,荏原中延,2,28000000,１Ｋ,20,2019年,ＲＣ,,,近隣商業,,,2026年第1四半期,,
中古マンション等,成約価格情報,13109,東京都,品川区,中延,中延,4,87000000,２ＬＤＫ,45,2020年,ＲＣ,,,１種住居,,,2026年第1四半期,,
中古マンション等,成約価格情報,13109,東京都,品川区,中延,中延,6,130000000,３ＬＤＫ,75,2008年,ＲＣ,,,準工業,,,2026年第1四半期,,
中古マンション等,成約価格情報,13109,東京都,品川区,西五反田,不動前,3,25000000,１Ｋ,25,2001年,ＳＲＣ,,,商業,,,2026年第1四半期,,
中古マンション等,成約価格情報,13109,東京都,品川区,西五反田,目黒,10,160000000,２ＬＤＫ,65,2018年,ＲＣ,,,準工業,,,2026年第1四半期,,
中古マンション等,成約価格情報,13109,東京都,品川区,西五反田,五反田,3,14000000,１Ｒ,20,1983年,ＳＲＣ,,,商業,,,2026年第1四半期,,
中古マンション等,成約価格情報,13109,東京都,品川区,西五反田,戸越,6,14000000,１Ｒ,20,1979年,ＳＲＣ,,,商業,,,2026年第1四半期,,
中古マンション等,成約価格情報,13109,東京都,品川区,西五反田,五反田,6,140000000,３ＬＤＫ,75,2013年,ＲＣ,,,商業,,,2026年第1四半期,,
中古マンション等,成約価格情報,13109,東京都,品川区,西五反田,不動前,8,86000000,１ＬＤＫ,70,1986年,ＲＣ,,,１種住居,,,2026年第1四半期,改装済み,
中古マンション等,成約価格情報,13109,東京都,品川区,西五反田,戸越,7,49000000,１ＬＤＫ,50,1981年,ＳＲＣ,,,商業,,,2026年第1四半期,,
中古マンション等,成約価格情報,13109,東京都,品川区,西五反田,不動前,4,160000000,２ＬＤＫ,55,2017年,ＲＣ,,,準工業,,,2026年第1四半期,,
中古マンション等,成約価格情報,13109,東京都,品川区,西五反田,不動前,5,72000000,２ＬＤＫ,60,1974年,ＳＲＣ,,,１種住居,,,2026年第1四半期,,
中古マンション等,成約価格情報,13109,東京都,品川区,西五反田,不動前,4,140000000,２ＬＤＫ,60,2017年,ＲＣ,,,準工業,,,2026年第1四半期,,
中古マンション等,成約価格情報,13109,東京都,品川区,西五反田,目黒,10,120000000,１ＬＤＫ,45,2017年,ＲＣ,,,準工業,,,2026年第1四半期,,
中古マンション等,成約価格情報,13109,東京都,品川区,西五反田,不動前,4,140000000,２ＬＤＫ,60,2015年,ＲＣ,,,商業,,,2026年第1四半期,,
中古マンション等,成約価格情報,13109,東京都,品川区,西五反田,五反田,11,48000000,２ＬＤＫ,50,1980年,ＳＲＣ,,,商業,,,2026年第1四半期,改装済み,
中古マンション等,成約価格情報,13109,東京都,品川区,西五反田,戸越,6,29000000,１Ｋ,20,2013年,ＲＣ,,,商業,,,2026年第1四半期,,
中古マンション等,成約価格情報,13109,東京都,品川区,西五反田,五反田,4,24000000,２ＤＫ,45,1981年,ＳＲＣ,,,商業,,,2026年第1四半期,,
中古マンション等,成約価格情報,13109,東京都,品川区,西五反田,戸越,6,140000000,３ＬＤＫ,85,2004年,ＲＣ,,,商業,,,2026年第1四半期,,
中古マンション等,成約価格情報,13109,東京都,品川区,西五反田,目黒,9,180000000,２ＬＤＫ,65,2023年,ＲＣ,,,２種住居,,,2026年第1四半期,,
中古マンション等,成約価格情報,13109,東京都,品川区,西五反田,五反田,4,76000000,１Ｒ,30,2024年,ＲＣ,,,商業,,,2026年第1四半期,,
中古マンション等,成約価格情報,13109,東京都,品川区,西五反田,五反田,10,31000000,１Ｋ,30,2014年,ＲＣ,,,,,,2026年第1四半期,,
中古マンション等,成約価格情報,13109,東京都,品川区,西五反田,五反田,6,210000000,３ＬＤＫ,85,2013年,ＲＣ,,,商業,,,2026年第1四半期,,
中古マンション等,成約価格情報,13109,東京都,品川区,西五反田,目黒,9,190000000,２ＬＤＫ,65,2023年,ＲＣ,,,２種住居,,,2026年第1四半期,,
中古マンション等,成約価格情報,13109,東京都,品川区,西五反田,五反田,6,76000000,１ＬＤＫ,45,2013年,ＲＣ,,,商業,,,2026年第1四半期,,
中古マンション等,成約価格情報,13109,東京都,品川区,西五反田,五反田,6,80000000,１ＬＤＫ,35,2023年,ＲＣ,,,商業,,,2026年第1四半期,,
中古マンション等,成約価格情報,13109,東京都,品川区,西五反田,目黒,10,210000000,３ＬＤＫ,75,2018年,ＲＣ,,,準工業,,,2026年第1四半期,,
中古マンション等,成約価格情報,13109,東京都,品川区,西五反田,不動前,8,120000000,２ＬＤＫ,55,2014年,ＲＣ,,,準工業,,,2026年第1四半期,改装済み,
中古マンション等,成約価格情報,13109,東京都,品川区,西五反田,目黒,9,370000000,３ＬＤＫ,105,2023年,ＲＣ,,,２種住居,,,2026年第1四半期,,
中古マンション等,成約価格情報,13109,東京都,品川区,西五反田,戸越,8,23000000,１Ｋ,25,2006年,ＲＣ,,,商業,,,2026年第1四半期,,
中古マンション等,成約価格情報,13109,東京都,品川区,西五反田,不動前,6,86000000,３ＬＤＫ,80,1999年,ＲＣ,,,準工業,,,2026年第1四半期,,
中古マンション等,成約価格情報,13109,東京都,品川区,西五反田,五反田,14,15000000,１Ｋ,20,1983年,ＲＣ,,,商業,,,2026年第1四半期,,
中古マンション等,成約価格情報,13109,東京都,品川区,西五反田,五反田,13,44000000,２ＬＤＫ,45,1980年,ＳＲＣ,,,商業,,,2026年第1四半期,,
中古マンション等,成約価格情報,13109,東京都,品川区,西五反田,五反田,5,32000000,１ＬＤＫ,45,1980年,ＳＲＣ,,,商業,,,2026年第1四半期,,
中古マンション等,成約価格情報,13109,東京都,品川区,西五反田,戸越,6,27000000,１Ｋ,25,2015年,ＲＣ,,,商業,,,2026年第1四半期,,
中古マンション等,成約価格情報,13109,東京都,品川区,旗の台,旗の台,2,60000000,１ＬＤＫ,55,1976年,ＳＲＣ,,,商業,,,2026年第1四半期,,
中古マンション等,成約価格情報,13109,東京都,品川区,旗の台,旗の台,4,45000000,２ＤＫ,50,1986年,ＳＲＣ,,,商業,,,2026年第1四半期,,
中古マンション等,成約価格情報,13109,東京都,品川区,旗の台,旗の台,4,17000000,１ＤＫ,30,1970年,ＳＲＣ,,,商業,,,2026年第1四半期,,
中古マンション等,成約価格情報,13109,東京都,品川区,旗の台,旗の台,4,60000000,１ＬＤＫ,40,2014年,ＲＣ,,,商業,,,2026年第1四半期,,
中古マンション等,成約価格情報,13109,東京都,品川区,旗の台,旗の台,1,21000000,１Ｒ,30,1978年,ＲＣ,,,近隣商業,,,2026年第1四半期,,
中古マンション等,成約価格情報,13109,東京都,品川区,旗の台,旗の台,,20000000,１Ｋ,25,2005年,ＲＣ,,,近隣商業,,,2026年第1四半期,,
中古マンション等,成約価格情報,13109,東京都,品川区,旗の台,荏原町,2,52000000,２ＬＤＫ,50,1982年,ＲＣ,,,１種住居,,,2026年第1四半期,,
中古マンション等,成約価格情報,13109,東京都,品川区,旗の台,旗の台,5,86000000,３ＬＤＫ,75,2024年,鉄骨造,,,１低住専,,,2026年第1四半期,,
中古マンション等,成約価格情報,13109,東京都,品川区,東五反田,大崎,6,180000000,２ＬＤＫ,70,2010年,ＲＣ,,,準工業,,,2026年第1四半期,,
中古マンション等,成約価格情報,13109,東京都,品川区,東五反田,五反田,8,24000000,１Ｋ,20,2001年,ＳＲＣ,,,２種住居,,,2026年第1四半期,,
中古マンション等,成約価格情報,13109,東京都,品川区,東五反田,高輪台,4,150000000,２ＬＤＫ＋Ｓ,80,2015年,ＲＣ,,,商業,,,2026年第1四半期,,
中古マンション等,成約価格情報,13109,東京都,品川区,東五反田,大崎,6,190000000,２ＬＤＫ,75,2010年,ＲＣ,,,準工業,,,2026年第1四半期,,
中古マンション等,成約価格情報,13109,東京都,品川区,東五反田,高輪台,2,210000000,１ＬＤＫ＋Ｓ,85,2014年,ＲＣ,,,商業,,,2026年第1四半期,,
中古マンション等,成約価格情報,13109,東京都,品川区,東五反田,五反田,4,26000000,１Ｒ,25,1980年,ＳＲＣ,,,商業,,,2026年第1四半期,,
中古マンション等,成約価格情報,13109,東京都,品川区,東五反田,五反田,9,73000000,１ＬＤＫ,60,1981年,ＲＣ,,,１低住専,,,2026年第1四半期,,
中古マンション等,成約価格情報,13109,東京都,品川区,東五反田,五反田,5,39000000,１Ｋ,30,1984年,,,,商業,,,2026年第1四半期,改装済み,
中古マンション等,成約価格情報,13109,東京都,品川区,東五反田,五反田,9,43000000,２ＤＫ,45,1978年,ＳＲＣ,,,商業,,,2026年第1四半期,,
中古マンション等,成約価格情報,13109,東京都,品川区,東五反田,五反田,5,120000000,２ＬＤＫ＋Ｓ,90,2020年,軽量鉄骨造,,,１中住専,,,2026年第1四半期,,
中古マンション等,成約価格情報,13109,東京都,品川区,東五反田,大崎,5,190000000,３ＬＤＫ,85,2001年,,,,準工業,,,2026年第1四半期,,
中古マンション等,成約価格情報,13109,東京都,品川区,東五反田,五反田,4,190000000,３ＬＤＫ,80,2008年,ＲＣ,,,準工業,,,2026年第1四半期,,
中古マンション等,成約価格情報,13109,東京都,品川区,東五反田,五反田,3,12000000,１Ｋ,20,1978年,ＲＣ,,,商業,,,2026年第1四半期,,
中古マンション等,成約価格情報,13109,東京都,品川区,東五反田,五反田,5,87000000,２ＬＤＫ,60,1997年,ＳＲＣ,,,商業,,,2026年第1四半期,,
中古マンション等,成約価格情報,13109,東京都,品川区,東五反田,高輪台,4,31000000,１Ｋ,25,2006年,ＲＣ,,,商業,,,2026年第1四半期,,
中古マンション等,成約価格情報,13109,東京都,品川区,東五反田,五反田,4,42000000,１ＬＤＫ＋Ｓ,50,1979年,ＲＣ,,,商業,,,2026年第1四半期,,
中古マンション等,成約価格情報,13109,東京都,品川区,東五反田,五反田,5,18000000,１ＤＫ,30,1980年,ＳＲＣ,,,商業,,,2026年第1四半期,,
中古マンション等,成約価格情報,13109,東京都,品川区,東五反田,大崎,6,270000000,３ＬＤＫ,95,2010年,ＲＣ,,,準工業,,,2026年第1四半期,,
中古マンション等,成約価格情報,13109,東京都,品川区,平塚,戸越,2,85000000,２ＬＤＫ,55,1996年,ＳＲＣ,,,商業,,,2026年第1四半期,,
中古マンション等,成約価格情報,13109,東京都,品川区,平塚,戸越銀座,7,50000000,１Ｋ,25,2017年,ＲＣ,,,商業,,,2026年第1四半期,,
中古マンション等,成約価格情報,13109,東京都,品川区,平塚,戸越銀座,6,38000000,１Ｋ,25,2017年,ＲＣ,,,商業,,,2026年第1四半期,,
中古マンション等,成約価格情報,13109,東京都,品川区,平塚,戸越銀座,6,140000000,２ＬＤＫ＋Ｓ,85,2005年,ＲＣ,,,商業,,,2026年第1四半期,,
中古マンション等,成約価格情報,13109,東京都,品川区,平塚,戸越,2,95000000,２ＬＤＫ,55,2012年,ＲＣ,,,商業,,,2026年第1四半期,,
中古マンション等,成約価格情報,13109,東京都,品川区,平塚,戸越銀座,4,64000000,１ＬＤＫ,45,2005年,ＲＣ,,,商業,,,2026年第1四半期,,
中古マンション等,成約価格情報,13109,東京都,品川区,平塚,戸越銀座,2,22000000,３Ｋ,50,1971年,ＳＲＣ,,,準工業,,,2026年第1四半期,,
中古マンション等,成約価格情報,13109,東京都,品川区,平塚,戸越,6,56000000,１ＬＤＫ,40,2003年,ＲＣ,,,商業,,,2026年第1四半期,,
中古マンション等,成約価格情報,13109,東京都,品川区,平塚,戸越,2,100000000,２ＬＤＫ,55,2012年,ＲＣ,,,商業,,,2026年第1四半期,,
中古マンション等,成約価格情報,13109,東京都,品川区,南品川,新馬場,6,30000000,２Ｋ,40,1976年,ＲＣ,,,準工業,,,2026年第1四半期,改装済み,
中古マンション等,成約価格情報,13109,東京都,品川区,南品川,青物横丁,2,50000000,２ＤＫ,50,1985年,ＳＲＣ,,,商業,,,2026年第1四半期,,
中古マンション等,成約価格情報,13109,東京都,品川区,南品川,大井町,10,95000000,２ＬＤＫ,60,2005年,ＲＣ,,,準工業,,,2026年第1四半期,,
中古マンション等,成約価格情報,13109,東京都,品川区,南品川,青物横丁,2,120000000,３ＬＤＫ,75,2011年,ＳＲＣ,,,準工業,,,2026年第1四半期,,
中古マンション等,成約価格情報,13109,東京都,品川区,南品川,大井町,9,97000000,３ＬＤＫ,65,2000年,ＲＣ,,,近隣商業,,,2026年第1四半期,,
中古マンション等,成約価格情報,13109,東京都,品川区,南品川,青物横丁,3,75000000,２ＬＤＫ,70,1982年,ＲＣ,,,１種住居,,,2026年第1四半期,,
中古マンション等,成約価格情報,13109,東京都,品川区,南品川,青物横丁,6,32000000,１Ｒ,30,2011年,ＲＣ,,,１種住居,,,2026年第1四半期,,
中古マンション等,成約価格情報,13109,東京都,品川区,南品川,大井町,7,130000000,２ＬＤＫ,75,2017年,ＲＣ,,,準工業,,,2026年第1四半期,,
中古マンション等,成約価格情報,13109,東京都,品川区,南品川,新馬場,8,21000000,２ＤＫ,35,1987年,ＲＣ,,,準工業,,,2026年第1四半期,,
中古マンション等,成約価格情報,13109,東京都,品川区,南品川,大井町,5,190000000,２ＬＤＫ,80,2009年,ＲＣ,,,近隣商業,,,2026年第1四半期,,
中古マンション等,成約価格情報,13109,東京都,品川区,南品川,大井町,8,75000000,３ＤＫ,55,1995年,ＲＣ,,,１種住居,,,2026年第1四半期,,
中古マンション等,成約価格情報,13109,東京都,品川区,南品川,大井町,7,85000000,１ＬＤＫ,40,2019年,ＲＣ,,,１種住居,,,2026年第1四半期,,
中古マンション等,成約価格情報,13109,東京都,品川区,南品川,大井町,7,110000000,３ＬＤＫ,90,1983年,ＳＲＣ,,,近隣商業,,,2026年第1四半期,改装済み,
中古マンション等,成約価格情報,13109,東京都,品川区,南品川,大井町,14,140000000,３ＬＤＫ,75,2012年,ＲＣ,,,準工業,,,2026年第1四半期,,
中古マンション等,成約価格情報,13109,東京都,品川区,南品川,青物横丁,1,93000000,３ＬＤＫ,75,2007年,ＲＣ,,,準工業,,,2026年第1四半期,,
中古マンション等,成約価格情報,13109,東京都,品川区,南品川,青物横丁,1,93000000,３ＬＤＫ,75,2007年,ＲＣ,,,準工業,,,2026年第1四半期,,
中古マンション等,成約価格情報,13109,東京都,品川区,小山,武蔵小山,1,140000000,１ＬＤＫ,50,2020年,ＲＣ,,,商業,,,2026年第1四半期,,
中古マンション等,成約価格情報,13109,東京都,品川区,小山,武蔵小山,3,170000000,２ＬＤＫ,75,2008年,ＲＣ,,,近隣商業,,,2026年第1四半期,,
中古マンション等,成約価格情報,13109,東京都,品川区,小山,武蔵小山,4,90000000,２ＬＤＫ,55,2004年,ＲＣ,,,１種住居,,,2026年第1四半期,,
中古マンション等,成約価格情報,13109,東京都,品川区,小山,不動前,5,60000000,２ＬＤＫ,55,1970年,ＳＲＣ,,,準工業,,,2026年第1四半期,,
中古マンション等,成約価格情報,13109,東京都,品川区,小山,武蔵小山,1,170000000,２ＬＤＫ,65,2019年,ＲＣ,,,商業,,,2026年第1四半期,,
中古マンション等,成約価格情報,13109,東京都,品川区,小山,武蔵小山,2,210000000,２ＬＤＫ,75,2021年,ＲＣ,,,近隣商業,,,2026年第1四半期,,
中古マンション等,成約価格情報,13109,東京都,品川区,小山,武蔵小山,1,250000000,３ＬＤＫ,80,2019年,ＲＣ,,,商業,,,2026年第1四半期,,
中古マンション等,成約価格情報,13109,東京都,品川区,小山,西小山,3,52000000,１ＬＤＫ,45,1983年,ＲＣ,,,商業,,,2026年第1四半期,,
中古マンション等,成約価格情報,13109,東京都,品川区,小山,不動前,5,29000000,１Ｒ,30,1970年,ＳＲＣ,,,準工業,,,2026年第1四半期,,
中古マンション等,成約価格情報,13109,東京都,品川区,小山,武蔵小山,1,230000000,２ＬＤＫ,75,2019年,ＲＣ,,,商業,,,2026年第1四半期,,
中古マンション等,成約価格情報,13109,東京都,品川区,小山,西小山,4,32000000,１Ｋ,35,1991年,ＲＣ,,,近隣商業,,,2026年第1四半期,,
中古マンション等,成約価格情報,13109,東京都,品川区,小山,西小山,6,26000000,１Ｋ,25,2009年,ＲＣ,,,１種住居,,,2026年第1四半期,,
中古マンション等,成約価格情報,13109,東京都,品川区,小山,武蔵小山,8,130000000,３ＬＤＫ,70,2003年,ＲＣ,,,準工業,,,2026年第1四半期,,
中古マンション等,成約価格情報,13109,東京都,品川区,小山,武蔵小山,1,200000000,３ＬＤＫ,70,2019年,ＲＣ,,,商業,,,2026年第1四半期,,
中古マンション等,成約価格情報,13109,東京都,品川区,小山,武蔵小山,3,45000000,３ＬＤＫ,75,1983年,ＲＣ,,,近隣商業,,,2026年第1四半期,,
中古マンション等,成約価格情報,13109,東京都,品川区,小山,武蔵小山,2,130000000,２ＬＤＫ,65,2006年,ＲＣ,,,商業,,,2026年第1四半期,,
中古マンション等,成約価格情報,13109,東京都,品川区,小山,武蔵小山,1,100000000,１ＬＤＫ,50,2019年,ＲＣ,,,商業,,,2026年第1四半期,,
中古マンション等,成約価格情報,13109,東京都,品川区,小山,武蔵小山,1,220000000,３ＬＤＫ,70,2019年,ＲＣ,,,商業,,,2026年第1四半期,,
中古マンション等,成約価格情報,13109,東京都,品川区,西中延,荏原町,6,110000000,３ＬＤＫ,80,1999年,ＲＣ,,,１種住居,,,2026年第1四半期,,
中古マンション等,成約価格情報,13109,東京都,品川区,西中延,戸越銀座,9,15000000,１Ｋ,20,2004年,ＲＣ,,,商業,,,2026年第1四半期,,
中古マンション等,成約価格情報,13109,東京都,品川区,西中延,荏原中延,8,83000000,３ＬＤＫ,65,1996年,ＲＣ,,,近隣商業,,,2026年第1四半期,,
中古マンション等,成約価格情報,13109,東京都,品川区,西中延,荏原町,6,100000000,２ＬＤＫ,75,1999年,ＲＣ,,,１種住居,,,2026年第1四半期,,
中古マンション等,成約価格情報,13109,東京都,品川区,東大井,品川シーサイド,3,90000000,２ＬＤＫ,65,2008年,ＲＣ,,,準工業,,,2026年第1四半期,,
中古マンション等,成約価格情報,13109,東京都,品川区,東大井,大井町,3,130000000,２ＬＤＫ,60,2014年,ＲＣ,,,近隣商業,,,2026年第1四半期,,
中古マンション等,成約価格情報,13109,東京都,品川区,東大井,大井町,5,65000000,２ＬＤＫ,60,1971年,ＳＲＣ,,,商業,,,2026年第1四半期,,
中古マンション等,成約価格情報,13109,東京都,品川区,東大井,立会川,1,50000000,２ＬＤＫ,50,1984年,ＳＲＣ,,,商業,,,2026年第1四半期,,
中古マンション等,成約価格情報,13109,東京都,品川区,東大井,鮫洲,2,34000000,２ＤＫ,45,1978年,ＲＣ,,,商業,,,2026年第1四半期,,
中古マンション等,成約価格情報,13109,東京都,品川区,東大井,品川シーサイド,7,78000000,３ＬＤＫ,65,1996年,ＲＣ,,,準工業,,,2026年第1四半期,,
中古マンション等,成約価格情報,13109,東京都,品川区,東大井,大井町,5,93000000,２ＬＤＫ,60,1988年,ＳＲＣ,,,商業,,,2026年第1四半期,,
中古マンション等,成約価格情報,13109,東京都,品川区,東大井,大井町,5,94000000,３ＬＤＫ,70,2017年,ＲＣ,,,商業,,,2026年第1四半期,,
中古マンション等,成約価格情報,13109,東京都,品川区,東大井,品川シーサイド,5,48000000,３ＬＤＫ,55,1983年,ＳＲＣ,,,準工業,,,2026年第1四半期,,
中古マンション等,成約価格情報,13109,東京都,品川区,東大井,大井町,6,25000000,１ＤＫ,30,1994年,ＲＣ,,,１種住居,,,2026年第1四半期,,
中古マンション等,成約価格情報,13109,東京都,品川区,東大井,鮫洲,7,24000000,１Ｋ,30,2003年,ＲＣ,,,準工業,,,2026年第1四半期,,
中古マンション等,成約価格情報,13109,東京都,品川区,東大井,大井町,5,48000000,１ＤＫ,30,2001年,ＲＣ,,,１種住居,,,2026年第1四半期,,
中古マンション等,成約価格情報,13109,東京都,品川区,東大井,大井町,4,53000000,２ＤＫ,40,1995年,ＲＣ,,,１中住専,,,2026年第1四半期,,
中古マンション等,成約価格情報,13109,東京都,品川区,東大井,品川シーサイド,6,130000000,３ＬＤＫ,70,2018年,ＲＣ,,,準工業,,,2026年第1四半期,,
中古マンション等,成約価格情報,13109,東京都,品川区,東大井,大井町,4,59000000,２ＬＤＫ,50,1982年,ＳＲＣ,,,商業,,,2026年第1四半期,,
中古マンション等,成約価格情報,13109,東京都,品川区,東大井,品川シーサイド,3,67000000,１ＬＤＫ,45,2008年,ＲＣ,,,準工業,,,2026年第1四半期,,
中古マンション等,成約価格情報,13109,東京都,品川区,東大井,品川シーサイド,5,78000000,１ＬＤＫ,50,2018年,ＲＣ,,,準工業,,,2026年第1四半期,,
中古マンション等,成約価格情報,13109,東京都,品川区,東大井,品川シーサイド,6,65000000,２ＬＤＫ,70,1983年,ＲＣ,,,準工業,,,2026年第1四半期,,
中古マンション等,成約価格情報,13109,東京都,品川区,東大井,品川シーサイド,3,92000000,２ＬＤＫ,55,2008年,ＲＣ,,,準工業,,,2026年第1四半期,,
中古マンション等,成約価格情報,13109,東京都,品川区,東大井,大井町,5,170000000,３ＬＤＫ,75,2012年,ＲＣ,,,商業,,,2026年第1四半期,,
中古マンション等,成約価格情報,13109,東京都,品川区,東大井,品川シーサイド,3,92000000,２ＬＤＫ,60,2008年,ＲＣ,,,準工業,,,2026年第1四半期,,
中古マンション等,成約価格情報,13109,東京都,品川区,東大井,大井町,4,34000000,１ＬＤＫ,40,1982年,ＳＲＣ,,,１種住居,,,2026年第1四半期,,
中古マンション等,成約価格情報,13109,東京都,品川区,東大井,大井町,5,85000000,４ＬＤＫ,100,1971年,ＳＲＣ,,,商業,,,2026年第1四半期,,
中古マンション等,成約価格情報,13109,東京都,品川区,東品川,品川シーサイド,6,60000000,３ＬＤＫ,70,1980年,ＳＲＣ,,,準工業,,,2026年第1四半期,,
中古マンション等,成約価格情報,13109,東京都,品川区,東品川,品川シーサイド,5,120000000,２ＬＤＫ,65,2019年,ＲＣ,,,準工業,,,2026年第1四半期,,
中古マンション等,成約価格情報,13109,東京都,品川区,東品川,天王洲アイル,5,120000000,３ＬＤＫ,80,2007年,ＳＲＣ,,,準工業,,,2026年第1四半期,,
中古マンション等,成約価格情報,13109,東京都,品川区,東品川,天王洲アイル,8,150000000,２ＬＤＫ,85,2005年,ＲＣ,,,準住居,,,2026年第1四半期,,
中古マンション等,成約価格情報,13109,東京都,品川区,東品川,新馬場,8,100000000,３ＬＤＫ,70,2020年,ＲＣ,,,準工業,,,2026年第1四半期,,
中古マンション等,成約価格情報,13109,東京都,品川区,東品川,天王洲アイル,7,130000000,３ＬＤＫ,70,2024年,ＲＣ,,,商業,,,2026年第1四半期,,
中古マンション等,成約価格情報,13109,東京都,品川区,東品川,品川シーサイド,5,53000000,２ＬＤＫ,60,1980年,ＲＣ,,,準工業,,,2026年第1四半期,,
中古マンション等,成約価格情報,13109,東京都,品川区,東品川,品川シーサイド,3,120000000,２ＬＤＫ,65,2019年,ＲＣ,,,準工業,,,2026年第1四半期,,
中古マンション等,成約価格情報,13109,東京都,品川区,東品川,天王洲アイル,8,77000000,１ＬＤＫ,55,2005年,ＲＣ,,,準工業,,,2026年第1四半期,,
中古マンション等,成約価格情報,13109,東京都,品川区,東品川,天王洲アイル,7,130000000,２ＬＤＫ＋Ｓ,85,2005年,ＲＣ,,,準工業,,,2026年第1四半期,,
中古マンション等,成約価格情報,13109,東京都,品川区,東品川,天王洲アイル,3,74000000,１ＬＤＫ,60,2005年,ＲＣ,,,商業,,,2026年第1四半期,,
中古マンション等,成約価格情報,13109,東京都,品川区,東品川,天王洲アイル,5,110000000,２ＬＤＫ,60,2018年,ＲＣ,,,準工業,,,2026年第1四半期,,
中古マンション等,成約価格情報,13109,東京都,品川区,東品川,品川シーサイド,8,55000000,２ＬＤＫ,60,1979年,ＳＲＣ,,,準工業,,,2026年第1四半期,改装済み,
中古マンション等,成約価格情報,13109,東京都,品川区,東品川,天王洲アイル,5,110000000,２ＬＤＫ,60,2018年,ＲＣ,,,準工業,,,2026年第1四半期,,
中古マンション等,成約価格情報,13109,東京都,品川区,東品川,品川シーサイド,6,66000000,３ＬＤＫ,70,1980年,ＳＲＣ,,,準工業,,,2026年第1四半期,,
中古マンション等,成約価格情報,13109,東京都,品川区,東品川,品川シーサイド,4,160000000,３ＬＤＫ,75,2019年,ＲＣ,,,準工業,,,2026年第1四半期,,
中古マンション等,成約価格情報,13109,東京都,品川区,東品川,天王洲アイル,8,120000000,２ＬＤＫ,85,2005年,ＲＣ,,,準工業,,,2026年第1四半期,,
中古マンション等,成約価格情報,13109,東京都,品川区,東品川,青物横丁,5,84000000,３ＬＤＫ,70,2001年,ＳＲＣ,,,準工業,,,2026年第1四半期,,
中古マンション等,成約価格情報,13109,東京都,品川区,東品川,品川シーサイド,8,52000000,３ＤＫ,65,1980年,ＳＲＣ,,,準工業,,,2026年第1四半期,,
中古マンション等,成約価格情報,13109,東京都,品川区,東品川,品川シーサイド,8,59000000,３ＬＤＫ,60,1979年,ＳＲＣ,,,準工業,,,2026年第1四半期,,
中古マンション等,成約価格情報,13109,東京都,品川区,東品川,天王洲アイル,5,140000000,２ＬＤＫ,70,2018年,ＲＣ,,,準工業,,,2026年第1四半期,,
中古マンション等,成約価格情報,13109,東京都,品川区,東品川,品川シーサイド,4,130000000,２ＬＤＫ,65,2019年,ＲＣ,,,準工業,,,2026年第1四半期,,
中古マンション等,成約価格情報,13109,東京都,品川区,東品川,品川シーサイド,3,160000000,３ＬＤＫ,70,2019年,ＲＣ,,,準工業,,,2026年第1四半期,,
中古マンション等,成約価格情報,13109,東京都,品川区,東品川,天王洲アイル,7,72000000,１ＬＤＫ,60,2005年,ＲＣ,,,準工業,,,2026年第1四半期,,
中古マンション等,成約価格情報,13109,東京都,品川区,東品川,新馬場,8,56000000,３ＤＫ,60,1982年,ＳＲＣ,,,準工業,,,2026年第1四半期,,
中古マンション等,成約価格情報,13109,東京都,品川区,東品川,天王洲アイル,5,180000000,２ＬＤＫ,70,2018年,ＲＣ,,,準工業,,,2026年第1四半期,,
中古マンション等,成約価格情報,13109,東京都,品川区,東品川,青物横丁,5,100000000,３ＬＤＫ,75,2005年,ＲＣ,,,準工業,,,2026年第1四半期,改装済み,
中古マンション等,成約価格情報,13109,東京都,品川区,東品川,品川シーサイド,2,80000000,２ＬＤＫ,65,2007年,ＲＣ,,,準工業,,,2026年第1四半期,,
中古マンション等,成約価格情報,13109,東京都,品川区,東品川,品川シーサイド,4,120000000,２ＬＤＫ,65,2019年,ＲＣ,,,準工業,,,2026年第1四半期,,
中古マンション等,成約価格情報,13109,東京都,品川区,東品川,品川シーサイド,3,140000000,３ＬＤＫ,65,2019年,ＲＣ,,,準工業,,,2026年第1四半期,,
中古マンション等,成約価格情報,13109,東京都,品川区,東品川,品川シーサイド,2,49000000,１ＬＤＫ,65,2006年,ＲＣ,,,準工業,,,2026年第1四半期,,
中古マンション等,成約価格情報,13109,東京都,品川区,東品川,品川シーサイド,4,100000000,３ＬＤＫ,70,2001年,ＳＲＣ,,,準工業,,,2026年第1四半期,改装済み,
中古マンション等,成約価格情報,13109,東京都,品川区,東品川,新馬場,8,120000000,３ＬＤＫ,70,2020年,ＲＣ,,,準工業,,,2026年第1四半期,,
中古マンション等,成約価格情報,13109,東京都,品川区,二葉,西大井,6,29000000,１Ｋ,20,2020年,ＲＣ,,,近隣商業,,,2026年第1四半期,,
中古マンション等,成約価格情報,13109,東京都,品川区,二葉,下神明,4,120000000,２ＬＤＫ,60,2018年,ＲＣ,,,１種住居,,,2026年第1四半期,,
中古マンション等,成約価格情報,13109,東京都,品川区,八潮,大井競馬場前,10,54000000,３ＬＤＫ,90,1984年,ＳＲＣ,,,１種住居,,,2026年第1四半期,,
中古マンション等,成約価格情報,13109,東京都,品川区,八潮,大井競馬場前,12,37000000,２ＬＤＫ,65,1985年,ＳＲＣ,,,１種住居,,,2026年第1四半期,,
中古マンション等,成約価格情報,13109,東京都,品川区,八潮,大井競馬場前,11,36000000,３ＬＤＫ,75,1983年,ＲＣ,,,１種住居,,,2026年第1四半期,,
中古マンション等,成約価格情報,13109,東京都,品川区,八潮,大井競馬場前,10,40000000,３ＬＤＫ,85,1984年,ＳＲＣ,,,１種住居,,,2026年第1四半期,,
中古マンション等,成約価格情報,13109,東京都,品川区,八潮,大井競馬場前,13,38000000,３ＬＤＫ,75,1983年,ＲＣ,,,１種住居,,,2026年第1四半期,,
中古マンション等,成約価格情報,13109,東京都,品川区,八潮,大井競馬場前,12,37000000,２ＬＤＫ,65,1985年,ＳＲＣ,,,１種住居,,,2026年第1四半期,,
中古マンション等,成約価格情報,13109,東京都,品川区,八潮,大井競馬場前,12,34000000,３ＬＤＫ,75,1983年,ＲＣ,,,１種住居,,,2026年第1四半期,,
中古マンション等,成約価格情報,13109,東京都,品川区,八潮,大井競馬場前,14,52000000,３ＬＤＫ,75,1983年,ＳＲＣ,,,１種住居,,,2026年第1四半期,,
中古マンション等,成約価格情報,13109,東京都,品川区,八潮,大井競馬場前,13,40000000,３ＬＤＫ,85,1983年,ＲＣ,,,１種住居,,,2026年第1四半期,,
中古マンション等,成約価格情報,13109,東京都,品川区,八潮,大井競馬場前,15,38000000,３ＬＤＫ,75,1983年,ＳＲＣ,,,１種住居,,,2026年第1四半期,,
中古マンション等,成約価格情報,13109,東京都,品川区,豊町,戸越,9,79000000,２ＬＤＫ,50,2001年,ＲＣ,,,近隣商業,,,2026年第1四半期,,
中古マンション等,成約価格情報,13109,東京都,品川区,大崎,大崎,4,150000000,２ＬＤＫ,65,2014年,ＲＣ,,,近隣商業,,,2026年第1四半期,,
中古マンション等,成約価格情報,13109,東京都,品川区,大崎,大崎,5,150000000,２ＬＤＫ,75,2007年,ＲＣ,,,準工業,,,2026年第1四半期,,
中古マンション等,成約価格情報,13109,東京都,品川区,大崎,大崎,6,130000000,１ＬＤＫ＋Ｓ,65,2000年,ＳＲＣ,,,準工業,,,2026年第1四半期,,
中古マンション等,成約価格情報,13109,東京都,品川区,大崎,大崎,3,120000000,１ＬＤＫ,50,2009年,ＲＣ,,,近隣商業,,,2026年第1四半期,,
中古マンション等,成約価格情報,13109,東京都,品川区,大崎,大崎,4,150000000,１ＬＤＫ＋Ｓ,55,2009年,ＲＣ,,,近隣商業,,,2026年第1四半期,,
中古マンション等,成約価格情報,13109,東京都,品川区,大崎,大崎,4,250000000,３ＬＤＫ,85,2009年,ＲＣ,,,近隣商業,,,2026年第1四半期,改装済み,
中古マンション等,成約価格情報,13109,東京都,品川区,大崎,五反田,5,86000000,３ＬＤＫ,70,1982年,ＳＲＣ,,,準工業,,,2026年第1四半期,,
中古マンション等,成約価格情報,13109,東京都,品川区,大崎,大崎,10,130000000,３ＬＤＫ,75,2001年,ＲＣ,,,１種住居,,,2026年第1四半期,,
中古マンション等,成約価格情報,13109,東京都,品川区,大崎,大崎,4,160000000,２ＬＤＫ,70,2009年,ＲＣ,,,準工業,,,2026年第1四半期,,
中古マンション等,成約価格情報,13109,東京都,品川区,大崎,大崎,4,160000000,２ＬＤＫ,65,2009年,ＲＣ,,,近隣商業,,,2026年第1四半期,,
中古マンション等,成約価格情報,13109,東京都,品川区,大崎,大崎,2,30000000,１Ｋ,20,2000年,ＳＲＣ,,,準工業,,,2026年第1四半期,,
中古マンション等,成約価格情報,13109,東京都,品川区,大崎,大崎,5,120000000,２ＬＤＫ,75,2007年,ＲＣ,,,準工業,,,2026年第1四半期,,
中古マンション等,成約価格情報,13109,東京都,品川区,大崎,大崎,4,150000000,２ＬＤＫ,70,2009年,ＲＣ,,,近隣商業,,,2026年第1四半期,,
中古マンション等,成約価格情報,13109,東京都,品川区,大崎,大崎広小路,4,62000000,２ＬＤＫ,55,1981年,ＳＲＣ,,,準工業,,,2026年第1四半期,,
中古マンション等,成約価格情報,13109,東京都,品川区,南大井,大森(東京),5,22000000,１Ｋ,20,2004年,ＲＣ,,,商業,,,2026年第1四半期,,
中古マンション等,成約価格情報,13109,東京都,品川区,南大井,大森海岸,4,10000000,１ＤＫ,25,1973年,ＳＲＣ,,,商業,,,2026年第1四半期,,
中古マンション等,成約価格情報,13109,東京都,品川区,南大井,大森(東京),12,25000000,１ＤＫ,35,1973年,ＳＲＣ,,,準工業,,,2026年第1四半期,,
中古マンション等,成約価格情報,13109,東京都,品川区,南大井,大森海岸,3,60000000,３ＬＤＫ,65,1979年,ＳＲＣ,,,商業,,,2026年第1四半期,,
中古マンション等,成約価格情報,13109,東京都,品川区,南大井,大森海岸,3,33000000,３ＤＫ,55,1978年,ＲＣ,,,商業,,,2026年第1四半期,,
中古マンション等,成約価格情報,13109,東京都,品川区,南大井,大森(東京),11,58000000,２ＬＤＫ＋Ｓ,60,2001年,ＳＲＣ,,,準工業,,,2026年第1四半期,,
中古マンション等,成約価格情報,13109,東京都,品川区,南大井,大森海岸,4,50000000,３ＬＤＫ,65,1980年,ＳＲＣ,,,商業,,,2026年第1四半期,改装済み,
中古マンション等,成約価格情報,13109,東京都,品川区,南大井,立会川,8,21000000,１Ｋ,20,2007年,ＲＣ,,,商業,,,2026年第1四半期,,
中古マンション等,成約価格情報,13109,東京都,品川区,南大井,大森海岸,7,22000000,１Ｋ,25,2011年,ＲＣ,,,準工業,,,2026年第1四半期,,
中古マンション等,成約価格情報,13109,東京都,品川区,南大井,立会川,6,7600000,１Ｋ,25,1973年,ＲＣ,,,準工業,,,2026年第1四半期,,
中古マンション等,成約価格情報,13109,東京都,品川区,南大井,大森海岸,3,95000000,２ＬＤＫ,60,2004年,ＲＣ,,,商業,,,2026年第1四半期,,
中古マンション等,成約価格情報,13109,東京都,品川区,南大井,大森(東京),11,62000000,２ＬＤＫ,55,2001年,ＳＲＣ,,,準工業,,,2026年第1四半期,,
中古マンション等,成約価格情報,13109,東京都,品川区,南大井,立会川,7,11000000,１Ｋ,25,1979年,ＲＣ,,,準工業,,,2026年第1四半期,,
中古マンション等,成約価格情報,13109,東京都,品川区,南大井,大森(東京),14,80000000,３ＬＤＫ,70,1998年,ＲＣ,,,準工業,,,2026年第1四半期,,
中古マンション等,成約価格情報,13109,東京都,品川区,南大井,大森(東京),10,25000000,２ＤＫ,45,1977年,ＳＲＣ,,,近隣商業,,,2026年第1四半期,,
中古マンション等,成約価格情報,13109,東京都,品川区,南大井,立会川,6,23000000,１ＤＫ,25,2002年,ＳＲＣ,,,商業,,,2026年第1四半期,,
中古マンション等,成約価格情報,13109,東京都,品川区,南大井,大森海岸,4,24000000,１ＬＤＫ,45,1980年,ＳＲＣ,,,商業,,,2026年第1四半期,,
中古マンション等,成約価格情報,13109,東京都,品川区,南大井,大森海岸,7,30000000,１Ｋ,35,1992年,ＳＲＣ,,,近隣商業,,,2026年第1四半期,,
中古マンション等,成約価格情報,13109,東京都,品川区,南大井,立会川,7,40000000,２ＬＤＫ,50,1979年,ＲＣ,,,準工業,,,2026年第1四半期,,
中古マンション等,成約価格情報,13109,東京都,品川区,南大井,大森海岸,4,33000000,２ＤＫ,55,1978年,ＳＲＣ,,,商業,,,2026年第1四半期,,
中古マンション等,成約価格情報,13109,東京都,品川区,南大井,立会川,8,54000000,２ＬＤＫ＋Ｓ,55,1996年,ＳＲＣ,,,商業,,,2026年第1四半期,,
中古マンション等,成約価格情報,13109,東京都,品川区,南大井,大森(東京),4,49000000,２ＬＤＫ,65,1970年,ＳＲＣ,,,商業,,,2026年第1四半期,,
中古マンション等,成約価格情報,13109,東京都,品川区,南大井,立会川,8,54000000,２ＬＤＫ＋Ｓ,55,1996年,ＳＲＣ,,,商業,,,2026年第1四半期,,
中古マンション等,成約価格情報,13109,東京都,品川区,南大井,大森海岸,5,110000000,３ＬＤＫ,70,2018年,ＲＣ,,,商業,,,2026年第1四半期,,
中古マンション等,成約価格情報,13109,東京都,品川区,南大井,立会川,6,87000000,４ＬＤＫ,90,1997年,ＳＲＣ,,,準工業,,,2026年第1四半期,,
中古マンション等,成約価格情報,13109,東京都,品川区,南大井,大森(東京),3,33000000,２ＬＤＫ,60,1970年,ＳＲＣ,,,商業,,,2026年第1四半期,,
中古マンション等,成約価格情報,13109,東京都,品川区,南大井,大森(東京),9,25000000,１Ｋ,25,2006年,ＲＣ,,,準工業,,,2026年第1四半期,改装済み,
中古マンション等,成約価格情報,13109,東京都,品川区,南大井,大森海岸,4,35000000,２ＬＤＫ,45,1977年,ＳＲＣ,,,商業,,,2026年第1四半期,,
中古マンション等,成約価格情報,13109,東京都,品川区,南大井,大森海岸,5,120000000,３ＬＤＫ,65,2018年,ＲＣ,,,商業,,,2026年第1四半期,,
中古マンション等,成約価格情報,13109,東京都,品川区,南大井,立会川,6,120000000,３ＬＤＫ,70,2014年,ＲＣ,,,準工業,,,2026年第1四半期,,
中古マンション等,成約価格情報,13109,東京都,品川区,南大井,大森海岸,3,44000000,３ＤＫ＋Ｓ,65,1981年,ＳＲＣ,,,商業,,,2026年第1四半期,,
中古マンション等,成約価格情報,13109,東京都,品川区,南大井,大森(東京),6,120000000,２ＬＤＫ,75,2018年,ＲＣ,,,準工業,,,2026年第1四半期,,
中古マンション等,成約価格情報,13109,東京都,品川区,南大井,大森(東京),4,49000000,２ＬＤＫ＋Ｓ,65,1970年,ＳＲＣ,,,商業,,,2026年第1四半期,,
中古マンション等,成約価格情報,13109,東京都,品川区,南大井,大森(東京),7,22000000,１Ｋ,25,2002年,ＲＣ,,,商業,,,2026年第1四半期,,
中古マンション等,成約価格情報,13109,東京都,品川区,南大井,大森(東京),7,24000000,１Ｒ,25,2002年,ＲＣ,,,商業,,,2026年第1四半期,,
中古マンション等,不動産取引価格情報,13109,東京都,品川区,荏原,戸越銀座,9,17000000,２Ｋ,20,1988年,ＲＣ,住宅,住宅,準工業,60,300,2026年第1四半期,,
中古マンション等,不動産取引価格情報,13109,東京都,品川区,荏原,不動前,9,67000000,２ＬＤＫ,40,2014年,ＲＣ,住宅,住宅,準工業,60,300,2026年第1四半期,,
中古マンション等,不動産取引価格情報,13109,東京都,品川区,大井,立会川,8,33000000,１ＬＤＫ,30,2005年,ＲＣ,住宅,住宅,１中住専,60,300,2026年第1四半期,,
中古マンション等,不動産取引価格情報,13109,東京都,品川区,大崎,大崎,6,130000000,２ＬＤＫ,70,1998年,ＳＲＣ,住宅,住宅,準工業,60,300,2026年第1四半期,未改装,
中古マンション等,不動産取引価格情報,13109,東京都,品川区,大崎,大崎,5,140000000,,65,2009年,ＲＣ,住宅,,準工業,60,300,2026年第1四半期,,
中古マンション等,不動産取引価格情報,13109,東京都,品川区,上大崎,目黒,7,300000000,２ＬＤＫ,125,1993年,ＲＣ,,住宅,１低住専,60,150,2026年第1四半期,改装済み,
中古マンション等,不動産取引価格情報,13109,東京都,品川区,上大崎,目黒,6,27000000,１Ｋ,20,2000年,ＳＲＣ,,住宅,商業,80,500,2026年第1四半期,未改装,
中古マンション等,不動産取引価格情報,13109,東京都,品川区,北品川,大崎,6,150000000,３ＬＤＫ,70,2015年,ＲＣ,住宅,その他,準工業,60,300,2026年第1四半期,未改装,
中古マンション等,不動産取引価格情報,13109,東京都,品川区,北品川,大崎,6,110000000,,40,2015年,ＲＣ,住宅,,準工業,60,300,2026年第1四半期,,
中古マンション等,不動産取引価格情報,13109,東京都,品川区,北品川,大崎,6,200000000,,75,2015年,ＲＣ,住宅,,準工業,60,300,2026年第1四半期,,
中古マンション等,不動産取引価格情報,13109,東京都,品川区,北品川,北品川,6,13000000,１Ｋ,10,1985年,ＲＣ,住宅,住宅,準工業,60,400,2026年第1四半期,,
中古マンション等,不動産取引価格情報,13109,東京都,品川区,北品川,北品川,6,13000000,１Ｋ,10,1985年,ＲＣ,住宅,住宅,準工業,60,400,2026年第1四半期,,
中古マンション等,不動産取引価格情報,13109,東京都,品川区,北品川,北品川,4,25000000,１Ｋ,20,2007年,ＲＣ,住宅,住宅,１種住居,60,300,2026年第1四半期,未改装,
中古マンション等,不動産取引価格情報,13109,東京都,品川区,北品川,北品川,7,200000000,２ＬＤＫ,125,2000年,ＲＣ,住宅,住宅,１中住専,60,200,2026年第1四半期,改装済み,
中古マンション等,不動産取引価格情報,13109,東京都,品川区,北品川,北品川,2,29000000,１Ｒ,20,1999年,ＲＣ,住宅,住宅,１種住居,60,300,2026年第1四半期,未改装,
中古マンション等,不動産取引価格情報,13109,東京都,品川区,小山,西小山,8,28000000,,25,,ＲＣ,,,近隣商業,80,300,2026年第1四半期,,
中古マンション等,不動産取引価格情報,13109,東京都,品川区,小山,武蔵小山,2,150000000,,55,2021年,ＲＣ,住宅,住宅,近隣商業,80,300,2026年第1四半期,,
中古マンション等,不動産取引価格情報,13109,東京都,品川区,小山,武蔵小山,3,22000000,１ＤＫ,30,1998年,ＳＲＣ,住宅,住宅,商業,80,400,2026年第1四半期,未改装,
中古マンション等,不動産取引価格情報,13109,東京都,品川区,戸越,戸越,2,23000000,,20,2004年,ＲＣ,住宅,住宅,商業,80,500,2026年第1四半期,,
中古マンション等,不動産取引価格情報,13109,東京都,品川区,戸越,戸越公園,4,23000000,,20,2014年,ＲＣ,住宅,住宅,近隣商業,80,400,2026年第1四半期,,
中古マンション等,不動産取引価格情報,13109,東京都,品川区,中延,中延,4,24000000,１Ｋ,20,2005年,ＲＣ,住宅,住宅,近隣商業,80,300,2026年第1四半期,未改装,
中古マンション等,不動産取引価格情報,13109,東京都,品川区,西五反田,大崎広小路,6,35000000,２ＤＫ,45,1974年,ＳＲＣ,,住宅,商業,80,600,2026年第1四半期,改装済み,
中古マンション等,不動産取引価格情報,13109,東京都,品川区,西五反田,五反田,1,43000000,,20,2005年,ＳＲＣ,,,商業,80,700,2026年第1四半期,,
中古マンション等,不動産取引価格情報,13109,東京都,品川区,西五反田,五反田,5,80000000,１ＬＤＫ,35,2023年,ＲＣ,住宅,住宅,商業,80,700,2026年第1四半期,未改装,
中古マンション等,不動産取引価格情報,13109,東京都,品川区,西五反田,戸越,8,21000000,,20,2003年,ＳＲＣ,,,商業,80,600,2026年第1四半期,,
中古マンション等,不動産取引価格情報,13109,東京都,品川区,西五反田,不動前,4,100000000,２ＬＤＫ,55,2015年,ＲＣ,住宅,住宅,商業,80,600,2026年第1四半期,未改装,
中古マンション等,不動産取引価格情報,13109,東京都,品川区,西五反田,不動前,5,160000000,２ＬＤＫ,60,2018年,ＲＣ,住宅,住宅,準工業,60,300,2026年第1四半期,改装済み,
中古マンション等,不動産取引価格情報,13109,東京都,品川区,西品川,下神明,7,22000000,,15,2009年,ＲＣ,住宅,,準工業,60,200,2026年第1四半期,,
中古マンション等,不動産取引価格情報,13109,東京都,品川区,西中延,荏原中延,9,60000000,,40,2011年,ＲＣ,住宅,住宅,商業,80,400,2026年第1四半期,,
中古マンション等,不動産取引価格情報,13109,東京都,品川区,西中延,荏原中延,5,26000000,１Ｋ,25,1992年,ＲＣ,住宅,住宅,近隣商業,80,300,2026年第1四半期,,
中古マンション等,不動産取引価格情報,13109,東京都,品川区,旗の台,旗の台,4,22000000,１Ｋ,15,2000年,ＳＲＣ,住宅,住宅,商業,80,400,2026年第1四半期,未改装,
中古マンション等,不動産取引価格情報,13109,東京都,品川区,旗の台,旗の台,2,50000000,１ＬＤＫ,45,1976年,ＲＣ,住宅,住宅,近隣商業,80,400,2026年第1四半期,改装済み,
中古マンション等,不動産取引価格情報,13109,東京都,品川区,旗の台,旗の台,5,24000000,１Ｋ,15,2002年,ＳＲＣ,住宅,住宅,商業,80,400,2026年第1四半期,改装済み,
中古マンション等,不動産取引価格情報,13109,東京都,品川区,旗の台,旗の台,4,21000000,１Ｋ,15,2000年,ＳＲＣ,住宅,その他,商業,80,400,2026年第1四半期,未改装,
中古マンション等,不動産取引価格情報,13109,東京都,品川区,東大井,青物横丁,5,31000000,１Ｋ,20,2009年,ＲＣ,住宅,その他,近隣商業,80,300,2026年第1四半期,,
中古マンション等,不動産取引価格情報,13109,東京都,品川区,東大井,大井町,9,17000000,１Ｋ,15,1992年,ＲＣ,住宅,住宅,１中住専,60,200,2026年第1四半期,未改装,
中古マンション等,不動産取引価格情報,13109,東京都,品川区,東大井,大井町,6,25000000,１ＤＫ,25,1994年,ＲＣ,,,１種住居,60,300,2026年第1四半期,,
中古マンション等,不動産取引価格情報,13109,東京都,品川区,東大井,鮫洲,6,24000000,１Ｋ,20,2014年,ＲＣ,住宅,住宅,準工業,60,200,2026年第1四半期,改装済み,
中古マンション等,不動産取引価格情報,13109,東京都,品川区,東五反田,五反田,5,110000000,２ＬＤＫ,75,2001年,ＲＣ,事務所,事務所,１中住専,60,200,2026年第1四半期,改装済み,
中古マンション等,不動産取引価格情報,13109,東京都,品川区,東五反田,五反田,6,270000000,２ＬＤＫ,65,2010年,ＲＣ,住宅,住宅,準工業,60,300,2026年第1四半期,未改装,
中古マンション等,不動産取引価格情報,13109,東京都,品川区,東品川,青物横丁,5,16000000,１ＤＫ,25,1976年,ＲＣ,住宅,住宅,準工業,60,300,2026年第1四半期,未改装,
中古マンション等,不動産取引価格情報,13109,東京都,品川区,東品川,北品川,8,20000000,１Ｋ,20,2001年,ＲＣ,住宅,住宅,準工業,60,300,2026年第1四半期,,
中古マンション等,不動産取引価格情報,13109,東京都,品川区,東品川,品川シーサイド,3,120000000,３ＬＤＫ,60,2019年,ＲＣ,住宅,住宅,準工業,60,300,2026年第1四半期,未改装,
中古マンション等,不動産取引価格情報,13109,東京都,品川区,東品川,天王洲アイル,6,25000000,１Ｋ,20,2002年,ＲＣ,住宅,住宅,準工業,60,300,2026年第1四半期,改装済み,
中古マンション等,不動産取引価格情報,13109,東京都,品川区,平塚,戸越,5,28000000,１Ｒ,20,2019年,ＲＣ,,住宅,近隣商業,80,400,2026年第1四半期,未改装,
中古マンション等,不動産取引価格情報,13109,東京都,品川区,平塚,戸越銀座,6,21000000,１Ｋ,20,2005年,ＲＣ,住宅,住宅,近隣商業,80,400,2026年第1四半期,未改装,
中古マンション等,不動産取引価格情報,13109,東京都,品川区,平塚,戸越銀座,4,25000000,,35,1972年,ＳＲＣ,,住宅,商業,80,500,2026年第1四半期,,
中古マンション等,不動産取引価格情報,13109,東京都,品川区,二葉,大井町,8,32000000,１Ｋ,20,2012年,ＲＣ,住宅,住宅,近隣商業,80,300,2026年第1四半期,未改装,
中古マンション等,不動産取引価格情報,13109,東京都,品川区,二葉,西大井,4,33000000,１Ｋ,20,2021年,ＲＣ,住宅,住宅,近隣商業,80,300,2026年第1四半期,未改装,
中古マンション等,不動産取引価格情報,13109,東京都,品川区,二葉,西大井,4,17000000,１Ｋ,15,1997年,ＲＣ,住宅,住宅,近隣商業,80,300,2026年第1四半期,改装済み,
中古マンション等,不動産取引価格情報,13109,東京都,品川区,南大井,大森(東京),9,30000000,１ＬＤＫ,40,1977年,ＲＣ,住宅,住宅,近隣商業,80,400,2026年第1四半期,改装済み,
中古マンション等,不動産取引価格情報,13109,東京都,品川区,南大井,大森(東京),6,31000000,１Ｒ,20,2018年,ＲＣ,住宅,住宅,商業,80,500,2026年第1四半期,改装済み,
中古マンション等,不動産取引価格情報,13109,東京都,品川区,南大井,大森海岸,6,19000000,,15,1997年,ＳＲＣ,住宅,,商業,80,500,2026年第1四半期,,
中古マンション等,不動産取引価格情報,13109,東京都,品川区,南大井,大森海岸,5,120000000,３ＬＤＫ,65,2018年,ＲＣ,住宅,住宅,商業,80,500,2026年第1四半期,未改装,
中古マンション等,不動産取引価格情報,13109,東京都,品川区,南大井,大森海岸,2,50000000,２ＬＤＫ,55,1978年,ＳＲＣ,住宅,住宅,商業,80,500,2026年第1四半期,改装済み,
中古マンション等,不動産取引価格情報,13109,東京都,品川区,南大井,大森海岸,8,27000000,１Ｋ,20,2015年,ＲＣ,住宅,住宅,準工業,60,300,2026年第1四半期,未改装,
中古マンション等,不動産取引価格情報,13109,東京都,品川区,南大井,大森海岸,9,33000000,１ＬＤＫ,40,2013年,ＲＣ,住宅,住宅,準工業,60,300,2026年第1四半期,未改装,
中古マンション等,不動産取引価格情報,13109,東京都,品川区,南大井,立会川,6,27000000,１Ｋ,20,2008年,ＳＲＣ,住宅,住宅,商業,80,500,2026年第1四半期,未改装,
中古マンション等,不動産取引価格情報,13109,東京都,品川区,南大井,立会川,8,22000000,１Ｋ,15,2007年,ＲＣ,住宅,住宅,近隣商業,80,300,2026年第1四半期,未改装,
中古マンション等,不動産取引価格情報,13109,東京都,品川区,南大井,立会川,6,80000000,３ＬＤＫ,65,1998年,ＲＣ,住宅,住宅,準工業,60,300,2026年第1四半期,未改装,
中古マンション等,不動産取引価格情報,13109,東京都,品川区,南品川,大井町,9,34000000,１Ｋ,20,2019年,ＲＣ,住宅,住宅,準工業,60,300,2026年第1四半期,,
中古マンション等,不動産取引価格情報,13109,東京都,品川区,南品川,新馬場,6,23000000,,20,2007年,ＲＣ,住宅,,準工業,60,300,2026年第1四半期,,
中古マンション等,不動産取引価格情報,13109,東京都,品川区,八潮,大井競馬場前,20,50000000,３ＬＤＫ,70,,,住宅,住宅,１種住居,60,300,2026年第1四半期,改装済み,
中古マンション等,成約価格情報,13110,東京都,目黒区,青葉台,神泉,5,28000000,１ＤＫ,30,1973年,ＲＣ,,,２種住居,,,2026年第1四半期,,
中古マンション等,成約価格情報,13110,東京都,目黒区,青葉台,神泉,9,120000000,１ＬＤＫ,65,2012年,ＲＣ,,,１低住専,,,2026年第1四半期,,
中古マンション等,成約価格情報,13110,東京都,目黒区,青葉台,代官山,7,230000000,２ＬＤＫ,75,2000年,ＲＣ,,,１低住専,,,2026年第1四半期,,
中古マンション等,成約価格情報,13110,東京都,目黒区,青葉台,中目黒,6,120000000,１ＬＤＫ,55,1997年,ＳＲＣ,,,準工業,,,2026年第1四半期,,
中古マンション等,成約価格情報,13110,東京都,目黒区,青葉台,神泉,6,37000000,１ＬＤＫ,40,1977年,ＲＣ,,,１種住居,,,2026年第1四半期,,
中古マンション等,成約価格情報,13110,東京都,目黒区,青葉台,神泉,5,37000000,１ＬＤＫ,45,1978年,ＳＲＣ,,,商業,,,2026年第1四半期,,
中古マンション等,成約価格情報,13110,東京都,目黒区,青葉台,中目黒,4,140000000,２ＬＤＫ,55,2012年,ＲＣ,,,商業,,,2026年第1四半期,,
中古マンション等,成約価格情報,13110,東京都,目黒区,青葉台,神泉,4,110000000,２ＬＤＫ,75,2000年,ＳＲＣ,,,商業,,,2026年第1四半期,,
中古マンション等,成約価格情報,13110,東京都,目黒区,青葉台,池尻大橋,8,170000000,３ＬＤＫ,85,1999年,ＲＣ,,,商業,,,2026年第1四半期,,
中古マンション等,成約価格情報,13110,東京都,目黒区,青葉台,池尻大橋,9,92000000,１ＬＤＫ,45,2010年,ＲＣ,,,１種住居,,,2026年第1四半期,,
中古マンション等,成約価格情報,13110,東京都,目黒区,青葉台,神泉,6,42000000,１Ｒ,40,1977年,ＲＣ,,,１種住居,,,2026年第1四半期,,
中古マンション等,成約価格情報,13110,東京都,目黒区,青葉台,中目黒,9,120000000,２ＬＤＫ,60,1997年,ＲＣ,,,商業,,,2026年第1四半期,,
中古マンション等,成約価格情報,13110,東京都,目黒区,青葉台,神泉,7,51000000,１ＬＤＫ,55,1968年,ＳＲＣ,,,２種住居,,,2026年第1四半期,,
中古マンション等,成約価格情報,13110,東京都,目黒区,青葉台,神泉,8,80000000,１ＬＤＫ,45,2010年,ＲＣ,,,１種住居,,,2026年第1四半期,,
中古マンション等,成約価格情報,13110,東京都,目黒区,大岡山,大岡山,4,15000000,１ＤＫ,25,1985年,ＲＣ,,,１低住専,,,2026年第1四半期,,
中古マンション等,成約価格情報,13110,東京都,目黒区,大岡山,大岡山,9,130000000,２ＬＤＫ,75,2010年,ＲＣ,,,１中住専,,,2026年第1四半期,,
中古マンション等,成約価格情報,13110,東京都,目黒区,上目黒,中目黒,8,9800000,２Ｋ,30,1965年,ＲＣ,,,１低住専,,,2026年第1四半期,,
中古マンション等,成約価格情報,13110,東京都,目黒区,上目黒,祐天寺,6,33000000,１ＬＤＫ,45,1970年,ＲＣ,,,１低住専,,,2026年第1四半期,,
中古マンション等,成約価格情報,13110,東京都,目黒区,上目黒,中目黒,6,150000000,２ＬＤＫ,75,1991年,ＲＣ,,,１低住専,,,2026年第1四半期,,
中古マンション等,成約価格情報,13110,東京都,目黒区,上目黒,祐天寺,12,21000000,２Ｋ,35,1968年,ＲＣ,,,２中住専,,,2026年第1四半期,,
中古マンション等,成約価格情報,13110,東京都,目黒区,上目黒,中目黒,3,200000000,３ＬＤＫ,70,2012年,ＲＣ,,,商業,,,2026年第1四半期,,
中古マンション等,成約価格情報,13110,東京都,目黒区,上目黒,中目黒,2,56000000,３Ｋ,50,1965年,ＲＣ,,,準工業,,,2026年第1四半期,,
中古マンション等,成約価格情報,13110,東京都,目黒区,上目黒,祐天寺,8,89000000,２ＬＤＫ＋Ｓ,70,1989年,ＲＣ,,,１低住専,,,2026年第1四半期,,
中古マンション等,成約価格情報,13110,東京都,目黒区,上目黒,池尻大橋,12,46000000,３ＬＤＫ,95,1997年,ＲＣ,,,２種住居,,,2026年第1四半期,,
中古マンション等,成約価格情報,13110,東京都,目黒区,上目黒,祐天寺,7,20000000,２ＤＫ,40,1970年,ＲＣ,,,近隣商業,,,2026年第1四半期,,
中古マンション等,成約価格情報,13110,東京都,目黒区,上目黒,祐天寺,9,36000000,２ＬＤＫ,50,1970年,鉄骨造,,,１低住専,,,2026年第1四半期,,
中古マンション等,成約価格情報,13110,東京都,目黒区,上目黒,祐天寺,12,100000000,３ＬＤＫ,70,1996年,ＲＣ,,,２中住専,,,2026年第1四半期,改装済み,
中古マンション等,成約価格情報,13110,東京都,目黒区,上目黒,中目黒,3,68000000,１ＬＤＫ,55,1978年,ＲＣ,,,商業,,,2026年第1四半期,,
中古マンション等,成約価格情報,13110,東京都,目黒区,上目黒,祐天寺,6,19000000,２Ｋ,40,1970年,ＲＣ,,,１低住専,,,2026年第1四半期,,
中古マンション等,成約価格情報,13110,東京都,目黒区,上目黒,祐天寺,9,50000000,１Ｒ,50,1970年,鉄骨造,,,１低住専,,,2026年第1四半期,,
中古マンション等,成約価格情報,13110,東京都,目黒区,上目黒,祐天寺,10,170000000,３ＬＤＫ,105,1992年,ＲＣ,,,１低住専,,,2026年第1四半期,改装済み,
中古マンション等,成約価格情報,13110,東京都,目黒区,平町,都立大学,7,120000000,３ＬＤＫ,105,1972年,ＳＲＣ,,,１中住専,,,2026年第1四半期,,
中古マンション等,成約価格情報,13110,東京都,目黒区,平町,都立大学,3,80000000,３ＬＤＫ,70,1984年,ＲＣ,,,１中住専,,,2026年第1四半期,,
中古マンション等,成約価格情報,13110,東京都,目黒区,平町,都立大学,7,85000000,２ＬＤＫ＋Ｓ,80,1972年,ＳＲＣ,,,１中住専,,,2026年第1四半期,改装済み,
中古マンション等,成約価格情報,13110,東京都,目黒区,平町,都立大学,7,180000000,３ＬＤＫ,70,2018年,ＲＣ,,,２種住居,,,2026年第1四半期,,
中古マンション等,成約価格情報,13110,東京都,目黒区,中央町,学芸大学,9,45000000,１Ｋ,30,2017年,ＲＣ,,,準工業,,,2026年第1四半期,,
中古マンション等,成約価格情報,13110,東京都,目黒区,中央町,学芸大学,11,76000000,１Ｒ,85,1980年,ＲＣ,,,近隣商業,,,2026年第1四半期,,
中古マンション等,成約価格情報,13110,東京都,目黒区,中央町,祐天寺,10,150000000,３ＬＤＫ,75,2005年,ＲＣ,,,２種住居,,,2026年第1四半期,,
中古マンション等,成約価格情報,13110,東京都,目黒区,中央町,学芸大学,10,150000000,２ＬＤＫ,65,2005年,ＲＣ,,,２種住居,,,2026年第1四半期,,
中古マンション等,成約価格情報,13110,東京都,目黒区,中央町,学芸大学,10,35000000,１Ｋ,30,2017年,ＲＣ,,,準工業,,,2026年第1四半期,,
中古マンション等,成約価格情報,13110,東京都,目黒区,中央町,学芸大学,7,90000000,１ＬＤＫ,80,1980年,ＳＲＣ,,,準工業,,,2026年第1四半期,,
中古マンション等,成約価格情報,13110,東京都,目黒区,碑文谷,都立大学,9,110000000,２ＬＤＫ,65,2014年,ＲＣ,,,２種住居,,,2026年第1四半期,,
中古マンション等,成約価格情報,13110,東京都,目黒区,碑文谷,学芸大学,12,150000000,３ＬＤＫ,85,1997年,ＲＣ,,,１低住専,,,2026年第1四半期,,
中古マンション等,成約価格情報,13110,東京都,目黒区,碑文谷,学芸大学,15,75000000,１ＬＤＫ,55,1999年,ＲＣ,,,１中住専,,,2026年第1四半期,,
中古マンション等,成約価格情報,13110,東京都,目黒区,碑文谷,学芸大学,12,130000000,３ＬＤＫ,70,2015年,ＲＣ,,,１中住専,,,2026年第1四半期,,
中古マンション等,成約価格情報,13110,東京都,目黒区,碑文谷,都立大学,13,120000000,３ＬＤＫ,80,2002年,ＲＣ,,,１低住専,,,2026年第1四半期,改装済み,
中古マンション等,成約価格情報,13110,東京都,目黒区,碑文谷,学芸大学,13,140000000,３ＬＤＫ,95,1999年,ＲＣ,,,１中住専,,,2026年第1四半期,,
中古マンション等,成約価格情報,13110,東京都,目黒区,碑文谷,都立大学,14,80000000,３ＬＤＫ＋Ｓ,85,1975年,ＲＣ,,,１中住専,,,2026年第1四半期,,
中古マンション等,成約価格情報,13110,東京都,目黒区,柿の木坂,都立大学,9,50000000,１ＬＤＫ＋Ｓ,65,1960年,ＲＣ,,,近隣商業,,,2026年第1四半期,,
中古マンション等,成約価格情報,13110,東京都,目黒区,柿の木坂,都立大学,3,100000000,２ＬＤＫ,55,2018年,ＲＣ,,,近隣商業,,,2026年第1四半期,,
中古マンション等,成約価格情報,13110,東京都,目黒区,柿の木坂,学芸大学,13,160000000,３ＬＤＫ＋Ｓ,170,1986年,ＲＣ,,,１低住専,,,2026年第1四半期,,
中古マンション等,成約価格情報,13110,東京都,目黒区,柿の木坂,都立大学,9,44000000,１ＬＤＫ,50,1977年,ＲＣ,,,２種住居,,,2026年第1四半期,,
中古マンション等,成約価格情報,13110,東京都,目黒区,五本木,祐天寺,4,90000000,２ＬＤＫ,70,2024年,ＲＣ,,,１低住専,,,2026年第1四半期,,
中古マンション等,成約価格情報,13110,東京都,目黒区,五本木,祐天寺,5,150000000,３ＬＤＫ,75,2002年,ＲＣ,,,１低住専,,,2026年第1四半期,,
中古マンション等,成約価格情報,13110,東京都,目黒区,五本木,学芸大学,5,110000000,２ＬＤＫ,60,2006年,ＲＣ,,,近隣商業,,,2026年第1四半期,,
中古マンション等,成約価格情報,13110,東京都,目黒区,五本木,学芸大学,5,55000000,２ＬＤＫ,55,1971年,ＳＲＣ,,,近隣商業,,,2026年第1四半期,,
中古マンション等,成約価格情報,13110,東京都,目黒区,下目黒,目黒,16,80000000,２ＬＤＫ,85,1988年,ＲＣ,,,１中住専,,,2026年第1四半期,,
中古マンション等,成約価格情報,13110,東京都,目黒区,下目黒,目黒,9,120000000,２ＬＤＫ,60,2018年,ＲＣ,,,準工業,,,2026年第1四半期,,
中古マンション等,成約価格情報,13110,東京都,目黒区,下目黒,目黒,7,170000000,３ＬＤＫ,70,2016年,ＲＣ,,,商業,,,2026年第1四半期,,
中古マンション等,成約価格情報,13110,東京都,目黒区,下目黒,目黒,8,38000000,１ＬＤＫ,50,1970年,ＳＲＣ,,,準工業,,,2026年第1四半期,改装済み,
中古マンション等,成約価格情報,13110,東京都,目黒区,下目黒,目黒,10,43000000,１ＬＤＫ,40,1971年,ＳＲＣ,,,商業,,,2026年第1四半期,,
中古マンション等,成約価格情報,13110,東京都,目黒区,下目黒,目黒,,120000000,２ＬＤＫ,60,2021年,ＲＣ,,,１低住専,,,2026年第1四半期,,
中古マンション等,成約価格情報,13110,東京都,目黒区,下目黒,目黒,5,56000000,１ＬＤＫ,55,1973年,ＳＲＣ,,,２種住居,,,2026年第1四半期,,
中古マンション等,成約価格情報,13110,東京都,目黒区,下目黒,目黒,9,140000000,２ＬＤＫ,70,2012年,ＲＣ,,,準工業,,,2026年第1四半期,,
中古マンション等,成約価格情報,13110,東京都,目黒区,下目黒,武蔵小山,12,58000000,１ＬＤＫ＋Ｓ,45,1971年,ＲＣ,,,１中住専,,,2026年第1四半期,,
中古マンション等,成約価格情報,13110,東京都,目黒区,下目黒,祐天寺,17,34000000,２ＬＤＫ,45,1979年,ＲＣ,,,１中住専,,,2026年第1四半期,,
中古マンション等,成約価格情報,13110,東京都,目黒区,下目黒,目黒,9,48000000,１Ｒ,30,2018年,ＲＣ,,,準工業,,,2026年第1四半期,,
中古マンション等,成約価格情報,13110,東京都,目黒区,下目黒,目黒,7,130000000,１ＬＤＫ＋Ｓ,60,2016年,ＲＣ,,,商業,,,2026年第1四半期,,
中古マンション等,成約価格情報,13110,東京都,目黒区,下目黒,目黒,9,160000000,２ＬＤＫ,65,2012年,ＲＣ,,,準工業,,,2026年第1四半期,,
中古マンション等,成約価格情報,13110,東京都,目黒区,下目黒,目黒,18,140000000,２ＬＤＫ,70,2012年,ＲＣ,,,１低住専,,,2026年第1四半期,,
中古マンション等,成約価格情報,13110,東京都,目黒区,下目黒,目黒,12,35000000,２ＬＤＫ,50,1974年,ＳＲＣ,,,商業,,,2026年第1四半期,,
中古マンション等,成約価格情報,13110,東京都,目黒区,下目黒,目黒,5,24000000,１ＤＫ,30,1973年,ＳＲＣ,,,２種住居,,,2026年第1四半期,,
中古マンション等,成約価格情報,13110,東京都,目黒区,下目黒,目黒,9,48000000,１Ｋ,30,2005年,ＳＲＣ,,,商業,,,2026年第1四半期,,
中古マンション等,成約価格情報,13110,東京都,目黒区,下目黒,目黒,8,14000000,１Ｒ,20,1985年,ＳＲＣ,,,商業,,,2026年第1四半期,,
中古マンション等,成約価格情報,13110,東京都,目黒区,下目黒,目黒,8,150000000,３ＬＤＫ,120,1991年,ＲＣ,,,準工業,,,2026年第1四半期,,
中古マンション等,成約価格情報,13110,東京都,目黒区,下目黒,不動前,6,50000000,１Ｋ,30,2010年,ＲＣ,,,１種住居,,,2026年第1四半期,,
中古マンション等,成約価格情報,13110,東京都,目黒区,下目黒,目黒,7,83000000,１ＬＤＫ,40,2016年,ＲＣ,,,商業,,,2026年第1四半期,,
中古マンション等,成約価格情報,13110,東京都,目黒区,下目黒,武蔵小山,15,140000000,３ＬＤＫ,70,2012年,ＲＣ,,,１低住専,,,2026年第1四半期,,
中古マンション等,成約価格情報,13110,東京都,目黒区,下目黒,不動前,11,140000000,３ＬＤＫ,85,2003年,ＲＣ,,,１低住専,,,2026年第1四半期,,
中古マンション等,成約価格情報,13110,東京都,目黒区,下目黒,目黒,10,36000000,２ＤＫ,40,1971年,ＳＲＣ,,,商業,,,2026年第1四半期,,
中古マンション等,成約価格情報,13110,東京都,目黒区,下目黒,不動前,5,51000000,１Ｒ,30,2010年,ＲＣ,,,１種住居,,,2026年第1四半期,,
中古マンション等,成約価格情報,13110,東京都,目黒区,下目黒,目黒,6,89000000,１ＬＤＫ,40,2012年,ＲＣ,,,準工業,,,2026年第1四半期,,
中古マンション等,成約価格情報,13110,東京都,目黒区,下目黒,目黒,10,80000000,１ＬＤＫ,40,2020年,ＲＣ,,,商業,,,2026年第1四半期,,
中古マンション等,成約価格情報,13110,東京都,目黒区,下目黒,目黒,9,180000000,２ＬＤＫ,75,2018年,ＲＣ,,,商業,,,2026年第1四半期,,
中古マンション等,成約価格情報,13110,東京都,目黒区,下目黒,目黒,10,22000000,１ＤＫ,30,1978年,ＳＲＣ,,,商業,,,2026年第1四半期,,
中古マンション等,成約価格情報,13110,東京都,目黒区,下目黒,目黒,15,70000000,２ＬＤＫ,55,1974年,ＳＲＣ,,,商業,,,2026年第1四半期,,
中古マンション等,成約価格情報,13110,東京都,目黒区,下目黒,目黒,3,40000000,１ＬＤＫ,40,1976年,ＲＣ,,,１種住居,,,2026年第1四半期,,
中古マンション等,成約価格情報,13110,東京都,目黒区,下目黒,目黒,14,72000000,２ＬＤＫ,60,1974年,ＳＲＣ,,,商業,,,2026年第1四半期,,
中古マンション等,成約価格情報,13110,東京都,目黒区,下目黒,不動前,7,40000000,１Ｋ,30,2015年,ＲＣ,,,近隣商業,,,2026年第1四半期,,
中古マンション等,成約価格情報,13110,東京都,目黒区,下目黒,目黒,3,70000000,１ＤＫ,45,2000年,ＳＲＣ,,,商業,,,2026年第1四半期,,
中古マンション等,成約価格情報,13110,東京都,目黒区,自由が丘,自由が丘(東京),13,110000000,４ＬＤＫ＋Ｓ,100,1976年,ＳＲＣ,,,１種住居,,,2026年第1四半期,,
中古マンション等,成約価格情報,13110,東京都,目黒区,自由が丘,自由が丘(東京),10,68000000,２ＬＤＫ,65,1971年,ＳＲＣ,,,１種住居,,,2026年第1四半期,,
中古マンション等,成約価格情報,13110,東京都,目黒区,洗足,洗足,3,75000000,２Ｋ,75,1977年,ＲＣ,,,１低住専,,,2026年第1四半期,,
中古マンション等,成約価格情報,13110,東京都,目黒区,鷹番,学芸大学,4,29000000,２ＤＫ,40,1968年,ＲＣ,,,１低住専,,,2026年第1四半期,,
中古マンション等,成約価格情報,13110,東京都,目黒区,鷹番,学芸大学,7,47000000,３ＬＤＫ,80,2002年,ＲＣ,,,１低住専,,,2026年第1四半期,,
中古マンション等,成約価格情報,13110,東京都,目黒区,中根,都立大学,3,18000000,１Ｋ,25,1978年,ＳＲＣ,,,商業,,,2026年第1四半期,,
中古マンション等,成約価格情報,13110,東京都,目黒区,中根,都立大学,5,130000000,２ＬＤＫ,70,1996年,ＲＣ,,,準工業,,,2026年第1四半期,改装済み,
中古マンション等,成約価格情報,13110,東京都,目黒区,中根,都立大学,5,57000000,１ＬＤＫ＋Ｓ,55,1977年,ＳＲＣ,,,１中住専,,,2026年第1四半期,,
中古マンション等,成約価格情報,13110,東京都,目黒区,中根,都立大学,9,62000000,１ＬＤＫ＋Ｓ,70,1971年,ＳＲＣ,,,１種住居,,,2026年第1四半期,,
中古マンション等,成約価格情報,13110,東京都,目黒区,中根,都立大学,6,80000000,３ＬＤＫ,85,1981年,ＲＣ,,,近隣商業,,,2026年第1四半期,,
中古マンション等,成約価格情報,13110,東京都,目黒区,中根,都立大学,4,40000000,１ＬＤＫ,40,1977年,ＲＣ,,,１中住専,,,2026年第1四半期,改装済み,
中古マンション等,成約価格情報,13110,東京都,目黒区,中根,都立大学,7,65000000,１ＬＤＫ,55,2005年,ＲＣ,,,準工業,,,2026年第1四半期,,
中古マンション等,成約価格情報,13110,東京都,目黒区,中根,都立大学,7,39000000,１Ｒ,40,2008年,ＲＣ,,,準工業,,,2026年第1四半期,,
中古マンション等,成約価格情報,13110,東京都,目黒区,三田,恵比寿,12,150000000,１ＬＤＫ,65,1990年,ＲＣ,,,１中住専,,,2026年第1四半期,,
中古マンション等,成約価格情報,13110,東京都,目黒区,三田,目黒,10,44000000,１ＬＤＫ,40,1967年,ＲＣ,,,１中住専,,,2026年第1四半期,,
中古マンション等,成約価格情報,13110,東京都,目黒区,三田,目黒,10,83000000,２ＬＤＫ,55,1979年,ＳＲＣ,,,１種住居,,,2026年第1四半期,,
中古マンション等,成約価格情報,13110,東京都,目黒区,三田,恵比寿,10,260000000,２ＬＤＫ,85,1994年,ＲＣ,,,１種住居,,,2026年第1四半期,,
中古マンション等,成約価格情報,13110,東京都,目黒区,目黒本町,武蔵小山,5,25000000,１Ｋ,25,2002年,ＲＣ,,,近隣商業,,,2026年第1四半期,,
中古マンション等,成約価格情報,13110,東京都,目黒区,目黒本町,学芸大学,11,72000000,２ＬＤＫ,60,1996年,ＲＣ,,,１中住専,,,2026年第1四半期,,
中古マンション等,成約価格情報,13110,東京都,目黒区,目黒本町,学芸大学,14,28000000,１ＬＤＫ,40,1983年,ＲＣ,,,１中住専,,,2026年第1四半期,,
中古マンション等,成約価格情報,13110,東京都,目黒区,目黒本町,学芸大学,11,98000000,１ＬＤＫ＋Ｓ,60,2016年,ＲＣ,,,１種住居,,,2026年第1四半期,,
中古マンション等,成約価格情報,13110,東京都,目黒区,目黒本町,学芸大学,10,120000000,２ＬＤＫ,55,2016年,ＲＣ,,,１種住居,,,2026年第1四半期,,
中古マンション等,成約価格情報,13110,東京都,目黒区,目黒本町,武蔵小山,6,50000000,２ＤＫ,40,1994年,ＲＣ,,,１種住居,,,2026年第1四半期,,
中古マンション等,成約価格情報,13110,東京都,目黒区,目黒本町,学芸大学,12,51000000,１ＬＤＫ,35,2018年,ＲＣ,,,１種住居,,,2026年第1四半期,,
中古マンション等,成約価格情報,13110,東京都,目黒区,目黒本町,学芸大学,13,99000000,３ＬＤＫ,65,1996年,ＲＣ,,,１中住専,,,2026年第1四半期,,
中古マンション等,成約価格情報,13110,東京都,目黒区,目黒本町,武蔵小山,13,30000000,１Ｒ,40,1978年,ＲＣ,,,準工業,,,2026年第1四半期,,
中古マンション等,成約価格情報,13110,東京都,目黒区,目黒本町,学芸大学,,12000000,１Ｒ,20,1984年,ＲＣ,,,近隣商業,,,2026年第1四半期,,
中古マンション等,成約価格情報,13110,東京都,目黒区,目黒本町,学芸大学,14,43000000,１ＬＤＫ,45,1983年,ＲＣ,,,１低住専,,,2026年第1四半期,,
中古マンション等,成約価格情報,13110,東京都,目黒区,目黒本町,学芸大学,11,93000000,３ＬＤＫ,75,1996年,ＲＣ,,,１中住専,,,2026年第1四半期,,
中古マンション等,成約価格情報,13110,東京都,目黒区,目黒本町,学芸大学,9,78000000,１ＬＤＫ,40,2015年,ＲＣ,,,準工業,,,2026年第1四半期,,
中古マンション等,成約価格情報,13110,東京都,目黒区,目黒本町,学芸大学,13,170000000,３ＬＤＫ,80,2002年,ＲＣ,,,１中住専,,,2026年第1四半期,,
中古マンション等,成約価格情報,13110,東京都,目黒区,駒場,東北沢,8,59000000,３ＬＤＫ,60,1981年,ＳＲＣ,,,近隣商業,,,2026年第1四半期,,
中古マンション等,成約価格情報,13110,東京都,目黒区,中町,祐天寺,8,120000000,２ＬＤＫ,60,2020年,ＲＣ,,,１種住居,,,2026年第1四半期,,
中古マンション等,成約価格情報,13110,東京都,目黒区,中町,祐天寺,10,130000000,２ＬＤＫ,60,2019年,ＲＣ,,,１低住専,,,2026年第1四半期,,
中古マンション等,成約価格情報,13110,東京都,目黒区,中目黒,中目黒,5,110000000,３ＬＤＫ,75,1973年,ＲＣ,,,２中住専,,,2026年第1四半期,,
中古マンション等,成約価格情報,13110,東京都,目黒区,中目黒,祐天寺,5,150000000,２ＬＤＫ,75,2002年,ＲＣ,,,近隣商業,,,2026年第1四半期,,
中古マンション等,成約価格情報,13110,東京都,目黒区,中目黒,中目黒,11,60000000,１ＤＫ,35,2001年,ＳＲＣ,,,商業,,,2026年第1四半期,改装済み,
中古マンション等,成約価格情報,13110,東京都,目黒区,中目黒,中目黒,8,110000000,１ＬＤＫ,60,2005年,ＲＣ,,,近隣商業,,,2026年第1四半期,,
中古マンション等,成約価格情報,13110,東京都,目黒区,中目黒,中目黒,4,83000000,３ＬＤＫ,75,1971年,ＳＲＣ,,,商業,,,2026年第1四半期,,
中古マンション等,成約価格情報,13110,東京都,目黒区,中目黒,目黒,14,75000000,１ＬＤＫ,40,2016年,ＲＣ,,,商業,,,2026年第1四半期,,
中古マンション等,成約価格情報,13110,東京都,目黒区,中目黒,中目黒,6,110000000,１ＬＤＫ,50,2012年,ＲＣ,,,準工業,,,2026年第1四半期,,
中古マンション等,成約価格情報,13110,東京都,目黒区,中目黒,中目黒,11,65000000,１ＬＤＫ,50,1977年,ＳＲＣ,,,商業,,,2026年第1四半期,,
中古マンション等,成約価格情報,13110,東京都,目黒区,中目黒,中目黒,11,57000000,１ＬＤＫ,50,1977年,ＲＣ,,,１種住居,,,2026年第1四半期,,
中古マンション等,成約価格情報,13110,東京都,目黒区,中目黒,中目黒,3,120000000,２ＬＤＫ＋Ｓ,90,1982年,ＲＣ,,,商業,,,2026年第1四半期,,
中古マンション等,成約価格情報,13110,東京都,目黒区,中目黒,代官山,3,92000000,１ＬＤＫ,45,1999年,ＳＲＣ,,,２中住専,,,2026年第1四半期,改装済み,
中古マンション等,成約価格情報,13110,東京都,目黒区,中目黒,中目黒,5,17000000,１Ｒ,25,1984年,ＳＲＣ,,,商業,,,2026年第1四半期,,
中古マンション等,成約価格情報,13110,東京都,目黒区,東が丘,駒沢大学,17,94000000,１ＬＤＫ,60,2016年,ＲＣ,,,１中住専,,,2026年第1四半期,,
中古マンション等,成約価格情報,13110,東京都,目黒区,東が丘,駒沢大学,6,150000000,３ＬＤＫ,90,1997年,ＲＣ,,,１中住専,,,2026年第1四半期,,
中古マンション等,成約価格情報,13110,東京都,目黒区,東山,中目黒,8,170000000,３ＬＤＫ,130,1990年,ＳＲＣ,,,商業,,,2026年第1四半期,,
中古マンション等,成約価格情報,13110,東京都,目黒区,東山,池尻大橋,3,17000000,１Ｋ,25,1979年,ＲＣ,,,近隣商業,,,2026年第1四半期,,
中古マンション等,成約価格情報,13110,東京都,目黒区,東山,中目黒,12,140000000,１ＬＤＫ＋Ｓ,55,2023年,ＲＣ,,,準工業,,,2026年第1四半期,,
中古マンション等,成約価格情報,13110,東京都,目黒区,東山,池尻大橋,9,53000000,２ＤＫ,45,1982年,ＲＣ,,,１種住居,,,2026年第1四半期,,
中古マンション等,成約価格情報,13110,東京都,目黒区,東山,中目黒,6,27000000,１Ｒ,20,1999年,ＲＣ,,,準工業,,,2026年第1四半期,,
中古マンション等,成約価格情報,13110,東京都,目黒区,東山,池尻大橋,1,150000000,３ＬＤＫ,85,1993年,ＳＲＣ,,,商業,,,2026年第1四半期,,
中古マンション等,成約価格情報,13110,東京都,目黒区,東山,中目黒,10,83000000,２ＬＤＫ,60,1968年,ＳＲＣ,,,１低住専,,,2026年第1四半期,改装済み,
中古マンション等,成約価格情報,13110,東京都,目黒区,東山,中目黒,7,65000000,１ＬＤＫ,40,1983年,ＳＲＣ,,,商業,,,2026年第1四半期,,
中古マンション等,成約価格情報,13110,東京都,目黒区,東山,池尻大橋,4,190000000,３ＬＤＫ,75,2011年,ＲＣ,,,２中住専,,,2026年第1四半期,,
中古マンション等,成約価格情報,13110,東京都,目黒区,緑が丘,緑が丘(東京),6,42000000,１Ｒ,35,2006年,ＲＣ,,,１中住専,,,2026年第1四半期,,
中古マンション等,成約価格情報,13110,東京都,目黒区,緑が丘,自由が丘(東京),6,51000000,１ＬＤＫ,45,1973年,ＳＲＣ,,,１中住専,,,2026年第1四半期,,
中古マンション等,成約価格情報,13110,東京都,目黒区,南,都立大学,11,42000000,１ＬＤＫ,40,1983年,ＲＣ,,,２種住居,,,2026年第1四半期,,
中古マンション等,成約価格情報,13110,東京都,目黒区,八雲,都立大学,16,38000000,２ＬＤＫ,50,1968年,鉄骨造,,,１中住専,,,2026年第1四半期,,
中古マンション等,成約価格情報,13110,東京都,目黒区,八雲,都立大学,13,180000000,３ＬＤＫ,85,2019年,ＲＣ,,,１低住専,,,2026年第1四半期,,
中古マンション等,成約価格情報,13110,東京都,目黒区,八雲,都立大学,16,53000000,２ＤＫ＋Ｓ,65,1979年,ＲＣ,,,１中住専,,,2026年第1四半期,,
中古マンション等,成約価格情報,13110,東京都,目黒区,八雲,都立大学,11,130000000,３ＬＤＫ,70,2014年,ＲＣ,,,１低住専,,,2026年第1四半期,改装済み,
中古マンション等,成約価格情報,13110,東京都,目黒区,八雲,自由が丘(東京),12,36000000,１ＬＤＫ,40,1977年,ＲＣ,,,１中住専,,,2026年第1四半期,,
中古マンション等,成約価格情報,13110,東京都,目黒区,八雲,都立大学,4,21000000,１Ｋ,25,1999年,ＲＣ,,,近隣商業,,,2026年第1四半期,,
中古マンション等,成約価格情報,13110,東京都,目黒区,八雲,都立大学,13,97000000,２ＬＤＫ,65,2002年,ＲＣ,,,１中住専,,,2026年第1四半期,,
中古マンション等,成約価格情報,13110,東京都,目黒区,祐天寺,祐天寺,5,180000000,１ＬＤＫ＋Ｓ,75,2024年,ＲＣ,,,１種住居,,,2026年第1四半期,,
中古マンション等,成約価格情報,13110,東京都,目黒区,祐天寺,祐天寺,8,84000000,１ＬＤＫ,50,2010年,ＲＣ,,,１低住専,,,2026年第1四半期,,
中古マンション等,成約価格情報,13110,東京都,目黒区,大橋,池尻大橋,6,62000000,１Ｒ,35,2004年,ＲＣ,,,準工業,,,2026年第1四半期,,
中古マンション等,成約価格情報,13110,東京都,目黒区,大橋,池尻大橋,5,73000000,１Ｋ,40,2013年,ＲＣ,,,商業,,,2026年第1四半期,,
中古マンション等,成約価格情報,13110,東京都,目黒区,大橋,池尻大橋,7,38000000,１ＬＤＫ,40,1982年,ＳＲＣ,,,商業,,,2026年第1四半期,,
中古マンション等,成約価格情報,13110,東京都,目黒区,大橋,池尻大橋,8,25000000,１Ｋ,20,2001年,ＲＣ,,,商業,,,2026年第1四半期,,
中古マンション等,成約価格情報,13110,東京都,目黒区,大橋,池尻大橋,7,46000000,１ＬＤＫ,40,1982年,ＳＲＣ,,,商業,,,2026年第1四半期,,
中古マンション等,成約価格情報,13110,東京都,目黒区,大橋,駒場東大前,5,190000000,３ＬＤＫ,80,2012年,ＲＣ,,,２中住専,,,2026年第1四半期,,
中古マンション等,成約価格情報,13110,東京都,目黒区,大橋,池尻大橋,8,53000000,１ＬＤＫ,40,1977年,ＲＣ,,,１種住居,,,2026年第1四半期,改装済み,
中古マンション等,成約価格情報,13110,東京都,目黒区,大橋,池尻大橋,7,53000000,３ＬＤＫ,65,1972年,ＳＲＣ,,,商業,,,2026年第1四半期,,
中古マンション等,成約価格情報,13110,東京都,目黒区,大橋,池尻大橋,8,26000000,１Ｋ,20,2001年,ＳＲＣ,,,商業,,,2026年第1四半期,,
中古マンション等,成約価格情報,13110,東京都,目黒区,大橋,池尻大橋,7,52000000,１ＬＤＫ,45,1982年,ＳＲＣ,,,商業,,,2026年第1四半期,,
中古マンション等,成約価格情報,13110,東京都,目黒区,大橋,池尻大橋,9,42000000,１ＬＤＫ,40,1982年,ＳＲＣ,,,商業,,,2026年第1四半期,,
中古マンション等,成約価格情報,13110,東京都,目黒区,大橋,池尻大橋,5,170000000,１ＬＤＫ,75,2013年,ＲＣ,,,商業,,,2026年第1四半期,,
中古マンション等,成約価格情報,13110,東京都,目黒区,目黒,目黒,7,140000000,２ＬＤＫ,60,2014年,ＲＣ,,,１低住専,,,2026年第1四半期,改装済み,
中古マンション等,成約価格情報,13110,東京都,目黒区,目黒,中目黒,14,59000000,１ＬＤＫ,45,1977年,ＳＲＣ,,,商業,,,2026年第1四半期,,
中古マンション等,成約価格情報,13110,東京都,目黒区,目黒,目黒,10,85000000,１ＬＤＫ,40,2017年,ＲＣ,,,商業,,,2026年第1四半期,,
中古マンション等,成約価格情報,13110,東京都,目黒区,目黒,目黒,13,110000000,１ＬＤＫ,60,2021年,ＲＣ,,,商業,,,2026年第1四半期,,
中古マンション等,成約価格情報,13110,東京都,目黒区,目黒,目黒,12,100000000,３ＬＤＫ,65,1994年,ＲＣ,,,１種住居,,,2026年第1四半期,,
中古マンション等,成約価格情報,13110,東京都,目黒区,目黒,中目黒,14,61000000,１ＬＤＫ,45,1977年,ＳＲＣ,,,商業,,,2026年第1四半期,,
中古マンション等,成約価格情報,13110,東京都,目黒区,目黒,目黒,15,150000000,３ＬＤＫ,100,2002年,ＲＣ,,,１低住専,,,2026年第1四半期,,
中古マンション等,成約価格情報,13110,東京都,目黒区,目黒,中目黒,13,130000000,２ＬＤＫ,60,2011年,ＲＣ,,,１種住居,,,2026年第1四半期,,
中古マンション等,成約価格情報,13110,東京都,目黒区,目黒,目黒,14,83000000,１ＬＤＫ,40,2019年,ＲＣ,,,商業,,,2026年第1四半期,,
中古マンション等,成約価格情報,13110,東京都,目黒区,目黒,目黒,10,130000000,２ＬＤＫ,55,2017年,ＲＣ,,,商業,,,2026年第1四半期,,
中古マンション等,不動産取引価格情報,13110,東京都,目黒区,青葉台,池尻大橋,9,140000000,１ＬＤＫ,60,2002年,ＳＲＣ,住宅,住宅,商業,80,600,2026年第1四半期,改装済み,
中古マンション等,不動産取引価格情報,13110,東京都,目黒区,青葉台,池尻大橋,9,150000000,２ＬＤＫ,55,2002年,ＳＲＣ,住宅,,商業,80,600,2026年第1四半期,改装済み,
中古マンション等,不動産取引価格情報,13110,東京都,目黒区,青葉台,中目黒,7,18000000,１Ｋ,20,1963年,ＲＣ,住宅,住宅,準工業,60,200,2026年第1四半期,未改装,
中古マンション等,不動産取引価格情報,13110,東京都,目黒区,大岡山,大岡山,7,33000000,１Ｋ,20,2007年,ＲＣ,住宅,住宅,１低住専,60,150,2026年第1四半期,,
中古マンション等,不動産取引価格情報,13110,東京都,目黒区,柿の木坂,駒沢大学,15,22000000,１Ｋ,20,2003年,ＲＣ,住宅,住宅,２種住居,60,300,2026年第1四半期,,
中古マンション等,不動産取引価格情報,13110,東京都,目黒区,柿の木坂,都立大学,12,37000000,,30,1978年,ＲＣ,住宅,住宅,２種住居,60,300,2026年第1四半期,,
中古マンション等,不動産取引価格情報,13110,東京都,目黒区,上目黒,中目黒,2,130000000,２ＬＤＫ,50,2012年,ＲＣ,住宅,住宅,商業,80,400,2026年第1四半期,改装済み,
中古マンション等,不動産取引価格情報,13110,東京都,目黒区,下目黒,武蔵小山,15,130000000,３ＬＤＫ,70,2021年,ＲＣ,住宅,住宅,１低住専,60,150,2026年第1四半期,改装済み,
中古マンション等,不動産取引価格情報,13110,東京都,目黒区,平町,都立大学,3,14000000,１Ｋ,15,1984年,ＲＣ,住宅,住宅,１中住専,60,200,2026年第1四半期,改装済み,
中古マンション等,不動産取引価格情報,13110,東京都,目黒区,鷹番,学芸大学,5,9300000,１Ｋ,15,1987年,ＲＣ,,,１中住専,60,200,2026年第1四半期,未改装,
中古マンション等,不動産取引価格情報,13110,東京都,目黒区,中根,都立大学,2,69000000,１ＬＤＫ,30,2012年,ＲＣ,住宅,住宅,商業,80,400,2026年第1四半期,未改装,
中古マンション等,不動産取引価格情報,13110,東京都,目黒区,中根,都立大学,2,74000000,１ＬＤＫ,35,2012年,ＲＣ,,事務所,商業,80,400,2026年第1四半期,未改装,
中古マンション等,不動産取引価格情報,13110,東京都,目黒区,中根,都立大学,1,18000000,,15,1997年,ＳＲＣ,,住宅,商業,80,400,2026年第1四半期,,
中古マンション等,不動産取引価格情報,13110,東京都,目黒区,中根,都立大学,7,41000000,１ＤＫ,35,2008年,ＲＣ,,住宅,準工業,60,300,2026年第1四半期,,
中古マンション等,不動産取引価格情報,13110,東京都,目黒区,原町,西小山,1,72000000,１Ｋ,30,2024年,ＲＣ,住宅,住宅,商業,80,400,2026年第1四半期,改装済み,
中古マンション等,不動産取引価格情報,13110,東京都,目黒区,東山,池尻大橋,4,26000000,１Ｋ,20,2002年,ＲＣ,住宅,その他,１低住専,60,200,2026年第1四半期,,
中古マンション等,不動産取引価格情報,13110,東京都,目黒区,三田,目黒,14,150000000,２ＬＤＫ,65,2002年,ＲＣ,住宅,住宅,２中住専,60,200,2026年第1四半期,改装済み,
中古マンション等,不動産取引価格情報,13110,東京都,目黒区,緑が丘,緑が丘(東京),6,42000000,１ＬＤＫ,30,2006年,ＲＣ,住宅,住宅,１中住専,60,200,2026年第1四半期,未改装,
中古マンション等,不動産取引価格情報,13110,東京都,目黒区,南,都立大学,12,13000000,１Ｋ,15,1992年,ＲＣ,住宅,住宅,２種住居,60,300,2026年第1四半期,未改装,
中古マンション等,不動産取引価格情報,13110,東京都,目黒区,目黒本町,学芸大学,12,80000000,２ＬＤＫ,65,2008年,ＲＣ,住宅,その他,２中住専,60,200,2026年第1四半期,未改装,
中古マンション等,不動産取引価格情報,13110,東京都,目黒区,目黒本町,武蔵小山,14,50000000,３ＬＤＫ,65,1985年,ＳＲＣ,住宅,住宅,１種住居,60,300,2026年第1四半期,未改装,
中古マンション等,不動産取引価格情報,13110,東京都,目黒区,目黒本町,武蔵小山,5,16000000,１Ｋ,15,1992年,ＲＣ,住宅,住宅,近隣商業,80,300,2026年第1四半期,改装済み,
中古マンション等,不動産取引価格情報,13110,東京都,目黒区,目黒本町,武蔵小山,12,96000000,３ＬＤＫ,70,1998年,ＳＲＣ,住宅,住宅,準工業,60,300,2026年第1四半期,改装済み,
中古マンション等,不動産取引価格情報,13110,東京都,目黒区,八雲,都立大学,3,20000000,,15,1999年,ＲＣ,住宅,住宅,近隣商業,80,200,2026年第1四半期,,
中古マンション等,不動産取引価格情報,13110,東京都,目黒区,祐天寺,祐天寺,8,78000000,１ＬＤＫ,45,2010年,ＲＣ,住宅,住宅,１低住専,60,150,2026年第1四半期,未改装,
中古マンション等,成約価格情報,13111,東京都,大田区,池上,池上,7,35000000,２ＬＤＫ,50,1973年,ＳＲＣ,,,１種住居,,,2026年第1四半期,改装済み,
中古マンション等,成約価格情報,13111,東京都,大田区,池上,池上,9,60000000,３ＬＤＫ,75,2016年,ＲＣ,,,準工業,,,2026年第1四半期,,
中古マンション等,成約価格情報,13111,東京都,大田区,池上,矢口渡,8,37000000,２ＬＤＫ,55,1982年,ＲＣ,,,準工業,,,2026年第1四半期,,
中古マンション等,成約価格情報,13111,東京都,大田区,池上,池上,9,7100000,１Ｋ,15,1983年,ＲＣ,,,１中住専,,,2026年第1四半期,,
中古マンション等,成約価格情報,13111,東京都,大田区,池上,池上,5,22000000,１Ｒ,25,2006年,ＲＣ,,,１種住居,,,2026年第1四半期,,
中古マンション等,成約価格情報,13111,東京都,大田区,池上,池上,9,37000000,１ＤＫ,35,2010年,ＲＣ,,,準住居,,,2026年第1四半期,,
中古マンション等,成約価格情報,13111,東京都,大田区,池上,池上,9,22000000,１Ｋ,20,2009年,ＲＣ,,,１中住専,,,2026年第1四半期,,
中古マンション等,成約価格情報,13111,東京都,大田区,池上,池上,7,100000000,３ＬＤＫ,75,2019年,ＲＣ,,,１中住専,,,2026年第1四半期,,
中古マンション等,成約価格情報,13111,東京都,大田区,石川町,石川台,6,43000000,２ＬＤＫ,55,1971年,ＲＣ,,,１中住専,,,2026年第1四半期,,
中古マンション等,成約価格情報,13111,東京都,大田区,石川町,緑が丘(東京),7,50000000,２ＬＤＫ＋Ｓ,75,1977年,ＲＣ,,,１低住専,,,2026年第1四半期,,
中古マンション等,成約価格情報,13111,東京都,大田区,石川町,緑が丘(東京),7,43000000,３ＬＤＫ,65,1977年,ＲＣ,,,１低住専,,,2026年第1四半期,,
中古マンション等,成約価格情報,13111,東京都,大田区,石川町,緑が丘(東京),7,57000000,２ＬＤＫ＋Ｓ,75,1977年,ＲＣ,,,１低住専,,,2026年第1四半期,,
中古マンション等,成約価格情報,13111,東京都,大田区,大森中,大森町,2,43000000,２ＬＤＫ,60,1982年,ＳＲＣ,,,商業,,,2026年第1四半期,,
中古マンション等,成約価格情報,13111,東京都,大田区,北糀谷,梅屋敷(東京),11,71000000,３ＬＤＫ,75,2000年,ＲＣ,,,準工業,,,2026年第1四半期,,
中古マンション等,成約価格情報,13111,東京都,大田区,下丸子,鵜の木,7,70000000,４ＬＤＫ,110,1991年,ＳＲＣ,,,１種住居,,,2026年第1四半期,,
中古マンション等,成約価格情報,13111,東京都,大田区,下丸子,武蔵新田,10,9000000,１Ｋ,20,1989年,ＲＣ,,,準工業,,,2026年第1四半期,,
中古マンション等,成約価格情報,13111,東京都,大田区,下丸子,武蔵新田,14,70000000,２ＬＤＫ＋Ｓ,95,1982年,ＳＲＣ,,,工業,,,2026年第1四半期,改装済み,
中古マンション等,成約価格情報,13111,東京都,大田区,下丸子,武蔵新田,13,83000000,４ＬＤＫ,90,2003年,ＲＣ,,,工業,,,2026年第1四半期,,
中古マンション等,成約価格情報,13111,東京都,大田区,下丸子,下丸子,10,89000000,３ＬＤＫ,85,2004年,ＲＣ,,,工業,,,2026年第1四半期,,
中古マンション等,成約価格情報,13111,東京都,大田区,下丸子,下丸子,9,77000000,３ＬＤＫ,85,2004年,ＲＣ,,,工業,,,2026年第1四半期,,
中古マンション等,成約価格情報,13111,東京都,大田区,下丸子,下丸子,11,80000000,３ＬＤＫ,85,2003年,ＲＣ,,,工業,,,2026年第1四半期,,
中古マンション等,成約価格情報,13111,東京都,大田区,下丸子,武蔵新田,13,72000000,３ＬＤＫ,85,2003年,ＲＣ,,,工業,,,2026年第1四半期,,
中古マンション等,成約価格情報,13111,東京都,大田区,下丸子,鵜の木,8,61000000,３ＬＤＫ,110,1993年,ＳＲＣ,,,１種住居,,,2026年第1四半期,,
中古マンション等,成約価格情報,13111,東京都,大田区,下丸子,下丸子,13,73000000,３ＬＤＫ,90,2003年,ＲＣ,,,工業,,,2026年第1四半期,,
中古マンション等,成約価格情報,13111,東京都,大田区,下丸子,下丸子,1,25000000,１ＬＤＫ,40,1970年,ＲＣ,,,近隣商業,,,2026年第1四半期,,
中古マンション等,成約価格情報,13111,東京都,大田区,下丸子,武蔵新田,11,65000000,３ＬＤＫ,95,1982年,ＲＣ,,,工業,,,2026年第1四半期,,
中古マンション等,成約価格情報,13111,東京都,大田区,下丸子,武蔵新田,11,67000000,３ＬＤＫ,85,2003年,ＲＣ,,,工業,,,2026年第1四半期,,
中古マンション等,成約価格情報,13111,東京都,大田区,下丸子,鵜の木,8,86000000,２ＬＤＫ,105,1993年,ＳＲＣ,,,１種住居,,,2026年第1四半期,,
中古マンション等,成約価格情報,13111,東京都,大田区,下丸子,下丸子,5,17000000,２ＬＤＫ,50,1969年,ＲＣ,,,１種住居,,,2026年第1四半期,改装済み,
中古マンション等,成約価格情報,13111,東京都,大田区,下丸子,下丸子,10,94000000,２ＬＤＫ,90,2004年,ＲＣ,,,工業,,,2026年第1四半期,,
中古マンション等,成約価格情報,13111,東京都,大田区,田園調布本町,沼部,2,70000000,３ＬＤＫ,70,2001年,ＲＣ,,,１種住居,,,2026年第1四半期,,
中古マンション等,成約価格情報,13111,東京都,大田区,田園調布本町,沼部,1,110000000,３ＬＤＫ,95,2001年,ＲＣ,,,１種住居,,,2026年第1四半期,,
中古マンション等,成約価格情報,13111,東京都,大田区,田園調布本町,御嶽山,4,16000000,１Ｋ,25,2000年,ＲＣ,,,準住居,,,2026年第1四半期,,
中古マンション等,成約価格情報,13111,東京都,大田区,仲池上,西馬込,12,72000000,２ＬＤＫ＋Ｓ,75,2006年,ＲＣ,,,準工業,,,2026年第1四半期,,
中古マンション等,成約価格情報,13111,東京都,大田区,仲池上,西馬込,6,50000000,１ＬＤＫ＋Ｓ,55,1997年,ＲＣ,,,１中住専,,,2026年第1四半期,,
中古マンション等,成約価格情報,13111,東京都,大田区,仲池上,西馬込,7,71000000,３ＬＤＫ,80,2001年,ＲＣ,,,１中住専,,,2026年第1四半期,,
中古マンション等,成約価格情報,13111,東京都,大田区,仲池上,西馬込,13,37000000,２ＬＤＫ,50,1994年,ＲＣ,,,準工業,,,2026年第1四半期,,
中古マンション等,成約価格情報,13111,東京都,大田区,仲池上,西馬込,11,42000000,２ＬＤＫ,60,1982年,ＲＣ,,,準工業,,,2026年第1四半期,改装済み,
中古マンション等,成約価格情報,13111,東京都,大田区,西糀谷,糀谷,8,22000000,１Ｋ,20,2012年,ＲＣ,,,１種住居,,,2026年第1四半期,,
中古マンション等,成約価格情報,13111,東京都,大田区,西糀谷,大鳥居,1,49000000,１ＬＤＫ＋Ｓ,60,2005年,ＳＲＣ,,,近隣商業,,,2026年第1四半期,,
中古マンション等,成約価格情報,13111,東京都,大田区,西糀谷,糀谷,5,19000000,１Ｋ,25,2011年,ＲＣ,,,１種住居,,,2026年第1四半期,,
中古マンション等,成約価格情報,13111,東京都,大田区,西糀谷,大鳥居,1,48000000,１ＬＤＫ,60,2005年,ＲＣ,,,近隣商業,,,2026年第1四半期,,
中古マンション等,成約価格情報,13111,東京都,大田区,西糀谷,糀谷,2,100000000,２ＬＤＫ＋Ｓ,65,2016年,ＲＣ,,,近隣商業,,,2026年第1四半期,,
中古マンション等,成約価格情報,13111,東京都,大田区,西糀谷,糀谷,8,23000000,１Ｋ,25,2012年,ＲＣ,,,１種住居,,,2026年第1四半期,,
中古マンション等,成約価格情報,13111,東京都,大田区,西馬込,西馬込,5,62000000,２ＬＤＫ＋Ｓ,70,1999年,ＲＣ,,,１中住専,,,2026年第1四半期,,
中古マンション等,成約価格情報,13111,東京都,大田区,西馬込,西馬込,5,68000000,３ＬＤＫ,75,1998年,ＲＣ,,,１中住専,,,2026年第1四半期,,
中古マンション等,成約価格情報,13111,東京都,大田区,東糀谷,大鳥居,12,43000000,３ＬＤＫ,65,1998年,ＲＣ,,,準工業,,,2026年第1四半期,,
中古マンション等,成約価格情報,13111,東京都,大田区,東糀谷,大鳥居,10,50000000,３ＬＤＫ,60,1995年,ＲＣ,,,準工業,,,2026年第1四半期,,
中古マンション等,成約価格情報,13111,東京都,大田区,東糀谷,大鳥居,14,29000000,２ＬＤＫ,50,1987年,ＲＣ,,,準工業,,,2026年第1四半期,,
中古マンション等,成約価格情報,13111,東京都,大田区,東嶺町,御嶽山,5,61000000,３ＬＤＫ,85,1982年,ＲＣ,,,１低住専,,,2026年第1四半期,,
中古マンション等,成約価格情報,13111,東京都,大田区,南雪谷,雪が谷大塚,5,74000000,２ＬＤＫ＋Ｓ,60,2013年,ＲＣ,,,準住居,,,2026年第1四半期,,
中古マンション等,成約価格情報,13111,東京都,大田区,大森北,大森海岸,6,82000000,３ＬＤＫ,80,2005年,ＳＲＣ,,,商業,,,2026年第1四半期,,
中古マンション等,成約価格情報,13111,東京都,大田区,大森北,大森(東京),6,27000000,２ＤＫ,40,1978年,ＲＣ,,,１種住居,,,2026年第1四半期,,
中古マンション等,成約価格情報,13111,東京都,大田区,大森北,大森(東京),4,27000000,１ＤＫ,35,1973年,ＳＲＣ,,,商業,,,2026年第1四半期,,
中古マンション等,成約価格情報,13111,東京都,大田区,大森北,大森(東京),5,13000000,１Ｋ,25,1986年,ＲＣ,,,商業,,,2026年第1四半期,,
中古マンション等,成約価格情報,13111,東京都,大田区,大森北,平和島,6,38000000,２ＬＤＫ,55,1984年,ＳＲＣ,,,商業,,,2026年第1四半期,,
中古マンション等,成約価格情報,13111,東京都,大田区,大森北,大森(東京),4,57000000,２ＬＤＫ,55,1983年,ＳＲＣ,,,商業,,,2026年第1四半期,,
中古マンション等,成約価格情報,13111,東京都,大田区,大森北,大森(東京),3,17000000,１Ｋ,25,1979年,ＳＲＣ,,,商業,,,2026年第1四半期,,
中古マンション等,成約価格情報,13111,東京都,大田区,大森北,大森(東京),2,34000000,１ＬＤＫ,45,1982年,ＳＲＣ,,,商業,,,2026年第1四半期,,
中古マンション等,成約価格情報,13111,東京都,大田区,大森北,平和島,5,21000000,１ＬＤＫ,60,1975年,ＳＲＣ,,,商業,,,2026年第1四半期,,
中古マンション等,成約価格情報,13111,東京都,大田区,大森北,大森(東京),8,130000000,３ＬＤＫ,85,2005年,ＲＣ,,,準工業,,,2026年第1四半期,,
中古マンション等,成約価格情報,13111,東京都,大田区,大森北,大森(東京),4,130000000,３ＬＤＫ,75,2008年,ＲＣ,,,商業,,,2026年第1四半期,,
中古マンション等,成約価格情報,13111,東京都,大田区,大森北,大森(東京),9,90000000,２ＬＤＫ,70,2001年,ＲＣ,,,１種住居,,,2026年第1四半期,,
中古マンション等,成約価格情報,13111,東京都,大田区,大森北,大森(東京),4,54000000,１ＬＤＫ,45,2003年,ＲＣ,,,商業,,,2026年第1四半期,,
中古マンション等,成約価格情報,13111,東京都,大田区,大森北,大森(東京),5,32000000,２ＤＫ,45,1983年,ＳＲＣ,,,商業,,,2026年第1四半期,,
中古マンション等,成約価格情報,13111,東京都,大田区,大森北,大森海岸,2,42000000,２ＬＤＫ,60,1975年,ＳＲＣ,,,商業,,,2026年第1四半期,,
中古マンション等,成約価格情報,13111,東京都,大田区,大森北,大森(東京),12,65000000,３ＬＤＫ,70,1999年,ＳＲＣ,,,準工業,,,2026年第1四半期,,
中古マンション等,成約価格情報,13111,東京都,大田区,大森北,大森海岸,6,130000000,３ＬＤＫ,105,2005年,ＳＲＣ,,,商業,,,2026年第1四半期,,
中古マンション等,成約価格情報,13111,東京都,大田区,大森北,大森海岸,8,26000000,２Ｋ,40,1973年,ＳＲＣ,,,商業,,,2026年第1四半期,,
中古マンション等,成約価格情報,13111,東京都,大田区,大森北,大森(東京),2,50000000,１ＬＤＫ,50,1982年,ＳＲＣ,,,商業,,,2026年第1四半期,,
中古マンション等,成約価格情報,13111,東京都,大田区,大森西,大森町,12,70000000,３ＬＤＫ,85,2012年,ＲＣ,,,準工業,,,2026年第1四半期,,
中古マンション等,成約価格情報,13111,東京都,大田区,大森西,平和島,14,53000000,２ＬＤＫ＋Ｓ,60,1994年,ＲＣ,,,準工業,,,2026年第1四半期,,
中古マンション等,成約価格情報,13111,東京都,大田区,大森西,大森町,3,8000000,１Ｋ,20,1992年,ＳＲＣ,,,商業,,,2026年第1四半期,改装済み,
中古マンション等,成約価格情報,13111,東京都,大田区,大森西,大森(東京),12,39000000,２ＬＤＫ,65,1981年,ＳＲＣ,,,準工業,,,2026年第1四半期,,
中古マンション等,成約価格情報,13111,東京都,大田区,大森西,大森町,5,26000000,１Ｋ,30,2015年,ＲＣ,,,商業,,,2026年第1四半期,,
中古マンション等,成約価格情報,13111,東京都,大田区,大森西,大森町,12,68000000,３ＬＤＫ,70,2009年,ＲＣ,,,準工業,,,2026年第1四半期,,
中古マンション等,成約価格情報,13111,東京都,大田区,大森西,大森町,13,55000000,２ＬＤＫ＋Ｓ,70,1996年,ＲＣ,,,準工業,,,2026年第1四半期,,
中古マンション等,成約価格情報,13111,東京都,大田区,大森西,平和島,10,15000000,１Ｒ,25,1974年,ＳＲＣ,,,準工業,,,2026年第1四半期,,
中古マンション等,成約価格情報,13111,東京都,大田区,大森西,平和島,6,24000000,１Ｋ,25,2015年,ＲＣ,,,商業,,,2026年第1四半期,,
中古マンション等,成約価格情報,13111,東京都,大田区,大森西,大森(東京),14,54000000,２ＬＤＫ,60,1996年,ＲＣ,,,準工業,,,2026年第1四半期,,
中古マンション等,成約価格情報,13111,東京都,大田区,大森西,平和島,4,70000000,２ＬＤＫ,60,2006年,ＲＣ,,,商業,,,2026年第1四半期,,
中古マンション等,成約価格情報,13111,東京都,大田区,大森西,大森町,4,65000000,３ＬＤＫ,70,1991年,ＲＣ,,,１種住居,,,2026年第1四半期,,
中古マンション等,成約価格情報,13111,東京都,大田区,大森西,大森町,12,80000000,３ＬＤＫ＋Ｓ,75,2012年,ＲＣ,,,準工業,,,2026年第1四半期,,
中古マンション等,成約価格情報,13111,東京都,大田区,大森西,大森町,1,26000000,３Ｋ,40,1983年,ＳＲＣ,,,商業,,,2026年第1四半期,,
中古マンション等,成約価格情報,13111,東京都,大田区,大森本町,大森海岸,2,35000000,１ＬＤＫ,50,1978年,ＳＲＣ,,,商業,,,2026年第1四半期,,
中古マンション等,成約価格情報,13111,東京都,大田区,大森本町,平和島,8,8000000,１Ｒ,20,1993年,ＳＲＣ,,,商業,,,2026年第1四半期,,
中古マンション等,成約価格情報,13111,東京都,大田区,大森本町,大森海岸,2,42000000,２ＬＤＫ,70,1978年,ＳＲＣ,,,商業,,,2026年第1四半期,,
中古マンション等,成約価格情報,13111,東京都,大田区,大森本町,大森海岸,2,44000000,２ＬＤＫ,60,1978年,ＳＲＣ,,,商業,,,2026年第1四半期,,
中古マンション等,成約価格情報,13111,東京都,大田区,大森本町,大森海岸,8,90000000,３ＬＤＫ,75,2002年,ＲＣ,,,商業,,,2026年第1四半期,,
中古マンション等,成約価格情報,13111,東京都,大田区,大森本町,大森海岸,2,40000000,３ＤＫ,60,1978年,ＳＲＣ,,,商業,,,2026年第1四半期,,
中古マンション等,成約価格情報,13111,東京都,大田区,大森本町,大森海岸,4,71000000,３ＬＤＫ,65,1996年,ＲＣ,,,商業,,,2026年第1四半期,,
中古マンション等,成約価格情報,13111,東京都,大田区,大森本町,大森海岸,6,74000000,２ＬＤＫ,70,2002年,ＲＣ,,,商業,,,2026年第1四半期,,
中古マンション等,成約価格情報,13111,東京都,大田区,大森本町,大森海岸,8,130000000,３ＬＤＫ,120,2002年,ＲＣ,,,商業,,,2026年第1四半期,,
中古マンション等,成約価格情報,13111,東京都,大田区,大森南,梅屋敷(東京),20,50000000,３ＬＤＫ,65,1999年,ＲＣ,,,準工業,,,2026年第1四半期,改装済み,
中古マンション等,成約価格情報,13111,東京都,大田区,大森南,大鳥居,20,36000000,２ＤＫ,50,1994年,ＲＣ,,,準工業,,,2026年第1四半期,,
中古マンション等,成約価格情報,13111,東京都,大田区,大森南,昭和島,17,53000000,４ＬＤＫ,80,2005年,ＲＣ,,,準工業,,,2026年第1四半期,,
中古マンション等,成約価格情報,13111,東京都,大田区,大森南,大鳥居,19,48000000,３ＬＤＫ,65,2015年,ＲＣ,,,工業,,,2026年第1四半期,,
中古マンション等,成約価格情報,13111,東京都,大田区,大森南,昭和島,19,31000000,２ＤＫ,55,1979年,ＲＣ,,,準工業,,,2026年第1四半期,,
中古マンション等,成約価格情報,13111,東京都,大田区,蒲田,蒲田,4,21000000,１ＤＫ,30,1997年,ＲＣ,,,商業,,,2026年第1四半期,,
中古マンション等,成約価格情報,13111,東京都,大田区,蒲田,京急蒲田,3,90000000,２ＬＤＫ,60,2013年,ＲＣ,,,商業,,,2026年第1四半期,,
中古マンション等,成約価格情報,13111,東京都,大田区,蒲田,蒲田,4,37000000,１Ｋ,30,2019年,ＲＣ,,,商業,,,2026年第1四半期,,
中古マンション等,成約価格情報,13111,東京都,大田区,蒲田,蒲田,2,39000000,２ＤＫ,45,1977年,ＳＲＣ,,,商業,,,2026年第1四半期,,
中古マンション等,成約価格情報,13111,東京都,大田区,蒲田,京急蒲田,4,85000000,２ＬＤＫ,55,2016年,ＲＣ,,,近隣商業,,,2026年第1四半期,,
中古マンション等,成約価格情報,13111,東京都,大田区,蒲田,蒲田,5,52000000,１ＬＤＫ,45,2004年,ＳＲＣ,,,商業,,,2026年第1四半期,改装済み,
中古マンション等,成約価格情報,13111,東京都,大田区,蒲田,蒲田,3,25000000,２ＬＤＫ,40,1985年,ＳＲＣ,,,商業,,,2026年第1四半期,改装済み,
中古マンション等,成約価格情報,13111,東京都,大田区,蒲田,蒲田,,24000000,１Ｋ,25,2011年,ＲＣ,,,近隣商業,,,2026年第1四半期,,
中古マンション等,成約価格情報,13111,東京都,大田区,蒲田,蒲田,3,37000000,２ＬＤＫ,50,1982年,ＳＲＣ,,,商業,,,2026年第1四半期,,
中古マンション等,成約価格情報,13111,東京都,大田区,蒲田,蒲田,5,64000000,２ＬＤＫ,60,2004年,ＳＲＣ,,,商業,,,2026年第1四半期,,
中古マンション等,成約価格情報,13111,東京都,大田区,蒲田,蒲田,7,45000000,２ＤＫ,45,2008年,ＲＣ,,,商業,,,2026年第1四半期,,
中古マンション等,成約価格情報,13111,東京都,大田区,蒲田,蒲田,4,47000000,３ＬＤＫ,75,1981年,ＳＲＣ,,,商業,,,2026年第1四半期,,
中古マンション等,成約価格情報,13111,東京都,大田区,蒲田,蒲田,8,68000000,４ＬＤＫ,80,1999年,ＲＣ,,,準工業,,,2026年第1四半期,,
中古マンション等,成約価格情報,13111,東京都,大田区,上池台,長原(東京),10,48000000,２ＤＫ,50,1983年,ＲＣ,,,２中住専,,,2026年第1四半期,,
中古マンション等,成約価格情報,13111,東京都,大田区,上池台,西馬込,12,65000000,２ＬＤＫ＋Ｓ,75,1990年,ＲＣ,,,１中住専,,,2026年第1四半期,,
中古マンション等,成約価格情報,13111,東京都,大田区,上池台,長原(東京),7,24000000,１Ｒ,40,1978年,ＲＣ,,,準住居,,,2026年第1四半期,,
中古マンション等,成約価格情報,13111,東京都,大田区,上池台,長原(東京),9,46000000,２ＬＤＫ,70,1974年,ＳＲＣ,,,準住居,,,2026年第1四半期,,
中古マンション等,成約価格情報,13111,東京都,大田区,上池台,長原(東京),9,47000000,２ＬＤＫ＋Ｓ,65,1974年,ＳＲＣ,,,準住居,,,2026年第1四半期,,
中古マンション等,成約価格情報,13111,東京都,大田区,上池台,西馬込,10,35000000,３ＬＤＫ,85,1985年,ＲＣ,,,１中住専,,,2026年第1四半期,,
中古マンション等,成約価格情報,13111,東京都,大田区,上池台,長原(東京),12,63000000,２ＬＤＫ,80,1991年,ＲＣ,,,２中住専,,,2026年第1四半期,,
中古マンション等,成約価格情報,13111,東京都,大田区,上池台,長原(東京),5,38000000,２ＬＤＫ,55,1993年,ＲＣ,,,１中住専,,,2026年第1四半期,,
中古マンション等,成約価格情報,13111,東京都,大田区,上池台,洗足池,7,24000000,１ＬＤＫ,40,1984年,ＲＣ,,,近隣商業,,,2026年第1四半期,,
中古マンション等,成約価格情報,13111,東京都,大田区,上池台,西馬込,10,36000000,２ＬＤＫ,85,1985年,ＲＣ,,,１中住専,,,2026年第1四半期,改装済み,
中古マンション等,成約価格情報,13111,東京都,大田区,上池台,長原(東京),5,40000000,３ＬＤＫ,70,1974年,ＲＣ,,,準住居,,,2026年第1四半期,,
中古マンション等,成約価格情報,13111,東京都,大田区,北馬込,馬込,8,24000000,２ＤＫ,45,1974年,ＳＲＣ,,,１中住専,,,2026年第1四半期,,
中古マンション等,成約価格情報,13111,東京都,大田区,北馬込,馬込,3,61000000,１ＬＤＫ＋Ｓ,55,2014年,ＲＣ,,,準住居,,,2026年第1四半期,,
中古マンション等,成約価格情報,13111,東京都,大田区,北馬込,荏原町,6,37000000,１ＬＤＫ,65,1981年,ＲＣ,,,１種住居,,,2026年第1四半期,改装済み,
中古マンション等,成約価格情報,13111,東京都,大田区,北馬込,荏原町,6,23000000,３ＤＫ,55,1981年,ＲＣ,,,１中住専,,,2026年第1四半期,,
中古マンション等,成約価格情報,13111,東京都,大田区,北馬込,荏原町,9,11000000,１Ｒ,30,1988年,ＲＣ,,,１中住専,,,2026年第1四半期,,
中古マンション等,成約価格情報,13111,東京都,大田区,北馬込,旗の台,10,23000000,１ＬＤＫ,40,1974年,ＳＲＣ,,,準住居,,,2026年第1四半期,,
中古マンション等,成約価格情報,13111,東京都,大田区,北馬込,馬込,4,19000000,１Ｒ,25,2012年,ＲＣ,,,１中住専,,,2026年第1四半期,,
中古マンション等,成約価格情報,13111,東京都,大田区,北馬込,馬込,8,24000000,２ＤＫ,45,1974年,ＳＲＣ,,,準住居,,,2026年第1四半期,,
中古マンション等,成約価格情報,13111,東京都,大田区,久が原,千鳥町,10,76000000,３ＬＤＫ,85,1998年,ＳＲＣ,,,１中住専,,,2026年第1四半期,,
中古マンション等,成約価格情報,13111,東京都,大田区,久が原,千鳥町,5,57000000,２ＬＤＫ＋Ｓ,95,1981年,ＲＣ,,,１低住専,,,2026年第1四半期,改装済み,
中古マンション等,成約価格情報,13111,東京都,大田区,久が原,千鳥町,9,78000000,３ＬＤＫ,80,1999年,ＳＲＣ,,,１中住専,,,2026年第1四半期,,
中古マンション等,成約価格情報,13111,東京都,大田区,久が原,西馬込,13,22000000,１Ｋ,30,2007年,ＲＣ,,,準工業,,,2026年第1四半期,,
中古マンション等,成約価格情報,13111,東京都,大田区,千鳥,千鳥町,7,34000000,１ＬＤＫ,40,1975年,ＳＲＣ,,,準工業,,,2026年第1四半期,,
中古マンション等,成約価格情報,13111,東京都,大田区,千鳥,千鳥町,5,51000000,２ＬＤＫ,50,2004年,ＲＣ,,,近隣商業,,,2026年第1四半期,,
中古マンション等,成約価格情報,13111,東京都,大田区,中馬込,馬込,5,120000000,３ＬＤＫ,85,2015年,ＲＣ,,,１種住居,,,2026年第1四半期,,
中古マンション等,成約価格情報,13111,東京都,大田区,中馬込,西馬込,10,120000000,４ＬＤＫ,85,2017年,ＲＣ,,,１中住専,,,2026年第1四半期,,
中古マンション等,成約価格情報,13111,東京都,大田区,中馬込,馬込,9,69000000,１ＬＤＫ＋Ｓ,60,2019年,ＲＣ,,,１中住専,,,2026年第1四半期,,
中古マンション等,成約価格情報,13111,東京都,大田区,中馬込,馬込,3,20000000,２Ｋ,40,1976年,ＲＣ,,,準住居,,,2026年第1四半期,改装済み,
中古マンション等,成約価格情報,13111,東京都,大田区,中馬込,馬込,4,99000000,３ＬＤＫ,75,2015年,ＲＣ,,,１種住居,,,2026年第1四半期,,
中古マンション等,成約価格情報,13111,東京都,大田区,中馬込,馬込,3,25000000,２ＤＫ,55,1971年,ＳＲＣ,,,準住居,,,2026年第1四半期,,
中古マンション等,成約価格情報,13111,東京都,大田区,中馬込,馬込,3,31000000,１ＬＤＫ,45,1971年,ＳＲＣ,,,準住居,,,2026年第1四半期,,
中古マンション等,成約価格情報,13111,東京都,大田区,仲六郷,京急蒲田,8,11000000,１Ｒ,25,1979年,ＳＲＣ,,,近隣商業,,,2026年第1四半期,,
中古マンション等,成約価格情報,13111,東京都,大田区,仲六郷,雑色,3,36000000,３ＤＫ,60,1982年,ＲＣ,,,近隣商業,,,2026年第1四半期,,
中古マンション等,成約価格情報,13111,東京都,大田区,仲六郷,雑色,5,19000000,１ＤＫ,35,1976年,ＲＣ,,,１種住居,,,2026年第1四半期,改装済み,
中古マンション等,成約価格情報,13111,東京都,大田区,西六郷,六郷土手,5,90000000,３ＬＤＫ,100,2003年,ＲＣ,,,工業,,,2026年第1四半期,,
中古マンション等,成約価格情報,13111,東京都,大田区,西六郷,六郷土手,10,49000000,３ＬＤＫ,65,2006年,ＲＣ,,,準工業,,,2026年第1四半期,,
中古マンション等,成約価格情報,13111,東京都,大田区,西六郷,雑色,15,35000000,３ＤＫ,65,1986年,ＲＣ,,,準工業,,,2026年第1四半期,,
中古マンション等,成約価格情報,13111,東京都,大田区,西六郷,六郷土手,10,75000000,３ＬＤＫ,75,2017年,ＲＣ,,,準工業,,,2026年第1四半期,,
中古マンション等,成約価格情報,13111,東京都,大田区,西六郷,六郷土手,10,74000000,３ＬＤＫ,70,2017年,ＲＣ,,,準工業,,,2026年第1四半期,,
中古マンション等,成約価格情報,13111,東京都,大田区,西六郷,六郷土手,2,33000000,１Ｋ,30,2018年,ＲＣ,,,工業,,,2026年第1四半期,,
中古マンション等,成約価格情報,13111,東京都,大田区,西六郷,六郷土手,12,32000000,２ＤＫ,45,1983年,ＲＣ,,,準工業,,,2026年第1四半期,改装済み,
中古マンション等,成約価格情報,13111,東京都,大田区,西六郷,六郷土手,9,58000000,１ＬＤＫ,65,2016年,ＳＲＣ,,,工業,,,2026年第1四半期,,
中古マンション等,成約価格情報,13111,東京都,大田区,西六郷,六郷土手,10,86000000,３ＬＤＫ,80,2017年,ＲＣ,,,準工業,,,2026年第1四半期,,
中古マンション等,成約価格情報,13111,東京都,大田区,萩中,糀谷,4,44000000,３ＬＤＫ,60,1980年,ＳＲＣ,,,近隣商業,,,2026年第1四半期,,
中古マンション等,成約価格情報,13111,東京都,大田区,萩中,糀谷,10,59000000,３ＬＤＫ,75,1997年,ＲＣ,,,準工業,,,2026年第1四半期,,
中古マンション等,成約価格情報,13111,東京都,大田区,萩中,糀谷,4,36000000,２ＬＤＫ,60,1980年,ＳＲＣ,,,近隣商業,,,2026年第1四半期,,
中古マンション等,成約価格情報,13111,東京都,大田区,萩中,糀谷,6,86000000,３ＬＤＫ,70,2006年,ＳＲＣ,,,１種住居,,,2026年第1四半期,,
中古マンション等,成約価格情報,13111,東京都,大田区,萩中,糀谷,10,63000000,３ＬＤＫ,70,1997年,ＲＣ,,,準工業,,,2026年第1四半期,,
中古マンション等,成約価格情報,13111,東京都,大田区,萩中,糀谷,6,80000000,３ＬＤＫ,70,2006年,ＳＲＣ,,,１種住居,,,2026年第1四半期,,
中古マンション等,成約価格情報,13111,東京都,大田区,東矢口,蒲田,9,10000000,１ＤＫ,20,1982年,ＳＲＣ,,,商業,,,2026年第1四半期,,
中古マンション等,成約価格情報,13111,東京都,大田区,東矢口,蓮沼,4,46000000,２ＬＤＫ,55,2001年,ＲＣ,,,近隣商業,,,2026年第1四半期,,
中古マンション等,成約価格情報,13111,東京都,大田区,東矢口,蓮沼,3,33000000,１Ｋ,25,2014年,ＲＣ,,,１種住居,,,2026年第1四半期,,
中古マンション等,成約価格情報,13111,東京都,大田区,東矢口,矢口渡,5,21000000,１Ｋ,25,2013年,ＲＣ,,,１種住居,,,2026年第1四半期,,
中古マンション等,成約価格情報,13111,東京都,大田区,大森東,大森町,4,70000000,２ＬＤＫ,75,2006年,ＲＣ,,,商業,,,2026年第1四半期,,
中古マンション等,成約価格情報,13111,東京都,大田区,大森東,大森町,9,16000000,１Ｒ,20,2009年,ＲＣ,,,準工業,,,2026年第1四半期,,
中古マンション等,成約価格情報,13111,東京都,大田区,北千束,洗足,4,46000000,２ＬＤＫ,50,1970年,ＲＣ,,,１低住専,,,2026年第1四半期,,
中古マンション等,成約価格情報,13111,東京都,大田区,北千束,洗足,5,55000000,１ＬＤＫ,40,2013年,ＲＣ,,,準住居,,,2026年第1四半期,,
中古マンション等,成約価格情報,13111,東京都,大田区,北千束,北千束,3,17000000,１Ｋ,25,1970年,ＲＣ,,,１中住専,,,2026年第1四半期,,
中古マンション等,成約価格情報,13111,東京都,大田区,北千束,大岡山,3,26000000,１Ｋ,35,1971年,ＲＣ,,,１中住専,,,2026年第1四半期,,
中古マンション等,成約価格情報,13111,東京都,大田区,北千束,大岡山,3,28000000,１ＬＤＫ,35,1971年,ＳＲＣ,,,１種住居,,,2026年第1四半期,,
中古マンション等,成約価格情報,13111,東京都,大田区,北千束,洗足,4,25000000,２Ｋ,35,1970年,ＲＣ,,,１低住専,,,2026年第1四半期,,
中古マンション等,成約価格情報,13111,東京都,大田区,北嶺町,御嶽山,3,75000000,３ＬＤＫ,75,2000年,ＲＣ,,,１中住専,,,2026年第1四半期,,
中古マンション等,成約価格情報,13111,東京都,大田区,山王,大森(東京),3,38000000,１ＬＤＫ,40,1977年,ＲＣ,,,近隣商業,,,2026年第1四半期,,
中古マンション等,成約価格情報,13111,東京都,大田区,山王,大森(東京),7,130000000,２ＬＤＫ,90,2004年,ＲＣ,,,１低住専,,,2026年第1四半期,,
中古マンション等,成約価格情報,13111,東京都,大田区,山王,大森(東京),6,34000000,１ＬＤＫ＋Ｓ,55,1970年,ＲＣ,,,近隣商業,,,2026年第1四半期,,
中古マンション等,成約価格情報,13111,東京都,大田区,山王,大森(東京),8,25000000,１Ｋ,25,2012年,ＲＣ,,,１低住専,,,2026年第1四半期,,
中古マンション等,成約価格情報,13111,東京都,大田区,山王,大森(東京),2,120000000,２ＬＤＫ,55,2022年,ＲＣ,,,近隣商業,,,2026年第1四半期,,
中古マンション等,成約価格情報,13111,東京都,大田区,山王,大森(東京),9,80000000,２ＬＤＫ,55,2021年,ＲＣ,,,１低住専,,,2026年第1四半期,,
中古マンション等,成約価格情報,13111,東京都,大田区,山王,大森(東京),2,98000000,２ＬＤＫ,60,2017年,ＳＲＣ,,,準住居,,,2026年第1四半期,,
中古マンション等,成約価格情報,13111,東京都,大田区,山王,大森(東京),3,65000000,１ＬＤＫ,60,1999年,ＳＲＣ,,,商業,,,2026年第1四半期,,
中古マンション等,成約価格情報,13111,東京都,大田区,山王,大森(東京),9,96000000,２ＬＤＫ,55,2021年,ＲＣ,,,１低住専,,,2026年第1四半期,,
中古マンション等,成約価格情報,13111,東京都,大田区,山王,大森(東京),8,38000000,１Ｋ,25,2019年,ＲＣ,,,１低住専,,,2026年第1四半期,,
中古マンション等,成約価格情報,13111,東京都,大田区,山王,大森(東京),8,160000000,４ＬＤＫ,85,2014年,ＲＣ,,,商業,,,2026年第1四半期,,
中古マンション等,成約価格情報,13111,東京都,大田区,山王,大森(東京),11,21000000,１Ｋ,25,2008年,ＲＣ,,,準住居,,,2026年第1四半期,,
中古マンション等,成約価格情報,13111,東京都,大田区,山王,大森(東京),11,44000000,１ＬＤＫ,35,2018年,ＲＣ,,,１種住居,,,2026年第1四半期,,
中古マンション等,成約価格情報,13111,東京都,大田区,新蒲田,蒲田,11,35000000,１ＬＤＫ,45,1978年,ＲＣ,,,準工業,,,2026年第1四半期,,
中古マンション等,成約価格情報,13111,東京都,大田区,中央,池上,10,34000000,２ＤＫ,55,1970年,ＳＲＣ,,,近隣商業,,,2026年第1四半期,,
中古マンション等,成約価格情報,13111,東京都,大田区,中央,池上,13,25000000,２ＬＤＫ,65,1994年,鉄骨造,,,近隣商業,,,2026年第1四半期,,
中古マンション等,成約価格情報,13111,東京都,大田区,中央,大森(東京),15,25000000,１ＤＫ,35,1972年,,,,近隣商業,,,2026年第1四半期,,
中古マンション等,成約価格情報,13111,東京都,大田区,中央,西馬込,7,92000000,４ＬＤＫ,105,2001年,ＲＣ,,,１低住専,,,2026年第1四半期,,
中古マンション等,成約価格情報,13111,東京都,大田区,中央,大森町,18,21000000,３ＤＫ,45,1957年,ＲＣ,,,１種住居,,,2026年第1四半期,,
中古マンション等,成約価格情報,13111,東京都,大田区,中央,大森(東京),18,70000000,２ＬＤＫ＋Ｓ,70,2018年,ＲＣ,,,１種住居,,,2026年第1四半期,,
中古マンション等,成約価格情報,13111,東京都,大田区,中央,大森(東京),15,17000000,１ＬＤＫ,35,1972年,ＲＣ,,,１種住居,,,2026年第1四半期,,
中古マンション等,成約価格情報,13111,東京都,大田区,中央,大森(東京),19,34000000,２ＤＫ＋Ｓ,65,1988年,ＲＣ,,,近隣商業,,,2026年第1四半期,,
中古マンション等,成約価格情報,13111,東京都,大田区,田園調布,多摩川,4,34000000,１ＬＤＫ,45,1969年,ＲＣ,,,１種住居,,,2026年第1四半期,,
中古マンション等,成約価格情報,13111,東京都,大田区,田園調布,田園調布,5,12000000,１Ｒ,20,1988年,ＲＣ,,,近隣商業,,,2026年第1四半期,,
中古マンション等,成約価格情報,13111,東京都,大田区,田園調布,田園調布,5,10000000,１Ｒ,20,1988年,ＲＣ,,,近隣商業,,,2026年第1四半期,,
中古マンション等,成約価格情報,13111,東京都,大田区,田園調布,多摩川,5,68000000,２ＬＤＫ,75,1980年,ＲＣ,,,１種住居,,,2026年第1四半期,,
中古マンション等,成約価格情報,13111,東京都,大田区,田園調布,多摩川,9,87000000,３ＬＤＫ,115,2001年,ＲＣ,,,１低住専,,,2026年第1四半期,,
中古マンション等,成約価格情報,13111,東京都,大田区,田園調布,多摩川,4,130000000,２ＬＤＫ＋Ｓ,80,1998年,ＲＣ,,,１種住居,,,2026年第1四半期,,
中古マンション等,成約価格情報,13111,東京都,大田区,西蒲田,蒲田,4,30000000,１Ｋ,20,2013年,ＲＣ,,,商業,,,2026年第1四半期,,
中古マンション等,成約価格情報,13111,東京都,大田区,西蒲田,蒲田,3,29000000,３ＤＫ,45,1978年,ＳＲＣ,,,商業,,,2026年第1四半期,,
中古マンション等,成約価格情報,13111,東京都,大田区,西蒲田,蓮沼,12,53000000,３ＬＤＫ,70,1997年,ＲＣ,,,近隣商業,,,2026年第1四半期,,
中古マンション等,成約価格情報,13111,東京都,大田区,西蒲田,池上,8,65000000,３ＬＤＫ,75,1999年,ＲＣ,,,１種住居,,,2026年第1四半期,,
中古マンション等,成約価格情報,13111,東京都,大田区,西蒲田,蓮沼,2,29000000,３Ｋ,50,1980年,ＲＣ,,,商業,,,2026年第1四半期,,
中古マンション等,成約価格情報,13111,東京都,大田区,西蒲田,池上,10,29000000,１Ｋ,30,2014年,ＲＣ,,,,,,2026年第1四半期,,
中古マンション等,成約価格情報,13111,東京都,大田区,西蒲田,蒲田,7,45000000,３ＬＤＫ,60,1987年,ＳＲＣ,,,商業,,,2026年第1四半期,,
中古マンション等,成約価格情報,13111,東京都,大田区,西蒲田,蓮沼,6,37000000,１Ｋ,35,2020年,ＲＣ,,,１種住居,,,2026年第1四半期,,
中古マンション等,成約価格情報,13111,東京都,大田区,西蒲田,蒲田,4,11000000,１Ｒ,20,1984年,ＲＣ,,,商業,,,2026年第1四半期,,
中古マンション等,成約価格情報,13111,東京都,大田区,西蒲田,蓮沼,4,70000000,２ＬＤＫ,60,1997年,ＳＲＣ,,,商業,,,2026年第1四半期,,
中古マンション等,成約価格情報,13111,東京都,大田区,西蒲田,蒲田,3,12000000,１Ｒ,20,1975年,ＳＲＣ,,,商業,,,2026年第1四半期,,
中古マンション等,成約価格情報,13111,東京都,大田区,西蒲田,蒲田,3,30000000,１ＬＤＫ,40,1974年,ＳＲＣ,,,商業,,,2026年第1四半期,,
中古マンション等,成約価格情報,13111,東京都,大田区,西蒲田,蒲田,2,13000000,１Ｒ,25,1975年,ＳＲＣ,,,商業,,,2026年第1四半期,,
中古マンション等,成約価格情報,13111,東京都,大田区,東雪谷,西馬込,16,36000000,２ＬＤＫ＋Ｓ,60,1994年,ＲＣ,,,近隣商業,,,2026年第1四半期,,
中古マンション等,成約価格情報,13111,東京都,大田区,東雪谷,石川台,2,60000000,３ＬＤＫ,60,1985年,ＲＣ,,,準住居,,,2026年第1四半期,,
中古マンション等,成約価格情報,13111,東京都,大田区,東雪谷,西馬込,16,35000000,２ＬＤＫ＋Ｓ,60,1994年,ＲＣ,,,近隣商業,,,2026年第1四半期,,
中古マンション等,成約価格情報,13111,東京都,大田区,東雪谷,洗足池,10,8000000,１Ｒ,20,1991年,ＲＣ,,,１中住専,,,2026年第1四半期,,
中古マンション等,成約価格情報,13111,東京都,大田区,東雪谷,洗足池,5,83000000,３ＬＤＫ,60,2015年,ＲＣ,,,準住居,,,2026年第1四半期,,
中古マンション等,成約価格情報,13111,東京都,大田区,東雪谷,石川台,2,40000000,２ＬＤＫ,55,1970年,ＲＣ,,,１中住専,,,2026年第1四半期,,
中古マンション等,成約価格情報,13111,東京都,大田区,南千束,北千束,6,56000000,３ＤＫ,80,1973年,ＲＣ,,,１中住専,,,2026年第1四半期,,
中古マンション等,成約価格情報,13111,東京都,大田区,南千束,北千束,6,150000000,３ＬＤＫ,80,2012年,ＲＣ,,,１低住専,,,2026年第1四半期,,
中古マンション等,成約価格情報,13111,東京都,大田区,矢口,武蔵新田,3,29000000,１ＤＫ,35,1989年,ＲＣ,,,準工業,,,2026年第1四半期,,
中古マンション等,成約価格情報,13111,東京都,大田区,矢口,矢口渡,5,36000000,２ＤＫ,50,2003年,ＲＣ,,,準工業,,,2026年第1四半期,,
中古マンション等,成約価格情報,13111,東京都,大田区,矢口,矢口渡,8,17000000,１ＬＤＫ,40,1988年,ＲＣ,,,準工業,,,2026年第1四半期,,
中古マンション等,成約価格情報,13111,東京都,大田区,矢口,矢口渡,10,45000000,１ＬＤＫ,45,2020年,ＲＣ,,,準工業,,,2026年第1四半期,,
中古マンション等,成約価格情報,13111,東京都,大田区,矢口,矢口渡,8,22000000,１ＬＤＫ,45,1988年,ＲＣ,,,準工業,,,2026年第1四半期,,
中古マンション等,成約価格情報,13111,東京都,大田区,矢口,武蔵新田,12,34000000,３ＬＤＫ,65,1982年,ＳＲＣ,,,準工業,,,2026年第1四半期,,
中古マンション等,成約価格情報,13111,東京都,大田区,矢口,矢口渡,9,72000000,３ＬＤＫ,75,2005年,ＲＣ,,,準工業,,,2026年第1四半期,,
中古マンション等,成約価格情報,13111,東京都,大田区,矢口,矢口渡,13,83000000,３ＬＤＫ,70,2020年,ＲＣ,,,準工業,,,2026年第1四半期,,
中古マンション等,成約価格情報,13111,東京都,大田区,矢口,矢口渡,12,80000000,３ＬＤＫ,70,2020年,ＲＣ,,,準工業,,,2026年第1四半期,,
中古マンション等,成約価格情報,13111,東京都,大田区,矢口,武蔵新田,2,90000000,３ＬＤＫ,80,2018年,ＲＣ,,,２種住居,,,2026年第1四半期,,
中古マンション等,成約価格情報,13111,東京都,大田区,矢口,,,79000000,３ＬＤＫ,75,2020年,ＲＣ,,,準工業,,,2026年第1四半期,,
中古マンション等,成約価格情報,13111,東京都,大田区,矢口,武蔵新田,6,86000000,３ＬＤＫ,65,2020年,ＲＣ,,,準工業,,,2026年第1四半期,,
中古マンション等,成約価格情報,13111,東京都,大田区,矢口,矢口渡,5,11000000,２ＤＫ,50,1974年,ＳＲＣ,,,準工業,,,2026年第1四半期,,
中古マンション等,成約価格情報,13111,東京都,大田区,矢口,武蔵新田,5,50000000,２ＬＤＫ＋Ｓ,65,2000年,ＲＣ,,,準工業,,,2026年第1四半期,,
中古マンション等,成約価格情報,13111,東京都,大田区,矢口,武蔵新田,10,40000000,１ＬＤＫ,40,2017年,ＲＣ,,,準工業,,,2026年第1四半期,,
中古マンション等,成約価格情報,13111,東京都,大田区,鵜の木,鵜の木,5,9700000,１Ｋ,20,1995年,ＲＣ,,,１種住居,,,2026年第1四半期,,
中古マンション等,成約価格情報,13111,東京都,大田区,鵜の木,鵜の木,6,24000000,１Ｋ,30,2019年,ＲＣ,,,近隣商業,,,2026年第1四半期,,
中古マンション等,成約価格情報,13111,東京都,大田区,鵜の木,鵜の木,6,40000000,２ＬＤＫ,70,1985年,ＲＣ,,,１種住居,,,2026年第1四半期,,
中古マンション等,成約価格情報,13111,東京都,大田区,鵜の木,鵜の木,5,82000000,２ＬＤＫ,55,2020年,ＲＣ,,,近隣商業,,,2026年第1四半期,,
中古マンション等,成約価格情報,13111,東京都,大田区,鵜の木,鵜の木,4,57000000,１ＬＤＫ＋Ｓ,55,2002年,ＲＣ,,,準工業,,,2026年第1四半期,,
中古マンション等,成約価格情報,13111,東京都,大田区,鵜の木,鵜の木,7,75000000,３ＬＤＫ,70,2011年,ＲＣ,,,１種住居,,,2026年第1四半期,,
中古マンション等,成約価格情報,13111,東京都,大田区,鵜の木,鵜の木,3,29000000,２ＤＫ,45,1989年,ＲＣ,,,１種住居,,,2026年第1四半期,,
中古マンション等,成約価格情報,13111,東京都,大田区,鵜の木,久が原,4,140000000,３ＬＤＫ,85,2017年,ＲＣ,,,１中住専,,,2026年第1四半期,,
中古マンション等,成約価格情報,13111,東京都,大田区,鵜の木,久が原,4,110000000,３ＬＤＫ,75,2017年,ＲＣ,,,１中住専,,,2026年第1四半期,,
中古マンション等,成約価格情報,13111,東京都,大田区,多摩川,矢口渡,10,29000000,２ＬＤＫ＋Ｓ,70,1980年,ＳＲＣ,,,準工業,,,2026年第1四半期,,
中古マンション等,成約価格情報,13111,東京都,大田区,多摩川,矢口渡,4,43000000,３ＬＤＫ,60,2001年,ＲＣ,,,１種住居,,,2026年第1四半期,,
中古マンション等,成約価格情報,13111,東京都,大田区,多摩川,矢口渡,9,15000000,１Ｋ,25,1974年,ＳＲＣ,,,準工業,,,2026年第1四半期,,
中古マンション等,成約価格情報,13111,東京都,大田区,多摩川,矢口渡,5,73000000,２ＬＤＫ＋Ｓ,65,2012年,ＲＣ,,,準工業,,,2026年第1四半期,,
中古マンション等,成約価格情報,13111,東京都,大田区,多摩川,矢口渡,13,48000000,３ＬＤＫ,70,1983年,ＳＲＣ,,,準工業,,,2026年第1四半期,,
中古マンション等,成約価格情報,13111,東京都,大田区,多摩川,矢口渡,13,52000000,３ＬＤＫ,75,1983年,ＳＲＣ,,,準工業,,,2026年第1四半期,,
中古マンション等,成約価格情報,13111,東京都,大田区,多摩川,矢口渡,3,19000000,１Ｋ,20,2006年,ＲＣ,,,準工業,,,2026年第1四半期,,
中古マンション等,成約価格情報,13111,東京都,大田区,多摩川,矢口渡,6,98000000,４ＬＤＫ,85,2012年,ＲＣ,,,準工業,,,2026年第1四半期,,
中古マンション等,成約価格情報,13111,東京都,大田区,田園調布南,沼部,9,20000000,１ＬＤＫ,40,1977年,ＲＣ,,,１種住居,,,2026年第1四半期,,
中古マンション等,成約価格情報,13111,東京都,大田区,田園調布南,沼部,7,62000000,２ＬＤＫ,65,2000年,ＲＣ,,,１種住居,,,2026年第1四半期,,
中古マンション等,成約価格情報,13111,東京都,大田区,田園調布南,沼部,6,31000000,２ＤＫ,50,1974年,ＲＣ,,,１種住居,,,2026年第1四半期,,
中古マンション等,成約価格情報,13111,東京都,大田区,田園調布南,沼部,6,30000000,１ＤＫ＋Ｓ,45,1972年,ＲＣ,,,１種住居,,,2026年第1四半期,,
中古マンション等,成約価格情報,13111,東京都,大田区,田園調布南,沼部,8,42000000,２ＬＤＫ,65,1982年,ＲＣ,,,１種住居,,,2026年第1四半期,改装済み,
中古マンション等,成約価格情報,13111,東京都,大田区,西嶺町,久が原,6,52000000,１ＬＤＫ,70,2007年,ＲＣ,,,準住居,,,2026年第1四半期,,
中古マンション等,成約価格情報,13111,東京都,大田区,西嶺町,久が原,7,48000000,２ＬＤＫ＋Ｓ,70,2007年,ＲＣ,,,準住居,,,2026年第1四半期,,
中古マンション等,成約価格情報,13111,東京都,大田区,東馬込,馬込,1,9000000,１Ｒ,20,1984年,ＲＣ,,,１種住居,,,2026年第1四半期,,
中古マンション等,成約価格情報,13111,東京都,大田区,東馬込,馬込,7,85000000,３ＬＤＫ,65,2019年,ＲＣ,,,１中住専,,,2026年第1四半期,,
中古マンション等,成約価格情報,13111,東京都,大田区,東馬込,馬込,8,80000000,２ＬＤＫ,65,2019年,ＲＣ,,,１中住専,,,2026年第1四半期,,
中古マンション等,成約価格情報,13111,東京都,大田区,東六郷,雑色,8,47000000,１ＬＤＫ,40,2023年,ＲＣ,,,準工業,,,2026年第1四半期,,
中古マンション等,成約価格情報,13111,東京都,大田区,東六郷,雑色,5,53000000,３ＬＤＫ,65,1986年,ＲＣ,,,準工業,,,2026年第1四半期,,
中古マンション等,成約価格情報,13111,東京都,大田区,東六郷,六郷土手,5,60000000,３ＬＤＫ,75,2002年,ＲＣ,,,準工業,,,2026年第1四半期,,
中古マンション等,成約価格情報,13111,東京都,大田区,東六郷,雑色,8,13000000,１Ｒ,25,1974年,ＳＲＣ,,,準工業,,,2026年第1四半期,,
中古マンション等,成約価格情報,13111,東京都,大田区,東六郷,雑色,7,28000000,１ＬＤＫ,40,1974年,ＳＲＣ,,,準工業,,,2026年第1四半期,,
中古マンション等,成約価格情報,13111,東京都,大田区,東六郷,雑色,7,17000000,１ＬＤＫ,35,1974年,ＳＲＣ,,,準工業,,,2026年第1四半期,,
中古マンション等,成約価格情報,13111,東京都,大田区,東六郷,雑色,9,22000000,１Ｋ,30,2017年,ＲＣ,,,準工業,,,2026年第1四半期,,
中古マンション等,成約価格情報,13111,東京都,大田区,本羽田,大鳥居,8,57000000,４ＬＤＫ,85,1985年,ＲＣ,,,準工業,,,2026年第1四半期,,
中古マンション等,成約価格情報,13111,東京都,大田区,本羽田,大鳥居,10,44000000,２ＬＤＫ,85,1985年,ＲＣ,,,準工業,,,2026年第1四半期,,
中古マンション等,成約価格情報,13111,東京都,大田区,本羽田,糀谷,15,25000000,２ＬＤＫ,50,1996年,ＲＣ,,,工業,,,2026年第1四半期,,
中古マンション等,成約価格情報,13111,東京都,大田区,本羽田,糀谷,13,49000000,２ＬＤＫ,60,2012年,ＲＣ,,,工業,,,2026年第1四半期,,
中古マンション等,成約価格情報,13111,東京都,大田区,南蒲田,糀谷,4,23000000,１Ｋ,25,2012年,ＲＣ,,,近隣商業,,,2026年第1四半期,,
中古マンション等,成約価格情報,13111,東京都,大田区,南蒲田,糀谷,5,11000000,１Ｒ,20,1987年,ＲＣ,,,準工業,,,2026年第1四半期,,
中古マンション等,成約価格情報,13111,東京都,大田区,南久が原,下丸子,5,45000000,２ＬＤＫ＋Ｓ,55,1998年,ＲＣ,,,１中住専,,,2026年第1四半期,,
中古マンション等,成約価格情報,13111,東京都,大田区,南久が原,久が原,1,15000000,１Ｋ,25,1991年,ＲＣ,,,近隣商業,,,2026年第1四半期,,
中古マンション等,成約価格情報,13111,東京都,大田区,南馬込,西馬込,10,49000000,２ＬＤＫ,110,1977年,ＲＣ,,,１中住専,,,2026年第1四半期,改装済み,
中古マンション等,成約価格情報,13111,東京都,大田区,南馬込,西馬込,5,18000000,１Ｋ,25,1972年,ＳＲＣ,,,準住居,,,2026年第1四半期,改装済み,
中古マンション等,成約価格情報,13111,東京都,大田区,南馬込,馬込,5,33000000,１ＬＤＫ,55,1980年,ＲＣ,,,１低住専,,,2026年第1四半期,,
中古マンション等,成約価格情報,13111,東京都,大田区,南馬込,西馬込,6,54000000,２ＬＤＫ,60,2005年,ＲＣ,,,１中住専,,,2026年第1四半期,,
中古マンション等,成約価格情報,13111,東京都,大田区,南馬込,西馬込,9,75000000,３ＬＤＫ,70,1995年,ＲＣ,,,１中住専,,,2026年第1四半期,,
中古マンション等,成約価格情報,13111,東京都,大田区,南馬込,西馬込,8,100000000,２ＬＤＫ,80,2018年,ＲＣ,,,１中住専,,,2026年第1四半期,,
中古マンション等,成約価格情報,13111,東京都,大田区,南馬込,馬込,3,21000000,１Ｋ,25,2010年,ＲＣ,,,準住居,,,2026年第1四半期,,
中古マンション等,成約価格情報,13111,東京都,大田区,南馬込,馬込,5,55000000,３ＬＤＫ,75,1980年,ＲＣ,,,１種住居,,,2026年第1四半期,,
中古マンション等,成約価格情報,13111,東京都,大田区,南馬込,馬込,15,78000000,３ＬＤＫ,80,2001年,ＲＣ,,,１低住専,,,2026年第1四半期,,
中古マンション等,成約価格情報,13111,東京都,大田区,南馬込,西馬込,8,41000000,２ＬＤＫ,55,1995年,ＲＣ,,,１中住専,,,2026年第1四半期,,
中古マンション等,成約価格情報,13111,東京都,大田区,南馬込,西馬込,9,9800000,１Ｒ,20,1992年,ＲＣ,,,１低住専,,,2026年第1四半期,,
中古マンション等,成約価格情報,13111,東京都,大田区,南馬込,大森(東京),12,60000000,２ＬＤＫ,60,2013年,ＲＣ,,,準住居,,,2026年第1四半期,,
中古マンション等,成約価格情報,13111,東京都,大田区,南馬込,馬込,5,25000000,１Ｋ,25,2013年,ＲＣ,,,２種住居,,,2026年第1四半期,,
中古マンション等,成約価格情報,13111,東京都,大田区,南馬込,西馬込,11,69000000,３ＬＤＫ,70,2007年,ＲＣ,,,１低住専,,,2026年第1四半期,,
中古マンション等,成約価格情報,13111,東京都,大田区,南六郷,雑色,12,39000000,４ＬＤＫ,80,1978年,ＳＲＣ,,,工業,,,2026年第1四半期,,
中古マンション等,成約価格情報,13111,東京都,大田区,南六郷,雑色,9,34000000,１Ｋ,25,2016年,ＲＣ,,,準工業,,,2026年第1四半期,,
中古マンション等,成約価格情報,13111,東京都,大田区,南六郷,雑色,11,55000000,３ＬＤＫ,75,2001年,ＲＣ,,,準工業,,,2026年第1四半期,,
中古マンション等,成約価格情報,13111,東京都,大田区,南六郷,雑色,12,38000000,３ＤＫ,60,1991年,ＲＣ,,,工業,,,2026年第1四半期,,
中古マンション等,不動産取引価格情報,13111,東京都,大田区,池上,池上,7,70000000,３ＬＤＫ,70,1999年,ＲＣ,住宅,住宅,１中住専,60,200,2026年第1四半期,改装済み,
中古マンション等,不動産取引価格情報,13111,東京都,大田区,池上,池上,6,29000000,１Ｋ,25,2019年,ＲＣ,,その他,１種住居,60,200,2026年第1四半期,未改装,
中古マンション等,不動産取引価格情報,13111,東京都,大田区,石川町,石川台,4,65000000,３ＬＤＫ,55,1984年,ＲＣ,住宅,住宅,準住居,60,300,2026年第1四半期,未改装,
中古マンション等,不動産取引価格情報,13111,東京都,大田区,鵜の木,鵜の木,4,92000000,３ＬＤＫ,70,2015年,ＲＣ,住宅,住宅,１種住居,60,200,2026年第1四半期,未改装,
中古マンション等,不動産取引価格情報,13111,東京都,大田区,鵜の木,鵜の木,9,26000000,,25,2018年,ＲＣ,,住宅,１種住居,60,200,2026年第1四半期,,
中古マンション等,不動産取引価格情報,13111,東京都,大田区,鵜の木,鵜の木,8,57000000,２ＬＤＫ,55,2013年,ＲＣ,住宅,住宅,１種住居,60,200,2026年第1四半期,,
中古マンション等,不動産取引価格情報,13111,東京都,大田区,鵜の木,鵜の木,7,52000000,１ＬＤＫ,30,2025年,ＲＣ,住宅,住宅,１種住居,60,200,2026年第1四半期,,
中古マンション等,不動産取引価格情報,13111,東京都,大田区,大森北,大森(東京),6,23000000,１ＤＫ,25,1973年,ＳＲＣ,,住宅,商業,80,600,2026年第1四半期,改装済み,
中古マンション等,不動産取引価格情報,13111,東京都,大田区,大森北,大森(東京),5,18000000,１Ｋ,15,1998年,ＳＲＣ,,住宅,商業,80,500,2026年第1四半期,未改装,
中古マンション等,不動産取引価格情報,13111,東京都,大田区,大森北,大森(東京),7,30000000,１Ｋ,20,2007年,ＲＣ,,,商業,80,500,2026年第1四半期,,
中古マンション等,不動産取引価格情報,13111,東京都,大田区,大森北,大森(東京),7,28000000,１Ｋ,20,2013年,ＲＣ,その他,その他,１種住居,60,300,2026年第1四半期,,
中古マンション等,不動産取引価格情報,13111,東京都,大田区,大森北,大森(東京),4,25000000,２ＬＤＫ,50,1973年,ＳＲＣ,住宅,住宅,商業,80,500,2026年第1四半期,未改装,
中古マンション等,不動産取引価格情報,13111,東京都,大田区,大森北,大森(東京),7,46000000,１ＬＤＫ,40,2013年,ＲＣ,住宅,住宅,１種住居,60,300,2026年第1四半期,,
中古マンション等,不動産取引価格情報,13111,東京都,大田区,大森北,平和島,5,33000000,２ＬＤＫ,50,1984年,ＳＲＣ,住宅,,商業,80,500,2026年第1四半期,未改装,
中古マンション等,不動産取引価格情報,13111,東京都,大田区,大森北,平和島,13,21000000,１Ｋ,20,2007年,ＲＣ,,住宅,準工業,60,300,2026年第1四半期,未改装,
中古マンション等,不動産取引価格情報,13111,東京都,大田区,大森中,大森町,6,22000000,１Ｋ,20,2012年,ＲＣ,住宅,その他,商業,80,500,2026年第1四半期,未改装,
中古マンション等,不動産取引価格情報,13111,東京都,大田区,大森西,梅屋敷(東京),6,17000000,１ＤＫ,20,1992年,ＲＣ,住宅,住宅,１種住居,60,200,2026年第1四半期,改装済み,
中古マンション等,不動産取引価格情報,13111,東京都,大田区,大森西,大森町,4,26000000,１Ｋ,25,2007年,ＲＣ,その他,その他,１種住居,60,200,2026年第1四半期,,
中古マンション等,不動産取引価格情報,13111,東京都,大田区,大森西,大森町,3,7500000,１Ｋ,15,1995年,ＳＲＣ,住宅,住宅,商業,80,500,2026年第1四半期,未改装,
中古マンション等,不動産取引価格情報,13111,東京都,大田区,大森西,大森町,12,28000000,１Ｋ,20,2019年,ＲＣ,,住宅,準工業,60,200,2026年第1四半期,,
中古マンション等,不動産取引価格情報,13111,東京都,大田区,大森西,大森町,4,35000000,１ＤＫ,35,2007年,ＲＣ,住宅,住宅,１種住居,60,200,2026年第1四半期,,
中古マンション等,不動産取引価格情報,13111,東京都,大田区,大森西,平和島,8,21000000,１Ｋ,20,2006年,ＲＣ,,その他,準工業,60,200,2026年第1四半期,,
中古マンション等,不動産取引価格情報,13111,東京都,大田区,大森東,大森町,4,14000000,１Ｋ,20,1993年,ＳＲＣ,,住宅,商業,80,500,2026年第1四半期,改装済み,
中古マンション等,不動産取引価格情報,13111,東京都,大田区,大森東,大森町,13,11000000,１Ｋ,15,1988年,ＲＣ,,その他,準工業,60,200,2026年第1四半期,改装済み,
中古マンション等,不動産取引価格情報,13111,東京都,大田区,蒲田,蒲田,7,23000000,１Ｋ,20,1998年,ＳＲＣ,,住宅,商業,80,500,2026年第1四半期,,
中古マンション等,不動産取引価格情報,13111,東京都,大田区,蒲田,蒲田,8,9700000,１Ｋ,15,1988年,ＲＣ,,住宅,近隣商業,80,400,2026年第1四半期,,
中古マンション等,不動産取引価格情報,13111,東京都,大田区,蒲田,蒲田,5,15000000,,15,1985年,ＳＲＣ,,住宅,商業,80,500,2026年第1四半期,,
中古マンション等,不動産取引価格情報,13111,東京都,大田区,蒲田,蒲田,6,58000000,,40,2016年,ＲＣ,,住宅,近隣商業,80,400,2026年第1四半期,,
中古マンション等,不動産取引価格情報,13111,東京都,大田区,蒲田,蒲田,3,24000000,,30,1985年,ＳＲＣ,,,商業,80,700,2026年第1四半期,,
中古マンション等,不動産取引価格情報,13111,東京都,大田区,久が原,千鳥町,10,85000000,３ＬＤＫ,80,1998年,ＳＲＣ,住宅,住宅,１中住専,60,200,2026年第1四半期,改装済み,
中古マンション等,不動産取引価格情報,13111,東京都,大田区,久が原,千鳥町,9,93000000,３ＬＤＫ,75,2009年,ＲＣ,,住宅,準住居,60,300,2026年第1四半期,改装済み,
中古マンション等,不動産取引価格情報,13111,東京都,大田区,久が原,千鳥町,9,88000000,３ＬＤＫ,80,1998年,ＳＲＣ,住宅,住宅,１中住専,60,200,2026年第1四半期,改装済み,
中古マンション等,不動産取引価格情報,13111,東京都,大田区,山王,大森(東京),11,23000000,スタジオ,20,2005年,ＲＣ,住宅,住宅,商業,80,400,2026年第1四半期,未改装,
中古マンション等,不動産取引価格情報,13111,東京都,大田区,山王,大森(東京),16,23000000,１Ｋ,20,2008年,ＲＣ,住宅,住宅,準住居,60,300,2026年第1四半期,未改装,
中古マンション等,不動産取引価格情報,13111,東京都,大田区,山王,大森(東京),3,98000000,,55,2017年,ＲＣ,,,近隣商業,80,300,2026年第1四半期,,
中古マンション等,不動産取引価格情報,13111,東京都,大田区,山王,大森(東京),13,7000000,１Ｋ,15,1990年,ＲＣ,,住宅,１種住居,60,200,2026年第1四半期,未改装,
中古マンション等,不動産取引価格情報,13111,東京都,大田区,下丸子,武蔵新田,11,68000000,３ＬＤＫ,80,2003年,ＲＣ,住宅,住宅,工業,60,200,2026年第1四半期,未改装,
中古マンション等,不動産取引価格情報,13111,東京都,大田区,下丸子,武蔵新田,10,67000000,２ＬＤＫ,80,2003年,ＲＣ,住宅,住宅,工業,60,200,2026年第1四半期,未改装,
中古マンション等,不動産取引価格情報,13111,東京都,大田区,下丸子,武蔵新田,8,21000000,１Ｋ,20,2004年,ＲＣ,住宅,住宅,準工業,60,200,2026年第1四半期,,
中古マンション等,不動産取引価格情報,13111,東京都,大田区,多摩川,矢口渡,2,22000000,１Ｋ,20,2006年,ＲＣ,,その他,１種住居,60,200,2026年第1四半期,未改装,
中古マンション等,不動産取引価格情報,13111,東京都,大田区,多摩川,矢口渡,4,46000000,３ＬＤＫ,50,2006年,ＲＣ,,住宅,１種住居,60,200,2026年第1四半期,未改装,
中古マンション等,不動産取引価格情報,13111,東京都,大田区,千鳥,千鳥町,3,16000000,１Ｋ,20,1997年,ＲＣ,住宅,住宅,近隣商業,80,300,2026年第1四半期,未改装,
中古マンション等,不動産取引価格情報,13111,東京都,大田区,千鳥,千鳥町,2,29000000,１Ｋ,25,2022年,ＲＣ,住宅,住宅,１低住専,50,100,2026年第1四半期,未改装,
中古マンション等,不動産取引価格情報,13111,東京都,大田区,田園調布,雪が谷大塚,8,18000000,１Ｋ,20,2003年,ＲＣ,住宅,住宅,２種住居,60,200,2026年第1四半期,,
中古マンション等,不動産取引価格情報,13111,東京都,大田区,田園調布南,沼部,8,62000000,３ＬＤＫ,60,2000年,ＲＣ,住宅,住宅,１種住居,60,200,2026年第1四半期,未改装,
中古マンション等,不動産取引価格情報,13111,東京都,大田区,仲池上,西馬込,9,27000000,１Ｋ,25,2016年,ＲＣ,住宅,その他,準工業,60,200,2026年第1四半期,,
中古マンション等,不動産取引価格情報,13111,東京都,大田区,仲池上,西馬込,11,24000000,１Ｋ,20,2011年,ＲＣ,住宅,住宅,準工業,60,200,2026年第1四半期,未改装,
中古マンション等,不動産取引価格情報,13111,東京都,大田区,仲池上,西馬込,11,22000000,１Ｋ,20,2005年,ＲＣ,住宅,住宅,準工業,60,200,2026年第1四半期,改装済み,
中古マンション等,不動産取引価格情報,13111,東京都,大田区,仲池上,西馬込,11,55000000,３ＬＤＫ,60,1995年,ＲＣ,住宅,住宅,準工業,60,200,2026年第1四半期,改装済み,
中古マンション等,不動産取引価格情報,13111,東京都,大田区,仲池上,西馬込,11,20000000,１ＤＫ,20,2005年,ＲＣ,,住宅,準工業,60,200,2026年第1四半期,未改装,
中古マンション等,不動産取引価格情報,13111,東京都,大田区,中馬込,西馬込,10,25000000,１Ｋ,20,2009年,ＲＣ,住宅,その他,１中住専,60,200,2026年第1四半期,改装済み,
中古マンション等,不動産取引価格情報,13111,東京都,大田区,中馬込,旗の台,10,57000000,２ＬＤＫ,35,2025年,ＲＣ,住宅,住宅,１種住居,60,300,2026年第1四半期,未改装,
中古マンション等,不動産取引価格情報,13111,東京都,大田区,中馬込,旗の台,10,60000000,２ＬＤＫ,35,2025年,ＲＣ,住宅,住宅,１種住居,60,300,2026年第1四半期,未改装,
中古マンション等,不動産取引価格情報,13111,東京都,大田区,中馬込,馬込,2,22000000,１Ｋ,20,2005年,ＲＣ,住宅,住宅,準住居,60,300,2026年第1四半期,未改装,
中古マンション等,不動産取引価格情報,13111,東京都,大田区,中馬込,馬込,3,37000000,２ＬＤＫ,50,1974年,ＲＣ,住宅,住宅,準住居,60,300,2026年第1四半期,改装済み,
中古マンション等,不動産取引価格情報,13111,東京都,大田区,西蒲田,蒲田,7,34000000,１Ｋ,25,2019年,ＲＣ,住宅,その他,商業,80,500,2026年第1四半期,未改装,
中古マンション等,不動産取引価格情報,13111,東京都,大田区,西蒲田,蒲田,4,27000000,１Ｋ,20,2003年,ＳＲＣ,住宅,住宅,商業,80,500,2026年第1四半期,未改装,
中古マンション等,不動産取引価格情報,13111,東京都,大田区,西蒲田,蒲田,5,27000000,１Ｋ,25,1998年,ＳＲＣ,,住宅,商業,80,500,2026年第1四半期,未改装,
中古マンション等,不動産取引価格情報,13111,東京都,大田区,西蒲田,蒲田,5,47000000,２ＬＤＫ,45,1987年,ＳＲＣ,住宅,住宅,商業,80,500,2026年第1四半期,改装済み,
中古マンション等,不動産取引価格情報,13111,東京都,大田区,西蒲田,蒲田,5,22000000,１Ｋ,20,1998年,ＳＲＣ,住宅,住宅,商業,80,500,2026年第1四半期,改装済み,
中古マンション等,不動産取引価格情報,13111,東京都,大田区,西蒲田,蓮沼,4,24000000,１Ｋ,20,2010年,ＲＣ,住宅,住宅,商業,80,500,2026年第1四半期,未改装,
中古マンション等,不動産取引価格情報,13111,東京都,大田区,西馬込,西馬込,4,93000000,３ＬＤＫ,70,2013年,ＲＣ,住宅,住宅,準工業,60,200,2026年第1四半期,未改装,
中古マンション等,不動産取引価格情報,13111,東京都,大田区,西馬込,西馬込,6,21000000,１Ｋ,20,2003年,ＲＣ,住宅,住宅,１中住専,60,150,2026年第1四半期,,
中古マンション等,不動産取引価格情報,13111,東京都,大田区,西六郷,六郷土手,11,50000000,３ＬＤＫ,70,2006年,ＲＣ,住宅,住宅,準工業,60,200,2026年第1四半期,,
中古マンション等,不動産取引価格情報,13111,東京都,大田区,萩中,糀谷,11,63000000,３ＬＤＫ,65,1997年,ＳＲＣ,住宅,住宅,準工業,60,200,2026年第1四半期,改装済み,
中古マンション等,不動産取引価格情報,13111,東京都,大田区,羽田,穴守稲荷,5,16000000,１ＤＫ,25,1988年,ＲＣ,住宅,住宅,１種住居,60,200,2026年第1四半期,未改装,
中古マンション等,不動産取引価格情報,13111,東京都,大田区,羽田,大鳥居,4,90000000,４ＬＤＫ,85,2004年,ＲＣ,住宅,住宅,準工業,60,200,2026年第1四半期,改装済み,
中古マンション等,不動産取引価格情報,13111,東京都,大田区,東糀谷,大鳥居,8,26000000,１Ｋ,20,2013年,ＲＣ,住宅,住宅,近隣商業,80,400,2026年第1四半期,未改装,
中古マンション等,不動産取引価格情報,13111,東京都,大田区,東糀谷,大鳥居,9,20000000,１Ｋ,20,2007年,ＲＣ,住宅,住宅,準工業,60,200,2026年第1四半期,未改装,
中古マンション等,不動産取引価格情報,13111,東京都,大田区,東矢口,蓮沼,6,8700000,,20,2000年,ＲＣ,駐車場,その他,近隣商業,80,300,2026年第1四半期,未改装,
中古マンション等,不動産取引価格情報,13111,東京都,大田区,東矢口,蓮沼,9,9800000,１ＤＫ,20,1988年,ＲＣ,住宅,住宅,１種住居,60,200,2026年第1四半期,未改装,
中古マンション等,不動産取引価格情報,13111,東京都,大田区,東矢口,蓮沼,1,22000000,１Ｋ,15,2002年,ＲＣ,住宅,住宅,商業,80,500,2026年第1四半期,,
中古マンション等,不動産取引価格情報,13111,東京都,大田区,東矢口,蓮沼,3,22000000,１Ｋ,15,2002年,ＲＣ,住宅,住宅,近隣商業,80,300,2026年第1四半期,,
中古マンション等,不動産取引価格情報,13111,東京都,大田区,東矢口,矢口渡,3,13000000,１ＤＫ,15,1993年,ＲＣ,,住宅,近隣商業,80,300,2026年第1四半期,未改装,
中古マンション等,不動産取引価格情報,13111,東京都,大田区,東雪谷,石川台,12,85000000,４ＬＤＫ,90,1998年,ＲＣ,住宅,住宅,１低住専,50,100,2026年第1四半期,改装済み,
中古マンション等,不動産取引価格情報,13111,東京都,大田区,東雪谷,雪が谷大塚,17,50000000,３ＬＤＫ,60,1988年,ＲＣ,住宅,住宅,１低住専,50,100,2026年第1四半期,改装済み,
中古マンション等,不動産取引価格情報,13111,東京都,大田区,東六郷,雑色,7,48000000,３ＬＤＫ,65,,ＳＲＣ,住宅,住宅,準工業,60,200,2026年第1四半期,未改装,
中古マンション等,不動産取引価格情報,13111,東京都,大田区,東六郷,雑色,8,23000000,２ＤＫ,30,1974年,ＳＲＣ,住宅,住宅,準工業,60,300,2026年第1四半期,改装済み,
中古マンション等,不動産取引価格情報,13111,東京都,大田区,東六郷,雑色,7,46000000,３ＬＤＫ,60,,ＳＲＣ,住宅,住宅,準工業,60,200,2026年第1四半期,改装済み,
中古マンション等,不動産取引価格情報,13111,東京都,大田区,南蒲田,京急蒲田,8,25000000,１Ｋ,20,2010年,ＲＣ,住宅,住宅,準工業,60,200,2026年第1四半期,改装済み,
中古マンション等,不動産取引価格情報,13111,東京都,大田区,南千束,北千束,3,55000000,２ＬＤＫ,55,1996年,ＲＣ,住宅,住宅,１低住専,50,100,2026年第1四半期,改装済み,
中古マンション等,不動産取引価格情報,13111,東京都,大田区,南馬込,西馬込,8,99000000,３ＬＤＫ,70,2018年,ＲＣ,住宅,住宅,１中住専,60,200,2026年第1四半期,未改装,
中古マンション等,不動産取引価格情報,13111,東京都,大田区,南馬込,西馬込,7,22000000,１Ｋ,20,2005年,ＲＣ,住宅,住宅,１中住専,60,200,2026年第1四半期,改装済み,
中古マンション等,不動産取引価格情報,13111,東京都,大田区,南馬込,馬込,11,22000000,１Ｋ,20,2012年,ＲＣ,住宅,,近隣商業,80,300,2026年第1四半期,改装済み,
中古マンション等,不動産取引価格情報,13111,東京都,大田区,南馬込,馬込,11,24000000,１Ｋ,20,2012年,ＲＣ,住宅,その他,近隣商業,80,300,2026年第1四半期,,
中古マンション等,不動産取引価格情報,13111,東京都,大田区,矢口,武蔵新田,2,20000000,２ＤＫ,30,1974年,ＳＲＣ,住宅,住宅,近隣商業,80,300,2026年第1四半期,未改装,
中古マンション等,不動産取引価格情報,13111,東京都,大田区,矢口,武蔵新田,3,29000000,１ＤＫ,30,1989年,ＲＣ,住宅,住宅,準工業,60,200,2026年第1四半期,改装済み,
中古マンション等,不動産取引価格情報,13111,東京都,大田区,矢口,武蔵新田,3,23000000,１Ｋ,20,2006年,ＲＣ,住宅,その他,準工業,60,200,2026年第1四半期,未改装,
中古マンション等,不動産取引価格情報,13111,東京都,大田区,矢口,矢口渡,5,27000000,１Ｋ,25,2015年,ＲＣ,住宅,その他,準工業,60,200,2026年第1四半期,,
中古マンション等,不動産取引価格情報,13111,東京都,大田区,矢口,矢口渡,10,24000000,,25,2014年,ＲＣ,住宅,その他,準工業,60,200,2026年第1四半期,,
中古マンション等,不動産取引価格情報,13111,東京都,大田区,雪谷大塚町,雪が谷大塚,7,22000000,１Ｋ,20,2004年,ＲＣ,住宅,その他,２種住居,60,200,2026年第1四半期,,
中古マンション等,不動産取引価格情報,13111,東京都,大田区,雪谷大塚町,雪が谷大塚,3,46000000,１ＬＤＫ,30,2024年,ＲＣ,住宅,住宅,近隣商業,80,400,2026年第1四半期,未改装,
中古マンション等,成約価格情報,13112,東京都,世田谷区,豪徳寺,豪徳寺,2,43000000,１ＬＤＫ,35,1987年,ＲＣ,,,近隣商業,,,2026年第1四半期,,
中古マンション等,成約価格情報,13112,東京都,世田谷区,桜上水,桜上水,5,140000000,３ＬＤＫ,80,2015年,ＲＣ,,,１中住専,,,2026年第1四半期,,
中古マンション等,成約価格情報,13112,東京都,世田谷区,桜上水,桜上水,7,130000000,３ＬＤＫ,105,2001年,ＲＣ,,,１低住専,,,2026年第1四半期,,
中古マンション等,成約価格情報,13112,東京都,世田谷区,桜上水,経堂,10,99000000,３ＬＤＫ,70,2016年,ＲＣ,,,１低住専,,,2026年第1四半期,,
中古マンション等,成約価格情報,13112,東京都,世田谷区,桜上水,経堂,11,110000000,３ＬＤＫ,70,2016年,ＲＣ,,,１低住専,,,2026年第1四半期,,
中古マンション等,成約価格情報,13112,東京都,世田谷区,千歳台,祖師ケ谷大蔵,10,77000000,３ＬＤＫ,85,1991年,ＲＣ,,,１低住専,,,2026年第1四半期,,
中古マンション等,成約価格情報,13112,東京都,世田谷区,千歳台,祖師ケ谷大蔵,10,73000000,３ＬＤＫ,70,2002年,ＲＣ,,,１中住専,,,2026年第1四半期,,
中古マンション等,成約価格情報,13112,東京都,世田谷区,千歳台,千歳船橋,11,17000000,２ＤＫ,45,1974年,ＳＲＣ,,,２種住居,,,2026年第1四半期,改装済み,
中古マンション等,成約価格情報,13112,東京都,世田谷区,千歳台,八幡山,19,26000000,１ＬＤＫ,65,1978年,ＳＲＣ,,,２種住居,,,2026年第1四半期,,
中古マンション等,成約価格情報,13112,東京都,世田谷区,千歳台,千歳船橋,11,89000000,２ＬＤＫ,75,2009年,ＲＣ,,,１中住専,,,2026年第1四半期,,
中古マンション等,成約価格情報,13112,東京都,世田谷区,千歳台,八幡山,19,39000000,２ＬＤＫ,55,2006年,ＲＣ,,,２種住居,,,2026年第1四半期,,
中古マンション等,成約価格情報,13112,東京都,世田谷区,千歳台,千歳船橋,,30000000,２ＤＫ,50,1982年,ＲＣ,,,１中住専,,,2026年第1四半期,,
中古マンション等,成約価格情報,13112,東京都,世田谷区,千歳台,千歳烏山,20,76000000,２ＬＤＫ,80,2005年,ＲＣ,,,１中住専,,,2026年第1四半期,,
中古マンション等,成約価格情報,13112,東京都,世田谷区,千歳台,千歳烏山,16,86000000,３ＬＤＫ,80,2006年,ＲＣ,,,１中住専,,,2026年第1四半期,,
中古マンション等,成約価格情報,13112,東京都,世田谷区,千歳台,千歳烏山,20,75000000,３ＬＤＫ,75,2006年,ＲＣ,,,１中住専,,,2026年第1四半期,,
中古マンション等,成約価格情報,13112,東京都,世田谷区,千歳台,千歳船橋,22,75000000,３ＬＤＫ,70,2019年,ＲＣ,,,１中住専,,,2026年第1四半期,,
中古マンション等,成約価格情報,13112,東京都,世田谷区,羽根木,新代田,5,35000000,１Ｒ,45,1974年,ＲＣ,,,準住居,,,2026年第1四半期,,
中古マンション等,成約価格情報,13112,東京都,世田谷区,羽根木,東松原,6,8700000,１Ｒ,15,1983年,ＲＣ,,,近隣商業,,,2026年第1四半期,,
中古マンション等,成約価格情報,13112,東京都,世田谷区,東玉川,田園調布,7,74000000,２ＬＤＫ,55,1996年,ＲＣ,,,近隣商業,,,2026年第1四半期,,
中古マンション等,成約価格情報,13112,東京都,世田谷区,深沢,桜新町,19,140000000,３ＬＤＫ,140,1992年,ＲＣ,,,１中住専,,,2026年第1四半期,,
中古マンション等,成約価格情報,13112,東京都,世田谷区,深沢,桜新町,15,130000000,３ＬＤＫ,90,2007年,ＲＣ,,,１低住専,,,2026年第1四半期,,
中古マンション等,成約価格情報,13112,東京都,世田谷区,深沢,自由が丘(東京),,73000000,２ＬＤＫ,65,1998年,ＲＣ,,,１低住専,,,2026年第1四半期,,
中古マンション等,成約価格情報,13112,東京都,世田谷区,深沢,都立大学,18,170000000,２ＬＤＫ＋Ｓ,95,2004年,ＲＣ,,,１中住専,,,2026年第1四半期,,
中古マンション等,成約価格情報,13112,東京都,世田谷区,深沢,自由が丘(東京),,82000000,２ＬＤＫ,70,1998年,ＲＣ,,,２低住専,,,2026年第1四半期,,
中古マンション等,成約価格情報,13112,東京都,世田谷区,深沢,都立大学,20,90000000,２ＬＤＫ,70,2024年,ＲＣ,,,１中住専,,,2026年第1四半期,,
中古マンション等,成約価格情報,13112,東京都,世田谷区,深沢,尾山台,15,73000000,２ＬＤＫ,65,2001年,ＲＣ,,,１低住専,,,2026年第1四半期,,
中古マンション等,成約価格情報,13112,東京都,世田谷区,深沢,駒沢大学,16,67000000,２ＬＤＫ,55,1985年,ＲＣ,,,近隣商業,,,2026年第1四半期,,
中古マンション等,成約価格情報,13112,東京都,世田谷区,深沢,自由が丘(東京),,100000000,３ＬＤＫ,85,1998年,ＲＣ,,,１低住専,,,2026年第1四半期,,
中古マンション等,成約価格情報,13112,東京都,世田谷区,深沢,桜新町,8,90000000,２ＬＤＫ,60,2003年,ＲＣ,,,準住居,,,2026年第1四半期,改装済み,
中古マンション等,成約価格情報,13112,東京都,世田谷区,松原,梅ケ丘,2,23000000,１ＬＤＫ,35,1970年,,,,１種住居,,,2026年第1四半期,,
中古マンション等,成約価格情報,13112,東京都,世田谷区,松原,下高井戸,3,120000000,３ＬＤＫ,65,2020年,ＲＣ,,,１中住専,,,2026年第1四半期,,
中古マンション等,成約価格情報,13112,東京都,世田谷区,松原,東松原,4,130000000,４ＬＤＫ,145,1990年,ＲＣ,,,１低住専,,,2026年第1四半期,,
中古マンション等,成約価格情報,13112,東京都,世田谷区,松原,梅ケ丘,7,110000000,３ＬＤＫ,70,2018年,ＲＣ,,,１種住居,,,2026年第1四半期,,
中古マンション等,成約価格情報,13112,東京都,世田谷区,松原,梅ケ丘,6,88000000,２ＬＤＫ＋Ｓ,65,2007年,ＲＣ,,,１種住居,,,2026年第1四半期,,
中古マンション等,成約価格情報,13112,東京都,世田谷区,松原,下高井戸,5,84000000,２ＬＤＫ,70,2003年,ＲＣ,,,１低住専,,,2026年第1四半期,,
中古マンション等,成約価格情報,13112,東京都,世田谷区,松原,下高井戸,6,43000000,２Ｋ,40,2009年,ＲＣ,,,１中住専,,,2026年第1四半期,,
中古マンション等,成約価格情報,13112,東京都,世田谷区,松原,下高井戸,3,70000000,２ＬＤＫ,65,1995年,ＲＣ,,,商業,,,2026年第1四半期,改装済み,
中古マンション等,成約価格情報,13112,東京都,世田谷区,松原,明大前,9,90000000,２ＬＤＫ,55,2020年,ＲＣ,,,１中住専,,,2026年第1四半期,,
中古マンション等,成約価格情報,13112,東京都,世田谷区,松原,下高井戸,6,39000000,２ＤＫ,50,1973年,ＳＲＣ,,,商業,,,2026年第1四半期,,
中古マンション等,成約価格情報,13112,東京都,世田谷区,松原,下高井戸,6,12000000,１Ｒ,25,1985年,ＲＣ,,,商業,,,2026年第1四半期,,
中古マンション等,成約価格情報,13112,東京都,世田谷区,松原,明大前,2,140000000,４ＬＤＫ,95,2000年,ＲＣ,,,１種住居,,,2026年第1四半期,,
中古マンション等,成約価格情報,13112,東京都,世田谷区,南烏山,芦花公園,4,50000000,３ＬＤＫ,75,1976年,ＲＣ,,,１中住専,,,2026年第1四半期,,
中古マンション等,成約価格情報,13112,東京都,世田谷区,南烏山,八幡山,5,8500000,１Ｋ,20,1991年,ＲＣ,,,２種住居,,,2026年第1四半期,,
中古マンション等,成約価格情報,13112,東京都,世田谷区,南烏山,千歳烏山,7,36000000,２ＬＤＫ,55,1976年,ＲＣ,,,１種住居,,,2026年第1四半期,,
中古マンション等,成約価格情報,13112,東京都,世田谷区,南烏山,芦花公園,8,98000000,３ＬＤＫ,85,2009年,ＲＣ,,,１種住居,,,2026年第1四半期,,
中古マンション等,成約価格情報,13112,東京都,世田谷区,南烏山,芦花公園,6,140000000,２ＬＤＫ,130,2009年,ＲＣ,,,１種住居,,,2026年第1四半期,,
中古マンション等,成約価格情報,13112,東京都,世田谷区,南烏山,千歳烏山,6,60000000,１ＬＤＫ,50,2009年,ＲＣ,,,１中住専,,,2026年第1四半期,,
中古マンション等,成約価格情報,13112,東京都,世田谷区,南烏山,芦花公園,7,57000000,３ＬＤＫ,70,1977年,ＳＲＣ,,,２種住居,,,2026年第1四半期,,
中古マンション等,成約価格情報,13112,東京都,世田谷区,南烏山,芦花公園,2,84000000,３ＬＤＫ,75,1995年,ＳＲＣ,,,１種住居,,,2026年第1四半期,,
中古マンション等,成約価格情報,13112,東京都,世田谷区,南烏山,千歳烏山,3,7200000,１Ｋ,15,1986年,ＲＣ,,,近隣商業,,,2026年第1四半期,,
中古マンション等,成約価格情報,13112,東京都,世田谷区,南烏山,芦花公園,6,35000000,２ＬＤＫ,60,1971年,ＳＲＣ,,,１中住専,,,2026年第1四半期,,
中古マンション等,成約価格情報,13112,東京都,世田谷区,南烏山,千歳烏山,7,24000000,１Ｒ,30,2016年,ＲＣ,,,１種住居,,,2026年第1四半期,,
中古マンション等,成約価格情報,13112,東京都,世田谷区,南烏山,芦花公園,6,78000000,２ＬＤＫ,60,2009年,ＲＣ,,,準住居,,,2026年第1四半期,,
中古マンション等,成約価格情報,13112,東京都,世田谷区,南烏山,芦花公園,2,75000000,２ＬＤＫ,60,1995年,ＳＲＣ,,,１種住居,,,2026年第1四半期,,
中古マンション等,成約価格情報,13112,東京都,世田谷区,南烏山,芦花公園,7,28000000,３ＬＤＫ,70,1975年,ＲＣ,,,１中住専,,,2026年第1四半期,,
中古マンション等,成約価格情報,13112,東京都,世田谷区,南烏山,芦花公園,6,120000000,３ＬＤＫ,115,1987年,ＳＲＣ,,,１中住専,,,2026年第1四半期,,
中古マンション等,成約価格情報,13112,東京都,世田谷区,南烏山,芦花公園,8,26000000,３ＤＫ,60,1971年,ＳＲＣ,,,１中住専,,,2026年第1四半期,,
中古マンション等,成約価格情報,13112,東京都,世田谷区,岡本,二子玉川,20,200000000,４ＬＤＫ,185,1985年,ＲＣ,,,１低住専,,,2026年第1四半期,,
中古マンション等,成約価格情報,13112,東京都,世田谷区,岡本,用賀,25,82000000,３ＬＤＫ,115,1988年,ＲＣ,,,１低住専,,,2026年第1四半期,,
中古マンション等,成約価格情報,13112,東京都,世田谷区,岡本,用賀,20,120000000,２ＬＤＫ,90,2007年,ＲＣ,,,１低住専,,,2026年第1四半期,,
中古マンション等,成約価格情報,13112,東京都,世田谷区,上祖師谷,千歳烏山,9,71000000,３ＬＤＫ,75,2014年,ＲＣ,,,１低住専,,,2026年第1四半期,,
中古マンション等,成約価格情報,13112,東京都,世田谷区,上祖師谷,千歳烏山,16,63000000,４ＬＤＫ,85,2003年,ＲＣ,,,２低住専,,,2026年第1四半期,,
中古マンション等,成約価格情報,13112,東京都,世田谷区,上祖師谷,仙川,18,23000000,２ＬＤＫ,50,1976年,ＲＣ,,,２種住居,,,2026年第1四半期,,
中古マンション等,成約価格情報,13112,東京都,世田谷区,上祖師谷,千歳烏山,15,57000000,３ＬＤＫ,70,2006年,ＲＣ,,,２低住専,,,2026年第1四半期,,
中古マンション等,成約価格情報,13112,東京都,世田谷区,上祖師谷,仙川,12,65000000,３ＬＤＫ,80,1973年,ＲＣ,,,１低住専,,,2026年第1四半期,,
中古マンション等,成約価格情報,13112,東京都,世田谷区,上用賀,用賀,13,42000000,２ＬＤＫ,60,1980年,ＲＣ,,,１中住専,,,2026年第1四半期,改装済み,
中古マンション等,成約価格情報,13112,東京都,世田谷区,上用賀,千歳船橋,18,57000000,２ＬＤＫ＋Ｓ,70,1978年,ＳＲＣ,,,準住居,,,2026年第1四半期,,
中古マンション等,成約価格情報,13112,東京都,世田谷区,上用賀,用賀,9,50000000,２ＬＤＫ,70,1968年,ＳＲＣ,,,１中住専,,,2026年第1四半期,,
中古マンション等,成約価格情報,13112,東京都,世田谷区,上用賀,用賀,9,120000000,３ＬＤＫ,80,2005年,ＲＣ,,,１中住専,,,2026年第1四半期,,
中古マンション等,成約価格情報,13112,東京都,世田谷区,上用賀,千歳船橋,16,94000000,３ＬＤＫ,75,2004年,ＲＣ,,,１中住専,,,2026年第1四半期,,
中古マンション等,成約価格情報,13112,東京都,世田谷区,北沢,東北沢,5,9000000,１Ｒ,15,1984年,ＲＣ,,,近隣商業,,,2026年第1四半期,,
中古マンション等,成約価格情報,13112,東京都,世田谷区,北沢,下北沢,6,150000000,２ＬＤＫ＋Ｓ,65,2021年,ＲＣ,,,１低住専,,,2026年第1四半期,,
中古マンション等,成約価格情報,13112,東京都,世田谷区,北沢,東北沢,2,30000000,１ＬＤＫ,40,1980年,ＲＣ,,,１種住居,,,2026年第1四半期,,
中古マンション等,成約価格情報,13112,東京都,世田谷区,北沢,東北沢,3,29000000,２Ｋ,35,1970年,ＲＣ,,,１種住居,,,2026年第1四半期,,
中古マンション等,成約価格情報,13112,東京都,世田谷区,北沢,東北沢,3,93000000,３ＬＤＫ,70,1986年,ＲＣ,,,近隣商業,,,2026年第1四半期,,
中古マンション等,成約価格情報,13112,東京都,世田谷区,喜多見,成城学園前,19,30000000,２ＬＤＫ,50,1986年,ＲＣ,,,２中住専,,,2026年第1四半期,,
中古マンション等,成約価格情報,13112,東京都,世田谷区,喜多見,喜多見,3,120000000,３ＬＤＫ,75,2022年,ＲＣ,,,１低住専,,,2026年第1四半期,,
中古マンション等,成約価格情報,13112,東京都,世田谷区,喜多見,喜多見,4,100000000,２ＬＤＫ,70,2022年,ＲＣ,,,１低住専,,,2026年第1四半期,,
中古マンション等,成約価格情報,13112,東京都,世田谷区,喜多見,成城学園前,16,70000000,３ＬＤＫ,120,1985年,ＲＣ,,,１低住専,,,2026年第1四半期,,
中古マンション等,成約価格情報,13112,東京都,世田谷区,喜多見,成城学園前,12,35000000,２ＤＫ＋Ｓ,65,1981年,ＲＣ,,,１低住専,,,2026年第1四半期,,
中古マンション等,成約価格情報,13112,東京都,世田谷区,給田,千歳烏山,9,130000000,４ＬＤＫ,85,2025年,ＲＣ,,,１低住専,,,2026年第1四半期,,
中古マンション等,成約価格情報,13112,東京都,世田谷区,給田,千歳烏山,16,23000000,３ＤＫ,60,1973年,ＲＣ,,,１低住専,,,2026年第1四半期,,
中古マンション等,成約価格情報,13112,東京都,世田谷区,給田,千歳烏山,9,80000000,２ＬＤＫ,60,2025年,ＲＣ,,,１低住専,,,2026年第1四半期,,
中古マンション等,成約価格情報,13112,東京都,世田谷区,給田,千歳烏山,12,28000000,２ＬＤＫ,60,1978年,ＲＣ,,,準住居,,,2026年第1四半期,,
中古マンション等,成約価格情報,13112,東京都,世田谷区,給田,仙川,15,64000000,２ＬＤＫ＋Ｓ,70,2019年,ＲＣ,,,１中住専,,,2026年第1四半期,,
中古マンション等,成約価格情報,13112,東京都,世田谷区,給田,仙川,14,53000000,３ＬＤＫ,70,1998年,ＲＣ,,,１低住専,,,2026年第1四半期,,
中古マンション等,成約価格情報,13112,東京都,世田谷区,経堂,経堂,7,45000000,２ＬＤＫ,70,1969年,ＲＣ,,,１種住居,,,2026年第1四半期,,
中古マンション等,成約価格情報,13112,東京都,世田谷区,経堂,経堂,1,86000000,２ＬＤＫ,85,1976年,ＳＲＣ,,,商業,,,2026年第1四半期,,
中古マンション等,成約価格情報,13112,東京都,世田谷区,経堂,経堂,8,27000000,１Ｋ,30,2005年,ＲＣ,,,準工業,,,2026年第1四半期,,
中古マンション等,成約価格情報,13112,東京都,世田谷区,経堂,経堂,9,62000000,２ＬＤＫ,55,2001年,ＲＣ,,,準工業,,,2026年第1四半期,,
中古マンション等,成約価格情報,13112,東京都,世田谷区,経堂,千歳船橋,5,75000000,２ＬＤＫ,70,2003年,ＲＣ,,,１種住居,,,2026年第1四半期,,
中古マンション等,成約価格情報,13112,東京都,世田谷区,経堂,千歳船橋,3,73000000,２ＬＤＫ,60,1998年,ＲＣ,,,１中住専,,,2026年第1四半期,改装済み,
中古マンション等,成約価格情報,13112,東京都,世田谷区,経堂,経堂,9,130000000,３ＬＤＫ,75,2022年,ＲＣ,,,準工業,,,2026年第1四半期,,
中古マンション等,成約価格情報,13112,東京都,世田谷区,経堂,千歳船橋,3,71000000,２ＬＤＫ,60,2016年,ＲＣ,,,１種住居,,,2026年第1四半期,,
中古マンション等,成約価格情報,13112,東京都,世田谷区,経堂,経堂,7,51000000,２ＬＤＫ,70,1969年,ＲＣ,,,１種住居,,,2026年第1四半期,,
中古マンション等,成約価格情報,13112,東京都,世田谷区,経堂,経堂,4,38000000,１ＬＤＫ,40,2003年,ＲＣ,,,１種住居,,,2026年第1四半期,,
中古マンション等,成約価格情報,13112,東京都,世田谷区,経堂,経堂,10,8000000,２Ｋ,40,1979年,鉄骨造,,,１低住専,,,2026年第1四半期,,
中古マンション等,成約価格情報,13112,東京都,世田谷区,経堂,千歳船橋,6,90000000,３ＬＤＫ＋Ｓ,110,1988年,ＲＣ,,,１種住居,,,2026年第1四半期,,
中古マンション等,成約価格情報,13112,東京都,世田谷区,経堂,経堂,5,48000000,１ＬＤＫ,55,1972年,ＲＣ,,,１種住居,,,2026年第1四半期,,
中古マンション等,成約価格情報,13112,東京都,世田谷区,経堂,経堂,10,41000000,２ＬＤＫ,55,1981年,ＳＲＣ,,,１種住居,,,2026年第1四半期,,
中古マンション等,成約価格情報,13112,東京都,世田谷区,経堂,経堂,9,110000000,１ＬＤＫ＋Ｓ,60,2022年,ＲＣ,,,準工業,,,2026年第1四半期,,
中古マンション等,成約価格情報,13112,東京都,世田谷区,桜,上町,13,12000000,２Ｋ,30,1970年,ＲＣ,,,近隣商業,,,2026年第1四半期,,
中古マンション等,成約価格情報,13112,東京都,世田谷区,桜,桜新町,20,55000000,２ＬＤＫ,55,1994年,ＲＣ,,,近隣商業,,,2026年第1四半期,改装済み,
中古マンション等,成約価格情報,13112,東京都,世田谷区,桜,上町,17,85000000,３ＬＤＫ,75,2012年,ＲＣ,,,近隣商業,,,2026年第1四半期,,
中古マンション等,成約価格情報,13112,東京都,世田谷区,桜,経堂,18,88000000,２ＬＤＫ,75,2013年,ＲＣ,,,近隣商業,,,2026年第1四半期,,
中古マンション等,成約価格情報,13112,東京都,世田谷区,桜,桜新町,15,74000000,３ＬＤＫ,85,2003年,鉄骨造,,,近隣商業,,,2026年第1四半期,,
中古マンション等,成約価格情報,13112,東京都,世田谷区,桜,桜新町,22,120000000,３ＬＤＫ,75,2012年,ＲＣ,,,近隣商業,,,2026年第1四半期,,
中古マンション等,成約価格情報,13112,東京都,世田谷区,桜新町,桜新町,3,110000000,２ＬＤＫ,70,2014年,ＲＣ,,,近隣商業,,,2026年第1四半期,,
中古マンション等,成約価格情報,13112,東京都,世田谷区,桜新町,桜新町,4,98000000,２ＬＤＫ,55,2012年,ＲＣ,,,準工業,,,2026年第1四半期,,
中古マンション等,成約価格情報,13112,東京都,世田谷区,桜新町,桜新町,6,130000000,３ＬＤＫ,75,2005年,ＲＣ,,,準工業,,,2026年第1四半期,,
中古マンション等,成約価格情報,13112,東京都,世田谷区,桜新町,桜新町,3,59000000,３ＤＫ,65,1978年,ＲＣ,,,１低住専,,,2026年第1四半期,,
中古マンション等,成約価格情報,13112,東京都,世田谷区,桜新町,桜新町,6,150000000,３ＬＤＫ,70,2016年,ＲＣ,,,準工業,,,2026年第1四半期,,
中古マンション等,成約価格情報,13112,東京都,世田谷区,桜新町,桜新町,8,96000000,２ＬＤＫ,75,2012年,ＲＣ,,,準住居,,,2026年第1四半期,,
中古マンション等,成約価格情報,13112,東京都,世田谷区,桜新町,桜新町,5,120000000,３ＬＤＫ,70,2005年,ＲＣ,,,１低住専,,,2026年第1四半期,,
中古マンション等,成約価格情報,13112,東京都,世田谷区,桜新町,桜新町,6,69000000,２ＤＫ,75,1983年,ＲＣ,,,近隣商業,,,2026年第1四半期,,
中古マンション等,成約価格情報,13112,東京都,世田谷区,桜新町,桜新町,3,79000000,２ＬＤＫ,55,2004年,ＲＣ,,,準工業,,,2026年第1四半期,,
中古マンション等,成約価格情報,13112,東京都,世田谷区,成城,成城学園前,8,66000000,２ＬＤＫ,80,1986年,ＲＣ,,,１中住専,,,2026年第1四半期,,
中古マンション等,成約価格情報,13112,東京都,世田谷区,成城,成城学園前,13,73000000,３ＬＤＫ＋Ｓ,70,2017年,ＲＣ,,,１低住専,,,2026年第1四半期,,
中古マンション等,成約価格情報,13112,東京都,世田谷区,成城,成城学園前,16,120000000,３ＬＤＫ,100,2009年,ＲＣ,,,１中住専,,,2026年第1四半期,,
中古マンション等,成約価格情報,13112,東京都,世田谷区,成城,成城学園前,2,27000000,１ＬＤＫ,40,1973年,ＳＲＣ,,,近隣商業,,,2026年第1四半期,,
中古マンション等,成約価格情報,13112,東京都,世田谷区,成城,成城学園前,2,49000000,２ＬＤＫ,60,1973年,ＳＲＣ,,,近隣商業,,,2026年第1四半期,,
中古マンション等,成約価格情報,13112,東京都,世田谷区,成城,成城学園前,3,62000000,２ＬＤＫ,70,2017年,ＲＣ,,,１中住専,,,2026年第1四半期,,
中古マンション等,成約価格情報,13112,東京都,世田谷区,成城,成城学園前,3,340000000,３ＬＤＫ,130,2008年,ＲＣ,,,１中住専,,,2026年第1四半期,,
中古マンション等,成約価格情報,13112,東京都,世田谷区,成城,成城学園前,8,110000000,３ＬＤＫ,70,2019年,ＲＣ,,,１低住専,,,2026年第1四半期,,
中古マンション等,成約価格情報,13112,東京都,世田谷区,代田,梅ケ丘,8,120000000,３ＬＤＫ,70,2016年,ＲＣ,,,１中住専,,,2026年第1四半期,,
中古マンション等,成約価格情報,13112,東京都,世田谷区,代田,梅ケ丘,7,110000000,３ＬＤＫ,70,2016年,ＲＣ,,,１中住専,,,2026年第1四半期,,
中古マンション等,成約価格情報,13112,東京都,世田谷区,代田,世田谷代田,10,80000000,２ＬＤＫ,55,2009年,ＲＣ,,,１低住専,,,2026年第1四半期,,
中古マンション等,成約価格情報,13112,東京都,世田谷区,代田,梅ケ丘,6,24000000,１Ｋ,30,1983年,ＲＣ,,,１種住居,,,2026年第1四半期,改装済み,
中古マンション等,成約価格情報,13112,東京都,世田谷区,代田,新代田,2,22000000,１Ｋ,25,1998年,ＲＣ,,,近隣商業,,,2026年第1四半期,,
中古マンション等,成約価格情報,13112,東京都,世田谷区,代田,新代田,1,32000000,１Ｋ,25,2014年,ＲＣ,,,近隣商業,,,2026年第1四半期,,
中古マンション等,成約価格情報,13112,東京都,世田谷区,玉川,二子玉川,3,110000000,２ＬＤＫ,65,2008年,ＲＣ,,,商業,,,2026年第1四半期,,
中古マンション等,成約価格情報,13112,東京都,世田谷区,玉川,二子玉川,2,160000000,３ＬＤＫ,80,2024年,ＲＣ,,,１種住居,,,2026年第1四半期,,
中古マンション等,成約価格情報,13112,東京都,世田谷区,玉川,二子玉川,7,230000000,３ＬＤＫ,85,2010年,ＲＣ,,,２種住居,,,2026年第1四半期,,
中古マンション等,成約価格情報,13112,東京都,世田谷区,玉川,二子玉川,8,190000000,２ＬＤＫ,80,2010年,ＲＣ,,,１種住居,,,2026年第1四半期,,
中古マンション等,成約価格情報,13112,東京都,世田谷区,玉川,二子玉川,6,200000000,３ＬＤＫ,85,2024年,ＲＣ,,,１中住専,,,2026年第1四半期,,
中古マンション等,成約価格情報,13112,東京都,世田谷区,玉川,二子玉川,2,160000000,３ＬＤＫ,80,2024年,ＲＣ,,,１種住居,,,2026年第1四半期,,
中古マンション等,成約価格情報,13112,東京都,世田谷区,玉川,二子玉川,10,270000000,３ＬＤＫ,110,2017年,ＲＣ,,,１低住専,,,2026年第1四半期,,
中古マンション等,成約価格情報,13112,東京都,世田谷区,玉川,二子玉川,2,150000000,２ＬＤＫ,65,2024年,ＲＣ,,,１種住居,,,2026年第1四半期,,
中古マンション等,成約価格情報,13112,東京都,世田谷区,玉川,二子玉川,5,9400000,１Ｒ,15,1984年,ＲＣ,,,１種住居,,,2026年第1四半期,,
中古マンション等,成約価格情報,13112,東京都,世田谷区,玉川,二子玉川,8,52000000,２ＬＤＫ,50,1979年,ＲＣ,,,１中住専,,,2026年第1四半期,,
中古マンション等,成約価格情報,13112,東京都,世田谷区,玉川,二子玉川,8,170000000,２ＬＤＫ,70,2010年,ＲＣ,,,２種住居,,,2026年第1四半期,,
中古マンション等,成約価格情報,13112,東京都,世田谷区,玉川,二子玉川,7,140000000,２ＬＤＫ,65,2010年,ＲＣ,,,２種住居,,,2026年第1四半期,,
中古マンション等,成約価格情報,13112,東京都,世田谷区,玉川,二子玉川,6,99000000,２ＬＤＫ,65,2000年,ＲＣ,,,１種住居,,,2026年第1四半期,,
中古マンション等,成約価格情報,13112,東京都,世田谷区,玉川,二子玉川,15,230000000,３ＬＤＫ,115,2003年,ＲＣ,,,１低住専,,,2026年第1四半期,,
中古マンション等,成約価格情報,13112,東京都,世田谷区,玉川,二子玉川,5,160000000,３ＬＤＫ,70,2015年,ＲＣ,,,１種住居,,,2026年第1四半期,,
中古マンション等,成約価格情報,13112,東京都,世田谷区,玉川,二子玉川,15,160000000,２ＬＤＫ,100,2003年,ＲＣ,,,１低住専,,,2026年第1四半期,,
中古マンション等,成約価格情報,13112,東京都,世田谷区,玉川,二子玉川,8,220000000,２ＬＤＫ,95,2010年,ＲＣ,,,２種住居,,,2026年第1四半期,,
中古マンション等,成約価格情報,13112,東京都,世田谷区,玉川,二子玉川,8,140000000,２ＬＤＫ,70,2010年,ＲＣ,,,２種住居,,,2026年第1四半期,,
中古マンション等,成約価格情報,13112,東京都,世田谷区,中町,上野毛,7,140000000,２ＬＤＫ,85,2005年,ＲＣ,,,１中住専,,,2026年第1四半期,,
中古マンション等,成約価格情報,13112,東京都,世田谷区,船橋,千歳船橋,11,100000000,３ＬＤＫ,75,2014年,ＲＣ,,,１中住専,,,2026年第1四半期,,
中古マンション等,成約価格情報,13112,東京都,世田谷区,船橋,千歳船橋,12,83000000,３ＬＤＫ,85,2003年,ＲＣ,,,１中住専,,,2026年第1四半期,,
中古マンション等,成約価格情報,13112,東京都,世田谷区,船橋,千歳船橋,15,60000000,３ＬＤＫ,60,2013年,ＲＣ,,,準工業,,,2026年第1四半期,,
中古マンション等,成約価格情報,13112,東京都,世田谷区,船橋,千歳船橋,12,81000000,３ＬＤＫ,85,2002年,ＲＣ,,,１低住専,,,2026年第1四半期,,
中古マンション等,成約価格情報,13112,東京都,世田谷区,船橋,千歳船橋,9,7700000,１Ｒ,20,1990年,ＲＣ,,,１中住専,,,2026年第1四半期,,
中古マンション等,成約価格情報,13112,東京都,世田谷区,船橋,千歳船橋,11,86000000,３ＬＤＫ,70,2014年,ＲＣ,,,１中住専,,,2026年第1四半期,,
中古マンション等,成約価格情報,13112,東京都,世田谷区,船橋,千歳船橋,12,90000000,３ＬＤＫ,75,2014年,ＲＣ,,,１中住専,,,2026年第1四半期,,
中古マンション等,成約価格情報,13112,東京都,世田谷区,船橋,千歳船橋,9,89000000,２ＬＤＫ,75,2006年,ＲＣ,,,１中住専,,,2026年第1四半期,,
中古マンション等,成約価格情報,13112,東京都,世田谷区,船橋,千歳船橋,19,90000000,３ＬＤＫ,70,2023年,ＲＣ,,,１中住専,,,2026年第1四半期,,
中古マンション等,成約価格情報,13112,東京都,世田谷区,船橋,千歳船橋,5,48000000,２ＬＤＫ,55,1985年,ＲＣ,,,１中住専,,,2026年第1四半期,,
中古マンション等,成約価格情報,13112,東京都,世田谷区,宮坂,経堂,10,72000000,２ＬＤＫ,110,1981年,ＲＣ,,,１低住専,,,2026年第1四半期,,
中古マンション等,成約価格情報,13112,東京都,世田谷区,宮坂,経堂,5,34000000,２ＬＤＫ,50,1973年,ＳＲＣ,,,１中住専,,,2026年第1四半期,,
中古マンション等,成約価格情報,13112,東京都,世田谷区,宮坂,経堂,9,34000000,１ＬＤＫ＋Ｓ,50,1972年,ＲＣ,,,１低住専,,,2026年第1四半期,,
中古マンション等,成約価格情報,13112,東京都,世田谷区,宮坂,経堂,1,32000000,１ＤＫ,35,1982年,ＲＣ,,,近隣商業,,,2026年第1四半期,,
中古マンション等,成約価格情報,13112,東京都,世田谷区,宮坂,経堂,8,35000000,１ＬＤＫ,50,1972年,ＲＣ,,,１低住専,,,2026年第1四半期,,
中古マンション等,成約価格情報,13112,東京都,世田谷区,梅丘,梅ケ丘,2,17000000,１Ｒ,20,1992年,ＲＣ,,,近隣商業,,,2026年第1四半期,改装済み,
中古マンション等,成約価格情報,13112,東京都,世田谷区,大原,代田橋,3,21000000,１Ｋ,30,1994年,鉄骨造,,,商業,,,2026年第1四半期,,
中古マンション等,成約価格情報,13112,東京都,世田谷区,大原,代田橋,2,6500000,１Ｒ,15,1983年,ＲＣ,,,１種住居,,,2026年第1四半期,,
中古マンション等,成約価格情報,13112,東京都,世田谷区,大原,代田橋,2,22000000,２Ｋ,40,1981年,ＲＣ,,,近隣商業,,,2026年第1四半期,,
中古マンション等,成約価格情報,13112,東京都,世田谷区,奥沢,自由が丘(東京),10,20000000,１ＤＫ,30,1966年,ＲＣ,,,１低住専,,,2026年第1四半期,,
中古マンション等,成約価格情報,13112,東京都,世田谷区,奥沢,自由が丘(東京),2,140000000,２ＬＤＫ,55,2024年,ＲＣ,,,近隣商業,,,2026年第1四半期,,
中古マンション等,成約価格情報,13112,東京都,世田谷区,奥沢,自由が丘(東京),4,40000000,３ＤＫ,60,1974年,ＲＣ,,,１種住居,,,2026年第1四半期,,
中古マンション等,成約価格情報,13112,東京都,世田谷区,奥沢,奥沢,3,120000000,２ＬＤＫ,60,2014年,ＲＣ,,,近隣商業,,,2026年第1四半期,,
中古マンション等,成約価格情報,13112,東京都,世田谷区,奥沢,自由が丘(東京),6,44000000,１ＬＤＫ＋Ｓ,50,1979年,ＲＣ,,,１中住専,,,2026年第1四半期,,
中古マンション等,成約価格情報,13112,東京都,世田谷区,奥沢,自由が丘(東京),7,85000000,１ＬＤＫ,55,2003年,ＲＣ,,,１中住専,,,2026年第1四半期,,
中古マンション等,成約価格情報,13112,東京都,世田谷区,尾山台,九品仏,13,110000000,１ＬＤＫ,80,2015年,ＲＣ,,,１低住専,,,2026年第1四半期,,
中古マンション等,成約価格情報,13112,東京都,世田谷区,尾山台,尾山台,5,7000000,１Ｒ,20,1991年,ＲＣ,,,１中住専,,,2026年第1四半期,,
中古マンション等,成約価格情報,13112,東京都,世田谷区,尾山台,尾山台,4,51000000,１ＬＤＫ,35,2024年,ＲＣ,,,１中住専,,,2026年第1四半期,,
中古マンション等,成約価格情報,13112,東京都,世田谷区,粕谷,千歳烏山,11,81000000,２ＬＤＫ,75,2010年,ＲＣ,,,１中住専,,,2026年第1四半期,,
中古マンション等,成約価格情報,13112,東京都,世田谷区,粕谷,八幡山,10,40000000,１ＬＤＫ,50,1977年,ＳＲＣ,,,１中住専,,,2026年第1四半期,,
中古マンション等,成約価格情報,13112,東京都,世田谷区,粕谷,芦花公園,7,110000000,３ＬＤＫ,80,2018年,ＲＣ,,,１中住専,,,2026年第1四半期,,
中古マンション等,成約価格情報,13112,東京都,世田谷区,粕谷,八幡山,13,83000000,３ＬＤＫ,70,2013年,ＲＣ,,,１低住専,,,2026年第1四半期,,
中古マンション等,成約価格情報,13112,東京都,世田谷区,粕谷,八幡山,12,40000000,２ＬＤＫ,60,1977年,ＳＲＣ,,,２種住居,,,2026年第1四半期,,
中古マンション等,成約価格情報,13112,東京都,世田谷区,粕谷,千歳烏山,11,75000000,１ＬＤＫ＋Ｓ,70,2010年,ＲＣ,,,１中住専,,,2026年第1四半期,,
中古マンション等,成約価格情報,13112,東京都,世田谷区,粕谷,芦花公園,6,140000000,４ＬＤＫ,100,2018年,ＲＣ,,,１中住専,,,2026年第1四半期,,
中古マンション等,成約価格情報,13112,東京都,世田谷区,上馬,駒沢大学,6,100000000,２ＬＤＫ,60,2019年,ＲＣ,,,商業,,,2026年第1四半期,,
中古マンション等,成約価格情報,13112,東京都,世田谷区,上馬,駒沢大学,2,38000000,１ＬＤＫ,40,1970年,ＳＲＣ,,,１中住専,,,2026年第1四半期,,
中古マンション等,成約価格情報,13112,東京都,世田谷区,上馬,三軒茶屋,9,160000000,２ＬＤＫ,60,2012年,ＲＣ,,,近隣商業,,,2026年第1四半期,,
中古マンション等,成約価格情報,13112,東京都,世田谷区,上馬,三軒茶屋,9,75000000,２ＬＤＫ＋Ｓ,70,1983年,ＳＲＣ,,,商業,,,2026年第1四半期,,
中古マンション等,成約価格情報,13112,東京都,世田谷区,上馬,駒沢大学,7,50000000,１ＬＤＫ,50,1974年,ＳＲＣ,,,商業,,,2026年第1四半期,改装済み,
中古マンション等,成約価格情報,13112,東京都,世田谷区,上馬,駒沢大学,8,11000000,１Ｒ,20,1991年,ＳＲＣ,,,近隣商業,,,2026年第1四半期,,
中古マンション等,成約価格情報,13112,東京都,世田谷区,上馬,三軒茶屋,10,85000000,２ＬＤＫ,55,1995年,ＲＣ,,,１中住専,,,2026年第1四半期,改装済み,
中古マンション等,成約価格情報,13112,東京都,世田谷区,上馬,駒沢大学,6,110000000,２ＬＤＫ,55,2012年,ＲＣ,,,１中住専,,,2026年第1四半期,,
中古マンション等,成約価格情報,13112,東京都,世田谷区,上馬,駒沢大学,8,72000000,２ＬＤＫ＋Ｓ,80,2016年,鉄骨造,,,近隣商業,,,2026年第1四半期,,
中古マンション等,成約価格情報,13112,東京都,世田谷区,上馬,駒沢大学,7,34000000,１ＬＤＫ,45,1967年,鉄骨造,,,１中住専,,,2026年第1四半期,,
中古マンション等,成約価格情報,13112,東京都,世田谷区,上馬,三軒茶屋,10,90000000,３ＬＤＫ,80,1997年,ＲＣ,,,１中住専,,,2026年第1四半期,,
中古マンション等,成約価格情報,13112,東京都,世田谷区,上馬,三軒茶屋,7,48000000,１ＬＤＫ,45,1978年,ＳＲＣ,,,商業,,,2026年第1四半期,,
中古マンション等,成約価格情報,13112,東京都,世田谷区,上馬,駒沢大学,1,130000000,２ＬＤＫ,55,2018年,ＲＣ,,,１種住居,,,2026年第1四半期,,
中古マンション等,成約価格情報,13112,東京都,世田谷区,上馬,駒沢大学,9,53000000,１ＬＤＫ,40,2001年,ＲＣ,,,近隣商業,,,2026年第1四半期,,
中古マンション等,成約価格情報,13112,東京都,世田谷区,上馬,三軒茶屋,9,82000000,１ＬＤＫ,45,2012年,ＲＣ,,,近隣商業,,,2026年第1四半期,,
中古マンション等,成約価格情報,13112,東京都,世田谷区,上馬,駒沢大学,8,34000000,１Ｋ,30,2017年,ＲＣ,,,１中住専,,,2026年第1四半期,,
中古マンション等,成約価格情報,13112,東京都,世田谷区,上馬,駒沢大学,2,37000000,２ＬＤＫ,45,1970年,ＳＲＣ,,,商業,,,2026年第1四半期,,
中古マンション等,成約価格情報,13112,東京都,世田谷区,上馬,駒沢大学,6,100000000,２ＬＤＫ,55,2012年,ＲＣ,,,１中住専,,,2026年第1四半期,,
中古マンション等,成約価格情報,13112,東京都,世田谷区,上馬,駒沢大学,1,7200000,１Ｒ,15,1979年,ＲＣ,,,１種住居,,,2026年第1四半期,,
中古マンション等,成約価格情報,13112,東京都,世田谷区,上野毛,上野毛,8,89000000,３ＬＤＫ,95,1983年,ＲＣ,,,１低住専,,,2026年第1四半期,,
中古マンション等,成約価格情報,13112,東京都,世田谷区,上野毛,上野毛,6,130000000,３ＬＤＫ,110,1989年,ＲＣ,,,１種住居,,,2026年第1四半期,,
中古マンション等,成約価格情報,13112,東京都,世田谷区,上野毛,上野毛,6,6800000,１Ｒ,15,1983年,ＲＣ,,,近隣商業,,,2026年第1四半期,,
中古マンション等,成約価格情報,13112,東京都,世田谷区,上野毛,上野毛,9,39000000,３ＤＫ,55,1984年,ＲＣ,,,１中住専,,,2026年第1四半期,,
中古マンション等,成約価格情報,13112,東京都,世田谷区,上野毛,上野毛,7,17000000,１Ｒ,45,1991年,ＲＣ,,,近隣商業,,,2026年第1四半期,,
中古マンション等,成約価格情報,13112,東京都,世田谷区,上野毛,上野毛,13,100000000,３ＬＤＫ,95,1984年,ＲＣ,,,１低住専,,,2026年第1四半期,,
中古マンション等,成約価格情報,13112,東京都,世田谷区,上野毛,上野毛,4,34000000,１ＬＤＫ,45,1980年,ＲＣ,,,１低住専,,,2026年第1四半期,改装済み,
中古マンション等,成約価格情報,13112,東京都,世田谷区,上野毛,上野毛,8,73000000,３ＬＤＫ,85,1986年,ＲＣ,,,１中住専,,,2026年第1四半期,,
中古マンション等,成約価格情報,13112,東京都,世田谷区,上野毛,上野毛,3,23000000,１Ｋ,20,1994年,ＲＣ,,,近隣商業,,,2026年第1四半期,,
中古マンション等,成約価格情報,13112,東京都,世田谷区,上野毛,上野毛,3,53000000,１ＬＤＫ,65,1975年,ＲＣ,,,近隣商業,,,2026年第1四半期,,
中古マンション等,成約価格情報,13112,東京都,世田谷区,上野毛,上野毛,4,34000000,１ＬＤＫ,45,1980年,ＲＣ,,,１低住専,,,2026年第1四半期,,
中古マンション等,成約価格情報,13112,東京都,世田谷区,北烏山,千歳烏山,14,51000000,３ＬＤＫ,65,1996年,ＲＣ,,,１中住専,,,2026年第1四半期,,
中古マンション等,成約価格情報,13112,東京都,世田谷区,北烏山,千歳烏山,20,37000000,３ＬＤＫ,70,1977年,ＳＲＣ,,,１中住専,,,2026年第1四半期,,
中古マンション等,成約価格情報,13112,東京都,世田谷区,北烏山,千歳烏山,,62000000,３ＬＤＫ,65,2018年,ＲＣ,,,１中住専,,,2026年第1四半期,,
中古マンション等,成約価格情報,13112,東京都,世田谷区,北烏山,富士見ケ丘,11,80000000,３ＬＤＫ,75,2012年,ＲＣ,,,１低住専,,,2026年第1四半期,,
中古マンション等,成約価格情報,13112,東京都,世田谷区,北烏山,千歳烏山,18,50000000,３ＬＤＫ,65,2013年,ＲＣ,,,１中住専,,,2026年第1四半期,,
中古マンション等,成約価格情報,13112,東京都,世田谷区,北烏山,千歳烏山,6,100000000,４ＬＤＫ,90,2005年,ＲＣ,,,１中住専,,,2026年第1四半期,,
中古マンション等,成約価格情報,13112,東京都,世田谷区,北烏山,千歳烏山,14,29000000,１ＬＤＫ,50,1992年,ＲＣ,,,１中住専,,,2026年第1四半期,,
中古マンション等,成約価格情報,13112,東京都,世田谷区,北烏山,千歳烏山,8,22000000,１Ｋ,30,2012年,ＲＣ,,,準住居,,,2026年第1四半期,,
中古マンション等,成約価格情報,13112,東京都,世田谷区,北烏山,富士見ケ丘,10,75000000,３ＬＤＫ,75,2007年,ＲＣ,,,１低住専,,,2026年第1四半期,,
中古マンション等,成約価格情報,13112,東京都,世田谷区,北烏山,千歳烏山,8,23000000,１Ｋ,25,2012年,ＲＣ,,,準住居,,,2026年第1四半期,,
中古マンション等,成約価格情報,13112,東京都,世田谷区,北烏山,千歳烏山,6,84000000,３ＬＤＫ,80,2005年,ＲＣ,,,１中住専,,,2026年第1四半期,,
中古マンション等,成約価格情報,13112,東京都,世田谷区,北烏山,千歳烏山,8,42000000,３ＬＤＫ,65,1983年,ＲＣ,,,準住居,,,2026年第1四半期,,
中古マンション等,成約価格情報,13112,東京都,世田谷区,駒沢,駒沢大学,10,92000000,２ＬＤＫ,75,2003年,ＲＣ,,,１中住専,,,2026年第1四半期,,
中古マンション等,成約価格情報,13112,東京都,世田谷区,駒沢,駒沢大学,4,88000000,２ＬＤＫ,55,2018年,ＲＣ,,,１低住専,,,2026年第1四半期,,
中古マンション等,成約価格情報,13112,東京都,世田谷区,駒沢,駒沢大学,4,110000000,２ＬＤＫ,65,2014年,ＲＣ,,,商業,,,2026年第1四半期,,
中古マンション等,成約価格情報,13112,東京都,世田谷区,駒沢,駒沢大学,,100000000,２ＬＤＫ,70,2004年,ＲＣ,,,１低住専,,,2026年第1四半期,,
中古マンション等,成約価格情報,13112,東京都,世田谷区,駒沢,駒沢大学,4,120000000,２ＬＤＫ,65,2014年,ＲＣ,,,商業,,,2026年第1四半期,,
中古マンション等,成約価格情報,13112,東京都,世田谷区,駒沢,駒沢大学,17,120000000,３ＬＤＫ,105,1997年,ＲＣ,,,２低住専,,,2026年第1四半期,,
中古マンション等,成約価格情報,13112,東京都,世田谷区,駒沢,駒沢大学,11,120000000,２ＬＤＫ,70,2000年,ＲＣ,,,近隣商業,,,2026年第1四半期,,
中古マンション等,成約価格情報,13112,東京都,世田谷区,駒沢,駒沢大学,8,130000000,２ＬＤＫ,60,2019年,ＲＣ,,,１中住専,,,2026年第1四半期,,
中古マンション等,成約価格情報,13112,東京都,世田谷区,駒沢,駒沢大学,17,120000000,３ＬＤＫ,95,1988年,ＲＣ,,,２中住専,,,2026年第1四半期,,
中古マンション等,成約価格情報,13112,東京都,世田谷区,駒沢,駒沢大学,2,140000000,２ＬＤＫ,70,2015年,ＲＣ,,,１中住専,,,2026年第1四半期,,
中古マンション等,成約価格情報,13112,東京都,世田谷区,下馬,学芸大学,10,85000000,２ＬＤＫ,75,2013年,ＲＣ,,,１低住専,,,2026年第1四半期,,
中古マンション等,成約価格情報,13112,東京都,世田谷区,下馬,三軒茶屋,13,40000000,２ＤＫ,50,1973年,ＲＣ,,,１中住専,,,2026年第1四半期,改装済み,
中古マンション等,成約価格情報,13112,東京都,世田谷区,下馬,三軒茶屋,12,44000000,１ＬＤＫ,45,1970年,ＳＲＣ,,,１種住居,,,2026年第1四半期,,
中古マンション等,成約価格情報,13112,東京都,世田谷区,下馬,三軒茶屋,12,47000000,１ＬＤＫ,50,1973年,ＲＣ,,,１中住専,,,2026年第1四半期,改装済み,
中古マンション等,成約価格情報,13112,東京都,世田谷区,下馬,三軒茶屋,16,98000000,１ＬＤＫ＋Ｓ,65,2018年,ＲＣ,,,１中住専,,,2026年第1四半期,,
中古マンション等,成約価格情報,13112,東京都,世田谷区,下馬,祐天寺,10,98000000,３ＬＤＫ,90,2002年,ＲＣ,,,１低住専,,,2026年第1四半期,,
中古マンション等,成約価格情報,13112,東京都,世田谷区,下馬,祐天寺,13,120000000,３ＬＤＫ,80,2002年,ＲＣ,,,１中住専,,,2026年第1四半期,,
中古マンション等,成約価格情報,13112,東京都,世田谷区,下馬,祐天寺,12,92000000,３ＬＤＫ,65,1996年,ＲＣ,,,近隣商業,,,2026年第1四半期,,
中古マンション等,成約価格情報,13112,東京都,世田谷区,下馬,学芸大学,15,60000000,２ＬＤＫ,55,1991年,ＲＣ,,,１低住専,,,2026年第1四半期,改装済み,
中古マンション等,成約価格情報,13112,東京都,世田谷区,下馬,祐天寺,13,97000000,２ＬＤＫ,60,2002年,ＳＲＣ,,,１中住専,,,2026年第1四半期,,
中古マンション等,成約価格情報,13112,東京都,世田谷区,新町,桜新町,8,85000000,２ＬＤＫ,60,2013年,ＲＣ,,,１低住専,,,2026年第1四半期,,
中古マンション等,成約価格情報,13112,東京都,世田谷区,代沢,下北沢,4,22000000,１Ｒ,25,1973年,ＲＣ,,,１中住専,,,2026年第1四半期,,
中古マンション等,成約価格情報,13112,東京都,世田谷区,代沢,池ノ上,7,410000000,３ＬＤＫ,150,2009年,ＲＣ,,,１低住専,,,2026年第1四半期,,
中古マンション等,成約価格情報,13112,東京都,世田谷区,太子堂,三軒茶屋,11,55000000,１ＬＤＫ,55,1982年,ＲＣ,,,１低住専,,,2026年第1四半期,,
中古マンション等,成約価格情報,13112,東京都,世田谷区,太子堂,三軒茶屋,10,120000000,２ＬＤＫ,70,2006年,ＲＣ,,,１中住専,,,2026年第1四半期,,
中古マンション等,成約価格情報,13112,東京都,世田谷区,太子堂,三軒茶屋,3,82000000,１Ｒ,70,1974年,ＳＲＣ,,,１種住居,,,2026年第1四半期,,
中古マンション等,成約価格情報,13112,東京都,世田谷区,太子堂,三軒茶屋,11,180000000,３ＬＤＫ,80,2008年,ＲＣ,,,１中住専,,,2026年第1四半期,,
中古マンション等,成約価格情報,13112,東京都,世田谷区,等々力,自由が丘(東京),14,95000000,３ＬＤＫ,80,1998年,ＲＣ,,,１中住専,,,2026年第1四半期,,
中古マンション等,成約価格情報,13112,東京都,世田谷区,等々力,自由が丘(東京),15,210000000,３ＬＤＫ,115,2001年,ＲＣ,,,１低住専,,,2026年第1四半期,,
中古マンション等,成約価格情報,13112,東京都,世田谷区,等々力,尾山台,10,120000000,２ＬＤＫ,75,2011年,ＲＣ,,,１低住専,,,2026年第1四半期,,
中古マンション等,成約価格情報,13112,東京都,世田谷区,等々力,九品仏,11,120000000,３ＬＤＫ,80,2000年,ＲＣ,,,１低住専,,,2026年第1四半期,,
中古マンション等,成約価格情報,13112,東京都,世田谷区,等々力,自由が丘(東京),14,120000000,３ＬＤＫ,80,1998年,ＲＣ,,,１中住専,,,2026年第1四半期,,
中古マンション等,成約価格情報,13112,東京都,世田谷区,等々力,等々力,7,21000000,１ＬＤＫ,30,1971年,ＲＣ,,,１種住居,,,2026年第1四半期,,
中古マンション等,成約価格情報,13112,東京都,世田谷区,等々力,尾山台,12,100000000,３ＬＤＫ,70,2016年,ＲＣ,,,１低住専,,,2026年第1四半期,,
中古マンション等,成約価格情報,13112,東京都,世田谷区,等々力,等々力,9,120000000,３ＬＤＫ,75,2012年,ＲＣ,,,１中住専,,,2026年第1四半期,,
中古マンション等,成約価格情報,13112,東京都,世田谷区,等々力,尾山台,9,78000000,２ＬＤＫ,55,2007年,ＲＣ,,,１種住居,,,2026年第1四半期,,
中古マンション等,成約価格情報,13112,東京都,世田谷区,等々力,等々力,7,61000000,１ＬＤＫ,55,2004年,ＲＣ,,,近隣商業,,,2026年第1四半期,,
中古マンション等,成約価格情報,13112,東京都,世田谷区,等々力,尾山台,13,93000000,３ＬＤＫ,105,2002年,ＲＣ,,,１低住専,,,2026年第1四半期,,
中古マンション等,成約価格情報,13112,東京都,世田谷区,等々力,尾山台,9,80000000,２ＬＤＫ,75,2003年,ＲＣ,,,１中住専,,,2026年第1四半期,,
中古マンション等,成約価格情報,13112,東京都,世田谷区,等々力,尾山台,10,120000000,３ＬＤＫ,75,2011年,ＲＣ,,,１種住居,,,2026年第1四半期,,
中古マンション等,成約価格情報,13112,東京都,世田谷区,等々力,等々力,9,66000000,２ＬＤＫ,60,2003年,ＲＣ,,,１中住専,,,2026年第1四半期,,
中古マンション等,成約価格情報,13112,東京都,世田谷区,等々力,尾山台,2,68000000,２ＬＤＫ,55,2004年,ＲＣ,,,近隣商業,,,2026年第1四半期,,
中古マンション等,成約価格情報,13112,東京都,世田谷区,等々力,九品仏,14,29000000,１ＬＤＫ,40,1979年,ＲＣ,,,１中住専,,,2026年第1四半期,,
中古マンション等,成約価格情報,13112,東京都,世田谷区,等々力,等々力,7,48000000,２ＬＤＫ,55,1971年,ＲＣ,,,１種住居,,,2026年第1四半期,,
中古マンション等,成約価格情報,13112,東京都,世田谷区,等々力,尾山台,8,120000000,３ＬＤＫ,75,2007年,ＲＣ,,,１種住居,,,2026年第1四半期,,
中古マンション等,成約価格情報,13112,東京都,世田谷区,等々力,尾山台,11,110000000,２ＬＤＫ,65,2011年,ＲＣ,,,１低住専,,,2026年第1四半期,,
中古マンション等,成約価格情報,13112,東京都,世田谷区,等々力,尾山台,10,130000000,３ＬＤＫ,75,2011年,ＲＣ,,,１種住居,,,2026年第1四半期,,
中古マンション等,成約価格情報,13112,東京都,世田谷区,野沢,学芸大学,14,100000000,３ＬＤＫ,100,2002年,ＲＣ,,,１低住専,,,2026年第1四半期,,
中古マンション等,成約価格情報,13112,東京都,世田谷区,野沢,学芸大学,13,56000000,２ＬＤＫ,50,1972年,ＳＲＣ,,,１種住居,,,2026年第1四半期,,
中古マンション等,成約価格情報,13112,東京都,世田谷区,野沢,駒沢大学,5,150000000,３ＬＤＫ,75,2012年,ＲＣ,,,１低住専,,,2026年第1四半期,,
中古マンション等,成約価格情報,13112,東京都,世田谷区,野沢,駒沢大学,5,41000000,１Ｋ,30,2012年,ＳＲＣ,,,近隣商業,,,2026年第1四半期,,
中古マンション等,成約価格情報,13112,東京都,世田谷区,野沢,学芸大学,12,47000000,１ＬＤＫ,45,1972年,ＳＲＣ,,,１種住居,,,2026年第1四半期,,
中古マンション等,成約価格情報,13112,東京都,世田谷区,野沢,学芸大学,12,100000000,２ＬＤＫ,75,1999年,ＲＣ,,,１種住居,,,2026年第1四半期,,
中古マンション等,成約価格情報,13112,東京都,世田谷区,野沢,学芸大学,16,110000000,３ＬＤＫ,80,2001年,ＲＣ,,,１低住専,,,2026年第1四半期,,
中古マンション等,成約価格情報,13112,東京都,世田谷区,野沢,学芸大学,15,52000000,３ＬＤＫ,65,1970年,ＲＣ,,,１種住居,,,2026年第1四半期,,
中古マンション等,成約価格情報,13112,東京都,世田谷区,八幡山,八幡山,3,120000000,３ＬＤＫ,75,2025年,ＲＣ,,,１低住専,,,2026年第1四半期,,
中古マンション等,成約価格情報,13112,東京都,世田谷区,用賀,用賀,7,130000000,３ＬＤＫ,75,2012年,ＲＣ,,,１低住専,,,2026年第1四半期,,
中古マンション等,成約価格情報,13112,東京都,世田谷区,用賀,用賀,5,110000000,２ＬＤＫ,60,2015年,ＲＣ,,,１種住居,,,2026年第1四半期,,
中古マンション等,成約価格情報,13112,東京都,世田谷区,用賀,用賀,7,150000000,２ＬＤＫ,100,1993年,ＲＣ,,,１低住専,,,2026年第1四半期,,
中古マンション等,成約価格情報,13112,東京都,世田谷区,用賀,用賀,9,62000000,４ＬＤＫ,90,1974年,ＲＣ,,,１種住居,,,2026年第1四半期,,
中古マンション等,成約価格情報,13112,東京都,世田谷区,用賀,用賀,6,100000000,３ＬＤＫ,70,2000年,ＲＣ,,,１種住居,,,2026年第1四半期,,
中古マンション等,成約価格情報,13112,東京都,世田谷区,用賀,用賀,5,60000000,１ＬＤＫ＋Ｓ,65,1978年,ＲＣ,,,１種住居,,,2026年第1四半期,改装済み,
中古マンション等,成約価格情報,13112,東京都,世田谷区,用賀,用賀,12,230000000,３ＬＤＫ,190,1989年,ＲＣ,,,１低住専,,,2026年第1四半期,,
中古マンション等,成約価格情報,13112,東京都,世田谷区,用賀,桜新町,11,17000000,１Ｋ,20,1999年,ＲＣ,,,１低住専,,,2026年第1四半期,,
中古マンション等,成約価格情報,13112,東京都,世田谷区,用賀,用賀,8,74000000,３ＬＤＫ,95,1974年,ＲＣ,,,１種住居,,,2026年第1四半期,,
中古マンション等,成約価格情報,13112,東京都,世田谷区,用賀,用賀,10,140000000,３ＬＤＫ＋Ｓ,85,2015年,ＲＣ,,,１低住専,,,2026年第1四半期,,
中古マンション等,成約価格情報,13112,東京都,世田谷区,用賀,用賀,3,49000000,１ＬＤＫ,35,2016年,ＲＣ,,,１種住居,,,2026年第1四半期,,
中古マンション等,成約価格情報,13112,東京都,世田谷区,用賀,用賀,7,120000000,２ＬＤＫ,75,2005年,ＲＣ,,,１中住専,,,2026年第1四半期,,
中古マンション等,成約価格情報,13112,東京都,世田谷区,用賀,用賀,10,95000000,３ＬＤＫ,80,1986年,ＲＣ,,,１種住居,,,2026年第1四半期,,
中古マンション等,成約価格情報,13112,東京都,世田谷区,用賀,桜新町,11,94000000,２ＬＤＫ,60,2004年,ＲＣ,,,準住居,,,2026年第1四半期,,
中古マンション等,成約価格情報,13112,東京都,世田谷区,用賀,用賀,2,120000000,１ＬＤＫ＋Ｓ,75,1997年,ＳＲＣ,,,１種住居,,,2026年第1四半期,,
中古マンション等,成約価格情報,13112,東京都,世田谷区,赤堤,下高井戸,5,82000000,３ＬＤＫ,80,2000年,ＲＣ,,,１低住専,,,2026年第1四半期,,
中古マンション等,成約価格情報,13112,東京都,世田谷区,池尻,池尻大橋,7,110000000,１ＬＤＫ,55,2008年,ＳＲＣ,,,１中住専,,,2026年第1四半期,,
中古マンション等,成約価格情報,13112,東京都,世田谷区,池尻,池ノ上,12,79000000,３ＬＤＫ,85,1978年,ＲＣ,,,１種住居,,,2026年第1四半期,,
中古マンション等,成約価格情報,13112,東京都,世田谷区,池尻,池尻大橋,7,180000000,２ＬＤＫ,75,2008年,ＳＲＣ,,,１中住専,,,2026年第1四半期,,
中古マンション等,成約価格情報,13112,東京都,世田谷区,池尻,池尻大橋,7,110000000,１ＬＤＫ,50,2008年,ＲＣ,,,１中住専,,,2026年第1四半期,,
中古マンション等,成約価格情報,13112,東京都,世田谷区,池尻,池尻大橋,10,200000000,２ＬＤＫ,80,2008年,ＳＲＣ,,,１中住専,,,2026年第1四半期,,
中古マンション等,成約価格情報,13112,東京都,世田谷区,池尻,駒場東大前,12,48000000,３ＬＤＫ,55,1978年,ＲＣ,,,１中住専,,,2026年第1四半期,,
中古マンション等,成約価格情報,13112,東京都,世田谷区,池尻,池尻大橋,8,14000000,２Ｋ,30,1971年,ＳＲＣ,,,商業,,,2026年第1四半期,,
中古マンション等,成約価格情報,13112,東京都,世田谷区,池尻,池尻大橋,6,77000000,１ＤＫ,40,2014年,ＲＣ,,,１種住居,,,2026年第1四半期,,
中古マンション等,成約価格情報,13112,東京都,世田谷区,池尻,池尻大橋,5,53000000,１Ｒ,35,2016年,ＲＣ,,,商業,,,2026年第1四半期,,
中古マンション等,成約価格情報,13112,東京都,世田谷区,池尻,池尻大橋,12,64000000,１ＬＤＫ,50,1972年,ＳＲＣ,,,１中住専,,,2026年第1四半期,,
中古マンション等,成約価格情報,13112,東京都,世田谷区,池尻,池尻大橋,6,12000000,１Ｒ,15,1984年,ＲＣ,,,１種住居,,,2026年第1四半期,,
中古マンション等,成約価格情報,13112,東京都,世田谷区,池尻,池尻大橋,8,160000000,２ＬＤＫ,70,2012年,ＲＣ,,,１種住居,,,2026年第1四半期,,
中古マンション等,成約価格情報,13112,東京都,世田谷区,大蔵,用賀,20,57000000,３ＬＤＫ,85,1980年,ＳＲＣ,,,準住居,,,2026年第1四半期,,
中古マンション等,成約価格情報,13112,東京都,世田谷区,大蔵,千歳船橋,21,45000000,２ＬＤＫ＋Ｓ,60,1980年,ＳＲＣ,,,準住居,,,2026年第1四半期,,
中古マンション等,成約価格情報,13112,東京都,世田谷区,大蔵,用賀,20,61000000,３ＬＤＫ,85,1980年,ＳＲＣ,,,準住居,,,2026年第1四半期,,
中古マンション等,成約価格情報,13112,東京都,世田谷区,鎌田,二子玉川,28,47000000,３ＬＤＫ,85,2004年,鉄骨造,,,１低住専,,,2026年第1四半期,,
中古マンション等,成約価格情報,13112,東京都,世田谷区,鎌田,二子玉川,,42000000,２ＬＤＫ,55,1997年,ＲＣ,,,１中住専,,,2026年第1四半期,,
中古マンション等,成約価格情報,13112,東京都,世田谷区,鎌田,二子玉川,17,69000000,２ＬＤＫ＋Ｓ,65,1996年,ＲＣ,,,１中住専,,,2026年第1四半期,,
中古マンション等,成約価格情報,13112,東京都,世田谷区,鎌田,二子玉川,28,40000000,２ＬＤＫ,65,2004年,鉄骨造,,,１低住専,,,2026年第1四半期,,
中古マンション等,成約価格情報,13112,東京都,世田谷区,鎌田,二子玉川,17,56000000,２ＬＤＫ＋Ｓ,70,1996年,ＲＣ,,,１中住専,,,2026年第1四半期,,
中古マンション等,成約価格情報,13112,東京都,世田谷区,鎌田,二子玉川,25,68000000,３ＬＤＫ,85,2007年,ＲＣ,,,１中住専,,,2026年第1四半期,,
中古マンション等,成約価格情報,13112,東京都,世田谷区,上北沢,芦花公園,12,19000000,１ＬＤＫ,40,1974年,ＲＣ,,,１低住専,,,2026年第1四半期,,
中古マンション等,成約価格情報,13112,東京都,世田谷区,上北沢,芦花公園,12,16000000,１ＤＫ,30,1974年,ＲＣ,,,１低住専,,,2026年第1四半期,,
中古マンション等,成約価格情報,13112,東京都,世田谷区,上北沢,上北沢,11,61000000,２ＬＤＫ,70,2002年,ＲＣ,,,１低住専,,,2026年第1四半期,,
中古マンション等,成約価格情報,13112,東京都,世田谷区,上北沢,上北沢,3,46000000,２ＤＫ,50,2002年,ＳＲＣ,,,近隣商業,,,2026年第1四半期,,
中古マンション等,成約価格情報,13112,東京都,世田谷区,上北沢,上北沢,11,50000000,３ＬＤＫ,60,1995年,ＲＣ,,,１中住専,,,2026年第1四半期,,
中古マンション等,成約価格情報,13112,東京都,世田谷区,上北沢,上北沢,11,90000000,３ＬＤＫ,75,2015年,ＲＣ,,,１低住専,,,2026年第1四半期,,
中古マンション等,成約価格情報,13112,東京都,世田谷区,上北沢,上北沢,4,33000000,１ＬＤＫ,45,1970年,ＲＣ,,,１種住居,,,2026年第1四半期,,
中古マンション等,成約価格情報,13112,東京都,世田谷区,上北沢,上北沢,4,37000000,１ＬＤＫ,45,1970年,ＲＣ,,,１種住居,,,2026年第1四半期,,
中古マンション等,成約価格情報,13112,東京都,世田谷区,上北沢,上北沢,3,7000000,１Ｒ,15,1984年,ＲＣ,,,１種住居,,,2026年第1四半期,,
中古マンション等,成約価格情報,13112,東京都,世田谷区,上北沢,上北沢,4,37000000,２ＬＤＫ,60,1970年,ＳＲＣ,,,近隣商業,,,2026年第1四半期,,
中古マンション等,成約価格情報,13112,東京都,世田谷区,上北沢,上北沢,11,120000000,４ＬＤＫ,90,2015年,ＲＣ,,,１低住専,,,2026年第1四半期,,
中古マンション等,成約価格情報,13112,東京都,世田谷区,上北沢,上北沢,6,24000000,１Ｋ,30,2012年,ＲＣ,,,近隣商業,,,2026年第1四半期,,
中古マンション等,成約価格情報,13112,東京都,世田谷区,砧,祖師ケ谷大蔵,19,74000000,４ＬＤＫ,110,1999年,ＲＣ,,,１中住専,,,2026年第1四半期,,
中古マンション等,成約価格情報,13112,東京都,世田谷区,砧,祖師ケ谷大蔵,12,48000000,３ＬＤＫ,70,1983年,ＲＣ,,,１種住居,,,2026年第1四半期,,
中古マンション等,成約価格情報,13112,東京都,世田谷区,砧,成城学園前,15,7000000,１Ｒ,20,1991年,ＲＣ,,,２種住居,,,2026年第1四半期,,
中古マンション等,成約価格情報,13112,東京都,世田谷区,砧,祖師ケ谷大蔵,9,29000000,１Ｋ,30,2017年,ＲＣ,,,１中住専,,,2026年第1四半期,,
中古マンション等,成約価格情報,13112,東京都,世田谷区,砧,祖師ケ谷大蔵,18,58000000,２ＬＤＫ,70,1995年,ＲＣ,,,１低住専,,,2026年第1四半期,,
中古マンション等,成約価格情報,13112,東京都,世田谷区,砧,祖師ケ谷大蔵,8,86000000,２ＬＤＫ,70,2011年,ＲＣ,,,１中住専,,,2026年第1四半期,,
中古マンション等,成約価格情報,13112,東京都,世田谷区,砧,祖師ケ谷大蔵,5,110000000,３ＬＤＫ,75,2009年,ＲＣ,,,１中住専,,,2026年第1四半期,,
中古マンション等,成約価格情報,13112,東京都,世田谷区,砧,祖師ケ谷大蔵,15,97000000,３ＬＤＫ,80,2017年,ＲＣ,,,２種住居,,,2026年第1四半期,,
中古マンション等,成約価格情報,13112,東京都,世田谷区,砧,祖師ケ谷大蔵,7,140000000,３ＬＤＫ＋Ｓ,95,2003年,ＲＣ,,,１中住専,,,2026年第1四半期,,
中古マンション等,成約価格情報,13112,東京都,世田谷区,砧,祖師ケ谷大蔵,8,40000000,２ＬＤＫ,60,1992年,ＲＣ,,,１種住居,,,2026年第1四半期,,
中古マンション等,成約価格情報,13112,東京都,世田谷区,砧,祖師ケ谷大蔵,9,24000000,２ＬＤＫ,50,1978年,ＲＣ,,,１中住専,,,2026年第1四半期,,
中古マンション等,成約価格情報,13112,東京都,世田谷区,砧,祖師ケ谷大蔵,15,22000000,１ＬＤＫ＋Ｓ,45,1974年,ＲＣ,,,近隣商業,,,2026年第1四半期,,
中古マンション等,成約価格情報,13112,東京都,世田谷区,砧,千歳船橋,8,44000000,３ＤＫ,60,1975年,ＲＣ,,,２中住専,,,2026年第1四半期,改装済み,
中古マンション等,成約価格情報,13112,東京都,世田谷区,砧,祖師ケ谷大蔵,11,99000000,３ＬＤＫ,75,2017年,ＲＣ,,,１中住専,,,2026年第1四半期,,
中古マンション等,成約価格情報,13112,東京都,世田谷区,桜丘,千歳船橋,5,120000000,３ＬＤＫ,100,2007年,ＲＣ,,,１中住専,,,2026年第1四半期,,
中古マンション等,成約価格情報,13112,東京都,世田谷区,桜丘,千歳船橋,8,12000000,２Ｋ,30,1978年,鉄骨造,,,２低住専,,,2026年第1四半期,,
中古マンション等,成約価格情報,13112,東京都,世田谷区,桜丘,千歳船橋,16,69000000,３ＬＤＫ,70,2014年,ＲＣ,,,１低住専,,,2026年第1四半期,,
中古マンション等,成約価格情報,13112,東京都,世田谷区,桜丘,千歳船橋,16,77000000,３ＬＤＫ,70,2014年,ＲＣ,,,１中住専,,,2026年第1四半期,,
中古マンション等,成約価格情報,13112,東京都,世田谷区,桜丘,千歳船橋,4,88000000,２ＬＤＫ,65,2016年,ＲＣ,,,近隣商業,,,2026年第1四半期,,
中古マンション等,成約価格情報,13112,東京都,世田谷区,桜丘,経堂,12,130000000,３ＬＤＫ,90,2007年,ＲＣ,,,１低住専,,,2026年第1四半期,,
中古マンション等,成約価格情報,13112,東京都,世田谷区,桜丘,千歳船橋,8,30000000,１ＬＤＫ,35,1977年,ＳＲＣ,,,近隣商業,,,2026年第1四半期,,
中古マンション等,成約価格情報,13112,東京都,世田谷区,桜丘,千歳船橋,16,52000000,２ＬＤＫ＋Ｓ,85,1999年,ＳＲＣ,,,準住居,,,2026年第1四半期,,
中古マンション等,成約価格情報,13112,東京都,世田谷区,桜丘,千歳船橋,6,77000000,２ＬＤＫ,65,2004年,ＲＣ,,,１中住専,,,2026年第1四半期,,
中古マンション等,成約価格情報,13112,東京都,世田谷区,桜丘,千歳船橋,14,59000000,３ＬＤＫ,65,1997年,ＲＣ,,,１低住専,,,2026年第1四半期,,
中古マンション等,成約価格情報,13112,東京都,世田谷区,桜丘,千歳船橋,7,89000000,２ＬＤＫ,85,1993年,ＳＲＣ,,,２種住居,,,2026年第1四半期,,
中古マンション等,成約価格情報,13112,東京都,世田谷区,桜丘,千歳船橋,9,88000000,２ＬＤＫ,80,2003年,ＲＣ,,,１低住専,,,2026年第1四半期,,
中古マンション等,成約価格情報,13112,東京都,世田谷区,三軒茶屋,三軒茶屋,8,20000000,１Ｋ,25,1997年,ＲＣ,,,１中住専,,,2026年第1四半期,,
中古マンション等,成約価格情報,13112,東京都,世田谷区,三軒茶屋,三軒茶屋,10,9100000,１Ｒ,20,1984年,ＲＣ,,,１種住居,,,2026年第1四半期,,
中古マンション等,成約価格情報,13112,東京都,世田谷区,三軒茶屋,三軒茶屋,9,46000000,２ＬＤＫ,60,1973年,ＲＣ,,,商業,,,2026年第1四半期,改装済み,
中古マンション等,成約価格情報,13112,東京都,世田谷区,三軒茶屋,三軒茶屋,4,130000000,２ＬＤＫ,60,2023年,ＲＣ,,,１中住専,,,2026年第1四半期,,
中古マンション等,成約価格情報,13112,東京都,世田谷区,三軒茶屋,三軒茶屋,9,120000000,２ＬＤＫ,70,2005年,ＲＣ,,,１種住居,,,2026年第1四半期,,
中古マンション等,成約価格情報,13112,東京都,世田谷区,三軒茶屋,三軒茶屋,9,76000000,２ＬＤＫ,55,2003年,ＲＣ,,,１種住居,,,2026年第1四半期,,
中古マンション等,成約価格情報,13112,東京都,世田谷区,三軒茶屋,三軒茶屋,7,25000000,２ＤＫ,40,1979年,ＲＣ,,,１種住居,,,2026年第1四半期,,
中古マンション等,成約価格情報,13112,東京都,世田谷区,三軒茶屋,三軒茶屋,5,71000000,２ＤＫ,50,1986年,ＳＲＣ,,,商業,,,2026年第1四半期,,
中古マンション等,成約価格情報,13112,東京都,世田谷区,三軒茶屋,三軒茶屋,3,14000000,１Ｋ,35,1965年,ＳＲＣ,,,商業,,,2026年第1四半期,,
中古マンション等,成約価格情報,13112,東京都,世田谷区,三軒茶屋,三軒茶屋,9,90000000,２ＬＤＫ,55,2003年,ＲＣ,,,１種住居,,,2026年第1四半期,,
中古マンション等,成約価格情報,13112,東京都,世田谷区,瀬田,二子玉川,8,59000000,３ＬＤＫ,85,1969年,ＲＣ,,,１中住専,,,2026年第1四半期,,
中古マンション等,成約価格情報,13112,東京都,世田谷区,瀬田,用賀,11,110000000,２ＬＤＫ,85,2008年,ＲＣ,,,近隣商業,,,2026年第1四半期,,
中古マンション等,成約価格情報,13112,東京都,世田谷区,瀬田,二子玉川,8,120000000,２ＬＤＫ,65,2012年,ＲＣ,,,１低住専,,,2026年第1四半期,,
中古マンション等,成約価格情報,13112,東京都,世田谷区,瀬田,用賀,13,80000000,２ＬＤＫ,60,2015年,ＲＣ,,,１中住専,,,2026年第1四半期,,
中古マンション等,成約価格情報,13112,東京都,世田谷区,瀬田,用賀,10,96000000,３ＬＤＫ,75,2000年,ＲＣ,,,１中住専,,,2026年第1四半期,,
中古マンション等,成約価格情報,13112,東京都,世田谷区,瀬田,二子玉川,11,120000000,３ＬＤＫ,75,2015年,ＲＣ,,,準住居,,,2026年第1四半期,,
中古マンション等,成約価格情報,13112,東京都,世田谷区,瀬田,用賀,10,17000000,１Ｒ,25,1997年,ＲＣ,,,準住居,,,2026年第1四半期,,
中古マンション等,成約価格情報,13112,東京都,世田谷区,瀬田,用賀,8,44000000,２ＬＤＫ,50,1981年,ＲＣ,,,近隣商業,,,2026年第1四半期,,
中古マンション等,成約価格情報,13112,東京都,世田谷区,瀬田,二子玉川,9,62000000,１ＬＤＫ,55,2006年,ＲＣ,,,１低住専,,,2026年第1四半期,,
中古マンション等,成約価格情報,13112,東京都,世田谷区,世田谷,上町,6,27000000,２ＬＤＫ,55,1989年,ＲＣ,,,近隣商業,,,2026年第1四半期,,
中古マンション等,成約価格情報,13112,東京都,世田谷区,世田谷,世田谷,5,90000000,３ＬＤＫ,75,1997年,ＲＣ,,,１低住専,,,2026年第1四半期,,
中古マンション等,成約価格情報,13112,東京都,世田谷区,世田谷,上町,4,29000000,２ＤＫ,45,1981年,ＲＣ,,,近隣商業,,,2026年第1四半期,,
中古マンション等,成約価格情報,13112,東京都,世田谷区,世田谷,桜新町,15,110000000,３ＬＤＫ,85,2004年,ＲＣ,,,１中住専,,,2026年第1四半期,,
中古マンション等,成約価格情報,13112,東京都,世田谷区,世田谷,世田谷,3,21000000,１ＬＤＫ,40,1977年,ＲＣ,,,近隣商業,,,2026年第1四半期,,
中古マンション等,成約価格情報,13112,東京都,世田谷区,世田谷,世田谷,3,40000000,３ＤＫ,55,1972年,ＳＲＣ,,,１種住居,,,2026年第1四半期,,
中古マンション等,成約価格情報,13112,東京都,世田谷区,世田谷,上町,8,50000000,２ＬＤＫ,50,2004年,ＲＣ,,,近隣商業,,,2026年第1四半期,改装済み,
中古マンション等,成約価格情報,13112,東京都,世田谷区,世田谷,上町,8,63000000,２ＬＤＫ,55,1985年,ＲＣ,,,近隣商業,,,2026年第1四半期,,
中古マンション等,成約価格情報,13112,東京都,世田谷区,世田谷,上町,2,32000000,１ＬＤＫ,40,1997年,ＲＣ,,,１低住専,,,2026年第1四半期,,
中古マンション等,成約価格情報,13112,東京都,世田谷区,世田谷,上町,3,19000000,１Ｋ,30,1970年,ＳＲＣ,,,近隣商業,,,2026年第1四半期,,
中古マンション等,成約価格情報,13112,東京都,世田谷区,玉川台,用賀,2,68000000,３ＬＤＫ,60,2002年,ＲＣ,,,１種住居,,,2026年第1四半期,,
中古マンション等,成約価格情報,13112,東京都,世田谷区,玉川台,用賀,6,110000000,３ＬＤＫ＋Ｓ,100,1978年,ＲＣ,,,近隣商業,,,2026年第1四半期,改装済み,
中古マンション等,成約価格情報,13112,東京都,世田谷区,玉川台,用賀,6,45000000,２ＤＫ,45,1984年,ＲＣ,,,２低住専,,,2026年第1四半期,改装済み,
中古マンション等,成約価格情報,13112,東京都,世田谷区,玉川台,用賀,7,60000000,１ＬＤＫ,50,2007年,ＲＣ,,,２種住居,,,2026年第1四半期,,
中古マンション等,成約価格情報,13112,東京都,世田谷区,玉川台,用賀,6,27000000,１Ｋ,30,2014年,ＲＣ,,,近隣商業,,,2026年第1四半期,,
中古マンション等,成約価格情報,13112,東京都,世田谷区,玉川台,用賀,9,84000000,３ＬＤＫ,65,2004年,ＲＣ,,,１種住居,,,2026年第1四半期,,
中古マンション等,成約価格情報,13112,東京都,世田谷区,玉堤,尾山台,18,85000000,３ＬＤＫ,80,2021年,ＲＣ,,,１中住専,,,2026年第1四半期,,
中古マンション等,成約価格情報,13112,東京都,世田谷区,玉堤,尾山台,14,63000000,２ＬＤＫ,80,2008年,ＲＣ,,,１中住専,,,2026年第1四半期,,
中古マンション等,成約価格情報,13112,東京都,世田谷区,玉堤,等々力,14,50000000,３ＬＤＫ,65,1995年,ＲＣ,,,１種住居,,,2026年第1四半期,,
中古マンション等,成約価格情報,13112,東京都,世田谷区,弦巻,桜新町,9,130000000,２ＬＤＫ＋Ｓ,75,2019年,ＲＣ,,,１中住専,,,2026年第1四半期,,
中古マンション等,成約価格情報,13112,東京都,世田谷区,弦巻,桜新町,12,160000000,３ＬＤＫ,85,2000年,ＲＣ,,,１中住専,,,2026年第1四半期,,
中古マンション等,成約価格情報,13112,東京都,世田谷区,弦巻,桜新町,14,60000000,１ＬＤＫ,60,1997年,ＲＣ,,,近隣商業,,,2026年第1四半期,改装済み,
中古マンション等,成約価格情報,13112,東京都,世田谷区,弦巻,桜新町,7,80000000,２ＬＤＫ,50,2018年,ＲＣ,,,１中住専,,,2026年第1四半期,,
中古マンション等,成約価格情報,13112,東京都,世田谷区,弦巻,駒沢大学,12,35000000,１ＬＤＫ,45,1977年,ＲＣ,,,２中住専,,,2026年第1四半期,,
中古マンション等,成約価格情報,13112,東京都,世田谷区,弦巻,桜新町,8,88000000,３ＬＤＫ,65,1984年,ＲＣ,,,準工業,,,2026年第1四半期,,
中古マンション等,成約価格情報,13112,東京都,世田谷区,弦巻,桜新町,5,110000000,２ＬＤＫ,90,2001年,ＲＣ,,,１低住専,,,2026年第1四半期,,
中古マンション等,成約価格情報,13112,東京都,世田谷区,弦巻,桜新町,8,130000000,３ＬＤＫ,75,2018年,ＲＣ,,,１中住専,,,2026年第1四半期,,
中古マンション等,成約価格情報,13112,東京都,世田谷区,弦巻,駒沢大学,12,45000000,１ＬＤＫ,45,2005年,ＲＣ,,,２中住専,,,2026年第1四半期,,
中古マンション等,成約価格情報,13112,東京都,世田谷区,弦巻,桜新町,14,100000000,３ＬＤＫ,70,2017年,ＲＣ,,,近隣商業,,,2026年第1四半期,,
中古マンション等,成約価格情報,13112,東京都,世田谷区,弦巻,桜新町,9,170000000,３ＬＤＫ,110,1995年,ＳＲＣ,,,１中住専,,,2026年第1四半期,,
中古マンション等,成約価格情報,13112,東京都,世田谷区,弦巻,桜新町,10,57000000,１ＬＤＫ,55,1974年,ＲＣ,,,１中住専,,,2026年第1四半期,,
中古マンション等,成約価格情報,13112,東京都,世田谷区,弦巻,桜新町,7,19000000,１ＬＤＫ＋Ｓ,45,1969年,鉄骨造,,,１中住専,,,2026年第1四半期,,
中古マンション等,成約価格情報,13112,東京都,世田谷区,弦巻,桜新町,8,40000000,２ＬＤＫ,45,1983年,ＲＣ,,,準工業,,,2026年第1四半期,,
中古マンション等,成約価格情報,13112,東京都,世田谷区,弦巻,松陰神社前,6,180000000,３ＬＤＫ,100,2000年,ＲＣ,,,２低住専,,,2026年第1四半期,,
中古マンション等,成約価格情報,13112,東京都,世田谷区,弦巻,桜新町,8,80000000,２ＬＤＫ,60,1995年,ＲＣ,,,１低住専,,,2026年第1四半期,,
中古マンション等,成約価格情報,13112,東京都,世田谷区,弦巻,上町,9,80000000,３ＬＤＫ,70,1979年,ＲＣ,,,１中住専,,,2026年第1四半期,改装済み,
中古マンション等,成約価格情報,13112,東京都,世田谷区,弦巻,桜新町,13,110000000,３ＬＤＫ,70,2012年,ＲＣ,,,１中住専,,,2026年第1四半期,,
中古マンション等,成約価格情報,13112,東京都,世田谷区,三宿,三軒茶屋,7,85000000,２ＬＤＫ,60,1996年,ＳＲＣ,,,商業,,,2026年第1四半期,改装済み,
中古マンション等,成約価格情報,13112,東京都,世田谷区,三宿,池尻大橋,12,55000000,２ＬＤＫ,45,1986年,ＲＣ,,,近隣商業,,,2026年第1四半期,,
中古マンション等,成約価格情報,13112,東京都,世田谷区,三宿,池尻大橋,14,58000000,１ＬＤＫ,40,1994年,ＲＣ,,,２種住居,,,2026年第1四半期,,
中古マンション等,成約価格情報,13112,東京都,世田谷区,三宿,池ノ上,12,70000000,２ＬＤＫ,60,1994年,ＲＣ,,,１中住専,,,2026年第1四半期,,
中古マンション等,成約価格情報,13112,東京都,世田谷区,三宿,池尻大橋,12,82000000,１ＬＤＫ＋Ｓ,70,2018年,ＲＣ,,,１中住専,,,2026年第1四半期,,
中古マンション等,成約価格情報,13112,東京都,世田谷区,若林,若林(東京),3,60000000,２ＬＤＫ,65,1983年,ＲＣ,,,１中住専,,,2026年第1四半期,,
中古マンション等,成約価格情報,13112,東京都,世田谷区,若林,松陰神社前,4,110000000,２ＬＤＫ,65,2023年,ＲＣ,,,１中住専,,,2026年第1四半期,,
中古マンション等,成約価格情報,13112,東京都,世田谷区,若林,三軒茶屋,11,62000000,１Ｋ,40,2023年,ＲＣ,,,１種住居,,,2026年第1四半期,,
中古マンション等,成約価格情報,13112,東京都,世田谷区,若林,三軒茶屋,8,21000000,１Ｋ,25,2005年,ＲＣ,,,商業,,,2026年第1四半期,,
中古マンション等,成約価格情報,13112,東京都,世田谷区,若林,若林(東京),3,130000000,３ＬＤＫ,70,2011年,ＲＣ,,,近隣商業,,,2026年第1四半期,,
中古マンション等,成約価格情報,13112,東京都,世田谷区,若林,若林(東京),2,25000000,１ＬＤＫ,30,1991年,ＲＣ,,,近隣商業,,,2026年第1四半期,,
中古マンション等,成約価格情報,13112,東京都,世田谷区,若林,西太子堂,3,85000000,２ＬＤＫ,55,2000年,ＳＲＣ,,,商業,,,2026年第1四半期,,
中古マンション等,成約価格情報,13112,東京都,世田谷区,若林,若林(東京),4,100000000,１ＬＤＫ＋Ｓ,65,2022年,ＲＣ,,,１中住専,,,2026年第1四半期,,
中古マンション等,成約価格情報,13112,東京都,世田谷区,若林,若林(東京),3,110000000,２ＬＤＫ,65,2011年,ＲＣ,,,近隣商業,,,2026年第1四半期,,
中古マンション等,成約価格情報,13112,東京都,世田谷区,若林,若林(東京),4,120000000,３ＬＤＫ,125,1988年,ＲＣ,,,１中住専,,,2026年第1四半期,,
中古マンション等,不動産取引価格情報,13112,東京都,世田谷区,池尻,池尻大橋,0,45000000,１ＬＤＫ,45,1969年,ＳＲＣ,住宅,住宅,商業,80,500,2026年第1四半期,改装済み,
中古マンション等,不動産取引価格情報,13112,東京都,世田谷区,粕谷,八幡山,13,70000000,２ＬＤＫ,65,2004年,ＲＣ,住宅,住宅,２種住居,60,300,2026年第1四半期,未改装,
中古マンション等,不動産取引価格情報,13112,東京都,世田谷区,上馬,駒沢大学,8,44000000,２ＬＤＫ,55,1969年,ＳＲＣ,住宅,その他,商業,80,500,2026年第1四半期,,
中古マンション等,不動産取引価格情報,13112,東京都,世田谷区,上北沢,上北沢,4,46000000,２ＤＫ,45,2002年,ＲＣ,住宅,住宅,近隣商業,80,300,2026年第1四半期,改装済み,
中古マンション等,不動産取引価格情報,13112,東京都,世田谷区,上北沢,八幡山,4,42000000,２ＬＤＫ,40,1984年,ＳＲＣ,住宅,住宅,近隣商業,80,300,2026年第1四半期,改装済み,
中古マンション等,不動産取引価格情報,13112,東京都,世田谷区,上用賀,用賀,15,50000000,１ＬＤＫ,45,2012年,ＲＣ,住宅,住宅,準住居,60,300,2026年第1四半期,未改装,
中古マンション等,不動産取引価格情報,13112,東京都,世田谷区,北烏山,千歳烏山,15,6000000,１Ｋ,15,1987年,ＲＣ,,住宅,２中住専,60,200,2026年第1四半期,未改装,
中古マンション等,不動産取引価格情報,13112,東京都,世田谷区,経堂,経堂,9,28000000,１Ｋ,30,2003年,ＲＣ,住宅,住宅,１中住専,60,200,2026年第1四半期,未改装,
中古マンション等,不動産取引価格情報,13112,東京都,世田谷区,駒沢,駒沢大学,9,33000000,１Ｋ,25,2012年,ＲＣ,住宅,住宅,商業,80,500,2026年第1四半期,,
中古マンション等,不動産取引価格情報,13112,東京都,世田谷区,桜,経堂,10,8400000,１Ｋ,15,1991年,ＲＣ,住宅,住宅,１低住専,60,150,2026年第1四半期,未改装,
中古マンション等,不動産取引価格情報,13112,東京都,世田谷区,桜丘,千歳船橋,3,58000000,２ＬＤＫ,50,2000年,ＲＣ,住宅,住宅,近隣商業,80,300,2026年第1四半期,未改装,
中古マンション等,不動産取引価格情報,13112,東京都,世田谷区,太子堂,池尻大橋,9,100000000,２ＬＤＫ,55,2006年,ＲＣ,住宅,住宅,１中住専,60,200,2026年第1四半期,未改装,
中古マンション等,不動産取引価格情報,13112,東京都,世田谷区,代田,梅ケ丘,8,110000000,２ＬＤＫ,55,2021年,ＲＣ,住宅,住宅,１低住専,60,150,2026年第1四半期,未改装,
中古マンション等,不動産取引価格情報,13112,東京都,世田谷区,代田,世田谷代田,4,29000000,１ＬＤＫ,50,1986年,ＲＣ,住宅,住宅,１低住専,60,150,2026年第1四半期,未改装,調停・競売等
中古マンション等,不動産取引価格情報,13112,東京都,世田谷区,玉川台,用賀,2,68000000,３ＬＤＫ,55,2002年,ＲＣ,住宅,住宅,２低住専,60,150,2026年第1四半期,改装済み,
中古マンション等,不動産取引価格情報,13112,東京都,世田谷区,弦巻,桜新町,10,140000000,３ＬＤＫ,75,2016年,ＲＣ,,住宅,１中住専,60,200,2026年第1四半期,未改装,
中古マンション等,不動産取引価格情報,13112,東京都,世田谷区,中町,上野毛,7,140000000,２ＬＤＫ,80,2005年,ＲＣ,住宅,住宅,１中住専,60,150,2026年第1四半期,未改装,
中古マンション等,不動産取引価格情報,13112,東京都,世田谷区,八幡山,八幡山,14,41000000,２ＬＤＫ,50,1985年,ＲＣ,住宅,住宅,２種住居,60,300,2026年第1四半期,改装済み,
中古マンション等,不動産取引価格情報,13112,東京都,世田谷区,深沢,駒沢大学,16,130000000,３ＬＤＫ,65,2000年,ＲＣ,住宅,住宅,１中住専,60,200,2026年第1四半期,改装済み,
中古マンション等,不動産取引価格情報,13112,東京都,世田谷区,船橋,千歳船橋,15,60000000,２ＬＤＫ,50,2012年,ＲＣ,住宅,住宅,１中住専,60,200,2026年第1四半期,改装済み,
中古マンション等,不動産取引価格情報,13112,東京都,世田谷区,松原,明大前,8,14000000,１Ｋ,15,1985年,ＲＣ,住宅,住宅,１中住専,60,200,2026年第1四半期,,
中古マンション等,不動産取引価格情報,13112,東京都,世田谷区,用賀,桜新町,11,22000000,１ＤＫ,20,1999年,ＲＣ,住宅,住宅,準住居,60,300,2026年第1四半期,,
中古マンション等,不動産取引価格情報,13112,東京都,世田谷区,若林,三軒茶屋,9,32000000,１Ｋ,25,2017年,ＲＣ,住宅,,１種住居,60,200,2026年第1四半期,,
中古マンション等,成約価格情報,13113,東京都,渋谷区,大山町,代々木上原,10,270000000,３ＬＤＫ,90,2015年,ＲＣ,,,２低住専,,,2026年第1四半期,,
中古マンション等,成約価格情報,13113,東京都,渋谷区,大山町,代々木上原,5,130000000,１ＬＤＫ＋Ｓ,60,2019年,ＲＣ,,,２中住専,,,2026年第1四半期,,
中古マンション等,成約価格情報,13113,東京都,渋谷区,大山町,東北沢,4,190000000,３ＬＤＫ＋Ｓ,140,1991年,ＲＣ,,,１低住専,,,2026年第1四半期,,
中古マンション等,成約価格情報,13113,東京都,渋谷区,神宮前,外苑前,7,160000000,２ＬＤＫ,100,1979年,ＲＣ,,,商業,,,2026年第1四半期,,
中古マンション等,成約価格情報,13113,東京都,渋谷区,神宮前,明治神宮前,3,1100000000,２ＬＤＫ,145,2024年,ＲＣ,,,２中住専,,,2026年第1四半期,,
中古マンション等,成約価格情報,13113,東京都,渋谷区,神宮前,明治神宮前,6,250000000,１ＬＤＫ,110,2009年,ＲＣ,,,２中住専,,,2026年第1四半期,,
中古マンション等,成約価格情報,13113,東京都,渋谷区,神宮前,明治神宮前,8,170000000,１ＬＤＫ,80,1972年,ＳＲＣ,,,近隣商業,,,2026年第1四半期,,
中古マンション等,成約価格情報,13113,東京都,渋谷区,神宮前,原宿,3,670000000,２ＬＤＫ,135,2008年,ＲＣ,,,２中住専,,,2026年第1四半期,,
中古マンション等,成約価格情報,13113,東京都,渋谷区,神宮前,渋谷,7,510000000,２ＬＤＫ,160,2002年,ＲＣ,,,１中住専,,,2026年第1四半期,,
中古マンション等,成約価格情報,13113,東京都,渋谷区,神宮前,原宿,6,41000000,１ＬＤＫ,40,2009年,ＲＣ,,,２中住専,,,2026年第1四半期,,
中古マンション等,成約価格情報,13113,東京都,渋谷区,神宮前,明治神宮前,1,93000000,１Ｋ,30,1965年,ＳＲＣ,,,商業,,,2026年第1四半期,,
中古マンション等,成約価格情報,13113,東京都,渋谷区,神宮前,原宿,6,61000000,１ＬＤＫ,50,2009年,ＲＣ,,,２中住専,,,2026年第1四半期,,
中古マンション等,成約価格情報,13113,東京都,渋谷区,神宮前,北参道,7,160000000,２ＬＤＫ,60,2007年,ＲＣ,,,２種住居,,,2026年第1四半期,,
中古マンション等,成約価格情報,13113,東京都,渋谷区,神宮前,外苑前,7,60000000,１ＬＤＫ,45,1967年,ＲＣ,,,近隣商業,,,2026年第1四半期,,
中古マンション等,成約価格情報,13113,東京都,渋谷区,神宮前,外苑前,5,240000000,１ＬＤＫ＋Ｓ,90,2013年,ＳＲＣ,,,１中住専,,,2026年第1四半期,,
中古マンション等,成約価格情報,13113,東京都,渋谷区,神宮前,外苑前,9,230000000,２ＬＤＫ,60,2020年,ＲＣ,,,１中住専,,,2026年第1四半期,,
中古マンション等,成約価格情報,13113,東京都,渋谷区,代官山町,代官山,5,90000000,１ＬＤＫ,45,2018年,ＲＣ,,,１種住居,,,2026年第1四半期,,
中古マンション等,成約価格情報,13113,東京都,渋谷区,代官山町,渋谷,10,200000000,２ＬＤＫ,125,1971年,ＳＲＣ,,,１種住居,,,2026年第1四半期,,
中古マンション等,成約価格情報,13113,東京都,渋谷区,道玄坂,渋谷,7,27000000,１Ｋ,25,1979年,ＳＲＣ,,,商業,,,2026年第1四半期,,
中古マンション等,成約価格情報,13113,東京都,渋谷区,道玄坂,渋谷,6,39000000,１Ｒ,25,1974年,ＲＣ,,,商業,,,2026年第1四半期,,
中古マンション等,成約価格情報,13113,東京都,渋谷区,道玄坂,渋谷,7,22000000,１Ｋ,25,1979年,ＳＲＣ,,,商業,,,2026年第1四半期,,
中古マンション等,成約価格情報,13113,東京都,渋谷区,西原,代々木上原,4,500000000,４ＬＤＫ＋Ｓ,245,1986年,ＲＣ,,,１低住専,,,2026年第1四半期,,
中古マンション等,成約価格情報,13113,東京都,渋谷区,西原,幡ケ谷,6,47000000,１ＬＤＫ,30,1995年,ＲＣ,,,１種住居,,,2026年第1四半期,,
中古マンション等,成約価格情報,13113,東京都,渋谷区,西原,代々木上原,3,11000000,１Ｒ,20,1985年,ＲＣ,,,１低住専,,,2026年第1四半期,,
中古マンション等,成約価格情報,13113,東京都,渋谷区,幡ケ谷,幡ケ谷,4,21000000,１Ｋ,25,2005年,ＲＣ,,,商業,,,2026年第1四半期,,
中古マンション等,成約価格情報,13113,東京都,渋谷区,幡ケ谷,幡ケ谷,6,70000000,３ＬＤＫ,80,1991年,ＲＣ,,,１種住居,,,2026年第1四半期,,
中古マンション等,成約価格情報,13113,東京都,渋谷区,幡ケ谷,幡ケ谷,8,130000000,３ＬＤＫ,105,1998年,ＳＲＣ,,,１種住居,,,2026年第1四半期,,
中古マンション等,成約価格情報,13113,東京都,渋谷区,幡ケ谷,幡ケ谷,9,170000000,３ＬＤＫ,130,1993年,ＲＣ,,,１種住居,,,2026年第1四半期,,
中古マンション等,成約価格情報,13113,東京都,渋谷区,幡ケ谷,笹塚,10,120000000,２ＬＤＫ,90,1998年,ＲＣ,,,２種住居,,,2026年第1四半期,,
中古マンション等,成約価格情報,13113,東京都,渋谷区,幡ケ谷,笹塚,10,87000000,２ＬＤＫ,70,1993年,ＲＣ,,,１種住居,,,2026年第1四半期,,
中古マンション等,成約価格情報,13113,東京都,渋谷区,幡ケ谷,幡ケ谷,1,31000000,１Ｋ,25,2013年,ＲＣ,,,商業,,,2026年第1四半期,,
中古マンション等,成約価格情報,13113,東京都,渋谷区,幡ケ谷,幡ケ谷,6,54000000,３ＬＤＫ,65,1986年,ＲＣ,,,準工業,,,2026年第1四半期,,
中古マンション等,成約価格情報,13113,東京都,渋谷区,幡ケ谷,幡ケ谷,7,76000000,１ＬＤＫ,50,1998年,ＳＲＣ,,,１種住居,,,2026年第1四半期,,
中古マンション等,成約価格情報,13113,東京都,渋谷区,幡ケ谷,幡ケ谷,7,25000000,２Ｋ,35,1989年,ＲＣ,,,１種住居,,,2026年第1四半期,,
中古マンション等,成約価格情報,13113,東京都,渋谷区,幡ケ谷,幡ケ谷,1,37000000,１ＤＫ,35,1972年,ＳＲＣ,,,商業,,,2026年第1四半期,,
中古マンション等,成約価格情報,13113,東京都,渋谷区,幡ケ谷,幡ケ谷,5,75000000,２ＬＤＫ,60,1995年,ＲＣ,,,準工業,,,2026年第1四半期,改装済み,
中古マンション等,成約価格情報,13113,東京都,渋谷区,幡ケ谷,幡ケ谷,5,83000000,２ＬＤＫ,70,1995年,ＲＣ,,,準工業,,,2026年第1四半期,,
中古マンション等,成約価格情報,13113,東京都,渋谷区,幡ケ谷,幡ケ谷,4,48000000,１ＬＤＫ＋Ｓ,50,1978年,ＳＲＣ,,,商業,,,2026年第1四半期,,
中古マンション等,成約価格情報,13113,東京都,渋谷区,幡ケ谷,幡ケ谷,3,95000000,２ＬＤＫ,80,2001年,ＲＣ,,,準工業,,,2026年第1四半期,,
中古マンション等,成約価格情報,13113,東京都,渋谷区,幡ケ谷,幡ケ谷,4,13000000,１Ｒ,20,1975年,ＳＲＣ,,,商業,,,2026年第1四半期,,
中古マンション等,成約価格情報,13113,東京都,渋谷区,東,表参道,13,190000000,２ＬＤＫ,80,2017年,ＲＣ,,,２中住専,,,2026年第1四半期,,
中古マンション等,成約価格情報,13113,東京都,渋谷区,東,渋谷,7,22000000,１Ｒ,20,1983年,ＳＲＣ,,,準工業,,,2026年第1四半期,,
中古マンション等,成約価格情報,13113,東京都,渋谷区,東,渋谷,8,84000000,２ＬＤＫ,65,1978年,ＳＲＣ,,,商業,,,2026年第1四半期,,
中古マンション等,成約価格情報,13113,東京都,渋谷区,東,恵比寿,7,20000000,１Ｒ,25,1980年,ＲＣ,,,準工業,,,2026年第1四半期,改装済み,
中古マンション等,成約価格情報,13113,東京都,渋谷区,東,表参道,12,110000000,２ＬＤＫ,55,2013年,ＲＣ,,,２中住専,,,2026年第1四半期,,
中古マンション等,成約価格情報,13113,東京都,渋谷区,広尾,広尾,3,120000000,１ＬＤＫ,60,2013年,ＲＣ,,,１種住居,,,2026年第1四半期,,
中古マンション等,成約価格情報,13113,東京都,渋谷区,広尾,広尾,9,200000000,４ＬＤＫ,165,1970年,ＳＲＣ,,,１種住居,,,2026年第1四半期,,
中古マンション等,成約価格情報,13113,東京都,渋谷区,広尾,広尾,4,850000000,３ＬＤＫ,130,1986年,ＳＲＣ,,,２中住専,,,2026年第1四半期,改装済み,
中古マンション等,成約価格情報,13113,東京都,渋谷区,広尾,恵比寿,9,59000000,１Ｒ,40,1985年,ＳＲＣ,,,商業,,,2026年第1四半期,,
中古マンション等,成約価格情報,13113,東京都,渋谷区,広尾,広尾,3,170000000,１ＬＤＫ,85,2014年,ＲＣ,,,１種住居,,,2026年第1四半期,,
中古マンション等,成約価格情報,13113,東京都,渋谷区,広尾,広尾,5,280000000,３ＬＤＫ,90,1985年,ＳＲＣ,,,２中住専,,,2026年第1四半期,,
中古マンション等,成約価格情報,13113,東京都,渋谷区,広尾,恵比寿,9,120000000,２ＬＤＫ,90,1970年,ＳＲＣ,,,１種住居,,,2026年第1四半期,,
中古マンション等,成約価格情報,13113,東京都,渋谷区,広尾,広尾,14,340000000,４ＬＤＫ,105,2014年,ＲＣ,,,１低住専,,,2026年第1四半期,,
中古マンション等,成約価格情報,13113,東京都,渋谷区,広尾,広尾,4,730000000,３ＬＤＫ,125,2023年,ＲＣ,,,１種住居,,,2026年第1四半期,,
中古マンション等,成約価格情報,13113,東京都,渋谷区,広尾,恵比寿,7,150000000,２ＬＤＫ＋Ｓ,85,1987年,ＳＲＣ,,,商業,,,2026年第1四半期,,
中古マンション等,成約価格情報,13113,東京都,渋谷区,広尾,広尾,11,340000000,３ＬＤＫ,105,2008年,ＲＣ,,,２中住専,,,2026年第1四半期,,
中古マンション等,成約価格情報,13113,東京都,渋谷区,広尾,広尾,9,170000000,２ＬＤＫ,75,2013年,ＲＣ,,,２中住専,,,2026年第1四半期,,
中古マンション等,成約価格情報,13113,東京都,渋谷区,広尾,広尾,2,66000000,２Ｋ,40,1982年,ＳＲＣ,,,商業,,,2026年第1四半期,,
中古マンション等,成約価格情報,13113,東京都,渋谷区,広尾,六本木,23,790000000,４ＬＤＫ,170,1984年,ＳＲＣ,,,２中住専,,,2026年第1四半期,,
中古マンション等,成約価格情報,13113,東京都,渋谷区,広尾,広尾,14,260000000,３ＬＤＫ,100,2014年,ＲＣ,,,商業,,,2026年第1四半期,,
中古マンション等,成約価格情報,13113,東京都,渋谷区,元代々木町,代々木八幡,6,140000000,２ＬＤＫ＋Ｓ,95,2001年,ＲＣ,,,１低住専,,,2026年第1四半期,,
中古マンション等,成約価格情報,13113,東京都,渋谷区,元代々木町,代々木上原,6,120000000,１ＬＤＫ,65,2020年,ＲＣ,,,１低住専,,,2026年第1四半期,,
中古マンション等,成約価格情報,13113,東京都,渋谷区,元代々木町,代々木八幡,7,87000000,３ＬＤＫ,65,1978年,ＲＣ,,,１低住専,,,2026年第1四半期,,
中古マンション等,成約価格情報,13113,東京都,渋谷区,元代々木町,代々木八幡,5,140000000,２ＬＤＫ,60,2023年,ＲＣ,,,１低住専,,,2026年第1四半期,,
中古マンション等,成約価格情報,13113,東京都,渋谷区,元代々木町,代々木上原,4,150000000,１ＬＤＫ,65,2020年,ＲＣ,,,１種住居,,,2026年第1四半期,,
中古マンション等,成約価格情報,13113,東京都,渋谷区,元代々木町,代々木八幡,3,50000000,２ＤＫ,45,1979年,ＲＣ,,,１種住居,,,2026年第1四半期,,
中古マンション等,成約価格情報,13113,東京都,渋谷区,宇田川町,渋谷,8,590000000,３ＬＤＫ,150,2020年,ＲＣ,,,商業,,,2026年第1四半期,,
中古マンション等,成約価格情報,13113,東京都,渋谷区,宇田川町,渋谷,6,88000000,１ＬＤＫ,55,1973年,ＳＲＣ,,,商業,,,2026年第1四半期,,
中古マンション等,成約価格情報,13113,東京都,渋谷区,円山町,渋谷,6,30000000,１Ｒ,25,1983年,ＲＣ,,,商業,,,2026年第1四半期,,
中古マンション等,成約価格情報,13113,東京都,渋谷区,円山町,神泉,3,170000000,２ＬＤＫ,100,1988年,ＲＣ,,,商業,,,2026年第1四半期,,
中古マンション等,成約価格情報,13113,東京都,渋谷区,上原,代々木上原,4,65000000,１ＬＤＫ,40,1997年,ＲＣ,,,近隣商業,,,2026年第1四半期,,
中古マンション等,成約価格情報,13113,東京都,渋谷区,上原,代々木上原,4,170000000,２ＬＤＫ,90,2011年,ＲＣ,,,１低住専,,,2026年第1四半期,,
中古マンション等,成約価格情報,13113,東京都,渋谷区,上原,代々木上原,2,65000000,１ＬＤＫ,50,1971年,ＲＣ,,,近隣商業,,,2026年第1四半期,,
中古マンション等,成約価格情報,13113,東京都,渋谷区,上原,代々木上原,6,38000000,２ＤＫ,40,1979年,ＲＣ,,,近隣商業,,,2026年第1四半期,,
中古マンション等,成約価格情報,13113,東京都,渋谷区,鶯谷町,渋谷,7,36000000,１Ｒ,35,1971年,ＳＲＣ,,,２中住専,,,2026年第1四半期,,
中古マンション等,成約価格情報,13113,東京都,渋谷区,鶯谷町,渋谷,7,220000000,１ＬＤＫ,60,2011年,ＲＣ,,,２低住専,,,2026年第1四半期,,
中古マンション等,成約価格情報,13113,東京都,渋谷区,恵比寿西,代官山,2,190000000,２ＬＤＫ,65,2013年,ＲＣ,,,商業,,,2026年第1四半期,,
中古マンション等,成約価格情報,13113,東京都,渋谷区,恵比寿西,恵比寿,3,42000000,１Ｋ,25,2002年,ＳＲＣ,,,２中住専,,,2026年第1四半期,,
中古マンション等,成約価格情報,13113,東京都,渋谷区,恵比寿西,代官山,1,210000000,２ＬＤＫ,75,1997年,ＲＣ,,,２中住専,,,2026年第1四半期,,
中古マンション等,成約価格情報,13113,東京都,渋谷区,恵比寿西,恵比寿,4,120000000,１ＬＤＫ,55,1981年,ＳＲＣ,,,商業,,,2026年第1四半期,,
中古マンション等,成約価格情報,13113,東京都,渋谷区,恵比寿西,代官山,3,32000000,１Ｒ,25,1984年,ＳＲＣ,,,商業,,,2026年第1四半期,,
中古マンション等,成約価格情報,13113,東京都,渋谷区,恵比寿西,恵比寿,5,57000000,１Ｋ,35,1994年,ＳＲＣ,,,２種住居,,,2026年第1四半期,,
中古マンション等,成約価格情報,13113,東京都,渋谷区,猿楽町,代官山,5,66000000,１Ｒ,45,1972年,ＳＲＣ,,,２中住専,,,2026年第1四半期,,
中古マンション等,成約価格情報,13113,東京都,渋谷区,猿楽町,代官山,5,120000000,２ＬＤＫ,65,1972年,ＳＲＣ,,,２中住専,,,2026年第1四半期,,
中古マンション等,成約価格情報,13113,東京都,渋谷区,松濤,神泉,7,73000000,３ＤＫ,70,1970年,ＳＲＣ,,,２種住居,,,2026年第1四半期,,
中古マンション等,成約価格情報,13113,東京都,渋谷区,松濤,神泉,10,69000000,１ＬＤＫ,50,1998年,ＲＣ,,,２種住居,,,2026年第1四半期,改装済み,
中古マンション等,成約価格情報,13113,東京都,渋谷区,松濤,神泉,5,79000000,１ＬＤＫ,35,1998年,ＲＣ,,,２中住専,,,2026年第1四半期,改装済み,
中古マンション等,成約価格情報,13113,東京都,渋谷区,松濤,渋谷,12,25000000,１Ｒ,25,1999年,ＳＲＣ,,,２種住居,,,2026年第1四半期,,
中古マンション等,成約価格情報,13113,東京都,渋谷区,松濤,神泉,8,58000000,１ＤＫ,30,2012年,ＲＣ,,,２種住居,,,2026年第1四半期,,
中古マンション等,成約価格情報,13113,東京都,渋谷区,富ケ谷,代々木公園,8,31000000,１Ｋ,25,2005年,ＲＣ,,,２種住居,,,2026年第1四半期,,
中古マンション等,成約価格情報,13113,東京都,渋谷区,富ケ谷,代々木公園,2,290000000,２ＬＤＫ,90,2018年,ＲＣ,,,近隣商業,,,2026年第1四半期,,
中古マンション等,成約価格情報,13113,東京都,渋谷区,富ケ谷,代々木八幡,4,63000000,１ＬＤＫ,45,1968年,ＳＲＣ,,,近隣商業,,,2026年第1四半期,,
中古マンション等,成約価格情報,13113,東京都,渋谷区,富ケ谷,代々木公園,5,250000000,１ＬＤＫ,95,2024年,ＲＣ,,,近隣商業,,,2026年第1四半期,,
中古マンション等,成約価格情報,13113,東京都,渋谷区,富ケ谷,駒場東大前,10,37000000,２Ｋ,30,1996年,ＲＣ,,,近隣商業,,,2026年第1四半期,,
中古マンション等,成約価格情報,13113,東京都,渋谷区,富ケ谷,代々木公園,3,86000000,１ＬＤＫ,40,2000年,ＳＲＣ,,,近隣商業,,,2026年第1四半期,,
中古マンション等,成約価格情報,13113,東京都,渋谷区,富ケ谷,代々木公園,2,200000000,２ＬＤＫ,60,2018年,ＲＣ,,,近隣商業,,,2026年第1四半期,,
中古マンション等,成約価格情報,13113,東京都,渋谷区,富ケ谷,代々木公園,6,17000000,１Ｋ,20,1990年,ＲＣ,,,近隣商業,,,2026年第1四半期,,
中古マンション等,成約価格情報,13113,東京都,渋谷区,富ケ谷,代々木公園,8,32000000,１Ｋ,25,2005年,ＲＣ,,,２種住居,,,2026年第1四半期,,
中古マンション等,成約価格情報,13113,東京都,渋谷区,富ケ谷,代々木公園,2,140000000,２ＬＤＫ,65,1996年,ＲＣ,,,近隣商業,,,2026年第1四半期,,
中古マンション等,成約価格情報,13113,東京都,渋谷区,富ケ谷,代々木公園,8,32000000,１Ｋ,25,2014年,ＲＣ,,,２種住居,,,2026年第1四半期,,
中古マンション等,成約価格情報,13113,東京都,渋谷区,富ケ谷,代々木公園,6,110000000,２ＬＤＫ,50,2005年,ＲＣ,,,２種住居,,,2026年第1四半期,,
中古マンション等,成約価格情報,13113,東京都,渋谷区,富ケ谷,代々木公園,2,300000000,２ＬＤＫ,85,2018年,ＲＣ,,,近隣商業,,,2026年第1四半期,,
中古マンション等,成約価格情報,13113,東京都,渋谷区,富ケ谷,代々木公園,11,25000000,１Ｋ,20,2001年,ＲＣ,,,近隣商業,,,2026年第1四半期,,
中古マンション等,成約価格情報,13113,東京都,渋谷区,本町,幡ケ谷,8,86000000,２ＬＤＫ,65,2000年,ＲＣ,,,近隣商業,,,2026年第1四半期,,
中古マンション等,成約価格情報,13113,東京都,渋谷区,本町,幡ケ谷,8,9800000,１Ｋ,15,1987年,鉄骨造,,,１種住居,,,2026年第1四半期,,
中古マンション等,成約価格情報,13113,東京都,渋谷区,本町,初台,6,22000000,１ＤＫ,35,1984年,ＲＣ,,,１種住居,,,2026年第1四半期,,
中古マンション等,成約価格情報,13113,東京都,渋谷区,本町,西新宿五丁目,4,60000000,１ＤＫ,40,2002年,ＳＲＣ,,,商業,,,2026年第1四半期,,
中古マンション等,成約価格情報,13113,東京都,渋谷区,本町,幡ケ谷,5,60000000,２ＤＫ,45,2010年,ＲＣ,,,１種住居,,,2026年第1四半期,,
中古マンション等,成約価格情報,13113,東京都,渋谷区,本町,西新宿五丁目,6,150000000,３ＬＤＫ,75,2023年,ＲＣ,,,１種住居,,,2026年第1四半期,,
中古マンション等,成約価格情報,13113,東京都,渋谷区,本町,初台,5,94000000,２ＬＤＫ,55,2019年,ＲＣ,,,１種住居,,,2026年第1四半期,,
中古マンション等,成約価格情報,13113,東京都,渋谷区,本町,西新宿五丁目,4,29000000,１Ｋ,25,2004年,ＲＣ,,,商業,,,2026年第1四半期,,
中古マンション等,成約価格情報,13113,東京都,渋谷区,本町,西新宿五丁目,5,40000000,１Ｋ,25,2018年,ＲＣ,,,商業,,,2026年第1四半期,,
中古マンション等,成約価格情報,13113,東京都,渋谷区,本町,西新宿五丁目,8,40000000,１ＬＤＫ,35,2017年,ＲＣ,,,商業,,,2026年第1四半期,,
中古マンション等,成約価格情報,13113,東京都,渋谷区,本町,初台,6,72000000,３ＬＤＫ,65,1980年,ＲＣ,,,商業,,,2026年第1四半期,改装済み,
中古マンション等,成約価格情報,13113,東京都,渋谷区,本町,幡ケ谷,7,45000000,２ＬＤＫ,50,1983年,ＲＣ,,,１種住居,,,2026年第1四半期,,
中古マンション等,成約価格情報,13113,東京都,渋谷区,本町,初台,7,30000000,１Ｋ,20,2012年,ＲＣ,,,１種住居,,,2026年第1四半期,,
中古マンション等,成約価格情報,13113,東京都,渋谷区,本町,西新宿五丁目,7,10000000,１Ｒ,25,1975年,ＳＲＣ,,,商業,,,2026年第1四半期,,
中古マンション等,成約価格情報,13113,東京都,渋谷区,本町,西新宿五丁目,4,90000000,２ＬＤＫ,55,2002年,ＳＲＣ,,,商業,,,2026年第1四半期,改装済み,
中古マンション等,成約価格情報,13113,東京都,渋谷区,本町,西新宿五丁目,11,9500000,１Ｒ,15,1983年,ＲＣ,,,近隣商業,,,2026年第1四半期,,
中古マンション等,成約価格情報,13113,東京都,渋谷区,代々木,初台,3,17000000,１Ｒ,25,1975年,ＳＲＣ,,,商業,,,2026年第1四半期,,
中古マンション等,成約価格情報,13113,東京都,渋谷区,代々木,参宮橋,7,100000000,２ＬＤＫ,90,1974年,ＳＲＣ,,,２中住専,,,2026年第1四半期,,
中古マンション等,成約価格情報,13113,東京都,渋谷区,代々木,初台,4,46000000,１ＤＫ,35,2019年,ＲＣ,,,準住居,,,2026年第1四半期,,
中古マンション等,成約価格情報,13113,東京都,渋谷区,代々木,参宮橋,7,99000000,２ＬＤＫ,90,1974年,ＳＲＣ,,,２中住専,,,2026年第1四半期,,
中古マンション等,成約価格情報,13113,東京都,渋谷区,代々木,代々木公園,2,33000000,１Ｋ,30,2004年,ＲＣ,,,２低住専,,,2026年第1四半期,,
中古マンション等,成約価格情報,13113,東京都,渋谷区,代々木,参宮橋,5,49000000,２ＤＫ,50,1977年,ＲＣ,,,２中住専,,,2026年第1四半期,,
中古マンション等,成約価格情報,13113,東京都,渋谷区,代々木,南新宿,3,140000000,３ＬＤＫ,75,1998年,ＲＣ,,,２中住専,,,2026年第1四半期,,
中古マンション等,成約価格情報,13113,東京都,渋谷区,代々木,参宮橋,9,160000000,３ＬＤＫ,95,1983年,ＲＣ,,,準住居,,,2026年第1四半期,,
中古マンション等,成約価格情報,13113,東京都,渋谷区,代々木,参宮橋,8,95000000,３ＬＤＫ,90,1974年,ＳＲＣ,,,２中住専,,,2026年第1四半期,改装済み,
中古マンション等,成約価格情報,13113,東京都,渋谷区,代々木,参宮橋,6,46000000,２ＤＫ,50,1974年,ＲＣ,,,２中住専,,,2026年第1四半期,,
中古マンション等,成約価格情報,13113,東京都,渋谷区,代々木,参宮橋,5,180000000,３ＬＤＫ,75,2016年,ＲＣ,,,２低住専,,,2026年第1四半期,,
中古マンション等,成約価格情報,13113,東京都,渋谷区,代々木,参宮橋,5,44000000,１ＬＤＫ,50,1970年,ＲＣ,,,２中住専,,,2026年第1四半期,,
中古マンション等,成約価格情報,13113,東京都,渋谷区,代々木,参宮橋,3,210000000,２ＬＤＫ,80,2016年,ＲＣ,,,２低住専,,,2026年第1四半期,,
中古マンション等,成約価格情報,13113,東京都,渋谷区,代々木,代々木八幡,5,180000000,２ＬＤＫ,85,2001年,ＲＣ,,,１種住居,,,2026年第1四半期,,
中古マンション等,成約価格情報,13113,東京都,渋谷区,代々木,新宿,8,25000000,１Ｒ,25,1976年,ＳＲＣ,,,商業,,,2026年第1四半期,,
中古マンション等,成約価格情報,13113,東京都,渋谷区,代々木,新宿,13,140000000,２ＬＤＫ,60,2017年,ＲＣ,,,２中住専,,,2026年第1四半期,,
中古マンション等,成約価格情報,13113,東京都,渋谷区,代々木,代々木,7,25000000,１Ｒ,25,1976年,ＳＲＣ,,,商業,,,2026年第1四半期,,
中古マンション等,成約価格情報,13113,東京都,渋谷区,代々木,代々木公園,4,370000000,３ＬＤＫ,145,1989年,ＲＣ,,,２低住専,,,2026年第1四半期,,
中古マンション等,成約価格情報,13113,東京都,渋谷区,代々木,代々木,3,21000000,１Ｋ,25,1978年,ＲＣ,,,２種住居,,,2026年第1四半期,,
中古マンション等,成約価格情報,13113,東京都,渋谷区,代々木,新宿,3,54000000,１ＬＤＫ,40,1985年,ＲＣ,,,商業,,,2026年第1四半期,,
中古マンション等,成約価格情報,13113,東京都,渋谷区,代々木,代々木八幡,2,73000000,２ＬＤＫ,55,1970年,ＲＣ,,,準住居,,,2026年第1四半期,,
中古マンション等,成約価格情報,13113,東京都,渋谷区,代々木,参宮橋,2,160000000,２ＬＤＫ,55,2021年,ＲＣ,,,２中住専,,,2026年第1四半期,,
中古マンション等,成約価格情報,13113,東京都,渋谷区,代々木,参宮橋,4,90000000,２ＬＤＫ,55,1995年,ＲＣ,,,２中住専,,,2026年第1四半期,,
中古マンション等,成約価格情報,13113,東京都,渋谷区,代々木,代々木,2,140000000,２ＬＤＫ,60,2000年,ＳＲＣ,,,商業,,,2026年第1四半期,,
中古マンション等,成約価格情報,13113,東京都,渋谷区,代々木,代々木,2,63000000,１ＬＤＫ,40,1978年,ＳＲＣ,,,商業,,,2026年第1四半期,,
中古マンション等,成約価格情報,13113,東京都,渋谷区,代々木,参宮橋,7,93000000,１ＬＤＫ,50,2019年,ＲＣ,,,２中住専,,,2026年第1四半期,,
中古マンション等,成約価格情報,13113,東京都,渋谷区,代々木,代々木八幡,5,80000000,２ＬＤＫ,55,1978年,ＳＲＣ,,,準住居,,,2026年第1四半期,,
中古マンション等,成約価格情報,13113,東京都,渋谷区,代々木,代々木,6,94000000,１ＬＤＫ,50,2004年,ＲＣ,,,商業,,,2026年第1四半期,,
中古マンション等,成約価格情報,13113,東京都,渋谷区,恵比寿,恵比寿,7,260000000,２ＬＤＫ,70,2019年,ＲＣ,,,近隣商業,,,2026年第1四半期,,
中古マンション等,成約価格情報,13113,東京都,渋谷区,恵比寿,広尾,9,63000000,１ＤＫ,35,2001年,ＲＣ,,,準工業,,,2026年第1四半期,,
中古マンション等,成約価格情報,13113,東京都,渋谷区,恵比寿,恵比寿,2,37000000,１Ｒ,25,2003年,ＳＲＣ,,,商業,,,2026年第1四半期,,
中古マンション等,成約価格情報,13113,東京都,渋谷区,恵比寿,恵比寿,2,31000000,１Ｋ,25,1997年,ＲＣ,,,商業,,,2026年第1四半期,,
中古マンション等,成約価格情報,13113,東京都,渋谷区,恵比寿,広尾,9,50000000,１ＬＤＫ,35,2001年,ＲＣ,,,準工業,,,2026年第1四半期,,
中古マンション等,成約価格情報,13113,東京都,渋谷区,恵比寿,広尾,10,66000000,１ＬＤＫ,35,1998年,ＳＲＣ,,,近隣商業,,,2026年第1四半期,,
中古マンション等,成約価格情報,13113,東京都,渋谷区,恵比寿,恵比寿,7,280000000,２ＬＤＫ,80,2019年,ＲＣ,,,近隣商業,,,2026年第1四半期,,
中古マンション等,成約価格情報,13113,東京都,渋谷区,恵比寿,恵比寿,5,260000000,３ＬＤＫ,90,1999年,ＲＣ,,,近隣商業,,,2026年第1四半期,,
中古マンション等,成約価格情報,13113,東京都,渋谷区,恵比寿,広尾,9,54000000,１Ｒ,35,2009年,ＳＲＣ,,,２種住居,,,2026年第1四半期,,
中古マンション等,成約価格情報,13113,東京都,渋谷区,恵比寿,広尾,9,110000000,２ＬＤＫ,60,1998年,ＳＲＣ,,,近隣商業,,,2026年第1四半期,,
中古マンション等,成約価格情報,13113,東京都,渋谷区,恵比寿,恵比寿,5,41000000,２ＬＤＫ,55,1979年,ＲＣ,,,商業,,,2026年第1四半期,,
中古マンション等,成約価格情報,13113,東京都,渋谷区,恵比寿,広尾,10,110000000,１ＬＤＫ,65,1989年,ＲＣ,,,２種住居,,,2026年第1四半期,改装済み,
中古マンション等,成約価格情報,13113,東京都,渋谷区,恵比寿,恵比寿,9,23000000,１Ｒ,20,1996年,ＲＣ,,,準工業,,,2026年第1四半期,,
中古マンション等,成約価格情報,13113,東京都,渋谷区,恵比寿,恵比寿,13,120000000,２ＬＤＫ＋Ｓ,90,1999年,ＲＣ,,,１種住居,,,2026年第1四半期,,
中古マンション等,成約価格情報,13113,東京都,渋谷区,恵比寿,恵比寿,6,110000000,２ＬＤＫ,55,2003年,ＳＲＣ,,,近隣商業,,,2026年第1四半期,,
中古マンション等,成約価格情報,13113,東京都,渋谷区,恵比寿,恵比寿,9,110000000,２ＬＤＫ,65,2002年,ＳＲＣ,,,準工業,,,2026年第1四半期,,
中古マンション等,成約価格情報,13113,東京都,渋谷区,恵比寿,恵比寿,9,140000000,１ＬＤＫ＋Ｓ,70,1998年,ＳＲＣ,,,近隣商業,,,2026年第1四半期,,
中古マンション等,成約価格情報,13113,東京都,渋谷区,恵比寿,恵比寿,8,290000000,２ＬＤＫ,70,2019年,ＲＣ,,,近隣商業,,,2026年第1四半期,,
中古マンション等,成約価格情報,13113,東京都,渋谷区,恵比寿南,恵比寿,3,110000000,１ＬＤＫ,40,2011年,ＲＣ,,,商業,,,2026年第1四半期,,
中古マンション等,成約価格情報,13113,東京都,渋谷区,恵比寿南,恵比寿,7,130000000,１ＬＤＫ,50,2000年,ＳＲＣ,,,１種住居,,,2026年第1四半期,,
中古マンション等,成約価格情報,13113,東京都,渋谷区,恵比寿南,恵比寿,8,150000000,１ＬＤＫ,60,2016年,ＲＣ,,,２中住専,,,2026年第1四半期,,
中古マンション等,成約価格情報,13113,東京都,渋谷区,恵比寿南,恵比寿,3,250000000,２ＬＤＫ,65,2020年,ＲＣ,,,１種住居,,,2026年第1四半期,,
中古マンション等,成約価格情報,13113,東京都,渋谷区,恵比寿南,恵比寿,3,110000000,１ＬＤＫ,40,2011年,ＲＣ,,,商業,,,2026年第1四半期,,
中古マンション等,成約価格情報,13113,東京都,渋谷区,恵比寿南,恵比寿,5,270000000,３ＬＤＫ,80,2005年,ＲＣ,,,２中住専,,,2026年第1四半期,,
中古マンション等,成約価格情報,13113,東京都,渋谷区,恵比寿南,恵比寿,6,90000000,１ＬＤＫ,50,2021年,ＲＣ,,,１種住居,,,2026年第1四半期,,
中古マンション等,成約価格情報,13113,東京都,渋谷区,恵比寿南,恵比寿,5,55000000,１ＬＤＫ,40,2003年,ＲＣ,,,１種住居,,,2026年第1四半期,,
中古マンション等,成約価格情報,13113,東京都,渋谷区,神山町,神泉,11,59000000,１Ｋ,35,2003年,ＳＲＣ,,,２種住居,,,2026年第1四半期,,
中古マンション等,成約価格情報,13113,東京都,渋谷区,桜丘町,渋谷,6,62000000,１ＤＫ,35,1998年,ＲＣ,,,２種住居,,,2026年第1四半期,,
中古マンション等,成約価格情報,13113,東京都,渋谷区,桜丘町,渋谷,4,170000000,１Ｒ,40,2023年,ＲＣ,,,商業,,,2026年第1四半期,,
中古マンション等,成約価格情報,13113,東京都,渋谷区,桜丘町,渋谷,6,90000000,１ＬＤＫ,35,2022年,ＲＣ,,,商業,,,2026年第1四半期,,
中古マンション等,成約価格情報,13113,東京都,渋谷区,桜丘町,渋谷,4,740000000,３ＬＤＫ,120,2023年,ＲＣ,,,商業,,,2026年第1四半期,,
中古マンション等,成約価格情報,13113,東京都,渋谷区,桜丘町,渋谷,4,930000000,３ＬＤＫ＋Ｓ,145,2023年,ＲＣ,,,商業,,,2026年第1四半期,,
中古マンション等,成約価格情報,13113,東京都,渋谷区,桜丘町,渋谷,6,85000000,１ＬＤＫ,35,2022年,ＲＣ,,,商業,,,2026年第1四半期,,
中古マンション等,成約価格情報,13113,東京都,渋谷区,桜丘町,渋谷,7,58000000,１Ｒ,30,2009年,ＳＲＣ,,,２種住居,,,2026年第1四半期,,
中古マンション等,成約価格情報,13113,東京都,渋谷区,笹塚,笹塚,3,26000000,１Ｋ,25,2005年,ＲＣ,,,商業,,,2026年第1四半期,,
中古マンション等,成約価格情報,13113,東京都,渋谷区,笹塚,笹塚,3,31000000,１Ｋ,35,2003年,ＳＲＣ,,,商業,,,2026年第1四半期,,
中古マンション等,成約価格情報,13113,東京都,渋谷区,笹塚,笹塚,3,40000000,１Ｋ,40,1978年,ＲＣ,,,商業,,,2026年第1四半期,,
中古マンション等,成約価格情報,13113,東京都,渋谷区,笹塚,笹塚,4,55000000,１ＬＤＫ,40,1996年,ＳＲＣ,,,商業,,,2026年第1四半期,,
中古マンション等,成約価格情報,13113,東京都,渋谷区,笹塚,笹塚,3,54000000,１ＬＤＫ＋Ｓ,50,1978年,ＳＲＣ,,,商業,,,2026年第1四半期,,
中古マンション等,成約価格情報,13113,東京都,渋谷区,渋谷,渋谷,6,86000000,２ＬＤＫ,60,1999年,ＳＲＣ,,,商業,,,2026年第1四半期,,
中古マンション等,成約価格情報,13113,東京都,渋谷区,渋谷,渋谷,3,170000000,１ＬＤＫ,80,1980年,ＳＲＣ,,,２種住居,,,2026年第1四半期,改装済み,
中古マンション等,成約価格情報,13113,東京都,渋谷区,渋谷,表参道,7,80000000,１ＬＤＫ,35,2000年,ＳＲＣ,,,商業,,,2026年第1四半期,改装済み,
中古マンション等,成約価格情報,13113,東京都,渋谷区,渋谷,渋谷,5,110000000,１ＬＤＫ,50,2014年,ＲＣ,,,商業,,,2026年第1四半期,,
中古マンション等,成約価格情報,13113,東京都,渋谷区,渋谷,渋谷,8,220000000,２ＬＤＫ,75,2001年,ＲＣ,,,２種住居,,,2026年第1四半期,,
中古マンション等,成約価格情報,13113,東京都,渋谷区,渋谷,渋谷,7,47000000,１Ｒ,35,1982年,ＲＣ,,,商業,,,2026年第1四半期,,
中古マンション等,成約価格情報,13113,東京都,渋谷区,神泉町,神泉,4,160000000,２ＬＤＫ,65,1999年,ＳＲＣ,,,商業,,,2026年第1四半期,,
中古マンション等,成約価格情報,13113,東京都,渋谷区,千駄ケ谷,代々木,3,96000000,１Ｒ,50,2017年,ＲＣ,,,商業,,,2026年第1四半期,,
中古マンション等,成約価格情報,13113,東京都,渋谷区,千駄ケ谷,代々木,4,69000000,１ＬＤＫ,55,1976年,ＳＲＣ,,,商業,,,2026年第1四半期,,
中古マンション等,成約価格情報,13113,東京都,渋谷区,千駄ケ谷,千駄ケ谷,7,54000000,１ＤＫ,35,2017年,ＲＣ,,,２種住居,,,2026年第1四半期,,
中古マンション等,成約価格情報,13113,東京都,渋谷区,千駄ケ谷,北参道,1,300000000,１ＬＤＫ,65,2023年,ＲＣ,,,商業,,,2026年第1四半期,,
中古マンション等,成約価格情報,13113,東京都,渋谷区,千駄ケ谷,北参道,1,450000000,３ＬＤＫ,95,2023年,ＲＣ,,,商業,,,2026年第1四半期,,
中古マンション等,成約価格情報,13113,東京都,渋谷区,千駄ケ谷,代々木,6,34000000,１Ｒ,40,1978年,ＳＲＣ,,,商業,,,2026年第1四半期,,
中古マンション等,成約価格情報,13113,東京都,渋谷区,千駄ケ谷,北参道,2,130000000,２ＬＤＫ,70,1998年,ＲＣ,,,２中住専,,,2026年第1四半期,,
中古マンション等,成約価格情報,13113,東京都,渋谷区,千駄ケ谷,代々木,3,190000000,３ＬＤＫ,80,1998年,ＳＲＣ,,,商業,,,2026年第1四半期,改装済み,
中古マンション等,成約価格情報,13113,東京都,渋谷区,千駄ケ谷,北参道,1,150000000,１ＬＤＫ,45,2023年,ＲＣ,,,商業,,,2026年第1四半期,,
中古マンション等,成約価格情報,13113,東京都,渋谷区,千駄ケ谷,代々木,4,120000000,２ＬＤＫ,75,1983年,ＳＲＣ,,,商業,,,2026年第1四半期,,
中古マンション等,成約価格情報,13113,東京都,渋谷区,千駄ケ谷,北参道,1,140000000,１ＬＤＫ,45,2023年,ＲＣ,,,商業,,,2026年第1四半期,,
中古マンション等,成約価格情報,13113,東京都,渋谷区,千駄ケ谷,代々木,5,14000000,１Ｒ,20,1974年,ＲＣ,,,２種住居,,,2026年第1四半期,,
中古マンション等,成約価格情報,13113,東京都,渋谷区,千駄ケ谷,原宿,9,85000000,１ＬＤＫ,70,1974年,ＲＣ,,,２中住専,,,2026年第1四半期,,
中古マンション等,成約価格情報,13113,東京都,渋谷区,千駄ケ谷,北参道,1,360000000,２ＬＤＫ,75,2023年,ＲＣ,,,商業,,,2026年第1四半期,,
中古マンション等,成約価格情報,13113,東京都,渋谷区,千駄ケ谷,北参道,3,340000000,３ＬＤＫ,95,2016年,ＲＣ,,,２中住専,,,2026年第1四半期,,
中古マンション等,成約価格情報,13113,東京都,渋谷区,千駄ケ谷,代々木,4,77000000,１ＬＤＫ,35,2005年,ＳＲＣ,,,商業,,,2026年第1四半期,,
中古マンション等,成約価格情報,13113,東京都,渋谷区,千駄ケ谷,北参道,1,470000000,２ＬＤＫ＋Ｓ,95,2023年,ＲＣ,,,商業,,,2026年第1四半期,,
中古マンション等,成約価格情報,13113,東京都,渋谷区,千駄ケ谷,代々木,4,13000000,１Ｒ,25,1983年,ＳＲＣ,,,商業,,,2026年第1四半期,,
中古マンション等,成約価格情報,13113,東京都,渋谷区,千駄ケ谷,北参道,3,70000000,２ＬＤＫ,50,1979年,ＲＣ,,,２中住専,,,2026年第1四半期,,
中古マンション等,成約価格情報,13113,東京都,渋谷区,千駄ケ谷,北参道,1,290000000,２ＬＤＫ,65,2023年,ＲＣ,,,商業,,,2026年第1四半期,,
中古マンション等,成約価格情報,13113,東京都,渋谷区,南平台町,渋谷,7,400000000,３ＬＤＫ,95,2019年,ＲＣ,,,２種住居,,,2026年第1四半期,,
中古マンション等,成約価格情報,13113,東京都,渋谷区,南平台町,渋谷,12,110000000,２ＬＤＫ,80,2000年,ＲＣ,,,２低住専,,,2026年第1四半期,,
中古マンション等,成約価格情報,13113,東京都,渋谷区,初台,初台,6,120000000,２ＬＤＫ,65,2006年,ＲＣ,,,１種住居,,,2026年第1四半期,,
中古マンション等,成約価格情報,13113,東京都,渋谷区,初台,初台,7,190000000,３ＬＤＫ,80,2000年,ＲＣ,,,１低住専,,,2026年第1四半期,,
中古マンション等,成約価格情報,13113,東京都,渋谷区,初台,初台,2,150000000,２ＬＤＫ,55,2022年,ＲＣ,,,商業,,,2026年第1四半期,,
中古マンション等,成約価格情報,13113,東京都,渋谷区,初台,初台,2,120000000,３ＬＤＫ,85,1982年,ＳＲＣ,,,１低住専,,,2026年第1四半期,,
中古マンション等,成約価格情報,13113,東京都,渋谷区,初台,初台,2,65000000,１ＤＫ,45,2017年,ＲＣ,,,近隣商業,,,2026年第1四半期,,
中古マンション等,成約価格情報,13113,東京都,渋谷区,初台,初台,2,68000000,２ＬＤＫ,55,1978年,ＳＲＣ,,,商業,,,2026年第1四半期,改装済み,
中古マンション等,不動産取引価格情報,13113,東京都,渋谷区,恵比寿,恵比寿,3,82000000,３ＬＤＫ,55,1985年,ＳＲＣ,,住宅,商業,80,500,2026年第1四半期,改装済み,
中古マンション等,不動産取引価格情報,13113,東京都,渋谷区,恵比寿,広尾,11,150000000,１ＬＤＫ,60,2015年,ＲＣ,住宅,住宅,２種住居,60,400,2026年第1四半期,未改装,
中古マンション等,不動産取引価格情報,13113,東京都,渋谷区,恵比寿南,恵比寿,5,280000000,,75,2020年,ＲＣ,住宅,,１種住居,60,300,2026年第1四半期,,
中古マンション等,不動産取引価格情報,13113,東京都,渋谷区,笹塚,笹塚,4,25000000,１Ｋ,20,1998年,ＳＲＣ,その他,その他,商業,80,500,2026年第1四半期,未改装,
中古マンション等,不動産取引価格情報,13113,東京都,渋谷区,笹塚,笹塚,6,15000000,１Ｋ,20,1999年,ＳＲＣ,住宅,住宅,商業,80,500,2026年第1四半期,未改装,
中古マンション等,不動産取引価格情報,13113,東京都,渋谷区,渋谷,渋谷,3,200000000,２ＬＤＫ,50,2020年,ＲＣ,住宅,,商業,80,800,2026年第1四半期,改装済み,
中古マンション等,不動産取引価格情報,13113,東京都,渋谷区,渋谷,渋谷,10,80000000,１ＬＤＫ,30,2000年,ＳＲＣ,住宅,住宅,商業,80,500,2026年第1四半期,未改装,
中古マンション等,不動産取引価格情報,13113,東京都,渋谷区,松濤,神泉,5,79000000,１ＬＤＫ,30,1998年,ＲＣ,住宅,住宅,２中住専,60,200,2026年第1四半期,改装済み,
中古マンション等,不動産取引価格情報,13113,東京都,渋谷区,神宮前,外苑前,9,180000000,２ＬＤＫ,70,1998年,ＲＣ,住宅,住宅,近隣商業,80,400,2026年第1四半期,改装済み,
中古マンション等,不動産取引価格情報,13113,東京都,渋谷区,神宮前,北参道,6,160000000,２ＬＤＫ,55,2007年,ＲＣ,住宅,住宅,２種住居,60,400,2026年第1四半期,改装済み,
中古マンション等,不動産取引価格情報,13113,東京都,渋谷区,千駄ケ谷,北参道,1,150000000,１ＬＤＫ,40,2023年,ＲＣ,住宅,その他,商業,80,500,2026年第1四半期,未改装,
中古マンション等,不動産取引価格情報,13113,東京都,渋谷区,富ケ谷,代々木公園,2,25000000,１Ｋ,20,2002年,ＲＣ,住宅,住宅,近隣商業,80,150,2026年第1四半期,未改装,
中古マンション等,不動産取引価格情報,13113,東京都,渋谷区,富ケ谷,代々木公園,9,32000000,１Ｋ,25,2003年,ＲＣ,,住宅,２低住専,60,200,2026年第1四半期,,
中古マンション等,不動産取引価格情報,13113,東京都,渋谷区,南平台町,渋谷,9,750000000,２ＬＤＫ,155,2008年,ＲＣ,住宅,住宅,２低住専,60,200,2026年第1四半期,未改装,
中古マンション等,不動産取引価格情報,13113,東京都,渋谷区,幡ケ谷,幡ケ谷,6,40000000,１Ｋ,25,2016年,ＲＣ,,その他,２中住専,60,200,2026年第1四半期,,
中古マンション等,不動産取引価格情報,13113,東京都,渋谷区,幡ケ谷,幡ケ谷,3,34000000,１ＬＤＫ,40,1974年,ＲＣ,,住宅,１種住居,60,300,2026年第1四半期,未改装,
中古マンション等,不動産取引価格情報,13113,東京都,渋谷区,幡ケ谷,幡ケ谷,4,52000000,３ＬＤＫ,50,1984年,ＲＣ,住宅,住宅,準工業,60,300,2026年第1四半期,未改装,
中古マンション等,不動産取引価格情報,13113,東京都,渋谷区,幡ケ谷,幡ケ谷,4,47000000,２ＤＫ,45,1984年,ＲＣ,住宅,その他,準工業,60,300,2026年第1四半期,未改装,
中古マンション等,不動産取引価格情報,13113,東京都,渋谷区,鉢山町,代官山,9,300000000,,80,2012年,ＲＣ,住宅,,２低住専,60,200,2026年第1四半期,,
中古マンション等,不動産取引価格情報,13113,東京都,渋谷区,鉢山町,代官山,7,310000000,２ＬＤＫ,105,2006年,ＲＣ,住宅,,２低住専,60,200,2026年第1四半期,,
中古マンション等,不動産取引価格情報,13113,東京都,渋谷区,初台,初台,1,71000000,２ＬＤＫ,50,1978年,ＳＲＣ,住宅,住宅,商業,80,600,2026年第1四半期,改装済み,
中古マンション等,不動産取引価格情報,13113,東京都,渋谷区,初台,初台,11,190000000,,75,,ＲＣ,,住宅,１低住専,60,150,2026年第1四半期,改装済み,
中古マンション等,不動産取引価格情報,13113,東京都,渋谷区,初台,初台,8,110000000,２ＬＤＫ,60,2005年,ＲＣ,,住宅,１低住専,60,150,2026年第1四半期,改装済み,
中古マンション等,不動産取引価格情報,13113,東京都,渋谷区,広尾,恵比寿,5,90000000,１ＬＤＫ,50,,,,住宅,２種住居,60,300,2026年第1四半期,未改装,
中古マンション等,不動産取引価格情報,13113,東京都,渋谷区,本町,西新宿五丁目,5,14000000,１Ｋ,15,1985年,ＳＲＣ,住宅,住宅,商業,80,600,2026年第1四半期,改装済み,
中古マンション等,不動産取引価格情報,13113,東京都,渋谷区,本町,幡ケ谷,5,26000000,１Ｋ,20,2002年,ＳＲＣ,住宅,住宅,商業,80,500,2026年第1四半期,未改装,
中古マンション等,不動産取引価格情報,13113,東京都,渋谷区,本町,初台,6,27000000,１Ｋ,20,2006年,ＲＣ,住宅,住宅,商業,80,500,2026年第1四半期,未改装,
中古マンション等,不動産取引価格情報,13113,東京都,渋谷区,円山町,神泉,4,24000000,１Ｋ,15,1997年,,,住宅,商業,80,400,2026年第1四半期,未改装,
中古マンション等,不動産取引価格情報,13113,東京都,渋谷区,元代々木町,代々木八幡,4,51000000,１ＤＫ,30,2013年,ＲＣ,住宅,住宅,準住居,60,400,2026年第1四半期,未改装,
中古マンション等,不動産取引価格情報,13113,東京都,渋谷区,代々木,参宮橋,7,190000000,３ＬＤＫ,95,2003年,ＲＣ,住宅,住宅,２中住専,60,300,2026年第1四半期,未改装,
中古マンション等,不動産取引価格情報,13113,東京都,渋谷区,代々木,新宿,3,31000000,１Ｋ,25,,ＳＲＣ,住宅,事務所,商業,80,500,2026年第1四半期,,
中古マンション等,不動産取引価格情報,13113,東京都,渋谷区,代々木,新宿,8,13000000,１Ｋ,20,1976年,ＳＲＣ,,事務所,商業,80,500,2026年第1四半期,未改装,
中古マンション等,不動産取引価格情報,13113,東京都,渋谷区,代々木,初台,6,35000000,１Ｋ,20,2011年,ＲＣ,住宅,その他,準住居,60,400,2026年第1四半期,未改装,
中古マンション等,不動産取引価格情報,13113,東京都,渋谷区,代々木,代々木,5,57000000,１ＬＤＫ,35,2020年,ＲＣ,住宅,住宅,２種住居,60,300,2026年第1四半期,未改装,
中古マンション等,不動産取引価格情報,13113,東京都,渋谷区,代々木,代々木,4,23000000,１Ｋ,25,1982年,ＳＲＣ,住宅,その他,商業,80,600,2026年第1四半期,未改装,
中古マンション等,不動産取引価格情報,13113,東京都,渋谷区,代々木,代々木八幡,1,77000000,１ＬＤＫ,40,2004年,ＲＣ,住宅,住宅,１種住居,60,300,2026年第1四半期,未改装,
中古マンション等,成約価格情報,13114,東京都,中野区,上鷺宮,富士見台,2,67000000,２ＬＤＫ＋Ｓ,80,1991年,ＳＲＣ,,,１種住居,,,2026年第1四半期,,
中古マンション等,成約価格情報,13114,東京都,中野区,鷺宮,都立家政,5,20000000,１Ｋ,25,2010年,ＲＣ,,,近隣商業,,,2026年第1四半期,,
中古マンション等,成約価格情報,13114,東京都,中野区,鷺宮,下井草,9,40000000,１ＬＤＫ,35,2023年,ＲＣ,,,１低住専,,,2026年第1四半期,,
中古マンション等,成約価格情報,13114,東京都,中野区,鷺宮,下井草,7,56000000,３ＬＤＫ,70,2000年,ＲＣ,,,１低住専,,,2026年第1四半期,,
中古マンション等,成約価格情報,13114,東京都,中野区,鷺宮,都立家政,6,28000000,２ＤＫ＋Ｓ,45,1984年,ＲＣ,,,近隣商業,,,2026年第1四半期,,
中古マンション等,成約価格情報,13114,東京都,中野区,鷺宮,鷺ノ宮,1,22000000,１Ｋ,35,1983年,ＲＣ,,,近隣商業,,,2026年第1四半期,,
中古マンション等,成約価格情報,13114,東京都,中野区,中央,中野坂上,9,23000000,１ＤＫ,35,1970年,ＳＲＣ,,,近隣商業,,,2026年第1四半期,,
中古マンション等,成約価格情報,13114,東京都,中野区,中央,新中野,6,18000000,２ＤＫ,55,1967年,ＳＲＣ,,,商業,,,2026年第1四半期,,
中古マンション等,成約価格情報,13114,東京都,中野区,中央,中野坂上,7,24000000,２ＤＫ,40,1976年,ＳＲＣ,,,商業,,,2026年第1四半期,,
中古マンション等,成約価格情報,13114,東京都,中野区,中央,中野坂上,6,9400000,１Ｒ,15,1984年,ＲＣ,,,１中住専,,,2026年第1四半期,,
中古マンション等,成約価格情報,13114,東京都,中野区,中央,中野坂上,3,22000000,１ＬＤＫ,35,1970年,ＳＲＣ,,,１中住専,,,2026年第1四半期,,
中古マンション等,成約価格情報,13114,東京都,中野区,中央,中野坂上,7,95000000,１ＬＤＫ＋Ｓ,65,2013年,ＲＣ,,,１中住専,,,2026年第1四半期,,
中古マンション等,成約価格情報,13114,東京都,中野区,中央,新中野,6,90000000,２ＬＤＫ＋Ｓ,75,2019年,ＲＣ,,,１低住専,,,2026年第1四半期,,
中古マンション等,成約価格情報,13114,東京都,中野区,中央,新中野,6,60000000,４ＤＫ,80,1976年,ＳＲＣ,,,商業,,,2026年第1四半期,,
中古マンション等,成約価格情報,13114,東京都,中野区,中央,新中野,6,93000000,２ＬＤＫ＋Ｓ,75,2019年,ＲＣ,,,１中住専,,,2026年第1四半期,,
中古マンション等,成約価格情報,13114,東京都,中野区,中央,中野(東京),6,40000000,１ＤＫ,35,1998年,ＳＲＣ,,,近隣商業,,,2026年第1四半期,,
中古マンション等,成約価格情報,13114,東京都,中野区,中央,新中野,7,30000000,１ＬＤＫ,40,1982年,鉄骨造,,,近隣商業,,,2026年第1四半期,,
中古マンション等,成約価格情報,13114,東京都,中野区,中央,中野坂上,3,29000000,１ＤＫ,35,1972年,ＳＲＣ,,,近隣商業,,,2026年第1四半期,,
中古マンション等,成約価格情報,13114,東京都,中野区,中央,中野坂上,5,70000000,１ＬＤＫ＋Ｓ,55,1999年,ＲＣ,,,１中住専,,,2026年第1四半期,,
中古マンション等,成約価格情報,13114,東京都,中野区,中央,新中野,3,20000000,１ＤＫ,35,1969年,ＳＲＣ,,,近隣商業,,,2026年第1四半期,,
中古マンション等,成約価格情報,13114,東京都,中野区,中央,東中野,8,41000000,１ＬＤＫ,55,1972年,ＲＣ,,,近隣商業,,,2026年第1四半期,,
中古マンション等,成約価格情報,13114,東京都,中野区,中央,新中野,2,44000000,１Ｋ,30,2020年,ＲＣ,,,近隣商業,,,2026年第1四半期,,
中古マンション等,成約価格情報,13114,東京都,中野区,中央,新中野,4,24000000,１Ｋ,25,2000年,ＲＣ,,,商業,,,2026年第1四半期,,
中古マンション等,成約価格情報,13114,東京都,中野区,中央,新中野,3,25000000,１ＤＫ,35,1969年,ＳＲＣ,,,近隣商業,,,2026年第1四半期,,
中古マンション等,成約価格情報,13114,東京都,中野区,中央,中野(東京),7,99000000,２ＬＤＫ＋Ｓ,70,1998年,ＳＲＣ,,,近隣商業,,,2026年第1四半期,,
中古マンション等,成約価格情報,13114,東京都,中野区,中央,中野(東京),10,140000000,３ＬＤＫ,75,2013年,ＲＣ,,,近隣商業,,,2026年第1四半期,,
中古マンション等,成約価格情報,13114,東京都,中野区,中野,東中野,9,94000000,３ＬＤＫ,80,2002年,ＲＣ,,,１低住専,,,2026年第1四半期,,
中古マンション等,成約価格情報,13114,東京都,中野区,中野,中野(東京),4,35000000,１ＬＤＫ＋Ｓ,55,1966年,ＳＲＣ,,,商業,,,2026年第1四半期,,
中古マンション等,成約価格情報,13114,東京都,中野区,中野,中野(東京),4,52000000,２ＬＤＫ,70,1966年,ＳＲＣ,,,商業,,,2026年第1四半期,,
中古マンション等,成約価格情報,13114,東京都,中野区,中野,中野(東京),8,150000000,２ＬＤＫ,60,2026年,ＳＲＣ,,,近隣商業,,,2026年第1四半期,,
中古マンション等,成約価格情報,13114,東京都,中野区,中野,中野(東京),6,69000000,１Ｋ,35,2017年,ＲＣ,,,商業,,,2026年第1四半期,,
中古マンション等,成約価格情報,13114,東京都,中野区,中野,中野(東京),7,42000000,１ＬＤＫ,45,1984年,ＳＲＣ,,,商業,,,2026年第1四半期,改装済み,
中古マンション等,成約価格情報,13114,東京都,中野区,中野,中野(東京),10,68000000,３ＬＤＫ,80,1972年,ＳＲＣ,,,近隣商業,,,2026年第1四半期,,
中古マンション等,成約価格情報,13114,東京都,中野区,中野,中野(東京),5,120000000,２ＬＤＫ,60,2020年,ＲＣ,,,１中住専,,,2026年第1四半期,,
中古マンション等,成約価格情報,13114,東京都,中野区,中野,中野(東京),11,83000000,２ＬＤＫ,50,1997年,ＳＲＣ,,,近隣商業,,,2026年第1四半期,,
中古マンション等,成約価格情報,13114,東京都,中野区,中野,中野(東京),6,82000000,１ＤＫ,45,2017年,ＲＣ,,,商業,,,2026年第1四半期,,
中古マンション等,成約価格情報,13114,東京都,中野区,中野,中野(東京),8,93000000,１ＤＫ,35,2026年,ＳＲＣ,,,近隣商業,,,2026年第1四半期,,
中古マンション等,成約価格情報,13114,東京都,中野区,中野,中野(東京),5,290000000,２ＬＤＫ,100,1994年,ＳＲＣ,,,商業,,,2026年第1四半期,,
中古マンション等,成約価格情報,13114,東京都,中野区,中野,中野(東京),6,74000000,２ＬＤＫ＋Ｓ,105,1966年,ＳＲＣ,,,商業,,,2026年第1四半期,,
中古マンション等,成約価格情報,13114,東京都,中野区,中野,中野(東京),5,230000000,２ＬＤＫ,100,1994年,ＳＲＣ,,,商業,,,2026年第1四半期,,
中古マンション等,成約価格情報,13114,東京都,中野区,中野,中野(東京),3,42000000,２ＬＤＫ,50,1986年,ＲＣ,,,１中住専,,,2026年第1四半期,,
中古マンション等,成約価格情報,13114,東京都,中野区,中野,中野(東京),4,94000000,２ＬＤＫ＋Ｓ,105,1966年,ＳＲＣ,,,商業,,,2026年第1四半期,,
中古マンション等,成約価格情報,13114,東京都,中野区,中野,東中野,9,130000000,３ＬＤＫ,70,2022年,ＲＣ,,,１低住専,,,2026年第1四半期,,
中古マンション等,成約価格情報,13114,東京都,中野区,中野,中野(東京),6,70000000,３ＬＤＫ,60,1972年,ＳＲＣ,,,１中住専,,,2026年第1四半期,,
中古マンション等,成約価格情報,13114,東京都,中野区,中野,中野(東京),9,55000000,３ＤＫ,55,1983年,ＲＣ,,,１中住専,,,2026年第1四半期,,
中古マンション等,成約価格情報,13114,東京都,中野区,沼袋,沼袋,5,8800000,１Ｋ,20,1989年,ＲＣ,,,近隣商業,,,2026年第1四半期,,
中古マンション等,成約価格情報,13114,東京都,中野区,沼袋,沼袋,2,24000000,２ＤＫ,45,1982年,ＲＣ,,,商業,,,2026年第1四半期,,
中古マンション等,成約価格情報,13114,東京都,中野区,東中野,東中野,1,280000000,５ＬＤＫ,140,2024年,ＲＣ,,,商業,,,2026年第1四半期,,
中古マンション等,成約価格情報,13114,東京都,中野区,東中野,中野坂上,6,35000000,１ＬＤＫ,45,1970年,ＲＣ,,,近隣商業,,,2026年第1四半期,,
中古マンション等,成約価格情報,13114,東京都,中野区,東中野,東中野,3,32000000,２ＤＫ,50,1981年,ＲＣ,,,商業,,,2026年第1四半期,,
中古マンション等,成約価格情報,13114,東京都,中野区,東中野,東中野,5,22000000,１ＬＤＫ,35,1985年,ＲＣ,,,商業,,,2026年第1四半期,,
中古マンション等,成約価格情報,13114,東京都,中野区,東中野,落合,7,53000000,２ＬＤＫ,55,1974年,ＳＲＣ,,,１中住専,,,2026年第1四半期,,
中古マンション等,成約価格情報,13114,東京都,中野区,東中野,落合,2,43000000,２ＬＤＫ,55,1968年,ＳＲＣ,,,近隣商業,,,2026年第1四半期,,
中古マンション等,成約価格情報,13114,東京都,中野区,東中野,落合,3,64000000,１ＬＤＫ,40,2011年,ＲＣ,,,１中住専,,,2026年第1四半期,,
中古マンション等,成約価格情報,13114,東京都,中野区,東中野,落合,3,64000000,１ＬＤＫ,40,2011年,ＲＣ,,,近隣商業,,,2026年第1四半期,,
中古マンション等,成約価格情報,13114,東京都,中野区,東中野,東中野,2,53000000,１ＤＫ,40,2000年,ＲＣ,,,１中住専,,,2026年第1四半期,,
中古マンション等,成約価格情報,13114,東京都,中野区,東中野,東中野,1,34000000,１ＬＤＫ,35,1972年,ＲＣ,,,商業,,,2026年第1四半期,,
中古マンション等,成約価格情報,13114,東京都,中野区,東中野,落合,6,140000000,３ＬＤＫ,75,2013年,ＲＣ,,,近隣商業,,,2026年第1四半期,,
中古マンション等,成約価格情報,13114,東京都,中野区,東中野,東中野,6,18000000,１Ｒ,40,1966年,ＲＣ,,,１中住専,,,2026年第1四半期,,
中古マンション等,成約価格情報,13114,東京都,中野区,東中野,東中野,3,48000000,１ＬＤＫ,40,2007年,ＲＣ,,,近隣商業,,,2026年第1四半期,,
中古マンション等,成約価格情報,13114,東京都,中野区,東中野,落合,1,14000000,１Ｒ,35,1967年,ＲＣ,,,近隣商業,,,2026年第1四半期,,
中古マンション等,成約価格情報,13114,東京都,中野区,東中野,落合,3,46000000,１ＬＤＫ,40,2011年,ＲＣ,,,１中住専,,,2026年第1四半期,,
中古マンション等,成約価格情報,13114,東京都,中野区,東中野,東中野,6,110000000,２ＬＤＫ,60,2022年,ＲＣ,,,１中住専,,,2026年第1四半期,,
中古マンション等,成約価格情報,13114,東京都,中野区,東中野,落合,7,35000000,２ＤＫ,45,1974年,ＳＲＣ,,,１中住専,,,2026年第1四半期,,
中古マンション等,成約価格情報,13114,東京都,中野区,東中野,東中野,2,120000000,２ＬＤＫ,65,2014年,ＲＣ,,,商業,,,2026年第1四半期,,
中古マンション等,成約価格情報,13114,東京都,中野区,東中野,落合,1,67000000,１ＬＤＫ,50,2000年,ＳＲＣ,,,近隣商業,,,2026年第1四半期,,
中古マンション等,成約価格情報,13114,東京都,中野区,東中野,東中野,2,22000000,１Ｋ,25,2002年,ＲＣ,,,近隣商業,,,2026年第1四半期,,
中古マンション等,成約価格情報,13114,東京都,中野区,東中野,東中野,2,60000000,１ＤＫ,35,2018年,ＲＣ,,,１低住専,,,2026年第1四半期,,
中古マンション等,成約価格情報,13114,東京都,中野区,東中野,落合,5,120000000,２ＬＤＫ＋Ｓ,70,2021年,ＲＣ,,,近隣商業,,,2026年第1四半期,,
中古マンション等,成約価格情報,13114,東京都,中野区,東中野,落合,6,26000000,１Ｋ,25,1994年,ＳＲＣ,,,近隣商業,,,2026年第1四半期,,
中古マンション等,成約価格情報,13114,東京都,中野区,東中野,東中野,1,100000000,２ＬＤＫ,55,2016年,,,,１中住専,,,2026年第1四半期,,
中古マンション等,成約価格情報,13114,東京都,中野区,東中野,東中野,3,120000000,３ＬＤＫ,70,2015年,ＲＣ,,,１中住専,,,2026年第1四半期,,
中古マンション等,成約価格情報,13114,東京都,中野区,東中野,東中野,3,90000000,２ＬＤＫ,60,2012年,ＲＣ,,,１中住専,,,2026年第1四半期,,
中古マンション等,成約価格情報,13114,東京都,中野区,東中野,落合,7,140000000,２ＬＤＫ,80,2011年,ＲＣ,,,１中住専,,,2026年第1四半期,,
中古マンション等,成約価格情報,13114,東京都,中野区,東中野,東中野,1,130000000,１ＬＤＫ,55,2015年,ＲＣ,,,近隣商業,,,2026年第1四半期,,
中古マンション等,成約価格情報,13114,東京都,中野区,丸山,野方,7,39000000,２ＬＤＫ,55,1996年,ＳＲＣ,,,近隣商業,,,2026年第1四半期,,
中古マンション等,成約価格情報,13114,東京都,中野区,丸山,野方,9,60000000,３ＬＤＫ,75,2004年,ＲＣ,,,１低住専,,,2026年第1四半期,,
中古マンション等,成約価格情報,13114,東京都,中野区,大和町,高円寺,14,50000000,２ＤＫ,50,2011年,ＲＣ,,,近隣商業,,,2026年第1四半期,,
中古マンション等,成約価格情報,13114,東京都,中野区,大和町,野方,5,12000000,１Ｋ,20,1974年,ＳＲＣ,,,１低住専,,,2026年第1四半期,,
中古マンション等,成約価格情報,13114,東京都,中野区,新井,中野(東京),11,98000000,２ＬＤＫ,55,2013年,ＲＣ,,,近隣商業,,,2026年第1四半期,,
中古マンション等,成約価格情報,13114,東京都,中野区,新井,沼袋,6,87000000,２ＬＤＫ,65,2019年,ＲＣ,,,１中住専,,,2026年第1四半期,,
中古マンション等,成約価格情報,13114,東京都,中野区,新井,中野(東京),8,110000000,２ＬＤＫ,60,2014年,ＲＣ,,,近隣商業,,,2026年第1四半期,,
中古マンション等,成約価格情報,13114,東京都,中野区,新井,中野(東京),11,8000000,１Ｒ,15,1984年,ＲＣ,,,近隣商業,,,2026年第1四半期,,
中古マンション等,成約価格情報,13114,東京都,中野区,新井,中野(東京),11,72000000,１ＬＤＫ,45,2019年,ＲＣ,,,１中住専,,,2026年第1四半期,,
中古マンション等,成約価格情報,13114,東京都,中野区,江古田,新江古田,9,50000000,３ＬＤＫ,70,1985年,ＲＣ,,,１低住専,,,2026年第1四半期,,
中古マンション等,成約価格情報,13114,東京都,中野区,江古田,新江古田,10,84000000,３ＬＤＫ,75,2018年,ＲＣ,,,１中住専,,,2026年第1四半期,,
中古マンション等,成約価格情報,13114,東京都,中野区,江古田,新江古田,10,89000000,３ＬＤＫ,70,2018年,ＲＣ,,,１中住専,,,2026年第1四半期,,
中古マンション等,成約価格情報,13114,東京都,中野区,江古田,沼袋,11,28000000,２ＬＤＫ,55,1984年,ＲＣ,,,１低住専,,,2026年第1四半期,,
中古マンション等,成約価格情報,13114,東京都,中野区,江古田,新江古田,10,98000000,３ＬＤＫ,75,2018年,ＲＣ,,,１中住専,,,2026年第1四半期,,
中古マンション等,成約価格情報,13114,東京都,中野区,江古田,新江古田,10,96000000,２ＬＤＫ,85,2018年,ＲＣ,,,１中住専,,,2026年第1四半期,,
中古マンション等,成約価格情報,13114,東京都,中野区,江古田,新江古田,10,88000000,３ＬＤＫ,75,2018年,ＲＣ,,,１中住専,,,2026年第1四半期,,
中古マンション等,成約価格情報,13114,東京都,中野区,江古田,新江古田,9,58000000,２ＬＤＫ,75,1985年,ＲＣ,,,１低住専,,,2026年第1四半期,,
中古マンション等,成約価格情報,13114,東京都,中野区,上高田,新井薬師前,10,30000000,２ＤＫ,50,1971年,ＳＲＣ,,,１中住専,,,2026年第1四半期,,
中古マンション等,成約価格情報,13114,東京都,中野区,上高田,落合,8,43000000,２ＤＫ,45,2005年,ＲＣ,,,１低住専,,,2026年第1四半期,,
中古マンション等,成約価格情報,13114,東京都,中野区,上高田,中野(東京),15,27000000,１ＬＤＫ,35,1990年,ＲＣ,,,近隣商業,,,2026年第1四半期,,
中古マンション等,成約価格情報,13114,東京都,中野区,上高田,新井薬師前,4,9500000,１Ｒ,15,1983年,ＲＣ,,,１中住専,,,2026年第1四半期,,
中古マンション等,成約価格情報,13114,東京都,中野区,野方,中野(東京),12,35000000,１ＬＤＫ,40,1979年,ＲＣ,,,近隣商業,,,2026年第1四半期,,
中古マンション等,成約価格情報,13114,東京都,中野区,野方,沼袋,9,73000000,２ＬＤＫ,65,2009年,ＲＣ,,,準工業,,,2026年第1四半期,,
中古マンション等,成約価格情報,13114,東京都,中野区,野方,高円寺,9,88000000,２ＬＤＫ,70,2003年,ＳＲＣ,,,近隣商業,,,2026年第1四半期,,
中古マンション等,成約価格情報,13114,東京都,中野区,野方,野方,2,28000000,１ＬＤＫ,45,2002年,ＲＣ,,,近隣商業,,,2026年第1四半期,,
中古マンション等,成約価格情報,13114,東京都,中野区,野方,野方,3,29000000,１ＬＤＫ,45,1981年,ＲＣ,,,近隣商業,,,2026年第1四半期,,
中古マンション等,成約価格情報,13114,東京都,中野区,野方,野方,8,77000000,３ＬＤＫ,70,2023年,ＲＣ,,,１低住専,,,2026年第1四半期,,
中古マンション等,成約価格情報,13114,東京都,中野区,本町,新中野,5,36000000,１ＤＫ,30,2020年,ＲＣ,,,近隣商業,,,2026年第1四半期,,
中古マンション等,成約価格情報,13114,東京都,中野区,本町,新中野,5,36000000,１ＤＫ,25,2020年,ＲＣ,,,近隣商業,,,2026年第1四半期,,
中古マンション等,成約価格情報,13114,東京都,中野区,本町,中野富士見町,5,100000000,２ＬＤＫ,60,2022年,ＲＣ,,,近隣商業,,,2026年第1四半期,,
中古マンション等,成約価格情報,13114,東京都,中野区,本町,新中野,7,92000000,２ＬＤＫ,60,2022年,ＲＣ,,,近隣商業,,,2026年第1四半期,,
中古マンション等,成約価格情報,13114,東京都,中野区,本町,中野富士見町,5,32000000,２Ｋ,45,1982年,ＲＣ,,,近隣商業,,,2026年第1四半期,,
中古マンション等,成約価格情報,13114,東京都,中野区,本町,中野坂上,5,73000000,３ＬＤＫ,75,1985年,ＲＣ,,,１中住専,,,2026年第1四半期,,
中古マンション等,成約価格情報,13114,東京都,中野区,本町,新中野,3,58000000,１ＬＤＫ,55,1992年,ＳＲＣ,,,近隣商業,,,2026年第1四半期,,
中古マンション等,成約価格情報,13114,東京都,中野区,本町,新中野,4,63000000,３ＤＫ,55,1995年,ＳＲＣ,,,近隣商業,,,2026年第1四半期,,
中古マンション等,成約価格情報,13114,東京都,中野区,本町,中野坂上,4,25000000,１ＬＤＫ,35,1973年,ＳＲＣ,,,商業,,,2026年第1四半期,,
中古マンション等,成約価格情報,13114,東京都,中野区,本町,新中野,3,65000000,１ＬＤＫ,40,2015年,ＲＣ,,,１中住専,,,2026年第1四半期,,
中古マンション等,成約価格情報,13114,東京都,中野区,本町,新中野,5,63000000,１ＬＤＫ,50,2005年,ＲＣ,,,近隣商業,,,2026年第1四半期,,
中古マンション等,成約価格情報,13114,東京都,中野区,本町,新中野,4,21000000,１ＬＤＫ,40,1973年,ＳＲＣ,,,商業,,,2026年第1四半期,,
中古マンション等,成約価格情報,13114,東京都,中野区,本町,中野新橋,6,48000000,２Ｋ,40,1998年,ＲＣ,,,１中住専,,,2026年第1四半期,,
中古マンション等,成約価格情報,13114,東京都,中野区,本町,新中野,7,10000000,１Ｒ,20,1989年,ＲＣ,,,１中住専,,,2026年第1四半期,,
中古マンション等,成約価格情報,13114,東京都,中野区,本町,新中野,5,36000000,１Ｋ,30,2020年,ＲＣ,,,近隣商業,,,2026年第1四半期,,
中古マンション等,成約価格情報,13114,東京都,中野区,本町,中野坂上,4,93000000,２ＬＤＫ,70,2006年,ＲＣ,,,１中住専,,,2026年第1四半期,,
中古マンション等,成約価格情報,13114,東京都,中野区,江原町,新江古田,4,13000000,１ＤＫ,30,1972年,ＲＣ,,,１種住居,,,2026年第1四半期,,
中古マンション等,成約価格情報,13114,東京都,中野区,白鷺,鷺ノ宮,8,49000000,２ＬＤＫ,50,2012年,ＲＣ,,,１中住専,,,2026年第1四半期,,
中古マンション等,成約価格情報,13114,東京都,中野区,白鷺,鷺ノ宮,10,59000000,３ＬＤＫ,105,2000年,ＲＣ,,,１低住専,,,2026年第1四半期,,
中古マンション等,成約価格情報,13114,東京都,中野区,白鷺,鷺ノ宮,12,30000000,３ＬＤＫ,90,1970年,ＲＣ,,,１低住専,,,2026年第1四半期,,
中古マンション等,成約価格情報,13114,東京都,中野区,白鷺,鷺ノ宮,8,72000000,３ＬＤＫ,75,2005年,鉄骨造,,,１低住専,,,2026年第1四半期,,
中古マンション等,成約価格情報,13114,東京都,中野区,白鷺,鷺ノ宮,6,27000000,２ＬＤＫ,60,1974年,ＲＣ,,,１低住専,,,2026年第1四半期,,
中古マンション等,成約価格情報,13114,東京都,中野区,松が丘,沼袋,9,88000000,４ＬＤＫ,90,1996年,ＲＣ,,,１低住専,,,2026年第1四半期,,
中古マンション等,成約価格情報,13114,東京都,中野区,松が丘,新井薬師前,7,22000000,２ＤＫ,45,1974年,ＳＲＣ,,,１低住専,,,2026年第1四半期,,
中古マンション等,成約価格情報,13114,東京都,中野区,松が丘,新井薬師前,3,52000000,２ＬＤＫ,70,1997年,ＲＣ,,,近隣商業,,,2026年第1四半期,,
中古マンション等,成約価格情報,13114,東京都,中野区,松が丘,新井薬師前,8,49000000,３ＬＤＫ,75,1974年,ＲＣ,,,１低住専,,,2026年第1四半期,,
中古マンション等,成約価格情報,13114,東京都,中野区,松が丘,新井薬師前,8,40000000,３ＬＤＫ,65,1974年,ＲＣ,,,１低住専,,,2026年第1四半期,,
中古マンション等,成約価格情報,13114,東京都,中野区,松が丘,新井薬師前,3,62000000,２ＬＤＫ,70,1997年,ＲＣ,,,近隣商業,,,2026年第1四半期,,
中古マンション等,成約価格情報,13114,東京都,中野区,南台,中野富士見町,12,53000000,２ＤＫ,45,2010年,ＲＣ,,,近隣商業,,,2026年第1四半期,,
中古マンション等,成約価格情報,13114,東京都,中野区,南台,笹塚,8,18000000,１ＤＫ,30,1986年,ＲＣ,,,１中住専,,,2026年第1四半期,,
中古マンション等,成約価格情報,13114,東京都,中野区,南台,西新宿五丁目,9,95000000,２ＬＤＫ,55,2016年,ＲＣ,,,近隣商業,,,2026年第1四半期,,
中古マンション等,成約価格情報,13114,東京都,中野区,南台,中野富士見町,11,29000000,１Ｋ,25,2018年,ＲＣ,,,１中住専,,,2026年第1四半期,,
中古マンション等,成約価格情報,13114,東京都,中野区,南台,中野富士見町,9,82000000,２ＬＤＫ,70,2002年,ＲＣ,,,近隣商業,,,2026年第1四半期,,
中古マンション等,成約価格情報,13114,東京都,中野区,南台,中野富士見町,12,110000000,３ＬＤＫ,85,2003年,ＲＣ,,,１中住専,,,2026年第1四半期,,
中古マンション等,成約価格情報,13114,東京都,中野区,南台,方南町,8,85000000,３ＬＤＫ,65,1995年,ＲＣ,,,準工業,,,2026年第1四半期,,
中古マンション等,成約価格情報,13114,東京都,中野区,南台,方南町,10,53000000,２ＬＤＫ,65,1998年,ＲＣ,,,１中住専,,,2026年第1四半期,,
中古マンション等,成約価格情報,13114,東京都,中野区,南台,笹塚,13,110000000,３ＬＤＫ,70,2017年,ＲＣ,,,近隣商業,,,2026年第1四半期,,
中古マンション等,成約価格情報,13114,東京都,中野区,南台,中野富士見町,9,53000000,１ＬＤＫ,40,2002年,ＲＣ,,,近隣商業,,,2026年第1四半期,,
中古マンション等,成約価格情報,13114,東京都,中野区,弥生町,中野新橋,5,95000000,２ＬＤＫ,60,2024年,ＲＣ,,,近隣商業,,,2026年第1四半期,,
中古マンション等,成約価格情報,13114,東京都,中野区,弥生町,中野富士見町,4,40000000,１ＬＤＫ,40,2004年,ＲＣ,,,近隣商業,,,2026年第1四半期,,
中古マンション等,成約価格情報,13114,東京都,中野区,弥生町,方南町,6,84000000,２ＬＤＫ,55,2008年,ＲＣ,,,１中住専,,,2026年第1四半期,,
中古マンション等,成約価格情報,13114,東京都,中野区,弥生町,中野富士見町,7,110000000,３ＬＤＫ,75,2015年,ＲＣ,,,近隣商業,,,2026年第1四半期,,
中古マンション等,成約価格情報,13114,東京都,中野区,弥生町,中野富士見町,5,120000000,２ＬＤＫ,70,2015年,ＲＣ,,,近隣商業,,,2026年第1四半期,,
中古マンション等,成約価格情報,13114,東京都,中野区,弥生町,中野富士見町,7,130000000,３ＬＤＫ,70,2015年,ＲＣ,,,近隣商業,,,2026年第1四半期,,
中古マンション等,成約価格情報,13114,東京都,中野区,弥生町,中野新橋,4,87000000,２ＬＤＫ,60,2006年,ＲＣ,,,近隣商業,,,2026年第1四半期,,
中古マンション等,成約価格情報,13114,東京都,中野区,弥生町,中野富士見町,5,16000000,１ＤＫ,25,1973年,ＲＣ,,,１中住専,,,2026年第1四半期,,
中古マンション等,成約価格情報,13114,東京都,中野区,弥生町,中野新橋,4,41000000,１ＬＤＫ,40,1983年,ＲＣ,,,１種住居,,,2026年第1四半期,,
中古マンション等,成約価格情報,13114,東京都,中野区,弥生町,中野富士見町,5,100000000,３ＬＤＫ,70,2015年,ＲＣ,,,近隣商業,,,2026年第1四半期,,
中古マンション等,成約価格情報,13114,東京都,中野区,若宮,都立家政,10,24000000,１ＬＤＫ,35,1992年,ＲＣ,,,１低住専,,,2026年第1四半期,,
中古マンション等,不動産取引価格情報,13114,東京都,中野区,新井,新井薬師前,3,100000000,３ＬＤＫ,65,2020年,ＲＣ,住宅,住宅,１中住専,60,200,2026年第1四半期,改装済み,
中古マンション等,不動産取引価格情報,13114,東京都,中野区,新井,中野(東京),8,38000000,２ＬＤＫ,40,1968年,ＳＲＣ,住宅,住宅,近隣商業,80,300,2026年第1四半期,改装済み,
中古マンション等,不動産取引価格情報,13114,東京都,中野区,新井,中野(東京),11,8000000,１Ｒ,10,1984年,ＲＣ,住宅,住宅,近隣商業,80,300,2026年第1四半期,,
中古マンション等,不動産取引価格情報,13114,東京都,中野区,新井,中野(東京),8,18000000,１Ｋ,15,1991年,ＲＣ,住宅,住宅,近隣商業,80,300,2026年第1四半期,未改装,
中古マンション等,不動産取引価格情報,13114,東京都,中野区,江古田,新江古田,10,85000000,,70,2018年,ＲＣ,住宅,,１中住専,60,200,2026年第1四半期,,
中古マンション等,不動産取引価格情報,13114,東京都,中野区,江古田,新江古田,10,89000000,３ＬＤＫ,70,2018年,ＲＣ,住宅,,１中住専,60,200,2026年第1四半期,未改装,
中古マンション等,不動産取引価格情報,13114,東京都,中野区,江古田,沼袋,11,28000000,２ＬＤＫ,50,1984年,ＲＣ,住宅,,１低住専,60,150,2026年第1四半期,改装済み,
中古マンション等,不動産取引価格情報,13114,東京都,中野区,江原町,新江古田,6,22000000,１Ｋ,20,2007年,ＲＣ,住宅,住宅,１中住専,60,200,2026年第1四半期,,
中古マンション等,不動産取引価格情報,13114,東京都,中野区,江原町,新江古田,6,22000000,１Ｋ,20,2007年,ＲＣ,住宅,その他,１中住専,60,200,2026年第1四半期,未改装,
中古マンション等,不動産取引価格情報,13114,東京都,中野区,江原町,新江古田,3,13000000,１Ｋ,25,1972年,ＲＣ,住宅,住宅,１低住専,60,150,2026年第1四半期,改装済み,
中古マンション等,不動産取引価格情報,13114,東京都,中野区,上高田,新井薬師前,11,23000000,１Ｋ,20,2004年,ＲＣ,住宅,その他,１低住専,60,200,2026年第1四半期,未改装,
中古マンション等,不動産取引価格情報,13114,東京都,中野区,上高田,新井薬師前,8,27000000,１ＬＤＫ,35,,,住宅,住宅,,,,2026年第1四半期,未改装,
中古マンション等,不動産取引価格情報,13114,東京都,中野区,鷺宮,鷺ノ宮,6,5500000,１Ｋ,15,1989年,ＲＣ,住宅,住宅,近隣商業,80,300,2026年第1四半期,未改装,調停・競売等
中古マンション等,不動産取引価格情報,13114,東京都,中野区,鷺宮,鷺ノ宮,6,22000000,,20,2010年,ＲＣ,住宅,住宅,１種住居,60,300,2026年第1四半期,未改装,
中古マンション等,不動産取引価格情報,13114,東京都,中野区,鷺宮,下井草,6,56000000,３ＬＤＫ,65,2000年,ＲＣ,住宅,住宅,１低住専,50,150,2026年第1四半期,未改装,
中古マンション等,不動産取引価格情報,13114,東京都,中野区,鷺宮,下井草,10,62000000,４ＬＤＫ,80,2001年,ＲＣ,住宅,住宅,１低住専,50,150,2026年第1四半期,改装済み,
中古マンション等,不動産取引価格情報,13114,東京都,中野区,鷺宮,都立家政,6,52000000,３ＬＤＫ,60,1997年,ＲＣ,住宅,住宅,近隣商業,80,300,2026年第1四半期,改装済み,
中古マンション等,不動産取引価格情報,13114,東京都,中野区,白鷺,鷺ノ宮,4,39000000,１ＬＤＫ,35,2009年,ＲＣ,住宅,住宅,近隣商業,80,300,2026年第1四半期,未改装,
中古マンション等,不動産取引価格情報,13114,東京都,中野区,白鷺,鷺ノ宮,9,21000000,１ＬＤＫ,25,2019年,ＲＣ,住宅,住宅,１種住居,60,300,2026年第1四半期,未改装,
中古マンション等,不動産取引価格情報,13114,東京都,中野区,白鷺,下井草,9,33000000,１Ｒ,25,2019年,ＲＣ,住宅,その他,１低住専,50,150,2026年第1四半期,,
中古マンション等,不動産取引価格情報,13114,東京都,中野区,中央,新中野,4,34000000,,30,2004年,ＲＣ,住宅,その他,１中住専,60,200,2026年第1四半期,未改装,
中古マンション等,不動産取引価格情報,13114,東京都,中野区,中央,新中野,5,25000000,１Ｋ,20,2006年,ＲＣ,住宅,その他,商業,80,500,2026年第1四半期,未改装,
中古マンション等,不動産取引価格情報,13114,東京都,中野区,中央,新中野,5,92000000,３ＬＤＫ,60,2019年,ＲＣ,住宅,住宅,１中住専,60,200,2026年第1四半期,未改装,
中古マンション等,不動産取引価格情報,13114,東京都,中野区,中央,新中野,2,63000000,１ＤＫ,45,2020年,ＲＣ,住宅,住宅,近隣商業,80,300,2026年第1四半期,,
中古マンション等,不動産取引価格情報,13114,東京都,中野区,中央,新中野,4,20000000,１ＤＫ,30,1969年,ＳＲＣ,住宅,住宅,近隣商業,80,400,2026年第1四半期,未改装,
中古マンション等,不動産取引価格情報,13114,東京都,中野区,中央,中野(東京),7,25000000,１Ｋ,20,2003年,ＳＲＣ,住宅,住宅,近隣商業,80,400,2026年第1四半期,未改装,
中古マンション等,不動産取引価格情報,13114,東京都,中野区,中央,中野(東京),6,40000000,１ＬＤＫ,35,1969年,ＲＣ,住宅,住宅,近隣商業,80,400,2026年第1四半期,改装済み,
中古マンション等,不動産取引価格情報,13114,東京都,中野区,中央,中野坂上,6,130000000,３ＬＤＫ,75,2000年,ＲＣ,住宅,住宅,１中住専,60,200,2026年第1四半期,未改装,
中古マンション等,不動産取引価格情報,13114,東京都,中野区,中央,中野坂上,4,44000000,１Ｋ,25,2018年,ＲＣ,住宅,住宅,商業,80,500,2026年第1四半期,未改装,
中古マンション等,不動産取引価格情報,13114,東京都,中野区,中野,中野(東京),13,30000000,１Ｋ,25,2015年,ＲＣ,住宅,住宅,近隣商業,80,400,2026年第1四半期,未改装,
中古マンション等,不動産取引価格情報,13114,東京都,中野区,中野,中野(東京),8,82000000,２ＬＤＫ,55,2001年,ＲＣ,住宅,,１中住専,60,200,2026年第1四半期,未改装,
中古マンション等,不動産取引価格情報,13114,東京都,中野区,中野,中野(東京),7,28000000,１Ｋ,20,2006年,ＲＣ,住宅,住宅,１中住専,60,200,2026年第1四半期,改装済み,
中古マンション等,不動産取引価格情報,13114,東京都,中野区,中野,東中野,11,110000000,３ＬＤＫ,75,2006年,ＲＣ,住宅,住宅,１低住専,60,150,2026年第1四半期,改装済み,
中古マンション等,不動産取引価格情報,13114,東京都,中野区,沼袋,沼袋,6,8800000,１Ｒ,15,1989年,ＲＣ,住宅,住宅,近隣商業,80,300,2026年第1四半期,未改装,
中古マンション等,不動産取引価格情報,13114,東京都,中野区,野方,野方,5,19000000,１Ｋ,20,2007年,ＲＣ,住宅,住宅,１種住居,60,200,2026年第1四半期,未改装,
中古マンション等,不動産取引価格情報,13114,東京都,中野区,野方,野方,5,34000000,２ＤＫ,50,1969年,ＲＣ,住宅,住宅,近隣商業,80,300,2026年第1四半期,改装済み,
中古マンション等,不動産取引価格情報,13114,東京都,中野区,野方,野方,6,42000000,１Ｒ,15,1985年,ＲＣ,住宅,住宅,近隣商業,80,300,2026年第1四半期,未改装,
中古マンション等,不動産取引価格情報,13114,東京都,中野区,東中野,落合,2,12000000,１Ｋ,15,1986年,ＳＲＣ,住宅,住宅,近隣商業,80,400,2026年第1四半期,未改装,
中古マンション等,不動産取引価格情報,13114,東京都,中野区,東中野,東中野,8,100000000,３ＬＤＫ,65,2002年,ＲＣ,住宅,住宅,１低住専,60,150,2026年第1四半期,改装済み,
中古マンション等,不動産取引価格情報,13114,東京都,中野区,東中野,東中野,2,65000000,２ＬＤＫ,50,2018年,ＲＣ,住宅,住宅,商業,80,500,2026年第1四半期,未改装,
中古マンション等,不動産取引価格情報,13114,東京都,中野区,東中野,東中野,3,50000000,１ＬＤＫ,40,2018年,ＲＣ,住宅,住宅,商業,80,500,2026年第1四半期,未改装,
中古マンション等,不動産取引価格情報,13114,東京都,中野区,東中野,東中野,3,40000000,１Ｋ,30,2018年,ＲＣ,住宅,住宅,商業,80,500,2026年第1四半期,未改装,
中古マンション等,不動産取引価格情報,13114,東京都,中野区,東中野,東中野,4,38000000,１Ｋ,25,2020年,ＲＣ,住宅,住宅,近隣商業,80,300,2026年第1四半期,,
中古マンション等,不動産取引価格情報,13114,東京都,中野区,東中野,東中野,4,48000000,１ＬＤＫ,35,2007年,ＲＣ,住宅,住宅,近隣商業,80,400,2026年第1四半期,未改装,
中古マンション等,不動産取引価格情報,13114,東京都,中野区,東中野,東中野,2,25000000,１Ｋ,20,2005年,ＲＣ,住宅,住宅,商業,80,500,2026年第1四半期,未改装,
中古マンション等,不動産取引価格情報,13114,東京都,中野区,本町,新中野,3,18000000,１Ｋ,15,1994年,ＳＲＣ,住宅,住宅,商業,80,400,2026年第1四半期,,
中古マンション等,不動産取引価格情報,13114,東京都,中野区,本町,新中野,5,42000000,１ＤＫ,25,2020年,ＲＣ,住宅,住宅,,,,2026年第1四半期,,
中古マンション等,不動産取引価格情報,13114,東京都,中野区,本町,新中野,7,12000000,１Ｋ,15,1989年,ＲＣ,住宅,その他,１中住専,60,200,2026年第1四半期,未改装,
中古マンション等,不動産取引価格情報,13114,東京都,中野区,本町,新中野,5,40000000,１ＤＫ,25,2020年,ＲＣ,住宅,住宅,近隣商業,80,400,2026年第1四半期,未改装,
中古マンション等,不動産取引価格情報,13114,東京都,中野区,本町,新中野,5,39000000,１ＤＫ,25,2020年,ＲＣ,住宅,住宅,近隣商業,80,400,2026年第1四半期,未改装,
中古マンション等,不動産取引価格情報,13114,東京都,中野区,本町,中野坂上,4,26000000,１ＤＫ,30,1973年,ＳＲＣ,住宅,住宅,商業,80,500,2026年第1四半期,改装済み,
中古マンション等,不動産取引価格情報,13114,東京都,中野区,本町,中野坂上,2,110000000,３ＬＤＫ,95,1996年,ＳＲＣ,住宅,住宅,商業,80,500,2026年第1四半期,未改装,
中古マンション等,不動産取引価格情報,13114,東京都,中野区,本町,中野坂上,8,120000000,３ＬＤＫ,70,2011年,ＲＣ,住宅,,１中住専,60,200,2026年第1四半期,未改装,
中古マンション等,不動産取引価格情報,13114,東京都,中野区,本町,中野富士見町,5,11000000,１Ｋ,15,1985年,ＲＣ,住宅,住宅,１中住専,60,200,2026年第1四半期,,
中古マンション等,不動産取引価格情報,13114,東京都,中野区,松が丘,新井薬師前,9,29000000,１Ｋ,25,2021年,,住宅,住宅,,,,2026年第1四半期,未改装,
中古マンション等,不動産取引価格情報,13114,東京都,中野区,松が丘,新井薬師前,7,13000000,１Ｋ,20,1990年,ＲＣ,住宅,住宅,１低住専,60,150,2026年第1四半期,未改装,
中古マンション等,不動産取引価格情報,13114,東京都,中野区,丸山,野方,8,38000000,２ＤＫ,35,2010年,ＲＣ,住宅,その他,近隣商業,80,300,2026年第1四半期,改装済み,
中古マンション等,不動産取引価格情報,13114,東京都,中野区,丸山,野方,7,19000000,１Ｋ,20,2005年,ＲＣ,住宅,住宅,近隣商業,80,300,2026年第1四半期,,
中古マンション等,不動産取引価格情報,13114,東京都,中野区,丸山,野方,10,64000000,３ＬＤＫ,70,2004年,ＲＣ,住宅,住宅,１低住専,60,150,2026年第1四半期,未改装,
中古マンション等,不動産取引価格情報,13114,東京都,中野区,南台,笹塚,12,32000000,,25,2021年,ＲＣ,住宅,,近隣商業,80,300,2026年第1四半期,,
中古マンション等,不動産取引価格情報,13114,東京都,中野区,南台,中野富士見町,10,26000000,,20,2011年,ＲＣ,,,近隣商業,80,400,2026年第1四半期,,
中古マンション等,不動産取引価格情報,13114,東京都,中野区,南台,中野富士見町,10,26000000,１Ｋ,20,2011年,ＲＣ,住宅,住宅,近隣商業,80,400,2026年第1四半期,,
中古マンション等,不動産取引価格情報,13114,東京都,中野区,南台,中野富士見町,11,53000000,２ＤＫ,40,2010年,ＲＣ,住宅,住宅,近隣商業,80,400,2026年第1四半期,未改装,
中古マンション等,不動産取引価格情報,13114,東京都,中野区,南台,幡ケ谷,12,20000000,１Ｋ,20,2006年,ＲＣ,住宅,住宅,近隣商業,80,400,2026年第1四半期,未改装,
中古マンション等,不動産取引価格情報,13114,東京都,中野区,弥生町,中野新橋,5,34000000,１ＬＤＫ,25,2017年,ＲＣ,住宅,住宅,１種住居,60,200,2026年第1四半期,未改装,
中古マンション等,不動産取引価格情報,13114,東京都,中野区,弥生町,中野富士見町,5,37000000,２ＬＤＫ,30,2004年,ＲＣ,住宅,住宅,近隣商業,80,400,2026年第1四半期,未改装,
中古マンション等,不動産取引価格情報,13114,東京都,中野区,弥生町,中野富士見町,7,73000000,３ＬＤＫ,60,2000年,ＲＣ,住宅,住宅,１種住居,60,200,2026年第1四半期,改装済み,
中古マンション等,不動産取引価格情報,13114,東京都,中野区,若宮,都立家政,10,24000000,１ＬＤＫ,30,1992年,ＲＣ,住宅,住宅,１低住専,60,150,2026年第1四半期,改装済み,
中古マンション等,成約価格情報,13115,東京都,杉並区,井草,井荻,5,9500000,１Ｒ,20,1991年,ＲＣ,,,２中住専,,,2026年第1四半期,,
中古マンション等,成約価格情報,13115,東京都,杉並区,井草,下井草,2,15000000,１ＬＤＫ,35,1979年,ＲＣ,,,近隣商業,,,2026年第1四半期,,
中古マンション等,成約価格情報,13115,東京都,杉並区,井草,井荻,11,75000000,３ＬＤＫ,80,2007年,ＲＣ,,,１中住専,,,2026年第1四半期,,
中古マンション等,成約価格情報,13115,東京都,杉並区,井草,井荻,11,80000000,３ＬＤＫ,80,2007年,ＲＣ,,,１中住専,,,2026年第1四半期,,
中古マンション等,成約価格情報,13115,東京都,杉並区,井草,井荻,7,84000000,３ＬＤＫ,70,2022年,ＲＣ,,,１低住専,,,2026年第1四半期,,
中古マンション等,成約価格情報,13115,東京都,杉並区,井草,下井草,2,26000000,２ＬＤＫ,50,1973年,ＳＲＣ,,,近隣商業,,,2026年第1四半期,,
中古マンション等,成約価格情報,13115,東京都,杉並区,今川,上井草,12,57000000,３ＬＤＫ,75,1998年,ＲＣ,,,１低住専,,,2026年第1四半期,,
中古マンション等,成約価格情報,13115,東京都,杉並区,今川,荻窪,,65000000,２ＬＤＫ,95,1989年,ＲＣ,,,１低住専,,,2026年第1四半期,,
中古マンション等,成約価格情報,13115,東京都,杉並区,今川,荻窪,,50000000,２ＬＤＫ,65,1996年,ＲＣ,,,１中住専,,,2026年第1四半期,,
中古マンション等,成約価格情報,13115,東京都,杉並区,今川,上井草,15,55000000,３ＬＤＫ＋Ｓ,100,1974年,ＲＣ,,,２中住専,,,2026年第1四半期,,
中古マンション等,成約価格情報,13115,東京都,杉並区,今川,荻窪,,50000000,１ＬＤＫ＋Ｓ,65,1996年,ＲＣ,,,１中住専,,,2026年第1四半期,,
中古マンション等,成約価格情報,13115,東京都,杉並区,今川,井荻,14,74000000,３ＬＤＫ,95,2001年,ＲＣ,,,１低住専,,,2026年第1四半期,,
中古マンション等,成約価格情報,13115,東京都,杉並区,今川,上井草,13,22000000,３ＬＤＫ,60,1974年,ＲＣ,,,１低住専,,,2026年第1四半期,,
中古マンション等,成約価格情報,13115,東京都,杉並区,永福,永福町,10,70000000,２ＬＤＫ,90,1980年,ＲＣ,,,準住居,,,2026年第1四半期,,
中古マンション等,成約価格情報,13115,東京都,杉並区,永福,永福町,6,53000000,１ＬＤＫ,45,2001年,ＲＣ,,,近隣商業,,,2026年第1四半期,,
中古マンション等,成約価格情報,13115,東京都,杉並区,永福,永福町,5,49000000,１Ｒ,50,2004年,ＲＣ,,,１中住専,,,2026年第1四半期,改装済み,
中古マンション等,成約価格情報,13115,東京都,杉並区,永福,永福町,3,55000000,１ＬＤＫ,35,2014年,ＲＣ,,,近隣商業,,,2026年第1四半期,,
中古マンション等,成約価格情報,13115,東京都,杉並区,永福,永福町,6,53000000,１ＬＤＫ,45,2001年,ＲＣ,,,近隣商業,,,2026年第1四半期,,
中古マンション等,成約価格情報,13115,東京都,杉並区,荻窪,荻窪,4,48000000,１ＬＤＫ,40,2005年,ＲＣ,,,近隣商業,,,2026年第1四半期,,
中古マンション等,成約価格情報,13115,東京都,杉並区,荻窪,荻窪,15,68000000,３ＬＤＫ,65,2005年,ＲＣ,,,準住居,,,2026年第1四半期,,
中古マンション等,成約価格情報,13115,東京都,杉並区,荻窪,荻窪,4,45000000,１ＬＤＫ,55,1969年,ＲＣ,,,１中住専,,,2026年第1四半期,,
中古マンション等,成約価格情報,13115,東京都,杉並区,荻窪,荻窪,5,130000000,３ＬＤＫ,70,2014年,ＲＣ,,,２種住居,,,2026年第1四半期,,
中古マンション等,成約価格情報,13115,東京都,杉並区,荻窪,荻窪,2,25000000,１ＬＤＫ＋Ｓ,55,1974年,ＲＣ,,,２種住居,,,2026年第1四半期,,
中古マンション等,成約価格情報,13115,東京都,杉並区,荻窪,荻窪,4,85000000,２ＬＤＫ,65,2005年,ＲＣ,,,近隣商業,,,2026年第1四半期,,
中古マンション等,成約価格情報,13115,東京都,杉並区,荻窪,荻窪,10,81000000,２ＬＤＫ,55,2017年,ＲＣ,,,１低住専,,,2026年第1四半期,,
中古マンション等,成約価格情報,13115,東京都,杉並区,荻窪,荻窪,8,30000000,１ＤＫ,30,1987年,ＲＣ,,,商業,,,2026年第1四半期,改装済み,
中古マンション等,成約価格情報,13115,東京都,杉並区,荻窪,荻窪,4,33000000,２ＤＫ,50,1969年,ＲＣ,,,１中住専,,,2026年第1四半期,,
中古マンション等,成約価格情報,13115,東京都,杉並区,荻窪,荻窪,4,110000000,３ＬＤＫ,125,1992年,ＳＲＣ,,,商業,,,2026年第1四半期,,
中古マンション等,成約価格情報,13115,東京都,杉並区,荻窪,荻窪,15,120000000,３ＬＤＫ,70,2017年,ＲＣ,,,１低住専,,,2026年第1四半期,,
中古マンション等,成約価格情報,13115,東京都,杉並区,荻窪,荻窪,4,34000000,１ＬＤＫ,45,1972年,ＲＣ,,,商業,,,2026年第1四半期,,
中古マンション等,成約価格情報,13115,東京都,杉並区,荻窪,荻窪,5,120000000,４ＬＤＫ,85,1993年,ＳＲＣ,,,商業,,,2026年第1四半期,,
中古マンション等,成約価格情報,13115,東京都,杉並区,荻窪,荻窪,12,94000000,３ＬＤＫ,80,2001年,ＲＣ,,,１低住専,,,2026年第1四半期,,
中古マンション等,成約価格情報,13115,東京都,杉並区,荻窪,荻窪,12,110000000,４ＬＤＫ,90,2001年,ＲＣ,,,１低住専,,,2026年第1四半期,,
中古マンション等,成約価格情報,13115,東京都,杉並区,荻窪,荻窪,10,78000000,３ＬＤＫ,70,1997年,ＳＲＣ,,,１低住専,,,2026年第1四半期,,
中古マンション等,成約価格情報,13115,東京都,杉並区,荻窪,荻窪,14,110000000,３ＬＤＫ,80,2004年,ＲＣ,,,１低住専,,,2026年第1四半期,,
中古マンション等,成約価格情報,13115,東京都,杉並区,荻窪,荻窪,3,46000000,２ＬＤＫ,50,1971年,ＲＣ,,,２低住専,,,2026年第1四半期,,
中古マンション等,成約価格情報,13115,東京都,杉並区,荻窪,荻窪,2,44000000,４ＬＤＫ,85,1981年,ＲＣ,,,１種住居,,,2026年第1四半期,,
中古マンション等,成約価格情報,13115,東京都,杉並区,荻窪,荻窪,12,95000000,３ＬＤＫ,75,2001年,ＲＣ,,,１低住専,,,2026年第1四半期,,
中古マンション等,成約価格情報,13115,東京都,杉並区,上荻,荻窪,13,25000000,１Ｒ,25,2017年,ＲＣ,,,商業,,,2026年第1四半期,,
中古マンション等,成約価格情報,13115,東京都,杉並区,上荻,荻窪,9,15000000,２ＤＫ,45,1974年,ＳＲＣ,,,商業,,,2026年第1四半期,,
中古マンション等,成約価格情報,13115,東京都,杉並区,上荻,西荻窪,5,36000000,２ＤＫ,60,1967年,ＲＣ,,,１低住専,,,2026年第1四半期,,
中古マンション等,成約価格情報,13115,東京都,杉並区,上荻,荻窪,6,35000000,１Ｒ,30,2000年,ＲＣ,,,近隣商業,,,2026年第1四半期,,
中古マンション等,成約価格情報,13115,東京都,杉並区,上荻,荻窪,4,64000000,１ＬＤＫ,35,2019年,ＲＣ,,,近隣商業,,,2026年第1四半期,,
中古マンション等,成約価格情報,13115,東京都,杉並区,上荻,荻窪,8,25000000,１Ｋ,20,2009年,ＲＣ,,,近隣商業,,,2026年第1四半期,,
中古マンション等,成約価格情報,13115,東京都,杉並区,上荻,荻窪,8,60000000,１ＬＤＫ,45,2006年,ＲＣ,,,２中住専,,,2026年第1四半期,,
中古マンション等,成約価格情報,13115,東京都,杉並区,上荻,荻窪,3,50000000,１ＬＤＫ,60,1973年,ＳＲＣ,,,商業,,,2026年第1四半期,,
中古マンション等,成約価格情報,13115,東京都,杉並区,高円寺北,高円寺,5,9800000,１Ｒ,20,1988年,ＲＣ,,,近隣商業,,,2026年第1四半期,,
中古マンション等,成約価格情報,13115,東京都,杉並区,高円寺北,高円寺,8,28000000,２Ｋ,35,1971年,ＲＣ,,,１低住専,,,2026年第1四半期,,
中古マンション等,成約価格情報,13115,東京都,杉並区,高円寺北,高円寺,4,81000000,１ＬＤＫ,60,2006年,ＲＣ,,,１中住専,,,2026年第1四半期,,
中古マンション等,成約価格情報,13115,東京都,杉並区,高円寺北,高円寺,2,87000000,２ＬＤＫ,65,2001年,ＳＲＣ,,,商業,,,2026年第1四半期,,
中古マンション等,成約価格情報,13115,東京都,杉並区,高円寺北,高円寺,2,43000000,１ＤＫ,35,2009年,ＲＣ,,,商業,,,2026年第1四半期,改装済み,
中古マンション等,成約価格情報,13115,東京都,杉並区,清水,荻窪,9,19000000,１Ｋ,25,2006年,ＲＣ,,,近隣商業,,,2026年第1四半期,,
中古マンション等,成約価格情報,13115,東京都,杉並区,善福寺,西荻窪,16,50000000,２ＤＫ＋Ｓ,55,2003年,ＲＣ,,,近隣商業,,,2026年第1四半期,,
中古マンション等,成約価格情報,13115,東京都,杉並区,善福寺,西荻窪,13,26000000,１ＬＤＫ,40,1975年,ＲＣ,,,商業,,,2026年第1四半期,,
中古マンション等,成約価格情報,13115,東京都,杉並区,成田東,西永福,16,59000000,２ＬＤＫ,90,2008年,ＲＣ,,,１低住専,,,2026年第1四半期,,
中古マンション等,成約価格情報,13115,東京都,杉並区,成田東,南阿佐ケ谷,7,91000000,２ＬＤＫ＋Ｓ,60,2016年,ＲＣ,,,１低住専,,,2026年第1四半期,,
中古マンション等,成約価格情報,13115,東京都,杉並区,成田東,南阿佐ケ谷,6,47000000,１ＬＤＫ,50,1985年,ＲＣ,,,１低住専,,,2026年第1四半期,,
中古マンション等,成約価格情報,13115,東京都,杉並区,成田東,南阿佐ケ谷,1,86000000,１ＬＤＫ,45,2020年,ＲＣ,,,商業,,,2026年第1四半期,,
中古マンション等,成約価格情報,13115,東京都,杉並区,成田東,南阿佐ケ谷,7,140000000,３ＬＤＫ,85,2016年,ＲＣ,,,１低住専,,,2026年第1四半期,,
中古マンション等,成約価格情報,13115,東京都,杉並区,成田東,南阿佐ケ谷,6,130000000,３ＬＤＫ＋Ｓ,85,2016年,ＲＣ,,,１低住専,,,2026年第1四半期,,
中古マンション等,成約価格情報,13115,東京都,杉並区,成田東,南阿佐ケ谷,6,140000000,３ＬＤＫ,85,2016年,ＲＣ,,,１低住専,,,2026年第1四半期,,
中古マンション等,成約価格情報,13115,東京都,杉並区,成田東,南阿佐ケ谷,6,6500000,１Ｒ,15,1984年,ＲＣ,,,１中住専,,,2026年第1四半期,,
中古マンション等,成約価格情報,13115,東京都,杉並区,成田東,南阿佐ケ谷,7,100000000,２ＬＤＫ,60,2012年,ＲＣ,,,商業,,,2026年第1四半期,,
中古マンション等,成約価格情報,13115,東京都,杉並区,成田東,南阿佐ケ谷,9,20000000,１Ｋ,35,1997年,ＲＣ,,,商業,,,2026年第1四半期,,
中古マンション等,成約価格情報,13115,東京都,杉並区,成田東,南阿佐ケ谷,13,78000000,３ＬＤＫ,70,2010年,ＲＣ,,,１低住専,,,2026年第1四半期,,
中古マンション等,成約価格情報,13115,東京都,杉並区,成田東,南阿佐ケ谷,7,99000000,２ＬＤＫ,60,2012年,ＲＣ,,,商業,,,2026年第1四半期,,
中古マンション等,成約価格情報,13115,東京都,杉並区,成田東,西永福,15,82000000,３ＬＤＫ,70,2015年,ＲＣ,,,１低住専,,,2026年第1四半期,,
中古マンション等,成約価格情報,13115,東京都,杉並区,成田東,荻窪,12,18000000,１Ｋ,30,1997年,ＲＣ,,,商業,,,2026年第1四半期,,
中古マンション等,成約価格情報,13115,東京都,杉並区,南荻窪,荻窪,5,70000000,３ＬＤＫ,75,1987年,ＲＣ,,,近隣商業,,,2026年第1四半期,,
中古マンション等,成約価格情報,13115,東京都,杉並区,南荻窪,荻窪,6,12000000,１Ｒ,15,1985年,ＲＣ,,,１低住専,,,2026年第1四半期,,
中古マンション等,成約価格情報,13115,東京都,杉並区,阿佐谷北,阿佐ケ谷,9,47000000,２ＬＤＫ,50,1984年,ＲＣ,,,近隣商業,,,2026年第1四半期,改装済み,
中古マンション等,成約価格情報,13115,東京都,杉並区,阿佐谷北,阿佐ケ谷,14,14000000,１Ｋ,25,1991年,ＲＣ,,,近隣商業,,,2026年第1四半期,,
中古マンション等,成約価格情報,13115,東京都,杉並区,阿佐谷南,阿佐ケ谷,2,150000000,３ＬＤＫ,80,2011年,ＲＣ,,,商業,,,2026年第1四半期,,
中古マンション等,成約価格情報,13115,東京都,杉並区,阿佐谷南,南阿佐ケ谷,2,25000000,１Ｋ,25,2003年,ＲＣ,,,商業,,,2026年第1四半期,,
中古マンション等,成約価格情報,13115,東京都,杉並区,阿佐谷南,阿佐ケ谷,4,85000000,１ＬＤＫ,60,2011年,ＲＣ,,,１中住専,,,2026年第1四半期,,
中古マンション等,成約価格情報,13115,東京都,杉並区,阿佐谷南,阿佐ケ谷,2,230000000,２ＬＤＫ,80,2011年,ＲＣ,,,商業,,,2026年第1四半期,,
中古マンション等,成約価格情報,13115,東京都,杉並区,阿佐谷南,南阿佐ケ谷,2,37000000,１ＤＫ,30,2003年,ＲＣ,,,商業,,,2026年第1四半期,,
中古マンション等,成約価格情報,13115,東京都,杉並区,阿佐谷南,南阿佐ケ谷,3,18000000,１Ｋ,25,2000年,ＲＣ,,,商業,,,2026年第1四半期,,
中古マンション等,成約価格情報,13115,東京都,杉並区,和泉,代田橋,9,39000000,１ＬＤＫ,45,1986年,ＲＣ,,,１中住専,,,2026年第1四半期,,
中古マンション等,成約価格情報,13115,東京都,杉並区,和泉,方南町,4,13000000,１Ｋ,25,1989年,ＲＣ,,,準工業,,,2026年第1四半期,,
中古マンション等,成約価格情報,13115,東京都,杉並区,和泉,代田橋,6,41000000,１ＬＤＫ,45,2007年,ＲＣ,,,商業,,,2026年第1四半期,,
中古マンション等,成約価格情報,13115,東京都,杉並区,和泉,方南町,2,41000000,２ＬＤＫ,55,1972年,ＲＣ,,,１中住専,,,2026年第1四半期,改装済み,
中古マンション等,成約価格情報,13115,東京都,杉並区,和泉,方南町,4,14000000,１Ｋ,20,1992年,ＲＣ,,,近隣商業,,,2026年第1四半期,,
中古マンション等,成約価格情報,13115,東京都,杉並区,和泉,永福町,5,110000000,４ＬＤＫ,85,1999年,ＲＣ,,,１低住専,,,2026年第1四半期,,
中古マンション等,成約価格情報,13115,東京都,杉並区,和泉,方南町,2,36000000,２ＬＤＫ,55,1972年,ＲＣ,,,１中住専,,,2026年第1四半期,,
中古マンション等,成約価格情報,13115,東京都,杉並区,和泉,明大前,10,70000000,３ＬＤＫ,70,1999年,ＲＣ,,,１中住専,,,2026年第1四半期,,
中古マンション等,成約価格情報,13115,東京都,杉並区,上井草,上井草,12,49000000,３ＬＤＫ,75,1997年,ＲＣ,,,２中住専,,,2026年第1四半期,,
中古マンション等,成約価格情報,13115,東京都,杉並区,上井草,上井草,7,66000000,３ＬＤＫ,80,2005年,ＲＣ,,,１低住専,,,2026年第1四半期,,
中古マンション等,成約価格情報,13115,東京都,杉並区,上井草,井荻,7,8500000,１Ｒ,30,1977年,鉄骨造,,,近隣商業,,,2026年第1四半期,,
中古マンション等,成約価格情報,13115,東京都,杉並区,上高井戸,芦花公園,1,39000000,１ＤＫ,40,1998年,ＲＣ,,,近隣商業,,,2026年第1四半期,,
中古マンション等,成約価格情報,13115,東京都,杉並区,上高井戸,八幡山,7,9800000,１Ｒ,15,1986年,ＲＣ,,,１低住専,,,2026年第1四半期,,
中古マンション等,成約価格情報,13115,東京都,杉並区,上高井戸,高井戸,10,49000000,３ＬＤＫ,60,1995年,ＲＣ,,,１種住居,,,2026年第1四半期,,
中古マンション等,成約価格情報,13115,東京都,杉並区,上高井戸,芦花公園,3,25000000,２Ｋ,30,2002年,ＲＣ,,,１低住専,,,2026年第1四半期,,
中古マンション等,成約価格情報,13115,東京都,杉並区,上高井戸,芦花公園,4,48000000,４ＤＫ,85,1974年,ＳＲＣ,,,準住居,,,2026年第1四半期,,
中古マンション等,成約価格情報,13115,東京都,杉並区,上高井戸,高井戸,10,50000000,２ＬＤＫ,55,2001年,ＳＲＣ,,,１種住居,,,2026年第1四半期,,
中古マンション等,成約価格情報,13115,東京都,杉並区,松庵,西荻窪,9,44000000,１ＬＤＫ,45,2014年,ＲＣ,,,近隣商業,,,2026年第1四半期,,
中古マンション等,成約価格情報,13115,東京都,杉並区,松庵,西荻窪,12,10000000,１Ｋ,20,1991年,ＲＣ,,,準住居,,,2026年第1四半期,,
中古マンション等,成約価格情報,13115,東京都,杉並区,松庵,西荻窪,10,130000000,３ＬＤＫ,75,2017年,ＲＣ,,,２種住居,,,2026年第1四半期,,
中古マンション等,成約価格情報,13115,東京都,杉並区,松庵,西荻窪,13,44000000,３ＤＫ,70,1986年,ＲＣ,,,準住居,,,2026年第1四半期,,
中古マンション等,成約価格情報,13115,東京都,杉並区,松庵,西荻窪,6,56000000,１ＬＤＫ,35,1999年,ＲＣ,,,１低住専,,,2026年第1四半期,,
中古マンション等,成約価格情報,13115,東京都,杉並区,浜田山,西永福,7,140000000,４ＬＤＫ,100,1997年,ＲＣ,,,１低住専,,,2026年第1四半期,,
中古マンション等,成約価格情報,13115,東京都,杉並区,浜田山,浜田山,9,110000000,３ＬＤＫ,75,2010年,ＲＣ,,,１低住専,,,2026年第1四半期,,
中古マンション等,成約価格情報,13115,東京都,杉並区,浜田山,浜田山,3,60000000,３ＬＤＫ,100,1977年,ＲＣ,,,１低住専,,,2026年第1四半期,,
中古マンション等,成約価格情報,13115,東京都,杉並区,本天沼,荻窪,14,58000000,２ＬＤＫ,75,1988年,ＲＣ,,,１低住専,,,2026年第1四半期,,
中古マンション等,成約価格情報,13115,東京都,杉並区,桃井,荻窪,18,66000000,３ＬＤＫ,75,2000年,ＲＣ,,,１低住専,,,2026年第1四半期,改装済み,
中古マンション等,成約価格情報,13115,東京都,杉並区,桃井,荻窪,,63000000,３ＬＤＫ,65,2013年,ＲＣ,,,準工業,,,2026年第1四半期,,
中古マンション等,成約価格情報,13115,東京都,杉並区,桃井,西荻窪,17,95000000,３ＬＤＫ,90,2005年,ＲＣ,,,準工業,,,2026年第1四半期,,
中古マンション等,成約価格情報,13115,東京都,杉並区,桃井,西荻窪,16,56000000,２ＬＤＫ,65,2004年,ＲＣ,,,商業,,,2026年第1四半期,,
中古マンション等,成約価格情報,13115,東京都,杉並区,桃井,西荻窪,19,53000000,３ＬＤＫ,65,1984年,ＲＣ,,,準工業,,,2026年第1四半期,,
中古マンション等,成約価格情報,13115,東京都,杉並区,桃井,西荻窪,17,80000000,３ＬＤＫ,80,2005年,ＲＣ,,,準工業,,,2026年第1四半期,,
中古マンション等,成約価格情報,13115,東京都,杉並区,和田,東高円寺,11,18000000,１ＬＤＫ,35,1980年,鉄骨造,,,２中住専,,,2026年第1四半期,,
中古マンション等,成約価格情報,13115,東京都,杉並区,和田,方南町,8,90000000,２ＬＤＫ＋Ｓ,75,2000年,ＲＣ,,,２中住専,,,2026年第1四半期,,
中古マンション等,成約価格情報,13115,東京都,杉並区,和田,中野富士見町,5,80000000,３ＬＤＫ,80,2002年,ＲＣ,,,１低住専,,,2026年第1四半期,,
中古マンション等,成約価格情報,13115,東京都,杉並区,和田,中野富士見町,7,14000000,２Ｋ,35,1972年,ＲＣ,,,準工業,,,2026年第1四半期,,
中古マンション等,成約価格情報,13115,東京都,杉並区,和田,方南町,9,83000000,３ＬＤＫ,75,2000年,ＲＣ,,,２中住専,,,2026年第1四半期,,
中古マンション等,成約価格情報,13115,東京都,杉並区,和田,東高円寺,9,70000000,２ＬＤＫ,60,1995年,ＳＲＣ,,,近隣商業,,,2026年第1四半期,,
中古マンション等,成約価格情報,13115,東京都,杉並区,和田,東高円寺,6,42000000,１ＬＤＫ,35,2007年,ＲＣ,,,１中住専,,,2026年第1四半期,,
中古マンション等,成約価格情報,13115,東京都,杉並区,和田,東高円寺,6,27000000,２ＤＫ,55,1988年,ＳＲＣ,,,近隣商業,,,2026年第1四半期,,
中古マンション等,成約価格情報,13115,東京都,杉並区,和田,中野富士見町,6,87000000,３ＬＤＫ,70,1997年,ＲＣ,,,１低住専,,,2026年第1四半期,,
中古マンション等,成約価格情報,13115,東京都,杉並区,和田,東高円寺,1,72000000,５ＬＤＫ,105,1974年,ＳＲＣ,,,商業,,,2026年第1四半期,,
中古マンション等,成約価格情報,13115,東京都,杉並区,和田,東高円寺,12,88000000,３ＬＤＫ,80,2012年,ＲＣ,,,２中住専,,,2026年第1四半期,,
中古マンション等,成約価格情報,13115,東京都,杉並区,和田,方南町,8,97000000,３ＬＤＫ,80,2000年,ＲＣ,,,２中住専,,,2026年第1四半期,,
中古マンション等,成約価格情報,13115,東京都,杉並区,和田,東高円寺,6,43000000,１ＬＤＫ,35,2007年,ＲＣ,,,１中住専,,,2026年第1四半期,,
中古マンション等,成約価格情報,13115,東京都,杉並区,和田,東高円寺,12,140000000,４ＬＤＫ,90,2012年,ＲＣ,,,２低住専,,,2026年第1四半期,,
中古マンション等,成約価格情報,13115,東京都,杉並区,和田,中野富士見町,2,110000000,３ＬＤＫ,75,2013年,ＲＣ,,,近隣商業,,,2026年第1四半期,,
中古マンション等,成約価格情報,13115,東京都,杉並区,和田,方南町,9,70000000,３ＬＤＫ,80,2000年,ＲＣ,,,２中住専,,,2026年第1四半期,,
中古マンション等,成約価格情報,13115,東京都,杉並区,天沼,荻窪,14,67000000,３ＬＤＫ,100,2002年,ＲＣ,,,１低住専,,,2026年第1四半期,,
中古マンション等,成約価格情報,13115,東京都,杉並区,天沼,荻窪,2,19000000,１Ｒ,25,1986年,ＲＣ,,,商業,,,2026年第1四半期,,
中古マンション等,成約価格情報,13115,東京都,杉並区,成田西,南阿佐ケ谷,14,86000000,２ＬＤＫ＋Ｓ,85,2000年,ＲＣ,,,１低住専,,,2026年第1四半期,改装済み,
中古マンション等,成約価格情報,13115,東京都,杉並区,方南,方南町,4,30000000,１ＬＤＫ,45,1982年,ＲＣ,,,１種住居,,,2026年第1四半期,,
中古マンション等,成約価格情報,13115,東京都,杉並区,方南,方南町,2,68000000,３ＬＤＫ,80,1969年,ＳＲＣ,,,商業,,,2026年第1四半期,,
中古マンション等,成約価格情報,13115,東京都,杉並区,方南,方南町,3,25000000,１ＤＫ,35,1973年,ＳＲＣ,,,近隣商業,,,2026年第1四半期,,
中古マンション等,成約価格情報,13115,東京都,杉並区,方南,方南町,7,110000000,３ＬＤＫ,70,2021年,ＲＣ,,,１低住専,,,2026年第1四半期,,
中古マンション等,成約価格情報,13115,東京都,杉並区,方南,方南町,2,30000000,１ＬＤＫ,45,1974年,ＲＣ,,,商業,,,2026年第1四半期,,
中古マンション等,成約価格情報,13115,東京都,杉並区,方南,方南町,2,120000000,３ＬＤＫ,70,2017年,ＲＣ,,,１中住専,,,2026年第1四半期,,
中古マンション等,成約価格情報,13115,東京都,杉並区,方南,方南町,4,21000000,１ＬＤＫ,70,1975年,ＳＲＣ,,,近隣商業,,,2026年第1四半期,,
中古マンション等,成約価格情報,13115,東京都,杉並区,方南,方南町,5,38000000,２ＬＤＫ,50,1977年,ＲＣ,,,近隣商業,,,2026年第1四半期,,
中古マンション等,成約価格情報,13115,東京都,杉並区,方南,方南町,9,50000000,２ＬＤＫ,50,1971年,ＳＲＣ,,,１低住専,,,2026年第1四半期,,
中古マンション等,成約価格情報,13115,東京都,杉並区,梅里,新高円寺,5,12000000,１Ｋ,20,1988年,ＲＣ,,,１種住居,,,2026年第1四半期,,
中古マンション等,成約価格情報,13115,東京都,杉並区,梅里,新高円寺,4,44000000,２ＬＤＫ,65,1973年,ＳＲＣ,,,商業,,,2026年第1四半期,,
中古マンション等,成約価格情報,13115,東京都,杉並区,梅里,新高円寺,8,22000000,２ＬＤＫ,45,1973年,ＳＲＣ,,,１中住専,,,2026年第1四半期,,
中古マンション等,成約価格情報,13115,東京都,杉並区,梅里,新高円寺,2,26000000,１ＬＤＫ,45,1973年,ＳＲＣ,,,商業,,,2026年第1四半期,,
中古マンション等,成約価格情報,13115,東京都,杉並区,梅里,新高円寺,5,14000000,１ＤＫ,35,1971年,ＳＲＣ,,,商業,,,2026年第1四半期,,
中古マンション等,成約価格情報,13115,東京都,杉並区,梅里,新高円寺,5,18000000,１ＤＫ,35,1971年,ＳＲＣ,,,商業,,,2026年第1四半期,,
中古マンション等,成約価格情報,13115,東京都,杉並区,久我山,久我山,8,120000000,３ＬＤＫ＋Ｓ,90,2010年,ＲＣ,,,準工業,,,2026年第1四半期,,
中古マンション等,成約価格情報,13115,東京都,杉並区,久我山,久我山,4,23000000,１ＬＤＫ,45,1968年,鉄骨造,,,近隣商業,,,2026年第1四半期,改装済み,
中古マンション等,成約価格情報,13115,東京都,杉並区,久我山,久我山,9,83000000,３ＬＤＫ,80,2003年,ＲＣ,,,１中住専,,,2026年第1四半期,,
中古マンション等,成約価格情報,13115,東京都,杉並区,久我山,久我山,4,80000000,３ＬＤＫ,115,1966年,ＲＣ,,,１中住専,,,2026年第1四半期,改装済み,
中古マンション等,成約価格情報,13115,東京都,杉並区,久我山,久我山,2,33000000,１ＬＤＫ,40,1974年,ＳＲＣ,,,２中住専,,,2026年第1四半期,,
中古マンション等,成約価格情報,13115,東京都,杉並区,久我山,久我山,8,99000000,２ＬＤＫ,80,2014年,ＲＣ,,,２中住専,,,2026年第1四半期,,
中古マンション等,成約価格情報,13115,東京都,杉並区,久我山,久我山,4,35000000,１ＬＤＫ,40,1968年,ＲＣ,,,１中住専,,,2026年第1四半期,,
中古マンション等,成約価格情報,13115,東京都,杉並区,高円寺南,東高円寺,7,80000000,１ＬＤＫ,60,2006年,ＲＣ,,,１低住専,,,2026年第1四半期,,
中古マンション等,成約価格情報,13115,東京都,杉並区,高円寺南,中野(東京),9,120000000,２ＬＤＫ,70,2015年,ＲＣ,,,１低住専,,,2026年第1四半期,,
中古マンション等,成約価格情報,13115,東京都,杉並区,高円寺南,中野(東京),9,110000000,２ＬＤＫ,60,2015年,ＲＣ,,,１低住専,,,2026年第1四半期,,
中古マンション等,成約価格情報,13115,東京都,杉並区,高円寺南,中野(東京),9,69000000,２ＬＤＫ,55,2006年,ＲＣ,,,１低住専,,,2026年第1四半期,,
中古マンション等,成約価格情報,13115,東京都,杉並区,高円寺南,東高円寺,1,47000000,２ＤＫ,50,1974年,ＳＲＣ,,,近隣商業,,,2026年第1四半期,,
中古マンション等,成約価格情報,13115,東京都,杉並区,高円寺南,高円寺,7,19000000,２Ｋ,35,1973年,ＳＲＣ,,,１中住専,,,2026年第1四半期,,
中古マンション等,成約価格情報,13115,東京都,杉並区,高円寺南,高円寺,7,18000000,２Ｋ,35,1973年,ＳＲＣ,,,１中住専,,,2026年第1四半期,,
中古マンション等,成約価格情報,13115,東京都,杉並区,高円寺南,東高円寺,7,30000000,２ＬＤＫ,50,1968年,ＲＣ,,,１低住専,,,2026年第1四半期,,
中古マンション等,成約価格情報,13115,東京都,杉並区,高円寺南,新高円寺,1,68000000,３ＬＤＫ,70,1972年,ＳＲＣ,,,商業,,,2026年第1四半期,,
中古マンション等,成約価格情報,13115,東京都,杉並区,高円寺南,高円寺,3,98000000,３ＬＤＫ＋Ｓ,120,1990年,ＳＲＣ,,,商業,,,2026年第1四半期,改装済み,
中古マンション等,成約価格情報,13115,東京都,杉並区,高円寺南,中野(東京),8,74000000,２ＬＤＫ,55,2000年,ＲＣ,,,１低住専,,,2026年第1四半期,,
中古マンション等,成約価格情報,13115,東京都,杉並区,高円寺南,東高円寺,5,57000000,２ＤＫ,60,1998年,ＲＣ,,,近隣商業,,,2026年第1四半期,,
中古マンション等,成約価格情報,13115,東京都,杉並区,高円寺南,高円寺,2,70000000,２ＬＤＫ,55,1979年,ＳＲＣ,,,商業,,,2026年第1四半期,,
中古マンション等,成約価格情報,13115,東京都,杉並区,高円寺南,東高円寺,2,52000000,１ＬＤＫ,40,2007年,ＲＣ,,,１中住専,,,2026年第1四半期,,
中古マンション等,成約価格情報,13115,東京都,杉並区,高円寺南,高円寺,8,47000000,１ＬＤＫ,40,2005年,ＲＣ,,,近隣商業,,,2026年第1四半期,,
中古マンション等,成約価格情報,13115,東京都,杉並区,高円寺南,新高円寺,3,35000000,１ＬＤＫ,40,1972年,ＳＲＣ,,,商業,,,2026年第1四半期,,
中古マンション等,成約価格情報,13115,東京都,杉並区,高円寺南,東高円寺,2,48000000,１ＤＫ,35,2007年,ＲＣ,,,１中住専,,,2026年第1四半期,,
中古マンション等,成約価格情報,13115,東京都,杉並区,高円寺南,高円寺,8,20000000,１Ｋ,30,1970年,ＳＲＣ,,,近隣商業,,,2026年第1四半期,,
中古マンション等,成約価格情報,13115,東京都,杉並区,下井草,鷺ノ宮,14,15000000,１Ｋ,20,2005年,ＲＣ,,,１種住居,,,2026年第1四半期,,
中古マンション等,成約価格情報,13115,東京都,杉並区,下井草,井荻,3,21000000,２ＬＤＫ,75,1977年,ＲＣ,,,近隣商業,,,2026年第1四半期,,
中古マンション等,成約価格情報,13115,東京都,杉並区,下井草,下井草,13,4300000,１Ｒ,20,1989年,ＲＣ,,,近隣商業,,,2026年第1四半期,,
中古マンション等,成約価格情報,13115,東京都,杉並区,下高井戸,桜上水,6,62000000,１ＬＤＫ,55,2011年,ＲＣ,,,１低住専,,,2026年第1四半期,,
中古マンション等,成約価格情報,13115,東京都,杉並区,下高井戸,桜上水,7,68000000,３ＬＤＫ,85,1971年,ＳＲＣ,,,近隣商業,,,2026年第1四半期,,
中古マンション等,成約価格情報,13115,東京都,杉並区,下高井戸,桜上水,5,35000000,２ＬＤＫ,50,1975年,ＳＲＣ,,,近隣商業,,,2026年第1四半期,,
中古マンション等,成約価格情報,13115,東京都,杉並区,下高井戸,桜上水,7,22000000,１ＬＤＫ,45,1971年,ＳＲＣ,,,１低住専,,,2026年第1四半期,,
中古マンション等,成約価格情報,13115,東京都,杉並区,高井戸西,高井戸,4,70000000,２ＬＤＫ,60,2003年,ＲＣ,,,近隣商業,,,2026年第1四半期,,
中古マンション等,成約価格情報,13115,東京都,杉並区,高井戸西,高井戸,6,50000000,１ＬＤＫ,55,1999年,ＲＣ,,,１中住専,,,2026年第1四半期,,
中古マンション等,成約価格情報,13115,東京都,杉並区,高井戸西,高井戸,8,78000000,３ＬＤＫ,75,2000年,ＳＲＣ,,,１中住専,,,2026年第1四半期,,
中古マンション等,成約価格情報,13115,東京都,杉並区,高井戸西,高井戸,9,31000000,１ＤＫ,35,1996年,ＲＣ,,,準住居,,,2026年第1四半期,,
中古マンション等,成約価格情報,13115,東京都,杉並区,高井戸西,高井戸,10,45000000,２ＬＤＫ,55,2006年,ＲＣ,,,１種住居,,,2026年第1四半期,,
中古マンション等,成約価格情報,13115,東京都,杉並区,高井戸西,高井戸,2,67000000,１ＬＤＫ,65,1998年,ＲＣ,,,近隣商業,,,2026年第1四半期,,
中古マンション等,成約価格情報,13115,東京都,杉並区,高井戸西,高井戸,2,39000000,２ＤＫ,60,1977年,ＳＲＣ,,,近隣商業,,,2026年第1四半期,,
中古マンション等,成約価格情報,13115,東京都,杉並区,高井戸東,高井戸,5,100000000,４ＬＤＫ,90,1998年,ＲＣ,,,１中住専,,,2026年第1四半期,,
中古マンション等,成約価格情報,13115,東京都,杉並区,高井戸東,高井戸,4,110000000,３ＬＤＫ,85,1998年,ＲＣ,,,１中住専,,,2026年第1四半期,,
中古マンション等,成約価格情報,13115,東京都,杉並区,高井戸東,高井戸,13,64000000,３ＬＤＫ,75,2000年,ＲＣ,,,１低住専,,,2026年第1四半期,,
中古マンション等,成約価格情報,13115,東京都,杉並区,高井戸東,高井戸,13,64000000,３ＬＤＫ,75,1997年,ＲＣ,,,近隣商業,,,2026年第1四半期,,
中古マンション等,成約価格情報,13115,東京都,杉並区,高井戸東,高井戸,10,33000000,２ＬＤＫ,55,1985年,ＲＣ,,,準工業,,,2026年第1四半期,,
中古マンション等,成約価格情報,13115,東京都,杉並区,高井戸東,高井戸,10,59000000,３ＬＤＫ,65,2000年,ＲＣ,,,１低住専,,,2026年第1四半期,,
中古マンション等,成約価格情報,13115,東京都,杉並区,高井戸東,高井戸,5,27000000,１Ｋ,30,2009年,ＲＣ,,,近隣商業,,,2026年第1四半期,,
中古マンション等,成約価格情報,13115,東京都,杉並区,高井戸東,浜田山,6,270000000,３ＬＤＫ,130,2009年,ＲＣ,,,１中住専,,,2026年第1四半期,,
中古マンション等,成約価格情報,13115,東京都,杉並区,高井戸東,浜田山,4,250000000,４ＬＤＫ,115,2009年,ＲＣ,,,２中住専,,,2026年第1四半期,,
中古マンション等,成約価格情報,13115,東京都,杉並区,高井戸東,浜田山,8,260000000,３ＬＤＫ＋Ｓ,120,2009年,ＲＣ,,,１低住専,,,2026年第1四半期,,
中古マンション等,成約価格情報,13115,東京都,杉並区,高井戸東,浜田山,6,390000000,４ＬＤＫ,165,2009年,ＲＣ,,,１中住専,,,2026年第1四半期,,
中古マンション等,成約価格情報,13115,東京都,杉並区,高井戸東,高井戸,10,38000000,２ＤＫ,50,1985年,ＲＣ,,,準工業,,,2026年第1四半期,,
中古マンション等,成約価格情報,13115,東京都,杉並区,高井戸東,浜田山,6,330000000,４ＬＤＫ,150,2009年,ＲＣ,,,１中住専,,,2026年第1四半期,,
中古マンション等,成約価格情報,13115,東京都,杉並区,高井戸東,高井戸,2,23000000,２ＤＫ,40,1974年,ＳＲＣ,,,近隣商業,,,2026年第1四半期,,
中古マンション等,成約価格情報,13115,東京都,杉並区,高井戸東,浜田山,6,310000000,３ＬＤＫ＋Ｓ,140,2009年,ＲＣ,,,１中住専,,,2026年第1四半期,,
中古マンション等,成約価格情報,13115,東京都,杉並区,高井戸東,浜田山,10,67000000,２ＬＤＫ,60,1999年,ＲＣ,,,１中住専,,,2026年第1四半期,,
中古マンション等,成約価格情報,13115,東京都,杉並区,高井戸東,高井戸,2,28000000,１ＬＤＫ,35,1974年,ＳＲＣ,,,近隣商業,,,2026年第1四半期,,
中古マンション等,成約価格情報,13115,東京都,杉並区,高井戸東,高井戸,12,63000000,３ＬＤＫ,90,1985年,ＲＣ,,,準工業,,,2026年第1四半期,,
中古マンション等,成約価格情報,13115,東京都,杉並区,高井戸東,高井戸,12,66000000,３ＬＤＫ,70,1997年,ＲＣ,,,２種住居,,,2026年第1四半期,,
中古マンション等,成約価格情報,13115,東京都,杉並区,西荻北,西荻窪,8,19000000,１Ｒ,25,1990年,ＲＣ,,,１中住専,,,2026年第1四半期,,
中古マンション等,成約価格情報,13115,東京都,杉並区,西荻北,西荻窪,6,47000000,２ＬＤＫ,50,1970年,ＳＲＣ,,,近隣商業,,,2026年第1四半期,,
中古マンション等,成約価格情報,13115,東京都,杉並区,西荻北,西荻窪,6,12000000,１Ｋ,20,1991年,ＲＣ,,,近隣商業,,,2026年第1四半期,,
中古マンション等,成約価格情報,13115,東京都,杉並区,西荻北,西荻窪,8,19000000,１Ｒ,30,1984年,ＲＣ,,,１低住専,,,2026年第1四半期,,
中古マンション等,成約価格情報,13115,東京都,杉並区,西荻北,西荻窪,2,130000000,３ＬＤＫ,70,2011年,ＲＣ,,,商業,,,2026年第1四半期,,
中古マンション等,成約価格情報,13115,東京都,杉並区,西荻北,西荻窪,7,78000000,１ＬＤＫ,105,1973年,ＲＣ,,,１中住専,,,2026年第1四半期,,
中古マンション等,成約価格情報,13115,東京都,杉並区,西荻北,西荻窪,7,65000000,２ＬＤＫ,55,1987年,ＲＣ,,,１低住専,,,2026年第1四半期,,
中古マンション等,成約価格情報,13115,東京都,杉並区,西荻北,西荻窪,6,38000000,１Ｒ,45,1970年,ＳＲＣ,,,１低住専,,,2026年第1四半期,,
中古マンション等,成約価格情報,13115,東京都,杉並区,西荻北,西荻窪,1,85000000,２ＬＤＫ,65,2005年,ＳＲＣ,,,商業,,,2026年第1四半期,,
中古マンション等,成約価格情報,13115,東京都,杉並区,西荻北,西荻窪,6,35000000,３ＤＫ,50,1970年,鉄骨造,,,２中住専,,,2026年第1四半期,改装済み,
中古マンション等,成約価格情報,13115,東京都,杉並区,西荻南,西荻窪,4,73000000,１ＬＤＫ,65,2001年,ＲＣ,,,商業,,,2026年第1四半期,,
中古マンション等,成約価格情報,13115,東京都,杉並区,西荻南,西荻窪,6,40000000,１Ｒ,50,1970年,ＲＣ,,,近隣商業,,,2026年第1四半期,,
中古マンション等,成約価格情報,13115,東京都,杉並区,西荻南,西荻窪,5,74000000,１ＬＤＫ,45,2021年,ＲＣ,,,近隣商業,,,2026年第1四半期,,
中古マンション等,成約価格情報,13115,東京都,杉並区,西荻南,西荻窪,1,62000000,１ＬＤＫ,40,1999年,ＳＲＣ,,,商業,,,2026年第1四半期,,
中古マンション等,成約価格情報,13115,東京都,杉並区,西荻南,西荻窪,6,30000000,２ＤＫ,60,1973年,ＲＣ,,,近隣商業,,,2026年第1四半期,,
中古マンション等,成約価格情報,13115,東京都,杉並区,西荻南,西荻窪,4,22000000,１Ｋ,25,1996年,ＲＣ,,,近隣商業,,,2026年第1四半期,,
中古マンション等,成約価格情報,13115,東京都,杉並区,西荻南,西荻窪,2,110000000,２ＬＤＫ,55,2025年,ＲＣ,,,商業,,,2026年第1四半期,,
中古マンション等,成約価格情報,13115,東京都,杉並区,堀ノ内,方南町,7,45000000,２ＬＤＫ,55,1987年,ＲＣ,,,２種住居,,,2026年第1四半期,,
中古マンション等,成約価格情報,13115,東京都,杉並区,堀ノ内,方南町,10,19000000,１Ｋ,25,2002年,ＲＣ,,,近隣商業,,,2026年第1四半期,,
中古マンション等,成約価格情報,13115,東京都,杉並区,堀ノ内,方南町,12,22000000,２ＤＫ,30,1984年,ＲＣ,,,１種住居,,,2026年第1四半期,,
中古マンション等,成約価格情報,13115,東京都,杉並区,堀ノ内,方南町,5,82000000,３ＬＤＫ,65,2013年,ＲＣ,,,準工業,,,2026年第1四半期,,
中古マンション等,成約価格情報,13115,東京都,杉並区,堀ノ内,方南町,8,150000000,３ＬＤＫ,145,1989年,ＲＣ,,,１種住居,,,2026年第1四半期,,
中古マンション等,成約価格情報,13115,東京都,杉並区,堀ノ内,方南町,5,110000000,３ＬＤＫ,65,2024年,ＲＣ,,,準工業,,,2026年第1四半期,,
中古マンション等,成約価格情報,13115,東京都,杉並区,堀ノ内,方南町,8,80000000,２ＬＤＫ,60,2002年,ＳＲＣ,,,近隣商業,,,2026年第1四半期,,
中古マンション等,成約価格情報,13115,東京都,杉並区,宮前,富士見ケ丘,12,34000000,３ＬＤＫ,90,2000年,ＲＣ,,,準工業,,,2026年第1四半期,,
中古マンション等,成約価格情報,13115,東京都,杉並区,宮前,西荻窪,12,91000000,３ＬＤＫ,75,2013年,ＲＣ,,,１低住専,,,2026年第1四半期,,
中古マンション等,成約価格情報,13115,東京都,杉並区,宮前,富士見ケ丘,10,70000000,２ＬＤＫ,75,1997年,ＲＣ,,,準工業,,,2026年第1四半期,,
中古マンション等,成約価格情報,13115,東京都,杉並区,宮前,久我山,12,65000000,２ＬＤＫ,65,2002年,ＲＣ,,,２種住居,,,2026年第1四半期,,
中古マンション等,成約価格情報,13115,東京都,杉並区,宮前,西荻窪,12,120000000,３ＬＤＫ,70,2013年,ＲＣ,,,１低住専,,,2026年第1四半期,,
中古マンション等,不動産取引価格情報,13115,東京都,杉並区,阿佐谷北,阿佐ケ谷,14,37000000,２ＤＫ,45,1971年,鉄骨造,住宅,住宅,近隣商業,80,300,2026年第1四半期,改装済み,
中古マンション等,不動産取引価格情報,13115,東京都,杉並区,阿佐谷北,阿佐ケ谷,5,90000000,２ＬＤＫ,55,2007年,ＲＣ,住宅,住宅,近隣商業,80,400,2026年第1四半期,未改装,
中古マンション等,不動産取引価格情報,13115,東京都,杉並区,阿佐谷北,阿佐ケ谷,14,21000000,１Ｋ,20,2006年,ＲＣ,住宅,その他,近隣商業,80,300,2026年第1四半期,,
中古マンション等,不動産取引価格情報,13115,東京都,杉並区,阿佐谷北,鷺ノ宮,12,24000000,１Ｋ,25,2016年,ＲＣ,住宅,,１種住居,60,300,2026年第1四半期,,
中古マンション等,不動産取引価格情報,13115,東京都,杉並区,阿佐谷南,阿佐ケ谷,3,35000000,１Ｋ,25,2016年,ＲＣ,住宅,住宅,商業,80,500,2026年第1四半期,未改装,
中古マンション等,不動産取引価格情報,13115,東京都,杉並区,井草,井荻,5,70000000,３ＬＤＫ,65,1999年,ＲＣ,住宅,住宅,２中住専,60,200,2026年第1四半期,改装済み,
中古マンション等,不動産取引価格情報,13115,東京都,杉並区,井草,井荻,5,7300000,１Ｒ,15,1984年,ＲＣ,住宅,住宅,２中住専,60,200,2026年第1四半期,,
中古マンション等,不動産取引価格情報,13115,東京都,杉並区,井草,井荻,1,16000000,１Ｋ,20,2000年,ＲＣ,住宅,住宅,近隣商業,80,300,2026年第1四半期,,
中古マンション等,不動産取引価格情報,13115,東京都,杉並区,和泉,明大前,5,39000000,１ＬＤＫ,35,1986年,ＲＣ,住宅,住宅,１中住専,60,200,2026年第1四半期,,
中古マンション等,不動産取引価格情報,13115,東京都,杉並区,梅里,新高円寺,5,17000000,１ＤＫ,30,1971年,ＳＲＣ,住宅,住宅,商業,80,400,2026年第1四半期,未改装,
中古マンション等,不動産取引価格情報,13115,東京都,杉並区,永福,下高井戸,7,35000000,１ＬＤＫ,30,2005年,ＲＣ,住宅,住宅,近隣商業,80,300,2026年第1四半期,未改装,
中古マンション等,不動産取引価格情報,13115,東京都,杉並区,永福,西永福,8,51000000,１ＬＤＫ,30,2025年,ＲＣ,住宅,住宅,準住居,60,300,2026年第1四半期,未改装,
中古マンション等,不動産取引価格情報,13115,東京都,杉並区,荻窪,荻窪,2,19000000,１Ｒ,25,1987年,ＳＲＣ,住宅,住宅,商業,80,500,2026年第1四半期,未改装,
中古マンション等,不動産取引価格情報,13115,東京都,杉並区,荻窪,荻窪,7,48000000,１ＤＫ,35,2014年,ＲＣ,住宅,住宅,商業,80,500,2026年第1四半期,未改装,
中古マンション等,不動産取引価格情報,13115,東京都,杉並区,荻窪,荻窪,15,68000000,３ＬＤＫ,60,2005年,ＲＣ,住宅,住宅,準住居,60,300,2026年第1四半期,未改装,
中古マンション等,不動産取引価格情報,13115,東京都,杉並区,荻窪,荻窪,7,90000000,,50,2018年,ＲＣ,住宅,,１低住専,50,100,2026年第1四半期,,
中古マンション等,不動産取引価格情報,13115,東京都,杉並区,荻窪,荻窪,8,30000000,１ＤＫ,25,1987年,ＲＣ,住宅,住宅,商業,80,400,2026年第1四半期,改装済み,
中古マンション等,不動産取引価格情報,13115,東京都,杉並区,荻窪,荻窪,5,200000000,３ＬＤＫ,70,2014年,ＲＣ,住宅,住宅,２種住居,60,300,2026年第1四半期,未改装,
中古マンション等,不動産取引価格情報,13115,東京都,杉並区,上井草,上井草,6,29000000,３ＤＫ,50,1984年,ＲＣ,住宅,住宅,１低住専,50,100,2026年第1四半期,未改装,
中古マンション等,不動産取引価格情報,13115,東京都,杉並区,上荻,西荻窪,10,80000000,,50,2022年,ＲＣ,住宅,住宅,近隣商業,80,300,2026年第1四半期,未改装,
中古マンション等,不動産取引価格情報,13115,東京都,杉並区,上荻,西荻窪,10,110000000,３ＬＤＫ,80,1998年,ＲＣ,住宅,住宅,１低住専,50,100,2026年第1四半期,改装済み,
中古マンション等,不動産取引価格情報,13115,東京都,杉並区,上高井戸,上北沢,9,23000000,１ＤＫ,30,2001年,ＲＣ、鉄骨造,住宅,住宅,２種住居,60,300,2026年第1四半期,,
中古マンション等,不動産取引価格情報,13115,東京都,杉並区,上高井戸,芦花公園,6,9300000,１Ｒ,10,1984年,ＲＣ,住宅,住宅,準住居,60,300,2026年第1四半期,未改装,
中古マンション等,不動産取引価格情報,13115,東京都,杉並区,久我山,久我山,7,26000000,１Ｋ,20,2016年,ＲＣ,住宅,その他,１中住専,60,200,2026年第1四半期,,
中古マンション等,不動産取引価格情報,13115,東京都,杉並区,久我山,久我山,5,78000000,３ＬＤＫ,65,1996年,ＲＣ,住宅,住宅,１低住専,40,80,2026年第1四半期,改装済み,
中古マンション等,不動産取引価格情報,13115,東京都,杉並区,高円寺北,高円寺,9,23000000,１Ｋ,20,2001年,ＲＣ,住宅,住宅,近隣商業,80,300,2026年第1四半期,未改装,
中古マンション等,不動産取引価格情報,13115,東京都,杉並区,高円寺北,高円寺,10,23000000,１Ｋ,20,2004年,ＲＣ,住宅,住宅,１中住専,50,150,2026年第1四半期,,
中古マンション等,不動産取引価格情報,13115,東京都,杉並区,高円寺南,東高円寺,6,24000000,スタジオ,20,2006年,ＲＣ,住宅,住宅,近隣商業,80,300,2026年第1四半期,未改装,
中古マンション等,不動産取引価格情報,13115,東京都,杉並区,清水,荻窪,13,23000000,１Ｋ,20,2004年,ＲＣ,住宅,住宅,近隣商業,80,300,2026年第1四半期,未改装,
中古マンション等,不動産取引価格情報,13115,東京都,杉並区,下井草,井荻,2,22000000,１Ｋ,20,2006年,ＲＣ,,住宅,近隣商業,80,300,2026年第1四半期,,
中古マンション等,不動産取引価格情報,13115,東京都,杉並区,下井草,井荻,10,55000000,２ＬＤＫ,50,1994年,ＲＣ,住宅,住宅,１低住専,50,100,2026年第1四半期,改装済み,
中古マンション等,不動産取引価格情報,13115,東京都,杉並区,下井草,井荻,2,17000000,１Ｋ,20,2005年,ＲＣ,住宅,住宅,近隣商業,80,300,2026年第1四半期,,
中古マンション等,不動産取引価格情報,13115,東京都,杉並区,下高井戸,桜上水,9,8400000,１Ｋ,15,1987年,ＲＣ,住宅,住宅,１低住専,60,150,2026年第1四半期,,調停・競売等
中古マンション等,不動産取引価格情報,13115,東京都,杉並区,下高井戸,下高井戸,2,26000000,１Ｋ,20,2007年,ＲＣ,住宅,住宅,近隣商業,80,300,2026年第1四半期,未改装,
中古マンション等,不動産取引価格情報,13115,東京都,杉並区,高井戸西,高井戸,5,70000000,２ＬＤＫ,55,2003年,ＲＣ,住宅,住宅,近隣商業,80,300,2026年第1四半期,未改装,
中古マンション等,不動産取引価格情報,13115,東京都,杉並区,高井戸西,富士見ケ丘,7,8300000,１Ｋ,15,1984年,ＲＣ,住宅,住宅,１種住居,60,300,2026年第1四半期,未改装,
中古マンション等,不動産取引価格情報,13115,東京都,杉並区,高井戸東,高井戸,8,82000000,３ＬＤＫ,65,2013年,ＲＣ,住宅,住宅,近隣商業,80,300,2026年第1四半期,未改装,
中古マンション等,不動産取引価格情報,13115,東京都,杉並区,高井戸東,浜田山,6,370000000,４ＬＤＫ,160,2009年,ＲＣ,住宅,住宅,１中住専,60,150,2026年第1四半期,改装済み,
中古マンション等,不動産取引価格情報,13115,東京都,杉並区,成田西,南阿佐ケ谷,14,100000000,４ＬＤＫ,85,2000年,ＲＣ,住宅,住宅,１低住専,40,80,2026年第1四半期,未改装,
中古マンション等,不動産取引価格情報,13115,東京都,杉並区,成田東,南阿佐ケ谷,6,97000000,２ＬＤＫ,55,2012年,ＲＣ,住宅,住宅,商業,80,400,2026年第1四半期,未改装,
中古マンション等,不動産取引価格情報,13115,東京都,杉並区,成田東,南阿佐ケ谷,6,100000000,２ＬＤＫ,55,2012年,ＲＣ,住宅,住宅,商業,80,400,2026年第1四半期,未改装,
中古マンション等,不動産取引価格情報,13115,東京都,杉並区,成田東,南阿佐ケ谷,0,86000000,１ＬＤＫ,40,2020年,ＲＣ,住宅,住宅,商業,80,500,2026年第1四半期,未改装,
中古マンション等,不動産取引価格情報,13115,東京都,杉並区,西荻北,西荻窪,5,110000000,３ＬＤＫ,70,,ＲＣ,住宅,住宅,１中住専,60,200,2026年第1四半期,,
中古マンション等,不動産取引価格情報,13115,東京都,杉並区,西荻北,西荻窪,5,100000000,３ＬＤＫ,70,,ＲＣ,住宅,住宅,１中住専,60,200,2026年第1四半期,,
中古マンション等,不動産取引価格情報,13115,東京都,杉並区,西荻南,西荻窪,2,27000000,１Ｋ,25,1988年,ＳＲＣ,住宅,住宅,商業,80,500,2026年第1四半期,改装済み,
中古マンション等,不動産取引価格情報,13115,東京都,杉並区,方南,代田橋,8,23000000,１Ｋ,20,2005年,ＲＣ,住宅,住宅,近隣商業,80,400,2026年第1四半期,改装済み,
中古マンション等,不動産取引価格情報,13115,東京都,杉並区,方南,方南町,3,29000000,１ＤＫ,25,2006年,ＲＣ,住宅,その他,近隣商業,80,400,2026年第1四半期,,
中古マンション等,不動産取引価格情報,13115,東京都,杉並区,堀ノ内,新高円寺,9,12000000,１Ｋ,15,1991年,ＲＣ,住宅,住宅,１種住居,60,200,2026年第1四半期,,
中古マンション等,不動産取引価格情報,13115,東京都,杉並区,松ノ木,新高円寺,9,19000000,１ＤＫ,15,2000年,ＲＣ,住宅,住宅,近隣商業,80,300,2026年第1四半期,改装済み,
中古マンション等,不動産取引価格情報,13115,東京都,杉並区,南荻窪,荻窪,18,13000000,１Ｋ,20,1989年,ＲＣ,住宅,住宅,１中住専,60,200,2026年第1四半期,,
中古マンション等,不動産取引価格情報,13115,東京都,杉並区,南荻窪,西荻窪,10,17000000,１Ｋ,15,1996年,ＲＣ,住宅,住宅,２中住専,60,200,2026年第1四半期,未改装,
中古マンション等,不動産取引価格情報,13115,東京都,杉並区,宮前,久我山,10,5200000,１Ｋ,15,1984年,ＲＣ,住宅,その他,準住居,60,200,2026年第1四半期,未改装,
中古マンション等,不動産取引価格情報,13115,東京都,杉並区,宮前,高井戸,12,21000000,１Ｋ,20,2004年,ＲＣ,住宅,住宅,準住居,60,300,2026年第1四半期,,
中古マンション等,不動産取引価格情報,13115,東京都,杉並区,宮前,西荻窪,14,63000000,３ＬＤＫ,75,1984年,ＲＣ,住宅,住宅,１低住専,50,100,2026年第1四半期,未改装,
中古マンション等,不動産取引価格情報,13115,東京都,杉並区,桃井,荻窪,15,23000000,１ＤＫ,25,1989年,ＲＣ,住宅,住宅,１中住専,60,200,2026年第1四半期,改装済み,
中古マンション等,不動産取引価格情報,13115,東京都,杉並区,桃井,西荻窪,15,64000000,３ＬＤＫ,60,1984年,ＲＣ,住宅,住宅,準工業,60,200,2026年第1四半期,改装済み,
中古マンション等,不動産取引価格情報,13115,東京都,杉並区,和田,中野富士見町,5,85000000,３ＬＤＫ,60,2015年,ＲＣ,住宅,住宅,準工業,60,200,2026年第1四半期,未改装,
中古マンション等,不動産取引価格情報,13115,東京都,杉並区,和田,東高円寺,7,32000000,１ＬＤＫ,30,2007年,ＲＣ,住宅,住宅,１中住専,60,200,2026年第1四半期,未改装,
中古マンション等,不動産取引価格情報,13115,東京都,杉並区,和田,東高円寺,7,35000000,１ＬＤＫ,30,2007年,ＲＣ,住宅,住宅,１中住専,60,200,2026年第1四半期,未改装,
中古マンション等,不動産取引価格情報,13115,東京都,杉並区,和田,東高円寺,12,140000000,４ＬＤＫ,80,2012年,ＲＣ,住宅,住宅,２中住専,60,200,2026年第1四半期,改装済み,
中古マンション等,成約価格情報,13116,東京都,豊島区,上池袋,板橋,5,120000000,３ＬＤＫ,80,2005年,ＲＣ,,,準工業,,,2026年第1四半期,,
中古マンション等,成約価格情報,13116,東京都,豊島区,上池袋,北池袋,9,85000000,３ＬＤＫ,70,1997年,ＳＲＣ,,,商業,,,2026年第1四半期,,
中古マンション等,成約価格情報,13116,東京都,豊島区,上池袋,北池袋,8,45000000,１ＬＤＫ,45,2004年,ＲＣ,,,１種住居,,,2026年第1四半期,,
中古マンション等,成約価格情報,13116,東京都,豊島区,上池袋,北池袋,6,87000000,３ＬＤＫ,100,1991年,ＳＲＣ,,,商業,,,2026年第1四半期,,
中古マンション等,成約価格情報,13116,東京都,豊島区,上池袋,西巣鴨,11,41000000,１ＬＤＫ,40,1997年,ＳＲＣ,,,商業,,,2026年第1四半期,,
中古マンション等,成約価格情報,13116,東京都,豊島区,上池袋,板橋,4,9400000,１Ｒ,15,1984年,ＲＣ,,,準工業,,,2026年第1四半期,,
中古マンション等,成約価格情報,13116,東京都,豊島区,上池袋,北池袋,1,47000000,２ＬＤＫ,55,2002年,ＳＲＣ,,,近隣商業,,,2026年第1四半期,,
中古マンション等,成約価格情報,13116,東京都,豊島区,上池袋,大塚(東京),9,110000000,２ＬＤＫ,75,2006年,ＲＣ,,,１中住専,,,2026年第1四半期,,
中古マンション等,成約価格情報,13116,東京都,豊島区,上池袋,大塚(東京),9,120000000,３ＬＤＫ,75,2006年,ＲＣ,,,近隣商業,,,2026年第1四半期,,
中古マンション等,成約価格情報,13116,東京都,豊島区,駒込,駒込,5,110000000,２ＬＤＫ,65,2008年,ＲＣ,,,１種住居,,,2026年第1四半期,,
中古マンション等,成約価格情報,13116,東京都,豊島区,駒込,巣鴨,6,120000000,３ＬＤＫ,65,2011年,鉄骨造,,,１中住専,,,2026年第1四半期,,
中古マンション等,成約価格情報,13116,東京都,豊島区,駒込,駒込,4,44000000,１ＬＤＫ,45,1978年,,,,１種住居,,,2026年第1四半期,改装済み,
中古マンション等,成約価格情報,13116,東京都,豊島区,駒込,駒込,4,37000000,１Ｋ,30,2021年,ＲＣ,,,１種住居,,,2026年第1四半期,,
中古マンション等,成約価格情報,13116,東京都,豊島区,駒込,駒込,6,120000000,２ＬＤＫ,70,2003年,ＲＣ,,,１中住専,,,2026年第1四半期,,
中古マンション等,成約価格情報,13116,東京都,豊島区,千川,千川,6,70000000,２ＬＤＫ,70,1997年,ＲＣ,,,１中住専,,,2026年第1四半期,,
中古マンション等,成約価格情報,13116,東京都,豊島区,雑司が谷,雑司が谷(東京メトロ),2,60000000,３ＬＤＫ,60,1983年,ＲＣ,,,１中住専,,,2026年第1四半期,,
中古マンション等,成約価格情報,13116,東京都,豊島区,雑司が谷,雑司が谷(東京メトロ),5,59000000,１ＬＤＫ＋Ｓ,55,1989年,ＲＣ,,,１中住専,,,2026年第1四半期,,
中古マンション等,成約価格情報,13116,東京都,豊島区,雑司が谷,護国寺,7,82000000,２ＬＤＫ,60,1999年,ＲＣ,,,１中住専,,,2026年第1四半期,,
中古マンション等,成約価格情報,13116,東京都,豊島区,雑司が谷,雑司が谷(東京メトロ),3,110000000,２ＬＤＫ＋Ｓ,80,1999年,ＲＣ,,,近隣商業,,,2026年第1四半期,,
中古マンション等,成約価格情報,13116,東京都,豊島区,高田,雑司が谷(東京メトロ),8,96000000,３ＬＤＫ,75,2022年,ＲＣ,,,準工業,,,2026年第1四半期,,
中古マンション等,成約価格情報,13116,東京都,豊島区,高田,雑司が谷(東京メトロ),8,100000000,３ＬＤＫ,75,2022年,ＲＣ,,,準工業,,,2026年第1四半期,,
中古マンション等,成約価格情報,13116,東京都,豊島区,高田,雑司が谷(東京メトロ),8,120000000,２ＬＤＫ,75,2022年,ＲＣ,,,準工業,,,2026年第1四半期,,
中古マンション等,成約価格情報,13116,東京都,豊島区,高田,雑司が谷(東京メトロ),4,18000000,１Ｋ,20,1996年,ＲＣ,,,１種住居,,,2026年第1四半期,,
中古マンション等,成約価格情報,13116,東京都,豊島区,高田,高田馬場,10,70000000,１ＬＤＫ,50,2016年,ＲＣ,,,準工業,,,2026年第1四半期,,
中古マンション等,成約価格情報,13116,東京都,豊島区,高田,面影橋,3,90000000,３ＬＤＫ,95,2012年,ＲＣ,,,準工業,,,2026年第1四半期,,
中古マンション等,成約価格情報,13116,東京都,豊島区,高田,高田馬場,5,55000000,１ＬＤＫ,40,2004年,ＲＣ,,,準工業,,,2026年第1四半期,,
中古マンション等,成約価格情報,13116,東京都,豊島区,千早,千川,4,80000000,２ＬＤＫ,60,2023年,ＲＣ,,,１中住専,,,2026年第1四半期,,
中古マンション等,成約価格情報,13116,東京都,豊島区,千早,要町,2,55000000,１ＬＤＫ,40,2004年,ＳＲＣ,,,商業,,,2026年第1四半期,,
中古マンション等,成約価格情報,13116,東京都,豊島区,千早,千川,7,81000000,３ＬＤＫ,85,2002年,ＲＣ,,,１低住専,,,2026年第1四半期,,
中古マンション等,成約価格情報,13116,東京都,豊島区,千早,要町,3,61000000,２ＤＫ,40,2004年,ＳＲＣ,,,商業,,,2026年第1四半期,,
中古マンション等,成約価格情報,13116,東京都,豊島区,西巣鴨,西巣鴨,1,81000000,３ＬＤＫ,85,1991年,ＳＲＣ,,,商業,,,2026年第1四半期,,
中古マンション等,成約価格情報,13116,東京都,豊島区,西巣鴨,西巣鴨,1,120000000,４ＬＤＫ,105,2000年,ＳＲＣ,,,１種住居,,,2026年第1四半期,,
中古マンション等,成約価格情報,13116,東京都,豊島区,西巣鴨,西巣鴨,5,46000000,２ＤＫ,50,1984年,ＳＲＣ,,,商業,,,2026年第1四半期,,
中古マンション等,成約価格情報,13116,東京都,豊島区,西巣鴨,庚申塚,4,34000000,１Ｒ,50,1994年,ＲＣ,,,近隣商業,,,2026年第1四半期,,
中古マンション等,成約価格情報,13116,東京都,豊島区,西巣鴨,大塚(東京),8,19000000,１Ｒ,25,1994年,ＲＣ,,,１中住専,,,2026年第1四半期,,
中古マンション等,成約価格情報,13116,東京都,豊島区,西巣鴨,大塚(東京),8,39000000,２ＬＤＫ,45,1979年,ＲＣ,,,１中住専,,,2026年第1四半期,,
中古マンション等,成約価格情報,13116,東京都,豊島区,西巣鴨,北池袋,9,100000000,２ＬＤＫ,70,2005年,ＲＣ,,,商業,,,2026年第1四半期,,
中古マンション等,成約価格情報,13116,東京都,豊島区,南池袋,池袋,7,140000000,２ＬＤＫ,60,2025年,ＲＣ,,,商業,,,2026年第1四半期,,
中古マンション等,成約価格情報,13116,東京都,豊島区,南池袋,池袋,5,98000000,１ＬＤＫ,50,2025年,ＲＣ,,,商業,,,2026年第1四半期,,
中古マンション等,成約価格情報,13116,東京都,豊島区,南池袋,東池袋,2,77000000,１Ｒ,35,2015年,ＲＣ,,,１種住居,,,2026年第1四半期,,
中古マンション等,成約価格情報,13116,東京都,豊島区,南池袋,池袋,6,25000000,１Ｋ,30,1977年,ＳＲＣ,,,商業,,,2026年第1四半期,,
中古マンション等,成約価格情報,13116,東京都,豊島区,南池袋,池袋,6,100000000,３ＬＤＫ,80,1999年,ＲＣ,,,商業,,,2026年第1四半期,,
中古マンション等,成約価格情報,13116,東京都,豊島区,南池袋,池袋,6,80000000,１ＬＤＫ,45,1999年,ＲＣ,,,商業,,,2026年第1四半期,,
中古マンション等,成約価格情報,13116,東京都,豊島区,南池袋,池袋,2,18000000,１Ｒ,25,1978年,ＳＲＣ,,,商業,,,2026年第1四半期,,
中古マンション等,成約価格情報,13116,東京都,豊島区,南池袋,池袋,4,130000000,２ＬＤＫ,60,2015年,ＲＣ,,,商業,,,2026年第1四半期,,
中古マンション等,成約価格情報,13116,東京都,豊島区,南池袋,池袋,6,27000000,１Ｒ,25,1989年,ＳＲＣ,,,商業,,,2026年第1四半期,,
中古マンション等,成約価格情報,13116,東京都,豊島区,池袋,池袋,10,73000000,１ＬＤＫ,60,2002年,ＳＲＣ,,,近隣商業,,,2026年第1四半期,,
中古マンション等,成約価格情報,13116,東京都,豊島区,池袋,池袋,10,19000000,１Ｋ,25,2005年,ＲＣ,,,商業,,,2026年第1四半期,,
中古マンション等,成約価格情報,13116,東京都,豊島区,池袋,池袋,7,30000000,１Ｒ,35,1986年,ＳＲＣ,,,商業,,,2026年第1四半期,,
中古マンション等,成約価格情報,13116,東京都,豊島区,池袋,要町,5,65000000,３ＬＤＫ,65,1983年,ＳＲＣ,,,商業,,,2026年第1四半期,,
中古マンション等,成約価格情報,13116,東京都,豊島区,池袋,要町,3,90000000,１ＬＤＫ,40,2024年,ＲＣ,,,１種住居,,,2026年第1四半期,,
中古マンション等,成約価格情報,13116,東京都,豊島区,池袋,池袋,10,14000000,１Ｋ,20,1989年,ＲＣ,,,近隣商業,,,2026年第1四半期,,
中古マンション等,成約価格情報,13116,東京都,豊島区,池袋,池袋,7,110000000,２ＬＤＫ,55,2023年,ＲＣ,,,商業,,,2026年第1四半期,,
中古マンション等,成約価格情報,13116,東京都,豊島区,池袋,池袋,6,67000000,１ＬＤＫ,45,2009年,ＲＣ,,,１種住居,,,2026年第1四半期,,
中古マンション等,成約価格情報,13116,東京都,豊島区,池袋,池袋,5,120000000,２ＬＤＫ,60,2013年,ＲＣ,,,商業,,,2026年第1四半期,,
中古マンション等,成約価格情報,13116,東京都,豊島区,池袋,池袋,8,14000000,１Ｋ,20,1986年,ＳＲＣ,,,商業,,,2026年第1四半期,,
中古マンション等,成約価格情報,13116,東京都,豊島区,池袋,要町,1,130000000,２ＬＤＫ,60,2015年,ＲＣ,,,商業,,,2026年第1四半期,,
中古マンション等,成約価格情報,13116,東京都,豊島区,池袋,池袋,5,13000000,１Ｒ,15,1985年,ＳＲＣ,,,商業,,,2026年第1四半期,,
中古マンション等,成約価格情報,13116,東京都,豊島区,池袋,池袋,7,110000000,３ＬＤＫ,75,1999年,ＳＲＣ,,,商業,,,2026年第1四半期,,
中古マンション等,成約価格情報,13116,東京都,豊島区,池袋,池袋,9,27000000,１Ｒ,25,2007年,ＳＲＣ,,,１種住居,,,2026年第1四半期,,
中古マンション等,成約価格情報,13116,東京都,豊島区,池袋本町,北池袋,2,9900000,１Ｒ,20,1994年,ＲＣ,,,近隣商業,,,2026年第1四半期,,
中古マンション等,成約価格情報,13116,東京都,豊島区,池袋本町,北池袋,4,13000000,２Ｋ,40,1968年,ＲＣ,,,１中住専,,,2026年第1四半期,,
中古マンション等,成約価格情報,13116,東京都,豊島区,池袋本町,池袋,13,60000000,,105,1972年,ＳＲＣ,,,商業,,,2026年第1四半期,,
中古マンション等,成約価格情報,13116,東京都,豊島区,池袋本町,北池袋,8,34000000,１Ｋ,30,2019年,ＲＣ,,,近隣商業,,,2026年第1四半期,,
中古マンション等,成約価格情報,13116,東京都,豊島区,池袋本町,板橋,2,130000000,２ＬＤＫ＋Ｓ,70,2011年,ＲＣ,,,１種住居,,,2026年第1四半期,,
中古マンション等,成約価格情報,13116,東京都,豊島区,池袋本町,板橋,7,95000000,２ＬＤＫ＋Ｓ,70,1997年,ＳＲＣ,,,準工業,,,2026年第1四半期,改装済み,
中古マンション等,成約価格情報,13116,東京都,豊島区,池袋本町,池袋,14,75000000,３ＬＤＫ,90,1988年,ＲＣ,,,１中住専,,,2026年第1四半期,,
中古マンション等,成約価格情報,13116,東京都,豊島区,池袋本町,板橋,7,87000000,２ＬＤＫ,80,1997年,ＳＲＣ,,,準工業,,,2026年第1四半期,,
中古マンション等,成約価格情報,13116,東京都,豊島区,池袋本町,板橋,2,140000000,３ＬＤＫ,75,2011年,ＲＣ,,,１種住居,,,2026年第1四半期,,
中古マンション等,成約価格情報,13116,東京都,豊島区,池袋本町,北池袋,2,12000000,１Ｋ,20,1990年,ＲＣ,,,近隣商業,,,2026年第1四半期,,
中古マンション等,成約価格情報,13116,東京都,豊島区,北大塚,大塚(東京),4,31000000,１Ｋ,25,2014年,ＲＣ,,,商業,,,2026年第1四半期,,
中古マンション等,成約価格情報,13116,東京都,豊島区,北大塚,大塚(東京),5,69000000,２ＬＤＫ,60,1998年,ＲＣ,,,１種住居,,,2026年第1四半期,,
中古マンション等,成約価格情報,13116,東京都,豊島区,北大塚,大塚(東京),8,54000000,３ＬＤＫ,65,1975年,ＲＣ,,,１種住居,,,2026年第1四半期,,
中古マンション等,成約価格情報,13116,東京都,豊島区,北大塚,大塚(東京),5,98000000,３ＬＤＫ,70,2017年,ＲＣ,,,商業,,,2026年第1四半期,,
中古マンション等,成約価格情報,13116,東京都,豊島区,北大塚,大塚(東京),5,120000000,３ＬＤＫ,80,2000年,ＲＣ,,,商業,,,2026年第1四半期,,
中古マンション等,成約価格情報,13116,東京都,豊島区,北大塚,大塚(東京),6,35000000,３ＤＫ,65,1970年,ＲＣ,,,１種住居,,,2026年第1四半期,,
中古マンション等,成約価格情報,13116,東京都,豊島区,北大塚,大塚(東京),4,110000000,２ＬＤＫ,65,2000年,ＲＣ,,,商業,,,2026年第1四半期,,
中古マンション等,成約価格情報,13116,東京都,豊島区,北大塚,大塚(東京),6,21000000,１Ｋ,25,2003年,ＳＲＣ,,,商業,,,2026年第1四半期,,
中古マンション等,成約価格情報,13116,東京都,豊島区,北大塚,大塚(東京),5,20000000,１Ｋ,25,2003年,ＳＲＣ,,,商業,,,2026年第1四半期,,
中古マンション等,成約価格情報,13116,東京都,豊島区,北大塚,大塚(東京),5,24000000,１Ｋ,25,2005年,ＲＣ,,,商業,,,2026年第1四半期,,
中古マンション等,成約価格情報,13116,東京都,豊島区,北大塚,大塚(東京),5,10000000,１Ｒ,15,1984年,ＲＣ,,,商業,,,2026年第1四半期,,
中古マンション等,成約価格情報,13116,東京都,豊島区,北大塚,大塚(東京),4,120000000,２ＬＤＫ,60,2000年,ＲＣ,,,商業,,,2026年第1四半期,,
中古マンション等,成約価格情報,13116,東京都,豊島区,北大塚,大塚(東京),5,130000000,２ＬＤＫ,70,2017年,ＲＣ,,,商業,,,2026年第1四半期,,
中古マンション等,成約価格情報,13116,東京都,豊島区,北大塚,大塚(東京),3,29000000,１ＤＫ,30,1983年,ＳＲＣ,,,商業,,,2026年第1四半期,,
中古マンション等,成約価格情報,13116,東京都,豊島区,北大塚,大塚(東京),5,63000000,２ＤＫ,60,1983年,ＳＲＣ,,,商業,,,2026年第1四半期,,
中古マンション等,成約価格情報,13116,東京都,豊島区,北大塚,大塚(東京),5,60000000,２ＤＫ＋Ｓ,55,1983年,ＳＲＣ,,,商業,,,2026年第1四半期,,
中古マンション等,成約価格情報,13116,東京都,豊島区,高松,要町,6,160000000,３ＬＤＫ,80,2010年,ＲＣ,,,商業,,,2026年第1四半期,,
中古マンション等,成約価格情報,13116,東京都,豊島区,長崎,東長崎,3,66000000,３ＬＤＫ,75,2001年,ＲＣ,,,商業,,,2026年第1四半期,,
中古マンション等,成約価格情報,13116,東京都,豊島区,長崎,椎名町,4,82000000,２ＬＤＫ,60,2013年,ＲＣ,,,商業,,,2026年第1四半期,,
中古マンション等,成約価格情報,13116,東京都,豊島区,長崎,東長崎,2,43000000,３ＬＤＫ,75,1971年,ＳＲＣ,,,近隣商業,,,2026年第1四半期,,
中古マンション等,成約価格情報,13116,東京都,豊島区,目白,目白,2,55000000,１ＬＤＫ,35,2001年,ＲＣ,,,商業,,,2026年第1四半期,,
中古マンション等,成約価格情報,13116,東京都,豊島区,目白,目白,12,90000000,３ＬＤＫ,85,1997年,ＲＣ,,,１低住専,,,2026年第1四半期,,
中古マンション等,成約価格情報,13116,東京都,豊島区,目白,目白,7,400000000,３ＬＤＫ,120,2006年,ＲＣ,,,１中住専,,,2026年第1四半期,,
中古マンション等,成約価格情報,13116,東京都,豊島区,目白,目白,7,140000000,２ＬＤＫ,85,1996年,ＲＣ,,,１種住居,,,2026年第1四半期,,
中古マンション等,成約価格情報,13116,東京都,豊島区,目白,目白,7,170000000,２ＬＤＫ,70,2006年,ＲＣ,,,１中住専,,,2026年第1四半期,,
中古マンション等,成約価格情報,13116,東京都,豊島区,目白,目白,3,73000000,１ＬＤＫ,40,2020年,ＲＣ,,,１種住居,,,2026年第1四半期,,
中古マンション等,成約価格情報,13116,東京都,豊島区,目白,目白,2,50000000,１ＬＤＫ,35,2001年,ＲＣ,,,商業,,,2026年第1四半期,,
中古マンション等,成約価格情報,13116,東京都,豊島区,要町,要町,2,75000000,２ＬＤＫ,60,2002年,ＲＣ,,,商業,,,2026年第1四半期,,
中古マンション等,成約価格情報,13116,東京都,豊島区,要町,池袋,10,81000000,３ＬＤＫ,65,2002年,ＲＣ,,,商業,,,2026年第1四半期,,
中古マンション等,成約価格情報,13116,東京都,豊島区,巣鴨,新庚申塚,2,25000000,１ＤＫ,35,2006年,ＲＣ,,,商業,,,2026年第1四半期,,
中古マンション等,成約価格情報,13116,東京都,豊島区,巣鴨,西巣鴨,5,150000000,３ＬＤＫ＋Ｓ,100,2006年,ＲＣ,,,商業,,,2026年第1四半期,改装済み,
中古マンション等,成約価格情報,13116,東京都,豊島区,巣鴨,巣鴨,11,83000000,３ＬＤＫ,65,1997年,ＳＲＣ,,,商業,,,2026年第1四半期,,
中古マンション等,成約価格情報,13116,東京都,豊島区,巣鴨,巣鴨,3,87000000,２ＬＤＫ,55,2015年,ＲＣ,,,商業,,,2026年第1四半期,,
中古マンション等,成約価格情報,13116,東京都,豊島区,巣鴨,西巣鴨,6,15000000,１ＬＤＫ,35,1970年,ＲＣ,,,１中住専,,,2026年第1四半期,,
中古マンション等,成約価格情報,13116,東京都,豊島区,巣鴨,巣鴨,10,100000000,３ＬＤＫ,75,2013年,ＲＣ,,,商業,,,2026年第1四半期,,
中古マンション等,成約価格情報,13116,東京都,豊島区,巣鴨,巣鴨,2,16000000,１Ｒ,20,1977年,ＳＲＣ,,,商業,,,2026年第1四半期,,
中古マンション等,成約価格情報,13116,東京都,豊島区,巣鴨,巣鴨,8,12000000,１Ｒ,20,1990年,ＲＣ,,,商業,,,2026年第1四半期,,
中古マンション等,成約価格情報,13116,東京都,豊島区,巣鴨,巣鴨,12,110000000,３ＬＤＫ,70,2013年,ＲＣ,,,商業,,,2026年第1四半期,,
中古マンション等,成約価格情報,13116,東京都,豊島区,西池袋,椎名町,2,21000000,１Ｋ,25,2008年,ＲＣ,,,商業,,,2026年第1四半期,,
中古マンション等,成約価格情報,13116,東京都,豊島区,西池袋,池袋,6,230000000,３ＬＤＫ,95,2004年,ＲＣ,,,商業,,,2026年第1四半期,,
中古マンション等,成約価格情報,13116,東京都,豊島区,西池袋,池袋,8,120000000,３ＬＤＫ,75,2014年,ＲＣ,,,１中住専,,,2026年第1四半期,,
中古マンション等,成約価格情報,13116,東京都,豊島区,西池袋,池袋,9,170000000,３ＬＤＫ,80,2015年,ＲＣ,,,１中住専,,,2026年第1四半期,,
中古マンション等,成約価格情報,13116,東京都,豊島区,西池袋,池袋,10,27000000,１Ｋ,20,2015年,ＲＣ,,,近隣商業,,,2026年第1四半期,,
中古マンション等,成約価格情報,13116,東京都,豊島区,西池袋,池袋,4,23000000,１Ｋ,25,1970年,ＲＣ,,,１種住居,,,2026年第1四半期,改装済み,
中古マンション等,成約価格情報,13116,東京都,豊島区,西池袋,池袋,2,49000000,１ＤＫ,35,1999年,ＳＲＣ,,,商業,,,2026年第1四半期,,
中古マンション等,成約価格情報,13116,東京都,豊島区,西池袋,池袋,10,26000000,２Ｋ,40,1979年,ＲＣ,,,近隣商業,,,2026年第1四半期,,
中古マンション等,成約価格情報,13116,東京都,豊島区,西池袋,池袋,3,47000000,１ＤＫ,35,1999年,ＲＣ,,,商業,,,2026年第1四半期,,
中古マンション等,成約価格情報,13116,東京都,豊島区,西池袋,池袋,7,150000000,２ＬＤＫ,80,2004年,ＲＣ,,,商業,,,2026年第1四半期,,
中古マンション等,成約価格情報,13116,東京都,豊島区,西池袋,池袋,2,150000000,２ＬＤＫ,80,2004年,ＲＣ,,,商業,,,2026年第1四半期,,
中古マンション等,成約価格情報,13116,東京都,豊島区,西池袋,池袋,11,13000000,１Ｒ,25,1991年,ＲＣ,,,１種住居,,,2026年第1四半期,,
中古マンション等,成約価格情報,13116,東京都,豊島区,西池袋,椎名町,5,25000000,２ＤＫ,45,1982年,ＲＣ,,,２種住居,,,2026年第1四半期,,
中古マンション等,成約価格情報,13116,東京都,豊島区,西池袋,池袋,7,90000000,１ＬＤＫ,55,2004年,ＲＣ,,,商業,,,2026年第1四半期,,
中古マンション等,成約価格情報,13116,東京都,豊島区,西池袋,要町,4,44000000,１Ｒ,55,1983年,ＲＣ,,,商業,,,2026年第1四半期,,
中古マンション等,成約価格情報,13116,東京都,豊島区,東池袋,東池袋,5,130000000,２ＬＤＫ,60,2019年,ＲＣ,,,近隣商業,,,2026年第1四半期,,
中古マンション等,成約価格情報,13116,東京都,豊島区,東池袋,池袋,5,26000000,１Ｒ,25,1980年,ＳＲＣ,,,商業,,,2026年第1四半期,,
中古マンション等,成約価格情報,13116,東京都,豊島区,東池袋,東池袋,4,15000000,１Ｋ,25,1978年,ＳＲＣ,,,商業,,,2026年第1四半期,,
中古マンション等,成約価格情報,13116,東京都,豊島区,東池袋,東池袋,5,190000000,３ＬＤＫ,85,2019年,ＲＣ,,,近隣商業,,,2026年第1四半期,,
中古マンション等,成約価格情報,13116,東京都,豊島区,東池袋,池袋,7,45000000,２ＬＤＫ,45,1972年,ＳＲＣ,,,商業,,,2026年第1四半期,,
中古マンション等,成約価格情報,13116,東京都,豊島区,東池袋,池袋,7,12000000,１Ｒ,15,1984年,ＲＣ,,,商業,,,2026年第1四半期,,
中古マンション等,成約価格情報,13116,東京都,豊島区,東池袋,池袋,10,56000000,２ＤＫ,55,1987年,ＳＲＣ,,,商業,,,2026年第1四半期,改装済み,
中古マンション等,成約価格情報,13116,東京都,豊島区,東池袋,池袋,12,77000000,１ＬＤＫ,45,2003年,ＲＣ,,,商業,,,2026年第1四半期,,
中古マンション等,成約価格情報,13116,東京都,豊島区,東池袋,大塚(東京),5,17000000,１Ｋ,20,1990年,ＳＲＣ,,,商業,,,2026年第1四半期,,
中古マンション等,成約価格情報,13116,東京都,豊島区,東池袋,池袋,6,49000000,２ＤＫ,50,1980年,ＳＲＣ,,,１種住居,,,2026年第1四半期,,
中古マンション等,成約価格情報,13116,東京都,豊島区,東池袋,池袋,10,51000000,１ＤＫ,30,2019年,ＲＣ,,,商業,,,2026年第1四半期,,
中古マンション等,成約価格情報,13116,東京都,豊島区,東池袋,東池袋,,35000000,１Ｋ,25,2019年,ＲＣ,,,近隣商業,,,2026年第1四半期,,
中古マンション等,成約価格情報,13116,東京都,豊島区,東池袋,池袋,5,60000000,２ＬＤＫ,50,1981年,ＳＲＣ,,,商業,,,2026年第1四半期,,
中古マンション等,成約価格情報,13116,東京都,豊島区,東池袋,池袋,9,58000000,２ＬＤＫ＋Ｓ,60,1984年,ＳＲＣ,,,商業,,,2026年第1四半期,,
中古マンション等,成約価格情報,13116,東京都,豊島区,東池袋,東池袋,2,120000000,１ＬＤＫ＋Ｓ,55,2011年,ＲＣ,,,商業,,,2026年第1四半期,,
中古マンション等,成約価格情報,13116,東京都,豊島区,東池袋,東池袋,2,110000000,２ＬＤＫ,60,2011年,ＲＣ,,,商業,,,2026年第1四半期,,
中古マンション等,成約価格情報,13116,東京都,豊島区,東池袋,東池袋,2,170000000,２ＬＤＫ,75,2011年,ＲＣ,,,商業,,,2026年第1四半期,,
中古マンション等,成約価格情報,13116,東京都,豊島区,東池袋,池袋,4,35000000,１Ｋ,25,2016年,ＲＣ,,,商業,,,2026年第1四半期,,
中古マンション等,成約価格情報,13116,東京都,豊島区,東池袋,新大塚,2,100000000,１Ｒ,70,2003年,ＲＣ,,,商業,,,2026年第1四半期,,
中古マンション等,成約価格情報,13116,東京都,豊島区,東池袋,池袋,8,21000000,１Ｒ,25,1981年,ＳＲＣ,,,商業,,,2026年第1四半期,,
中古マンション等,成約価格情報,13116,東京都,豊島区,東池袋,東池袋,9,51000000,１ＤＫ,30,2001年,ＲＣ,,,商業,,,2026年第1四半期,,
中古マンション等,成約価格情報,13116,東京都,豊島区,南大塚,大塚(東京),5,28000000,１Ｋ,25,2003年,ＲＣ,,,商業,,,2026年第1四半期,,
中古マンション等,成約価格情報,13116,東京都,豊島区,南大塚,大塚(東京),6,30000000,１Ｋ,30,2018年,ＲＣ,,,商業,,,2026年第1四半期,,
中古マンション等,成約価格情報,13116,東京都,豊島区,南大塚,新大塚,6,130000000,３ＬＤＫ,70,2012年,ＲＣ,,,近隣商業,,,2026年第1四半期,,
中古マンション等,成約価格情報,13116,東京都,豊島区,南大塚,大塚(東京),3,37000000,１ＬＤＫ,40,1979年,ＳＲＣ,,,商業,,,2026年第1四半期,,
中古マンション等,成約価格情報,13116,東京都,豊島区,南大塚,大塚(東京),2,74000000,２ＬＤＫ＋Ｓ,60,1996年,ＳＲＣ,,,商業,,,2026年第1四半期,,
中古マンション等,成約価格情報,13116,東京都,豊島区,南大塚,大塚(東京),3,130000000,２ＬＤＫ＋Ｓ,65,2021年,ＲＣ,,,商業,,,2026年第1四半期,,
中古マンション等,成約価格情報,13116,東京都,豊島区,南大塚,大塚(東京),3,130000000,３ＬＤＫ,70,2016年,ＲＣ,,,商業,,,2026年第1四半期,,
中古マンション等,成約価格情報,13116,東京都,豊島区,南大塚,大塚(東京),3,19000000,１Ｋ,20,1989年,ＳＲＣ,,,商業,,,2026年第1四半期,,
中古マンション等,成約価格情報,13116,東京都,豊島区,南大塚,巣鴨,6,41000000,１ＤＫ,35,2006年,ＲＣ,,,近隣商業,,,2026年第1四半期,,
中古マンション等,成約価格情報,13116,東京都,豊島区,南長崎,椎名町,2,47000000,１ＬＤＫ,35,2010年,ＲＣ,,,商業,,,2026年第1四半期,,
中古マンション等,成約価格情報,13116,東京都,豊島区,南長崎,東長崎,7,25000000,１ＬＤＫ,45,1968年,ＲＣ,,,１中住専,,,2026年第1四半期,,
中古マンション等,成約価格情報,13116,東京都,豊島区,南長崎,東長崎,2,11000000,１Ｒ,15,1984年,ＲＣ,,,商業,,,2026年第1四半期,,
中古マンション等,成約価格情報,13116,東京都,豊島区,南長崎,東長崎,5,8000000,１Ｒ,20,1987年,ＲＣ,,,１中住専,,,2026年第1四半期,,
中古マンション等,成約価格情報,13116,東京都,豊島区,南長崎,東長崎,7,7000000,２ＬＤＫ,45,1971年,ＳＲＣ,,,近隣商業,,,2026年第1四半期,,
中古マンション等,不動産取引価格情報,13116,東京都,豊島区,池袋,池袋,10,27000000,１Ｋ,25,2000年,ＳＲＣ,住宅,住宅,近隣商業,80,400,2026年第1四半期,,
中古マンション等,不動産取引価格情報,13116,東京都,豊島区,池袋,池袋,9,39000000,１Ｋ,25,2022年,ＲＣ,住宅,住宅,１種住居,60,300,2026年第1四半期,未改装,
中古マンション等,不動産取引価格情報,13116,東京都,豊島区,上池袋,板橋,4,9400000,１Ｋ,10,,ＲＣ,住宅,住宅,準工業,60,300,2026年第1四半期,改装済み,
中古マンション等,不動産取引価格情報,13116,東京都,豊島区,上池袋,北池袋,9,85000000,３ＬＤＫ,65,1997年,ＳＲＣ,住宅,住宅,商業,80,500,2026年第1四半期,改装済み,
中古マンション等,不動産取引価格情報,13116,東京都,豊島区,上池袋,北池袋,8,27000000,１Ｋ,20,2007年,ＲＣ,住宅,住宅,商業,80,500,2026年第1四半期,未改装,
中古マンション等,不動産取引価格情報,13116,東京都,豊島区,北大塚,大塚(東京),9,63000000,１ＬＤＫ,45,2006年,ＲＣ,,住宅,近隣商業,80,400,2026年第1四半期,未改装,
中古マンション等,不動産取引価格情報,13116,東京都,豊島区,北大塚,大塚(東京),4,31000000,１Ｋ,20,2015年,ＲＣ,住宅,住宅,商業,80,600,2026年第1四半期,未改装,
中古マンション等,不動産取引価格情報,13116,東京都,豊島区,北大塚,大塚(東京),5,25000000,１Ｋ,20,2010年,ＲＣ,住宅,住宅,商業,80,600,2026年第1四半期,未改装,
中古マンション等,不動産取引価格情報,13116,東京都,豊島区,駒込,駒込,1,56000000,１ＤＫ,40,1984年,ＳＲＣ,,住宅,１種住居,60,400,2026年第1四半期,改装済み,
中古マンション等,不動産取引価格情報,13116,東京都,豊島区,駒込,駒込,2,27000000,１Ｋ,20,2006年,ＲＣ,住宅,住宅,１種住居,60,400,2026年第1四半期,改装済み,
中古マンション等,不動産取引価格情報,13116,東京都,豊島区,巣鴨,巣鴨,3,19000000,１ＤＫ,30,1979年,ＳＲＣ,,住宅,商業,80,700,2026年第1四半期,,
中古マンション等,不動産取引価格情報,13116,東京都,豊島区,雑司が谷,雑司が谷(東京メトロ),2,82000000,３ＬＤＫ,60,1999年,ＳＲＣ,住宅,住宅,近隣商業,80,400,2026年第1四半期,未改装,
中古マンション等,不動産取引価格情報,13116,東京都,豊島区,雑司が谷,東池袋,5,80000000,２ＬＤＫ,55,2009年,ＲＣ,住宅,住宅,近隣商業,80,400,2026年第1四半期,未改装,
中古マンション等,不動産取引価格情報,13116,東京都,豊島区,高田,雑司が谷(東京メトロ),6,45000000,２ＬＤＫ,55,2001年,ＲＣ,住宅,住宅,準工業,60,300,2026年第1四半期,未改装,
中古マンション等,不動産取引価格情報,13116,東京都,豊島区,高田,雑司が谷(東京メトロ),6,50000000,２ＬＤＫ,55,2001年,ＲＣ,住宅,住宅,準工業,60,300,2026年第1四半期,未改装,
中古マンション等,不動産取引価格情報,13116,東京都,豊島区,高田,雑司が谷(東京メトロ),3,16000000,１Ｋ,15,1989年,ＲＣ,住宅,住宅,１中住専,60,300,2026年第1四半期,未改装,
中古マンション等,不動産取引価格情報,13116,東京都,豊島区,高松,要町,6,110000000,,75,2010年,ＲＣ,,,商業,80,500,2026年第1四半期,,
中古マンション等,不動産取引価格情報,13116,東京都,豊島区,西池袋,椎名町,6,96000000,２ＬＤＫ,50,2012年,ＲＣ,住宅,住宅,近隣商業,80,400,2026年第1四半期,改装済み,
中古マンション等,不動産取引価格情報,13116,東京都,豊島区,西巣鴨,西巣鴨,3,58000000,２ＬＤＫ,55,1992年,ＳＲＣ,,住宅,商業,80,500,2026年第1四半期,未改装,
中古マンション等,不動産取引価格情報,13116,東京都,豊島区,東池袋,池袋,5,24000000,１Ｋ,20,2016年,ＲＣ,住宅,住宅,商業,80,700,2026年第1四半期,未改装,
中古マンション等,不動産取引価格情報,13116,東京都,豊島区,東池袋,池袋,7,47000000,１ＬＤＫ,35,2009年,ＲＣ,住宅,住宅,商業,80,700,2026年第1四半期,未改装,
中古マンション等,不動産取引価格情報,13116,東京都,豊島区,東池袋,池袋,8,15000000,１Ｋ,15,1978年,ＲＣ,住宅,住宅,商業,80,700,2026年第1四半期,改装済み,
中古マンション等,不動産取引価格情報,13116,東京都,豊島区,東池袋,東池袋,5,180000000,３ＬＤＫ,80,2019年,ＲＣ,住宅,住宅,近隣商業,80,400,2026年第1四半期,未改装,
中古マンション等,不動産取引価格情報,13116,東京都,豊島区,東池袋,東池袋,0,180000000,３ＬＤＫ,65,2022年,ＲＣ,,住宅,商業,80,600,2026年第1四半期,未改装,
中古マンション等,不動産取引価格情報,13116,東京都,豊島区,東池袋,東池袋,5,190000000,３ＬＤＫ,80,2019年,ＲＣ,住宅,住宅,近隣商業,80,400,2026年第1四半期,未改装,
中古マンション等,不動産取引価格情報,13116,東京都,豊島区,東池袋,東池袋,8,90000000,２ＬＤＫ,60,2001年,ＲＣ,住宅,,商業,80,500,2026年第1四半期,未改装,
中古マンション等,不動産取引価格情報,13116,東京都,豊島区,東池袋,東池袋,0,110000000,１ＬＤＫ,40,2022年,ＲＣ,住宅,住宅,商業,80,600,2026年第1四半期,,
中古マンション等,不動産取引価格情報,13116,東京都,豊島区,南池袋,池袋,7,150000000,２ＬＤＫ,50,2015年,ＲＣ,住宅,住宅,商業,80,500,2026年第1四半期,,
中古マンション等,不動産取引価格情報,13116,東京都,豊島区,南池袋,東池袋,1,270000000,３ＬＤＫ,75,2015年,ＲＣ,,住宅,１種住居,60,300,2026年第1四半期,未改装,
中古マンション等,不動産取引価格情報,13116,東京都,豊島区,南池袋,東池袋,1,77000000,１Ｋ,30,2015年,ＲＣ,住宅,住宅,１種住居,60,300,2026年第1四半期,,
中古マンション等,不動産取引価格情報,13116,東京都,豊島区,南大塚,大塚(東京),5,100000000,,70,2006年,ＲＣ,,,商業,80,500,2026年第1四半期,,
中古マンション等,不動産取引価格情報,13116,東京都,豊島区,南長崎,椎名町,8,23000000,１Ｋ,20,2009年,ＲＣ,住宅,住宅,１中住専,60,200,2026年第1四半期,,
中古マンション等,不動産取引価格情報,13116,東京都,豊島区,南長崎,椎名町,8,20000000,１Ｋ,20,2009年,ＲＣ,住宅,住宅,１中住専,60,200,2026年第1四半期,,
中古マンション等,不動産取引価格情報,13116,東京都,豊島区,南長崎,椎名町,7,7000000,２ＤＫ,40,1971年,ＳＲＣ,住宅,住宅,近隣商業,80,400,2026年第1四半期,未改装,
中古マンション等,不動産取引価格情報,13116,東京都,豊島区,南長崎,東長崎,4,26000000,１Ｋ,20,2014年,ＲＣ,住宅,住宅,近隣商業,80,300,2026年第1四半期,,
中古マンション等,不動産取引価格情報,13116,東京都,豊島区,南長崎,東長崎,5,5000000,１Ｒ,25,1967年,ＲＣ,,その他,近隣商業,80,400,2026年第1四半期,未改装,
中古マンション等,不動産取引価格情報,13116,東京都,豊島区,目白,椎名町,5,75000000,３ＬＤＫ,70,2022年,軽量鉄骨造,住宅,住宅,１種住居,60,300,2026年第1四半期,未改装,
中古マンション等,不動産取引価格情報,13116,東京都,豊島区,目白,椎名町,5,22000000,１Ｋ,20,2004年,ＲＣ,住宅,住宅,１種住居,60,300,2026年第1四半期,,
中古マンション等,不動産取引価格情報,13116,東京都,豊島区,目白,雑司が谷(東京メトロ),3,21000000,１Ｋ,20,2002年,ＳＲＣ,住宅,住宅,商業,80,600,2026年第1四半期,,
中古マンション等,成約価格情報,13117,東京都,北区,浮間,浮間舟渡,13,50000000,４ＬＤＫ,80,2013年,ＲＣ,,,工業,,,2026年第1四半期,,
中古マンション等,成約価格情報,13117,東京都,北区,浮間,浮間舟渡,9,50000000,３ＬＤＫ,80,2009年,ＲＣ,,,準工業,,,2026年第1四半期,,
中古マンション等,成約価格情報,13117,東京都,北区,浮間,北赤羽,10,67000000,３ＬＤＫ,70,2012年,ＲＣ,,,準工業,,,2026年第1四半期,,
中古マンション等,成約価格情報,13117,東京都,北区,浮間,北赤羽,11,66000000,３ＬＤＫ,75,2016年,ＲＣ,,,準工業,,,2026年第1四半期,,
中古マンション等,成約価格情報,13117,東京都,北区,浮間,北赤羽,4,75000000,３ＬＤＫ,65,2024年,ＲＣ,,,工業,,,2026年第1四半期,,
中古マンション等,成約価格情報,13117,東京都,北区,浮間,浮間舟渡,12,46000000,３ＬＤＫ,65,2004年,ＲＣ,,,工業,,,2026年第1四半期,,
中古マンション等,成約価格情報,13117,東京都,北区,浮間,北赤羽,9,72000000,３ＬＤＫ,85,2008年,ＲＣ,,,準工業,,,2026年第1四半期,,
中古マンション等,成約価格情報,13117,東京都,北区,浮間,浮間舟渡,13,47000000,３ＬＤＫ,80,2014年,ＲＣ,,,工業,,,2026年第1四半期,,
中古マンション等,成約価格情報,13117,東京都,北区,浮間,浮間舟渡,14,42000000,２ＬＤＫ,55,2007年,ＲＣ,,,工業,,,2026年第1四半期,,
中古マンション等,成約価格情報,13117,東京都,北区,浮間,北赤羽,11,68000000,３ＬＤＫ,75,2016年,ＲＣ,,,工業,,,2026年第1四半期,,
中古マンション等,成約価格情報,13117,東京都,北区,浮間,北赤羽,9,55000000,３ＬＤＫ,75,2008年,ＲＣ,,,準工業,,,2026年第1四半期,,
中古マンション等,成約価格情報,13117,東京都,北区,浮間,北赤羽,8,56000000,２ＬＤＫ＋Ｓ,75,2008年,ＲＣ,,,準工業,,,2026年第1四半期,,
中古マンション等,成約価格情報,13117,東京都,北区,浮間,北赤羽,3,54000000,２ＬＤＫ,65,1992年,ＳＲＣ,,,工業,,,2026年第1四半期,,
中古マンション等,成約価格情報,13117,東京都,北区,浮間,浮間舟渡,12,55000000,３ＬＤＫ,85,2002年,ＳＲＣ,,,工業,,,2026年第1四半期,,
中古マンション等,成約価格情報,13117,東京都,北区,浮間,北赤羽,5,59000000,３ＬＤＫ,65,2018年,ＲＣ,,,１種住居,,,2026年第1四半期,,
中古マンション等,成約価格情報,13117,東京都,北区,浮間,北赤羽,5,86000000,３ＬＤＫ,70,2025年,ＲＣ,,,工業,,,2026年第1四半期,,
中古マンション等,成約価格情報,13117,東京都,北区,浮間,浮間舟渡,6,24000000,１Ｋ,25,2007年,ＲＣ,,,準工業,,,2026年第1四半期,,
中古マンション等,成約価格情報,13117,東京都,北区,浮間,北赤羽,3,65000000,３ＬＤＫ,80,2007年,ＲＣ,,,工業,,,2026年第1四半期,,
中古マンション等,成約価格情報,13117,東京都,北区,浮間,浮間舟渡,11,62000000,４ＬＤＫ,80,2004年,ＲＣ,,,工業,,,2026年第1四半期,改装済み,
中古マンション等,成約価格情報,13117,東京都,北区,浮間,浮間舟渡,7,48000000,３ＬＤＫ,80,2002年,ＲＣ,,,準工業,,,2026年第1四半期,,
中古マンション等,成約価格情報,13117,東京都,北区,浮間,浮間舟渡,7,45000000,３ＬＤＫ,60,1995年,ＲＣ,,,準工業,,,2026年第1四半期,,
中古マンション等,成約価格情報,13117,東京都,北区,浮間,北赤羽,5,87000000,３ＬＤＫ,75,2024年,ＲＣ,,,工業,,,2026年第1四半期,,
中古マンション等,成約価格情報,13117,東京都,北区,浮間,浮間舟渡,8,38000000,３ＬＤＫ,70,1996年,ＳＲＣ,,,準工業,,,2026年第1四半期,,
中古マンション等,成約価格情報,13117,東京都,北区,桐ケ丘,志村坂上,11,50000000,３ＬＤＫ,70,1998年,ＲＣ,,,１種住居,,,2026年第1四半期,,
中古マンション等,成約価格情報,13117,東京都,北区,志茂,志茂,6,88000000,３ＬＤＫ,75,2019年,ＲＣ,,,工業,,,2026年第1四半期,,
中古マンション等,成約価格情報,13117,東京都,北区,志茂,志茂,1,44000000,１ＬＤＫ,35,2019年,ＲＣ,,,商業,,,2026年第1四半期,,
中古マンション等,成約価格情報,13117,東京都,北区,志茂,志茂,6,70000000,３ＬＤＫ,75,2019年,ＲＣ,,,工業,,,2026年第1四半期,,
中古マンション等,成約価格情報,13117,東京都,北区,志茂,志茂,4,35000000,２ＬＤＫ,55,1990年,ＲＣ,,,１中住専,,,2026年第1四半期,,
中古マンション等,成約価格情報,13117,東京都,北区,志茂,志茂,6,73000000,２ＬＤＫ,70,2019年,ＲＣ,,,工業,,,2026年第1四半期,,
中古マンション等,成約価格情報,13117,東京都,北区,志茂,志茂,6,68000000,３ＬＤＫ,70,2019年,ＲＣ,,,工業,,,2026年第1四半期,,
中古マンション等,成約価格情報,13117,東京都,北区,志茂,志茂,6,70000000,３ＬＤＫ,70,2019年,ＲＣ,,,工業,,,2026年第1四半期,,
中古マンション等,成約価格情報,13117,東京都,北区,志茂,志茂,6,67000000,３ＬＤＫ,70,2019年,ＲＣ,,,工業,,,2026年第1四半期,,
中古マンション等,成約価格情報,13117,東京都,北区,志茂,志茂,8,69000000,３ＬＤＫ,70,2021年,ＲＣ,,,工業,,,2026年第1四半期,,
中古マンション等,成約価格情報,13117,東京都,北区,志茂,志茂,7,68000000,３ＬＤＫ,70,2021年,ＲＣ,,,工業,,,2026年第1四半期,,
中古マンション等,成約価格情報,13117,東京都,北区,志茂,志茂,6,70000000,３ＬＤＫ,70,2019年,ＲＣ,,,工業,,,2026年第1四半期,,
中古マンション等,成約価格情報,13117,東京都,北区,志茂,志茂,6,39000000,１ＬＤＫ＋Ｓ,55,2000年,ＳＲＣ,,,商業,,,2026年第1四半期,,
中古マンション等,成約価格情報,13117,東京都,北区,志茂,赤羽,7,19000000,１ＬＤＫ,40,1980年,ＲＣ,,,近隣商業,,,2026年第1四半期,,
中古マンション等,成約価格情報,13117,東京都,北区,十条仲原,東十条,5,45000000,１ＬＤＫ,35,2021年,ＲＣ,,,近隣商業,,,2026年第1四半期,,
中古マンション等,成約価格情報,13117,東京都,北区,十条仲原,東十条,5,65000000,２ＬＤＫ,55,2021年,ＲＣ,,,近隣商業,,,2026年第1四半期,,
中古マンション等,成約価格情報,13117,東京都,北区,昭和町,尾久,2,43000000,１ＬＤＫ,75,1998年,ＳＲＣ,,,商業,,,2026年第1四半期,,
中古マンション等,成約価格情報,13117,東京都,北区,昭和町,尾久,3,47000000,１ＬＤＫ,55,2010年,ＲＣ,,,準工業,,,2026年第1四半期,,
中古マンション等,成約価格情報,13117,東京都,北区,田端新町,田端,8,83000000,３ＬＤＫ,80,2003年,,,,準工業,,,2026年第1四半期,,
中古マンション等,成約価格情報,13117,東京都,北区,豊島,王子神谷,15,60000000,３ＬＤＫ,80,2012年,ＳＲＣ,,,工業,,,2026年第1四半期,,
中古マンション等,成約価格情報,13117,東京都,北区,豊島,王子神谷,17,41000000,３ＬＤＫ,70,1998年,ＳＲＣ,,,工業,,,2026年第1四半期,,
中古マンション等,成約価格情報,13117,東京都,北区,豊島,王子,20,34000000,３ＬＤＫ,75,1983年,ＳＲＣ,,,準工業,,,2026年第1四半期,,
中古マンション等,成約価格情報,13117,東京都,北区,豊島,王子神谷,15,63000000,３ＬＤＫ,85,2012年,ＳＲＣ,,,工業,,,2026年第1四半期,,
中古マンション等,成約価格情報,13117,東京都,北区,豊島,王子,10,17000000,１Ｒ,45,1979年,ＲＣ,,,近隣商業,,,2026年第1四半期,,
中古マンション等,成約価格情報,13117,東京都,北区,豊島,王子神谷,9,65000000,３ＬＤＫ,70,2007年,ＲＣ,,,工業,,,2026年第1四半期,,
中古マンション等,成約価格情報,13117,東京都,北区,西ケ原,駒込,7,56000000,２ＬＤＫ,70,1968年,ＳＲＣ,,,１中住専,,,2026年第1四半期,,
中古マンション等,成約価格情報,13117,東京都,北区,西ケ原,王子,6,130000000,３ＬＤＫ,75,2021年,ＲＣ,,,１中住専,,,2026年第1四半期,,
中古マンション等,成約価格情報,13117,東京都,北区,西ケ原,駒込,9,95000000,３ＬＤＫ,75,2002年,ＲＣ,,,１中住専,,,2026年第1四半期,,
中古マンション等,成約価格情報,13117,東京都,北区,西ケ原,駒込,6,83000000,２ＬＤＫ,60,2019年,ＲＣ,,,商業,,,2026年第1四半期,,
中古マンション等,成約価格情報,13117,東京都,北区,西ケ原,西ケ原,6,98000000,３ＬＤＫ,85,2003年,ＲＣ,,,１中住専,,,2026年第1四半期,改装済み,
中古マンション等,成約価格情報,13117,東京都,北区,西ケ原,西ケ原,4,51000000,３ＤＫ,60,1997年,ＲＣ,,,１種住居,,,2026年第1四半期,,
中古マンション等,成約価格情報,13117,東京都,北区,西ケ原,西ケ原,6,69000000,３ＬＤＫ,70,2013年,ＲＣ,,,１種住居,,,2026年第1四半期,,
中古マンション等,成約価格情報,13117,東京都,北区,西ケ原,西ケ原,3,45000000,１ＬＤＫ,35,2016年,ＲＣ,,,近隣商業,,,2026年第1四半期,,
中古マンション等,成約価格情報,13117,東京都,北区,西ケ原,駒込,6,52000000,１ＬＤＫ,50,2008年,ＲＣ,,,商業,,,2026年第1四半期,,
中古マンション等,成約価格情報,13117,東京都,北区,西ケ原,西ケ原,4,61000000,２ＬＤＫ,65,1992年,ＳＲＣ,,,近隣商業,,,2026年第1四半期,,
中古マンション等,成約価格情報,13117,東京都,北区,堀船,王子,8,25000000,２ＤＫ,45,1979年,ＳＲＣ,,,商業,,,2026年第1四半期,,
中古マンション等,成約価格情報,13117,東京都,北区,堀船,王子,9,21000000,２ＤＫ,45,1979年,ＳＲＣ,,,商業,,,2026年第1四半期,,
中古マンション等,成約価格情報,13117,東京都,北区,堀船,王子,9,97000000,３ＬＤＫ,75,2021年,ＲＣ,,,工業,,,2026年第1四半期,,
中古マンション等,成約価格情報,13117,東京都,北区,中里,駒込,9,120000000,３ＬＤＫ,75,2017年,ＲＣ,,,１中住専,,,2026年第1四半期,,
中古マンション等,成約価格情報,13117,東京都,北区,中里,駒込,9,31000000,２ＤＫ,55,1972年,ＲＣ,,,近隣商業,,,2026年第1四半期,,
中古マンション等,成約価格情報,13117,東京都,北区,中里,駒込,8,100000000,２ＬＤＫ,65,2017年,ＲＣ,,,１中住専,,,2026年第1四半期,,
中古マンション等,成約価格情報,13117,東京都,北区,中里,駒込,9,160000000,４ＬＤＫ,85,2017年,ＲＣ,,,１中住専,,,2026年第1四半期,,
中古マンション等,成約価格情報,13117,東京都,北区,中里,駒込,,20000000,１Ｋ,25,2007年,ＲＣ,,,１中住専,,,2026年第1四半期,,
中古マンション等,成約価格情報,13117,東京都,北区,東田端,田端,7,66000000,４ＬＤＫ,100,1988年,ＳＲＣ,,,準工業,,,2026年第1四半期,,
中古マンション等,成約価格情報,13117,東京都,北区,東田端,田端,7,81000000,３ＬＤＫ,70,2014年,ＲＣ,,,近隣商業,,,2026年第1四半期,,
中古マンション等,成約価格情報,13117,東京都,北区,赤羽,赤羽,6,120000000,３ＬＤＫ,75,2011年,ＲＣ,,,商業,,,2026年第1四半期,,
中古マンション等,成約価格情報,13117,東京都,北区,赤羽,赤羽,5,50000000,１ＬＤＫ＋Ｓ,55,1998年,ＳＲＣ,,,商業,,,2026年第1四半期,,
中古マンション等,成約価格情報,13117,東京都,北区,赤羽,赤羽,5,81000000,２ＬＤＫ,60,2017年,ＲＣ,,,商業,,,2026年第1四半期,,
中古マンション等,成約価格情報,13117,東京都,北区,赤羽,赤羽,7,24000000,２ＤＫ,45,1981年,ＲＣ,,,商業,,,2026年第1四半期,,
中古マンション等,成約価格情報,13117,東京都,北区,赤羽,赤羽,5,53000000,１ＬＤＫ,35,2022年,ＲＣ,,,商業,,,2026年第1四半期,,
中古マンション等,成約価格情報,13117,東京都,北区,赤羽北,北赤羽,3,80000000,２ＬＤＫ,75,2022年,ＲＣ,,,工業,,,2026年第1四半期,,
中古マンション等,成約価格情報,13117,東京都,北区,赤羽北,北赤羽,2,51000000,２ＬＤＫ,70,1999年,ＳＲＣ,,,商業,,,2026年第1四半期,,
中古マンション等,成約価格情報,13117,東京都,北区,赤羽北,北赤羽,4,69000000,２ＬＤＫ,60,2023年,ＲＣ,,,工業,,,2026年第1四半期,,
中古マンション等,成約価格情報,13117,東京都,北区,赤羽北,北赤羽,2,72000000,３ＬＤＫ,75,2003年,ＲＣ,,,１種住居,,,2026年第1四半期,,
中古マンション等,成約価格情報,13117,東京都,北区,赤羽北,北赤羽,4,84000000,３ＬＤＫ,65,2023年,ＲＣ,,,工業,,,2026年第1四半期,,
中古マンション等,成約価格情報,13117,東京都,北区,赤羽北,北赤羽,13,110000000,４ＬＤＫ,105,2004年,ＳＲＣ,,,近隣商業,,,2026年第1四半期,,
中古マンション等,成約価格情報,13117,東京都,北区,赤羽北,北赤羽,12,78000000,４ＬＤＫ,85,2004年,ＳＲＣ,,,近隣商業,,,2026年第1四半期,,
中古マンション等,成約価格情報,13117,東京都,北区,赤羽北,北赤羽,12,64000000,３ＬＤＫ,75,2004年,ＳＲＣ,,,近隣商業,,,2026年第1四半期,,
中古マンション等,成約価格情報,13117,東京都,北区,赤羽北,北赤羽,6,18000000,３ＤＫ,55,1987年,ＳＲＣ,,,工業,,,2026年第1四半期,,
中古マンション等,成約価格情報,13117,東京都,北区,赤羽南,赤羽,6,39000000,１ＬＤＫ,35,2023年,ＲＣ,,,１種住居,,,2026年第1四半期,,
中古マンション等,成約価格情報,13117,東京都,北区,赤羽南,赤羽,6,90000000,４ＬＤＫ,85,1998年,ＲＣ,,,１種住居,,,2026年第1四半期,,
中古マンション等,成約価格情報,13117,東京都,北区,赤羽南,赤羽,8,80000000,３ＬＤＫ,70,2021年,ＲＣ,,,準工業,,,2026年第1四半期,,
中古マンション等,成約価格情報,13117,東京都,北区,赤羽南,赤羽,4,110000000,３ＬＤＫ,75,2012年,ＲＣ,,,商業,,,2026年第1四半期,,
中古マンション等,成約価格情報,13117,東京都,北区,赤羽南,赤羽,6,130000000,３ＬＤＫ,100,1998年,ＳＲＣ,,,１種住居,,,2026年第1四半期,,
中古マンション等,成約価格情報,13117,東京都,北区,赤羽南,赤羽,9,77000000,２ＬＤＫ,60,2009年,ＲＣ,,,準工業,,,2026年第1四半期,,
中古マンション等,成約価格情報,13117,東京都,北区,赤羽南,赤羽,2,75000000,３ＬＤＫ,70,2003年,ＳＲＣ,,,商業,,,2026年第1四半期,,
中古マンション等,成約価格情報,13117,東京都,北区,岸町,王子,2,24000000,１Ｋ,25,2010年,ＲＣ,,,商業,,,2026年第1四半期,,
中古マンション等,成約価格情報,13117,東京都,北区,岸町,王子,7,43000000,２ＬＤＫ,55,1981年,ＲＣ,,,１中住専,,,2026年第1四半期,,
中古マンション等,成約価格情報,13117,東京都,北区,滝野川,西巣鴨,6,48000000,２ＬＤＫ,55,1997年,ＳＲＣ,,,商業,,,2026年第1四半期,,
中古マンション等,成約価格情報,13117,東京都,北区,滝野川,新板橋,4,69000000,３ＬＤＫ,70,1999年,ＳＲＣ,,,１種住居,,,2026年第1四半期,,
中古マンション等,成約価格情報,13117,東京都,北区,滝野川,西巣鴨,3,110000000,３ＬＤＫ,75,2013年,ＲＣ,,,１種住居,,,2026年第1四半期,,
中古マンション等,成約価格情報,13117,東京都,北区,滝野川,西巣鴨,6,57000000,２ＬＤＫ,60,1996年,ＳＲＣ,,,商業,,,2026年第1四半期,,
中古マンション等,成約価格情報,13117,東京都,北区,滝野川,板橋,5,27000000,１Ｋ,30,2017年,ＲＣ,,,近隣商業,,,2026年第1四半期,,
中古マンション等,成約価格情報,13117,東京都,北区,滝野川,西巣鴨,6,46000000,１ＬＤＫ＋Ｓ,60,1996年,ＳＲＣ,,,商業,,,2026年第1四半期,,
中古マンション等,成約価格情報,13117,東京都,北区,滝野川,板橋,1,21000000,２ＤＫ,35,1979年,ＲＣ,,,商業,,,2026年第1四半期,,
中古マンション等,成約価格情報,13117,東京都,北区,滝野川,王子,9,95000000,３ＬＤＫ＋Ｓ,90,2006年,ＲＣ,,,１中住専,,,2026年第1四半期,,
中古マンション等,成約価格情報,13117,東京都,北区,滝野川,滝野川一丁目,2,58000000,２ＬＤＫ,60,2001年,ＲＣ,,,１種住居,,,2026年第1四半期,,
中古マンション等,成約価格情報,13117,東京都,北区,滝野川,板橋,4,33000000,１Ｋ,30,2008年,ＲＣ,,,近隣商業,,,2026年第1四半期,,
中古マンション等,成約価格情報,13117,東京都,北区,滝野川,西巣鴨,7,45000000,２ＬＤＫ,60,1997年,ＳＲＣ,,,商業,,,2026年第1四半期,,
中古マンション等,成約価格情報,13117,東京都,北区,滝野川,板橋,5,58000000,２ＬＤＫ,55,1992年,ＲＣ,,,１種住居,,,2026年第1四半期,,
中古マンション等,成約価格情報,13117,東京都,北区,滝野川,板橋,2,42000000,１ＤＫ,40,2000年,ＳＲＣ,,,商業,,,2026年第1四半期,,
中古マンション等,成約価格情報,13117,東京都,北区,滝野川,西巣鴨,6,45000000,２ＬＤＫ,60,1996年,ＳＲＣ,,,商業,,,2026年第1四半期,,
中古マンション等,成約価格情報,13117,東京都,北区,滝野川,板橋,2,82000000,３ＬＤＫ,75,2002年,ＳＲＣ,,,商業,,,2026年第1四半期,,
中古マンション等,成約価格情報,13117,東京都,北区,東十条,東十条,3,31000000,１Ｒ,30,2022年,ＲＣ,,,近隣商業,,,2026年第1四半期,,
中古マンション等,成約価格情報,13117,東京都,北区,東十条,東十条,6,10000000,１Ｋ,30,1988年,ＲＣ,,,近隣商業,,,2026年第1四半期,,
中古マンション等,成約価格情報,13117,東京都,北区,東十条,東十条,2,45000000,１ＬＤＫ,40,2007年,ＲＣ,,,近隣商業,,,2026年第1四半期,,
中古マンション等,成約価格情報,13117,東京都,北区,赤羽西,赤羽,19,7000000,１ＤＫ,30,1975年,鉄骨造,,,１種住居,,,2026年第1四半期,,
中古マンション等,成約価格情報,13117,東京都,北区,赤羽西,赤羽,2,65000000,１ＬＤＫ＋Ｓ,70,1990年,ＳＲＣ,,,近隣商業,,,2026年第1四半期,,
中古マンション等,成約価格情報,13117,東京都,北区,赤羽西,赤羽,4,60000000,１ＬＤＫ,35,2023年,ＲＣ,,,商業,,,2026年第1四半期,,
中古マンション等,成約価格情報,13117,東京都,北区,赤羽西,赤羽,3,100000000,２ＬＤＫ,65,2023年,ＲＣ,,,商業,,,2026年第1四半期,,
中古マンション等,成約価格情報,13117,東京都,北区,赤羽西,赤羽,3,69000000,１ＬＤＫ,45,2023年,ＲＣ,,,商業,,,2026年第1四半期,,
中古マンション等,成約価格情報,13117,東京都,北区,赤羽西,本蓮沼,6,25000000,４ＤＫ,70,1987年,ＲＣ,,,準工業,,,2026年第1四半期,,
中古マンション等,成約価格情報,13117,東京都,北区,赤羽西,本蓮沼,6,30000000,２ＤＫ,45,1987年,ＲＣ,,,準工業,,,2026年第1四半期,,
中古マンション等,成約価格情報,13117,東京都,北区,岩淵町,赤羽岩淵,2,96000000,３ＬＤＫ,70,2012年,ＲＣ,,,１種住居,,,2026年第1四半期,,
中古マンション等,成約価格情報,13117,東京都,北区,岩淵町,赤羽岩淵,6,55000000,２ＬＤＫ＋Ｓ,75,1995年,ＲＣ,,,１種住居,,,2026年第1四半期,,
中古マンション等,成約価格情報,13117,東京都,北区,岩淵町,赤羽岩淵,1,58000000,１ＬＤＫ,45,2009年,ＲＣ,,,商業,,,2026年第1四半期,,
中古マンション等,成約価格情報,13117,東京都,北区,王子,王子,5,13000000,１Ｒ,20,1992年,ＳＲＣ,,,商業,,,2026年第1四半期,,
中古マンション等,成約価格情報,13117,東京都,北区,王子,王子神谷,5,99000000,３ＬＤＫ,70,2023年,ＲＣ,,,商業,,,2026年第1四半期,,
中古マンション等,成約価格情報,13117,東京都,北区,王子,王子,13,160000000,３ＬＤＫ,165,2009年,ＲＣ,,,商業,,,2026年第1四半期,,
中古マンション等,成約価格情報,13117,東京都,北区,王子,王子神谷,3,58000000,３ＬＤＫ,65,1999年,ＲＣ,,,１種住居,,,2026年第1四半期,改装済み,
中古マンション等,成約価格情報,13117,東京都,北区,王子,王子神谷,5,19000000,１Ｋ,25,2008年,ＲＣ,,,商業,,,2026年第1四半期,,
中古マンション等,成約価格情報,13117,東京都,北区,王子,王子,4,58000000,１ＬＤＫ,35,2025年,ＲＣ,,,商業,,,2026年第1四半期,,
中古マンション等,成約価格情報,13117,東京都,北区,王子,東十条,6,110000000,３ＬＤＫ,75,2018年,ＲＣ,,,準工業,,,2026年第1四半期,,
中古マンション等,成約価格情報,13117,東京都,北区,王子,王子神谷,5,110000000,２ＬＤＫ＋Ｓ,75,2018年,ＲＣ,,,準工業,,,2026年第1四半期,,
中古マンション等,成約価格情報,13117,東京都,北区,王子,王子神谷,1,32000000,１ＤＫ,35,2004年,ＳＲＣ,,,商業,,,2026年第1四半期,,
中古マンション等,成約価格情報,13117,東京都,北区,王子,王子,1,62000000,２ＬＤＫ,55,2003年,ＲＣ,,,商業,,,2026年第1四半期,,
中古マンション等,成約価格情報,13117,東京都,北区,王子,王子,4,92000000,２ＬＤＫ,60,2025年,ＲＣ,,,商業,,,2026年第1四半期,,
中古マンション等,成約価格情報,13117,東京都,北区,王子,王子神谷,2,34000000,１ＤＫ,30,2008年,ＲＣ,,,商業,,,2026年第1四半期,,
中古マンション等,成約価格情報,13117,東京都,北区,王子,王子神谷,3,100000000,３ＬＤＫ,75,2022年,ＲＣ,,,１種住居,,,2026年第1四半期,,
中古マンション等,成約価格情報,13117,東京都,北区,王子,王子,7,28000000,１Ｋ,25,2014年,ＲＣ,,,商業,,,2026年第1四半期,,
中古マンション等,成約価格情報,13117,東京都,北区,王子,王子,5,37000000,１Ｋ,30,2015年,ＲＣ,,,商業,,,2026年第1四半期,,
中古マンション等,成約価格情報,13117,東京都,北区,王子,東十条,6,97000000,３ＬＤＫ,70,2018年,ＲＣ,,,準工業,,,2026年第1四半期,,
中古マンション等,成約価格情報,13117,東京都,北区,王子,王子,6,53000000,３ＬＤＫ,75,1981年,ＳＲＣ,,,商業,,,2026年第1四半期,,
中古マンション等,成約価格情報,13117,東京都,北区,王子,王子神谷,10,81000000,３ＬＤＫ,70,2022年,ＲＣ,,,１中住専,,,2026年第1四半期,,
中古マンション等,成約価格情報,13117,東京都,北区,王子,王子,4,70000000,３ＬＤＫ,65,2013年,ＲＣ,,,１種住居,,,2026年第1四半期,,
中古マンション等,成約価格情報,13117,東京都,北区,王子,王子神谷,3,100000000,３ＬＤＫ,70,2022年,ＲＣ,,,１種住居,,,2026年第1四半期,,
中古マンション等,成約価格情報,13117,東京都,北区,王子,東十条,6,100000000,３ＬＤＫ,70,2018年,ＲＣ,,,準工業,,,2026年第1四半期,,
中古マンション等,成約価格情報,13117,東京都,北区,王子,王子,4,92000000,３ＬＤＫ,70,2018年,ＲＣ,,,近隣商業,,,2026年第1四半期,,
中古マンション等,成約価格情報,13117,東京都,北区,王子,東十条,6,120000000,３ＬＤＫ,70,2018年,ＲＣ,,,準工業,,,2026年第1四半期,,
中古マンション等,成約価格情報,13117,東京都,北区,王子本町,王子,4,73000000,２ＬＤＫ,60,2021年,ＲＣ,,,１種住居,,,2026年第1四半期,,
中古マンション等,成約価格情報,13117,東京都,北区,王子本町,王子,6,120000000,２ＬＤＫ＋Ｓ,85,2014年,ＲＣ,,,１種住居,,,2026年第1四半期,,
中古マンション等,成約価格情報,13117,東京都,北区,王子本町,王子,3,30000000,２ＤＫ,45,1983年,ＲＣ,,,１中住専,,,2026年第1四半期,,
中古マンション等,成約価格情報,13117,東京都,北区,上十条,十条(東京),1,110000000,３ＬＤＫ,75,2024年,ＲＣ,,,商業,,,2026年第1四半期,,
中古マンション等,成約価格情報,13117,東京都,北区,上十条,十条(東京),1,140000000,３ＬＤＫ,80,2024年,ＲＣ,,,商業,,,2026年第1四半期,,
中古マンション等,成約価格情報,13117,東京都,北区,上十条,十条(東京),1,230000000,３ＬＤＫ,100,2024年,ＲＣ,,,商業,,,2026年第1四半期,,
中古マンション等,成約価格情報,13117,東京都,北区,上十条,十条(東京),12,11000000,１Ｒ,20,1991年,ＳＲＣ,,,近隣商業,,,2026年第1四半期,,
中古マンション等,成約価格情報,13117,東京都,北区,上十条,十条(東京),1,190000000,３ＬＤＫ,95,2024年,ＲＣ,,,商業,,,2026年第1四半期,,
中古マンション等,成約価格情報,13117,東京都,北区,上十条,十条(東京),1,110000000,２ＬＤＫ,60,2024年,ＲＣ,,,商業,,,2026年第1四半期,,
中古マンション等,成約価格情報,13117,東京都,北区,上十条,十条(東京),1,130000000,３ＬＤＫ,80,2024年,ＲＣ,,,商業,,,2026年第1四半期,,
中古マンション等,成約価格情報,13117,東京都,北区,上十条,十条(東京),1,140000000,３ＬＤＫ,80,2024年,,,,商業,,,2026年第1四半期,,
中古マンション等,成約価格情報,13117,東京都,北区,上十条,十条(東京),9,45000000,１ＬＤＫ,45,1995年,ＳＲＣ,,,近隣商業,,,2026年第1四半期,改装済み,
中古マンション等,成約価格情報,13117,東京都,北区,上十条,十条(東京),1,110000000,２ＬＤＫ,70,2024年,ＲＣ,,,商業,,,2026年第1四半期,,
中古マンション等,成約価格情報,13117,東京都,北区,上十条,十条(東京),1,170000000,３ＬＤＫ,85,2024年,ＲＣ,,,商業,,,2026年第1四半期,,
中古マンション等,成約価格情報,13117,東京都,北区,神谷,赤羽,10,12000000,２Ｋ,35,1969年,ＲＣ,,,準工業,,,2026年第1四半期,,
中古マンション等,成約価格情報,13117,東京都,北区,神谷,東十条,10,28000000,１Ｋ,30,2021年,ＲＣ,,,近隣商業,,,2026年第1四半期,,
中古マンション等,成約価格情報,13117,東京都,北区,神谷,王子神谷,2,74000000,３ＬＤＫ,75,2004年,ＳＲＣ,,,商業,,,2026年第1四半期,改装済み,
中古マンション等,成約価格情報,13117,東京都,北区,神谷,王子神谷,3,58000000,３ＬＤＫ,65,2007年,ＲＣ,,,工業,,,2026年第1四半期,,
中古マンション等,成約価格情報,13117,東京都,北区,栄町,王子,3,45000000,１ＬＤＫ,35,2017年,ＲＣ,,,準工業,,,2026年第1四半期,,
中古マンション等,成約価格情報,13117,東京都,北区,十条台,王子,11,88000000,３ＬＤＫ,80,2007年,ＲＣ,,,１中住専,,,2026年第1四半期,改装済み,
中古マンション等,成約価格情報,13117,東京都,北区,十条台,王子,11,70000000,２ＬＤＫ,60,2007年,ＲＣ,,,１中住専,,,2026年第1四半期,,
中古マンション等,成約価格情報,13117,東京都,北区,田端,田端,,24000000,１Ｋ,20,2011年,ＲＣ,,,商業,,,2026年第1四半期,,
中古マンション等,成約価格情報,13117,東京都,北区,田端,田端,5,68000000,１ＬＤＫ＋Ｓ,55,1992年,ＲＣ,,,１種住居,,,2026年第1四半期,,
中古マンション等,成約価格情報,13117,東京都,北区,田端,田端,9,120000000,３ＬＤＫ,75,2016年,ＲＣ,,,１種住居,,,2026年第1四半期,,
中古マンション等,成約価格情報,13117,東京都,北区,田端,田端,,34000000,１ＬＤＫ,40,1986年,ＲＣ,,,１種住居,,,2026年第1四半期,,
中古マンション等,不動産取引価格情報,13117,東京都,北区,赤羽,赤羽岩淵,3,47000000,１ＬＤＫ,30,2020年,ＲＣ,住宅,住宅,商業,80,600,2026年第1四半期,,
中古マンション等,不動産取引価格情報,13117,東京都,北区,赤羽北,北赤羽,4,71000000,,95,1989年,ＳＲＣ,住宅,住宅,工業,60,300,2026年第1四半期,改装済み,
中古マンション等,不動産取引価格情報,13117,東京都,北区,赤羽北,北赤羽,4,72000000,３ＬＤＫ,65,2003年,ＲＣ,住宅,住宅,１種住居,60,300,2026年第1四半期,改装済み,
中古マンション等,不動産取引価格情報,13117,東京都,北区,赤羽台,北赤羽,5,32000000,,45,1971年,ＳＲＣ,住宅,,１中住専,60,150,2026年第1四半期,,
中古マンション等,不動産取引価格情報,13117,東京都,北区,赤羽西,赤羽,3,64000000,１ＬＤＫ,40,2023年,ＲＣ,住宅,住宅,商業,80,500,2026年第1四半期,未改装,
中古マンション等,不動産取引価格情報,13117,東京都,北区,赤羽西,赤羽,5,21000000,１Ｋ,25,2018年,ＲＣ,住宅,住宅,近隣商業,80,300,2026年第1四半期,,
中古マンション等,不動産取引価格情報,13117,東京都,北区,赤羽西,赤羽,3,60000000,１ＬＤＫ,30,2023年,ＲＣ,住宅,住宅,商業,80,500,2026年第1四半期,未改装,
中古マンション等,不動産取引価格情報,13117,東京都,北区,赤羽西,赤羽,5,34000000,１Ｋ,25,2018年,ＲＣ,住宅,住宅,近隣商業,80,300,2026年第1四半期,未改装,
中古マンション等,不動産取引価格情報,13117,東京都,北区,赤羽南,赤羽,2,59000000,１ＬＤＫ,40,2003年,ＳＲＣ,住宅,住宅,商業,80,600,2026年第1四半期,改装済み,
中古マンション等,不動産取引価格情報,13117,東京都,北区,浮間,浮間舟渡,10,40000000,３ＬＤＫ,55,1995年,ＲＣ,住宅,住宅,準工業,60,200,2026年第1四半期,未改装,
中古マンション等,不動産取引価格情報,13117,東京都,北区,浮間,浮間舟渡,11,46000000,３ＬＤＫ,60,2004年,ＲＣ,住宅,住宅,工業,60,200,2026年第1四半期,改装済み,
中古マンション等,不動産取引価格情報,13117,東京都,北区,王子,王子,9,27000000,１Ｋ,20,2010年,ＲＣ,住宅,住宅,商業,80,500,2026年第1四半期,,
中古マンション等,不動産取引価格情報,13117,東京都,北区,王子,王子,9,30000000,,20,2010年,ＲＣ,住宅,住宅,商業,80,500,2026年第1四半期,,
中古マンション等,不動産取引価格情報,13117,東京都,北区,王子,王子,3,20000000,,50,1978年,ＳＲＣ,住宅,,商業,80,600,2026年第1四半期,,
中古マンション等,不動産取引価格情報,13117,東京都,北区,王子,王子,8,23000000,１Ｋ,25,2014年,ＲＣ,住宅,その他,商業,80,500,2026年第1四半期,未改装,
中古マンション等,不動産取引価格情報,13117,東京都,北区,王子,王子,4,14000000,１Ｋ,15,1992年,ＳＲＣ,住宅,住宅,商業,80,500,2026年第1四半期,改装済み,
中古マンション等,不動産取引価格情報,13117,東京都,北区,王子,王子神谷,2,23000000,１Ｋ,25,2008年,ＲＣ,,その他,近隣商業,80,300,2026年第1四半期,,
中古マンション等,不動産取引価格情報,13117,東京都,北区,上十条,十条(東京),1,60000000,１Ｋ,30,2024年,ＲＣ,住宅,住宅,商業,80,800,2026年第1四半期,改装済み,
中古マンション等,不動産取引価格情報,13117,東京都,北区,上十条,十条(東京),12,13000000,１Ｋ,25,2007年,ＲＣ,住宅,住宅,近隣商業,80,400,2026年第1四半期,未改装,調停・競売等
中古マンション等,不動産取引価格情報,13117,東京都,北区,神谷,王子神谷,3,59000000,２ＬＤＫ,55,2017年,ＲＣ,住宅,住宅,工業,60,200,2026年第1四半期,,
中古マンション等,不動産取引価格情報,13117,東京都,北区,神谷,王子神谷,7,33000000,１Ｋ,25,2018年,ＲＣ,住宅,住宅,商業,80,500,2026年第1四半期,未改装,
中古マンション等,不動産取引価格情報,13117,東京都,北区,神谷,王子神谷,6,22000000,,25,2007年,ＲＣ,住宅,住宅,商業,80,500,2026年第1四半期,,
中古マンション等,不動産取引価格情報,13117,東京都,北区,神谷,志茂,5,53000000,３ＬＤＫ,70,1981年,ＳＲＣ,住宅,住宅,工業,60,400,2026年第1四半期,改装済み,
中古マンション等,不動産取引価格情報,13117,東京都,北区,志茂,志茂,0,43000000,１ＬＤＫ,30,2019年,ＲＣ,住宅,住宅,商業,80,500,2026年第1四半期,未改装,
中古マンション等,不動産取引価格情報,13117,東京都,北区,志茂,志茂,6,27000000,１Ｋ,25,2017年,ＲＣ,住宅,住宅,工業,60,200,2026年第1四半期,未改装,
中古マンション等,不動産取引価格情報,13117,東京都,北区,志茂,志茂,7,24000000,,25,2016年,ＲＣ,住宅,,工業,60,200,2026年第1四半期,,
中古マンション等,不動産取引価格情報,13117,東京都,北区,志茂,志茂,3,24000000,１Ｋ,25,2014年,ＲＣ,住宅,住宅,商業,80,500,2026年第1四半期,未改装,
中古マンション等,不動産取引価格情報,13117,東京都,北区,志茂,志茂,3,20000000,,55,1981年,ＳＲＣ,住宅,,準工業,60,200,2026年第1四半期,,
中古マンション等,不動産取引価格情報,13117,東京都,北区,十条仲原,十条(東京),6,57000000,２ＬＤＫ,50,2021年,ＲＣ,住宅,住宅,近隣商業,80,300,2026年第1四半期,未改装,
中古マンション等,不動産取引価格情報,13117,東京都,北区,昭和町,尾久,1,28000000,１Ｋ,25,2019年,ＲＣ,住宅,住宅,商業,80,500,2026年第1四半期,改装済み,
中古マンション等,不動産取引価格情報,13117,東京都,北区,滝野川,板橋,7,36000000,１ＤＫ,25,2021年,ＲＣ,住宅,住宅,商業,80,600,2026年第1四半期,,
中古マンション等,不動産取引価格情報,13117,東京都,北区,滝野川,王子,8,46000000,２ＬＤＫ,50,1993年,ＳＲＣ,住宅,住宅,商業,80,500,2026年第1四半期,未改装,
中古マンション等,不動産取引価格情報,13117,東京都,北区,田端,駒込,7,31000000,１Ｋ,25,2011年,ＲＣ,住宅,住宅,近隣商業,80,400,2026年第1四半期,未改装,
中古マンション等,不動産取引価格情報,13117,東京都,北区,田端,田端,7,24000000,１Ｋ,20,2011年,ＲＣ,住宅,住宅,商業,80,500,2026年第1四半期,未改装,
中古マンション等,不動産取引価格情報,13117,東京都,北区,豊島,王子,11,26000000,１Ｋ,25,2015年,ＲＣ,住宅,住宅,近隣商業,80,300,2026年第1四半期,,
中古マンション等,不動産取引価格情報,13117,東京都,北区,豊島,王子,14,8000000,１Ｋ,15,1992年,ＲＣ,住宅,住宅,１種住居,60,200,2026年第1四半期,未改装,
中古マンション等,不動産取引価格情報,13117,東京都,北区,豊島,王子,8,18000000,２ＤＫ,45,1984年,ＳＲＣ,住宅,住宅,商業,80,500,2026年第1四半期,未改装,
中古マンション等,不動産取引価格情報,13117,東京都,北区,豊島,王子,21,63000000,４ＬＤＫ,75,2020年,ＲＣ,住宅,住宅,２種住居,60,200,2026年第1四半期,未改装,
中古マンション等,不動産取引価格情報,13117,東京都,北区,中里,駒込,12,27000000,１Ｋ,25,2007年,ＲＣ,住宅,住宅,１中住専,60,150,2026年第1四半期,改装済み,
中古マンション等,不動産取引価格情報,13117,東京都,北区,中十条,東十条,5,10000000,１Ｒ,20,1985年,ＳＲＣ,住宅,事務所,近隣商業,80,400,2026年第1四半期,未改装,
中古マンション等,不動産取引価格情報,13117,東京都,北区,中十条,東十条,2,12000000,１Ｋ,20,1984年,ＲＣ,住宅,住宅,１種住居,60,200,2026年第1四半期,,
中古マンション等,不動産取引価格情報,13117,東京都,北区,西ケ原,駒込,7,56000000,１ＬＤＫ,45,2017年,ＲＣ,住宅,住宅,商業,80,500,2026年第1四半期,未改装,
中古マンション等,不動産取引価格情報,13117,東京都,北区,西ケ原,駒込,7,72000000,１ＬＤＫ＋Ｓ,50,2017年,ＲＣ,住宅,住宅,商業,80,500,2026年第1四半期,未改装,
中古マンション等,不動産取引価格情報,13117,東京都,北区,西ケ原,西ケ原,2,90000000,３ＬＤＫ,140,1988年,ＲＣ,住宅,住宅,近隣商業,80,400,2026年第1四半期,未改装,
中古マンション等,不動産取引価格情報,13117,東京都,北区,東十条,東十条,6,22000000,,20,2007年,ＲＣ,住宅,住宅,準工業,60,300,2026年第1四半期,,
中古マンション等,不動産取引価格情報,13117,東京都,北区,東十条,東十条,5,19000000,１Ｋ,25,2006年,ＲＣ,住宅,住宅,商業,80,500,2026年第1四半期,,
中古マンション等,不動産取引価格情報,13117,東京都,北区,東十条,東十条,6,12000000,１Ｋ,15,1988年,ＲＣ,住宅,住宅,近隣商業,80,300,2026年第1四半期,未改装,
中古マンション等,不動産取引価格情報,13117,東京都,北区,東十条,東十条,4,29000000,１Ｋ,25,2014年,ＲＣ,住宅,,近隣商業,80,300,2026年第1四半期,,
中古マンション等,成約価格情報,13118,東京都,荒川区,東尾久,西日暮里,8,48000000,３ＬＤＫ,65,1988年,ＳＲＣ,,,商業,,,2026年第1四半期,,
中古マンション等,成約価格情報,13118,東京都,荒川区,東尾久,東尾久三丁目,1,64000000,３ＬＤＫ,70,2014年,ＲＣ,,,近隣商業,,,2026年第1四半期,,
中古マンション等,成約価格情報,13118,東京都,荒川区,東尾久,赤土小学校前,6,75000000,４ＬＤＫ,85,1998年,ＳＲＣ,,,近隣商業,,,2026年第1四半期,,
中古マンション等,成約価格情報,13118,東京都,荒川区,東尾久,赤土小学校前,6,56000000,４ＬＤＫ,85,1998年,ＳＲＣ,,,近隣商業,,,2026年第1四半期,,
中古マンション等,成約価格情報,13118,東京都,荒川区,東尾久,新三河島,3,62000000,１ＬＤＫ＋Ｓ,45,2021年,ＲＣ,,,近隣商業,,,2026年第1四半期,,
中古マンション等,成約価格情報,13118,東京都,荒川区,東尾久,町屋,15,27000000,３ＤＫ,60,1987年,ＲＣ,,,準工業,,,2026年第1四半期,,
中古マンション等,成約価格情報,13118,東京都,荒川区,東尾久,町屋,14,35000000,２ＬＤＫ＋Ｓ,60,1982年,ＳＲＣ,,,近隣商業,,,2026年第1四半期,改装済み,
中古マンション等,成約価格情報,13118,東京都,荒川区,東尾久,田端,13,39000000,２ＬＤＫ,55,2003年,ＲＣ,,,商業,,,2026年第1四半期,,
中古マンション等,成約価格情報,13118,東京都,荒川区,東尾久,熊野前,6,19000000,３ＤＫ,55,1987年,ＲＣ,,,準工業,,,2026年第1四半期,,
中古マンション等,成約価格情報,13118,東京都,荒川区,東尾久,赤土小学校前,3,49000000,２ＬＤＫ,75,2003年,ＲＣ,,,近隣商業,,,2026年第1四半期,,
中古マンション等,成約価格情報,13118,東京都,荒川区,東尾久,熊野前,5,58000000,３ＬＤＫ,70,2013年,ＲＣ,,,準工業,,,2026年第1四半期,,
中古マンション等,成約価格情報,13118,東京都,荒川区,東尾久,熊野前,3,62000000,３ＬＤＫ,70,2011年,ＲＣ,,,商業,,,2026年第1四半期,,
中古マンション等,成約価格情報,13118,東京都,荒川区,町屋,町屋,7,42000000,１ＬＤＫ,30,2022年,ＲＣ,,,準工業,,,2026年第1四半期,,
中古マンション等,成約価格情報,13118,東京都,荒川区,町屋,町屋,8,66000000,２ＬＤＫ＋Ｓ,65,2013年,ＲＣ,,,商業,,,2026年第1四半期,,
中古マンション等,成約価格情報,13118,東京都,荒川区,町屋,町屋,10,44000000,３ＬＤＫ,65,1979年,ＳＲＣ,,,準工業,,,2026年第1四半期,改装済み,
中古マンション等,成約価格情報,13118,東京都,荒川区,町屋,町屋,13,55000000,２ＬＤＫ,60,2023年,ＲＣ,,,準工業,,,2026年第1四半期,,
中古マンション等,成約価格情報,13118,東京都,荒川区,町屋,町屋,15,44000000,４ＬＤＫ,85,2000年,ＲＣ,,,工業,,,2026年第1四半期,,
中古マンション等,成約価格情報,13118,東京都,荒川区,町屋,町屋,13,49000000,１ＬＤＫ,45,2023年,ＲＣ,,,準工業,,,2026年第1四半期,,
中古マンション等,成約価格情報,13118,東京都,荒川区,町屋,町屋,3,84000000,２ＬＤＫ,65,2019年,ＲＣ,,,１種住居,,,2026年第1四半期,,
中古マンション等,成約価格情報,13118,東京都,荒川区,町屋,町屋,8,75000000,３ＬＤＫ,70,2021年,ＲＣ,,,近隣商業,,,2026年第1四半期,,
中古マンション等,成約価格情報,13118,東京都,荒川区,町屋,町屋,14,5000000,２Ｋ,40,1964年,ＲＣ,,,工業,,,2026年第1四半期,,
中古マンション等,成約価格情報,13118,東京都,荒川区,町屋,町屋,15,53000000,４ＬＤＫ＋Ｓ,105,1986年,ＳＲＣ,,,工業,,,2026年第1四半期,,
中古マンション等,成約価格情報,13118,東京都,荒川区,町屋,町屋,6,88000000,３ＬＤＫ,70,2022年,ＲＣ,,,準工業,,,2026年第1四半期,,
中古マンション等,成約価格情報,13118,東京都,荒川区,町屋,東尾久三丁目,15,52000000,３ＬＤＫ,70,2011年,ＲＣ,,,準工業,,,2026年第1四半期,,
中古マンション等,成約価格情報,13118,東京都,荒川区,荒川,三ノ輪,10,60000000,２ＬＤＫ,55,2021年,ＲＣ,,,商業,,,2026年第1四半期,,
中古マンション等,成約価格情報,13118,東京都,荒川区,荒川,新三河島,5,71000000,２ＬＤＫ,90,2002年,ＲＣ,,,準工業,,,2026年第1四半期,,
中古マンション等,成約価格情報,13118,東京都,荒川区,荒川,荒川区役所前,2,24000000,１ＬＤＫ,50,1978年,ＳＲＣ,,,商業,,,2026年第1四半期,改装済み,
中古マンション等,成約価格情報,13118,東京都,荒川区,荒川,町屋,1,24000000,２ＤＫ,35,1979年,ＳＲＣ,,,商業,,,2026年第1四半期,,
中古マンション等,成約価格情報,13118,東京都,荒川区,荒川,三河島,4,67000000,２ＬＤＫ＋Ｓ,70,1997年,ＳＲＣ,,,商業,,,2026年第1四半期,改装済み,
中古マンション等,成約価格情報,13118,東京都,荒川区,荒川,三ノ輪,10,72000000,２ＬＤＫ＋Ｓ,65,2019年,ＲＣ,,,商業,,,2026年第1四半期,,
中古マンション等,成約価格情報,13118,東京都,荒川区,荒川,三河島,4,57000000,２ＬＤＫ,60,1997年,ＳＲＣ,,,商業,,,2026年第1四半期,改装済み,
中古マンション等,成約価格情報,13118,東京都,荒川区,荒川,三河島,11,18000000,２ＤＫ,45,1975年,ＳＲＣ,,,商業,,,2026年第1四半期,,
中古マンション等,成約価格情報,13118,東京都,荒川区,荒川,町屋駅前,2,65000000,２ＬＤＫ,60,2015年,ＲＣ,,,近隣商業,,,2026年第1四半期,,
中古マンション等,成約価格情報,13118,東京都,荒川区,荒川,三ノ輪,7,88000000,３ＬＤＫ,70,2002年,ＲＣ,,,商業,,,2026年第1四半期,,
中古マンション等,成約価格情報,13118,東京都,荒川区,荒川,町屋,2,37000000,３ＬＤＫ,70,1982年,ＳＲＣ,,,商業,,,2026年第1四半期,,
中古マンション等,成約価格情報,13118,東京都,荒川区,荒川,新三河島,4,90000000,２ＬＤＫ,65,2023年,ＲＣ,,,商業,,,2026年第1四半期,,
中古マンション等,成約価格情報,13118,東京都,荒川区,荒川,町屋,2,24000000,１Ｋ,30,2015年,ＲＣ,,,,,,2026年第1四半期,,
中古マンション等,成約価格情報,13118,東京都,荒川区,荒川,三ノ輪,9,64000000,３ＬＤＫ,70,1992年,ＳＲＣ,,,商業,,,2026年第1四半期,改装済み,
中古マンション等,成約価格情報,13118,東京都,荒川区,荒川,町屋,2,60000000,３ＬＤＫ,65,1988年,ＳＲＣ,,,商業,,,2026年第1四半期,改装済み,
中古マンション等,成約価格情報,13118,東京都,荒川区,西尾久,小台,2,35000000,３ＬＤＫ,60,1994年,ＳＲＣ,,,近隣商業,,,2026年第1四半期,,
中古マンション等,成約価格情報,13118,東京都,荒川区,西尾久,尾久,5,63000000,２ＬＤＫ,50,2023年,ＲＣ,,,準工業,,,2026年第1四半期,,
中古マンション等,成約価格情報,13118,東京都,荒川区,西尾久,上中里,17,25000000,１ＬＤＫ＋Ｓ,50,1981年,ＲＣ,,,準工業,,,2026年第1四半期,,
中古マンション等,成約価格情報,13118,東京都,荒川区,西尾久,尾久,10,30000000,４ＬＤＫ,75,1985年,ＳＲＣ,,,準工業,,,2026年第1四半期,,
中古マンション等,成約価格情報,13118,東京都,荒川区,東日暮里,日暮里,10,70000000,２ＬＤＫ＋Ｓ,70,2000年,ＳＲＣ,,,商業,,,2026年第1四半期,,
中古マンション等,成約価格情報,13118,東京都,荒川区,東日暮里,日暮里,3,52000000,２ＬＤＫ,55,1997年,ＳＲＣ,,,商業,,,2026年第1四半期,,
中古マンション等,成約価格情報,13118,東京都,荒川区,東日暮里,日暮里,8,72000000,２ＬＤＫ,60,2017年,ＲＣ,,,商業,,,2026年第1四半期,,
中古マンション等,成約価格情報,13118,東京都,荒川区,東日暮里,日暮里,4,89000000,２ＬＤＫ,55,2018年,ＲＣ,,,商業,,,2026年第1四半期,,
中古マンション等,成約価格情報,13118,東京都,荒川区,東日暮里,鶯谷,8,57000000,２ＬＤＫ,55,2013年,ＲＣ,,,準工業,,,2026年第1四半期,,
中古マンション等,成約価格情報,13118,東京都,荒川区,東日暮里,日暮里,4,140000000,３ＬＤＫ,75,2016年,ＲＣ,,,商業,,,2026年第1四半期,,
中古マンション等,成約価格情報,13118,東京都,荒川区,東日暮里,鶯谷,12,75000000,３ＬＤＫ,70,2010年,ＲＣ,,,商業,,,2026年第1四半期,,
中古マンション等,成約価格情報,13118,東京都,荒川区,東日暮里,日暮里,4,48000000,２ＤＫ,55,1997年,ＳＲＣ,,,商業,,,2026年第1四半期,,
中古マンション等,成約価格情報,13118,東京都,荒川区,東日暮里,日暮里,6,49000000,３ＤＫ,55,1983年,ＳＲＣ,,,商業,,,2026年第1四半期,,
中古マンション等,成約価格情報,13118,東京都,荒川区,東日暮里,日暮里,3,64000000,２ＬＤＫ,55,1997年,ＳＲＣ,,,商業,,,2026年第1四半期,,
中古マンション等,成約価格情報,13118,東京都,荒川区,東日暮里,三河島,1,110000000,３ＬＤＫ,70,2014年,ＲＣ,,,準工業,,,2026年第1四半期,,
中古マンション等,成約価格情報,13118,東京都,荒川区,東日暮里,日暮里,9,17000000,３ＤＫ,50,1981年,ＳＲＣ,,,商業,,,2026年第1四半期,,
中古マンション等,成約価格情報,13118,東京都,荒川区,東日暮里,日暮里,13,47000000,３ＬＤＫ,60,1985年,ＳＲＣ,,,商業,,,2026年第1四半期,,
中古マンション等,成約価格情報,13118,東京都,荒川区,東日暮里,三ノ輪,8,73000000,２ＬＤＫ,70,2012年,ＲＣ,,,準工業,,,2026年第1四半期,,
中古マンション等,成約価格情報,13118,東京都,荒川区,東日暮里,鶯谷,9,77000000,３ＬＤＫ,70,2001年,ＳＲＣ,,,準工業,,,2026年第1四半期,,
中古マンション等,成約価格情報,13118,東京都,荒川区,東日暮里,日暮里,1,60000000,２ＬＤＫ,65,1983年,ＳＲＣ,,,商業,,,2026年第1四半期,,
中古マンション等,成約価格情報,13118,東京都,荒川区,東日暮里,日暮里,14,30000000,３Ｋ,55,1996年,ＲＣ,,,商業,,,2026年第1四半期,,
中古マンション等,成約価格情報,13118,東京都,荒川区,東日暮里,日暮里,7,100000000,２ＬＤＫ,60,2019年,ＲＣ,,,準工業,,,2026年第1四半期,,
中古マンション等,成約価格情報,13118,東京都,荒川区,東日暮里,三河島,3,56000000,２ＬＤＫ,55,1995年,ＳＲＣ,,,商業,,,2026年第1四半期,,
中古マンション等,成約価格情報,13118,東京都,荒川区,東日暮里,日暮里,6,74000000,２ＬＤＫ,60,2004年,ＲＣ,,,商業,,,2026年第1四半期,,
中古マンション等,成約価格情報,13118,東京都,荒川区,東日暮里,鶯谷,9,89000000,４ＬＤＫ,85,2000年,ＲＣ,,,準工業,,,2026年第1四半期,,
中古マンション等,成約価格情報,13118,東京都,荒川区,東日暮里,日暮里,3,65000000,２ＬＤＫ,50,1992年,ＳＲＣ,,,商業,,,2026年第1四半期,,
中古マンション等,成約価格情報,13118,東京都,荒川区,東日暮里,鶯谷,5,43000000,１ＬＤＫ,40,2018年,ＲＣ,,,商業,,,2026年第1四半期,,
中古マンション等,成約価格情報,13118,東京都,荒川区,東日暮里,鶯谷,4,120000000,２ＬＤＫ,70,2021年,ＲＣ,,,商業,,,2026年第1四半期,,
中古マンション等,成約価格情報,13118,東京都,荒川区,東日暮里,鶯谷,9,66000000,２ＬＤＫ,55,2020年,ＲＣ,,,商業,,,2026年第1四半期,,
中古マンション等,成約価格情報,13118,東京都,荒川区,東日暮里,鶯谷,6,110000000,３ＬＤＫ,75,2020年,ＲＣ,,,商業,,,2026年第1四半期,,
中古マンション等,成約価格情報,13118,東京都,荒川区,東日暮里,日暮里,4,46000000,１Ｒ,45,1992年,鉄骨造,,,商業,,,2026年第1四半期,,
中古マンション等,成約価格情報,13118,東京都,荒川区,西日暮里,西日暮里,10,78000000,３ＬＤＫ,75,2011年,ＲＣ,,,商業,,,2026年第1四半期,,
中古マンション等,成約価格情報,13118,東京都,荒川区,西日暮里,日暮里,1,160000000,２ＬＤＫ,80,2008年,ＲＣ,,,商業,,,2026年第1四半期,,
中古マンション等,成約価格情報,13118,東京都,荒川区,西日暮里,西日暮里,5,110000000,３ＬＤＫ,70,2018年,ＲＣ,,,準工業,,,2026年第1四半期,,
中古マンション等,成約価格情報,13118,東京都,荒川区,西日暮里,西日暮里,9,38000000,２ＤＫ,70,1989年,ＲＣ,,,準工業,,,2026年第1四半期,,
中古マンション等,成約価格情報,13118,東京都,荒川区,西日暮里,西日暮里,7,65000000,２ＬＤＫ,60,2011年,ＲＣ,,,商業,,,2026年第1四半期,,
中古マンション等,成約価格情報,13118,東京都,荒川区,西日暮里,日暮里,3,100000000,２ＬＤＫ,60,2017年,ＲＣ,,,商業,,,2026年第1四半期,,
中古マンション等,成約価格情報,13118,東京都,荒川区,西日暮里,尾久,5,43000000,１ＬＤＫ,45,2023年,ＲＣ,,,準工業,,,2026年第1四半期,,
中古マンション等,成約価格情報,13118,東京都,荒川区,西日暮里,日暮里,1,130000000,２ＬＤＫ,80,2008年,ＲＣ,,,商業,,,2026年第1四半期,,
中古マンション等,成約価格情報,13118,東京都,荒川区,西日暮里,日暮里,4,110000000,３ＬＤＫ,75,2017年,ＲＣ,,,商業,,,2026年第1四半期,,
中古マンション等,成約価格情報,13118,東京都,荒川区,西日暮里,西日暮里,7,84000000,３ＬＤＫ,70,2005年,ＲＣ,,,準工業,,,2026年第1四半期,,
中古マンション等,成約価格情報,13118,東京都,荒川区,南千住,南千住,6,76000000,２ＬＤＫ＋Ｓ,75,2002年,ＲＣ,,,準工業,,,2026年第1四半期,,
中古マンション等,成約価格情報,13118,東京都,荒川区,南千住,南千住,10,86000000,３ＬＤＫ＋Ｓ,90,2005年,ＳＲＣ,,,１種住居,,,2026年第1四半期,,
中古マンション等,成約価格情報,13118,東京都,荒川区,南千住,南千住,8,39000000,３ＤＫ,60,1987年,ＳＲＣ,,,準工業,,,2026年第1四半期,,
中古マンション等,成約価格情報,13118,東京都,荒川区,南千住,南千住,5,16000000,１ＬＤＫ,40,1978年,ＲＣ,,,準工業,,,2026年第1四半期,,
中古マンション等,成約価格情報,13118,東京都,荒川区,南千住,荒川一中前,5,76000000,３ＬＤＫ,70,2014年,ＲＣ,,,近隣商業,,,2026年第1四半期,,
中古マンション等,成約価格情報,13118,東京都,荒川区,南千住,南千住,11,76000000,３ＬＤＫ,70,2014年,ＲＣ,,,近隣商業,,,2026年第1四半期,,
中古マンション等,成約価格情報,13118,東京都,荒川区,南千住,南千住,8,65000000,２ＬＤＫ,65,2006年,ＲＣ,,,準工業,,,2026年第1四半期,,
中古マンション等,成約価格情報,13118,東京都,荒川区,南千住,南千住,1,92000000,２ＬＤＫ,70,2010年,ＲＣ,,,商業,,,2026年第1四半期,,
中古マンション等,成約価格情報,13118,東京都,荒川区,南千住,南千住,16,70000000,３ＬＤＫ,85,2007年,ＲＣ,,,１種住居,,,2026年第1四半期,,
中古マンション等,成約価格情報,13118,東京都,荒川区,南千住,南千住,15,66000000,３ＬＤＫ,100,1990年,ＳＲＣ,,,１種住居,,,2026年第1四半期,,
中古マンション等,成約価格情報,13118,東京都,荒川区,南千住,南千住,10,78000000,３ＬＤＫ,75,2005年,ＳＲＣ,,,１種住居,,,2026年第1四半期,改装済み,
中古マンション等,成約価格情報,13118,東京都,荒川区,南千住,南千住,7,65000000,２ＬＤＫ,55,2022年,ＲＣ,,,準工業,,,2026年第1四半期,,
中古マンション等,成約価格情報,13118,東京都,荒川区,南千住,南千住,9,56000000,２ＬＤＫ＋Ｓ,65,1987年,ＳＲＣ,,,準工業,,,2026年第1四半期,,
中古マンション等,成約価格情報,13118,東京都,荒川区,南千住,南千住,6,53000000,３ＬＤＫ,65,1978年,ＳＲＣ,,,準工業,,,2026年第1四半期,,
中古マンション等,成約価格情報,13118,東京都,荒川区,南千住,南千住,13,74000000,２ＬＤＫ,55,2024年,ＲＣ,,,近隣商業,,,2026年第1四半期,,
中古マンション等,成約価格情報,13118,東京都,荒川区,南千住,南千住,14,67000000,３ＬＤＫ,75,2009年,ＳＲＣ,,,準工業,,,2026年第1四半期,,
中古マンション等,成約価格情報,13118,東京都,荒川区,南千住,南千住,6,75000000,３ＬＤＫ,65,2015年,ＲＣ,,,商業,,,2026年第1四半期,,
中古マンション等,成約価格情報,13118,東京都,荒川区,南千住,南千住,15,100000000,４ＬＤＫ,125,1992年,ＳＲＣ,,,準工業,,,2026年第1四半期,,
中古マンション等,成約価格情報,13118,東京都,荒川区,南千住,三ノ輪橋,4,23000000,２ＤＫ,40,1978年,ＳＲＣ,,,商業,,,2026年第1四半期,,
中古マンション等,成約価格情報,13118,東京都,荒川区,南千住,南千住,1,100000000,２ＬＤＫ,65,2010年,,,,商業,,,2026年第1四半期,改装済み,
中古マンション等,成約価格情報,13118,東京都,荒川区,南千住,南千住,6,42000000,２ＤＫ＋Ｓ,60,1987年,ＳＲＣ,,,商業,,,2026年第1四半期,,
中古マンション等,成約価格情報,13118,東京都,荒川区,南千住,南千住,6,43000000,３ＤＫ,70,1978年,ＳＲＣ,,,準工業,,,2026年第1四半期,,
中古マンション等,成約価格情報,13118,東京都,荒川区,南千住,南千住,18,87000000,４ＬＤＫ,95,2007年,ＳＲＣ,,,１種住居,,,2026年第1四半期,,
中古マンション等,成約価格情報,13118,東京都,荒川区,南千住,三ノ輪橋,1,18000000,１ＤＫ,35,1982年,鉄骨造,,,商業,,,2026年第1四半期,,
中古マンション等,成約価格情報,13118,東京都,荒川区,南千住,南千住,18,69000000,３ＬＤＫ,80,2009年,ＲＣ,,,１種住居,,,2026年第1四半期,,
中古マンション等,成約価格情報,13118,東京都,荒川区,南千住,南千住,17,63000000,３ＬＤＫ,75,2007年,ＳＲＣ,,,１種住居,,,2026年第1四半期,,
中古マンション等,成約価格情報,13118,東京都,荒川区,南千住,南千住,13,90000000,４ＬＤＫ,160,1994年,ＳＲＣ,,,１種住居,,,2026年第1四半期,,
中古マンション等,成約価格情報,13118,東京都,荒川区,南千住,南千住,9,68000000,３ＬＤＫ,75,1999年,ＲＣ,,,準工業,,,2026年第1四半期,,
中古マンション等,成約価格情報,13118,東京都,荒川区,南千住,南千住,8,30000000,３ＤＫ,65,1987年,ＳＲＣ,,,準工業,,,2026年第1四半期,,
中古マンション等,不動産取引価格情報,13118,東京都,荒川区,荒川,荒川区役所前,2,46000000,２ＬＤＫ,50,1999年,ＳＲＣ,,,商業,80,600,2026年第1四半期,改装済み,
中古マンション等,不動産取引価格情報,13118,東京都,荒川区,荒川,町屋,5,65000000,２ＬＤＫ,55,2021年,ＲＣ,,住宅,商業,80,500,2026年第1四半期,未改装,
中古マンション等,不動産取引価格情報,13118,東京都,荒川区,荒川,町屋,4,29000000,１Ｋ,25,2015年,ＲＣ,,その他,商業,80,500,2026年第1四半期,未改装,
中古マンション等,不動産取引価格情報,13118,東京都,荒川区,荒川,三河島,6,24000000,１Ｋ,25,2014年,ＲＣ,住宅,,商業,80,600,2026年第1四半期,,
中古マンション等,不動産取引価格情報,13118,東京都,荒川区,荒川,三河島,6,130000000,オープンフロア,200,1989年,ＳＲＣ,事務所,,商業,80,600,2026年第1四半期,改装済み,
中古マンション等,不動産取引価格情報,13118,東京都,荒川区,西尾久,尾久,6,69000000,３ＬＤＫ,75,2000年,ＲＣ,住宅,住宅,準工業,80,300,2026年第1四半期,未改装,
中古マンション等,不動産取引価格情報,13118,東京都,荒川区,西尾久,尾久,8,42000000,３ＬＤＫ,60,1980年,ＳＲＣ,,住宅,準工業,80,300,2026年第1四半期,改装済み,
中古マンション等,不動産取引価格情報,13118,東京都,荒川区,西日暮里,新三河島,3,26000000,１Ｋ,25,2014年,ＲＣ,住宅、店舗,住宅,商業,80,500,2026年第1四半期,未改装,
中古マンション等,不動産取引価格情報,13118,東京都,荒川区,西日暮里,西日暮里,8,75000000,３ＬＤＫ,50,2019年,ＲＣ,住宅,住宅,商業,80,600,2026年第1四半期,改装済み,
中古マンション等,不動産取引価格情報,13118,東京都,荒川区,西日暮里,日暮里,2,29000000,１ＤＫ,25,1999年,ＳＲＣ,住宅,住宅,商業,80,700,2026年第1四半期,未改装,
中古マンション等,不動産取引価格情報,13118,東京都,荒川区,西日暮里,日暮里,4,40000000,１Ｋ,20,2018年,ＲＣ,住宅,住宅,商業,80,700,2026年第1四半期,未改装,
中古マンション等,不動産取引価格情報,13118,東京都,荒川区,東尾久,熊野前,7,27000000,２ＬＤＫ,50,1987年,ＲＣ,住宅,住宅,準工業,80,300,2026年第1四半期,未改装,
中古マンション等,不動産取引価格情報,13118,東京都,荒川区,東日暮里,日暮里,3,120000000,３ＬＤＫ,70,2021年,ＲＣ,住宅,住宅,準工業,60,400,2026年第1四半期,未改装,
中古マンション等,不動産取引価格情報,13118,東京都,荒川区,東日暮里,三河島,6,59000000,４ＬＤＫ,75,2004年,ＲＣ,住宅,住宅,準工業,80,300,2026年第1四半期,未改装,
中古マンション等,不動産取引価格情報,13118,東京都,荒川区,東日暮里,三ノ輪,2,84000000,３ＬＤＫ,60,2021年,ＲＣ,,住宅,商業,80,500,2026年第1四半期,未改装,
中古マンション等,不動産取引価格情報,13118,東京都,荒川区,町屋,町屋,15,46000000,２ＬＤＫ,70,2005年,ＲＣ,,住宅,工業,60,200,2026年第1四半期,未改装,
中古マンション等,不動産取引価格情報,13118,東京都,荒川区,町屋,町屋,7,9500000,,20,1991年,ＲＣ,住宅,,準工業,80,300,2026年第1四半期,,
中古マンション等,不動産取引価格情報,13118,東京都,荒川区,町屋,町屋,6,30000000,１Ｋ,25,2018年,ＲＣ,住宅,住宅,準工業,80,300,2026年第1四半期,未改装,
中古マンション等,不動産取引価格情報,13118,東京都,荒川区,町屋,町屋,15,33000000,３ＬＤＫ,55,1983年,ＳＲＣ,,住宅,工業,60,200,2026年第1四半期,,
中古マンション等,不動産取引価格情報,13118,東京都,荒川区,町屋,町屋,15,33000000,３ＬＤＫ,55,1983年,ＳＲＣ,,住宅,工業,60,200,2026年第1四半期,改装済み,
中古マンション等,不動産取引価格情報,13118,東京都,荒川区,町屋,町屋,3,84000000,３ＬＤＫ,60,2019年,ＲＣ,,,商業,80,500,2026年第1四半期,,
中古マンション等,不動産取引価格情報,13118,東京都,荒川区,町屋,町屋,13,41000000,３ＬＤＫ,70,2015年,ＲＣ,,住宅,準工業,80,300,2026年第1四半期,,
中古マンション等,不動産取引価格情報,13118,東京都,荒川区,南千住,南千住,18,39000000,１ＬＤＫ,50,2001年,ＳＲＣ,住宅,住宅,１種住居,60,300,2026年第1四半期,改装済み,
中古マンション等,不動産取引価格情報,13118,東京都,荒川区,南千住,南千住,5,53000000,３ＬＤＫ,60,1978年,ＳＲＣ,住宅,住宅,準工業,80,300,2026年第1四半期,改装済み,
中古マンション等,不動産取引価格情報,13118,東京都,荒川区,南千住,南千住,15,67000000,３ＬＤＫ,85,1992年,ＳＲＣ,住宅,住宅,１種住居,60,200,2026年第1四半期,改装済み,
中古マンション等,不動産取引価格情報,13118,東京都,荒川区,南千住,南千住,12,60000000,３ＬＤＫ,80,1993年,ＳＲＣ,住宅,住宅,１種住居,60,300,2026年第1四半期,改装済み,
中古マンション等,不動産取引価格情報,13118,東京都,荒川区,南千住,南千住,16,39000000,２ＬＤＫ,45,1992年,ＳＲＣ,住宅,住宅,１種住居,60,300,2026年第1四半期,改装済み,
中古マンション等,不動産取引価格情報,13118,東京都,荒川区,南千住,南千住,5,76000000,２ＬＤＫ＋Ｓ,70,2002年,ＲＣ,住宅,住宅,準工業,80,400,2026年第1四半期,未改装,
中古マンション等,不動産取引価格情報,13118,東京都,荒川区,南千住,三ノ輪,5,63000000,２ＬＤＫ,55,2006年,ＲＣ,,住宅,準工業,60,300,2026年第1四半期,改装済み,
中古マンション等,成約価格情報,13119,東京都,板橋区,上板橋,上板橋,7,21000000,１Ｋ,30,2018年,ＲＣ,,,近隣商業,,,2026年第1四半期,,
中古マンション等,成約価格情報,13119,東京都,板橋区,上板橋,上板橋,10,44000000,２ＬＤＫ,60,1984年,ＳＲＣ,,,近隣商業,,,2026年第1四半期,,
中古マンション等,成約価格情報,13119,東京都,板橋区,栄町,中板橋,7,32000000,２ＬＤＫ,50,1974年,ＳＲＣ,,,１種住居,,,2026年第1四半期,,
中古マンション等,成約価格情報,13119,東京都,板橋区,栄町,中板橋,7,20000000,３ＤＫ＋Ｓ,45,1974年,ＳＲＣ,,,１種住居,,,2026年第1四半期,,
中古マンション等,成約価格情報,13119,東京都,板橋区,志村,志村坂上,4,35000000,３ＤＫ,65,1980年,ＳＲＣ,,,商業,,,2026年第1四半期,,
中古マンション等,成約価格情報,13119,東京都,板橋区,志村,志村三丁目,4,49000000,３ＬＤＫ＋Ｓ,80,1986年,ＲＣ,,,１種住居,,,2026年第1四半期,,
中古マンション等,成約価格情報,13119,東京都,板橋区,志村,志村坂上,3,41000000,２ＤＫ＋Ｓ,70,1994年,ＳＲＣ,,,商業,,,2026年第1四半期,,
中古マンション等,成約価格情報,13119,東京都,板橋区,志村,志村坂上,1,34000000,３ＬＤＫ,60,1983年,ＳＲＣ,,,商業,,,2026年第1四半期,,
中古マンション等,成約価格情報,13119,東京都,板橋区,志村,本蓮沼,7,73000000,３ＬＤＫ,80,2000年,ＳＲＣ,,,準工業,,,2026年第1四半期,改装済み,
中古マンション等,成約価格情報,13119,東京都,板橋区,志村,志村三丁目,3,39000000,１ＬＤＫ,35,2011年,ＲＣ,,,準工業,,,2026年第1四半期,,
中古マンション等,成約価格情報,13119,東京都,板橋区,志村,本蓮沼,7,73000000,３ＬＤＫ＋Ｓ,85,2000年,ＳＲＣ,,,商業,,,2026年第1四半期,,
中古マンション等,成約価格情報,13119,東京都,板橋区,志村,志村坂上,8,21000000,２ＤＫ＋Ｓ,55,1974年,ＳＲＣ,,,近隣商業,,,2026年第1四半期,,
中古マンション等,成約価格情報,13119,東京都,板橋区,志村,志村坂上,4,25000000,１Ｋ,25,2014年,ＲＣ,,,商業,,,2026年第1四半期,,
中古マンション等,成約価格情報,13119,東京都,板橋区,中板橋,中板橋,3,30000000,１Ｋ,30,2017年,ＲＣ,,,商業,,,2026年第1四半期,,
中古マンション等,成約価格情報,13119,東京都,板橋区,中板橋,中板橋,3,32000000,２ＤＫ,50,1983年,ＲＣ,,,１種住居,,,2026年第1四半期,,
中古マンション等,成約価格情報,13119,東京都,板橋区,仲宿,板橋区役所前,4,60000000,１ＬＤＫ,40,2022年,ＲＣ,,,商業,,,2026年第1四半期,,
中古マンション等,成約価格情報,13119,東京都,板橋区,仲宿,板橋区役所前,7,47000000,１ＬＤＫ,55,2005年,ＲＣ,,,１種住居,,,2026年第1四半期,,
中古マンション等,成約価格情報,13119,東京都,板橋区,仲宿,板橋区役所前,6,72000000,３ＬＤＫ,75,2000年,ＳＲＣ,,,商業,,,2026年第1四半期,,
中古マンション等,成約価格情報,13119,東京都,板橋区,仲宿,板橋区役所前,4,22000000,１Ｋ,25,2009年,ＲＣ,,,商業,,,2026年第1四半期,,
中古マンション等,成約価格情報,13119,東京都,板橋区,仲宿,板橋区役所前,5,30000000,１ＤＫ,30,2006年,ＲＣ,,,商業,,,2026年第1四半期,,
中古マンション等,成約価格情報,13119,東京都,板橋区,仲宿,板橋区役所前,4,14000000,１Ｋ,20,1994年,ＳＲＣ,,,商業,,,2026年第1四半期,,
中古マンション等,成約価格情報,13119,東京都,板橋区,仲宿,板橋区役所前,10,68000000,２ＬＤＫ,75,2005年,ＲＣ,,,１種住居,,,2026年第1四半期,,
中古マンション等,成約価格情報,13119,東京都,板橋区,西台,東武練馬,8,46000000,３ＬＤＫ,80,1987年,ＳＲＣ,,,工業,,,2026年第1四半期,,
中古マンション等,成約価格情報,13119,東京都,板橋区,西台,西台,13,7500000,１Ｋ,25,1974年,ＲＣ,,,準住居,,,2026年第1四半期,,
中古マンション等,成約価格情報,13119,東京都,板橋区,西台,東武練馬,7,44000000,３ＬＤＫ,80,1987年,ＳＲＣ,,,工業,,,2026年第1四半期,,
中古マンション等,成約価格情報,13119,東京都,板橋区,西台,西台,14,6400000,１ＤＫ,30,1974年,ＲＣ,,,１種住居,,,2026年第1四半期,,
中古マンション等,成約価格情報,13119,東京都,板橋区,蓮沼町,本蓮沼,2,52000000,２ＬＤＫ＋Ｓ,90,1996年,ＲＣ,,,近隣商業,,,2026年第1四半期,,
中古マンション等,成約価格情報,13119,東京都,板橋区,蓮沼町,本蓮沼,5,8500000,２ＤＫ,45,1974年,ＳＲＣ,,,準工業,,,2026年第1四半期,,
中古マンション等,成約価格情報,13119,東京都,板橋区,蓮沼町,本蓮沼,2,43000000,１ＬＤＫ,40,2012年,ＲＣ,,,商業,,,2026年第1四半期,,
中古マンション等,成約価格情報,13119,東京都,板橋区,本町,板橋本町,2,18000000,２ＤＫ,35,1983年,ＲＣ,,,商業,,,2026年第1四半期,,
中古マンション等,成約価格情報,13119,東京都,板橋区,南常盤台,ときわ台(東京),1,24000000,１Ｋ,30,2015年,ＲＣ,,,商業,,,2026年第1四半期,,
中古マンション等,成約価格情報,13119,東京都,板橋区,南常盤台,ときわ台(東京),7,40000000,２ＤＫ＋Ｓ,55,1996年,ＲＣ,,,１種住居,,,2026年第1四半期,改装済み,
中古マンション等,成約価格情報,13119,東京都,板橋区,小豆沢,志村坂上,10,76000000,２ＬＤＫ＋Ｓ,75,2015年,ＲＣ,,,準工業,,,2026年第1四半期,,
中古マンション等,成約価格情報,13119,東京都,板橋区,小豆沢,志村坂上,11,85000000,４ＬＤＫ,85,2015年,ＲＣ,,,準工業,,,2026年第1四半期,,
中古マンション等,成約価格情報,13119,東京都,板橋区,小豆沢,志村坂上,11,40000000,２ＤＫ,45,2007年,ＲＣ,,,準工業,,,2026年第1四半期,改装済み,
中古マンション等,成約価格情報,13119,東京都,板橋区,小豆沢,志村坂上,10,40000000,３ＬＤＫ,65,1988年,ＳＲＣ,,,準工業,,,2026年第1四半期,,
中古マンション等,成約価格情報,13119,東京都,板橋区,小豆沢,志村坂上,12,18000000,１Ｋ,25,2007年,ＲＣ,,,準工業,,,2026年第1四半期,,
中古マンション等,成約価格情報,13119,東京都,板橋区,小豆沢,志村坂上,10,50000000,２ＬＤＫ＋Ｓ,70,2013年,ＲＣ,,,準工業,,,2026年第1四半期,,
中古マンション等,成約価格情報,13119,東京都,板橋区,小豆沢,志村坂上,10,28000000,１Ｋ,30,2017年,ＲＣ,,,準工業,,,2026年第1四半期,,
中古マンション等,成約価格情報,13119,東京都,板橋区,小豆沢,本蓮沼,11,40000000,２ＬＤＫ,60,1987年,,,,近隣商業,,,2026年第1四半期,改装済み,
中古マンション等,成約価格情報,13119,東京都,板橋区,小豆沢,本蓮沼,5,15000000,１Ｒ,20,1993年,ＳＲＣ,,,商業,,,2026年第1四半期,,
中古マンション等,成約価格情報,13119,東京都,板橋区,小豆沢,志村坂上,4,34000000,２ＬＤＫ,55,1982年,ＳＲＣ,,,商業,,,2026年第1四半期,,
中古マンション等,成約価格情報,13119,東京都,板橋区,小豆沢,志村坂上,10,31000000,２ＤＫ,45,2007年,ＲＣ,,,準工業,,,2026年第1四半期,,
中古マンション等,成約価格情報,13119,東京都,板橋区,小豆沢,志村坂上,10,77000000,２ＬＤＫ＋Ｓ,75,2015年,ＲＣ,,,準工業,,,2026年第1四半期,,
中古マンション等,成約価格情報,13119,東京都,板橋区,小豆沢,本蓮沼,10,78000000,３ＬＤＫ,75,2015年,ＲＣ,,,準工業,,,2026年第1四半期,,
中古マンション等,成約価格情報,13119,東京都,板橋区,板橋,板橋区役所前,2,10000000,１Ｒ,20,1989年,ＳＲＣ,,,商業,,,2026年第1四半期,,
中古マンション等,成約価格情報,13119,東京都,板橋区,板橋,新板橋,3,64000000,３ＬＤＫ,80,1991年,ＳＲＣ,,,商業,,,2026年第1四半期,,
中古マンション等,成約価格情報,13119,東京都,板橋区,板橋,板橋,1,33000000,１ＤＫ,35,2004年,ＲＣ,,,商業,,,2026年第1四半期,,
中古マンション等,成約価格情報,13119,東京都,板橋区,板橋,板橋区役所前,4,140000000,３ＬＤＫ,105,2010年,ＲＣ,,,商業,,,2026年第1四半期,,
中古マンション等,成約価格情報,13119,東京都,板橋区,板橋,新板橋,2,85000000,３ＬＤＫ,170,1970年,ＳＲＣ,,,商業,,,2026年第1四半期,,
中古マンション等,成約価格情報,13119,東京都,板橋区,板橋,新板橋,2,63000000,２ＬＤＫ＋Ｓ,65,2002年,ＲＣ,,,商業,,,2026年第1四半期,,
中古マンション等,成約価格情報,13119,東京都,板橋区,板橋,下板橋,2,66000000,１ＬＤＫ,55,2008年,ＲＣ,,,２種住居,,,2026年第1四半期,,
中古マンション等,成約価格情報,13119,東京都,板橋区,板橋,板橋区役所前,8,43000000,２ＬＤＫ,55,1989年,ＲＣ,,,１種住居,,,2026年第1四半期,改装済み,
中古マンション等,成約価格情報,13119,東京都,板橋区,板橋,新板橋,2,20000000,２ＤＫ,40,1979年,ＳＲＣ,,,商業,,,2026年第1四半期,,
中古マンション等,成約価格情報,13119,東京都,板橋区,板橋,新板橋,5,21000000,１Ｋ,25,2009年,ＲＣ,,,商業,,,2026年第1四半期,,
中古マンション等,成約価格情報,13119,東京都,板橋区,板橋,板橋,4,38000000,１Ｋ,30,2017年,ＲＣ,,,商業,,,2026年第1四半期,,
中古マンション等,成約価格情報,13119,東京都,板橋区,板橋,板橋区役所前,2,13000000,３ＤＫ,50,1971年,鉄骨造,,,商業,,,2026年第1四半期,,
中古マンション等,成約価格情報,13119,東京都,板橋区,板橋,新板橋,4,36000000,１ＤＫ,30,2009年,ＲＣ,,,商業,,,2026年第1四半期,,
中古マンション等,成約価格情報,13119,東京都,板橋区,板橋,板橋区役所前,4,130000000,３ＬＤＫ,105,2010年,ＲＣ,,,近隣商業,,,2026年第1四半期,,
中古マンション等,成約価格情報,13119,東京都,板橋区,板橋,新板橋,2,19000000,１ＤＫ,35,1970年,ＲＣ,,,商業,,,2026年第1四半期,,
中古マンション等,成約価格情報,13119,東京都,板橋区,板橋,新板橋,4,26000000,１ＬＤＫ,55,1971年,ＳＲＣ,,,商業,,,2026年第1四半期,,
中古マンション等,成約価格情報,13119,東京都,板橋区,板橋,板橋区役所前,4,23000000,１Ｋ,30,2014年,ＲＣ,,,商業,,,2026年第1四半期,,
中古マンション等,成約価格情報,13119,東京都,板橋区,板橋,板橋区役所前,3,40000000,１ＬＤＫ,45,2006年,ＲＣ,,,商業,,,2026年第1四半期,,
中古マンション等,成約価格情報,13119,東京都,板橋区,板橋,板橋,2,21000000,１Ｋ,25,2009年,ＲＣ,,,,,,2026年第1四半期,,
中古マンション等,成約価格情報,13119,東京都,板橋区,大原町,本蓮沼,5,48000000,３ＬＤＫ,60,1987年,ＳＲＣ,,,商業,,,2026年第1四半期,改装済み,
中古マンション等,成約価格情報,13119,東京都,板橋区,大原町,本蓮沼,5,74000000,２ＬＤＫ,75,2003年,ＳＲＣ,,,準工業,,,2026年第1四半期,,
中古マンション等,成約価格情報,13119,東京都,板橋区,大原町,本蓮沼,10,26000000,１ＬＤＫ,35,2007年,ＲＣ,,,準工業,,,2026年第1四半期,,
中古マンション等,成約価格情報,13119,東京都,板橋区,大谷口,小竹向原,8,36000000,１ＬＤＫ,40,1991年,ＲＣ,,,１中住専,,,2026年第1四半期,改装済み,
中古マンション等,成約価格情報,13119,東京都,板橋区,大谷口上町,中板橋,10,29000000,１Ｋ,30,2022年,ＲＣ,,,１中住専,,,2026年第1四半期,,
中古マンション等,成約価格情報,13119,東京都,板橋区,大谷口上町,大山(東京),12,29000000,１Ｋ,30,2018年,ＲＣ,,,近隣商業,,,2026年第1四半期,,
中古マンション等,成約価格情報,13119,東京都,板橋区,大谷口上町,中板橋,10,54000000,３ＬＤＫ,65,1997年,ＲＣ,,,近隣商業,,,2026年第1四半期,,
中古マンション等,成約価格情報,13119,東京都,板橋区,大山金井町,大山(東京),7,25000000,１Ｋ,30,2022年,ＲＣ,,,商業,,,2026年第1四半期,,
中古マンション等,成約価格情報,13119,東京都,板橋区,大山金井町,大山(東京),5,68000000,３ＬＤＫ,65,1998年,ＲＣ,,,２種住居,,,2026年第1四半期,,
中古マンション等,成約価格情報,13119,東京都,板橋区,大山金井町,下板橋,9,21000000,１Ｋ,25,2008年,ＲＣ,,,商業,,,2026年第1四半期,,
中古マンション等,成約価格情報,13119,東京都,板橋区,大山金井町,大山(東京),5,28000000,２ＤＫ,50,1982年,ＳＲＣ,,,商業,,,2026年第1四半期,,
中古マンション等,成約価格情報,13119,東京都,板橋区,大山金井町,大山(東京),5,60000000,３ＬＤＫ,70,1998年,ＲＣ,,,２種住居,,,2026年第1四半期,改装済み,
中古マンション等,成約価格情報,13119,東京都,板橋区,大山東町,大山(東京),6,12000000,２Ｋ,25,1975年,ＲＣ,,,近隣商業,,,2026年第1四半期,,
中古マンション等,成約価格情報,13119,東京都,板橋区,大山東町,大山(東京),2,92000000,３ＬＤＫ,70,2012年,ＲＣ,,,商業,,,2026年第1四半期,,
中古マンション等,成約価格情報,13119,東京都,板橋区,大山東町,大山(東京),6,68000000,２ＬＤＫ＋Ｓ,75,2003年,ＳＲＣ,,,２種住居,,,2026年第1四半期,,
中古マンション等,成約価格情報,13119,東京都,板橋区,大山東町,板橋区役所前,5,69000000,１ＬＤＫ＋Ｓ,60,2010年,ＲＣ,,,２種住居,,,2026年第1四半期,,
中古マンション等,成約価格情報,13119,東京都,板橋区,大山東町,大山(東京),5,85000000,３ＬＤＫ,70,2020年,ＲＣ,,,２種住居,,,2026年第1四半期,,
中古マンション等,成約価格情報,13119,東京都,板橋区,大山東町,大山(東京),6,55000000,２ＬＤＫ,55,2003年,ＳＲＣ,,,商業,,,2026年第1四半期,,
中古マンション等,成約価格情報,13119,東京都,板橋区,大山東町,大山(東京),3,51000000,２ＬＤＫ,60,1984年,ＳＲＣ,,,２種住居,,,2026年第1四半期,,
中古マンション等,成約価格情報,13119,東京都,板橋区,大山東町,大山(東京),6,56000000,２ＬＤＫ＋Ｓ,65,2003年,ＳＲＣ,,,商業,,,2026年第1四半期,改装済み,
中古マンション等,成約価格情報,13119,東京都,板橋区,上板橋,上板橋,4,59000000,３ＤＫ,65,2001年,ＳＲＣ,,,商業,,,2026年第1四半期,,
中古マンション等,成約価格情報,13119,東京都,板橋区,上板橋,上板橋,7,59000000,２ＬＤＫ,75,2001年,ＳＲＣ,,,近隣商業,,,2026年第1四半期,改装済み,
中古マンション等,成約価格情報,13119,東京都,板橋区,上板橋,上板橋,6,100000000,３ＬＤＫ,75,2025年,ＲＣ,,,１種住居,,,2026年第1四半期,,
中古マンション等,成約価格情報,13119,東京都,板橋区,上板橋,上板橋,5,18000000,３ＬＤＫ,65,1973年,鉄骨造,,,１種住居,,,2026年第1四半期,,
中古マンション等,成約価格情報,13119,東京都,板橋区,相生町,蓮根,11,35000000,２ＬＤＫ,65,2002年,ＲＣ,,,１種住居,,,2026年第1四半期,,
中古マンション等,成約価格情報,13119,東京都,板橋区,相生町,志村三丁目,6,66000000,３ＬＤＫ,75,2012年,ＲＣ,,,１種住居,,,2026年第1四半期,,
中古マンション等,成約価格情報,13119,東京都,板橋区,相生町,志村三丁目,7,50000000,３ＬＤＫ,60,1996年,ＲＣ,,,近隣商業,,,2026年第1四半期,,
中古マンション等,成約価格情報,13119,東京都,板橋区,相生町,志村三丁目,7,80000000,３ＬＤＫ,85,2005年,ＲＣ,,,１種住居,,,2026年第1四半期,,
中古マンション等,成約価格情報,13119,東京都,板橋区,相生町,志村三丁目,7,63000000,３ＬＤＫ,85,2005年,ＲＣ,,,近隣商業,,,2026年第1四半期,,
中古マンション等,成約価格情報,13119,東京都,板橋区,赤塚,地下鉄赤塚,5,47000000,３ＬＤＫ,75,2000年,ＲＣ,,,１中住専,,,2026年第1四半期,,
中古マンション等,成約価格情報,13119,東京都,板橋区,赤塚,地下鉄赤塚,5,50000000,３ＬＤＫ,65,2000年,ＲＣ,,,１中住専,,,2026年第1四半期,,
中古マンション等,成約価格情報,13119,東京都,板橋区,赤塚,地下鉄赤塚,5,19000000,１Ｋ,25,2008年,ＲＣ,,,１中住専,,,2026年第1四半期,,
中古マンション等,成約価格情報,13119,東京都,板橋区,赤塚,成増,7,5700000,１Ｒ,15,1983年,ＲＣ,,,１中住専,,,2026年第1四半期,,
中古マンション等,成約価格情報,13119,東京都,板橋区,赤塚,西高島平,14,8500000,１ＤＫ,25,1994年,ＲＣ,,,１中住専,,,2026年第1四半期,,
中古マンション等,成約価格情報,13119,東京都,板橋区,泉町,本蓮沼,4,7000000,１ＤＫ,40,1982年,ＲＣ,,,１種住居,,,2026年第1四半期,,
中古マンション等,成約価格情報,13119,東京都,板橋区,大谷口北町,中板橋,11,16000000,２ＤＫ,35,1969年,ＲＣ,,,１中住専,,,2026年第1四半期,,
中古マンション等,成約価格情報,13119,東京都,板橋区,大谷口北町,中板橋,10,38000000,３ＬＤＫ,60,1994年,ＲＣ,,,１中住専,,,2026年第1四半期,,
中古マンション等,成約価格情報,13119,東京都,板橋区,大谷口北町,中板橋,8,35000000,１Ｋ,30,2021年,ＲＣ,,,近隣商業,,,2026年第1四半期,,
中古マンション等,成約価格情報,13119,東京都,板橋区,大谷口北町,中板橋,12,25000000,１Ｋ,30,2021年,ＲＣ,,,近隣商業,,,2026年第1四半期,,
中古マンション等,成約価格情報,13119,東京都,板橋区,大山町,大山(東京),7,120000000,３ＬＤＫ,85,2023年,ＲＣ,,,商業,,,2026年第1四半期,,
中古マンション等,成約価格情報,13119,東京都,板橋区,大山町,大山(東京),7,82000000,２ＬＤＫ,60,2023年,ＲＣ,,,商業,,,2026年第1四半期,,
中古マンション等,成約価格情報,13119,東京都,板橋区,大山町,大山(東京),7,110000000,３ＬＤＫ,80,2023年,ＲＣ,,,２種住居,,,2026年第1四半期,,
中古マンション等,成約価格情報,13119,東京都,板橋区,大山町,大山(東京),7,100000000,３ＬＤＫ,80,2023年,ＲＣ,,,２種住居,,,2026年第1四半期,,
中古マンション等,成約価格情報,13119,東京都,板橋区,大山町,大山(東京),9,59000000,３ＬＤＫ,65,1995年,ＲＣ,,,２種住居,,,2026年第1四半期,,
中古マンション等,成約価格情報,13119,東京都,板橋区,大山町,大山(東京),8,32000000,１ＬＤＫ,40,1995年,ＲＣ,,,２種住居,,,2026年第1四半期,,
中古マンション等,成約価格情報,13119,東京都,板橋区,大山町,大山(東京),7,94000000,３ＬＤＫ,70,2023年,ＲＣ,,,２種住居,,,2026年第1四半期,,
中古マンション等,成約価格情報,13119,東京都,板橋区,幸町,大山(東京),6,29000000,１Ｋ,30,2021年,ＲＣ,,,商業,,,2026年第1四半期,,
中古マンション等,成約価格情報,13119,東京都,板橋区,高島平,西台,8,17000000,１ＤＫ,40,1974年,ＳＲＣ,,,準工業,,,2026年第1四半期,,
中古マンション等,成約価格情報,13119,東京都,板橋区,高島平,高島平,9,4900000,１ＤＫ,25,1976年,ＲＣ,,,１種住居,,,2026年第1四半期,,
中古マンション等,成約価格情報,13119,東京都,板橋区,高島平,西台,4,16000000,２ＬＤＫ,60,1980年,ＲＣ,,,準住居,,,2026年第1四半期,,
中古マンション等,成約価格情報,13119,東京都,板橋区,高島平,西台,9,21000000,１Ｋ,30,2018年,ＲＣ,,,準工業,,,2026年第1四半期,,
中古マンション等,成約価格情報,13119,東京都,板橋区,高島平,新高島平,9,6500000,２Ｋ,35,1974年,ＲＣ,,,１種住居,,,2026年第1四半期,,
中古マンション等,成約価格情報,13119,東京都,板橋区,高島平,新高島平,7,15000000,２ＤＫ,40,1974年,ＲＣ,,,１中住専,,,2026年第1四半期,,
中古マンション等,成約価格情報,13119,東京都,板橋区,高島平,西台,7,37000000,２ＬＤＫ,60,2007年,ＲＣ,,,準工業,,,2026年第1四半期,,
中古マンション等,成約価格情報,13119,東京都,板橋区,高島平,西台,3,7800000,１Ｒ,20,1987年,ＲＣ,,,１中住専,,,2026年第1四半期,,
中古マンション等,成約価格情報,13119,東京都,板橋区,高島平,西高島平,5,22000000,１Ｋ,30,2020年,ＲＣ,,,１種住居,,,2026年第1四半期,,
中古マンション等,成約価格情報,13119,東京都,板橋区,高島平,西台,7,20000000,２ＬＤＫ,55,1982年,ＲＣ,,,１中住専,,,2026年第1四半期,,
中古マンション等,成約価格情報,13119,東京都,板橋区,高島平,高島平,5,19000000,２ＬＤＫ,60,1972年,ＳＲＣ,,,１中住専,,,2026年第1四半期,,
中古マンション等,成約価格情報,13119,東京都,板橋区,高島平,新高島平,3,15000000,３ＬＤＫ,70,1972年,ＲＣ,,,１中住専,,,2026年第1四半期,,
中古マンション等,成約価格情報,13119,東京都,板橋区,高島平,西台,9,22000000,１Ｋ,25,2017年,ＲＣ,,,準工業,,,2026年第1四半期,,
中古マンション等,成約価格情報,13119,東京都,板橋区,高島平,新高島平,8,14000000,３ＤＫ,60,1972年,ＳＲＣ,,,１中住専,,,2026年第1四半期,,
中古マンション等,成約価格情報,13119,東京都,板橋区,高島平,西台,7,25000000,３ＤＫ＋Ｓ,55,1974年,ＳＲＣ,,,準工業,,,2026年第1四半期,,
中古マンション等,成約価格情報,13119,東京都,板橋区,徳丸,東武練馬,4,7900000,１Ｒ,20,1987年,ＲＣ,,,１中住専,,,2026年第1四半期,,
中古マンション等,成約価格情報,13119,東京都,板橋区,徳丸,東武練馬,5,68000000,３ＬＤＫ,75,2013年,ＲＣ,,,近隣商業,,,2026年第1四半期,,
中古マンション等,成約価格情報,13119,東京都,板橋区,徳丸,東武練馬,5,55000000,３ＬＤＫ,80,2001年,ＲＣ,,,１種住居,,,2026年第1四半期,,
中古マンション等,成約価格情報,13119,東京都,板橋区,徳丸,東武練馬,12,37000000,３ＬＤＫ,60,1998年,ＲＣ,,,１中住専,,,2026年第1四半期,,
中古マンション等,成約価格情報,13119,東京都,板橋区,徳丸,東武練馬,14,27000000,３ＬＤＫ,80,1986年,ＲＣ,,,１中住専,,,2026年第1四半期,,
中古マンション等,成約価格情報,13119,東京都,板橋区,徳丸,東武練馬,9,64000000,３ＬＤＫ,80,2002年,ＳＲＣ,,,１中住専,,,2026年第1四半期,,
中古マンション等,成約価格情報,13119,東京都,板橋区,徳丸,東武練馬,12,42000000,３ＬＤＫ,85,1990年,ＲＣ,,,１中住専,,,2026年第1四半期,,
中古マンション等,成約価格情報,13119,東京都,板橋区,徳丸,東武練馬,14,59000000,３ＬＤＫ,70,2021年,ＲＣ,,,１中住専,,,2026年第1四半期,,
中古マンション等,成約価格情報,13119,東京都,板橋区,徳丸,東武練馬,9,28000000,１Ｋ,25,2021年,ＲＣ,,,１中住専,,,2026年第1四半期,,
中古マンション等,成約価格情報,13119,東京都,板橋区,徳丸,東武練馬,10,48000000,４ＬＤＫ,105,2000年,ＲＣ,,,１中住専,,,2026年第1四半期,,
中古マンション等,成約価格情報,13119,東京都,板橋区,徳丸,東武練馬,5,50000000,２ＬＤＫ,60,1987年,ＲＣ,,,１種住居,,,2026年第1四半期,改装済み,
中古マンション等,成約価格情報,13119,東京都,板橋区,仲町,中板橋,3,8800000,１Ｒ,20,1988年,ＲＣ,,,近隣商業,,,2026年第1四半期,,
中古マンション等,成約価格情報,13119,東京都,板橋区,仲町,大山(東京),7,73000000,３ＬＤＫ,70,2005年,ＲＣ,,,１種住居,,,2026年第1四半期,,
中古マンション等,成約価格情報,13119,東京都,板橋区,仲町,中板橋,5,26000000,２ＤＫ,45,1982年,ＲＣ,,,近隣商業,,,2026年第1四半期,,
中古マンション等,成約価格情報,13119,東京都,板橋区,中丸町,大山(東京),8,77000000,３ＬＤＫ,70,2012年,ＲＣ,,,準工業,,,2026年第1四半期,,
中古マンション等,成約価格情報,13119,東京都,板橋区,中丸町,大山(東京),7,82000000,３ＬＤＫ,70,2012年,ＲＣ,,,商業,,,2026年第1四半期,,
中古マンション等,成約価格情報,13119,東京都,板橋区,中丸町,要町,13,43000000,１ＬＤＫ,50,1991年,ＳＲＣ,,,商業,,,2026年第1四半期,改装済み,
中古マンション等,成約価格情報,13119,東京都,板橋区,中丸町,大山(東京),7,67000000,２ＬＤＫ,55,2012年,ＲＣ,,,商業,,,2026年第1四半期,,
中古マンション等,成約価格情報,13119,東京都,板橋区,中丸町,大山(東京),9,82000000,３ＬＤＫ,70,2012年,ＲＣ,,,商業,,,2026年第1四半期,,
中古マンション等,成約価格情報,13119,東京都,板橋区,中丸町,要町,11,49000000,２ＬＤＫ,55,2001年,ＳＲＣ,,,商業,,,2026年第1四半期,,
中古マンション等,成約価格情報,13119,東京都,板橋区,中丸町,大山(東京),7,85000000,３ＬＤＫ,75,2012年,ＲＣ,,,商業,,,2026年第1四半期,,
中古マンション等,成約価格情報,13119,東京都,板橋区,中丸町,大山(東京),9,90000000,２ＬＤＫ,55,2025年,ＲＣ,,,商業,,,2026年第1四半期,,
中古マンション等,成約価格情報,13119,東京都,板橋区,中丸町,池袋,18,37000000,２ＬＤＫ,55,1994年,ＲＣ,,,準工業,,,2026年第1四半期,,
中古マンション等,成約価格情報,13119,東京都,板橋区,中丸町,大山(東京),5,17000000,２ＤＫ,35,1980年,ＳＲＣ,,,商業,,,2026年第1四半期,,
中古マンション等,成約価格情報,13119,東京都,板橋区,東山町,ときわ台(東京),8,63000000,３ＬＤＫ,80,1999年,ＲＣ,,,１中住専,,,2026年第1四半期,,
中古マンション等,成約価格情報,13119,東京都,板橋区,富士見町,板橋本町,5,46000000,３ＬＤＫ,70,1985年,ＲＣ,,,商業,,,2026年第1四半期,,
中古マンション等,成約価格情報,13119,東京都,板橋区,舟渡,浮間舟渡,6,62000000,３ＬＤＫ,70,2016年,ＲＣ,,,工業,,,2026年第1四半期,,
中古マンション等,成約価格情報,13119,東京都,板橋区,舟渡,浮間舟渡,2,61000000,２ＬＤＫ,80,2002年,ＲＣ,,,近隣商業,,,2026年第1四半期,,
中古マンション等,成約価格情報,13119,東京都,板橋区,舟渡,浮間舟渡,4,47000000,３ＬＤＫ,70,2003年,ＲＣ,,,準工業,,,2026年第1四半期,,
中古マンション等,成約価格情報,13119,東京都,板橋区,舟渡,浮間舟渡,14,31000000,３ＤＫ,60,1989年,ＲＣ,,,工業,,,2026年第1四半期,,
中古マンション等,成約価格情報,13119,東京都,板橋区,若木,上板橋,15,18000000,２ＬＤＫ,60,1986年,ＲＣ,,,１中住専,,,2026年第1四半期,,
中古マンション等,成約価格情報,13119,東京都,板橋区,若木,志村三丁目,12,40000000,２ＬＤＫ,75,2000年,ＲＣ,,,１中住専,,,2026年第1四半期,,
中古マンション等,成約価格情報,13119,東京都,板橋区,若木,上板橋,11,55000000,３ＬＤＫ,65,1996年,ＲＣ,,,工業,,,2026年第1四半期,改装済み,
中古マンション等,成約価格情報,13119,東京都,板橋区,若木,東武練馬,9,57000000,３ＬＤＫ,70,1996年,ＳＲＣ,,,工業,,,2026年第1四半期,改装済み,
中古マンション等,成約価格情報,13119,東京都,板橋区,赤塚新町,地下鉄赤塚,9,36000000,３ＬＤＫ,85,1983年,ＲＣ,,,１中住専,,,2026年第1四半期,,
中古マンション等,成約価格情報,13119,東京都,板橋区,赤塚新町,地下鉄赤塚,10,39000000,３ＬＤＫ,85,1983年,ＲＣ,,,１中住専,,,2026年第1四半期,,
中古マンション等,成約価格情報,13119,東京都,板橋区,赤塚新町,地下鉄赤塚,8,47000000,３ＬＤＫ,80,1983年,ＳＲＣ,,,１中住専,,,2026年第1四半期,,
中古マンション等,成約価格情報,13119,東京都,板橋区,赤塚新町,地下鉄赤塚,1,56000000,２ＬＤＫ,75,2008年,ＲＣ,,,１種住居,,,2026年第1四半期,,
中古マンション等,成約価格情報,13119,東京都,板橋区,赤塚新町,地下鉄赤塚,9,39000000,３ＬＤＫ,80,1983年,ＲＣ,,,１中住専,,,2026年第1四半期,,
中古マンション等,成約価格情報,13119,東京都,板橋区,清水町,板橋本町,7,35000000,１ＬＤＫ,40,2010年,ＲＣ,,,準工業,,,2026年第1四半期,,
中古マンション等,成約価格情報,13119,東京都,板橋区,清水町,板橋本町,5,80000000,３ＬＤＫ,70,2012年,ＲＣ,,,商業,,,2026年第1四半期,,
中古マンション等,成約価格情報,13119,東京都,板橋区,東新町,ときわ台(東京),11,45000000,１ＬＤＫ＋Ｓ,60,1997年,ＲＣ,,,近隣商業,,,2026年第1四半期,,
中古マンション等,成約価格情報,13119,東京都,板橋区,東新町,ときわ台(東京),14,38000000,２ＬＤＫ＋Ｓ,60,1999年,ＲＣ,,,１中住専,,,2026年第1四半期,,
中古マンション等,成約価格情報,13119,東京都,板橋区,東新町,上板橋,7,7300000,２ＤＫ,40,1969年,ＲＣ,,,１種住居,,,2026年第1四半期,改装済み,
中古マンション等,成約価格情報,13119,東京都,板橋区,成増,成増,15,13000000,２ＤＫ,45,1977年,ＲＣ,,,近隣商業,,,2026年第1四半期,,
中古マンション等,成約価格情報,13119,東京都,板橋区,成増,地下鉄成増,5,82000000,４ＬＤＫ,95,2004年,ＲＣ,,,準工業,,,2026年第1四半期,,
中古マンション等,成約価格情報,13119,東京都,板橋区,成増,地下鉄成増,8,42000000,３ＬＤＫ,75,1985年,ＳＲＣ,,,準工業,,,2026年第1四半期,,
中古マンション等,成約価格情報,13119,東京都,板橋区,成増,成増,10,68000000,３ＬＤＫ,65,2019年,ＲＣ,,,準工業,,,2026年第1四半期,,
中古マンション等,成約価格情報,13119,東京都,板橋区,成増,地下鉄成増,8,38000000,３ＬＤＫ,75,1985年,ＳＲＣ,,,準工業,,,2026年第1四半期,,
中古マンション等,成約価格情報,13119,東京都,板橋区,成増,成増,6,65000000,３ＬＤＫ,85,1995年,ＲＣ,,,１中住専,,,2026年第1四半期,,
中古マンション等,成約価格情報,13119,東京都,板橋区,成増,地下鉄成増,8,46000000,２ＬＤＫ,55,1987年,ＲＣ,,,１中住専,,,2026年第1四半期,,
中古マンション等,成約価格情報,13119,東京都,板橋区,成増,成増,5,84000000,３ＬＤＫ,80,2009年,ＲＣ,,,準工業,,,2026年第1四半期,,
中古マンション等,成約価格情報,13119,東京都,板橋区,成増,地下鉄成増,5,68000000,２ＬＤＫ,65,2008年,ＲＣ,,,１種住居,,,2026年第1四半期,,
中古マンション等,成約価格情報,13119,東京都,板橋区,成増,地下鉄成増,5,52000000,３ＬＤＫ,80,1983年,,,,１中住専,,,2026年第1四半期,改装済み,
中古マンション等,成約価格情報,13119,東京都,板橋区,成増,地下鉄成増,4,25000000,１Ｋ,30,2016年,ＲＣ,,,１種住居,,,2026年第1四半期,,
中古マンション等,成約価格情報,13119,東京都,板橋区,成増,地下鉄成増,9,68000000,３ＬＤＫ,75,2011年,ＲＣ,,,準工業,,,2026年第1四半期,,
中古マンション等,成約価格情報,13119,東京都,板橋区,成増,成増,14,39000000,３ＬＤＫ,65,2006年,ＲＣ,,,１中住専,,,2026年第1四半期,改装済み,
中古マンション等,成約価格情報,13119,東京都,板橋区,成増,成増,8,61000000,３ＬＤＫ,75,2011年,ＲＣ,,,準工業,,,2026年第1四半期,,
中古マンション等,成約価格情報,13119,東京都,板橋区,成増,成増,1,48000000,２ＬＤＫ,65,1990年,ＳＲＣ,,,商業,,,2026年第1四半期,,
中古マンション等,成約価格情報,13119,東京都,板橋区,成増,地下鉄成増,9,76000000,３ＬＤＫ,75,2011年,ＲＣ,,,準工業,,,2026年第1四半期,,
中古マンション等,成約価格情報,13119,東京都,板橋区,成増,成増,9,70000000,３ＬＤＫ,75,2011年,ＲＣ,,,準工業,,,2026年第1四半期,,
中古マンション等,成約価格情報,13119,東京都,板橋区,双葉町,中板橋,5,13000000,１Ｋ,20,1999年,ＲＣ,,,近隣商業,,,2026年第1四半期,,
中古マンション等,成約価格情報,13119,東京都,板橋区,双葉町,中板橋,6,19000000,１Ｋ,25,2011年,ＲＣ,,,近隣商業,,,2026年第1四半期,,
中古マンション等,成約価格情報,13119,東京都,板橋区,双葉町,中板橋,6,21000000,２ＤＫ,50,1982年,ＲＣ,,,１中住専,,,2026年第1四半期,,
中古マンション等,成約価格情報,13119,東京都,板橋区,三園,西高島平,9,30000000,３ＬＤＫ,80,1982年,ＳＲＣ,,,準工業,,,2026年第1四半期,,
中古マンション等,成約価格情報,13119,東京都,板橋区,宮本町,板橋本町,9,23000000,３ＬＤＫ,70,1978年,ＳＲＣ,,,近隣商業,,,2026年第1四半期,,
中古マンション等,成約価格情報,13119,東京都,板橋区,宮本町,板橋本町,4,63000000,４ＬＤＫ,85,2002年,ＲＣ,,,近隣商業,,,2026年第1四半期,,
中古マンション等,成約価格情報,13119,東京都,板橋区,向原,小竹向原,2,78000000,３ＬＤＫ,70,2002年,ＲＣ,,,１中住専,,,2026年第1四半期,改装済み,
中古マンション等,成約価格情報,13119,東京都,板橋区,大和町,板橋本町,4,21000000,１ＬＤＫ,40,1981年,ＳＲＣ,,,商業,,,2026年第1四半期,,
中古マンション等,成約価格情報,13119,東京都,板橋区,四葉,下赤塚,15,22000000,３Ｋ,50,1998年,ＲＣ,,,１中住専,,,2026年第1四半期,,
中古マンション等,成約価格情報,13119,東京都,板橋区,四葉,新高島平,14,45000000,４ＬＤＫ,80,2000年,ＲＣ,,,１中住専,,,2026年第1四半期,改装済み,
中古マンション等,成約価格情報,13119,東京都,板橋区,大山西町,大山(東京),5,83000000,３ＬＤＫ,80,2005年,ＲＣ,,,商業,,,2026年第1四半期,改装済み,
中古マンション等,成約価格情報,13119,東京都,板橋区,大山西町,大山(東京),5,91000000,４ＬＤＫ,80,2005年,ＲＣ,,,商業,,,2026年第1四半期,,
中古マンション等,成約価格情報,13119,東京都,板橋区,大山西町,大山(東京),8,25000000,１Ｋ,30,2006年,ＲＣ,,,商業,,,2026年第1四半期,,
中古マンション等,成約価格情報,13119,東京都,板橋区,大山西町,大山(東京),9,60000000,３ＬＤＫ,75,1998年,ＳＲＣ,,,商業,,,2026年第1四半期,,
中古マンション等,成約価格情報,13119,東京都,板橋区,大山西町,大山(東京),7,85000000,２ＬＤＫ,60,2021年,ＲＣ,,,商業,,,2026年第1四半期,,
中古マンション等,成約価格情報,13119,東京都,板橋区,加賀,新板橋,11,26000000,２ＬＤＫ,55,1982年,ＲＣ,,,準工業,,,2026年第1四半期,,
中古マンション等,成約価格情報,13119,東京都,板橋区,加賀,板橋区役所前,9,95000000,３ＬＤＫ,75,2013年,ＲＣ,,,準工業,,,2026年第1四半期,,
中古マンション等,成約価格情報,13119,東京都,板橋区,加賀,十条(東京),9,110000000,３ＬＤＫ＋Ｓ,85,2016年,ＲＣ,,,準工業,,,2026年第1四半期,,
中古マンション等,成約価格情報,13119,東京都,板橋区,加賀,新板橋,10,88000000,３ＬＤＫ,70,2013年,ＲＣ,,,準工業,,,2026年第1四半期,改装済み,
中古マンション等,成約価格情報,13119,東京都,板橋区,加賀,板橋区役所前,9,95000000,３ＬＤＫ,70,2013年,ＲＣ,,,準住居,,,2026年第1四半期,,
中古マンション等,成約価格情報,13119,東京都,板橋区,加賀,十条(東京),9,95000000,３ＬＤＫ,75,2016年,ＲＣ,,,準工業,,,2026年第1四半期,,
中古マンション等,成約価格情報,13119,東京都,板橋区,加賀,板橋区役所前,9,56000000,３ＬＤＫ,80,1983年,ＳＲＣ,,,準工業,,,2026年第1四半期,改装済み,
中古マンション等,成約価格情報,13119,東京都,板橋区,加賀,十条(東京),9,100000000,３ＬＤＫ,80,2016年,ＲＣ,,,準工業,,,2026年第1四半期,,
中古マンション等,成約価格情報,13119,東京都,板橋区,加賀,板橋区役所前,9,87000000,３ＬＤＫ,70,2013年,ＲＣ,,,準工業,,,2026年第1四半期,,
中古マンション等,成約価格情報,13119,東京都,板橋区,加賀,十条(東京),9,99000000,３ＬＤＫ＋Ｓ,80,2016年,ＲＣ,,,準工業,,,2026年第1四半期,,
中古マンション等,成約価格情報,13119,東京都,板橋区,加賀,板橋区役所前,12,79000000,２ＬＤＫ,75,2003年,ＲＣ,,,準工業,,,2026年第1四半期,,
中古マンション等,成約価格情報,13119,東京都,板橋区,加賀,十条(東京),12,45000000,２ＬＤＫ,70,1978年,ＲＣ,,,準工業,,,2026年第1四半期,,
中古マンション等,成約価格情報,13119,東京都,板橋区,加賀,板橋区役所前,9,88000000,３ＬＤＫ,70,2013年,ＲＣ,,,準住居,,,2026年第1四半期,,
中古マンション等,成約価格情報,13119,東京都,板橋区,加賀,十条(東京),13,71000000,３ＬＤＫ,80,2003年,ＳＲＣ,,,準工業,,,2026年第1四半期,,
中古マンション等,成約価格情報,13119,東京都,板橋区,加賀,板橋区役所前,9,86000000,３ＬＤＫ,80,2001年,ＲＣ,,,準工業,,,2026年第1四半期,,
中古マンション等,成約価格情報,13119,東京都,板橋区,熊野町,下板橋,10,76000000,３ＬＤＫ,75,2013年,ＲＣ,,,商業,,,2026年第1四半期,,
中古マンション等,成約価格情報,13119,東京都,板橋区,熊野町,大山(東京),7,53000000,３ＬＤＫ＋Ｓ,85,1980年,ＲＣ,,,準工業,,,2026年第1四半期,,
中古マンション等,成約価格情報,13119,東京都,板橋区,熊野町,下板橋,8,44000000,３ＬＤＫ,65,1993年,ＳＲＣ,,,商業,,,2026年第1四半期,,
中古マンション等,成約価格情報,13119,東京都,板橋区,熊野町,大山(東京),10,24000000,１Ｒ,25,2016年,ＲＣ,,,商業,,,2026年第1四半期,,
中古マンション等,成約価格情報,13119,東京都,板橋区,熊野町,大山(東京),6,50000000,２ＬＤＫ,55,1995年,ＳＲＣ,,,商業,,,2026年第1四半期,,
中古マンション等,成約価格情報,13119,東京都,板橋区,小茂根,小竹向原,12,16000000,３ＤＫ,55,1977年,ＲＣ,,,１中住専,,,2026年第1四半期,,
中古マンション等,成約価格情報,13119,東京都,板橋区,小茂根,小竹向原,5,120000000,３ＬＤＫ＋Ｓ,75,2024年,ＲＣ,,,１中住専,,,2026年第1四半期,,
中古マンション等,成約価格情報,13119,東京都,板橋区,小茂根,小竹向原,6,50000000,２ＬＤＫ,60,2000年,ＲＣ,,,近隣商業,,,2026年第1四半期,,
中古マンション等,成約価格情報,13119,東京都,板橋区,小茂根,小竹向原,11,39000000,３ＬＤＫ,85,1985年,ＳＲＣ,,,１中住専,,,2026年第1四半期,,
中古マンション等,成約価格情報,13119,東京都,板橋区,小茂根,小竹向原,10,74000000,３ＬＤＫ,75,2009年,ＲＣ,,,１中住専,,,2026年第1四半期,,
中古マンション等,成約価格情報,13119,東京都,板橋区,小茂根,小竹向原,5,27000000,１Ｋ,25,2014年,ＲＣ,,,近隣商業,,,2026年第1四半期,,
中古マンション等,成約価格情報,13119,東京都,板橋区,小茂根,小竹向原,13,41000000,３ＬＤＫ,80,1988年,ＲＣ,,,１中住専,,,2026年第1四半期,,
中古マンション等,成約価格情報,13119,東京都,板橋区,小茂根,小竹向原,5,88000000,２ＬＤＫ,55,2024年,ＲＣ,,,１中住専,,,2026年第1四半期,,
中古マンション等,成約価格情報,13119,東京都,板橋区,小茂根,小竹向原,13,55000000,２ＬＤＫ,70,2004年,ＲＣ,,,１中住専,,,2026年第1四半期,,
中古マンション等,成約価格情報,13119,東京都,板橋区,小茂根,小竹向原,13,61000000,３ＬＤＫ,100,1985年,ＳＲＣ,,,２種住居,,,2026年第1四半期,,
中古マンション等,成約価格情報,13119,東京都,板橋区,小茂根,小竹向原,5,33000000,１Ｋ,35,2006年,ＲＣ,,,近隣商業,,,2026年第1四半期,,
中古マンション等,成約価格情報,13119,東京都,板橋区,小茂根,小竹向原,14,22000000,２ＤＫ,45,1984年,ＲＣ,,,１種住居,,,2026年第1四半期,,
中古マンション等,成約価格情報,13119,東京都,板橋区,坂下,蓮根,7,24000000,１ＬＤＫ,55,1981年,ＲＣ,,,近隣商業,,,2026年第1四半期,,
中古マンション等,成約価格情報,13119,東京都,板橋区,坂下,志村三丁目,5,13000000,１ＬＤＫ,40,1995年,ＲＣ,,,準工業,,,2026年第1四半期,,
中古マンション等,成約価格情報,13119,東京都,板橋区,坂下,志村三丁目,9,75000000,３ＬＤＫ,70,2020年,ＲＣ,,,準工業,,,2026年第1四半期,,
中古マンション等,成約価格情報,13119,東京都,板橋区,坂下,蓮根,8,64000000,２ＬＤＫ,60,2020年,ＲＣ,,,準工業,,,2026年第1四半期,,
中古マンション等,成約価格情報,13119,東京都,板橋区,坂下,浮間舟渡,10,14000000,１Ｋ,20,2009年,ＲＣ,,,近隣商業,,,2026年第1四半期,,
中古マンション等,成約価格情報,13119,東京都,板橋区,坂下,蓮根,8,36000000,３ＬＤＫ,70,1977年,ＳＲＣ,,,１種住居,,,2026年第1四半期,,
中古マンション等,成約価格情報,13119,東京都,板橋区,坂下,蓮根,7,30000000,２ＬＤＫ,55,1978年,ＲＣ,,,近隣商業,,,2026年第1四半期,,
中古マンション等,成約価格情報,13119,東京都,板橋区,坂下,蓮根,6,29000000,３ＬＤＫ,75,1973年,ＲＣ,,,１種住居,,,2026年第1四半期,,
中古マンション等,成約価格情報,13119,東京都,板橋区,坂下,蓮根,6,63000000,３ＬＤＫ,75,1996年,ＲＣ,,,１種住居,,,2026年第1四半期,,
中古マンション等,成約価格情報,13119,東京都,板橋区,坂下,志村三丁目,9,75000000,３ＬＤＫ,70,2020年,ＲＣ,,,準工業,,,2026年第1四半期,,
中古マンション等,成約価格情報,13119,東京都,板橋区,坂下,蓮根,9,36000000,３ＤＫ,60,2003年,ＳＲＣ,,,近隣商業,,,2026年第1四半期,,
中古マンション等,成約価格情報,13119,東京都,板橋区,桜川,上板橋,10,43000000,２ＬＤＫ＋Ｓ,70,1996年,ＲＣ,,,１中住専,,,2026年第1四半期,,
中古マンション等,成約価格情報,13119,東京都,板橋区,新河岸,新高島平,11,28000000,２ＬＤＫ,55,1991年,ＲＣ,,,準工業,,,2026年第1四半期,,
中古マンション等,成約価格情報,13119,東京都,板橋区,常盤台,ときわ台(東京),5,32000000,１ＬＤＫ,35,2003年,,,,近隣商業,,,2026年第1四半期,改装済み,
中古マンション等,成約価格情報,13119,東京都,板橋区,常盤台,ときわ台(東京),8,29000000,２ＬＤＫ,60,1988年,ＲＣ,,,１中住専,,,2026年第1四半期,,
中古マンション等,成約価格情報,13119,東京都,板橋区,常盤台,上板橋,7,13000000,２ＬＤＫ,55,1974年,ＳＲＣ,,,１中住専,,,2026年第1四半期,,
中古マンション等,成約価格情報,13119,東京都,板橋区,常盤台,ときわ台(東京),1,70000000,１ＬＤＫ＋Ｓ,60,2004年,ＲＣ,,,商業,,,2026年第1四半期,,
中古マンション等,成約価格情報,13119,東京都,板橋区,常盤台,上板橋,9,54000000,３ＬＤＫ,100,2003年,鉄骨造,,,１中住専,,,2026年第1四半期,,
中古マンション等,成約価格情報,13119,東京都,板橋区,中台,上板橋,11,77000000,３ＬＤＫ,75,2025年,ＲＣ,,,１中住専,,,2026年第1四半期,,
中古マンション等,成約価格情報,13119,東京都,板橋区,中台,志村三丁目,10,37000000,１ＬＤＫ＋Ｓ,55,1979年,ＳＲＣ,,,１中住専,,,2026年第1四半期,,
中古マンション等,成約価格情報,13119,東京都,板橋区,中台,上板橋,8,62000000,３ＬＤＫ,75,1998年,ＲＣ,,,準工業,,,2026年第1四半期,,
中古マンション等,成約価格情報,13119,東京都,板橋区,中台,上板橋,15,24000000,２ＬＤＫ,55,1991年,ＲＣ,,,１中住専,,,2026年第1四半期,,
中古マンション等,成約価格情報,13119,東京都,板橋区,中台,上板橋,6,61000000,３ＬＤＫ,65,2000年,ＲＣ,,,準工業,,,2026年第1四半期,改装済み,
中古マンション等,成約価格情報,13119,東京都,板橋区,中台,上板橋,12,32000000,２ＬＤＫ,65,1975年,ＲＣ,,,１中住専,,,2026年第1四半期,,
中古マンション等,成約価格情報,13119,東京都,板橋区,中台,志村三丁目,14,50000000,３ＬＤＫ,80,1979年,ＳＲＣ,,,１中住専,,,2026年第1四半期,,
中古マンション等,成約価格情報,13119,東京都,板橋区,中台,志村三丁目,12,32000000,３ＬＤＫ＋Ｓ,75,1978年,ＳＲＣ,,,１中住専,,,2026年第1四半期,,
中古マンション等,成約価格情報,13119,東京都,板橋区,中台,志村三丁目,13,42000000,２ＬＤＫ＋Ｓ,80,1980年,ＳＲＣ,,,１中住専,,,2026年第1四半期,,
中古マンション等,成約価格情報,13119,東京都,板橋区,中台,志村三丁目,12,34000000,３ＬＤＫ＋Ｓ,75,1980年,ＳＲＣ,,,１中住専,,,2026年第1四半期,,
中古マンション等,成約価格情報,13119,東京都,板橋区,中台,志村三丁目,12,42000000,１ＬＤＫ,75,1978年,ＳＲＣ,,,１中住専,,,2026年第1四半期,,
中古マンション等,成約価格情報,13119,東京都,板橋区,中台,志村三丁目,15,30000000,３ＬＤＫ＋Ｓ,75,1979年,ＳＲＣ,,,１中住専,,,2026年第1四半期,,
中古マンション等,成約価格情報,13119,東京都,板橋区,蓮根,蓮根,7,50000000,３ＬＤＫ,70,2013年,ＲＣ,,,１種住居,,,2026年第1四半期,,
中古マンション等,成約価格情報,13119,東京都,板橋区,蓮根,蓮根,5,31000000,３ＬＤＫ,75,1979年,ＲＣ,,,１種住居,,,2026年第1四半期,,
中古マンション等,成約価格情報,13119,東京都,板橋区,蓮根,西台,5,68000000,３ＬＤＫ,75,2017年,ＲＣ,,,工業,,,2026年第1四半期,,
中古マンション等,成約価格情報,13119,東京都,板橋区,蓮根,西台,1,36000000,１ＬＤＫ,45,2005年,ＲＣ,,,商業,,,2026年第1四半期,,
中古マンション等,成約価格情報,13119,東京都,板橋区,蓮根,蓮根,8,27000000,１Ｋ,30,2021年,ＲＣ,,,準工業,,,2026年第1四半期,,
中古マンション等,成約価格情報,13119,東京都,板橋区,蓮根,蓮根,7,41000000,３ＬＤＫ,70,1994年,ＲＣ,,,１種住居,,,2026年第1四半期,,
中古マンション等,成約価格情報,13119,東京都,板橋区,蓮根,西台,5,72000000,３ＬＤＫ,70,2017年,ＲＣ,,,工業,,,2026年第1四半期,,
中古マンション等,成約価格情報,13119,東京都,板橋区,蓮根,蓮根,3,72000000,３ＬＤＫ,80,2015年,ＲＣ,,,近隣商業,,,2026年第1四半期,,
中古マンション等,成約価格情報,13119,東京都,板橋区,蓮根,西台,9,60000000,３ＬＤＫ,70,2004年,ＲＣ,,,準工業,,,2026年第1四半期,,
中古マンション等,成約価格情報,13119,東京都,板橋区,東坂下,蓮根,10,16000000,１ＤＫ,40,1975年,ＳＲＣ,,,準工業,,,2026年第1四半期,,
中古マンション等,成約価格情報,13119,東京都,板橋区,東坂下,志村坂上,8,7500000,１Ｒ,20,1989年,ＲＣ,,,準工業,,,2026年第1四半期,,
中古マンション等,成約価格情報,13119,東京都,板橋区,東坂下,蓮根,12,54000000,３ＬＤＫ,70,2000年,ＲＣ,,,近隣商業,,,2026年第1四半期,,
中古マンション等,成約価格情報,13119,東京都,板橋区,東坂下,蓮根,11,21000000,１ＬＤＫ,55,1974年,ＳＲＣ,,,商業,,,2026年第1四半期,,
中古マンション等,成約価格情報,13119,東京都,板橋区,東坂下,蓮根,11,8700000,２Ｋ,35,1975年,ＳＲＣ,,,準工業,,,2026年第1四半期,,
中古マンション等,成約価格情報,13119,東京都,板橋区,東坂下,志村坂上,12,25000000,３ＤＫ,65,1978年,ＳＲＣ,,,準工業,,,2026年第1四半期,,
中古マンション等,成約価格情報,13119,東京都,板橋区,氷川町,板橋本町,7,26000000,１ＬＤＫ,45,1980年,ＳＲＣ,,,商業,,,2026年第1四半期,,
中古マンション等,成約価格情報,13119,東京都,板橋区,氷川町,板橋区役所前,6,49000000,２ＬＤＫ,55,2009年,ＲＣ,,,商業,,,2026年第1四半期,,
中古マンション等,成約価格情報,13119,東京都,板橋区,氷川町,板橋区役所前,8,62000000,３ＬＤＫ,70,2002年,ＲＣ,,,１種住居,,,2026年第1四半期,,
中古マンション等,成約価格情報,13119,東京都,板橋区,前野町,本蓮沼,12,66000000,２ＬＤＫ,85,2005年,ＲＣ,,,準工業,,,2026年第1四半期,,
中古マンション等,成約価格情報,13119,東京都,板橋区,前野町,ときわ台(東京),9,12000000,１ＤＫ,30,1978年,ＲＣ,,,準工業,,,2026年第1四半期,,
中古マンション等,成約価格情報,13119,東京都,板橋区,前野町,志村坂上,9,75000000,２ＬＤＫ＋Ｓ,70,2022年,ＲＣ,,,１種住居,,,2026年第1四半期,,
中古マンション等,成約価格情報,13119,東京都,板橋区,前野町,ときわ台(東京),10,41000000,２ＬＤＫ,55,1988年,ＲＣ,,,準工業,,,2026年第1四半期,,
中古マンション等,成約価格情報,13119,東京都,板橋区,前野町,ときわ台(東京),10,79000000,３ＬＤＫ,70,2014年,ＲＣ,,,工業,,,2026年第1四半期,,
中古マンション等,成約価格情報,13119,東京都,板橋区,前野町,ときわ台(東京),17,40000000,２ＬＤＫ,60,1988年,ＲＣ,,,準工業,,,2026年第1四半期,,
中古マンション等,成約価格情報,13119,東京都,板橋区,前野町,ときわ台(東京),10,35000000,２ＬＤＫ,45,1988年,ＲＣ,,,準工業,,,2026年第1四半期,,
中古マンション等,成約価格情報,13119,東京都,板橋区,前野町,板橋本町,11,38000000,３ＬＤＫ,70,2000年,ＲＣ,,,準工業,,,2026年第1四半期,,
中古マンション等,成約価格情報,13119,東京都,板橋区,前野町,志村坂上,9,77000000,３ＬＤＫ＋Ｓ,70,2022年,ＲＣ,,,１種住居,,,2026年第1四半期,,
中古マンション等,成約価格情報,13119,東京都,板橋区,前野町,ときわ台(東京),11,48000000,３ＬＤＫ,65,1998年,ＲＣ,,,準工業,,,2026年第1四半期,,
中古マンション等,成約価格情報,13119,東京都,板橋区,前野町,志村坂上,7,19000000,１Ｋ,25,2007年,ＲＣ,,,準工業,,,2026年第1四半期,,
中古マンション等,不動産取引価格情報,13119,東京都,板橋区,相生町,志村三丁目,7,9200000,２ＤＫ,30,1978年,ＲＣ,住宅,その他,近隣商業,80,300,2026年第1四半期,未改装,
中古マンション等,不動産取引価格情報,13119,東京都,板橋区,赤塚,下赤塚,9,37000000,１ＤＫ,25,2024年,ＲＣ,住宅,,１種住居,60,200,2026年第1四半期,改装済み,
中古マンション等,不動産取引価格情報,13119,東京都,板橋区,赤塚,下赤塚,9,19000000,１Ｋ,20,2008年,ＲＣ,住宅,住宅,１中住専,60,200,2026年第1四半期,未改装,
中古マンション等,不動産取引価格情報,13119,東京都,板橋区,赤塚,地下鉄赤塚,4,56000000,４ＬＤＫ,80,1997年,ＲＣ,住宅,住宅,１中住専,60,200,2026年第1四半期,未改装,
中古マンション等,不動産取引価格情報,13119,東京都,板橋区,赤塚新町,地下鉄赤塚,7,53000000,３ＬＤＫ,75,1983年,ＳＲＣ,住宅,住宅,１中住専,60,200,2026年第1四半期,改装済み,
中古マンション等,不動産取引価格情報,13119,東京都,板橋区,小豆沢,北赤羽,7,21000000,１Ｋ,25,2017年,ＲＣ,住宅,住宅,工業,60,300,2026年第1四半期,未改装,
中古マンション等,不動産取引価格情報,13119,東京都,板橋区,小豆沢,志村坂上,9,45000000,２ＤＫ,55,1988年,ＳＲＣ,住宅,住宅,準工業,60,200,2026年第1四半期,改装済み,
中古マンション等,不動産取引価格情報,13119,東京都,板橋区,小豆沢,志村坂上,9,22000000,１Ｋ,30,2007年,ＲＣ,住宅,住宅,準工業,60,200,2026年第1四半期,未改装,
中古マンション等,不動産取引価格情報,13119,東京都,板橋区,小豆沢,志村坂上,9,33000000,１Ｋ,25,2024年,,,その他,準工業,60,200,2026年第1四半期,,
中古マンション等,不動産取引価格情報,13119,東京都,板橋区,小豆沢,志村坂上,7,36000000,３ＬＤＫ,55,1978年,ＲＣ,住宅,住宅,準工業,60,200,2026年第1四半期,改装済み,
中古マンション等,不動産取引価格情報,13119,東京都,板橋区,小豆沢,本蓮沼,5,43000000,２ＬＤＫ,45,1993年,ＳＲＣ,住宅,住宅,商業,80,400,2026年第1四半期,改装済み,
中古マンション等,不動産取引価格情報,13119,東京都,板橋区,板橋,板橋区役所前,8,29000000,１Ｋ,25,2013年,ＲＣ,住宅,その他,１種住居,60,300,2026年第1四半期,未改装,
中古マンション等,不動産取引価格情報,13119,東京都,板橋区,板橋,下板橋,2,66000000,１ＬＤＫ,50,2008年,ＲＣ,住宅,住宅,２種住居,60,300,2026年第1四半期,未改装,
中古マンション等,不動産取引価格情報,13119,東京都,板橋区,板橋,新板橋,1,27000000,１Ｋ,25,1985年,ＳＲＣ,,住宅,商業,80,600,2026年第1四半期,改装済み,
中古マンション等,不動産取引価格情報,13119,東京都,板橋区,板橋,新板橋,4,28000000,１Ｋ,20,2011年,ＲＣ,住宅,住宅,商業,80,600,2026年第1四半期,未改装,
中古マンション等,不動産取引価格情報,13119,東京都,板橋区,稲荷台,板橋本町,7,26000000,１Ｋ,20,2007年,ＲＣ,,,１種住居,60,300,2026年第1四半期,未改装,
中古マンション等,不動産取引価格情報,13119,東京都,板橋区,大原町,本蓮沼,5,74000000,３ＬＤＫ,70,2003年,ＳＲＣ,住宅,住宅,準工業,60,200,2026年第1四半期,未改装,
中古マンション等,不動産取引価格情報,13119,東京都,板橋区,大谷口上町,中板橋,10,21000000,１Ｋ,20,2008年,ＲＣ,住宅,その他,近隣商業,80,400,2026年第1四半期,未改装,
中古マンション等,不動産取引価格情報,13119,東京都,板橋区,大谷口上町,中板橋,10,24000000,１Ｋ,20,2008年,ＲＣ,,,近隣商業,80,400,2026年第1四半期,,
中古マンション等,不動産取引価格情報,13119,東京都,板橋区,大谷口北町,中板橋,8,22000000,１Ｋ,25,2017年,ＲＣ,,住宅,近隣商業,80,400,2026年第1四半期,未改装,
中古マンション等,不動産取引価格情報,13119,東京都,板橋区,大谷口北町,中板橋,9,38000000,３ＬＤＫ,55,1994年,ＲＣ,住宅,住宅,１中住専,60,200,2026年第1四半期,改装済み,
中古マンション等,不動産取引価格情報,13119,東京都,板橋区,大谷口北町,中板橋,9,27000000,１Ｋ,25,2013年,ＲＣ,住宅,住宅,近隣商業,80,400,2026年第1四半期,未改装,
中古マンション等,不動産取引価格情報,13119,東京都,板橋区,大谷口北町,中板橋,8,32000000,１Ｋ,25,2021年,ＲＣ,住宅,その他,,,,2026年第1四半期,,
中古マンション等,不動産取引価格情報,13119,東京都,板橋区,大山金井町,下板橋,8,27000000,１Ｋ,30,2008年,ＲＣ,住宅,その他,商業,80,500,2026年第1四半期,未改装,
中古マンション等,不動産取引価格情報,13119,東京都,板橋区,大山金井町,下板橋,8,27000000,１Ｋ,25,2008年,ＲＣ,住宅,その他,商業,80,500,2026年第1四半期,,
中古マンション等,不動産取引価格情報,13119,東京都,板橋区,大山町,大山(東京),3,29000000,１Ｋ,25,2007年,ＲＣ,住宅,住宅,２種住居,60,300,2026年第1四半期,未改装,
中古マンション等,不動産取引価格情報,13119,東京都,板橋区,大山町,大山(東京),3,10000000,２ＤＫ,30,1973年,ＲＣ,住宅,住宅,２種住居,60,200,2026年第1四半期,,
中古マンション等,不動産取引価格情報,13119,東京都,板橋区,大山町,大山(東京),3,25000000,１Ｋ,20,2007年,ＲＣ,住宅,住宅,２種住居,60,300,2026年第1四半期,未改装,
中古マンション等,不動産取引価格情報,13119,東京都,板橋区,大山西町,大山(東京),9,25000000,１Ｋ,25,1998年,ＳＲＣ,,,商業,80,500,2026年第1四半期,,
中古マンション等,不動産取引価格情報,13119,東京都,板橋区,大山東町,板橋区役所前,6,28000000,１Ｋ,25,,ＲＣ,住宅,住宅,商業,80,500,2026年第1四半期,,
中古マンション等,不動産取引価格情報,13119,東京都,板橋区,大山東町,板橋区役所前,5,32000000,１Ｋ,25,2016年,ＲＣ,住宅,住宅,商業,80,500,2026年第1四半期,未改装,
中古マンション等,不動産取引価格情報,13119,東京都,板橋区,大山東町,板橋区役所前,5,31000000,１Ｋ,25,2016年,ＲＣ,住宅,その他,商業,80,500,2026年第1四半期,,
中古マンション等,不動産取引価格情報,13119,東京都,板橋区,加賀,板橋区役所前,9,87000000,３ＬＤＫ,65,2013年,ＲＣ,住宅,住宅,準工業,60,300,2026年第1四半期,未改装,
中古マンション等,不動産取引価格情報,13119,東京都,板橋区,加賀,十条(東京),12,130000000,４ＬＤＫ,95,2016年,ＲＣ,住宅,住宅,準工業,60,300,2026年第1四半期,未改装,
中古マンション等,不動産取引価格情報,13119,東京都,板橋区,上板橋,上板橋,5,20000000,１Ｋ,20,2005年,ＲＣ,,住宅,１種住居,60,200,2026年第1四半期,,
中古マンション等,不動産取引価格情報,13119,東京都,板橋区,上板橋,上板橋,5,18000000,１Ｋ,20,2006年,ＲＣ,住宅,その他,近隣商業,80,300,2026年第1四半期,未改装,
中古マンション等,不動産取引価格情報,13119,東京都,板橋区,上板橋,上板橋,8,71000000,,75,,ＳＲＣ,,住宅,近隣商業,80,300,2026年第1四半期,,
中古マンション等,不動産取引価格情報,13119,東京都,板橋区,上板橋,上板橋,6,40000000,３ＬＤＫ,70,2001年,ＳＲＣ,住宅,住宅,近隣商業,80,300,2026年第1四半期,未改装,
中古マンション等,不動産取引価格情報,13119,東京都,板橋区,上板橋,上板橋,5,20000000,１Ｋ,20,2006年,ＲＣ,住宅,住宅,１種住居,60,200,2026年第1四半期,未改装,
中古マンション等,不動産取引価格情報,13119,東京都,板橋区,上板橋,上板橋,6,20000000,１Ｋ,20,2010年,ＲＣ,住宅,住宅,１種住居,60,200,2026年第1四半期,,
中古マンション等,不動産取引価格情報,13119,東京都,板橋区,熊野町,大山(東京),11,29000000,１Ｋ,25,2018年,ＲＣ,住宅,住宅,商業,80,500,2026年第1四半期,未改装,
中古マンション等,不動産取引価格情報,13119,東京都,板橋区,熊野町,下板橋,11,73000000,３ＬＤＫ,70,2013年,ＲＣ,,,商業,80,500,2026年第1四半期,未改装,
中古マンション等,不動産取引価格情報,13119,東京都,板橋区,小茂根,小竹向原,5,19000000,１Ｋ,30,2003年,ＲＣ,,,１中住専,60,200,2026年第1四半期,,
中古マンション等,不動産取引価格情報,13119,東京都,板橋区,小茂根,小竹向原,14,55000000,３ＬＤＫ,65,2004年,ＲＣ,住宅,住宅,１中住専,60,200,2026年第1四半期,未改装,
中古マンション等,不動産取引価格情報,13119,東京都,板橋区,幸町,大山(東京),5,19000000,１Ｋ,25,2016年,ＲＣ,,住宅,商業,80,500,2026年第1四半期,,
中古マンション等,不動産取引価格情報,13119,東京都,板橋区,栄町,板橋区役所前,10,42000000,１ＬＤＫ,25,2024年,ＲＣ,住宅,住宅,１種住居,60,300,2026年第1四半期,未改装,
中古マンション等,不動産取引価格情報,13119,東京都,板橋区,坂下,志村三丁目,8,24000000,１Ｋ,25,2017年,ＲＣ,住宅,住宅,１種住居,60,200,2026年第1四半期,改装済み,
中古マンション等,不動産取引価格情報,13119,東京都,板橋区,坂下,志村三丁目,6,25000000,１Ｋ,25,2009年,ＲＣ,住宅,住宅,準工業,60,200,2026年第1四半期,,
中古マンション等,不動産取引価格情報,13119,東京都,板橋区,坂下,蓮根,7,46000000,３ＬＤＫ,65,1988年,ＲＣ,住宅,住宅,準工業,60,200,2026年第1四半期,改装済み,
中古マンション等,不動産取引価格情報,13119,東京都,板橋区,坂下,蓮根,5,21000000,,25,2018年,ＲＣ,,,近隣商業,80,300,2026年第1四半期,,
中古マンション等,不動産取引価格情報,13119,東京都,板橋区,志村,志村坂上,4,24000000,１Ｋ,25,2014年,ＲＣ,住宅,住宅,商業,80,400,2026年第1四半期,,
中古マンション等,不動産取引価格情報,13119,東京都,板橋区,志村,志村三丁目,1,77000000,４ＬＤＫ,75,2000年,ＳＲＣ,住宅,住宅,準工業,60,200,2026年第1四半期,未改装,
中古マンション等,不動産取引価格情報,13119,東京都,板橋区,志村,志村三丁目,8,36000000,１ＤＫ,25,2019年,,住宅,住宅,準工業,60,200,2026年第1四半期,未改装,
中古マンション等,不動産取引価格情報,13119,東京都,板橋区,志村,志村三丁目,7,25000000,１Ｋ,25,2011年,ＲＣ,住宅,住宅,近隣商業,80,300,2026年第1四半期,改装済み,
中古マンション等,不動産取引価格情報,13119,東京都,板橋区,新河岸,新高島平,10,28000000,２ＬＤＫ,50,1991年,ＲＣ,住宅,住宅,準工業,60,200,2026年第1四半期,改装済み,
中古マンション等,不動産取引価格情報,13119,東京都,板橋区,高島平,高島平,7,23000000,１Ｋ,25,2015年,ＲＣ,住宅,住宅,準工業,60,300,2026年第1四半期,未改装,
中古マンション等,不動産取引価格情報,13119,東京都,板橋区,高島平,高島平,7,24000000,１Ｋ,25,2015年,ＲＣ,住宅,住宅,準工業,60,300,2026年第1四半期,未改装,
中古マンション等,不動産取引価格情報,13119,東京都,板橋区,高島平,高島平,8,13000000,１Ｋ,15,1987年,ＲＣ,住宅,住宅,準工業,60,300,2026年第1四半期,未改装,
中古マンション等,不動産取引価格情報,13119,東京都,板橋区,高島平,西台,8,28000000,１ＬＤＫ,30,2007年,ＲＣ,住宅,住宅,準工業,60,300,2026年第1四半期,,
中古マンション等,不動産取引価格情報,13119,東京都,板橋区,高島平,西台,9,20000000,１Ｋ,20,2008年,ＲＣ,住宅,住宅,１種住居,60,300,2026年第1四半期,未改装,
中古マンション等,不動産取引価格情報,13119,東京都,板橋区,高島平,西台,6,20000000,,20,2010年,ＲＣ,住宅,住宅,準住居,60,300,2026年第1四半期,,
中古マンション等,不動産取引価格情報,13119,東京都,板橋区,徳丸,下赤塚,12,48000000,３ＬＤＫ,60,2012年,ＲＣ,住宅,住宅,１中住専,60,200,2026年第1四半期,未改装,
中古マンション等,不動産取引価格情報,13119,東京都,板橋区,徳丸,高島平,15,65000000,３ＬＤＫ,85,2003年,ＲＣ,住宅,住宅,１種住居,60,200,2026年第1四半期,改装済み,
中古マンション等,不動産取引価格情報,13119,東京都,板橋区,徳丸,東武練馬,9,28000000,１Ｋ,25,2021年,ＲＣ,住宅,その他,１中住専,60,200,2026年第1四半期,未改装,
中古マンション等,不動産取引価格情報,13119,東京都,板橋区,徳丸,東武練馬,4,7800000,１Ｋ,15,1987年,ＲＣ,住宅,その他,１中住専,60,200,2026年第1四半期,未改装,
中古マンション等,不動産取引価格情報,13119,東京都,板橋区,仲宿,板橋区役所前,4,50000000,１ＬＤＫ,50,2004年,ＳＲＣ,住宅,住宅,商業,80,600,2026年第1四半期,未改装,
中古マンション等,不動産取引価格情報,13119,東京都,板橋区,仲宿,板橋区役所前,6,66000000,３ＬＤＫ,60,2002年,ＳＲＣ,住宅,住宅,商業,80,600,2026年第1四半期,改装済み,
中古マンション等,不動産取引価格情報,13119,東京都,板橋区,中台,上板橋,11,17000000,２ＬＤＫ,55,1975年,ＲＣ,住宅,住宅,１中住専,60,200,2026年第1四半期,未改装,
中古マンション等,不動産取引価格情報,13119,東京都,板橋区,仲町,中板橋,2,12000000,,15,1984年,ＲＣ,住宅,その他,２種住居,60,300,2026年第1四半期,,
中古マンション等,不動産取引価格情報,13119,東京都,板橋区,中丸町,大山(東京),11,30000000,１Ｋ,20,2017年,ＲＣ,住宅,住宅,商業,80,500,2026年第1四半期,未改装,
中古マンション等,不動産取引価格情報,13119,東京都,板橋区,中丸町,要町,13,29000000,１Ｋ,25,2017年,ＲＣ,住宅,その他,準工業,60,300,2026年第1四半期,,
中古マンション等,不動産取引価格情報,13119,東京都,板橋区,中丸町,要町,12,27000000,１Ｋ,20,2006年,ＲＣ,住宅,住宅,準工業,60,300,2026年第1四半期,未改装,
中古マンション等,不動産取引価格情報,13119,東京都,板橋区,成増,地下鉄成増,2,11000000,１Ｋ,15,1984年,ＳＲＣ,住宅,住宅,商業,80,500,2026年第1四半期,未改装,
中古マンション等,不動産取引価格情報,13119,東京都,板橋区,成増,地下鉄成増,9,45000000,３ＬＤＫ,60,1985年,ＲＣ,住宅,住宅,１中住専,60,200,2026年第1四半期,改装済み,
中古マンション等,不動産取引価格情報,13119,東京都,板橋区,成増,地下鉄成増,6,32000000,１Ｋ,25,2023年,ＲＣ,住宅,住宅,準工業,60,200,2026年第1四半期,未改装,
中古マンション等,不動産取引価格情報,13119,東京都,板橋区,成増,成増,23,22000000,３ＬＤＫ,50,1986年,ＲＣ,住宅,住宅,１中住専,60,200,2026年第1四半期,,
中古マンション等,不動産取引価格情報,13119,東京都,板橋区,成増,成増,12,41000000,３ＬＤＫ,60,1997年,ＲＣ,住宅,住宅,１中住専,60,200,2026年第1四半期,未改装,
中古マンション等,不動産取引価格情報,13119,東京都,板橋区,成増,成増,12,49000000,２ＬＤＫ,50,2006年,ＲＣ,住宅,住宅,近隣商業,80,200,2026年第1四半期,改装済み,
中古マンション等,不動産取引価格情報,13119,東京都,板橋区,成増,西高島平,15,11000000,１Ｋ,15,1988年,ＲＣ,住宅,住宅,１中住専,60,200,2026年第1四半期,,
中古マンション等,不動産取引価格情報,13119,東京都,板橋区,西台,東武練馬,10,54000000,３ＬＤＫ,80,1987年,ＳＲＣ,住宅,住宅,工業,60,200,2026年第1四半期,未改装,
中古マンション等,不動産取引価格情報,13119,東京都,板橋区,蓮沼町,本蓮沼,2,36000000,１ＬＤＫ,35,2012年,ＲＣ,住宅,住宅,準工業,60,200,2026年第1四半期,未改装,
中古マンション等,不動産取引価格情報,13119,東京都,板橋区,蓮沼町,本蓮沼,2,30000000,１Ｋ,25,2019年,ＲＣ,住宅,住宅,準工業,60,200,2026年第1四半期,未改装,
中古マンション等,不動産取引価格情報,13119,東京都,板橋区,蓮沼町,本蓮沼,9,47000000,３ＬＤＫ,65,1999年,ＲＣ,住宅,住宅,準工業,60,200,2026年第1四半期,未改装,
中古マンション等,不動産取引価格情報,13119,東京都,板橋区,蓮沼町,本蓮沼,4,47000000,３ＬＤＫ,65,1990年,ＲＣ,住宅,住宅,準工業,60,200,2026年第1四半期,未改装,
中古マンション等,不動産取引価格情報,13119,東京都,板橋区,蓮根,西台,10,30000000,２ＬＤＫ,55,1977年,ＲＣ,住宅,住宅,１中住専,60,200,2026年第1四半期,,
中古マンション等,不動産取引価格情報,13119,東京都,板橋区,蓮根,蓮根,9,27000000,１Ｋ,25,2021年,ＲＣ,住宅,住宅,準工業,60,200,2026年第1四半期,,
中古マンション等,不動産取引価格情報,13119,東京都,板橋区,東山町,ときわ台(東京),11,28000000,１ＤＫ,30,2005年,ＲＣ,住宅,その他,近隣商業,80,300,2026年第1四半期,未改装,
中古マンション等,不動産取引価格情報,13119,東京都,板橋区,氷川町,板橋区役所前,6,49000000,２ＬＤＫ,50,2009年,ＲＣ,住宅,住宅,商業,80,600,2026年第1四半期,未改装,
中古マンション等,不動産取引価格情報,13119,東京都,板橋区,氷川町,板橋本町,6,27000000,１ＬＤＫ,40,1979年,ＳＲＣ,住宅,住宅,商業,80,600,2026年第1四半期,改装済み,
中古マンション等,不動産取引価格情報,13119,東京都,板橋区,双葉町,中板橋,5,24000000,１Ｋ,25,2015年,ＲＣ,住宅,住宅,１種住居,60,300,2026年第1四半期,未改装,
中古マンション等,不動産取引価格情報,13119,東京都,板橋区,舟渡,浮間舟渡,3,39000000,３ＬＤＫ,65,1998年,ＲＣ,住宅,住宅,準工業,60,300,2026年第1四半期,未改装,
中古マンション等,不動産取引価格情報,13119,東京都,板橋区,本町,板橋本町,4,32000000,１Ｋ,25,2021年,ＲＣ,住宅,住宅,準工業,80,300,2026年第1四半期,未改装,
中古マンション等,不動産取引価格情報,13119,東京都,板橋区,前野町,志村坂上,13,25000000,２ＬＤＫ,45,1986年,ＲＣ,,住宅,１中住専,60,200,2026年第1四半期,,
中古マンション等,不動産取引価格情報,13119,東京都,板橋区,前野町,ときわ台(東京),11,6800000,１Ｋ,15,1988年,ＲＣ,住宅,住宅,準工業,60,200,2026年第1四半期,未改装,
中古マンション等,不動産取引価格情報,13119,東京都,板橋区,三園,西高島平,12,24000000,,50,1998年,ＲＣ,住宅,住宅,準工業,60,200,2026年第1四半期,,
中古マンション等,不動産取引価格情報,13119,東京都,板橋区,南町,要町,7,24000000,１Ｋ,20,2001年,ＲＣ,住宅,住宅,商業,80,500,2026年第1四半期,未改装,
中古マンション等,不動産取引価格情報,13119,東京都,板橋区,南常盤台,ときわ台(東京),6,31000000,１Ｋ,30,2004年,ＲＣ,住宅,住宅,近隣商業,80,300,2026年第1四半期,改装済み,
中古マンション等,不動産取引価格情報,13119,東京都,板橋区,南常盤台,ときわ台(東京),6,24000000,１Ｋ,35,2004年,ＲＣ,住宅,住宅,近隣商業,80,300,2026年第1四半期,未改装,
中古マンション等,不動産取引価格情報,13119,東京都,板橋区,南常盤台,ときわ台(東京),1,28000000,１Ｋ,25,2015年,ＲＣ,住宅,住宅,商業,80,400,2026年第1四半期,,
中古マンション等,不動産取引価格情報,13119,東京都,板橋区,宮本町,板橋本町,3,20000000,１Ｋ,20,1995年,ＳＲＣ,住宅,,商業,80,500,2026年第1四半期,未改装,
中古マンション等,不動産取引価格情報,13119,東京都,板橋区,宮本町,板橋本町,7,22000000,１Ｋ,20,2009年,ＲＣ,住宅,住宅,準工業,60,200,2026年第1四半期,,
中古マンション等,不動産取引価格情報,13119,東京都,板橋区,宮本町,板橋本町,5,21000000,１Ｋ,20,2007年,ＲＣ,住宅,住宅,近隣商業,80,300,2026年第1四半期,未改装,
中古マンション等,不動産取引価格情報,13119,東京都,板橋区,宮本町,板橋本町,3,21000000,１Ｋ,20,2010年,ＲＣ,住宅,,商業,80,500,2026年第1四半期,,
中古マンション等,不動産取引価格情報,13119,東京都,板橋区,宮本町,本蓮沼,5,57000000,３ＬＤＫ,60,1997年,ＳＲＣ,住宅,住宅,商業,80,500,2026年第1四半期,改装済み,
中古マンション等,不動産取引価格情報,13119,東京都,板橋区,向原,小竹向原,2,50000000,１ＬＤＫ,30,2022年,,住宅,住宅,準工業,60,200,2026年第1四半期,未改装,
中古マンション等,不動産取引価格情報,13119,東京都,板橋区,大和町,板橋本町,2,20000000,１Ｋ,20,2008年,ＲＣ,住宅,住宅,商業,80,600,2026年第1四半期,未改装,
中古マンション等,不動産取引価格情報,13119,東京都,板橋区,若木,上板橋,9,37000000,３ＬＤＫ,50,1983年,ＲＣ,住宅,住宅,準工業,60,200,2026年第1四半期,改装済み,
中古マンション等,不動産取引価格情報,13119,東京都,板橋区,若木,東武練馬,8,65000000,３ＬＤＫ,75,2006年,ＲＣ,住宅,住宅,工業,60,200,2026年第1四半期,未改装,
中古マンション等,成約価格情報,13120,東京都,練馬区,大泉学園町,練馬,10,21000000,１ＤＫ,35,2007年,ＲＣ,,,１中住専,,,2026年第1四半期,,
中古マンション等,成約価格情報,13120,東京都,練馬区,大泉学園町,大泉学園,,24000000,２ＬＤＫ,60,1996年,ＲＣ,,,１種住居,,,2026年第1四半期,,
中古マンション等,成約価格情報,13120,東京都,練馬区,大泉学園町,大泉学園,,6700000,２ＤＫ,40,1983年,ＲＣ,,,近隣商業,,,2026年第1四半期,,
中古マンション等,成約価格情報,13120,東京都,練馬区,大泉学園町,大泉学園,,29000000,３ＬＤＫ,75,2001年,ＲＣ,,,１種住居,,,2026年第1四半期,,
中古マンション等,成約価格情報,13120,東京都,練馬区,大泉学園町,大泉学園,,24000000,２ＬＤＫ＋Ｓ,60,1985年,ＲＣ,,,１中住専,,,2026年第1四半期,,
中古マンション等,成約価格情報,13120,東京都,練馬区,豊玉上,桜台(東京),6,8000000,１Ｋ,25,1984年,ＲＣ,,,準住居,,,2026年第1四半期,,
中古マンション等,成約価格情報,13120,東京都,練馬区,豊玉上,練馬,5,33000000,３ＬＤＫ,55,1984年,ＳＲＣ,,,商業,,,2026年第1四半期,,
中古マンション等,成約価格情報,13120,東京都,練馬区,豊玉上,桜台(東京),5,10000000,１Ｋ,25,1975年,ＲＣ,,,商業,,,2026年第1四半期,,
中古マンション等,成約価格情報,13120,東京都,練馬区,豊玉上,桜台(東京),3,9800000,１ＤＫ,30,1982年,ＲＣ,,,１中住専,,,2026年第1四半期,,
中古マンション等,成約価格情報,13120,東京都,練馬区,豊玉上,練馬,12,12000000,１Ｋ,25,1975年,ＳＲＣ,,,商業,,,2026年第1四半期,,
中古マンション等,成約価格情報,13120,東京都,練馬区,豊玉上,桜台(東京),6,52000000,３ＬＤＫ,70,1993年,ＲＣ,,,１中住専,,,2026年第1四半期,改装済み,
中古マンション等,成約価格情報,13120,東京都,練馬区,豊玉上,練馬,6,40000000,１ＤＫ,35,2009年,ＲＣ,,,商業,,,2026年第1四半期,,
中古マンション等,成約価格情報,13120,東京都,練馬区,豊玉上,練馬,6,48000000,１ＤＫ,45,2009年,ＲＣ,,,商業,,,2026年第1四半期,,
中古マンション等,成約価格情報,13120,東京都,練馬区,中村北,練馬,6,19000000,２ＬＤＫ,60,1969年,ＲＣ,,,商業,,,2026年第1四半期,,
中古マンション等,成約価格情報,13120,東京都,練馬区,中村北,練馬,9,35000000,２ＬＤＫ,55,1984年,ＲＣ,,,１中住専,,,2026年第1四半期,,
中古マンション等,成約価格情報,13120,東京都,練馬区,中村北,中村橋,5,20000000,１ＤＫ,35,1976年,ＲＣ,,,１中住専,,,2026年第1四半期,,
中古マンション等,成約価格情報,13120,東京都,練馬区,中村北,中村橋,7,59000000,２ＬＤＫ,75,2006年,ＲＣ,,,１中住専,,,2026年第1四半期,,
中古マンション等,成約価格情報,13120,東京都,練馬区,中村北,中村橋,2,32000000,１ＬＤＫ,40,1987年,ＳＲＣ,,,商業,,,2026年第1四半期,,
中古マンション等,成約価格情報,13120,東京都,練馬区,中村北,練馬,13,26000000,２ＬＤＫ,55,1979年,ＲＣ,,,１中住専,,,2026年第1四半期,,
中古マンション等,成約価格情報,13120,東京都,練馬区,中村北,練馬,6,35000000,１ＤＫ,35,1985年,ＳＲＣ,,,商業,,,2026年第1四半期,,
中古マンション等,成約価格情報,13120,東京都,練馬区,中村北,練馬,7,23000000,１ＬＤＫ,40,1972年,ＳＲＣ,,,１種住居,,,2026年第1四半期,,
中古マンション等,成約価格情報,13120,東京都,練馬区,中村北,中村橋,8,89000000,３ＬＤＫ,70,2020年,ＲＣ,,,１中住専,,,2026年第1四半期,,
中古マンション等,成約価格情報,13120,東京都,練馬区,中村北,中村橋,4,13000000,２ＤＫ,45,1983年,鉄骨造,,,商業,,,2026年第1四半期,,
中古マンション等,成約価格情報,13120,東京都,練馬区,中村北,練馬,7,64000000,２ＬＤＫ＋Ｓ,65,1995年,ＳＲＣ,,,商業,,,2026年第1四半期,,
中古マンション等,成約価格情報,13120,東京都,練馬区,中村北,練馬,6,67000000,２ＬＤＫ,95,1974年,ＳＲＣ,,,商業,,,2026年第1四半期,,
中古マンション等,成約価格情報,13120,東京都,練馬区,中村北,練馬,9,85000000,２ＬＤＫ,65,2009年,ＲＣ,,,商業,,,2026年第1四半期,,
中古マンション等,成約価格情報,13120,東京都,練馬区,中村北,練馬,9,23000000,２ＬＤＫ,50,1984年,ＲＣ,,,１中住専,,,2026年第1四半期,,
中古マンション等,成約価格情報,13120,東京都,練馬区,中村北,中村橋,7,61000000,２ＬＤＫ,65,2006年,ＲＣ,,,１中住専,,,2026年第1四半期,,
中古マンション等,成約価格情報,13120,東京都,練馬区,早宮,平和台(東京),10,25000000,２ＬＤＫ,55,1981年,ＲＣ,,,１中住専,,,2026年第1四半期,,
中古マンション等,成約価格情報,13120,東京都,練馬区,早宮,豊島園,12,70000000,２ＬＤＫ＋Ｓ,65,2022年,ＲＣ,,,１低住専,,,2026年第1四半期,,
中古マンション等,成約価格情報,13120,東京都,練馬区,三原台,石神井公園,21,24000000,２ＬＤＫ,50,1984年,ＲＣ,,,準住居,,,2026年第1四半期,,
中古マンション等,成約価格情報,13120,東京都,練馬区,石神井台,武蔵関,12,46000000,３ＬＤＫ,70,2006年,ＲＣ,,,１種住居,,,2026年第1四半期,,
中古マンション等,成約価格情報,13120,東京都,練馬区,石神井台,大泉学園,14,32000000,３ＬＤＫ,70,1983年,ＲＣ,,,１低住専,,,2026年第1四半期,改装済み,
中古マンション等,成約価格情報,13120,東京都,練馬区,石神井台,武蔵関,13,68000000,４ＬＤＫ,95,2015年,ＲＣ,,,１種住居,,,2026年第1四半期,,
中古マンション等,成約価格情報,13120,東京都,練馬区,石神井台,上石神井,15,49000000,３ＬＤＫ,75,2007年,ＲＣ,,,１低住専,,,2026年第1四半期,,
中古マンション等,成約価格情報,13120,東京都,練馬区,石神井台,武蔵関,14,37000000,２ＬＤＫ,60,2002年,ＲＣ,,,１種住居,,,2026年第1四半期,,
中古マンション等,成約価格情報,13120,東京都,練馬区,石神井台,武蔵関,13,50000000,３ＬＤＫ,75,2005年,ＲＣ,,,１種住居,,,2026年第1四半期,,
中古マンション等,成約価格情報,13120,東京都,練馬区,石神井台,上石神井,15,57000000,４ＬＤＫ,100,1981年,ＲＣ,,,１低住専,,,2026年第1四半期,,
中古マンション等,成約価格情報,13120,東京都,練馬区,石神井台,武蔵関,13,72000000,４ＬＤＫ,90,2015年,ＲＣ,,,１種住居,,,2026年第1四半期,,
中古マンション等,成約価格情報,13120,東京都,練馬区,石神井台,大泉学園,15,39000000,２ＬＤＫ＋Ｓ,70,1990年,ＲＣ,,,１中住専,,,2026年第1四半期,,
中古マンション等,成約価格情報,13120,東京都,練馬区,石神井台,大泉学園,13,41000000,２ＬＤＫ,70,1998年,ＲＣ,,,近隣商業,,,2026年第1四半期,,
中古マンション等,成約価格情報,13120,東京都,練馬区,石神井台,上石神井,10,70000000,３ＬＤＫ,75,2017年,ＲＣ,,,１中住専,,,2026年第1四半期,,
中古マンション等,成約価格情報,13120,東京都,練馬区,石神井台,上石神井,16,28000000,２ＬＤＫ,60,1994年,ＲＣ,,,１種住居,,,2026年第1四半期,,
中古マンション等,成約価格情報,13120,東京都,練馬区,石神井台,大泉学園,13,33000000,２ＬＤＫ,65,1994年,ＲＣ,,,１低住専,,,2026年第1四半期,,
中古マンション等,成約価格情報,13120,東京都,練馬区,石神井台,上石神井,10,76000000,３ＬＤＫ,75,2017年,ＲＣ,,,１低住専,,,2026年第1四半期,,
中古マンション等,成約価格情報,13120,東京都,練馬区,関町北,武蔵関,3,38000000,４ＬＤＫ＋Ｓ,140,1977年,ＳＲＣ,,,近隣商業,,,2026年第1四半期,,
中古マンション等,成約価格情報,13120,東京都,練馬区,関町北,武蔵関,2,39000000,１ＬＤＫ,55,2000年,ＳＲＣ,,,近隣商業,,,2026年第1四半期,,
中古マンション等,成約価格情報,13120,東京都,練馬区,関町北,武蔵関,13,42000000,３ＬＤＫ,80,1996年,ＲＣ,,,１低住専,,,2026年第1四半期,,
中古マンション等,成約価格情報,13120,東京都,練馬区,関町北,吉祥寺,,33000000,１ＬＤＫ,40,2007年,ＲＣ,,,近隣商業,,,2026年第1四半期,改装済み,
中古マンション等,成約価格情報,13120,東京都,練馬区,関町北,武蔵関,5,43000000,２ＬＤＫ,65,2006年,ＲＣ,,,近隣商業,,,2026年第1四半期,,
中古マンション等,成約価格情報,13120,東京都,練馬区,関町北,武蔵関,9,33000000,３ＬＤＫ,60,1998年,ＲＣ,,,１種住居,,,2026年第1四半期,,
中古マンション等,成約価格情報,13120,東京都,練馬区,関町北,武蔵関,12,38000000,１ＬＤＫ,45,2010年,ＲＣ,,,１低住専,,,2026年第1四半期,改装済み,
中古マンション等,成約価格情報,13120,東京都,練馬区,関町北,武蔵関,5,65000000,２ＬＤＫ＋Ｓ,65,2017年,ＲＣ,,,近隣商業,,,2026年第1四半期,,
中古マンション等,成約価格情報,13120,東京都,練馬区,関町北,武蔵関,4,19000000,１ＤＫ,45,1973年,ＳＲＣ,,,近隣商業,,,2026年第1四半期,,
中古マンション等,成約価格情報,13120,東京都,練馬区,関町北,武蔵関,4,25000000,１Ｋ,30,2017年,ＲＣ,,,１中住専,,,2026年第1四半期,,
中古マンション等,成約価格情報,13120,東京都,練馬区,関町北,武蔵関,9,36000000,２ＬＤＫ＋Ｓ,65,1998年,ＲＣ,,,１種住居,,,2026年第1四半期,,
中古マンション等,成約価格情報,13120,東京都,練馬区,関町南,武蔵関,12,70000000,３ＬＤＫ,75,2018年,ＲＣ,,,１低住専,,,2026年第1四半期,,
中古マンション等,成約価格情報,13120,東京都,練馬区,関町南,吉祥寺,,75000000,３ＬＤＫ,75,2018年,ＲＣ,,,１低住専,,,2026年第1四半期,,
中古マンション等,成約価格情報,13120,東京都,練馬区,関町南,三鷹,,55000000,３ＬＤＫ,75,2019年,ＲＣ,,,１種住居,,,2026年第1四半期,,
中古マンション等,成約価格情報,13120,東京都,練馬区,関町南,武蔵関,10,33000000,１ＬＤＫ,50,1991年,ＳＲＣ,,,近隣商業,,,2026年第1四半期,,
中古マンション等,成約価格情報,13120,東京都,練馬区,関町南,武蔵関,18,52000000,３ＬＤＫ,85,2005年,ＲＣ,,,１中住専,,,2026年第1四半期,,
中古マンション等,成約価格情報,13120,東京都,練馬区,関町南,武蔵関,9,21000000,３ＤＫ,55,1982年,ＳＲＣ,,,近隣商業,,,2026年第1四半期,,
中古マンション等,成約価格情報,13120,東京都,練馬区,関町南,三鷹,,64000000,３ＬＤＫ,80,2019年,ＲＣ,,,１種住居,,,2026年第1四半期,,
中古マンション等,成約価格情報,13120,東京都,練馬区,関町南,武蔵関,14,23000000,２ＬＤＫ＋Ｓ,65,1974年,ＲＣ,,,１中住専,,,2026年第1四半期,,
中古マンション等,成約価格情報,13120,東京都,練馬区,関町南,上石神井,10,12000000,１Ｋ,20,1991年,ＲＣ,,,１低住専,,,2026年第1四半期,,
中古マンション等,成約価格情報,13120,東京都,練馬区,関町南,武蔵関,12,76000000,３ＬＤＫ,70,2018年,ＲＣ,,,１低住専,,,2026年第1四半期,,
中古マンション等,成約価格情報,13120,東京都,練馬区,関町南,吉祥寺,,34000000,２ＬＤＫ,80,1973年,ＲＣ,,,近隣商業,,,2026年第1四半期,,
中古マンション等,成約価格情報,13120,東京都,練馬区,関町南,武蔵関,12,84000000,３ＬＤＫ,75,2018年,ＲＣ,,,１低住専,,,2026年第1四半期,,
中古マンション等,成約価格情報,13120,東京都,練馬区,高野台,石神井公園,7,80000000,２ＬＤＫ,55,2023年,ＲＣ,,,１中住専,,,2026年第1四半期,,
中古マンション等,成約価格情報,13120,東京都,練馬区,高野台,練馬高野台,5,60000000,３ＬＤＫ,70,2005年,ＲＣ,,,準住居,,,2026年第1四半期,改装済み,
中古マンション等,成約価格情報,13120,東京都,練馬区,高野台,練馬高野台,15,58000000,３ＬＤＫ,65,2020年,ＲＣ,,,２種住居,,,2026年第1四半期,,
中古マンション等,成約価格情報,13120,東京都,練馬区,立野町,吉祥寺,18,58000000,２ＬＤＫ,65,1996年,ＲＣ,,,近隣商業,,,2026年第1四半期,,
中古マンション等,成約価格情報,13120,東京都,練馬区,立野町,武蔵関,15,59000000,３ＬＤＫ,75,1996年,ＲＣ,,,近隣商業,,,2026年第1四半期,,
中古マンション等,成約価格情報,13120,東京都,練馬区,立野町,吉祥寺,15,93000000,３ＬＤＫ,75,2009年,ＲＣ,,,１低住専,,,2026年第1四半期,,
中古マンション等,成約価格情報,13120,東京都,練馬区,立野町,吉祥寺,22,29000000,２ＤＫ＋Ｓ,55,1983年,ＳＲＣ,,,近隣商業,,,2026年第1四半期,,
中古マンション等,成約価格情報,13120,東京都,練馬区,豊玉中,新江古田,14,73000000,２ＬＤＫ,55,2022年,ＲＣ,,,１中住専,,,2026年第1四半期,,
中古マンション等,成約価格情報,13120,東京都,練馬区,豊玉中,練馬,9,40000000,１ＬＤＫ,35,2020年,ＲＣ,,,近隣商業,,,2026年第1四半期,,
中古マンション等,成約価格情報,13120,東京都,練馬区,豊玉中,練馬,12,52000000,３ＬＤＫ,70,1996年,ＲＣ,,,１中住専,,,2026年第1四半期,,
中古マンション等,成約価格情報,13120,東京都,練馬区,豊玉中,練馬,11,18000000,１Ｋ,25,2010年,ＲＣ,,,近隣商業,,,2026年第1四半期,,
中古マンション等,成約価格情報,13120,東京都,練馬区,豊玉中,新江古田,11,70000000,３ＬＤＫ,70,2011年,ＲＣ,,,１種住居,,,2026年第1四半期,,
中古マンション等,成約価格情報,13120,東京都,練馬区,豊玉南,練馬,17,54000000,３ＬＤＫ,75,2005年,ＲＣ,,,１中住専,,,2026年第1四半期,,
中古マンション等,成約価格情報,13120,東京都,練馬区,豊玉南,沼袋,12,24000000,１Ｋ,20,2012年,ＲＣ,,,１中住専,,,2026年第1四半期,,
中古マンション等,成約価格情報,13120,東京都,練馬区,豊玉南,野方,12,22000000,３ＤＫ,55,1972年,ＳＲＣ,,,準住居,,,2026年第1四半期,,
中古マンション等,成約価格情報,13120,東京都,練馬区,豊玉南,野方,12,26000000,２ＬＤＫ,55,1972年,ＳＲＣ,,,１中住専,,,2026年第1四半期,改装済み,
中古マンション等,成約価格情報,13120,東京都,練馬区,中村南,鷺ノ宮,11,47000000,１ＬＤＫ＋Ｓ,50,2010年,ＲＣ,,,１低住専,,,2026年第1四半期,,
中古マンション等,成約価格情報,13120,東京都,練馬区,中村南,鷺ノ宮,11,33000000,２ＬＤＫ,50,1990年,ＲＣ,,,１低住専,,,2026年第1四半期,,
中古マンション等,成約価格情報,13120,東京都,練馬区,貫井,富士見台,6,15000000,２ＤＫ,40,1972年,ＲＣ,,,準工業,,,2026年第1四半期,,
中古マンション等,成約価格情報,13120,東京都,練馬区,貫井,富士見台,8,44000000,２ＬＤＫ,55,1997年,ＲＣ,,,１種住居,,,2026年第1四半期,,
中古マンション等,成約価格情報,13120,東京都,練馬区,貫井,富士見台,3,61000000,２ＬＤＫ,60,2014年,ＲＣ,,,準工業,,,2026年第1四半期,,
中古マンション等,成約価格情報,13120,東京都,練馬区,貫井,中村橋,8,29000000,１ＬＤＫ,35,1991年,ＲＣ,,,１種住居,,,2026年第1四半期,,
中古マンション等,成約価格情報,13120,東京都,練馬区,貫井,中村橋,6,6500000,２Ｋ,35,1969年,ＲＣ,,,１種住居,,,2026年第1四半期,,
中古マンション等,成約価格情報,13120,東京都,練馬区,貫井,富士見台,5,26000000,２ＤＫ,55,1988年,ＲＣ,,,準工業,,,2026年第1四半期,,
中古マンション等,成約価格情報,13120,東京都,練馬区,貫井,富士見台,3,40000000,１ＬＤＫ＋Ｓ,50,1982年,ＲＣ,,,準工業,,,2026年第1四半期,改装済み,
中古マンション等,成約価格情報,13120,東京都,練馬区,貫井,富士見台,4,32000000,３ＬＤＫ,65,1973年,ＳＲＣ,,,１種住居,,,2026年第1四半期,,
中古マンション等,成約価格情報,13120,東京都,練馬区,氷川台,氷川台,10,71000000,３ＬＤＫ,80,2012年,ＲＣ,,,１種住居,,,2026年第1四半期,改装済み,
中古マンション等,成約価格情報,13120,東京都,練馬区,氷川台,氷川台,6,29000000,２ＬＤＫ,60,1988年,ＲＣ,,,１種住居,,,2026年第1四半期,,
中古マンション等,成約価格情報,13120,東京都,練馬区,氷川台,氷川台,5,80000000,３ＬＤＫ,70,2008年,ＲＣ,,,１低住専,,,2026年第1四半期,,
中古マンション等,成約価格情報,13120,東京都,練馬区,氷川台,氷川台,9,72000000,３ＬＤＫ,80,2002年,ＲＣ,,,１種住居,,,2026年第1四半期,改装済み,
中古マンション等,成約価格情報,13120,東京都,練馬区,氷川台,氷川台,4,54000000,１ＬＤＫ,80,1984年,ＲＣ,,,準工業,,,2026年第1四半期,,
中古マンション等,成約価格情報,13120,東京都,練馬区,富士見台,富士見台,11,51000000,３ＬＤＫ,80,1998年,ＲＣ,,,１中住専,,,2026年第1四半期,,
中古マンション等,成約価格情報,13120,東京都,練馬区,南大泉,保谷,10,35000000,３ＬＤＫ,70,1994年,ＲＣ,,,１中住専,,,2026年第1四半期,,
中古マンション等,成約価格情報,13120,東京都,練馬区,南大泉,保谷,3,46000000,２ＬＤＫ＋Ｓ,75,2005年,ＲＣ,,,商業,,,2026年第1四半期,,
中古マンション等,成約価格情報,13120,東京都,練馬区,南大泉,保谷,7,31000000,２ＤＫ,55,1994年,ＲＣ,,,１種住居,,,2026年第1四半期,,
中古マンション等,成約価格情報,13120,東京都,練馬区,南大泉,保谷,7,38000000,３ＬＤＫ,55,1994年,ＲＣ,,,近隣商業,,,2026年第1四半期,,
中古マンション等,成約価格情報,13120,東京都,練馬区,南大泉,保谷,8,31000000,２ＬＤＫ,50,1994年,ＲＣ,,,１種住居,,,2026年第1四半期,,
中古マンション等,成約価格情報,13120,東京都,練馬区,大泉町,大泉学園,15,7000000,１Ｒ,20,1990年,ＲＣ,,,１低住専,,,2026年第1四半期,,
中古マンション等,成約価格情報,13120,東京都,練馬区,大泉町,大泉学園,26,27000000,２ＬＤＫ＋Ｓ,75,1998年,ＲＣ,,,１低住専,,,2026年第1四半期,,
中古マンション等,成約価格情報,13120,東京都,練馬区,大泉町,大泉学園,17,31000000,３ＬＤＫ,65,1999年,ＳＲＣ,,,準住居,,,2026年第1四半期,,
中古マンション等,成約価格情報,13120,東京都,練馬区,上石神井,上石神井,4,20000000,１Ｋ,25,2007年,ＲＣ,,,近隣商業,,,2026年第1四半期,,
中古マンション等,成約価格情報,13120,東京都,練馬区,上石神井,上石神井,16,73000000,３ＬＤＫ,65,2023年,ＲＣ,,,１中住専,,,2026年第1四半期,,
中古マンション等,成約価格情報,13120,東京都,練馬区,上石神井,上石神井,13,40000000,２ＬＤＫ,60,2001年,ＲＣ,,,１種住居,,,2026年第1四半期,,
中古マンション等,成約価格情報,13120,東京都,練馬区,上石神井,上石神井,9,59000000,３ＬＤＫ,70,2007年,ＲＣ,,,１種住居,,,2026年第1四半期,,
中古マンション等,成約価格情報,13120,東京都,練馬区,上石神井,上石神井,12,75000000,３ＬＤＫ,70,2023年,ＲＣ,,,１中住専,,,2026年第1四半期,,
中古マンション等,成約価格情報,13120,東京都,練馬区,上石神井,上石神井,2,34000000,３ＬＤＫ,65,2002年,ＲＣ,,,近隣商業,,,2026年第1四半期,,
中古マンション等,成約価格情報,13120,東京都,練馬区,北町,東武練馬,9,8500000,１Ｒ,20,1984年,ＳＲＣ,,,準工業,,,2026年第1四半期,,
中古マンション等,成約価格情報,13120,東京都,練馬区,北町,東武練馬,9,41000000,１ＬＤＫ,35,2022年,ＲＣ,,,準工業,,,2026年第1四半期,,
中古マンション等,成約価格情報,13120,東京都,練馬区,北町,平和台(東京),3,44000000,１ＬＤＫ,40,2021年,ＲＣ,,,１中住専,,,2026年第1四半期,,
中古マンション等,成約価格情報,13120,東京都,練馬区,北町,東武練馬,8,23000000,２Ｋ,45,1982年,ＲＣ,,,近隣商業,,,2026年第1四半期,改装済み,
中古マンション等,成約価格情報,13120,東京都,練馬区,北町,東武練馬,2,62000000,３ＬＤＫ,75,2004年,ＲＣ,,,準工業,,,2026年第1四半期,,
中古マンション等,成約価格情報,13120,東京都,練馬区,北町,平和台(東京),5,83000000,２ＬＤＫ＋Ｓ,70,2022年,ＲＣ,,,１種住居,,,2026年第1四半期,,
中古マンション等,成約価格情報,13120,東京都,練馬区,北町,東武練馬,3,60000000,３ＬＤＫ,75,2004年,ＲＣ,,,準工業,,,2026年第1四半期,,
中古マンション等,成約価格情報,13120,東京都,練馬区,北町,東武練馬,8,62000000,３ＬＤＫ,60,2021年,ＲＣ,,,近隣商業,,,2026年第1四半期,,
中古マンション等,成約価格情報,13120,東京都,練馬区,北町,東武練馬,6,64000000,３ＬＤＫ,65,2020年,ＲＣ,,,近隣商業,,,2026年第1四半期,,
中古マンション等,成約価格情報,13120,東京都,練馬区,北町,東武練馬,4,48000000,３ＬＤＫ,65,1998年,ＲＣ,,,準工業,,,2026年第1四半期,,
中古マンション等,成約価格情報,13120,東京都,練馬区,北町,東武練馬,7,65000000,２ＬＤＫ,70,2020年,ＲＣ,,,近隣商業,,,2026年第1四半期,,
中古マンション等,成約価格情報,13120,東京都,練馬区,北町,東武練馬,7,67000000,２ＬＤＫ,65,2020年,ＲＣ,,,近隣商業,,,2026年第1四半期,,
中古マンション等,成約価格情報,13120,東京都,練馬区,北町,東武練馬,2,75000000,３ＬＤＫ,70,2016年,ＲＣ,,,商業,,,2026年第1四半期,,
中古マンション等,成約価格情報,13120,東京都,練馬区,北町,下赤塚,8,41000000,３ＬＤＫ,70,1980年,ＲＣ,,,準工業,,,2026年第1四半期,改装済み,
中古マンション等,成約価格情報,13120,東京都,練馬区,北町,地下鉄赤塚,12,23000000,２Ｋ＋Ｓ,50,1986年,ＲＣ,,,１低住専,,,2026年第1四半期,,
中古マンション等,成約価格情報,13120,東京都,練馬区,北町,東武練馬,8,50000000,３ＬＤＫ,60,1997年,ＳＲＣ,,,準工業,,,2026年第1四半期,改装済み,
中古マンション等,成約価格情報,13120,東京都,練馬区,向山,中村橋,3,80000000,４ＬＤＫ,85,2004年,ＲＣ,,,１中住専,,,2026年第1四半期,,
中古マンション等,成約価格情報,13120,東京都,練馬区,小竹町,江古田,1,24000000,２ＬＤＫ,60,1972年,ＳＲＣ,,,１種住居,,,2026年第1四半期,,
中古マンション等,成約価格情報,13120,東京都,練馬区,小竹町,江古田,7,24000000,１Ｒ,30,1988年,ＲＣ,,,近隣商業,,,2026年第1四半期,,
中古マンション等,成約価格情報,13120,東京都,練馬区,小竹町,小竹向原,2,90000000,３ＬＤＫ,70,2000年,ＲＣ,,,１中住専,,,2026年第1四半期,,
中古マンション等,成約価格情報,13120,東京都,練馬区,桜台,桜台(東京),2,27000000,１ＤＫ,40,1981年,ＳＲＣ,,,商業,,,2026年第1四半期,,
中古マンション等,成約価格情報,13120,東京都,練馬区,桜台,桜台(東京),3,38000000,２ＤＫ,50,1982年,ＳＲＣ,,,商業,,,2026年第1四半期,,
中古マンション等,成約価格情報,13120,東京都,練馬区,桜台,桜台(東京),5,16000000,１Ｋ,25,1993年,ＳＲＣ,,,商業,,,2026年第1四半期,,
中古マンション等,成約価格情報,13120,東京都,練馬区,桜台,桜台(東京),8,35000000,３ＤＫ,60,1995年,ＲＣ,,,１低住専,,,2026年第1四半期,,
中古マンション等,成約価格情報,13120,東京都,練馬区,桜台,桜台(東京),4,23000000,１Ｋ,25,2009年,ＲＣ,,,１種住居,,,2026年第1四半期,,
中古マンション等,成約価格情報,13120,東京都,練馬区,桜台,桜台(東京),4,14000000,１Ｒ,25,1986年,ＲＣ,,,近隣商業,,,2026年第1四半期,,
中古マンション等,成約価格情報,13120,東京都,練馬区,桜台,桜台(東京),3,42000000,２ＬＤＫ,60,1981年,ＳＲＣ,,,商業,,,2026年第1四半期,,
中古マンション等,成約価格情報,13120,東京都,練馬区,桜台,桜台(東京),3,33000000,２ＬＤＫ,60,1981年,ＳＲＣ,,,商業,,,2026年第1四半期,,
中古マンション等,成約価格情報,13120,東京都,練馬区,桜台,桜台(東京),3,9000000,１Ｒ,20,1986年,ＲＣ,,,商業,,,2026年第1四半期,,
中古マンション等,成約価格情報,13120,東京都,練馬区,桜台,新桜台,,13000000,１Ｋ,25,1989年,ＲＣ,,,１種住居,,,2026年第1四半期,,
中古マンション等,成約価格情報,13120,東京都,練馬区,桜台,桜台(東京),5,13000000,１Ｋ,25,1993年,ＲＣ,,,商業,,,2026年第1四半期,,
中古マンション等,成約価格情報,13120,東京都,練馬区,桜台,桜台(東京),7,27000000,１ＬＤＫ,35,1983年,ＲＣ,,,準住居,,,2026年第1四半期,,
中古マンション等,成約価格情報,13120,東京都,練馬区,石神井町,石神井公園,8,38000000,３ＤＫ,60,1986年,ＲＣ,,,１中住専,,,2026年第1四半期,,
中古マンション等,成約価格情報,13120,東京都,練馬区,石神井町,石神井公園,4,81000000,２ＬＤＫ,70,2005年,ＲＣ,,,近隣商業,,,2026年第1四半期,,
中古マンション等,成約価格情報,13120,東京都,練馬区,石神井町,練馬高野台,4,7200000,１Ｒ,20,1984年,ＲＣ,,,準住居,,,2026年第1四半期,,
中古マンション等,成約価格情報,13120,東京都,練馬区,石神井町,石神井公園,3,100000000,３ＬＤＫ,70,2012年,鉄骨造,,,商業,,,2026年第1四半期,,
中古マンション等,成約価格情報,13120,東京都,練馬区,石神井町,石神井公園,13,57000000,３ＬＤＫ,65,2001年,ＲＣ,,,１中住専,,,2026年第1四半期,改装済み,
中古マンション等,成約価格情報,13120,東京都,練馬区,石神井町,練馬高野台,3,47000000,３ＤＫ,60,1986年,ＲＣ,,,準工業,,,2026年第1四半期,,
中古マンション等,成約価格情報,13120,東京都,練馬区,石神井町,石神井公園,8,110000000,２ＬＤＫ,75,2022年,ＲＣ,,,１低住専,,,2026年第1四半期,,
中古マンション等,成約価格情報,13120,東京都,練馬区,石神井町,石神井公園,2,78000000,２ＬＤＫ,65,2011年,ＲＣ,,,近隣商業,,,2026年第1四半期,,
中古マンション等,成約価格情報,13120,東京都,練馬区,関町東,武蔵関,6,18000000,３ＤＫ,40,1986年,ＲＣ,,,１中住専,,,2026年第1四半期,,
中古マンション等,成約価格情報,13120,東京都,練馬区,関町東,武蔵関,9,58000000,３ＬＤＫ,75,2000年,ＲＣ,,,１中住専,,,2026年第1四半期,,
中古マンション等,成約価格情報,13120,東京都,練馬区,田柄,地下鉄赤塚,6,72000000,３ＬＤＫ,85,2004年,ＲＣ,,,１中住専,,,2026年第1四半期,,
中古マンション等,成約価格情報,13120,東京都,練馬区,田柄,光が丘,7,67000000,３ＬＤＫ,65,1999年,ＲＣ,,,１種住居,,,2026年第1四半期,,
中古マンション等,成約価格情報,13120,東京都,練馬区,田柄,地下鉄赤塚,5,63000000,３ＬＤＫ,80,2004年,ＲＣ,,,１中住専,,,2026年第1四半期,,
中古マンション等,成約価格情報,13120,東京都,練馬区,豊玉北,練馬,6,62000000,２ＬＤＫ,70,2008年,ＳＲＣ,,,商業,,,2026年第1四半期,,
中古マンション等,成約価格情報,13120,東京都,練馬区,豊玉北,練馬,6,29000000,３ＬＤＫ,95,1970年,ＲＣ,,,近隣商業,,,2026年第1四半期,,
中古マンション等,成約価格情報,13120,東京都,練馬区,豊玉北,新江古田,7,19000000,１Ｋ,20,2006年,ＲＣ,,,１中住専,,,2026年第1四半期,,
中古マンション等,成約価格情報,13120,東京都,練馬区,豊玉北,練馬,3,45000000,１ＬＤＫ,45,1989年,ＳＲＣ,,,商業,,,2026年第1四半期,,
中古マンション等,成約価格情報,13120,東京都,練馬区,豊玉北,練馬,6,11000000,１Ｋ,20,1993年,ＲＣ,,,１低住専,,,2026年第1四半期,改装済み,
中古マンション等,成約価格情報,13120,東京都,練馬区,豊玉北,練馬,3,13000000,１Ｒ,25,1989年,ＳＲＣ,,,商業,,,2026年第1四半期,,
中古マンション等,成約価格情報,13120,東京都,練馬区,豊玉北,練馬,4,65000000,３ＬＤＫ,75,1986年,ＳＲＣ,,,商業,,,2026年第1四半期,,
中古マンション等,成約価格情報,13120,東京都,練馬区,豊玉北,桜台(東京),9,21000000,１Ｒ,20,2012年,ＲＣ,,,１種住居,,,2026年第1四半期,,
中古マンション等,成約価格情報,13120,東京都,練馬区,錦,上板橋,10,36000000,２ＬＤＫ,65,1999年,ＲＣ,,,１低住専,,,2026年第1四半期,,
中古マンション等,成約価格情報,13120,東京都,練馬区,錦,上板橋,12,17000000,３ＬＤＫ,65,1982年,ＲＣ,,,準工業,,,2026年第1四半期,,
中古マンション等,成約価格情報,13120,東京都,練馬区,錦,東武練馬,11,72000000,３ＬＤＫ,70,2014年,ＲＣ,,,１種住居,,,2026年第1四半期,,
中古マンション等,成約価格情報,13120,東京都,練馬区,錦,上板橋,11,8200000,１Ｋ,30,1988年,ＲＣ,,,１種住居,,,2026年第1四半期,,
中古マンション等,成約価格情報,13120,東京都,練馬区,東大泉,大泉学園,4,9800000,１Ｒ,20,1989年,ＲＣ,,,１中住専,,,2026年第1四半期,,
中古マンション等,成約価格情報,13120,東京都,練馬区,東大泉,大泉学園,8,55000000,３ＬＤＫ,75,1997年,ＲＣ,,,１低住専,,,2026年第1四半期,,
中古マンション等,成約価格情報,13120,東京都,練馬区,東大泉,大泉学園,14,42000000,２ＬＤＫ,65,2008年,ＲＣ,,,１中住専,,,2026年第1四半期,,
中古マンション等,成約価格情報,13120,東京都,練馬区,東大泉,大泉学園,11,65000000,３ＬＤＫ,75,2005年,ＲＣ,,,１種住居,,,2026年第1四半期,,
中古マンション等,成約価格情報,13120,東京都,練馬区,東大泉,大泉学園,2,110000000,２ＬＤＫ,75,2010年,ＲＣ,,,商業,,,2026年第1四半期,,
中古マンション等,成約価格情報,13120,東京都,練馬区,東大泉,大泉学園,13,74000000,３ＬＤＫ,75,2015年,ＲＣ,,,１中住専,,,2026年第1四半期,,
中古マンション等,成約価格情報,13120,東京都,練馬区,東大泉,大泉学園,5,35000000,２ＬＤＫ,50,1986年,ＲＣ,,,１種住居,,,2026年第1四半期,,
中古マンション等,成約価格情報,13120,東京都,練馬区,光が丘,光が丘,10,69000000,３ＬＤＫ,95,1988年,ＲＣ,,,１中住専,,,2026年第1四半期,,
中古マンション等,成約価格情報,13120,東京都,練馬区,光が丘,光が丘,9,56000000,３ＬＤＫ,95,1988年,ＲＣ,,,１中住専,,,2026年第1四半期,,
中古マンション等,成約価格情報,13120,東京都,練馬区,光が丘,地下鉄赤塚,10,40000000,３ＬＤＫ,75,1983年,ＳＲＣ,,,１中住専,,,2026年第1四半期,,
中古マンション等,成約価格情報,13120,東京都,練馬区,光が丘,光が丘,2,86000000,３ＬＤＫ,85,1991年,ＲＣ,,,１中住専,,,2026年第1四半期,,
中古マンション等,成約価格情報,13120,東京都,練馬区,光が丘,光が丘,8,45000000,３ＬＤＫ,80,1985年,ＲＣ,,,１中住専,,,2026年第1四半期,,
中古マンション等,成約価格情報,13120,東京都,練馬区,光が丘,光が丘,6,68000000,３ＬＤＫ,80,1983年,ＳＲＣ,,,１中住専,,,2026年第1四半期,,
中古マンション等,成約価格情報,13120,東京都,練馬区,光が丘,光が丘,12,54000000,１ＬＤＫ,60,1998年,ＲＣ,,,１中住専,,,2026年第1四半期,,
中古マンション等,成約価格情報,13120,東京都,練馬区,光が丘,光が丘,7,47000000,２ＬＤＫ,70,1987年,ＳＲＣ,,,１中住専,,,2026年第1四半期,,
中古マンション等,成約価格情報,13120,東京都,練馬区,光が丘,光が丘,8,35000000,３ＬＤＫ,80,1985年,ＲＣ,,,１中住専,,,2026年第1四半期,,
中古マンション等,成約価格情報,13120,東京都,練馬区,光が丘,光が丘,3,43000000,３ＬＤＫ,85,1986年,ＲＣ,,,１中住専,,,2026年第1四半期,,
中古マンション等,成約価格情報,13120,東京都,練馬区,光が丘,光が丘,2,58000000,３ＤＫ,65,1991年,ＲＣ,,,１中住専,,,2026年第1四半期,,
中古マンション等,成約価格情報,13120,東京都,練馬区,光が丘,光が丘,6,54000000,３ＬＤＫ,80,1985年,ＳＲＣ,,,１中住専,,,2026年第1四半期,,
中古マンション等,成約価格情報,13120,東京都,練馬区,光が丘,光が丘,3,67000000,３ＬＤＫ,85,1987年,ＳＲＣ,,,１中住専,,,2026年第1四半期,,
中古マンション等,成約価格情報,13120,東京都,練馬区,光が丘,光が丘,3,57000000,２ＬＤＫ,75,1987年,ＳＲＣ,,,１中住専,,,2026年第1四半期,,
中古マンション等,成約価格情報,13120,東京都,練馬区,光が丘,光が丘,3,56000000,３ＬＤＫ,85,1986年,ＲＣ,,,１中住専,,,2026年第1四半期,改装済み,
中古マンション等,成約価格情報,13120,東京都,練馬区,旭丘,江古田,8,54000000,２ＬＤＫ,60,2010年,ＲＣ,,,近隣商業,,,2026年第1四半期,,
中古マンション等,成約価格情報,13120,東京都,練馬区,旭丘,江古田,4,20000000,１Ｋ,25,2007年,ＲＣ,,,近隣商業,,,2026年第1四半期,,
中古マンション等,成約価格情報,13120,東京都,練馬区,旭丘,江古田,4,8500000,２Ｋ,30,1973年,ＲＣ,,,１中住専,,,2026年第1四半期,,
中古マンション等,成約価格情報,13120,東京都,練馬区,旭町,地下鉄成増,6,64000000,３ＬＤＫ,75,1995年,ＲＣ,,,１中住専,,,2026年第1四半期,,
中古マンション等,成約価格情報,13120,東京都,練馬区,旭町,地下鉄成増,9,63000000,２ＬＤＫ,60,2019年,ＲＣ,,,１中住専,,,2026年第1四半期,,
中古マンション等,成約価格情報,13120,東京都,練馬区,旭町,光が丘,19,45000000,２ＬＤＫ,70,2005年,ＲＣ,,,近隣商業,,,2026年第1四半期,改装済み,
中古マンション等,成約価格情報,13120,東京都,練馬区,旭町,地下鉄成増,7,7900000,１Ｒ,20,1992年,ＲＣ,,,１低住専,,,2026年第1四半期,,
中古マンション等,成約価格情報,13120,東京都,練馬区,旭町,地下鉄成増,7,7800000,１Ｒ,20,1992年,ＲＣ,,,１低住専,,,2026年第1四半期,,
中古マンション等,成約価格情報,13120,東京都,練馬区,旭町,地下鉄成増,9,42000000,３ＬＤＫ,70,1999年,ＲＣ,,,１中住専,,,2026年第1四半期,,
中古マンション等,成約価格情報,13120,東京都,練馬区,春日町,練馬春日町,4,55000000,２ＬＤＫ,60,1998年,ＲＣ,,,１中住専,,,2026年第1四半期,,
中古マンション等,成約価格情報,13120,東京都,練馬区,春日町,練馬春日町,1,65000000,１ＬＤＫ,65,1996年,ＲＣ,,,近隣商業,,,2026年第1四半期,,
中古マンション等,成約価格情報,13120,東京都,練馬区,春日町,練馬春日町,6,74000000,３ＬＤＫ,80,2004年,ＲＣ,,,１低住専,,,2026年第1四半期,,
中古マンション等,成約価格情報,13120,東京都,練馬区,春日町,練馬春日町,7,85000000,３ＬＤＫ,70,2022年,ＲＣ,,,１低住専,,,2026年第1四半期,,
中古マンション等,成約価格情報,13120,東京都,練馬区,春日町,練馬春日町,2,54000000,３ＬＤＫ,75,1999年,ＲＣ,,,１種住居,,,2026年第1四半期,,
中古マンション等,成約価格情報,13120,東京都,練馬区,春日町,練馬春日町,2,59000000,３ＬＤＫ,70,1999年,ＲＣ,,,近隣商業,,,2026年第1四半期,,
中古マンション等,成約価格情報,13120,東京都,練馬区,栄町,江古田,3,40000000,１ＬＤＫ,40,2004年,ＲＣ,,,１種住居,,,2026年第1四半期,,
中古マンション等,成約価格情報,13120,東京都,練馬区,栄町,江古田,1,36000000,２ＤＫ,35,2021年,ＲＣ,,,商業,,,2026年第1四半期,,
中古マンション等,成約価格情報,13120,東京都,練馬区,下石神井,上井草,6,23000000,２ＬＤＫ＋Ｓ,55,1996年,ＲＣ,,,１種住居,,,2026年第1四半期,,
中古マンション等,成約価格情報,13120,東京都,練馬区,高松,光が丘,12,67000000,３ＬＤＫ,70,2015年,ＲＣ,,,１低住専,,,2026年第1四半期,,
中古マンション等,成約価格情報,13120,東京都,練馬区,高松,光が丘,13,52000000,３ＬＤＫ,75,1999年,ＲＣ,,,１中住専,,,2026年第1四半期,,
中古マンション等,成約価格情報,13120,東京都,練馬区,高松,富士見台,19,36000000,２ＬＤＫ＋Ｓ,75,1999年,ＲＣ,,,準工業,,,2026年第1四半期,,
中古マンション等,成約価格情報,13120,東京都,練馬区,中村,中村橋,11,57000000,３ＬＤＫ,85,1983年,ＲＣ,,,１低住専,,,2026年第1四半期,,
中古マンション等,成約価格情報,13120,東京都,練馬区,中村,練馬,9,82000000,３ＬＤＫ,85,2004年,ＲＣ,,,１種住居,,,2026年第1四半期,,
中古マンション等,成約価格情報,13120,東京都,練馬区,中村,中村橋,12,70000000,３ＬＤＫ,80,2015年,ＲＣ,,,１中住専,,,2026年第1四半期,,
中古マンション等,成約価格情報,13120,東京都,練馬区,練馬,練馬,6,42000000,１ＬＤＫ,35,2021年,ＲＣ,,,１種住居,,,2026年第1四半期,,
中古マンション等,成約価格情報,13120,東京都,練馬区,練馬,練馬,1,63000000,１ＬＤＫ＋Ｓ,45,2021年,ＲＣ,,,商業,,,2026年第1四半期,,
中古マンション等,成約価格情報,13120,東京都,練馬区,練馬,練馬,5,42000000,１ＬＤＫ,50,1986年,ＳＲＣ,,,商業,,,2026年第1四半期,改装済み,
中古マンション等,成約価格情報,13120,東京都,練馬区,練馬,豊島園,1,20000000,１Ｋ,30,2013年,ＲＣ,,,近隣商業,,,2026年第1四半期,,
中古マンション等,成約価格情報,13120,東京都,練馬区,羽沢,氷川台,10,120000000,４ＬＤＫ,95,2024年,ＲＣ,,,１中住専,,,2026年第1四半期,,
中古マンション等,成約価格情報,13120,東京都,練馬区,平和台,氷川台,11,76000000,３ＬＤＫ,70,2020年,ＲＣ,,,１低住専,,,2026年第1四半期,,
中古マンション等,成約価格情報,13120,東京都,練馬区,平和台,平和台(東京),15,40000000,３ＬＤＫ,65,1991年,ＳＲＣ,,,１低住専,,,2026年第1四半期,,
中古マンション等,成約価格情報,13120,東京都,練馬区,平和台,氷川台,11,80000000,３ＬＤＫ,75,2020年,ＲＣ,,,１低住専,,,2026年第1四半期,,
中古マンション等,成約価格情報,13120,東京都,練馬区,平和台,平和台(東京),5,49000000,３ＬＤＫ,80,2001年,ＲＣ,,,１低住専,,,2026年第1四半期,,
中古マンション等,成約価格情報,13120,東京都,練馬区,南田中,練馬高野台,6,28000000,１ＬＤＫ,40,1991年,ＲＣ,,,準住居,,,2026年第1四半期,,
中古マンション等,成約価格情報,13120,東京都,練馬区,谷原,練馬高野台,14,21000000,１Ｋ,25,2006年,ＲＣ,,,近隣商業,,,2026年第1四半期,,
中古マンション等,成約価格情報,13120,東京都,練馬区,谷原,光が丘,16,40000000,２ＬＤＫ,65,2006年,ＲＣ,,,近隣商業,,,2026年第1四半期,,
中古マンション等,成約価格情報,13120,東京都,練馬区,谷原,石神井公園,15,50000000,３ＬＤＫ,70,2005年,ＲＣ,,,準住居,,,2026年第1四半期,,
中古マンション等,不動産取引価格情報,13120,東京都,練馬区,旭丘,江古田,7,22000000,１Ｋ,20,2006年,ＲＣ,住宅,住宅,１中住専,60,200,2026年第1四半期,,
中古マンション等,不動産取引価格情報,13120,東京都,練馬区,旭町,地下鉄成増,3,30000000,１Ｋ,25,2020年,ＲＣ,住宅,住宅,近隣商業,80,300,2026年第1四半期,未改装,
中古マンション等,不動産取引価格情報,13120,東京都,練馬区,春日町,練馬春日町,6,68000000,３ＬＤＫ,70,2004年,ＲＣ,住宅,住宅,１低住専,50,100,2026年第1四半期,未改装,
中古マンション等,不動産取引価格情報,13120,東京都,練馬区,春日町,練馬春日町,6,18000000,１Ｋ,20,2008年,ＲＣ,住宅,住宅,１種住居,60,300,2026年第1四半期,未改装,
中古マンション等,不動産取引価格情報,13120,東京都,練馬区,上石神井,上井草,13,40000000,２ＬＤＫ,55,2001年,ＲＣ,住宅,住宅,１種住居,60,300,2026年第1四半期,未改装,
中古マンション等,不動産取引価格情報,13120,東京都,練馬区,上石神井,上石神井,10,23000000,１Ｋ,25,2020年,ＲＣ,住宅,住宅,近隣商業,80,300,2026年第1四半期,,
中古マンション等,不動産取引価格情報,13120,東京都,練馬区,上石神井,上石神井,8,12000000,１Ｋ,20,1988年,ＲＣ,住宅,住宅,１種住居,60,300,2026年第1四半期,,
中古マンション等,不動産取引価格情報,13120,東京都,練馬区,上石神井,上石神井,9,19000000,１Ｋ,20,2012年,ＲＣ,,住宅,近隣商業,80,300,2026年第1四半期,未改装,
中古マンション等,不動産取引価格情報,13120,東京都,練馬区,北町,地下鉄赤塚,7,32000000,２ＬＤＫ,55,1980年,ＲＣ,住宅,住宅,準工業,60,200,2026年第1四半期,改装済み,
中古マンション等,不動産取引価格情報,13120,東京都,練馬区,北町,東武練馬,5,39000000,２ＬＤＫ,65,1998年,ＲＣ,住宅,住宅,準工業,60,200,2026年第1四半期,未改装,
中古マンション等,不動産取引価格情報,13120,東京都,練馬区,北町,平和台(東京),5,85000000,３ＬＤＫ,65,2022年,ＲＣ,住宅,住宅,１中住専,60,150,2026年第1四半期,未改装,
中古マンション等,不動産取引価格情報,13120,東京都,練馬区,小竹町,小竹向原,1,24000000,１Ｋ,20,2010年,ＲＣ,住宅,住宅,１中住専,60,200,2026年第1四半期,,
中古マンション等,不動産取引価格情報,13120,東京都,練馬区,栄町,江古田,3,50000000,３ＬＤＫ,70,2000年,ＲＣ,,住宅,商業,80,500,2026年第1四半期,未改装,
中古マンション等,不動産取引価格情報,13120,東京都,練馬区,栄町,江古田,1,45000000,２ＤＫ,30,2021年,ＲＣ,住宅,住宅,商業,80,500,2026年第1四半期,,
中古マンション等,不動産取引価格情報,13120,東京都,練馬区,桜台,桜台(東京),5,25000000,１Ｋ,25,2014年,ＲＣ,住宅,その他,近隣商業,80,300,2026年第1四半期,,
中古マンション等,不動産取引価格情報,13120,東京都,練馬区,桜台,桜台(東京),5,16000000,１Ｋ,20,1993年,ＲＣ,住宅,住宅,商業,80,400,2026年第1四半期,未改装,
中古マンション等,不動産取引価格情報,13120,東京都,練馬区,石神井町,石神井公園,2,100000000,３ＬＤＫ,70,2012年,ＲＣ,住宅,住宅,商業,80,500,2026年第1四半期,改装済み,
中古マンション等,不動産取引価格情報,13120,東京都,練馬区,石神井町,石神井公園,9,38000000,,55,1986年,ＲＣ,住宅,住宅,１種住居,60,200,2026年第1四半期,改装済み,
中古マンション等,不動産取引価格情報,13120,東京都,練馬区,石神井町,石神井公園,2,97000000,３ＬＤＫ,75,2002年,ＳＲＣ,住宅,住宅,商業,80,500,2026年第1四半期,未改装,
中古マンション等,不動産取引価格情報,13120,東京都,練馬区,石神井町,石神井公園,14,57000000,３ＬＤＫ,60,2001年,ＲＣ,,住宅,１中住専,60,200,2026年第1四半期,改装済み,
中古マンション等,不動産取引価格情報,13120,東京都,練馬区,関町北,武蔵関,4,19000000,２ＬＤＫ,45,1984年,ＲＣ,住宅,住宅,１中住専,60,200,2026年第1四半期,未改装,
中古マンション等,不動産取引価格情報,13120,東京都,練馬区,関町北,武蔵関,4,24000000,１Ｋ,25,2017年,ＲＣ,住宅,住宅,１中住専,50,150,2026年第1四半期,未改装,
中古マンション等,不動産取引価格情報,13120,東京都,練馬区,関町北,武蔵関,4,28000000,１Ｋ,25,2016年,ＲＣ,住宅,その他,近隣商業,80,400,2026年第1四半期,,
中古マンション等,不動産取引価格情報,13120,東京都,練馬区,関町東,武蔵関,8,57000000,３ＬＤＫ,70,2000年,ＲＣ,住宅,住宅,１中住専,60,200,2026年第1四半期,未改装,
中古マンション等,不動産取引価格情報,13120,東京都,練馬区,関町南,上石神井,9,29000000,１Ｋ,25,2018年,ＲＣ,住宅,住宅,近隣商業,80,300,2026年第1四半期,未改装,
中古マンション等,不動産取引価格情報,13120,東京都,練馬区,関町南,武蔵関,11,8000000,１ＤＫ,25,1985年,ＲＣ,住宅,住宅,近隣商業,80,300,2026年第1四半期,未改装,
中古マンション等,不動産取引価格情報,13120,東京都,練馬区,関町南,武蔵関,10,19000000,１Ｋ,15,1997年,ＲＣ,住宅,住宅,近隣商業,80,300,2026年第1四半期,,
中古マンション等,不動産取引価格情報,13120,東京都,練馬区,高野台,石神井公園,9,41000000,３ＬＤＫ,65,1998年,ＲＣ,住宅,住宅,１種住居,60,200,2026年第1四半期,未改装,
中古マンション等,不動産取引価格情報,13120,東京都,練馬区,高野台,練馬高野台,9,76000000,３ＬＤＫ,65,2020年,ＲＣ,住宅,住宅,２種住居,60,200,2026年第1四半期,未改装,
中古マンション等,不動産取引価格情報,13120,東京都,練馬区,土支田,光が丘,15,52000000,２ＬＤＫ,55,2006年,ＲＣ,住宅,住宅,１中住専,60,200,2026年第1四半期,改装済み,
中古マンション等,不動産取引価格情報,13120,東京都,練馬区,豊玉上,練馬,6,33000000,２ＬＤＫ,50,1984年,ＳＲＣ,住宅,住宅,商業,80,500,2026年第1四半期,未改装,
中古マンション等,不動産取引価格情報,13120,東京都,練馬区,豊玉北,新江古田,4,23000000,１Ｋ,25,2018年,ＲＣ,住宅,住宅,準工業,60,200,2026年第1四半期,未改装,調停・競売等
中古マンション等,不動産取引価格情報,13120,東京都,練馬区,豊玉北,新江古田,6,28000000,１Ｋ,25,2016年,ＲＣ,住宅,住宅,１中住専,60,200,2026年第1四半期,,
中古マンション等,不動産取引価格情報,13120,東京都,練馬区,豊玉北,新江古田,10,14000000,２ＤＫ,35,1976年,ＲＣ,住宅,住宅,１種住居,60,200,2026年第1四半期,未改装,
中古マンション等,不動産取引価格情報,13120,東京都,練馬区,豊玉北,新江古田,7,19000000,１Ｋ,20,2006年,ＲＣ,住宅,住宅,１中住専,60,200,2026年第1四半期,,
中古マンション等,不動産取引価格情報,13120,東京都,練馬区,豊玉北,新江古田,10,21000000,,20,2006年,ＲＣ,住宅,,１種住居,60,200,2026年第1四半期,,
中古マンション等,不動産取引価格情報,13120,東京都,練馬区,豊玉北,練馬,8,20000000,１Ｋ,20,2009年,ＲＣ,住宅,住宅,１種住居,60,200,2026年第1四半期,未改装,
中古マンション等,不動産取引価格情報,13120,東京都,練馬区,豊玉北,練馬,7,24000000,１Ｋ,20,2009年,ＲＣ,住宅,住宅,商業,80,500,2026年第1四半期,,
中古マンション等,不動産取引価格情報,13120,東京都,練馬区,豊玉北,練馬,6,54000000,３ＬＤＫ,70,1995年,ＲＣ,住宅,住宅,１中住専,60,200,2026年第1四半期,未改装,
中古マンション等,不動産取引価格情報,13120,東京都,練馬区,豊玉北,練馬,5,26000000,１Ｋ,20,2007年,ＲＣ,住宅,住宅,商業,80,600,2026年第1四半期,未改装,
中古マンション等,不動産取引価格情報,13120,東京都,練馬区,豊玉南,沼袋,14,24000000,１Ｋ,20,2012年,ＲＣ,住宅,住宅,１中住専,60,200,2026年第1四半期,,
中古マンション等,不動産取引価格情報,13120,東京都,練馬区,豊玉南,野方,12,46000000,２ＬＤＫ,55,,ＲＣ,住宅,住宅,準住居,60,300,2026年第1四半期,改装済み,
中古マンション等,不動産取引価格情報,13120,東京都,練馬区,中村,練馬,13,28000000,３ＬＤＫ,65,1977年,ＲＣ,住宅,住宅,１種住居,60,200,2026年第1四半期,改装済み,
中古マンション等,不動産取引価格情報,13120,東京都,練馬区,中村北,中村橋,3,17000000,１Ｋ,20,2006年,ＲＣ,住宅,住宅,商業,80,500,2026年第1四半期,未改装,
中古マンション等,不動産取引価格情報,13120,東京都,練馬区,中村北,中村橋,2,26000000,オープンフロア,65,1985年,ＳＲＣ,店舗,店舗,商業,80,500,2026年第1四半期,改装済み,
中古マンション等,不動産取引価格情報,13120,東京都,練馬区,中村北,中村橋,2,38000000,１ＤＫ,25,2024年,ＲＣ,住宅,住宅,商業,80,500,2026年第1四半期,未改装,
中古マンション等,不動産取引価格情報,13120,東京都,練馬区,中村北,中村橋,5,20000000,１ＤＫ,30,1976年,ＲＣ,住宅,住宅,１中住専,60,200,2026年第1四半期,改装済み,
中古マンション等,不動産取引価格情報,13120,東京都,練馬区,中村北,練馬,7,19000000,１ＤＫ,30,1985年,ＳＲＣ、ＲＣ,,その他,商業,80,500,2026年第1四半期,未改装,
中古マンション等,不動産取引価格情報,13120,東京都,練馬区,中村北,練馬,7,69000000,３ＬＤＫ,60,1995年,ＳＲＣ,住宅,,商業,80,500,2026年第1四半期,改装済み,
中古マンション等,不動産取引価格情報,13120,東京都,練馬区,中村南,都立家政,6,40000000,１Ｋ,25,2025年,ＲＣ,住宅,住宅,１低住専,60,200,2026年第1四半期,未改装,
中古マンション等,不動産取引価格情報,13120,東京都,練馬区,中村南,都立家政,7,24000000,３ＬＤＫ,45,1996年,ＲＣ,住宅,住宅,１低住専,60,200,2026年第1四半期,未改装,
中古マンション等,不動産取引価格情報,13120,東京都,練馬区,中村南,都立家政,7,24000000,３ＬＤＫ,45,1996年,ＲＣ,住宅,住宅,１低住専,60,200,2026年第1四半期,未改装,
中古マンション等,不動産取引価格情報,13120,東京都,練馬区,中村南,中村橋,10,75000000,３ＬＤＫ,90,2000年,ＲＣ,住宅,住宅,１低住専,60,200,2026年第1四半期,改装済み,
中古マンション等,不動産取引価格情報,13120,東京都,練馬区,西大泉,大泉学園,9,46000000,３ＬＤＫ,60,1996年,ＲＣ,住宅,住宅,近隣商業,80,300,2026年第1四半期,改装済み,
中古マンション等,不動産取引価格情報,13120,東京都,練馬区,錦,上板橋,9,24000000,１ＤＫ,30,2007年,ＲＣ,住宅,住宅,１種住居,60,200,2026年第1四半期,,
中古マンション等,不動産取引価格情報,13120,東京都,練馬区,貫井,中村橋,4,78000000,２ＬＤＫ,55,2022年,ＲＣ,,住宅,１種住居,60,200,2026年第1四半期,未改装,
中古マンション等,不動産取引価格情報,13120,東京都,練馬区,貫井,中村橋,5,36000000,１ＤＫ,25,2025年,ＲＣ,,住宅,１種住居,60,200,2026年第1四半期,改装済み,
中古マンション等,不動産取引価格情報,13120,東京都,練馬区,貫井,中村橋,7,21000000,１Ｋ,20,2012年,ＲＣ,住宅,住宅,準工業,60,200,2026年第1四半期,未改装,
中古マンション等,不動産取引価格情報,13120,東京都,練馬区,貫井,富士見台,5,21000000,１Ｋ,25,2002年,ＲＣ,住宅,住宅,準工業,60,200,2026年第1四半期,,
中古マンション等,不動産取引価格情報,13120,東京都,練馬区,貫井,富士見台,4,41000000,３ＬＤＫ,55,1973年,ＳＲＣ,住宅,住宅,１種住居,60,200,2026年第1四半期,改装済み,
中古マンション等,不動産取引価格情報,13120,東京都,練馬区,練馬,豊島園,3,40000000,２ＬＤＫ,50,1973年,ＳＲＣ,住宅,住宅,商業,80,500,2026年第1四半期,改装済み,
中古マンション等,不動産取引価格情報,13120,東京都,練馬区,練馬,練馬,6,64000000,３ＬＤＫ,55,1994年,ＳＲＣ,住宅,住宅,商業,80,500,2026年第1四半期,改装済み,
中古マンション等,不動産取引価格情報,13120,東京都,練馬区,羽沢,新桜台,1,25000000,１ＬＤＫ,30,2006年,ＲＣ,,住宅,近隣商業,80,300,2026年第1四半期,,
中古マンション等,不動産取引価格情報,13120,東京都,練馬区,羽沢,氷川台,9,66000000,３ＬＤＫ,60,2018年,ＲＣ,住宅,住宅,１中住専,60,200,2026年第1四半期,未改装,
中古マンション等,不動産取引価格情報,13120,東京都,練馬区,早宮,平和台(東京),5,25000000,１Ｋ,20,2012年,ＲＣ,住宅,その他,近隣商業,80,300,2026年第1四半期,,
中古マンション等,不動産取引価格情報,13120,東京都,練馬区,東大泉,大泉学園,7,30000000,１Ｋ,25,2018年,ＲＣ,住宅,住宅,１種住居,60,200,2026年第1四半期,未改装,
中古マンション等,不動産取引価格情報,13120,東京都,練馬区,東大泉,大泉学園,6,83000000,３ＬＤＫ,70,2016年,ＲＣ,,住宅,１低住専,50,100,2026年第1四半期,未改装,
中古マンション等,不動産取引価格情報,13120,東京都,練馬区,光が丘,光が丘,3,53000000,２ＬＤＫ,90,1986年,ＲＣ,住宅,住宅,１中住専,60,200,2026年第1四半期,未改装,
中古マンション等,不動産取引価格情報,13120,東京都,練馬区,光が丘,光が丘,6,61000000,２ＬＤＫ,60,1984年,ＳＲＣ,,住宅,１中住専,60,200,2026年第1四半期,改装済み,
中古マンション等,不動産取引価格情報,13120,東京都,練馬区,氷川台,氷川台,4,77000000,３ＬＤＫ,80,1984年,ＲＣ,住宅,住宅,準工業,60,200,2026年第1四半期,改装済み,
中古マンション等,不動産取引価格情報,13120,東京都,練馬区,氷川台,氷川台,4,9700000,１Ｋ,15,1988年,ＲＣ,住宅,住宅,１低住専,60,200,2026年第1四半期,未改装,
中古マンション等,不動産取引価格情報,13120,東京都,練馬区,平和台,氷川台,10,19000000,１Ｋ,25,2006年,ＲＣ,住宅,住宅,１低住専,60,200,2026年第1四半期,,
中古マンション等,不動産取引価格情報,13120,東京都,練馬区,平和台,平和台(東京),8,28000000,１Ｋ,25,2017年,ＲＣ,住宅,住宅,近隣商業,80,300,2026年第1四半期,,
中古マンション等,不動産取引価格情報,13120,東京都,練馬区,南大泉,保谷,10,35000000,３ＬＤＫ,65,1994年,ＲＣ,,住宅,１中住専,60,200,2026年第1四半期,未改装,
中古マンション等,不動産取引価格情報,13120,東京都,練馬区,南田中,井荻,9,57000000,３ＬＤＫ,75,2003年,ＲＣ,住宅,住宅,１中住専,60,200,2026年第1四半期,未改装,
中古マンション等,不動産取引価格情報,13120,東京都,練馬区,三原台,石神井公園,16,64000000,４ＬＤＫ,80,2006年,ＲＣ,住宅,住宅,準工業,50,100,2026年第1四半期,改装済み,
中古マンション等,成約価格情報,13121,東京都,足立区,綾瀬,綾瀬,3,75000000,２ＬＤＫ＋Ｓ,65,2017年,ＲＣ,,,商業,,,2026年第1四半期,,
中古マンション等,成約価格情報,13121,東京都,足立区,綾瀬,北綾瀬,7,20000000,２ＬＤＫ,55,1981年,ＲＣ,,,１種住居,,,2026年第1四半期,,
中古マンション等,成約価格情報,13121,東京都,足立区,綾瀬,北綾瀬,11,22000000,２ＤＫ,45,1983年,ＲＣ,,,１種住居,,,2026年第1四半期,,
中古マンション等,成約価格情報,13121,東京都,足立区,綾瀬,綾瀬,8,48000000,３ＬＤＫ,75,2000年,ＲＣ,,,１中住専,,,2026年第1四半期,,
中古マンション等,成約価格情報,13121,東京都,足立区,綾瀬,綾瀬,6,34000000,３ＬＤＫ,70,1996年,ＲＣ,,,１種住居,,,2026年第1四半期,,
中古マンション等,成約価格情報,13121,東京都,足立区,綾瀬,綾瀬,3,38000000,３ＤＫ,60,1987年,鉄骨造,,,近隣商業,,,2026年第1四半期,,
中古マンション等,成約価格情報,13121,東京都,足立区,綾瀬,綾瀬,12,64000000,３ＬＤＫ,70,2022年,ＲＣ,,,１種住居,,,2026年第1四半期,,
中古マンション等,成約価格情報,13121,東京都,足立区,綾瀬,綾瀬,4,27000000,２ＤＫ,55,1987年,ＳＲＣ,,,近隣商業,,,2026年第1四半期,,
中古マンション等,成約価格情報,13121,東京都,足立区,綾瀬,綾瀬,4,100000000,３ＬＤＫ,75,2023年,ＲＣ,,,１種住居,,,2026年第1四半期,,
中古マンション等,成約価格情報,13121,東京都,足立区,綾瀬,綾瀬,3,46000000,２ＬＤＫ,65,1996年,ＳＲＣ,,,商業,,,2026年第1四半期,,
中古マンション等,成約価格情報,13121,東京都,足立区,綾瀬,青井,9,26000000,２ＤＫ,50,1987年,ＲＣ,,,１種住居,,,2026年第1四半期,,
中古マンション等,成約価格情報,13121,東京都,足立区,栗原,大師前,3,21000000,３ＬＤＫ,60,1978年,ＳＲＣ,,,近隣商業,,,2026年第1四半期,,
中古マンション等,成約価格情報,13121,東京都,足立区,栗原,西新井,15,54000000,３ＬＤＫ,80,2003年,ＲＣ,,,１中住専,,,2026年第1四半期,,
中古マンション等,成約価格情報,13121,東京都,足立区,栗原,西新井,10,54000000,３ＬＤＫ,85,2003年,ＲＣ,,,２種住居,,,2026年第1四半期,,
中古マンション等,成約価格情報,13121,東京都,足立区,栗原,西新井,10,33000000,２ＬＤＫ,70,1978年,ＳＲＣ,,,近隣商業,,,2026年第1四半期,,
中古マンション等,成約価格情報,13121,東京都,足立区,栗原,西新井,14,35000000,１ＬＤＫ,45,2016年,ＲＣ,,,１種住居,,,2026年第1四半期,,
中古マンション等,成約価格情報,13121,東京都,足立区,古千谷本町,見沼代親水公園,11,25000000,２ＬＤＫ,55,2008年,ＲＣ,,,１低住専,,,2026年第1四半期,,
中古マンション等,成約価格情報,13121,東京都,足立区,千住仲町,北千住,7,43000000,２ＬＤＫ,55,1997年,ＳＲＣ,,,近隣商業,,,2026年第1四半期,,
中古マンション等,成約価格情報,13121,東京都,足立区,千住仲町,北千住,8,30000000,２ＬＤＫ,45,1978年,ＳＲＣ,,,近隣商業,,,2026年第1四半期,改装済み,
中古マンション等,成約価格情報,13121,東京都,足立区,千住宮元町,千住大橋,9,28000000,３ＤＫ,55,1980年,ＳＲＣ,,,準工業,,,2026年第1四半期,,
中古マンション等,成約価格情報,13121,東京都,足立区,千住元町,北千住,19,53000000,３ＬＤＫ,80,2014年,ＲＣ,,,１種住居,,,2026年第1四半期,,
中古マンション等,成約価格情報,13121,東京都,足立区,辰沼,北綾瀬,,16000000,２ＬＤＫ＋Ｓ,60,1988年,ＳＲＣ,,,準工業,,,2026年第1四半期,,
中古マンション等,成約価格情報,13121,東京都,足立区,中川,亀有,13,31000000,１Ｒ,65,1978年,ＳＲＣ,,,準工業,,,2026年第1四半期,,
中古マンション等,成約価格情報,13121,東京都,足立区,中川,亀有,5,11000000,２Ｋ,30,1987年,ＲＣ,,,１種住居,,,2026年第1四半期,,
中古マンション等,成約価格情報,13121,東京都,足立区,中川,亀有,5,75000000,３ＬＤＫ,70,2017年,ＲＣ,,,近隣商業,,,2026年第1四半期,,
中古マンション等,成約価格情報,13121,東京都,足立区,中川,亀有,5,79000000,３ＬＤＫ,70,2017年,ＲＣ,,,近隣商業,,,2026年第1四半期,,
中古マンション等,成約価格情報,13121,東京都,足立区,保木間,谷塚,13,21000000,１ＬＤＫ,50,1992年,ＳＲＣ,,,準工業,,,2026年第1四半期,,
中古マンション等,成約価格情報,13121,東京都,足立区,保木間,竹ノ塚,26,6000000,１Ｒ,20,1989年,ＲＣ,,,１中住専,,,2026年第1四半期,,
中古マンション等,成約価格情報,13121,東京都,足立区,保木間,六町,22,26000000,２ＬＤＫ＋Ｓ,60,1999年,ＲＣ,,,準住居,,,2026年第1四半期,,
中古マンション等,成約価格情報,13121,東京都,足立区,保木間,竹ノ塚,17,34000000,３ＬＤＫ,85,2004年,ＲＣ,,,１種住居,,,2026年第1四半期,,
中古マンション等,成約価格情報,13121,東京都,足立区,谷在家,谷在家,4,18000000,１Ｋ,30,2018年,ＲＣ,,,準工業,,,2026年第1四半期,,
中古マンション等,成約価格情報,13121,東京都,足立区,谷在家,谷在家,1,45000000,３ＬＤＫ,60,2023年,ＲＣ,,,近隣商業,,,2026年第1四半期,,
中古マンション等,成約価格情報,13121,東京都,足立区,梅島,西新井,4,42000000,３ＬＤＫ,60,2000年,ＲＣ,,,近隣商業,,,2026年第1四半期,,
中古マンション等,成約価格情報,13121,東京都,足立区,梅島,西新井,11,24000000,１Ｋ,30,2019年,ＲＣ,,,準工業,,,2026年第1四半期,,
中古マンション等,成約価格情報,13121,東京都,足立区,扇,扇大橋,7,24000000,３ＤＫ,65,1982年,ＳＲＣ,,,工業,,,2026年第1四半期,,
中古マンション等,成約価格情報,13121,東京都,足立区,扇,扇大橋,5,20000000,１ＤＫ,35,2010年,ＲＣ,,,１種住居,,,2026年第1四半期,,
中古マンション等,成約価格情報,13121,東京都,足立区,扇,扇大橋,7,49000000,３ＬＤＫ,75,2016年,ＲＣ,,,工業,,,2026年第1四半期,,
中古マンション等,成約価格情報,13121,東京都,足立区,興野,高野(東京),10,17000000,２ＬＤＫ,55,1989年,ＲＣ,,,１中住専,,,2026年第1四半期,,
中古マンション等,成約価格情報,13121,東京都,足立区,小台,田端,,21000000,３ＤＫ,65,1983年,ＳＲＣ,,,工業,,,2026年第1四半期,,
中古マンション等,成約価格情報,13121,東京都,足立区,小台,足立小台,2,44000000,３ＬＤＫ,65,2015年,鉄骨造,,,工業,,,2026年第1四半期,,
中古マンション等,成約価格情報,13121,東京都,足立区,小台,小台,11,48000000,３ＬＤＫ,70,2002年,ＳＲＣ,,,工業,,,2026年第1四半期,改装済み,
中古マンション等,成約価格情報,13121,東京都,足立区,小台,足立小台,4,28000000,３ＬＤＫ,70,1983年,ＳＲＣ,,,工業,,,2026年第1四半期,,
中古マンション等,成約価格情報,13121,東京都,足立区,加平,北綾瀬,8,52000000,３ＬＤＫ,80,2006年,ＲＣ,,,１種住居,,,2026年第1四半期,,
中古マンション等,成約価格情報,13121,東京都,足立区,加平,北綾瀬,6,33000000,３ＬＤＫ,70,2000年,ＲＣ,,,１種住居,,,2026年第1四半期,,
中古マンション等,成約価格情報,13121,東京都,足立区,加平,北綾瀬,3,34000000,３ＤＫ,60,1995年,ＳＲＣ,,,準住居,,,2026年第1四半期,改装済み,
中古マンション等,成約価格情報,13121,東京都,足立区,加平,北綾瀬,9,24000000,２ＬＤＫ,55,1992年,ＲＣ,,,１種住居,,,2026年第1四半期,,
中古マンション等,成約価格情報,13121,東京都,足立区,加平,北綾瀬,10,39000000,３ＬＤＫ,70,1994年,ＲＣ,,,１種住居,,,2026年第1四半期,改装済み,
中古マンション等,成約価格情報,13121,東京都,足立区,江北,江北(東京),4,30000000,２ＬＤＫ＋Ｓ,60,1979年,ＲＣ,,,１種住居,,,2026年第1四半期,改装済み,
中古マンション等,成約価格情報,13121,東京都,足立区,江北,江北(東京),9,50000000,３ＬＤＫ,80,2016年,ＲＣ,,,１中住専,,,2026年第1四半期,,
中古マンション等,成約価格情報,13121,東京都,足立区,江北,江北(東京),4,32000000,２ＬＤＫ＋Ｓ,65,1987年,ＲＣ,,,１中住専,,,2026年第1四半期,,
中古マンション等,成約価格情報,13121,東京都,足立区,佐野,亀有,,25000000,３ＬＤＫ,70,1996年,ＲＣ,,,１種住居,,,2026年第1四半期,,
中古マンション等,成約価格情報,13121,東京都,足立区,新田,王子神谷,10,60000000,３ＬＤＫ,85,1991年,ＲＣ,,,準工業,,,2026年第1四半期,,
中古マンション等,成約価格情報,13121,東京都,足立区,新田,王子神谷,19,64000000,４ＬＤＫ＋Ｓ,100,2008年,ＲＣ,,,１種住居,,,2026年第1四半期,,
中古マンション等,成約価格情報,13121,東京都,足立区,新田,王子神谷,20,59000000,３ＬＤＫ,85,2008年,ＲＣ,,,１種住居,,,2026年第1四半期,,
中古マンション等,成約価格情報,13121,東京都,足立区,新田,王子神谷,18,67000000,２ＬＤＫ,85,2008年,ＲＣ,,,１種住居,,,2026年第1四半期,,
中古マンション等,成約価格情報,13121,東京都,足立区,新田,王子神谷,18,45000000,３ＬＤＫ,75,2007年,ＲＣ,,,１種住居,,,2026年第1四半期,,
中古マンション等,成約価格情報,13121,東京都,足立区,新田,王子神谷,13,50000000,３ＬＤＫ,65,1995年,ＳＲＣ,,,準住居,,,2026年第1四半期,,
中古マンション等,成約価格情報,13121,東京都,足立区,新田,王子神谷,18,51000000,４ＬＤＫ,90,2007年,ＲＣ,,,１種住居,,,2026年第1四半期,,
中古マンション等,成約価格情報,13121,東京都,足立区,新田,王子神谷,15,51000000,３ＬＤＫ,70,2017年,ＲＣ,,,準工業,,,2026年第1四半期,,
中古マンション等,成約価格情報,13121,東京都,足立区,新田,王子神谷,17,60000000,３ＬＤＫ,75,2007年,ＲＣ,,,１種住居,,,2026年第1四半期,,
中古マンション等,成約価格情報,13121,東京都,足立区,新田,王子神谷,19,61000000,４ＬＤＫ,115,2008年,ＲＣ,,,１種住居,,,2026年第1四半期,,
中古マンション等,成約価格情報,13121,東京都,足立区,新田,王子神谷,15,52000000,３ＬＤＫ,70,2017年,ＲＣ,,,準工業,,,2026年第1四半期,,
中古マンション等,成約価格情報,13121,東京都,足立区,新田,王子神谷,18,45000000,２ＬＤＫ,75,2007年,ＲＣ,,,１種住居,,,2026年第1四半期,改装済み,
中古マンション等,成約価格情報,13121,東京都,足立区,新田,王子神谷,16,31000000,１ＬＤＫ,55,1996年,ＲＣ,,,準工業,,,2026年第1四半期,,
中古マンション等,成約価格情報,13121,東京都,足立区,千住旭町,北千住,5,75000000,３ＬＤＫ,70,2003年,ＲＣ,,,準工業,,,2026年第1四半期,,
中古マンション等,成約価格情報,13121,東京都,足立区,千住東,北千住,10,74000000,３ＬＤＫ,80,2013年,ＲＣ,,,準工業,,,2026年第1四半期,,
中古マンション等,成約価格情報,13121,東京都,足立区,千住東,北千住,7,77000000,３ＬＤＫ,80,2006年,ＲＣ,,,準工業,,,2026年第1四半期,,
中古マンション等,成約価格情報,13121,東京都,足立区,千住東,北千住,8,52000000,３ＬＤＫ,70,1998年,ＳＲＣ,,,準工業,,,2026年第1四半期,,
中古マンション等,成約価格情報,13121,東京都,足立区,千住河原町,千住大橋,4,29000000,１Ｋ,30,2020年,ＲＣ,,,準工業,,,2026年第1四半期,,
中古マンション等,成約価格情報,13121,東京都,足立区,千住河原町,千住大橋,4,47000000,３ＬＤＫ＋Ｓ,75,1987年,ＲＣ,,,準工業,,,2026年第1四半期,,
中古マンション等,成約価格情報,13121,東京都,足立区,千住中居町,北千住,10,32000000,１ＬＤＫ,40,2007年,ＲＣ,,,商業,,,2026年第1四半期,,
中古マンション等,成約価格情報,13121,東京都,足立区,千住中居町,北千住,10,14000000,１Ｋ,30,1991年,ＳＲＣ,,,１種住居,,,2026年第1四半期,,
中古マンション等,成約価格情報,13121,東京都,足立区,竹の塚,竹ノ塚,12,21000000,３ＬＤＫ,70,1986年,ＲＣ,,,近隣商業,,,2026年第1四半期,,
中古マンション等,成約価格情報,13121,東京都,足立区,東和,北綾瀬,13,44000000,２ＬＤＫ,60,2023年,ＲＣ,,,１種住居,,,2026年第1四半期,,
中古マンション等,成約価格情報,13121,東京都,足立区,東和,亀有,13,40000000,２ＬＤＫ＋Ｓ,65,1997年,ＳＲＣ,,,１中住専,,,2026年第1四半期,改装済み,
中古マンション等,成約価格情報,13121,東京都,足立区,東和,亀有,8,59000000,３ＬＤＫ,80,2002年,ＲＣ,,,近隣商業,,,2026年第1四半期,,
中古マンション等,成約価格情報,13121,東京都,足立区,東和,北綾瀬,9,29000000,３ＬＤＫ,65,1986年,ＳＲＣ,,,１種住居,,,2026年第1四半期,,
中古マンション等,成約価格情報,13121,東京都,足立区,東和,北綾瀬,13,64000000,２ＬＤＫ＋Ｓ,70,2023年,ＲＣ,,,１種住居,,,2026年第1四半期,,
中古マンション等,成約価格情報,13121,東京都,足立区,東和,北綾瀬,13,50000000,３ＬＤＫ,70,2007年,ＲＣ,,,１種住居,,,2026年第1四半期,,
中古マンション等,成約価格情報,13121,東京都,足立区,東和,北綾瀬,12,45000000,２ＬＤＫ＋Ｓ,70,2008年,ＲＣ,,,１中住専,,,2026年第1四半期,,
中古マンション等,成約価格情報,13121,東京都,足立区,東和,亀有,7,47000000,３ＬＤＫ,75,2002年,ＲＣ,,,近隣商業,,,2026年第1四半期,,
中古マンション等,成約価格情報,13121,東京都,足立区,東和,亀有,7,60000000,３ＬＤＫ,85,2002年,ＲＣ,,,近隣商業,,,2026年第1四半期,,
中古マンション等,成約価格情報,13121,東京都,足立区,東和,北綾瀬,12,60000000,３ＬＤＫ,70,2020年,ＲＣ,,,近隣商業,,,2026年第1四半期,,
中古マンション等,成約価格情報,13121,東京都,足立区,東和,亀有,10,8000000,１Ｒ,20,1989年,ＲＣ,,,近隣商業,,,2026年第1四半期,,
中古マンション等,成約価格情報,13121,東京都,足立区,東和,亀有,16,62000000,２ＬＤＫ＋Ｓ,75,2023年,ＲＣ,,,１種住居,,,2026年第1四半期,,
中古マンション等,成約価格情報,13121,東京都,足立区,東和,北綾瀬,7,53000000,１Ｒ,75,2008年,ＲＣ,,,１種住居,,,2026年第1四半期,,
中古マンション等,成約価格情報,13121,東京都,足立区,東和,北綾瀬,7,62000000,３ＬＤＫ,75,2008年,ＲＣ,,,１種住居,,,2026年第1四半期,改装済み,
中古マンション等,成約価格情報,13121,東京都,足立区,東和,亀有,13,34000000,３ＬＤＫ,70,1991年,ＲＣ,,,１種住居,,,2026年第1四半期,,
中古マンション等,成約価格情報,13121,東京都,足立区,西新井,西新井大師西,2,37000000,２ＤＫ,45,2019年,ＲＣ,,,準工業,,,2026年第1四半期,,
中古マンション等,成約価格情報,13121,東京都,足立区,西新井,西新井大師西,9,32000000,３ＬＤＫ,60,1996年,ＲＣ,,,１種住居,,,2026年第1四半期,,
中古マンション等,成約価格情報,13121,東京都,足立区,西新井,谷在家,12,51000000,４ＬＤＫ,85,2015年,ＲＣ,,,１中住専,,,2026年第1四半期,,
中古マンション等,成約価格情報,13121,東京都,足立区,西新井,谷在家,15,32000000,３ＬＤＫ,70,2007年,ＲＣ,,,１中住専,,,2026年第1四半期,,
中古マンション等,成約価格情報,13121,東京都,足立区,西新井,大師前,14,50000000,３ＬＤＫ,65,2017年,ＲＣ,,,１中住専,,,2026年第1四半期,,
中古マンション等,成約価格情報,13121,東京都,足立区,西新井,西新井大師西,9,32000000,３ＬＤＫ,70,1996年,ＲＣ,,,準工業,,,2026年第1四半期,,
中古マンション等,成約価格情報,13121,東京都,足立区,西新井,谷在家,11,46000000,３ＬＤＫ,75,2015年,ＲＣ,,,１中住専,,,2026年第1四半期,,
中古マンション等,成約価格情報,13121,東京都,足立区,西新井本町,大師前,2,11000000,２ＤＫ,55,1971年,ＳＲＣ,,,近隣商業,,,2026年第1四半期,,
中古マンション等,成約価格情報,13121,東京都,足立区,西新井本町,江北(東京),6,24000000,１ＤＫ,35,2020年,ＲＣ,,,１中住専,,,2026年第1四半期,,
中古マンション等,成約価格情報,13121,東京都,足立区,西新井本町,大師前,9,6500000,１Ｋ,25,1990年,ＲＣ,,,近隣商業,,,2026年第1四半期,,
中古マンション等,成約価格情報,13121,東京都,足立区,西新井本町,西新井大師西,9,35000000,２ＬＤＫ,55,2016年,ＲＣ,,,準工業,,,2026年第1四半期,,
中古マンション等,成約価格情報,13121,東京都,足立区,西新井本町,江北(東京),7,160000000,２ＬＤＫ,50,1985年,ＳＲＣ,,,近隣商業,,,2026年第1四半期,,
中古マンション等,成約価格情報,13121,東京都,足立区,西新井本町,大師前,7,30000000,１ＬＤＫ＋Ｓ,55,2007年,ＲＣ,,,近隣商業,,,2026年第1四半期,,
中古マンション等,成約価格情報,13121,東京都,足立区,西新井本町,江北(東京),4,35000000,３ＬＤＫ,70,2005年,ＲＣ,,,準工業,,,2026年第1四半期,,
中古マンション等,成約価格情報,13121,東京都,足立区,西新井本町,大師前,11,29000000,３ＬＤＫ,80,1988年,ＲＣ,,,準工業,,,2026年第1四半期,,
中古マンション等,成約価格情報,13121,東京都,足立区,西新井本町,江北(東京),7,31000000,２ＬＤＫ,70,1981年,ＳＲＣ,,,準工業,,,2026年第1四半期,,
中古マンション等,成約価格情報,13121,東京都,足立区,西新井本町,江北(東京),4,45000000,３ＬＤＫ,70,2015年,ＲＣ,,,１中住専,,,2026年第1四半期,,
中古マンション等,成約価格情報,13121,東京都,足立区,東伊興,竹ノ塚,11,41000000,４ＬＤＫ,85,2007年,ＲＣ,,,１種住居,,,2026年第1四半期,,
中古マンション等,成約価格情報,13121,東京都,足立区,東伊興,竹ノ塚,11,35000000,３ＬＤＫ,65,1997年,ＲＣ,,,近隣商業,,,2026年第1四半期,,
中古マンション等,成約価格情報,13121,東京都,足立区,堀之内,江北(東京),22,8900000,２ＤＫ,40,1978年,鉄骨造,,,近隣商業,,,2026年第1四半期,改装済み,
中古マンション等,成約価格情報,13121,東京都,足立区,谷中,北綾瀬,6,27000000,１Ｋ,25,2017年,ＲＣ,,,準住居,,,2026年第1四半期,,
中古マンション等,成約価格情報,13121,東京都,足立区,谷中,北綾瀬,10,21000000,２ＤＫ＋Ｓ,65,1988年,ＲＣ,,,１中住専,,,2026年第1四半期,,
中古マンション等,成約価格情報,13121,東京都,足立区,谷中,北綾瀬,6,21000000,３ＤＫ,65,1983年,ＲＣ,,,２種住居,,,2026年第1四半期,,
中古マンション等,成約価格情報,13121,東京都,足立区,谷中,北綾瀬,8,60000000,２ＬＤＫ＋Ｓ,70,2013年,ＲＣ,,,１中住専,,,2026年第1四半期,,
中古マンション等,成約価格情報,13121,東京都,足立区,谷中,北綾瀬,9,31000000,２ＬＤＫ,55,1998年,ＳＲＣ,,,準住居,,,2026年第1四半期,,
中古マンション等,成約価格情報,13121,東京都,足立区,谷中,北綾瀬,6,36000000,１ＬＤＫ,45,2017年,ＲＣ,,,１中住専,,,2026年第1四半期,,
中古マンション等,成約価格情報,13121,東京都,足立区,谷中,北綾瀬,2,79000000,３ＬＤＫ,80,2003年,ＲＣ,,,近隣商業,,,2026年第1四半期,改装済み,
中古マンション等,成約価格情報,13121,東京都,足立区,谷中,北綾瀬,4,67000000,３ＬＤＫ,70,2017年,ＲＣ,,,１種住居,,,2026年第1四半期,,
中古マンション等,成約価格情報,13121,東京都,足立区,柳原,牛田(東京),4,52000000,３ＬＤＫ,70,2004年,ＲＣ,,,準工業,,,2026年第1四半期,,
中古マンション等,成約価格情報,13121,東京都,足立区,伊興,竹ノ塚,6,8500000,１Ｒ,20,1987年,ＲＣ,,,近隣商業,,,2026年第1四半期,,
中古マンション等,成約価格情報,13121,東京都,足立区,伊興,竹ノ塚,13,30000000,３ＬＤＫ,70,1998年,ＲＣ,,,１中住専,,,2026年第1四半期,,
中古マンション等,成約価格情報,13121,東京都,足立区,伊興,竹ノ塚,11,40000000,３ＬＤＫ,70,1999年,ＲＣ,,,１中住専,,,2026年第1四半期,,
中古マンション等,成約価格情報,13121,東京都,足立区,伊興,竹ノ塚,13,39000000,３ＬＤＫ,75,1998年,ＲＣ,,,１中住専,,,2026年第1四半期,,
中古マンション等,成約価格情報,13121,東京都,足立区,伊興,竹ノ塚,5,36000000,３ＤＫ,60,2001年,ＲＣ,,,近隣商業,,,2026年第1四半期,,
中古マンション等,成約価格情報,13121,東京都,足立区,伊興,竹ノ塚,12,30000000,３ＬＤＫ,70,1999年,ＲＣ,,,１中住専,,,2026年第1四半期,,
中古マンション等,成約価格情報,13121,東京都,足立区,伊興,竹ノ塚,13,24000000,２ＬＤＫ＋Ｓ,70,1991年,ＲＣ,,,１中住専,,,2026年第1四半期,,
中古マンション等,成約価格情報,13121,東京都,足立区,梅田,梅島,6,20000000,２ＬＤＫ,50,1973年,ＲＣ,,,準工業,,,2026年第1四半期,,
中古マンション等,成約価格情報,13121,東京都,足立区,梅田,梅島,6,70000000,３ＬＤＫ,85,2005年,ＳＲＣ,,,１種住居,,,2026年第1四半期,,
中古マンション等,成約価格情報,13121,東京都,足立区,梅田,梅島,5,27000000,１Ｒ,30,2018年,ＲＣ,,,１種住居,,,2026年第1四半期,,
中古マンション等,成約価格情報,13121,東京都,足立区,梅田,梅島,10,67000000,４ＬＤＫ,90,2001年,ＳＲＣ,,,準工業,,,2026年第1四半期,,
中古マンション等,成約価格情報,13121,東京都,足立区,梅田,梅島,8,26000000,３ＬＤＫ,75,1982年,ＳＲＣ,,,１種住居,,,2026年第1四半期,,
中古マンション等,成約価格情報,13121,東京都,足立区,梅田,梅島,5,43000000,１ＬＤＫ,45,2018年,ＲＣ,,,１種住居,,,2026年第1四半期,,
中古マンション等,成約価格情報,13121,東京都,足立区,梅田,梅島,7,25000000,４ＬＤＫ,70,1982年,ＳＲＣ,,,準工業,,,2026年第1四半期,,
中古マンション等,成約価格情報,13121,東京都,足立区,梅田,梅島,11,31000000,３ＬＤＫ,65,1998年,鉄骨造,,,工業,,,2026年第1四半期,,
中古マンション等,成約価格情報,13121,東京都,足立区,梅田,梅島,6,49000000,３ＬＤＫ,75,2000年,ＳＲＣ,,,近隣商業,,,2026年第1四半期,,
中古マンション等,成約価格情報,13121,東京都,足立区,梅田,梅島,5,23000000,３ＤＫ,65,1984年,ＲＣ,,,準工業,,,2026年第1四半期,,
中古マンション等,成約価格情報,13121,東京都,足立区,梅田,梅島,5,70000000,３ＬＤＫ,75,2011年,ＲＣ,,,１種住居,,,2026年第1四半期,,
中古マンション等,成約価格情報,13121,東京都,足立区,大谷田,北綾瀬,10,35000000,３ＬＤＫ,60,1995年,ＲＣ,,,２中住専,,,2026年第1四半期,,
中古マンション等,成約価格情報,13121,東京都,足立区,大谷田,北綾瀬,9,8700000,１Ｒ,25,1991年,ＲＣ,,,準工業,,,2026年第1四半期,,
中古マンション等,成約価格情報,13121,東京都,足立区,大谷田,亀有,,16000000,３ＬＤＫ,70,1977年,ＳＲＣ,,,２種住居,,,2026年第1四半期,,
中古マンション等,成約価格情報,13121,東京都,足立区,大谷田,北綾瀬,17,21000000,４Ｋ,60,1986年,ＲＣ,,,１種住居,,,2026年第1四半期,,
中古マンション等,成約価格情報,13121,東京都,足立区,大谷田,北綾瀬,14,19000000,３ＬＤＫ,65,1991年,ＲＣ,,,１種住居,,,2026年第1四半期,,
中古マンション等,成約価格情報,13121,東京都,足立区,大谷田,北綾瀬,13,48000000,３ＬＤＫ＋Ｓ,85,2002年,ＲＣ,,,２中住専,,,2026年第1四半期,,
中古マンション等,成約価格情報,13121,東京都,足立区,大谷田,亀有,,22000000,３ＬＤＫ,70,1977年,ＳＲＣ,,,１中住専,,,2026年第1四半期,,
中古マンション等,成約価格情報,13121,東京都,足立区,大谷田,北綾瀬,14,33000000,２ＬＤＫ,80,1988年,ＳＲＣ,,,１種住居,,,2026年第1四半期,改装済み,
中古マンション等,成約価格情報,13121,東京都,足立区,大谷田,北綾瀬,12,30000000,３ＬＤＫ,65,1991年,ＲＣ,,,１種住居,,,2026年第1四半期,,
中古マンション等,成約価格情報,13121,東京都,足立区,大谷田,北綾瀬,15,38000000,３ＬＤＫ,65,1999年,ＲＣ,,,２中住専,,,2026年第1四半期,,
中古マンション等,成約価格情報,13121,東京都,足立区,大谷田,北綾瀬,10,22000000,２ＤＫ,45,1979年,ＲＣ,,,準工業,,,2026年第1四半期,改装済み,
中古マンション等,成約価格情報,13121,東京都,足立区,大谷田,北綾瀬,24,25000000,３ＬＤＫ,65,1977年,ＳＲＣ,,,１中住専,,,2026年第1四半期,,
中古マンション等,成約価格情報,13121,東京都,足立区,大谷田,北綾瀬,11,46000000,３ＬＤＫ,70,2007年,ＲＣ,,,１種住居,,,2026年第1四半期,,
中古マンション等,成約価格情報,13121,東京都,足立区,鹿浜,赤羽,,28000000,３ＬＤＫ＋Ｓ,80,2006年,ＲＣ,,,準工業,,,2026年第1四半期,,
中古マンション等,成約価格情報,13121,東京都,足立区,鹿浜,西新井大師西,10,27000000,３ＬＤＫ,65,1997年,ＲＣ,,,１種住居,,,2026年第1四半期,,
中古マンション等,成約価格情報,13121,東京都,足立区,鹿浜,西新井大師西,14,26000000,４ＬＤＫ,75,1996年,ＲＣ,,,１種住居,,,2026年第1四半期,,
中古マンション等,成約価格情報,13121,東京都,足立区,鹿浜,王子,,16000000,２ＬＤＫ,60,2006年,ＲＣ,,,準工業,,,2026年第1四半期,,
中古マンション等,成約価格情報,13121,東京都,足立区,鹿浜,西新井大師西,12,30000000,３ＬＤＫ,65,1995年,ＲＣ,,,１種住居,,,2026年第1四半期,,
中古マンション等,成約価格情報,13121,東京都,足立区,鹿浜,西新井大師西,20,14000000,２ＬＤＫ,55,2007年,ＲＣ,,,近隣商業,,,2026年第1四半期,,
中古マンション等,成約価格情報,13121,東京都,足立区,島根,梅島,19,55000000,３ＬＤＫ,115,2002年,ＲＣ,,,１中住専,,,2026年第1四半期,,
中古マンション等,成約価格情報,13121,東京都,足立区,島根,西新井,23,11000000,３ＤＫ,60,1975年,ＳＲＣ,,,１中住専,,,2026年第1四半期,,
中古マンション等,成約価格情報,13121,東京都,足立区,島根,梅島,16,32000000,３ＬＤＫ,65,2012年,ＲＣ,,,準工業,,,2026年第1四半期,,
中古マンション等,成約価格情報,13121,東京都,足立区,島根,梅島,17,35000000,３ＬＤＫ,80,2002年,ＳＲＣ,,,１中住専,,,2026年第1四半期,,
中古マンション等,成約価格情報,13121,東京都,足立区,千住,北千住,7,49000000,２ＬＤＫ,60,2006年,ＲＣ,,,商業,,,2026年第1四半期,,
中古マンション等,成約価格情報,13121,東京都,足立区,千住,北千住,6,68000000,３ＬＤＫ＋Ｓ,75,1992年,ＳＲＣ,,,商業,,,2026年第1四半期,,
中古マンション等,成約価格情報,13121,東京都,足立区,千住,北千住,7,28000000,１Ｋ,30,2020年,ＲＣ,,,商業,,,2026年第1四半期,,
中古マンション等,成約価格情報,13121,東京都,足立区,千住,北千住,2,63000000,１ＬＤＫ＋Ｓ,55,1999年,ＳＲＣ,,,商業,,,2026年第1四半期,,
中古マンション等,成約価格情報,13121,東京都,足立区,千住,北千住,8,28000000,２Ｋ,45,1987年,ＳＲＣ,,,商業,,,2026年第1四半期,,
中古マンション等,成約価格情報,13121,東京都,足立区,千住曙町,京成関屋,5,89000000,１ＬＤＫ＋Ｓ,75,2009年,,,,準工業,,,2026年第1四半期,,
中古マンション等,成約価格情報,13121,東京都,足立区,千住橋戸町,千住大橋,5,91000000,２ＬＤＫ,55,2025年,ＲＣ,,,１種住居,,,2026年第1四半期,,
中古マンション等,成約価格情報,13121,東京都,足立区,千住橋戸町,千住大橋,3,96000000,３ＬＤＫ＋Ｓ,95,2012年,ＲＣ,,,１種住居,,,2026年第1四半期,,
中古マンション等,成約価格情報,13121,東京都,足立区,千住橋戸町,千住大橋,1,72000000,３ＬＤＫ,65,2014年,ＲＣ,,,商業,,,2026年第1四半期,,
中古マンション等,成約価格情報,13121,東京都,足立区,千住橋戸町,千住大橋,4,74000000,３ＬＤＫ,75,2015年,ＲＣ,,,１種住居,,,2026年第1四半期,,
中古マンション等,成約価格情報,13121,東京都,足立区,千住緑町,千住大橋,5,80000000,３ＬＤＫ,75,2014年,ＲＣ,,,１種住居,,,2026年第1四半期,,
中古マンション等,成約価格情報,13121,東京都,足立区,舎人,見沼代親水公園,1,15000000,１Ｋ,25,2015年,ＲＣ,,,近隣商業,,,2026年第1四半期,,
中古マンション等,成約価格情報,13121,東京都,足立区,東保木間,竹ノ塚,25,27000000,１ＬＤＫ＋Ｓ,70,2001年,ＲＣ,,,準住居,,,2026年第1四半期,,
中古マンション等,成約価格情報,13121,東京都,足立区,六月,竹ノ塚,16,29000000,２ＬＤＫ＋Ｓ,60,2004年,ＲＣ,,,近隣商業,,,2026年第1四半期,,
中古マンション等,成約価格情報,13121,東京都,足立区,六月,竹ノ塚,18,36000000,３ＬＤＫ,95,2015年,軽量鉄骨造,,,１中住専,,,2026年第1四半期,,
中古マンション等,成約価格情報,13121,東京都,足立区,六月,竹ノ塚,18,35000000,３ＬＤＫ,85,2015年,軽量鉄骨造,,,１中住専,,,2026年第1四半期,,
中古マンション等,成約価格情報,13121,東京都,足立区,六月,竹ノ塚,18,30000000,３ＬＤＫ,65,2001年,ＳＲＣ,,,近隣商業,,,2026年第1四半期,,
中古マンション等,成約価格情報,13121,東京都,足立区,六月,竹ノ塚,18,38000000,３ＬＤＫ,85,2015年,軽量鉄骨造,,,１中住専,,,2026年第1四半期,,
中古マンション等,成約価格情報,13121,東京都,足立区,青井,五反野,10,23000000,３ＤＫ,65,1978年,ＲＣ,,,準工業,,,2026年第1四半期,,
中古マンション等,成約価格情報,13121,東京都,足立区,青井,青井,7,34000000,２ＬＤＫ,60,1999年,ＲＣ,,,１中住専,,,2026年第1四半期,,
中古マンション等,成約価格情報,13121,東京都,足立区,青井,青井,13,35000000,３ＬＤＫ,65,1997年,ＳＲＣ,,,準工業,,,2026年第1四半期,,
中古マンション等,成約価格情報,13121,東京都,足立区,青井,青井,11,16000000,２ＤＫ,45,1985年,ＲＣ,,,１中住専,,,2026年第1四半期,,
中古マンション等,成約価格情報,13121,東京都,足立区,青井,青井,5,46000000,３ＬＤＫ,65,2009年,ＲＣ,,,１種住居,,,2026年第1四半期,,
中古マンション等,成約価格情報,13121,東京都,足立区,青井,青井,15,33000000,２ＬＤＫ,55,1998年,ＳＲＣ,,,準工業,,,2026年第1四半期,,
中古マンション等,成約価格情報,13121,東京都,足立区,足立,五反野,6,26000000,１Ｋ,30,2021年,ＲＣ,,,準工業,,,2026年第1四半期,,
中古マンション等,成約価格情報,13121,東京都,足立区,足立,五反野,8,55000000,３ＬＤＫ,80,2001年,ＳＲＣ,,,商業,,,2026年第1四半期,,
中古マンション等,成約価格情報,13121,東京都,足立区,足立,五反野,4,51000000,３ＬＤＫ,65,2020年,ＲＣ,,,準工業,,,2026年第1四半期,,
中古マンション等,成約価格情報,13121,東京都,足立区,千住大川町,北千住,11,70000000,３ＬＤＫ,65,2006年,ＲＣ,,,商業,,,2026年第1四半期,,
中古マンション等,成約価格情報,13121,東京都,足立区,千住寿町,北千住,8,24000000,１Ｋ,25,2017年,ＲＣ,,,商業,,,2026年第1四半期,,
中古マンション等,成約価格情報,13121,東京都,足立区,千住寿町,北千住,8,82000000,３ＬＤＫ,70,2009年,ＲＣ,,,商業,,,2026年第1四半期,,
中古マンション等,成約価格情報,13121,東京都,足立区,千住寿町,北千住,7,52000000,１ＬＤＫ,35,2023年,ＲＣ,,,商業,,,2026年第1四半期,,
中古マンション等,成約価格情報,13121,東京都,足立区,千住関屋町,牛田(東京),7,29000000,３ＬＤＫ,70,1979年,ＳＲＣ,,,工業,,,2026年第1四半期,,
中古マンション等,成約価格情報,13121,東京都,足立区,千住関屋町,京成関屋,2,28000000,３ＬＤＫ,65,1998年,ＲＣ,,,工業,,,2026年第1四半期,,
中古マンション等,成約価格情報,13121,東京都,足立区,千住関屋町,牛田(東京),9,35000000,４ＤＫ,75,1980年,ＳＲＣ,,,工業,,,2026年第1四半期,,
中古マンション等,成約価格情報,13121,東京都,足立区,中央本町,五反野,11,25000000,２ＬＤＫ＋Ｓ,60,1976年,ＳＲＣ,,,準工業,,,2026年第1四半期,,
中古マンション等,成約価格情報,13121,東京都,足立区,中央本町,五反野,11,29000000,２ＬＤＫ＋Ｓ,60,1976年,ＳＲＣ,,,準工業,,,2026年第1四半期,改装済み,
中古マンション等,成約価格情報,13121,東京都,足立区,中央本町,五反野,12,45000000,２ＬＤＫ＋Ｓ,70,2000年,ＲＣ,,,準工業,,,2026年第1四半期,改装済み,
中古マンション等,成約価格情報,13121,東京都,足立区,中央本町,梅島,13,35000000,３ＬＤＫ,65,1995年,ＳＲＣ,,,準工業,,,2026年第1四半期,,
中古マンション等,成約価格情報,13121,東京都,足立区,中央本町,五反野,7,50000000,３ＬＤＫ,70,2001年,ＲＣ,,,１種住居,,,2026年第1四半期,,
中古マンション等,成約価格情報,13121,東京都,足立区,西綾瀬,小菅,5,20000000,２ＤＫ,40,1990年,ＲＣ,,,１種住居,,,2026年第1四半期,,
中古マンション等,成約価格情報,13121,東京都,足立区,西綾瀬,五反野,6,42000000,３ＬＤＫ,65,2007年,ＲＣ,,,近隣商業,,,2026年第1四半期,,
中古マンション等,成約価格情報,13121,東京都,足立区,西綾瀬,五反野,5,28000000,１Ｋ,30,2020年,ＲＣ,,,１中住専,,,2026年第1四半期,,
中古マンション等,成約価格情報,13121,東京都,足立区,西綾瀬,小菅,5,7800000,１Ｋ,25,1990年,ＲＣ,,,１種住居,,,2026年第1四半期,,
中古マンション等,成約価格情報,13121,東京都,足立区,西新井栄町,西新井,4,89000000,３ＬＤＫ,85,2006年,ＲＣ,,,１種住居,,,2026年第1四半期,,
中古マンション等,成約価格情報,13121,東京都,足立区,西新井栄町,西新井,4,62000000,３ＬＤＫ,75,2006年,ＲＣ,,,１種住居,,,2026年第1四半期,,
中古マンション等,成約価格情報,13121,東京都,足立区,西新井栄町,西新井,9,26000000,２ＤＫ,40,2013年,ＲＣ,,,近隣商業,,,2026年第1四半期,,
中古マンション等,成約価格情報,13121,東京都,足立区,西保木間,竹ノ塚,15,27000000,３ＬＤＫ,65,1993年,ＲＣ,,,準工業,,,2026年第1四半期,改装済み,
中古マンション等,成約価格情報,13121,東京都,足立区,西保木間,竹ノ塚,14,26000000,３ＬＤＫ,70,1976年,ＳＲＣ,,,１種住居,,,2026年第1四半期,,
中古マンション等,成約価格情報,13121,東京都,足立区,西保木間,竹ノ塚,16,27000000,２ＬＤＫ,55,1993年,ＲＣ,,,準工業,,,2026年第1四半期,,
中古マンション等,成約価格情報,13121,東京都,足立区,西保木間,谷塚,13,40000000,３ＬＤＫ,75,2006年,ＲＣ,,,１中住専,,,2026年第1四半期,,
中古マンション等,成約価格情報,13121,東京都,足立区,東綾瀬,綾瀬,14,23000000,１Ｋ,25,2017年,ＲＣ,,,１種住居,,,2026年第1四半期,,
中古マンション等,成約価格情報,13121,東京都,足立区,東綾瀬,北綾瀬,9,62000000,３ＬＤＫ,70,2014年,ＲＣ,,,１中住専,,,2026年第1四半期,,
中古マンション等,成約価格情報,13121,東京都,足立区,東綾瀬,北綾瀬,10,58000000,３ＬＤＫ,75,2012年,ＲＣ,,,準住居,,,2026年第1四半期,,
中古マンション等,成約価格情報,13121,東京都,足立区,東綾瀬,綾瀬,9,40000000,３ＬＤＫ,70,1998年,ＳＲＣ,,,準住居,,,2026年第1四半期,,
中古マンション等,成約価格情報,13121,東京都,足立区,東綾瀬,綾瀬,11,41000000,２ＬＤＫ,55,1995年,ＳＲＣ,,,１種住居,,,2026年第1四半期,,
中古マンション等,成約価格情報,13121,東京都,足立区,日ノ出町,北千住,9,20000000,１Ｒ,20,2018年,ＲＣ,,,準工業,,,2026年第1四半期,,
中古マンション等,成約価格情報,13121,東京都,足立区,宮城,王子,,19000000,３ＤＫ,55,1990年,ＲＣ,,,準工業,,,2026年第1四半期,,
中古マンション等,成約価格情報,13121,東京都,足立区,宮城,小台,15,52000000,４ＬＤＫ,100,2001年,ＳＲＣ,,,工業,,,2026年第1四半期,,
中古マンション等,成約価格情報,13121,東京都,足立区,宮城,小台,19,15000000,３ＬＤＫ,75,1998年,ＲＣ,,,準工業,,,2026年第1四半期,,
中古マンション等,成約価格情報,13121,東京都,足立区,六木,北綾瀬,20,33000000,３ＤＫ,55,1988年,ＲＣ,,,１中住専,,,2026年第1四半期,,
中古マンション等,成約価格情報,13121,東京都,足立区,六木,八潮,24,37000000,３ＬＤＫ,70,2006年,ＲＣ,,,準工業,,,2026年第1四半期,,
中古マンション等,成約価格情報,13121,東京都,足立区,本木北町,扇大橋,10,37000000,３ＬＤＫ,75,1992年,ＲＣ,,,準工業,,,2026年第1四半期,,
中古マンション等,不動産取引価格情報,13121,東京都,足立区,青井,青井,9,21000000,１Ｋ,20,2016年,ＲＣ,住宅,その他,準工業,60,400,2026年第1四半期,,
中古マンション等,不動産取引価格情報,13121,東京都,足立区,青井,青井,11,16000000,２ＤＫ,35,1985年,ＲＣ,,住宅,１中住専,60,200,2026年第1四半期,未改装,
中古マンション等,不動産取引価格情報,13121,東京都,足立区,足立,五反野,4,60000000,３ＬＤＫ,60,2020年,ＲＣ,住宅,住宅,近隣商業,80,300,2026年第1四半期,未改装,
中古マンション等,不動産取引価格情報,13121,東京都,足立区,足立,五反野,7,31000000,１Ｋ,25,2025年,ＲＣ,住宅,住宅,商業,80,500,2026年第1四半期,,
中古マンション等,不動産取引価格情報,13121,東京都,足立区,足立,五反野,8,55000000,３ＬＤＫ,70,2001年,ＳＲＣ,住宅,住宅,商業,80,500,2026年第1四半期,,
中古マンション等,不動産取引価格情報,13121,東京都,足立区,綾瀬,綾瀬,4,67000000,３ＬＤＫ,60,2013年,ＲＣ,住宅,住宅,近隣商業,80,300,2026年第1四半期,未改装,
中古マンション等,不動産取引価格情報,13121,東京都,足立区,綾瀬,綾瀬,11,43000000,３ＬＤＫ,70,2000年,ＳＲＣ,住宅,住宅,準住居,60,400,2026年第1四半期,未改装,
中古マンション等,不動産取引価格情報,13121,東京都,足立区,伊興,竹ノ塚,13,35000000,３ＬＤＫ,65,2000年,ＲＣ,住宅,住宅,１中住専,60,200,2026年第1四半期,,
中古マンション等,不動産取引価格情報,13121,東京都,足立区,入谷,見沼代親水公園,12,30000000,１ＬＤＫ,40,2019年,ＲＣ,住宅,住宅,１種住居,60,300,2026年第1四半期,改装済み,
中古マンション等,不動産取引価格情報,13121,東京都,足立区,梅島,梅島,2,8900000,１Ｋ,15,1989年,ＲＣ,,住宅,準工業,60,200,2026年第1四半期,未改装,
中古マンション等,不動産取引価格情報,13121,東京都,足立区,梅島,梅島,3,46000000,３ＬＤＫ,70,1989年,ＳＲＣ,住宅,住宅,近隣商業,80,300,2026年第1四半期,改装済み,
中古マンション等,不動産取引価格情報,13121,東京都,足立区,梅田,梅島,9,57000000,３ＬＤＫ,70,2002年,ＳＲＣ,住宅,住宅,１種住居,80,300,2026年第1四半期,改装済み,
中古マンション等,不動産取引価格情報,13121,東京都,足立区,梅田,五反野,9,51000000,２ＬＤＫ,40,2025年,ＲＣ,住宅,住宅,準工業,80,300,2026年第1四半期,未改装,
中古マンション等,不動産取引価格情報,13121,東京都,足立区,扇,扇大橋,7,28000000,２ＤＫ,50,1982年,ＳＲＣ,住宅,住宅,工業,60,200,2026年第1四半期,改装済み,
中古マンション等,不動産取引価格情報,13121,東京都,足立区,大谷田,亀有,23,22000000,３ＬＤＫ,65,1977年,ＳＲＣ,住宅,,１中住専,60,200,2026年第1四半期,未改装,
中古マンション等,不動産取引価格情報,13121,東京都,足立区,大谷田,北綾瀬,18,25000000,３ＬＤＫ,65,1994年,ＲＣ,住宅,住宅,１種住居,60,300,2026年第1四半期,未改装,
中古マンション等,不動産取引価格情報,13121,東京都,足立区,大谷田,北綾瀬,21,23000000,３ＬＤＫ,65,1982年,ＳＲＣ、ＲＣ,住宅,住宅,準工業,60,200,2026年第1四半期,改装済み,
中古マンション等,不動産取引価格情報,13121,東京都,足立区,江北,江北(東京),4,23000000,２ＬＤＫ,60,1987年,ＲＣ,住宅,住宅,準工業,60,200,2026年第1四半期,改装済み,
中古マンション等,不動産取引価格情報,13121,東京都,足立区,島根,梅島,19,43000000,３ＬＤＫ,70,2002年,ＳＲＣ,住宅,住宅,１中住専,60,200,2026年第1四半期,改装済み,
中古マンション等,不動産取引価格情報,13121,東京都,足立区,島根,西新井,14,19000000,２ＬＤＫ,35,1980年,ＲＣ,,住宅,準工業,60,400,2026年第1四半期,改装済み,
中古マンション等,不動産取引価格情報,13121,東京都,足立区,新田,王子神谷,11,29000000,１ＬＤＫ,35,2019年,ＲＣ,住宅,住宅,準工業,60,400,2026年第1四半期,未改装,
中古マンション等,不動産取引価格情報,13121,東京都,足立区,千住,北千住,6,29000000,１Ｋ,20,2018年,ＲＣ,住宅,,近隣商業,80,300,2026年第1四半期,,
中古マンション等,不動産取引価格情報,13121,東京都,足立区,千住曙町,堀切,3,45000000,２ＬＤＫ,80,2000年,ＲＣ,住宅,住宅,準工業,60,200,2026年第1四半期,改装済み,
中古マンション等,不動産取引価格情報,13121,東京都,足立区,千住河原町,千住大橋,3,30000000,１Ｋ,25,2020年,ＳＲＣ,住宅,住宅,準工業,60,300,2026年第1四半期,,
中古マンション等,不動産取引価格情報,13121,東京都,足立区,千住寿町,北千住,6,30000000,１Ｋ,20,2016年,ＲＣ,住宅,住宅,商業,80,600,2026年第1四半期,未改装,
中古マンション等,不動産取引価格情報,13121,東京都,足立区,千住関屋町,京成関屋,8,44000000,３ＬＤＫ,70,1980年,ＳＲＣ,,住宅,工業,60,200,2026年第1四半期,改装済み,
中古マンション等,不動産取引価格情報,13121,東京都,足立区,中央本町,梅島,11,44000000,３ＬＤＫ,65,2000年,ＲＣ,住宅,住宅,準工業,60,200,2026年第1四半期,改装済み,
中古マンション等,不動産取引価格情報,13121,東京都,足立区,中央本町,五反野,12,35000000,３ＬＤＫ,65,1976年,ＳＲＣ,住宅,住宅,準工業,60,200,2026年第1四半期,改装済み,
中古マンション等,不動産取引価格情報,13121,東京都,足立区,東和,北綾瀬,6,62000000,３ＬＤＫ,60,2018年,ＲＣ,住宅,住宅,１種住居,60,300,2026年第1四半期,未改装,
中古マンション等,不動産取引価格情報,13121,東京都,足立区,東和,北綾瀬,8,18000000,３ＤＫ,55,1983年,ＲＣ,住宅,住宅,１種住居,60,300,2026年第1四半期,未改装,
中古マンション等,不動産取引価格情報,13121,東京都,足立区,中川,亀有,12,16000000,２ＬＤＫ,55,1978年,ＳＲＣ,住宅,,準工業,60,200,2026年第1四半期,未改装,
中古マンション等,不動産取引価格情報,13121,東京都,足立区,中川,亀有,6,55000000,２ＬＤＫ,60,1995年,ＳＲＣ,住宅,住宅,近隣商業,80,300,2026年第1四半期,改装済み,
中古マンション等,不動産取引価格情報,13121,東京都,足立区,花畑,谷塚,21,14000000,３ＬＤＫ,75,1982年,ＳＲＣ,住宅,住宅,１中住専,60,200,2026年第1四半期,未改装,
中古マンション等,不動産取引価格情報,13121,東京都,足立区,東綾瀬,綾瀬,14,36000000,２ＬＤＫ,50,1994年,ＲＣ,住宅,住宅,１種住居,60,300,2026年第1四半期,改装済み,
中古マンション等,不動産取引価格情報,13121,東京都,足立区,東綾瀬,綾瀬,12,35000000,３ＬＤＫ,60,1997年,ＲＣ,住宅,住宅,準住居,60,400,2026年第1四半期,未改装,
中古マンション等,不動産取引価格情報,13121,東京都,足立区,東綾瀬,綾瀬,11,27000000,１Ｋ,25,2022年,ＲＣ,,その他,近隣商業,80,300,2026年第1四半期,,
中古マンション等,不動産取引価格情報,13121,東京都,足立区,東綾瀬,綾瀬,9,40000000,３ＬＤＫ,65,1998年,ＳＲＣ,住宅,住宅,準住居,60,400,2026年第1四半期,未改装,
中古マンション等,不動産取引価格情報,13121,東京都,足立区,保木間,竹ノ塚,21,13000000,２ＬＤＫ,40,1995年,ＳＲＣ,住宅,住宅,１種住居,60,200,2026年第1四半期,未改装,
中古マンション等,不動産取引価格情報,13121,東京都,足立区,保木間,竹ノ塚,19,25000000,,50,2007年,ＲＣ,住宅,住宅,１種住居,60,200,2026年第1四半期,,
中古マンション等,不動産取引価格情報,13121,東京都,足立区,保木間,谷塚,12,7200000,１Ｋ,20,1991年,ＲＣ,,住宅,準工業,60,200,2026年第1四半期,,
中古マンション等,不動産取引価格情報,13121,東京都,足立区,保木間,六町,23,32000000,３ＬＤＫ,75,2008年,ＲＣ,住宅,住宅,準住居,60,400,2026年第1四半期,未改装,
中古マンション等,不動産取引価格情報,13121,東京都,足立区,南花畑,六町,12,46000000,３ＬＤＫ,70,2009年,ＲＣ,住宅,住宅,２中住専,60,200,2026年第1四半期,改装済み,
中古マンション等,不動産取引価格情報,13121,東京都,足立区,南花畑,六町,6,44000000,２ＬＤＫ,50,2018年,ＲＣ,住宅,住宅,１中住専,60,200,2026年第1四半期,,
中古マンション等,不動産取引価格情報,13121,東京都,足立区,谷在家,西新井大師西,7,47000000,３ＬＤＫ,65,2004年,ＲＣ,住宅,住宅,１種住居,60,300,2026年第1四半期,改装済み,
中古マンション等,不動産取引価格情報,13121,東京都,足立区,谷中,北綾瀬,11,20000000,３ＬＤＫ,55,1999年,ＲＣ,住宅,住宅,１中住専,60,200,2026年第1四半期,未改装,
中古マンション等,不動産取引価格情報,13121,東京都,足立区,谷中,北綾瀬,2,6500000,１Ｋ,15,1987年,ＲＣ,住宅,住宅,１中住専,60,300,2026年第1四半期,未改装,
中古マンション等,不動産取引価格情報,13121,東京都,足立区,谷中,北綾瀬,2,17000000,２ＤＫ,35,1975年,ＳＲＣ,住宅,住宅,近隣商業,80,400,2026年第1四半期,未改装,調停・競売等
中古マンション等,成約価格情報,13122,東京都,葛飾区,青戸,青砥,15,39000000,３ＬＤＫ,65,2004年,ＲＣ,,,準工業,,,2026年第1四半期,,
中古マンション等,成約価格情報,13122,東京都,葛飾区,青戸,お花茶屋,12,49000000,３ＬＤＫ,75,2005年,ＲＣ,,,準工業,,,2026年第1四半期,,
中古マンション等,成約価格情報,13122,東京都,葛飾区,青戸,青砥,3,65000000,２ＬＤＫ,60,2020年,ＲＣ,,,商業,,,2026年第1四半期,,
中古マンション等,成約価格情報,13122,東京都,葛飾区,青戸,青砥,5,29000000,１Ｋ,25,2022年,ＲＣ,,,準工業,,,2026年第1四半期,,
中古マンション等,成約価格情報,13122,東京都,葛飾区,青戸,青砥,13,58000000,３ＬＤＫ,70,2013年,ＲＣ,,,準工業,,,2026年第1四半期,,
中古マンション等,成約価格情報,13122,東京都,葛飾区,青戸,亀有,13,40000000,３ＬＤＫ,70,1998年,ＳＲＣ,,,準工業,,,2026年第1四半期,,
中古マンション等,成約価格情報,13122,東京都,葛飾区,青戸,青砥,13,60000000,３ＬＤＫ,75,2013年,ＲＣ,,,準工業,,,2026年第1四半期,,
中古マンション等,成約価格情報,13122,東京都,葛飾区,青戸,青砥,4,38000000,３ＬＤＫ,70,1993年,ＲＣ,,,１中住専,,,2026年第1四半期,,
中古マンション等,成約価格情報,13122,東京都,葛飾区,青戸,青砥,13,23000000,２ＬＤＫ,60,1990年,ＲＣ,,,準工業,,,2026年第1四半期,,
中古マンション等,成約価格情報,13122,東京都,葛飾区,青戸,青砥,12,44000000,３ＬＤＫ,70,2003年,ＳＲＣ,,,準工業,,,2026年第1四半期,,
中古マンション等,成約価格情報,13122,東京都,葛飾区,青戸,青砥,10,30000000,２ＬＤＫ,50,1991年,ＲＣ,,,準工業,,,2026年第1四半期,,
中古マンション等,成約価格情報,13122,東京都,葛飾区,青戸,青砥,7,44000000,４ＬＤＫ,80,1995年,ＲＣ,,,１中住専,,,2026年第1四半期,,
中古マンション等,成約価格情報,13122,東京都,葛飾区,青戸,青砥,6,70000000,３ＬＤＫ,65,2024年,ＲＣ,,,１種住居,,,2026年第1四半期,,
中古マンション等,成約価格情報,13122,東京都,葛飾区,青戸,青砥,2,74000000,２ＬＤＫ＋Ｓ,65,2022年,ＲＣ,,,商業,,,2026年第1四半期,,
中古マンション等,成約価格情報,13122,東京都,葛飾区,青戸,お花茶屋,9,48000000,３ＬＤＫ,65,2000年,ＳＲＣ,,,準工業,,,2026年第1四半期,,
中古マンション等,成約価格情報,13122,東京都,葛飾区,青戸,青砥,13,19000000,２ＬＤＫ,45,1976年,ＲＣ,,,準工業,,,2026年第1四半期,,
中古マンション等,成約価格情報,13122,東京都,葛飾区,奥戸,小岩,13,57000000,３ＬＤＫ,70,2023年,ＲＣ,,,１種住居,,,2026年第1四半期,,
中古マンション等,成約価格情報,13122,東京都,葛飾区,奥戸,小岩,12,57000000,３ＬＤＫ,70,2023年,ＲＣ,,,１種住居,,,2026年第1四半期,,
中古マンション等,成約価格情報,13122,東京都,葛飾区,奥戸,小岩,12,55000000,３ＬＤＫ,65,2023年,ＲＣ,,,１中住専,,,2026年第1四半期,,
中古マンション等,成約価格情報,13122,東京都,葛飾区,奥戸,小岩,17,43000000,３ＬＤＫ,60,2015年,ＲＣ,,,準工業,,,2026年第1四半期,,
中古マンション等,成約価格情報,13122,東京都,葛飾区,奥戸,青砥,15,44000000,４ＬＤＫ＋Ｓ,95,1999年,ＲＣ,,,準工業,,,2026年第1四半期,,
中古マンション等,成約価格情報,13122,東京都,葛飾区,奥戸,小岩,17,26000000,２ＬＤＫ,60,1988年,ＲＣ,,,１種住居,,,2026年第1四半期,,
中古マンション等,成約価格情報,13122,東京都,葛飾区,奥戸,小岩,17,50000000,３ＬＤＫ,65,2015年,ＲＣ,,,準工業,,,2026年第1四半期,,
中古マンション等,成約価格情報,13122,東京都,葛飾区,新小岩,新小岩,3,96000000,２ＬＤＫ＋Ｓ,70,2022年,ＲＣ,,,商業,,,2026年第1四半期,,
中古マンション等,成約価格情報,13122,東京都,葛飾区,新小岩,新小岩,3,96000000,３ＬＤＫ,70,2022年,ＲＣ,,,商業,,,2026年第1四半期,,
中古マンション等,成約価格情報,13122,東京都,葛飾区,新小岩,新小岩,3,99000000,３ＬＤＫ,70,2022年,ＲＣ,,,商業,,,2026年第1四半期,,
中古マンション等,成約価格情報,13122,東京都,葛飾区,新小岩,新小岩,3,88000000,３ＬＤＫ,70,2022年,ＲＣ,,,商業,,,2026年第1四半期,,
中古マンション等,成約価格情報,13122,東京都,葛飾区,新小岩,新小岩,4,17000000,１ＤＫ,30,1990年,ＲＣ,,,１種住居,,,2026年第1四半期,,
中古マンション等,成約価格情報,13122,東京都,葛飾区,新小岩,新小岩,3,87000000,２ＬＤＫ＋Ｓ,65,2022年,ＲＣ,,,商業,,,2026年第1四半期,,
中古マンション等,成約価格情報,13122,東京都,葛飾区,新小岩,新小岩,3,95000000,３ＬＤＫ,65,2022年,ＲＣ,,,商業,,,2026年第1四半期,,
中古マンション等,成約価格情報,13122,東京都,葛飾区,新小岩,新小岩,3,99000000,２ＬＤＫ＋Ｓ,70,2022年,ＲＣ,,,商業,,,2026年第1四半期,,
中古マンション等,成約価格情報,13122,東京都,葛飾区,新小岩,新小岩,4,62000000,１ＬＤＫ＋Ｓ,70,2005年,ＲＣ,,,商業,,,2026年第1四半期,,
中古マンション等,成約価格情報,13122,東京都,葛飾区,宝町,お花茶屋,10,23000000,３ＬＤＫ,65,1989年,ＲＣ,,,準工業,,,2026年第1四半期,,
中古マンション等,成約価格情報,13122,東京都,葛飾区,宝町,お花茶屋,9,28000000,１Ｋ,25,2023年,ＲＣ,,,工業,,,2026年第1四半期,,
中古マンション等,成約価格情報,13122,東京都,葛飾区,宝町,お花茶屋,2,30000000,２ＬＤＫ,55,1983年,ＲＣ,,,工業,,,2026年第1四半期,,
中古マンション等,成約価格情報,13122,東京都,葛飾区,東新小岩,新小岩,5,53000000,２ＬＤＫ,60,1995年,ＳＲＣ,,,商業,,,2026年第1四半期,,
中古マンション等,成約価格情報,13122,東京都,葛飾区,東新小岩,新小岩,17,34000000,１ＬＤＫ＋Ｓ,60,1996年,ＲＣ,,,準工業,,,2026年第1四半期,,
中古マンション等,成約価格情報,13122,東京都,葛飾区,東新小岩,新小岩,15,46000000,３ＬＤＫ,65,1996年,ＲＣ,,,準工業,,,2026年第1四半期,改装済み,
中古マンション等,成約価格情報,13122,東京都,葛飾区,東新小岩,新小岩,11,27000000,１Ｋ,25,2007年,ＲＣ,,,準工業,,,2026年第1四半期,,
中古マンション等,成約価格情報,13122,東京都,葛飾区,東新小岩,新小岩,7,70000000,２ＬＤＫ,55,2021年,ＲＣ,,,近隣商業,,,2026年第1四半期,,
中古マンション等,成約価格情報,13122,東京都,葛飾区,東新小岩,新小岩,14,44000000,３ＬＤＫ,70,2007年,ＲＣ,,,１種住居,,,2026年第1四半期,,
中古マンション等,成約価格情報,13122,東京都,葛飾区,東新小岩,新小岩,3,64000000,２ＬＤＫ＋Ｓ,70,1999年,ＳＲＣ,,,商業,,,2026年第1四半期,,
中古マンション等,成約価格情報,13122,東京都,葛飾区,東新小岩,新小岩,2,19000000,２ＤＫ,40,1979年,鉄骨造,,,商業,,,2026年第1四半期,,
中古マンション等,成約価格情報,13122,東京都,葛飾区,東新小岩,新小岩,13,22000000,１Ｋ,25,2020年,鉄骨造,,,近隣商業,,,2026年第1四半期,,
中古マンション等,成約価格情報,13122,東京都,葛飾区,金町,金町,9,85000000,４ＬＤＫ,80,2023年,ＲＣ,,,商業,,,2026年第1四半期,,
中古マンション等,成約価格情報,13122,東京都,葛飾区,金町,金町,3,52000000,１ＬＤＫ,45,2009年,ＲＣ,,,商業,,,2026年第1四半期,,
中古マンション等,成約価格情報,13122,東京都,葛飾区,金町,金町,3,81000000,３ＬＤＫ,80,2012年,ＲＣ,,,商業,,,2026年第1四半期,,
中古マンション等,成約価格情報,13122,東京都,葛飾区,金町,金町,6,30000000,２ＬＤＫ,65,1980年,ＲＣ,,,商業,,,2026年第1四半期,,
中古マンション等,成約価格情報,13122,東京都,葛飾区,金町,金町,9,60000000,２ＬＤＫ＋Ｓ,60,2023年,ＲＣ,,,商業,,,2026年第1四半期,,
中古マンション等,成約価格情報,13122,東京都,葛飾区,金町,金町,3,56000000,１ＬＤＫ,50,2009年,ＳＲＣ,,,商業,,,2026年第1四半期,,
中古マンション等,成約価格情報,13122,東京都,葛飾区,金町,金町,10,35000000,３ＬＤＫ,65,1985年,ＲＣ,,,１種住居,,,2026年第1四半期,改装済み,
中古マンション等,成約価格情報,13122,東京都,葛飾区,金町,金町,2,110000000,３ＬＤＫ,75,2021年,ＲＣ,,,商業,,,2026年第1四半期,,
中古マンション等,成約価格情報,13122,東京都,葛飾区,金町,金町,3,24000000,２ＬＤＫ＋Ｓ,55,1980年,ＲＣ,,,商業,,,2026年第1四半期,,
中古マンション等,成約価格情報,13122,東京都,葛飾区,鎌倉,新柴又,4,30000000,２ＬＤＫ,65,1983年,ＲＣ,,,１中住専,,,2026年第1四半期,,
中古マンション等,成約価格情報,13122,東京都,葛飾区,小菅,綾瀬,4,29000000,３ＬＤＫ,70,1979年,ＲＣ,,,１中住専,,,2026年第1四半期,,
中古マンション等,成約価格情報,13122,東京都,葛飾区,小菅,堀切菖蒲園,6,14000000,１Ｋ,20,2017年,ＲＣ,,,商業,,,2026年第1四半期,,
中古マンション等,成約価格情報,13122,東京都,葛飾区,小菅,綾瀬,5,30000000,３ＬＤＫ,65,1979年,ＲＣ,,,１中住専,,,2026年第1四半期,,
中古マンション等,成約価格情報,13122,東京都,葛飾区,小菅,綾瀬,8,50000000,３ＬＤＫ,70,1998年,ＲＣ,,,１中住専,,,2026年第1四半期,,
中古マンション等,成約価格情報,13122,東京都,葛飾区,柴又,柴又,9,26000000,３ＬＤＫ,70,1984年,ＳＲＣ,,,準工業,,,2026年第1四半期,,
中古マンション等,成約価格情報,13122,東京都,葛飾区,柴又,柴又,7,23000000,２ＬＤＫ＋Ｓ,60,1987年,ＲＣ,,,近隣商業,,,2026年第1四半期,,
中古マンション等,成約価格情報,13122,東京都,葛飾区,柴又,柴又,7,30000000,３ＬＤＫ,75,1997年,ＲＣ,,,１中住専,,,2026年第1四半期,,
中古マンション等,成約価格情報,13122,東京都,葛飾区,柴又,新柴又,7,19000000,１ＤＫ,35,1987年,ＲＣ,,,１中住専,,,2026年第1四半期,,
中古マンション等,成約価格情報,13122,東京都,葛飾区,柴又,柴又,7,27000000,３ＬＤＫ,60,1980年,ＲＣ,,,近隣商業,,,2026年第1四半期,,
中古マンション等,成約価格情報,13122,東京都,葛飾区,柴又,柴又,11,46000000,３ＬＤＫ,70,2004年,ＲＣ,,,準工業,,,2026年第1四半期,,
中古マンション等,成約価格情報,13122,東京都,葛飾区,柴又,新柴又,3,25000000,３ＬＤＫ,60,1987年,ＲＣ,,,近隣商業,,,2026年第1四半期,,
中古マンション等,成約価格情報,13122,東京都,葛飾区,柴又,柴又,10,25000000,３ＤＫ,50,1994年,ＲＣ,,,準工業,,,2026年第1四半期,,
中古マンション等,成約価格情報,13122,東京都,葛飾区,柴又,柴又,12,43000000,３ＬＤＫ,70,2005年,ＲＣ,,,準工業,,,2026年第1四半期,,
中古マンション等,成約価格情報,13122,東京都,葛飾区,柴又,柴又,9,25000000,３ＤＫ,50,1994年,ＲＣ,,,準工業,,,2026年第1四半期,,
中古マンション等,成約価格情報,13122,東京都,葛飾区,柴又,柴又,5,31000000,２ＬＤＫ,55,1984年,ＲＣ,,,１種住居,,,2026年第1四半期,改装済み,
中古マンション等,成約価格情報,13122,東京都,葛飾区,白鳥,お花茶屋,15,32000000,３ＬＤＫ,65,1982年,ＲＣ,,,工業,,,2026年第1四半期,,
中古マンション等,成約価格情報,13122,東京都,葛飾区,白鳥,お花茶屋,10,19000000,２ＤＫ,50,1978年,,,,工業,,,2026年第1四半期,改装済み,
中古マンション等,成約価格情報,13122,東京都,葛飾区,白鳥,お花茶屋,8,55000000,３ＬＤＫ,70,2005年,ＲＣ,,,工業,,,2026年第1四半期,,
中古マンション等,成約価格情報,13122,東京都,葛飾区,白鳥,お花茶屋,10,22000000,３ＤＫ,50,1978年,ＳＲＣ,,,工業,,,2026年第1四半期,,
中古マンション等,成約価格情報,13122,東京都,葛飾区,白鳥,お花茶屋,12,22000000,２ＬＤＫ,65,1981年,ＲＣ,,,工業,,,2026年第1四半期,,
中古マンション等,成約価格情報,13122,東京都,葛飾区,白鳥,お花茶屋,10,23000000,３ＤＫ,55,1983年,ＲＣ,,,工業,,,2026年第1四半期,,
中古マンション等,成約価格情報,13122,東京都,葛飾区,白鳥,お花茶屋,8,42000000,３ＬＤＫ,60,1996年,ＲＣ,,,工業,,,2026年第1四半期,改装済み,
中古マンション等,成約価格情報,13122,東京都,葛飾区,白鳥,お花茶屋,11,60000000,３ＬＤＫ,75,2023年,ＲＣ,,,工業,,,2026年第1四半期,,
中古マンション等,成約価格情報,13122,東京都,葛飾区,白鳥,お花茶屋,3,7700000,１Ｋ,20,1989年,ＲＣ,,,工業,,,2026年第1四半期,,
中古マンション等,成約価格情報,13122,東京都,葛飾区,白鳥,お花茶屋,10,13000000,３ＤＫ,50,1978年,ＲＣ,,,工業,,,2026年第1四半期,,
中古マンション等,成約価格情報,13122,東京都,葛飾区,白鳥,お花茶屋,5,44000000,３ＬＤＫ,80,2002年,ＳＲＣ,,,工業,,,2026年第1四半期,,
中古マンション等,成約価格情報,13122,東京都,葛飾区,高砂,青砥,10,38000000,３ＬＤＫ,65,2018年,ＲＣ,,,準工業,,,2026年第1四半期,,
中古マンション等,成約価格情報,13122,東京都,葛飾区,高砂,青砥,10,37000000,３ＬＤＫ,75,2018年,ＲＣ,,,準工業,,,2026年第1四半期,,
中古マンション等,成約価格情報,13122,東京都,葛飾区,高砂,京成高砂,4,60000000,２ＬＤＫ,75,2007年,ＲＣ,,,１種住居,,,2026年第1四半期,,
中古マンション等,成約価格情報,13122,東京都,葛飾区,高砂,青砥,9,31000000,２ＬＤＫ＋Ｓ,60,1995年,ＳＲＣ,,,準工業,,,2026年第1四半期,,
中古マンション等,成約価格情報,13122,東京都,葛飾区,高砂,押上,9,38000000,２ＬＤＫ,75,2018年,ＲＣ,,,準工業,,,2026年第1四半期,,
中古マンション等,成約価格情報,13122,東京都,葛飾区,高砂,京成高砂,7,60000000,３ＬＤＫ,75,2014年,ＲＣ,,,１中住専,,,2026年第1四半期,,
中古マンション等,成約価格情報,13122,東京都,葛飾区,高砂,京成高砂,5,9900000,２ＤＫ,50,1975年,ＲＣ,,,１種住居,,,2026年第1四半期,,
中古マンション等,成約価格情報,13122,東京都,葛飾区,新宿,金町,12,92000000,３ＬＤＫ＋Ｓ,80,2016年,ＲＣ,,,工業,,,2026年第1四半期,,
中古マンション等,成約価格情報,13122,東京都,葛飾区,新宿,金町,10,75000000,３ＬＤＫ,75,2021年,ＲＣ,,,工業,,,2026年第1四半期,,
中古マンション等,成約価格情報,13122,東京都,葛飾区,新宿,金町,12,100000000,４ＬＤＫ,85,2016年,ＲＣ,,,工業,,,2026年第1四半期,,
中古マンション等,成約価格情報,13122,東京都,葛飾区,新宿,亀有,18,36000000,３ＬＤＫ,65,2012年,ＲＣ,,,準工業,,,2026年第1四半期,,
中古マンション等,成約価格情報,13122,東京都,葛飾区,新宿,金町,12,83000000,３ＬＤＫ,70,2016年,ＲＣ,,,工業,,,2026年第1四半期,,
中古マンション等,成約価格情報,13122,東京都,葛飾区,新宿,金町,17,62000000,４ＬＤＫ,85,2015年,ＲＣ,,,１種住居,,,2026年第1四半期,,
中古マンション等,成約価格情報,13122,東京都,葛飾区,新宿,京成高砂,15,49000000,３ＬＤＫ,70,2015年,ＲＣ,,,１種住居,,,2026年第1四半期,,
中古マンション等,成約価格情報,13122,東京都,葛飾区,新宿,金町,12,74000000,３ＬＤＫ,65,2016年,ＲＣ,,,工業,,,2026年第1四半期,,
中古マンション等,成約価格情報,13122,東京都,葛飾区,新宿,金町,17,49000000,３ＬＤＫ,75,2015年,ＲＣ,,,１種住居,,,2026年第1四半期,,
中古マンション等,成約価格情報,13122,東京都,葛飾区,新宿,金町,12,86000000,３ＬＤＫ＋Ｓ,80,2016年,ＲＣ,,,工業,,,2026年第1四半期,改装済み,
中古マンション等,成約価格情報,13122,東京都,葛飾区,新宿,亀有,19,25000000,２ＤＫ,45,1981年,ＲＣ,,,１種住居,,,2026年第1四半期,,
中古マンション等,成約価格情報,13122,東京都,葛飾区,新宿,金町,13,61000000,３ＬＤＫ,70,2016年,ＲＣ,,,工業,,,2026年第1四半期,,
中古マンション等,成約価格情報,13122,東京都,葛飾区,新宿,金町,11,40000000,３ＬＤＫ,65,2000年,ＲＣ,,,１中住専,,,2026年第1四半期,,
中古マンション等,成約価格情報,13122,東京都,葛飾区,新宿,金町,12,70000000,３ＬＤＫ,70,2016年,ＲＣ,,,工業,,,2026年第1四半期,,
中古マンション等,成約価格情報,13122,東京都,葛飾区,西新小岩,新小岩,13,37000000,３ＬＤＫ,70,1996年,ＲＣ,,,準工業,,,2026年第1四半期,,
中古マンション等,成約価格情報,13122,東京都,葛飾区,西新小岩,新小岩,10,53000000,２ＬＤＫ＋Ｓ,65,1995年,ＳＲＣ,,,準工業,,,2026年第1四半期,,
中古マンション等,成約価格情報,13122,東京都,葛飾区,西新小岩,新小岩,2,15000000,１Ｋ,25,1989年,ＳＲＣ,,,商業,,,2026年第1四半期,,
中古マンション等,成約価格情報,13122,東京都,葛飾区,西新小岩,新小岩,16,29000000,２ＤＫ,55,1995年,ＲＣ,,,準工業,,,2026年第1四半期,,
中古マンション等,成約価格情報,13122,東京都,葛飾区,西新小岩,新小岩,9,10000000,１Ｒ,20,1987年,ＲＣ,,,準工業,,,2026年第1四半期,,
中古マンション等,成約価格情報,13122,東京都,葛飾区,東立石,京成立石,16,50000000,３ＬＤＫ,75,2014年,ＲＣ,,,工業,,,2026年第1四半期,,
中古マンション等,成約価格情報,13122,東京都,葛飾区,東立石,京成立石,6,60000000,２ＬＤＫ,55,2022年,ＲＣ,,,商業,,,2026年第1四半期,,
中古マンション等,成約価格情報,13122,東京都,葛飾区,東立石,京成立石,15,52000000,３ＬＤＫ,70,2014年,ＲＣ,,,工業,,,2026年第1四半期,,
中古マンション等,成約価格情報,13122,東京都,葛飾区,細田,京成高砂,10,27000000,２ＤＫ＋Ｓ,60,1988年,ＲＣ,,,１種住居,,,2026年第1四半期,,
中古マンション等,成約価格情報,13122,東京都,葛飾区,亀有,亀有,9,30000000,３Ｋ,55,1994年,ＲＣ,,,近隣商業,,,2026年第1四半期,,
中古マンション等,成約価格情報,13122,東京都,葛飾区,亀有,亀有,4,50000000,１ＬＤＫ＋Ｓ,60,2003年,ＳＲＣ,,,商業,,,2026年第1四半期,,
中古マンション等,成約価格情報,13122,東京都,葛飾区,亀有,亀有,4,49000000,２ＬＤＫ,55,2003年,ＳＲＣ,,,商業,,,2026年第1四半期,,
中古マンション等,成約価格情報,13122,東京都,葛飾区,亀有,亀有,3,34000000,１ＬＤＫ,85,1981年,ＳＲＣ,,,商業,,,2026年第1四半期,,
中古マンション等,成約価格情報,13122,東京都,葛飾区,亀有,亀有,8,71000000,３ＬＤＫ,85,2005年,ＲＣ,,,工業,,,2026年第1四半期,,
中古マンション等,成約価格情報,13122,東京都,葛飾区,亀有,亀有,5,68000000,３ＬＤＫ,65,2010年,ＲＣ,,,商業,,,2026年第1四半期,,
中古マンション等,成約価格情報,13122,東京都,葛飾区,立石,京成立石,4,36000000,２ＬＤＫ＋Ｓ,60,1995年,ＲＣ,,,近隣商業,,,2026年第1四半期,,
中古マンション等,成約価格情報,13122,東京都,葛飾区,立石,青砥,12,15000000,３ＤＫ,45,1980年,鉄骨造,,,工業,,,2026年第1四半期,,
中古マンション等,成約価格情報,13122,東京都,葛飾区,立石,お花茶屋,9,31000000,２ＬＤＫ,55,1982年,ＳＲＣ,,,準工業,,,2026年第1四半期,,
中古マンション等,成約価格情報,13122,東京都,葛飾区,立石,京成立石,5,56000000,２ＬＤＫ＋Ｓ,70,2014年,ＲＣ,,,準工業,,,2026年第1四半期,,
中古マンション等,成約価格情報,13122,東京都,葛飾区,立石,青砥,7,9800000,１Ｒ,25,1988年,ＲＣ,,,１種住居,,,2026年第1四半期,,
中古マンション等,成約価格情報,13122,東京都,葛飾区,立石,京成立石,9,28000000,１ＬＤＫ＋Ｓ,55,1983年,ＲＣ,,,準工業,,,2026年第1四半期,,
中古マンション等,成約価格情報,13122,東京都,葛飾区,西亀有,綾瀬,20,26000000,１Ｒ,60,1993年,ＲＣ,,,１中住専,,,2026年第1四半期,,
中古マンション等,成約価格情報,13122,東京都,葛飾区,西亀有,綾瀬,15,24000000,３ＬＤＫ,55,1994年,ＲＣ,,,２種住居,,,2026年第1四半期,,
中古マンション等,成約価格情報,13122,東京都,葛飾区,西亀有,お花茶屋,16,22000000,３ＤＫ,50,1990年,鉄骨造,,,１中住専,,,2026年第1四半期,,
中古マンション等,成約価格情報,13122,東京都,葛飾区,西亀有,綾瀬,11,68000000,３ＬＤＫ,70,2020年,ＲＣ,,,１中住専,,,2026年第1四半期,,
中古マンション等,成約価格情報,13122,東京都,葛飾区,東金町,金町,10,7000000,２ＤＫ,35,1973年,ＲＣ,,,１中住専,,,2026年第1四半期,,
中古マンション等,成約価格情報,13122,東京都,葛飾区,東金町,金町,7,52000000,２ＬＤＫ,55,2022年,ＲＣ,,,準工業,,,2026年第1四半期,,
中古マンション等,成約価格情報,13122,東京都,葛飾区,東金町,金町,7,75000000,２ＬＤＫ,80,2010年,ＲＣ,,,準工業,,,2026年第1四半期,,
中古マンション等,成約価格情報,13122,東京都,葛飾区,東金町,金町,7,75000000,３ＬＤＫ,75,2022年,ＲＣ,,,１種住居,,,2026年第1四半期,,
中古マンション等,成約価格情報,13122,東京都,葛飾区,東堀切,お花茶屋,11,29000000,３ＬＤＫ,65,1990年,ＲＣ,,,１種住居,,,2026年第1四半期,,
中古マンション等,成約価格情報,13122,東京都,葛飾区,東堀切,お花茶屋,12,24000000,２ＤＫ,45,1985年,ＲＣ,,,１中住専,,,2026年第1四半期,,
中古マンション等,成約価格情報,13122,東京都,葛飾区,東堀切,お花茶屋,12,42000000,２ＬＤＫ＋Ｓ,70,1996年,ＲＣ,,,１中住専,,,2026年第1四半期,,
中古マンション等,成約価格情報,13122,東京都,葛飾区,東堀切,お花茶屋,11,22000000,２ＬＤＫ,50,1981年,ＲＣ,,,１種住居,,,2026年第1四半期,,
中古マンション等,成約価格情報,13122,東京都,葛飾区,東水元,金町,,23000000,３ＬＤＫ,75,1997年,ＲＣ,,,２低住専,,,2026年第1四半期,,
中古マンション等,成約価格情報,13122,東京都,葛飾区,堀切,堀切菖蒲園,10,18000000,１ＬＤＫ＋Ｓ,65,1981年,ＲＣ,,,準工業,,,2026年第1四半期,,
中古マンション等,成約価格情報,13122,東京都,葛飾区,堀切,堀切菖蒲園,10,43000000,２ＬＤＫ,55,2017年,ＲＣ,,,準工業,,,2026年第1四半期,,
中古マンション等,成約価格情報,13122,東京都,葛飾区,堀切,堀切菖蒲園,9,50000000,３ＬＤＫ,55,2021年,ＲＣ,,,準工業,,,2026年第1四半期,,
中古マンション等,成約価格情報,13122,東京都,葛飾区,堀切,堀切菖蒲園,3,48000000,３ＬＤＫ,65,2015年,ＲＣ,,,準工業,,,2026年第1四半期,,
中古マンション等,成約価格情報,13122,東京都,葛飾区,堀切,四ツ木,15,34000000,３ＬＤＫ,60,1996年,ＲＣ,,,準工業,,,2026年第1四半期,,
中古マンション等,成約価格情報,13122,東京都,葛飾区,堀切,堀切菖蒲園,2,21000000,３ＬＤＫ,70,1987年,ＳＲＣ,,,近隣商業,,,2026年第1四半期,,
中古マンション等,成約価格情報,13122,東京都,葛飾区,堀切,綾瀬,15,29000000,１ＬＤＫ,60,2008年,ＲＣ,,,１中住専,,,2026年第1四半期,,
中古マンション等,成約価格情報,13122,東京都,葛飾区,堀切,綾瀬,11,17000000,１Ｋ,20,2021年,ＲＣ,,,近隣商業,,,2026年第1四半期,,
中古マンション等,成約価格情報,13122,東京都,葛飾区,堀切,堀切菖蒲園,13,18000000,３ＬＤＫ,80,1990年,ＲＣ,,,準工業,,,2026年第1四半期,,
中古マンション等,成約価格情報,13122,東京都,葛飾区,堀切,堀切菖蒲園,9,17000000,１Ｒ,25,2016年,ＲＣ,,,近隣商業,,,2026年第1四半期,,
中古マンション等,成約価格情報,13122,東京都,葛飾区,四つ木,四ツ木,10,28000000,３ＬＤＫ,65,1990年,ＲＣ,,,準工業,,,2026年第1四半期,改装済み,
中古マンション等,成約価格情報,13122,東京都,葛飾区,四つ木,四ツ木,6,21000000,２ＤＫ,45,1986年,ＳＲＣ,,,商業,,,2026年第1四半期,,
中古マンション等,成約価格情報,13122,東京都,葛飾区,四つ木,四ツ木,9,48000000,２ＬＤＫ,55,2015年,ＲＣ,,,商業,,,2026年第1四半期,,
中古マンション等,成約価格情報,13122,東京都,葛飾区,四つ木,四ツ木,10,60000000,４ＬＤＫ,90,2002年,ＲＣ,,,準工業,,,2026年第1四半期,,
中古マンション等,成約価格情報,13122,東京都,葛飾区,四つ木,四ツ木,11,47000000,２ＬＤＫ,65,2011年,ＲＣ,,,準工業,,,2026年第1四半期,,
中古マンション等,成約価格情報,13122,東京都,葛飾区,四つ木,四ツ木,11,30000000,２ＬＤＫ＋Ｓ,55,2005年,ＲＣ,,,準工業,,,2026年第1四半期,,
中古マンション等,成約価格情報,13122,東京都,葛飾区,四つ木,四ツ木,13,39000000,３ＬＤＫ,65,1994年,ＳＲＣ,,,準工業,,,2026年第1四半期,,
中古マンション等,成約価格情報,13122,東京都,葛飾区,お花茶屋,お花茶屋,5,7300000,１Ｒ,20,1988年,ＲＣ,,,１種住居,,,2026年第1四半期,,
中古マンション等,成約価格情報,13122,東京都,葛飾区,東四つ木,四ツ木,13,29000000,３ＤＫ,60,1991年,ＳＲＣ,,,工業,,,2026年第1四半期,,
中古マンション等,成約価格情報,13122,東京都,葛飾区,東四つ木,四ツ木,10,40000000,３ＬＤＫ,70,2007年,ＲＣ,,,工業,,,2026年第1四半期,,
中古マンション等,成約価格情報,13122,東京都,葛飾区,東四つ木,四ツ木,15,36000000,３ＬＤＫ,65,1988年,ＳＲＣ,,,工業,,,2026年第1四半期,改装済み,
中古マンション等,成約価格情報,13122,東京都,葛飾区,東四つ木,四ツ木,9,39000000,２ＬＤＫ,60,2018年,ＲＣ,,,工業,,,2026年第1四半期,,
中古マンション等,成約価格情報,13122,東京都,葛飾区,南水元,金町,15,36000000,２ＬＤＫ＋Ｓ,70,2008年,ＲＣ,,,１中住専,,,2026年第1四半期,,
中古マンション等,成約価格情報,13122,東京都,葛飾区,南水元,金町,12,48000000,３ＬＤＫ,80,2005年,ＲＣ,,,１中住専,,,2026年第1四半期,,
中古マンション等,成約価格情報,13122,東京都,葛飾区,南水元,金町,13,51000000,３ＬＤＫ,75,2005年,ＲＣ,,,１中住専,,,2026年第1四半期,,
中古マンション等,不動産取引価格情報,13122,東京都,葛飾区,青戸,青砥,5,31000000,１Ｋ,20,,,,住宅,準工業,60,400,2026年第1四半期,未改装,
中古マンション等,不動産取引価格情報,13122,東京都,葛飾区,青戸,青砥,5,40000000,１ＬＤＫ,30,,,,住宅,準工業,60,400,2026年第1四半期,未改装,
中古マンション等,不動産取引価格情報,13122,東京都,葛飾区,青戸,青砥,14,60000000,３ＬＤＫ,70,2013年,ＲＣ,,住宅,準工業,60,200,2026年第1四半期,,
中古マンション等,不動産取引価格情報,13122,東京都,葛飾区,奥戸,小岩,19,43000000,３ＬＤＫ,55,2015年,ＲＣ,,住宅,準工業,60,400,2026年第1四半期,未改装,
中古マンション等,不動産取引価格情報,13122,東京都,葛飾区,お花茶屋,お花茶屋,4,7300000,１Ｋ,15,1988年,ＲＣ,住宅,住宅,１種住居,60,200,2026年第1四半期,未改装,
中古マンション等,不動産取引価格情報,13122,東京都,葛飾区,金町,金町,11,36000000,１Ｋ,25,2025年,ＲＣ,住宅,住宅,準工業,60,400,2026年第1四半期,未改装,
中古マンション等,不動産取引価格情報,13122,東京都,葛飾区,金町,金町,10,40000000,,65,2000年,ＲＣ,住宅,住宅,準工業,60,200,2026年第1四半期,未改装,
中古マンション等,不動産取引価格情報,13122,東京都,葛飾区,亀有,亀有,2,67000000,３ＬＤＫ,70,1996年,ＳＲＣ,住宅,住宅,商業,80,600,2026年第1四半期,改装済み,
中古マンション等,不動産取引価格情報,13122,東京都,葛飾区,亀有,亀有,6,75000000,２ＬＤＫ,65,2009年,ＲＣ,住宅,住宅,商業,80,500,2026年第1四半期,改装済み,
中古マンション等,不動産取引価格情報,13122,東京都,葛飾区,亀有,亀有,8,20000000,１Ｋ,20,2007年,ＲＣ,住宅,住宅,近隣商業,80,300,2026年第1四半期,未改装,
中古マンション等,不動産取引価格情報,13122,東京都,葛飾区,小菅,綾瀬,11,29000000,１Ｋ,20,2023年,ＲＣ,住宅,住宅,近隣商業,80,400,2026年第1四半期,未改装,
中古マンション等,不動産取引価格情報,13122,東京都,葛飾区,柴又,柴又,10,35000000,３ＬＤＫ,55,1984年,ＳＲＣ,住宅,住宅,準工業,60,200,2026年第1四半期,改装済み,
中古マンション等,不動産取引価格情報,13122,東京都,葛飾区,柴又,柴又,1,58000000,３ＬＤＫ,60,2021年,ＲＣ,住宅,住宅,近隣商業,80,300,2026年第1四半期,未改装,
中古マンション等,不動産取引価格情報,13122,東京都,葛飾区,柴又,柴又,1,53000000,３ＬＤＫ,60,2021年,ＲＣ,住宅,住宅,近隣商業,80,300,2026年第1四半期,未改装,
中古マンション等,不動産取引価格情報,13122,東京都,葛飾区,柴又,柴又,8,41000000,２ＬＤＫ,55,2001年,ＲＣ,住宅,住宅,準工業,60,200,2026年第1四半期,改装済み,
中古マンション等,不動産取引価格情報,13122,東京都,葛飾区,白鳥,お花茶屋,9,7100000,１Ｋ,20,1990年,ＲＣ,住宅,住宅,工業,60,200,2026年第1四半期,未改装,調停・競売等
中古マンション等,不動産取引価格情報,13122,東京都,葛飾区,白鳥,お花茶屋,8,47000000,３ＬＤＫ,60,2012年,ＲＣ,住宅,住宅,工業,60,400,2026年第1四半期,改装済み,
中古マンション等,不動産取引価格情報,13122,東京都,葛飾区,新小岩,新小岩,4,89000000,,60,2022年,ＲＣ,,住宅,商業,80,400,2026年第1四半期,改装済み,
中古マンション等,不動産取引価格情報,13122,東京都,葛飾区,新小岩,新小岩,6,14000000,１Ｋ,15,1990年,ＲＣ,住宅,住宅,１種住居,60,300,2026年第1四半期,未改装,
中古マンション等,不動産取引価格情報,13122,東京都,葛飾区,新小岩,新小岩,4,96000000,３ＬＤＫ,65,2022年,ＲＣ,住宅,住宅,商業,80,400,2026年第1四半期,未改装,
中古マンション等,不動産取引価格情報,13122,東京都,葛飾区,新小岩,新小岩,7,14000000,１Ｋ,25,1990年,ＲＣ,住宅,,１種住居,60,300,2026年第1四半期,,
中古マンション等,不動産取引価格情報,13122,東京都,葛飾区,立石,青砥,13,34000000,３ＬＤＫ,65,1998年,ＲＣ,住宅,住宅,工業,60,200,2026年第1四半期,改装済み,
中古マンション等,不動産取引価格情報,13122,東京都,葛飾区,新宿,金町,11,17000000,３ＬＤＫ,65,1975年,ＲＣ,住宅,住宅,１種住居,60,200,2026年第1四半期,未改装,
中古マンション等,不動産取引価格情報,13122,東京都,葛飾区,西新小岩,新小岩,13,38000000,２ＤＫ,45,1993年,ＳＲＣ,,住宅,準工業,60,400,2026年第1四半期,改装済み,
中古マンション等,不動産取引価格情報,13122,東京都,葛飾区,西新小岩,新小岩,10,38000000,２ＬＤＫ,50,1990年,ＲＣ,住宅,住宅,準工業,60,200,2026年第1四半期,改装済み,
中古マンション等,不動産取引価格情報,13122,東京都,葛飾区,東新小岩,新小岩,6,25000000,３ＤＫ,50,1973年,ＳＲＣ,住宅,住宅,近隣商業,80,400,2026年第1四半期,未改装,
中古マンション等,不動産取引価格情報,13122,東京都,葛飾区,東立石,京成立石,8,18000000,３ＬＤＫ,60,1984年,ＲＣ,住宅,住宅,準工業,60,200,2026年第1四半期,未改装,
中古マンション等,不動産取引価格情報,13122,東京都,葛飾区,東四つ木,四ツ木,12,31000000,３ＬＤＫ,55,1999年,ＲＣ,住宅,住宅,工業,60,200,2026年第1四半期,,
中古マンション等,不動産取引価格情報,13122,東京都,葛飾区,南水元,金町,16,42000000,３ＬＤＫ,75,1991年,ＲＣ,住宅,住宅,近隣商業,80,300,2026年第1四半期,改装済み,
中古マンション等,不動産取引価格情報,13122,東京都,葛飾区,南水元,金町,15,39000000,３ＬＤＫ,70,2005年,ＲＣ,住宅,住宅,１中住専,60,200,2026年第1四半期,未改装,
中古マンション等,成約価格情報,13123,東京都,江戸川区,一之江,一之江,4,73000000,３ＬＤＫ,80,2020年,ＲＣ,,,準工業,,,2026年第1四半期,,
中古マンション等,成約価格情報,13123,東京都,江戸川区,一之江,一之江,2,46000000,１ＬＤＫ＋Ｓ,65,2004年,ＲＣ,,,１種住居,,,2026年第1四半期,,
中古マンション等,成約価格情報,13123,東京都,江戸川区,一之江,一之江,10,62000000,３ＬＤＫ,75,2014年,ＲＣ,,,１中住専,,,2026年第1四半期,,
中古マンション等,成約価格情報,13123,東京都,江戸川区,一之江,一之江,10,55000000,４ＬＤＫ,95,1997年,ＲＣ,,,２種住居,,,2026年第1四半期,,
中古マンション等,成約価格情報,13123,東京都,江戸川区,大杉,一之江,,22000000,３ＬＤＫ,70,2000年,ＲＣ,,,準工業,,,2026年第1四半期,,
中古マンション等,成約価格情報,13123,東京都,江戸川区,中葛西,西葛西,8,36000000,２ＬＤＫ,75,1975年,ＳＲＣ,,,１種住居,,,2026年第1四半期,,
中古マンション等,成約価格情報,13123,東京都,江戸川区,中葛西,西葛西,14,51000000,４ＬＤＫ,90,2000年,ＲＣ,,,１種住居,,,2026年第1四半期,,
中古マンション等,成約価格情報,13123,東京都,江戸川区,中葛西,葛西,10,34000000,２ＬＤＫ,75,1977年,ＳＲＣ,,,近隣商業,,,2026年第1四半期,,
中古マンション等,成約価格情報,13123,東京都,江戸川区,中葛西,葛西,8,45000000,３ＬＤＫ,75,2006年,ＲＣ,,,１種住居,,,2026年第1四半期,,
中古マンション等,成約価格情報,13123,東京都,江戸川区,中葛西,葛西,8,59000000,４ＬＤＫ,85,2008年,ＲＣ,,,１種住居,,,2026年第1四半期,,
中古マンション等,成約価格情報,13123,東京都,江戸川区,中葛西,葛西,9,11000000,１ＤＫ,25,1977年,ＳＲＣ,,,２種住居,,,2026年第1四半期,,
中古マンション等,成約価格情報,13123,東京都,江戸川区,中葛西,西葛西,15,47000000,３ＬＤＫ,80,2000年,ＲＣ,,,１種住居,,,2026年第1四半期,,
中古マンション等,成約価格情報,13123,東京都,江戸川区,中葛西,葛西,9,15000000,１Ｋ,25,1978年,ＳＲＣ,,,準工業,,,2026年第1四半期,,
中古マンション等,成約価格情報,13123,東京都,江戸川区,中葛西,葛西,3,62000000,２ＬＤＫ＋Ｓ,75,2007年,ＲＣ,,,商業,,,2026年第1四半期,,
中古マンション等,成約価格情報,13123,東京都,江戸川区,中葛西,葛西,7,56000000,２ＬＤＫ,70,2017年,ＲＣ,,,１種住居,,,2026年第1四半期,,
中古マンション等,成約価格情報,13123,東京都,江戸川区,中葛西,葛西,11,8200000,１Ｋ,25,1976年,ＳＲＣ,,,１種住居,,,2026年第1四半期,,
中古マンション等,成約価格情報,13123,東京都,江戸川区,中葛西,葛西,9,24000000,２ＬＤＫ,60,1979年,ＲＣ,,,１種住居,,,2026年第1四半期,,
中古マンション等,成約価格情報,13123,東京都,江戸川区,中葛西,葛西,12,50000000,３ＬＤＫ,65,2001年,ＲＣ,,,１種住居,,,2026年第1四半期,,
中古マンション等,成約価格情報,13123,東京都,江戸川区,中葛西,葛西,15,45000000,３ＬＤＫ,75,1995年,ＲＣ,,,１種住居,,,2026年第1四半期,,
中古マンション等,成約価格情報,13123,東京都,江戸川区,中葛西,葛西,7,80000000,３ＬＤＫ,75,2017年,ＲＣ,,,近隣商業,,,2026年第1四半期,,
中古マンション等,成約価格情報,13123,東京都,江戸川区,中葛西,葛西,2,70000000,２ＬＤＫ,65,2015年,ＲＣ,,,近隣商業,,,2026年第1四半期,,
中古マンション等,成約価格情報,13123,東京都,江戸川区,中葛西,葛西,2,46000000,３ＬＤＫ,75,2000年,ＲＣ,,,近隣商業,,,2026年第1四半期,,
中古マンション等,成約価格情報,13123,東京都,江戸川区,中葛西,葛西,8,11000000,１Ｒ,25,1977年,ＳＲＣ,,,１種住居,,,2026年第1四半期,,
中古マンション等,成約価格情報,13123,東京都,江戸川区,東小岩,小岩,12,47000000,３ＬＤＫ,80,2008年,ＲＣ,,,近隣商業,,,2026年第1四半期,,
中古マンション等,成約価格情報,13123,東京都,江戸川区,東小岩,小岩,11,60000000,３ＬＤＫ,65,2017年,ＲＣ,,,１種住居,,,2026年第1四半期,,
中古マンション等,成約価格情報,13123,東京都,江戸川区,東小岩,小岩,13,25000000,１ＬＤＫ,55,1973年,ＳＲＣ,,,１種住居,,,2026年第1四半期,,
中古マンション等,成約価格情報,13123,東京都,江戸川区,南葛西,葛西,,30000000,２ＬＤＫ,65,1979年,ＳＲＣ,,,２種住居,,,2026年第1四半期,,
中古マンション等,成約価格情報,13123,東京都,江戸川区,南葛西,葛西臨海公園,11,50000000,３ＬＤＫ,70,2014年,ＲＣ,,,１種住居,,,2026年第1四半期,,
中古マンション等,成約価格情報,13123,東京都,江戸川区,南葛西,葛西,,30000000,３ＬＤＫ,75,1979年,ＳＲＣ,,,１種住居,,,2026年第1四半期,,
中古マンション等,成約価格情報,13123,東京都,江戸川区,南葛西,葛西臨海公園,20,35000000,３ＬＤＫ,80,1998年,ＲＣ,,,１種住居,,,2026年第1四半期,,
中古マンション等,成約価格情報,13123,東京都,江戸川区,南葛西,葛西,18,43000000,２ＬＤＫ,65,2017年,ＲＣ,,,１種住居,,,2026年第1四半期,,
中古マンション等,成約価格情報,13123,東京都,江戸川区,南葛西,葛西,22,34000000,２ＬＤＫ,70,2016年,ＲＣ,,,１種住居,,,2026年第1四半期,,
中古マンション等,成約価格情報,13123,東京都,江戸川区,南葛西,葛西,,35000000,３ＬＤＫ,85,1980年,ＳＲＣ,,,２種住居,,,2026年第1四半期,,
中古マンション等,成約価格情報,13123,東京都,江戸川区,南葛西,葛西,,29000000,３ＤＫ＋Ｓ,70,1979年,ＳＲＣ,,,１中住専,,,2026年第1四半期,,
中古マンション等,成約価格情報,13123,東京都,江戸川区,南葛西,葛西,,44000000,２ＬＤＫ＋Ｓ,70,1977年,ＳＲＣ,,,１中住専,,,2026年第1四半期,,
中古マンション等,成約価格情報,13123,東京都,江戸川区,南葛西,葛西,,22000000,３ＤＫ,65,1979年,ＳＲＣ,,,１種住居,,,2026年第1四半期,,
中古マンション等,成約価格情報,13123,東京都,江戸川区,南篠崎町,瑞江,7,52000000,２ＬＤＫ,55,2022年,ＲＣ,,,１種住居,,,2026年第1四半期,,
中古マンション等,成約価格情報,13123,東京都,江戸川区,南篠崎町,瑞江,17,27000000,２ＬＤＫ,65,1980年,ＳＲＣ,,,１種住居,,,2026年第1四半期,,
中古マンション等,成約価格情報,13123,東京都,江戸川区,南篠崎町,瑞江,12,66000000,３ＬＤＫ,75,2024年,ＲＣ,,,１種住居,,,2026年第1四半期,,
中古マンション等,成約価格情報,13123,東京都,江戸川区,南篠崎町,瑞江,6,58000000,３ＬＤＫ,70,2023年,ＲＣ,,,１種住居,,,2026年第1四半期,,
中古マンション等,成約価格情報,13123,東京都,江戸川区,南篠崎町,瑞江,9,51000000,２ＬＤＫ＋Ｓ,65,2015年,ＲＣ,,,準工業,,,2026年第1四半期,,
中古マンション等,成約価格情報,13123,東京都,江戸川区,南篠崎町,瑞江,6,47000000,３ＬＤＫ,60,2020年,ＲＣ,,,準工業,,,2026年第1四半期,,
中古マンション等,成約価格情報,13123,東京都,江戸川区,南篠崎町,瑞江,5,56000000,３ＬＤＫ,80,1998年,ＲＣ,,,１種住居,,,2026年第1四半期,,
中古マンション等,成約価格情報,13123,東京都,江戸川区,南篠崎町,瑞江,5,55000000,３ＬＤＫ,75,1998年,ＲＣ,,,１中住専,,,2026年第1四半期,,
中古マンション等,成約価格情報,13123,東京都,江戸川区,江戸川,瑞江,15,52000000,３ＬＤＫ,90,2003年,ＲＣ,,,１中住専,,,2026年第1四半期,,
中古マンション等,成約価格情報,13123,東京都,江戸川区,江戸川,瑞江,9,45000000,３ＬＤＫ,85,1992年,ＲＣ,,,近隣商業,,,2026年第1四半期,,
中古マンション等,成約価格情報,13123,東京都,江戸川区,北葛西,西葛西,13,18000000,１ＤＫ,35,1994年,ＳＲＣ,,,１種住居,,,2026年第1四半期,,
中古マンション等,成約価格情報,13123,東京都,江戸川区,北葛西,西葛西,13,48000000,３ＬＤＫ,75,1994年,ＳＲＣ,,,１種住居,,,2026年第1四半期,改装済み,
中古マンション等,成約価格情報,13123,東京都,江戸川区,北葛西,船堀,11,40000000,２ＬＤＫ,65,2009年,ＲＣ,,,準工業,,,2026年第1四半期,,
中古マンション等,成約価格情報,13123,東京都,江戸川区,北葛西,西葛西,11,61000000,３ＬＤＫ＋Ｓ,80,2009年,ＳＲＣ,,,近隣商業,,,2026年第1四半期,,
中古マンション等,成約価格情報,13123,東京都,江戸川区,北小岩,京成小岩,3,14000000,３ＤＫ,50,1973年,ＳＲＣ,,,商業,,,2026年第1四半期,,
中古マンション等,成約価格情報,13123,東京都,江戸川区,北小岩,新柴又,5,42000000,３ＬＤＫ,85,2005年,ＲＣ,,,１中住専,,,2026年第1四半期,,
中古マンション等,成約価格情報,13123,東京都,江戸川区,北小岩,京成小岩,5,20000000,１ＬＤＫ,40,1974年,ＳＲＣ,,,１種住居,,,2026年第1四半期,,
中古マンション等,成約価格情報,13123,東京都,江戸川区,北小岩,京成小岩,2,50000000,２ＬＤＫ,65,2003年,ＳＲＣ,,,商業,,,2026年第1四半期,改装済み,
中古マンション等,成約価格情報,13123,東京都,江戸川区,北小岩,京成小岩,3,51000000,３ＬＤＫ,70,2016年,ＲＣ,,,１種住居,,,2026年第1四半期,,
中古マンション等,成約価格情報,13123,東京都,江戸川区,北小岩,京成小岩,3,26000000,３ＬＤＫ,50,1973年,ＳＲＣ,,,商業,,,2026年第1四半期,,
中古マンション等,成約価格情報,13123,東京都,江戸川区,小松川,東大島,2,51000000,２ＬＤＫ＋Ｓ,75,1988年,ＳＲＣ,,,１種住居,,,2026年第1四半期,,
中古マンション等,成約価格情報,13123,東京都,江戸川区,小松川,東大島,15,37000000,２ＬＤＫ,70,1996年,ＳＲＣ,,,１種住居,,,2026年第1四半期,,
中古マンション等,成約価格情報,13123,東京都,江戸川区,小松川,平井(東京),15,55000000,２ＬＤＫ,75,2001年,ＳＲＣ,,,準工業,,,2026年第1四半期,,
中古マンション等,成約価格情報,13123,東京都,江戸川区,小松川,東大島,11,36000000,３ＤＫ,70,1986年,ＳＲＣ,,,近隣商業,,,2026年第1四半期,,
中古マンション等,成約価格情報,13123,東京都,江戸川区,小松川,平井(東京),15,55000000,４ＬＤＫ,85,2001年,ＳＲＣ,,,準工業,,,2026年第1四半期,,
中古マンション等,成約価格情報,13123,東京都,江戸川区,篠崎町,篠崎,5,50000000,１ＬＤＫ＋Ｓ,55,2019年,ＲＣ,,,近隣商業,,,2026年第1四半期,,
中古マンション等,成約価格情報,13123,東京都,江戸川区,篠崎町,篠崎,16,6700000,２Ｋ,30,1971年,ＲＣ,,,１中住専,,,2026年第1四半期,,
中古マンション等,成約価格情報,13123,東京都,江戸川区,篠崎町,篠崎,4,30000000,１ＬＤＫ,35,2009年,ＲＣ,,,１種住居,,,2026年第1四半期,,
中古マンション等,成約価格情報,13123,東京都,江戸川区,船堀,船堀,8,35000000,３ＬＤＫ,75,1986年,ＲＣ,,,準工業,,,2026年第1四半期,,
中古マンション等,成約価格情報,13123,東京都,江戸川区,船堀,船堀,8,47000000,３ＬＤＫ,65,2005年,ＲＣ,,,１種住居,,,2026年第1四半期,,
中古マンション等,成約価格情報,13123,東京都,江戸川区,船堀,船堀,5,69000000,２ＬＤＫ＋Ｓ,70,2017年,ＲＣ,,,準工業,,,2026年第1四半期,,
中古マンション等,成約価格情報,13123,東京都,江戸川区,船堀,船堀,5,65000000,２ＬＤＫ＋Ｓ,65,2017年,ＲＣ,,,準工業,,,2026年第1四半期,,
中古マンション等,成約価格情報,13123,東京都,江戸川区,船堀,船堀,4,69000000,２ＬＤＫ＋Ｓ,75,2013年,ＲＣ,,,準工業,,,2026年第1四半期,,
中古マンション等,成約価格情報,13123,東京都,江戸川区,船堀,船堀,2,73000000,２ＬＤＫ＋Ｓ,75,1999年,ＳＲＣ,,,商業,,,2026年第1四半期,,
中古マンション等,成約価格情報,13123,東京都,江戸川区,船堀,船堀,6,44000000,２ＬＤＫ＋Ｓ,60,1996年,ＳＲＣ,,,近隣商業,,,2026年第1四半期,,
中古マンション等,成約価格情報,13123,東京都,江戸川区,船堀,船堀,12,75000000,３ＬＤＫ,110,2001年,ＲＣ,,,準工業,,,2026年第1四半期,改装済み,
中古マンション等,成約価格情報,13123,東京都,江戸川区,船堀,船堀,7,57000000,３ＬＤＫ,80,1980年,ＳＲＣ,,,１種住居,,,2026年第1四半期,,
中古マンション等,成約価格情報,13123,東京都,江戸川区,船堀,船堀,7,35000000,３ＬＤＫ,75,1980年,ＳＲＣ,,,１種住居,,,2026年第1四半期,,
中古マンション等,成約価格情報,13123,東京都,江戸川区,船堀,船堀,3,53000000,３ＬＤＫ,75,1996年,ＳＲＣ,,,近隣商業,,,2026年第1四半期,,
中古マンション等,成約価格情報,13123,東京都,江戸川区,船堀,船堀,5,73000000,２ＬＤＫ＋Ｓ,70,2017年,ＲＣ,,,準工業,,,2026年第1四半期,,
中古マンション等,成約価格情報,13123,東京都,江戸川区,船堀,船堀,6,70000000,３ＬＤＫ,70,2005年,ＲＣ,,,近隣商業,,,2026年第1四半期,,
中古マンション等,成約価格情報,13123,東京都,江戸川区,船堀,船堀,3,100000000,３ＬＤＫ,75,2025年,ＲＣ,,,商業,,,2026年第1四半期,,
中古マンション等,成約価格情報,13123,東京都,江戸川区,本一色,新小岩,18,61000000,３ＬＤＫ,75,2017年,ＲＣ,,,準工業,,,2026年第1四半期,改装済み,
中古マンション等,成約価格情報,13123,東京都,江戸川区,本一色,新小岩,18,66000000,３ＬＤＫ,75,2017年,ＲＣ,,,準工業,,,2026年第1四半期,改装済み,
中古マンション等,成約価格情報,13123,東京都,江戸川区,清新町,西葛西,13,32000000,２ＬＤＫ,65,1986年,ＲＣ,,,１中住専,,,2026年第1四半期,改装済み,
中古マンション等,成約価格情報,13123,東京都,江戸川区,清新町,西葛西,10,49000000,３ＬＤＫ,80,1983年,ＳＲＣ,,,１中住専,,,2026年第1四半期,,
中古マンション等,成約価格情報,13123,東京都,江戸川区,清新町,西葛西,10,54000000,３ＬＤＫ,75,1983年,ＳＲＣ,,,１中住専,,,2026年第1四半期,,
中古マンション等,成約価格情報,13123,東京都,江戸川区,清新町,西葛西,10,34000000,２ＬＤＫ,60,1984年,ＳＲＣ,,,１中住専,,,2026年第1四半期,,
中古マンション等,成約価格情報,13123,東京都,江戸川区,清新町,西葛西,14,92000000,４ＬＤＫ,85,2020年,ＲＣ,,,１中住専,,,2026年第1四半期,,
中古マンション等,成約価格情報,13123,東京都,江戸川区,清新町,西葛西,9,44000000,２ＬＤＫ,60,1984年,ＳＲＣ,,,１中住専,,,2026年第1四半期,,
中古マンション等,成約価格情報,13123,東京都,江戸川区,清新町,西葛西,8,68000000,４ＬＤＫ,110,1983年,ＳＲＣ,,,１中住専,,,2026年第1四半期,,
中古マンション等,成約価格情報,13123,東京都,江戸川区,中央,新小岩,18,41000000,３ＬＤＫ,75,2007年,ＲＣ,,,準工業,,,2026年第1四半期,,
中古マンション等,成約価格情報,13123,東京都,江戸川区,中央,新小岩,18,62000000,３ＬＤＫ,75,2024年,ＲＣ,,,商業,,,2026年第1四半期,,
中古マンション等,成約価格情報,13123,東京都,江戸川区,中央,新小岩,,34000000,３ＬＤＫ,75,2008年,ＲＣ,,,準工業,,,2026年第1四半期,,
中古マンション等,成約価格情報,13123,東京都,江戸川区,中央,新小岩,18,15000000,３ＬＤＫ,70,1987年,ＲＣ,,,準工業,,,2026年第1四半期,,
中古マンション等,成約価格情報,13123,東京都,江戸川区,中央,新小岩,20,23000000,２ＬＤＫ＋Ｓ,80,2000年,ＳＲＣ,,,準工業,,,2026年第1四半期,,
中古マンション等,成約価格情報,13123,東京都,江戸川区,西一之江,一之江,17,48000000,３ＬＤＫ,80,2000年,ＲＣ,,,１種住居,,,2026年第1四半期,改装済み,
中古マンション等,成約価格情報,13123,東京都,江戸川区,西一之江,一之江,15,39000000,３ＬＤＫ,75,2002年,ＲＣ,,,１種住居,,,2026年第1四半期,,
中古マンション等,成約価格情報,13123,東京都,江戸川区,西一之江,新小岩,,28000000,２ＬＤＫ,75,1982年,ＲＣ,,,１種住居,,,2026年第1四半期,,
中古マンション等,成約価格情報,13123,東京都,江戸川区,西葛西,西葛西,9,34000000,２ＬＤＫ,70,1976年,ＳＲＣ,,,１種住居,,,2026年第1四半期,,
中古マンション等,成約価格情報,13123,東京都,江戸川区,西葛西,西葛西,9,55000000,３ＬＤＫ,80,1997年,ＲＣ,,,１種住居,,,2026年第1四半期,,
中古マンション等,成約価格情報,13123,東京都,江戸川区,西葛西,西葛西,10,69000000,３ＬＤＫ,75,2023年,ＲＣ,,,１種住居,,,2026年第1四半期,,
中古マンション等,成約価格情報,13123,東京都,江戸川区,西葛西,西葛西,3,45000000,３ＬＤＫ,65,1976年,ＳＲＣ,,,近隣商業,,,2026年第1四半期,,
中古マンション等,成約価格情報,13123,東京都,江戸川区,西葛西,西葛西,5,42000000,１ＬＤＫ＋Ｓ,70,1983年,ＳＲＣ,,,準工業,,,2026年第1四半期,,
中古マンション等,成約価格情報,13123,東京都,江戸川区,西葛西,西葛西,3,70000000,２ＬＤＫ＋Ｓ,75,1998年,ＳＲＣ,,,近隣商業,,,2026年第1四半期,,
中古マンション等,成約価格情報,13123,東京都,江戸川区,西葛西,西葛西,9,37000000,２ＬＤＫ,70,1976年,ＳＲＣ,,,１種住居,,,2026年第1四半期,,
中古マンション等,成約価格情報,13123,東京都,江戸川区,西葛西,西葛西,10,59000000,３ＬＤＫ,65,1998年,ＳＲＣ,,,１種住居,,,2026年第1四半期,,
中古マンション等,成約価格情報,13123,東京都,江戸川区,西葛西,西葛西,9,47000000,２ＬＤＫ,60,2007年,ＲＣ,,,１種住居,,,2026年第1四半期,,
中古マンション等,成約価格情報,13123,東京都,江戸川区,西葛西,西葛西,4,78000000,３ＬＤＫ,75,2013年,ＲＣ,,,近隣商業,,,2026年第1四半期,,
中古マンション等,成約価格情報,13123,東京都,江戸川区,西葛西,西葛西,10,45000000,３ＬＤＫ,75,1998年,ＲＣ,,,１種住居,,,2026年第1四半期,,
中古マンション等,成約価格情報,13123,東京都,江戸川区,西葛西,西葛西,14,64000000,３ＬＤＫ,80,2001年,ＳＲＣ,,,１種住居,,,2026年第1四半期,,
中古マンション等,成約価格情報,13123,東京都,江戸川区,西葛西,西葛西,11,47000000,２ＬＤＫ＋Ｓ,75,1984年,ＳＲＣ,,,近隣商業,,,2026年第1四半期,改装済み,
中古マンション等,成約価格情報,13123,東京都,江戸川区,西葛西,西葛西,8,77000000,３ＬＤＫ,70,2015年,ＲＣ,,,１種住居,,,2026年第1四半期,,
中古マンション等,成約価格情報,13123,東京都,江戸川区,西葛西,小岩,6,9000000,１Ｋ,25,1987年,ＲＣ,,,商業,,,2026年第1四半期,,
中古マンション等,成約価格情報,13123,東京都,江戸川区,西葛西,西葛西,10,42000000,２ＬＤＫ＋Ｓ,65,1980年,ＳＲＣ,,,１種住居,,,2026年第1四半期,,
中古マンション等,成約価格情報,13123,東京都,江戸川区,西葛西,西葛西,8,70000000,２ＬＤＫ,60,2015年,ＲＣ,,,１種住居,,,2026年第1四半期,,
中古マンション等,成約価格情報,13123,東京都,江戸川区,西葛西,西葛西,8,50000000,３ＬＤＫ,60,2000年,ＳＲＣ,,,近隣商業,,,2026年第1四半期,,
中古マンション等,成約価格情報,13123,東京都,江戸川区,西葛西,西葛西,8,44000000,３ＬＤＫ,75,1979年,ＳＲＣ,,,１種住居,,,2026年第1四半期,,
中古マンション等,成約価格情報,13123,東京都,江戸川区,西葛西,西葛西,4,78000000,３ＬＤＫ,75,2013年,ＲＣ,,,近隣商業,,,2026年第1四半期,,
中古マンション等,成約価格情報,13123,東京都,江戸川区,西葛西,西葛西,9,72000000,３ＬＤＫ,75,2009年,ＲＣ,,,準住居,,,2026年第1四半期,,
中古マンション等,成約価格情報,13123,東京都,江戸川区,西葛西,西葛西,7,37000000,３ＬＤＫ,75,1975年,ＳＲＣ,,,１中住専,,,2026年第1四半期,,
中古マンション等,成約価格情報,13123,東京都,江戸川区,西葛西,西葛西,13,54000000,２ＬＤＫ＋Ｓ,70,2000年,ＲＣ,,,準工業,,,2026年第1四半期,,
中古マンション等,成約価格情報,13123,東京都,江戸川区,西葛西,西葛西,8,41000000,３ＬＤＫ,65,1979年,ＳＲＣ,,,準工業,,,2026年第1四半期,,
中古マンション等,成約価格情報,13123,東京都,江戸川区,西葛西,西葛西,10,65000000,３ＬＤＫ,75,2019年,ＲＣ,,,１種住居,,,2026年第1四半期,,
中古マンション等,成約価格情報,13123,東京都,江戸川区,西葛西,西葛西,8,30000000,３ＬＤＫ,65,1979年,ＳＲＣ,,,１種住居,,,2026年第1四半期,,
中古マンション等,成約価格情報,13123,東京都,江戸川区,西葛西,西葛西,6,50000000,４ＬＤＫ,80,1985年,ＳＲＣ,,,準工業,,,2026年第1四半期,,
中古マンション等,成約価格情報,13123,東京都,江戸川区,東葛西,葛西,8,50000000,１ＬＤＫ＋Ｓ,60,2017年,ＲＣ,,,準工業,,,2026年第1四半期,,
中古マンション等,成約価格情報,13123,東京都,江戸川区,東葛西,葛西,18,70000000,４ＬＤＫ,80,2019年,ＲＣ,,,工業,,,2026年第1四半期,,
中古マンション等,成約価格情報,13123,東京都,江戸川区,東葛西,葛西,9,70000000,３ＬＤＫ,75,2023年,ＲＣ,,,準工業,,,2026年第1四半期,,
中古マンション等,成約価格情報,13123,東京都,江戸川区,東葛西,葛西,12,37000000,２ＬＤＫ,65,2003年,ＲＣ,,,１種住居,,,2026年第1四半期,,
中古マンション等,成約価格情報,13123,東京都,江戸川区,東葛西,葛西,17,40000000,３ＬＤＫ,70,1996年,ＲＣ,,,２中住専,,,2026年第1四半期,,
中古マンション等,成約価格情報,13123,東京都,江戸川区,東葛西,葛西,18,65000000,３ＬＤＫ,75,2019年,ＲＣ,,,工業,,,2026年第1四半期,,
中古マンション等,成約価格情報,13123,東京都,江戸川区,東葛西,葛西,9,50000000,２ＬＤＫ,65,1992年,ＳＲＣ,,,準工業,,,2026年第1四半期,,
中古マンション等,成約価格情報,13123,東京都,江戸川区,東葛西,葛西,9,64000000,２ＬＤＫ＋Ｓ,65,2023年,ＲＣ,,,準工業,,,2026年第1四半期,,
中古マンション等,成約価格情報,13123,東京都,江戸川区,東葛西,葛西,2,43000000,２ＬＤＫ＋Ｓ,60,1981年,ＳＲＣ,,,商業,,,2026年第1四半期,,
中古マンション等,成約価格情報,13123,東京都,江戸川区,東葛西,葛西,2,41000000,３ＬＤＫ,65,1981年,ＳＲＣ,,,商業,,,2026年第1四半期,,
中古マンション等,成約価格情報,13123,東京都,江戸川区,東葛西,葛西,17,32000000,２ＬＤＫ＋Ｓ,75,1991年,ＲＣ,,,１種住居,,,2026年第1四半期,,
中古マンション等,成約価格情報,13123,東京都,江戸川区,東葛西,葛西,11,60000000,３ＬＤＫ,80,2014年,ＲＣ,,,１種住居,,,2026年第1四半期,,
中古マンション等,成約価格情報,13123,東京都,江戸川区,松江,船堀,19,55000000,３ＬＤＫ,75,2023年,ＲＣ,,,商業,,,2026年第1四半期,,
中古マンション等,成約価格情報,13123,東京都,江戸川区,松江,新小岩,27,55000000,３ＬＤＫ,75,2023年,ＲＣ,,,近隣商業,,,2026年第1四半期,,
中古マンション等,成約価格情報,13123,東京都,江戸川区,松江,新小岩,,35000000,４ＬＤＫ,85,1986年,ＲＣ,,,準工業,,,2026年第1四半期,,
中古マンション等,成約価格情報,13123,東京都,江戸川区,松江,新小岩,,30000000,３ＬＤＫ,70,1995年,ＳＲＣ,,,準工業,,,2026年第1四半期,,
中古マンション等,成約価格情報,13123,東京都,江戸川区,松江,一之江,15,36000000,３ＬＤＫ,65,1998年,ＲＣ,,,準工業,,,2026年第1四半期,,
中古マンション等,成約価格情報,13123,東京都,江戸川区,松江,一之江,14,44000000,３ＬＤＫ,70,2013年,ＲＣ,,,準工業,,,2026年第1四半期,,
中古マンション等,成約価格情報,13123,東京都,江戸川区,松江,一之江,,37000000,３ＬＤＫ,95,2003年,ＳＲＣ,,,近隣商業,,,2026年第1四半期,,
中古マンション等,成約価格情報,13123,東京都,江戸川区,松江,船堀,16,43000000,３ＬＤＫ,70,2009年,ＲＣ,,,準工業,,,2026年第1四半期,,
中古マンション等,成約価格情報,13123,東京都,江戸川区,松江,船堀,16,46000000,３ＬＤＫ,75,2009年,ＲＣ,,,準工業,,,2026年第1四半期,,
中古マンション等,成約価格情報,13123,東京都,江戸川区,松江,一之江,14,53000000,３ＬＤＫ,75,2013年,ＲＣ,,,準工業,,,2026年第1四半期,,
中古マンション等,成約価格情報,13123,東京都,江戸川区,松江,新小岩,,30000000,１ＬＤＫ＋Ｓ,50,1980年,ＳＲＣ,,,近隣商業,,,2026年第1四半期,改装済み,
中古マンション等,成約価格情報,13123,東京都,江戸川区,松島,新小岩,21,32000000,３ＬＤＫ,75,1996年,ＲＣ,,,１種住居,,,2026年第1四半期,,
中古マンション等,成約価格情報,13123,東京都,江戸川区,松島,新小岩,23,40000000,３ＬＤＫ,70,2008年,ＲＣ,,,近隣商業,,,2026年第1四半期,,
中古マンション等,成約価格情報,13123,東京都,江戸川区,松島,新小岩,6,71000000,３ＬＤＫ,55,2021年,ＲＣ,,,商業,,,2026年第1四半期,,
中古マンション等,成約価格情報,13123,東京都,江戸川区,瑞江,瑞江,9,46000000,２ＬＤＫ＋Ｓ,75,2004年,ＲＣ,,,１種住居,,,2026年第1四半期,,
中古マンション等,成約価格情報,13123,東京都,江戸川区,臨海町,葛西臨海公園,12,47000000,３ＬＤＫ＋Ｓ,70,1997年,ＳＲＣ,,,準工業,,,2026年第1四半期,改装済み,
中古マンション等,成約価格情報,13123,東京都,江戸川区,西小岩,小岩,3,87000000,３ＬＤＫ,75,2023年,ＲＣ,,,商業,,,2026年第1四半期,,
中古マンション等,成約価格情報,13123,東京都,江戸川区,西小岩,小岩,8,8200000,１Ｋ,25,1987年,ＲＣ,,,商業,,,2026年第1四半期,,
中古マンション等,成約価格情報,13123,東京都,江戸川区,西小岩,小岩,7,65000000,３ＬＤＫ,75,2011年,ＲＣ,,,商業,,,2026年第1四半期,,
中古マンション等,成約価格情報,13123,東京都,江戸川区,西小岩,小岩,8,18000000,１ＬＤＫ,45,1975年,ＳＲＣ,,,商業,,,2026年第1四半期,,
中古マンション等,成約価格情報,13123,東京都,江戸川区,西小岩,小岩,8,63000000,２ＬＤＫ＋Ｓ,75,2014年,ＲＣ,,,１中住専,,,2026年第1四半期,,
中古マンション等,成約価格情報,13123,東京都,江戸川区,西小岩,小岩,7,42000000,２ＬＤＫ,60,2005年,ＲＣ,,,１種住居,,,2026年第1四半期,,
中古マンション等,成約価格情報,13123,東京都,江戸川区,西小岩,小岩,3,64000000,２ＬＤＫ,60,2005年,ＳＲＣ,,,商業,,,2026年第1四半期,,
中古マンション等,成約価格情報,13123,東京都,江戸川区,西小岩,小岩,10,75000000,３ＬＤＫ,85,2019年,ＲＣ,,,１種住居,,,2026年第1四半期,,
中古マンション等,成約価格情報,13123,東京都,江戸川区,西小岩,小岩,7,38000000,３ＬＤＫ,75,1989年,ＲＣ,,,１種住居,,,2026年第1四半期,,
中古マンション等,成約価格情報,13123,東京都,江戸川区,西小岩,小岩,10,49000000,３ＬＤＫ,75,1999年,ＳＲＣ,,,１種住居,,,2026年第1四半期,,
中古マンション等,成約価格情報,13123,東京都,江戸川区,西小岩,小岩,3,55000000,３ＬＤＫ,70,2014年,ＲＣ,,,商業,,,2026年第1四半期,,
中古マンション等,成約価格情報,13123,東京都,江戸川区,春江町,一之江,5,40000000,３ＬＤＫ,70,1995年,ＳＲＣ,,,準工業,,,2026年第1四半期,,
中古マンション等,成約価格情報,13123,東京都,江戸川区,平井,平井(東京),9,78000000,４ＬＤＫ,80,2016年,ＲＣ,,,準工業,,,2026年第1四半期,,
中古マンション等,成約価格情報,13123,東京都,江戸川区,平井,平井(東京),18,70000000,４ＬＤＫ,85,2010年,ＲＣ,,,工業,,,2026年第1四半期,,
中古マンション等,成約価格情報,13123,東京都,江戸川区,平井,平井(東京),4,80000000,４ＬＤＫ,80,2018年,ＲＣ,,,商業,,,2026年第1四半期,,
中古マンション等,成約価格情報,13123,東京都,江戸川区,平井,平井(東京),2,130000000,３ＬＤＫ,80,2025年,ＲＣ,,,商業,,,2026年第1四半期,,
中古マンション等,成約価格情報,13123,東京都,江戸川区,平井,平井(東京),17,43000000,３ＬＤＫ,70,1999年,ＲＣ,,,工業,,,2026年第1四半期,,
中古マンション等,成約価格情報,13123,東京都,江戸川区,平井,平井(東京),9,78000000,３ＬＤＫ,70,2016年,ＲＣ,,,準工業,,,2026年第1四半期,,
中古マンション等,成約価格情報,13123,東京都,江戸川区,平井,平井(東京),3,40000000,２ＬＤＫ,60,1996年,ＳＲＣ,,,商業,,,2026年第1四半期,,
中古マンション等,成約価格情報,13123,東京都,江戸川区,平井,平井(東京),1,79000000,４ＬＤＫ,95,2000年,ＳＲＣ,,,商業,,,2026年第1四半期,,
中古マンション等,成約価格情報,13123,東京都,江戸川区,平井,平井(東京),9,60000000,３ＬＤＫ,90,2006年,ＲＣ,,,１種住居,,,2026年第1四半期,,
中古マンション等,成約価格情報,13123,東京都,江戸川区,平井,平井(東京),6,36000000,３ＤＫ,70,1980年,ＲＣ,,,１種住居,,,2026年第1四半期,,
中古マンション等,成約価格情報,13123,東京都,江戸川区,平井,平井(東京),10,69000000,３ＬＤＫ,75,2012年,ＲＣ,,,準工業,,,2026年第1四半期,,
中古マンション等,成約価格情報,13123,東京都,江戸川区,平井,平井(東京),2,100000000,２ＬＤＫ,60,2025年,ＲＣ,,,商業,,,2026年第1四半期,,
中古マンション等,成約価格情報,13123,東京都,江戸川区,平井,平井(東京),2,88000000,２ＬＤＫ,55,2025年,ＲＣ,,,商業,,,2026年第1四半期,,
中古マンション等,成約価格情報,13123,東京都,江戸川区,平井,平井(東京),2,90000000,２ＬＤＫ,55,2025年,ＲＣ,,,商業,,,2026年第1四半期,,
中古マンション等,成約価格情報,13123,東京都,江戸川区,平井,平井(東京),16,64000000,３ＬＤＫ,70,2010年,ＲＣ,,,工業,,,2026年第1四半期,,
中古マンション等,成約価格情報,13123,東京都,江戸川区,平井,平井(東京),17,58000000,３ＬＤＫ,70,2010年,ＲＣ,,,工業,,,2026年第1四半期,,
中古マンション等,成約価格情報,13123,東京都,江戸川区,平井,平井(東京),5,38000000,２ＬＤＫ,55,1997年,ＲＣ,,,近隣商業,,,2026年第1四半期,,
中古マンション等,成約価格情報,13123,東京都,江戸川区,南小岩,小岩,1,110000000,３ＬＤＫ,75,2022年,ＲＣ,,,商業,,,2026年第1四半期,,
中古マンション等,成約価格情報,13123,東京都,江戸川区,南小岩,小岩,3,85000000,２ＬＤＫ＋Ｓ,70,2015年,ＲＣ,,,商業,,,2026年第1四半期,,
中古マンション等,成約価格情報,13123,東京都,江戸川区,南小岩,小岩,1,100000000,２ＬＤＫ＋Ｓ,70,2022年,ＲＣ,,,商業,,,2026年第1四半期,,
中古マンション等,成約価格情報,13123,東京都,江戸川区,南小岩,小岩,10,49000000,３ＬＤＫ,75,1997年,ＳＲＣ,,,商業,,,2026年第1四半期,,
中古マンション等,成約価格情報,13123,東京都,江戸川区,南小岩,小岩,1,99000000,２ＬＤＫ,65,2022年,ＲＣ,,,商業,,,2026年第1四半期,,
中古マンション等,成約価格情報,13123,東京都,江戸川区,南小岩,小岩,1,120000000,３ＬＤＫ,75,2022年,ＲＣ,,,商業,,,2026年第1四半期,,
中古マンション等,成約価格情報,13123,東京都,江戸川区,南小岩,小岩,4,63000000,２ＬＤＫ,70,2013年,ＲＣ,,,商業,,,2026年第1四半期,,
中古マンション等,成約価格情報,13123,東京都,江戸川区,南小岩,小岩,3,80000000,３ＬＤＫ,75,2015年,ＲＣ,,,商業,,,2026年第1四半期,,
中古マンション等,成約価格情報,13123,東京都,江戸川区,南小岩,小岩,1,100000000,２ＬＤＫ,70,2022年,ＳＲＣ,,,商業,,,2026年第1四半期,,
中古マンション等,成約価格情報,13123,東京都,江戸川区,南小岩,小岩,1,94000000,２ＬＤＫ,70,2022年,ＲＣ,,,商業,,,2026年第1四半期,,
中古マンション等,成約価格情報,13123,東京都,江戸川区,南小岩,小岩,4,53000000,３ＬＤＫ,70,2013年,ＲＣ,,,商業,,,2026年第1四半期,,
中古マンション等,成約価格情報,13123,東京都,江戸川区,南小岩,小岩,4,66000000,３ＬＤＫ,75,2013年,ＲＣ,,,近隣商業,,,2026年第1四半期,,
中古マンション等,成約価格情報,13123,東京都,江戸川区,南小岩,小岩,3,120000000,３ＬＤＫ,75,2026年,ＲＣ,,,商業,,,2026年第1四半期,,
中古マンション等,成約価格情報,13123,東京都,江戸川区,南小岩,小岩,3,130000000,３ＬＤＫ,75,2026年,ＲＣ,,,商業,,,2026年第1四半期,,
中古マンション等,成約価格情報,13123,東京都,江戸川区,南小岩,小岩,5,70000000,３ＬＤＫ,75,1999年,鉄骨造,,,近隣商業,,,2026年第1四半期,,
中古マンション等,不動産取引価格情報,13123,東京都,江戸川区,北葛西,西葛西,13,40000000,２ＬＤＫ,55,1977年,ＳＲＣ,住宅,住宅,１種住居,60,300,2026年第1四半期,改装済み,
中古マンション等,不動産取引価格情報,13123,東京都,江戸川区,北葛西,西葛西,12,44000000,３ＬＤＫ,70,1999年,ＳＲＣ,住宅,住宅,１種住居,60,300,2026年第1四半期,未改装,
中古マンション等,不動産取引価格情報,13123,東京都,江戸川区,北葛西,西葛西,14,18000000,１ＤＫ,30,1994年,ＳＲＣ,住宅,住宅,１種住居,60,300,2026年第1四半期,未改装,
中古マンション等,不動産取引価格情報,13123,東京都,江戸川区,北小岩,京成小岩,3,14000000,３ＤＫ,40,1973年,ＳＲＣ,住宅,住宅,商業,80,400,2026年第1四半期,未改装,
中古マンション等,不動産取引価格情報,13123,東京都,江戸川区,小松川,平井(東京),15,46000000,４ＬＤＫ,85,1996年,ＳＲＣ、ＲＣ,住宅,住宅,１種住居,60,300,2026年第1四半期,未改装,
中古マンション等,不動産取引価格情報,13123,東京都,江戸川区,篠崎町,篠崎,9,29000000,３ＬＤＫ,60,1999年,ＲＣ,,住宅,準工業,60,300,2026年第1四半期,未改装,
中古マンション等,不動産取引価格情報,13123,東京都,江戸川区,中央,新小岩,20,41000000,３ＬＤＫ,70,2007年,ＲＣ,住宅,住宅,準工業,60,200,2026年第1四半期,未改装,
中古マンション等,不動産取引価格情報,13123,東京都,江戸川区,中央,新小岩,21,30000000,３ＬＤＫ,65,1996年,ＳＲＣ、ＲＣ,住宅,住宅,準工業,60,300,2026年第1四半期,未改装,
中古マンション等,不動産取引価格情報,13123,東京都,江戸川区,中央,新小岩,21,33000000,３ＬＤＫ,70,1996年,ＳＲＣ、ＲＣ,住宅,住宅,準工業,60,300,2026年第1四半期,未改装,
中古マンション等,不動産取引価格情報,13123,東京都,江戸川区,中葛西,葛西,11,11000000,１ＤＫ,25,1976年,ＳＲＣ,住宅,住宅,１種住居,60,300,2026年第1四半期,改装済み,
中古マンション等,不動産取引価格情報,13123,東京都,江戸川区,西葛西,西葛西,8,40000000,２ＬＤＫ＋Ｓ,60,1979年,ＳＲＣ,住宅,住宅,準工業,60,300,2026年第1四半期,改装済み,
中古マンション等,不動産取引価格情報,13123,東京都,江戸川区,西葛西,西葛西,5,44000000,２ＬＤＫ,65,1977年,ＳＲＣ,住宅,住宅,近隣商業,80,400,2026年第1四半期,未改装,
中古マンション等,不動産取引価格情報,13123,東京都,江戸川区,春江町,一之江,8,36000000,２ＬＤＫ,55,1995年,ＲＣ,住宅,住宅,１中住専,60,200,2026年第1四半期,改装済み,
中古マンション等,不動産取引価格情報,13123,東京都,江戸川区,東小岩,江戸川,7,45000000,３ＬＤＫ,65,2008年,ＲＣ,,住宅,近隣商業,80,400,2026年第1四半期,,
中古マンション等,不動産取引価格情報,13123,東京都,江戸川区,平井,平井(東京),3,30000000,１Ｋ,25,2017年,ＲＣ,,住宅,商業,80,500,2026年第1四半期,,
中古マンション等,不動産取引価格情報,13123,東京都,江戸川区,平井,平井(東京),1,87000000,２ＬＤＫ,75,2000年,ＳＲＣ,住宅,住宅,商業,80,400,2026年第1四半期,改装済み,
中古マンション等,不動産取引価格情報,13123,東京都,江戸川区,平井,平井(東京),5,14000000,１Ｋ,15,1993年,ＳＲＣ,住宅,住宅,商業,80,500,2026年第1四半期,未改装,
中古マンション等,不動産取引価格情報,13123,東京都,江戸川区,平井,平井(東京),7,46000000,３ＬＤＫ,65,1997年,ＳＲＣ,住宅,住宅,準工業,60,200,2026年第1四半期,未改装,
中古マンション等,不動産取引価格情報,13123,東京都,江戸川区,平井,平井(東京),1,57000000,３ＬＤＫ,65,2000年,ＳＲＣ,住宅,住宅,商業,80,400,2026年第1四半期,未改装,
中古マンション等,不動産取引価格情報,13123,東京都,江戸川区,船堀,船堀,1,66000000,３ＬＤＫ,70,2001年,ＲＣ,住宅,住宅,商業,80,500,2026年第1四半期,未改装,
中古マンション等,不動産取引価格情報,13123,東京都,江戸川区,松島,新小岩,20,62000000,３ＬＤＫ,65,2008年,ＲＣ,住宅,住宅,１種住居,60,300,2026年第1四半期,改装済み,
中古マンション等,不動産取引価格情報,13123,東京都,江戸川区,松島,新小岩,20,62000000,３ＬＤＫ,65,2008年,ＲＣ,住宅,住宅,１種住居,60,300,2026年第1四半期,改装済み,
中古マンション等,成約価格情報,13201,東京都,八王子市,暁町,八王子,20,23000000,３ＬＤＫ,65,2007年,ＲＣ,,,準工業,,,2026年第1四半期,,
中古マンション等,成約価格情報,13201,東京都,八王子市,旭町,八王子,2,62000000,２ＬＤＫ,55,2018年,ＳＲＣ,,,商業,,,2026年第1四半期,,
中古マンション等,成約価格情報,13201,東京都,八王子市,旭町,八王子,2,100000000,３ＬＤＫ,80,2018年,ＲＣ,,,商業,,,2026年第1四半期,,
中古マンション等,成約価格情報,13201,東京都,八王子市,旭町,八王子,2,100000000,３ＬＤＫ,75,2018年,ＲＣ,,,商業,,,2026年第1四半期,,
中古マンション等,成約価格情報,13201,東京都,八王子市,追分町,西八王子,9,5900000,１Ｒ,25,1991年,ＳＲＣ,,,商業,,,2026年第1四半期,,
中古マンション等,成約価格情報,13201,東京都,八王子市,追分町,西八王子,9,6400000,１Ｋ,25,1991年,ＳＲＣ,,,商業,,,2026年第1四半期,,
中古マンション等,成約価格情報,13201,東京都,八王子市,椚田町,狭間,4,14000000,２ＬＤＫ,55,1973年,ＳＲＣ,,,近隣商業,,,2026年第1四半期,,
中古マンション等,成約価格情報,13201,東京都,八王子市,椚田町,めじろ台,16,33000000,３ＬＤＫ,95,2003年,ＲＣ,,,１低住専,,,2026年第1四半期,,
中古マンション等,成約価格情報,13201,東京都,八王子市,椚田町,狭間,3,14000000,２ＬＤＫ,55,1974年,ＳＲＣ,,,近隣商業,,,2026年第1四半期,,
中古マンション等,成約価格情報,13201,東京都,八王子市,椚田町,狭間,5,7000000,３Ｋ,55,1973年,ＳＲＣ,,,近隣商業,,,2026年第1四半期,,
中古マンション等,成約価格情報,13201,東京都,八王子市,椚田町,狭間,3,32000000,２ＬＤＫ,60,2016年,ＲＣ,,,近隣商業,,,2026年第1四半期,,
中古マンション等,成約価格情報,13201,東京都,八王子市,椚田町,狭間,2,12000000,２ＬＤＫ,55,1974年,ＳＲＣ,,,近隣商業,,,2026年第1四半期,,
中古マンション等,成約価格情報,13201,東京都,八王子市,寺町,八王子,7,44000000,３ＬＤＫ,55,2023年,ＲＣ,,,商業,,,2026年第1四半期,,
中古マンション等,成約価格情報,13201,東京都,八王子市,寺町,八王子,5,31000000,３ＬＤＫ,65,1996年,ＳＲＣ,,,近隣商業,,,2026年第1四半期,,
中古マンション等,成約価格情報,13201,東京都,八王子市,中町,八王子,5,29000000,１ＬＤＫ,40,2006年,ＲＣ,,,商業,,,2026年第1四半期,,
中古マンション等,成約価格情報,13201,東京都,八王子市,八幡町,八王子,17,19000000,２ＬＤＫ＋Ｓ,70,1981年,ＳＲＣ,,,商業,,,2026年第1四半期,,
中古マンション等,成約価格情報,13201,東京都,八王子市,八幡町,八王子,15,16000000,１ＬＤＫ＋Ｓ,65,1981年,ＳＲＣ,,,商業,,,2026年第1四半期,,
中古マンション等,成約価格情報,13201,東京都,八王子市,八幡町,八王子,17,42000000,３ＬＤＫ,75,2022年,ＲＣ,,,商業,,,2026年第1四半期,,
中古マンション等,成約価格情報,13201,東京都,八王子市,八幡町,八王子,17,44000000,２ＬＤＫ＋Ｓ,75,2022年,ＲＣ,,,商業,,,2026年第1四半期,,
中古マンション等,成約価格情報,13201,東京都,八王子市,東中野,中央大学・明星大学,4,19000000,３ＬＤＫ,70,2000年,ＲＣ,,,２中住専,,,2026年第1四半期,,
中古マンション等,成約価格情報,13201,東京都,八王子市,東中野,中央大学・明星大学,3,27000000,３ＬＤＫ,65,2000年,ＲＣ,,,２種住居,,,2026年第1四半期,,
中古マンション等,成約価格情報,13201,東京都,八王子市,東中野,中央大学・明星大学,3,20000000,３ＬＤＫ,75,2000年,ＲＣ,,,２中住専,,,2026年第1四半期,,
中古マンション等,成約価格情報,13201,東京都,八王子市,東中野,中央大学・明星大学,4,19000000,３ＬＤＫ,70,2000年,ＲＣ,,,２中住専,,,2026年第1四半期,,
中古マンション等,成約価格情報,13201,東京都,八王子市,別所,京王堀之内,9,26000000,４ＬＤＫ＋Ｓ,145,1995年,ＲＣ,,,１中住専,,,2026年第1四半期,,
中古マンション等,成約価格情報,13201,東京都,八王子市,別所,南大沢,7,50000000,３ＬＤＫ,100,2004年,ＲＣ,,,１中住専,,,2026年第1四半期,,
中古マンション等,成約価格情報,13201,東京都,八王子市,別所,南大沢,17,24000000,２ＬＤＫ,85,1998年,ＲＣ,,,１中住専,,,2026年第1四半期,,
中古マンション等,成約価格情報,13201,東京都,八王子市,別所,南大沢,12,30000000,３ＬＤＫ,75,2000年,ＲＣ,,,１中住専,,,2026年第1四半期,,
中古マンション等,成約価格情報,13201,東京都,八王子市,別所,南大沢,12,30000000,３ＬＤＫ,75,2000年,ＲＣ,,,１中住専,,,2026年第1四半期,,
中古マンション等,成約価格情報,13201,東京都,八王子市,別所,南大沢,10,52000000,４ＬＤＫ,110,2012年,ＲＣ,,,１中住専,,,2026年第1四半期,,
中古マンション等,成約価格情報,13201,東京都,八王子市,別所,南大沢,12,35000000,４ＬＤＫ,95,1999年,ＲＣ,,,１中住専,,,2026年第1四半期,,
中古マンション等,成約価格情報,13201,東京都,八王子市,別所,南大沢,11,45000000,３ＬＤＫ,75,2000年,ＲＣ,,,１中住専,,,2026年第1四半期,,
中古マンション等,成約価格情報,13201,東京都,八王子市,別所,京王堀之内,5,40000000,３ＬＤＫ,95,1990年,ＲＣ,,,１中住専,,,2026年第1四半期,,
中古マンション等,成約価格情報,13201,東京都,八王子市,別所,京王堀之内,5,32000000,４ＬＤＫ,105,1990年,ＲＣ,,,近隣商業,,,2026年第1四半期,,
中古マンション等,成約価格情報,13201,東京都,八王子市,別所,南大沢,11,36000000,３ＬＤＫ＋Ｓ,90,2003年,ＲＣ,,,１中住専,,,2026年第1四半期,,
中古マンション等,成約価格情報,13201,東京都,八王子市,別所,京王堀之内,5,19000000,３ＬＤＫ,85,1991年,ＲＣ,,,１中住専,,,2026年第1四半期,,
中古マンション等,成約価格情報,13201,東京都,八王子市,別所,京王堀之内,23,23000000,４ＬＤＫ,95,1995年,ＳＲＣ,,,１中住専,,,2026年第1四半期,,
中古マンション等,成約価格情報,13201,東京都,八王子市,南大沢,南大沢,14,34000000,４ＬＤＫ,110,2009年,ＲＣ,,,１中住専,,,2026年第1四半期,,
中古マンション等,成約価格情報,13201,東京都,八王子市,南大沢,南大沢,9,19000000,５ＬＤＫ,125,1985年,ＲＣ,,,１中住専,,,2026年第1四半期,,
中古マンション等,成約価格情報,13201,東京都,八王子市,南大沢,南大沢,15,22000000,４ＬＤＫ,100,1985年,ＲＣ,,,１中住専,,,2026年第1四半期,,
中古マンション等,成約価格情報,13201,東京都,八王子市,南大沢,南大沢,13,21000000,４ＬＤＫ,100,1986年,ＲＣ,,,１中住専,,,2026年第1四半期,,
中古マンション等,成約価格情報,13201,東京都,八王子市,南大沢,南大沢,13,22000000,４ＬＤＫ,100,1986年,ＲＣ,,,１中住専,,,2026年第1四半期,,
中古マンション等,成約価格情報,13201,東京都,八王子市,南大沢,南大沢,7,11000000,４ＬＤＫ,95,1983年,ＲＣ,,,１中住専,,,2026年第1四半期,,
中古マンション等,成約価格情報,13201,東京都,八王子市,南大沢,南大沢,13,42000000,４ＬＤＫ,110,2009年,ＲＣ,,,１中住専,,,2026年第1四半期,,
中古マンション等,成約価格情報,13201,東京都,八王子市,打越町,北野(東京),5,36000000,３ＬＤＫ,75,2013年,ＲＣ,,,１種住居,,,2026年第1四半期,,
中古マンション等,成約価格情報,13201,東京都,八王子市,打越町,北野(東京),3,29000000,３ＬＤＫ,70,1995年,ＳＲＣ,,,近隣商業,,,2026年第1四半期,,
中古マンション等,成約価格情報,13201,東京都,八王子市,打越町,北野(東京),3,39000000,３ＬＤＫ,65,2017年,ＲＣ,,,商業,,,2026年第1四半期,,
中古マンション等,成約価格情報,13201,東京都,八王子市,打越町,北野(東京),7,18000000,２ＬＤＫ,70,2001年,ＲＣ,,,２中住専,,,2026年第1四半期,,
中古マンション等,成約価格情報,13201,東京都,八王子市,大横町,八王子,15,1800000,１Ｋ,20,1981年,ＲＣ,,,近隣商業,,,2026年第1四半期,,
中古マンション等,成約価格情報,13201,東京都,八王子市,北野町,北野(東京),10,30000000,３ＬＤＫ,70,1999年,ＲＣ,,,準工業,,,2026年第1四半期,,
中古マンション等,成約価格情報,13201,東京都,八王子市,北野町,北野(東京),7,4800000,１Ｒ,20,1992年,ＲＣ,,,準工業,,,2026年第1四半期,,
中古マンション等,成約価格情報,13201,東京都,八王子市,越野,京王堀之内,19,10000000,３ＬＤＫ,70,1995年,ＲＣ,,,２中住専,,,2026年第1四半期,,
中古マンション等,成約価格情報,13201,東京都,八王子市,小比企町,山田(東京),6,6800000,３ＬＤＫ,60,1978年,ＲＣ,,,１中住専,,,2026年第1四半期,,
中古マンション等,成約価格情報,13201,東京都,八王子市,小比企町,山田(東京),5,6900000,３ＬＤＫ,60,1978年,鉄骨造,,,１中住専,,,2026年第1四半期,,
中古マンション等,成約価格情報,13201,東京都,八王子市,新町,八王子,10,42000000,３ＬＤＫ,80,2014年,ＲＣ,,,近隣商業,,,2026年第1四半期,,
中古マンション等,成約価格情報,13201,東京都,八王子市,新町,京王八王子,5,46000000,３ＬＤＫ,80,2014年,ＲＣ,,,近隣商業,,,2026年第1四半期,,
中古マンション等,成約価格情報,13201,東京都,八王子市,台町,八王子,6,31000000,３ＬＤＫ,75,1997年,ＲＣ,,,近隣商業,,,2026年第1四半期,,
中古マンション等,成約価格情報,13201,東京都,八王子市,寺田町,めじろ台,,9000000,４ＤＫ,90,1981年,ＲＣ,,,１種住居,,,2026年第1四半期,,
中古マンション等,成約価格情報,13201,東京都,八王子市,寺田町,めじろ台,,12000000,３ＬＤＫ,80,1982年,ＲＣ,,,１中住専,,,2026年第1四半期,,
中古マンション等,成約価格情報,13201,東京都,八王子市,寺田町,めじろ台,,15000000,４ＬＤＫ,95,1983年,ＲＣ,,,１中住専,,,2026年第1四半期,,
中古マンション等,成約価格情報,13201,東京都,八王子市,寺田町,めじろ台,,9000000,３ＬＤＫ,90,1983年,ＲＣ,,,１中住専,,,2026年第1四半期,,
中古マンション等,成約価格情報,13201,東京都,八王子市,中野上町,八王子,,15000000,２ＬＤＫ,70,1991年,ＲＣ,,,準工業,,,2026年第1四半期,,
中古マンション等,成約価格情報,13201,東京都,八王子市,並木町,西八王子,13,21000000,３ＬＤＫ,95,1990年,ＲＣ,,,準工業,,,2026年第1四半期,,
中古マンション等,成約価格情報,13201,東京都,八王子市,並木町,西八王子,10,28000000,３ＬＤＫ,85,2004年,ＲＣ,,,準工業,,,2026年第1四半期,,
中古マンション等,成約価格情報,13201,東京都,八王子市,狭間町,狭間,7,30000000,３ＬＤＫ,80,1999年,ＳＲＣ,,,工業,,,2026年第1四半期,,
中古マンション等,成約価格情報,13201,東京都,八王子市,狭間町,高尾(東京),10,20000000,４ＬＤＫ,80,1990年,ＲＣ,,,１中住専,,,2026年第1四半期,,
中古マンション等,成約価格情報,13201,東京都,八王子市,狭間町,狭間,9,11000000,２ＬＤＫ,55,1973年,ＳＲＣ,,,工業,,,2026年第1四半期,改装済み,
中古マンション等,成約価格情報,13201,東京都,八王子市,狭間町,狭間,3,4000000,１Ｒ,20,1983年,ＲＣ,,,準工業,,,2026年第1四半期,,
中古マンション等,成約価格情報,13201,東京都,八王子市,狭間町,狭間,8,31000000,３ＬＤＫ,70,1998年,ＳＲＣ,,,工業,,,2026年第1四半期,,
中古マンション等,成約価格情報,13201,東京都,八王子市,初沢町,高尾(東京),2,31000000,３ＬＤＫ,75,1978年,ＳＲＣ,,,近隣商業,,,2026年第1四半期,,
中古マンション等,成約価格情報,13201,東京都,八王子市,南町,八王子,9,18000000,２ＬＤＫ,60,1974年,ＳＲＣ,,,商業,,,2026年第1四半期,,
中古マンション等,成約価格情報,13201,東京都,八王子市,南町,八王子,9,18000000,２ＤＫ,55,1974年,ＳＲＣ,,,商業,,,2026年第1四半期,,
中古マンション等,成約価格情報,13201,東京都,八王子市,明神町,八王子,15,28000000,３ＬＤＫ,70,1996年,ＳＲＣ,,,準工業,,,2026年第1四半期,,
中古マンション等,成約価格情報,13201,東京都,八王子市,明神町,京王八王子,8,34000000,４ＬＤＫ,75,2013年,ＲＣ,,,準工業,,,2026年第1四半期,,
中古マンション等,成約価格情報,13201,東京都,八王子市,明神町,京王八王子,7,25000000,３ＬＤＫ,70,1976年,ＲＣ,,,準工業,,,2026年第1四半期,,
中古マンション等,成約価格情報,13201,東京都,八王子市,明神町,京王八王子,11,26000000,３ＬＤＫ＋Ｓ,75,1983年,ＲＣ,,,工業,,,2026年第1四半期,,
中古マンション等,成約価格情報,13201,東京都,八王子市,みなみ野,八王子みなみ野,3,20000000,３ＬＤＫ,85,2003年,ＲＣ,,,１種住居,,,2026年第1四半期,,
中古マンション等,成約価格情報,13201,東京都,八王子市,みなみ野,八王子みなみ野,13,40000000,３ＬＤＫ,90,2000年,ＳＲＣ,,,１中住専,,,2026年第1四半期,,
中古マンション等,成約価格情報,13201,東京都,八王子市,みなみ野,八王子みなみ野,3,22000000,３ＬＤＫ,85,2003年,ＲＣ,,,１種住居,,,2026年第1四半期,,
中古マンション等,成約価格情報,13201,東京都,八王子市,みなみ野,八王子みなみ野,15,45000000,３ＬＤＫ,105,1999年,ＳＲＣ,,,１中住専,,,2026年第1四半期,,
中古マンション等,成約価格情報,13201,東京都,八王子市,大塚,中央大学・明星大学,6,34000000,４ＬＤＫ,100,2001年,ＲＣ,,,１中住専,,,2026年第1四半期,,
中古マンション等,成約価格情報,13201,東京都,八王子市,大塚,大塚・帝京大学,9,4600000,１Ｒ,20,1984年,ＲＣ,,,準工業,,,2026年第1四半期,,
中古マンション等,成約価格情報,13201,東京都,八王子市,大和田町,京王八王子,17,30000000,４ＬＤＫ,85,2003年,ＲＣ,,,準工業,,,2026年第1四半期,,
中古マンション等,成約価格情報,13201,東京都,八王子市,大和田町,京王八王子,16,3500000,１Ｋ,20,1992年,ＲＣ,,,準工業,,,2026年第1四半期,,
中古マンション等,成約価格情報,13201,東京都,八王子市,大和田町,京王八王子,17,34000000,３ＬＤＫ,75,2010年,ＳＲＣ,,,準工業,,,2026年第1四半期,,
中古マンション等,成約価格情報,13201,東京都,八王子市,大和田町,八王子,16,4000000,１Ｋ,20,1992年,ＲＣ,,,準工業,,,2026年第1四半期,,
中古マンション等,成約価格情報,13201,東京都,八王子市,大和田町,北八王子,10,27000000,３ＬＤＫ,70,2008年,ＲＣ,,,準工業,,,2026年第1四半期,,
中古マンション等,成約価格情報,13201,東京都,八王子市,大和田町,京王八王子,15,39000000,２ＬＤＫ＋Ｓ,60,2025年,ＲＣ,,,１種住居,,,2026年第1四半期,,
中古マンション等,成約価格情報,13201,東京都,八王子市,大和田町,京王八王子,18,14000000,３ＬＤＫ,75,1982年,ＳＲＣ,,,１種住居,,,2026年第1四半期,,
中古マンション等,成約価格情報,13201,東京都,八王子市,大和田町,京王八王子,15,43000000,４ＬＤＫ,85,2010年,ＳＲＣ,,,準工業,,,2026年第1四半期,改装済み,
中古マンション等,成約価格情報,13201,東京都,八王子市,大和田町,京王八王子,20,6600000,１Ｒ,30,1993年,ＲＣ,,,準工業,,,2026年第1四半期,,
中古マンション等,成約価格情報,13201,東京都,八王子市,大和田町,京王八王子,18,25000000,３ＬＤＫ,90,2003年,ＲＣ,,,準工業,,,2026年第1四半期,,
中古マンション等,成約価格情報,13201,東京都,八王子市,大和田町,京王八王子,17,21000000,３ＬＤＫ,80,2002年,ＲＣ,,,１中住専,,,2026年第1四半期,,
中古マンション等,成約価格情報,13201,東京都,八王子市,鹿島,松が谷,4,9200000,３ＤＫ,60,1976年,ＲＣ,,,１中住専,,,2026年第1四半期,,
中古マンション等,成約価格情報,13201,東京都,八王子市,鹿島,京王多摩センター,10,25000000,２ＬＤＫ,85,1983年,ＲＣ,,,１中住専,,,2026年第1四半期,,
中古マンション等,成約価格情報,13201,東京都,八王子市,子安町,八王子,5,53000000,３ＬＤＫ,75,2011年,ＲＣ,,,１種住居,,,2026年第1四半期,,
中古マンション等,成約価格情報,13201,東京都,八王子市,子安町,八王子,11,55000000,３ＬＤＫ,80,2015年,ＲＣ,,,２種住居,,,2026年第1四半期,,
中古マンション等,成約価格情報,13201,東京都,八王子市,子安町,八王子,11,3700000,１Ｋ,20,1994年,ＲＣ,,,２中住専,,,2026年第1四半期,,
中古マンション等,成約価格情報,13201,東京都,八王子市,子安町,八王子,10,22000000,２ＬＤＫ,65,1974年,ＳＲＣ,,,２種住居,,,2026年第1四半期,,
中古マンション等,成約価格情報,13201,東京都,八王子市,子安町,八王子,9,33000000,４ＬＤＫ,80,1998年,ＲＣ,,,２種住居,,,2026年第1四半期,,
中古マンション等,成約価格情報,13201,東京都,八王子市,散田町,西八王子,4,21000000,２ＬＤＫ,70,1970年,ＳＲＣ,,,１種住居,,,2026年第1四半期,,
中古マンション等,成約価格情報,13201,東京都,八王子市,散田町,西八王子,5,12000000,３ＬＤＫ,65,1970年,ＳＲＣ,,,１種住居,,,2026年第1四半期,,
中古マンション等,成約価格情報,13201,東京都,八王子市,散田町,めじろ台,13,19000000,３ＬＤＫ,75,2001年,ＲＣ,,,準工業,,,2026年第1四半期,,
中古マンション等,成約価格情報,13201,東京都,八王子市,長沼町,長沼(東京),2,25000000,３ＬＤＫ,80,2006年,ＲＣ,,,１低住専,,,2026年第1四半期,,
中古マンション等,成約価格情報,13201,東京都,八王子市,堀之内,京王堀之内,8,26000000,３ＬＤＫ,65,1996年,ＳＲＣ,,,１種住居,,,2026年第1四半期,,
中古マンション等,成約価格情報,13201,東京都,八王子市,松木,京王堀之内,16,32000000,３ＬＤＫ,70,1998年,ＲＣ,,,２中住専,,,2026年第1四半期,,
中古マンション等,成約価格情報,13201,東京都,八王子市,松木,南大沢,16,20000000,２ＬＤＫ,60,2009年,ＲＣ,,,準住居,,,2026年第1四半期,,
中古マンション等,成約価格情報,13201,東京都,八王子市,めじろ台,めじろ台,3,14000000,３ＬＤＫ,60,1973年,ＲＣ,,,近隣商業,,,2026年第1四半期,,
中古マンション等,成約価格情報,13201,東京都,八王子市,元横山町,八王子,12,30000000,３ＬＤＫ,65,1999年,ＲＣ,,,近隣商業,,,2026年第1四半期,,
中古マンション等,成約価格情報,13201,東京都,八王子市,元横山町,八王子,10,4400000,１Ｒ,15,1984年,ＲＣ,,,準工業,,,2026年第1四半期,,
中古マンション等,成約価格情報,13201,東京都,八王子市,横山町,八王子,4,45000000,１ＬＤＫ,50,2018年,ＲＣ,,,商業,,,2026年第1四半期,,
中古マンション等,成約価格情報,13201,東京都,八王子市,横山町,八王子,7,47000000,２ＬＤＫ,55,2020年,ＲＣ,,,商業,,,2026年第1四半期,,
中古マンション等,成約価格情報,13201,東京都,八王子市,片倉町,片倉,6,25000000,３ＬＤＫ,75,1995年,ＲＣ,,,２中住専,,,2026年第1四半期,,
中古マンション等,成約価格情報,13201,東京都,八王子市,上柚木,南大沢,12,42000000,４ＬＤＫ,105,2002年,ＲＣ,,,１中住専,,,2026年第1四半期,,
中古マンション等,成約価格情報,13201,東京都,八王子市,久保山町,小宮,12,26000000,４ＬＤＫ＋Ｓ,145,1992年,ＳＲＣ,,,１中住専,,,2026年第1四半期,,
中古マンション等,成約価格情報,13201,東京都,八王子市,下柚木,南大沢,11,41000000,３ＬＤＫ,100,2003年,ＲＣ,,,１中住専,,,2026年第1四半期,,
中古マンション等,成約価格情報,13201,東京都,八王子市,下柚木,南大沢,14,39000000,３ＬＤＫ,90,2003年,ＲＣ,,,１中住専,,,2026年第1四半期,,
中古マンション等,成約価格情報,13201,東京都,八王子市,下柚木,南大沢,12,50000000,３ＬＤＫ,95,2003年,ＲＣ,,,１中住専,,,2026年第1四半期,改装済み,
中古マンション等,成約価格情報,13201,東京都,八王子市,下柚木,京王堀之内,,22000000,３ＬＤＫ,65,1995年,ＲＣ,,,２中住専,,,2026年第1四半期,改装済み,
中古マンション等,成約価格情報,13201,東京都,八王子市,千人町,西八王子,6,27000000,４ＬＤＫ,90,1991年,ＳＲＣ,,,商業,,,2026年第1四半期,,
中古マンション等,成約価格情報,13201,東京都,八王子市,千人町,西八王子,4,33000000,２ＬＤＫ,70,2010年,ＳＲＣ,,,商業,,,2026年第1四半期,,
中古マンション等,成約価格情報,13201,東京都,八王子市,高倉町,北八王子,10,24000000,２ＬＤＫ,65,2008年,ＲＣ,,,準工業,,,2026年第1四半期,,
中古マンション等,成約価格情報,13201,東京都,八王子市,高倉町,豊田,16,21000000,３ＬＤＫ,75,2007年,ＲＣ,,,準工業,,,2026年第1四半期,改装済み,
中古マンション等,成約価格情報,13201,東京都,八王子市,天神町,八王子,7,3200000,１Ｒ,15,1982年,ＲＣ,,,近隣商業,,,2026年第1四半期,,
中古マンション等,成約価格情報,13201,東京都,八王子市,東浅川町,高尾(東京),19,25000000,３ＬＤＫ,80,2003年,ＲＣ,,,準工業,,,2026年第1四半期,,
中古マンション等,成約価格情報,13201,東京都,八王子市,東浅川町,高尾(東京),9,34000000,３ＬＤＫ,75,2001年,ＲＣ,,,準工業,,,2026年第1四半期,,
中古マンション等,成約価格情報,13201,東京都,八王子市,東浅川町,高尾(東京),18,18000000,３ＬＤＫ,65,2003年,ＲＣ,,,準工業,,,2026年第1四半期,,
中古マンション等,成約価格情報,13201,東京都,八王子市,松が谷,松が谷,8,38000000,３ＬＤＫ,75,2018年,ＲＣ,,,１中住専,,,2026年第1四半期,,
中古マンション等,成約価格情報,13201,東京都,八王子市,松が谷,松が谷,10,14000000,３ＬＤＫ,75,1976年,ＲＣ,,,１低住専,,,2026年第1四半期,,
中古マンション等,成約価格情報,13201,東京都,八王子市,松が谷,京王多摩センター,16,19000000,５ＬＤＫ,110,1982年,ＲＣ,,,１中住専,,,2026年第1四半期,,
中古マンション等,成約価格情報,13201,東京都,八王子市,松が谷,京王多摩センター,13,37000000,４ＬＤＫ,125,2008年,ＲＣ,,,１中住専,,,2026年第1四半期,,
中古マンション等,成約価格情報,13201,東京都,八王子市,松が谷,松が谷,8,40000000,３ＬＤＫ,75,2018年,ＲＣ,,,１中住専,,,2026年第1四半期,,
中古マンション等,成約価格情報,13201,東京都,八王子市,松が谷,京王多摩センター,17,18000000,５ＬＤＫ,110,1982年,ＲＣ,,,１中住専,,,2026年第1四半期,,
中古マンション等,成約価格情報,13201,東京都,八王子市,松が谷,京王多摩センター,12,36000000,３ＬＤＫ,85,2007年,ＲＣ,,,１中住専,,,2026年第1四半期,,
中古マンション等,成約価格情報,13201,東京都,八王子市,鑓水,南大沢,22,34000000,３ＬＤＫ,95,2006年,ＲＣ,,,１中住専,,,2026年第1四半期,,
中古マンション等,成約価格情報,13201,東京都,八王子市,鑓水,南大沢,20,32000000,３ＬＤＫ,95,2002年,ＳＲＣ,,,１中住専,,,2026年第1四半期,,
中古マンション等,成約価格情報,13201,東京都,八王子市,八日町,八王子,10,50000000,３ＬＤＫ,80,2016年,ＲＣ,,,商業,,,2026年第1四半期,,
中古マンション等,成約価格情報,13201,東京都,八王子市,八日町,八王子,10,40000000,１ＬＤＫ＋Ｓ,65,2019年,ＲＣ,,,商業,,,2026年第1四半期,,
中古マンション等,成約価格情報,13201,東京都,八王子市,八日町,八王子,13,65000000,３ＬＤＫ,90,2005年,ＲＣ,,,商業,,,2026年第1四半期,,
中古マンション等,成約価格情報,13201,東京都,八王子市,八日町,八王子,10,40000000,２ＬＤＫ＋Ｓ,60,2019年,ＲＣ,,,商業,,,2026年第1四半期,,
中古マンション等,成約価格情報,13201,東京都,八王子市,八日町,八王子,13,25000000,３ＬＤＫ,80,1998年,ＳＲＣ,,,商業,,,2026年第1四半期,改装済み,
中古マンション等,成約価格情報,13201,東京都,八王子市,八日町,八王子,10,40000000,１ＬＤＫ＋Ｓ,65,2019年,ＲＣ,,,商業,,,2026年第1四半期,,
中古マンション等,成約価格情報,13201,東京都,八王子市,八日町,八王子,10,37000000,２ＬＤＫ＋Ｓ,60,2019年,ＲＣ,,,商業,,,2026年第1四半期,,
中古マンション等,成約価格情報,13201,東京都,八王子市,八日町,八王子,10,43000000,３ＬＤＫ,75,2010年,ＲＣ,,,商業,,,2026年第1四半期,,
中古マンション等,成約価格情報,13201,東京都,八王子市,八日町,八王子,12,57000000,３ＬＤＫ＋Ｓ,80,2016年,ＲＣ,,,商業,,,2026年第1四半期,,
中古マンション等,不動産取引価格情報,13201,東京都,八王子市,暁町,八王子,30分～60分,9500000,３ＬＤＫ,65,1998年,ＲＣ,住宅,住宅,１中住専,60,200,2026年第1四半期,未改装,
中古マンション等,不動産取引価格情報,13201,東京都,八王子市,旭町,八王子,2,62000000,２ＬＤＫ,50,2018年,ＳＲＣ,住宅,住宅,商業,80,600,2026年第1四半期,未改装,
中古マンション等,不動産取引価格情報,13201,東京都,八王子市,旭町,八王子,3,45000000,２ＬＤＫ,40,2019年,ＲＣ,住宅,,商業,80,600,2026年第1四半期,未改装,
中古マンション等,不動産取引価格情報,13201,東京都,八王子市,追分町,西八王子,14,6300000,１Ｋ,15,1989年,ＳＲＣ,事務所,,商業,80,600,2026年第1四半期,未改装,
中古マンション等,不動産取引価格情報,13201,東京都,八王子市,大和田町,京王八王子,16,35000000,３ＬＤＫ,95,2003年,ＲＣ,住宅,住宅,準工業,60,200,2026年第1四半期,未改装,
中古マンション等,不動産取引価格情報,13201,東京都,八王子市,大和田町,京王八王子,11,40000000,２ＬＤＫ,70,2023年,ＳＲＣ,,住宅,１種住居,60,200,2026年第1四半期,未改装,
中古マンション等,不動産取引価格情報,13201,東京都,八王子市,鹿島,松が谷,8,5900000,２ＬＤＫ,55,1984年,ＲＣ,住宅,住宅,１中住専,60,200,2026年第1四半期,未改装,
中古マンション等,不動産取引価格情報,13201,東京都,八王子市,北野町,北野(東京),8,10000000,,15,1998年,,駐車場,その他,準工業,60,200,2026年第1四半期,未改装,
中古マンション等,不動産取引価格情報,13201,東京都,八王子市,北野町,北野(東京),9,20000000,２ＤＫ,55,1997年,,,住宅,準工業,60,200,2026年第1四半期,未改装,
中古マンション等,不動産取引価格情報,13201,東京都,八王子市,北野町,北野(東京),4,2400000,１Ｒ,15,1984年,ＲＣ,,その他,工業,60,200,2026年第1四半期,未改装,
中古マンション等,不動産取引価格情報,13201,東京都,八王子市,久保山町,小宮,12,19000000,３ＬＤＫ,85,1992年,ＳＲＣ,,住宅,１中住専,60,200,2026年第1四半期,未改装,
中古マンション等,不動産取引価格情報,13201,東京都,八王子市,子安町,八王子,6,23000000,１Ｋ,25,2022年,ＲＣ,住宅,その他,１種住居,60,200,2026年第1四半期,,
中古マンション等,不動産取引価格情報,13201,東京都,八王子市,子安町,八王子,13,2500000,１Ｋ,20,,ＲＣ,住宅,住宅,２中住専,60,200,2026年第1四半期,未改装,
中古マンション等,不動産取引価格情報,13201,東京都,八王子市,子安町,八王子,1,82000000,３ＬＤＫ,70,2010年,ＳＲＣ,住宅,住宅,商業,80,600,2026年第1四半期,未改装,
中古マンション等,不動産取引価格情報,13201,東京都,八王子市,散田町,西八王子,4,38000000,３ＬＤＫ,80,1987年,ＳＲＣ,住宅,住宅,商業,80,600,2026年第1四半期,改装済み,
中古マンション等,不動産取引価格情報,13201,東京都,八王子市,下柚木,南大沢,8,42000000,３ＬＤＫ,85,2003年,ＲＣ,,住宅,１中住専,50,100,2026年第1四半期,未改装,
中古マンション等,不動産取引価格情報,13201,東京都,八王子市,下柚木,南大沢,15,20000000,４ＬＤＫ,105,1999年,ＲＣ,住宅,住宅,１中住専,50,150,2026年第1四半期,未改装,
中古マンション等,不動産取引価格情報,13201,東京都,八王子市,狭間町,狭間,9,35000000,３ＬＤＫ,70,1998年,ＲＣ,住宅,住宅,工業,60,200,2026年第1四半期,改装済み,
中古マンション等,不動産取引価格情報,13201,東京都,八王子市,八幡町,八王子,15,38000000,３ＬＤＫ,60,2004年,ＲＣ,住宅,住宅,商業,80,600,2026年第1四半期,改装済み,
中古マンション等,不動産取引価格情報,13201,東京都,八王子市,初沢町,高尾(東京),1,34000000,３ＬＤＫ,65,1978年,ＳＲＣ,住宅,住宅,近隣商業,80,400,2026年第1四半期,改装済み,
中古マンション等,不動産取引価格情報,13201,東京都,八王子市,東浅川町,高尾(東京),12,53000000,３ＬＤＫ,70,2025年,ＲＣ,住宅,住宅,準工業,60,200,2026年第1四半期,未改装,
中古マンション等,不動産取引価格情報,13201,東京都,八王子市,東浅川町,狭間,5,30000000,４ＬＤＫ,80,2001年,ＲＣ,住宅,住宅,準工業,60,200,2026年第1四半期,,
中古マンション等,不動産取引価格情報,13201,東京都,八王子市,東中野,京王堀之内,12,30000000,３ＬＤＫ,60,2014年,ＲＣ,,住宅,２中住専,60,200,2026年第1四半期,未改装,
中古マンション等,不動産取引価格情報,13201,東京都,八王子市,東中野,中央大学・明星大学,3,25000000,２ＬＤＫ,60,2000年,ＲＣ,住宅,住宅,２種住居,60,200,2026年第1四半期,改装済み,
中古マンション等,不動産取引価格情報,13201,東京都,八王子市,別所,南大沢,8,52000000,４ＬＤＫ,105,2012年,ＲＣ,住宅,住宅,１中住専,50,150,2026年第1四半期,未改装,
中古マンション等,不動産取引価格情報,13201,東京都,八王子市,松が谷,京王多摩センター,18,14000000,３ＬＤＫ,80,,ＲＣ,住宅,住宅,１中住専,60,200,2026年第1四半期,改装済み,
中古マンション等,不動産取引価格情報,13201,東京都,八王子市,南町,八王子,8,17000000,１Ｋ,20,2007年,ＲＣ,,その他,商業,80,600,2026年第1四半期,,
中古マンション等,不動産取引価格情報,13201,東京都,八王子市,みなみ野,八王子みなみ野,6,39000000,３ＬＤＫ,85,1997年,ＲＣ,住宅,住宅,１中住専,50,150,2026年第1四半期,改装済み,
中古マンション等,不動産取引価格情報,13201,東京都,八王子市,明神町,京王八王子,3,55000000,３ＬＤＫ,75,2015年,ＲＣ,住宅,住宅,商業,80,600,2026年第1四半期,未改装,
中古マンション等,不動産取引価格情報,13201,東京都,八王子市,明神町,京王八王子,10,20000000,２ＬＤＫ,60,1975年,ＳＲＣ,住宅,住宅,近隣商業,80,300,2026年第1四半期,改装済み,
中古マンション等,不動産取引価格情報,13201,東京都,八王子市,明神町,京王八王子,7,3700000,１Ｋ,15,1982年,ＲＣ,住宅,住宅,準工業,60,200,2026年第1四半期,未改装,
中古マンション等,不動産取引価格情報,13201,東京都,八王子市,元横山町,八王子,13,7000000,３ＬＤＫ,60,1974年,ＲＣ,住宅,住宅,準工業,60,200,2026年第1四半期,未改装,
中古マンション等,不動産取引価格情報,13201,東京都,八王子市,元横山町,八王子,12,30000000,３ＬＤＫ,65,1999年,ＲＣ,住宅,住宅,近隣商業,80,300,2026年第1四半期,未改装,
中古マンション等,不動産取引価格情報,13201,東京都,八王子市,八日町,八王子,10,49000000,３ＬＤＫ,65,2010年,ＲＣ,住宅,住宅,商業,80,600,2026年第1四半期,改装済み,
中古マンション等,不動産取引価格情報,13201,東京都,八王子市,横山町,八王子,4,85000000,３ＬＤＫ,85,2018年,ＲＣ,住宅,住宅,商業,80,600,2026年第1四半期,改装済み,
中古マンション等,不動産取引価格情報,13201,東京都,八王子市,横山町,八王子,7,47000000,２ＬＤＫ,50,2020年,ＲＣ,住宅,住宅,商業,80,600,2026年第1四半期,未改装,
中古マンション等,成約価格情報,13202,東京都,立川市,富士見町,立川,15,29000000,３ＬＤＫ,75,1981年,ＲＣ,,,商業,,,2026年第1四半期,,
中古マンション等,成約価格情報,13202,東京都,立川市,富士見町,西立川,17,10000000,１ＬＤＫ,55,1968年,ＲＣ,,,１中住専,,,2026年第1四半期,,
中古マンション等,成約価格情報,13202,東京都,立川市,富士見町,立川,,46000000,４ＬＤＫ,90,2004年,ＲＣ,,,準工業,,,2026年第1四半期,,
中古マンション等,成約価格情報,13202,東京都,立川市,富士見町,立川,15,3900000,１Ｒ,20,1983年,ＲＣ,,,商業,,,2026年第1四半期,,
中古マンション等,成約価格情報,13202,東京都,立川市,若葉町,立川,,34000000,４ＬＤＫ,85,2001年,ＲＣ,,,１中住専,,,2026年第1四半期,,
中古マンション等,成約価格情報,13202,東京都,立川市,一番町,西武立川,12,13000000,３ＬＤＫ,70,1999年,ＲＣ,,,準工業,,,2026年第1四半期,,
中古マンション等,成約価格情報,13202,東京都,立川市,曙町,立川,12,50000000,２ＬＤＫ＋Ｓ,65,2008年,ＲＣ,,,１種住居,,,2026年第1四半期,,
中古マンション等,成約価格情報,13202,東京都,立川市,曙町,立川,13,18000000,２ＬＤＫ,50,1974年,ＳＲＣ,,,準工業,,,2026年第1四半期,,
中古マンション等,成約価格情報,13202,東京都,立川市,曙町,立川,4,80000000,３ＬＤＫ,75,2015年,ＲＣ,,,商業,,,2026年第1四半期,,
中古マンション等,成約価格情報,13202,東京都,立川市,曙町,立川,7,76000000,３ＬＤＫ＋Ｓ,85,2007年,ＳＲＣ,,,商業,,,2026年第1四半期,,
中古マンション等,成約価格情報,13202,東京都,立川市,曙町,立川,7,57000000,２ＬＤＫ＋Ｓ,70,1995年,ＲＣ,,,近隣商業,,,2026年第1四半期,,
中古マンション等,成約価格情報,13202,東京都,立川市,曙町,立川,6,49000000,２ＬＤＫ,55,1998年,ＳＲＣ,,,商業,,,2026年第1四半期,,
中古マンション等,成約価格情報,13202,東京都,立川市,曙町,立川,10,60000000,２ＬＤＫ,60,2008年,ＲＣ,,,商業,,,2026年第1四半期,,
中古マンション等,成約価格情報,13202,東京都,立川市,曙町,立川,12,52000000,２ＬＤＫ＋Ｓ,75,2008年,ＲＣ,,,１種住居,,,2026年第1四半期,,
中古マンション等,成約価格情報,13202,東京都,立川市,曙町,立川,9,24000000,１Ｋ,25,2021年,ＲＣ,,,準工業,,,2026年第1四半期,,
中古マンション等,成約価格情報,13202,東京都,立川市,上砂町,武蔵砂川,8,15000000,３ＬＤＫ,85,1989年,ＲＣ,,,工業,,,2026年第1四半期,,
中古マンション等,成約価格情報,13202,東京都,立川市,錦町,立川,8,47000000,２ＬＤＫ,60,2014年,ＲＣ,,,商業,,,2026年第1四半期,,
中古マンション等,成約価格情報,13202,東京都,立川市,錦町,立川,9,75000000,３ＬＤＫ,75,2018年,ＲＣ,,,商業,,,2026年第1四半期,,
中古マンション等,成約価格情報,13202,東京都,立川市,錦町,西国立,15,31000000,３ＬＤＫ,65,1996年,ＲＣ,,,準工業,,,2026年第1四半期,,
中古マンション等,成約価格情報,13202,東京都,立川市,錦町,立川,8,43000000,３ＬＤＫ,80,1987年,ＲＣ,,,商業,,,2026年第1四半期,,
中古マンション等,成約価格情報,13202,東京都,立川市,錦町,立川,9,70000000,３ＬＤＫ,75,2018年,ＲＣ,,,商業,,,2026年第1四半期,,
中古マンション等,成約価格情報,13202,東京都,立川市,錦町,立川,10,6000000,１Ｒ,20,1989年,ＲＣ,,,商業,,,2026年第1四半期,,
中古マンション等,成約価格情報,13202,東京都,立川市,錦町,西国立,2,53000000,３ＬＤＫ,75,2005年,ＳＲＣ,,,１種住居,,,2026年第1四半期,,
中古マンション等,成約価格情報,13202,東京都,立川市,羽衣町,西国立,8,14000000,３ＬＤＫ,60,1985年,ＲＣ,,,商業,,,2026年第1四半期,,
中古マンション等,成約価格情報,13202,東京都,立川市,羽衣町,西国立,4,82000000,４ＬＤＫ,85,2020年,ＲＣ,,,１種住居,,,2026年第1四半期,,
中古マンション等,成約価格情報,13202,東京都,立川市,柏町,泉体育館,4,29000000,３ＬＤＫ,70,1999年,ＲＣ,,,準工業,,,2026年第1四半期,,
中古マンション等,成約価格情報,13202,東京都,立川市,柴崎町,立川,4,74000000,２ＬＤＫ,95,2001年,ＳＲＣ,,,商業,,,2026年第1四半期,改装済み,
中古マンション等,成約価格情報,13202,東京都,立川市,砂川町,武蔵砂川,11,24000000,３ＬＤＫ,65,1998年,ＲＣ,,,工業,,,2026年第1四半期,,
中古マンション等,成約価格情報,13202,東京都,立川市,砂川町,武蔵砂川,12,5900000,２ＤＫ,45,1982年,ＲＣ,,,工業,,,2026年第1四半期,,
中古マンション等,成約価格情報,13202,東京都,立川市,砂川町,武蔵砂川,11,23000000,３ＬＤＫ,80,2006年,ＲＣ,,,工業,,,2026年第1四半期,,
中古マンション等,成約価格情報,13202,東京都,立川市,高松町,立川,10,23000000,１Ｋ,25,2020年,ＲＣ,,,近隣商業,,,2026年第1四半期,,
中古マンション等,成約価格情報,13202,東京都,立川市,高松町,立川,17,64000000,３ＬＤＫ,75,2022年,ＲＣ,,,１種住居,,,2026年第1四半期,,
中古マンション等,成約価格情報,13202,東京都,立川市,高松町,立川,10,21000000,１Ｋ,25,2020年,ＲＣ,,,近隣商業,,,2026年第1四半期,,
中古マンション等,成約価格情報,13202,東京都,立川市,西砂町,西武立川,1,47000000,３ＬＤＫ,85,2014年,ＲＣ,,,近隣商業,,,2026年第1四半期,,
中古マンション等,不動産取引価格情報,13202,東京都,立川市,曙町,立川,8,36000000,スタジオ,30,2025年,ＲＣ,住宅,住宅,商業,80,500,2026年第1四半期,,
中古マンション等,不動産取引価格情報,13202,東京都,立川市,曙町,立川,15,18000000,１ＬＤＫ,45,1974年,ＳＲＣ,住宅,住宅,準工業,60,200,2026年第1四半期,改装済み,
中古マンション等,不動産取引価格情報,13202,東京都,立川市,曙町,立川,6,44000000,１ＬＤＫ,30,2025年,ＲＣ,,,商業,80,400,2026年第1四半期,改装済み,
中古マンション等,不動産取引価格情報,13202,東京都,立川市,曙町,立川,8,47000000,１ＬＤＫ,30,2025年,ＲＣ,,住宅,商業,80,500,2026年第1四半期,未改装,
中古マンション等,不動産取引価格情報,13202,東京都,立川市,曙町,立川,8,45000000,１ＬＤＫ,35,2025年,ＲＣ,,,商業,80,400,2026年第1四半期,未改装,
中古マンション等,不動産取引価格情報,13202,東京都,立川市,曙町,立川,8,40000000,１ＤＫ,30,2025年,ＲＣ,,住宅,商業,80,500,2026年第1四半期,改装済み,
中古マンション等,不動産取引価格情報,13202,東京都,立川市,曙町,立川,8,50000000,１ＬＤＫ,35,2025年,ＲＣ,,住宅,商業,80,500,2026年第1四半期,未改装,
中古マンション等,不動産取引価格情報,13202,東京都,立川市,柏町,玉川上水,5,25000000,２ＬＤＫ,45,1971年,ＲＣ,住宅,住宅,１中住専,60,200,2026年第1四半期,改装済み,
中古マンション等,不動産取引価格情報,13202,東京都,立川市,幸町,泉体育館,8,9000000,１ＬＤＫ,50,,ＲＣ,,住宅,１種住居,60,200,2026年第1四半期,未改装,
中古マンション等,不動産取引価格情報,13202,東京都,立川市,高松町,立川,19,72000000,３ＬＤＫ,70,2016年,ＲＣ,,住宅,準工業,60,200,2026年第1四半期,未改装,
中古マンション等,不動産取引価格情報,13202,東京都,立川市,高松町,立川,11,25000000,１Ｋ,20,2016年,ＲＣ,住宅,住宅,近隣商業,80,300,2026年第1四半期,未改装,
中古マンション等,不動産取引価格情報,13202,東京都,立川市,高松町,立川,8,57000000,１ＬＤＫ,55,1999年,ＳＲＣ,住宅,住宅,商業,80,400,2026年第1四半期,未改装,
中古マンション等,不動産取引価格情報,13202,東京都,立川市,錦町,立川,8,43000000,３ＬＤＫ,70,1987年,ＲＣ,住宅,住宅,商業,80,400,2026年第1四半期,,
中古マンション等,不動産取引価格情報,13202,東京都,立川市,錦町,立川,6,59000000,１ＬＤＫ,40,2024年,ＲＣ,住宅,住宅,商業,80,400,2026年第1四半期,未改装,
中古マンション等,不動産取引価格情報,13202,東京都,立川市,錦町,立川,8,53000000,３ＬＤＫ,65,1999年,ＲＣ,,住宅,近隣商業,80,400,2026年第1四半期,改装済み,
中古マンション等,不動産取引価格情報,13202,東京都,立川市,錦町,立川,9,23000000,１Ｋ,20,2020年,ＲＣ,住宅,住宅,商業,80,400,2026年第1四半期,,
中古マンション等,不動産取引価格情報,13202,東京都,立川市,錦町,西国立,13,40000000,３ＬＤＫ,70,2012年,ＲＣ,,住宅,準工業,60,200,2026年第1四半期,未改装,
中古マンション等,不動産取引価格情報,13202,東京都,立川市,富士見町,立川,14,5700000,１Ｋ,15,1983年,ＲＣ,住宅,住宅,商業,80,400,2026年第1四半期,未改装,
中古マンション等,不動産取引価格情報,13202,東京都,立川市,富士見町,立川,14,5800000,１Ｋ,15,1983年,ＲＣ,住宅,住宅,商業,80,400,2026年第1四半期,未改装,
中古マンション等,不動産取引価格情報,13202,東京都,立川市,富士見町,立川,30分～60分,22000000,３ＬＤＫ,60,2009年,ＲＣ,住宅,住宅,準工業,60,200,2026年第1四半期,未改装,
中古マンション等,不動産取引価格情報,13202,東京都,立川市,富士見町,立川,16,42000000,３ＬＤＫ,70,2003年,ＲＣ,,住宅,１種住居,60,200,2026年第1四半期,改装済み,
中古マンション等,成約価格情報,13203,東京都,武蔵野市,吉祥寺本町,吉祥寺,10,95000000,２ＬＤＫ,60,2023年,ＲＣ,,,近隣商業,,,2026年第1四半期,,
中古マンション等,成約価格情報,13203,東京都,武蔵野市,吉祥寺本町,吉祥寺,5,130000000,２ＬＤＫ,70,2003年,ＳＲＣ,,,商業,,,2026年第1四半期,改装済み,
中古マンション等,成約価格情報,13203,東京都,武蔵野市,吉祥寺本町,吉祥寺,4,120000000,２ＬＤＫ,60,2012年,ＲＣ,,,商業,,,2026年第1四半期,,
中古マンション等,成約価格情報,13203,東京都,武蔵野市,吉祥寺本町,吉祥寺,4,26000000,１Ｋ,25,2005年,ＲＣ,,,商業,,,2026年第1四半期,,
中古マンション等,成約価格情報,13203,東京都,武蔵野市,吉祥寺本町,吉祥寺,14,57000000,２ＬＤＫ,60,1984年,ＲＣ,,,１低住専,,,2026年第1四半期,,
中古マンション等,成約価格情報,13203,東京都,武蔵野市,吉祥寺本町,吉祥寺,9,100000000,３ＬＤＫ,75,2023年,ＲＣ,,,１種住居,,,2026年第1四半期,,
中古マンション等,成約価格情報,13203,東京都,武蔵野市,吉祥寺本町,吉祥寺,5,36000000,１ＬＤＫ,40,1982年,ＲＣ,,,近隣商業,,,2026年第1四半期,,
中古マンション等,成約価格情報,13203,東京都,武蔵野市,吉祥寺本町,吉祥寺,5,38000000,２ＬＤＫ,50,1978年,ＳＲＣ,,,近隣商業,,,2026年第1四半期,,
中古マンション等,成約価格情報,13203,東京都,武蔵野市,境,武蔵境,2,44000000,１ＤＫ,45,2005年,ＳＲＣ,,,商業,,,2026年第1四半期,,
中古マンション等,成約価格情報,13203,東京都,武蔵野市,境,武蔵境,5,35000000,２ＤＫ,60,1971年,ＲＣ,,,２中住専,,,2026年第1四半期,,
中古マンション等,成約価格情報,13203,東京都,武蔵野市,境,武蔵境,10,89000000,３ＬＤＫ,80,2009年,ＲＣ,,,１低住専,,,2026年第1四半期,,
中古マンション等,成約価格情報,13203,東京都,武蔵野市,境,武蔵境,10,120000000,４ＬＤＫ,100,2004年,ＲＣ,,,１種住居,,,2026年第1四半期,,
中古マンション等,成約価格情報,13203,東京都,武蔵野市,境,武蔵境,14,61000000,１ＬＤＫ＋Ｓ,55,2022年,ＲＣ,,,１中住専,,,2026年第1四半期,,
中古マンション等,成約価格情報,13203,東京都,武蔵野市,境,武蔵境,10,99000000,３ＬＤＫ,70,2020年,ＲＣ,,,１低住専,,,2026年第1四半期,,
中古マンション等,成約価格情報,13203,東京都,武蔵野市,境,武蔵境,11,97000000,３ＬＤＫ,80,2009年,ＲＣ,,,１低住専,,,2026年第1四半期,,
中古マンション等,成約価格情報,13203,東京都,武蔵野市,境,武蔵境,10,75000000,２ＬＤＫ,65,2009年,ＲＣ,,,１低住専,,,2026年第1四半期,改装済み,
中古マンション等,成約価格情報,13203,東京都,武蔵野市,吉祥寺南町,吉祥寺,3,56000000,１ＬＤＫ,50,1975年,ＳＲＣ,,,近隣商業,,,2026年第1四半期,,
中古マンション等,成約価格情報,13203,東京都,武蔵野市,吉祥寺南町,吉祥寺,3,110000000,３ＬＤＫ,100,1978年,ＳＲＣ,,,商業,,,2026年第1四半期,,
中古マンション等,成約価格情報,13203,東京都,武蔵野市,吉祥寺南町,吉祥寺,3,43000000,２ＤＫ,50,1975年,ＳＲＣ,,,近隣商業,,,2026年第1四半期,,
中古マンション等,成約価格情報,13203,東京都,武蔵野市,吉祥寺南町,吉祥寺,10,190000000,３ＬＤＫ,80,2005年,ＲＣ,,,１低住専,,,2026年第1四半期,,
中古マンション等,成約価格情報,13203,東京都,武蔵野市,御殿山,吉祥寺,6,51000000,３ＬＤＫ,105,1971年,ＳＲＣ,,,近隣商業,,,2026年第1四半期,,
中古マンション等,成約価格情報,13203,東京都,武蔵野市,御殿山,吉祥寺,7,60000000,１ＬＤＫ,55,1971年,ＳＲＣ,,,近隣商業,,,2026年第1四半期,,
中古マンション等,成約価格情報,13203,東京都,武蔵野市,御殿山,吉祥寺,6,27000000,２ＤＫ,55,1971年,ＳＲＣ,,,近隣商業,,,2026年第1四半期,,
中古マンション等,成約価格情報,13203,東京都,武蔵野市,御殿山,三鷹,9,130000000,３ＬＤＫ,75,2014年,ＲＣ,,,１低住専,,,2026年第1四半期,,
中古マンション等,成約価格情報,13203,東京都,武蔵野市,御殿山,吉祥寺,6,41000000,１Ｒ,60,1968年,ＳＲＣ,,,近隣商業,,,2026年第1四半期,,
中古マンション等,成約価格情報,13203,東京都,武蔵野市,桜堤,武蔵境,20,68000000,３ＬＤＫ,80,2013年,ＲＣ,,,１中住専,,,2026年第1四半期,,
中古マンション等,成約価格情報,13203,東京都,武蔵野市,桜堤,武蔵境,,80000000,３ＬＤＫ,90,2008年,ＲＣ,,,１中住専,,,2026年第1四半期,,
中古マンション等,成約価格情報,13203,東京都,武蔵野市,桜堤,武蔵境,,78000000,３ＬＤＫ,90,2012年,ＲＣ,,,１中住専,,,2026年第1四半期,,
中古マンション等,成約価格情報,13203,東京都,武蔵野市,関前,三鷹,,59000000,３ＬＤＫ,70,2012年,ＲＣ,,,１低住専,,,2026年第1四半期,,
中古マンション等,成約価格情報,13203,東京都,武蔵野市,関前,三鷹,18,65000000,３ＬＤＫ,140,1989年,ＲＣ,,,準工業,,,2026年第1四半期,,
中古マンション等,成約価格情報,13203,東京都,武蔵野市,中町,三鷹,13,19000000,１ＤＫ＋Ｓ,50,1966年,ＲＣ,,,１種住居,,,2026年第1四半期,,
中古マンション等,成約価格情報,13203,東京都,武蔵野市,中町,三鷹,3,160000000,３ＬＤＫ,80,2010年,ＲＣ,,,商業,,,2026年第1四半期,,
中古マンション等,成約価格情報,13203,東京都,武蔵野市,中町,三鷹,3,62000000,２ＤＫ,50,2007年,ＲＣ,,,商業,,,2026年第1四半期,,
中古マンション等,成約価格情報,13203,東京都,武蔵野市,中町,三鷹,10,13000000,２ＬＤＫ,40,1966年,ＲＣ,,,準工業,,,2026年第1四半期,,
中古マンション等,成約価格情報,13203,東京都,武蔵野市,中町,三鷹,5,23000000,２ＬＤＫ,55,1967年,ＳＲＣ,,,１種住居,,,2026年第1四半期,,
中古マンション等,成約価格情報,13203,東京都,武蔵野市,中町,三鷹,10,95000000,２ＬＤＫ＋Ｓ,75,2018年,ＲＣ,,,準工業,,,2026年第1四半期,,
中古マンション等,成約価格情報,13203,東京都,武蔵野市,中町,三鷹,5,150000000,３ＬＤＫ,110,1998年,ＳＲＣ,,,商業,,,2026年第1四半期,,
中古マンション等,成約価格情報,13203,東京都,武蔵野市,中町,三鷹,3,190000000,３ＬＤＫ,90,2010年,ＲＣ,,,商業,,,2026年第1四半期,改装済み,
中古マンション等,成約価格情報,13203,東京都,武蔵野市,中町,三鷹,3,100000000,２ＬＤＫ,60,2010年,ＲＣ,,,商業,,,2026年第1四半期,,
中古マンション等,成約価格情報,13203,東京都,武蔵野市,中町,三鷹,2,130000000,３ＬＤＫ,70,2022年,ＲＣ,,,商業,,,2026年第1四半期,,
中古マンション等,成約価格情報,13203,東京都,武蔵野市,中町,三鷹,3,260000000,３ＬＤＫ,125,2010年,ＲＣ,,,商業,,,2026年第1四半期,,
中古マンション等,成約価格情報,13203,東京都,武蔵野市,中町,三鷹,11,37000000,３ＬＤＫ,70,1982年,ＲＣ,,,準工業,,,2026年第1四半期,,
中古マンション等,成約価格情報,13203,東京都,武蔵野市,中町,三鷹,12,47000000,１ＬＤＫ,50,1970年,ＲＣ,,,準工業,,,2026年第1四半期,,
中古マンション等,成約価格情報,13203,東京都,武蔵野市,緑町,三鷹,19,40000000,３ＬＤＫ,65,1996年,,,,１低住専,,,2026年第1四半期,,
中古マンション等,成約価格情報,13203,東京都,武蔵野市,緑町,三鷹,18,15000000,２ＤＫ,50,1971年,ＳＲＣ,,,近隣商業,,,2026年第1四半期,,
中古マンション等,成約価格情報,13203,東京都,武蔵野市,吉祥寺北町,吉祥寺,20,95000000,２ＬＤＫ＋Ｓ,110,2000年,ＲＣ,,,１低住専,,,2026年第1四半期,,
中古マンション等,成約価格情報,13203,東京都,武蔵野市,吉祥寺北町,三鷹,16,100000000,３ＬＤＫ,80,2021年,ＲＣ,,,近隣商業,,,2026年第1四半期,,
中古マンション等,成約価格情報,13203,東京都,武蔵野市,吉祥寺北町,吉祥寺,18,40000000,２ＬＤＫ,65,1974年,ＳＲＣ,,,商業,,,2026年第1四半期,,
中古マンション等,成約価格情報,13203,東京都,武蔵野市,吉祥寺北町,吉祥寺,18,120000000,３ＬＤＫ,90,2006年,ＲＣ,,,１低住専,,,2026年第1四半期,,
中古マンション等,成約価格情報,13203,東京都,武蔵野市,吉祥寺東町,吉祥寺,13,110000000,３ＬＤＫ,75,2010年,ＲＣ,,,１中住専,,,2026年第1四半期,,
中古マンション等,成約価格情報,13203,東京都,武蔵野市,吉祥寺東町,吉祥寺,11,67000000,２ＬＤＫ,65,1971年,ＳＲＣ,,,１低住専,,,2026年第1四半期,,
中古マンション等,成約価格情報,13203,東京都,武蔵野市,吉祥寺東町,吉祥寺,8,13000000,２ＤＫ,45,1975年,ＲＣ,,,近隣商業,,,2026年第1四半期,,
中古マンション等,成約価格情報,13203,東京都,武蔵野市,境南町,武蔵境,7,58000000,２ＬＤＫ＋Ｓ,75,2003年,ＲＣ,,,１中住専,,,2026年第1四半期,,
中古マンション等,成約価格情報,13203,東京都,武蔵野市,境南町,武蔵境,4,14000000,１Ｒ,25,1984年,ＲＣ,,,商業,,,2026年第1四半期,,
中古マンション等,成約価格情報,13203,東京都,武蔵野市,境南町,武蔵境,6,38000000,３ＤＫ,65,1977年,ＳＲＣ,,,近隣商業,,,2026年第1四半期,改装済み,
中古マンション等,成約価格情報,13203,東京都,武蔵野市,境南町,武蔵境,4,55000000,２ＬＤＫ,55,1997年,ＲＣ,,,１中住専,,,2026年第1四半期,改装済み,
中古マンション等,成約価格情報,13203,東京都,武蔵野市,境南町,武蔵境,9,120000000,３ＬＤＫ,80,2021年,ＲＣ,,,１中住専,,,2026年第1四半期,,
中古マンション等,成約価格情報,13203,東京都,武蔵野市,境南町,武蔵境,14,33000000,３ＬＤＫ,60,1983年,ＲＣ,,,１種住居,,,2026年第1四半期,,
中古マンション等,成約価格情報,13203,東京都,武蔵野市,境南町,武蔵境,9,64000000,２ＬＤＫ,75,1996年,ＲＣ,,,１低住専,,,2026年第1四半期,,
中古マンション等,成約価格情報,13203,東京都,武蔵野市,西久保,三鷹,11,80000000,３ＬＤＫ,65,2016年,ＲＣ,,,近隣商業,,,2026年第1四半期,,
中古マンション等,成約価格情報,13203,東京都,武蔵野市,西久保,三鷹,16,80000000,２ＬＤＫ,55,2024年,ＲＣ,,,準工業,,,2026年第1四半期,,
中古マンション等,成約価格情報,13203,東京都,武蔵野市,西久保,三鷹,10,58000000,２ＬＤＫ,55,1985年,ＲＣ,,,準工業,,,2026年第1四半期,,
中古マンション等,成約価格情報,13203,東京都,武蔵野市,西久保,三鷹,14,100000000,３ＬＤＫ,75,2015年,ＲＣ,,,準工業,,,2026年第1四半期,,
中古マンション等,不動産取引価格情報,13203,東京都,武蔵野市,吉祥寺北町,吉祥寺,18,120000000,３ＬＤＫ,80,2006年,ＲＣ,住宅,住宅,１低住専,40,80,2026年第1四半期,,
中古マンション等,不動産取引価格情報,13203,東京都,武蔵野市,吉祥寺本町,吉祥寺,4,22000000,,15,1995年,ＲＣ,住宅,住宅,商業,80,600,2026年第1四半期,未改装,
中古マンション等,不動産取引価格情報,13203,東京都,武蔵野市,吉祥寺本町,吉祥寺,8,65000000,２ＬＤＫ,55,1990年,ＲＣ,住宅,住宅,１中住専,60,200,2026年第1四半期,改装済み,
中古マンション等,不動産取引価格情報,13203,東京都,武蔵野市,吉祥寺南町,吉祥寺,5,56000000,,45,1975年,ＳＲＣ,住宅,,近隣商業,80,300,2026年第1四半期,,
中古マンション等,不動産取引価格情報,13203,東京都,武蔵野市,境南町,武蔵境,6,70000000,,50,2022年,ＲＣ,住宅,住宅,１中住専,60,200,2026年第1四半期,未改装,
中古マンション等,成約価格情報,13204,東京都,三鷹市,新川,吉祥寺,,6200000,１Ｒ,20,1989年,ＲＣ,,,準工業,,,2026年第1四半期,,
中古マンション等,成約価格情報,13204,東京都,三鷹市,新川,仙川,20,55000000,３ＬＤＫ,85,2014年,ＲＣ,,,１中住専,,,2026年第1四半期,,
中古マンション等,成約価格情報,13204,東京都,三鷹市,上連雀,三鷹,3,54000000,２ＬＤＫ,50,1990年,ＲＣ,,,商業,,,2026年第1四半期,,
中古マンション等,成約価格情報,13204,東京都,三鷹市,上連雀,三鷹,5,44000000,１ＤＫ,35,2008年,ＲＣ,,,１低住専,,,2026年第1四半期,,
中古マンション等,成約価格情報,13204,東京都,三鷹市,上連雀,三鷹,3,110000000,３ＬＤＫ,70,2020年,ＲＣ,,,商業,,,2026年第1四半期,,
中古マンション等,成約価格情報,13204,東京都,三鷹市,上連雀,三鷹,,20000000,２ＤＫ,45,1972年,ＲＣ,,,１低住専,,,2026年第1四半期,,
中古マンション等,成約価格情報,13204,東京都,三鷹市,上連雀,三鷹,3,54000000,１ＬＤＫ,40,2020年,ＲＣ,,,商業,,,2026年第1四半期,,
中古マンション等,成約価格情報,13204,東京都,三鷹市,上連雀,三鷹,13,82000000,３ＬＤＫ,75,2010年,ＲＣ,,,１低住専,,,2026年第1四半期,,
中古マンション等,成約価格情報,13204,東京都,三鷹市,上連雀,三鷹,8,73000000,２ＬＤＫ,60,1996年,ＳＲＣ,,,１種住居,,,2026年第1四半期,,
中古マンション等,成約価格情報,13204,東京都,三鷹市,上連雀,三鷹,2,44000000,３ＬＤＫ,70,1981年,ＳＲＣ,,,商業,,,2026年第1四半期,,
中古マンション等,成約価格情報,13204,東京都,三鷹市,上連雀,三鷹,3,87000000,２ＬＤＫ,55,2020年,ＲＣ,,,商業,,,2026年第1四半期,,
中古マンション等,成約価格情報,13204,東京都,三鷹市,上連雀,三鷹,11,77000000,３ＬＤＫ,80,2000年,ＲＣ,,,１低住専,,,2026年第1四半期,,
中古マンション等,成約価格情報,13204,東京都,三鷹市,下連雀,三鷹,8,90000000,２ＬＤＫ＋Ｓ,70,2015年,ＲＣ,,,１種住居,,,2026年第1四半期,,
中古マンション等,成約価格情報,13204,東京都,三鷹市,下連雀,三鷹,6,40000000,１ＤＫ,35,2005年,ＲＣ,,,商業,,,2026年第1四半期,,
中古マンション等,成約価格情報,13204,東京都,三鷹市,下連雀,三鷹,24,64000000,４ＬＤＫ,85,2007年,ＲＣ,,,１種住居,,,2026年第1四半期,,
中古マンション等,成約価格情報,13204,東京都,三鷹市,下連雀,三鷹,11,66000000,３ＬＤＫ,60,2014年,ＲＣ,,,近隣商業,,,2026年第1四半期,,
中古マンション等,成約価格情報,13204,東京都,三鷹市,下連雀,三鷹,2,82000000,１ＬＤＫ＋Ｓ,60,1999年,ＳＲＣ,,,商業,,,2026年第1四半期,,
中古マンション等,成約価格情報,13204,東京都,三鷹市,下連雀,三鷹,,46000000,３ＬＤＫ,70,1977年,ＲＣ,,,１種住居,,,2026年第1四半期,,
中古マンション等,成約価格情報,13204,東京都,三鷹市,下連雀,三鷹,6,73000000,１ＬＤＫ＋Ｓ,70,2000年,ＳＲＣ,,,商業,,,2026年第1四半期,,
中古マンション等,成約価格情報,13204,東京都,三鷹市,下連雀,吉祥寺,,91000000,２ＬＤＫ,75,2020年,ＲＣ,,,１種住居,,,2026年第1四半期,,
中古マンション等,成約価格情報,13204,東京都,三鷹市,下連雀,三鷹,,68000000,３ＬＤＫ,65,2021年,ＲＣ,,,１種住居,,,2026年第1四半期,,
中古マンション等,成約価格情報,13204,東京都,三鷹市,下連雀,三鷹,10,8300000,１Ｒ,20,1986年,ＲＣ,,,近隣商業,,,2026年第1四半期,,
中古マンション等,成約価格情報,13204,東京都,三鷹市,下連雀,三鷹,7,11000000,１Ｒ,25,1986年,ＲＣ,,,商業,,,2026年第1四半期,,
中古マンション等,成約価格情報,13204,東京都,三鷹市,下連雀,三鷹,15,77000000,２ＬＤＫ＋Ｓ,75,2004年,ＲＣ,,,１種住居,,,2026年第1四半期,,
中古マンション等,成約価格情報,13204,東京都,三鷹市,下連雀,吉祥寺,,93000000,３ＬＤＫ,75,2020年,ＲＣ,,,１種住居,,,2026年第1四半期,,
中古マンション等,成約価格情報,13204,東京都,三鷹市,下連雀,吉祥寺,,91000000,３ＬＤＫ,75,2020年,ＲＣ,,,１種住居,,,2026年第1四半期,,
中古マンション等,成約価格情報,13204,東京都,三鷹市,下連雀,三鷹,19,85000000,３ＬＤＫ,75,2020年,ＲＣ,,,１種住居,,,2026年第1四半期,,
中古マンション等,成約価格情報,13204,東京都,三鷹市,下連雀,三鷹,,38000000,３ＤＫ,55,1996年,ＲＣ,,,１種住居,,,2026年第1四半期,,
中古マンション等,成約価格情報,13204,東京都,三鷹市,下連雀,三鷹,17,34000000,１ＬＤＫ,50,1982年,ＲＣ,,,準工業,,,2026年第1四半期,,
中古マンション等,成約価格情報,13204,東京都,三鷹市,下連雀,吉祥寺,,82000000,３ＬＤＫ,80,2006年,ＲＣ,,,１種住居,,,2026年第1四半期,,
中古マンション等,成約価格情報,13204,東京都,三鷹市,下連雀,三鷹,14,40000000,１Ｒ,50,1987年,ＲＣ,,,近隣商業,,,2026年第1四半期,改装済み,
中古マンション等,成約価格情報,13204,東京都,三鷹市,下連雀,吉祥寺,,93000000,２ＬＤＫ,75,2020年,ＳＲＣ,,,１種住居,,,2026年第1四半期,,
中古マンション等,成約価格情報,13204,東京都,三鷹市,下連雀,三鷹,24,62000000,３ＬＤＫ,70,2007年,ＲＣ,,,１種住居,,,2026年第1四半期,,
中古マンション等,成約価格情報,13204,東京都,三鷹市,下連雀,三鷹,15,75000000,３ＬＤＫ,60,2023年,ＲＣ,,,近隣商業,,,2026年第1四半期,,
中古マンション等,成約価格情報,13204,東京都,三鷹市,下連雀,三鷹,15,56000000,２ＬＤＫ,75,2001年,ＲＣ,,,近隣商業,,,2026年第1四半期,,
中古マンション等,成約価格情報,13204,東京都,三鷹市,下連雀,三鷹,,41000000,３ＬＤＫ,65,1996年,ＲＣ,,,準工業,,,2026年第1四半期,,
中古マンション等,成約価格情報,13204,東京都,三鷹市,下連雀,吉祥寺,,70000000,３ＬＤＫ,75,2013年,ＲＣ,,,準工業,,,2026年第1四半期,改装済み,
中古マンション等,成約価格情報,13204,東京都,三鷹市,下連雀,,,49000000,３ＬＤＫ,70,1995年,ＲＣ,,,準工業,,,2026年第1四半期,,
中古マンション等,成約価格情報,13204,東京都,三鷹市,下連雀,三鷹,9,60000000,２ＬＤＫ,60,1991年,ＳＲＣ,,,商業,,,2026年第1四半期,,
中古マンション等,成約価格情報,13204,東京都,三鷹市,下連雀,三鷹,8,110000000,３ＬＤＫ,80,2004年,ＲＣ,,,商業,,,2026年第1四半期,,
中古マンション等,成約価格情報,13204,東京都,三鷹市,下連雀,三鷹,7,18000000,２ＤＫ,45,1983年,ＳＲＣ,,,商業,,,2026年第1四半期,,
中古マンション等,成約価格情報,13204,東京都,三鷹市,下連雀,吉祥寺,,69000000,４ＬＤＫ,90,2005年,ＲＣ,,,１中住専,,,2026年第1四半期,,
中古マンション等,成約価格情報,13204,東京都,三鷹市,下連雀,三鷹,5,11000000,１Ｒ,25,1988年,ＳＲＣ,,,近隣商業,,,2026年第1四半期,,
中古マンション等,成約価格情報,13204,東京都,三鷹市,下連雀,三鷹,6,15000000,１Ｋ,25,1987年,ＳＲＣ,,,商業,,,2026年第1四半期,,
中古マンション等,成約価格情報,13204,東京都,三鷹市,下連雀,三鷹,17,74000000,３ＬＤＫ,70,2019年,ＲＣ,,,１種住居,,,2026年第1四半期,,
中古マンション等,成約価格情報,13204,東京都,三鷹市,下連雀,三鷹,18,38000000,３ＬＤＫ,80,1974年,ＲＣ,,,近隣商業,,,2026年第1四半期,,
中古マンション等,成約価格情報,13204,東京都,三鷹市,下連雀,三鷹,7,9800000,１Ｒ,25,1986年,ＳＲＣ,,,商業,,,2026年第1四半期,,
中古マンション等,成約価格情報,13204,東京都,三鷹市,下連雀,吉祥寺,,48000000,３ＬＤＫ,75,2004年,ＲＣ,,,準工業,,,2026年第1四半期,,
中古マンション等,成約価格情報,13204,東京都,三鷹市,下連雀,三鷹,11,76000000,２ＬＤＫ,65,1999年,ＳＲＣ,,,商業,,,2026年第1四半期,改装済み,
中古マンション等,成約価格情報,13204,東京都,三鷹市,下連雀,三鷹,5,82000000,２ＬＤＫ,65,2009年,ＲＣ,,,１低住専,,,2026年第1四半期,,
中古マンション等,成約価格情報,13204,東京都,三鷹市,下連雀,吉祥寺,,98000000,３ＬＤＫ,75,2020年,ＲＣ,,,１種住居,,,2026年第1四半期,,
中古マンション等,成約価格情報,13204,東京都,三鷹市,下連雀,三鷹,4,58000000,２ＬＤＫ,55,2017年,ＲＣ,,,商業,,,2026年第1四半期,,
中古マンション等,成約価格情報,13204,東京都,三鷹市,下連雀,吉祥寺,,98000000,３ＬＤＫ,75,2020年,ＲＣ,,,１種住居,,,2026年第1四半期,,
中古マンション等,成約価格情報,13204,東京都,三鷹市,下連雀,三鷹,10,58000000,３ＬＤＫ,65,1972年,ＳＲＣ,,,１種住居,,,2026年第1四半期,,
中古マンション等,成約価格情報,13204,東京都,三鷹市,下連雀,三鷹,7,13000000,１Ｒ,15,1990年,ＳＲＣ,,,商業,,,2026年第1四半期,,
中古マンション等,成約価格情報,13204,東京都,三鷹市,深大寺,武蔵境,25,46000000,３ＬＤＫ＋Ｓ,85,1999年,ＲＣ,,,１低住専,,,2026年第1四半期,,
中古マンション等,成約価格情報,13204,東京都,三鷹市,井口,武蔵境,13,48000000,３ＤＫ,55,1995年,ＲＣ,,,１低住専,,,2026年第1四半期,,
中古マンション等,成約価格情報,13204,東京都,三鷹市,井の頭,吉祥寺,11,22000000,１ＬＤＫ,45,1970年,鉄骨造,,,近隣商業,,,2026年第1四半期,,
中古マンション等,成約価格情報,13204,東京都,三鷹市,井の頭,吉祥寺,11,24000000,２ＤＫ,45,1970年,鉄骨造,,,近隣商業,,,2026年第1四半期,,
中古マンション等,成約価格情報,13204,東京都,三鷹市,北野,仙川,15,47000000,３ＬＤＫ,75,1995年,ＲＣ,,,１中住専,,,2026年第1四半期,,
中古マンション等,成約価格情報,13204,東京都,三鷹市,北野,仙川,15,40000000,２ＬＤＫ,60,1995年,ＲＣ,,,１中住専,,,2026年第1四半期,,
中古マンション等,成約価格情報,13204,東京都,三鷹市,牟礼,三鷹台,12,83000000,３ＬＤＫ,70,2015年,ＲＣ,,,１中住専,,,2026年第1四半期,,
中古マンション等,成約価格情報,13204,東京都,三鷹市,牟礼,三鷹台,10,65000000,３ＬＤＫ,85,2003年,ＲＣ,,,近隣商業,,,2026年第1四半期,,
中古マンション等,成約価格情報,13204,東京都,三鷹市,牟礼,三鷹台,14,87000000,３ＬＤＫ,70,2015年,ＲＣ,,,１低住専,,,2026年第1四半期,,
中古マンション等,成約価格情報,13204,東京都,三鷹市,牟礼,三鷹台,20,45000000,２ＬＤＫ＋Ｓ,65,2000年,ＲＣ,,,準工業,,,2026年第1四半期,,
中古マンション等,不動産取引価格情報,13204,東京都,三鷹市,下連雀,三鷹,6,64000000,２ＬＤＫ,50,2000年,ＳＲＣ,住宅,住宅,商業,80,500,2026年第1四半期,改装済み,
中古マンション等,不動産取引価格情報,13204,東京都,三鷹市,下連雀,三鷹,7,65000000,２ＬＤＫ,50,2009年,ＲＣ,,住宅,１種住居,60,200,2026年第1四半期,未改装,
中古マンション等,不動産取引価格情報,13204,東京都,三鷹市,下連雀,三鷹,19,63000000,３ＬＤＫ,70,1997年,ＲＣ,,住宅,１種住居,60,200,2026年第1四半期,改装済み,
中古マンション等,不動産取引価格情報,13204,東京都,三鷹市,下連雀,三鷹,24,93000000,３ＬＤＫ,70,2020年,ＳＲＣ,住宅,住宅,１種住居,60,200,2026年第1四半期,未改装,
中古マンション等,不動産取引価格情報,13204,東京都,三鷹市,深大寺,武蔵境,19,62000000,３ＬＤＫ,80,2005年,ＲＣ,住宅,住宅,２中住専,60,200,2026年第1四半期,改装済み,
中古マンション等,成約価格情報,13205,東京都,青梅市,新町,小作,,23000000,３ＬＤＫ,90,2009年,ＲＣ,,,工業,,,2026年第1四半期,,
中古マンション等,成約価格情報,13205,東京都,青梅市,新町,小作,,19000000,３ＬＤＫ,95,2009年,ＲＣ,,,工業,,,2026年第1四半期,,
中古マンション等,成約価格情報,13205,東京都,青梅市,新町,小作,19,14000000,３ＬＤＫ,80,1998年,ＲＣ,,,近隣商業,,,2026年第1四半期,,
中古マンション等,成約価格情報,13205,東京都,青梅市,新町,小作,5,36000000,３ＬＤＫ,70,2023年,ＲＣ,,,商業,,,2026年第1四半期,,
中古マンション等,成約価格情報,13205,東京都,青梅市,新町,小作,23,18000000,３ＬＤＫ,90,2009年,ＲＣ,,,工業,,,2026年第1四半期,,
中古マンション等,成約価格情報,13205,東京都,青梅市,東青梅,東青梅,5,15000000,３ＬＤＫ,60,2000年,ＳＲＣ,,,商業,,,2026年第1四半期,,
中古マンション等,成約価格情報,13205,東京都,青梅市,東青梅,河辺,4,25000000,３ＬＤＫ,70,2000年,ＲＣ,,,近隣商業,,,2026年第1四半期,,
中古マンション等,成約価格情報,13205,東京都,青梅市,東青梅,河辺,8,23000000,３ＬＤＫ,70,2008年,ＲＣ,,,近隣商業,,,2026年第1四半期,,
中古マンション等,成約価格情報,13205,東京都,青梅市,東青梅,東青梅,6,4300000,２ＤＫ,30,1975年,鉄骨造,,,近隣商業,,,2026年第1四半期,,
中古マンション等,成約価格情報,13205,東京都,青梅市,東青梅,河辺,7,22000000,３ＬＤＫ,75,2007年,ＲＣ,,,２中住専,,,2026年第1四半期,,
中古マンション等,成約価格情報,13205,東京都,青梅市,東青梅,東青梅,7,3200000,１Ｒ,20,1991年,ＲＣ,,,２中住専,,,2026年第1四半期,,
中古マンション等,成約価格情報,13205,東京都,青梅市,東青梅,河辺,4,20000000,３ＬＤＫ,70,2000年,ＲＣ,,,近隣商業,,,2026年第1四半期,,
中古マンション等,成約価格情報,13205,東京都,青梅市,東青梅,河辺,4,17000000,２ＬＤＫ,60,1984年,ＲＣ,,,近隣商業,,,2026年第1四半期,,
中古マンション等,成約価格情報,13205,東京都,青梅市,師岡町,河辺,15,7300000,２ＬＤＫ,55,1991年,ＲＣ,,,１中住専,,,2026年第1四半期,,
中古マンション等,成約価格情報,13205,東京都,青梅市,天ヶ瀬町,青梅,9,9000000,３ＬＤＫ,60,1991年,ＲＣ,,,準工業,,,2026年第1四半期,,
中古マンション等,成約価格情報,13205,東京都,青梅市,河辺町,河辺,15,15000000,３ＬＤＫ,65,2003年,ＳＲＣ,,,準工業,,,2026年第1四半期,,
中古マンション等,成約価格情報,13205,東京都,青梅市,河辺町,河辺,13,10000000,２ＬＤＫ＋Ｓ,75,1990年,ＳＲＣ,,,１種住居,,,2026年第1四半期,,
中古マンション等,成約価格情報,13205,東京都,青梅市,河辺町,河辺,4,4300000,２ＤＫ,45,1981年,ＲＣ,,,１中住専,,,2026年第1四半期,,
中古マンション等,成約価格情報,13205,東京都,青梅市,河辺町,河辺,6,18000000,３ＬＤＫ,75,2009年,ＲＣ,,,近隣商業,,,2026年第1四半期,,
中古マンション等,成約価格情報,13205,東京都,青梅市,河辺町,小作,11,26000000,３ＬＤＫ,75,2006年,ＲＣ,,,１中住専,,,2026年第1四半期,,
中古マンション等,成約価格情報,13205,東京都,青梅市,河辺町,河辺,6,4400000,１ＤＫ,30,1988年,ＲＣ,,,１種住居,,,2026年第1四半期,,
中古マンション等,成約価格情報,13205,東京都,青梅市,末広町,小作,11,5500000,３ＤＫ,60,1979年,ＳＲＣ,,,１中住専,,,2026年第1四半期,,
中古マンション等,成約価格情報,13205,東京都,青梅市,末広町,小作,10,24000000,３ＬＤＫ,75,2016年,ＲＣ,,,１中住専,,,2026年第1四半期,,
中古マンション等,成約価格情報,13205,東京都,青梅市,末広町,小作,10,29000000,３ＬＤＫ,75,2016年,ＲＣ,,,１中住専,,,2026年第1四半期,,
中古マンション等,成約価格情報,13205,東京都,青梅市,千ヶ瀬町,東青梅,8,10000000,３ＬＤＫ,65,1989年,ＲＣ,,,１種住居,,,2026年第1四半期,,
中古マンション等,成約価格情報,13205,東京都,青梅市,千ヶ瀬町,河辺,13,14000000,３ＬＤＫ,70,1996年,ＲＣ,,,１種住居,,,2026年第1四半期,,
中古マンション等,成約価格情報,13205,東京都,青梅市,千ヶ瀬町,東青梅,10,8000000,３ＬＤＫ,55,1995年,ＲＣ,,,準住居,,,2026年第1四半期,,
中古マンション等,成約価格情報,13205,東京都,青梅市,長淵,河辺,,2000000,３ＬＤＫ,55,1990年,ＲＣ,,,準工業,,,2026年第1四半期,,
中古マンション等,成約価格情報,13205,東京都,青梅市,住江町,青梅,4,8000000,２ＬＤＫ,50,1990年,ＳＲＣ,,,商業,,,2026年第1四半期,,
中古マンション等,成約価格情報,13205,東京都,青梅市,住江町,青梅,4,7500000,１ＬＤＫ,40,1990年,ＳＲＣ,,,商業,,,2026年第1四半期,,
中古マンション等,成約価格情報,13205,東京都,青梅市,住江町,青梅,4,13000000,３ＬＤＫ,65,1990年,ＳＲＣ,,,近隣商業,,,2026年第1四半期,,
中古マンション等,成約価格情報,13205,東京都,青梅市,大柳町,青梅,14,14000000,２ＬＤＫ＋Ｓ,70,1982年,ＲＣ,,,準工業,,,2026年第1四半期,,
中古マンション等,成約価格情報,13205,東京都,青梅市,野上町,河辺,12,22000000,３ＬＤＫ,85,2006年,ＲＣ,,,近隣商業,,,2026年第1四半期,,
中古マンション等,不動産取引価格情報,13205,東京都,青梅市,河辺町,河辺,10,8900000,２ＬＤＫ,55,1991年,ＲＣ,住宅,住宅,準工業,60,200,2026年第1四半期,改装済み,
中古マンション等,不動産取引価格情報,13205,東京都,青梅市,河辺町,河辺,2,29000000,２ＬＤＫ,75,1999年,ＳＲＣ,住宅,住宅,商業,80,400,2026年第1四半期,未改装,
中古マンション等,不動産取引価格情報,13205,東京都,青梅市,河辺町,河辺,6,18000000,３ＬＤＫ,70,2009年,ＲＣ,住宅,住宅,近隣商業,,,2026年第1四半期,未改装,
中古マンション等,不動産取引価格情報,13205,東京都,青梅市,新町,小作,24,24000000,３ＬＤＫ,85,2009年,ＲＣ,住宅,住宅,工業,60,200,2026年第1四半期,未改装,
中古マンション等,不動産取引価格情報,13205,東京都,青梅市,東青梅,河辺,6,17000000,３ＬＤＫ,55,1984年,ＲＣ,住宅,住宅,近隣商業,80,300,2026年第1四半期,改装済み,
中古マンション等,不動産取引価格情報,13205,東京都,青梅市,東青梅,河辺,4,20000000,３ＬＤＫ,65,2000年,ＲＣ,住宅,住宅,近隣商業,80,300,2026年第1四半期,未改装,
中古マンション等,不動産取引価格情報,13205,東京都,青梅市,師岡町,河辺,6,4000000,２ＬＤＫ,45,1992年,ＲＣ,住宅,住宅,近隣商業,80,300,2026年第1四半期,未改装,
中古マンション等,成約価格情報,13206,東京都,府中市,押立町,武蔵野台,13,34000000,３ＬＤＫ,70,2007年,ＲＣ,,,１中住専,,,2026年第1四半期,,
中古マンション等,成約価格情報,13206,東京都,府中市,押立町,武蔵野台,12,17000000,２ＬＤＫ,70,1980年,ＲＣ,,,１中住専,,,2026年第1四半期,,
中古マンション等,成約価格情報,13206,東京都,府中市,押立町,武蔵野台,6,8000000,３ＤＫ,55,1979年,ＲＣ,,,１中住専,,,2026年第1四半期,,
中古マンション等,成約価格情報,13206,東京都,府中市,押立町,武蔵野台,14,28000000,３ＬＤＫ,80,1994年,ＲＣ,,,１中住専,,,2026年第1四半期,,
中古マンション等,成約価格情報,13206,東京都,府中市,押立町,武蔵野台,14,27000000,２ＬＤＫ＋Ｓ,60,1996年,ＲＣ,,,１中住専,,,2026年第1四半期,改装済み,
中古マンション等,成約価格情報,13206,東京都,府中市,押立町,武蔵野台,12,31000000,２ＬＤＫ＋Ｓ,70,1983年,ＳＲＣ,,,１中住専,,,2026年第1四半期,,
中古マンション等,成約価格情報,13206,東京都,府中市,押立町,武蔵野台,11,32000000,２ＬＤＫ,65,2004年,ＲＣ,,,１中住専,,,2026年第1四半期,改装済み,
中古マンション等,成約価格情報,13206,東京都,府中市,押立町,武蔵野台,8,15000000,２ＬＤＫ,55,1975年,ＲＣ,,,１中住専,,,2026年第1四半期,,
中古マンション等,成約価格情報,13206,東京都,府中市,押立町,武蔵野台,11,32000000,２ＬＤＫ,65,2004年,ＲＣ,,,１中住専,,,2026年第1四半期,,
中古マンション等,成約価格情報,13206,東京都,府中市,寿町,府中(東京),2,110000000,３ＬＤＫ,85,2019年,ＲＣ,,,商業,,,2026年第1四半期,,
中古マンション等,成約価格情報,13206,東京都,府中市,寿町,府中(東京),4,6900000,１Ｒ,20,1982年,鉄骨造,,,商業,,,2026年第1四半期,,
中古マンション等,成約価格情報,13206,東京都,府中市,寿町,府中(東京),5,26000000,２ＬＤＫ,60,1970年,ＲＣ,,,近隣商業,,,2026年第1四半期,,
中古マンション等,成約価格情報,13206,東京都,府中市,寿町,府中(東京),2,98000000,３ＬＤＫ,75,2019年,ＲＣ,,,商業,,,2026年第1四半期,,
中古マンション等,成約価格情報,13206,東京都,府中市,寿町,府中(東京),2,98000000,２ＬＤＫ,75,2019年,ＲＣ,,,商業,,,2026年第1四半期,,
中古マンション等,成約価格情報,13206,東京都,府中市,寿町,府中(東京),4,16000000,２ＤＫ,50,1981年,ＲＣ,,,商業,,,2026年第1四半期,,
中古マンション等,成約価格情報,13206,東京都,府中市,白糸台,多磨霊園,3,34000000,２ＬＤＫ,60,2002年,ＲＣ,,,１種住居,,,2026年第1四半期,,
中古マンション等,成約価格情報,13206,東京都,府中市,白糸台,武蔵野台,10,36000000,３ＬＤＫ,75,1995年,ＳＲＣ,,,１中住専,,,2026年第1四半期,,
中古マンション等,成約価格情報,13206,東京都,府中市,住吉町,中河原,4,58000000,４ＬＤＫ,95,2007年,ＲＣ,,,１中住専,,,2026年第1四半期,,
中古マンション等,成約価格情報,13206,東京都,府中市,住吉町,中河原,6,46000000,３ＬＤＫ,75,2007年,ＲＣ,,,準工業,,,2026年第1四半期,,
中古マンション等,成約価格情報,13206,東京都,府中市,住吉町,中河原,10,50000000,３ＬＤＫ,75,2005年,ＳＲＣ,,,準工業,,,2026年第1四半期,,
中古マンション等,成約価格情報,13206,東京都,府中市,住吉町,中河原,4,41000000,２ＬＤＫ＋Ｓ,75,2011年,ＲＣ,,,近隣商業,,,2026年第1四半期,,
中古マンション等,成約価格情報,13206,東京都,府中市,住吉町,中河原,1,50000000,３ＬＤＫ,100,1995年,ＳＲＣ,,,商業,,,2026年第1四半期,,
中古マンション等,成約価格情報,13206,東京都,府中市,本町,府中(東京),10,47000000,１ＬＤＫ,50,2023年,ＲＣ,,,商業,,,2026年第1四半期,,
中古マンション等,成約価格情報,13206,東京都,府中市,本町,府中(東京),11,75000000,３ＬＤＫ,75,2013年,ＲＣ,,,近隣商業,,,2026年第1四半期,,
中古マンション等,成約価格情報,13206,東京都,府中市,宮西町,府中(東京),8,44000000,１ＬＤＫ＋Ｓ,55,2007年,ＲＣ,,,商業,,,2026年第1四半期,,
中古マンション等,成約価格情報,13206,東京都,府中市,宮西町,府中(東京),3,80000000,２ＬＤＫ,75,2015年,ＲＣ,,,商業,,,2026年第1四半期,,
中古マンション等,成約価格情報,13206,東京都,府中市,宮西町,府中(東京),4,120000000,３ＬＤＫ,85,2023年,ＲＣ,,,商業,,,2026年第1四半期,,
中古マンション等,成約価格情報,13206,東京都,府中市,宮西町,府中(東京),4,85000000,３ＬＤＫ,75,2014年,ＲＣ,,,商業,,,2026年第1四半期,,
中古マンション等,成約価格情報,13206,東京都,府中市,宮西町,府中(東京),5,33000000,２ＬＤＫ＋Ｓ,60,1987年,ＳＲＣ,,,商業,,,2026年第1四半期,,
中古マンション等,成約価格情報,13206,東京都,府中市,宮西町,府中(東京),5,85000000,３ＬＤＫ＋Ｓ,75,2015年,ＲＣ,,,商業,,,2026年第1四半期,,
中古マンション等,成約価格情報,13206,東京都,府中市,紅葉丘,多磨,2,28000000,３ＬＤＫ,65,2005年,ＲＣ,,,近隣商業,,,2026年第1四半期,,
中古マンション等,成約価格情報,13206,東京都,府中市,紅葉丘,多磨,5,35000000,３ＬＤＫ,90,2003年,ＲＣ,,,近隣商業,,,2026年第1四半期,,
中古マンション等,成約価格情報,13206,東京都,府中市,矢崎町,府中本町,4,52000000,３ＬＤＫ,60,2018年,ＲＣ,,,１低住専,,,2026年第1四半期,,
中古マンション等,成約価格情報,13206,東京都,府中市,矢崎町,府中本町,14,14000000,２ＬＤＫ,60,1973年,ＲＣ,,,準工業,,,2026年第1四半期,,
中古マンション等,成約価格情報,13206,東京都,府中市,北山町,国立,20,56000000,４ＬＤＫ,115,2002年,ＲＣ,,,１中住専,,,2026年第1四半期,,
中古マンション等,成約価格情報,13206,東京都,府中市,小柳町,武蔵野台,11,46000000,４ＬＤＫ,90,2001年,ＲＣ,,,１中住専,,,2026年第1四半期,,
中古マンション等,成約価格情報,13206,東京都,府中市,新町,国分寺,15,30000000,２ＬＤＫ,55,1997年,ＲＣ,,,１中住専,,,2026年第1四半期,改装済み,
中古マンション等,成約価格情報,13206,東京都,府中市,東芝町,西府,15,41000000,３ＬＤＫ,80,2003年,ＳＲＣ,,,１中住専,,,2026年第1四半期,,
中古マンション等,成約価格情報,13206,東京都,府中市,東芝町,西府,14,40000000,４ＬＤＫ,90,2003年,ＲＣ,,,１中住専,,,2026年第1四半期,,
中古マンション等,成約価格情報,13206,東京都,府中市,府中町,府中(東京),4,25000000,１ＬＤＫ,55,1981年,ＲＣ,,,近隣商業,,,2026年第1四半期,改装済み,
中古マンション等,成約価格情報,13206,東京都,府中市,府中町,府中(東京),6,5200000,１Ｒ,20,1984年,ＲＣ,,,１種住居,,,2026年第1四半期,,
中古マンション等,成約価格情報,13206,東京都,府中市,府中町,府中(東京),6,35000000,２ＬＤＫ＋Ｓ,75,1998年,ＲＣ,,,近隣商業,,,2026年第1四半期,,
中古マンション等,成約価格情報,13206,東京都,府中市,府中町,府中(東京),2,39000000,１ＬＤＫ,55,2001年,ＲＣ,,,商業,,,2026年第1四半期,,
中古マンション等,成約価格情報,13206,東京都,府中市,宮町,府中(東京),4,72000000,２ＬＤＫ,65,2023年,ＲＣ,,,商業,,,2026年第1四半期,,
中古マンション等,成約価格情報,13206,東京都,府中市,宮町,府中(東京),3,44000000,１ＬＤＫ,40,2000年,ＲＣ,,,商業,,,2026年第1四半期,,
中古マンション等,成約価格情報,13206,東京都,府中市,宮町,府中(東京),5,59000000,２ＬＤＫ,65,1996年,ＳＲＣ,,,商業,,,2026年第1四半期,,
中古マンション等,成約価格情報,13206,東京都,府中市,宮町,府中(東京),3,59000000,２ＬＤＫ,50,2000年,ＲＣ,,,商業,,,2026年第1四半期,,
中古マンション等,成約価格情報,13206,東京都,府中市,宮町,府中(東京),3,64000000,３ＬＤＫ,75,2011年,ＲＣ,,,商業,,,2026年第1四半期,,
中古マンション等,成約価格情報,13206,東京都,府中市,美好町,分倍河原,9,70000000,３ＬＤＫ,75,2018年,ＲＣ,,,１中住専,,,2026年第1四半期,,
中古マンション等,成約価格情報,13206,東京都,府中市,若松町,東府中,8,34000000,３ＬＤＫ,65,1997年,ＲＣ,,,近隣商業,,,2026年第1四半期,,
中古マンション等,成約価格情報,13206,東京都,府中市,若松町,東府中,19,42000000,３ＬＤＫ,85,2002年,ＲＣ,,,１中住専,,,2026年第1四半期,,
中古マンション等,成約価格情報,13206,東京都,府中市,若松町,東府中,3,53000000,３ＬＤＫ,80,2000年,ＲＣ,,,近隣商業,,,2026年第1四半期,,
中古マンション等,成約価格情報,13206,東京都,府中市,若松町,東府中,5,6300000,１Ｒ,20,1984年,ＲＣ,,,１種住居,,,2026年第1四半期,,
中古マンション等,成約価格情報,13206,東京都,府中市,若松町,東府中,8,46000000,３ＬＤＫ,80,2001年,ＲＣ,,,近隣商業,,,2026年第1四半期,,
中古マンション等,成約価格情報,13206,東京都,府中市,若松町,東府中,,36000000,３ＬＤＫ,80,2002年,ＲＣ,,,１中住専,,,2026年第1四半期,,
中古マンション等,成約価格情報,13206,東京都,府中市,若松町,多磨霊園,7,60000000,３ＬＤＫ,75,2023年,ＲＣ,,,準住居,,,2026年第1四半期,,
中古マンション等,成約価格情報,13206,東京都,府中市,若松町,東府中,19,36000000,２ＬＤＫ,70,2002年,ＲＣ,,,１中住専,,,2026年第1四半期,,
中古マンション等,成約価格情報,13206,東京都,府中市,是政,是政,4,36000000,３ＬＤＫ,85,2005年,ＲＣ,,,準工業,,,2026年第1四半期,,
中古マンション等,成約価格情報,13206,東京都,府中市,是政,是政,1,28000000,１ＬＤＫ＋Ｓ,65,1996年,ＲＣ,,,近隣商業,,,2026年第1四半期,,
中古マンション等,成約価格情報,13206,東京都,府中市,是政,是政,1,12000000,１ＤＫ,30,1993年,ＳＲＣ,,,近隣商業,,,2026年第1四半期,,
中古マンション等,成約価格情報,13206,東京都,府中市,浅間町,武蔵小金井,22,48000000,４ＬＤＫ,115,2001年,ＲＣ,,,１中住専,,,2026年第1四半期,,
中古マンション等,成約価格情報,13206,東京都,府中市,浅間町,武蔵小金井,,42000000,３ＬＤＫ,80,2009年,ＲＣ,,,１低住専,,,2026年第1四半期,,
中古マンション等,成約価格情報,13206,東京都,府中市,浅間町,武蔵小金井,23,40000000,３ＬＤＫ,80,2001年,ＲＣ,,,１中住専,,,2026年第1四半期,,
中古マンション等,成約価格情報,13206,東京都,府中市,八幡町,府中(東京),7,61000000,２ＬＤＫ,65,2017年,ＲＣ,,,商業,,,2026年第1四半期,,
中古マンション等,成約価格情報,13206,東京都,府中市,八幡町,府中(東京),8,51000000,２ＬＤＫ,65,2005年,ＲＣ,,,商業,,,2026年第1四半期,,
中古マンション等,成約価格情報,13206,東京都,府中市,八幡町,府中(東京),12,41000000,２ＬＤＫ＋Ｓ,70,1998年,ＲＣ,,,１中住専,,,2026年第1四半期,改装済み,
中古マンション等,成約価格情報,13206,東京都,府中市,八幡町,東府中,6,57000000,３ＬＤＫ,70,2015年,ＲＣ,,,商業,,,2026年第1四半期,改装済み,
中古マンション等,成約価格情報,13206,東京都,府中市,八幡町,府中(東京),9,26000000,１ＬＤＫ＋Ｓ,65,1994年,ＳＲＣ,,,商業,,,2026年第1四半期,,
中古マンション等,成約価格情報,13206,東京都,府中市,八幡町,府中(東京),7,70000000,２ＬＤＫ＋Ｓ,80,2005年,ＳＲＣ,,,商業,,,2026年第1四半期,,
中古マンション等,成約価格情報,13206,東京都,府中市,八幡町,東府中,8,37000000,３ＬＤＫ,65,1996年,ＳＲＣ,,,商業,,,2026年第1四半期,,
中古マンション等,成約価格情報,13206,東京都,府中市,八幡町,府中(東京),3,52000000,３ＬＤＫ,60,2013年,ＲＣ,,,近隣商業,,,2026年第1四半期,,
中古マンション等,成約価格情報,13206,東京都,府中市,晴見町,府中(東京),9,45000000,３ＬＤＫ＋Ｓ,80,1995年,ＲＣ,,,近隣商業,,,2026年第1四半期,,
中古マンション等,成約価格情報,13206,東京都,府中市,晴見町,府中(東京),9,92000000,３ＬＤＫ,75,2025年,ＲＣ,,,１中住専,,,2026年第1四半期,,
中古マンション等,成約価格情報,13206,東京都,府中市,分梅町,西府,7,55000000,３ＬＤＫ,65,2022年,ＲＣ,,,準工業,,,2026年第1四半期,,
中古マンション等,成約価格情報,13206,東京都,府中市,本宿町,分倍河原,11,41000000,１ＬＤＫ＋Ｓ,65,2018年,ＲＣ,,,近隣商業,,,2026年第1四半期,,
中古マンション等,成約価格情報,13206,東京都,府中市,本宿町,西府,3,12000000,２ＬＤＫ,70,1978年,ＲＣ,,,準住居,,,2026年第1四半期,,
中古マンション等,成約価格情報,13206,東京都,府中市,南町,中河原,8,40000000,３ＬＤＫ,75,2010年,ＲＣ,,,１中住専,,,2026年第1四半期,,
中古マンション等,成約価格情報,13206,東京都,府中市,南町,中河原,8,37000000,３ＬＤＫ,75,2010年,ＲＣ,,,１中住専,,,2026年第1四半期,,
中古マンション等,成約価格情報,13206,東京都,府中市,南町,中河原,8,35000000,２ＬＤＫ,70,2010年,ＲＣ,,,１中住専,,,2026年第1四半期,,
中古マンション等,成約価格情報,13206,東京都,府中市,武蔵台,西国分寺,20,36000000,３ＬＤＫ,70,2000年,ＲＣ,,,１中住専,,,2026年第1四半期,,
中古マンション等,成約価格情報,13206,東京都,府中市,武蔵台,西国分寺,7,39000000,３ＬＤＫ,70,1994年,ＲＣ,,,１低住専,,,2026年第1四半期,,
中古マンション等,成約価格情報,13206,東京都,府中市,緑町,府中(東京),10,45000000,２ＬＤＫ,60,2015年,ＲＣ,,,近隣商業,,,2026年第1四半期,,
中古マンション等,成約価格情報,13206,東京都,府中市,緑町,府中(東京),8,75000000,３ＬＤＫ,75,2012年,ＲＣ,,,１種住居,,,2026年第1四半期,,
中古マンション等,成約価格情報,13206,東京都,府中市,緑町,府中(東京),9,50000000,２ＬＤＫ,60,2015年,ＲＣ,,,近隣商業,,,2026年第1四半期,,
中古マンション等,成約価格情報,13206,東京都,府中市,緑町,府中(東京),5,31000000,１ＬＤＫ,70,1981年,ＲＣ,,,近隣商業,,,2026年第1四半期,,
中古マンション等,成約価格情報,13206,東京都,府中市,四谷,中河原,,33000000,４ＬＤＫ,100,2002年,ＲＣ,,,工業,,,2026年第1四半期,,
中古マンション等,成約価格情報,13206,東京都,府中市,四谷,中河原,7,54000000,４ＬＤＫ,105,2002年,ＲＣ,,,１低住専,,,2026年第1四半期,改装済み,
中古マンション等,不動産取引価格情報,13206,東京都,府中市,押立町,武蔵野台,13,28000000,３ＬＤＫ,70,1994年,ＲＣ,,,１中住専,60,200,2026年第1四半期,,
中古マンション等,不動産取引価格情報,13206,東京都,府中市,是政,是政,3,50000000,３ＬＤＫ,80,2005年,ＲＣ,,住宅,準工業,60,200,2026年第1四半期,改装済み,
中古マンション等,不動産取引価格情報,13206,東京都,府中市,清水が丘,東府中,3,50000000,２ＬＤＫ,55,1999年,ＳＲＣ,住宅,住宅,近隣商業,80,300,2026年第1四半期,改装済み,
中古マンション等,不動産取引価格情報,13206,東京都,府中市,白糸台,武蔵野台,8,20000000,２ＬＤＫ,45,1975年,ＲＣ,住宅,住宅,１中住専,60,200,2026年第1四半期,未改装,
中古マンション等,不動産取引価格情報,13206,東京都,府中市,浅間町,武蔵小金井,24,29000000,３ＬＤＫ,80,1994年,ＲＣ,住宅,住宅,準住居,60,300,2026年第1四半期,未改装,
中古マンション等,不動産取引価格情報,13206,東京都,府中市,浅間町,武蔵小金井,25,40000000,３ＬＤＫ,75,2001年,ＲＣ,住宅,住宅,１中住専,60,200,2026年第1四半期,未改装,
中古マンション等,不動産取引価格情報,13206,東京都,府中市,府中町,府中(東京),2,30000000,１Ｋ,30,2016年,ＲＣ,住宅,住宅,商業,80,500,2026年第1四半期,改装済み,
中古マンション等,不動産取引価格情報,13206,東京都,府中市,本宿町,分倍河原,12,34000000,１ＬＤＫ,50,2007年,ＲＣ,住宅,住宅,近隣商業,80,300,2026年第1四半期,改装済み,
中古マンション等,不動産取引価格情報,13206,東京都,府中市,緑町,府中(東京),12,48000000,３ＬＤＫ,70,2004年,ＲＣ,住宅,住宅,１種住居,60,200,2026年第1四半期,改装済み,
中古マンション等,不動産取引価格情報,13206,東京都,府中市,宮西町,府中(東京),3,75000000,３ＬＤＫ,70,2015年,ＲＣ,,住宅,商業,80,500,2026年第1四半期,未改装,
中古マンション等,不動産取引価格情報,13206,東京都,府中市,宮西町,府中(東京),5,36000000,２ＬＤＫ,45,1987年,ＳＲＣ,住宅,住宅,近隣商業,80,300,2026年第1四半期,改装済み,
中古マンション等,不動産取引価格情報,13206,東京都,府中市,宮町,府中(東京),3,45000000,１ＬＤＫ,35,2000年,ＲＣ,,住宅,商業,80,500,2026年第1四半期,改装済み,
中古マンション等,不動産取引価格情報,13206,東京都,府中市,宮町,府中(東京),2,75000000,２ＬＤＫ,70,2004年,ＳＲＣ,,住宅,商業,80,500,2026年第1四半期,改装済み,
中古マンション等,不動産取引価格情報,13206,東京都,府中市,若松町,東府中,14,39000000,３ＬＤＫ,65,1992年,ＲＣ,住宅,住宅,準住居,60,300,2026年第1四半期,改装済み,
中古マンション等,成約価格情報,13207,東京都,昭島市,昭和町,昭島,2,38000000,３ＬＤＫ,65,2000年,ＲＣ,,,商業,,,2026年第1四半期,,
中古マンション等,成約価格情報,13207,東京都,昭島市,福島町,東中神,21,12000000,１ＬＤＫ＋Ｓ,60,1991年,ＳＲＣ,,,準住居,,,2026年第1四半期,,
中古マンション等,成約価格情報,13207,東京都,昭島市,宮沢町,中神,11,41000000,３ＬＤＫ,75,2016年,ＲＣ,,,準工業,,,2026年第1四半期,,
中古マンション等,成約価格情報,13207,東京都,昭島市,宮沢町,中神,10,48000000,３ＬＤＫ,105,2002年,ＲＣ,,,準工業,,,2026年第1四半期,,
中古マンション等,成約価格情報,13207,東京都,昭島市,宮沢町,中神,10,41000000,４ＬＤＫ,105,2002年,ＲＣ,,,準工業,,,2026年第1四半期,,
中古マンション等,成約価格情報,13207,東京都,昭島市,武蔵野,中神,16,31000000,３ＬＤＫ,80,2002年,ＳＲＣ,,,準工業,,,2026年第1四半期,,
中古マンション等,成約価格情報,13207,東京都,昭島市,武蔵野,西武立川,11,16000000,３ＬＤＫ,65,1990年,ＳＲＣ,,,準工業,,,2026年第1四半期,,
中古マンション等,成約価格情報,13207,東京都,昭島市,武蔵野,中神,16,20000000,２ＬＤＫ,70,2002年,ＳＲＣ,,,準工業,,,2026年第1四半期,,
中古マンション等,成約価格情報,13207,東京都,昭島市,武蔵野,中神,16,31000000,３ＬＤＫ,75,2002年,ＳＲＣ,,,準工業,,,2026年第1四半期,,
中古マンション等,成約価格情報,13207,東京都,昭島市,武蔵野,中神,16,34000000,３ＬＤＫ,75,2002年,ＲＣ,,,準工業,,,2026年第1四半期,,
中古マンション等,成約価格情報,13207,東京都,昭島市,武蔵野,西武立川,10,14000000,２ＬＤＫ,55,1993年,ＲＣ,,,準工業,,,2026年第1四半期,,
中古マンション等,成約価格情報,13207,東京都,昭島市,武蔵野,西武立川,16,25000000,３ＬＤＫ,80,2005年,ＲＣ,,,準工業,,,2026年第1四半期,,
中古マンション等,成約価格情報,13207,東京都,昭島市,朝日町,中神,8,37000000,３ＬＤＫ,65,2013年,ＲＣ,,,近隣商業,,,2026年第1四半期,,
中古マンション等,成約価格情報,13207,東京都,昭島市,つつじが丘,昭島,12,21000000,３ＬＤＫ,90,1987年,ＳＲＣ,,,１中住専,,,2026年第1四半期,,
中古マンション等,成約価格情報,13207,東京都,昭島市,つつじが丘,昭島,11,16000000,３ＬＤＫ,75,1981年,ＳＲＣ,,,１中住専,,,2026年第1四半期,,
中古マンション等,成約価格情報,13207,東京都,昭島市,つつじが丘,昭島,9,16000000,４ＬＤＫ,90,1982年,ＳＲＣ,,,１中住専,,,2026年第1四半期,,
中古マンション等,成約価格情報,13207,東京都,昭島市,つつじが丘,昭島,15,23000000,３ＬＤＫ,75,1982年,ＳＲＣ,,,１中住専,,,2026年第1四半期,,
中古マンション等,成約価格情報,13207,東京都,昭島市,つつじが丘,昭島,13,18000000,３ＬＤＫ,75,1981年,ＳＲＣ,,,１中住専,,,2026年第1四半期,,
中古マンション等,成約価格情報,13207,東京都,昭島市,つつじが丘,昭島,12,16000000,３ＬＤＫ,80,1982年,ＳＲＣ,,,１中住専,,,2026年第1四半期,,
中古マンション等,成約価格情報,13207,東京都,昭島市,もくせいの杜,東中神,11,62000000,４ＬＤＫ,85,2021年,ＲＣ,,,２種住居,,,2026年第1四半期,,
中古マンション等,成約価格情報,13207,東京都,昭島市,田中町,昭島,,18000000,４ＬＤＫ,105,1984年,木造,,,１低住専,,,2026年第1四半期,,
中古マンション等,成約価格情報,13207,東京都,昭島市,玉川町,東中神,6,50000000,３ＬＤＫ,105,2006年,ＲＣ,,,１中住専,,,2026年第1四半期,,
中古マンション等,成約価格情報,13207,東京都,昭島市,玉川町,東中神,2,34000000,２ＬＤＫ,55,2008年,ＲＣ,,,近隣商業,,,2026年第1四半期,,
中古マンション等,成約価格情報,13207,東京都,昭島市,玉川町,東中神,6,26000000,１ＤＫ,45,2006年,ＲＣ,,,１中住専,,,2026年第1四半期,,
中古マンション等,成約価格情報,13207,東京都,昭島市,玉川町,東中神,2,37000000,３ＬＤＫ,80,2000年,ＲＣ,,,近隣商業,,,2026年第1四半期,,
中古マンション等,成約価格情報,13207,東京都,昭島市,玉川町,東中神,2,33000000,３ＬＤＫ,75,2008年,ＲＣ,,,近隣商業,,,2026年第1四半期,,
中古マンション等,成約価格情報,13207,東京都,昭島市,中神町,中神,9,52000000,３ＬＤＫ,80,2019年,ＲＣ,,,１中住専,,,2026年第1四半期,,
中古マンション等,成約価格情報,13207,東京都,昭島市,中神町,中神,3,39000000,３ＬＤＫ,75,2006年,ＲＣ,,,近隣商業,,,2026年第1四半期,,
中古マンション等,成約価格情報,13207,東京都,昭島市,中神町,中神,9,55000000,４ＬＤＫ,90,2019年,ＲＣ,,,１中住専,,,2026年第1四半期,,
中古マンション等,成約価格情報,13207,東京都,昭島市,松原町,拝島,2,46000000,３ＬＤＫ,70,2021年,ＲＣ,,,近隣商業,,,2026年第1四半期,,
中古マンション等,成約価格情報,13207,東京都,昭島市,松原町,昭島,5,49000000,３ＬＤＫ,80,2009年,ＲＣ,,,近隣商業,,,2026年第1四半期,,
中古マンション等,成約価格情報,13207,東京都,昭島市,松原町,拝島,10,27000000,３ＬＤＫ,70,2006年,ＲＣ,,,準工業,,,2026年第1四半期,,
中古マンション等,成約価格情報,13207,東京都,昭島市,美堀町,拝島,3,21000000,３ＬＤＫ,85,1981年,ＳＲＣ,,,１中住専,,,2026年第1四半期,,
中古マンション等,成約価格情報,13207,東京都,昭島市,美堀町,拝島,4,15000000,３ＬＤＫ,85,1981年,ＳＲＣ,,,１中住専,,,2026年第1四半期,,
中古マンション等,成約価格情報,13207,東京都,昭島市,代官山,昭島,5,60000000,３ＬＤＫ,75,2024年,ＲＣ,,,商業,,,2026年第1四半期,,
中古マンション等,不動産取引価格情報,13207,東京都,昭島市,大神町,昭島,20,20000000,２ＬＤＫ＋Ｓ,80,1994年,ＳＲＣ,住宅,住宅,準住居,60,300,2026年第1四半期,改装済み,
中古マンション等,不動産取引価格情報,13207,東京都,昭島市,つつじが丘,昭島,14,28000000,３ＬＤＫ,70,1981年,ＳＲＣ,住宅,住宅,１中住専,50,150,2026年第1四半期,改装済み,
中古マンション等,不動産取引価格情報,13207,東京都,昭島市,つつじが丘,中神,12,16000000,３ＬＤＫ,70,1981年,ＳＲＣ,,住宅,１中住専,60,200,2026年第1四半期,未改装,
中古マンション等,不動産取引価格情報,13207,東京都,昭島市,福島町,東中神,19,12000000,１ＬＤＫ,55,1991年,ＳＲＣ,,住宅,１中住専,60,200,2026年第1四半期,未改装,
中古マンション等,不動産取引価格情報,13207,東京都,昭島市,松原町,中神,11,28000000,３ＬＤＫ,70,1981年,ＳＲＣ,住宅,住宅,１中住専,50,150,2026年第1四半期,改装済み,
中古マンション等,不動産取引価格情報,13207,東京都,昭島市,美堀町,拝島,8,12000000,３ＬＤＫ,65,1996年,ＲＣ,住宅,住宅,１中住専,60,200,2026年第1四半期,未改装,
中古マンション等,不動産取引価格情報,13207,東京都,昭島市,美堀町,拝島,4,15000000,３ＬＤＫ,80,1981年,ＳＲＣ,住宅,住宅,１中住専,60,200,2026年第1四半期,未改装,
中古マンション等,不動産取引価格情報,13207,東京都,昭島市,宮沢町,中神,11,15000000,１ＬＤＫ,55,1998年,ＲＣ,住宅,住宅,準工業,60,200,2026年第1四半期,未改装,
中古マンション等,不動産取引価格情報,13207,東京都,昭島市,宮沢町,中神,15,41000000,４ＬＤＫ,100,2002年,ＳＲＣ,住宅,,準工業,60,200,2026年第1四半期,未改装,
中古マンション等,不動産取引価格情報,13207,東京都,昭島市,宮沢町,中神,11,29000000,２ＤＫ,55,1998年,ＲＣ,住宅,住宅,準工業,60,200,2026年第1四半期,改装済み,
中古マンション等,不動産取引価格情報,13207,東京都,昭島市,武蔵野,西武立川,9,14000000,２ＬＤＫ,50,1993年,ＲＣ,住宅,住宅,準工業,60,200,2026年第1四半期,改装済み,
中古マンション等,不動産取引価格情報,13207,東京都,昭島市,武蔵野,中神,9,21000000,３ＬＤＫ,50,1993年,ＲＣ,住宅,,準工業,60,200,2026年第1四半期,改装済み,
中古マンション等,不動産取引価格情報,13207,東京都,昭島市,武蔵野,中神,19,23000000,３ＬＤＫ,65,2003年,ＲＣ,,住宅,準工業,60,200,2026年第1四半期,未改装,
中古マンション等,成約価格情報,13208,東京都,調布市,緑ケ丘,仙川,12,56000000,３ＬＤＫ,80,1987年,ＳＲＣ,,,１中住専,,,2026年第1四半期,,
中古マンション等,成約価格情報,13208,東京都,調布市,緑ケ丘,仙川,10,70000000,３ＬＤＫ,70,2013年,ＲＣ,,,１中住専,,,2026年第1四半期,改装済み,
中古マンション等,成約価格情報,13208,東京都,調布市,緑ケ丘,仙川,10,77000000,３ＬＤＫ,75,2018年,ＲＣ,,,１中住専,,,2026年第1四半期,,
中古マンション等,成約価格情報,13208,東京都,調布市,緑ケ丘,仙川,12,49000000,３ＬＤＫ,65,1987年,ＳＲＣ,,,１中住専,,,2026年第1四半期,,
中古マンション等,成約価格情報,13208,東京都,調布市,緑ケ丘,仙川,10,88000000,３ＬＤＫ,85,2018年,ＲＣ,,,１中住専,,,2026年第1四半期,,
中古マンション等,成約価格情報,13208,東京都,調布市,柴崎,つつじケ丘,17,52000000,２ＬＤＫ,80,2006年,ＲＣ,,,１中住専,,,2026年第1四半期,,
中古マンション等,成約価格情報,13208,東京都,調布市,柴崎,つつじケ丘,16,40000000,３ＬＤＫ,65,1996年,ＲＣ,,,準工業,,,2026年第1四半期,,
中古マンション等,成約価格情報,13208,東京都,調布市,柴崎,つつじケ丘,16,60000000,３ＬＤＫ,80,2012年,ＲＣ,,,１中住専,,,2026年第1四半期,,
中古マンション等,成約価格情報,13208,東京都,調布市,柴崎,つつじケ丘,15,23000000,２ＬＤＫ,65,1981年,鉄骨造,,,近隣商業,,,2026年第1四半期,,
中古マンション等,成約価格情報,13208,東京都,調布市,柴崎,つつじケ丘,17,72000000,３ＬＤＫ,85,2006年,ＲＣ,,,１中住専,,,2026年第1四半期,,
中古マンション等,成約価格情報,13208,東京都,調布市,染地,国領,13,8500000,２ＤＫ,45,1967年,ＲＣ,,,１中住専,,,2026年第1四半期,,
中古マンション等,成約価格情報,13208,東京都,調布市,染地,国領,15,10000000,１ＤＫ,55,1967年,ＲＣ,,,１中住専,,,2026年第1四半期,,
中古マンション等,成約価格情報,13208,東京都,調布市,染地,国領,21,18000000,２ＬＤＫ,55,1969年,ＲＣ,,,１中住専,,,2026年第1四半期,,
中古マンション等,成約価格情報,13208,東京都,調布市,染地,布田,17,30000000,３ＬＤＫ,75,2004年,ＲＣ,,,１中住専,,,2026年第1四半期,,
中古マンション等,成約価格情報,13208,東京都,調布市,染地,国領,16,30000000,３ＬＤＫ,80,1997年,ＲＣ,,,準工業,,,2026年第1四半期,,
中古マンション等,成約価格情報,13208,東京都,調布市,染地,調布,,64000000,４ＬＤＫ＋Ｓ,85,2025年,ＲＣ,,,１中住専,,,2026年第1四半期,,
中古マンション等,成約価格情報,13208,東京都,調布市,染地,調布,,9000000,２ＤＫ,55,1969年,ＲＣ,,,１中住専,,,2026年第1四半期,,
中古マンション等,成約価格情報,13208,東京都,調布市,染地,国領,16,8800000,３Ｋ,55,1966年,ＲＣ,,,１中住専,,,2026年第1四半期,,
中古マンション等,成約価格情報,13208,東京都,調布市,染地,国領,17,11000000,２ＬＤＫ,55,1966年,ＲＣ,,,１中住専,,,2026年第1四半期,,
中古マンション等,成約価格情報,13208,東京都,調布市,染地,国領,23,15000000,３ＬＤＫ,55,1969年,ＲＣ,,,１中住専,,,2026年第1四半期,,
中古マンション等,成約価格情報,13208,東京都,調布市,染地,国領,16,13000000,３Ｋ,45,1966年,ＲＣ,,,１中住専,,,2026年第1四半期,,
中古マンション等,成約価格情報,13208,東京都,調布市,染地,国領,15,8100000,２ＤＫ,55,1966年,鉄骨造,,,１中住専,,,2026年第1四半期,,
中古マンション等,成約価格情報,13208,東京都,調布市,染地,国領,17,9000000,２Ｋ＋Ｓ,45,1966年,ＲＣ,,,１中住専,,,2026年第1四半期,,
中古マンション等,成約価格情報,13208,東京都,調布市,染地,国領,15,12000000,２ＬＤＫ,45,1967年,ＲＣ,,,１中住専,,,2026年第1四半期,,
中古マンション等,成約価格情報,13208,東京都,調布市,染地,布田,18,40000000,３ＬＤＫ,60,1997年,ＲＣ,,,２中住専,,,2026年第1四半期,,
中古マンション等,成約価格情報,13208,東京都,調布市,染地,国領,22,10000000,３ＤＫ,55,1969年,ＲＣ,,,１中住専,,,2026年第1四半期,,
中古マンション等,成約価格情報,13208,東京都,調布市,調布ケ丘,調布,7,89000000,２ＬＤＫ,65,2021年,ＲＣ,,,準工業,,,2026年第1四半期,,
中古マンション等,成約価格情報,13208,東京都,調布市,調布ケ丘,調布,15,70000000,４ＬＤＫ,100,2002年,ＲＣ,,,準工業,,,2026年第1四半期,,
中古マンション等,成約価格情報,13208,東京都,調布市,調布ケ丘,調布,10,36000000,３ＬＤＫ,60,1995年,ＲＣ,,,１低住専,,,2026年第1四半期,,
中古マンション等,成約価格情報,13208,東京都,調布市,調布ケ丘,調布,7,83000000,２ＬＤＫ,65,2021年,ＲＣ,,,準工業,,,2026年第1四半期,,
中古マンション等,成約価格情報,13208,東京都,調布市,調布ケ丘,調布,7,100000000,３ＬＤＫ,75,2021年,ＲＣ,,,準工業,,,2026年第1四半期,,
中古マンション等,成約価格情報,13208,東京都,調布市,調布ケ丘,調布,7,97000000,３ＬＤＫ,70,2021年,ＲＣ,,,準工業,,,2026年第1四半期,,
中古マンション等,成約価格情報,13208,東京都,調布市,調布ケ丘,調布,12,50000000,２ＬＤＫ,60,1995年,ＲＣ,,,準工業,,,2026年第1四半期,,
中古マンション等,成約価格情報,13208,東京都,調布市,調布ケ丘,調布,10,73000000,３ＬＤＫ,85,2001年,ＲＣ,,,１中住専,,,2026年第1四半期,,
中古マンション等,成約価格情報,13208,東京都,調布市,西つつじケ丘,つつじケ丘,11,57000000,３ＬＤＫ,70,2014年,ＲＣ,,,準工業,,,2026年第1四半期,,
中古マンション等,成約価格情報,13208,東京都,調布市,西つつじケ丘,つつじケ丘,6,30000000,２ＬＤＫ,70,1976年,ＲＣ,,,１低住専,,,2026年第1四半期,,
中古マンション等,成約価格情報,13208,東京都,調布市,西つつじケ丘,つつじケ丘,10,59000000,３ＬＤＫ,65,2013年,ＲＣ,,,準工業,,,2026年第1四半期,,
中古マンション等,成約価格情報,13208,東京都,調布市,西つつじケ丘,つつじケ丘,5,79000000,３ＬＤＫ,65,2019年,ＲＣ,,,１低住専,,,2026年第1四半期,,
中古マンション等,成約価格情報,13208,東京都,調布市,西つつじケ丘,つつじケ丘,7,44000000,２ＬＤＫ,55,1996年,ＲＣ,,,１中住専,,,2026年第1四半期,,
中古マンション等,成約価格情報,13208,東京都,調布市,富士見町,調布,13,32000000,３ＬＤＫ,65,1982年,ＲＣ,,,１中住専,,,2026年第1四半期,,
中古マンション等,成約価格情報,13208,東京都,調布市,富士見町,調布,14,29000000,３ＤＫ,80,1979年,ＳＲＣ,,,２種住居,,,2026年第1四半期,,
中古マンション等,成約価格情報,13208,東京都,調布市,富士見町,調布,15,57000000,２ＬＤＫ,60,2015年,ＲＣ,,,１中住専,,,2026年第1四半期,,
中古マンション等,成約価格情報,13208,東京都,調布市,富士見町,調布,16,75000000,３ＬＤＫ,75,2015年,ＲＣ,,,１中住専,,,2026年第1四半期,,
中古マンション等,成約価格情報,13208,東京都,調布市,富士見町,調布,14,33000000,２ＬＤＫ,80,1979年,ＳＲＣ,,,１中住専,,,2026年第1四半期,,
中古マンション等,成約価格情報,13208,東京都,調布市,富士見町,調布,13,35000000,３ＬＤＫ,75,1982年,ＲＣ,,,１中住専,,,2026年第1四半期,,
中古マンション等,成約価格情報,13208,東京都,調布市,布田,調布,7,26000000,１ＬＤＫ＋Ｓ,45,1972年,ＳＲＣ,,,１種住居,,,2026年第1四半期,,
中古マンション等,成約価格情報,13208,東京都,調布市,布田,調布,7,54000000,２ＬＤＫ,60,1994年,ＲＣ,,,近隣商業,,,2026年第1四半期,,
中古マンション等,成約価格情報,13208,東京都,調布市,布田,布田,7,47000000,３ＬＤＫ,70,2000年,ＲＣ,,,準住居,,,2026年第1四半期,,
中古マンション等,成約価格情報,13208,東京都,調布市,布田,調布,2,37000000,１ＬＤＫ,60,1981年,ＳＲＣ,,,商業,,,2026年第1四半期,,
中古マンション等,成約価格情報,13208,東京都,調布市,布田,調布,4,62000000,２ＬＤＫ,70,1995年,ＳＲＣ,,,近隣商業,,,2026年第1四半期,,
中古マンション等,成約価格情報,13208,東京都,調布市,布田,調布,7,77000000,３ＬＤＫ,80,1994年,ＲＣ,,,近隣商業,,,2026年第1四半期,,
中古マンション等,成約価格情報,13208,東京都,調布市,布田,調布,7,27000000,１ＬＤＫ＋Ｓ,50,1972年,ＳＲＣ,,,１種住居,,,2026年第1四半期,,
中古マンション等,成約価格情報,13208,東京都,調布市,布田,調布,7,24000000,２ＬＤＫ,50,1972年,ＳＲＣ,,,１種住居,,,2026年第1四半期,,
中古マンション等,成約価格情報,13208,東京都,調布市,布田,調布,3,32000000,２ＬＤＫ,55,1982年,ＲＣ,,,近隣商業,,,2026年第1四半期,,
中古マンション等,成約価格情報,13208,東京都,調布市,布田,調布,6,51000000,１ＬＤＫ,55,2001年,ＲＣ,,,近隣商業,,,2026年第1四半期,,
中古マンション等,成約価格情報,13208,東京都,調布市,布田,調布,6,23000000,２ＤＫ,55,1975年,ＳＲＣ,,,近隣商業,,,2026年第1四半期,,
中古マンション等,成約価格情報,13208,東京都,調布市,布田,調布,7,29000000,２ＤＫ,45,1972年,ＳＲＣ,,,１種住居,,,2026年第1四半期,,
中古マンション等,成約価格情報,13208,東京都,調布市,布田,調布,7,30000000,２ＬＤＫ,50,1972年,ＳＲＣ,,,１種住居,,,2026年第1四半期,,
中古マンション等,成約価格情報,13208,東京都,調布市,若葉町,仙川,8,89000000,３ＬＤＫ,70,2000年,ＳＲＣ,,,２種住居,,,2026年第1四半期,,
中古マンション等,成約価格情報,13208,東京都,調布市,若葉町,仙川,9,28000000,２ＬＤＫ,65,1980年,ＲＣ,,,２中住専,,,2026年第1四半期,,
中古マンション等,成約価格情報,13208,東京都,調布市,国領町,国領,4,32000000,３ＬＤＫ,70,1975年,ＲＣ,,,商業,,,2026年第1四半期,,
中古マンション等,成約価格情報,13208,東京都,調布市,国領町,国領,8,79000000,４ＬＤＫ,90,2008年,ＲＣ,,,１中住専,,,2026年第1四半期,,
中古マンション等,成約価格情報,13208,東京都,調布市,国領町,国領,6,63000000,４ＬＤＫ,115,1999年,ＲＣ,,,近隣商業,,,2026年第1四半期,,
中古マンション等,成約価格情報,13208,東京都,調布市,国領町,国領,2,65000000,３ＬＤＫ,75,1996年,ＳＲＣ,,,１中住専,,,2026年第1四半期,,
中古マンション等,成約価格情報,13208,東京都,調布市,国領町,国領,11,73000000,３ＬＤＫ,80,2004年,ＲＣ,,,準工業,,,2026年第1四半期,,
中古マンション等,成約価格情報,13208,東京都,調布市,国領町,柴崎,9,70000000,３ＬＤＫ,75,2004年,ＲＣ,,,準工業,,,2026年第1四半期,,
中古マンション等,成約価格情報,13208,東京都,調布市,国領町,国領,9,8500000,１Ｒ,20,1991年,ＲＣ,,,１低住専,,,2026年第1四半期,,
中古マンション等,成約価格情報,13208,東京都,調布市,国領町,国領,5,37000000,１ＬＤＫ,35,2019年,ＲＣ,,,近隣商業,,,2026年第1四半期,,
中古マンション等,成約価格情報,13208,東京都,調布市,国領町,国領,8,86000000,４ＬＤＫ,100,2005年,ＲＣ,,,１中住専,,,2026年第1四半期,,
中古マンション等,成約価格情報,13208,東京都,調布市,国領町,国領,8,25000000,２ＬＤＫ,45,1970年,ＲＣ,,,２中住専,,,2026年第1四半期,,
中古マンション等,成約価格情報,13208,東京都,調布市,国領町,国領,2,75000000,２ＬＤＫ,65,2004年,ＲＣ,,,商業,,,2026年第1四半期,,
中古マンション等,成約価格情報,13208,東京都,調布市,国領町,国領,2,89000000,３ＬＤＫ,80,2004年,ＳＲＣ,,,商業,,,2026年第1四半期,,
中古マンション等,成約価格情報,13208,東京都,調布市,国領町,布田,4,17000000,２ＤＫ＋Ｓ,50,1973年,ＲＣ,,,近隣商業,,,2026年第1四半期,,
中古マンション等,成約価格情報,13208,東京都,調布市,下石原,調布,14,34000000,３ＤＫ,65,1985年,ＲＣ,,,１低住専,,,2026年第1四半期,,
中古マンション等,成約価格情報,13208,東京都,調布市,下石原,調布,15,66000000,３ＬＤＫ,80,2000年,ＲＣ,,,１種住居,,,2026年第1四半期,,
中古マンション等,成約価格情報,13208,東京都,調布市,下石原,調布,13,28000000,３ＤＫ,65,1985年,ＲＣ,,,１中住専,,,2026年第1四半期,,
中古マンション等,成約価格情報,13208,東京都,調布市,下石原,調布,14,25000000,３ＤＫ,65,1985年,ＲＣ,,,１中住専,,,2026年第1四半期,,
中古マンション等,成約価格情報,13208,東京都,調布市,深大寺元町,調布,,26000000,２ＬＤＫ,55,1984年,ＲＣ,,,１低住専,,,2026年第1四半期,改装済み,
中古マンション等,成約価格情報,13208,東京都,調布市,多摩川,京王多摩川,10,28000000,２ＬＤＫ,65,1989年,ＲＣ,,,準工業,,,2026年第1四半期,,
中古マンション等,成約価格情報,13208,東京都,調布市,多摩川,西調布,10,40000000,３ＬＤＫ,75,2004年,ＲＣ,,,準工業,,,2026年第1四半期,改装済み,
中古マンション等,成約価格情報,13208,東京都,調布市,多摩川,京王多摩川,10,42000000,３ＬＤＫ,75,1999年,ＲＣ,,,準工業,,,2026年第1四半期,改装済み,
中古マンション等,成約価格情報,13208,東京都,調布市,多摩川,京王多摩川,4,47000000,３ＬＤＫ,65,2014年,ＲＣ,,,１低住専,,,2026年第1四半期,,
中古マンション等,成約価格情報,13208,東京都,調布市,多摩川,西調布,12,43000000,３ＬＤＫ,80,2007年,ＲＣ,,,準工業,,,2026年第1四半期,,
中古マンション等,成約価格情報,13208,東京都,調布市,多摩川,京王多摩川,11,42000000,３ＬＤＫ,70,2002年,ＲＣ,,,１種住居,,,2026年第1四半期,,
中古マンション等,成約価格情報,13208,東京都,調布市,多摩川,京王多摩川,8,27000000,４ＬＤＫ,75,1984年,ＲＣ,,,準工業,,,2026年第1四半期,,
中古マンション等,成約価格情報,13208,東京都,調布市,多摩川,京王多摩川,10,30000000,３ＬＤＫ,75,2003年,ＲＣ,,,準工業,,,2026年第1四半期,,
中古マンション等,成約価格情報,13208,東京都,調布市,多摩川,西調布,12,38000000,３ＬＤＫ,80,2007年,ＲＣ,,,準工業,,,2026年第1四半期,,
中古マンション等,成約価格情報,13208,東京都,調布市,多摩川,京王多摩川,10,45000000,３ＬＤＫ,80,2003年,ＲＣ,,,準工業,,,2026年第1四半期,改装済み,
中古マンション等,成約価格情報,13208,東京都,調布市,多摩川,京王多摩川,2,49000000,３ＬＤＫ,65,2012年,ＲＣ,,,商業,,,2026年第1四半期,,
中古マンション等,成約価格情報,13208,東京都,調布市,多摩川,西調布,11,63000000,３ＬＤＫ,70,2023年,ＲＣ,,,準工業,,,2026年第1四半期,,
中古マンション等,成約価格情報,13208,東京都,調布市,多摩川,京王多摩川,11,46000000,２ＬＤＫ＋Ｓ,70,2002年,ＲＣ,,,１種住居,,,2026年第1四半期,,
中古マンション等,成約価格情報,13208,東京都,調布市,多摩川,京王多摩川,2,6800000,１ＤＫ,30,1972年,鉄骨造,,,１中住専,,,2026年第1四半期,,
中古マンション等,成約価格情報,13208,東京都,調布市,入間町,成城学園前,19,26000000,１ＬＤＫ,65,1979年,ＲＣ,,,１低住専,,,2026年第1四半期,,
中古マンション等,成約価格情報,13208,東京都,調布市,入間町,仙川,19,62000000,３ＬＤＫ＋Ｓ,80,2016年,ＲＣ,,,１中住専,,,2026年第1四半期,,
中古マンション等,成約価格情報,13208,東京都,調布市,入間町,仙川,17,39000000,３ＬＤＫ,65,1997年,ＲＣ,,,１中住専,,,2026年第1四半期,,
中古マンション等,成約価格情報,13208,東京都,調布市,入間町,仙川,17,30000000,１ＬＤＫ＋Ｓ,50,1984年,ＲＣ,,,１中住専,,,2026年第1四半期,,
中古マンション等,成約価格情報,13208,東京都,調布市,入間町,仙川,19,62000000,３ＬＤＫ,80,2016年,ＲＣ,,,１中住専,,,2026年第1四半期,,
中古マンション等,成約価格情報,13208,東京都,調布市,入間町,仙川,19,63000000,３ＬＤＫ,80,2016年,ＲＣ,,,１中住専,,,2026年第1四半期,,
中古マンション等,成約価格情報,13208,東京都,調布市,入間町,仙川,16,51000000,２ＬＤＫ,65,2014年,鉄骨造,,,１中住専,,,2026年第1四半期,,
中古マンション等,成約価格情報,13208,東京都,調布市,上石原,西調布,13,30000000,３ＬＤＫ,85,1984年,ＲＣ,,,準工業,,,2026年第1四半期,,
中古マンション等,成約価格情報,13208,東京都,調布市,上石原,西調布,16,29000000,２ＬＤＫ,60,1984年,,,,準工業,,,2026年第1四半期,改装済み,
中古マンション等,成約価格情報,13208,東京都,調布市,上石原,西調布,15,47000000,３ＬＤＫ＋Ｓ,105,2003年,ＳＲＣ,,,準工業,,,2026年第1四半期,,
中古マンション等,成約価格情報,13208,東京都,調布市,上石原,西調布,15,45000000,１ＬＤＫ＋Ｓ,75,2003年,ＳＲＣ,,,準工業,,,2026年第1四半期,,
中古マンション等,成約価格情報,13208,東京都,調布市,上石原,西調布,15,50000000,３ＬＤＫ,85,2003年,ＲＣ,,,準工業,,,2026年第1四半期,,
中古マンション等,成約価格情報,13208,東京都,調布市,上石原,西調布,16,9900000,２Ｋ,35,1990年,ＲＣ,,,１中住専,,,2026年第1四半期,,
中古マンション等,成約価格情報,13208,東京都,調布市,上石原,西調布,15,56000000,１ＬＤＫ＋Ｓ,95,2003年,ＳＲＣ,,,準工業,,,2026年第1四半期,,
中古マンション等,成約価格情報,13208,東京都,調布市,小島町,調布,5,74000000,２ＬＤＫ,55,2009年,ＲＣ,,,近隣商業,,,2026年第1四半期,,
中古マンション等,成約価格情報,13208,東京都,調布市,小島町,調布,5,60000000,２ＬＤＫ,45,2023年,ＲＣ,,,近隣商業,,,2026年第1四半期,,
中古マンション等,成約価格情報,13208,東京都,調布市,小島町,調布,4,62000000,３ＬＤＫ,75,1997年,ＲＣ,,,近隣商業,,,2026年第1四半期,,
中古マンション等,成約価格情報,13208,東京都,調布市,深大寺南町,つつじケ丘,19,53000000,３ＬＤＫ,75,2008年,ＲＣ,,,１中住専,,,2026年第1四半期,,
中古マンション等,成約価格情報,13208,東京都,調布市,深大寺南町,つつじケ丘,19,54000000,２ＬＤＫ,80,2008年,ＲＣ,,,１中住専,,,2026年第1四半期,,
中古マンション等,成約価格情報,13208,東京都,調布市,仙川町,仙川,7,87000000,３ＬＤＫ,75,2015年,ＲＣ,,,準工業,,,2026年第1四半期,,
中古マンション等,成約価格情報,13208,東京都,調布市,仙川町,仙川,7,92000000,３ＬＤＫ＋Ｓ,75,2015年,ＲＣ,,,準工業,,,2026年第1四半期,,
中古マンション等,成約価格情報,13208,東京都,調布市,仙川町,仙川,7,87000000,２ＬＤＫ＋Ｓ,75,2015年,ＲＣ,,,準工業,,,2026年第1四半期,,
中古マンション等,成約価格情報,13208,東京都,調布市,仙川町,仙川,7,92000000,３ＬＤＫ,75,2015年,ＲＣ,,,準工業,,,2026年第1四半期,,
中古マンション等,成約価格情報,13208,東京都,調布市,仙川町,仙川,3,94000000,２ＬＤＫ,70,2004年,ＲＣ,,,１中住専,,,2026年第1四半期,,
中古マンション等,不動産取引価格情報,13208,東京都,調布市,上石原,西調布,13,30000000,３ＬＤＫ,80,1984年,ＲＣ,住宅,住宅,準工業,60,200,2026年第1四半期,改装済み,
中古マンション等,不動産取引価格情報,13208,東京都,調布市,上石原,西調布,5,36000000,２ＬＤＫ,50,2008年,ＲＣ,,住宅,１種住居,60,200,2026年第1四半期,未改装,
中古マンション等,不動産取引価格情報,13208,東京都,調布市,国領町,布田,3,47000000,３ＬＤＫ,50,1997年,,,住宅,近隣商業,80,300,2026年第1四半期,改装済み,
中古マンション等,不動産取引価格情報,13208,東京都,調布市,小島町,調布,4,62000000,３ＬＤＫ,70,1997年,ＲＣ,住宅,住宅,近隣商業,80,300,2026年第1四半期,改装済み,
中古マンション等,不動産取引価格情報,13208,東京都,調布市,小島町,調布,6,74000000,２ＬＤＫ,50,2009年,ＲＣ,住宅,住宅,近隣商業,80,300,2026年第1四半期,未改装,
中古マンション等,不動産取引価格情報,13208,東京都,調布市,染地,布田,15,50000000,４ＬＤＫ,80,2008年,ＲＣ,住宅,住宅,１中住専,60,200,2026年第1四半期,改装済み,
中古マンション等,不動産取引価格情報,13208,東京都,調布市,多摩川,京王多摩川,4,37000000,３ＬＤＫ,65,1980年,ＳＲＣ,住宅,住宅,１中住専,60,200,2026年第1四半期,改装済み,
中古マンション等,不動産取引価格情報,13208,東京都,調布市,多摩川,京王多摩川,16,40000000,３ＬＤＫ,65,1999年,ＲＣ,,住宅,準工業,60,200,2026年第1四半期,改装済み,
中古マンション等,不動産取引価格情報,13208,東京都,調布市,調布ケ丘,調布,9,34000000,,25,2018年,ＲＣ,住宅,住宅,１中住専,60,150,2026年第1四半期,,
中古マンション等,不動産取引価格情報,13208,東京都,調布市,調布ケ丘,調布,9,34000000,１Ｋ,25,2018年,ＲＣ,,住宅,１中住専,60,150,2026年第1四半期,未改装,
中古マンション等,不動産取引価格情報,13208,東京都,調布市,布田,調布,6,18000000,１Ｒ,25,1993年,ＲＣ,,住宅,１中住専,60,200,2026年第1四半期,,
中古マンション等,成約価格情報,13209,東京都,町田市,鶴川,鶴川,,13000000,５ＬＤＫ,110,1980年,木造,,,１低住専,,,2026年第1四半期,,
中古マンション等,成約価格情報,13209,東京都,町田市,鶴川,鶴川,19,14000000,３ＬＤＫ,70,1969年,ＲＣ,,,１中住専,,,2026年第1四半期,,
中古マンション等,成約価格情報,13209,東京都,町田市,鶴川,鶴川,18,16000000,３ＬＤＫ,80,1969年,ＲＣ,,,１中住専,,,2026年第1四半期,,
中古マンション等,成約価格情報,13209,東京都,町田市,鶴川,鶴川,21,21000000,３ＬＤＫ,65,1996年,ＳＲＣ,,,近隣商業,,,2026年第1四半期,,
中古マンション等,成約価格情報,13209,東京都,町田市,鶴川,鶴川,,5800000,３ＬＤＫ,80,1969年,ＲＣ,,,１低住専,,,2026年第1四半期,,
中古マンション等,成約価格情報,13209,東京都,町田市,鶴川,鶴川,,7300000,３ＤＫ,55,1968年,ＲＣ,,,１中住専,,,2026年第1四半期,,
中古マンション等,成約価格情報,13209,東京都,町田市,鶴川,鶴川,,6600000,３ＤＫ,55,1968年,ＲＣ,,,１中住専,,,2026年第1四半期,,
中古マンション等,成約価格情報,13209,東京都,町田市,南成瀬,成瀬,4,49000000,３ＬＤＫ,85,2002年,ＳＲＣ,,,近隣商業,,,2026年第1四半期,,
中古マンション等,成約価格情報,13209,東京都,町田市,南成瀬,成瀬,3,50000000,３ＬＤＫ,85,2002年,ＳＲＣ,,,商業,,,2026年第1四半期,,
中古マンション等,成約価格情報,13209,東京都,町田市,南成瀬,成瀬,1,17000000,２ＬＤＫ,50,1981年,ＲＣ,,,近隣商業,,,2026年第1四半期,,
中古マンション等,成約価格情報,13209,東京都,町田市,山崎町,町田,,17000000,３ＬＤＫ,90,1986年,ＲＣ,,,１中住専,,,2026年第1四半期,,
中古マンション等,成約価格情報,13209,東京都,町田市,山崎町,町田,,17000000,３ＬＤＫ,90,1988年,ＲＣ,,,１中住専,,,2026年第1四半期,,
中古マンション等,成約価格情報,13209,東京都,町田市,山崎町,町田,,16000000,４ＬＤＫ＋Ｓ,95,1985年,ＲＣ,,,１中住専,,,2026年第1四半期,,
中古マンション等,成約価格情報,13209,東京都,町田市,山崎町,町田,,29000000,４ＬＤＫ,100,1987年,ＲＣ,,,１中住専,,,2026年第1四半期,,
中古マンション等,成約価格情報,13209,東京都,町田市,山崎町,町田,,32000000,３ＬＤＫ＋Ｓ,100,1986年,鉄骨造,,,１中住専,,,2026年第1四半期,,
中古マンション等,成約価格情報,13209,東京都,町田市,小川,南町田グランベリーパーク,25,39000000,３ＬＤＫ,80,2002年,ＳＲＣ,,,準工業,,,2026年第1四半期,,
中古マンション等,成約価格情報,13209,東京都,町田市,小川,つくし野,10,40000000,３ＬＤＫ,75,2002年,ＲＣ,,,１低住専,,,2026年第1四半期,,
中古マンション等,成約価格情報,13209,東京都,町田市,小川,つくし野,10,16000000,２ＬＤＫ,55,1973年,ＲＣ,,,１低住専,,,2026年第1四半期,,
中古マンション等,成約価格情報,13209,東京都,町田市,小川,南町田グランベリーパーク,14,48000000,３ＬＤＫ,85,2003年,ＲＣ,,,準工業,,,2026年第1四半期,,
中古マンション等,成約価格情報,13209,東京都,町田市,小川,南町田グランベリーパーク,14,50000000,３ＬＤＫ,75,2016年,ＲＣ,,,準工業,,,2026年第1四半期,,
中古マンション等,成約価格情報,13209,東京都,町田市,小川,すずかけ台,11,51000000,３ＬＤＫ,75,2016年,ＲＣ,,,準工業,,,2026年第1四半期,,
中古マンション等,成約価格情報,13209,東京都,町田市,小山田桜台,町田,,19000000,４ＬＤＫ,100,1985年,ＲＣ,,,１中住専,,,2026年第1四半期,,
中古マンション等,成約価格情報,13209,東京都,町田市,小山田桜台,町田,,9900000,４ＬＤＫ,100,1984年,ＲＣ,,,２中住専,,,2026年第1四半期,,
中古マンション等,成約価格情報,13209,東京都,町田市,金井,玉川学園前,,24000000,３ＬＤＫ,85,2001年,ＲＣ,,,１低住専,,,2026年第1四半期,,
中古マンション等,成約価格情報,13209,東京都,町田市,金森,町田,15,26000000,３ＬＤＫ,65,1999年,ＳＲＣ,,,近隣商業,,,2026年第1四半期,,
中古マンション等,成約価格情報,13209,東京都,町田市,忠生,町田,,24000000,３ＬＤＫ,75,2007年,ＲＣ,,,２種住居,,,2026年第1四半期,,
中古マンション等,成約価格情報,13209,東京都,町田市,鶴間,南町田グランベリーパーク,8,39000000,３ＬＤＫ,80,1998年,ＲＣ,,,準工業,,,2026年第1四半期,,
中古マンション等,成約価格情報,13209,東京都,町田市,鶴間,南町田グランベリーパーク,1,92000000,３ＬＤＫ,75,2024年,ＲＣ,,,商業,,,2026年第1四半期,,
中古マンション等,成約価格情報,13209,東京都,町田市,鶴間,南町田グランベリーパーク,4,72000000,３ＬＤＫ,75,2014年,ＲＣ,,,商業,,,2026年第1四半期,,
中古マンション等,成約価格情報,13209,東京都,町田市,鶴間,南町田グランベリーパーク,14,57000000,３ＬＤＫ,75,2022年,ＲＣ,,,１中住専,,,2026年第1四半期,,
中古マンション等,成約価格情報,13209,東京都,町田市,鶴間,南町田グランベリーパーク,9,39000000,３ＬＤＫ,80,1998年,ＳＲＣ,,,準工業,,,2026年第1四半期,,
中古マンション等,成約価格情報,13209,東京都,町田市,鶴間,南町田グランベリーパーク,1,62000000,２ＬＤＫ,60,2024年,ＲＣ,,,商業,,,2026年第1四半期,,
中古マンション等,成約価格情報,13209,東京都,町田市,鶴間,南町田グランベリーパーク,1,97000000,４ＬＤＫ,95,2024年,ＲＣ,,,商業,,,2026年第1四半期,,
中古マンション等,成約価格情報,13209,東京都,町田市,鶴間,南町田グランベリーパーク,8,36000000,４ＬＤＫ,80,2007年,ＲＣ,,,準工業,,,2026年第1四半期,,
中古マンション等,成約価格情報,13209,東京都,町田市,鶴間,南町田グランベリーパーク,1,76000000,３ＬＤＫ,75,2024年,ＲＣ,,,商業,,,2026年第1四半期,,
中古マンション等,成約価格情報,13209,東京都,町田市,本町田,町田,,8000000,２ＬＤＫ,55,1970年,ＲＣ,,,１中住専,,,2026年第1四半期,,
中古マンション等,成約価格情報,13209,東京都,町田市,本町田,町田,,13000000,２ＬＤＫ,55,1970年,ＲＣ,,,１中住専,,,2026年第1四半期,,
中古マンション等,成約価格情報,13209,東京都,町田市,三輪緑山,鶴川,,27000000,１ＬＤＫ,55,2016年,ＲＣ,,,１種住居,,,2026年第1四半期,,
中古マンション等,成約価格情報,13209,東京都,町田市,三輪緑山,鶴川,,33000000,４ＬＤＫ,120,1989年,ＲＣ,,,１種住居,,,2026年第1四半期,,
中古マンション等,成約価格情報,13209,東京都,町田市,三輪緑山,鶴川,30分～60分,15000000,３ＬＤＫ,70,1998年,ＲＣ,,,１種住居,,,2026年第1四半期,,
中古マンション等,成約価格情報,13209,東京都,町田市,三輪緑山,鶴川,,25000000,３ＬＤＫ,100,1991年,ＲＣ,,,１種住居,,,2026年第1四半期,,
中古マンション等,成約価格情報,13209,東京都,町田市,森野,町田,13,11000000,１Ｒ,40,1976年,ＲＣ,,,近隣商業,,,2026年第1四半期,,
中古マンション等,成約価格情報,13209,東京都,町田市,森野,町田,16,30000000,２ＬＤＫ＋Ｓ,60,1997年,ＲＣ,,,近隣商業,,,2026年第1四半期,,
中古マンション等,成約価格情報,13209,東京都,町田市,図師町,町田,,13000000,１ＬＤＫ,45,1993年,ＲＣ,,,１低住専,,,2026年第1四半期,,
中古マンション等,成約価格情報,13209,東京都,町田市,図師町,町田,,15000000,３ＤＫ,60,1993年,ＲＣ,,,１低住専,,,2026年第1四半期,,
中古マンション等,成約価格情報,13209,東京都,町田市,玉川学園,玉川学園前,5,30000000,３ＬＤＫ,75,1999年,ＲＣ,,,近隣商業,,,2026年第1四半期,改装済み,
中古マンション等,成約価格情報,13209,東京都,町田市,玉川学園,玉川学園前,7,34000000,３ＬＤＫ＋Ｓ,95,1999年,ＳＲＣ,,,１中住専,,,2026年第1四半期,,
中古マンション等,成約価格情報,13209,東京都,町田市,玉川学園,玉川学園前,3,37000000,２ＬＤＫ,60,2012年,ＲＣ,,,１低住専,,,2026年第1四半期,,
中古マンション等,成約価格情報,13209,東京都,町田市,玉川学園,玉川学園前,9,20000000,３ＬＤＫ,70,1994年,ＲＣ,,,１種住居,,,2026年第1四半期,,
中古マンション等,成約価格情報,13209,東京都,町田市,原町田,町田,6,7300000,１Ｋ,20,1994年,ＲＣ,,,近隣商業,,,2026年第1四半期,,
中古マンション等,成約価格情報,13209,東京都,町田市,原町田,町田,8,53000000,３ＬＤＫ,80,2004年,ＲＣ,,,近隣商業,,,2026年第1四半期,改装済み,
中古マンション等,成約価格情報,13209,東京都,町田市,原町田,町田,6,7300000,１Ｋ,20,1994年,ＲＣ,,,近隣商業,,,2026年第1四半期,,
中古マンション等,成約価格情報,13209,東京都,町田市,原町田,町田,2,19000000,１Ｋ,25,2005年,ＲＣ,,,商業,,,2026年第1四半期,,
中古マンション等,成約価格情報,13209,東京都,町田市,原町田,町田,2,75000000,３ＬＤＫ,70,2020年,ＲＣ,,,商業,,,2026年第1四半期,,
中古マンション等,成約価格情報,13209,東京都,町田市,原町田,町田,6,7700000,１Ｋ,20,1994年,ＲＣ,,,近隣商業,,,2026年第1四半期,,
中古マンション等,成約価格情報,13209,東京都,町田市,原町田,町田,2,82000000,３ＬＤＫ,75,2020年,ＲＣ,,,商業,,,2026年第1四半期,,
中古マンション等,成約価格情報,13209,東京都,町田市,原町田,町田,2,80000000,１ＬＤＫ＋Ｓ,70,2020年,ＲＣ,,,商業,,,2026年第1四半期,,
中古マンション等,成約価格情報,13209,東京都,町田市,原町田,町田,8,36000000,２ＬＤＫ＋Ｓ,75,1983年,ＲＣ,,,１中住専,,,2026年第1四半期,,
中古マンション等,成約価格情報,13209,東京都,町田市,原町田,町田,3,55000000,４ＬＤＫ,85,1996年,ＳＲＣ,,,商業,,,2026年第1四半期,,
中古マンション等,成約価格情報,13209,東京都,町田市,原町田,町田,5,41000000,２ＬＤＫ,60,2007年,ＲＣ,,,近隣商業,,,2026年第1四半期,,
中古マンション等,成約価格情報,13209,東京都,町田市,原町田,町田,3,69000000,１ＬＤＫ＋Ｓ,70,1999年,ＲＣ,,,商業,,,2026年第1四半期,,
中古マンション等,成約価格情報,13209,東京都,町田市,原町田,町田,9,30000000,３ＬＤＫ,75,1983年,ＲＣ,,,２中住専,,,2026年第1四半期,,
中古マンション等,成約価格情報,13209,東京都,町田市,原町田,町田,5,43000000,４ＬＤＫ,110,1983年,ＲＣ,,,近隣商業,,,2026年第1四半期,,
中古マンション等,成約価格情報,13209,東京都,町田市,原町田,町田,7,68000000,３ＬＤＫ,70,2019年,ＲＣ,,,商業,,,2026年第1四半期,,
中古マンション等,成約価格情報,13209,東京都,町田市,南大谷,玉川学園前,17,34000000,３ＬＤＫ,65,2006年,ＲＣ,,,２中住専,,,2026年第1四半期,,
中古マンション等,成約価格情報,13209,東京都,町田市,南大谷,玉川学園前,18,28000000,４ＬＤＫ,75,2006年,ＲＣ,,,２中住専,,,2026年第1四半期,,
中古マンション等,成約価格情報,13209,東京都,町田市,南大谷,玉川学園前,14,37000000,４ＬＤＫ,85,2006年,ＲＣ,,,２中住専,,,2026年第1四半期,,
中古マンション等,成約価格情報,13209,東京都,町田市,真光寺,鶴川,,25000000,３ＬＤＫ,90,1997年,ＲＣ,,,１中住専,,,2026年第1四半期,,
中古マンション等,成約価格情報,13209,東京都,町田市,山崎,町田,,22000000,３ＬＤＫ,60,2009年,ＲＣ,,,１中住専,,,2026年第1四半期,,
中古マンション等,成約価格情報,13209,東京都,町田市,小山ヶ丘,橋本(神奈川),19,46000000,３ＬＤＫ,85,2021年,ＲＣ,,,２種住居,,,2026年第1四半期,,
中古マンション等,成約価格情報,13209,東京都,町田市,小山ヶ丘,多摩境,5,53000000,４ＬＤＫ,90,2014年,ＲＣ,,,近隣商業,,,2026年第1四半期,,
中古マンション等,成約価格情報,13209,東京都,町田市,小山ヶ丘,多摩境,4,38000000,３ＬＤＫ,75,2014年,ＲＣ,,,近隣商業,,,2026年第1四半期,,
中古マンション等,成約価格情報,13209,東京都,町田市,小山ヶ丘,橋本(神奈川),19,43000000,３ＬＤＫ,75,2021年,ＲＣ,,,２種住居,,,2026年第1四半期,,
中古マンション等,成約価格情報,13209,東京都,町田市,小山ヶ丘,多摩境,7,34000000,３ＬＤＫ,75,2003年,ＳＲＣ,,,２種住居,,,2026年第1四半期,,
中古マンション等,成約価格情報,13209,東京都,町田市,小山ヶ丘,多摩境,3,38000000,３ＬＤＫ,75,2016年,ＲＣ,,,近隣商業,,,2026年第1四半期,,
中古マンション等,成約価格情報,13209,東京都,町田市,小山ヶ丘,多摩境,13,35000000,３ＬＤＫ,75,2013年,ＲＣ,,,２種住居,,,2026年第1四半期,,
中古マンション等,成約価格情報,13209,東京都,町田市,小山ヶ丘,多摩境,4,44000000,３ＬＤＫ,75,2016年,ＲＣ,,,近隣商業,,,2026年第1四半期,,
中古マンション等,成約価格情報,13209,東京都,町田市,南町田,南町田グランベリーパーク,9,62000000,３ＬＤＫ,85,2019年,ＲＣ,,,準工業,,,2026年第1四半期,,
中古マンション等,成約価格情報,13209,東京都,町田市,南町田,南町田グランベリーパーク,9,63000000,４ＬＤＫ,85,2019年,ＲＣ,,,準工業,,,2026年第1四半期,,
中古マンション等,成約価格情報,13209,東京都,町田市,南町田,南町田グランベリーパーク,5,48000000,３ＬＤＫ,80,2000年,ＳＲＣ,,,準工業,,,2026年第1四半期,,
中古マンション等,成約価格情報,13209,東京都,町田市,南町田,南町田グランベリーパーク,5,55000000,２ＬＤＫ,80,2001年,ＳＲＣ,,,準工業,,,2026年第1四半期,,
中古マンション等,成約価格情報,13209,東京都,町田市,南町田,南町田グランベリーパーク,4,54000000,３ＬＤＫ,75,2001年,ＳＲＣ,,,準工業,,,2026年第1四半期,,
中古マンション等,成約価格情報,13209,東京都,町田市,南町田,南町田グランベリーパーク,18,17000000,４ＬＤＫ,105,1982年,ＳＲＣ,,,準工業,,,2026年第1四半期,,
中古マンション等,成約価格情報,13209,東京都,町田市,南町田,南町田グランベリーパーク,8,52000000,３ＬＤＫ,70,2019年,ＲＣ,,,準工業,,,2026年第1四半期,,
中古マンション等,成約価格情報,13210,東京都,小金井市,東町,東小金井,13,38000000,２ＬＤＫ＋Ｓ,60,2001年,ＲＣ,,,近隣商業,,,2026年第1四半期,,
中古マンション等,成約価格情報,13210,東京都,小金井市,梶野町,東小金井,3,37000000,２ＬＤＫ,105,1975年,ＲＣ,,,１中住専,,,2026年第1四半期,,
中古マンション等,成約価格情報,13210,東京都,小金井市,中町,東小金井,4,81000000,３ＬＤＫ,70,2015年,ＲＣ,,,１低住専,,,2026年第1四半期,,
中古マンション等,成約価格情報,13210,東京都,小金井市,貫井南町,武蔵小金井,,38000000,３ＬＤＫ,70,2001年,ＲＣ,,,１種住居,,,2026年第1四半期,,
中古マンション等,成約価格情報,13210,東京都,小金井市,貫井南町,武蔵小金井,21,29000000,３ＬＤＫ,80,1996年,ＲＣ,,,１種住居,,,2026年第1四半期,,
中古マンション等,成約価格情報,13210,東京都,小金井市,本町,武蔵小金井,3,53000000,２ＬＤＫ,60,1995年,ＳＲＣ,,,商業,,,2026年第1四半期,,
中古マンション等,成約価格情報,13210,東京都,小金井市,本町,武蔵小金井,5,78000000,３ＬＤＫ,70,2024年,ＲＣ,,,１種住居,,,2026年第1四半期,,
中古マンション等,成約価格情報,13210,東京都,小金井市,本町,武蔵小金井,5,43000000,４ＬＤＫ,105,1990年,ＲＣ,,,１種住居,,,2026年第1四半期,,
中古マンション等,成約価格情報,13210,東京都,小金井市,本町,武蔵小金井,3,22000000,１ＬＤＫ,35,1980年,ＲＣ,,,商業,,,2026年第1四半期,,
中古マンション等,成約価格情報,13210,東京都,小金井市,本町,武蔵小金井,4,46000000,２ＬＤＫ,60,2004年,ＲＣ,,,１中住専,,,2026年第1四半期,,
中古マンション等,成約価格情報,13210,東京都,小金井市,本町,武蔵小金井,7,22000000,１Ｋ,30,2015年,ＲＣ,,,近隣商業,,,2026年第1四半期,,
中古マンション等,成約価格情報,13210,東京都,小金井市,本町,武蔵小金井,10,48000000,１ＬＤＫ,65,1996年,ＲＣ,,,１種住居,,,2026年第1四半期,改装済み,
中古マンション等,成約価格情報,13210,東京都,小金井市,本町,武蔵小金井,8,29000000,１ＬＤＫ,40,1983年,ＲＣ,,,近隣商業,,,2026年第1四半期,,
中古マンション等,成約価格情報,13210,東京都,小金井市,本町,武蔵小金井,3,120000000,３ＬＤＫ,75,2020年,ＲＣ,,,商業,,,2026年第1四半期,,
中古マンション等,成約価格情報,13210,東京都,小金井市,本町,武蔵小金井,1,120000000,３ＬＤＫ,75,2009年,ＳＲＣ,,,商業,,,2026年第1四半期,,
中古マンション等,成約価格情報,13210,東京都,小金井市,本町,武蔵小金井,7,40000000,３ＬＤＫ,80,1971年,ＳＲＣ,,,近隣商業,,,2026年第1四半期,,
中古マンション等,成約価格情報,13210,東京都,小金井市,本町,武蔵小金井,13,72000000,３ＬＤＫ,85,2003年,ＲＣ,,,１中住専,,,2026年第1四半期,,
中古マンション等,成約価格情報,13210,東京都,小金井市,本町,武蔵小金井,3,120000000,３ＬＤＫ,75,2020年,ＲＣ,,,商業,,,2026年第1四半期,,
中古マンション等,成約価格情報,13210,東京都,小金井市,本町,武蔵小金井,6,63000000,３ＬＤＫ,65,1995年,ＲＣ,,,１中住専,,,2026年第1四半期,改装済み,
中古マンション等,成約価格情報,13210,東京都,小金井市,本町,武蔵小金井,5,47000000,１ＬＤＫ,55,1995年,ＲＣ,,,商業,,,2026年第1四半期,,
中古マンション等,成約価格情報,13210,東京都,小金井市,本町,武蔵小金井,3,78000000,３ＬＤＫ,70,2008年,ＲＣ,,,商業,,,2026年第1四半期,,
中古マンション等,成約価格情報,13210,東京都,小金井市,本町,武蔵小金井,4,46000000,２ＬＤＫ,55,1986年,ＳＲＣ,,,商業,,,2026年第1四半期,,
中古マンション等,成約価格情報,13210,東京都,小金井市,本町,武蔵小金井,1,96000000,３ＬＤＫ,75,2009年,ＲＣ,,,商業,,,2026年第1四半期,,
中古マンション等,成約価格情報,13210,東京都,小金井市,本町,武蔵小金井,7,16000000,２ＤＫ,40,1972年,ＲＣ,,,１種住居,,,2026年第1四半期,,
中古マンション等,成約価格情報,13210,東京都,小金井市,前原町,武蔵小金井,12,19000000,１ＬＤＫ,45,1979年,ＲＣ,,,１低住専,,,2026年第1四半期,,
中古マンション等,成約価格情報,13210,東京都,小金井市,前原町,武蔵小金井,5,23000000,３ＬＤＫ,100,1975年,ＳＲＣ,,,１種住居,,,2026年第1四半期,,
中古マンション等,成約価格情報,13210,東京都,小金井市,前原町,武蔵小金井,,22000000,３ＬＤＫ,85,1974年,ＲＣ,,,１低住専,,,2026年第1四半期,,
中古マンション等,成約価格情報,13210,東京都,小金井市,前原町,武蔵小金井,6,19000000,３ＤＫ,60,1969年,ＳＲＣ,,,１種住居,,,2026年第1四半期,,
中古マンション等,成約価格情報,13210,東京都,小金井市,緑町,武蔵小金井,10,11000000,２Ｋ,35,1978年,鉄骨造,,,１中住専,,,2026年第1四半期,,
中古マンション等,成約価格情報,13210,東京都,小金井市,緑町,東小金井,17,24000000,２ＬＤＫ,60,1984年,ＲＣ,,,１種住居,,,2026年第1四半期,改装済み,
中古マンション等,成約価格情報,13210,東京都,小金井市,緑町,武蔵小金井,12,80000000,３ＬＤＫ,75,2012年,ＲＣ,,,１中住専,,,2026年第1四半期,,
中古マンション等,成約価格情報,13210,東京都,小金井市,緑町,武蔵小金井,19,7300000,１Ｋ,20,1993年,ＲＣ,,,１低住専,,,2026年第1四半期,,
中古マンション等,成約価格情報,13211,東京都,小平市,学園東町,一橋学園,2,49000000,２ＬＤＫ＋Ｓ,75,2020年,ＲＣ,,,近隣商業,,,2026年第1四半期,,
中古マンション等,成約価格情報,13211,東京都,小平市,学園東町,一橋学園,2,53000000,３ＬＤＫ,80,2012年,ＲＣ,,,１中住専,,,2026年第1四半期,,
中古マンション等,成約価格情報,13211,東京都,小平市,学園東町,一橋学園,1,26000000,２ＬＤＫ,55,2000年,ＲＣ,,,商業,,,2026年第1四半期,,
中古マンション等,成約価格情報,13211,東京都,小平市,学園東町,一橋学園,3,28000000,２ＬＤＫ,65,1982年,ＳＲＣ,,,商業,,,2026年第1四半期,,
中古マンション等,成約価格情報,13211,東京都,小平市,上水本町,一橋学園,14,51000000,３ＬＤＫ,80,2011年,ＲＣ,,,２種住居,,,2026年第1四半期,改装済み,
中古マンション等,成約価格情報,13211,東京都,小平市,上水本町,一橋学園,13,45000000,３ＬＤＫ,80,2011年,ＲＣ,,,２種住居,,,2026年第1四半期,,
中古マンション等,成約価格情報,13211,東京都,小平市,上水本町,一橋学園,14,41000000,３ＬＤＫ,75,2007年,ＲＣ,,,準住居,,,2026年第1四半期,,
中古マンション等,成約価格情報,13211,東京都,小平市,鈴木町,花小金井,7,49000000,３ＬＤＫ,75,2016年,ＲＣ,,,１中住専,,,2026年第1四半期,,
中古マンション等,成約価格情報,13211,東京都,小平市,鈴木町,,,65000000,３ＬＤＫ,75,2017年,ＲＣ,,,１中住専,,,2026年第1四半期,,
中古マンション等,成約価格情報,13211,東京都,小平市,鈴木町,花小金井,8,56000000,３ＬＤＫ,70,2017年,ＲＣ,,,１中住専,,,2026年第1四半期,,
中古マンション等,成約価格情報,13211,東京都,小平市,鈴木町,一橋学園,15,34000000,３ＬＤＫ,75,2003年,ＲＣ,,,準工業,,,2026年第1四半期,,
中古マンション等,成約価格情報,13211,東京都,小平市,天神町,小平,17,35000000,４ＬＤＫ,90,2002年,ＲＣ,,,準工業,,,2026年第1四半期,,
中古マンション等,成約価格情報,13211,東京都,小平市,天神町,花小金井,16,9400000,３ＬＤＫ,65,1978年,ＲＣ,,,２中住専,,,2026年第1四半期,,
中古マンション等,成約価格情報,13211,東京都,小平市,天神町,花小金井,18,7700000,３ＤＫ,55,1984年,ＲＣ,,,１種住居,,,2026年第1四半期,,
中古マンション等,成約価格情報,13211,東京都,小平市,天神町,花小金井,21,20000000,２ＬＤＫ＋Ｓ,70,1991年,ＲＣ,,,準工業,,,2026年第1四半期,,
中古マンション等,成約価格情報,13211,東京都,小平市,天神町,花小金井,20,24000000,３ＬＤＫ,70,1999年,ＲＣ,,,１種住居,,,2026年第1四半期,,
中古マンション等,成約価格情報,13211,東京都,小平市,仲町,小平,7,31000000,３ＬＤＫ,65,1996年,ＲＣ,,,１低住専,,,2026年第1四半期,,
中古マンション等,成約価格情報,13211,東京都,小平市,御幸町,武蔵小金井,,27000000,３ＬＤＫ,65,1998年,ＲＣ,,,１種住居,,,2026年第1四半期,,
中古マンション等,成約価格情報,13211,東京都,小平市,小川町,東大和市,10,26000000,３ＬＤＫ,90,1990年,ＳＲＣ,,,１中住専,,,2026年第1四半期,,
中古マンション等,成約価格情報,13211,東京都,小平市,小川町,新小平,7,5100000,２ＤＫ,40,1977年,鉄骨造,,,１中住専,,,2026年第1四半期,,
中古マンション等,成約価格情報,13211,東京都,小平市,小川町,東大和市,13,24000000,３ＬＤＫ,90,1990年,ＳＲＣ,,,１中住専,,,2026年第1四半期,,
中古マンション等,成約価格情報,13211,東京都,小平市,学園西町,一橋学園,3,50000000,３ＬＤＫ,65,2019年,ＲＣ,,,１中住専,,,2026年第1四半期,,
中古マンション等,成約価格情報,13211,東京都,小平市,喜平町,一橋学園,18,13000000,３ＤＫ,55,1982年,ＲＣ,,,２中住専,,,2026年第1四半期,,
中古マンション等,成約価格情報,13211,東京都,小平市,津田町,鷹の台,8,26000000,２ＬＤＫ,65,1983年,ＲＣ,,,２中住専,,,2026年第1四半期,改装済み,
中古マンション等,成約価格情報,13211,東京都,小平市,花小金井,花小金井,12,37000000,３ＬＤＫ,70,2011年,ＲＣ,,,１種住居,,,2026年第1四半期,,
中古マンション等,成約価格情報,13211,東京都,小平市,花小金井,花小金井,13,23000000,３ＬＤＫ,75,1997年,ＲＣ,,,２中住専,,,2026年第1四半期,,
中古マンション等,成約価格情報,13211,東京都,小平市,花小金井,花小金井,2,31000000,２ＬＤＫ,55,2007年,ＲＣ,,,商業,,,2026年第1四半期,,
中古マンション等,成約価格情報,13211,東京都,小平市,花小金井,花小金井,16,35000000,３ＬＤＫ,80,2006年,ＲＣ,,,準工業,,,2026年第1四半期,,
中古マンション等,成約価格情報,13211,東京都,小平市,花小金井,花小金井,16,12000000,２ＤＫ,40,1986年,ＲＣ,,,準工業,,,2026年第1四半期,,
中古マンション等,成約価格情報,13211,東京都,小平市,花小金井,花小金井,14,25000000,４ＬＤＫ,90,1997年,ＲＣ,,,１低住専,,,2026年第1四半期,,
中古マンション等,成約価格情報,13211,東京都,小平市,花小金井南町,花小金井,11,60000000,３ＬＤＫ,70,2022年,ＲＣ,,,１中住専,,,2026年第1四半期,,
中古マンション等,成約価格情報,13211,東京都,小平市,花小金井南町,花小金井,3,50000000,３ＬＤＫ,75,2003年,ＲＣ,,,２中住専,,,2026年第1四半期,,
中古マンション等,成約価格情報,13211,東京都,小平市,花小金井南町,花小金井,10,62000000,３ＬＤＫ,75,2022年,ＲＣ,,,１中住専,,,2026年第1四半期,,
中古マンション等,成約価格情報,13211,東京都,小平市,花小金井南町,花小金井,8,55000000,３ＬＤＫ,70,2018年,ＲＣ,,,１中住専,,,2026年第1四半期,,
中古マンション等,成約価格情報,13211,東京都,小平市,花小金井南町,花小金井,9,58000000,２ＬＤＫ＋Ｓ,75,2018年,ＲＣ,,,１中住専,,,2026年第1四半期,,
中古マンション等,成約価格情報,13211,東京都,小平市,花小金井南町,花小金井,6,29000000,２ＬＤＫ＋Ｓ,70,1989年,ＲＣ,,,１中住専,,,2026年第1四半期,,
中古マンション等,成約価格情報,13211,東京都,小平市,花小金井南町,花小金井,10,59000000,１ＬＤＫ＋Ｓ,80,2022年,ＲＣ,,,１中住専,,,2026年第1四半期,,
中古マンション等,成約価格情報,13211,東京都,小平市,花小金井南町,花小金井,1,85000000,４ＬＤＫ,105,2004年,ＳＲＣ,,,商業,,,2026年第1四半期,改装済み,
中古マンション等,成約価格情報,13211,東京都,小平市,花小金井南町,花小金井,11,59000000,３ＬＤＫ,70,2022年,ＲＣ,,,１中住専,,,2026年第1四半期,,
中古マンション等,成約価格情報,13211,東京都,小平市,花小金井南町,花小金井,11,75000000,２ＬＤＫ＋Ｓ,80,2022年,ＲＣ,,,１中住専,,,2026年第1四半期,,
中古マンション等,成約価格情報,13211,東京都,小平市,花小金井南町,花小金井,11,70000000,３ＬＤＫ,75,2022年,ＲＣ,,,１中住専,,,2026年第1四半期,,
中古マンション等,成約価格情報,13211,東京都,小平市,回田町,武蔵小金井,,21000000,１ＬＤＫ＋Ｓ,65,1993年,ＲＣ,,,１低住専,,,2026年第1四半期,,
中古マンション等,成約価格情報,13211,東京都,小平市,回田町,武蔵小金井,,22000000,２ＬＤＫ＋Ｓ,70,1993年,ＲＣ,,,２中住専,,,2026年第1四半期,,
中古マンション等,不動産取引価格情報,13211,東京都,小平市,小川町,東大和市,15,5200000,,15,1992年,,住宅,住宅,準工業,60,200,2026年第1四半期,未改装,
中古マンション等,不動産取引価格情報,13211,東京都,小平市,学園東町,一橋学園,3,16000000,１Ｋ,20,2017年,ＲＣ,住宅,住宅,商業,80,400,2026年第1四半期,未改装,
中古マンション等,不動産取引価格情報,13211,東京都,小平市,花小金井,花小金井,11,37000000,３ＬＤＫ,65,2011年,ＲＣ,住宅,住宅,１種住居,60,200,2026年第1四半期,未改装,
中古マンション等,不動産取引価格情報,13211,東京都,小平市,花小金井南町,花小金井,11,60000000,３ＬＤＫ,75,2018年,ＳＲＣ,,住宅,１中住専,60,200,2026年第1四半期,改装済み,
中古マンション等,成約価格情報,13212,東京都,日野市,多摩平,豊田,4,18000000,２ＬＤＫ,55,1971年,ＲＣ,,,２中住専,,,2026年第1四半期,,
中古マンション等,成約価格情報,13212,東京都,日野市,多摩平,豊田,5,65000000,２ＬＤＫ,80,2015年,ＲＣ,,,近隣商業,,,2026年第1四半期,,
中古マンション等,成約価格情報,13212,東京都,日野市,多摩平,豊田,7,45000000,３ＬＤＫ,75,2001年,ＳＲＣ,,,工業,,,2026年第1四半期,,
中古マンション等,成約価格情報,13212,東京都,日野市,多摩平,豊田,9,58000000,３ＬＤＫ,70,2023年,ＲＣ,,,１低住専,,,2026年第1四半期,,
中古マンション等,成約価格情報,13212,東京都,日野市,多摩平,豊田,9,60000000,３ＬＤＫ,75,2023年,ＲＣ,,,１低住専,,,2026年第1四半期,,
中古マンション等,成約価格情報,13212,東京都,日野市,多摩平,豊田,9,65000000,３ＬＤＫ,75,2023年,ＲＣ,,,１中住専,,,2026年第1四半期,,
中古マンション等,成約価格情報,13212,東京都,日野市,豊田,豊田,2,45000000,２ＬＤＫ,60,2018年,ＲＣ,,,商業,,,2026年第1四半期,,
中古マンション等,成約価格情報,13212,東京都,日野市,東豊田,豊田,11,5600000,２Ｋ,30,1972年,鉄骨造,,,１低住専,,,2026年第1四半期,,
中古マンション等,成約価格情報,13212,東京都,日野市,東豊田,豊田,14,6000000,３ＤＫ,50,1972年,鉄骨造,,,１低住専,,,2026年第1四半期,,
中古マンション等,成約価格情報,13212,東京都,日野市,東豊田,豊田,12,8800000,２ＤＫ,45,1973年,鉄骨造,,,１低住専,,,2026年第1四半期,,
中古マンション等,成約価格情報,13212,東京都,日野市,東豊田,豊田,12,6000000,１ＬＤＫ,45,1973年,鉄骨造,,,１低住専,,,2026年第1四半期,,
中古マンション等,成約価格情報,13212,東京都,日野市,日野本町,日野(東京),5,38000000,３ＬＤＫ,90,2005年,ＲＣ,,,１低住専,,,2026年第1四半期,,
中古マンション等,成約価格情報,13212,東京都,日野市,三沢,高幡不動,5,13000000,３ＬＤＫ,70,1973年,ＲＣ,,,１低住専,,,2026年第1四半期,,
中古マンション等,成約価格情報,13212,東京都,日野市,三沢,高幡不動,16,14000000,２ＬＤＫ,65,1970年,ＲＣ,,,１中住専,,,2026年第1四半期,,
中古マンション等,成約価格情報,13212,東京都,日野市,百草,高幡不動,,5000000,２ＬＤＫ,50,1970年,ＲＣ,,,１中住専,,,2026年第1四半期,,
中古マンション等,成約価格情報,13212,東京都,日野市,富士町,豊田,8,41000000,３ＬＤＫ,80,2005年,ＲＣ,,,工業,,,2026年第1四半期,,
中古マンション等,成約価格情報,13212,東京都,日野市,旭が丘,豊田,15,33000000,３ＬＤＫ,80,2007年,ＲＣ,,,工業,,,2026年第1四半期,,
中古マンション等,成約価格情報,13212,東京都,日野市,旭が丘,豊田,17,31000000,２ＬＤＫ,60,2019年,ＲＣ,,,工業,,,2026年第1四半期,,
中古マンション等,成約価格情報,13212,東京都,日野市,旭が丘,豊田,13,4300000,１Ｋ,20,1992年,ＲＣ,,,工業,,,2026年第1四半期,,
中古マンション等,成約価格情報,13212,東京都,日野市,旭が丘,豊田,17,19000000,１ＬＤＫ,55,2019年,ＲＣ,,,工業,,,2026年第1四半期,,
中古マンション等,成約価格情報,13212,東京都,日野市,旭が丘,豊田,14,5000000,１Ｋ,20,1986年,ＲＣ,,,１低住専,,,2026年第1四半期,,
中古マンション等,成約価格情報,13212,東京都,日野市,旭が丘,豊田,6,36000000,３ＬＤＫ,75,2002年,ＲＣ,,,１低住専,,,2026年第1四半期,,
中古マンション等,成約価格情報,13212,東京都,日野市,高幡,高幡不動,3,44000000,３ＬＤＫ,80,2004年,ＲＣ,,,１中住専,,,2026年第1四半期,,
中古マンション等,成約価格情報,13212,東京都,日野市,大字日野,日野(東京),15,3400000,１Ｒ,20,1992年,ＲＣ,,,準工業,,,2026年第1四半期,,
中古マンション等,成約価格情報,13212,東京都,日野市,大字日野,甲州街道,7,28000000,４ＬＤＫ,105,1989年,ＲＣ,,,準工業,,,2026年第1四半期,,
中古マンション等,成約価格情報,13212,東京都,日野市,大字日野,日野(東京),18,60000000,４ＬＤＫ,90,2024年,ＲＣ,,,準工業,,,2026年第1四半期,,
中古マンション等,成約価格情報,13212,東京都,日野市,南平,南平,12,27000000,３ＬＤＫ,75,1996年,ＳＲＣ,,,２種住居,,,2026年第1四半期,,
中古マンション等,成約価格情報,13212,東京都,日野市,南平,南平,12,27000000,３ＬＤＫ,75,1996年,ＳＲＣ,,,２中住専,,,2026年第1四半期,,
中古マンション等,成約価格情報,13212,東京都,日野市,大坂上,日野(東京),8,22000000,２ＬＤＫ,65,1999年,ＲＣ,,,２中住専,,,2026年第1四半期,,
中古マンション等,成約価格情報,13212,東京都,日野市,万願寺,高幡不動,14,22000000,３ＬＤＫ,70,1994年,ＲＣ,,,準住居,,,2026年第1四半期,,
中古マンション等,成約価格情報,13212,東京都,日野市,万願寺,万願寺,10,28000000,３ＬＤＫ,70,1994年,ＲＣ,,,準住居,,,2026年第1四半期,,
中古マンション等,成約価格情報,13212,東京都,日野市,万願寺,万願寺,7,35000000,３ＬＤＫ,75,2021年,ＲＣ,,,１低住専,,,2026年第1四半期,,
中古マンション等,成約価格情報,13212,東京都,日野市,新井,高幡不動,15,26000000,３ＬＤＫ,70,1996年,ＲＣ,,,１低住専,,,2026年第1四半期,,
中古マンション等,不動産取引価格情報,13212,東京都,日野市,旭が丘,豊田,18,3700000,１Ｒ,15,1991年,ＲＣ,住宅,住宅,工業,60,200,2026年第1四半期,未改装,
中古マンション等,不動産取引価格情報,13212,東京都,日野市,旭が丘,豊田,18,19000000,１ＬＤＫ,50,2019年,ＲＣ,住宅,住宅,工業,60,200,2026年第1四半期,未改装,
中古マンション等,不動産取引価格情報,13212,東京都,日野市,落川,聖蹟桜ケ丘,13,30000000,２ＬＤＫ,50,1996年,ＲＣ,住宅,住宅,商業,80,400,2026年第1四半期,改装済み,
中古マンション等,不動産取引価格情報,13212,東京都,日野市,栄町,日野(東京),2,50000000,２ＬＤＫ,70,,ＳＲＣ,住宅,住宅,近隣商業,80,300,2026年第1四半期,改装済み,
中古マンション等,不動産取引価格情報,13212,東京都,日野市,神明,日野(東京),13,19000000,３ＬＤＫ,95,1981年,ＲＣ,住宅,住宅,１中住専,60,200,2026年第1四半期,改装済み,
中古マンション等,不動産取引価格情報,13212,東京都,日野市,多摩平,豊田,4,60000000,２ＬＤＫ,55,2025年,ＳＲＣ,住宅,住宅,商業,80,400,2026年第1四半期,未改装,
中古マンション等,不動産取引価格情報,13212,東京都,日野市,多摩平,豊田,4,18000000,２ＬＤＫ,50,1971年,ＲＣ,住宅,住宅,２中住専,60,200,2026年第1四半期,改装済み,
中古マンション等,不動産取引価格情報,13212,東京都,日野市,大字日野,甲州街道,6,41000000,３ＬＤＫ,75,2003年,ＲＣ,住宅,住宅,準工業,60,200,2026年第1四半期,改装済み,
中古マンション等,不動産取引価格情報,13212,東京都,日野市,万願寺,高幡不動,10,35000000,２ＬＤＫ,50,2018年,ＲＣ,住宅,住宅,２中住専,60,200,2026年第1四半期,未改装,
中古マンション等,不動産取引価格情報,13212,東京都,日野市,万願寺,万願寺,8,35000000,３ＬＤＫ,70,2009年,ＲＣ,住宅,住宅,１中住専,60,200,2026年第1四半期,未改装,
中古マンション等,不動産取引価格情報,13212,東京都,日野市,三沢,高幡不動,6,13000000,３ＬＤＫ,65,1973年,ＲＣ,住宅,住宅,１低住専,40,80,2026年第1四半期,未改装,
中古マンション等,不動産取引価格情報,13212,東京都,日野市,三沢,高幡不動,8,20000000,２ＬＤＫ,55,1986年,ＲＣ,住宅,住宅,２中住専,60,200,2026年第1四半期,改装済み,
中古マンション等,不動産取引価格情報,13212,東京都,日野市,三沢,高幡不動,10,16000000,３ＬＤＫ,55,1988年,ＲＣ,住宅,住宅,１低住専,30,60,2026年第1四半期,改装済み,
中古マンション等,不動産取引価格情報,13212,東京都,日野市,百草,百草園,12,5500000,３ＤＫ,55,1971年,ＲＣ,住宅,住宅,１低住専,40,80,2026年第1四半期,未改装,
中古マンション等,成約価格情報,13213,東京都,東村山市,恩多町,久米川,15,17000000,２ＬＤＫ,70,1980年,ＲＣ,,,１低住専,,,2026年第1四半期,,
中古マンション等,成約価格情報,13213,東京都,東村山市,恩多町,久米川,,21000000,４ＬＤＫ,85,2003年,ＲＣ,,,準工業,,,2026年第1四半期,,
中古マンション等,成約価格情報,13213,東京都,東村山市,青葉町,新秋津,,6400000,３ＤＫ,60,1976年,ＲＣ,,,１低住専,,,2026年第1四半期,,
中古マンション等,成約価格情報,13213,東京都,東村山市,栄町,久米川,4,32000000,３ＬＤＫ,75,1996年,ＲＣ,,,２種住居,,,2026年第1四半期,,
中古マンション等,成約価格情報,13213,東京都,東村山市,栄町,久米川,2,13000000,２ＤＫ,40,1983年,ＲＣ,,,商業,,,2026年第1四半期,改装済み,
中古マンション等,成約価格情報,13213,東京都,東村山市,栄町,久米川,4,41000000,３ＬＤＫ,65,1997年,ＳＲＣ,,,近隣商業,,,2026年第1四半期,,
中古マンション等,成約価格情報,13213,東京都,東村山市,栄町,久米川,4,29000000,２ＬＤＫ＋Ｓ,65,2006年,ＲＣ,,,商業,,,2026年第1四半期,,
中古マンション等,成約価格情報,13213,東京都,東村山市,栄町,久米川,7,15000000,１ＬＤＫ,35,1979年,ＲＣ,,,１中住専,,,2026年第1四半期,,
中古マンション等,成約価格情報,13213,東京都,東村山市,栄町,久米川,3,36000000,３ＬＤＫ,85,2005年,ＲＣ,,,近隣商業,,,2026年第1四半期,,
中古マンション等,成約価格情報,13213,東京都,東村山市,栄町,久米川,3,19000000,３ＬＤＫ＋Ｓ,75,1985年,ＲＣ,,,近隣商業,,,2026年第1四半期,,
中古マンション等,成約価格情報,13213,東京都,東村山市,栄町,久米川,3,30000000,２ＬＤＫ,60,2005年,ＲＣ,,,近隣商業,,,2026年第1四半期,,
中古マンション等,成約価格情報,13213,東京都,東村山市,栄町,久米川,3,35000000,２ＬＤＫ,65,2002年,ＲＣ,,,１種住居,,,2026年第1四半期,,
中古マンション等,成約価格情報,13213,東京都,東村山市,栄町,久米川,4,38000000,２ＬＤＫ＋Ｓ,65,2006年,ＲＣ,,,商業,,,2026年第1四半期,,
中古マンション等,成約価格情報,13213,東京都,東村山市,栄町,久米川,4,40000000,３ＬＤＫ,80,2004年,ＳＲＣ,,,２種住居,,,2026年第1四半期,,
中古マンション等,成約価格情報,13213,東京都,東村山市,本町,東村山,3,25000000,３ＬＤＫ,70,1999年,ＳＲＣ,,,近隣商業,,,2026年第1四半期,,
中古マンション等,成約価格情報,13213,東京都,東村山市,本町,久米川,6,7300000,２ＤＫ,45,1984年,ＲＣ,,,２種住居,,,2026年第1四半期,,
中古マンション等,成約価格情報,13213,東京都,東村山市,本町,東村山,5,29000000,３ＬＤＫ,70,2004年,ＲＣ,,,２中住専,,,2026年第1四半期,,
中古マンション等,成約価格情報,13213,東京都,東村山市,萩山町,久米川,7,40000000,１ＬＤＫ＋Ｓ,55,2022年,ＲＣ,,,１中住専,,,2026年第1四半期,,
中古マンション等,成約価格情報,13213,東京都,東村山市,萩山町,久米川,12,2700000,３ＤＫ,60,1968年,ＲＣ,,,１中住専,,,2026年第1四半期,,
中古マンション等,成約価格情報,13213,東京都,東村山市,萩山町,久米川,13,9500000,１ＬＤＫ,60,1968年,ＲＣ,,,１中住専,,,2026年第1四半期,,
中古マンション等,成約価格情報,13213,東京都,東村山市,萩山町,萩山,5,18000000,３ＬＤＫ,75,1988年,ＲＣ,,,１中住専,,,2026年第1四半期,,
中古マンション等,成約価格情報,13213,東京都,東村山市,萩山町,久米川,10,9300000,１ＬＤＫ,30,1983年,ＲＣ,,,１中住専,,,2026年第1四半期,,
中古マンション等,成約価格情報,13213,東京都,東村山市,萩山町,萩山,4,50000000,３ＬＤＫ,80,2009年,ＲＣ,,,１中住専,,,2026年第1四半期,,
中古マンション等,成約価格情報,13213,東京都,東村山市,富士見町,小川(東京),13,41000000,３ＬＤＫ,90,1998年,ＳＲＣ,,,１中住専,,,2026年第1四半期,,
中古マンション等,成約価格情報,13213,東京都,東村山市,富士見町,八坂(東京),7,26000000,３ＬＤＫ,60,1984年,ＲＣ,,,１種住居,,,2026年第1四半期,,
中古マンション等,成約価格情報,13213,東京都,東村山市,富士見町,小川(東京),11,37000000,３ＬＤＫ,70,2019年,ＲＣ,,,１中住専,,,2026年第1四半期,,
中古マンション等,成約価格情報,13213,東京都,東村山市,富士見町,小川(東京),15,38000000,４ＬＤＫ,85,2017年,ＲＣ,,,１中住専,,,2026年第1四半期,,
中古マンション等,成約価格情報,13213,東京都,東村山市,美住町,東村山,8,9900000,１ＤＫ＋Ｓ,40,1985年,ＲＣ,,,１中住専,,,2026年第1四半期,,
中古マンション等,成約価格情報,13213,東京都,東村山市,美住町,久米川,13,31000000,３ＬＤＫ,70,2008年,ＲＣ,,,１中住専,,,2026年第1四半期,,
中古マンション等,成約価格情報,13213,東京都,東村山市,美住町,八坂(東京),10,34000000,２ＬＤＫ,70,2008年,ＲＣ,,,１中住専,,,2026年第1四半期,,
中古マンション等,成約価格情報,13213,東京都,東村山市,美住町,久米川,13,35000000,３ＬＤＫ,70,2008年,ＲＣ,,,１中住専,,,2026年第1四半期,改装済み,
中古マンション等,不動産取引価格情報,13213,東京都,東村山市,秋津町,新秋津,14,11000000,２ＤＫ,40,1992年,ＳＲＣ,住宅,住宅,準工業,60,200,2026年第1四半期,未改装,
中古マンション等,不動産取引価格情報,13213,東京都,東村山市,栄町,久米川,3,19000000,２ＬＤＫ,50,1974年,ＳＲＣ,住宅,住宅,商業,80,400,2026年第1四半期,改装済み,
中古マンション等,不動産取引価格情報,13213,東京都,東村山市,栄町,久米川,3,36000000,,80,2005年,ＲＣ,,住宅,近隣商業,80,200,2026年第1四半期,,
中古マンション等,不動産取引価格情報,13213,東京都,東村山市,栄町,久米川,8,21000000,２ＬＤＫ,40,1979年,ＲＣ,住宅,住宅,１中住専,60,200,2026年第1四半期,改装済み,
中古マンション等,不動産取引価格情報,13213,東京都,東村山市,栄町,八坂(東京),3,2500000,１ＤＫ,35,1988年,ＲＣ,,住宅,近隣商業,80,400,2026年第1四半期,未改装,
中古マンション等,不動産取引価格情報,13213,東京都,東村山市,富士見町,小川(東京),12,45000000,,70,2019年,ＲＣ,住宅,住宅,１中住専,60,200,2026年第1四半期,改装済み,
中古マンション等,不動産取引価格情報,13213,東京都,東村山市,富士見町,小川(東京),13,35000000,３ＬＤＫ,70,1996年,ＳＲＣ,住宅,住宅,１中住専,60,200,2026年第1四半期,改装済み,
中古マンション等,不動産取引価格情報,13213,東京都,東村山市,本町,東村山,3,25000000,,65,1999年,,,住宅,商業,80,400,2026年第1四半期,未改装,
中古マンション等,成約価格情報,13214,東京都,国分寺市,泉町,西国分寺,6,60000000,３ＬＤＫ,70,2000年,ＲＣ,,,１種住居,,,2026年第1四半期,,
中古マンション等,成約価格情報,13214,東京都,国分寺市,泉町,西国分寺,1,48000000,３ＬＤＫ,80,1990年,ＳＲＣ,,,商業,,,2026年第1四半期,,
中古マンション等,成約価格情報,13214,東京都,国分寺市,泉町,西国分寺,9,90000000,４ＬＤＫ,85,2012年,ＲＣ,,,１種住居,,,2026年第1四半期,,
中古マンション等,成約価格情報,13214,東京都,国分寺市,泉町,西国分寺,6,33000000,３ＬＤＫ,75,1983年,ＲＣ,,,１中住専,,,2026年第1四半期,,
中古マンション等,成約価格情報,13214,東京都,国分寺市,戸倉,恋ケ窪,3,23000000,３ＤＫ,70,1985年,ＲＣ,,,２種住居,,,2026年第1四半期,,
中古マンション等,成約価格情報,13214,東京都,国分寺市,東恋ケ窪,西国分寺,14,39000000,３ＬＤＫ,75,1984年,ＲＣ,,,準工業,,,2026年第1四半期,,
中古マンション等,成約価格情報,13214,東京都,国分寺市,東恋ケ窪,恋ケ窪,9,37000000,２ＬＤＫ＋Ｓ,70,2013年,ＲＣ,,,準工業,,,2026年第1四半期,,
中古マンション等,成約価格情報,13214,東京都,国分寺市,東恋ケ窪,国分寺,11,49000000,２ＬＤＫ＋Ｓ,70,2010年,ＲＣ,,,１中住専,,,2026年第1四半期,,
中古マンション等,成約価格情報,13214,東京都,国分寺市,東恋ケ窪,西国分寺,10,50000000,２ＬＤＫ＋Ｓ,70,1989年,ＲＣ,,,１種住居,,,2026年第1四半期,,
中古マンション等,成約価格情報,13214,東京都,国分寺市,東恋ケ窪,恋ケ窪,13,47000000,３ＬＤＫ,75,1995年,ＲＣ,,,１種住居,,,2026年第1四半期,改装済み,
中古マンション等,成約価格情報,13214,東京都,国分寺市,東恋ケ窪,国分寺,8,74000000,２ＬＤＫ,80,2001年,ＳＲＣ,,,１中住専,,,2026年第1四半期,,
中古マンション等,成約価格情報,13214,東京都,国分寺市,東恋ケ窪,国分寺,13,67000000,３ＬＤＫ,75,2018年,ＲＣ,,,準工業,,,2026年第1四半期,,
中古マンション等,成約価格情報,13214,東京都,国分寺市,東恋ケ窪,国分寺,13,70000000,３ＬＤＫ,75,2018年,ＲＣ,,,準工業,,,2026年第1四半期,,
中古マンション等,成約価格情報,13214,東京都,国分寺市,東恋ケ窪,国分寺,8,71000000,２ＬＤＫ,75,2001年,ＳＲＣ,,,１中住専,,,2026年第1四半期,,
中古マンション等,成約価格情報,13214,東京都,国分寺市,東恋ケ窪,国分寺,16,23000000,３ＬＤＫ,65,1996年,ＲＣ,,,１種住居,,,2026年第1四半期,,
中古マンション等,成約価格情報,13214,東京都,国分寺市,東恋ケ窪,西国分寺,13,44000000,３ＬＤＫ,70,2007年,ＲＣ,,,１種住居,,,2026年第1四半期,,
中古マンション等,成約価格情報,13214,東京都,国分寺市,東恋ケ窪,西国分寺,11,83000000,４ＬＤＫ,90,2018年,ＲＣ,,,準工業,,,2026年第1四半期,,
中古マンション等,成約価格情報,13214,東京都,国分寺市,西恋ケ窪,西国分寺,6,45000000,２ＬＤＫ,55,2003年,ＲＣ,,,１種住居,,,2026年第1四半期,,
中古マンション等,成約価格情報,13214,東京都,国分寺市,西町,国立,18,34000000,３ＬＤＫ,65,1993年,ＲＣ,,,２中住専,,,2026年第1四半期,,
中古マンション等,成約価格情報,13214,東京都,国分寺市,西町,国立,19,26000000,３ＬＤＫ,70,1995年,ＲＣ,,,２中住専,,,2026年第1四半期,,
中古マンション等,成約価格情報,13214,東京都,国分寺市,西町,国立,,8300000,３Ｋ,50,1965年,ＲＣ,,,１中住専,,,2026年第1四半期,,
中古マンション等,成約価格情報,13214,東京都,国分寺市,西町,国立,,59000000,２ＬＤＫ,65,2019年,ＲＣ,,,１中住専,,,2026年第1四半期,,
中古マンション等,成約価格情報,13214,東京都,国分寺市,西町,国立,22,43000000,１ＬＤＫ,50,2019年,ＲＣ,,,１中住専,,,2026年第1四半期,,
中古マンション等,成約価格情報,13214,東京都,国分寺市,西町,国立,22,53000000,２ＬＤＫ,60,2019年,ＳＲＣ,,,１中住専,,,2026年第1四半期,,
中古マンション等,成約価格情報,13214,東京都,国分寺市,西元町,西国分寺,9,78000000,３ＬＤＫ,80,2011年,ＲＣ,,,１中住専,,,2026年第1四半期,,
中古マンション等,成約価格情報,13214,東京都,国分寺市,日吉町,国立,12,75000000,２ＬＤＫ＋Ｓ,130,1989年,ＲＣ,,,１低住専,,,2026年第1四半期,,
中古マンション等,成約価格情報,13214,東京都,国分寺市,本多,国分寺,7,26000000,３ＤＫ,60,1977年,,,,２種住居,,,2026年第1四半期,,
中古マンション等,成約価格情報,13214,東京都,国分寺市,本多,国分寺,9,40000000,２ＬＤＫ,60,1996年,ＳＲＣ,,,商業,,,2026年第1四半期,改装済み,
中古マンション等,成約価格情報,13214,東京都,国分寺市,本多,国分寺,12,40000000,３ＬＤＫ,75,1991年,ＲＣ,,,１種住居,,,2026年第1四半期,改装済み,
中古マンション等,成約価格情報,13214,東京都,国分寺市,本町,国分寺,5,36000000,１ＬＤＫ,35,2017年,ＲＣ,,,商業,,,2026年第1四半期,,
中古マンション等,成約価格情報,13214,東京都,国分寺市,本町,国分寺,4,38000000,３ＬＤＫ,75,1978年,ＲＣ,,,近隣商業,,,2026年第1四半期,改装済み,
中古マンション等,成約価格情報,13214,東京都,国分寺市,本町,国分寺,1,77000000,３ＬＤＫ,75,2001年,ＲＣ,,,商業,,,2026年第1四半期,,
中古マンション等,成約価格情報,13214,東京都,国分寺市,本町,国分寺,1,88000000,２ＬＤＫ,60,2018年,ＲＣ,,,商業,,,2026年第1四半期,,
中古マンション等,成約価格情報,13214,東京都,国分寺市,本町,国分寺,3,61000000,３ＬＤＫ,75,1999年,ＳＲＣ,,,商業,,,2026年第1四半期,,
中古マンション等,成約価格情報,13214,東京都,国分寺市,本町,国分寺,1,130000000,３ＬＤＫ,80,2018年,ＲＣ,,,商業,,,2026年第1四半期,,
中古マンション等,成約価格情報,13214,東京都,国分寺市,本町,国分寺,1,130000000,３ＬＤＫ,75,2018年,ＲＣ,,,商業,,,2026年第1四半期,,
中古マンション等,成約価格情報,13214,東京都,国分寺市,本町,国分寺,1,150000000,３ＬＤＫ,80,2018年,ＲＣ,,,商業,,,2026年第1四半期,,
中古マンション等,成約価格情報,13214,東京都,国分寺市,本町,国分寺,1,90000000,２ＬＤＫ,60,2018年,ＲＣ,,,商業,,,2026年第1四半期,,
中古マンション等,成約価格情報,13214,東京都,国分寺市,本町,国分寺,1,120000000,３ＬＤＫ,70,2018年,ＲＣ,,,商業,,,2026年第1四半期,,
中古マンション等,成約価格情報,13214,東京都,国分寺市,南町,国分寺,5,76000000,２ＬＤＫ,90,2010年,ＳＲＣ,,,１中住専,,,2026年第1四半期,,
中古マンション等,成約価格情報,13214,東京都,国分寺市,南町,国分寺,5,54000000,３ＬＤＫ,70,1997年,ＲＣ,,,１種住居,,,2026年第1四半期,,
中古マンション等,不動産取引価格情報,13214,東京都,国分寺市,泉町,西国分寺,7,49000000,３ＬＤＫ,75,1984年,ＲＣ,住宅,住宅,１中住専,60,200,2026年第1四半期,改装済み,
中古マンション等,不動産取引価格情報,13214,東京都,国分寺市,西恋ケ窪,西国分寺,8,42000000,３ＬＤＫ,65,2004年,ＲＣ,,住宅,１種住居,60,200,2026年第1四半期,,
中古マンション等,不動産取引価格情報,13214,東京都,国分寺市,西恋ケ窪,西国分寺,8,55000000,３ＬＤＫ,65,2004年,ＲＣ,住宅,住宅,１種住居,60,200,2026年第1四半期,改装済み,
中古マンション等,不動産取引価格情報,13214,東京都,国分寺市,西町,国立,21,53000000,２ＤＫ,55,2019年,ＲＣ,,住宅,１中住専,60,200,2026年第1四半期,,
中古マンション等,不動産取引価格情報,13214,東京都,国分寺市,西町,国立,21,53000000,２ＬＤＫ,60,2019年,ＲＣ,,住宅,１中住専,60,200,2026年第1四半期,未改装,
中古マンション等,不動産取引価格情報,13214,東京都,国分寺市,西町,国立,21,45000000,２ＬＤＫ,50,2019年,ＲＣ,住宅,住宅,１中住専,60,200,2026年第1四半期,改装済み,
中古マンション等,不動産取引価格情報,13214,東京都,国分寺市,西町,国立,21,59000000,２ＬＤＫ,60,2019年,ＲＣ,,住宅,１中住専,60,200,2026年第1四半期,未改装,
中古マンション等,不動産取引価格情報,13214,東京都,国分寺市,西町,国立,30分～60分,8300000,,50,1965年,ＲＣ,,住宅,１中住専,60,200,2026年第1四半期,,
中古マンション等,不動産取引価格情報,13214,東京都,国分寺市,西元町,国分寺,12,74000000,３ＬＤＫ,80,2005年,ＲＣ,,住宅,準工業,60,200,2026年第1四半期,,
中古マンション等,不動産取引価格情報,13214,東京都,国分寺市,東恋ケ窪,恋ケ窪,10,39000000,３ＬＤＫ,75,2007年,ＲＣ,住宅,住宅,１種住居,60,200,2026年第1四半期,未改装,
中古マンション等,不動産取引価格情報,13214,東京都,国分寺市,東恋ケ窪,恋ケ窪,8,38000000,３ＬＤＫ,70,1987年,ＲＣ,住宅,住宅,準工業,60,200,2026年第1四半期,改装済み,
中古マンション等,不動産取引価格情報,13214,東京都,国分寺市,日吉町,西国分寺,10,70000000,３ＬＤＫ,60,2023年,ＲＣ,,住宅,１低住専,40,80,2026年第1四半期,未改装,
中古マンション等,不動産取引価格情報,13214,東京都,国分寺市,本多,国分寺,6,32000000,２ＬＤＫ＋Ｓ,60,1999年,ＲＣ,,住宅,１中住専,60,200,2026年第1四半期,,
中古マンション等,不動産取引価格情報,13214,東京都,国分寺市,本多,国分寺,13,26000000,３ＬＤＫ,70,1991年,ＲＣ,住宅,住宅,１種住居,60,200,2026年第1四半期,未改装,
中古マンション等,不動産取引価格情報,13214,東京都,国分寺市,本町,国分寺,3,61000000,３ＬＤＫ,70,1999年,ＳＲＣ,住宅,住宅,商業,80,500,2026年第1四半期,未改装,
中古マンション等,不動産取引価格情報,13214,東京都,国分寺市,本町,国分寺,4,38000000,３ＬＤＫ,65,1978年,ＲＣ,住宅,住宅,商業,80,400,2026年第1四半期,改装済み,
中古マンション等,不動産取引価格情報,13214,東京都,国分寺市,南町,国分寺,3,35000000,１ＬＤＫ,40,1984年,ＳＲＣ,,住宅,商業,80,500,2026年第1四半期,改装済み,
中古マンション等,不動産取引価格情報,13214,東京都,国分寺市,南町,国分寺,5,77000000,２ＬＤＫ,85,2010年,ＲＣ,,住宅,１中住専,60,200,2026年第1四半期,未改装,
中古マンション等,成約価格情報,13215,東京都,国立市,東,国立,6,30000000,１ＬＤＫ,65,1982年,ＲＣ,,,近隣商業,,,2026年第1四半期,,
中古マンション等,成約価格情報,13215,東京都,国立市,東,国立,3,54000000,１ＬＤＫ＋Ｓ,65,2005年,ＲＣ,,,近隣商業,,,2026年第1四半期,,
中古マンション等,成約価格情報,13215,東京都,国立市,東,国立,1,68000000,２ＬＤＫ＋Ｓ,70,2001年,ＳＲＣ,,,商業,,,2026年第1四半期,,
中古マンション等,成約価格情報,13215,東京都,国立市,東,国立,3,57000000,２ＬＤＫ,70,2009年,ＲＣ,,,近隣商業,,,2026年第1四半期,,
中古マンション等,成約価格情報,13215,東京都,国立市,東,国立,4,70000000,２ＬＤＫ,65,1997年,ＳＲＣ,,,商業,,,2026年第1四半期,,
中古マンション等,成約価格情報,13215,東京都,国立市,東,国立,4,54000000,２ＬＤＫ＋Ｓ,75,1997年,ＳＲＣ,,,商業,,,2026年第1四半期,,
中古マンション等,成約価格情報,13215,東京都,国立市,東,国立,3,62000000,２ＬＤＫ,65,2001年,ＲＣ,,,商業,,,2026年第1四半期,,
中古マンション等,成約価格情報,13215,東京都,国立市,青柳,矢川,10,30000000,３ＬＤＫ,75,1990年,ＲＣ,,,準工業,,,2026年第1四半期,,
中古マンション等,成約価格情報,13215,東京都,国立市,青柳,西国立,18,21000000,３ＬＤＫ,70,1991年,ＲＣ,,,準工業,,,2026年第1四半期,,
中古マンション等,成約価格情報,13215,東京都,国立市,青柳,西国立,17,21000000,２ＬＤＫ,55,1992年,ＲＣ,,,準工業,,,2026年第1四半期,,
中古マンション等,成約価格情報,13215,東京都,国立市,中,国立,6,50000000,２ＬＤＫ,45,2022年,ＲＣ,,,２中住専,,,2026年第1四半期,,
中古マンション等,成約価格情報,13215,東京都,国立市,中,国立,2,46000000,２ＬＤＫ,60,1996年,ＳＲＣ,,,商業,,,2026年第1四半期,,
中古マンション等,成約価格情報,13215,東京都,国立市,中,国立,9,40000000,２ＬＤＫ,65,1988年,ＲＣ,,,近隣商業,,,2026年第1四半期,,
中古マンション等,成約価格情報,13215,東京都,国立市,中,国立,4,29000000,１ＤＫ,40,2001年,ＳＲＣ,,,商業,,,2026年第1四半期,,
中古マンション等,成約価格情報,13215,東京都,国立市,北,国立,3,63000000,３ＬＤＫ,70,2000年,ＲＣ,,,近隣商業,,,2026年第1四半期,,
中古マンション等,成約価格情報,13215,東京都,国立市,北,国立,1,61000000,１ＬＤＫ,70,1997年,ＳＲＣ,,,近隣商業,,,2026年第1四半期,,
中古マンション等,成約価格情報,13215,東京都,国立市,北,国立,1,65000000,２ＬＤＫ,75,2003年,ＳＲＣ,,,近隣商業,,,2026年第1四半期,,
中古マンション等,成約価格情報,13215,東京都,国立市,北,国立,4,54000000,２ＬＤＫ,60,2000年,ＲＣ,,,１低住専,,,2026年第1四半期,,
中古マンション等,成約価格情報,13215,東京都,国立市,西,国立,16,52000000,３ＬＤＫ,85,2008年,ＲＣ,,,２中住専,,,2026年第1四半期,,
中古マンション等,成約価格情報,13215,東京都,国立市,富士見台,矢川,1,15000000,１Ｋ,25,2007年,ＲＣ,,,近隣商業,,,2026年第1四半期,,
中古マンション等,成約価格情報,13215,東京都,国立市,富士見台,国立,18,72000000,４ＬＤＫ,80,2015年,ＲＣ,,,２中住専,,,2026年第1四半期,,
中古マンション等,成約価格情報,13215,東京都,国立市,富士見台,矢川,8,45000000,３ＬＤＫ,85,1999年,ＳＲＣ,,,１中住専,,,2026年第1四半期,,
中古マンション等,成約価格情報,13215,東京都,国立市,富士見台,谷保,8,50000000,３ＬＤＫ,70,2015年,ＲＣ,,,２中住専,,,2026年第1四半期,,
中古マンション等,成約価格情報,13215,東京都,国立市,富士見台,矢川,7,44000000,３ＬＤＫ,75,1999年,ＳＲＣ,,,１中住専,,,2026年第1四半期,,
中古マンション等,成約価格情報,13215,東京都,国立市,富士見台,矢川,6,48000000,３ＬＤＫ,65,2013年,ＲＣ,,,１中住専,,,2026年第1四半期,,
中古マンション等,成約価格情報,13215,東京都,国立市,富士見台,国立,22,53000000,２ＬＤＫ,60,2026年,ＲＣ,,,１中住専,,,2026年第1四半期,,
中古マンション等,成約価格情報,13215,東京都,国立市,富士見台,矢川,8,15000000,２ＤＫ,50,1977年,ＲＣ,,,１中住専,,,2026年第1四半期,,
中古マンション等,不動産取引価格情報,13215,東京都,国立市,青柳,矢川,19,24000000,３ＬＤＫ,65,1991年,ＲＣ,住宅,住宅,準工業,60,200,2026年第1四半期,改装済み,
中古マンション等,不動産取引価格情報,13215,東京都,国立市,北,国立,3,63000000,,65,2000年,ＲＣ,住宅,住宅,近隣商業,80,400,2026年第1四半期,,
中古マンション等,不動産取引価格情報,13215,東京都,国立市,西,国立,15,53000000,３ＬＤＫ,70,1994年,ＲＣ,住宅,住宅,近隣商業,80,300,2026年第1四半期,改装済み,
中古マンション等,不動産取引価格情報,13215,東京都,国立市,東,国立,2,27000000,１ＬＤＫ,40,1985年,ＲＣ,住宅,住宅,近隣商業,80,300,2026年第1四半期,改装済み,
中古マンション等,不動産取引価格情報,13215,東京都,国立市,東,国立,4,69000000,２ＬＤＫ,60,1997年,ＳＲＣ,住宅,住宅,商業,80,600,2026年第1四半期,改装済み,
中古マンション等,不動産取引価格情報,13215,東京都,国立市,東,国立,2,73000000,２ＬＤＫ,65,2014年,ＲＣ,住宅,住宅,近隣商業,80,400,2026年第1四半期,改装済み,
中古マンション等,不動産取引価格情報,13215,東京都,国立市,東,国立,2,59000000,,55,2008年,ＲＣ,,その他,,,,2026年第1四半期,未改装,
中古マンション等,不動産取引価格情報,13215,東京都,国立市,富士見台,矢川,10,22000000,２ＬＤＫ,45,1977年,ＲＣ,住宅,住宅,１種住居,60,300,2026年第1四半期,改装済み,
中古マンション等,不動産取引価格情報,13215,東京都,国立市,富士見台,矢川,6,48000000,３ＬＤＫ,60,2013年,ＲＣ,住宅,住宅,１種住居,60,300,2026年第1四半期,未改装,
中古マンション等,成約価格情報,13218,東京都,福生市,大字熊川,拝島,4,8500000,１ＬＤＫ,40,1978年,ＲＣ,,,近隣商業,,,2026年第1四半期,,
中古マンション等,成約価格情報,13218,東京都,福生市,志茂,福生,7,23000000,３ＬＤＫ,70,2002年,ＳＲＣ,,,商業,,,2026年第1四半期,,
中古マンション等,成約価格情報,13218,東京都,福生市,大字福生,福生,2,28000000,３ＬＤＫ,80,1998年,ＲＣ,,,近隣商業,,,2026年第1四半期,,
中古マンション等,成約価格情報,13218,東京都,福生市,本町,福生,3,19000000,３ＬＤＫ,55,2002年,ＲＣ,,,商業,,,2026年第1四半期,,
中古マンション等,成約価格情報,13218,東京都,福生市,本町,福生,7,25000000,４ＬＤＫ,80,2001年,ＲＣ,,,商業,,,2026年第1四半期,,
中古マンション等,成約価格情報,13218,東京都,福生市,武蔵野台,福生,13,13000000,３ＬＤＫ,60,1993年,ＲＣ,,,準工業,,,2026年第1四半期,,
中古マンション等,成約価格情報,13218,東京都,福生市,武蔵野台,福生,11,4000000,１Ｋ,20,1988年,ＲＣ,,,１中住専,,,2026年第1四半期,改装済み,
中古マンション等,成約価格情報,13218,東京都,福生市,武蔵野台,福生,15,16000000,３ＬＤＫ,85,1987年,ＲＣ,,,準工業,,,2026年第1四半期,,
中古マンション等,成約価格情報,13218,東京都,福生市,牛浜,牛浜,3,6600000,３ＤＫ,50,1986年,ＲＣ,,,近隣商業,,,2026年第1四半期,,
中古マンション等,成約価格情報,13218,東京都,福生市,牛浜,牛浜,2,4000000,１Ｋ,20,1989年,ＲＣ,,,２種住居,,,2026年第1四半期,,
中古マンション等,成約価格情報,13218,東京都,福生市,加美平,福生,5,32000000,４ＬＤＫ,90,2008年,ＲＣ,,,１中住専,,,2026年第1四半期,,
中古マンション等,成約価格情報,13218,東京都,福生市,北田園,福生,14,17000000,３ＬＤＫ,70,1999年,ＲＣ,,,１中住専,,,2026年第1四半期,,
中古マンション等,成約価格情報,13218,東京都,福生市,東町,福生,2,25000000,３ＬＤＫ,65,1997年,ＳＲＣ,,,商業,,,2026年第1四半期,,
中古マンション等,成約価格情報,13218,東京都,福生市,東町,福生,1,24000000,２ＬＤＫ＋Ｓ,70,1997年,ＳＲＣ,,,商業,,,2026年第1四半期,,
中古マンション等,不動産取引価格情報,13218,東京都,福生市,志茂,福生,8,23000000,３ＬＤＫ,65,2002年,ＳＲＣ,,住宅,商業,80,400,2026年第1四半期,改装済み,
中古マンション等,不動産取引価格情報,13218,東京都,福生市,東町,福生,1,29000000,２ＬＤＫ,55,1997年,ＳＲＣ,住宅,住宅,商業,80,500,2026年第1四半期,改装済み,
中古マンション等,不動産取引価格情報,13218,東京都,福生市,大字福生,福生,2,34000000,３ＬＤＫ,75,1998年,ＲＣ,住宅,住宅,近隣商業,80,300,2026年第1四半期,未改装,
中古マンション等,成約価格情報,13219,東京都,狛江市,岩戸北,喜多見,9,79000000,３ＬＤＫ,70,2020年,ＲＣ,,,準工業,,,2026年第1四半期,,
中古マンション等,成約価格情報,13219,東京都,狛江市,岩戸北,喜多見,6,20000000,１ＤＫ,55,1981年,ＲＣ,,,１種住居,,,2026年第1四半期,,
中古マンション等,成約価格情報,13219,東京都,狛江市,岩戸北,喜多見,7,91000000,３ＬＤＫ,80,2017年,ＲＣ,,,１中住専,,,2026年第1四半期,,
中古マンション等,成約価格情報,13219,東京都,狛江市,岩戸北,喜多見,4,100000000,３ＬＤＫ,80,2015年,ＲＣ,,,１中住専,,,2026年第1四半期,,
中古マンション等,成約価格情報,13219,東京都,狛江市,岩戸北,喜多見,7,83000000,３ＬＤＫ＋Ｓ,70,2017年,ＲＣ,,,１中住専,,,2026年第1四半期,,
中古マンション等,成約価格情報,13219,東京都,狛江市,岩戸北,喜多見,7,120000000,４ＬＤＫ＋Ｓ,95,2017年,ＲＣ,,,１中住専,,,2026年第1四半期,,
中古マンション等,成約価格情報,13219,東京都,狛江市,岩戸北,狛江,9,23000000,２ＬＤＫ,45,1972年,鉄骨造,,,１種住居,,,2026年第1四半期,,
中古マンション等,成約価格情報,13219,東京都,狛江市,岩戸南,狛江,8,74000000,３ＬＤＫ＋Ｓ,95,2003年,ＲＣ,,,１種住居,,,2026年第1四半期,,
中古マンション等,成約価格情報,13219,東京都,狛江市,岩戸南,狛江,8,17000000,３ＤＫ,50,1984年,ＲＣ,,,１種住居,,,2026年第1四半期,,
中古マンション等,成約価格情報,13219,東京都,狛江市,岩戸南,喜多見,23,44000000,３ＬＤＫ,80,2002年,ＲＣ,,,１低住専,,,2026年第1四半期,改装済み,
中古マンション等,成約価格情報,13219,東京都,狛江市,中和泉,狛江,8,50000000,２ＬＤＫ,85,2015年,軽量鉄骨造,,,１種住居,,,2026年第1四半期,,
中古マンション等,成約価格情報,13219,東京都,狛江市,中和泉,国領,12,51000000,３ＬＤＫ,65,1995年,ＲＣ,,,近隣商業,,,2026年第1四半期,,
中古マンション等,成約価格情報,13219,東京都,狛江市,西野川,つつじケ丘,18,41000000,３ＬＤＫ,90,2000年,ＲＣ,,,１低住専,,,2026年第1四半期,,
中古マンション等,成約価格情報,13219,東京都,狛江市,東和泉,狛江,4,32000000,３ＤＫ,60,1981年,ＲＣ,,,１中住専,,,2026年第1四半期,,
中古マンション等,成約価格情報,13219,東京都,狛江市,東和泉,和泉多摩川,2,56000000,３ＬＤＫ,75,1987年,ＲＣ,,,１中住専,,,2026年第1四半期,,
中古マンション等,成約価格情報,13219,東京都,狛江市,東野川,喜多見,12,59000000,３ＬＤＫ,75,2004年,ＲＣ,,,１低住専,,,2026年第1四半期,,
中古マンション等,成約価格情報,13219,東京都,狛江市,東野川,喜多見,15,63000000,３ＬＤＫ,70,2014年,ＲＣ,,,２中住専,,,2026年第1四半期,,
中古マンション等,成約価格情報,13219,東京都,狛江市,東野川,喜多見,18,20000000,３ＬＤＫ,65,1973年,ＳＲＣ,,,１中住専,,,2026年第1四半期,,
中古マンション等,成約価格情報,13219,東京都,狛江市,東野川,喜多見,15,61000000,３ＬＤＫ,70,2014年,ＲＣ,,,２中住専,,,2026年第1四半期,,
中古マンション等,成約価格情報,13219,東京都,狛江市,和泉本町,狛江,6,29000000,１ＬＤＫ＋Ｓ,65,1981年,ＳＲＣ,,,準工業,,,2026年第1四半期,,
中古マンション等,成約価格情報,13219,東京都,狛江市,和泉本町,狛江,16,15000000,１Ｒ,45,1982年,ＲＣ,,,近隣商業,,,2026年第1四半期,,
中古マンション等,成約価格情報,13219,東京都,狛江市,和泉本町,狛江,9,26000000,２ＤＫ＋Ｓ,55,1973年,ＲＣ,,,１中住専,,,2026年第1四半期,,
中古マンション等,成約価格情報,13219,東京都,狛江市,和泉本町,狛江,5,55000000,２ＬＤＫ,65,1985年,,,,準工業,,,2026年第1四半期,改装済み,
中古マンション等,成約価格情報,13219,東京都,狛江市,和泉本町,狛江,6,46000000,３ＬＤＫ＋Ｓ,90,1981年,ＳＲＣ,,,準工業,,,2026年第1四半期,,
中古マンション等,成約価格情報,13219,東京都,狛江市,和泉本町,喜多見,10,25000000,２ＬＤＫ,55,1973年,ＲＣ,,,準工業,,,2026年第1四半期,,
中古マンション等,成約価格情報,13219,東京都,狛江市,和泉本町,狛江,9,55000000,２ＬＤＫ,65,2017年,ＲＣ,,,準工業,,,2026年第1四半期,,
中古マンション等,成約価格情報,13219,東京都,狛江市,猪方,和泉多摩川,11,45000000,２ＬＤＫ,65,2005年,ＲＣ,,,１低住専,,,2026年第1四半期,,
中古マンション等,不動産取引価格情報,13219,東京都,狛江市,岩戸北,喜多見,5,22000000,１Ｋ,20,2012年,ＲＣ,住宅,住宅,１種住居,60,200,2026年第1四半期,未改装,
中古マンション等,不動産取引価格情報,13219,東京都,狛江市,岩戸南,喜多見,10,23000000,２ＬＤＫ,45,1971年,鉄骨造,住宅,住宅,１種住居,60,200,2026年第1四半期,改装済み,
中古マンション等,不動産取引価格情報,13219,東京都,狛江市,岩戸南,狛江,9,49000000,２ＬＤＫ,55,1994年,ＲＣ,住宅,住宅,１種住居,60,200,2026年第1四半期,改装済み,
中古マンション等,成約価格情報,13220,東京都,東大和市,蔵敷,上北台,8,9500000,２ＬＤＫ,60,1971年,ＲＣ,,,１中住専,,,2026年第1四半期,,
中古マンション等,成約価格情報,13220,東京都,東大和市,上北台,桜街道,2,31000000,３ＬＤＫ,75,2002年,ＳＲＣ,,,工業,,,2026年第1四半期,,
中古マンション等,成約価格情報,13220,東京都,東大和市,桜が丘,東大和市,8,16000000,３ＬＤＫ,60,1982年,ＲＣ,,,１種住居,,,2026年第1四半期,,
中古マンション等,成約価格情報,13220,東京都,東大和市,桜が丘,玉川上水,7,49000000,４ＬＤＫ,90,2013年,ＲＣ,,,準工業,,,2026年第1四半期,,
中古マンション等,成約価格情報,13220,東京都,東大和市,桜が丘,東大和市,5,42000000,４ＬＤＫ,90,2007年,ＲＣ,,,１中住専,,,2026年第1四半期,,
中古マンション等,成約価格情報,13220,東京都,東大和市,桜が丘,東大和市,6,40000000,４ＬＤＫ,90,2006年,ＲＣ,,,１中住専,,,2026年第1四半期,,
中古マンション等,成約価格情報,13220,東京都,東大和市,桜が丘,東大和市,4,30000000,２ＬＤＫ＋Ｓ,70,1996年,ＳＲＣ,,,近隣商業,,,2026年第1四半期,,
中古マンション等,成約価格情報,13220,東京都,東大和市,桜が丘,玉川上水,10,47000000,３ＬＤＫ,80,2005年,ＲＣ,,,工業,,,2026年第1四半期,,
中古マンション等,成約価格情報,13220,東京都,東大和市,桜が丘,桜街道,3,31000000,３ＬＤＫ,65,2005年,ＲＣ,,,工業,,,2026年第1四半期,,
中古マンション等,成約価格情報,13220,東京都,東大和市,桜が丘,玉川上水,5,39000000,３ＬＤＫ,75,2012年,ＲＣ,,,工業,,,2026年第1四半期,,
中古マンション等,成約価格情報,13220,東京都,東大和市,桜が丘,東大和市,8,17000000,１ＬＤＫ,50,1980年,ＲＣ,,,１種住居,,,2026年第1四半期,,
中古マンション等,成約価格情報,13220,東京都,東大和市,桜が丘,東大和市,4,33000000,３ＬＤＫ,75,2007年,ＲＣ,,,１中住専,,,2026年第1四半期,,
中古マンション等,成約価格情報,13220,東京都,東大和市,立野,桜街道,13,17000000,３ＬＤＫ,70,1996年,ＲＣ,,,２低住専,,,2026年第1四半期,,
中古マンション等,成約価格情報,13220,東京都,東大和市,立野,桜街道,12,12000000,３ＤＫ,50,1989年,ＲＣ,,,工業,,,2026年第1四半期,,
中古マンション等,成約価格情報,13220,東京都,東大和市,立野,桜街道,10,25000000,３ＬＤＫ,75,1986年,ＲＣ,,,１種住居,,,2026年第1四半期,,
中古マンション等,成約価格情報,13220,東京都,東大和市,立野,桜街道,10,13000000,２ＬＤＫ,70,1979年,ＲＣ,,,１種住居,,,2026年第1四半期,,
中古マンション等,不動産取引価格情報,13220,東京都,東大和市,立野,桜街道,0,38000000,３ＬＤＫ,60,1999年,ＲＣ,住宅,住宅,工業,60,200,2026年第1四半期,改装済み,
中古マンション等,成約価格情報,13221,東京都,清瀬市,旭が丘,清瀬,,3500000,３ＤＫ,55,1967年,ＲＣ,,,１中住専,,,2026年第1四半期,,
中古マンション等,成約価格情報,13221,東京都,清瀬市,旭が丘,清瀬,,5800000,３ＬＤＫ,70,1967年,ＲＣ,,,１中住専,,,2026年第1四半期,,
中古マンション等,成約価格情報,13221,東京都,清瀬市,梅園,秋津,8,31000000,３ＬＤＫ,70,2008年,ＲＣ,,,１中住専,,,2026年第1四半期,,
中古マンション等,成約価格情報,13221,東京都,清瀬市,梅園,秋津,10,34000000,３ＬＤＫ,80,2008年,ＲＣ,,,１中住専,,,2026年第1四半期,,
中古マンション等,成約価格情報,13221,東京都,清瀬市,元町,清瀬,3,42000000,２ＬＤＫ,65,2013年,ＲＣ,,,商業,,,2026年第1四半期,,
中古マンション等,成約価格情報,13221,東京都,清瀬市,元町,清瀬,6,43000000,３ＬＤＫ,65,2016年,ＲＣ,,,商業,,,2026年第1四半期,,
中古マンション等,成約価格情報,13221,東京都,清瀬市,元町,清瀬,3,41000000,２ＬＤＫ,65,1998年,ＳＲＣ,,,商業,,,2026年第1四半期,,
中古マンション等,成約価格情報,13221,東京都,清瀬市,元町,清瀬,3,50000000,３ＬＤＫ,75,2008年,ＲＣ,,,商業,,,2026年第1四半期,,
中古マンション等,成約価格情報,13221,東京都,清瀬市,元町,清瀬,3,43000000,３ＬＤＫ,75,2004年,ＲＣ,,,商業,,,2026年第1四半期,,
中古マンション等,成約価格情報,13221,東京都,清瀬市,元町,清瀬,4,27000000,１ＬＤＫ,35,2021年,ＲＣ,,,近隣商業,,,2026年第1四半期,,
中古マンション等,成約価格情報,13221,東京都,清瀬市,元町,清瀬,3,41000000,３ＬＤＫ,65,2013年,ＲＣ,,,商業,,,2026年第1四半期,,
中古マンション等,成約価格情報,13221,東京都,清瀬市,中里,清瀬,30分～60分,29000000,３ＬＤＫ,80,2003年,ＲＣ,,,準工業,,,2026年第1四半期,,
中古マンション等,成約価格情報,13221,東京都,清瀬市,中里,清瀬,,3400000,３ＤＫ,55,1973年,ＲＣ,,,１中住専,,,2026年第1四半期,,
中古マンション等,成約価格情報,13221,東京都,清瀬市,中里,清瀬,,4000000,３ＤＫ,60,1973年,ＲＣ,,,１中住専,,,2026年第1四半期,,
中古マンション等,不動産取引価格情報,13221,東京都,清瀬市,旭が丘,清瀬,30分～60分,2400000,２ＤＫ,50,1967年,ＲＣ,住宅,,１中住専,60,200,2026年第1四半期,未改装,
中古マンション等,不動産取引価格情報,13221,東京都,清瀬市,中里,清瀬,30分～60分,14000000,２ＬＤＫ,55,1973年,ＲＣ,住宅,住宅,１中住専,60,200,2026年第1四半期,改装済み,
中古マンション等,不動産取引価格情報,13221,東京都,清瀬市,中里,清瀬,20,4000000,３ＬＤＫ,55,1973年,ＲＣ,住宅,住宅,１中住専,60,200,2026年第1四半期,未改装,
中古マンション等,成約価格情報,13222,東京都,東久留米市,下里,東久留米,,22000000,２ＬＤＫ,55,2007年,ＲＣ,,,２中住専,,,2026年第1四半期,,
中古マンション等,成約価格情報,13222,東京都,東久留米市,浅間町,ひばりケ丘(東京),7,31000000,３ＬＤＫ,80,1983年,ＲＣ,,,１低住専,,,2026年第1四半期,,
中古マンション等,成約価格情報,13222,東京都,東久留米市,大門町,東久留米,8,30000000,２ＬＤＫ＋Ｓ,65,1979年,ＲＣ,,,１中住専,,,2026年第1四半期,,
中古マンション等,成約価格情報,13222,東京都,東久留米市,ひばりが丘団地,ひばりケ丘(東京),19,47000000,３ＬＤＫ,75,2015年,鉄骨造,,,１中住専,,,2026年第1四半期,,
中古マンション等,成約価格情報,13222,東京都,東久留米市,ひばりが丘団地,ひばりケ丘(東京),18,49000000,２ＬＤＫ＋Ｓ,70,2015年,ＲＣ,,,１中住専,,,2026年第1四半期,,
中古マンション等,成約価格情報,13222,東京都,東久留米市,南町,花小金井,30分～60分,15000000,３ＬＤＫ＋Ｓ,75,1984年,ＲＣ,,,１低住専,,,2026年第1四半期,,
中古マンション等,成約価格情報,13222,東京都,東久留米市,学園町,ひばりケ丘(東京),14,47000000,２ＬＤＫ,75,1996年,ＲＣ,,,１中住専,,,2026年第1四半期,,
中古マンション等,成約価格情報,13222,東京都,東久留米市,滝山,花小金井,,7000000,３ＬＤＫ,65,1969年,ＲＣ,,,１中住専,,,2026年第1四半期,,
中古マンション等,成約価格情報,13222,東京都,東久留米市,滝山,花小金井,,9800000,２ＬＤＫ,50,1969年,ＲＣ,,,１中住専,,,2026年第1四半期,,
中古マンション等,成約価格情報,13222,東京都,東久留米市,滝山,花小金井,,7300000,２ＬＤＫ,60,1969年,ＲＣ,,,１中住専,,,2026年第1四半期,,
中古マンション等,成約価格情報,13222,東京都,東久留米市,滝山,花小金井,,7000000,３ＤＫ,60,1969年,ＲＣ,,,１中住専,,,2026年第1四半期,,
中古マンション等,成約価格情報,13222,東京都,東久留米市,滝山,花小金井,,7500000,３ＤＫ,55,1969年,ＲＣ,,,１中住専,,,2026年第1四半期,,
中古マンション等,成約価格情報,13222,東京都,東久留米市,滝山,花小金井,,6900000,３ＬＤＫ,70,1970年,ＲＣ,,,１中住専,,,2026年第1四半期,,
中古マンション等,成約価格情報,13222,東京都,東久留米市,滝山,花小金井,,16000000,２ＬＤＫ,80,1970年,ＲＣ,,,１中住専,,,2026年第1四半期,,
中古マンション等,成約価格情報,13222,東京都,東久留米市,滝山,花小金井,,4500000,３ＬＤＫ,70,1970年,ＲＣ,,,１中住専,,,2026年第1四半期,,
中古マンション等,成約価格情報,13222,東京都,東久留米市,滝山,花小金井,,3700000,３ＤＫ,50,1969年,ＲＣ,,,１中住専,,,2026年第1四半期,,
中古マンション等,成約価格情報,13222,東京都,東久留米市,滝山,花小金井,,7500000,３ＬＤＫ,65,1969年,ＲＣ,,,１中住専,,,2026年第1四半期,,
中古マンション等,成約価格情報,13222,東京都,東久留米市,滝山,花小金井,,7500000,３ＬＤＫ,70,1970年,ＲＣ,,,１中住専,,,2026年第1四半期,,
中古マンション等,成約価格情報,13222,東京都,東久留米市,南沢,ひばりケ丘(東京),,43000000,３ＬＤＫ,95,2003年,ＲＣ,,,１中住専,,,2026年第1四半期,,
中古マンション等,成約価格情報,13222,東京都,東久留米市,南沢,ひばりケ丘(東京),,45000000,３ＬＤＫ＋Ｓ,95,2003年,ＲＣ,,,１中住専,,,2026年第1四半期,,
中古マンション等,成約価格情報,13222,東京都,東久留米市,本町,東久留米,6,57000000,４ＬＤＫ,100,2007年,ＲＣ,,,１種住居,,,2026年第1四半期,,
中古マンション等,成約価格情報,13222,東京都,東久留米市,本町,東久留米,3,45000000,３ＬＤＫ,60,2001年,ＲＣ,,,近隣商業,,,2026年第1四半期,,
中古マンション等,成約価格情報,13222,東京都,東久留米市,本町,東久留米,3,28000000,２ＬＤＫ,60,1997年,ＲＣ,,,近隣商業,,,2026年第1四半期,,
中古マンション等,成約価格情報,13222,東京都,東久留米市,本町,東久留米,,21000000,３ＬＤＫ,65,1981年,鉄骨造,,,近隣商業,,,2026年第1四半期,,
中古マンション等,成約価格情報,13222,東京都,東久留米市,本町,東久留米,2,52000000,３ＬＤＫ,80,1997年,ＳＲＣ,,,商業,,,2026年第1四半期,改装済み,
中古マンション等,成約価格情報,13222,東京都,東久留米市,本町,東久留米,5,51000000,３ＬＤＫ,80,2000年,ＲＣ,,,近隣商業,,,2026年第1四半期,,
中古マンション等,成約価格情報,13222,東京都,東久留米市,前沢,東久留米,,24000000,３ＬＤＫ,65,1997年,ＳＲＣ,,,２種住居,,,2026年第1四半期,,
中古マンション等,成約価格情報,13222,東京都,東久留米市,柳窪,小平,19,23000000,３ＬＤＫ,70,2003年,ＲＣ,,,準工業,,,2026年第1四半期,,
中古マンション等,成約価格情報,13222,東京都,東久留米市,弥生,花小金井,,6400000,２ＬＤＫ,45,1981年,ＲＣ,,,１低住専,,,2026年第1四半期,,
中古マンション等,不動産取引価格情報,13222,東京都,東久留米市,滝山,小平,28,7500000,３ＬＤＫ,65,1969年,ＲＣ,住宅,住宅,１種住居,60,200,2026年第1四半期,未改装,
中古マンション等,不動産取引価格情報,13222,東京都,東久留米市,滝山,花小金井,30分～60分,11000000,３ＬＤＫ,75,1970年,ＲＣ,住宅,住宅,１中住専,60,200,2026年第1四半期,未改装,
中古マンション等,不動産取引価格情報,13222,東京都,東久留米市,ひばりが丘団地,ひばりケ丘(東京),19,41000000,２ＬＤＫ＋Ｓ,65,2015年,ＲＣ,住宅,住宅,１中住専,60,200,2026年第1四半期,未改装,
中古マンション等,不動産取引価格情報,13222,東京都,東久留米市,本町,東久留米,4,45000000,３ＬＤＫ,55,2001年,ＲＣ,住宅,住宅,近隣商業,80,300,2026年第1四半期,改装済み,
中古マンション等,不動産取引価格情報,13222,東京都,東久留米市,前沢,花小金井,20,34000000,３ＬＤＫ,70,1998年,ＲＣ,住宅,住宅,準住居,60,200,2026年第1四半期,改装済み,
中古マンション等,成約価格情報,13224,東京都,多摩市,乞田,京王多摩センター,12,29000000,３ＬＤＫ,70,2006年,ＲＣ,,,準住居,,,2026年第1四半期,,
中古マンション等,成約価格情報,13224,東京都,多摩市,中沢,京王多摩センター,13,26000000,３ＬＤＫ,70,1995年,ＲＣ,,,１中住専,,,2026年第1四半期,,
中古マンション等,成約価格情報,13224,東京都,多摩市,南野,京王多摩センター,,23000000,３ＬＤＫ,75,2008年,ＲＣ,,,２中住専,,,2026年第1四半期,,
中古マンション等,成約価格情報,13224,東京都,多摩市,和田,聖蹟桜ケ丘,18,11000000,３ＬＤＫ,70,1984年,ＲＣ,,,２中住専,,,2026年第1四半期,,
中古マンション等,成約価格情報,13224,東京都,多摩市,落合,京王多摩センター,9,59000000,３ＬＤＫ,105,2005年,ＲＣ,,,商業,,,2026年第1四半期,,
中古マンション等,成約価格情報,13224,東京都,多摩市,落合,京王多摩センター,20,12000000,３ＤＫ,60,1976年,ＲＣ,,,１中住専,,,2026年第1四半期,,
中古マンション等,成約価格情報,13224,東京都,多摩市,落合,京王多摩センター,9,48000000,３ＬＤＫ,85,2007年,ＲＣ,,,２種住居,,,2026年第1四半期,,
中古マンション等,成約価格情報,13224,東京都,多摩市,落合,京王多摩センター,20,13000000,３ＤＫ,60,1976年,ＲＣ,,,１中住専,,,2026年第1四半期,,
中古マンション等,成約価格情報,13224,東京都,多摩市,落合,京王多摩センター,14,14000000,２ＬＤＫ,60,1976年,ＲＣ,,,１中住専,,,2026年第1四半期,,
中古マンション等,成約価格情報,13224,東京都,多摩市,落合,京王多摩センター,13,13000000,３ＤＫ,60,1976年,ＳＲＣ,,,１中住専,,,2026年第1四半期,,
中古マンション等,成約価格情報,13224,東京都,多摩市,落合,京王多摩センター,8,44000000,２ＬＤＫ＋Ｓ,65,2002年,ＲＣ,,,２種住居,,,2026年第1四半期,,
中古マンション等,成約価格情報,13224,東京都,多摩市,落合,京王多摩センター,6,85000000,４ＬＤＫ,85,2017年,ＲＣ,,,商業,,,2026年第1四半期,,
中古マンション等,成約価格情報,13224,東京都,多摩市,落合,京王多摩センター,,21000000,３ＬＤＫ,70,1998年,ＲＣ,,,２中住専,,,2026年第1四半期,,
中古マンション等,成約価格情報,13224,東京都,多摩市,落合,京王多摩センター,,25000000,３ＬＤＫ,85,1984年,ＲＣ,,,１中住専,,,2026年第1四半期,,
中古マンション等,成約価格情報,13224,東京都,多摩市,落合,京王多摩センター,4,73000000,２ＬＤＫ,80,2015年,ＲＣ,,,商業,,,2026年第1四半期,,
中古マンション等,成約価格情報,13224,東京都,多摩市,愛宕,京王永山,21,4800000,２ＬＤＫ,55,1972年,ＲＣ,,,１中住専,,,2026年第1四半期,,
中古マンション等,成約価格情報,13224,東京都,多摩市,愛宕,京王永山,15,12000000,２ＬＤＫ,55,1972年,ＲＣ,,,１中住専,,,2026年第1四半期,,
中古マンション等,成約価格情報,13224,東京都,多摩市,愛宕,京王永山,15,12000000,２ＬＤＫ,65,1972年,ＲＣ,,,１中住専,,,2026年第1四半期,,
中古マンション等,成約価格情報,13224,東京都,多摩市,愛宕,松が谷,7,35000000,４ＬＤＫ,135,1993年,ＲＣ,,,１中住専,,,2026年第1四半期,改装済み,
中古マンション等,成約価格情報,13224,東京都,多摩市,愛宕,京王永山,20,3800000,３ＤＫ,55,1972年,ＲＣ,,,１中住専,,,2026年第1四半期,,
中古マンション等,成約価格情報,13224,東京都,多摩市,一ノ宮,聖蹟桜ケ丘,3,5200000,１Ｋ,20,1985年,ＲＣ,,,商業,,,2026年第1四半期,,
中古マンション等,成約価格情報,13224,東京都,多摩市,一ノ宮,聖蹟桜ケ丘,3,30000000,２ＬＤＫ,55,1984年,ＳＲＣ,,,商業,,,2026年第1四半期,改装済み,
中古マンション等,成約価格情報,13224,東京都,多摩市,一ノ宮,聖蹟桜ケ丘,7,34000000,３ＬＤＫ,65,1986年,ＳＲＣ,,,商業,,,2026年第1四半期,,
中古マンション等,成約価格情報,13224,東京都,多摩市,一ノ宮,聖蹟桜ケ丘,7,53000000,３ＬＤＫ,70,2015年,ＲＣ,,,商業,,,2026年第1四半期,,
中古マンション等,成約価格情報,13224,東京都,多摩市,貝取,京王永山,10,22000000,３ＬＤＫ,80,1985年,ＲＣ,,,２種住居,,,2026年第1四半期,,
中古マンション等,成約価格情報,13224,東京都,多摩市,貝取,京王永山,20,9900000,３ＬＤＫ,75,1983年,ＲＣ,,,１種住居,,,2026年第1四半期,,
中古マンション等,成約価格情報,13224,東京都,多摩市,貝取,京王永山,14,26000000,３ＬＤＫ,90,1987年,鉄骨造,,,１中住専,,,2026年第1四半期,,
中古マンション等,成約価格情報,13224,東京都,多摩市,貝取,京王永山,,13000000,２ＬＤＫ,55,1976年,ＲＣ,,,１中住専,,,2026年第1四半期,,
中古マンション等,成約価格情報,13224,東京都,多摩市,貝取,京王永山,15,29000000,３ＬＤＫ,85,2007年,ＲＣ,,,１中住専,,,2026年第1四半期,,
中古マンション等,成約価格情報,13224,東京都,多摩市,貝取,京王永山,20,19000000,３ＬＤＫ,90,1988年,ＲＣ,,,２中住専,,,2026年第1四半期,,
中古マンション等,成約価格情報,13224,東京都,多摩市,貝取,小田急永山,11,4400000,１Ｒ,20,1991年,ＲＣ,,,準住居,,,2026年第1四半期,,
中古マンション等,成約価格情報,13224,東京都,多摩市,貝取,京王永山,22,12000000,３ＬＤＫ,120,1983年,ＲＣ,,,１種住居,,,2026年第1四半期,,
中古マンション等,成約価格情報,13224,東京都,多摩市,貝取,京王永山,10,14000000,３ＬＤＫ,85,1986年,ＲＣ,,,１中住専,,,2026年第1四半期,,
中古マンション等,成約価格情報,13224,東京都,多摩市,貝取,京王多摩センター,,7000000,２ＬＤＫ,55,1976年,ＲＣ,,,１中住専,,,2026年第1四半期,,
中古マンション等,成約価格情報,13224,東京都,多摩市,貝取,京王永山,9,3600000,１Ｋ,15,1987年,ＲＣ,,,１種住居,,,2026年第1四半期,,
中古マンション等,成約価格情報,13224,東京都,多摩市,貝取,京王永山,15,13000000,３ＬＤＫ,85,1986年,ＲＣ,,,１中住専,,,2026年第1四半期,,
中古マンション等,成約価格情報,13224,東京都,多摩市,貝取,京王多摩センター,22,13000000,３ＬＤＫ,75,1987年,ＲＣ,,,１中住専,,,2026年第1四半期,,
中古マンション等,成約価格情報,13224,東京都,多摩市,関戸,京王永山,14,34000000,３ＬＤＫ,70,2008年,ＲＣ,,,２中住専,,,2026年第1四半期,,
中古マンション等,成約価格情報,13224,東京都,多摩市,関戸,聖蹟桜ケ丘,5,72000000,３ＬＤＫ,70,2022年,ＲＣ,,,２種住居,,,2026年第1四半期,,
中古マンション等,成約価格情報,13224,東京都,多摩市,関戸,聖蹟桜ケ丘,9,40000000,３ＬＤＫ,80,2003年,ＲＣ,,,近隣商業,,,2026年第1四半期,,
中古マンション等,成約価格情報,13224,東京都,多摩市,関戸,聖蹟桜ケ丘,5,60000000,２ＬＤＫ,60,2022年,ＲＣ,,,２種住居,,,2026年第1四半期,,
中古マンション等,成約価格情報,13224,東京都,多摩市,関戸,聖蹟桜ケ丘,4,71000000,２ＬＤＫ,70,2024年,ＲＣ,,,２種住居,,,2026年第1四半期,,
中古マンション等,成約価格情報,13224,東京都,多摩市,関戸,聖蹟桜ケ丘,6,55000000,３ＬＤＫ,65,2022年,ＲＣ,,,商業,,,2026年第1四半期,,
中古マンション等,成約価格情報,13224,東京都,多摩市,関戸,聖蹟桜ケ丘,5,69000000,３ＬＤＫ,70,2022年,ＲＣ,,,２種住居,,,2026年第1四半期,,
中古マンション等,成約価格情報,13224,東京都,多摩市,関戸,聖蹟桜ケ丘,9,38000000,３ＬＤＫ,70,1999年,ＲＣ,,,近隣商業,,,2026年第1四半期,改装済み,
中古マンション等,成約価格情報,13224,東京都,多摩市,関戸,聖蹟桜ケ丘,6,49000000,２ＬＤＫ,55,2022年,ＲＣ,,,商業,,,2026年第1四半期,,
中古マンション等,成約価格情報,13224,東京都,多摩市,関戸,聖蹟桜ケ丘,5,59000000,２ＬＤＫ,60,2022年,ＲＣ,,,２種住居,,,2026年第1四半期,,
中古マンション等,成約価格情報,13224,東京都,多摩市,関戸,聖蹟桜ケ丘,5,60000000,２ＬＤＫ,60,2022年,ＲＣ,,,２種住居,,,2026年第1四半期,,
中古マンション等,成約価格情報,13224,東京都,多摩市,関戸,聖蹟桜ケ丘,5,75000000,３ＬＤＫ,75,2022年,ＲＣ,,,２種住居,,,2026年第1四半期,,
中古マンション等,成約価格情報,13224,東京都,多摩市,関戸,聖蹟桜ケ丘,1,40000000,１Ｒ,85,1984年,ＳＲＣ,,,商業,,,2026年第1四半期,,
中古マンション等,成約価格情報,13224,東京都,多摩市,関戸,聖蹟桜ケ丘,1,49000000,３ＬＤＫ,75,1984年,ＳＲＣ,,,商業,,,2026年第1四半期,,
中古マンション等,成約価格情報,13224,東京都,多摩市,関戸,聖蹟桜ケ丘,7,39000000,３ＬＤＫ,65,2005年,ＲＣ,,,商業,,,2026年第1四半期,,
中古マンション等,成約価格情報,13224,東京都,多摩市,関戸,聖蹟桜ケ丘,8,28000000,４ＬＤＫ,115,1975年,ＲＣ,,,商業,,,2026年第1四半期,,
中古マンション等,成約価格情報,13224,東京都,多摩市,豊ケ丘,小田急多摩センター,18,11000000,３ＬＤＫ,80,1976年,ＲＣ,,,１中住専,,,2026年第1四半期,,
中古マンション等,成約価格情報,13224,東京都,多摩市,豊ケ丘,京王多摩センター,18,18000000,３ＬＤＫ,80,1976年,ＲＣ,,,１中住専,,,2026年第1四半期,,
中古マンション等,成約価格情報,13224,東京都,多摩市,豊ケ丘,小田急多摩センター,15,12000000,３ＬＤＫ,65,1978年,ＲＣ,,,１中住専,,,2026年第1四半期,,
中古マンション等,成約価格情報,13224,東京都,多摩市,豊ケ丘,京王多摩センター,10,2800000,１Ｒ,15,1983年,ＲＣ,,,２中住専,,,2026年第1四半期,,
中古マンション等,成約価格情報,13224,東京都,多摩市,豊ケ丘,京王多摩センター,20,35000000,３ＬＤＫ,85,2003年,ＲＣ,,,１中住専,,,2026年第1四半期,,
中古マンション等,成約価格情報,13224,東京都,多摩市,豊ケ丘,小田急多摩センター,15,6000000,２ＬＤＫ,55,1978年,ＲＣ,,,１中住専,,,2026年第1四半期,,
中古マンション等,成約価格情報,13224,東京都,多摩市,豊ケ丘,小田急多摩センター,7,47000000,３ＬＤＫ,75,2001年,ＲＣ,,,２中住専,,,2026年第1四半期,,
中古マンション等,成約価格情報,13224,東京都,多摩市,豊ケ丘,京王多摩センター,19,24000000,３ＤＫ,60,1995年,ＲＣ,,,２中住専,,,2026年第1四半期,,
中古マンション等,成約価格情報,13224,東京都,多摩市,豊ケ丘,京王多摩センター,12,20000000,４ＬＤＫ,100,1985年,鉄骨造,,,１中住専,,,2026年第1四半期,,
中古マンション等,成約価格情報,13224,東京都,多摩市,豊ケ丘,京王多摩センター,12,24000000,３ＬＤＫ,100,1980年,ＲＣ,,,１中住専,,,2026年第1四半期,,
中古マンション等,成約価格情報,13224,東京都,多摩市,山王下,京王多摩センター,7,3900000,１Ｒ,15,1984年,ＳＲＣ,,,近隣商業,,,2026年第1四半期,,
中古マンション等,成約価格情報,13224,東京都,多摩市,山王下,京王多摩センター,5,28000000,２ＬＤＫ＋Ｓ,60,1995年,ＲＣ,,,近隣商業,,,2026年第1四半期,,
中古マンション等,成約価格情報,13224,東京都,多摩市,諏訪,京王永山,14,38000000,３ＬＤＫ,80,2015年,ＲＣ,,,２種住居,,,2026年第1四半期,,
中古マンション等,成約価格情報,13224,東京都,多摩市,諏訪,京王永山,8,63000000,４ＬＤＫ,90,2013年,ＲＣ,,,１中住専,,,2026年第1四半期,,
中古マンション等,成約価格情報,13224,東京都,多摩市,諏訪,京王永山,9,52000000,３ＬＤＫ,80,2013年,ＲＣ,,,１中住専,,,2026年第1四半期,,
中古マンション等,成約価格情報,13224,東京都,多摩市,諏訪,京王永山,4,38000000,３ＬＤＫ,100,1986年,ＳＲＣ,,,１中住専,,,2026年第1四半期,,
中古マンション等,成約価格情報,13224,東京都,多摩市,諏訪,小田急永山,7,56000000,３ＬＤＫ,85,2013年,ＲＣ,,,１中住専,,,2026年第1四半期,,
中古マンション等,成約価格情報,13224,東京都,多摩市,諏訪,小田急永山,10,54000000,３ＬＤＫ,75,2013年,ＲＣ,,,１中住専,,,2026年第1四半期,,
中古マンション等,成約価格情報,13224,東京都,多摩市,鶴牧,唐木田,16,28000000,４ＬＤＫ＋Ｓ,120,1982年,ＲＣ,,,１中住専,,,2026年第1四半期,,
中古マンション等,成約価格情報,13224,東京都,多摩市,鶴牧,京王多摩センター,13,23000000,３ＬＤＫ,80,1983年,ＲＣ,,,１中住専,,,2026年第1四半期,,
中古マンション等,成約価格情報,13224,東京都,多摩市,鶴牧,京王多摩センター,5,38000000,２ＬＤＫ,65,2006年,ＲＣ,,,近隣商業,,,2026年第1四半期,,
中古マンション等,成約価格情報,13224,東京都,多摩市,鶴牧,京王多摩センター,12,55000000,３ＬＤＫ,80,2017年,ＲＣ,,,２種住居,,,2026年第1四半期,,
中古マンション等,成約価格情報,13224,東京都,多摩市,鶴牧,小田急多摩センター,9,64000000,３ＬＤＫ,70,2024年,ＲＣ,,,商業,,,2026年第1四半期,,
中古マンション等,成約価格情報,13224,東京都,多摩市,鶴牧,京王多摩センター,9,60000000,３ＬＤＫ,65,2024年,ＲＣ,,,商業,,,2026年第1四半期,,
中古マンション等,成約価格情報,13224,東京都,多摩市,鶴牧,京王多摩センター,5,65000000,４ＬＤＫ,115,2004年,ＳＲＣ,,,近隣商業,,,2026年第1四半期,,
中古マンション等,成約価格情報,13224,東京都,多摩市,鶴牧,唐木田,19,21000000,４ＬＤＫ,95,1982年,ＲＣ,,,１中住専,,,2026年第1四半期,,
中古マンション等,成約価格情報,13224,東京都,多摩市,鶴牧,多摩センター,4,55000000,４ＬＤＫ,95,2004年,ＳＲＣ,,,近隣商業,,,2026年第1四半期,,
中古マンション等,成約価格情報,13224,東京都,多摩市,鶴牧,京王多摩センター,12,52000000,３ＬＤＫ,80,2017年,ＲＣ,,,２種住居,,,2026年第1四半期,,
中古マンション等,成約価格情報,13224,東京都,多摩市,鶴牧,唐木田,7,22000000,３ＬＤＫ,90,1990年,ＲＣ,,,１中住専,,,2026年第1四半期,,
中古マンション等,成約価格情報,13224,東京都,多摩市,永山,京王永山,5,35000000,１Ｒ,75,1996年,ＲＣ,,,２中住専,,,2026年第1四半期,,
中古マンション等,成約価格情報,13224,東京都,多摩市,永山,京王永山,15,22000000,３ＬＤＫ,80,1980年,ＲＣ,,,１中住専,,,2026年第1四半期,,
中古マンション等,成約価格情報,13224,東京都,多摩市,永山,京王永山,22,18000000,４ＬＤＫ,100,1981年,ＲＣ,,,１低住専,,,2026年第1四半期,,
中古マンション等,成約価格情報,13224,東京都,多摩市,永山,京王永山,9,26000000,２ＬＤＫ,65,1993年,ＳＲＣ,,,準住居,,,2026年第1四半期,,
中古マンション等,成約価格情報,13224,東京都,多摩市,永山,小田急永山,12,42000000,２ＬＤＫ,80,1999年,ＲＣ,,,２中住専,,,2026年第1四半期,,
中古マンション等,成約価格情報,13224,東京都,多摩市,聖ケ丘,小田急永山,16,18000000,３ＬＤＫ,85,1984年,ＲＣ,,,１中住専,,,2026年第1四半期,,
中古マンション等,成約価格情報,13224,東京都,多摩市,連光寺,聖蹟桜ケ丘,15,10000000,２ＤＫ,45,1988年,ＲＣ,,,２中住専,,,2026年第1四半期,,
中古マンション等,成約価格情報,13224,東京都,多摩市,連光寺,聖蹟桜ケ丘,22,15000000,１ＬＤＫ,60,1992年,ＲＣ,,,１中住専,,,2026年第1四半期,,
中古マンション等,成約価格情報,13224,東京都,多摩市,連光寺,聖蹟桜ケ丘,25,24000000,３ＬＤＫ,70,2001年,ＲＣ,,,１中住専,,,2026年第1四半期,,
中古マンション等,成約価格情報,13224,東京都,多摩市,連光寺,京王永山,18,24000000,２ＬＤＫ＋Ｓ,75,1999年,ＲＣ,,,１中住専,,,2026年第1四半期,,
中古マンション等,成約価格情報,13224,東京都,多摩市,連光寺,京王永山,20,25000000,３ＬＤＫ,65,1999年,ＲＣ,,,１中住専,,,2026年第1四半期,改装済み,
中古マンション等,成約価格情報,13224,東京都,多摩市,連光寺,京王永山,21,26000000,３ＬＤＫ,75,1998年,ＲＣ,,,１中住専,,,2026年第1四半期,,
中古マンション等,成約価格情報,13224,東京都,多摩市,連光寺,聖蹟桜ケ丘,11,66000000,４ＬＤＫ,115,2007年,ＲＣ,,,２種住居,,,2026年第1四半期,改装済み,
中古マンション等,成約価格情報,13225,東京都,稲城市,平尾,新百合ケ丘,,5300000,２ＬＤＫ,55,1971年,ＲＣ,,,１中住専,,,2026年第1四半期,,
中古マンション等,成約価格情報,13225,東京都,稲城市,平尾,新百合ケ丘,,8000000,３ＤＫ,55,1971年,ＲＣ,,,１中住専,,,2026年第1四半期,,
中古マンション等,成約価格情報,13225,東京都,稲城市,平尾,新百合ケ丘,15,23000000,３ＬＤＫ,70,2009年,ＲＣ,,,１低住専,,,2026年第1四半期,,
中古マンション等,成約価格情報,13225,東京都,稲城市,平尾,新百合ケ丘,,7800000,２ＬＤＫ,55,1971年,ＲＣ,,,１中住専,,,2026年第1四半期,,
中古マンション等,成約価格情報,13225,東京都,稲城市,平尾,新百合ケ丘,16,30000000,３ＬＤＫ,65,2006年,ＲＣ,,,２中住専,,,2026年第1四半期,,
中古マンション等,成約価格情報,13225,東京都,稲城市,向陽台,南多摩,10,29000000,３ＬＤＫ,95,2006年,ＲＣ,,,１中住専,,,2026年第1四半期,,
中古マンション等,成約価格情報,13225,東京都,稲城市,向陽台,若葉台,,25000000,３ＬＤＫ,85,1998年,ＲＣ,,,１中住専,,,2026年第1四半期,,
中古マンション等,成約価格情報,13225,東京都,稲城市,向陽台,南多摩,11,33000000,３ＬＤＫ,95,2006年,ＲＣ,,,１中住専,,,2026年第1四半期,,
中古マンション等,成約価格情報,13225,東京都,稲城市,大丸,稲城長沼,5,19000000,３ＬＤＫ,65,1979年,ＲＣ,,,準工業,,,2026年第1四半期,,
中古マンション等,成約価格情報,13225,東京都,稲城市,大丸,稲城長沼,9,22000000,２ＬＤＫ,65,1974年,ＳＲＣ,,,準住居,,,2026年第1四半期,,
中古マンション等,成約価格情報,13225,東京都,稲城市,大丸,稲城長沼,9,26000000,３ＬＤＫ,70,1974年,ＲＣ,,,準工業,,,2026年第1四半期,,
中古マンション等,成約価格情報,13225,東京都,稲城市,押立,矢野口,15,4800000,２ＤＫ,40,1981年,鉄骨造,,,準工業,,,2026年第1四半期,,
中古マンション等,成約価格情報,13225,東京都,稲城市,押立,矢野口,5,37000000,３ＬＤＫ,70,1996年,ＲＣ,,,２中住専,,,2026年第1四半期,,
中古マンション等,成約価格情報,13225,東京都,稲城市,長峰,稲城,,20000000,３ＬＤＫ,125,1996年,ＲＣ,,,１中住専,,,2026年第1四半期,,
中古マンション等,成約価格情報,13225,東京都,稲城市,長峰,若葉台,,26000000,４ＬＤＫ,110,1996年,ＲＣ,,,１中住専,,,2026年第1四半期,,
中古マンション等,成約価格情報,13225,東京都,稲城市,長峰,若葉台,,26000000,４ＬＤＫ,100,1995年,ＲＣ,,,１中住専,,,2026年第1四半期,,
中古マンション等,成約価格情報,13225,東京都,稲城市,東長沼,稲城長沼,9,39000000,４ＬＤＫ,75,2014年,ＲＣ,,,２中住専,,,2026年第1四半期,,
中古マンション等,成約価格情報,13225,東京都,稲城市,東長沼,稲城,9,55000000,３ＬＤＫ＋Ｓ,90,2016年,ＲＣ,,,１中住専,,,2026年第1四半期,,
中古マンション等,成約価格情報,13225,東京都,稲城市,東長沼,稲城,6,69000000,４ＬＤＫ,95,2016年,ＲＣ,,,１中住専,,,2026年第1四半期,,
中古マンション等,成約価格情報,13225,東京都,稲城市,東長沼,稲城,4,44000000,２ＬＤＫ＋Ｓ,75,1998年,ＳＲＣ,,,近隣商業,,,2026年第1四半期,,
中古マンション等,成約価格情報,13225,東京都,稲城市,東長沼,稲城,6,56000000,３ＬＤＫ,80,2016年,ＲＣ,,,１中住専,,,2026年第1四半期,,
中古マンション等,成約価格情報,13225,東京都,稲城市,東長沼,稲城,3,37000000,２ＬＤＫ,60,1996年,ＳＲＣ,,,近隣商業,,,2026年第1四半期,,
中古マンション等,成約価格情報,13225,東京都,稲城市,東長沼,稲城,6,57000000,３ＬＤＫ,80,2016年,ＲＣ,,,１中住専,,,2026年第1四半期,,
中古マンション等,成約価格情報,13225,東京都,稲城市,百村,稲城,1,37000000,３ＬＤＫ,70,1997年,ＳＲＣ,,,近隣商業,,,2026年第1四半期,,
中古マンション等,成約価格情報,13225,東京都,稲城市,矢野口,矢野口,4,34000000,３ＬＤＫ,70,2005年,ＲＣ,,,近隣商業,,,2026年第1四半期,,
中古マンション等,成約価格情報,13225,東京都,稲城市,矢野口,京王よみうりランド,13,39000000,３ＬＤＫ,75,2005年,ＲＣ,,,準住居,,,2026年第1四半期,,
中古マンション等,成約価格情報,13225,東京都,稲城市,矢野口,京王よみうりランド,2,39000000,３ＬＤＫ,70,2005年,ＲＣ,,,近隣商業,,,2026年第1四半期,,
中古マンション等,成約価格情報,13225,東京都,稲城市,矢野口,矢野口,4,15000000,１Ｋ,50,1978年,ＳＲＣ,,,準住居,,,2026年第1四半期,,
中古マンション等,成約価格情報,13225,東京都,稲城市,矢野口,京王よみうりランド,1,40000000,３ＬＤＫ,80,1995年,ＲＣ,,,近隣商業,,,2026年第1四半期,,
中古マンション等,成約価格情報,13225,東京都,稲城市,矢野口,矢野口,4,40000000,３ＬＤＫ,70,2005年,ＲＣ,,,近隣商業,,,2026年第1四半期,,
中古マンション等,成約価格情報,13225,東京都,稲城市,矢野口,矢野口,7,35000000,３ＬＤＫ,65,1997年,ＲＣ,,,２中住専,,,2026年第1四半期,改装済み,
中古マンション等,成約価格情報,13225,東京都,稲城市,矢野口,京王よみうりランド,7,52000000,３ＬＤＫ,75,2008年,ＲＣ,,,準工業,,,2026年第1四半期,,
中古マンション等,成約価格情報,13225,東京都,稲城市,若葉台,若葉台,18,40000000,３ＬＤＫ,90,1999年,ＲＣ,,,１中住専,,,2026年第1四半期,改装済み,
中古マンション等,成約価格情報,13225,東京都,稲城市,若葉台,若葉台,5,68000000,３ＬＤＫ,95,2015年,ＲＣ,,,１種住居,,,2026年第1四半期,,
中古マンション等,成約価格情報,13225,東京都,稲城市,若葉台,若葉台,5,62000000,４ＬＤＫ＋Ｓ,105,2003年,ＲＣ,,,２中住専,,,2026年第1四半期,,
中古マンション等,成約価格情報,13225,東京都,稲城市,若葉台,若葉台,11,50000000,３ＬＤＫ,95,2001年,ＲＣ,,,２中住専,,,2026年第1四半期,,
中古マンション等,成約価格情報,13225,東京都,稲城市,若葉台,若葉台,3,63000000,４ＬＤＫ,110,2003年,ＲＣ,,,２中住専,,,2026年第1四半期,,
中古マンション等,不動産取引価格情報,13225,東京都,稲城市,東長沼,稲城,3,45000000,３ＬＤＫ,65,1996年,ＳＲＣ,,住宅,近隣商業,80,400,2026年第1四半期,改装済み,
中古マンション等,不動産取引価格情報,13225,東京都,稲城市,東長沼,稲城長沼,4,5300000,２ＤＫ,35,1984年,鉄骨造,,住宅,近隣商業,80,300,2026年第1四半期,未改装,
中古マンション等,不動産取引価格情報,13225,東京都,稲城市,東長沼,稲城長沼,7,40000000,３ＬＤＫ,60,2015年,ＲＣ,住宅,住宅,準住居,60,300,2026年第1四半期,改装済み,
中古マンション等,成約価格情報,13227,東京都,羽村市,五ノ神,羽村,12,14000000,２ＬＤＫ,55,1994年,ＲＣ,,,１中住専,,,2026年第1四半期,,
中古マンション等,成約価格情報,13227,東京都,羽村市,五ノ神,羽村,4,16000000,３ＬＤＫ,60,1994年,ＲＣ,,,近隣商業,,,2026年第1四半期,,
中古マンション等,成約価格情報,13227,東京都,羽村市,五ノ神,羽村,2,12000000,３ＤＫ,60,1994年,ＳＲＣ,,,近隣商業,,,2026年第1四半期,,
中古マンション等,成約価格情報,13227,東京都,羽村市,五ノ神,羽村,2,18000000,２ＬＤＫ＋Ｓ,60,1994年,ＲＣ,,,近隣商業,,,2026年第1四半期,,
中古マンション等,成約価格情報,13227,東京都,羽村市,神明台,羽村,12,6500000,３ＤＫ,50,1981年,ＲＣ,,,１中住専,,,2026年第1四半期,,
中古マンション等,成約価格情報,13227,東京都,羽村市,神明台,羽村,11,35000000,４ＬＤＫ,95,2011年,ＲＣ,,,準工業,,,2026年第1四半期,,
中古マンション等,成約価格情報,13227,東京都,羽村市,神明台,羽村,11,34000000,３ＬＤＫ,95,2011年,ＲＣ,,,準工業,,,2026年第1四半期,,
中古マンション等,不動産取引価格情報,13227,東京都,羽村市,栄町,小作,18,18000000,３ＬＤＫ,65,2000年,ＲＣ,住宅,住宅,１中住専,60,200,2026年第1四半期,未改装,
中古マンション等,不動産取引価格情報,13227,東京都,羽村市,神明台,東青梅,26,19000000,３ＬＤＫ,80,2003年,ＲＣ,住宅,住宅,１中住専,60,200,2026年第1四半期,未改装,
中古マンション等,不動産取引価格情報,13227,東京都,羽村市,玉川,羽村,16,18000000,３ＬＤＫ,65,2006年,ＲＣ,,住宅,１種住居,60,200,2026年第1四半期,未改装,
中古マンション等,成約価格情報,13228,東京都,あきる野市,二宮,東秋留,17,9800000,２ＬＤＫ,65,1976年,ＲＣ,,,１中住専,,,2026年第1四半期,,
中古マンション等,成約価格情報,13228,東京都,あきる野市,秋川,秋川,2,16000000,３ＬＤＫ,65,1997年,ＲＣ,,,準住居,,,2026年第1四半期,,
中古マンション等,成約価格情報,13229,東京都,西東京市,栄町,ひばりケ丘(東京),9,38000000,４ＬＤＫ,85,2007年,ＲＣ,,,１中住専,,,2026年第1四半期,,
中古マンション等,成約価格情報,13229,東京都,西東京市,住吉町,ひばりケ丘(東京),2,120000000,３ＬＤＫ,80,2009年,ＳＲＣ,,,近隣商業,,,2026年第1四半期,,
中古マンション等,成約価格情報,13229,東京都,西東京市,田無町,田無,8,68000000,３ＬＤＫ,80,2018年,ＲＣ,,,工業,,,2026年第1四半期,,
中古マンション等,成約価格情報,13229,東京都,西東京市,田無町,田無,5,50000000,３ＬＤＫ,65,2005年,ＲＣ,,,１種住居,,,2026年第1四半期,,
中古マンション等,成約価格情報,13229,東京都,西東京市,田無町,田無,7,42000000,３ＬＤＫ,60,2014年,ＲＣ,,,近隣商業,,,2026年第1四半期,,
中古マンション等,成約価格情報,13229,東京都,西東京市,田無町,田無,8,33000000,３ＬＤＫ,70,1997年,ＲＣ,,,近隣商業,,,2026年第1四半期,,
中古マンション等,成約価格情報,13229,東京都,西東京市,田無町,田無,6,25000000,１ＬＤＫ＋Ｓ,50,1973年,ＳＲＣ,,,商業,,,2026年第1四半期,,
中古マンション等,成約価格情報,13229,東京都,西東京市,田無町,田無,5,11000000,２ＬＤＫ,50,1974年,ＲＣ,,,商業,,,2026年第1四半期,,
中古マンション等,成約価格情報,13229,東京都,西東京市,田無町,田無,10,64000000,３ＬＤＫ,75,2014年,ＲＣ,,,１種住居,,,2026年第1四半期,,
中古マンション等,成約価格情報,13229,東京都,西東京市,田無町,田無,6,6500000,２ＬＤＫ,50,1974年,ＲＣ,,,商業,,,2026年第1四半期,,
中古マンション等,成約価格情報,13229,東京都,西東京市,田無町,田無,12,25000000,３ＬＤＫ,70,1997年,ＲＣ,,,準住居,,,2026年第1四半期,,
中古マンション等,成約価格情報,13229,東京都,西東京市,田無町,田無,8,31000000,２ＬＤＫ,55,2010年,ＲＣ,,,近隣商業,,,2026年第1四半期,改装済み,
中古マンション等,成約価格情報,13229,東京都,西東京市,中町,保谷,14,45000000,３ＬＤＫ,80,2008年,ＲＣ,,,１低住専,,,2026年第1四半期,,
中古マンション等,成約価格情報,13229,東京都,西東京市,中町,東伏見,14,29000000,３ＬＤＫ,70,1994年,ＲＣ,,,１低住専,,,2026年第1四半期,,
中古マンション等,成約価格情報,13229,東京都,西東京市,東町,保谷,3,74000000,３ＬＤＫ,75,2019年,ＲＣ,,,２中住専,,,2026年第1四半期,,
中古マンション等,成約価格情報,13229,東京都,西東京市,東町,保谷,10,61000000,３ＬＤＫ,75,2021年,ＲＣ,,,１中住専,,,2026年第1四半期,,
中古マンション等,成約価格情報,13229,東京都,西東京市,東町,保谷,3,69000000,３ＬＤＫ,70,2019年,ＲＣ,,,１中住専,,,2026年第1四半期,,
中古マンション等,成約価格情報,13229,東京都,西東京市,ひばりが丘北,ひばりケ丘(東京),4,57000000,２ＬＤＫ,65,2019年,ＲＣ,,,近隣商業,,,2026年第1四半期,,
中古マンション等,成約価格情報,13229,東京都,西東京市,ひばりが丘北,ひばりケ丘(東京),2,14000000,１Ｒ,20,1984年,ＲＣ,,,商業,,,2026年第1四半期,,
中古マンション等,成約価格情報,13229,東京都,西東京市,保谷町,西武柳沢,10,24000000,３ＬＤＫ,80,1977年,ＲＣ,,,１中住専,,,2026年第1四半期,,
中古マンション等,成約価格情報,13229,東京都,西東京市,保谷町,田無,11,72000000,３ＬＤＫ,75,2025年,ＲＣ,,,１低住専,,,2026年第1四半期,,
中古マンション等,成約価格情報,13229,東京都,西東京市,柳沢,西武柳沢,5,29000000,２ＬＤＫ,65,2000年,ＲＣ,,,１低住専,,,2026年第1四半期,,
中古マンション等,成約価格情報,13229,東京都,西東京市,柳沢,西武柳沢,6,46000000,３ＬＤＫ,70,2006年,ＲＣ,,,準工業,,,2026年第1四半期,改装済み,
中古マンション等,成約価格情報,13229,東京都,西東京市,泉町,保谷,11,36000000,３ＬＤＫ,75,1983年,ＲＣ,,,準工業,,,2026年第1四半期,,
中古マンション等,成約価格情報,13229,東京都,西東京市,北原町,田無,13,21000000,３ＬＤＫ,65,1985年,ＲＣ,,,１中住専,,,2026年第1四半期,,
中古マンション等,成約価格情報,13229,東京都,西東京市,芝久保町,田無,15,41000000,３ＬＤＫ,75,2007年,ＲＣ,,,１中住専,,,2026年第1四半期,,
中古マンション等,成約価格情報,13229,東京都,西東京市,芝久保町,田無,14,39000000,３ＬＤＫ,70,2006年,ＲＣ,,,１中住専,,,2026年第1四半期,,
中古マンション等,成約価格情報,13229,東京都,西東京市,芝久保町,田無,20,26000000,３ＬＤＫ,65,2007年,ＲＣ,,,準工業,,,2026年第1四半期,,
中古マンション等,成約価格情報,13229,東京都,西東京市,芝久保町,田無,17,53000000,３ＬＤＫ,100,2006年,ＲＣ,,,準工業,,,2026年第1四半期,,
中古マンション等,成約価格情報,13229,東京都,西東京市,芝久保町,田無,19,11000000,３ＤＫ,60,1974年,ＳＲＣ,,,１種住居,,,2026年第1四半期,,
中古マンション等,成約価格情報,13229,東京都,西東京市,芝久保町,田無,16,18000000,３ＬＤＫ,55,1980年,ＲＣ,,,準工業,,,2026年第1四半期,,
中古マンション等,成約価格情報,13229,東京都,西東京市,芝久保町,田無,13,49000000,３ＬＤＫ,70,2008年,ＲＣ,,,準工業,,,2026年第1四半期,改装済み,
中古マンション等,成約価格情報,13229,東京都,西東京市,西原町,田無,,14000000,３ＬＤＫ,75,1982年,ＲＣ,,,１中住専,,,2026年第1四半期,,
中古マンション等,成約価格情報,13229,東京都,西東京市,西原町,田無,7,23000000,１Ｋ,30,2015年,ＲＣ,,,商業,,,2026年第1四半期,,
中古マンション等,成約価格情報,13229,東京都,西東京市,西原町,田無,18,24000000,３ＬＤＫ,75,1995年,ＲＣ,,,１中住専,,,2026年第1四半期,,
中古マンション等,成約価格情報,13229,東京都,西東京市,西原町,田無,8,48000000,３ＬＤＫ,75,2009年,ＲＣ,,,近隣商業,,,2026年第1四半期,,
中古マンション等,成約価格情報,13229,東京都,西東京市,東伏見,東伏見,8,14000000,１Ｋ,25,2006年,ＲＣ,,,商業,,,2026年第1四半期,,
中古マンション等,成約価格情報,13229,東京都,西東京市,向台町,田無,15,35000000,３ＬＤＫ,65,1993年,ＲＣ,,,１中住専,,,2026年第1四半期,,
中古マンション等,成約価格情報,13229,東京都,西東京市,新町,田無,18,40000000,３ＬＤＫ,60,2011年,ＲＣ,,,近隣商業,,,2026年第1四半期,,
中古マンション等,成約価格情報,13229,東京都,西東京市,ひばりが丘,ひばりケ丘(東京),22,50000000,４ＬＤＫ,80,2018年,ＲＣ,,,１中住専,,,2026年第1四半期,,
中古マンション等,成約価格情報,13229,東京都,西東京市,ひばりが丘,ひばりケ丘(東京),,37000000,４ＬＤＫ,90,2002年,ＲＣ,,,１中住専,,,2026年第1四半期,,
中古マンション等,成約価格情報,13229,東京都,西東京市,ひばりが丘,ひばりケ丘(東京),10,42000000,４ＬＤＫ,85,2010年,ＳＲＣ,,,１種住居,,,2026年第1四半期,,
中古マンション等,成約価格情報,13229,東京都,西東京市,ひばりが丘,ひばりケ丘(東京),20,48000000,３ＬＤＫ,70,2017年,ＲＣ,,,１中住専,,,2026年第1四半期,,
中古マンション等,成約価格情報,13229,東京都,西東京市,ひばりが丘,ひばりケ丘(東京),23,50000000,３ＬＤＫ,75,2018年,ＲＣ,,,１中住専,,,2026年第1四半期,,
中古マンション等,成約価格情報,13229,東京都,西東京市,ひばりが丘,ひばりケ丘(東京),,50000000,３ＬＤＫ,90,2003年,ＲＣ,,,１低住専,,,2026年第1四半期,改装済み,
中古マンション等,成約価格情報,13229,東京都,西東京市,富士町,東伏見,11,53000000,３ＬＤＫ,75,2020年,ＲＣ,,,準住居,,,2026年第1四半期,,
中古マンション等,成約価格情報,13229,東京都,西東京市,富士町,東伏見,10,53000000,３ＬＤＫ,75,2020年,ＲＣ,,,１低住専,,,2026年第1四半期,,
中古マンション等,成約価格情報,13229,東京都,西東京市,富士町,西武柳沢,9,51000000,３ＬＤＫ,70,2020年,ＲＣ,,,１中住専,,,2026年第1四半期,,
中古マンション等,成約価格情報,13229,東京都,西東京市,富士町,東伏見,9,44000000,４ＬＤＫ,85,2005年,ＲＣ,,,１低住専,,,2026年第1四半期,,
中古マンション等,成約価格情報,13229,東京都,西東京市,南町,田無,8,44000000,３ＬＤＫ,65,2014年,ＲＣ,,,１種住居,,,2026年第1四半期,,
中古マンション等,成約価格情報,13229,東京都,西東京市,南町,田無,14,24000000,３ＬＤＫ＋Ｓ,100,1981年,ＳＲＣ,,,準工業,,,2026年第1四半期,,
中古マンション等,成約価格情報,13229,東京都,西東京市,南町,田無,13,30000000,３ＬＤＫ,80,1981年,ＳＲＣ,,,１中住専,,,2026年第1四半期,,
中古マンション等,成約価格情報,13229,東京都,西東京市,谷戸町,ひばりケ丘(東京),3,44000000,１ＬＤＫ,65,1997年,ＳＲＣ,,,商業,,,2026年第1四半期,,
中古マンション等,成約価格情報,13229,東京都,西東京市,谷戸町,ひばりケ丘(東京),12,66000000,３ＬＤＫ,85,2004年,ＳＲＣ,,,工業,,,2026年第1四半期,改装済み,
中古マンション等,成約価格情報,13229,東京都,西東京市,谷戸町,ひばりケ丘(東京),11,34000000,３ＬＤＫ,75,2000年,ＲＣ,,,工業,,,2026年第1四半期,,
中古マンション等,成約価格情報,13229,東京都,西東京市,谷戸町,ひばりケ丘(東京),10,65000000,３ＬＤＫ,70,2018年,ＲＣ,,,１中住専,,,2026年第1四半期,,
中古マンション等,成約価格情報,13229,東京都,西東京市,谷戸町,ひばりケ丘(東京),12,43000000,２ＬＤＫ,80,2004年,ＲＣ,,,工業,,,2026年第1四半期,,
中古マンション等,成約価格情報,13229,東京都,西東京市,谷戸町,ひばりケ丘(東京),10,60000000,３ＬＤＫ,80,2003年,ＳＲＣ,,,１中住専,,,2026年第1四半期,,
中古マンション等,成約価格情報,13229,東京都,西東京市,谷戸町,ひばりケ丘(東京),4,50000000,３ＬＤＫ,65,2000年,ＲＣ,,,商業,,,2026年第1四半期,,
中古マンション等,成約価格情報,13229,東京都,西東京市,谷戸町,ひばりケ丘(東京),10,44000000,２ＬＤＫ＋Ｓ,75,2003年,ＲＣ,,,１中住専,,,2026年第1四半期,,
中古マンション等,不動産取引価格情報,13229,東京都,西東京市,住吉町,ひばりケ丘(東京),2,120000000,３ＬＤＫ,75,2009年,ＲＣ,住宅,住宅,近隣商業,80,400,2026年第1四半期,未改装,
中古マンション等,不動産取引価格情報,13229,東京都,西東京市,ひばりが丘,ひばりケ丘(東京),21,50000000,４ＬＤＫ,75,2018年,ＲＣ,住宅,住宅,１中住専,60,200,2026年第1四半期,未改装,
中古マンション等,不動産取引価格情報,13229,東京都,西東京市,谷戸町,ひばりケ丘(東京),11,54000000,４ＬＤＫ,75,2014年,ＲＣ,住宅,住宅,１中住専,60,200,2026年第1四半期,未改装,
中古マンション等,不動産取引価格情報,13229,東京都,西東京市,谷戸町,ひばりケ丘(東京),17,65000000,３ＬＤＫ,85,2003年,ＳＲＣ、ＲＣ,住宅,住宅,工業,60,200,2026年第1四半期,改装済み,
